threshold,model_id,biological_unit_id,measurement_batch_count,subject_mean_spearman,subject_mean_mae,subject_mean_rmse
5,SEQUENCE_RIDGE_FULL,001-0010,145,0.13569323582880097,0.2605767848429433,0.30041396400897125
5,SEQUENCE_RIDGE_FULL,001-0018,145,0.04083465390350062,0.2648928097076184,0.30718373863247994
5,SEQUENCE_RIDGE_FULL,001-0025,139,0.180618278861752,0.25103652070957533,0.29647826691442514
5,SEQUENCE_RIDGE_FULL,001-0031,128,0.03040921858579158,0.2643002430357421,0.3094773968393634
5,SEQUENCE_RIDGE_FULL,001-0033,142,0.08720501204830199,0.2620486455268872,0.3034458019199298
5,SEQUENCE_RIDGE_FULL,001-0035,138,0.07898875021212534,0.26264108794820124,0.30455704874304523
5,SEQUENCE_RIDGE_FULL,001-0040,146,0.06118268168830885,0.26003562947277636,0.30479923267100717
5,SEQUENCE_RIDGE_FULL,001-0041,139,0.1329618619618947,0.25786337885468535,0.30126270304495856
5,SEQUENCE_RIDGE_FULL,001-0044,133,0.10136646233799933,0.26178853747936326,0.3030159320341702
5,SEQUENCE_RIDGE_FULL,001-0048,135,0.06272985743999289,0.2621457503290109,0.3061054146023218
5,SEQUENCE_RIDGE_FULL,001-0051,156,-0.02625187905074053,0.26748612040149605,0.3112795731208436
5,SEQUENCE_RIDGE_FULL,001-0052,131,0.10588578983740275,0.25780174220568364,0.3029601797183357
5,SEQUENCE_RIDGE_FULL,001-0057,139,-0.0039071608014224,0.2649422664181978,0.30966399275217193
5,SEQUENCE_RIDGE_FULL,001-0060,136,0.1592641618852114,0.26282458754079824,0.2993144123069324
5,SEQUENCE_RIDGE_FULL,001-0061,116,0.14485187043536135,0.26237021376634617,0.3034643875489619
5,SEQUENCE_RIDGE_FULL,001-0062,133,0.05063045073068999,0.261491870329935,0.3078735069767532
5,SEQUENCE_RIDGE_FULL,001-0066,137,0.12670858305543903,0.26273687642106164,0.30246934394313973
5,SEQUENCE_RIDGE_FULL,001-0068,115,0.19759528168037624,0.2549948142322809,0.2984017576410313
5,SEQUENCE_RIDGE_FULL,003-0004,53,-0.24486709369062307,0.30802657060935823,0.3538357119347174
5,SEQUENCE_RIDGE_FULL,003-0006,130,0.07355798576291936,0.2651191159140366,0.306028908500834
5,SEQUENCE_RIDGE_FULL,004-0003,133,0.15115135100973937,0.25706720697603064,0.29988528178567847
5,SEQUENCE_RIDGE_FULL,005-0002,115,0.20034526547753803,0.2535969308971232,0.29803128460673134
5,SEQUENCE_RIDGE_FULL,005-0018,159,0.13732328850237635,0.25679047506521135,0.2983761212102488
5,SEQUENCE_RIDGE_FULL,005-0019,134,0.08269953882333651,0.2635864307351637,0.3049332395216443
5,SEQUENCE_RIDGE_FULL,005-0020,82,-0.052689739927591586,0.2797161425596836,0.32392493180591625
5,SEQUENCE_RIDGE_FULL,005-0024,113,-0.06691741946627874,0.2788502241785076,0.3204803073286551
5,SEQUENCE_RIDGE_FULL,005-0029,138,0.1547352943500624,0.25938073162694386,0.29933406797887835
5,SEQUENCE_RIDGE_FULL,005-0032,140,0.051304553222473716,0.2623134684013121,0.30634108626371565
5,SEQUENCE_RIDGE_FULL,005-0033,133,0.12074746295239655,0.2641971356385211,0.30304673975563223
5,SEQUENCE_RIDGE_FULL,005-0041,144,0.17113535736875396,0.2575450853652792,0.2965736777169593
5,SEQUENCE_RIDGE_FULL,005-0051,141,0.09641029715556967,0.26114521585607997,0.3031638946209224
5,SEQUENCE_RIDGE_FULL,005-0056,120,0.06788369149409798,0.26336647622058307,0.30618955894768035
5,SEQUENCE_RIDGE_FULL,007-0003,128,-0.0027688647404998878,0.2674244009096204,0.3111192840174297
5,SEQUENCE_RIDGE_FULL,007-0012,146,0.10264819620893792,0.2627119273479442,0.30205997814335256
5,SEQUENCE_RIDGE_FULL,007-0015,140,0.13137369762345225,0.26153136464233107,0.3016395904731462
5,SEQUENCE_RIDGE_FULL,007-0017,151,0.08187774422136132,0.26236398729686605,0.303545175297648
5,SEQUENCE_RIDGE_FULL,007-0024,121,0.1031448969057224,0.26457792759481413,0.3050757284027473
5,SEQUENCE_RIDGE_FULL,007-0025,144,0.1126558521391962,0.26553229957751223,0.30174070990337765
5,SEQUENCE_RIDGE_FULL,007-0026,134,0.07744300938870068,0.2677779237019372,0.30494570729644466
5,SEQUENCE_RIDGE_FULL,007-0027,137,0.11931049143082122,0.2624522827170642,0.30189011416647105
5,SEQUENCE_RIDGE_FULL,009-0006,157,0.03329461575306632,0.26573596219829254,0.3065645222245216
5,SEQUENCE_RIDGE_FULL,009-0008,160,0.07056859076930397,0.2626621051873482,0.3035401479012912
5,SEQUENCE_RIDGE_FULL,009-0011,150,0.013196478352164276,0.26714092832146036,0.3096074600974917
5,SEQUENCE_RIDGE_FULL,009-0016,138,0.11123089451889709,0.2608497221292023,0.3024463305772042
5,SEQUENCE_RIDGE_FULL,009-0017,156,0.03423109370073317,0.263192844510461,0.30632629403610406
5,SEQUENCE_RIDGE_FULL,009-0018,142,0.07940036020298058,0.2605069956033776,0.3031515833510504
5,SEQUENCE_RIDGE_FULL,009-0021,157,0.04076187440628322,0.2666102664239404,0.3061247791808023
5,SEQUENCE_RIDGE_FULL,009-0028,137,-0.029927633236865713,0.26742629463177353,0.3115612753070496
5,SEQUENCE_RIDGE_FULL,009-0029,146,0.09711960456023908,0.2625758602973315,0.3036676680516832
5,SEQUENCE_RIDGE_FULL,009-0031,153,0.0706081427853559,0.2647551174935415,0.3045164957147069
5,SEQUENCE_RIDGE_FULL,009-0036,111,0.1876906601644233,0.25482807303751775,0.3007480848513775
5,SEQUENCE_RIDGE_FULL,009-0037,123,0.08216197642433101,0.2600261814727366,0.3065762781441499
5,SEQUENCE_RIDGE_FULL,009-0039,134,0.005664988080122615,0.26777605769889934,0.31044729453650144
5,SEQUENCE_RIDGE_FULL,009-0048,158,0.09819202390229022,0.25976763782734763,0.30185183539244176
5,SEQUENCE_RIDGE_FULL,010-0003,51,-0.03776223776223777,0.2893566778201281,0.33081590069243844
5,SEQUENCE_RIDGE_FULL,010-0036,65,0.029673582351600926,0.27858417150785864,0.32381387035260384
5,SEQUENCE_RIDGE_FULL,010-0037,44,-0.22729270729270729,0.3132945339128502,0.351395534595818
5,SEQUENCE_RIDGE_FULL,010-0040,71,-0.09126554604815475,0.2793818660285311,0.3281571653206733
5,SEQUENCE_RIDGE_FULL,010-0041,79,-0.17468047553469548,0.29204589564249456,0.3332107792757462
5,SEQUENCE_RIDGE_FULL,010-0045,57,-0.17722943722943724,0.2931927765938499,0.33909651216227693
5,SEQUENCE_RIDGE_FULL,010-0047,49,0.013701298701298697,0.2885439729475742,0.33796906656344056
5,SEQUENCE_RIDGE_FULL,010-0048,47,-0.041491841491841486,0.29269125862409473,0.3389472164299972
5,SEQUENCE_RIDGE_FULL,010-0051,71,0.005039810550646467,0.2748667867897582,0.32036565785903115
5,SEQUENCE_RIDGE_FULL,010-0052,60,0.0005558425063069028,0.28663370183114567,0.3280435171266428
5,SEQUENCE_RIDGE_FULL,010-0056,67,-0.037925294519721764,0.2804512195430806,0.3239559746612304
5,SEQUENCE_RIDGE_FULL,011-0002,153,0.09765835479707102,0.2580243182887026,0.30202193689927287
5,SEQUENCE_RIDGE_FULL,011-0007,149,0.12303824978267168,0.2608134641465652,0.3009469227715861
5,SEQUENCE_RIDGE_FULL,013-0006,136,0.17695776551089643,0.2605154406365925,0.30080817604815113
5,SEQUENCE_RIDGE_FULL,013-0008,144,0.14314715056871805,0.25923854365710375,0.2996665250014309
5,SEQUENCE_RIDGE_FULL,013-0021,163,0.12956221198156684,0.2584898708595567,0.29834819346390157
5,SEQUENCE_RIDGE_FULL,013-0032,161,0.03211775710385276,0.2631722932444152,0.3062639521009001
5,SEQUENCE_RIDGE_FULL,014-0024,122,0.12092198208936104,0.26038723316126794,0.3039071901614025
5,SEQUENCE_RIDGE_FULL,014-0032,116,0.016633502107507036,0.2661548405640205,0.31077526691105606
5,SEQUENCE_RIDGE_FULL,014-0036,131,0.16233244440641548,0.26050117223841224,0.3002301447882797
5,SEQUENCE_RIDGE_FULL,014-0037,116,0.07380556475009248,0.2671379804350221,0.30769014285832375
5,SEQUENCE_RIDGE_FULL,014-0038,137,0.14570956431297988,0.2574558068731263,0.29937398675428606
5,SEQUENCE_RIDGE_FULL,014-0041,125,0.1737927734807436,0.25670753550398967,0.29789043028051165
5,SEQUENCE_RIDGE_FULL,014-0049,125,0.18668840841414233,0.25778205431126516,0.2972449481066531
5,SEQUENCE_RIDGE_FULL,014-0052,116,-0.006733351083213499,0.27329201808724346,0.313884638846526
5,SEQUENCE_RIDGE_FULL,014-0065,105,0.04147511986221664,0.26479065328633966,0.3129033559653898
5,SEQUENCE_RIDGE_FULL,014-0066,136,0.09760259208682294,0.26037081602177004,0.3043485083623873
5,SEQUENCE_RIDGE_FULL,014-0068,127,0.13366800583732366,0.25862713374049234,0.3022218529189077
5,SEQUENCE_RIDGE_FULL,015-0005,144,0.19013469987150755,0.25745593327150734,0.2966173573070423
5,SEQUENCE_RIDGE_FULL,015-0007,130,0.1112315636055398,0.2658530321334788,0.303685857454706
5,SEQUENCE_RIDGE_FULL,017-0071,46,0.016809856809856805,0.2839000471441985,0.33061511379281167
5,SEQUENCE_RIDGE_FULL,018-0004,152,-0.001171739665163729,0.26513828200250067,0.30974733814580174
5,SEQUENCE_RIDGE_FULL,019-0003,54,0.09327838827838829,0.28657791842082175,0.32641445580020123
5,SEQUENCE_RIDGE_FULL,020-0004,140,0.12315719025461877,0.25885161853370126,0.3013309583743807
5,SEQUENCE_RIDGE_FULL,020-0006,139,0.06931090714559276,0.2614966320122346,0.3047896682819318
5,SEQUENCE_RIDGE_FULL,020-0007,138,0.1037507380003945,0.2590613900788582,0.3027213616346415
5,SEQUENCE_RIDGE_FULL,020-0011,130,0.07273536425260563,0.2631748510783739,0.30676096225137733
5,SEQUENCE_RIDGE_FULL,020-0014,95,0.06748343591143244,0.26903615750657683,0.3097339470204209
5,SEQUENCE_RIDGE_FULL,020-0015,149,0.0963594741972024,0.265507499695522,0.3030735708763853
5,SEQUENCE_RIDGE_FULL,020-0016,127,0.0833844173316989,0.26025642587772674,0.30596375605778003
5,SEQUENCE_RIDGE_FULL,020-0017,105,0.09081235763631408,0.2686365559778965,0.30884907199782685
5,SEQUENCE_RIDGE_FULL,020-0019,84,0.15663023780186253,0.26044493563893745,0.31189130816419114
5,SEQUENCE_RIDGE_FULL,020-0029,137,0.10949562506095911,0.26704949264239747,0.3033355315449985
5,SEQUENCE_RIDGE_FULL,020-0032,129,0.09503706465330493,0.2614522152237343,0.30381117075878916
5,SEQUENCE_RIDGE_FULL,020-0034,124,-0.06907057921685285,0.2730018345407124,0.3165412634264416
5,SEQUENCE_RIDGE_FULL,020-0035,115,0.0688326870262354,0.2686629874369289,0.30934160391188303
5,SEQUENCE_RIDGE_FULL,020-0036,139,0.084032883098348,0.2653043753748073,0.3048410215150596
5,SEQUENCE_RIDGE_FULL,020-0037,102,-0.11050789623503268,0.28798374856820874,0.3280035511971667
5,SEQUENCE_RIDGE_FULL,020-0038,121,0.014191407583243934,0.26917287615727287,0.31063865228811294
5,SEQUENCE_RIDGE_FULL,020-0039,103,0.07370344266170545,0.27240877696123716,0.31269301300066255
5,SEQUENCE_RIDGE_FULL,020-0040,83,-0.05674436390548922,0.2757422016329881,0.32734525430383304
5,SEQUENCE_RIDGE_FULL,020-0042,135,0.12370099342012578,0.2615836442307623,0.3023976895333432
5,SEQUENCE_RIDGE_FULL,020-0044,134,0.12401928068223951,0.26328072660674806,0.30230511230902357
5,SEQUENCE_RIDGE_FULL,020-0055,142,0.03583870367567229,0.26456858622154605,0.30709710353201203
5,SEQUENCE_RIDGE_FULL,020-0057,149,0.13657544542743782,0.25707024441420806,0.2992702814077711
5,SEQUENCE_RIDGE_FULL,020-0058,134,-0.07008742778519655,0.2717095194314908,0.31634942525290854
5,SEQUENCE_RIDGE_FULL,020-0061,130,0.009619347761662756,0.26770052362891145,0.31123438892536825
5,SEQUENCE_RIDGE_FULL,020-0069,117,0.1781036080200369,0.2591523180488058,0.30039259371485477
5,SEQUENCE_RIDGE_FULL,020-0071,135,0.10952845454399467,0.2655207213466958,0.3033399706664831
5,SEQUENCE_RIDGE_FULL,020-0072,139,0.06557960182706632,0.2605688442691382,0.30553132424723756
5,SEQUENCE_RIDGE_FULL,020-0073,90,0.08915957726484043,0.2631943823825388,0.31234772641020914
5,SEQUENCE_RIDGE_FULL,020-0075,146,0.09949408782465463,0.26031553967334414,0.30245954034047456
5,SEQUENCE_RIDGE_FULL,020-0076,145,0.11467019632203168,0.2631320275105136,0.3017154775007897
5,SEQUENCE_RIDGE_FULL,020-0085,149,0.15639612523268417,0.2587355831815204,0.2983851195292119
5,SEQUENCE_RIDGE_FULL,020-0086,148,0.1587455550208971,0.258182376006781,0.2977258928110773
5,SEQUENCE_RIDGE_FULL,020-0087,113,0.10641032431911186,0.2618411297066568,0.30618436110416664
5,SEQUENCE_RIDGE_FULL,020-0088,152,0.18034424950753553,0.25751238892935496,0.29610627648603083
5,SEQUENCE_RIDGE_FULL,020-0090,115,0.1488627571583159,0.2596348888083245,0.3029294117626547
5,SEQUENCE_RIDGE_FULL,020-0091,99,0.03740387383869821,0.26744399781811456,0.3129619041381841
5,SEQUENCE_RIDGE_FULL,020-0092,127,0.03931274039969691,0.2633789518479546,0.3083705576196922
5,SEQUENCE_RIDGE_FULL,020-0096,145,0.14196399785518415,0.2580461220731821,0.2995922989150876
5,SEQUENCE_RIDGE_FULL,020-0097,143,0.15806216557002453,0.2584713561696427,0.2987155861364484
5,SEQUENCE_RIDGE_FULL,020-0099,134,0.1183290850409215,0.25976607546188707,0.30205410929530035
5,SEQUENCE_RIDGE_FULL,020-0100,104,-0.0006222642763243413,0.2714767921162514,0.3167988595786938
5,SEQUENCE_RIDGE_FULL,021-0002,79,-0.033757003230687435,0.27838560549687796,0.3261040472357314
5,SEQUENCE_RIDGE_FULL,021-0004,74,0.034092924619240406,0.2802556599255307,0.32132855735958477
5,SEQUENCE_RIDGE_FULL,022-0004,103,0.03927707086269742,0.27391896200843674,0.31511543082409965
5,SEQUENCE_RIDGE_FULL,022-0010,76,0.27246174115739336,0.2515518523739833,0.30374505507782606
5,SEQUENCE_RIDGE_FULL,022-0011,130,0.03672182827096783,0.2659222469737236,0.30813728006780783
5,SEQUENCE_RIDGE_FULL,022-0013,105,-0.012274843112357789,0.27573393149210335,0.31537067135727676
5,SEQUENCE_RIDGE_FULL,022-0014,103,0.1270441479978647,0.2669360916253626,0.30678329242174873
5,SEQUENCE_RIDGE_FULL,022-0017,102,0.2567099566120644,0.24942190574920015,0.29663386175587386
5,SEQUENCE_RIDGE_FULL,023-0001,134,0.09718567620010399,0.2653568298401566,0.3042900003197934
5,SEQUENCE_RIDGE_FULL,023-0004,66,-0.08908072319837025,0.28374029270956813,0.32766050701553007
5,SEQUENCE_RIDGE_FULL,024-0001,117,0.09110101098709354,0.26506898654804767,0.3066412468878011
5,SEQUENCE_RIDGE_FULL,029-0004,145,0.12927752110046162,0.2614006282066451,0.3002658587066395
5,SEQUENCE_RIDGE_FULL,029-0005,151,0.08187180868029723,0.26424627968467773,0.30376896143072685
5,SEQUENCE_RIDGE_COMPOSITION_ONLY,001-0010,145,0.12805273576504597,0.2636938617685738,0.3045950539980348
5,SEQUENCE_RIDGE_COMPOSITION_ONLY,001-0018,145,0.016347977290665592,0.26974837466590124,0.3121248397395012
5,SEQUENCE_RIDGE_COMPOSITION_ONLY,001-0025,139,0.15001398931501006,0.2577483805014017,0.30242362915294196
5,SEQUENCE_RIDGE_COMPOSITION_ONLY,001-0031,128,0.01365916136085748,0.2679491775369577,0.3134380833574885
5,SEQUENCE_RIDGE_COMPOSITION_ONLY,001-0033,142,0.09527367858863638,0.265359153262008,0.30708259054653736
5,SEQUENCE_RIDGE_COMPOSITION_ONLY,001-0035,138,0.07770616286104771,0.2645650540226202,0.30837362934178447
5,SEQUENCE_RIDGE_COMPOSITION_ONLY,001-0040,146,0.06189569369393357,0.26475799570385566,0.3090999701486613
5,SEQUENCE_RIDGE_COMPOSITION_ONLY,001-0041,139,0.1103704077444508,0.26369346600430454,0.3067776010515485
5,SEQUENCE_RIDGE_COMPOSITION_ONLY,001-0044,133,0.11048968889006841,0.2656868892411353,0.3069741439809125
5,SEQUENCE_RIDGE_COMPOSITION_ONLY,001-0048,135,0.04599130885036794,0.2652393599657984,0.31104153998667233
5,SEQUENCE_RIDGE_COMPOSITION_ONLY,001-0051,156,-0.013721973472447857,0.2698396262351593,0.31447816383643346
5,SEQUENCE_RIDGE_COMPOSITION_ONLY,001-0052,131,0.10604805767708994,0.26317402488007946,0.3071923623941916
5,SEQUENCE_RIDGE_COMPOSITION_ONLY,001-0057,139,-0.019281862237597362,0.2699753366458976,0.31427728785867937
5,SEQUENCE_RIDGE_COMPOSITION_ONLY,001-0060,136,0.12783463717246352,0.2690263964858431,0.30522650168898124
5,SEQUENCE_RIDGE_COMPOSITION_ONLY,001-0061,116,0.11849577375531714,0.26925388994153127,0.308645031087649
5,SEQUENCE_RIDGE_COMPOSITION_ONLY,001-0062,133,0.014991274915992354,0.2680121663804526,0.31348039357128876
5,SEQUENCE_RIDGE_COMPOSITION_ONLY,001-0066,137,0.0827595719583549,0.26832500349449145,0.30799079425368175
5,SEQUENCE_RIDGE_COMPOSITION_ONLY,001-0068,115,0.14115349704059382,0.2618719177466641,0.3050993039219217
5,SEQUENCE_RIDGE_COMPOSITION_ONLY,003-0004,53,-0.2712445397739515,0.3137943015788237,0.35781674513433204
5,SEQUENCE_RIDGE_COMPOSITION_ONLY,003-0006,130,0.041371087846190896,0.2690736276359663,0.3096514204531397
5,SEQUENCE_RIDGE_COMPOSITION_ONLY,004-0003,133,0.14032870629196342,0.2606035509776509,0.3035043935396835
5,SEQUENCE_RIDGE_COMPOSITION_ONLY,005-0002,115,0.11840774611244213,0.2622931715511626,0.3049002517398138
5,SEQUENCE_RIDGE_COMPOSITION_ONLY,005-0018,159,0.1157862419919935,0.26174269608783163,0.3030642849617479
5,SEQUENCE_RIDGE_COMPOSITION_ONLY,005-0019,134,0.0772806796539048,0.2676525739430284,0.3093977427011704
5,SEQUENCE_RIDGE_COMPOSITION_ONLY,005-0020,82,-0.12931079151028,0.28265827716649444,0.32802665636499456
5,SEQUENCE_RIDGE_COMPOSITION_ONLY,005-0024,113,-0.09319084493428983,0.28135814119512037,0.32381614029039524
5,SEQUENCE_RIDGE_COMPOSITION_ONLY,005-0029,138,0.1356076485838313,0.26283951293978514,0.3032126569755837
5,SEQUENCE_RIDGE_COMPOSITION_ONLY,005-0032,140,0.040752363918248255,0.26393277111276203,0.31057981894819087
5,SEQUENCE_RIDGE_COMPOSITION_ONLY,005-0033,133,0.11871629561667511,0.26836468369236754,0.30551587598164925
5,SEQUENCE_RIDGE_COMPOSITION_ONLY,005-0041,144,0.13773517911563454,0.2623578986685956,0.30272094631666674
5,SEQUENCE_RIDGE_COMPOSITION_ONLY,005-0051,141,0.08233477312453955,0.2640304224906388,0.30717930307661084
5,SEQUENCE_RIDGE_COMPOSITION_ONLY,005-0056,120,0.05348620310080412,0.2694132262715716,0.3111473107384401
5,SEQUENCE_RIDGE_COMPOSITION_ONLY,007-0003,128,-0.0033825502763211333,0.2702168699877018,0.31267582726234505
5,SEQUENCE_RIDGE_COMPOSITION_ONLY,007-0012,146,0.1008031704999354,0.2656137010402225,0.30586492789836395
5,SEQUENCE_RIDGE_COMPOSITION_ONLY,007-0015,140,0.12283531442711579,0.26614856787735575,0.30503732661652816
5,SEQUENCE_RIDGE_COMPOSITION_ONLY,007-0017,151,0.07226510366846033,0.2666323625157484,0.30627480494838233
5,SEQUENCE_RIDGE_COMPOSITION_ONLY,007-0024,121,0.05998133165890464,0.26796713820858215,0.3086545705790344
5,SEQUENCE_RIDGE_COMPOSITION_ONLY,007-0025,144,0.0717388951684798,0.27000707366243215,0.3080112673079191
5,SEQUENCE_RIDGE_COMPOSITION_ONLY,007-0026,134,0.08887731851999336,0.26938946466052305,0.3076626952569816
5,SEQUENCE_RIDGE_COMPOSITION_ONLY,007-0027,137,0.07905687240994445,0.26785227981786364,0.306801755276025
5,SEQUENCE_RIDGE_COMPOSITION_ONLY,009-0006,157,0.05138972095394263,0.2689124592880704,0.3084242739775921
5,SEQUENCE_RIDGE_COMPOSITION_ONLY,009-0008,160,0.0582894711125425,0.2670562734196906,0.30781768082150823
5,SEQUENCE_RIDGE_COMPOSITION_ONLY,009-0011,150,0.03362935452355637,0.26935922986474703,0.3108507339836436
5,SEQUENCE_RIDGE_COMPOSITION_ONLY,009-0016,138,0.06837145058495009,0.26507182717207683,0.30679482412100134
5,SEQUENCE_RIDGE_COMPOSITION_ONLY,009-0017,156,0.03553825006955936,0.26617792823383707,0.3096911927353646
5,SEQUENCE_RIDGE_COMPOSITION_ONLY,009-0018,142,0.07613506416132829,0.26480876234928596,0.306955053281855
5,SEQUENCE_RIDGE_COMPOSITION_ONLY,009-0021,157,0.037348884711804295,0.27026471610759584,0.30933337428669005
5,SEQUENCE_RIDGE_COMPOSITION_ONLY,009-0028,137,-0.06666476058856481,0.2735968617796018,0.31811723781377443
5,SEQUENCE_RIDGE_COMPOSITION_ONLY,009-0029,146,0.09233013188978756,0.26648703011531544,0.3073148226118971
5,SEQUENCE_RIDGE_COMPOSITION_ONLY,009-0031,153,0.07734922754005338,0.26619378199249216,0.3068148809588854
5,SEQUENCE_RIDGE_COMPOSITION_ONLY,009-0036,111,0.14491539944313558,0.25867801684884084,0.3054218643435907
5,SEQUENCE_RIDGE_COMPOSITION_ONLY,009-0037,123,0.06898969049266054,0.2622689687679135,0.31022313927322737
5,SEQUENCE_RIDGE_COMPOSITION_ONLY,009-0039,134,-0.010347480758771722,0.270750423014012,0.31341759136621106
5,SEQUENCE_RIDGE_COMPOSITION_ONLY,009-0048,158,0.06380825482179929,0.2645674327709528,0.3074760742994586
5,SEQUENCE_RIDGE_COMPOSITION_ONLY,010-0003,51,-0.07881784881784881,0.2926122473773389,0.3346460427829661
5,SEQUENCE_RIDGE_COMPOSITION_ONLY,010-0036,65,-0.04902764933724685,0.2857031312794441,0.3289466336340268
5,SEQUENCE_RIDGE_COMPOSITION_ONLY,010-0037,44,-0.2426906426906427,0.32020291383986005,0.3564769056502424
5,SEQUENCE_RIDGE_COMPOSITION_ONLY,010-0040,71,-0.19811782420478072,0.2883038834297386,0.335762579358376
5,SEQUENCE_RIDGE_COMPOSITION_ONLY,010-0041,79,-0.17399391997601715,0.2940277813101847,0.33477449725917596
5,SEQUENCE_RIDGE_COMPOSITION_ONLY,010-0045,57,-0.16997002997002997,0.2931851524097109,0.33894858512153686
5,SEQUENCE_RIDGE_COMPOSITION_ONLY,010-0047,49,-0.16316017316017317,0.294686384037737,0.34399687653484246
5,SEQUENCE_RIDGE_COMPOSITION_ONLY,010-0048,47,-0.13445221445221447,0.3006401885945388,0.34388632547427533
5,SEQUENCE_RIDGE_COMPOSITION_ONLY,010-0051,71,-0.09605952355178363,0.2821331629719268,0.32871973173997654
5,SEQUENCE_RIDGE_COMPOSITION_ONLY,010-0052,60,-0.1944961127623666,0.29891546580763034,0.34072649700021584
5,SEQUENCE_RIDGE_COMPOSITION_ONLY,010-0056,67,-0.03651496078740661,0.2825088158460736,0.3249836601649976
5,SEQUENCE_RIDGE_COMPOSITION_ONLY,011-0002,153,0.08145881729654407,0.26258936776703057,0.30671718084735683
5,SEQUENCE_RIDGE_COMPOSITION_ONLY,011-0007,149,0.10537459497905746,0.26494425326741416,0.3056656844157599
5,SEQUENCE_RIDGE_COMPOSITION_ONLY,013-0006,136,0.15523710242515448,0.263915022749339,0.30318105969154396
5,SEQUENCE_RIDGE_COMPOSITION_ONLY,013-0008,144,0.12800398580964018,0.2628205163724113,0.30364983672103874
5,SEQUENCE_RIDGE_COMPOSITION_ONLY,013-0021,163,0.11370074422730969,0.26293572360109846,0.3032583697007949
5,SEQUENCE_RIDGE_COMPOSITION_ONLY,013-0032,161,0.024573486286010006,0.26678511791049997,0.3105214428033488
5,SEQUENCE_RIDGE_COMPOSITION_ONLY,014-0024,122,0.09778722783113628,0.26359535213269836,0.3075368044039004
5,SEQUENCE_RIDGE_COMPOSITION_ONLY,014-0032,116,-0.019801501588801486,0.2710228889668932,0.3153841140036917
5,SEQUENCE_RIDGE_COMPOSITION_ONLY,014-0036,131,0.1546081855976183,0.2643482421631018,0.30225971771147153
5,SEQUENCE_RIDGE_COMPOSITION_ONLY,014-0037,116,0.0402826379018283,0.27458373962408594,0.31297053822730525
5,SEQUENCE_RIDGE_COMPOSITION_ONLY,014-0038,137,0.09361174162122929,0.2633583213893216,0.30454083683524313
5,SEQUENCE_RIDGE_COMPOSITION_ONLY,014-0041,125,0.08206742479641047,0.264672140043663,0.305266368962419
5,SEQUENCE_RIDGE_COMPOSITION_ONLY,014-0049,125,0.13526775656997642,0.26460707905488995,0.3031904632743111
5,SEQUENCE_RIDGE_COMPOSITION_ONLY,014-0052,116,0.0016556700134944965,0.276028707757984,0.3172620062138842
5,SEQUENCE_RIDGE_COMPOSITION_ONLY,014-0065,105,0.007770401641369382,0.2681162264963738,0.3155329466203088
5,SEQUENCE_RIDGE_COMPOSITION_ONLY,014-0066,136,0.06900901925471709,0.2639593300686703,0.3085497315863421
5,SEQUENCE_RIDGE_COMPOSITION_ONLY,014-0068,127,0.1270038309554697,0.2613230003196632,0.30595827262574127
5,SEQUENCE_RIDGE_COMPOSITION_ONLY,015-0005,144,0.1559597315250139,0.2611814110740144,0.3007459829770549
5,SEQUENCE_RIDGE_COMPOSITION_ONLY,015-0007,130,0.082752218871011,0.27155294927522056,0.308995960177306
5,SEQUENCE_RIDGE_COMPOSITION_ONLY,017-0071,46,-0.014322344322344305,0.2922355705405112,0.3357506380740673
5,SEQUENCE_RIDGE_COMPOSITION_ONLY,018-0004,152,-0.014150042851214087,0.268773376212608,0.31329972192943023
5,SEQUENCE_RIDGE_COMPOSITION_ONLY,019-0003,54,0.03328377504848092,0.2878338964111925,0.329035532058971
5,SEQUENCE_RIDGE_COMPOSITION_ONLY,020-0004,140,0.11675712905167202,0.2636689373912244,0.30664901404558415
5,SEQUENCE_RIDGE_COMPOSITION_ONLY,020-0006,139,0.08122920464705455,0.2657010126081091,0.3076715526559963
5,SEQUENCE_RIDGE_COMPOSITION_ONLY,020-0007,138,0.08274008629305364,0.2635792330543433,0.3074763387646912
5,SEQUENCE_RIDGE_COMPOSITION_ONLY,020-0011,130,0.06962243775258234,0.2672744803268371,0.3110066639696757
5,SEQUENCE_RIDGE_COMPOSITION_ONLY,020-0014,95,0.050677994686516736,0.27312392880017455,0.31453446928605033
5,SEQUENCE_RIDGE_COMPOSITION_ONLY,020-0015,149,0.06459673896083631,0.26878072554200416,0.30796477746105916
5,SEQUENCE_RIDGE_COMPOSITION_ONLY,020-0016,127,0.05795752539680434,0.2654903737598918,0.3112391019928074
5,SEQUENCE_RIDGE_COMPOSITION_ONLY,020-0017,105,0.05113658634166801,0.2734028565003115,0.31451094521819617
5,SEQUENCE_RIDGE_COMPOSITION_ONLY,020-0019,84,0.07094870956655855,0.26684314388011987,0.31854821440535985
5,SEQUENCE_RIDGE_COMPOSITION_ONLY,020-0029,137,0.097204781666602,0.27093365010848747,0.3075078654364064
5,SEQUENCE_RIDGE_COMPOSITION_ONLY,020-0032,129,0.09570608232454729,0.26355251163462656,0.3077117558161953
5,SEQUENCE_RIDGE_COMPOSITION_ONLY,020-0034,124,-0.08685488494943444,0.2774425519526287,0.3211731676854277
5,SEQUENCE_RIDGE_COMPOSITION_ONLY,020-0035,115,0.06143979676237741,0.27423635915357736,0.31384460339593245
5,SEQUENCE_RIDGE_COMPOSITION_ONLY,020-0036,139,0.07966408828363289,0.2689613180194992,0.3089236580918896
5,SEQUENCE_RIDGE_COMPOSITION_ONLY,020-0037,102,-0.14256452726017943,0.29070270360303874,0.33158037041925936
5,SEQUENCE_RIDGE_COMPOSITION_ONLY,020-0038,121,-0.012617072443014316,0.2741483949750728,0.3138324603092081
5,SEQUENCE_RIDGE_COMPOSITION_ONLY,020-0039,103,0.036694285748428035,0.27610360776922493,0.3173811760951838
5,SEQUENCE_RIDGE_COMPOSITION_ONLY,020-0040,83,-0.15886643194827338,0.2848681430556049,0.33565979104544835
5,SEQUENCE_RIDGE_COMPOSITION_ONLY,020-0042,135,0.1302640117267481,0.2667319571165144,0.3061784188218727
5,SEQUENCE_RIDGE_COMPOSITION_ONLY,020-0044,134,0.0825429489556297,0.26890035935319234,0.3081853826593445
5,SEQUENCE_RIDGE_COMPOSITION_ONLY,020-0055,142,0.03281705676975784,0.2671871549278322,0.30967402470072486
5,SEQUENCE_RIDGE_COMPOSITION_ONLY,020-0057,149,0.11570455161536757,0.2612942025163556,0.30444575417879255
5,SEQUENCE_RIDGE_COMPOSITION_ONLY,020-0058,134,-0.061204864460933296,0.2746936994898027,0.3196081692407608
5,SEQUENCE_RIDGE_COMPOSITION_ONLY,020-0061,130,0.01614269685616935,0.26970092740441326,0.313990097933095
5,SEQUENCE_RIDGE_COMPOSITION_ONLY,020-0069,117,0.13027508260951215,0.2650321778831994,0.30684763451480696
5,SEQUENCE_RIDGE_COMPOSITION_ONLY,020-0071,135,0.07571066288579212,0.27214916481385537,0.309375160323878
5,SEQUENCE_RIDGE_COMPOSITION_ONLY,020-0072,139,0.05773215234168581,0.26419137780563223,0.30953531053940686
5,SEQUENCE_RIDGE_COMPOSITION_ONLY,020-0073,90,-6.73011199326945e-06,0.2701469801592944,0.31852528537697705
5,SEQUENCE_RIDGE_COMPOSITION_ONLY,020-0075,146,0.09538769516779998,0.2638973585217267,0.3069548344638202
5,SEQUENCE_RIDGE_COMPOSITION_ONLY,020-0076,145,0.09957398552504225,0.26725518292382267,0.306337053526019
5,SEQUENCE_RIDGE_COMPOSITION_ONLY,020-0085,149,0.13520251730636815,0.2633751015281073,0.30353110619860135
5,SEQUENCE_RIDGE_COMPOSITION_ONLY,020-0086,148,0.1550319887176973,0.26057527731913865,0.30186404100071845
5,SEQUENCE_RIDGE_COMPOSITION_ONLY,020-0087,113,0.05858681671807366,0.2678208737249794,0.3124466896174658
5,SEQUENCE_RIDGE_COMPOSITION_ONLY,020-0088,152,0.1570362711437762,0.2619097728965009,0.300925129637086
5,SEQUENCE_RIDGE_COMPOSITION_ONLY,020-0090,115,0.12370800155488233,0.2620954133613819,0.3066251660726868
5,SEQUENCE_RIDGE_COMPOSITION_ONLY,020-0091,99,-0.0173840889902596,0.27167869434872555,0.31807131489647505
5,SEQUENCE_RIDGE_COMPOSITION_ONLY,020-0092,127,0.03578179651110927,0.2685031039850696,0.313112953057425
5,SEQUENCE_RIDGE_COMPOSITION_ONLY,020-0096,145,0.12346957970908903,0.26019866768891997,0.30417396128291185
5,SEQUENCE_RIDGE_COMPOSITION_ONLY,020-0097,143,0.12606195022648087,0.2630362515456833,0.3034165788802121
5,SEQUENCE_RIDGE_COMPOSITION_ONLY,020-0099,134,0.10389216140532306,0.2620116536006747,0.3056908642888452
5,SEQUENCE_RIDGE_COMPOSITION_ONLY,020-0100,104,-0.02993424632468014,0.2757732338133178,0.3220250565104986
5,SEQUENCE_RIDGE_COMPOSITION_ONLY,021-0002,79,-0.07528944739471057,0.28444315445830415,0.3317167082177361
5,SEQUENCE_RIDGE_COMPOSITION_ONLY,021-0004,74,0.012786511733880157,0.2812155844881822,0.3234805349548355
5,SEQUENCE_RIDGE_COMPOSITION_ONLY,022-0004,103,0.03114598321562582,0.2782946863356801,0.3192199637727222
5,SEQUENCE_RIDGE_COMPOSITION_ONLY,022-0010,76,0.22256439212960952,0.2549852370079811,0.30596974324904314
5,SEQUENCE_RIDGE_COMPOSITION_ONLY,022-0011,130,0.002755726613967796,0.26963453667994514,0.3134841962621714
5,SEQUENCE_RIDGE_COMPOSITION_ONLY,022-0013,105,-0.04145917206288724,0.2810012722793983,0.3193858265449187
5,SEQUENCE_RIDGE_COMPOSITION_ONLY,022-0014,103,0.07872075680280449,0.27020082631244363,0.31091945106246144
5,SEQUENCE_RIDGE_COMPOSITION_ONLY,022-0017,102,0.22143526971113178,0.2522318065551592,0.3013374994134138
5,SEQUENCE_RIDGE_COMPOSITION_ONLY,023-0001,134,0.04717808963703094,0.2703406062249054,0.3105047537176763
5,SEQUENCE_RIDGE_COMPOSITION_ONLY,023-0004,66,-0.12567099567099566,0.28734291541746393,0.33356053905225397
5,SEQUENCE_RIDGE_COMPOSITION_ONLY,024-0001,117,0.010175227137145615,0.2711916869104951,0.31385141800306493
5,SEQUENCE_RIDGE_COMPOSITION_ONLY,029-0004,145,0.12392617757834357,0.2653963103772741,0.3045987553438857
5,SEQUENCE_RIDGE_COMPOSITION_ONLY,029-0005,151,0.07229578666641445,0.2675277262722412,0.3082025010432119
7,SEQUENCE_RIDGE_FULL,001-0010,145,0.13569323582880097,0.2605767848429433,0.30041396400897125
7,SEQUENCE_RIDGE_FULL,001-0018,145,0.04083465390350062,0.2648928097076184,0.30718373863247994
7,SEQUENCE_RIDGE_FULL,001-0025,139,0.180618278861752,0.25103652070957533,0.29647826691442514
7,SEQUENCE_RIDGE_FULL,001-0031,128,0.03040921858579158,0.2643002430357421,0.3094773968393634
7,SEQUENCE_RIDGE_FULL,001-0033,142,0.08720501204830199,0.2620486455268872,0.3034458019199298
7,SEQUENCE_RIDGE_FULL,001-0035,138,0.07898875021212534,0.26264108794820124,0.30455704874304523
7,SEQUENCE_RIDGE_FULL,001-0040,146,0.06118268168830885,0.26003562947277636,0.30479923267100717
7,SEQUENCE_RIDGE_FULL,001-0041,139,0.1329618619618947,0.25786337885468535,0.30126270304495856
7,SEQUENCE_RIDGE_FULL,001-0044,133,0.10136646233799933,0.26178853747936326,0.3030159320341702
7,SEQUENCE_RIDGE_FULL,001-0048,135,0.06272985743999289,0.2621457503290109,0.3061054146023218
7,SEQUENCE_RIDGE_FULL,001-0051,156,-0.02625187905074053,0.26748612040149605,0.3112795731208436
7,SEQUENCE_RIDGE_FULL,001-0052,131,0.10588578983740275,0.25780174220568364,0.3029601797183357
7,SEQUENCE_RIDGE_FULL,001-0057,139,-0.0039071608014224,0.2649422664181978,0.30966399275217193
7,SEQUENCE_RIDGE_FULL,001-0060,136,0.1592641618852114,0.26282458754079824,0.2993144123069324
7,SEQUENCE_RIDGE_FULL,001-0061,116,0.14485187043536135,0.26237021376634617,0.3034643875489619
7,SEQUENCE_RIDGE_FULL,001-0062,133,0.05063045073068999,0.261491870329935,0.3078735069767532
7,SEQUENCE_RIDGE_FULL,001-0066,137,0.12670858305543903,0.26273687642106164,0.30246934394313973
7,SEQUENCE_RIDGE_FULL,001-0068,115,0.19759528168037624,0.2549948142322809,0.2984017576410313
7,SEQUENCE_RIDGE_FULL,003-0004,43,-0.00811182281770518,0.2761227822217746,0.3197706596099585
7,SEQUENCE_RIDGE_FULL,003-0006,130,0.07355798576291936,0.2651191159140366,0.306028908500834
7,SEQUENCE_RIDGE_FULL,004-0003,133,0.15115135100973937,0.25706720697603064,0.29988528178567847
7,SEQUENCE_RIDGE_FULL,005-0002,115,0.20034526547753803,0.2535969308971232,0.29803128460673134
7,SEQUENCE_RIDGE_FULL,005-0018,159,0.13732328850237635,0.25679047506521135,0.2983761212102488
7,SEQUENCE_RIDGE_FULL,005-0019,134,0.08269953882333651,0.2635864307351637,0.3049332395216443
7,SEQUENCE_RIDGE_FULL,005-0020,82,-0.052689739927591586,0.2797161425596836,0.32392493180591625
7,SEQUENCE_RIDGE_FULL,005-0024,113,-0.06691741946627874,0.2788502241785076,0.3204803073286551
7,SEQUENCE_RIDGE_FULL,005-0029,138,0.1547352943500624,0.25938073162694386,0.29933406797887835
7,SEQUENCE_RIDGE_FULL,005-0032,140,0.051304553222473716,0.2623134684013121,0.30634108626371565
7,SEQUENCE_RIDGE_FULL,005-0033,133,0.12074746295239655,0.2641971356385211,0.30304673975563223
7,SEQUENCE_RIDGE_FULL,005-0041,144,0.17113535736875396,0.2575450853652792,0.2965736777169593
7,SEQUENCE_RIDGE_FULL,005-0051,141,0.09641029715556967,0.26114521585607997,0.3031638946209224
7,SEQUENCE_RIDGE_FULL,005-0056,120,0.06788369149409798,0.26336647622058307,0.30618955894768035
7,SEQUENCE_RIDGE_FULL,007-0003,128,-0.0027688647404998878,0.2674244009096204,0.3111192840174297
7,SEQUENCE_RIDGE_FULL,007-0012,146,0.10264819620893792,0.2627119273479442,0.30205997814335256
7,SEQUENCE_RIDGE_FULL,007-0015,140,0.13137369762345225,0.26153136464233107,0.3016395904731462
7,SEQUENCE_RIDGE_FULL,007-0017,151,0.08187774422136132,0.26236398729686605,0.303545175297648
7,SEQUENCE_RIDGE_FULL,007-0024,121,0.1031448969057224,0.26457792759481413,0.3050757284027473
7,SEQUENCE_RIDGE_FULL,007-0025,144,0.1126558521391962,0.26553229957751223,0.30174070990337765
7,SEQUENCE_RIDGE_FULL,007-0026,134,0.07744300938870068,0.2677779237019372,0.30494570729644466
7,SEQUENCE_RIDGE_FULL,007-0027,137,0.11931049143082122,0.2624522827170642,0.30189011416647105
7,SEQUENCE_RIDGE_FULL,009-0006,157,0.03329461575306632,0.26573596219829254,0.3065645222245216
7,SEQUENCE_RIDGE_FULL,009-0008,160,0.07056859076930397,0.2626621051873482,0.3035401479012912
7,SEQUENCE_RIDGE_FULL,009-0011,150,0.013196478352164276,0.26714092832146036,0.3096074600974917
7,SEQUENCE_RIDGE_FULL,009-0016,138,0.11123089451889709,0.2608497221292023,0.3024463305772042
7,SEQUENCE_RIDGE_FULL,009-0017,156,0.03423109370073317,0.26319284451046104,0.30632629403610406
7,SEQUENCE_RIDGE_FULL,009-0018,142,0.07940036020298058,0.2605069956033776,0.3031515833510504
7,SEQUENCE_RIDGE_FULL,009-0021,157,0.04076187440628322,0.2666102664239404,0.3061247791808023
7,SEQUENCE_RIDGE_FULL,009-0028,137,-0.029927633236865713,0.26742629463177353,0.3115612753070496
7,SEQUENCE_RIDGE_FULL,009-0029,146,0.09711960456023908,0.2625758602973315,0.3036676680516832
7,SEQUENCE_RIDGE_FULL,009-0031,153,0.0706081427853559,0.2647551174935415,0.3045164957147069
7,SEQUENCE_RIDGE_FULL,009-0036,111,0.1876906601644233,0.25482807303751775,0.3007480848513775
7,SEQUENCE_RIDGE_FULL,009-0037,123,0.08216197642433101,0.2600261814727366,0.3065762781441499
7,SEQUENCE_RIDGE_FULL,009-0039,134,0.005664988080122615,0.26777605769889934,0.31044729453650144
7,SEQUENCE_RIDGE_FULL,009-0048,158,0.09819202390229022,0.25976763782734763,0.30185183539244176
7,SEQUENCE_RIDGE_FULL,010-0003,51,-0.03776223776223777,0.2893566778201281,0.33081590069243844
7,SEQUENCE_RIDGE_FULL,010-0036,65,0.029673582351600926,0.27858417150785864,0.32381387035260384
7,SEQUENCE_RIDGE_FULL,010-0037,33,-0.08834498834498834,0.29028087075465153,0.32922738513076744
7,SEQUENCE_RIDGE_FULL,010-0040,71,-0.09126554604815475,0.2793818660285311,0.3281571653206733
7,SEQUENCE_RIDGE_FULL,010-0041,79,-0.17468047553469548,0.29204589564249456,0.3332107792757462
7,SEQUENCE_RIDGE_FULL,010-0045,57,-0.17722943722943724,0.2931927765938499,0.33909651216227693
7,SEQUENCE_RIDGE_FULL,010-0047,43,-0.00430194805194805,0.2798923607208924,0.3354214873983565
7,SEQUENCE_RIDGE_FULL,010-0048,41,-0.03043623043623043,0.284887453661567,0.334404006274969
7,SEQUENCE_RIDGE_FULL,010-0051,71,0.005039810550646467,0.2748667867897582,0.32036565785903115
7,SEQUENCE_RIDGE_FULL,010-0052,60,0.0005558425063069028,0.28663370183114567,0.3280435171266428
7,SEQUENCE_RIDGE_FULL,010-0056,67,-0.037925294519721764,0.2804512195430806,0.3239559746612304
7,SEQUENCE_RIDGE_FULL,011-0002,153,0.09765835479707102,0.2580243182887026,0.30202193689927287
7,SEQUENCE_RIDGE_FULL,011-0007,149,0.12303824978267168,0.2608134641465652,0.3009469227715861
7,SEQUENCE_RIDGE_FULL,013-0006,136,0.17695776551089643,0.2605154406365925,0.30080817604815113
7,SEQUENCE_RIDGE_FULL,013-0008,144,0.14314715056871805,0.25923854365710375,0.2996665250014309
7,SEQUENCE_RIDGE_FULL,013-0021,163,0.12956221198156684,0.2584898708595567,0.29834819346390157
7,SEQUENCE_RIDGE_FULL,013-0032,161,0.03211775710385276,0.2631722932444152,0.3062639521009001
7,SEQUENCE_RIDGE_FULL,014-0024,122,0.12092198208936104,0.26038723316126794,0.3039071901614025
7,SEQUENCE_RIDGE_FULL,014-0032,116,0.016633502107507036,0.2661548405640205,0.31077526691105606
7,SEQUENCE_RIDGE_FULL,014-0036,131,0.16233244440641548,0.26050117223841224,0.3002301447882797
7,SEQUENCE_RIDGE_FULL,014-0037,116,0.07380556475009248,0.2671379804350221,0.30769014285832375
7,SEQUENCE_RIDGE_FULL,014-0038,137,0.14570956431297988,0.2574558068731263,0.29937398675428606
7,SEQUENCE_RIDGE_FULL,014-0041,125,0.1737927734807436,0.25670753550398967,0.29789043028051165
7,SEQUENCE_RIDGE_FULL,014-0049,125,0.18668840841414233,0.25778205431126516,0.2972449481066531
7,SEQUENCE_RIDGE_FULL,014-0052,116,-0.006733351083213499,0.27329201808724346,0.313884638846526
7,SEQUENCE_RIDGE_FULL,014-0065,105,0.04147511986221664,0.26479065328633966,0.31290335596538976
7,SEQUENCE_RIDGE_FULL,014-0066,136,0.09760259208682294,0.26037081602177004,0.3043485083623873
7,SEQUENCE_RIDGE_FULL,014-0068,127,0.13366800583732366,0.25862713374049234,0.3022218529189077
7,SEQUENCE_RIDGE_FULL,015-0005,144,0.19013469987150755,0.25745593327150734,0.2966173573070423
7,SEQUENCE_RIDGE_FULL,015-0007,130,0.1112315636055398,0.2658530321334788,0.303685857454706
7,SEQUENCE_RIDGE_FULL,017-0071,40,0.11386946386946387,0.27389843931169666,0.3191288286050946
7,SEQUENCE_RIDGE_FULL,018-0004,152,-0.001171739665163729,0.26513828200250067,0.30974733814580174
7,SEQUENCE_RIDGE_FULL,019-0003,54,0.09327838827838829,0.28657791842082175,0.32641445580020123
7,SEQUENCE_RIDGE_FULL,020-0004,140,0.12315719025461877,0.25885161853370126,0.3013309583743807
7,SEQUENCE_RIDGE_FULL,020-0006,139,0.06931090714559276,0.2614966320122346,0.3047896682819318
7,SEQUENCE_RIDGE_FULL,020-0007,138,0.1037507380003945,0.2590613900788582,0.3027213616346415
7,SEQUENCE_RIDGE_FULL,020-0011,130,0.07273536425260563,0.2631748510783739,0.30676096225137733
7,SEQUENCE_RIDGE_FULL,020-0014,95,0.06748343591143244,0.26903615750657683,0.3097339470204209
7,SEQUENCE_RIDGE_FULL,020-0015,149,0.0963594741972024,0.265507499695522,0.3030735708763853
7,SEQUENCE_RIDGE_FULL,020-0016,127,0.0833844173316989,0.26025642587772674,0.30596375605778003
7,SEQUENCE_RIDGE_FULL,020-0017,105,0.09081235763631408,0.2686365559778965,0.30884907199782685
7,SEQUENCE_RIDGE_FULL,020-0019,84,0.15663023780186253,0.26044493563893745,0.31189130816419114
7,SEQUENCE_RIDGE_FULL,020-0029,137,0.10949562506095911,0.26704949264239747,0.3033355315449985
7,SEQUENCE_RIDGE_FULL,020-0032,129,0.09503706465330493,0.2614522152237343,0.30381117075878916
7,SEQUENCE_RIDGE_FULL,020-0034,124,-0.06907057921685285,0.2730018345407124,0.3165412634264416
7,SEQUENCE_RIDGE_FULL,020-0035,115,0.0688326870262354,0.2686629874369289,0.30934160391188303
7,SEQUENCE_RIDGE_FULL,020-0036,139,0.084032883098348,0.2653043753748073,0.3048410215150596
7,SEQUENCE_RIDGE_FULL,020-0037,102,-0.11050789623503268,0.28798374856820874,0.3280035511971667
7,SEQUENCE_RIDGE_FULL,020-0038,121,0.014191407583243934,0.26917287615727287,0.31063865228811294
7,SEQUENCE_RIDGE_FULL,020-0039,103,0.07370344266170545,0.27240877696123716,0.31269301300066255
7,SEQUENCE_RIDGE_FULL,020-0040,83,-0.05674436390548922,0.27574220163298807,0.32734525430383304
7,SEQUENCE_RIDGE_FULL,020-0042,135,0.12370099342012578,0.2615836442307623,0.3023976895333432
7,SEQUENCE_RIDGE_FULL,020-0044,134,0.12401928068223951,0.26328072660674806,0.30230511230902357
7,SEQUENCE_RIDGE_FULL,020-0055,142,0.03583870367567229,0.26456858622154605,0.30709710353201203
7,SEQUENCE_RIDGE_FULL,020-0057,149,0.13657544542743782,0.25707024441420806,0.2992702814077711
7,SEQUENCE_RIDGE_FULL,020-0058,134,-0.07008742778519655,0.2717095194314908,0.31634942525290854
7,SEQUENCE_RIDGE_FULL,020-0061,130,0.009619347761662756,0.26770052362891145,0.31123438892536825
7,SEQUENCE_RIDGE_FULL,020-0069,117,0.1781036080200369,0.2591523180488058,0.30039259371485477
7,SEQUENCE_RIDGE_FULL,020-0071,135,0.10952845454399467,0.2655207213466958,0.3033399706664831
7,SEQUENCE_RIDGE_FULL,020-0072,139,0.06557960182706632,0.2605688442691382,0.30553132424723756
7,SEQUENCE_RIDGE_FULL,020-0073,90,0.08915957726484043,0.2631943823825388,0.31234772641020914
7,SEQUENCE_RIDGE_FULL,020-0075,146,0.09949408782465463,0.26031553967334414,0.30245954034047456
7,SEQUENCE_RIDGE_FULL,020-0076,145,0.11467019632203168,0.2631320275105136,0.3017154775007897
7,SEQUENCE_RIDGE_FULL,020-0085,149,0.15639612523268417,0.2587355831815204,0.2983851195292119
7,SEQUENCE_RIDGE_FULL,020-0086,148,0.1587455550208971,0.258182376006781,0.2977258928110773
7,SEQUENCE_RIDGE_FULL,020-0087,113,0.10641032431911186,0.2618411297066568,0.30618436110416664
7,SEQUENCE_RIDGE_FULL,020-0088,152,0.18034424950753553,0.25751238892935496,0.29610627648603083
7,SEQUENCE_RIDGE_FULL,020-0090,115,0.1488627571583159,0.2596348888083245,0.3029294117626547
7,SEQUENCE_RIDGE_FULL,020-0091,99,0.03740387383869821,0.26744399781811456,0.3129619041381841
7,SEQUENCE_RIDGE_FULL,020-0092,127,0.03931274039969691,0.2633789518479546,0.3083705576196922
7,SEQUENCE_RIDGE_FULL,020-0096,145,0.14196399785518415,0.2580461220731821,0.2995922989150876
7,SEQUENCE_RIDGE_FULL,020-0097,143,0.15806216557002453,0.2584713561696427,0.2987155861364484
7,SEQUENCE_RIDGE_FULL,020-0099,134,0.1183290850409215,0.25976607546188707,0.30205410929530035
7,SEQUENCE_RIDGE_FULL,020-0100,104,-0.0006222642763243413,0.2714767921162514,0.3167988595786938
7,SEQUENCE_RIDGE_FULL,021-0002,79,-0.033757003230687435,0.27838560549687796,0.3261040472357314
7,SEQUENCE_RIDGE_FULL,021-0004,74,0.034092924619240406,0.2802556599255307,0.32132855735958477
7,SEQUENCE_RIDGE_FULL,022-0004,103,0.03927707086269742,0.27391896200843674,0.31511543082409965
7,SEQUENCE_RIDGE_FULL,022-0010,76,0.27246174115739336,0.2515518523739833,0.30374505507782606
7,SEQUENCE_RIDGE_FULL,022-0011,130,0.03672182827096783,0.2659222469737236,0.30813728006780783
7,SEQUENCE_RIDGE_FULL,022-0013,105,-0.012274843112357789,0.27573393149210335,0.31537067135727676
7,SEQUENCE_RIDGE_FULL,022-0014,103,0.1270441479978647,0.2669360916253626,0.30678329242174873
7,SEQUENCE_RIDGE_FULL,022-0017,102,0.2567099566120644,0.24942190574920015,0.29663386175587386
7,SEQUENCE_RIDGE_FULL,023-0001,134,0.09718567620010399,0.2653568298401566,0.3042900003197934
7,SEQUENCE_RIDGE_FULL,023-0004,66,-0.08908072319837025,0.28374029270956813,0.32766050701553007
7,SEQUENCE_RIDGE_FULL,024-0001,117,0.09110101098709354,0.26506898654804767,0.3066412468878011
7,SEQUENCE_RIDGE_FULL,029-0004,145,0.12927752110046162,0.2614006282066451,0.3002658587066395
7,SEQUENCE_RIDGE_FULL,029-0005,151,0.08187180868029723,0.26424627968467773,0.30376896143072685
7,SEQUENCE_RIDGE_COMPOSITION_ONLY,001-0010,145,0.12805273576504597,0.2636938617685738,0.3045950539980348
7,SEQUENCE_RIDGE_COMPOSITION_ONLY,001-0018,145,0.016347977290665592,0.26974837466590124,0.3121248397395012
7,SEQUENCE_RIDGE_COMPOSITION_ONLY,001-0025,139,0.15001398931501006,0.2577483805014017,0.30242362915294196
7,SEQUENCE_RIDGE_COMPOSITION_ONLY,001-0031,128,0.01365916136085748,0.2679491775369577,0.3134380833574885
7,SEQUENCE_RIDGE_COMPOSITION_ONLY,001-0033,142,0.09527367858863638,0.265359153262008,0.30708259054653736
7,SEQUENCE_RIDGE_COMPOSITION_ONLY,001-0035,138,0.07770616286104771,0.2645650540226202,0.30837362934178447
7,SEQUENCE_RIDGE_COMPOSITION_ONLY,001-0040,146,0.06189569369393357,0.26475799570385566,0.3090999701486613
7,SEQUENCE_RIDGE_COMPOSITION_ONLY,001-0041,139,0.1103704077444508,0.26369346600430454,0.3067776010515485
7,SEQUENCE_RIDGE_COMPOSITION_ONLY,001-0044,133,0.11048968889006841,0.2656868892411353,0.3069741439809125
7,SEQUENCE_RIDGE_COMPOSITION_ONLY,001-0048,135,0.04599130885036794,0.2652393599657984,0.31104153998667233
7,SEQUENCE_RIDGE_COMPOSITION_ONLY,001-0051,156,-0.013721973472447857,0.2698396262351593,0.31447816383643346
7,SEQUENCE_RIDGE_COMPOSITION_ONLY,001-0052,131,0.10604805767708994,0.26317402488007946,0.3071923623941916
7,SEQUENCE_RIDGE_COMPOSITION_ONLY,001-0057,139,-0.019281862237597362,0.2699753366458976,0.31427728785867937
7,SEQUENCE_RIDGE_COMPOSITION_ONLY,001-0060,136,0.12783463717246352,0.2690263964858431,0.30522650168898124
7,SEQUENCE_RIDGE_COMPOSITION_ONLY,001-0061,116,0.11849577375531714,0.26925388994153127,0.308645031087649
7,SEQUENCE_RIDGE_COMPOSITION_ONLY,001-0062,133,0.014991274915992354,0.2680121663804526,0.31348039357128876
7,SEQUENCE_RIDGE_COMPOSITION_ONLY,001-0066,137,0.0827595719583549,0.26832500349449145,0.30799079425368175
7,SEQUENCE_RIDGE_COMPOSITION_ONLY,001-0068,115,0.14115349704059382,0.2618719177466641,0.3050993039219217
7,SEQUENCE_RIDGE_COMPOSITION_ONLY,003-0004,43,-0.08540756628991925,0.2812648597002583,0.32469643187417435
7,SEQUENCE_RIDGE_COMPOSITION_ONLY,003-0006,130,0.041371087846190896,0.2690736276359663,0.3096514204531397
7,SEQUENCE_RIDGE_COMPOSITION_ONLY,004-0003,133,0.14032870629196342,0.2606035509776509,0.3035043935396835
7,SEQUENCE_RIDGE_COMPOSITION_ONLY,005-0002,115,0.11840774611244213,0.2622931715511626,0.3049002517398138
7,SEQUENCE_RIDGE_COMPOSITION_ONLY,005-0018,159,0.1157862419919935,0.26174269608783163,0.3030642849617479
7,SEQUENCE_RIDGE_COMPOSITION_ONLY,005-0019,134,0.0772806796539048,0.2676525739430284,0.3093977427011704
7,SEQUENCE_RIDGE_COMPOSITION_ONLY,005-0020,82,-0.12931079151028,0.28265827716649444,0.32802665636499456
7,SEQUENCE_RIDGE_COMPOSITION_ONLY,005-0024,113,-0.09319084493428983,0.28135814119512037,0.32381614029039524
7,SEQUENCE_RIDGE_COMPOSITION_ONLY,005-0029,138,0.1356076485838313,0.26283951293978514,0.3032126569755837
7,SEQUENCE_RIDGE_COMPOSITION_ONLY,005-0032,140,0.040752363918248255,0.26393277111276203,0.31057981894819087
7,SEQUENCE_RIDGE_COMPOSITION_ONLY,005-0033,133,0.11871629561667511,0.26836468369236754,0.30551587598164925
7,SEQUENCE_RIDGE_COMPOSITION_ONLY,005-0041,144,0.13773517911563454,0.2623578986685956,0.30272094631666674
7,SEQUENCE_RIDGE_COMPOSITION_ONLY,005-0051,141,0.08233477312453955,0.2640304224906388,0.30717930307661084
7,SEQUENCE_RIDGE_COMPOSITION_ONLY,005-0056,120,0.05348620310080412,0.2694132262715716,0.3111473107384401
7,SEQUENCE_RIDGE_COMPOSITION_ONLY,007-0003,128,-0.0033825502763211333,0.2702168699877018,0.31267582726234505
7,SEQUENCE_RIDGE_COMPOSITION_ONLY,007-0012,146,0.1008031704999354,0.2656137010402225,0.30586492789836395
7,SEQUENCE_RIDGE_COMPOSITION_ONLY,007-0015,140,0.12283531442711579,0.26614856787735575,0.30503732661652816
7,SEQUENCE_RIDGE_COMPOSITION_ONLY,007-0017,151,0.07226510366846033,0.2666323625157484,0.30627480494838233
7,SEQUENCE_RIDGE_COMPOSITION_ONLY,007-0024,121,0.05998133165890464,0.26796713820858215,0.3086545705790344
7,SEQUENCE_RIDGE_COMPOSITION_ONLY,007-0025,144,0.0717388951684798,0.27000707366243215,0.3080112673079191
7,SEQUENCE_RIDGE_COMPOSITION_ONLY,007-0026,134,0.08887731851999336,0.26938946466052305,0.3076626952569816
7,SEQUENCE_RIDGE_COMPOSITION_ONLY,007-0027,137,0.07905687240994445,0.26785227981786364,0.306801755276025
7,SEQUENCE_RIDGE_COMPOSITION_ONLY,009-0006,157,0.05138972095394263,0.2689124592880704,0.3084242739775921
7,SEQUENCE_RIDGE_COMPOSITION_ONLY,009-0008,160,0.0582894711125425,0.2670562734196906,0.30781768082150823
7,SEQUENCE_RIDGE_COMPOSITION_ONLY,009-0011,150,0.03362935452355637,0.26935922986474703,0.3108507339836436
7,SEQUENCE_RIDGE_COMPOSITION_ONLY,009-0016,138,0.06837145058495009,0.26507182717207683,0.30679482412100134
7,SEQUENCE_RIDGE_COMPOSITION_ONLY,009-0017,156,0.03553825006955936,0.26617792823383707,0.3096911927353646
7,SEQUENCE_RIDGE_COMPOSITION_ONLY,009-0018,142,0.07613506416132829,0.26480876234928596,0.306955053281855
7,SEQUENCE_RIDGE_COMPOSITION_ONLY,009-0021,157,0.037348884711804295,0.27026471610759584,0.30933337428669005
7,SEQUENCE_RIDGE_COMPOSITION_ONLY,009-0028,137,-0.06666476058856481,0.2735968617796018,0.31811723781377443
7,SEQUENCE_RIDGE_COMPOSITION_ONLY,009-0029,146,0.09233013188978756,0.26648703011531544,0.3073148226118971
7,SEQUENCE_RIDGE_COMPOSITION_ONLY,009-0031,153,0.07734922754005338,0.26619378199249216,0.3068148809588854
7,SEQUENCE_RIDGE_COMPOSITION_ONLY,009-0036,111,0.14491539944313558,0.25867801684884084,0.3054218643435907
7,SEQUENCE_RIDGE_COMPOSITION_ONLY,009-0037,123,0.06898969049266054,0.2622689687679135,0.31022313927322737
7,SEQUENCE_RIDGE_COMPOSITION_ONLY,009-0039,134,-0.010347480758771722,0.270750423014012,0.31341759136621106
7,SEQUENCE_RIDGE_COMPOSITION_ONLY,009-0048,158,0.06380825482179929,0.2645674327709528,0.3074760742994586
7,SEQUENCE_RIDGE_COMPOSITION_ONLY,010-0003,51,-0.07881784881784881,0.2926122473773389,0.3346460427829661
7,SEQUENCE_RIDGE_COMPOSITION_ONLY,010-0036,65,-0.04902764933724685,0.2857031312794441,0.3289466336340268
7,SEQUENCE_RIDGE_COMPOSITION_ONLY,010-0037,33,-0.1425796425796426,0.29649962234533417,0.3340683163973533
7,SEQUENCE_RIDGE_COMPOSITION_ONLY,010-0040,71,-0.19811782420478072,0.2883038834297386,0.335762579358376
7,SEQUENCE_RIDGE_COMPOSITION_ONLY,010-0041,79,-0.17399391997601715,0.2940277813101847,0.33477449725917596
7,SEQUENCE_RIDGE_COMPOSITION_ONLY,010-0045,57,-0.16997002997002997,0.2931851524097109,0.33894858512153686
7,SEQUENCE_RIDGE_COMPOSITION_ONLY,010-0047,43,-0.13966450216450216,0.2887306340290611,0.34294410271830134
7,SEQUENCE_RIDGE_COMPOSITION_ONLY,010-0048,41,-0.16092241092241094,0.29270733450651865,0.3391364660472685
7,SEQUENCE_RIDGE_COMPOSITION_ONLY,010-0051,71,-0.09605952355178363,0.2821331629719268,0.32871973173997654
7,SEQUENCE_RIDGE_COMPOSITION_ONLY,010-0052,60,-0.1944961127623666,0.29891546580763034,0.34072649700021584
7,SEQUENCE_RIDGE_COMPOSITION_ONLY,010-0056,67,-0.03651496078740661,0.2825088158460736,0.3249836601649976
7,SEQUENCE_RIDGE_COMPOSITION_ONLY,011-0002,153,0.08145881729654407,0.26258936776703057,0.30671718084735683
7,SEQUENCE_RIDGE_COMPOSITION_ONLY,011-0007,149,0.10537459497905746,0.26494425326741416,0.3056656844157599
7,SEQUENCE_RIDGE_COMPOSITION_ONLY,013-0006,136,0.15523710242515448,0.263915022749339,0.30318105969154396
7,SEQUENCE_RIDGE_COMPOSITION_ONLY,013-0008,144,0.12800398580964018,0.2628205163724113,0.30364983672103874
7,SEQUENCE_RIDGE_COMPOSITION_ONLY,013-0021,163,0.11370074422730969,0.26293572360109846,0.3032583697007949
7,SEQUENCE_RIDGE_COMPOSITION_ONLY,013-0032,161,0.024573486286010006,0.26678511791049997,0.3105214428033488
7,SEQUENCE_RIDGE_COMPOSITION_ONLY,014-0024,122,0.09778722783113628,0.26359535213269836,0.3075368044039004
7,SEQUENCE_RIDGE_COMPOSITION_ONLY,014-0032,116,-0.019801501588801486,0.2710228889668932,0.3153841140036917
7,SEQUENCE_RIDGE_COMPOSITION_ONLY,014-0036,131,0.1546081855976183,0.2643482421631018,0.30225971771147153
7,SEQUENCE_RIDGE_COMPOSITION_ONLY,014-0037,116,0.0402826379018283,0.27458373962408594,0.31297053822730525
7,SEQUENCE_RIDGE_COMPOSITION_ONLY,014-0038,137,0.09361174162122929,0.2633583213893216,0.30454083683524313
7,SEQUENCE_RIDGE_COMPOSITION_ONLY,014-0041,125,0.08206742479641047,0.264672140043663,0.305266368962419
7,SEQUENCE_RIDGE_COMPOSITION_ONLY,014-0049,125,0.13526775656997642,0.26460707905488995,0.3031904632743111
7,SEQUENCE_RIDGE_COMPOSITION_ONLY,014-0052,116,0.0016556700134944965,0.276028707757984,0.3172620062138842
7,SEQUENCE_RIDGE_COMPOSITION_ONLY,014-0065,105,0.007770401641369382,0.2681162264963738,0.3155329466203088
7,SEQUENCE_RIDGE_COMPOSITION_ONLY,014-0066,136,0.06900901925471709,0.2639593300686703,0.3085497315863421
7,SEQUENCE_RIDGE_COMPOSITION_ONLY,014-0068,127,0.1270038309554697,0.2613230003196632,0.30595827262574127
7,SEQUENCE_RIDGE_COMPOSITION_ONLY,015-0005,144,0.1559597315250139,0.2611814110740144,0.3007459829770549
7,SEQUENCE_RIDGE_COMPOSITION_ONLY,015-0007,130,0.082752218871011,0.27155294927522056,0.308995960177306
7,SEQUENCE_RIDGE_COMPOSITION_ONLY,017-0071,40,0.0463827838827839,0.28220156193898416,0.32436396197378337
7,SEQUENCE_RIDGE_COMPOSITION_ONLY,018-0004,152,-0.014150042851214087,0.268773376212608,0.31329972192943023
7,SEQUENCE_RIDGE_COMPOSITION_ONLY,019-0003,54,0.03328377504848092,0.2878338964111925,0.329035532058971
7,SEQUENCE_RIDGE_COMPOSITION_ONLY,020-0004,140,0.11675712905167202,0.2636689373912244,0.30664901404558415
7,SEQUENCE_RIDGE_COMPOSITION_ONLY,020-0006,139,0.08122920464705455,0.2657010126081091,0.3076715526559963
7,SEQUENCE_RIDGE_COMPOSITION_ONLY,020-0007,138,0.08274008629305364,0.2635792330543433,0.3074763387646912
7,SEQUENCE_RIDGE_COMPOSITION_ONLY,020-0011,130,0.06962243775258234,0.2672744803268371,0.3110066639696757
7,SEQUENCE_RIDGE_COMPOSITION_ONLY,020-0014,95,0.050677994686516736,0.27312392880017455,0.31453446928605033
7,SEQUENCE_RIDGE_COMPOSITION_ONLY,020-0015,149,0.06459673896083631,0.26878072554200416,0.30796477746105916
7,SEQUENCE_RIDGE_COMPOSITION_ONLY,020-0016,127,0.05795752539680434,0.2654903737598918,0.3112391019928074
7,SEQUENCE_RIDGE_COMPOSITION_ONLY,020-0017,105,0.05113658634166801,0.2734028565003115,0.31451094521819617
7,SEQUENCE_RIDGE_COMPOSITION_ONLY,020-0019,84,0.07094870956655855,0.26684314388011987,0.31854821440535985
7,SEQUENCE_RIDGE_COMPOSITION_ONLY,020-0029,137,0.097204781666602,0.27093365010848747,0.3075078654364064
7,SEQUENCE_RIDGE_COMPOSITION_ONLY,020-0032,129,0.09570608232454729,0.26355251163462656,0.3077117558161953
7,SEQUENCE_RIDGE_COMPOSITION_ONLY,020-0034,124,-0.08685488494943444,0.2774425519526287,0.3211731676854277
7,SEQUENCE_RIDGE_COMPOSITION_ONLY,020-0035,115,0.06143979676237741,0.27423635915357736,0.31384460339593245
7,SEQUENCE_RIDGE_COMPOSITION_ONLY,020-0036,139,0.07966408828363289,0.2689613180194992,0.3089236580918896
7,SEQUENCE_RIDGE_COMPOSITION_ONLY,020-0037,102,-0.14256452726017943,0.29070270360303874,0.33158037041925936
7,SEQUENCE_RIDGE_COMPOSITION_ONLY,020-0038,121,-0.012617072443014316,0.2741483949750728,0.3138324603092081
7,SEQUENCE_RIDGE_COMPOSITION_ONLY,020-0039,103,0.036694285748428035,0.27610360776922493,0.3173811760951838
7,SEQUENCE_RIDGE_COMPOSITION_ONLY,020-0040,83,-0.15886643194827338,0.2848681430556049,0.33565979104544835
7,SEQUENCE_RIDGE_COMPOSITION_ONLY,020-0042,135,0.1302640117267481,0.2667319571165144,0.3061784188218727
7,SEQUENCE_RIDGE_COMPOSITION_ONLY,020-0044,134,0.0825429489556297,0.26890035935319234,0.3081853826593445
7,SEQUENCE_RIDGE_COMPOSITION_ONLY,020-0055,142,0.03281705676975784,0.2671871549278322,0.30967402470072486
7,SEQUENCE_RIDGE_COMPOSITION_ONLY,020-0057,149,0.11570455161536757,0.2612942025163556,0.30444575417879255
7,SEQUENCE_RIDGE_COMPOSITION_ONLY,020-0058,134,-0.061204864460933296,0.2746936994898027,0.3196081692407608
7,SEQUENCE_RIDGE_COMPOSITION_ONLY,020-0061,130,0.01614269685616935,0.26970092740441326,0.313990097933095
7,SEQUENCE_RIDGE_COMPOSITION_ONLY,020-0069,117,0.13027508260951215,0.2650321778831994,0.30684763451480696
7,SEQUENCE_RIDGE_COMPOSITION_ONLY,020-0071,135,0.07571066288579212,0.27214916481385537,0.309375160323878
7,SEQUENCE_RIDGE_COMPOSITION_ONLY,020-0072,139,0.05773215234168581,0.26419137780563223,0.30953531053940686
7,SEQUENCE_RIDGE_COMPOSITION_ONLY,020-0073,90,-6.73011199326945e-06,0.2701469801592944,0.31852528537697705
7,SEQUENCE_RIDGE_COMPOSITION_ONLY,020-0075,146,0.09538769516779998,0.2638973585217267,0.3069548344638202
7,SEQUENCE_RIDGE_COMPOSITION_ONLY,020-0076,145,0.09957398552504225,0.26725518292382267,0.306337053526019
7,SEQUENCE_RIDGE_COMPOSITION_ONLY,020-0085,149,0.13520251730636815,0.2633751015281073,0.30353110619860135
7,SEQUENCE_RIDGE_COMPOSITION_ONLY,020-0086,148,0.1550319887176973,0.26057527731913865,0.30186404100071845
7,SEQUENCE_RIDGE_COMPOSITION_ONLY,020-0087,113,0.05858681671807366,0.2678208737249794,0.3124466896174658
7,SEQUENCE_RIDGE_COMPOSITION_ONLY,020-0088,152,0.1570362711437762,0.2619097728965009,0.300925129637086
7,SEQUENCE_RIDGE_COMPOSITION_ONLY,020-0090,115,0.12370800155488233,0.2620954133613819,0.3066251660726868
7,SEQUENCE_RIDGE_COMPOSITION_ONLY,020-0091,99,-0.0173840889902596,0.27167869434872555,0.31807131489647505
7,SEQUENCE_RIDGE_COMPOSITION_ONLY,020-0092,127,0.03578179651110927,0.2685031039850696,0.313112953057425
7,SEQUENCE_RIDGE_COMPOSITION_ONLY,020-0096,145,0.12346957970908903,0.26019866768891997,0.30417396128291185
7,SEQUENCE_RIDGE_COMPOSITION_ONLY,020-0097,143,0.12606195022648087,0.2630362515456833,0.3034165788802121
7,SEQUENCE_RIDGE_COMPOSITION_ONLY,020-0099,134,0.10389216140532306,0.2620116536006747,0.3056908642888452
7,SEQUENCE_RIDGE_COMPOSITION_ONLY,020-0100,104,-0.02993424632468014,0.2757732338133178,0.3220250565104986
7,SEQUENCE_RIDGE_COMPOSITION_ONLY,021-0002,79,-0.07528944739471057,0.28444315445830415,0.3317167082177361
7,SEQUENCE_RIDGE_COMPOSITION_ONLY,021-0004,74,0.012786511733880157,0.2812155844881822,0.3234805349548355
7,SEQUENCE_RIDGE_COMPOSITION_ONLY,022-0004,103,0.03114598321562582,0.2782946863356801,0.3192199637727222
7,SEQUENCE_RIDGE_COMPOSITION_ONLY,022-0010,76,0.22256439212960952,0.2549852370079811,0.30596974324904314
7,SEQUENCE_RIDGE_COMPOSITION_ONLY,022-0011,130,0.002755726613967796,0.26963453667994514,0.3134841962621714
7,SEQUENCE_RIDGE_COMPOSITION_ONLY,022-0013,105,-0.04145917206288724,0.2810012722793983,0.3193858265449187
7,SEQUENCE_RIDGE_COMPOSITION_ONLY,022-0014,103,0.07872075680280449,0.27020082631244363,0.31091945106246144
7,SEQUENCE_RIDGE_COMPOSITION_ONLY,022-0017,102,0.22143526971113178,0.2522318065551592,0.3013374994134138
7,SEQUENCE_RIDGE_COMPOSITION_ONLY,023-0001,134,0.04717808963703094,0.2703406062249054,0.3105047537176763
7,SEQUENCE_RIDGE_COMPOSITION_ONLY,023-0004,66,-0.12567099567099566,0.28734291541746393,0.33356053905225397
7,SEQUENCE_RIDGE_COMPOSITION_ONLY,024-0001,117,0.010175227137145615,0.2711916869104951,0.31385141800306493
7,SEQUENCE_RIDGE_COMPOSITION_ONLY,029-0004,145,0.12392617757834357,0.2653963103772741,0.3045987553438857
7,SEQUENCE_RIDGE_COMPOSITION_ONLY,029-0005,151,0.07229578666641445,0.2675277262722412,0.3082025010432119
10,SEQUENCE_RIDGE_FULL,001-0010,145,0.13569323582880097,0.2605767848429433,0.30041396400897125
10,SEQUENCE_RIDGE_FULL,001-0018,145,0.04083465390350062,0.2648928097076184,0.30718373863247994
10,SEQUENCE_RIDGE_FULL,001-0025,139,0.180618278861752,0.25103652070957533,0.29647826691442514
10,SEQUENCE_RIDGE_FULL,001-0031,128,0.03040921858579158,0.2643002430357421,0.3094773968393634
10,SEQUENCE_RIDGE_FULL,001-0033,142,0.08720501204830199,0.2620486455268872,0.3034458019199298
10,SEQUENCE_RIDGE_FULL,001-0035,138,0.07898875021212534,0.26264108794820124,0.30455704874304523
10,SEQUENCE_RIDGE_FULL,001-0040,146,0.06118268168830885,0.26003562947277636,0.30479923267100717
10,SEQUENCE_RIDGE_FULL,001-0041,139,0.1329618619618947,0.25786337885468535,0.30126270304495856
10,SEQUENCE_RIDGE_FULL,001-0044,133,0.10136646233799933,0.26178853747936326,0.3030159320341702
10,SEQUENCE_RIDGE_FULL,001-0048,135,0.06272985743999289,0.2621457503290109,0.3061054146023218
10,SEQUENCE_RIDGE_FULL,001-0051,156,-0.02625187905074053,0.26748612040149605,0.3112795731208436
10,SEQUENCE_RIDGE_FULL,001-0052,131,0.10588578983740275,0.25780174220568364,0.3029601797183357
10,SEQUENCE_RIDGE_FULL,001-0057,139,-0.0039071608014224,0.2649422664181978,0.30966399275217193
10,SEQUENCE_RIDGE_FULL,001-0060,136,0.1592641618852114,0.26282458754079824,0.2993144123069324
10,SEQUENCE_RIDGE_FULL,001-0061,116,0.14485187043536135,0.26237021376634617,0.3034643875489619
10,SEQUENCE_RIDGE_FULL,001-0062,133,0.05063045073068999,0.261491870329935,0.3078735069767532
10,SEQUENCE_RIDGE_FULL,001-0066,137,0.12670858305543903,0.26273687642106164,0.30246934394313973
10,SEQUENCE_RIDGE_FULL,001-0068,115,0.19759528168037624,0.2549948142322809,0.2984017576410313
10,SEQUENCE_RIDGE_FULL,003-0004,43,-0.00811182281770518,0.2761227822217746,0.3197706596099585
10,SEQUENCE_RIDGE_FULL,003-0006,130,0.07355798576291936,0.2651191159140366,0.306028908500834
10,SEQUENCE_RIDGE_FULL,004-0003,133,0.15115135100973937,0.25706720697603064,0.29988528178567847
10,SEQUENCE_RIDGE_FULL,005-0002,115,0.20034526547753803,0.2535969308971232,0.29803128460673134
10,SEQUENCE_RIDGE_FULL,005-0018,159,0.13732328850237635,0.25679047506521135,0.2983761212102488
10,SEQUENCE_RIDGE_FULL,005-0019,134,0.08269953882333651,0.2635864307351637,0.3049332395216443
10,SEQUENCE_RIDGE_FULL,005-0020,82,-0.052689739927591586,0.2797161425596836,0.32392493180591625
10,SEQUENCE_RIDGE_FULL,005-0024,113,-0.06691741946627874,0.2788502241785076,0.3204803073286551
10,SEQUENCE_RIDGE_FULL,005-0029,138,0.1547352943500624,0.25938073162694386,0.29933406797887835
10,SEQUENCE_RIDGE_FULL,005-0032,140,0.051304553222473716,0.2623134684013121,0.30634108626371565
10,SEQUENCE_RIDGE_FULL,005-0033,133,0.12074746295239655,0.2641971356385211,0.30304673975563223
10,SEQUENCE_RIDGE_FULL,005-0041,144,0.17113535736875396,0.2575450853652792,0.2965736777169593
10,SEQUENCE_RIDGE_FULL,005-0051,141,0.09641029715556967,0.26114521585607997,0.3031638946209224
10,SEQUENCE_RIDGE_FULL,005-0056,120,0.06788369149409798,0.26336647622058307,0.30618955894768035
10,SEQUENCE_RIDGE_FULL,007-0003,128,-0.0027688647404998878,0.2674244009096204,0.3111192840174297
10,SEQUENCE_RIDGE_FULL,007-0012,146,0.10264819620893792,0.2627119273479442,0.30205997814335256
10,SEQUENCE_RIDGE_FULL,007-0015,140,0.13137369762345225,0.26153136464233107,0.3016395904731462
10,SEQUENCE_RIDGE_FULL,007-0017,151,0.08187774422136132,0.26236398729686605,0.303545175297648
10,SEQUENCE_RIDGE_FULL,007-0024,121,0.1031448969057224,0.26457792759481413,0.3050757284027473
10,SEQUENCE_RIDGE_FULL,007-0025,144,0.1126558521391962,0.26553229957751223,0.30174070990337765
10,SEQUENCE_RIDGE_FULL,007-0026,134,0.07744300938870068,0.2677779237019372,0.30494570729644466
10,SEQUENCE_RIDGE_FULL,007-0027,137,0.11931049143082122,0.2624522827170642,0.30189011416647105
10,SEQUENCE_RIDGE_FULL,009-0006,157,0.03329461575306632,0.26573596219829254,0.3065645222245216
10,SEQUENCE_RIDGE_FULL,009-0008,160,0.07056859076930397,0.2626621051873482,0.3035401479012912
10,SEQUENCE_RIDGE_FULL,009-0011,150,0.013196478352164276,0.26714092832146036,0.3096074600974917
10,SEQUENCE_RIDGE_FULL,009-0016,138,0.11123089451889709,0.2608497221292023,0.3024463305772042
10,SEQUENCE_RIDGE_FULL,009-0017,156,0.03423109370073317,0.26319284451046104,0.30632629403610406
10,SEQUENCE_RIDGE_FULL,009-0018,142,0.07940036020298058,0.2605069956033776,0.3031515833510504
10,SEQUENCE_RIDGE_FULL,009-0021,157,0.04076187440628322,0.2666102664239404,0.3061247791808023
10,SEQUENCE_RIDGE_FULL,009-0028,137,-0.029927633236865713,0.26742629463177353,0.3115612753070496
10,SEQUENCE_RIDGE_FULL,009-0029,146,0.09711960456023908,0.2625758602973315,0.3036676680516832
10,SEQUENCE_RIDGE_FULL,009-0031,153,0.0706081427853559,0.2647551174935415,0.3045164957147069
10,SEQUENCE_RIDGE_FULL,009-0036,111,0.1876906601644233,0.25482807303751775,0.3007480848513775
10,SEQUENCE_RIDGE_FULL,009-0037,123,0.08216197642433101,0.2600261814727366,0.3065762781441499
10,SEQUENCE_RIDGE_FULL,009-0039,134,0.005664988080122615,0.26777605769889934,0.31044729453650144
10,SEQUENCE_RIDGE_FULL,009-0048,158,0.09819202390229022,0.25976763782734763,0.30185183539244176
10,SEQUENCE_RIDGE_FULL,010-0003,25,-0.21583416583416587,0.2907889209780721,0.33878714937960797
10,SEQUENCE_RIDGE_FULL,010-0036,48,-0.0195916484616175,0.279140692232622,0.3232199151784249
10,SEQUENCE_RIDGE_FULL,010-0037,33,-0.08834498834498834,0.29028087075465153,0.32922738513076744
10,SEQUENCE_RIDGE_FULL,010-0040,62,-0.1307485992268601,0.2854300037931381,0.32720804889676985
10,SEQUENCE_RIDGE_FULL,010-0041,70,-0.13501726108503603,0.2838520028286666,0.32830608500915587
10,SEQUENCE_RIDGE_FULL,010-0045,42,-0.21601731601731602,0.29495906834084423,0.3355049791387672
10,SEQUENCE_RIDGE_FULL,010-0047,26,-0.0586038961038961,0.2829155150199316,0.3287964795037369
10,SEQUENCE_RIDGE_FULL,010-0048,24,-0.013253413253413227,0.2808965493333306,0.32496383052350875
10,SEQUENCE_RIDGE_FULL,010-0051,71,0.005039810550646467,0.2748667867897582,0.32036565785903115
10,SEQUENCE_RIDGE_FULL,010-0052,42,0.05092640417717817,0.2818544155256366,0.3188808527661517
10,SEQUENCE_RIDGE_FULL,010-0056,59,-0.0593113800544141,0.27953838482042176,0.32156781399849965
10,SEQUENCE_RIDGE_FULL,011-0002,153,0.09765835479707102,0.2580243182887026,0.30202193689927287
10,SEQUENCE_RIDGE_FULL,011-0007,149,0.12303824978267168,0.2608134641465652,0.3009469227715861
10,SEQUENCE_RIDGE_FULL,013-0006,136,0.17695776551089643,0.2605154406365925,0.30080817604815113
10,SEQUENCE_RIDGE_FULL,013-0008,144,0.14314715056871805,0.25923854365710375,0.2996665250014309
10,SEQUENCE_RIDGE_FULL,013-0021,163,0.12956221198156684,0.2584898708595567,0.29834819346390157
10,SEQUENCE_RIDGE_FULL,013-0032,161,0.03211775710385276,0.2631722932444152,0.3062639521009001
10,SEQUENCE_RIDGE_FULL,014-0024,122,0.12092198208936104,0.26038723316126794,0.3039071901614025
10,SEQUENCE_RIDGE_FULL,014-0032,116,0.016633502107507036,0.2661548405640205,0.31077526691105606
10,SEQUENCE_RIDGE_FULL,014-0036,131,0.16233244440641548,0.26050117223841224,0.3002301447882797
10,SEQUENCE_RIDGE_FULL,014-0037,116,0.07380556475009248,0.2671379804350221,0.30769014285832375
10,SEQUENCE_RIDGE_FULL,014-0038,137,0.14570956431297988,0.2574558068731263,0.29937398675428606
10,SEQUENCE_RIDGE_FULL,014-0041,125,0.1737927734807436,0.25670753550398967,0.29789043028051165
10,SEQUENCE_RIDGE_FULL,014-0049,125,0.18668840841414233,0.25778205431126516,0.2972449481066531
10,SEQUENCE_RIDGE_FULL,014-0052,116,-0.006733351083213499,0.27329201808724346,0.313884638846526
10,SEQUENCE_RIDGE_FULL,014-0065,105,0.04147511986221664,0.26479065328633966,0.31290335596538976
10,SEQUENCE_RIDGE_FULL,014-0066,136,0.09760259208682294,0.26037081602177004,0.3043485083623873
10,SEQUENCE_RIDGE_FULL,014-0068,127,0.13366800583732366,0.25862713374049234,0.3022218529189077
10,SEQUENCE_RIDGE_FULL,015-0005,144,0.19013469987150755,0.25745593327150734,0.2966173573070423
10,SEQUENCE_RIDGE_FULL,015-0007,130,0.1112315636055398,0.2658530321334788,0.303685857454706
10,SEQUENCE_RIDGE_FULL,017-0071,23,-0.46273726273726273,0.31595683914655004,0.3582560567956309
10,SEQUENCE_RIDGE_FULL,018-0004,152,-0.001171739665163729,0.26513828200250067,0.30974733814580174
10,SEQUENCE_RIDGE_FULL,019-0003,30,-0.19894688644688643,0.29104543213060796,0.33659542117332464
10,SEQUENCE_RIDGE_FULL,020-0004,140,0.12315719025461877,0.25885161853370126,0.3013309583743807
10,SEQUENCE_RIDGE_FULL,020-0006,139,0.06931090714559276,0.2614966320122346,0.3047896682819318
10,SEQUENCE_RIDGE_FULL,020-0007,138,0.1037507380003945,0.2590613900788582,0.3027213616346415
10,SEQUENCE_RIDGE_FULL,020-0011,130,0.07273536425260563,0.2631748510783739,0.30676096225137733
10,SEQUENCE_RIDGE_FULL,020-0014,95,0.06748343591143244,0.26903615750657683,0.3097339470204209
10,SEQUENCE_RIDGE_FULL,020-0015,149,0.0963594741972024,0.265507499695522,0.3030735708763853
10,SEQUENCE_RIDGE_FULL,020-0016,127,0.0833844173316989,0.26025642587772674,0.30596375605778003
10,SEQUENCE_RIDGE_FULL,020-0017,105,0.09081235763631408,0.2686365559778965,0.30884907199782685
10,SEQUENCE_RIDGE_FULL,020-0019,69,0.08644722173326291,0.25816983636555785,0.30474673487456333
10,SEQUENCE_RIDGE_FULL,020-0029,137,0.10949562506095911,0.26704949264239747,0.3033355315449985
10,SEQUENCE_RIDGE_FULL,020-0032,129,0.09503706465330493,0.2614522152237343,0.30381117075878916
10,SEQUENCE_RIDGE_FULL,020-0034,124,-0.06907057921685285,0.2730018345407124,0.3165412634264416
10,SEQUENCE_RIDGE_FULL,020-0035,115,0.0688326870262354,0.2686629874369289,0.30934160391188303
10,SEQUENCE_RIDGE_FULL,020-0036,139,0.084032883098348,0.2653043753748073,0.3048410215150596
10,SEQUENCE_RIDGE_FULL,020-0037,93,0.028531796372875826,0.27170514248618194,0.31213786560588996
10,SEQUENCE_RIDGE_FULL,020-0038,121,0.014191407583243934,0.26917287615727287,0.31063865228811294
10,SEQUENCE_RIDGE_FULL,020-0039,95,0.0207007318985604,0.2717127874383245,0.3120990891350476
10,SEQUENCE_RIDGE_FULL,020-0040,75,-0.04712093107233771,0.27164374054931617,0.32008493516892966
10,SEQUENCE_RIDGE_FULL,020-0042,135,0.12370099342012578,0.2615836442307623,0.3023976895333432
10,SEQUENCE_RIDGE_FULL,020-0044,134,0.12401928068223951,0.26328072660674806,0.30230511230902357
10,SEQUENCE_RIDGE_FULL,020-0055,142,0.03583870367567229,0.26456858622154605,0.30709710353201203
10,SEQUENCE_RIDGE_FULL,020-0057,149,0.13657544542743782,0.25707024441420806,0.2992702814077711
10,SEQUENCE_RIDGE_FULL,020-0058,134,-0.07008742778519655,0.2717095194314908,0.31634942525290854
10,SEQUENCE_RIDGE_FULL,020-0061,130,0.009619347761662756,0.26770052362891145,0.31123438892536825
10,SEQUENCE_RIDGE_FULL,020-0069,117,0.1781036080200369,0.2591523180488058,0.30039259371485477
10,SEQUENCE_RIDGE_FULL,020-0071,135,0.10952845454399467,0.2655207213466958,0.3033399706664831
10,SEQUENCE_RIDGE_FULL,020-0072,139,0.06557960182706632,0.2605688442691382,0.30553132424723756
10,SEQUENCE_RIDGE_FULL,020-0073,90,0.08915957726484043,0.2631943823825388,0.31234772641020914
10,SEQUENCE_RIDGE_FULL,020-0075,146,0.09949408782465463,0.26031553967334414,0.30245954034047456
10,SEQUENCE_RIDGE_FULL,020-0076,145,0.11467019632203168,0.2631320275105136,0.3017154775007897
10,SEQUENCE_RIDGE_FULL,020-0085,149,0.15639612523268417,0.2587355831815204,0.2983851195292119
10,SEQUENCE_RIDGE_FULL,020-0086,148,0.1587455550208971,0.258182376006781,0.2977258928110773
10,SEQUENCE_RIDGE_FULL,020-0087,113,0.10641032431911186,0.2618411297066568,0.30618436110416664
10,SEQUENCE_RIDGE_FULL,020-0088,152,0.18034424950753553,0.25751238892935496,0.29610627648603083
10,SEQUENCE_RIDGE_FULL,020-0090,115,0.1488627571583159,0.2596348888083245,0.3029294117626547
10,SEQUENCE_RIDGE_FULL,020-0091,99,0.03740387383869821,0.26744399781811456,0.3129619041381841
10,SEQUENCE_RIDGE_FULL,020-0092,127,0.03931274039969691,0.2633789518479546,0.3083705576196922
10,SEQUENCE_RIDGE_FULL,020-0096,145,0.14196399785518415,0.2580461220731821,0.2995922989150876
10,SEQUENCE_RIDGE_FULL,020-0097,143,0.15806216557002453,0.2584713561696427,0.2987155861364484
10,SEQUENCE_RIDGE_FULL,020-0099,134,0.1183290850409215,0.25976607546188707,0.30205410929530035
10,SEQUENCE_RIDGE_FULL,020-0100,95,0.049222169654594576,0.26062882970437984,0.3094899466316635
10,SEQUENCE_RIDGE_FULL,021-0002,72,0.10066088881878356,0.2684926235782612,0.3118547362779286
10,SEQUENCE_RIDGE_FULL,021-0004,66,0.04856853672643146,0.2740842302355731,0.31556785002630283
10,SEQUENCE_RIDGE_FULL,022-0004,103,0.03927707086269742,0.27391896200843674,0.31511543082409965
10,SEQUENCE_RIDGE_FULL,022-0010,68,0.1858152716848369,0.250039293719799,0.30454653893794326
10,SEQUENCE_RIDGE_FULL,022-0011,130,0.03672182827096783,0.2659222469737236,0.30813728006780783
10,SEQUENCE_RIDGE_FULL,022-0013,105,-0.012274843112357789,0.27573393149210335,0.31537067135727676
10,SEQUENCE_RIDGE_FULL,022-0014,103,0.1270441479978647,0.2669360916253626,0.30678329242174873
10,SEQUENCE_RIDGE_FULL,022-0017,93,0.2042207790984138,0.25304644194395465,0.29710577712007497
10,SEQUENCE_RIDGE_FULL,023-0001,134,0.09718567620010399,0.2653568298401566,0.3042900003197934
10,SEQUENCE_RIDGE_FULL,023-0004,59,0.04043481028775146,0.27353373253459784,0.3178015344570211
10,SEQUENCE_RIDGE_FULL,024-0001,117,0.09110101098709354,0.26506898654804767,0.3066412468878011
10,SEQUENCE_RIDGE_FULL,029-0004,145,0.12927752110046162,0.2614006282066451,0.3002658587066395
10,SEQUENCE_RIDGE_FULL,029-0005,151,0.08187180868029723,0.26424627968467773,0.30376896143072685
10,SEQUENCE_RIDGE_COMPOSITION_ONLY,001-0010,145,0.12805273576504597,0.2636938617685738,0.3045950539980348
10,SEQUENCE_RIDGE_COMPOSITION_ONLY,001-0018,145,0.016347977290665592,0.26974837466590124,0.3121248397395012
10,SEQUENCE_RIDGE_COMPOSITION_ONLY,001-0025,139,0.15001398931501006,0.2577483805014017,0.30242362915294196
10,SEQUENCE_RIDGE_COMPOSITION_ONLY,001-0031,128,0.01365916136085748,0.2679491775369577,0.3134380833574885
10,SEQUENCE_RIDGE_COMPOSITION_ONLY,001-0033,142,0.09527367858863638,0.265359153262008,0.30708259054653736
10,SEQUENCE_RIDGE_COMPOSITION_ONLY,001-0035,138,0.07770616286104771,0.2645650540226202,0.30837362934178447
10,SEQUENCE_RIDGE_COMPOSITION_ONLY,001-0040,146,0.06189569369393357,0.26475799570385566,0.3090999701486613
10,SEQUENCE_RIDGE_COMPOSITION_ONLY,001-0041,139,0.1103704077444508,0.26369346600430454,0.3067776010515485
10,SEQUENCE_RIDGE_COMPOSITION_ONLY,001-0044,133,0.11048968889006841,0.2656868892411353,0.3069741439809125
10,SEQUENCE_RIDGE_COMPOSITION_ONLY,001-0048,135,0.04599130885036794,0.2652393599657984,0.31104153998667233
10,SEQUENCE_RIDGE_COMPOSITION_ONLY,001-0051,156,-0.013721973472447857,0.2698396262351593,0.31447816383643346
10,SEQUENCE_RIDGE_COMPOSITION_ONLY,001-0052,131,0.10604805767708994,0.26317402488007946,0.3071923623941916
10,SEQUENCE_RIDGE_COMPOSITION_ONLY,001-0057,139,-0.019281862237597362,0.2699753366458976,0.31427728785867937
10,SEQUENCE_RIDGE_COMPOSITION_ONLY,001-0060,136,0.12783463717246352,0.2690263964858431,0.30522650168898124
10,SEQUENCE_RIDGE_COMPOSITION_ONLY,001-0061,116,0.11849577375531714,0.26925388994153127,0.308645031087649
10,SEQUENCE_RIDGE_COMPOSITION_ONLY,001-0062,133,0.014991274915992354,0.2680121663804526,0.31348039357128876
10,SEQUENCE_RIDGE_COMPOSITION_ONLY,001-0066,137,0.0827595719583549,0.26832500349449145,0.30799079425368175
10,SEQUENCE_RIDGE_COMPOSITION_ONLY,001-0068,115,0.14115349704059382,0.2618719177466641,0.3050993039219217
10,SEQUENCE_RIDGE_COMPOSITION_ONLY,003-0004,43,-0.08540756628991925,0.2812648597002583,0.32469643187417435
10,SEQUENCE_RIDGE_COMPOSITION_ONLY,003-0006,130,0.041371087846190896,0.2690736276359663,0.3096514204531397
10,SEQUENCE_RIDGE_COMPOSITION_ONLY,004-0003,133,0.14032870629196342,0.2606035509776509,0.3035043935396835
10,SEQUENCE_RIDGE_COMPOSITION_ONLY,005-0002,115,0.11840774611244213,0.2622931715511626,0.3049002517398138
10,SEQUENCE_RIDGE_COMPOSITION_ONLY,005-0018,159,0.1157862419919935,0.26174269608783163,0.3030642849617479
10,SEQUENCE_RIDGE_COMPOSITION_ONLY,005-0019,134,0.0772806796539048,0.2676525739430284,0.3093977427011704
10,SEQUENCE_RIDGE_COMPOSITION_ONLY,005-0020,82,-0.12931079151028,0.28265827716649444,0.32802665636499456
10,SEQUENCE_RIDGE_COMPOSITION_ONLY,005-0024,113,-0.09319084493428983,0.28135814119512037,0.32381614029039524
10,SEQUENCE_RIDGE_COMPOSITION_ONLY,005-0029,138,0.1356076485838313,0.26283951293978514,0.3032126569755837
10,SEQUENCE_RIDGE_COMPOSITION_ONLY,005-0032,140,0.040752363918248255,0.26393277111276203,0.31057981894819087
10,SEQUENCE_RIDGE_COMPOSITION_ONLY,005-0033,133,0.11871629561667511,0.26836468369236754,0.30551587598164925
10,SEQUENCE_RIDGE_COMPOSITION_ONLY,005-0041,144,0.13773517911563454,0.2623578986685956,0.30272094631666674
10,SEQUENCE_RIDGE_COMPOSITION_ONLY,005-0051,141,0.08233477312453955,0.2640304224906388,0.30717930307661084
10,SEQUENCE_RIDGE_COMPOSITION_ONLY,005-0056,120,0.05348620310080412,0.2694132262715716,0.3111473107384401
10,SEQUENCE_RIDGE_COMPOSITION_ONLY,007-0003,128,-0.0033825502763211333,0.2702168699877018,0.31267582726234505
10,SEQUENCE_RIDGE_COMPOSITION_ONLY,007-0012,146,0.1008031704999354,0.2656137010402225,0.30586492789836395
10,SEQUENCE_RIDGE_COMPOSITION_ONLY,007-0015,140,0.12283531442711579,0.26614856787735575,0.30503732661652816
10,SEQUENCE_RIDGE_COMPOSITION_ONLY,007-0017,151,0.07226510366846033,0.2666323625157484,0.30627480494838233
10,SEQUENCE_RIDGE_COMPOSITION_ONLY,007-0024,121,0.05998133165890464,0.26796713820858215,0.3086545705790344
10,SEQUENCE_RIDGE_COMPOSITION_ONLY,007-0025,144,0.0717388951684798,0.27000707366243215,0.3080112673079191
10,SEQUENCE_RIDGE_COMPOSITION_ONLY,007-0026,134,0.08887731851999336,0.26938946466052305,0.3076626952569816
10,SEQUENCE_RIDGE_COMPOSITION_ONLY,007-0027,137,0.07905687240994445,0.26785227981786364,0.306801755276025
10,SEQUENCE_RIDGE_COMPOSITION_ONLY,009-0006,157,0.05138972095394263,0.2689124592880704,0.3084242739775921
10,SEQUENCE_RIDGE_COMPOSITION_ONLY,009-0008,160,0.0582894711125425,0.2670562734196906,0.30781768082150823
10,SEQUENCE_RIDGE_COMPOSITION_ONLY,009-0011,150,0.03362935452355637,0.26935922986474703,0.3108507339836436
10,SEQUENCE_RIDGE_COMPOSITION_ONLY,009-0016,138,0.06837145058495009,0.26507182717207683,0.30679482412100134
10,SEQUENCE_RIDGE_COMPOSITION_ONLY,009-0017,156,0.03553825006955936,0.26617792823383707,0.3096911927353646
10,SEQUENCE_RIDGE_COMPOSITION_ONLY,009-0018,142,0.07613506416132829,0.26480876234928596,0.306955053281855
10,SEQUENCE_RIDGE_COMPOSITION_ONLY,009-0021,157,0.037348884711804295,0.27026471610759584,0.30933337428669005
10,SEQUENCE_RIDGE_COMPOSITION_ONLY,009-0028,137,-0.06666476058856481,0.2735968617796018,0.31811723781377443
10,SEQUENCE_RIDGE_COMPOSITION_ONLY,009-0029,146,0.09233013188978756,0.26648703011531544,0.3073148226118971
10,SEQUENCE_RIDGE_COMPOSITION_ONLY,009-0031,153,0.07734922754005338,0.26619378199249216,0.3068148809588854
10,SEQUENCE_RIDGE_COMPOSITION_ONLY,009-0036,111,0.14491539944313558,0.25867801684884084,0.3054218643435907
10,SEQUENCE_RIDGE_COMPOSITION_ONLY,009-0037,123,0.06898969049266054,0.2622689687679135,0.31022313927322737
10,SEQUENCE_RIDGE_COMPOSITION_ONLY,009-0039,134,-0.010347480758771722,0.270750423014012,0.31341759136621106
10,SEQUENCE_RIDGE_COMPOSITION_ONLY,009-0048,158,0.06380825482179929,0.2645674327709528,0.3074760742994586
10,SEQUENCE_RIDGE_COMPOSITION_ONLY,010-0003,25,-0.26728271728271724,0.29649552271184443,0.34529035946731723
10,SEQUENCE_RIDGE_COMPOSITION_ONLY,010-0036,48,-0.15314132032398287,0.2856601195427449,0.3303706749876929
10,SEQUENCE_RIDGE_COMPOSITION_ONLY,010-0037,33,-0.1425796425796426,0.29649962234533417,0.3340683163973533
10,SEQUENCE_RIDGE_COMPOSITION_ONLY,010-0040,62,-0.22681394692264256,0.29174021256825766,0.3333257274287027
10,SEQUENCE_RIDGE_COMPOSITION_ONLY,010-0041,70,-0.20915906663668812,0.28962315115764276,0.3328343058407175
10,SEQUENCE_RIDGE_COMPOSITION_ONLY,010-0045,42,-0.21185481185481184,0.29696169801556505,0.3364636183342948
10,SEQUENCE_RIDGE_COMPOSITION_ONLY,010-0047,26,-0.1448051948051948,0.2891878426818153,0.3347793385335439
10,SEQUENCE_RIDGE_COMPOSITION_ONLY,010-0048,24,-0.12660672660672662,0.2876624144268885,0.3297632889039228
10,SEQUENCE_RIDGE_COMPOSITION_ONLY,010-0051,71,-0.09605952355178363,0.2821331629719268,0.32871973173997654
10,SEQUENCE_RIDGE_COMPOSITION_ONLY,010-0052,42,-0.10193796571505549,0.2919809065987042,0.3288772899752743
10,SEQUENCE_RIDGE_COMPOSITION_ONLY,010-0056,59,-0.06945322479378208,0.28176488051732695,0.3219618889222118
10,SEQUENCE_RIDGE_COMPOSITION_ONLY,011-0002,153,0.08145881729654407,0.26258936776703057,0.30671718084735683
10,SEQUENCE_RIDGE_COMPOSITION_ONLY,011-0007,149,0.10537459497905746,0.26494425326741416,0.3056656844157599
10,SEQUENCE_RIDGE_COMPOSITION_ONLY,013-0006,136,0.15523710242515448,0.263915022749339,0.30318105969154396
10,SEQUENCE_RIDGE_COMPOSITION_ONLY,013-0008,144,0.12800398580964018,0.2628205163724113,0.30364983672103874
10,SEQUENCE_RIDGE_COMPOSITION_ONLY,013-0021,163,0.11370074422730969,0.26293572360109846,0.3032583697007949
10,SEQUENCE_RIDGE_COMPOSITION_ONLY,013-0032,161,0.024573486286010006,0.26678511791049997,0.3105214428033488
10,SEQUENCE_RIDGE_COMPOSITION_ONLY,014-0024,122,0.09778722783113628,0.26359535213269836,0.3075368044039004
10,SEQUENCE_RIDGE_COMPOSITION_ONLY,014-0032,116,-0.019801501588801486,0.2710228889668932,0.3153841140036917
10,SEQUENCE_RIDGE_COMPOSITION_ONLY,014-0036,131,0.1546081855976183,0.2643482421631018,0.30225971771147153
10,SEQUENCE_RIDGE_COMPOSITION_ONLY,014-0037,116,0.0402826379018283,0.27458373962408594,0.31297053822730525
10,SEQUENCE_RIDGE_COMPOSITION_ONLY,014-0038,137,0.09361174162122929,0.2633583213893216,0.30454083683524313
10,SEQUENCE_RIDGE_COMPOSITION_ONLY,014-0041,125,0.08206742479641047,0.264672140043663,0.305266368962419
10,SEQUENCE_RIDGE_COMPOSITION_ONLY,014-0049,125,0.13526775656997642,0.26460707905488995,0.3031904632743111
10,SEQUENCE_RIDGE_COMPOSITION_ONLY,014-0052,116,0.0016556700134944965,0.276028707757984,0.3172620062138842
10,SEQUENCE_RIDGE_COMPOSITION_ONLY,014-0065,105,0.007770401641369382,0.2681162264963738,0.3155329466203088
10,SEQUENCE_RIDGE_COMPOSITION_ONLY,014-0066,136,0.06900901925471709,0.2639593300686703,0.3085497315863421
10,SEQUENCE_RIDGE_COMPOSITION_ONLY,014-0068,127,0.1270038309554697,0.2613230003196632,0.30595827262574127
10,SEQUENCE_RIDGE_COMPOSITION_ONLY,015-0005,144,0.1559597315250139,0.2611814110740144,0.3007459829770549
10,SEQUENCE_RIDGE_COMPOSITION_ONLY,015-0007,130,0.082752218871011,0.27155294927522056,0.308995960177306
10,SEQUENCE_RIDGE_COMPOSITION_ONLY,017-0071,23,-0.536996336996337,0.3256576446589179,0.3655382375507349
10,SEQUENCE_RIDGE_COMPOSITION_ONLY,018-0004,152,-0.014150042851214087,0.268773376212608,0.31329972192943023
10,SEQUENCE_RIDGE_COMPOSITION_ONLY,019-0003,30,-0.22869532428355957,0.2926582039946426,0.33707626707670013
10,SEQUENCE_RIDGE_COMPOSITION_ONLY,020-0004,140,0.11675712905167202,0.2636689373912244,0.30664901404558415
10,SEQUENCE_RIDGE_COMPOSITION_ONLY,020-0006,139,0.08122920464705455,0.2657010126081091,0.3076715526559963
10,SEQUENCE_RIDGE_COMPOSITION_ONLY,020-0007,138,0.08274008629305364,0.2635792330543433,0.3074763387646912
10,SEQUENCE_RIDGE_COMPOSITION_ONLY,020-0011,130,0.06962243775258234,0.2672744803268371,0.3110066639696757
10,SEQUENCE_RIDGE_COMPOSITION_ONLY,020-0014,95,0.050677994686516736,0.27312392880017455,0.31453446928605033
10,SEQUENCE_RIDGE_COMPOSITION_ONLY,020-0015,149,0.06459673896083631,0.26878072554200416,0.30796477746105916
10,SEQUENCE_RIDGE_COMPOSITION_ONLY,020-0016,127,0.05795752539680434,0.2654903737598918,0.3112391019928074
10,SEQUENCE_RIDGE_COMPOSITION_ONLY,020-0017,105,0.05113658634166801,0.2734028565003115,0.31451094521819617
10,SEQUENCE_RIDGE_COMPOSITION_ONLY,020-0019,69,0.03094626197601026,0.2621115350514454,0.30971968629955354
10,SEQUENCE_RIDGE_COMPOSITION_ONLY,020-0029,137,0.097204781666602,0.27093365010848747,0.3075078654364064
10,SEQUENCE_RIDGE_COMPOSITION_ONLY,020-0032,129,0.09570608232454729,0.26355251163462656,0.3077117558161953
10,SEQUENCE_RIDGE_COMPOSITION_ONLY,020-0034,124,-0.08685488494943444,0.2774425519526287,0.3211731676854277
10,SEQUENCE_RIDGE_COMPOSITION_ONLY,020-0035,115,0.06143979676237741,0.27423635915357736,0.31384460339593245
10,SEQUENCE_RIDGE_COMPOSITION_ONLY,020-0036,139,0.07966408828363289,0.2689613180194992,0.3089236580918896
10,SEQUENCE_RIDGE_COMPOSITION_ONLY,020-0037,93,-0.05320565907522429,0.2785628831199677,0.3197755089156688
10,SEQUENCE_RIDGE_COMPOSITION_ONLY,020-0038,121,-0.012617072443014316,0.2741483949750728,0.3138324603092081
10,SEQUENCE_RIDGE_COMPOSITION_ONLY,020-0039,95,-0.03151309519541734,0.27677756510388807,0.3182647580577604
10,SEQUENCE_RIDGE_COMPOSITION_ONLY,020-0040,75,-0.1152497066020084,0.2776687253192929,0.3268772499876777
10,SEQUENCE_RIDGE_COMPOSITION_ONLY,020-0042,135,0.1302640117267481,0.2667319571165144,0.3061784188218727
10,SEQUENCE_RIDGE_COMPOSITION_ONLY,020-0044,134,0.0825429489556297,0.26890035935319234,0.3081853826593445
10,SEQUENCE_RIDGE_COMPOSITION_ONLY,020-0055,142,0.03281705676975784,0.2671871549278322,0.30967402470072486
10,SEQUENCE_RIDGE_COMPOSITION_ONLY,020-0057,149,0.11570455161536757,0.2612942025163556,0.30444575417879255
10,SEQUENCE_RIDGE_COMPOSITION_ONLY,020-0058,134,-0.061204864460933296,0.2746936994898027,0.3196081692407608
10,SEQUENCE_RIDGE_COMPOSITION_ONLY,020-0061,130,0.01614269685616935,0.26970092740441326,0.313990097933095
10,SEQUENCE_RIDGE_COMPOSITION_ONLY,020-0069,117,0.13027508260951215,0.2650321778831994,0.30684763451480696
10,SEQUENCE_RIDGE_COMPOSITION_ONLY,020-0071,135,0.07571066288579212,0.27214916481385537,0.309375160323878
10,SEQUENCE_RIDGE_COMPOSITION_ONLY,020-0072,139,0.05773215234168581,0.26419137780563223,0.30953531053940686
10,SEQUENCE_RIDGE_COMPOSITION_ONLY,020-0073,90,-6.73011199326945e-06,0.2701469801592944,0.31852528537697705
10,SEQUENCE_RIDGE_COMPOSITION_ONLY,020-0075,146,0.09538769516779998,0.2638973585217267,0.3069548344638202
10,SEQUENCE_RIDGE_COMPOSITION_ONLY,020-0076,145,0.09957398552504225,0.26725518292382267,0.306337053526019
10,SEQUENCE_RIDGE_COMPOSITION_ONLY,020-0085,149,0.13520251730636815,0.2633751015281073,0.30353110619860135
10,SEQUENCE_RIDGE_COMPOSITION_ONLY,020-0086,148,0.1550319887176973,0.26057527731913865,0.30186404100071845
10,SEQUENCE_RIDGE_COMPOSITION_ONLY,020-0087,113,0.05858681671807366,0.2678208737249794,0.3124466896174658
10,SEQUENCE_RIDGE_COMPOSITION_ONLY,020-0088,152,0.1570362711437762,0.2619097728965009,0.300925129637086
10,SEQUENCE_RIDGE_COMPOSITION_ONLY,020-0090,115,0.12370800155488233,0.2620954133613819,0.3066251660726868
10,SEQUENCE_RIDGE_COMPOSITION_ONLY,020-0091,99,-0.0173840889902596,0.27167869434872555,0.31807131489647505
10,SEQUENCE_RIDGE_COMPOSITION_ONLY,020-0092,127,0.03578179651110927,0.2685031039850696,0.313112953057425
10,SEQUENCE_RIDGE_COMPOSITION_ONLY,020-0096,145,0.12346957970908903,0.26019866768891997,0.30417396128291185
10,SEQUENCE_RIDGE_COMPOSITION_ONLY,020-0097,143,0.12606195022648087,0.2630362515456833,0.3034165788802121
10,SEQUENCE_RIDGE_COMPOSITION_ONLY,020-0099,134,0.10389216140532306,0.2620116536006747,0.3056908642888452
10,SEQUENCE_RIDGE_COMPOSITION_ONLY,020-0100,95,-0.02075114123918351,0.26661183884486706,0.3165070232790569
10,SEQUENCE_RIDGE_COMPOSITION_ONLY,021-0002,72,0.021959619328040376,0.27288615651308007,0.3172458595938381
10,SEQUENCE_RIDGE_COMPOSITION_ONLY,021-0004,66,-0.007826384142173612,0.27619984019816224,0.3191418511672624
10,SEQUENCE_RIDGE_COMPOSITION_ONLY,022-0004,103,0.03114598321562582,0.2782946863356801,0.3192199637727222
10,SEQUENCE_RIDGE_COMPOSITION_ONLY,022-0010,68,0.09963406159058331,0.25459992696543143,0.30842256701829496
10,SEQUENCE_RIDGE_COMPOSITION_ONLY,022-0011,130,0.002755726613967796,0.26963453667994514,0.3134841962621714
10,SEQUENCE_RIDGE_COMPOSITION_ONLY,022-0013,105,-0.04145917206288724,0.2810012722793983,0.3193858265449187
10,SEQUENCE_RIDGE_COMPOSITION_ONLY,022-0014,103,0.07872075680280449,0.27020082631244363,0.31091945106246144
10,SEQUENCE_RIDGE_COMPOSITION_ONLY,022-0017,93,0.16012742047224804,0.2558742305723415,0.3009868344707066
10,SEQUENCE_RIDGE_COMPOSITION_ONLY,023-0001,134,0.04717808963703094,0.2703406062249054,0.3105047537176763
10,SEQUENCE_RIDGE_COMPOSITION_ONLY,023-0004,59,-0.02316017316017316,0.276490688816982,0.3214015374311736
10,SEQUENCE_RIDGE_COMPOSITION_ONLY,024-0001,117,0.010175227137145615,0.2711916869104951,0.31385141800306493
10,SEQUENCE_RIDGE_COMPOSITION_ONLY,029-0004,145,0.12392617757834357,0.2653963103772741,0.3045987553438857
10,SEQUENCE_RIDGE_COMPOSITION_ONLY,029-0005,151,0.07229578666641445,0.2675277262722412,0.3082025010432119
12,SEQUENCE_RIDGE_FULL,001-0010,145,0.13569323582880097,0.2605767848429433,0.30041396400897125
12,SEQUENCE_RIDGE_FULL,001-0018,145,0.04083465390350062,0.2648928097076184,0.30718373863247994
12,SEQUENCE_RIDGE_FULL,001-0025,139,0.180618278861752,0.25103652070957533,0.29647826691442514
12,SEQUENCE_RIDGE_FULL,001-0031,128,0.03040921858579158,0.2643002430357421,0.3094773968393634
12,SEQUENCE_RIDGE_FULL,001-0033,142,0.08720501204830199,0.2620486455268872,0.3034458019199298
12,SEQUENCE_RIDGE_FULL,001-0035,138,0.07898875021212534,0.26264108794820124,0.30455704874304523
12,SEQUENCE_RIDGE_FULL,001-0040,146,0.06118268168830885,0.26003562947277636,0.30479923267100717
12,SEQUENCE_RIDGE_FULL,001-0041,139,0.1329618619618947,0.25786337885468535,0.30126270304495856
12,SEQUENCE_RIDGE_FULL,001-0044,133,0.10136646233799933,0.26178853747936326,0.3030159320341702
12,SEQUENCE_RIDGE_FULL,001-0048,135,0.06272985743999289,0.2621457503290109,0.3061054146023218
12,SEQUENCE_RIDGE_FULL,001-0051,156,-0.02625187905074053,0.26748612040149605,0.3112795731208436
12,SEQUENCE_RIDGE_FULL,001-0052,131,0.10588578983740275,0.25780174220568364,0.3029601797183357
12,SEQUENCE_RIDGE_FULL,001-0057,139,-0.0039071608014224,0.2649422664181978,0.30966399275217193
12,SEQUENCE_RIDGE_FULL,001-0060,136,0.1592641618852114,0.26282458754079824,0.2993144123069324
12,SEQUENCE_RIDGE_FULL,001-0061,116,0.14485187043536135,0.26237021376634617,0.3034643875489619
12,SEQUENCE_RIDGE_FULL,001-0062,133,0.05063045073068999,0.261491870329935,0.3078735069767532
12,SEQUENCE_RIDGE_FULL,001-0066,137,0.12670858305543903,0.26273687642106164,0.30246934394313973
12,SEQUENCE_RIDGE_FULL,001-0068,115,0.19759528168037624,0.2549948142322809,0.2984017576410313
12,SEQUENCE_RIDGE_FULL,003-0004,43,-0.00811182281770518,0.2761227822217746,0.3197706596099585
12,SEQUENCE_RIDGE_FULL,003-0006,130,0.07355798576291936,0.2651191159140366,0.306028908500834
12,SEQUENCE_RIDGE_FULL,004-0003,133,0.15115135100973937,0.25706720697603064,0.29988528178567847
12,SEQUENCE_RIDGE_FULL,005-0002,115,0.20034526547753803,0.2535969308971232,0.29803128460673134
12,SEQUENCE_RIDGE_FULL,005-0018,159,0.13732328850237635,0.25679047506521135,0.2983761212102488
12,SEQUENCE_RIDGE_FULL,005-0019,134,0.08269953882333651,0.2635864307351637,0.3049332395216443
12,SEQUENCE_RIDGE_FULL,005-0020,60,0.11218376678734736,0.2578590882331951,0.30675789253336544
12,SEQUENCE_RIDGE_FULL,005-0024,102,0.0004441347580606686,0.2679794472284177,0.31160196031621906
12,SEQUENCE_RIDGE_FULL,005-0029,138,0.1547352943500624,0.25938073162694386,0.29933406797887835
12,SEQUENCE_RIDGE_FULL,005-0032,140,0.051304553222473716,0.2623134684013121,0.30634108626371565
12,SEQUENCE_RIDGE_FULL,005-0033,133,0.12074746295239655,0.2641971356385211,0.30304673975563223
12,SEQUENCE_RIDGE_FULL,005-0041,144,0.17113535736875396,0.2575450853652792,0.2965736777169593
12,SEQUENCE_RIDGE_FULL,005-0051,141,0.09641029715556967,0.26114521585607997,0.3031638946209224
12,SEQUENCE_RIDGE_FULL,005-0056,120,0.06788369149409798,0.26336647622058307,0.30618955894768035
12,SEQUENCE_RIDGE_FULL,007-0003,128,-0.0027688647404998878,0.2674244009096204,0.3111192840174297
12,SEQUENCE_RIDGE_FULL,007-0012,146,0.10264819620893792,0.2627119273479442,0.30205997814335256
12,SEQUENCE_RIDGE_FULL,007-0015,140,0.13137369762345225,0.26153136464233107,0.3016395904731462
12,SEQUENCE_RIDGE_FULL,007-0017,151,0.08187774422136132,0.26236398729686605,0.303545175297648
12,SEQUENCE_RIDGE_FULL,007-0024,121,0.1031448969057224,0.26457792759481413,0.3050757284027473
12,SEQUENCE_RIDGE_FULL,007-0025,144,0.1126558521391962,0.26553229957751223,0.30174070990337765
12,SEQUENCE_RIDGE_FULL,007-0026,134,0.07744300938870068,0.2677779237019372,0.30494570729644466
12,SEQUENCE_RIDGE_FULL,007-0027,137,0.11931049143082122,0.2624522827170642,0.30189011416647105
12,SEQUENCE_RIDGE_FULL,009-0006,157,0.03329461575306632,0.26573596219829254,0.3065645222245216
12,SEQUENCE_RIDGE_FULL,009-0008,160,0.07056859076930397,0.2626621051873482,0.3035401479012912
12,SEQUENCE_RIDGE_FULL,009-0011,150,0.013196478352164276,0.26714092832146036,0.3096074600974917
12,SEQUENCE_RIDGE_FULL,009-0016,138,0.11123089451889709,0.2608497221292023,0.3024463305772042
12,SEQUENCE_RIDGE_FULL,009-0017,156,0.03423109370073317,0.26319284451046104,0.30632629403610406
12,SEQUENCE_RIDGE_FULL,009-0018,142,0.07940036020298058,0.2605069956033776,0.3031515833510504
12,SEQUENCE_RIDGE_FULL,009-0021,157,0.04076187440628322,0.2666102664239404,0.3061247791808023
12,SEQUENCE_RIDGE_FULL,009-0028,137,-0.029927633236865713,0.26742629463177353,0.3115612753070496
12,SEQUENCE_RIDGE_FULL,009-0029,146,0.09711960456023908,0.2625758602973315,0.3036676680516832
12,SEQUENCE_RIDGE_FULL,009-0031,153,0.0706081427853559,0.2647551174935415,0.3045164957147069
12,SEQUENCE_RIDGE_FULL,009-0036,111,0.1876906601644233,0.25482807303751775,0.3007480848513775
12,SEQUENCE_RIDGE_FULL,009-0037,123,0.08216197642433101,0.2600261814727366,0.3065762781441499
12,SEQUENCE_RIDGE_FULL,009-0039,134,0.005664988080122615,0.26777605769889934,0.31044729453650144
12,SEQUENCE_RIDGE_FULL,009-0048,158,0.09819202390229022,0.25976763782734763,0.30185183539244176
12,SEQUENCE_RIDGE_FULL,010-0003,14,0.1956043956043956,0.26191269597727057,0.30690064683626594
12,SEQUENCE_RIDGE_FULL,010-0036,37,0.10243070912575555,0.2616022722844119,0.3075717119716225
12,SEQUENCE_RIDGE_FULL,010-0037,12,0.03496503496503497,0.28119719207406996,0.3157590059151092
12,SEQUENCE_RIDGE_FULL,010-0040,62,-0.1307485992268601,0.2854300037931381,0.32720804889676985
12,SEQUENCE_RIDGE_FULL,010-0041,70,-0.13501726108503603,0.2838520028286666,0.32830608500915587
12,SEQUENCE_RIDGE_FULL,010-0045,42,-0.21601731601731602,0.29495906834084423,0.3355049791387672
12,SEQUENCE_RIDGE_FULL,010-0047,15,-0.45357142857142857,0.3063716444159821,0.3524706704091695
12,SEQUENCE_RIDGE_FULL,010-0048,14,-0.578021978021978,0.2912062211469267,0.35851084894826724
12,SEQUENCE_RIDGE_FULL,010-0051,50,-0.07240839655700336,0.27239932024521735,0.3222673881048886
12,SEQUENCE_RIDGE_FULL,010-0052,31,-0.00997403009786911,0.2786299306927934,0.3215521023663297
12,SEQUENCE_RIDGE_FULL,010-0056,48,0.07849391750320543,0.2706014044081775,0.31186167133703613
12,SEQUENCE_RIDGE_FULL,011-0002,153,0.09765835479707102,0.2580243182887026,0.30202193689927287
12,SEQUENCE_RIDGE_FULL,011-0007,149,0.12303824978267168,0.2608134641465652,0.3009469227715861
12,SEQUENCE_RIDGE_FULL,013-0006,126,0.11059114628255995,0.26061832203518254,0.30098976947587064
12,SEQUENCE_RIDGE_FULL,013-0008,144,0.14314715056871805,0.25923854365710375,0.2996665250014309
12,SEQUENCE_RIDGE_FULL,013-0021,163,0.12956221198156684,0.2584898708595567,0.29834819346390157
12,SEQUENCE_RIDGE_FULL,013-0032,161,0.03211775710385276,0.2631722932444152,0.3062639521009002
12,SEQUENCE_RIDGE_FULL,014-0024,122,0.12092198208936104,0.26038723316126794,0.3039071901614025
12,SEQUENCE_RIDGE_FULL,014-0032,116,0.016633502107507036,0.2661548405640205,0.31077526691105606
12,SEQUENCE_RIDGE_FULL,014-0036,131,0.16233244440641548,0.26050117223841224,0.3002301447882797
12,SEQUENCE_RIDGE_FULL,014-0037,105,0.03316604684670651,0.26475536465753874,0.3077281672302121
12,SEQUENCE_RIDGE_FULL,014-0038,137,0.14570956431297988,0.2574558068731263,0.29937398675428606
12,SEQUENCE_RIDGE_FULL,014-0041,125,0.1737927734807436,0.25670753550398967,0.29789043028051165
12,SEQUENCE_RIDGE_FULL,014-0049,125,0.18668840841414233,0.25778205431126516,0.2972449481066531
12,SEQUENCE_RIDGE_FULL,014-0052,116,-0.006733351083213499,0.27329201808724346,0.313884638846526
12,SEQUENCE_RIDGE_FULL,014-0065,105,0.04147511986221664,0.26479065328633966,0.31290335596538976
12,SEQUENCE_RIDGE_FULL,014-0066,136,0.09760259208682294,0.26037081602177004,0.3043485083623873
12,SEQUENCE_RIDGE_FULL,014-0068,127,0.13366800583732366,0.25862713374049234,0.3022218529189077
12,SEQUENCE_RIDGE_FULL,015-0005,144,0.19013469987150755,0.25745593327150734,0.2966173573070423
12,SEQUENCE_RIDGE_FULL,015-0007,130,0.1112315636055398,0.2658530321334788,0.303685857454706
12,SEQUENCE_RIDGE_FULL,017-0071,13,-0.25274725274725274,0.30976225989184125,0.3406836027245774
12,SEQUENCE_RIDGE_FULL,018-0004,152,-0.001171739665163729,0.26513828200250067,0.30974733814580174
12,SEQUENCE_RIDGE_FULL,019-0003,30,-0.19894688644688643,0.29104543213060796,0.33659542117332464
12,SEQUENCE_RIDGE_FULL,020-0004,140,0.12315719025461877,0.25885161853370126,0.3013309583743807
12,SEQUENCE_RIDGE_FULL,020-0006,139,0.06931090714559276,0.2614966320122346,0.3047896682819318
12,SEQUENCE_RIDGE_FULL,020-0007,138,0.1037507380003945,0.2590613900788582,0.3027213616346415
12,SEQUENCE_RIDGE_FULL,020-0011,130,0.07273536425260563,0.2631748510783739,0.30676096225137733
12,SEQUENCE_RIDGE_FULL,020-0014,85,0.11617247670747236,0.2594942096352507,0.30301219515521033
12,SEQUENCE_RIDGE_FULL,020-0015,149,0.0963594741972024,0.265507499695522,0.3030735708763853
12,SEQUENCE_RIDGE_FULL,020-0016,127,0.0833844173316989,0.26025642587772674,0.30596375605778003
12,SEQUENCE_RIDGE_FULL,020-0017,94,0.1203336288635744,0.26193625028916323,0.30263544088534616
12,SEQUENCE_RIDGE_FULL,020-0019,69,0.08644722173326291,0.25816983636555785,0.30474673487456333
12,SEQUENCE_RIDGE_FULL,020-0029,137,0.10949562506095911,0.26704949264239747,0.3033355315449985
12,SEQUENCE_RIDGE_FULL,020-0032,129,0.09503706465330493,0.2614522152237343,0.30381117075878916
12,SEQUENCE_RIDGE_FULL,020-0034,114,0.06669207900923696,0.26367597691924755,0.30486876141937147
12,SEQUENCE_RIDGE_FULL,020-0035,105,0.0905863133282488,0.2600297383880089,0.3045802993734441
12,SEQUENCE_RIDGE_FULL,020-0036,139,0.084032883098348,0.2653043753748073,0.3048410215150596
12,SEQUENCE_RIDGE_FULL,020-0037,93,0.028531796372875826,0.27170514248618194,0.31213786560588996
12,SEQUENCE_RIDGE_FULL,020-0038,121,0.014191407583243934,0.26917287615727287,0.31063865228811294
12,SEQUENCE_RIDGE_FULL,020-0039,95,0.0207007318985604,0.2717127874383245,0.3120990891350476
12,SEQUENCE_RIDGE_FULL,020-0040,75,-0.04712093107233771,0.27164374054931617,0.32008493516892966
12,SEQUENCE_RIDGE_FULL,020-0042,135,0.12370099342012578,0.2615836442307623,0.3023976895333432
12,SEQUENCE_RIDGE_FULL,020-0044,134,0.12401928068223951,0.26328072660674806,0.30230511230902357
12,SEQUENCE_RIDGE_FULL,020-0055,142,0.03583870367567229,0.26456858622154605,0.30709710353201203
12,SEQUENCE_RIDGE_FULL,020-0057,149,0.13657544542743782,0.25707024441420806,0.2992702814077711
12,SEQUENCE_RIDGE_FULL,020-0058,134,-0.07008742778519655,0.2717095194314908,0.31634942525290854
12,SEQUENCE_RIDGE_FULL,020-0061,130,0.009619347761662756,0.26770052362891145,0.31123438892536825
12,SEQUENCE_RIDGE_FULL,020-0069,107,0.25747799487353096,0.248141401652855,0.290908832352607
12,SEQUENCE_RIDGE_FULL,020-0071,135,0.10952845454399467,0.2655207213466958,0.3033399706664831
12,SEQUENCE_RIDGE_FULL,020-0072,139,0.06557960182706632,0.2605688442691382,0.30553132424723756
12,SEQUENCE_RIDGE_FULL,020-0073,79,0.03190401703559599,0.2669165434982229,0.31486821062910736
12,SEQUENCE_RIDGE_FULL,020-0075,146,0.09949408782465463,0.26031553967334414,0.30245954034047456
12,SEQUENCE_RIDGE_FULL,020-0076,145,0.11467019632203168,0.2631320275105136,0.3017154775007897
12,SEQUENCE_RIDGE_FULL,020-0085,149,0.15639612523268417,0.2587355831815204,0.2983851195292119
12,SEQUENCE_RIDGE_FULL,020-0086,148,0.1587455550208971,0.258182376006781,0.2977258928110773
12,SEQUENCE_RIDGE_FULL,020-0087,113,0.10641032431911186,0.2618411297066568,0.30618436110416664
12,SEQUENCE_RIDGE_FULL,020-0088,152,0.18034424950753553,0.25751238892935496,0.29610627648603083
12,SEQUENCE_RIDGE_FULL,020-0090,115,0.1488627571583159,0.2596348888083245,0.3029294117626547
12,SEQUENCE_RIDGE_FULL,020-0091,99,0.03740387383869821,0.26744399781811456,0.3129619041381841
12,SEQUENCE_RIDGE_FULL,020-0092,127,0.03931274039969691,0.2633789518479546,0.3083705576196922
12,SEQUENCE_RIDGE_FULL,020-0096,145,0.14196399785518415,0.2580461220731821,0.2995922989150876
12,SEQUENCE_RIDGE_FULL,020-0097,143,0.15806216557002453,0.2584713561696427,0.2987155861364484
12,SEQUENCE_RIDGE_FULL,020-0099,134,0.1183290850409215,0.25976607546188707,0.30205410929530035
12,SEQUENCE_RIDGE_FULL,020-0100,95,0.049222169654594576,0.26062882970437984,0.3094899466316635
12,SEQUENCE_RIDGE_FULL,021-0002,61,0.07057815478868111,0.2656313122632501,0.31087397907646075
12,SEQUENCE_RIDGE_FULL,021-0004,66,0.04856853672643146,0.2740842302355731,0.31556785002630283
12,SEQUENCE_RIDGE_FULL,022-0004,82,0.20182542113479873,0.2561441762047748,0.2962420837359317
12,SEQUENCE_RIDGE_FULL,022-0010,57,0.1356324834585704,0.25106802950365786,0.3043996843410414
12,SEQUENCE_RIDGE_FULL,022-0011,130,0.03672182827096783,0.2659222469737236,0.30813728006780783
12,SEQUENCE_RIDGE_FULL,022-0013,105,-0.012274843112357789,0.27573393149210335,0.31537067135727676
12,SEQUENCE_RIDGE_FULL,022-0014,103,0.1270441479978647,0.2669360916253626,0.30678329242174873
12,SEQUENCE_RIDGE_FULL,022-0017,93,0.2042207790984138,0.25304644194395465,0.29710577712007497
12,SEQUENCE_RIDGE_FULL,023-0001,134,0.09718567620010399,0.2653568298401566,0.3042900003197934
12,SEQUENCE_RIDGE_FULL,023-0004,48,-0.052147525676937444,0.28261248537076783,0.32218368921759793
12,SEQUENCE_RIDGE_FULL,024-0001,117,0.09110101098709354,0.26506898654804767,0.3066412468878011
12,SEQUENCE_RIDGE_FULL,029-0004,145,0.12927752110046162,0.2614006282066451,0.3002658587066395
12,SEQUENCE_RIDGE_FULL,029-0005,151,0.08187180868029723,0.26424627968467773,0.30376896143072685
12,SEQUENCE_RIDGE_COMPOSITION_ONLY,001-0010,145,0.12805273576504597,0.2636938617685738,0.3045950539980348
12,SEQUENCE_RIDGE_COMPOSITION_ONLY,001-0018,145,0.016347977290665592,0.26974837466590124,0.3121248397395012
12,SEQUENCE_RIDGE_COMPOSITION_ONLY,001-0025,139,0.15001398931501006,0.2577483805014017,0.30242362915294196
12,SEQUENCE_RIDGE_COMPOSITION_ONLY,001-0031,128,0.01365916136085748,0.2679491775369577,0.3134380833574885
12,SEQUENCE_RIDGE_COMPOSITION_ONLY,001-0033,142,0.09527367858863638,0.265359153262008,0.30708259054653736
12,SEQUENCE_RIDGE_COMPOSITION_ONLY,001-0035,138,0.07770616286104771,0.2645650540226202,0.30837362934178447
12,SEQUENCE_RIDGE_COMPOSITION_ONLY,001-0040,146,0.06189569369393357,0.26475799570385566,0.3090999701486613
12,SEQUENCE_RIDGE_COMPOSITION_ONLY,001-0041,139,0.1103704077444508,0.26369346600430454,0.3067776010515485
12,SEQUENCE_RIDGE_COMPOSITION_ONLY,001-0044,133,0.11048968889006841,0.2656868892411353,0.3069741439809125
12,SEQUENCE_RIDGE_COMPOSITION_ONLY,001-0048,135,0.04599130885036794,0.2652393599657984,0.31104153998667233
12,SEQUENCE_RIDGE_COMPOSITION_ONLY,001-0051,156,-0.013721973472447857,0.2698396262351593,0.31447816383643346
12,SEQUENCE_RIDGE_COMPOSITION_ONLY,001-0052,131,0.10604805767708994,0.26317402488007946,0.3071923623941916
12,SEQUENCE_RIDGE_COMPOSITION_ONLY,001-0057,139,-0.019281862237597362,0.2699753366458976,0.31427728785867937
12,SEQUENCE_RIDGE_COMPOSITION_ONLY,001-0060,136,0.12783463717246352,0.2690263964858431,0.30522650168898124
12,SEQUENCE_RIDGE_COMPOSITION_ONLY,001-0061,116,0.11849577375531714,0.26925388994153127,0.308645031087649
12,SEQUENCE_RIDGE_COMPOSITION_ONLY,001-0062,133,0.014991274915992354,0.2680121663804526,0.31348039357128876
12,SEQUENCE_RIDGE_COMPOSITION_ONLY,001-0066,137,0.0827595719583549,0.26832500349449145,0.30799079425368175
12,SEQUENCE_RIDGE_COMPOSITION_ONLY,001-0068,115,0.14115349704059382,0.2618719177466641,0.3050993039219217
12,SEQUENCE_RIDGE_COMPOSITION_ONLY,003-0004,43,-0.08540756628991925,0.2812648597002583,0.32469643187417435
12,SEQUENCE_RIDGE_COMPOSITION_ONLY,003-0006,130,0.041371087846190896,0.2690736276359663,0.3096514204531397
12,SEQUENCE_RIDGE_COMPOSITION_ONLY,004-0003,133,0.14032870629196342,0.2606035509776509,0.3035043935396835
12,SEQUENCE_RIDGE_COMPOSITION_ONLY,005-0002,115,0.11840774611244213,0.2622931715511626,0.3049002517398138
12,SEQUENCE_RIDGE_COMPOSITION_ONLY,005-0018,159,0.1157862419919935,0.26174269608783163,0.3030642849617479
12,SEQUENCE_RIDGE_COMPOSITION_ONLY,005-0019,134,0.0772806796539048,0.2676525739430284,0.3093977427011704
12,SEQUENCE_RIDGE_COMPOSITION_ONLY,005-0020,60,-0.009457379789860615,0.265086282474264,0.31309493439685626
12,SEQUENCE_RIDGE_COMPOSITION_ONLY,005-0024,102,-0.04830673798604413,0.2706842505042107,0.3152222266278371
12,SEQUENCE_RIDGE_COMPOSITION_ONLY,005-0029,138,0.1356076485838313,0.26283951293978514,0.3032126569755837
12,SEQUENCE_RIDGE_COMPOSITION_ONLY,005-0032,140,0.040752363918248255,0.26393277111276203,0.31057981894819087
12,SEQUENCE_RIDGE_COMPOSITION_ONLY,005-0033,133,0.11871629561667511,0.26836468369236754,0.30551587598164925
12,SEQUENCE_RIDGE_COMPOSITION_ONLY,005-0041,144,0.13773517911563454,0.2623578986685956,0.30272094631666674
12,SEQUENCE_RIDGE_COMPOSITION_ONLY,005-0051,141,0.08233477312453955,0.2640304224906388,0.30717930307661084
12,SEQUENCE_RIDGE_COMPOSITION_ONLY,005-0056,120,0.05348620310080412,0.2694132262715716,0.3111473107384401
12,SEQUENCE_RIDGE_COMPOSITION_ONLY,007-0003,128,-0.0033825502763211333,0.2702168699877018,0.31267582726234505
12,SEQUENCE_RIDGE_COMPOSITION_ONLY,007-0012,146,0.1008031704999354,0.2656137010402225,0.30586492789836395
12,SEQUENCE_RIDGE_COMPOSITION_ONLY,007-0015,140,0.12283531442711579,0.26614856787735575,0.30503732661652816
12,SEQUENCE_RIDGE_COMPOSITION_ONLY,007-0017,151,0.07226510366846033,0.2666323625157484,0.30627480494838233
12,SEQUENCE_RIDGE_COMPOSITION_ONLY,007-0024,121,0.05998133165890464,0.26796713820858215,0.3086545705790344
12,SEQUENCE_RIDGE_COMPOSITION_ONLY,007-0025,144,0.0717388951684798,0.27000707366243215,0.3080112673079191
12,SEQUENCE_RIDGE_COMPOSITION_ONLY,007-0026,134,0.08887731851999336,0.26938946466052305,0.3076626952569816
12,SEQUENCE_RIDGE_COMPOSITION_ONLY,007-0027,137,0.07905687240994445,0.26785227981786364,0.306801755276025
12,SEQUENCE_RIDGE_COMPOSITION_ONLY,009-0006,157,0.05138972095394263,0.2689124592880704,0.3084242739775921
12,SEQUENCE_RIDGE_COMPOSITION_ONLY,009-0008,160,0.0582894711125425,0.2670562734196906,0.30781768082150823
12,SEQUENCE_RIDGE_COMPOSITION_ONLY,009-0011,150,0.03362935452355637,0.26935922986474703,0.3108507339836436
12,SEQUENCE_RIDGE_COMPOSITION_ONLY,009-0016,138,0.06837145058495009,0.26507182717207683,0.30679482412100134
12,SEQUENCE_RIDGE_COMPOSITION_ONLY,009-0017,156,0.03553825006955936,0.26617792823383707,0.3096911927353646
12,SEQUENCE_RIDGE_COMPOSITION_ONLY,009-0018,142,0.07613506416132829,0.26480876234928596,0.306955053281855
12,SEQUENCE_RIDGE_COMPOSITION_ONLY,009-0021,157,0.037348884711804295,0.27026471610759584,0.30933337428669005
12,SEQUENCE_RIDGE_COMPOSITION_ONLY,009-0028,137,-0.06666476058856481,0.2735968617796018,0.31811723781377443
12,SEQUENCE_RIDGE_COMPOSITION_ONLY,009-0029,146,0.09233013188978756,0.26648703011531544,0.3073148226118971
12,SEQUENCE_RIDGE_COMPOSITION_ONLY,009-0031,153,0.07734922754005338,0.26619378199249216,0.3068148809588854
12,SEQUENCE_RIDGE_COMPOSITION_ONLY,009-0036,111,0.14491539944313558,0.25867801684884084,0.3054218643435907
12,SEQUENCE_RIDGE_COMPOSITION_ONLY,009-0037,123,0.06898969049266054,0.2622689687679135,0.31022313927322737
12,SEQUENCE_RIDGE_COMPOSITION_ONLY,009-0039,134,-0.010347480758771722,0.270750423014012,0.31341759136621106
12,SEQUENCE_RIDGE_COMPOSITION_ONLY,009-0048,158,0.06380825482179929,0.2645674327709528,0.3074760742994586
12,SEQUENCE_RIDGE_COMPOSITION_ONLY,010-0003,14,0.14725274725274726,0.26329790241365936,0.3091569023947361
12,SEQUENCE_RIDGE_COMPOSITION_ONLY,010-0036,37,-0.038802889576883395,0.2692757111228248,0.31563809659997805
12,SEQUENCE_RIDGE_COMPOSITION_ONLY,010-0037,12,0.04195804195804196,0.2868013771379323,0.3182992246443032
12,SEQUENCE_RIDGE_COMPOSITION_ONLY,010-0040,62,-0.22681394692264256,0.29174021256825766,0.3333257274287027
12,SEQUENCE_RIDGE_COMPOSITION_ONLY,010-0041,70,-0.20915906663668812,0.28962315115764276,0.3328343058407175
12,SEQUENCE_RIDGE_COMPOSITION_ONLY,010-0045,42,-0.21185481185481184,0.29696169801556505,0.3364636183342948
12,SEQUENCE_RIDGE_COMPOSITION_ONLY,010-0047,15,-0.4714285714285714,0.3164833828914937,0.36138188240880614
12,SEQUENCE_RIDGE_COMPOSITION_ONLY,010-0048,14,-0.6835164835164835,0.3035425214617238,0.36756643359631747
12,SEQUENCE_RIDGE_COMPOSITION_ONLY,010-0051,50,-0.18636183218226562,0.2796635129141621,0.3317699898709052
12,SEQUENCE_RIDGE_COMPOSITION_ONLY,010-0052,31,-0.17563422129985598,0.2902180925713929,0.3331004650458442
12,SEQUENCE_RIDGE_COMPOSITION_ONLY,010-0056,48,0.061941154820411785,0.2722446173674506,0.31170837992869094
12,SEQUENCE_RIDGE_COMPOSITION_ONLY,011-0002,153,0.08145881729654407,0.26258936776703057,0.30671718084735683
12,SEQUENCE_RIDGE_COMPOSITION_ONLY,011-0007,149,0.10537459497905746,0.26494425326741416,0.3056656844157599
12,SEQUENCE_RIDGE_COMPOSITION_ONLY,013-0006,126,0.0804100143950795,0.2660848355061581,0.30562635175126707
12,SEQUENCE_RIDGE_COMPOSITION_ONLY,013-0008,144,0.12800398580964018,0.2628205163724113,0.30364983672103874
12,SEQUENCE_RIDGE_COMPOSITION_ONLY,013-0021,163,0.11370074422730969,0.26293572360109846,0.3032583697007949
12,SEQUENCE_RIDGE_COMPOSITION_ONLY,013-0032,161,0.024573486286010006,0.26678511791049997,0.3105214428033488
12,SEQUENCE_RIDGE_COMPOSITION_ONLY,014-0024,122,0.09778722783113628,0.26359535213269836,0.3075368044039004
12,SEQUENCE_RIDGE_COMPOSITION_ONLY,014-0032,116,-0.019801501588801486,0.2710228889668932,0.3153841140036917
12,SEQUENCE_RIDGE_COMPOSITION_ONLY,014-0036,131,0.1546081855976183,0.2643482421631018,0.30225971771147153
12,SEQUENCE_RIDGE_COMPOSITION_ONLY,014-0037,105,-0.0019194298954418945,0.27129549826020455,0.3122599125405464
12,SEQUENCE_RIDGE_COMPOSITION_ONLY,014-0038,137,0.09361174162122929,0.2633583213893216,0.30454083683524313
12,SEQUENCE_RIDGE_COMPOSITION_ONLY,014-0041,125,0.08206742479641047,0.264672140043663,0.305266368962419
12,SEQUENCE_RIDGE_COMPOSITION_ONLY,014-0049,125,0.13526775656997642,0.26460707905488995,0.3031904632743111
12,SEQUENCE_RIDGE_COMPOSITION_ONLY,014-0052,116,0.0016556700134944965,0.276028707757984,0.3172620062138842
12,SEQUENCE_RIDGE_COMPOSITION_ONLY,014-0065,105,0.007770401641369382,0.2681162264963738,0.3155329466203088
12,SEQUENCE_RIDGE_COMPOSITION_ONLY,014-0066,136,0.06900901925471709,0.2639593300686703,0.3085497315863421
12,SEQUENCE_RIDGE_COMPOSITION_ONLY,014-0068,127,0.1270038309554697,0.2613230003196632,0.30595827262574127
12,SEQUENCE_RIDGE_COMPOSITION_ONLY,015-0005,144,0.1559597315250139,0.2611814110740144,0.3007459829770549
12,SEQUENCE_RIDGE_COMPOSITION_ONLY,015-0007,130,0.082752218871011,0.27155294927522056,0.308995960177306
12,SEQUENCE_RIDGE_COMPOSITION_ONLY,017-0071,13,-0.34065934065934067,0.3180104059704375,0.3449711125992158
12,SEQUENCE_RIDGE_COMPOSITION_ONLY,018-0004,152,-0.014150042851214087,0.268773376212608,0.31329972192943023
12,SEQUENCE_RIDGE_COMPOSITION_ONLY,019-0003,30,-0.22869532428355957,0.2926582039946426,0.33707626707670013
12,SEQUENCE_RIDGE_COMPOSITION_ONLY,020-0004,140,0.11675712905167202,0.2636689373912244,0.30664901404558415
12,SEQUENCE_RIDGE_COMPOSITION_ONLY,020-0006,139,0.08122920464705455,0.2657010126081091,0.3076715526559963
12,SEQUENCE_RIDGE_COMPOSITION_ONLY,020-0007,138,0.08274008629305364,0.2635792330543433,0.3074763387646912
12,SEQUENCE_RIDGE_COMPOSITION_ONLY,020-0011,130,0.06962243775258234,0.2672744803268371,0.3110066639696757
12,SEQUENCE_RIDGE_COMPOSITION_ONLY,020-0014,85,0.08910506911572168,0.26188131142982685,0.30705866767013895
12,SEQUENCE_RIDGE_COMPOSITION_ONLY,020-0015,149,0.06459673896083631,0.26878072554200416,0.30796477746105916
12,SEQUENCE_RIDGE_COMPOSITION_ONLY,020-0016,127,0.05795752539680434,0.2654903737598918,0.3112391019928074
12,SEQUENCE_RIDGE_COMPOSITION_ONLY,020-0017,94,0.0821025511089032,0.265444733398118,0.30811251283546015
12,SEQUENCE_RIDGE_COMPOSITION_ONLY,020-0019,69,0.03094626197601026,0.2621115350514454,0.30971968629955354
12,SEQUENCE_RIDGE_COMPOSITION_ONLY,020-0029,137,0.097204781666602,0.27093365010848747,0.3075078654364064
12,SEQUENCE_RIDGE_COMPOSITION_ONLY,020-0032,129,0.09570608232454729,0.26355251163462656,0.3077117558161953
12,SEQUENCE_RIDGE_COMPOSITION_ONLY,020-0034,114,0.02021927260108573,0.2667346171927676,0.31001534243013584
12,SEQUENCE_RIDGE_COMPOSITION_ONLY,020-0035,105,0.06316338231660812,0.26421172667237364,0.3090945646871728
12,SEQUENCE_RIDGE_COMPOSITION_ONLY,020-0036,139,0.07966408828363289,0.2689613180194992,0.3089236580918896
12,SEQUENCE_RIDGE_COMPOSITION_ONLY,020-0037,93,-0.05320565907522429,0.2785628831199677,0.3197755089156688
12,SEQUENCE_RIDGE_COMPOSITION_ONLY,020-0038,121,-0.012617072443014316,0.2741483949750728,0.3138324603092081
12,SEQUENCE_RIDGE_COMPOSITION_ONLY,020-0039,95,-0.03151309519541734,0.27677756510388807,0.3182647580577604
12,SEQUENCE_RIDGE_COMPOSITION_ONLY,020-0040,75,-0.1152497066020084,0.2776687253192929,0.3268772499876777
12,SEQUENCE_RIDGE_COMPOSITION_ONLY,020-0042,135,0.1302640117267481,0.2667319571165144,0.3061784188218727
12,SEQUENCE_RIDGE_COMPOSITION_ONLY,020-0044,134,0.0825429489556297,0.26890035935319234,0.3081853826593445
12,SEQUENCE_RIDGE_COMPOSITION_ONLY,020-0055,142,0.03281705676975784,0.2671871549278322,0.30967402470072486
12,SEQUENCE_RIDGE_COMPOSITION_ONLY,020-0057,149,0.11570455161536757,0.2612942025163556,0.30444575417879255
12,SEQUENCE_RIDGE_COMPOSITION_ONLY,020-0058,134,-0.061204864460933296,0.2746936994898027,0.3196081692407608
12,SEQUENCE_RIDGE_COMPOSITION_ONLY,020-0061,130,0.01614269685616935,0.26970092740441326,0.313990097933095
12,SEQUENCE_RIDGE_COMPOSITION_ONLY,020-0069,107,0.18557112598916292,0.2527065000844012,0.2972979098063957
12,SEQUENCE_RIDGE_COMPOSITION_ONLY,020-0071,135,0.07571066288579212,0.27214916481385537,0.309375160323878
12,SEQUENCE_RIDGE_COMPOSITION_ONLY,020-0072,139,0.05773215234168581,0.26419137780563223,0.30953531053940686
12,SEQUENCE_RIDGE_COMPOSITION_ONLY,020-0073,79,-0.0568265944581734,0.2724584011800579,0.32131801977463376
12,SEQUENCE_RIDGE_COMPOSITION_ONLY,020-0075,146,0.09538769516779998,0.2638973585217267,0.3069548344638202
12,SEQUENCE_RIDGE_COMPOSITION_ONLY,020-0076,145,0.09957398552504225,0.26725518292382267,0.306337053526019
12,SEQUENCE_RIDGE_COMPOSITION_ONLY,020-0085,149,0.13520251730636815,0.2633751015281073,0.30353110619860135
12,SEQUENCE_RIDGE_COMPOSITION_ONLY,020-0086,148,0.1550319887176973,0.26057527731913865,0.30186404100071845
12,SEQUENCE_RIDGE_COMPOSITION_ONLY,020-0087,113,0.05858681671807366,0.2678208737249794,0.3124466896174658
12,SEQUENCE_RIDGE_COMPOSITION_ONLY,020-0088,152,0.1570362711437762,0.2619097728965009,0.300925129637086
12,SEQUENCE_RIDGE_COMPOSITION_ONLY,020-0090,115,0.12370800155488233,0.2620954133613819,0.3066251660726868
12,SEQUENCE_RIDGE_COMPOSITION_ONLY,020-0091,99,-0.0173840889902596,0.27167869434872555,0.31807131489647505
12,SEQUENCE_RIDGE_COMPOSITION_ONLY,020-0092,127,0.03578179651110927,0.2685031039850696,0.313112953057425
12,SEQUENCE_RIDGE_COMPOSITION_ONLY,020-0096,145,0.12346957970908903,0.26019866768891997,0.30417396128291185
12,SEQUENCE_RIDGE_COMPOSITION_ONLY,020-0097,143,0.12606195022648087,0.2630362515456833,0.3034165788802121
12,SEQUENCE_RIDGE_COMPOSITION_ONLY,020-0099,134,0.10389216140532306,0.2620116536006747,0.3056908642888452
12,SEQUENCE_RIDGE_COMPOSITION_ONLY,020-0100,95,-0.02075114123918351,0.26661183884486706,0.3165070232790569
12,SEQUENCE_RIDGE_COMPOSITION_ONLY,021-0002,61,-0.016175053017158283,0.26844376125262914,0.3154890590869024
12,SEQUENCE_RIDGE_COMPOSITION_ONLY,021-0004,66,-0.007826384142173612,0.27619984019816224,0.3191418511672624
12,SEQUENCE_RIDGE_COMPOSITION_ONLY,022-0004,82,0.15595037606644707,0.25958975542750573,0.2998087764916106
12,SEQUENCE_RIDGE_COMPOSITION_ONLY,022-0010,57,0.044966627575323215,0.2561372697698024,0.3085735965434187
12,SEQUENCE_RIDGE_COMPOSITION_ONLY,022-0011,130,0.002755726613967796,0.26963453667994514,0.3134841962621714
12,SEQUENCE_RIDGE_COMPOSITION_ONLY,022-0013,105,-0.04145917206288724,0.2810012722793983,0.3193858265449187
12,SEQUENCE_RIDGE_COMPOSITION_ONLY,022-0014,103,0.07872075680280449,0.27020082631244363,0.31091945106246144
12,SEQUENCE_RIDGE_COMPOSITION_ONLY,022-0017,93,0.16012742047224804,0.2558742305723415,0.3009868344707066
12,SEQUENCE_RIDGE_COMPOSITION_ONLY,023-0001,134,0.04717808963703094,0.2703406062249054,0.3105047537176763
12,SEQUENCE_RIDGE_COMPOSITION_ONLY,023-0004,48,-0.14603174603174604,0.28504387465395525,0.3263318122895255
12,SEQUENCE_RIDGE_COMPOSITION_ONLY,024-0001,117,0.010175227137145615,0.2711916869104951,0.31385141800306493
12,SEQUENCE_RIDGE_COMPOSITION_ONLY,029-0004,145,0.12392617757834357,0.2653963103772741,0.3045987553438857
12,SEQUENCE_RIDGE_COMPOSITION_ONLY,029-0005,151,0.07229578666641445,0.2675277262722412,0.3082025010432119
15,SEQUENCE_RIDGE_FULL,001-0010,145,0.13569323582880097,0.2605767848429433,0.30041396400897125
15,SEQUENCE_RIDGE_FULL,001-0018,145,0.04083465390350062,0.2648928097076184,0.30718373863247994
15,SEQUENCE_RIDGE_FULL,001-0025,139,0.180618278861752,0.25103652070957533,0.29647826691442514
15,SEQUENCE_RIDGE_FULL,001-0031,128,0.03040921858579158,0.2643002430357421,0.3094773968393634
15,SEQUENCE_RIDGE_FULL,001-0033,142,0.08720501204830199,0.2620486455268872,0.3034458019199298
15,SEQUENCE_RIDGE_FULL,001-0035,138,0.07898875021212534,0.26264108794820124,0.30455704874304523
15,SEQUENCE_RIDGE_FULL,001-0040,146,0.06118268168830885,0.26003562947277636,0.30479923267100717
15,SEQUENCE_RIDGE_FULL,001-0041,139,0.1329618619618947,0.25786337885468535,0.30126270304495856
15,SEQUENCE_RIDGE_FULL,001-0044,133,0.10136646233799933,0.26178853747936326,0.3030159320341702
15,SEQUENCE_RIDGE_FULL,001-0048,135,0.06272985743999289,0.2621457503290109,0.3061054146023218
15,SEQUENCE_RIDGE_FULL,001-0051,156,-0.02625187905074053,0.26748612040149605,0.3112795731208436
15,SEQUENCE_RIDGE_FULL,001-0052,131,0.10588578983740275,0.25780174220568364,0.3029601797183357
15,SEQUENCE_RIDGE_FULL,001-0057,139,-0.0039071608014224,0.2649422664181978,0.30966399275217193
15,SEQUENCE_RIDGE_FULL,001-0060,122,0.18094833422464612,0.25536885884908744,0.29545680966215726
15,SEQUENCE_RIDGE_FULL,001-0061,103,0.14809780507716874,0.2605337174102914,0.30237004624392905
15,SEQUENCE_RIDGE_FULL,001-0062,119,0.13856278868808777,0.25337776203849915,0.2994586817723359
15,SEQUENCE_RIDGE_FULL,001-0066,137,0.12670858305543903,0.26273687642106164,0.30246934394313973
15,SEQUENCE_RIDGE_FULL,001-0068,101,0.1871039922103604,0.253314145794902,0.2972669376656782
15,SEQUENCE_RIDGE_FULL,003-0004,17,-0.3284313725490196,0.2870374348186106,0.338689163064372
15,SEQUENCE_RIDGE_FULL,003-0006,130,0.07355798576291936,0.2651191159140366,0.306028908500834
15,SEQUENCE_RIDGE_FULL,004-0003,133,0.15115135100973937,0.25706720697603064,0.29988528178567847
15,SEQUENCE_RIDGE_FULL,005-0002,102,0.20922279063813137,0.25327416631468114,0.2951438498903528
15,SEQUENCE_RIDGE_FULL,005-0018,159,0.13732328850237635,0.25679047506521135,0.2983761212102488
15,SEQUENCE_RIDGE_FULL,005-0019,134,0.08269953882333651,0.2635864307351637,0.3049332395216443
15,SEQUENCE_RIDGE_FULL,005-0020,60,0.11218376678734736,0.2578590882331951,0.30675789253336544
15,SEQUENCE_RIDGE_FULL,005-0024,102,0.0004441347580606686,0.2679794472284177,0.31160196031621906
15,SEQUENCE_RIDGE_FULL,005-0029,124,0.14671582123428129,0.2552659201260213,0.2981898787301842
15,SEQUENCE_RIDGE_FULL,005-0032,140,0.051304553222473716,0.2623134684013121,0.30634108626371565
15,SEQUENCE_RIDGE_FULL,005-0033,133,0.12074746295239655,0.2641971356385211,0.30304673975563223
15,SEQUENCE_RIDGE_FULL,005-0041,144,0.17113535736875396,0.2575450853652792,0.2965736777169593
15,SEQUENCE_RIDGE_FULL,005-0051,141,0.09641029715556967,0.26114521585607997,0.3031638946209224
15,SEQUENCE_RIDGE_FULL,005-0056,106,0.14804142755443567,0.2575938367913336,0.2992019643377526
15,SEQUENCE_RIDGE_FULL,007-0003,128,-0.0027688647404998878,0.2674244009096204,0.3111192840174297
15,SEQUENCE_RIDGE_FULL,007-0012,146,0.10264819620893792,0.2627119273479442,0.30205997814335256
15,SEQUENCE_RIDGE_FULL,007-0015,140,0.13137369762345225,0.26153136464233107,0.3016395904731462
15,SEQUENCE_RIDGE_FULL,007-0017,151,0.08187774422136132,0.26236398729686605,0.303545175297648
15,SEQUENCE_RIDGE_FULL,007-0024,121,0.1031448969057224,0.26457792759481413,0.3050757284027473
15,SEQUENCE_RIDGE_FULL,007-0025,144,0.1126558521391962,0.26553229957751223,0.30174070990337765
15,SEQUENCE_RIDGE_FULL,007-0026,120,0.0973532122853264,0.26439504082608134,0.30256835947133814
15,SEQUENCE_RIDGE_FULL,007-0027,137,0.11931049143082122,0.2624522827170642,0.30189011416647105
15,SEQUENCE_RIDGE_FULL,009-0006,157,0.03329461575306632,0.26573596219829254,0.3065645222245216
15,SEQUENCE_RIDGE_FULL,009-0008,160,0.07056859076930397,0.2626621051873482,0.3035401479012912
15,SEQUENCE_RIDGE_FULL,009-0011,150,0.013196478352164276,0.26714092832146036,0.3096074600974917
15,SEQUENCE_RIDGE_FULL,009-0016,138,0.11123089451889709,0.2608497221292023,0.3024463305772042
15,SEQUENCE_RIDGE_FULL,009-0017,156,0.03423109370073317,0.26319284451046104,0.30632629403610406
15,SEQUENCE_RIDGE_FULL,009-0018,142,0.07940036020298058,0.2605069956033776,0.3031515833510504
15,SEQUENCE_RIDGE_FULL,009-0021,157,0.04076187440628322,0.2666102664239404,0.3061247791808023
15,SEQUENCE_RIDGE_FULL,009-0028,137,-0.029927633236865713,0.26742629463177353,0.3115612753070496
15,SEQUENCE_RIDGE_FULL,009-0029,146,0.09711960456023908,0.2625758602973315,0.3036676680516832
15,SEQUENCE_RIDGE_FULL,009-0031,153,0.0706081427853559,0.2647551174935415,0.3045164957147069
15,SEQUENCE_RIDGE_FULL,009-0036,97,0.22087706146926536,0.25068240816431464,0.29590997137890795
15,SEQUENCE_RIDGE_FULL,009-0037,123,0.08216197642433101,0.2600261814727366,0.3065762781441499
15,SEQUENCE_RIDGE_FULL,009-0039,134,0.005664988080122615,0.26777605769889934,0.31044729453650144
15,SEQUENCE_RIDGE_FULL,009-0048,158,0.09819202390229022,0.25976763782734763,0.30185183539244176
15,SEQUENCE_RIDGE_FULL,010-0036,37,0.10243070912575555,0.2616022722844119,0.3075717119716225
15,SEQUENCE_RIDGE_FULL,010-0040,23,-0.2984189723320158,0.2841983305660941,0.33223246249711924
15,SEQUENCE_RIDGE_FULL,010-0041,56,-0.03277026752730078,0.27001594806444323,0.31924890942982126
15,SEQUENCE_RIDGE_FULL,010-0045,30,-0.2785714285714286,0.29638356656736115,0.33676423385380827
15,SEQUENCE_RIDGE_FULL,010-0047,15,-0.45357142857142857,0.3063716444159821,0.3524706704091695
15,SEQUENCE_RIDGE_FULL,010-0051,37,0.004024767801857593,0.26185684848260904,0.31525499402212576
15,SEQUENCE_RIDGE_FULL,010-0052,18,-0.21775025799793601,0.2842712020673997,0.3320374050554522
15,SEQUENCE_RIDGE_FULL,010-0056,36,0.026831785345717243,0.27098421130993894,0.31426333309750265
15,SEQUENCE_RIDGE_FULL,011-0002,153,0.09765835479707102,0.2580243182887026,0.30202193689927287
15,SEQUENCE_RIDGE_FULL,011-0007,149,0.12303824978267168,0.2608134641465652,0.3009469227715861
15,SEQUENCE_RIDGE_FULL,013-0006,126,0.11059114628255995,0.26061832203518254,0.30098976947587064
15,SEQUENCE_RIDGE_FULL,013-0008,144,0.14314715056871805,0.25923854365710375,0.2996665250014309
15,SEQUENCE_RIDGE_FULL,013-0021,163,0.12956221198156684,0.2584898708595567,0.29834819346390157
15,SEQUENCE_RIDGE_FULL,013-0032,161,0.03211775710385276,0.2631722932444152,0.3062639521009001
15,SEQUENCE_RIDGE_FULL,014-0024,108,0.1945590710182947,0.25439131283473027,0.29708758184730105
15,SEQUENCE_RIDGE_FULL,014-0032,103,0.11694572378822995,0.2597691395346735,0.3024619929848099
15,SEQUENCE_RIDGE_FULL,014-0036,131,0.16233244440641548,0.26050117223841224,0.3002301447882797
15,SEQUENCE_RIDGE_FULL,014-0037,105,0.03316604684670651,0.26475536465753874,0.3077281672302121
15,SEQUENCE_RIDGE_FULL,014-0038,137,0.14570956431297988,0.2574558068731263,0.29937398675428606
15,SEQUENCE_RIDGE_FULL,014-0041,125,0.1737927734807436,0.25670753550398967,0.29789043028051165
15,SEQUENCE_RIDGE_FULL,014-0049,125,0.18668840841414233,0.25778205431126516,0.2972449481066531
15,SEQUENCE_RIDGE_FULL,014-0052,104,0.08598890555157752,0.26436204544663194,0.3055809263273139
15,SEQUENCE_RIDGE_FULL,014-0065,80,0.09792972857488987,0.2583993866129169,0.30372922551090725
15,SEQUENCE_RIDGE_FULL,014-0066,136,0.09760259208682294,0.26037081602177004,0.3043485083623873
15,SEQUENCE_RIDGE_FULL,014-0068,127,0.13366800583732366,0.25862713374049234,0.3022218529189077
15,SEQUENCE_RIDGE_FULL,015-0005,144,0.19013469987150755,0.25745593327150734,0.2966173573070423
15,SEQUENCE_RIDGE_FULL,015-0007,117,0.136292201759672,0.2618295651619067,0.2991222015037598
15,SEQUENCE_RIDGE_FULL,018-0004,152,-0.001171739665163729,0.26513828200250067,0.30974733814580174
15,SEQUENCE_RIDGE_FULL,019-0003,17,0.041666666666666664,0.2713411982697772,0.31493242901762564
15,SEQUENCE_RIDGE_FULL,020-0004,127,0.137462971334757,0.2545498592571386,0.2983180265130474
15,SEQUENCE_RIDGE_FULL,020-0006,139,0.06931090714559276,0.2614966320122346,0.3047896682819318
15,SEQUENCE_RIDGE_FULL,020-0007,138,0.1037507380003945,0.2590613900788582,0.3027213616346415
15,SEQUENCE_RIDGE_FULL,020-0011,130,0.07273536425260563,0.2631748510783739,0.30676096225137733
15,SEQUENCE_RIDGE_FULL,020-0014,71,0.19372447443780197,0.25314405974678467,0.2955811845063378
15,SEQUENCE_RIDGE_FULL,020-0015,149,0.0963594741972024,0.265507499695522,0.3030735708763853
15,SEQUENCE_RIDGE_FULL,020-0016,113,0.10587887331297528,0.25947862361255214,0.3032251969304314
15,SEQUENCE_RIDGE_FULL,020-0017,94,0.1203336288635744,0.26193625028916323,0.30263544088534616
15,SEQUENCE_RIDGE_FULL,020-0019,69,0.08644722173326291,0.25816983636555785,0.30474673487456333
15,SEQUENCE_RIDGE_FULL,020-0029,137,0.10949562506095911,0.26704949264239747,0.3033355315449985
15,SEQUENCE_RIDGE_FULL,020-0032,115,0.09736775938805972,0.2586112775074665,0.3022068134762677
15,SEQUENCE_RIDGE_FULL,020-0034,114,0.06669207900923696,0.26367597691924755,0.30486876141937147
15,SEQUENCE_RIDGE_FULL,020-0035,105,0.0905863133282488,0.2600297383880089,0.3045802993734441
15,SEQUENCE_RIDGE_FULL,020-0036,139,0.084032883098348,0.2653043753748073,0.3048410215150596
15,SEQUENCE_RIDGE_FULL,020-0037,80,0.08382994095138023,0.26571283988920563,0.30559289469254125
15,SEQUENCE_RIDGE_FULL,020-0038,121,0.014191407583243934,0.26917287615727287,0.31063865228811294
15,SEQUENCE_RIDGE_FULL,020-0039,83,0.09520004346381479,0.2657764263176971,0.30364263772922895
15,SEQUENCE_RIDGE_FULL,020-0040,61,0.07416842889988672,0.2622508151679206,0.30910532050052314
15,SEQUENCE_RIDGE_FULL,020-0042,135,0.12370099342012578,0.2615836442307623,0.3023976895333432
15,SEQUENCE_RIDGE_FULL,020-0044,134,0.12401928068223951,0.26328072660674806,0.30230511230902357
15,SEQUENCE_RIDGE_FULL,020-0055,142,0.03583870367567229,0.26456858622154605,0.30709710353201203
15,SEQUENCE_RIDGE_FULL,020-0057,149,0.13657544542743782,0.25707024441420806,0.2992702814077711
15,SEQUENCE_RIDGE_FULL,020-0058,120,0.036017088894877945,0.2635987786789015,0.3072001625538988
15,SEQUENCE_RIDGE_FULL,020-0061,130,0.009619347761662756,0.26770052362891145,0.31123438892536825
15,SEQUENCE_RIDGE_FULL,020-0069,107,0.25747799487353096,0.248141401652855,0.290908832352607
15,SEQUENCE_RIDGE_FULL,020-0071,121,0.1330644143338395,0.2587390261064594,0.2997381411072876
15,SEQUENCE_RIDGE_FULL,020-0072,139,0.06557960182706632,0.2605688442691382,0.30553132424723756
15,SEQUENCE_RIDGE_FULL,020-0073,66,0.05902220586431114,0.26293550310159125,0.3084975471521853
15,SEQUENCE_RIDGE_FULL,020-0075,146,0.09949408782465463,0.26031553967334414,0.30245954034047456
15,SEQUENCE_RIDGE_FULL,020-0076,145,0.11467019632203168,0.2631320275105136,0.3017154775007897
15,SEQUENCE_RIDGE_FULL,020-0085,149,0.15639612523268417,0.2587355831815204,0.2983851195292119
15,SEQUENCE_RIDGE_FULL,020-0086,148,0.1587455550208971,0.258182376006781,0.2977258928110773
15,SEQUENCE_RIDGE_FULL,020-0087,86,0.187240650421963,0.2578673081061196,0.29665600628617567
15,SEQUENCE_RIDGE_FULL,020-0088,152,0.18034424950753553,0.25751238892935496,0.29610627648603083
15,SEQUENCE_RIDGE_FULL,020-0090,101,0.13278174315119157,0.25627967380653505,0.30229081970633853
15,SEQUENCE_RIDGE_FULL,020-0091,87,0.11843316397669446,0.25996217224767454,0.30397926180703827
15,SEQUENCE_RIDGE_FULL,020-0092,114,0.11919587055456621,0.25792939594632025,0.3013135343490691
15,SEQUENCE_RIDGE_FULL,020-0096,145,0.14196399785518415,0.2580461220731821,0.2995922989150876
15,SEQUENCE_RIDGE_FULL,020-0097,143,0.15806216557002453,0.2584713561696427,0.2987155861364484
15,SEQUENCE_RIDGE_FULL,020-0099,134,0.1183290850409215,0.25976607546188707,0.30205410929530035
15,SEQUENCE_RIDGE_FULL,020-0100,95,0.049222169654594576,0.26062882970437984,0.3094899466316635
15,SEQUENCE_RIDGE_FULL,021-0002,47,0.065207891523681,0.2556883023424746,0.3077750543458941
15,SEQUENCE_RIDGE_FULL,021-0004,41,-0.06619958988380041,0.27062567051663544,0.31968330934059763
15,SEQUENCE_RIDGE_FULL,022-0004,82,0.20182542113479873,0.2561441762047748,0.2962420837359317
15,SEQUENCE_RIDGE_FULL,022-0010,43,-0.008639186900056467,0.2594773333041833,0.3137878683724171
15,SEQUENCE_RIDGE_FULL,022-0011,130,0.03672182827096783,0.2659222469737236,0.30813728006780783
15,SEQUENCE_RIDGE_FULL,022-0013,92,0.08493117138427804,0.2660080701510454,0.3071506288549536
15,SEQUENCE_RIDGE_FULL,022-0014,77,0.24757108249394366,0.25430574474557915,0.29358167543167685
15,SEQUENCE_RIDGE_FULL,022-0017,93,0.2042207790984138,0.25304644194395465,0.29710577712007497
15,SEQUENCE_RIDGE_FULL,023-0001,134,0.09718567620010399,0.2653568298401566,0.3042900003197934
15,SEQUENCE_RIDGE_FULL,023-0004,48,-0.052147525676937444,0.28261248537076783,0.32218368921759793
15,SEQUENCE_RIDGE_FULL,024-0001,117,0.09110101098709354,0.26506898654804767,0.3066412468878011
15,SEQUENCE_RIDGE_FULL,029-0004,145,0.12927752110046162,0.2614006282066451,0.3002658587066395
15,SEQUENCE_RIDGE_FULL,029-0005,151,0.08187180868029723,0.26424627968467773,0.30376896143072685
15,SEQUENCE_RIDGE_COMPOSITION_ONLY,001-0010,145,0.12805273576504597,0.2636938617685738,0.3045950539980348
15,SEQUENCE_RIDGE_COMPOSITION_ONLY,001-0018,145,0.016347977290665592,0.26974837466590124,0.3121248397395012
15,SEQUENCE_RIDGE_COMPOSITION_ONLY,001-0025,139,0.15001398931501006,0.2577483805014017,0.30242362915294196
15,SEQUENCE_RIDGE_COMPOSITION_ONLY,001-0031,128,0.01365916136085748,0.2679491775369577,0.3134380833574885
15,SEQUENCE_RIDGE_COMPOSITION_ONLY,001-0033,142,0.09527367858863638,0.265359153262008,0.30708259054653736
15,SEQUENCE_RIDGE_COMPOSITION_ONLY,001-0035,138,0.07770616286104771,0.2645650540226202,0.30837362934178447
15,SEQUENCE_RIDGE_COMPOSITION_ONLY,001-0040,146,0.06189569369393357,0.26475799570385566,0.3090999701486613
15,SEQUENCE_RIDGE_COMPOSITION_ONLY,001-0041,139,0.1103704077444508,0.26369346600430454,0.3067776010515485
15,SEQUENCE_RIDGE_COMPOSITION_ONLY,001-0044,133,0.11048968889006841,0.2656868892411353,0.3069741439809125
15,SEQUENCE_RIDGE_COMPOSITION_ONLY,001-0048,135,0.04599130885036794,0.2652393599657984,0.31104153998667233
15,SEQUENCE_RIDGE_COMPOSITION_ONLY,001-0051,156,-0.013721973472447857,0.2698396262351593,0.31447816383643346
15,SEQUENCE_RIDGE_COMPOSITION_ONLY,001-0052,131,0.10604805767708994,0.26317402488007946,0.3071923623941916
15,SEQUENCE_RIDGE_COMPOSITION_ONLY,001-0057,139,-0.019281862237597362,0.2699753366458976,0.31427728785867937
15,SEQUENCE_RIDGE_COMPOSITION_ONLY,001-0060,122,0.13287021954250247,0.2607573352764859,0.30159048661143195
15,SEQUENCE_RIDGE_COMPOSITION_ONLY,001-0061,103,0.10965817873260798,0.2654900330601769,0.30732446974117866
15,SEQUENCE_RIDGE_COMPOSITION_ONLY,001-0062,119,0.08961821452411131,0.26011405759334694,0.30576337386036745
15,SEQUENCE_RIDGE_COMPOSITION_ONLY,001-0066,137,0.0827595719583549,0.26832500349449145,0.30799079425368175
15,SEQUENCE_RIDGE_COMPOSITION_ONLY,001-0068,101,0.11874956360843458,0.25904475832416024,0.30420437165538
15,SEQUENCE_RIDGE_COMPOSITION_ONLY,003-0004,17,-0.30637254901960786,0.2886701747473821,0.33897940391696585
15,SEQUENCE_RIDGE_COMPOSITION_ONLY,003-0006,130,0.041371087846190896,0.2690736276359663,0.3096514204531397
15,SEQUENCE_RIDGE_COMPOSITION_ONLY,004-0003,133,0.14032870629196342,0.2606035509776509,0.3035043935396835
15,SEQUENCE_RIDGE_COMPOSITION_ONLY,005-0002,102,0.11229539692626697,0.26055205840092965,0.3022997433031469
15,SEQUENCE_RIDGE_COMPOSITION_ONLY,005-0018,159,0.1157862419919935,0.26174269608783163,0.3030642849617479
15,SEQUENCE_RIDGE_COMPOSITION_ONLY,005-0019,134,0.0772806796539048,0.2676525739430284,0.3093977427011704
15,SEQUENCE_RIDGE_COMPOSITION_ONLY,005-0020,60,-0.009457379789860615,0.265086282474264,0.31309493439685626
15,SEQUENCE_RIDGE_COMPOSITION_ONLY,005-0024,102,-0.04830673798604413,0.2706842505042107,0.3152222266278371
15,SEQUENCE_RIDGE_COMPOSITION_ONLY,005-0029,124,0.12280626402649239,0.25818007359983447,0.30206760312999203
15,SEQUENCE_RIDGE_COMPOSITION_ONLY,005-0032,140,0.040752363918248255,0.26393277111276203,0.31057981894819087
15,SEQUENCE_RIDGE_COMPOSITION_ONLY,005-0033,133,0.11871629561667511,0.26836468369236754,0.30551587598164925
15,SEQUENCE_RIDGE_COMPOSITION_ONLY,005-0041,144,0.13773517911563454,0.2623578986685956,0.30272094631666674
15,SEQUENCE_RIDGE_COMPOSITION_ONLY,005-0051,141,0.08233477312453955,0.2640304224906388,0.30717930307661084
15,SEQUENCE_RIDGE_COMPOSITION_ONLY,005-0056,106,0.10696764398589526,0.26344181205987827,0.30492741787642835
15,SEQUENCE_RIDGE_COMPOSITION_ONLY,007-0003,128,-0.0033825502763211333,0.2702168699877018,0.31267582726234505
15,SEQUENCE_RIDGE_COMPOSITION_ONLY,007-0012,146,0.1008031704999354,0.2656137010402225,0.30586492789836395
15,SEQUENCE_RIDGE_COMPOSITION_ONLY,007-0015,140,0.12283531442711579,0.26614856787735575,0.30503732661652816
15,SEQUENCE_RIDGE_COMPOSITION_ONLY,007-0017,151,0.07226510366846033,0.2666323625157484,0.30627480494838233
15,SEQUENCE_RIDGE_COMPOSITION_ONLY,007-0024,121,0.05998133165890464,0.26796713820858215,0.3086545705790344
15,SEQUENCE_RIDGE_COMPOSITION_ONLY,007-0025,144,0.0717388951684798,0.27000707366243215,0.3080112673079191
15,SEQUENCE_RIDGE_COMPOSITION_ONLY,007-0026,120,0.07538236243570601,0.2676325709556587,0.306717614354313
15,SEQUENCE_RIDGE_COMPOSITION_ONLY,007-0027,137,0.07905687240994445,0.26785227981786364,0.306801755276025
15,SEQUENCE_RIDGE_COMPOSITION_ONLY,009-0006,157,0.05138972095394263,0.2689124592880704,0.3084242739775921
15,SEQUENCE_RIDGE_COMPOSITION_ONLY,009-0008,160,0.0582894711125425,0.2670562734196906,0.30781768082150823
15,SEQUENCE_RIDGE_COMPOSITION_ONLY,009-0011,150,0.03362935452355637,0.26935922986474703,0.3108507339836436
15,SEQUENCE_RIDGE_COMPOSITION_ONLY,009-0016,138,0.06837145058495009,0.26507182717207683,0.30679482412100134
15,SEQUENCE_RIDGE_COMPOSITION_ONLY,009-0017,156,0.03553825006955936,0.26617792823383707,0.3096911927353646
15,SEQUENCE_RIDGE_COMPOSITION_ONLY,009-0018,142,0.07613506416132829,0.26480876234928596,0.306955053281855
15,SEQUENCE_RIDGE_COMPOSITION_ONLY,009-0021,157,0.037348884711804295,0.27026471610759584,0.30933337428669005
15,SEQUENCE_RIDGE_COMPOSITION_ONLY,009-0028,137,-0.06666476058856481,0.2735968617796018,0.31811723781377443
15,SEQUENCE_RIDGE_COMPOSITION_ONLY,009-0029,146,0.09233013188978756,0.26648703011531544,0.3073148226118971
15,SEQUENCE_RIDGE_COMPOSITION_ONLY,009-0031,153,0.07734922754005338,0.26619378199249216,0.3068148809588854
15,SEQUENCE_RIDGE_COMPOSITION_ONLY,009-0036,97,0.17400139216106233,0.25586247544046853,0.3011041899724206
15,SEQUENCE_RIDGE_COMPOSITION_ONLY,009-0037,123,0.06898969049266054,0.2622689687679135,0.31022313927322737
15,SEQUENCE_RIDGE_COMPOSITION_ONLY,009-0039,134,-0.010347480758771722,0.270750423014012,0.31341759136621106
15,SEQUENCE_RIDGE_COMPOSITION_ONLY,009-0048,158,0.06380825482179929,0.2645674327709528,0.3074760742994586
15,SEQUENCE_RIDGE_COMPOSITION_ONLY,010-0036,37,-0.038802889576883395,0.2692757111228248,0.31563809659997805
15,SEQUENCE_RIDGE_COMPOSITION_ONLY,010-0040,23,-0.3942687747035573,0.29070819441522766,0.3383613495758739
15,SEQUENCE_RIDGE_COMPOSITION_ONLY,010-0041,56,-0.11990439654122519,0.2761435992325248,0.3240712649914104
15,SEQUENCE_RIDGE_COMPOSITION_ONLY,010-0045,30,-0.3142857142857143,0.3005678750288878,0.3400084389363459
15,SEQUENCE_RIDGE_COMPOSITION_ONLY,010-0047,15,-0.4714285714285714,0.3164833828914937,0.36138188240880614
15,SEQUENCE_RIDGE_COMPOSITION_ONLY,010-0051,37,-0.1256965944272446,0.27030248067240104,0.3238389022470244
15,SEQUENCE_RIDGE_COMPOSITION_ONLY,010-0052,18,-0.37874097007223945,0.29737126096791344,0.3448900933423913
15,SEQUENCE_RIDGE_COMPOSITION_ONLY,010-0056,36,-0.01547987616099071,0.2727700132730779,0.31477967864179823
15,SEQUENCE_RIDGE_COMPOSITION_ONLY,011-0002,153,0.08145881729654407,0.26258936776703057,0.30671718084735683
15,SEQUENCE_RIDGE_COMPOSITION_ONLY,011-0007,149,0.10537459497905746,0.26494425326741416,0.3056656844157599
15,SEQUENCE_RIDGE_COMPOSITION_ONLY,013-0006,126,0.0804100143950795,0.2660848355061581,0.30562635175126707
15,SEQUENCE_RIDGE_COMPOSITION_ONLY,013-0008,144,0.12800398580964018,0.2628205163724113,0.30364983672103874
15,SEQUENCE_RIDGE_COMPOSITION_ONLY,013-0021,163,0.11370074422730969,0.26293572360109846,0.3032583697007949
15,SEQUENCE_RIDGE_COMPOSITION_ONLY,013-0032,161,0.024573486286010006,0.26678511791049997,0.3105214428033488
15,SEQUENCE_RIDGE_COMPOSITION_ONLY,014-0024,108,0.15575051830540385,0.25664691419038027,0.3008179797853655
15,SEQUENCE_RIDGE_COMPOSITION_ONLY,014-0032,103,0.05491845268432781,0.2635629544281135,0.307780873949687
15,SEQUENCE_RIDGE_COMPOSITION_ONLY,014-0036,131,0.1546081855976183,0.2643482421631018,0.30225971771147153
15,SEQUENCE_RIDGE_COMPOSITION_ONLY,014-0037,105,-0.0019194298954418945,0.27129549826020455,0.3122599125405464
15,SEQUENCE_RIDGE_COMPOSITION_ONLY,014-0038,137,0.09361174162122929,0.2633583213893216,0.30454083683524313
15,SEQUENCE_RIDGE_COMPOSITION_ONLY,014-0041,125,0.08206742479641047,0.264672140043663,0.305266368962419
15,SEQUENCE_RIDGE_COMPOSITION_ONLY,014-0049,125,0.13526775656997642,0.26460707905488995,0.3031904632743111
15,SEQUENCE_RIDGE_COMPOSITION_ONLY,014-0052,104,0.058013643460924066,0.26661125226165183,0.3095211266525427
15,SEQUENCE_RIDGE_COMPOSITION_ONLY,014-0065,80,0.06106921752083042,0.261474165290678,0.30749614690269006
15,SEQUENCE_RIDGE_COMPOSITION_ONLY,014-0066,136,0.06900901925471709,0.2639593300686703,0.3085497315863421
15,SEQUENCE_RIDGE_COMPOSITION_ONLY,014-0068,127,0.1270038309554697,0.2613230003196632,0.30595827262574127
15,SEQUENCE_RIDGE_COMPOSITION_ONLY,015-0005,144,0.1559597315250139,0.2611814110740144,0.3007459829770549
15,SEQUENCE_RIDGE_COMPOSITION_ONLY,015-0007,117,0.0897040098525,0.2669864710606234,0.3051352940706752
15,SEQUENCE_RIDGE_COMPOSITION_ONLY,018-0004,152,-0.014150042851214087,0.268773376212608,0.31329972192943023
15,SEQUENCE_RIDGE_COMPOSITION_ONLY,019-0003,17,-0.03431372549019608,0.27356857067188955,0.3171854810794978
15,SEQUENCE_RIDGE_COMPOSITION_ONLY,020-0004,127,0.09512223549041418,0.25912962335543105,0.3049778209659096
15,SEQUENCE_RIDGE_COMPOSITION_ONLY,020-0006,139,0.08122920464705455,0.2657010126081091,0.3076715526559963
15,SEQUENCE_RIDGE_COMPOSITION_ONLY,020-0007,138,0.08274008629305364,0.2635792330543433,0.3074763387646912
15,SEQUENCE_RIDGE_COMPOSITION_ONLY,020-0011,130,0.06962243775258234,0.2672744803268371,0.3110066639696757
15,SEQUENCE_RIDGE_COMPOSITION_ONLY,020-0014,71,0.1444477844619879,0.25759770241773194,0.30072901675970115
15,SEQUENCE_RIDGE_COMPOSITION_ONLY,020-0015,149,0.06459673896083631,0.26878072554200416,0.30796477746105916
15,SEQUENCE_RIDGE_COMPOSITION_ONLY,020-0016,113,0.05431503861413729,0.2643540082129348,0.3096773272087605
15,SEQUENCE_RIDGE_COMPOSITION_ONLY,020-0017,94,0.0821025511089032,0.265444733398118,0.30811251283546015
15,SEQUENCE_RIDGE_COMPOSITION_ONLY,020-0019,69,0.03094626197601026,0.2621115350514454,0.30971968629955354
15,SEQUENCE_RIDGE_COMPOSITION_ONLY,020-0029,137,0.097204781666602,0.27093365010848747,0.3075078654364064
15,SEQUENCE_RIDGE_COMPOSITION_ONLY,020-0032,115,0.068533701806783,0.2616596009006392,0.3071934816156463
15,SEQUENCE_RIDGE_COMPOSITION_ONLY,020-0034,114,0.02021927260108573,0.2667346171927676,0.31001534243013584
15,SEQUENCE_RIDGE_COMPOSITION_ONLY,020-0035,105,0.06316338231660812,0.26421172667237364,0.3090945646871728
15,SEQUENCE_RIDGE_COMPOSITION_ONLY,020-0036,139,0.07966408828363289,0.2689613180194992,0.3089236580918896
15,SEQUENCE_RIDGE_COMPOSITION_ONLY,020-0037,80,0.009645201819114865,0.2716517305580498,0.31216054158587636
15,SEQUENCE_RIDGE_COMPOSITION_ONLY,020-0038,121,-0.012617072443014316,0.2741483949750728,0.3138324603092081
15,SEQUENCE_RIDGE_COMPOSITION_ONLY,020-0039,83,0.05355363531053912,0.26972079029314067,0.3083434992038487
15,SEQUENCE_RIDGE_COMPOSITION_ONLY,020-0040,61,0.008238486435417386,0.26740322830846747,0.31512841246177614
15,SEQUENCE_RIDGE_COMPOSITION_ONLY,020-0042,135,0.1302640117267481,0.2667319571165144,0.3061784188218727
15,SEQUENCE_RIDGE_COMPOSITION_ONLY,020-0044,134,0.0825429489556297,0.26890035935319234,0.3081853826593445
15,SEQUENCE_RIDGE_COMPOSITION_ONLY,020-0055,142,0.03281705676975784,0.2671871549278322,0.30967402470072486
15,SEQUENCE_RIDGE_COMPOSITION_ONLY,020-0057,149,0.11570455161536757,0.2612942025163556,0.30444575417879255
15,SEQUENCE_RIDGE_COMPOSITION_ONLY,020-0058,120,0.028438974368888325,0.2653485995097157,0.31067852076832736
15,SEQUENCE_RIDGE_COMPOSITION_ONLY,020-0061,130,0.01614269685616935,0.26970092740441326,0.313990097933095
15,SEQUENCE_RIDGE_COMPOSITION_ONLY,020-0069,107,0.18557112598916292,0.2527065000844012,0.2972979098063957
15,SEQUENCE_RIDGE_COMPOSITION_ONLY,020-0071,121,0.08529766926658082,0.26466079568650136,0.3057834729310093
15,SEQUENCE_RIDGE_COMPOSITION_ONLY,020-0072,139,0.05773215234168581,0.26419137780563223,0.30953531053940686
15,SEQUENCE_RIDGE_COMPOSITION_ONLY,020-0073,66,-0.024486741328846585,0.2680073729749029,0.3146567814904073
15,SEQUENCE_RIDGE_COMPOSITION_ONLY,020-0075,146,0.09538769516779998,0.2638973585217267,0.3069548344638202
15,SEQUENCE_RIDGE_COMPOSITION_ONLY,020-0076,145,0.09957398552504225,0.26725518292382267,0.306337053526019
15,SEQUENCE_RIDGE_COMPOSITION_ONLY,020-0085,149,0.13520251730636815,0.2633751015281073,0.30353110619860135
15,SEQUENCE_RIDGE_COMPOSITION_ONLY,020-0086,148,0.1550319887176973,0.26057527731913865,0.30186404100071845
15,SEQUENCE_RIDGE_COMPOSITION_ONLY,020-0087,86,0.14050183738726563,0.26137172358164934,0.3014515642296416
15,SEQUENCE_RIDGE_COMPOSITION_ONLY,020-0088,152,0.1570362711437762,0.2619097728965009,0.300925129637086
15,SEQUENCE_RIDGE_COMPOSITION_ONLY,020-0090,101,0.0980415953501963,0.25826626970556327,0.30603664104441797
15,SEQUENCE_RIDGE_COMPOSITION_ONLY,020-0091,87,0.04295520344749019,0.26488608708387157,0.3102906732399804
15,SEQUENCE_RIDGE_COMPOSITION_ONLY,020-0092,114,0.09143054234218329,0.26231920902394473,0.30666208735970263
15,SEQUENCE_RIDGE_COMPOSITION_ONLY,020-0096,145,0.12346957970908903,0.26019866768891997,0.30417396128291185
15,SEQUENCE_RIDGE_COMPOSITION_ONLY,020-0097,143,0.12606195022648087,0.2630362515456833,0.3034165788802121
15,SEQUENCE_RIDGE_COMPOSITION_ONLY,020-0099,134,0.10389216140532306,0.2620116536006747,0.3056908642888452
15,SEQUENCE_RIDGE_COMPOSITION_ONLY,020-0100,95,-0.02075114123918351,0.26661183884486706,0.3165070232790569
15,SEQUENCE_RIDGE_COMPOSITION_ONLY,021-0002,47,0.003209947946790047,0.2587197720548725,0.31343405821160986
15,SEQUENCE_RIDGE_COMPOSITION_ONLY,021-0004,41,-0.10006835269993164,0.27027818004399495,0.32191582047940925
15,SEQUENCE_RIDGE_COMPOSITION_ONLY,022-0004,82,0.15595037606644707,0.25958975542750573,0.2998087764916106
15,SEQUENCE_RIDGE_COMPOSITION_ONLY,022-0010,43,-0.10287972896668551,0.26519786297876324,0.31936292823585244
15,SEQUENCE_RIDGE_COMPOSITION_ONLY,022-0011,130,0.002755726613967796,0.26963453667994514,0.3134841962621714
15,SEQUENCE_RIDGE_COMPOSITION_ONLY,022-0013,92,0.03059361733897337,0.27166447234685337,0.31135809645596807
15,SEQUENCE_RIDGE_COMPOSITION_ONLY,022-0014,77,0.19993253006927622,0.25721410560318364,0.2978463080974205
15,SEQUENCE_RIDGE_COMPOSITION_ONLY,022-0017,93,0.16012742047224804,0.2558742305723415,0.3009868344707066
15,SEQUENCE_RIDGE_COMPOSITION_ONLY,023-0001,134,0.04717808963703094,0.2703406062249054,0.3105047537176763
15,SEQUENCE_RIDGE_COMPOSITION_ONLY,023-0004,48,-0.14603174603174604,0.28504387465395525,0.3263318122895255
15,SEQUENCE_RIDGE_COMPOSITION_ONLY,024-0001,117,0.010175227137145615,0.2711916869104951,0.31385141800306493
15,SEQUENCE_RIDGE_COMPOSITION_ONLY,029-0004,145,0.12392617757834357,0.2653963103772741,0.3045987553438857
15,SEQUENCE_RIDGE_COMPOSITION_ONLY,029-0005,151,0.07229578666641445,0.2675277262722412,0.3082025010432119
20,SEQUENCE_RIDGE_FULL,001-0010,127,0.15645865004915913,0.2605296234968075,0.29743989654604247
20,SEQUENCE_RIDGE_FULL,001-0018,127,0.08845301810176999,0.2619294657198516,0.3022423537652832
20,SEQUENCE_RIDGE_FULL,001-0025,123,0.21547873093013117,0.2509206511964438,0.2929150523405734
20,SEQUENCE_RIDGE_FULL,001-0031,112,0.08801152323223949,0.26331244761724154,0.30358253899104176
20,SEQUENCE_RIDGE_FULL,001-0033,125,0.09368763760939709,0.2626754209939674,0.3023341642731555
20,SEQUENCE_RIDGE_FULL,001-0035,120,0.15420549400870673,0.2584114070688339,0.297665541865878
20,SEQUENCE_RIDGE_FULL,001-0040,146,0.06118268168830885,0.26003562947277636,0.30479923267100717
20,SEQUENCE_RIDGE_FULL,001-0041,123,0.136790562746486,0.2559961926936127,0.29923133114927075
20,SEQUENCE_RIDGE_FULL,001-0044,117,0.074502195569558,0.2596180473506933,0.3034933882512274
20,SEQUENCE_RIDGE_FULL,001-0048,119,0.12914761591763818,0.26048733953815456,0.2999750278782619
20,SEQUENCE_RIDGE_FULL,001-0051,156,-0.02625187905074053,0.26748612040149605,0.3112795731208436
20,SEQUENCE_RIDGE_FULL,001-0052,116,0.11985723729675343,0.2546472588259159,0.3003521434920521
20,SEQUENCE_RIDGE_FULL,001-0057,122,0.0735474215472416,0.26081549052165637,0.30326504768193696
20,SEQUENCE_RIDGE_FULL,001-0060,122,0.18094833422464612,0.25536885884908744,0.29545680966215726
20,SEQUENCE_RIDGE_FULL,001-0061,103,0.14809780507716874,0.2605337174102914,0.30237004624392905
20,SEQUENCE_RIDGE_FULL,001-0062,119,0.13856278868808777,0.25337776203849915,0.2994586817723359
20,SEQUENCE_RIDGE_FULL,001-0066,122,0.14142144310501306,0.26040012354273845,0.29924299639633034
20,SEQUENCE_RIDGE_FULL,001-0068,101,0.1871039922103604,0.253314145794902,0.2972669376656782
20,SEQUENCE_RIDGE_FULL,003-0006,114,0.16915336455659036,0.25810060191615214,0.2981949843783065
20,SEQUENCE_RIDGE_FULL,004-0003,115,0.16752536007280372,0.2556479900490232,0.29739991830589557
20,SEQUENCE_RIDGE_FULL,005-0002,102,0.20922279063813137,0.25327416631468114,0.2951438498903528
20,SEQUENCE_RIDGE_FULL,005-0018,159,0.13732328850237635,0.25679047506521135,0.2983761212102488
20,SEQUENCE_RIDGE_FULL,005-0019,118,0.05925677647034711,0.26332467961674294,0.30517966317245804
20,SEQUENCE_RIDGE_FULL,005-0020,44,0.12121682665160927,0.25449254949819716,0.30450493209048324
20,SEQUENCE_RIDGE_FULL,005-0024,102,0.0004441347580606686,0.2679794472284177,0.31160196031621906
20,SEQUENCE_RIDGE_FULL,005-0029,124,0.14671582123428129,0.2552659201260213,0.2981898787301842
20,SEQUENCE_RIDGE_FULL,005-0032,122,0.11237630556317986,0.26008916564876006,0.3009828795395708
20,SEQUENCE_RIDGE_FULL,005-0033,117,0.13034609339637804,0.2616022989563143,0.30116499192470586
20,SEQUENCE_RIDGE_FULL,005-0041,127,0.16367409867172675,0.2588376094371212,0.29625872013653093
20,SEQUENCE_RIDGE_FULL,005-0051,141,0.09641029715556967,0.26114521585607997,0.3031638946209224
20,SEQUENCE_RIDGE_FULL,005-0056,88,0.16677281499862148,0.25610517982845743,0.2969454298839926
20,SEQUENCE_RIDGE_FULL,007-0003,113,0.034931776217232285,0.26425600924533615,0.30737071054991255
20,SEQUENCE_RIDGE_FULL,007-0012,128,0.07129270140152329,0.2642387483518989,0.30320465414057385
20,SEQUENCE_RIDGE_FULL,007-0015,124,0.10980535732343297,0.26004132759569204,0.301385483223442
20,SEQUENCE_RIDGE_FULL,007-0017,151,0.08187774422136132,0.26236398729686605,0.303545175297648
20,SEQUENCE_RIDGE_FULL,007-0024,105,0.07672523877921181,0.2666711715618816,0.30659530008669605
20,SEQUENCE_RIDGE_FULL,007-0025,144,0.1126558521391962,0.26553229957751223,0.30174070990337765
20,SEQUENCE_RIDGE_FULL,007-0026,120,0.0973532122853264,0.26439504082608134,0.30256835947133814
20,SEQUENCE_RIDGE_FULL,007-0027,121,0.18810870252382064,0.2594563086662036,0.2957519254374157
20,SEQUENCE_RIDGE_FULL,009-0006,157,0.03329461575306632,0.26573596219829254,0.3065645222245216
20,SEQUENCE_RIDGE_FULL,009-0008,160,0.07056859076930397,0.2626621051873482,0.3035401479012912
20,SEQUENCE_RIDGE_FULL,009-0011,150,0.013196478352164276,0.26714092832146036,0.3096074600974917
20,SEQUENCE_RIDGE_FULL,009-0016,138,0.11123089451889709,0.2608497221292023,0.3024463305772042
20,SEQUENCE_RIDGE_FULL,009-0017,156,0.03423109370073317,0.26319284451046104,0.30632629403610406
20,SEQUENCE_RIDGE_FULL,009-0018,123,0.09486448534144502,0.2598717436152942,0.3011464078492525
20,SEQUENCE_RIDGE_FULL,009-0021,157,0.04076187440628322,0.2666102664239404,0.3061247791808023
20,SEQUENCE_RIDGE_FULL,009-0028,122,0.11169760131106071,0.25716107048000425,0.3009024682613981
20,SEQUENCE_RIDGE_FULL,009-0029,146,0.09711960456023908,0.2625758602973315,0.3036676680516832
20,SEQUENCE_RIDGE_FULL,009-0031,153,0.0706081427853559,0.2647551174935415,0.3045164957147069
20,SEQUENCE_RIDGE_FULL,009-0036,82,0.1516456057685443,0.2572465389565601,0.30056024205155785
20,SEQUENCE_RIDGE_FULL,009-0037,107,0.09755541170688437,0.2583392257662859,0.3049965477356515
20,SEQUENCE_RIDGE_FULL,009-0039,115,0.026379480714188358,0.26745529558445474,0.3077061681558495
20,SEQUENCE_RIDGE_FULL,009-0048,158,0.09819202390229022,0.25976763782734763,0.30185183539244176
20,SEQUENCE_RIDGE_FULL,010-0036,20,-0.22406015037593985,0.2758371369993804,0.33097487391304714
20,SEQUENCE_RIDGE_FULL,010-0040,23,-0.2984189723320158,0.2841983305660941,0.33223246249711924
20,SEQUENCE_RIDGE_FULL,010-0041,24,-0.15391304347826087,0.2705578663144794,0.32209455574973694
20,SEQUENCE_RIDGE_FULL,011-0002,153,0.09765835479707102,0.2580243182887026,0.30202193689927287
20,SEQUENCE_RIDGE_FULL,011-0007,149,0.12303824978267168,0.2608134641465652,0.3009469227715861
20,SEQUENCE_RIDGE_FULL,013-0006,126,0.11059114628255995,0.26061832203518254,0.30098976947587064
20,SEQUENCE_RIDGE_FULL,013-0008,126,0.1513281590571308,0.25721645761486434,0.29792770793839307
20,SEQUENCE_RIDGE_FULL,013-0021,163,0.12956221198156684,0.2584898708595567,0.29834819346390157
20,SEQUENCE_RIDGE_FULL,013-0032,161,0.03211775710385276,0.2631722932444152,0.3062639521009001
20,SEQUENCE_RIDGE_FULL,014-0024,108,0.1945590710182947,0.25439131283473027,0.29708758184730105
20,SEQUENCE_RIDGE_FULL,014-0032,103,0.11694572378822995,0.2597691395346735,0.3024619929848099
20,SEQUENCE_RIDGE_FULL,014-0036,116,0.13148698407944792,0.263190088898724,0.30142955679548183
20,SEQUENCE_RIDGE_FULL,014-0037,105,0.03316604684670651,0.26475536465753874,0.3077281672302121
20,SEQUENCE_RIDGE_FULL,014-0038,137,0.14570956431297988,0.2574558068731263,0.29937398675428606
20,SEQUENCE_RIDGE_FULL,014-0041,106,0.1273286861491751,0.2606618011515858,0.30105161369523414
20,SEQUENCE_RIDGE_FULL,014-0049,110,0.18068193908910649,0.25868862026000095,0.29694225974620586
20,SEQUENCE_RIDGE_FULL,014-0052,85,0.09827760506292209,0.2640886356579967,0.3032081935764935
20,SEQUENCE_RIDGE_FULL,014-0065,80,0.09792972857488987,0.2583993866129169,0.30372922551090725
20,SEQUENCE_RIDGE_FULL,014-0066,120,0.12347382834382278,0.25830511983817056,0.30088512857090316
20,SEQUENCE_RIDGE_FULL,014-0068,94,0.16684728576209307,0.2558059330787583,0.2966986636309475
20,SEQUENCE_RIDGE_FULL,015-0005,125,0.20696662045341951,0.25639756808332903,0.29417895453310305
20,SEQUENCE_RIDGE_FULL,015-0007,117,0.136292201759672,0.2618295651619067,0.2991222015037598
20,SEQUENCE_RIDGE_FULL,018-0004,152,-0.001171739665163729,0.26513828200250067,0.30974733814580174
20,SEQUENCE_RIDGE_FULL,020-0004,127,0.137462971334757,0.2545498592571386,0.2983180265130474
20,SEQUENCE_RIDGE_FULL,020-0006,122,0.112373928049638,0.25975514335552097,0.3005846057747118
20,SEQUENCE_RIDGE_FULL,020-0007,121,0.12172273622598331,0.2592708873914776,0.30068562139978106
20,SEQUENCE_RIDGE_FULL,020-0011,115,0.0775263481728999,0.26344798389168994,0.30524293110514417
20,SEQUENCE_RIDGE_FULL,020-0014,52,0.00023583446372051758,0.26302716501988177,0.3117575499786265
20,SEQUENCE_RIDGE_FULL,020-0015,149,0.0963594741972024,0.265507499695522,0.3030735708763853
20,SEQUENCE_RIDGE_FULL,020-0016,113,0.10587887331297528,0.25947862361255214,0.3032251969304314
20,SEQUENCE_RIDGE_FULL,020-0017,75,0.163368815092953,0.2551031461825836,0.29919059778910057
20,SEQUENCE_RIDGE_FULL,020-0019,69,0.08644722173326291,0.25816983636555785,0.30474673487456333
20,SEQUENCE_RIDGE_FULL,020-0029,120,0.06824208034580671,0.2684629173544655,0.30529826656401393
20,SEQUENCE_RIDGE_FULL,020-0032,115,0.09736775938805972,0.2586112775074665,0.3022068134762677
20,SEQUENCE_RIDGE_FULL,020-0034,114,0.06669207900923696,0.26367597691924755,0.30486876141937147
20,SEQUENCE_RIDGE_FULL,020-0035,105,0.0905863133282488,0.2600297383880089,0.3045802993734441
20,SEQUENCE_RIDGE_FULL,020-0036,123,0.117541103872935,0.2619374339581181,0.3010566436004681
20,SEQUENCE_RIDGE_FULL,020-0037,80,0.08382994095138023,0.26571283988920563,0.30559289469254125
20,SEQUENCE_RIDGE_FULL,020-0038,106,0.06863211662191206,0.2660114860118774,0.3053565502786668
20,SEQUENCE_RIDGE_FULL,020-0039,83,0.09520004346381479,0.2657764263176971,0.30364263772922895
20,SEQUENCE_RIDGE_FULL,020-0040,44,-0.02600225861095426,0.2688631868589374,0.3151175770083927
20,SEQUENCE_RIDGE_FULL,020-0042,120,0.09212624177515723,0.26410290363200023,0.30360244263734393
20,SEQUENCE_RIDGE_FULL,020-0044,119,0.20145267228137081,0.2550759548245686,0.2941412873469746
20,SEQUENCE_RIDGE_FULL,020-0055,142,0.03583870367567229,0.26456858622154605,0.30709710353201203
20,SEQUENCE_RIDGE_FULL,020-0057,149,0.13657544542743782,0.25707024441420806,0.2992702814077711
20,SEQUENCE_RIDGE_FULL,020-0058,120,0.036017088894877945,0.2635987786789015,0.3072001625538988
20,SEQUENCE_RIDGE_FULL,020-0061,114,-0.016652285886156845,0.2692895480033821,0.3116008780003345
20,SEQUENCE_RIDGE_FULL,020-0069,107,0.25747799487353096,0.248141401652855,0.290908832352607
20,SEQUENCE_RIDGE_FULL,020-0071,121,0.1330644143338395,0.2587390261064594,0.2997381411072876
20,SEQUENCE_RIDGE_FULL,020-0072,123,0.12756273757795056,0.2586448295830853,0.2996398012715451
20,SEQUENCE_RIDGE_FULL,020-0073,66,0.05902220586431114,0.26293550310159125,0.3084975471521853
20,SEQUENCE_RIDGE_FULL,020-0075,146,0.09949408782465463,0.26031553967334414,0.30245954034047456
20,SEQUENCE_RIDGE_FULL,020-0076,145,0.11467019632203168,0.2631320275105136,0.3017154775007897
20,SEQUENCE_RIDGE_FULL,020-0085,149,0.15639612523268417,0.2587355831815204,0.2983851195292119
20,SEQUENCE_RIDGE_FULL,020-0086,129,0.1361512420217354,0.26036396749782875,0.2983265290875699
20,SEQUENCE_RIDGE_FULL,020-0087,86,0.187240650421963,0.2578673081061196,0.29665600628617567
20,SEQUENCE_RIDGE_FULL,020-0088,152,0.18034424950753553,0.25751238892935496,0.29610627648603083
20,SEQUENCE_RIDGE_FULL,020-0090,83,0.1409226131592771,0.2560861308976567,0.3008075738381992
20,SEQUENCE_RIDGE_FULL,020-0091,70,0.1816036957597756,0.2565245691823908,0.2983863279650674
20,SEQUENCE_RIDGE_FULL,020-0092,114,0.11919587055456621,0.25792939594632025,0.3013135343490691
20,SEQUENCE_RIDGE_FULL,020-0096,127,0.13333735026015664,0.2603086293559374,0.2988789163657665
20,SEQUENCE_RIDGE_FULL,020-0097,143,0.15806216557002453,0.2584713561696427,0.2987155861364484
20,SEQUENCE_RIDGE_FULL,020-0099,134,0.1183290850409215,0.25976607546188707,0.30205410929530035
20,SEQUENCE_RIDGE_FULL,020-0100,80,0.07872479763469753,0.2595188412452098,0.30643253537219783
20,SEQUENCE_RIDGE_FULL,021-0002,47,0.065207891523681,0.2556883023424746,0.3077750543458941
20,SEQUENCE_RIDGE_FULL,021-0004,41,-0.06619958988380041,0.27062567051663544,0.31968330934059763
20,SEQUENCE_RIDGE_FULL,022-0004,82,0.20182542113479873,0.2561441762047748,0.2962420837359317
20,SEQUENCE_RIDGE_FULL,022-0010,43,-0.008639186900056467,0.2594773333041833,0.3137878683724171
20,SEQUENCE_RIDGE_FULL,022-0011,113,0.06734836377008234,0.2635604783431744,0.30504820801215926
20,SEQUENCE_RIDGE_FULL,022-0013,56,0.039457286009010155,0.2672057190136957,0.3095211489096277
20,SEQUENCE_RIDGE_FULL,022-0014,77,0.24757108249394366,0.25430574474557915,0.29358167543167685
20,SEQUENCE_RIDGE_FULL,022-0017,77,0.19288260742533606,0.25515269011562847,0.2963493468164232
20,SEQUENCE_RIDGE_FULL,023-0001,118,0.15089385995601234,0.26307800849959134,0.29981271923285585
20,SEQUENCE_RIDGE_FULL,024-0001,85,0.19648954678988048,0.25754231539415046,0.2961669605465472
20,SEQUENCE_RIDGE_FULL,029-0004,127,0.16649886215989076,0.2590600567853782,0.29653267603946387
20,SEQUENCE_RIDGE_FULL,029-0005,151,0.08187180868029723,0.26424627968467773,0.30376896143072685
20,SEQUENCE_RIDGE_COMPOSITION_ONLY,001-0010,127,0.1283321735762765,0.2650057741666975,0.30272682264053263
20,SEQUENCE_RIDGE_COMPOSITION_ONLY,001-0018,127,0.043912783790834575,0.26850878873326284,0.3089204996187757
20,SEQUENCE_RIDGE_COMPOSITION_ONLY,001-0025,123,0.16766454546729198,0.25679839730717635,0.29972183702576466
20,SEQUENCE_RIDGE_COMPOSITION_ONLY,001-0031,112,0.04280924581871891,0.26800258048274894,0.3090299256990816
20,SEQUENCE_RIDGE_COMPOSITION_ONLY,001-0033,125,0.08232739235344255,0.26707068735541706,0.30650078570466743
20,SEQUENCE_RIDGE_COMPOSITION_ONLY,001-0035,120,0.13041443732243968,0.26232933721878815,0.3027645013182165
20,SEQUENCE_RIDGE_COMPOSITION_ONLY,001-0040,146,0.06189569369393357,0.26475799570385566,0.3090999701486613
20,SEQUENCE_RIDGE_COMPOSITION_ONLY,001-0041,123,0.09825712732762232,0.26121772165222995,0.3050533677984281
20,SEQUENCE_RIDGE_COMPOSITION_ONLY,001-0044,117,0.06017093464199727,0.26484653511344697,0.30904033224413385
20,SEQUENCE_RIDGE_COMPOSITION_ONLY,001-0048,119,0.0883714890041364,0.26566325383037415,0.3063224994750492
20,SEQUENCE_RIDGE_COMPOSITION_ONLY,001-0051,156,-0.013721973472447857,0.2698396262351593,0.31447816383643346
20,SEQUENCE_RIDGE_COMPOSITION_ONLY,001-0052,116,0.10666721495350528,0.25952048875966627,0.30465099359934145
20,SEQUENCE_RIDGE_COMPOSITION_ONLY,001-0057,122,0.0463633584775131,0.2655460182256505,0.3086123552649997
20,SEQUENCE_RIDGE_COMPOSITION_ONLY,001-0060,122,0.13287021954250247,0.2607573352764859,0.30159048661143195
20,SEQUENCE_RIDGE_COMPOSITION_ONLY,001-0061,103,0.10965817873260798,0.2654900330601769,0.30732446974117866
20,SEQUENCE_RIDGE_COMPOSITION_ONLY,001-0062,119,0.08961821452411131,0.26011405759334694,0.30576337386036745
20,SEQUENCE_RIDGE_COMPOSITION_ONLY,001-0066,122,0.08737803637651506,0.2658552277396601,0.305600515871976
20,SEQUENCE_RIDGE_COMPOSITION_ONLY,001-0068,101,0.11874956360843458,0.25904475832416024,0.30420437165538
20,SEQUENCE_RIDGE_COMPOSITION_ONLY,003-0006,114,0.12156680098420922,0.26133812978327803,0.30237877158345716
20,SEQUENCE_RIDGE_COMPOSITION_ONLY,004-0003,115,0.12871325644596565,0.26055582086556184,0.3026607355213523
20,SEQUENCE_RIDGE_COMPOSITION_ONLY,005-0002,102,0.11229539692626697,0.26055205840092965,0.3022997433031469
20,SEQUENCE_RIDGE_COMPOSITION_ONLY,005-0018,159,0.1157862419919935,0.26174269608783163,0.3030642849617479
20,SEQUENCE_RIDGE_COMPOSITION_ONLY,005-0019,118,0.029689084861498655,0.26833566985820545,0.31028592639709873
20,SEQUENCE_RIDGE_COMPOSITION_ONLY,005-0020,44,0.026990400903444373,0.2600615343873275,0.31140615699387886
20,SEQUENCE_RIDGE_COMPOSITION_ONLY,005-0024,102,-0.04830673798604413,0.2706842505042107,0.3152222266278371
20,SEQUENCE_RIDGE_COMPOSITION_ONLY,005-0029,124,0.12280626402649239,0.25818007359983447,0.30206760312999203
20,SEQUENCE_RIDGE_COMPOSITION_ONLY,005-0032,122,0.08319019689987431,0.26211703752238635,0.30597406944667155
20,SEQUENCE_RIDGE_COMPOSITION_ONLY,005-0033,117,0.10280713422672626,0.2663017625933294,0.30520923652550863
20,SEQUENCE_RIDGE_COMPOSITION_ONLY,005-0041,127,0.11763466016905297,0.26365416645966566,0.30322563968983784
20,SEQUENCE_RIDGE_COMPOSITION_ONLY,005-0051,141,0.08233477312453955,0.2640304224906388,0.30717930307661084
20,SEQUENCE_RIDGE_COMPOSITION_ONLY,005-0056,88,0.13677557209815275,0.26172025611621597,0.30181986317103443
20,SEQUENCE_RIDGE_COMPOSITION_ONLY,007-0003,113,0.012736097868884293,0.2662713869219372,0.3097525868628278
20,SEQUENCE_RIDGE_COMPOSITION_ONLY,007-0012,128,0.05092656374411429,0.26803896685371426,0.3080203045058414
20,SEQUENCE_RIDGE_COMPOSITION_ONLY,007-0015,124,0.08663237832801239,0.26570370802929255,0.3054034647815346
20,SEQUENCE_RIDGE_COMPOSITION_ONLY,007-0017,151,0.07226510366846033,0.2666323625157484,0.30627480494838233
20,SEQUENCE_RIDGE_COMPOSITION_ONLY,007-0024,105,0.020564899867748444,0.2694061445391008,0.3100999786848447
20,SEQUENCE_RIDGE_COMPOSITION_ONLY,007-0025,144,0.0717388951684798,0.27000707366243215,0.3080112673079191
20,SEQUENCE_RIDGE_COMPOSITION_ONLY,007-0026,120,0.07538236243570601,0.2676325709556587,0.306717614354313
20,SEQUENCE_RIDGE_COMPOSITION_ONLY,007-0027,121,0.13117403168890115,0.2648885493395394,0.3017293271332062
20,SEQUENCE_RIDGE_COMPOSITION_ONLY,009-0006,157,0.05138972095394263,0.2689124592880704,0.3084242739775921
20,SEQUENCE_RIDGE_COMPOSITION_ONLY,009-0008,160,0.0582894711125425,0.2670562734196906,0.30781768082150823
20,SEQUENCE_RIDGE_COMPOSITION_ONLY,009-0011,150,0.03362935452355637,0.26935922986474703,0.3108507339836436
20,SEQUENCE_RIDGE_COMPOSITION_ONLY,009-0016,138,0.06837145058495009,0.26507182717207683,0.30679482412100134
20,SEQUENCE_RIDGE_COMPOSITION_ONLY,009-0017,156,0.03553825006955936,0.26617792823383707,0.3096911927353646
20,SEQUENCE_RIDGE_COMPOSITION_ONLY,009-0018,123,0.07806356704376563,0.2644055086540541,0.30591722744756356
20,SEQUENCE_RIDGE_COMPOSITION_ONLY,009-0021,157,0.037348884711804295,0.27026471610759584,0.30933337428669005
20,SEQUENCE_RIDGE_COMPOSITION_ONLY,009-0028,122,0.04970476355000827,0.2630987698758139,0.3084370840091787
20,SEQUENCE_RIDGE_COMPOSITION_ONLY,009-0029,146,0.09233013188978756,0.26648703011531544,0.3073148226118971
20,SEQUENCE_RIDGE_COMPOSITION_ONLY,009-0031,153,0.07734922754005338,0.26619378199249216,0.3068148809588854
20,SEQUENCE_RIDGE_COMPOSITION_ONLY,009-0036,82,0.08676376097665454,0.26174488001798757,0.3068246750796828
20,SEQUENCE_RIDGE_COMPOSITION_ONLY,009-0037,107,0.050942995468766857,0.2629742498419543,0.3100658178500327
20,SEQUENCE_RIDGE_COMPOSITION_ONLY,009-0039,115,0.0063638946655704375,0.2699702065741273,0.31135967105851714
20,SEQUENCE_RIDGE_COMPOSITION_ONLY,009-0048,158,0.06380825482179929,0.2645674327709528,0.3074760742994586
20,SEQUENCE_RIDGE_COMPOSITION_ONLY,010-0036,20,-0.2736842105263158,0.28303341460923415,0.3362138205051763
20,SEQUENCE_RIDGE_COMPOSITION_ONLY,010-0040,23,-0.3942687747035573,0.29070819441522766,0.3383613495758739
20,SEQUENCE_RIDGE_COMPOSITION_ONLY,010-0041,24,-0.24521739130434783,0.2793498394551894,0.32911106831207876
20,SEQUENCE_RIDGE_COMPOSITION_ONLY,011-0002,153,0.08145881729654407,0.26258936776703057,0.30671718084735683
20,SEQUENCE_RIDGE_COMPOSITION_ONLY,011-0007,149,0.10537459497905746,0.26494425326741416,0.3056656844157599
20,SEQUENCE_RIDGE_COMPOSITION_ONLY,013-0006,126,0.0804100143950795,0.2660848355061581,0.30562635175126707
20,SEQUENCE_RIDGE_COMPOSITION_ONLY,013-0008,126,0.1029874384024011,0.26310064875750744,0.30413884828375753
20,SEQUENCE_RIDGE_COMPOSITION_ONLY,013-0021,163,0.11370074422730969,0.26293572360109846,0.3032583697007949
20,SEQUENCE_RIDGE_COMPOSITION_ONLY,013-0032,161,0.024573486286010006,0.26678511791049997,0.3105214428033488
20,SEQUENCE_RIDGE_COMPOSITION_ONLY,014-0024,108,0.15575051830540385,0.25664691419038027,0.3008179797853655
20,SEQUENCE_RIDGE_COMPOSITION_ONLY,014-0032,103,0.05491845268432781,0.2635629544281135,0.307780873949687
20,SEQUENCE_RIDGE_COMPOSITION_ONLY,014-0036,116,0.10665308913988003,0.2666331941209456,0.3043470800228375
20,SEQUENCE_RIDGE_COMPOSITION_ONLY,014-0037,105,-0.0019194298954418945,0.27129549826020455,0.3122599125405464
20,SEQUENCE_RIDGE_COMPOSITION_ONLY,014-0038,137,0.09361174162122929,0.2633583213893216,0.30454083683524313
20,SEQUENCE_RIDGE_COMPOSITION_ONLY,014-0041,106,0.055215859942881515,0.2686062916923483,0.30775180776625377
20,SEQUENCE_RIDGE_COMPOSITION_ONLY,014-0049,110,0.1226561242838991,0.2639247719478299,0.30296118005511585
20,SEQUENCE_RIDGE_COMPOSITION_ONLY,014-0052,85,0.058638074322167756,0.26810396386717467,0.30775903459060133
20,SEQUENCE_RIDGE_COMPOSITION_ONLY,014-0065,80,0.06106921752083042,0.261474165290678,0.30749614690269006
20,SEQUENCE_RIDGE_COMPOSITION_ONLY,014-0066,120,0.07890833289192578,0.26287484085796214,0.3058942115969529
20,SEQUENCE_RIDGE_COMPOSITION_ONLY,014-0068,94,0.1493935783996636,0.2591245069604697,0.30125755379205105
20,SEQUENCE_RIDGE_COMPOSITION_ONLY,015-0005,125,0.15416019072205686,0.26176049165425386,0.29985483479033637
20,SEQUENCE_RIDGE_COMPOSITION_ONLY,015-0007,117,0.0897040098525,0.2669864710606234,0.3051352940706752
20,SEQUENCE_RIDGE_COMPOSITION_ONLY,018-0004,152,-0.014150042851214087,0.268773376212608,0.31329972192943023
20,SEQUENCE_RIDGE_COMPOSITION_ONLY,020-0004,127,0.09512223549041418,0.25912962335543105,0.3049778209659096
20,SEQUENCE_RIDGE_COMPOSITION_ONLY,020-0006,122,0.09602179992646526,0.26457784539305046,0.3051330558448362
20,SEQUENCE_RIDGE_COMPOSITION_ONLY,020-0007,121,0.07952804904278764,0.26459852720385657,0.30633744095866594
20,SEQUENCE_RIDGE_COMPOSITION_ONLY,020-0011,115,0.05309947576215651,0.2669918839939477,0.31000646964099365
20,SEQUENCE_RIDGE_COMPOSITION_ONLY,020-0014,52,-0.05087218295614098,0.2702657548693461,0.3174251211893518
20,SEQUENCE_RIDGE_COMPOSITION_ONLY,020-0015,149,0.06459673896083631,0.26878072554200416,0.30796477746105916
20,SEQUENCE_RIDGE_COMPOSITION_ONLY,020-0016,113,0.05431503861413729,0.2643540082129348,0.3096773272087605
20,SEQUENCE_RIDGE_COMPOSITION_ONLY,020-0017,75,0.1275987231159645,0.25669680408766976,0.3028401492459238
20,SEQUENCE_RIDGE_COMPOSITION_ONLY,020-0019,69,0.03094626197601026,0.2621115350514454,0.30971968629955354
20,SEQUENCE_RIDGE_COMPOSITION_ONLY,020-0029,120,0.028368722181291696,0.27340259584615895,0.3108523983268605
20,SEQUENCE_RIDGE_COMPOSITION_ONLY,020-0032,115,0.068533701806783,0.2616596009006392,0.3071934816156463
20,SEQUENCE_RIDGE_COMPOSITION_ONLY,020-0034,114,0.02021927260108573,0.2667346171927676,0.31001534243013584
20,SEQUENCE_RIDGE_COMPOSITION_ONLY,020-0035,105,0.06316338231660812,0.26421172667237364,0.3090945646871728
20,SEQUENCE_RIDGE_COMPOSITION_ONLY,020-0036,123,0.07678599270748228,0.26735781438552164,0.3066998587891403
20,SEQUENCE_RIDGE_COMPOSITION_ONLY,020-0037,80,0.009645201819114865,0.2716517305580498,0.31216054158587636
20,SEQUENCE_RIDGE_COMPOSITION_ONLY,020-0038,106,0.02976437373194639,0.2702872741947085,0.3089549064076411
20,SEQUENCE_RIDGE_COMPOSITION_ONLY,020-0039,83,0.05355363531053912,0.26972079029314067,0.3083434992038487
20,SEQUENCE_RIDGE_COMPOSITION_ONLY,020-0040,44,-0.09671089779785431,0.2748681742037698,0.3221965407573336
20,SEQUENCE_RIDGE_COMPOSITION_ONLY,020-0042,120,0.07622287180129227,0.2697216667787174,0.30800542320610663
20,SEQUENCE_RIDGE_COMPOSITION_ONLY,020-0044,119,0.14603582905168,0.26040131295552493,0.3002674777451997
20,SEQUENCE_RIDGE_COMPOSITION_ONLY,020-0055,142,0.03281705676975784,0.2671871549278322,0.30967402470072486
20,SEQUENCE_RIDGE_COMPOSITION_ONLY,020-0057,149,0.11570455161536757,0.2612942025163556,0.30444575417879255
20,SEQUENCE_RIDGE_COMPOSITION_ONLY,020-0058,120,0.028438974368888325,0.2653485995097157,0.31067852076832736
20,SEQUENCE_RIDGE_COMPOSITION_ONLY,020-0061,114,-0.029086334812141262,0.2727753361453237,0.31482390946960465
20,SEQUENCE_RIDGE_COMPOSITION_ONLY,020-0069,107,0.18557112598916292,0.2527065000844012,0.2972979098063957
20,SEQUENCE_RIDGE_COMPOSITION_ONLY,020-0071,121,0.08529766926658082,0.26466079568650136,0.3057834729310093
20,SEQUENCE_RIDGE_COMPOSITION_ONLY,020-0072,123,0.10598871983887198,0.2629093159583996,0.3044223838687499
20,SEQUENCE_RIDGE_COMPOSITION_ONLY,020-0073,66,-0.024486741328846585,0.2680073729749029,0.3146567814904073
20,SEQUENCE_RIDGE_COMPOSITION_ONLY,020-0075,146,0.09538769516779998,0.2638973585217267,0.3069548344638202
20,SEQUENCE_RIDGE_COMPOSITION_ONLY,020-0076,145,0.09957398552504225,0.26725518292382267,0.306337053526019
20,SEQUENCE_RIDGE_COMPOSITION_ONLY,020-0085,149,0.13520251730636815,0.2633751015281073,0.30353110619860135
20,SEQUENCE_RIDGE_COMPOSITION_ONLY,020-0086,129,0.10080752975677074,0.26439397715064394,0.30428662754164737
20,SEQUENCE_RIDGE_COMPOSITION_ONLY,020-0087,86,0.14050183738726563,0.26137172358164934,0.3014515642296416
20,SEQUENCE_RIDGE_COMPOSITION_ONLY,020-0088,152,0.1570362711437762,0.2619097728965009,0.300925129637086
20,SEQUENCE_RIDGE_COMPOSITION_ONLY,020-0090,83,0.12349818492513275,0.257655553695958,0.30313255808221046
20,SEQUENCE_RIDGE_COMPOSITION_ONLY,020-0091,70,0.12671804904109804,0.26111444976540926,0.30324538977067933
20,SEQUENCE_RIDGE_COMPOSITION_ONLY,020-0092,114,0.09143054234218329,0.26231920902394473,0.30666208735970263
20,SEQUENCE_RIDGE_COMPOSITION_ONLY,020-0096,127,0.08648351746401867,0.2637364438259378,0.3050046113492867
20,SEQUENCE_RIDGE_COMPOSITION_ONLY,020-0097,143,0.12606195022648087,0.2630362515456833,0.3034165788802121
20,SEQUENCE_RIDGE_COMPOSITION_ONLY,020-0099,134,0.10389216140532306,0.2620116536006747,0.3056908642888452
20,SEQUENCE_RIDGE_COMPOSITION_ONLY,020-0100,80,0.021141335490612465,0.2644753745143545,0.31219737897697336
20,SEQUENCE_RIDGE_COMPOSITION_ONLY,021-0002,47,0.003209947946790047,0.2587197720548725,0.31343405821160986
20,SEQUENCE_RIDGE_COMPOSITION_ONLY,021-0004,41,-0.10006835269993164,0.27027818004399495,0.32191582047940925
20,SEQUENCE_RIDGE_COMPOSITION_ONLY,022-0004,82,0.15595037606644707,0.25958975542750573,0.2998087764916106
20,SEQUENCE_RIDGE_COMPOSITION_ONLY,022-0010,43,-0.10287972896668551,0.26519786297876324,0.31936292823585244
20,SEQUENCE_RIDGE_COMPOSITION_ONLY,022-0011,113,0.017537795522361704,0.26649373900880635,0.31070147613304344
20,SEQUENCE_RIDGE_COMPOSITION_ONLY,022-0013,56,-0.030647130647130642,0.2749714403984965,0.3161237470116909
20,SEQUENCE_RIDGE_COMPOSITION_ONLY,022-0014,77,0.19993253006927622,0.25721410560318364,0.2978463080974205
20,SEQUENCE_RIDGE_COMPOSITION_ONLY,022-0017,77,0.14683656062966408,0.25816754976474066,0.3002441878797356
20,SEQUENCE_RIDGE_COMPOSITION_ONLY,023-0001,118,0.08323731792864161,0.2683809876974209,0.3066044768588846
20,SEQUENCE_RIDGE_COMPOSITION_ONLY,024-0001,85,0.10647785288497191,0.26394280352838945,0.3038475999585479
20,SEQUENCE_RIDGE_COMPOSITION_ONLY,029-0004,127,0.13968584374795526,0.26451321554356033,0.3018029504878832
20,SEQUENCE_RIDGE_COMPOSITION_ONLY,029-0005,151,0.07229578666641445,0.2675277262722412,0.3082025010432119
25,SEQUENCE_RIDGE_FULL,001-0010,127,0.15645865004915913,0.2605296234968075,0.29743989654604247
25,SEQUENCE_RIDGE_FULL,001-0018,127,0.08845301810176999,0.2619294657198516,0.3022423537652832
25,SEQUENCE_RIDGE_FULL,001-0025,123,0.21547873093013117,0.2509206511964438,0.2929150523405734
25,SEQUENCE_RIDGE_FULL,001-0031,88,0.12372550923718888,0.2609458984577235,0.3007682125876672
25,SEQUENCE_RIDGE_FULL,001-0033,125,0.09368763760939709,0.2626754209939674,0.3023341642731555
25,SEQUENCE_RIDGE_FULL,001-0035,120,0.15420549400870673,0.2584114070688339,0.297665541865878
25,SEQUENCE_RIDGE_FULL,001-0040,125,0.08719263782467178,0.2572630197905821,0.3022383950801295
25,SEQUENCE_RIDGE_FULL,001-0041,123,0.136790562746486,0.2559961926936127,0.29923133114927075
25,SEQUENCE_RIDGE_FULL,001-0044,117,0.074502195569558,0.2596180473506933,0.3034933882512274
25,SEQUENCE_RIDGE_FULL,001-0048,119,0.12914761591763818,0.26048733953815456,0.2999750278782619
25,SEQUENCE_RIDGE_FULL,001-0051,156,-0.02625187905074053,0.26748612040149605,0.3112795731208436
25,SEQUENCE_RIDGE_FULL,001-0052,116,0.11985723729675343,0.2546472588259159,0.3003521434920521
25,SEQUENCE_RIDGE_FULL,001-0057,122,0.0735474215472416,0.26081549052165637,0.30326504768193696
25,SEQUENCE_RIDGE_FULL,001-0060,122,0.18094833422464612,0.25536885884908744,0.29545680966215726
25,SEQUENCE_RIDGE_FULL,001-0061,59,0.17183797694086905,0.25651694583512996,0.29813544480565257
25,SEQUENCE_RIDGE_FULL,001-0062,96,0.12908503577384034,0.2525811957722453,0.299032786325347
25,SEQUENCE_RIDGE_FULL,001-0066,122,0.14142144310501306,0.26040012354273845,0.29924299639633034
25,SEQUENCE_RIDGE_FULL,001-0068,59,0.056675516888253265,0.2627054857471966,0.3063376837455677
25,SEQUENCE_RIDGE_FULL,003-0006,114,0.16915336455659036,0.25810060191615214,0.2981949843783065
25,SEQUENCE_RIDGE_FULL,004-0003,92,0.18186517047915332,0.25014780569048395,0.29425968932204777
25,SEQUENCE_RIDGE_FULL,005-0002,57,0.144447839887217,0.2601167298532795,0.30019756133235265
25,SEQUENCE_RIDGE_FULL,005-0018,159,0.13732328850237635,0.25679047506521135,0.2983761212102488
25,SEQUENCE_RIDGE_FULL,005-0019,118,0.05925677647034711,0.26332467961674294,0.30517966317245804
25,SEQUENCE_RIDGE_FULL,005-0024,59,0.014141263661563996,0.2667076208656367,0.30897183849077026
25,SEQUENCE_RIDGE_FULL,005-0029,124,0.14671582123428129,0.2552659201260213,0.2981898787301842
25,SEQUENCE_RIDGE_FULL,005-0032,122,0.11237630556317986,0.26008916564876006,0.3009828795395708
25,SEQUENCE_RIDGE_FULL,005-0033,117,0.13034609339637804,0.2616022989563143,0.30116499192470586
25,SEQUENCE_RIDGE_FULL,005-0041,127,0.16367409867172675,0.2588376094371212,0.29625872013653093
25,SEQUENCE_RIDGE_FULL,005-0051,120,0.10785053378212443,0.26174509096113485,0.3015444823514901
25,SEQUENCE_RIDGE_FULL,005-0056,88,0.16677281499862148,0.25610517982845743,0.2969454298839926
25,SEQUENCE_RIDGE_FULL,007-0003,113,0.034931776217232285,0.26425600924533615,0.30737071054991255
25,SEQUENCE_RIDGE_FULL,007-0012,128,0.07129270140152329,0.2642387483518989,0.30320465414057385
25,SEQUENCE_RIDGE_FULL,007-0015,124,0.10980535732343297,0.26004132759569204,0.301385483223442
25,SEQUENCE_RIDGE_FULL,007-0017,151,0.08187774422136132,0.26236398729686605,0.303545175297648
25,SEQUENCE_RIDGE_FULL,007-0024,83,0.03623594796008589,0.26942971486605477,0.3089135000580662
25,SEQUENCE_RIDGE_FULL,007-0025,124,0.1554814693093336,0.2622750705410334,0.2972489984317158
25,SEQUENCE_RIDGE_FULL,007-0026,120,0.0973532122853264,0.26439504082608134,0.30256835947133814
25,SEQUENCE_RIDGE_FULL,007-0027,121,0.18810870252382064,0.2594563086662036,0.2957519254374157
25,SEQUENCE_RIDGE_FULL,009-0006,157,0.03329461575306632,0.26573596219829254,0.3065645222245216
25,SEQUENCE_RIDGE_FULL,009-0008,160,0.07056859076930397,0.2626621051873482,0.3035401479012912
25,SEQUENCE_RIDGE_FULL,009-0011,127,0.01526042007459269,0.2674160433809028,0.30758141429074126
25,SEQUENCE_RIDGE_FULL,009-0016,92,0.1046865369781355,0.26149961839197705,0.30158714473516307
25,SEQUENCE_RIDGE_FULL,009-0017,156,0.03423109370073317,0.26319284451046104,0.30632629403610406
25,SEQUENCE_RIDGE_FULL,009-0018,123,0.09486448534144502,0.2598717436152942,0.3011464078492525
25,SEQUENCE_RIDGE_FULL,009-0021,157,0.04076187440628322,0.2666102664239404,0.3061247791808023
25,SEQUENCE_RIDGE_FULL,009-0028,122,0.11169760131106071,0.25716107048000425,0.3009024682613981
25,SEQUENCE_RIDGE_FULL,009-0029,124,0.06959261693688834,0.26302368003523846,0.30461218998605066
25,SEQUENCE_RIDGE_FULL,009-0031,129,0.09043409152517312,0.2621990625712225,0.3016133050109372
25,SEQUENCE_RIDGE_FULL,009-0036,58,0.03399014778325123,0.2625806621668204,0.30894739139795263
25,SEQUENCE_RIDGE_FULL,009-0037,83,0.036450693870048706,0.26138514039915495,0.30969926808934084
25,SEQUENCE_RIDGE_FULL,009-0039,91,0.04908568443051201,0.26605226027194834,0.3055152128962246
25,SEQUENCE_RIDGE_FULL,009-0048,158,0.09819202390229022,0.25976763782734763,0.30185183539244176
25,SEQUENCE_RIDGE_FULL,011-0002,129,0.13707294349633878,0.2535974193602726,0.29820719125716966
25,SEQUENCE_RIDGE_FULL,011-0007,128,0.10444716287769026,0.2599209907406442,0.30102247905599167
25,SEQUENCE_RIDGE_FULL,013-0006,126,0.11059114628255995,0.26061832203518254,0.30098976947587064
25,SEQUENCE_RIDGE_FULL,013-0008,126,0.1513281590571308,0.25721645761486434,0.29792770793839307
25,SEQUENCE_RIDGE_FULL,013-0021,163,0.12956221198156684,0.2584898708595567,0.29834819346390157
25,SEQUENCE_RIDGE_FULL,013-0032,161,0.03211775710385276,0.2631722932444152,0.3062639521009001
25,SEQUENCE_RIDGE_FULL,014-0024,88,0.1351013177487037,0.25822380393463007,0.3004472705036002
25,SEQUENCE_RIDGE_FULL,014-0032,55,0.06910883888080774,0.2612009432227387,0.30624627251130865
25,SEQUENCE_RIDGE_FULL,014-0036,116,0.13148698407944792,0.263190088898724,0.30142955679548183
25,SEQUENCE_RIDGE_FULL,014-0037,58,0.04064039408866995,0.25988090141972586,0.30681967967300755
25,SEQUENCE_RIDGE_FULL,014-0038,116,0.23116292941719888,0.2510073141243103,0.2925156096051556
25,SEQUENCE_RIDGE_FULL,014-0041,61,0.17228865406006674,0.2542859978101528,0.2960053508554951
25,SEQUENCE_RIDGE_FULL,014-0049,62,0.13875518252603902,0.2620487737137296,0.29894974681379777
25,SEQUENCE_RIDGE_FULL,014-0052,85,0.09827760506292209,0.2640886356579967,0.3032081935764935
25,SEQUENCE_RIDGE_FULL,014-0065,59,0.05468680065454259,0.25816741141223126,0.30579262229676313
25,SEQUENCE_RIDGE_FULL,014-0066,120,0.12347382834382278,0.25830511983817056,0.30088512857090316
25,SEQUENCE_RIDGE_FULL,014-0068,94,0.16684728576209307,0.2558059330787583,0.2966986636309475
25,SEQUENCE_RIDGE_FULL,015-0005,125,0.20696662045341951,0.25639756808332903,0.29417895453310305
25,SEQUENCE_RIDGE_FULL,015-0007,93,0.10404177625927281,0.2619481002861806,0.3015829771246626
25,SEQUENCE_RIDGE_FULL,018-0004,152,-0.001171739665163729,0.26513828200250067,0.30974733814580174
25,SEQUENCE_RIDGE_FULL,020-0004,127,0.137462971334757,0.2545498592571386,0.2983180265130474
25,SEQUENCE_RIDGE_FULL,020-0006,122,0.112373928049638,0.25975514335552097,0.3005846057747118
25,SEQUENCE_RIDGE_FULL,020-0007,121,0.12172273622598331,0.2592708873914776,0.30068562139978106
25,SEQUENCE_RIDGE_FULL,020-0011,115,0.0775263481728999,0.26344798389168994,0.30524293110514417
25,SEQUENCE_RIDGE_FULL,020-0014,28,-0.07170224411603722,0.25988218876692615,0.31598950657529495
25,SEQUENCE_RIDGE_FULL,020-0015,149,0.0963594741972024,0.265507499695522,0.3030735708763853
25,SEQUENCE_RIDGE_FULL,020-0016,90,0.12931412357408562,0.25827014777554586,0.30019850510549323
25,SEQUENCE_RIDGE_FULL,020-0017,54,0.1262220538082607,0.25587734919606203,0.3007283964565103
25,SEQUENCE_RIDGE_FULL,020-0019,25,-0.07846153846153846,0.2588441540920913,0.31589268891059
25,SEQUENCE_RIDGE_FULL,020-0029,120,0.06824208034580671,0.2684629173544655,0.30529826656401393
25,SEQUENCE_RIDGE_FULL,020-0032,115,0.09736775938805972,0.2586112775074665,0.3022068134762677
25,SEQUENCE_RIDGE_FULL,020-0034,114,0.06669207900923696,0.26367597691924755,0.30486876141937147
25,SEQUENCE_RIDGE_FULL,020-0035,84,0.12727525759783823,0.2562214708288071,0.3003556415940241
25,SEQUENCE_RIDGE_FULL,020-0036,123,0.117541103872935,0.2619374339581181,0.3010566436004681
25,SEQUENCE_RIDGE_FULL,020-0037,56,0.02791882447054861,0.2670733436571596,0.3084734462485793
25,SEQUENCE_RIDGE_FULL,020-0038,83,-0.0033521712498353153,0.26821011649946114,0.31058876403233054
25,SEQUENCE_RIDGE_FULL,020-0039,60,0.018294136341967263,0.26874334391258276,0.3087608316341489
25,SEQUENCE_RIDGE_FULL,020-0042,120,0.09212624177515723,0.26410290363200023,0.30360244263734393
25,SEQUENCE_RIDGE_FULL,020-0044,119,0.20145267228137081,0.2550759548245686,0.2941412873469746
25,SEQUENCE_RIDGE_FULL,020-0055,119,0.08531221358668523,0.260608427817979,0.3026941999283826
25,SEQUENCE_RIDGE_FULL,020-0057,128,0.15351151457650508,0.2555437053158532,0.2969124277558054
25,SEQUENCE_RIDGE_FULL,020-0058,120,0.036017088894877945,0.2635987786789015,0.3072001625538988
25,SEQUENCE_RIDGE_FULL,020-0061,114,-0.016652285886156845,0.2692895480033821,0.3116008780003345
25,SEQUENCE_RIDGE_FULL,020-0069,62,0.1761022348063505,0.25669550097881233,0.29587992698724197
25,SEQUENCE_RIDGE_FULL,020-0071,121,0.1330644143338395,0.2587390261064594,0.2997381411072876
25,SEQUENCE_RIDGE_FULL,020-0072,123,0.12756273757795056,0.2586448295830853,0.2996398012715451
25,SEQUENCE_RIDGE_FULL,020-0073,25,0.14692307692307693,0.2613428149129069,0.30114455958639563
25,SEQUENCE_RIDGE_FULL,020-0075,126,0.13113452707405138,0.25566203638292967,0.2989782031965813
25,SEQUENCE_RIDGE_FULL,020-0076,124,0.12937670644150065,0.2599621237094613,0.2991873668624972
25,SEQUENCE_RIDGE_FULL,020-0085,127,0.13973569860748425,0.2589531736559754,0.29839497695120915
25,SEQUENCE_RIDGE_FULL,020-0086,129,0.1361512420217354,0.26036396749782875,0.2983265290875699
25,SEQUENCE_RIDGE_FULL,020-0087,86,0.187240650421963,0.2578673081061196,0.29665600628617567
25,SEQUENCE_RIDGE_FULL,020-0088,152,0.18034424950753553,0.25751238892935496,0.29610627648603083
25,SEQUENCE_RIDGE_FULL,020-0090,60,0.0987356983950421,0.2583212665943045,0.3021705823441656
25,SEQUENCE_RIDGE_FULL,020-0091,29,0.027586206896551724,0.2566217686788225,0.307321274338662
25,SEQUENCE_RIDGE_FULL,020-0092,91,0.09568672068672068,0.2603952539953563,0.30204736895643464
25,SEQUENCE_RIDGE_FULL,020-0096,127,0.13333735026015664,0.2603086293559374,0.2988789163657665
25,SEQUENCE_RIDGE_FULL,020-0097,120,0.19683660024316307,0.25579381334755324,0.2951776770248781
25,SEQUENCE_RIDGE_FULL,020-0099,91,0.15975489031580767,0.2576791522769928,0.2979504235247588
25,SEQUENCE_RIDGE_FULL,020-0100,59,0.031074209439059274,0.26349549660913135,0.30821542200975904
25,SEQUENCE_RIDGE_FULL,021-0002,27,-0.08913308913308914,0.26357452293069333,0.3159957245685177
25,SEQUENCE_RIDGE_FULL,022-0004,58,0.11186856648480675,0.26390513548651773,0.30251285638997083
25,SEQUENCE_RIDGE_FULL,022-0011,113,0.06734836377008234,0.2635604783431744,0.30504820801215926
25,SEQUENCE_RIDGE_FULL,022-0013,56,0.039457286009010155,0.2672057190136957,0.3095211489096277
25,SEQUENCE_RIDGE_FULL,022-0014,31,0.11129032258064517,0.26965831940084795,0.3024271635137735
25,SEQUENCE_RIDGE_FULL,022-0017,55,0.1320681234474338,0.25766749876930084,0.30086580746939884
25,SEQUENCE_RIDGE_FULL,023-0001,118,0.15089385995601234,0.26307800849959134,0.29981271923285585
25,SEQUENCE_RIDGE_FULL,024-0001,85,0.19648954678988048,0.25754231539415046,0.2961669605465472
25,SEQUENCE_RIDGE_FULL,029-0004,127,0.16649886215989076,0.2590600567853782,0.29653267603946387
25,SEQUENCE_RIDGE_FULL,029-0005,129,0.11151536785206548,0.26073045015920937,0.3002098385087299
25,SEQUENCE_RIDGE_COMPOSITION_ONLY,001-0010,127,0.1283321735762765,0.2650057741666975,0.30272682264053263
25,SEQUENCE_RIDGE_COMPOSITION_ONLY,001-0018,127,0.043912783790834575,0.26850878873326284,0.3089204996187757
25,SEQUENCE_RIDGE_COMPOSITION_ONLY,001-0025,123,0.16766454546729198,0.25679839730717635,0.29972183702576466
25,SEQUENCE_RIDGE_COMPOSITION_ONLY,001-0031,88,0.08142682051191506,0.2647634120385785,0.3060506916735581
25,SEQUENCE_RIDGE_COMPOSITION_ONLY,001-0033,125,0.08232739235344255,0.26707068735541706,0.30650078570466743
25,SEQUENCE_RIDGE_COMPOSITION_ONLY,001-0035,120,0.13041443732243968,0.26232933721878815,0.3027645013182165
25,SEQUENCE_RIDGE_COMPOSITION_ONLY,001-0040,125,0.07444753919533904,0.2623592935552914,0.30732383709158334
25,SEQUENCE_RIDGE_COMPOSITION_ONLY,001-0041,123,0.09825712732762232,0.26121772165222995,0.3050533677984281
25,SEQUENCE_RIDGE_COMPOSITION_ONLY,001-0044,117,0.06017093464199727,0.26484653511344697,0.30904033224413385
25,SEQUENCE_RIDGE_COMPOSITION_ONLY,001-0048,119,0.0883714890041364,0.26566325383037415,0.3063224994750492
25,SEQUENCE_RIDGE_COMPOSITION_ONLY,001-0051,156,-0.013721973472447857,0.2698396262351593,0.31447816383643346
25,SEQUENCE_RIDGE_COMPOSITION_ONLY,001-0052,116,0.10666721495350528,0.25952048875966627,0.30465099359934145
25,SEQUENCE_RIDGE_COMPOSITION_ONLY,001-0057,122,0.0463633584775131,0.2655460182256505,0.3086123552649997
25,SEQUENCE_RIDGE_COMPOSITION_ONLY,001-0060,122,0.13287021954250247,0.2607573352764859,0.30159048661143195
25,SEQUENCE_RIDGE_COMPOSITION_ONLY,001-0061,59,0.13370014301604957,0.2615767429915429,0.30268166226517507
25,SEQUENCE_RIDGE_COMPOSITION_ONLY,001-0062,96,0.10170439143399296,0.25812650154633365,0.3039251160200778
25,SEQUENCE_RIDGE_COMPOSITION_ONLY,001-0066,122,0.08737803637651506,0.2658552277396601,0.305600515871976
25,SEQUENCE_RIDGE_COMPOSITION_ONLY,001-0068,59,0.04983678955453149,0.26811396932666187,0.30949381342962434
25,SEQUENCE_RIDGE_COMPOSITION_ONLY,003-0006,114,0.12156680098420922,0.26133812978327803,0.30237877158345716
25,SEQUENCE_RIDGE_COMPOSITION_ONLY,004-0003,92,0.14559659489238105,0.2561376209344548,0.3006204030503583
25,SEQUENCE_RIDGE_COMPOSITION_ONLY,005-0002,57,0.0585123071218733,0.2649436378495726,0.30645409138217616
25,SEQUENCE_RIDGE_COMPOSITION_ONLY,005-0018,159,0.1157862419919935,0.26174269608783163,0.3030642849617479
25,SEQUENCE_RIDGE_COMPOSITION_ONLY,005-0019,118,0.029689084861498655,0.26833566985820545,0.31028592639709873
25,SEQUENCE_RIDGE_COMPOSITION_ONLY,005-0024,59,-0.01749894062185497,0.26976326949766183,0.3133538731108776
25,SEQUENCE_RIDGE_COMPOSITION_ONLY,005-0029,124,0.12280626402649239,0.25818007359983447,0.30206760312999203
25,SEQUENCE_RIDGE_COMPOSITION_ONLY,005-0032,122,0.08319019689987431,0.26211703752238635,0.30597406944667155
25,SEQUENCE_RIDGE_COMPOSITION_ONLY,005-0033,117,0.10280713422672626,0.2663017625933294,0.30520923652550863
25,SEQUENCE_RIDGE_COMPOSITION_ONLY,005-0041,127,0.11763466016905297,0.26365416645966566,0.30322563968983784
25,SEQUENCE_RIDGE_COMPOSITION_ONLY,005-0051,120,0.07791846640567442,0.2654500325416551,0.3063264023232673
25,SEQUENCE_RIDGE_COMPOSITION_ONLY,005-0056,88,0.13677557209815275,0.26172025611621597,0.30181986317103443
25,SEQUENCE_RIDGE_COMPOSITION_ONLY,007-0003,113,0.012736097868884293,0.2662713869219372,0.3097525868628278
25,SEQUENCE_RIDGE_COMPOSITION_ONLY,007-0012,128,0.05092656374411429,0.26803896685371426,0.3080203045058414
25,SEQUENCE_RIDGE_COMPOSITION_ONLY,007-0015,124,0.08663237832801239,0.26570370802929255,0.3054034647815346
25,SEQUENCE_RIDGE_COMPOSITION_ONLY,007-0017,151,0.07226510366846033,0.2666323625157484,0.30627480494838233
25,SEQUENCE_RIDGE_COMPOSITION_ONLY,007-0024,83,-0.02509283819628647,0.2723420245783538,0.3136113115002008
25,SEQUENCE_RIDGE_COMPOSITION_ONLY,007-0025,124,0.09080143850947194,0.26801919543073616,0.3049182934294027
25,SEQUENCE_RIDGE_COMPOSITION_ONLY,007-0026,120,0.07538236243570601,0.2676325709556587,0.306717614354313
25,SEQUENCE_RIDGE_COMPOSITION_ONLY,007-0027,121,0.13117403168890115,0.2648885493395394,0.3017293271332062
25,SEQUENCE_RIDGE_COMPOSITION_ONLY,009-0006,157,0.05138972095394263,0.2689124592880704,0.3084242739775921
25,SEQUENCE_RIDGE_COMPOSITION_ONLY,009-0008,160,0.0582894711125425,0.2670562734196906,0.30781768082150823
25,SEQUENCE_RIDGE_COMPOSITION_ONLY,009-0011,127,0.034625625960769575,0.27023720378203814,0.3097286781579774
25,SEQUENCE_RIDGE_COMPOSITION_ONLY,009-0016,92,0.05565202238466651,0.2660160966423138,0.30766772390933234
25,SEQUENCE_RIDGE_COMPOSITION_ONLY,009-0017,156,0.03553825006955936,0.26617792823383707,0.3096911927353646
25,SEQUENCE_RIDGE_COMPOSITION_ONLY,009-0018,123,0.07806356704376563,0.2644055086540541,0.30591722744756356
25,SEQUENCE_RIDGE_COMPOSITION_ONLY,009-0021,157,0.037348884711804295,0.27026471610759584,0.30933337428669005
25,SEQUENCE_RIDGE_COMPOSITION_ONLY,009-0028,122,0.04970476355000827,0.2630987698758139,0.3084370840091787
25,SEQUENCE_RIDGE_COMPOSITION_ONLY,009-0029,124,0.06360577609882392,0.2670852376080342,0.30847530100341547
25,SEQUENCE_RIDGE_COMPOSITION_ONLY,009-0031,129,0.09038218659897976,0.2650479593479178,0.3049913856748657
25,SEQUENCE_RIDGE_COMPOSITION_ONLY,009-0036,58,-0.0024630541871921152,0.2664076643934436,0.31345183537710397
25,SEQUENCE_RIDGE_COMPOSITION_ONLY,009-0037,83,0.006184863523573201,0.2654862463683829,0.314019583852275
25,SEQUENCE_RIDGE_COMPOSITION_ONLY,009-0039,91,0.043557656655543196,0.2671316369630836,0.3079456969289907
25,SEQUENCE_RIDGE_COMPOSITION_ONLY,009-0048,158,0.06380825482179929,0.2645674327709528,0.3074760742994586
25,SEQUENCE_RIDGE_COMPOSITION_ONLY,011-0002,129,0.1035626520554627,0.2598316790197458,0.30461326077408046
25,SEQUENCE_RIDGE_COMPOSITION_ONLY,011-0007,128,0.0710039580095361,0.26557271852181663,0.30710190047483854
25,SEQUENCE_RIDGE_COMPOSITION_ONLY,013-0006,126,0.0804100143950795,0.2660848355061581,0.30562635175126707
25,SEQUENCE_RIDGE_COMPOSITION_ONLY,013-0008,126,0.1029874384024011,0.26310064875750744,0.30413884828375753
25,SEQUENCE_RIDGE_COMPOSITION_ONLY,013-0021,163,0.11370074422730969,0.26293572360109846,0.3032583697007949
25,SEQUENCE_RIDGE_COMPOSITION_ONLY,013-0032,161,0.024573486286010006,0.26678511791049997,0.3105214428033488
25,SEQUENCE_RIDGE_COMPOSITION_ONLY,014-0024,88,0.12145181889342066,0.26024068149145785,0.30315196171480036
25,SEQUENCE_RIDGE_COMPOSITION_ONLY,014-0032,55,0.01853255754256866,0.2652188492891334,0.3100886035196019
25,SEQUENCE_RIDGE_COMPOSITION_ONLY,014-0036,116,0.10665308913988003,0.2666331941209456,0.3043470800228375
25,SEQUENCE_RIDGE_COMPOSITION_ONLY,014-0037,58,-0.01502463054187192,0.26739655637751875,0.31298970717899266
25,SEQUENCE_RIDGE_COMPOSITION_ONLY,014-0038,116,0.17415753416939375,0.257033855343508,0.29826430915286417
25,SEQUENCE_RIDGE_COMPOSITION_ONLY,014-0041,61,0.1162194104560623,0.2615833546557539,0.30236890655112236
25,SEQUENCE_RIDGE_COMPOSITION_ONLY,014-0049,62,0.11313833552431996,0.26702579499811097,0.3035839003602052
25,SEQUENCE_RIDGE_COMPOSITION_ONLY,014-0052,85,0.058638074322167756,0.26810396386717467,0.30775903459060133
25,SEQUENCE_RIDGE_COMPOSITION_ONLY,014-0065,59,0.05004538472280408,0.2623020641064391,0.3093908991954408
25,SEQUENCE_RIDGE_COMPOSITION_ONLY,014-0066,120,0.07890833289192578,0.26287484085796214,0.3058942115969529
25,SEQUENCE_RIDGE_COMPOSITION_ONLY,014-0068,94,0.1493935783996636,0.2591245069604697,0.30125755379205105
25,SEQUENCE_RIDGE_COMPOSITION_ONLY,015-0005,125,0.15416019072205686,0.26176049165425386,0.29985483479033637
25,SEQUENCE_RIDGE_COMPOSITION_ONLY,015-0007,93,0.03960534647000001,0.2679376103428921,0.3091889095222707
25,SEQUENCE_RIDGE_COMPOSITION_ONLY,018-0004,152,-0.014150042851214087,0.268773376212608,0.31329972192943023
25,SEQUENCE_RIDGE_COMPOSITION_ONLY,020-0004,127,0.09512223549041418,0.25912962335543105,0.3049778209659096
25,SEQUENCE_RIDGE_COMPOSITION_ONLY,020-0006,122,0.09602179992646526,0.26457784539305046,0.3051330558448362
25,SEQUENCE_RIDGE_COMPOSITION_ONLY,020-0007,121,0.07952804904278764,0.26459852720385657,0.30633744095866594
25,SEQUENCE_RIDGE_COMPOSITION_ONLY,020-0011,115,0.05309947576215651,0.2669918839939477,0.31000646964099365
25,SEQUENCE_RIDGE_COMPOSITION_ONLY,020-0014,28,-0.09304871373836891,0.2666896741423112,0.321573695395286
25,SEQUENCE_RIDGE_COMPOSITION_ONLY,020-0015,149,0.06459673896083631,0.26878072554200416,0.30796477746105916
25,SEQUENCE_RIDGE_COMPOSITION_ONLY,020-0016,90,0.09514732421278911,0.2620684491894478,0.30572935544364693
25,SEQUENCE_RIDGE_COMPOSITION_ONLY,020-0017,54,0.06737211064797272,0.2588334619929542,0.30665099838887744
25,SEQUENCE_RIDGE_COMPOSITION_ONLY,020-0019,25,-0.12153846153846154,0.2625565356419521,0.3212157630251891
25,SEQUENCE_RIDGE_COMPOSITION_ONLY,020-0029,120,0.028368722181291696,0.27340259584615895,0.3108523983268605
25,SEQUENCE_RIDGE_COMPOSITION_ONLY,020-0032,115,0.068533701806783,0.2616596009006392,0.3071934816156463
25,SEQUENCE_RIDGE_COMPOSITION_ONLY,020-0034,114,0.02021927260108573,0.2667346171927676,0.31001534243013584
25,SEQUENCE_RIDGE_COMPOSITION_ONLY,020-0035,84,0.1114905703615381,0.2602910385048625,0.3045624458353961
25,SEQUENCE_RIDGE_COMPOSITION_ONLY,020-0036,123,0.07678599270748228,0.26735781438552164,0.3066998587891403
25,SEQUENCE_RIDGE_COMPOSITION_ONLY,020-0037,56,-0.02118437118437118,0.27256171226030834,0.31429378039956135
25,SEQUENCE_RIDGE_COMPOSITION_ONLY,020-0038,83,-0.02816660577505962,0.27146487648404743,0.31348289918939504
25,SEQUENCE_RIDGE_COMPOSITION_ONLY,020-0039,60,-0.02589484347687907,0.2737797460085267,0.3139042954349901
25,SEQUENCE_RIDGE_COMPOSITION_ONLY,020-0042,120,0.07622287180129227,0.2697216667787174,0.30800542320610663
25,SEQUENCE_RIDGE_COMPOSITION_ONLY,020-0044,119,0.14603582905168,0.26040131295552493,0.3002674777451997
25,SEQUENCE_RIDGE_COMPOSITION_ONLY,020-0055,119,0.05831381108077437,0.2649440207546909,0.30707636610660216
25,SEQUENCE_RIDGE_COMPOSITION_ONLY,020-0057,128,0.11540991029843022,0.26075282072087197,0.30304414832437826
25,SEQUENCE_RIDGE_COMPOSITION_ONLY,020-0058,120,0.028438974368888325,0.2653485995097157,0.31067852076832736
25,SEQUENCE_RIDGE_COMPOSITION_ONLY,020-0061,114,-0.029086334812141262,0.2727753361453237,0.31482390946960465
25,SEQUENCE_RIDGE_COMPOSITION_ONLY,020-0069,62,0.12398245525331177,0.26210873705599214,0.30171127339514525
25,SEQUENCE_RIDGE_COMPOSITION_ONLY,020-0071,121,0.08529766926658082,0.26466079568650136,0.3057834729310093
25,SEQUENCE_RIDGE_COMPOSITION_ONLY,020-0072,123,0.10598871983887198,0.2629093159583996,0.3044223838687499
25,SEQUENCE_RIDGE_COMPOSITION_ONLY,020-0073,25,0.055384615384615386,0.26783338516641453,0.30849050770580133
25,SEQUENCE_RIDGE_COMPOSITION_ONLY,020-0075,126,0.10607672422290788,0.26135102942750155,0.3047079549578212
25,SEQUENCE_RIDGE_COMPOSITION_ONLY,020-0076,124,0.10336358580240672,0.26546453539463166,0.30484852205240276
25,SEQUENCE_RIDGE_COMPOSITION_ONLY,020-0085,127,0.11098507774532607,0.26443396208222625,0.3043181594235659
25,SEQUENCE_RIDGE_COMPOSITION_ONLY,020-0086,129,0.10080752975677074,0.26439397715064394,0.30428662754164737
25,SEQUENCE_RIDGE_COMPOSITION_ONLY,020-0087,86,0.14050183738726563,0.26137172358164934,0.3014515642296416
25,SEQUENCE_RIDGE_COMPOSITION_ONLY,020-0088,152,0.1570362711437762,0.2619097728965009,0.300925129637086
25,SEQUENCE_RIDGE_COMPOSITION_ONLY,020-0090,60,0.08989154616240266,0.26189322400998793,0.3053414639791181
25,SEQUENCE_RIDGE_COMPOSITION_ONLY,020-0091,29,-0.010344827586206896,0.26058666368599626,0.31177399468163813
25,SEQUENCE_RIDGE_COMPOSITION_ONLY,020-0092,91,0.08172293656164624,0.2645518018076095,0.3069862224451112
25,SEQUENCE_RIDGE_COMPOSITION_ONLY,020-0096,127,0.08648351746401867,0.2637364438259378,0.3050046113492867
25,SEQUENCE_RIDGE_COMPOSITION_ONLY,020-0097,120,0.152883761893773,0.26116956154455173,0.30083924960056996
25,SEQUENCE_RIDGE_COMPOSITION_ONLY,020-0099,91,0.10047635586633165,0.2630891442231838,0.3051048548177784
25,SEQUENCE_RIDGE_COMPOSITION_ONLY,020-0100,59,0.010932782456697918,0.2671493337467724,0.3114951777903592
25,SEQUENCE_RIDGE_COMPOSITION_ONLY,021-0002,27,-0.11538461538461539,0.26758771095245787,0.320772194264347
25,SEQUENCE_RIDGE_COMPOSITION_ONLY,022-0004,58,0.06827339018662712,0.2695640751989824,0.3065631323085085
25,SEQUENCE_RIDGE_COMPOSITION_ONLY,022-0011,113,0.017537795522361704,0.26649373900880635,0.31070147613304344
25,SEQUENCE_RIDGE_COMPOSITION_ONLY,022-0013,56,-0.030647130647130642,0.2749714403984965,0.3161237470116909
25,SEQUENCE_RIDGE_COMPOSITION_ONLY,022-0014,31,0.01975806451612903,0.2760168326325133,0.3108672850150034
25,SEQUENCE_RIDGE_COMPOSITION_ONLY,022-0017,55,0.08389120458085975,0.2609144001440492,0.30554681990417354
25,SEQUENCE_RIDGE_COMPOSITION_ONLY,023-0001,118,0.08323731792864161,0.2683809876974209,0.3066044768588846
25,SEQUENCE_RIDGE_COMPOSITION_ONLY,024-0001,85,0.10647785288497191,0.26394280352838945,0.3038475999585479
25,SEQUENCE_RIDGE_COMPOSITION_ONLY,029-0004,127,0.13968584374795526,0.26451321554356033,0.3018029504878832
25,SEQUENCE_RIDGE_COMPOSITION_ONLY,029-0005,129,0.081476452700607,0.2657584350897393,0.30636378673391734
30,SEQUENCE_RIDGE_FULL,001-0010,127,0.15645865004915913,0.2605296234968075,0.29743989654604247
30,SEQUENCE_RIDGE_FULL,001-0018,98,0.12631174170547985,0.2575995586438747,0.2986690203951105
30,SEQUENCE_RIDGE_FULL,001-0025,94,0.25594208458992856,0.24727835941136247,0.28920513271461684
30,SEQUENCE_RIDGE_FULL,001-0031,31,-0.10725806451612903,0.27352689409554903,0.3179477456763504
30,SEQUENCE_RIDGE_FULL,001-0033,96,0.1190055200966017,0.2594900604020864,0.2996830436163888
30,SEQUENCE_RIDGE_FULL,001-0035,63,0.06284448555435927,0.25973580196617135,0.30385259300654804
30,SEQUENCE_RIDGE_FULL,001-0040,97,0.09928914381001668,0.2551313081913615,0.3006706835883615
30,SEQUENCE_RIDGE_FULL,001-0041,94,0.1892839687194526,0.2539875880864397,0.2951498013229184
30,SEQUENCE_RIDGE_FULL,001-0044,66,0.015713792848517705,0.26356430828530225,0.3063542232065113
30,SEQUENCE_RIDGE_FULL,001-0048,62,0.024715593083223783,0.2636186207524023,0.3076090930453579
30,SEQUENCE_RIDGE_FULL,001-0051,131,-0.045314848813425665,0.2670619754191325,0.3113582432997123
30,SEQUENCE_RIDGE_FULL,001-0052,63,0.05192448680351906,0.2628362636411374,0.304418472923491
30,SEQUENCE_RIDGE_FULL,001-0057,65,0.08872045885803001,0.2634107635002304,0.3017684586792929
30,SEQUENCE_RIDGE_FULL,001-0060,95,0.14073534510376098,0.2553515674190087,0.29730749488005287
30,SEQUENCE_RIDGE_FULL,001-0061,31,0.13951612903225807,0.257138177045132,0.29929520552684596
30,SEQUENCE_RIDGE_FULL,001-0062,96,0.12908503577384034,0.2525811957722453,0.299032786325347
30,SEQUENCE_RIDGE_FULL,001-0066,67,0.17498090145148967,0.2528549768324793,0.29422503515572507
30,SEQUENCE_RIDGE_FULL,001-0068,31,0.03508064516129032,0.2665063162613385,0.3082104780831388
30,SEQUENCE_RIDGE_FULL,003-0006,32,0.11070381231671554,0.2664959586330962,0.30154434243133965
30,SEQUENCE_RIDGE_FULL,004-0003,63,0.055802681827104385,0.2550948494841487,0.30365836546453073
30,SEQUENCE_RIDGE_FULL,005-0002,30,0.08743047830923248,0.263951081339753,0.30423258589972935
30,SEQUENCE_RIDGE_FULL,005-0018,159,0.13732328850237635,0.25679047506521135,0.2983761212102488
30,SEQUENCE_RIDGE_FULL,005-0019,62,0.10260895944989383,0.26347824613742316,0.3015987477030253
30,SEQUENCE_RIDGE_FULL,005-0024,31,0.032661290322580645,0.2723781259224348,0.30783924148731723
30,SEQUENCE_RIDGE_FULL,005-0029,96,0.09636913365811489,0.25955518791003457,0.3015726300569684
30,SEQUENCE_RIDGE_FULL,005-0032,64,0.1407624633431085,0.2614463248298321,0.298640338369937
30,SEQUENCE_RIDGE_FULL,005-0033,65,0.10814029424086351,0.2622347722865348,0.30084003838913553
30,SEQUENCE_RIDGE_FULL,005-0041,127,0.16367409867172675,0.2588376094371212,0.29625872013653093
30,SEQUENCE_RIDGE_FULL,005-0051,62,0.030233087268682374,0.26317857051795823,0.3066560840411149
30,SEQUENCE_RIDGE_FULL,005-0056,62,0.11733870967741936,0.25671350057935965,0.2998987402067502
30,SEQUENCE_RIDGE_FULL,007-0003,31,-0.06330645161290323,0.272880281447948,0.3152128638552597
30,SEQUENCE_RIDGE_FULL,007-0012,99,0.18011440646639887,0.2537952867485537,0.2943682605828389
30,SEQUENCE_RIDGE_FULL,007-0015,95,0.20896871945259043,0.25488853712416826,0.29342546127712016
30,SEQUENCE_RIDGE_FULL,007-0017,95,0.18900806302903406,0.2542306765495119,0.2942947403372606
30,SEQUENCE_RIDGE_FULL,007-0025,95,0.1728258671250885,0.2603291176164571,0.29501223322979747
30,SEQUENCE_RIDGE_FULL,007-0026,95,0.19339402663684546,0.2562215931415345,0.293745441567177
30,SEQUENCE_RIDGE_FULL,007-0027,66,0.17644686907020873,0.25676987985440103,0.29481148107556965
30,SEQUENCE_RIDGE_FULL,009-0006,129,0.020271800069001207,0.26576972876071137,0.30665828041321613
30,SEQUENCE_RIDGE_FULL,009-0008,160,0.07056859076930397,0.2626621051873482,0.3035401479012912
30,SEQUENCE_RIDGE_FULL,009-0011,98,0.11574952561669831,0.26062961305538296,0.2998981667843607
30,SEQUENCE_RIDGE_FULL,009-0016,64,0.12227337415904779,0.2593381170868826,0.29928965040081534
30,SEQUENCE_RIDGE_FULL,009-0017,130,0.07791707225412159,0.25903005840598736,0.3021936067199143
30,SEQUENCE_RIDGE_FULL,009-0018,95,0.12849291349667583,0.254904133256058,0.2979745632406888
30,SEQUENCE_RIDGE_FULL,009-0021,129,0.06545699544354094,0.26416790898514764,0.30373411792451527
30,SEQUENCE_RIDGE_FULL,009-0028,94,0.13944281524926685,0.25319646495804454,0.2980629222766101
30,SEQUENCE_RIDGE_FULL,009-0029,96,0.15664711632453568,0.2571693835397629,0.2973139818593902
30,SEQUENCE_RIDGE_FULL,009-0031,129,0.09043409152517312,0.2621990625712225,0.3016133050109372
30,SEQUENCE_RIDGE_FULL,009-0037,31,-0.06774193548387097,0.27549078276872796,0.3159678605287812
30,SEQUENCE_RIDGE_FULL,009-0039,62,-0.07637147335423197,0.2715051263738715,0.3147370116459631
30,SEQUENCE_RIDGE_FULL,009-0048,158,0.09819202390229022,0.25976763782734763,0.30185183539244176
30,SEQUENCE_RIDGE_FULL,011-0002,129,0.13707294349633878,0.2535974193602726,0.29820719125716966
30,SEQUENCE_RIDGE_FULL,011-0007,99,0.12054367201426025,0.2571708723282569,0.298936579870095
30,SEQUENCE_RIDGE_FULL,013-0006,126,0.11059114628255995,0.26061832203518254,0.30098976947587064
30,SEQUENCE_RIDGE_FULL,013-0008,97,0.17270683933397404,0.2560581903144529,0.29512999484618013
30,SEQUENCE_RIDGE_FULL,013-0021,163,0.12956221198156684,0.2584898708595567,0.29834819346390157
30,SEQUENCE_RIDGE_FULL,013-0032,161,0.03211775710385276,0.2631722932444152,0.3062639521009001
30,SEQUENCE_RIDGE_FULL,014-0024,60,0.0636262513904338,0.2623629245580429,0.30561580716531384
30,SEQUENCE_RIDGE_FULL,014-0032,30,-0.06562847608453838,0.27131316606344735,0.3149918640021731
30,SEQUENCE_RIDGE_FULL,014-0036,62,0.08044354838709677,0.26273185782055675,0.30392372380214366
30,SEQUENCE_RIDGE_FULL,014-0038,65,0.1743771408856798,0.2553449964709867,0.2952531875110377
30,SEQUENCE_RIDGE_FULL,014-0041,61,0.17228865406006674,0.2542859978101528,0.2960053508554951
30,SEQUENCE_RIDGE_FULL,014-0049,62,0.13875518252603902,0.2620487737137296,0.29894974681379777
30,SEQUENCE_RIDGE_FULL,014-0052,30,-0.017575083426028922,0.27101037121527927,0.3119393763878365
30,SEQUENCE_RIDGE_FULL,014-0065,32,0.1282991202346041,0.2582005214958408,0.2996722651223936
30,SEQUENCE_RIDGE_FULL,014-0066,63,0.1028042521994135,0.2621811150908492,0.30143521623135455
30,SEQUENCE_RIDGE_FULL,014-0068,66,0.06116310160427807,0.26199981698022545,0.3037918665125698
30,SEQUENCE_RIDGE_FULL,015-0005,96,0.2314563149559551,0.25403413051308416,0.29140975425400356
30,SEQUENCE_RIDGE_FULL,015-0007,65,0.12459030533034328,0.25840997328460413,0.29852563066382365
30,SEQUENCE_RIDGE_FULL,018-0004,127,-0.012041597658377742,0.26723516956043225,0.3094284621013943
30,SEQUENCE_RIDGE_FULL,020-0004,127,0.137462971334757,0.2545498592571386,0.2983180265130474
30,SEQUENCE_RIDGE_FULL,020-0006,66,0.046290106951871655,0.25903479711840743,0.30449888522582635
30,SEQUENCE_RIDGE_FULL,020-0007,65,0.11180890978092116,0.2595111009458351,0.29967267359902017
30,SEQUENCE_RIDGE_FULL,020-0011,32,0.03409090909090909,0.259782480421752,0.3071616518892093
30,SEQUENCE_RIDGE_FULL,020-0015,66,0.06483957219251336,0.25984701118734477,0.3026467585681535
30,SEQUENCE_RIDGE_FULL,020-0016,65,0.0574327238226669,0.2620548018744886,0.30439651922914346
30,SEQUENCE_RIDGE_FULL,020-0029,92,0.11744446691610207,0.2634580538709282,0.3006127779754517
30,SEQUENCE_RIDGE_FULL,020-0032,32,-0.0846774193548387,0.2653060378383042,0.31566377592405087
30,SEQUENCE_RIDGE_FULL,020-0034,61,0.04265155728587319,0.26694829686683996,0.30639095957311147
30,SEQUENCE_RIDGE_FULL,020-0035,32,0.07551319648093842,0.25675267239198446,0.3036999501925007
30,SEQUENCE_RIDGE_FULL,020-0036,96,0.0702338853429935,0.262885327078338,0.30423262694242226
30,SEQUENCE_RIDGE_FULL,020-0038,30,-0.13058954393770855,0.2737804584343257,0.3193585640030278
30,SEQUENCE_RIDGE_FULL,020-0039,31,0.0016129032258064516,0.2702869505082763,0.30946898821862306
30,SEQUENCE_RIDGE_FULL,020-0042,93,0.16841903461758856,0.26134804826694674,0.29716555567648545
30,SEQUENCE_RIDGE_FULL,020-0044,62,0.17096774193548386,0.25525835056570934,0.29593983455563516
30,SEQUENCE_RIDGE_FULL,020-0055,62,-0.012024724441298415,0.25939005104228746,0.30955598738818424
30,SEQUENCE_RIDGE_FULL,020-0057,128,0.15351151457650508,0.2555437053158532,0.2969124277558054
30,SEQUENCE_RIDGE_FULL,020-0058,95,0.06340740057778597,0.26070042924577413,0.30402912158023093
30,SEQUENCE_RIDGE_FULL,020-0061,63,-0.03574046920821115,0.2664377848593168,0.31066547954612844
30,SEQUENCE_RIDGE_FULL,020-0069,62,0.1761022348063505,0.25669550097881233,0.29587992698724197
30,SEQUENCE_RIDGE_FULL,020-0071,65,0.2037314559254787,0.25276469776327704,0.2931500510434689
30,SEQUENCE_RIDGE_FULL,020-0072,67,0.11579449961802904,0.2564688250802588,0.29880870829685374
30,SEQUENCE_RIDGE_FULL,020-0075,97,0.07336820358641992,0.2568156749565131,0.3027758503606905
30,SEQUENCE_RIDGE_FULL,020-0076,124,0.12937670644150065,0.2599621237094613,0.2991873668624972
30,SEQUENCE_RIDGE_FULL,020-0085,127,0.13973569860748425,0.2589531736559754,0.29839497695120915
30,SEQUENCE_RIDGE_FULL,020-0086,129,0.1361512420217354,0.26036396749782875,0.2983265290875699
30,SEQUENCE_RIDGE_FULL,020-0087,30,0.04471635150166852,0.2652868964242172,0.3072282236608593
30,SEQUENCE_RIDGE_FULL,020-0088,66,0.14221256684491979,0.25496594932548633,0.29757470748243264
30,SEQUENCE_RIDGE_FULL,020-0090,31,0.053629032258064514,0.25368060583012,0.30512456884183925
30,SEQUENCE_RIDGE_FULL,020-0092,64,0.08522727272727273,0.2587497487169378,0.30233289737945923
30,SEQUENCE_RIDGE_FULL,020-0096,127,0.13333735026015664,0.2603086293559374,0.2988789163657665
30,SEQUENCE_RIDGE_FULL,020-0097,64,0.14552785923753664,0.25667427071972165,0.2978591691551336
30,SEQUENCE_RIDGE_FULL,020-0099,63,0.06749221505772902,0.26290766435020885,0.3045529302572688
30,SEQUENCE_RIDGE_FULL,020-0100,30,-0.08120133481646273,0.2730355484759892,0.31609660053234745
30,SEQUENCE_RIDGE_FULL,022-0004,30,-0.014905450500556174,0.27435692659649646,0.3121399031467348
30,SEQUENCE_RIDGE_FULL,022-0011,61,0.02396412680756396,0.26933617825068745,0.3078927672840316
30,SEQUENCE_RIDGE_FULL,022-0014,31,0.11129032258064517,0.26965831940084795,0.3024271635137735
30,SEQUENCE_RIDGE_FULL,023-0001,63,0.17270894428152492,0.2576778216230613,0.29668394614234794
30,SEQUENCE_RIDGE_FULL,024-0001,60,0.09165739710789766,0.2621574452585279,0.3034766845258512
30,SEQUENCE_RIDGE_FULL,029-0004,98,0.21690817089299064,0.2555014285987272,0.2917027297260105
30,SEQUENCE_RIDGE_FULL,029-0005,129,0.11151536785206548,0.26073045015920937,0.3002098385087299
30,SEQUENCE_RIDGE_COMPOSITION_ONLY,001-0010,127,0.1283321735762765,0.2650057741666975,0.30272682264053263
30,SEQUENCE_RIDGE_COMPOSITION_ONLY,001-0018,98,0.08827123224656432,0.26403622486691397,0.3051585790179246
30,SEQUENCE_RIDGE_COMPOSITION_ONLY,001-0025,94,0.21123745635376204,0.2537842336734828,0.2958844943343723
30,SEQUENCE_RIDGE_COMPOSITION_ONLY,001-0031,31,-0.1439516129032258,0.2780599554463164,0.32491568910171564
30,SEQUENCE_RIDGE_COMPOSITION_ONLY,001-0033,96,0.11715901903283309,0.26395230464822567,0.303440700242335
30,SEQUENCE_RIDGE_COMPOSITION_ONLY,001-0035,63,0.07377359276201126,0.26151078699223085,0.3074504134673557
30,SEQUENCE_RIDGE_COMPOSITION_ONLY,001-0040,97,0.09944583405209591,0.2599143240750703,0.30518452551425296
30,SEQUENCE_RIDGE_COMPOSITION_ONLY,001-0041,94,0.14119012707722386,0.2591705706985716,0.3015902585368055
30,SEQUENCE_RIDGE_COMPOSITION_ONLY,001-0044,66,0.01910255304467829,0.2680153441657115,0.3109486457638516
30,SEQUENCE_RIDGE_COMPOSITION_ONLY,001-0048,62,-0.009628122155930832,0.26916213905938624,0.3149854431420258
30,SEQUENCE_RIDGE_COMPOSITION_ONLY,001-0051,131,-0.03580631299440598,0.27005273047112044,0.3154645842315675
30,SEQUENCE_RIDGE_COMPOSITION_ONLY,001-0052,63,0.043163489736070385,0.26756986186034504,0.30906723201718234
30,SEQUENCE_RIDGE_COMPOSITION_ONLY,001-0057,65,0.07340542521994135,0.2679006141999053,0.3065888148541416
30,SEQUENCE_RIDGE_COMPOSITION_ONLY,001-0060,95,0.10145821702126094,0.2609745671844295,0.3034969293080242
30,SEQUENCE_RIDGE_COMPOSITION_ONLY,001-0061,31,0.10483870967741936,0.260734445022777,0.3046426420114927
30,SEQUENCE_RIDGE_COMPOSITION_ONLY,001-0062,96,0.10170439143399296,0.25812650154633365,0.3039251160200778
30,SEQUENCE_RIDGE_COMPOSITION_ONLY,001-0066,67,0.13627769289533995,0.25897654560517663,0.3010441657287153
30,SEQUENCE_RIDGE_COMPOSITION_ONLY,001-0068,31,0.004435483870967742,0.27255488097993325,0.3132300424318211
30,SEQUENCE_RIDGE_COMPOSITION_ONLY,003-0006,32,0.08174486803519061,0.27061708251193917,0.30679534744193016
30,SEQUENCE_RIDGE_COMPOSITION_ONLY,004-0003,63,0.036867798742512475,0.25988027196963304,0.3089999203695645
30,SEQUENCE_RIDGE_COMPOSITION_ONLY,005-0002,30,0.014460511679644048,0.2680210468402136,0.31059253034792883
30,SEQUENCE_RIDGE_COMPOSITION_ONLY,005-0018,159,0.1157862419919935,0.26174269608783163,0.3030642849617479
30,SEQUENCE_RIDGE_COMPOSITION_ONLY,005-0019,62,0.05924764890282132,0.26999971011454726,0.30837449285685326
30,SEQUENCE_RIDGE_COMPOSITION_ONLY,005-0024,31,-0.016935483870967744,0.27945532787000565,0.3137237422915947
30,SEQUENCE_RIDGE_COMPOSITION_ONLY,005-0029,96,0.07014562625535603,0.2637187235782687,0.3066402053951172
30,SEQUENCE_RIDGE_COMPOSITION_ONLY,005-0032,64,0.1092375366568915,0.26374647015414066,0.3039448468718394
30,SEQUENCE_RIDGE_COMPOSITION_ONLY,005-0033,65,0.08924674708593114,0.2681413588007329,0.3058622341759052
30,SEQUENCE_RIDGE_COMPOSITION_ONLY,005-0041,127,0.11763466016905297,0.26365416645966566,0.30322563968983784
30,SEQUENCE_RIDGE_COMPOSITION_ONLY,005-0051,62,0.02775811507735868,0.26742421423958496,0.31105309159223316
30,SEQUENCE_RIDGE_COMPOSITION_ONLY,005-0056,62,0.09798387096774193,0.2620245062564477,0.30453322700153096
30,SEQUENCE_RIDGE_COMPOSITION_ONLY,007-0003,31,-0.06895161290322581,0.2759327321555966,0.31950072503950017
30,SEQUENCE_RIDGE_COMPOSITION_ONLY,007-0012,99,0.14343574673271067,0.2590748668412634,0.3003369649155009
30,SEQUENCE_RIDGE_COMPOSITION_ONLY,007-0015,95,0.19104349951124147,0.2607384866015355,0.29716989166157665
30,SEQUENCE_RIDGE_COMPOSITION_ONLY,007-0017,95,0.18849511439726055,0.25925798269106975,0.2971598173049786
30,SEQUENCE_RIDGE_COMPOSITION_ONLY,007-0025,95,0.12369584247896752,0.2661185051670432,0.30201138773076364
30,SEQUENCE_RIDGE_COMPOSITION_ONLY,007-0026,95,0.1766636627347875,0.25924107749591213,0.2978969269410135
30,SEQUENCE_RIDGE_COMPOSITION_ONLY,007-0027,66,0.1325430025382587,0.2629759823280499,0.3014331742637558
30,SEQUENCE_RIDGE_COMPOSITION_ONLY,009-0006,129,0.03276479213386233,0.27042566812208463,0.30978258147840954
30,SEQUENCE_RIDGE_COMPOSITION_ONLY,009-0008,160,0.0582894711125425,0.2670562734196906,0.30781768082150823
30,SEQUENCE_RIDGE_COMPOSITION_ONLY,009-0011,98,0.11431200046000804,0.2652497024721195,0.3031231310656238
30,SEQUENCE_RIDGE_COMPOSITION_ONLY,009-0016,64,0.09278290495083664,0.2634954191401177,0.304930986616739
30,SEQUENCE_RIDGE_COMPOSITION_ONLY,009-0017,130,0.07271341087754749,0.26343953421675226,0.3065198485076116
30,SEQUENCE_RIDGE_COMPOSITION_ONLY,009-0018,95,0.11886308118150689,0.26033933818911825,0.302585982837077
30,SEQUENCE_RIDGE_COMPOSITION_ONLY,009-0021,129,0.05722250435718833,0.2687381987404857,0.3078649118384187
30,SEQUENCE_RIDGE_COMPOSITION_ONLY,009-0028,94,0.09236314760508309,0.2597766927569466,0.3049113201882931
30,SEQUENCE_RIDGE_COMPOSITION_ONLY,009-0029,96,0.13990713587487782,0.26196163369370906,0.30176422755781335
30,SEQUENCE_RIDGE_COMPOSITION_ONLY,009-0031,129,0.09038218659897976,0.2650479593479178,0.3049913856748657
30,SEQUENCE_RIDGE_COMPOSITION_ONLY,009-0037,31,-0.12298387096774194,0.28145034627007,0.32349300757105603
30,SEQUENCE_RIDGE_COMPOSITION_ONLY,009-0039,62,-0.0760428253615128,0.27267162783731536,0.3172940184530947
30,SEQUENCE_RIDGE_COMPOSITION_ONLY,009-0048,158,0.06380825482179929,0.2645674327709528,0.3074760742994586
30,SEQUENCE_RIDGE_COMPOSITION_ONLY,011-0002,129,0.1035626520554627,0.2598316790197458,0.30461326077408046
30,SEQUENCE_RIDGE_COMPOSITION_ONLY,011-0007,99,0.10583778966131907,0.2623811368463762,0.30390484770331994
30,SEQUENCE_RIDGE_COMPOSITION_ONLY,013-0006,126,0.0804100143950795,0.2660848355061581,0.30562635175126707
30,SEQUENCE_RIDGE_COMPOSITION_ONLY,013-0008,97,0.1404364531736448,0.2621282871087639,0.3007785875169607
30,SEQUENCE_RIDGE_COMPOSITION_ONLY,013-0021,163,0.11370074422730969,0.26293572360109846,0.3032583697007949
30,SEQUENCE_RIDGE_COMPOSITION_ONLY,013-0032,161,0.024573486286010006,0.26678511791049997,0.3105214428033488
30,SEQUENCE_RIDGE_COMPOSITION_ONLY,014-0024,60,0.028921023359288096,0.2670736200897452,0.3108956865801551
30,SEQUENCE_RIDGE_COMPOSITION_ONLY,014-0032,30,-0.13370411568409343,0.2760697239175839,0.3213732933982442
30,SEQUENCE_RIDGE_COMPOSITION_ONLY,014-0036,62,0.08850806451612904,0.2666873923017433,0.3058901693594893
30,SEQUENCE_RIDGE_COMPOSITION_ONLY,014-0038,65,0.1492979743216935,0.26132448592179136,0.300146512132622
30,SEQUENCE_RIDGE_COMPOSITION_ONLY,014-0041,61,0.1162194104560623,0.2615833546557539,0.30236890655112236
30,SEQUENCE_RIDGE_COMPOSITION_ONLY,014-0049,62,0.11313833552431996,0.26702579499811097,0.3035839003602052
30,SEQUENCE_RIDGE_COMPOSITION_ONLY,014-0052,30,-0.059844271412680755,0.27470744434310024,0.31764264701319656
30,SEQUENCE_RIDGE_COMPOSITION_ONLY,014-0065,32,0.12390029325513197,0.2620434779640208,0.3029786992718355
30,SEQUENCE_RIDGE_COMPOSITION_ONLY,014-0066,63,0.06572580645161291,0.2666757734742095,0.3075402551789029
30,SEQUENCE_RIDGE_COMPOSITION_ONLY,014-0068,66,0.060160427807486636,0.26613293121608894,0.3083605988739859
30,SEQUENCE_RIDGE_COMPOSITION_ONLY,015-0005,96,0.19142541028950766,0.2590400483027262,0.2966368499428953
30,SEQUENCE_RIDGE_COMPOSITION_ONLY,015-0007,65,0.08814365188890806,0.26411476587648663,0.3052365449632736
30,SEQUENCE_RIDGE_COMPOSITION_ONLY,018-0004,127,-0.03691832279478684,0.2721620819999315,0.31429806511095515
30,SEQUENCE_RIDGE_COMPOSITION_ONLY,020-0004,127,0.09512223549041418,0.25912962335543105,0.3049778209659096
30,SEQUENCE_RIDGE_COMPOSITION_ONLY,020-0006,66,0.03877005347593583,0.26483497565921565,0.30959904703605895
30,SEQUENCE_RIDGE_COMPOSITION_ONLY,020-0007,65,0.09145894428152493,0.265249925167065,0.3048927440660921
30,SEQUENCE_RIDGE_COMPOSITION_ONLY,020-0011,32,-0.0032991202346041057,0.26534355293723133,0.3136304638209646
30,SEQUENCE_RIDGE_COMPOSITION_ONLY,020-0015,66,0.05330882352941177,0.26483497565921565,0.3083403429503051
30,SEQUENCE_RIDGE_COMPOSITION_ONLY,020-0016,65,0.04502867862687597,0.2673063830225155,0.3095481602869221
30,SEQUENCE_RIDGE_COMPOSITION_ONLY,020-0029,92,0.09237705194323659,0.2684819606755344,0.30527904486665064
30,SEQUENCE_RIDGE_COMPOSITION_ONLY,020-0032,32,-0.10483870967741936,0.27043047666868575,0.3221990936395524
30,SEQUENCE_RIDGE_COMPOSITION_ONLY,020-0034,61,0.018729143492769745,0.26962944642209946,0.31044770191723114
30,SEQUENCE_RIDGE_COMPOSITION_ONLY,020-0035,32,0.053885630498533725,0.2620323963199282,0.308950868997391
30,SEQUENCE_RIDGE_COMPOSITION_ONLY,020-0036,96,0.04560476683341958,0.26850071316636015,0.3095257296124035
30,SEQUENCE_RIDGE_COMPOSITION_ONLY,020-0038,30,-0.14972191323692993,0.27831616653222396,0.3227541269318599
30,SEQUENCE_RIDGE_COMPOSITION_ONLY,020-0039,31,-0.046370967741935484,0.2751759326077519,0.31535702266040777
30,SEQUENCE_RIDGE_COMPOSITION_ONLY,020-0042,93,0.14823204233660295,0.26689106530204115,0.3018536711666913
30,SEQUENCE_RIDGE_COMPOSITION_ONLY,020-0044,62,0.12379032258064515,0.26084929841592525,0.3019025111534215
30,SEQUENCE_RIDGE_COMPOSITION_ONLY,020-0055,62,-0.009042875922742444,0.2642343471872065,0.3130025537224782
30,SEQUENCE_RIDGE_COMPOSITION_ONLY,020-0057,128,0.11540991029843022,0.26075282072087197,0.30304414832437826
30,SEQUENCE_RIDGE_COMPOSITION_ONLY,020-0058,95,0.07766222223544085,0.2619917622819628,0.3064321827630594
30,SEQUENCE_RIDGE_COMPOSITION_ONLY,020-0061,63,-0.04736070381231671,0.27188521903038365,0.31519767779034136
30,SEQUENCE_RIDGE_COMPOSITION_ONLY,020-0069,62,0.12398245525331177,0.26210873705599214,0.30171127339514525
30,SEQUENCE_RIDGE_COMPOSITION_ONLY,020-0071,65,0.17661613765740902,0.2579235261376328,0.2981693103794143
30,SEQUENCE_RIDGE_COMPOSITION_ONLY,020-0072,67,0.0840670359052712,0.26364850423818537,0.30535578747376657
30,SEQUENCE_RIDGE_COMPOSITION_ONLY,020-0075,97,0.061468473019706406,0.26297467090486226,0.3081746757809154
30,SEQUENCE_RIDGE_COMPOSITION_ONLY,020-0076,124,0.10336358580240672,0.26546453539463166,0.30484852205240276
30,SEQUENCE_RIDGE_COMPOSITION_ONLY,020-0085,127,0.11098507774532607,0.26443396208222625,0.3043181594235659
30,SEQUENCE_RIDGE_COMPOSITION_ONLY,020-0086,129,0.10080752975677074,0.26439397715064394,0.30428662754164737
30,SEQUENCE_RIDGE_COMPOSITION_ONLY,020-0087,30,-0.002447163515016685,0.2707381644443166,0.3124621874697573
30,SEQUENCE_RIDGE_COMPOSITION_ONLY,020-0088,66,0.12934491978609625,0.25801849464089566,0.30246017681410603
30,SEQUENCE_RIDGE_COMPOSITION_ONLY,020-0090,31,0.055645161290322584,0.2575492219528116,0.3083562646126007
30,SEQUENCE_RIDGE_COMPOSITION_ONLY,020-0092,64,0.07771260997067449,0.264049424326644,0.3068300840290932
30,SEQUENCE_RIDGE_COMPOSITION_ONLY,020-0096,127,0.08648351746401867,0.2637364438259378,0.3050046113492867
30,SEQUENCE_RIDGE_COMPOSITION_ONLY,020-0097,64,0.13416422287390029,0.2621167193034444,0.3024508136687319
30,SEQUENCE_RIDGE_COMPOSITION_ONLY,020-0099,63,0.025372442940165246,0.2679463517055879,0.31136863167665824
30,SEQUENCE_RIDGE_COMPOSITION_ONLY,020-0100,30,-0.0914349276974416,0.276273590826863,0.3193160077694894
30,SEQUENCE_RIDGE_COMPOSITION_ONLY,022-0004,30,-0.06651835372636263,0.2804111501976575,0.3175801032154815
30,SEQUENCE_RIDGE_COMPOSITION_ONLY,022-0011,61,-0.02928948832035595,0.2720831142617387,0.3146369050607205
30,SEQUENCE_RIDGE_COMPOSITION_ONLY,022-0014,31,0.01975806451612903,0.2760168326325133,0.3108672850150034
30,SEQUENCE_RIDGE_COMPOSITION_ONLY,023-0001,63,0.1223607038123167,0.2628408325217486,0.3036970448737877
30,SEQUENCE_RIDGE_COMPOSITION_ONLY,024-0001,60,0.02202447163515017,0.26888468370546104,0.3108174114555289
30,SEQUENCE_RIDGE_COMPOSITION_ONLY,029-0004,98,0.18739721695129666,0.26160814946541966,0.29750873694968555
30,SEQUENCE_RIDGE_COMPOSITION_ONLY,029-0005,129,0.081476452700607,0.2657584350897393,0.30636378673391734
