outer_fold_id,held_out_laboratory_anchor,model_id,target_observation_id,source_id,canonical_accession,measurement_batch_id,observed_rank_percentile_descending,predicted_rank_percentile_descending
T193_OUTER_01,"Dalian University of Technology, China",CONSTANT_TRAINING_MEAN,T193_0624df67e4b033cbcc4d,PXD060795_DALIAN_PLA_MICRO_NANOPLASTIC_HUMAN_PLASMA_CORONA,Q04695,R4_PXD060795_F1,0.85,0.6030412939699741
T193_OUTER_01,"Dalian University of Technology, China",CONSTANT_TRAINING_MEAN,T193_41108993bc3c4fa4303a,PXD060795_DALIAN_PLA_MICRO_NANOPLASTIC_HUMAN_PLASMA_CORONA,P60174,R4_PXD060795_F1,0.3,0.6030412939699741
T193_OUTER_01,"Dalian University of Technology, China",CONSTANT_TRAINING_MEAN,T193_4c2069ea31b9e1777013,PXD060795_DALIAN_PLA_MICRO_NANOPLASTIC_HUMAN_PLASMA_CORONA,Q9HDC9,R4_PXD060795_F1,0.55,0.6030412939699741
T193_OUTER_01,"Dalian University of Technology, China",CONSTANT_TRAINING_MEAN,T193_5a37f815d67077ee5456,PXD060795_DALIAN_PLA_MICRO_NANOPLASTIC_HUMAN_PLASMA_CORONA,P04004,R4_PXD060795_F1,0.95,0.6030412939699741
T193_OUTER_01,"Dalian University of Technology, China",CONSTANT_TRAINING_MEAN,T193_8e467e0074a0394745a1,PXD060795_DALIAN_PLA_MICRO_NANOPLASTIC_HUMAN_PLASMA_CORONA,P26038,R4_PXD060795_F1,0.6,0.6030412939699741
T193_OUTER_01,"Dalian University of Technology, China",CONSTANT_TRAINING_MEAN,T193_c31fa7e9cb6d4b8cd6a7,PXD060795_DALIAN_PLA_MICRO_NANOPLASTIC_HUMAN_PLASMA_CORONA,P07996,R4_PXD060795_F1,0.75,0.6030412939699741
T193_OUTER_01,"Dalian University of Technology, China",CONSTANT_TRAINING_MEAN,T193_cf18064b0e0614896461,PXD060795_DALIAN_PLA_MICRO_NANOPLASTIC_HUMAN_PLASMA_CORONA,P04264,R4_PXD060795_F1,1.0,0.6030412939699741
T193_OUTER_01,"Dalian University of Technology, China",CONSTANT_TRAINING_MEAN,T193_d83599acfc52bcb0d8f6,PXD060795_DALIAN_PLA_MICRO_NANOPLASTIC_HUMAN_PLASMA_CORONA,P05556,R4_PXD060795_F1,0.0,0.6030412939699741
T193_OUTER_01,"Dalian University of Technology, China",CONSTANT_TRAINING_MEAN,T193_f87c8d39fed09dd0f329,PXD060795_DALIAN_PLA_MICRO_NANOPLASTIC_HUMAN_PLASMA_CORONA,P06396,R4_PXD060795_F1,0.8,0.6030412939699741
T193_OUTER_01,"Dalian University of Technology, China",CONSTANT_TRAINING_MEAN,T193_020b048f88f18029d4d8,PXD060795_DALIAN_PLA_MICRO_NANOPLASTIC_HUMAN_PLASMA_CORONA,P60174,R4_PXD060795_F2,0.2631578947368421,0.6030412939699741
T193_OUTER_01,"Dalian University of Technology, China",CONSTANT_TRAINING_MEAN,T193_0e9bc771d5a2d778d682,PXD060795_DALIAN_PLA_MICRO_NANOPLASTIC_HUMAN_PLASMA_CORONA,P06396,R4_PXD060795_F2,0.8421052631578947,0.6030412939699741
T193_OUTER_01,"Dalian University of Technology, China",CONSTANT_TRAINING_MEAN,T193_41faf3bcdc82fae53a92,PXD060795_DALIAN_PLA_MICRO_NANOPLASTIC_HUMAN_PLASMA_CORONA,P04264,R4_PXD060795_F2,1.0,0.6030412939699741
T193_OUTER_01,"Dalian University of Technology, China",CONSTANT_TRAINING_MEAN,T193_7b2d6edff2d42d65a40d,PXD060795_DALIAN_PLA_MICRO_NANOPLASTIC_HUMAN_PLASMA_CORONA,Q04695,R4_PXD060795_F2,0.8947368421052632,0.6030412939699741
T193_OUTER_01,"Dalian University of Technology, China",CONSTANT_TRAINING_MEAN,T193_8dabf88f579ee317ec4c,PXD060795_DALIAN_PLA_MICRO_NANOPLASTIC_HUMAN_PLASMA_CORONA,P26038,R4_PXD060795_F2,0.631578947368421,0.6030412939699741
T193_OUTER_01,"Dalian University of Technology, China",CONSTANT_TRAINING_MEAN,T193_90717378e930e32e006b,PXD060795_DALIAN_PLA_MICRO_NANOPLASTIC_HUMAN_PLASMA_CORONA,Q9HDC9,R4_PXD060795_F2,0.5789473684210527,0.6030412939699741
T193_OUTER_01,"Dalian University of Technology, China",CONSTANT_TRAINING_MEAN,T193_96d4b1dd0dc6caa6977d,PXD060795_DALIAN_PLA_MICRO_NANOPLASTIC_HUMAN_PLASMA_CORONA,P04004,R4_PXD060795_F2,0.9473684210526315,0.6030412939699741
T193_OUTER_01,"Dalian University of Technology, China",CONSTANT_TRAINING_MEAN,T193_9794828985e419cc2f73,PXD060795_DALIAN_PLA_MICRO_NANOPLASTIC_HUMAN_PLASMA_CORONA,P07996,R4_PXD060795_F2,0.7894736842105263,0.6030412939699741
T193_OUTER_01,"Dalian University of Technology, China",CONSTANT_TRAINING_MEAN,T193_a8d8b10ca7d81fd17b1b,PXD060795_DALIAN_PLA_MICRO_NANOPLASTIC_HUMAN_PLASMA_CORONA,P05556,R4_PXD060795_F2,0.0,0.6030412939699741
T193_OUTER_01,"Dalian University of Technology, China",CONSTANT_TRAINING_MEAN,T193_0bbb42bf9ad23ba445ec,PXD060795_DALIAN_PLA_MICRO_NANOPLASTIC_HUMAN_PLASMA_CORONA,P05556,R4_PXD060795_F3,0.0,0.6030412939699741
T193_OUTER_01,"Dalian University of Technology, China",CONSTANT_TRAINING_MEAN,T193_12e336936cf163776734,PXD060795_DALIAN_PLA_MICRO_NANOPLASTIC_HUMAN_PLASMA_CORONA,P60174,R4_PXD060795_F3,0.2222222222222222,0.6030412939699741
T193_OUTER_01,"Dalian University of Technology, China",CONSTANT_TRAINING_MEAN,T193_354fa8dce07ce03c9a04,PXD060795_DALIAN_PLA_MICRO_NANOPLASTIC_HUMAN_PLASMA_CORONA,P06396,R4_PXD060795_F3,0.8333333333333334,0.6030412939699741
T193_OUTER_01,"Dalian University of Technology, China",CONSTANT_TRAINING_MEAN,T193_5016a0905e11f2193a84,PXD060795_DALIAN_PLA_MICRO_NANOPLASTIC_HUMAN_PLASMA_CORONA,Q04695,R4_PXD060795_F3,0.8888888888888888,0.6030412939699741
T193_OUTER_01,"Dalian University of Technology, China",CONSTANT_TRAINING_MEAN,T193_5c2efe8ee99928e4d49e,PXD060795_DALIAN_PLA_MICRO_NANOPLASTIC_HUMAN_PLASMA_CORONA,P07996,R4_PXD060795_F3,0.7777777777777778,0.6030412939699741
T193_OUTER_01,"Dalian University of Technology, China",CONSTANT_TRAINING_MEAN,T193_86dcaad59bd76354dc0b,PXD060795_DALIAN_PLA_MICRO_NANOPLASTIC_HUMAN_PLASMA_CORONA,Q9HDC9,R4_PXD060795_F3,0.5555555555555556,0.6030412939699741
T193_OUTER_01,"Dalian University of Technology, China",CONSTANT_TRAINING_MEAN,T193_ccc87c68f1dcbb9a6680,PXD060795_DALIAN_PLA_MICRO_NANOPLASTIC_HUMAN_PLASMA_CORONA,P04004,R4_PXD060795_F3,0.9444444444444444,0.6030412939699741
T193_OUTER_01,"Dalian University of Technology, China",CONSTANT_TRAINING_MEAN,T193_d24763ab2acfc593640a,PXD060795_DALIAN_PLA_MICRO_NANOPLASTIC_HUMAN_PLASMA_CORONA,P04264,R4_PXD060795_F3,1.0,0.6030412939699741
T193_OUTER_01,"Dalian University of Technology, China",CONSTANT_TRAINING_MEAN,T193_d4be630d0ae30afed1d3,PXD060795_DALIAN_PLA_MICRO_NANOPLASTIC_HUMAN_PLASMA_CORONA,P26038,R4_PXD060795_F3,0.6111111111111112,0.6030412939699741
T193_OUTER_01,"Dalian University of Technology, China",CONSTANT_TRAINING_MEAN,T193_02aa4db832a4f6e47e14,PXD060795_DALIAN_PLA_MICRO_NANOPLASTIC_HUMAN_PLASMA_CORONA,P06396,R4_PXD060795_F7,0.9375,0.6030412939699741
T193_OUTER_01,"Dalian University of Technology, China",CONSTANT_TRAINING_MEAN,T193_0833138dddd1b8ae12f5,PXD060795_DALIAN_PLA_MICRO_NANOPLASTIC_HUMAN_PLASMA_CORONA,P26038,R4_PXD060795_F7,0.375,0.6030412939699741
T193_OUTER_01,"Dalian University of Technology, China",CONSTANT_TRAINING_MEAN,T193_11bfad1d1404355bb6bf,PXD060795_DALIAN_PLA_MICRO_NANOPLASTIC_HUMAN_PLASMA_CORONA,P04004,R4_PXD060795_F7,0.875,0.6030412939699741
T193_OUTER_01,"Dalian University of Technology, China",CONSTANT_TRAINING_MEAN,T193_23b13220f1a14b8c4c96,PXD060795_DALIAN_PLA_MICRO_NANOPLASTIC_HUMAN_PLASMA_CORONA,Q04695,R4_PXD060795_F7,0.5625,0.6030412939699741
T193_OUTER_01,"Dalian University of Technology, China",CONSTANT_TRAINING_MEAN,T193_3c9cbd3fcd5a38107c58,PXD060795_DALIAN_PLA_MICRO_NANOPLASTIC_HUMAN_PLASMA_CORONA,P60174,R4_PXD060795_F7,0.3125,0.6030412939699741
T193_OUTER_01,"Dalian University of Technology, China",CONSTANT_TRAINING_MEAN,T193_50c2a80735fc961fc037,PXD060795_DALIAN_PLA_MICRO_NANOPLASTIC_HUMAN_PLASMA_CORONA,P05556,R4_PXD060795_F7,0.0,0.6030412939699741
T193_OUTER_01,"Dalian University of Technology, China",CONSTANT_TRAINING_MEAN,T193_64e9a314e7365945042a,PXD060795_DALIAN_PLA_MICRO_NANOPLASTIC_HUMAN_PLASMA_CORONA,P04264,R4_PXD060795_F7,1.0,0.6030412939699741
T193_OUTER_01,"Dalian University of Technology, China",CONSTANT_TRAINING_MEAN,T193_87ffe32d4a607117505f,PXD060795_DALIAN_PLA_MICRO_NANOPLASTIC_HUMAN_PLASMA_CORONA,P07996,R4_PXD060795_F7,0.75,0.6030412939699741
T193_OUTER_01,"Dalian University of Technology, China",CONSTANT_TRAINING_MEAN,T193_e64ff3ec08b6f13dd8a9,PXD060795_DALIAN_PLA_MICRO_NANOPLASTIC_HUMAN_PLASMA_CORONA,Q9HDC9,R4_PXD060795_F7,0.625,0.6030412939699741
T193_OUTER_01,"Dalian University of Technology, China",CONSTANT_TRAINING_MEAN,T193_07e7439d493565c4d807,PXD060795_DALIAN_PLA_MICRO_NANOPLASTIC_HUMAN_PLASMA_CORONA,P06396,R4_PXD060795_F8,0.9333333333333333,0.6030412939699741
T193_OUTER_01,"Dalian University of Technology, China",CONSTANT_TRAINING_MEAN,T193_1b189b9b934812959cfa,PXD060795_DALIAN_PLA_MICRO_NANOPLASTIC_HUMAN_PLASMA_CORONA,P60174,R4_PXD060795_F8,0.3333333333333333,0.6030412939699741
T193_OUTER_01,"Dalian University of Technology, China",CONSTANT_TRAINING_MEAN,T193_53abc927103db39a71fc,PXD060795_DALIAN_PLA_MICRO_NANOPLASTIC_HUMAN_PLASMA_CORONA,P04004,R4_PXD060795_F8,0.8666666666666667,0.6030412939699741
T193_OUTER_01,"Dalian University of Technology, China",CONSTANT_TRAINING_MEAN,T193_73a3563b7b8f195b94bc,PXD060795_DALIAN_PLA_MICRO_NANOPLASTIC_HUMAN_PLASMA_CORONA,P05556,R4_PXD060795_F8,0.0,0.6030412939699741
T193_OUTER_01,"Dalian University of Technology, China",CONSTANT_TRAINING_MEAN,T193_7f525e278688bc4e7f74,PXD060795_DALIAN_PLA_MICRO_NANOPLASTIC_HUMAN_PLASMA_CORONA,Q04695,R4_PXD060795_F8,0.5333333333333333,0.6030412939699741
T193_OUTER_01,"Dalian University of Technology, China",CONSTANT_TRAINING_MEAN,T193_ac5746b8c7dde5cb6860,PXD060795_DALIAN_PLA_MICRO_NANOPLASTIC_HUMAN_PLASMA_CORONA,P04264,R4_PXD060795_F8,1.0,0.6030412939699741
T193_OUTER_01,"Dalian University of Technology, China",CONSTANT_TRAINING_MEAN,T193_b61034e1a90b2310c46c,PXD060795_DALIAN_PLA_MICRO_NANOPLASTIC_HUMAN_PLASMA_CORONA,Q9HDC9,R4_PXD060795_F8,0.6,0.6030412939699741
T193_OUTER_01,"Dalian University of Technology, China",CONSTANT_TRAINING_MEAN,T193_bfd7f6512fe0cf5a2196,PXD060795_DALIAN_PLA_MICRO_NANOPLASTIC_HUMAN_PLASMA_CORONA,P07996,R4_PXD060795_F8,0.7333333333333333,0.6030412939699741
T193_OUTER_01,"Dalian University of Technology, China",CONSTANT_TRAINING_MEAN,T193_00932266bff6e688d607,PXD060795_DALIAN_PLA_MICRO_NANOPLASTIC_HUMAN_PLASMA_CORONA,P04264,R4_PXD060795_F9,1.0,0.6030412939699741
T193_OUTER_01,"Dalian University of Technology, China",CONSTANT_TRAINING_MEAN,T193_205c54736d4014788422,PXD060795_DALIAN_PLA_MICRO_NANOPLASTIC_HUMAN_PLASMA_CORONA,Q04695,R4_PXD060795_F9,0.5333333333333333,0.6030412939699741
T193_OUTER_01,"Dalian University of Technology, China",CONSTANT_TRAINING_MEAN,T193_495d0e1699e0ce658b40,PXD060795_DALIAN_PLA_MICRO_NANOPLASTIC_HUMAN_PLASMA_CORONA,P05556,R4_PXD060795_F9,0.0,0.6030412939699741
T193_OUTER_01,"Dalian University of Technology, China",CONSTANT_TRAINING_MEAN,T193_5662a539ccdcfc0506d9,PXD060795_DALIAN_PLA_MICRO_NANOPLASTIC_HUMAN_PLASMA_CORONA,Q9HDC9,R4_PXD060795_F9,0.6,0.6030412939699741
T193_OUTER_01,"Dalian University of Technology, China",CONSTANT_TRAINING_MEAN,T193_727ac95f7ca32258aa93,PXD060795_DALIAN_PLA_MICRO_NANOPLASTIC_HUMAN_PLASMA_CORONA,P04004,R4_PXD060795_F9,0.8666666666666667,0.6030412939699741
T193_OUTER_01,"Dalian University of Technology, China",CONSTANT_TRAINING_MEAN,T193_a2982a5a03212d2df6f3,PXD060795_DALIAN_PLA_MICRO_NANOPLASTIC_HUMAN_PLASMA_CORONA,P26038,R4_PXD060795_F9,0.2,0.6030412939699741
T193_OUTER_01,"Dalian University of Technology, China",CONSTANT_TRAINING_MEAN,T193_e5d23407862b694683fd,PXD060795_DALIAN_PLA_MICRO_NANOPLASTIC_HUMAN_PLASMA_CORONA,P07996,R4_PXD060795_F9,0.7333333333333333,0.6030412939699741
T193_OUTER_01,"Dalian University of Technology, China",CONSTANT_TRAINING_MEAN,T193_fb982b2b000ffa41405c,PXD060795_DALIAN_PLA_MICRO_NANOPLASTIC_HUMAN_PLASMA_CORONA,P06396,R4_PXD060795_F9,0.9333333333333333,0.6030412939699741
T193_OUTER_01,"Dalian University of Technology, China",SEQUENCE_RIDGE_FULL,T193_0624df67e4b033cbcc4d,PXD060795_DALIAN_PLA_MICRO_NANOPLASTIC_HUMAN_PLASMA_CORONA,Q04695,R4_PXD060795_F1,0.85,0.4577156217750297
T193_OUTER_01,"Dalian University of Technology, China",SEQUENCE_RIDGE_FULL,T193_41108993bc3c4fa4303a,PXD060795_DALIAN_PLA_MICRO_NANOPLASTIC_HUMAN_PLASMA_CORONA,P60174,R4_PXD060795_F1,0.3,0.2321370977653575
T193_OUTER_01,"Dalian University of Technology, China",SEQUENCE_RIDGE_FULL,T193_4c2069ea31b9e1777013,PXD060795_DALIAN_PLA_MICRO_NANOPLASTIC_HUMAN_PLASMA_CORONA,Q9HDC9,R4_PXD060795_F1,0.55,0.4551418602136389
T193_OUTER_01,"Dalian University of Technology, China",SEQUENCE_RIDGE_FULL,T193_5a37f815d67077ee5456,PXD060795_DALIAN_PLA_MICRO_NANOPLASTIC_HUMAN_PLASMA_CORONA,P04004,R4_PXD060795_F1,0.95,0.8813097145036753
T193_OUTER_01,"Dalian University of Technology, China",SEQUENCE_RIDGE_FULL,T193_8e467e0074a0394745a1,PXD060795_DALIAN_PLA_MICRO_NANOPLASTIC_HUMAN_PLASMA_CORONA,P26038,R4_PXD060795_F1,0.6,0.6000209536321893
T193_OUTER_01,"Dalian University of Technology, China",SEQUENCE_RIDGE_FULL,T193_c31fa7e9cb6d4b8cd6a7,PXD060795_DALIAN_PLA_MICRO_NANOPLASTIC_HUMAN_PLASMA_CORONA,P07996,R4_PXD060795_F1,0.75,0.46746887492692213
T193_OUTER_01,"Dalian University of Technology, China",SEQUENCE_RIDGE_FULL,T193_cf18064b0e0614896461,PXD060795_DALIAN_PLA_MICRO_NANOPLASTIC_HUMAN_PLASMA_CORONA,P04264,R4_PXD060795_F1,1.0,0.7943933663556031
T193_OUTER_01,"Dalian University of Technology, China",SEQUENCE_RIDGE_FULL,T193_d83599acfc52bcb0d8f6,PXD060795_DALIAN_PLA_MICRO_NANOPLASTIC_HUMAN_PLASMA_CORONA,P05556,R4_PXD060795_F1,0.0,0.3491589500920615
T193_OUTER_01,"Dalian University of Technology, China",SEQUENCE_RIDGE_FULL,T193_f87c8d39fed09dd0f329,PXD060795_DALIAN_PLA_MICRO_NANOPLASTIC_HUMAN_PLASMA_CORONA,P06396,R4_PXD060795_F1,0.8,0.7508461405961541
T193_OUTER_01,"Dalian University of Technology, China",SEQUENCE_RIDGE_FULL,T193_020b048f88f18029d4d8,PXD060795_DALIAN_PLA_MICRO_NANOPLASTIC_HUMAN_PLASMA_CORONA,P60174,R4_PXD060795_F2,0.2631578947368421,0.2321370977653575
T193_OUTER_01,"Dalian University of Technology, China",SEQUENCE_RIDGE_FULL,T193_0e9bc771d5a2d778d682,PXD060795_DALIAN_PLA_MICRO_NANOPLASTIC_HUMAN_PLASMA_CORONA,P06396,R4_PXD060795_F2,0.8421052631578947,0.7508461405961541
T193_OUTER_01,"Dalian University of Technology, China",SEQUENCE_RIDGE_FULL,T193_41faf3bcdc82fae53a92,PXD060795_DALIAN_PLA_MICRO_NANOPLASTIC_HUMAN_PLASMA_CORONA,P04264,R4_PXD060795_F2,1.0,0.7943933663556031
T193_OUTER_01,"Dalian University of Technology, China",SEQUENCE_RIDGE_FULL,T193_7b2d6edff2d42d65a40d,PXD060795_DALIAN_PLA_MICRO_NANOPLASTIC_HUMAN_PLASMA_CORONA,Q04695,R4_PXD060795_F2,0.8947368421052632,0.4577156217750297
T193_OUTER_01,"Dalian University of Technology, China",SEQUENCE_RIDGE_FULL,T193_8dabf88f579ee317ec4c,PXD060795_DALIAN_PLA_MICRO_NANOPLASTIC_HUMAN_PLASMA_CORONA,P26038,R4_PXD060795_F2,0.631578947368421,0.6000209536321893
T193_OUTER_01,"Dalian University of Technology, China",SEQUENCE_RIDGE_FULL,T193_90717378e930e32e006b,PXD060795_DALIAN_PLA_MICRO_NANOPLASTIC_HUMAN_PLASMA_CORONA,Q9HDC9,R4_PXD060795_F2,0.5789473684210527,0.4551418602136389
T193_OUTER_01,"Dalian University of Technology, China",SEQUENCE_RIDGE_FULL,T193_96d4b1dd0dc6caa6977d,PXD060795_DALIAN_PLA_MICRO_NANOPLASTIC_HUMAN_PLASMA_CORONA,P04004,R4_PXD060795_F2,0.9473684210526315,0.8813097145036753
T193_OUTER_01,"Dalian University of Technology, China",SEQUENCE_RIDGE_FULL,T193_9794828985e419cc2f73,PXD060795_DALIAN_PLA_MICRO_NANOPLASTIC_HUMAN_PLASMA_CORONA,P07996,R4_PXD060795_F2,0.7894736842105263,0.46746887492692213
T193_OUTER_01,"Dalian University of Technology, China",SEQUENCE_RIDGE_FULL,T193_a8d8b10ca7d81fd17b1b,PXD060795_DALIAN_PLA_MICRO_NANOPLASTIC_HUMAN_PLASMA_CORONA,P05556,R4_PXD060795_F2,0.0,0.3491589500920615
T193_OUTER_01,"Dalian University of Technology, China",SEQUENCE_RIDGE_FULL,T193_0bbb42bf9ad23ba445ec,PXD060795_DALIAN_PLA_MICRO_NANOPLASTIC_HUMAN_PLASMA_CORONA,P05556,R4_PXD060795_F3,0.0,0.3491589500920615
T193_OUTER_01,"Dalian University of Technology, China",SEQUENCE_RIDGE_FULL,T193_12e336936cf163776734,PXD060795_DALIAN_PLA_MICRO_NANOPLASTIC_HUMAN_PLASMA_CORONA,P60174,R4_PXD060795_F3,0.2222222222222222,0.2321370977653575
T193_OUTER_01,"Dalian University of Technology, China",SEQUENCE_RIDGE_FULL,T193_354fa8dce07ce03c9a04,PXD060795_DALIAN_PLA_MICRO_NANOPLASTIC_HUMAN_PLASMA_CORONA,P06396,R4_PXD060795_F3,0.8333333333333334,0.7508461405961541
T193_OUTER_01,"Dalian University of Technology, China",SEQUENCE_RIDGE_FULL,T193_5016a0905e11f2193a84,PXD060795_DALIAN_PLA_MICRO_NANOPLASTIC_HUMAN_PLASMA_CORONA,Q04695,R4_PXD060795_F3,0.8888888888888888,0.4577156217750297
T193_OUTER_01,"Dalian University of Technology, China",SEQUENCE_RIDGE_FULL,T193_5c2efe8ee99928e4d49e,PXD060795_DALIAN_PLA_MICRO_NANOPLASTIC_HUMAN_PLASMA_CORONA,P07996,R4_PXD060795_F3,0.7777777777777778,0.46746887492692213
T193_OUTER_01,"Dalian University of Technology, China",SEQUENCE_RIDGE_FULL,T193_86dcaad59bd76354dc0b,PXD060795_DALIAN_PLA_MICRO_NANOPLASTIC_HUMAN_PLASMA_CORONA,Q9HDC9,R4_PXD060795_F3,0.5555555555555556,0.4551418602136389
T193_OUTER_01,"Dalian University of Technology, China",SEQUENCE_RIDGE_FULL,T193_ccc87c68f1dcbb9a6680,PXD060795_DALIAN_PLA_MICRO_NANOPLASTIC_HUMAN_PLASMA_CORONA,P04004,R4_PXD060795_F3,0.9444444444444444,0.8813097145036753
T193_OUTER_01,"Dalian University of Technology, China",SEQUENCE_RIDGE_FULL,T193_d24763ab2acfc593640a,PXD060795_DALIAN_PLA_MICRO_NANOPLASTIC_HUMAN_PLASMA_CORONA,P04264,R4_PXD060795_F3,1.0,0.7943933663556031
T193_OUTER_01,"Dalian University of Technology, China",SEQUENCE_RIDGE_FULL,T193_d4be630d0ae30afed1d3,PXD060795_DALIAN_PLA_MICRO_NANOPLASTIC_HUMAN_PLASMA_CORONA,P26038,R4_PXD060795_F3,0.6111111111111112,0.6000209536321893
T193_OUTER_01,"Dalian University of Technology, China",SEQUENCE_RIDGE_FULL,T193_02aa4db832a4f6e47e14,PXD060795_DALIAN_PLA_MICRO_NANOPLASTIC_HUMAN_PLASMA_CORONA,P06396,R4_PXD060795_F7,0.9375,0.7508461405961541
T193_OUTER_01,"Dalian University of Technology, China",SEQUENCE_RIDGE_FULL,T193_0833138dddd1b8ae12f5,PXD060795_DALIAN_PLA_MICRO_NANOPLASTIC_HUMAN_PLASMA_CORONA,P26038,R4_PXD060795_F7,0.375,0.6000209536321893
T193_OUTER_01,"Dalian University of Technology, China",SEQUENCE_RIDGE_FULL,T193_11bfad1d1404355bb6bf,PXD060795_DALIAN_PLA_MICRO_NANOPLASTIC_HUMAN_PLASMA_CORONA,P04004,R4_PXD060795_F7,0.875,0.8813097145036753
T193_OUTER_01,"Dalian University of Technology, China",SEQUENCE_RIDGE_FULL,T193_23b13220f1a14b8c4c96,PXD060795_DALIAN_PLA_MICRO_NANOPLASTIC_HUMAN_PLASMA_CORONA,Q04695,R4_PXD060795_F7,0.5625,0.4577156217750297
T193_OUTER_01,"Dalian University of Technology, China",SEQUENCE_RIDGE_FULL,T193_3c9cbd3fcd5a38107c58,PXD060795_DALIAN_PLA_MICRO_NANOPLASTIC_HUMAN_PLASMA_CORONA,P60174,R4_PXD060795_F7,0.3125,0.2321370977653575
T193_OUTER_01,"Dalian University of Technology, China",SEQUENCE_RIDGE_FULL,T193_50c2a80735fc961fc037,PXD060795_DALIAN_PLA_MICRO_NANOPLASTIC_HUMAN_PLASMA_CORONA,P05556,R4_PXD060795_F7,0.0,0.3491589500920615
T193_OUTER_01,"Dalian University of Technology, China",SEQUENCE_RIDGE_FULL,T193_64e9a314e7365945042a,PXD060795_DALIAN_PLA_MICRO_NANOPLASTIC_HUMAN_PLASMA_CORONA,P04264,R4_PXD060795_F7,1.0,0.7943933663556031
T193_OUTER_01,"Dalian University of Technology, China",SEQUENCE_RIDGE_FULL,T193_87ffe32d4a607117505f,PXD060795_DALIAN_PLA_MICRO_NANOPLASTIC_HUMAN_PLASMA_CORONA,P07996,R4_PXD060795_F7,0.75,0.46746887492692213
T193_OUTER_01,"Dalian University of Technology, China",SEQUENCE_RIDGE_FULL,T193_e64ff3ec08b6f13dd8a9,PXD060795_DALIAN_PLA_MICRO_NANOPLASTIC_HUMAN_PLASMA_CORONA,Q9HDC9,R4_PXD060795_F7,0.625,0.4551418602136389
T193_OUTER_01,"Dalian University of Technology, China",SEQUENCE_RIDGE_FULL,T193_07e7439d493565c4d807,PXD060795_DALIAN_PLA_MICRO_NANOPLASTIC_HUMAN_PLASMA_CORONA,P06396,R4_PXD060795_F8,0.9333333333333333,0.7508461405961541
T193_OUTER_01,"Dalian University of Technology, China",SEQUENCE_RIDGE_FULL,T193_1b189b9b934812959cfa,PXD060795_DALIAN_PLA_MICRO_NANOPLASTIC_HUMAN_PLASMA_CORONA,P60174,R4_PXD060795_F8,0.3333333333333333,0.2321370977653575
T193_OUTER_01,"Dalian University of Technology, China",SEQUENCE_RIDGE_FULL,T193_53abc927103db39a71fc,PXD060795_DALIAN_PLA_MICRO_NANOPLASTIC_HUMAN_PLASMA_CORONA,P04004,R4_PXD060795_F8,0.8666666666666667,0.8813097145036753
T193_OUTER_01,"Dalian University of Technology, China",SEQUENCE_RIDGE_FULL,T193_73a3563b7b8f195b94bc,PXD060795_DALIAN_PLA_MICRO_NANOPLASTIC_HUMAN_PLASMA_CORONA,P05556,R4_PXD060795_F8,0.0,0.3491589500920615
T193_OUTER_01,"Dalian University of Technology, China",SEQUENCE_RIDGE_FULL,T193_7f525e278688bc4e7f74,PXD060795_DALIAN_PLA_MICRO_NANOPLASTIC_HUMAN_PLASMA_CORONA,Q04695,R4_PXD060795_F8,0.5333333333333333,0.4577156217750297
T193_OUTER_01,"Dalian University of Technology, China",SEQUENCE_RIDGE_FULL,T193_ac5746b8c7dde5cb6860,PXD060795_DALIAN_PLA_MICRO_NANOPLASTIC_HUMAN_PLASMA_CORONA,P04264,R4_PXD060795_F8,1.0,0.7943933663556031
T193_OUTER_01,"Dalian University of Technology, China",SEQUENCE_RIDGE_FULL,T193_b61034e1a90b2310c46c,PXD060795_DALIAN_PLA_MICRO_NANOPLASTIC_HUMAN_PLASMA_CORONA,Q9HDC9,R4_PXD060795_F8,0.6,0.4551418602136389
T193_OUTER_01,"Dalian University of Technology, China",SEQUENCE_RIDGE_FULL,T193_bfd7f6512fe0cf5a2196,PXD060795_DALIAN_PLA_MICRO_NANOPLASTIC_HUMAN_PLASMA_CORONA,P07996,R4_PXD060795_F8,0.7333333333333333,0.46746887492692213
T193_OUTER_01,"Dalian University of Technology, China",SEQUENCE_RIDGE_FULL,T193_00932266bff6e688d607,PXD060795_DALIAN_PLA_MICRO_NANOPLASTIC_HUMAN_PLASMA_CORONA,P04264,R4_PXD060795_F9,1.0,0.7943933663556031
T193_OUTER_01,"Dalian University of Technology, China",SEQUENCE_RIDGE_FULL,T193_205c54736d4014788422,PXD060795_DALIAN_PLA_MICRO_NANOPLASTIC_HUMAN_PLASMA_CORONA,Q04695,R4_PXD060795_F9,0.5333333333333333,0.4577156217750297
T193_OUTER_01,"Dalian University of Technology, China",SEQUENCE_RIDGE_FULL,T193_495d0e1699e0ce658b40,PXD060795_DALIAN_PLA_MICRO_NANOPLASTIC_HUMAN_PLASMA_CORONA,P05556,R4_PXD060795_F9,0.0,0.3491589500920615
T193_OUTER_01,"Dalian University of Technology, China",SEQUENCE_RIDGE_FULL,T193_5662a539ccdcfc0506d9,PXD060795_DALIAN_PLA_MICRO_NANOPLASTIC_HUMAN_PLASMA_CORONA,Q9HDC9,R4_PXD060795_F9,0.6,0.4551418602136389
T193_OUTER_01,"Dalian University of Technology, China",SEQUENCE_RIDGE_FULL,T193_727ac95f7ca32258aa93,PXD060795_DALIAN_PLA_MICRO_NANOPLASTIC_HUMAN_PLASMA_CORONA,P04004,R4_PXD060795_F9,0.8666666666666667,0.8813097145036753
T193_OUTER_01,"Dalian University of Technology, China",SEQUENCE_RIDGE_FULL,T193_a2982a5a03212d2df6f3,PXD060795_DALIAN_PLA_MICRO_NANOPLASTIC_HUMAN_PLASMA_CORONA,P26038,R4_PXD060795_F9,0.2,0.6000209536321893
T193_OUTER_01,"Dalian University of Technology, China",SEQUENCE_RIDGE_FULL,T193_e5d23407862b694683fd,PXD060795_DALIAN_PLA_MICRO_NANOPLASTIC_HUMAN_PLASMA_CORONA,P07996,R4_PXD060795_F9,0.7333333333333333,0.46746887492692213
T193_OUTER_01,"Dalian University of Technology, China",SEQUENCE_RIDGE_FULL,T193_fb982b2b000ffa41405c,PXD060795_DALIAN_PLA_MICRO_NANOPLASTIC_HUMAN_PLASMA_CORONA,P06396,R4_PXD060795_F9,0.9333333333333333,0.7508461405961541
T193_OUTER_01,"Dalian University of Technology, China",SEQUENCE_RIDGE_COMPOSITION_ONLY,T193_0624df67e4b033cbcc4d,PXD060795_DALIAN_PLA_MICRO_NANOPLASTIC_HUMAN_PLASMA_CORONA,Q04695,R4_PXD060795_F1,0.85,0.4719189459279614
T193_OUTER_01,"Dalian University of Technology, China",SEQUENCE_RIDGE_COMPOSITION_ONLY,T193_41108993bc3c4fa4303a,PXD060795_DALIAN_PLA_MICRO_NANOPLASTIC_HUMAN_PLASMA_CORONA,P60174,R4_PXD060795_F1,0.3,0.28509107723730354
T193_OUTER_01,"Dalian University of Technology, China",SEQUENCE_RIDGE_COMPOSITION_ONLY,T193_4c2069ea31b9e1777013,PXD060795_DALIAN_PLA_MICRO_NANOPLASTIC_HUMAN_PLASMA_CORONA,Q9HDC9,R4_PXD060795_F1,0.55,0.4604107972091811
T193_OUTER_01,"Dalian University of Technology, China",SEQUENCE_RIDGE_COMPOSITION_ONLY,T193_5a37f815d67077ee5456,PXD060795_DALIAN_PLA_MICRO_NANOPLASTIC_HUMAN_PLASMA_CORONA,P04004,R4_PXD060795_F1,0.95,0.8937335925231524
T193_OUTER_01,"Dalian University of Technology, China",SEQUENCE_RIDGE_COMPOSITION_ONLY,T193_8e467e0074a0394745a1,PXD060795_DALIAN_PLA_MICRO_NANOPLASTIC_HUMAN_PLASMA_CORONA,P26038,R4_PXD060795_F1,0.6,0.5936849621255852
T193_OUTER_01,"Dalian University of Technology, China",SEQUENCE_RIDGE_COMPOSITION_ONLY,T193_c31fa7e9cb6d4b8cd6a7,PXD060795_DALIAN_PLA_MICRO_NANOPLASTIC_HUMAN_PLASMA_CORONA,P07996,R4_PXD060795_F1,0.75,0.4657047503461379
T193_OUTER_01,"Dalian University of Technology, China",SEQUENCE_RIDGE_COMPOSITION_ONLY,T193_cf18064b0e0614896461,PXD060795_DALIAN_PLA_MICRO_NANOPLASTIC_HUMAN_PLASMA_CORONA,P04264,R4_PXD060795_F1,1.0,0.7879570855540317
T193_OUTER_01,"Dalian University of Technology, China",SEQUENCE_RIDGE_COMPOSITION_ONLY,T193_d83599acfc52bcb0d8f6,PXD060795_DALIAN_PLA_MICRO_NANOPLASTIC_HUMAN_PLASMA_CORONA,P05556,R4_PXD060795_F1,0.0,0.33617632025803496
T193_OUTER_01,"Dalian University of Technology, China",SEQUENCE_RIDGE_COMPOSITION_ONLY,T193_f87c8d39fed09dd0f329,PXD060795_DALIAN_PLA_MICRO_NANOPLASTIC_HUMAN_PLASMA_CORONA,P06396,R4_PXD060795_F1,0.8,0.7189132516193252
T193_OUTER_01,"Dalian University of Technology, China",SEQUENCE_RIDGE_COMPOSITION_ONLY,T193_020b048f88f18029d4d8,PXD060795_DALIAN_PLA_MICRO_NANOPLASTIC_HUMAN_PLASMA_CORONA,P60174,R4_PXD060795_F2,0.2631578947368421,0.28509107723730354
T193_OUTER_01,"Dalian University of Technology, China",SEQUENCE_RIDGE_COMPOSITION_ONLY,T193_0e9bc771d5a2d778d682,PXD060795_DALIAN_PLA_MICRO_NANOPLASTIC_HUMAN_PLASMA_CORONA,P06396,R4_PXD060795_F2,0.8421052631578947,0.7189132516193252
T193_OUTER_01,"Dalian University of Technology, China",SEQUENCE_RIDGE_COMPOSITION_ONLY,T193_41faf3bcdc82fae53a92,PXD060795_DALIAN_PLA_MICRO_NANOPLASTIC_HUMAN_PLASMA_CORONA,P04264,R4_PXD060795_F2,1.0,0.7879570855540317
T193_OUTER_01,"Dalian University of Technology, China",SEQUENCE_RIDGE_COMPOSITION_ONLY,T193_7b2d6edff2d42d65a40d,PXD060795_DALIAN_PLA_MICRO_NANOPLASTIC_HUMAN_PLASMA_CORONA,Q04695,R4_PXD060795_F2,0.8947368421052632,0.4719189459279614
T193_OUTER_01,"Dalian University of Technology, China",SEQUENCE_RIDGE_COMPOSITION_ONLY,T193_8dabf88f579ee317ec4c,PXD060795_DALIAN_PLA_MICRO_NANOPLASTIC_HUMAN_PLASMA_CORONA,P26038,R4_PXD060795_F2,0.631578947368421,0.5936849621255852
T193_OUTER_01,"Dalian University of Technology, China",SEQUENCE_RIDGE_COMPOSITION_ONLY,T193_90717378e930e32e006b,PXD060795_DALIAN_PLA_MICRO_NANOPLASTIC_HUMAN_PLASMA_CORONA,Q9HDC9,R4_PXD060795_F2,0.5789473684210527,0.4604107972091811
T193_OUTER_01,"Dalian University of Technology, China",SEQUENCE_RIDGE_COMPOSITION_ONLY,T193_96d4b1dd0dc6caa6977d,PXD060795_DALIAN_PLA_MICRO_NANOPLASTIC_HUMAN_PLASMA_CORONA,P04004,R4_PXD060795_F2,0.9473684210526315,0.8937335925231524
T193_OUTER_01,"Dalian University of Technology, China",SEQUENCE_RIDGE_COMPOSITION_ONLY,T193_9794828985e419cc2f73,PXD060795_DALIAN_PLA_MICRO_NANOPLASTIC_HUMAN_PLASMA_CORONA,P07996,R4_PXD060795_F2,0.7894736842105263,0.4657047503461379
T193_OUTER_01,"Dalian University of Technology, China",SEQUENCE_RIDGE_COMPOSITION_ONLY,T193_a8d8b10ca7d81fd17b1b,PXD060795_DALIAN_PLA_MICRO_NANOPLASTIC_HUMAN_PLASMA_CORONA,P05556,R4_PXD060795_F2,0.0,0.33617632025803496
T193_OUTER_01,"Dalian University of Technology, China",SEQUENCE_RIDGE_COMPOSITION_ONLY,T193_0bbb42bf9ad23ba445ec,PXD060795_DALIAN_PLA_MICRO_NANOPLASTIC_HUMAN_PLASMA_CORONA,P05556,R4_PXD060795_F3,0.0,0.33617632025803496
T193_OUTER_01,"Dalian University of Technology, China",SEQUENCE_RIDGE_COMPOSITION_ONLY,T193_12e336936cf163776734,PXD060795_DALIAN_PLA_MICRO_NANOPLASTIC_HUMAN_PLASMA_CORONA,P60174,R4_PXD060795_F3,0.2222222222222222,0.28509107723730354
T193_OUTER_01,"Dalian University of Technology, China",SEQUENCE_RIDGE_COMPOSITION_ONLY,T193_354fa8dce07ce03c9a04,PXD060795_DALIAN_PLA_MICRO_NANOPLASTIC_HUMAN_PLASMA_CORONA,P06396,R4_PXD060795_F3,0.8333333333333334,0.7189132516193252
T193_OUTER_01,"Dalian University of Technology, China",SEQUENCE_RIDGE_COMPOSITION_ONLY,T193_5016a0905e11f2193a84,PXD060795_DALIAN_PLA_MICRO_NANOPLASTIC_HUMAN_PLASMA_CORONA,Q04695,R4_PXD060795_F3,0.8888888888888888,0.4719189459279614
T193_OUTER_01,"Dalian University of Technology, China",SEQUENCE_RIDGE_COMPOSITION_ONLY,T193_5c2efe8ee99928e4d49e,PXD060795_DALIAN_PLA_MICRO_NANOPLASTIC_HUMAN_PLASMA_CORONA,P07996,R4_PXD060795_F3,0.7777777777777778,0.4657047503461379
T193_OUTER_01,"Dalian University of Technology, China",SEQUENCE_RIDGE_COMPOSITION_ONLY,T193_86dcaad59bd76354dc0b,PXD060795_DALIAN_PLA_MICRO_NANOPLASTIC_HUMAN_PLASMA_CORONA,Q9HDC9,R4_PXD060795_F3,0.5555555555555556,0.4604107972091811
T193_OUTER_01,"Dalian University of Technology, China",SEQUENCE_RIDGE_COMPOSITION_ONLY,T193_ccc87c68f1dcbb9a6680,PXD060795_DALIAN_PLA_MICRO_NANOPLASTIC_HUMAN_PLASMA_CORONA,P04004,R4_PXD060795_F3,0.9444444444444444,0.8937335925231524
T193_OUTER_01,"Dalian University of Technology, China",SEQUENCE_RIDGE_COMPOSITION_ONLY,T193_d24763ab2acfc593640a,PXD060795_DALIAN_PLA_MICRO_NANOPLASTIC_HUMAN_PLASMA_CORONA,P04264,R4_PXD060795_F3,1.0,0.7879570855540317
T193_OUTER_01,"Dalian University of Technology, China",SEQUENCE_RIDGE_COMPOSITION_ONLY,T193_d4be630d0ae30afed1d3,PXD060795_DALIAN_PLA_MICRO_NANOPLASTIC_HUMAN_PLASMA_CORONA,P26038,R4_PXD060795_F3,0.6111111111111112,0.5936849621255852
T193_OUTER_01,"Dalian University of Technology, China",SEQUENCE_RIDGE_COMPOSITION_ONLY,T193_02aa4db832a4f6e47e14,PXD060795_DALIAN_PLA_MICRO_NANOPLASTIC_HUMAN_PLASMA_CORONA,P06396,R4_PXD060795_F7,0.9375,0.7189132516193252
T193_OUTER_01,"Dalian University of Technology, China",SEQUENCE_RIDGE_COMPOSITION_ONLY,T193_0833138dddd1b8ae12f5,PXD060795_DALIAN_PLA_MICRO_NANOPLASTIC_HUMAN_PLASMA_CORONA,P26038,R4_PXD060795_F7,0.375,0.5936849621255852
T193_OUTER_01,"Dalian University of Technology, China",SEQUENCE_RIDGE_COMPOSITION_ONLY,T193_11bfad1d1404355bb6bf,PXD060795_DALIAN_PLA_MICRO_NANOPLASTIC_HUMAN_PLASMA_CORONA,P04004,R4_PXD060795_F7,0.875,0.8937335925231524
T193_OUTER_01,"Dalian University of Technology, China",SEQUENCE_RIDGE_COMPOSITION_ONLY,T193_23b13220f1a14b8c4c96,PXD060795_DALIAN_PLA_MICRO_NANOPLASTIC_HUMAN_PLASMA_CORONA,Q04695,R4_PXD060795_F7,0.5625,0.4719189459279614
T193_OUTER_01,"Dalian University of Technology, China",SEQUENCE_RIDGE_COMPOSITION_ONLY,T193_3c9cbd3fcd5a38107c58,PXD060795_DALIAN_PLA_MICRO_NANOPLASTIC_HUMAN_PLASMA_CORONA,P60174,R4_PXD060795_F7,0.3125,0.28509107723730354
T193_OUTER_01,"Dalian University of Technology, China",SEQUENCE_RIDGE_COMPOSITION_ONLY,T193_50c2a80735fc961fc037,PXD060795_DALIAN_PLA_MICRO_NANOPLASTIC_HUMAN_PLASMA_CORONA,P05556,R4_PXD060795_F7,0.0,0.33617632025803496
T193_OUTER_01,"Dalian University of Technology, China",SEQUENCE_RIDGE_COMPOSITION_ONLY,T193_64e9a314e7365945042a,PXD060795_DALIAN_PLA_MICRO_NANOPLASTIC_HUMAN_PLASMA_CORONA,P04264,R4_PXD060795_F7,1.0,0.7879570855540317
T193_OUTER_01,"Dalian University of Technology, China",SEQUENCE_RIDGE_COMPOSITION_ONLY,T193_87ffe32d4a607117505f,PXD060795_DALIAN_PLA_MICRO_NANOPLASTIC_HUMAN_PLASMA_CORONA,P07996,R4_PXD060795_F7,0.75,0.4657047503461379
T193_OUTER_01,"Dalian University of Technology, China",SEQUENCE_RIDGE_COMPOSITION_ONLY,T193_e64ff3ec08b6f13dd8a9,PXD060795_DALIAN_PLA_MICRO_NANOPLASTIC_HUMAN_PLASMA_CORONA,Q9HDC9,R4_PXD060795_F7,0.625,0.4604107972091811
T193_OUTER_01,"Dalian University of Technology, China",SEQUENCE_RIDGE_COMPOSITION_ONLY,T193_07e7439d493565c4d807,PXD060795_DALIAN_PLA_MICRO_NANOPLASTIC_HUMAN_PLASMA_CORONA,P06396,R4_PXD060795_F8,0.9333333333333333,0.7189132516193252
T193_OUTER_01,"Dalian University of Technology, China",SEQUENCE_RIDGE_COMPOSITION_ONLY,T193_1b189b9b934812959cfa,PXD060795_DALIAN_PLA_MICRO_NANOPLASTIC_HUMAN_PLASMA_CORONA,P60174,R4_PXD060795_F8,0.3333333333333333,0.28509107723730354
T193_OUTER_01,"Dalian University of Technology, China",SEQUENCE_RIDGE_COMPOSITION_ONLY,T193_53abc927103db39a71fc,PXD060795_DALIAN_PLA_MICRO_NANOPLASTIC_HUMAN_PLASMA_CORONA,P04004,R4_PXD060795_F8,0.8666666666666667,0.8937335925231524
T193_OUTER_01,"Dalian University of Technology, China",SEQUENCE_RIDGE_COMPOSITION_ONLY,T193_73a3563b7b8f195b94bc,PXD060795_DALIAN_PLA_MICRO_NANOPLASTIC_HUMAN_PLASMA_CORONA,P05556,R4_PXD060795_F8,0.0,0.33617632025803496
T193_OUTER_01,"Dalian University of Technology, China",SEQUENCE_RIDGE_COMPOSITION_ONLY,T193_7f525e278688bc4e7f74,PXD060795_DALIAN_PLA_MICRO_NANOPLASTIC_HUMAN_PLASMA_CORONA,Q04695,R4_PXD060795_F8,0.5333333333333333,0.4719189459279614
T193_OUTER_01,"Dalian University of Technology, China",SEQUENCE_RIDGE_COMPOSITION_ONLY,T193_ac5746b8c7dde5cb6860,PXD060795_DALIAN_PLA_MICRO_NANOPLASTIC_HUMAN_PLASMA_CORONA,P04264,R4_PXD060795_F8,1.0,0.7879570855540317
T193_OUTER_01,"Dalian University of Technology, China",SEQUENCE_RIDGE_COMPOSITION_ONLY,T193_b61034e1a90b2310c46c,PXD060795_DALIAN_PLA_MICRO_NANOPLASTIC_HUMAN_PLASMA_CORONA,Q9HDC9,R4_PXD060795_F8,0.6,0.4604107972091811
T193_OUTER_01,"Dalian University of Technology, China",SEQUENCE_RIDGE_COMPOSITION_ONLY,T193_bfd7f6512fe0cf5a2196,PXD060795_DALIAN_PLA_MICRO_NANOPLASTIC_HUMAN_PLASMA_CORONA,P07996,R4_PXD060795_F8,0.7333333333333333,0.4657047503461379
T193_OUTER_01,"Dalian University of Technology, China",SEQUENCE_RIDGE_COMPOSITION_ONLY,T193_00932266bff6e688d607,PXD060795_DALIAN_PLA_MICRO_NANOPLASTIC_HUMAN_PLASMA_CORONA,P04264,R4_PXD060795_F9,1.0,0.7879570855540317
T193_OUTER_01,"Dalian University of Technology, China",SEQUENCE_RIDGE_COMPOSITION_ONLY,T193_205c54736d4014788422,PXD060795_DALIAN_PLA_MICRO_NANOPLASTIC_HUMAN_PLASMA_CORONA,Q04695,R4_PXD060795_F9,0.5333333333333333,0.4719189459279614
T193_OUTER_01,"Dalian University of Technology, China",SEQUENCE_RIDGE_COMPOSITION_ONLY,T193_495d0e1699e0ce658b40,PXD060795_DALIAN_PLA_MICRO_NANOPLASTIC_HUMAN_PLASMA_CORONA,P05556,R4_PXD060795_F9,0.0,0.33617632025803496
T193_OUTER_01,"Dalian University of Technology, China",SEQUENCE_RIDGE_COMPOSITION_ONLY,T193_5662a539ccdcfc0506d9,PXD060795_DALIAN_PLA_MICRO_NANOPLASTIC_HUMAN_PLASMA_CORONA,Q9HDC9,R4_PXD060795_F9,0.6,0.4604107972091811
T193_OUTER_01,"Dalian University of Technology, China",SEQUENCE_RIDGE_COMPOSITION_ONLY,T193_727ac95f7ca32258aa93,PXD060795_DALIAN_PLA_MICRO_NANOPLASTIC_HUMAN_PLASMA_CORONA,P04004,R4_PXD060795_F9,0.8666666666666667,0.8937335925231524
T193_OUTER_01,"Dalian University of Technology, China",SEQUENCE_RIDGE_COMPOSITION_ONLY,T193_a2982a5a03212d2df6f3,PXD060795_DALIAN_PLA_MICRO_NANOPLASTIC_HUMAN_PLASMA_CORONA,P26038,R4_PXD060795_F9,0.2,0.5936849621255852
T193_OUTER_01,"Dalian University of Technology, China",SEQUENCE_RIDGE_COMPOSITION_ONLY,T193_e5d23407862b694683fd,PXD060795_DALIAN_PLA_MICRO_NANOPLASTIC_HUMAN_PLASMA_CORONA,P07996,R4_PXD060795_F9,0.7333333333333333,0.4657047503461379
T193_OUTER_01,"Dalian University of Technology, China",SEQUENCE_RIDGE_COMPOSITION_ONLY,T193_fb982b2b000ffa41405c,PXD060795_DALIAN_PLA_MICRO_NANOPLASTIC_HUMAN_PLASMA_CORONA,P06396,R4_PXD060795_F9,0.9333333333333333,0.7189132516193252
T193_OUTER_02,University College Dublin / Conway Institute,CONSTANT_TRAINING_MEAN,T193_083eb319b7bb053cc305,PXD064962_UCD_EVENT,Q9HDC9,PT_D1_16,0.5625,0.6377296709696498
T193_OUTER_02,University College Dublin / Conway Institute,CONSTANT_TRAINING_MEAN,T193_4ad7e9564453ddab843a,PXD064962_UCD_EVENT,Q04695,PT_D1_16,0.0625,0.6377296709696498
T193_OUTER_02,University College Dublin / Conway Institute,CONSTANT_TRAINING_MEAN,T193_65a733144a868e026145,PXD064962_UCD_EVENT,Q9HDC9,PT_D1_16,0.75,0.6377296709696498
T193_OUTER_02,University College Dublin / Conway Institute,CONSTANT_TRAINING_MEAN,T193_6ad324641a0137259aa2,PXD064962_UCD_EVENT,P04264,PT_D1_16,0.6875,0.6377296709696498
T193_OUTER_02,University College Dublin / Conway Institute,CONSTANT_TRAINING_MEAN,T193_82eff3452d1fc1dd7bbf,PXD064962_UCD_EVENT,P04004,PT_D1_16,0.9375,0.6377296709696498
T193_OUTER_02,University College Dublin / Conway Institute,CONSTANT_TRAINING_MEAN,T193_84dbef571a9203a38d09,PXD064962_UCD_EVENT,P06396,PT_D1_16,0.875,0.6377296709696498
T193_OUTER_02,University College Dublin / Conway Institute,CONSTANT_TRAINING_MEAN,T193_a83662a33dbf58841517,PXD064962_UCD_EVENT,P26038,PT_D1_16,0.3125,0.6377296709696498
T193_OUTER_02,University College Dublin / Conway Institute,CONSTANT_TRAINING_MEAN,T193_aa92379f9d1b180fc982,PXD064962_UCD_EVENT,P04264,PT_D1_16,0.625,0.6377296709696498
T193_OUTER_02,University College Dublin / Conway Institute,CONSTANT_TRAINING_MEAN,T193_addded00c4bd7e1fd157,PXD064962_UCD_EVENT,Q04695,PT_D1_16,0.0,0.6377296709696498
T193_OUTER_02,University College Dublin / Conway Institute,CONSTANT_TRAINING_MEAN,T193_c821f6a6e7df47543569,PXD064962_UCD_EVENT,P04004,PT_D1_16,1.0,0.6377296709696498
T193_OUTER_02,University College Dublin / Conway Institute,CONSTANT_TRAINING_MEAN,T193_e568a065f61688ec1718,PXD064962_UCD_EVENT,P06396,PT_D1_16,0.8125,0.6377296709696498
T193_OUTER_02,University College Dublin / Conway Institute,CONSTANT_TRAINING_MEAN,T193_eb73c1907ed386e9d3c3,PXD064962_UCD_EVENT,P07996,PT_D1_16,0.25,0.6377296709696498
T193_OUTER_02,University College Dublin / Conway Institute,CONSTANT_TRAINING_MEAN,T193_048c290406639e2320f0,PXD064962_UCD_EVENT,P04004,PT_D1_18,0.75,0.6377296709696498
T193_OUTER_02,University College Dublin / Conway Institute,CONSTANT_TRAINING_MEAN,T193_06c1d053539ffd34fcd9,PXD064962_UCD_EVENT,P06396,PT_D1_18,1.0,0.6377296709696498
T193_OUTER_02,University College Dublin / Conway Institute,CONSTANT_TRAINING_MEAN,T193_1f684e78b0615661fdbf,PXD064962_UCD_EVENT,P04004,PT_D1_18,0.8333333333333334,0.6377296709696498
T193_OUTER_02,University College Dublin / Conway Institute,CONSTANT_TRAINING_MEAN,T193_329cd439c29929bcbafc,PXD064962_UCD_EVENT,Q9HDC9,PT_D1_18,0.08333333333333333,0.6377296709696498
T193_OUTER_02,University College Dublin / Conway Institute,CONSTANT_TRAINING_MEAN,T193_37e8b5795c392d091077,PXD064962_UCD_EVENT,P04264,PT_D1_18,0.5,0.6377296709696498
T193_OUTER_02,University College Dublin / Conway Institute,CONSTANT_TRAINING_MEAN,T193_38430357f7b052884738,PXD064962_UCD_EVENT,P04264,PT_D1_18,0.3333333333333333,0.6377296709696498
T193_OUTER_02,University College Dublin / Conway Institute,CONSTANT_TRAINING_MEAN,T193_77a71e4cbe3b38373147,PXD064962_UCD_EVENT,P06396,PT_D1_18,0.9166666666666666,0.6377296709696498
T193_OUTER_02,University College Dublin / Conway Institute,CONSTANT_TRAINING_MEAN,T193_ab748f95be4664b17477,PXD064962_UCD_EVENT,P26038,PT_D1_18,0.6666666666666666,0.6377296709696498
T193_OUTER_02,University College Dublin / Conway Institute,CONSTANT_TRAINING_MEAN,T193_027b9dcb4556170a14ba,PXD064962_UCD_EVENT,P06396,PT_D1_20,0.7272727272727273,0.6377296709696498
T193_OUTER_02,University College Dublin / Conway Institute,CONSTANT_TRAINING_MEAN,T193_2f36c7f17bcc84d6ff47,PXD064962_UCD_EVENT,Q9HDC9,PT_D1_20,0.2727272727272727,0.6377296709696498
T193_OUTER_02,University College Dublin / Conway Institute,CONSTANT_TRAINING_MEAN,T193_45ec216512be77142c94,PXD064962_UCD_EVENT,P04004,PT_D1_20,0.9090909090909091,0.6377296709696498
T193_OUTER_02,University College Dublin / Conway Institute,CONSTANT_TRAINING_MEAN,T193_659c6b01de9532b5eac3,PXD064962_UCD_EVENT,P06396,PT_D1_20,0.8181818181818182,0.6377296709696498
T193_OUTER_02,University College Dublin / Conway Institute,CONSTANT_TRAINING_MEAN,T193_9791fc2807907b9d51cc,PXD064962_UCD_EVENT,P04264,PT_D1_20,0.6363636363636364,0.6377296709696498
T193_OUTER_02,University College Dublin / Conway Institute,CONSTANT_TRAINING_MEAN,T193_ea732d5a5c52513423ec,PXD064962_UCD_EVENT,P04004,PT_D1_20,1.0,0.6377296709696498
T193_OUTER_02,University College Dublin / Conway Institute,CONSTANT_TRAINING_MEAN,T193_ee2ba8de33ab1e256728,PXD064962_UCD_EVENT,P04264,PT_D1_20,0.5454545454545454,0.6377296709696498
T193_OUTER_02,University College Dublin / Conway Institute,CONSTANT_TRAINING_MEAN,T193_fc202a4383ad4c99b83b,PXD064962_UCD_EVENT,Q9HDC9,PT_D1_20,0.36363636363636365,0.6377296709696498
T193_OUTER_02,University College Dublin / Conway Institute,CONSTANT_TRAINING_MEAN,T193_0130a50adc4b1e1d718b,PXD064962_UCD_EVENT,P06396,PT_D1_23,0.9285714285714286,0.6377296709696498
T193_OUTER_02,University College Dublin / Conway Institute,CONSTANT_TRAINING_MEAN,T193_1489a3fc27ac75c65afd,PXD064962_UCD_EVENT,P05556,PT_D1_23,0.2857142857142857,0.6377296709696498
T193_OUTER_02,University College Dublin / Conway Institute,CONSTANT_TRAINING_MEAN,T193_2dd049d834a1ff2b4e18,PXD064962_UCD_EVENT,Q9HDC9,PT_D1_23,0.35714285714285715,0.6377296709696498
T193_OUTER_02,University College Dublin / Conway Institute,CONSTANT_TRAINING_MEAN,T193_84c7a038c593f5ebce81,PXD064962_UCD_EVENT,Q04695,PT_D1_23,0.0,0.6377296709696498
T193_OUTER_02,University College Dublin / Conway Institute,CONSTANT_TRAINING_MEAN,T193_939c772affe07db09aff,PXD064962_UCD_EVENT,P04264,PT_D1_23,0.7142857142857143,0.6377296709696498
T193_OUTER_02,University College Dublin / Conway Institute,CONSTANT_TRAINING_MEAN,T193_a36f400c9ee4285f2512,PXD064962_UCD_EVENT,P04004,PT_D1_23,0.8571428571428571,0.6377296709696498
T193_OUTER_02,University College Dublin / Conway Institute,CONSTANT_TRAINING_MEAN,T193_bc9fbd589134c72dc41c,PXD064962_UCD_EVENT,P04004,PT_D1_23,0.7857142857142857,0.6377296709696498
T193_OUTER_02,University College Dublin / Conway Institute,CONSTANT_TRAINING_MEAN,T193_d187dc457b76d188aee7,PXD064962_UCD_EVENT,P07996,PT_D1_23,0.14285714285714285,0.6377296709696498
T193_OUTER_02,University College Dublin / Conway Institute,CONSTANT_TRAINING_MEAN,T193_db8b9470bc4725114032,PXD064962_UCD_EVENT,P26038,PT_D1_23,0.5714285714285714,0.6377296709696498
T193_OUTER_02,University College Dublin / Conway Institute,CONSTANT_TRAINING_MEAN,T193_de41f235ead0ebc307c2,PXD064962_UCD_EVENT,Q9HDC9,PT_D1_23,0.42857142857142855,0.6377296709696498
T193_OUTER_02,University College Dublin / Conway Institute,CONSTANT_TRAINING_MEAN,T193_ea18abba69fded6bb663,PXD064962_UCD_EVENT,P04264,PT_D1_23,0.6428571428571429,0.6377296709696498
T193_OUTER_02,University College Dublin / Conway Institute,CONSTANT_TRAINING_MEAN,T193_edd9281fa3141928434a,PXD064962_UCD_EVENT,P26038,PT_D1_23,0.21428571428571427,0.6377296709696498
T193_OUTER_02,University College Dublin / Conway Institute,CONSTANT_TRAINING_MEAN,T193_f53e7dacd98ac471739e,PXD064962_UCD_EVENT,P06396,PT_D1_23,1.0,0.6377296709696498
T193_OUTER_02,University College Dublin / Conway Institute,CONSTANT_TRAINING_MEAN,T193_0601f1af35ff95936b2b,PXD064962_UCD_EVENT,Q9HDC9,PT_D1_33,0.5,0.6377296709696498
T193_OUTER_02,University College Dublin / Conway Institute,CONSTANT_TRAINING_MEAN,T193_0ae2157e946aa227f0a0,PXD064962_UCD_EVENT,P05556,PT_D1_33,0.375,0.6377296709696498
T193_OUTER_02,University College Dublin / Conway Institute,CONSTANT_TRAINING_MEAN,T193_1cf433059d8067ed2486,PXD064962_UCD_EVENT,Q04695,PT_D1_33,0.0,0.6377296709696498
T193_OUTER_02,University College Dublin / Conway Institute,CONSTANT_TRAINING_MEAN,T193_36e7eef0a5c8efa4f821,PXD064962_UCD_EVENT,P04264,PT_D1_33,0.6875,0.6377296709696498
T193_OUTER_02,University College Dublin / Conway Institute,CONSTANT_TRAINING_MEAN,T193_39a374ad5739395a9218,PXD064962_UCD_EVENT,Q9HDC9,PT_D1_33,0.4375,0.6377296709696498
T193_OUTER_02,University College Dublin / Conway Institute,CONSTANT_TRAINING_MEAN,T193_79616e1618edf59ea44b,PXD064962_UCD_EVENT,P07996,PT_D1_33,0.25,0.6377296709696498
T193_OUTER_02,University College Dublin / Conway Institute,CONSTANT_TRAINING_MEAN,T193_863209af188908b965af,PXD064962_UCD_EVENT,P04004,PT_D1_33,0.9375,0.6377296709696498
T193_OUTER_02,University College Dublin / Conway Institute,CONSTANT_TRAINING_MEAN,T193_b1eea59cd6d8e3c4e156,PXD064962_UCD_EVENT,P06396,PT_D1_33,0.875,0.6377296709696498
T193_OUTER_02,University College Dublin / Conway Institute,CONSTANT_TRAINING_MEAN,T193_c9a85882b817fcfe5ca4,PXD064962_UCD_EVENT,P06396,PT_D1_33,1.0,0.6377296709696498
T193_OUTER_02,University College Dublin / Conway Institute,CONSTANT_TRAINING_MEAN,T193_cddb02ef92c83f5c4265,PXD064962_UCD_EVENT,Q04695,PT_D1_33,0.0625,0.6377296709696498
T193_OUTER_02,University College Dublin / Conway Institute,CONSTANT_TRAINING_MEAN,T193_d68cdcad4bb529d25aa6,PXD064962_UCD_EVENT,P26038,PT_D1_33,0.5625,0.6377296709696498
T193_OUTER_02,University College Dublin / Conway Institute,CONSTANT_TRAINING_MEAN,T193_e25ba02dc19d8042f9fd,PXD064962_UCD_EVENT,P04004,PT_D1_33,0.8125,0.6377296709696498
T193_OUTER_02,University College Dublin / Conway Institute,CONSTANT_TRAINING_MEAN,T193_e3f23b0aa2b9d7486719,PXD064962_UCD_EVENT,P04264,PT_D1_33,0.75,0.6377296709696498
T193_OUTER_02,University College Dublin / Conway Institute,CONSTANT_TRAINING_MEAN,T193_f32116f76b42655e9a21,PXD064962_UCD_EVENT,P26038,PT_D1_33,0.625,0.6377296709696498
T193_OUTER_02,University College Dublin / Conway Institute,CONSTANT_TRAINING_MEAN,T193_07f6462e3e634bf197d4,PXD064962_UCD_EVENT,Q9HDC9,PT_D1_34,0.4166666666666667,0.6377296709696498
T193_OUTER_02,University College Dublin / Conway Institute,CONSTANT_TRAINING_MEAN,T193_16c7066b154d57d18b52,PXD064962_UCD_EVENT,P04004,PT_D1_34,0.75,0.6377296709696498
T193_OUTER_02,University College Dublin / Conway Institute,CONSTANT_TRAINING_MEAN,T193_541f7a6b3359f3f5b35f,PXD064962_UCD_EVENT,P04004,PT_D1_34,0.8333333333333334,0.6377296709696498
T193_OUTER_02,University College Dublin / Conway Institute,CONSTANT_TRAINING_MEAN,T193_5dbe88ee86042f4b577c,PXD064962_UCD_EVENT,P07996,PT_D1_34,0.3333333333333333,0.6377296709696498
T193_OUTER_02,University College Dublin / Conway Institute,CONSTANT_TRAINING_MEAN,T193_63efc573be69bd66c65d,PXD064962_UCD_EVENT,P04264,PT_D1_34,0.6666666666666666,0.6377296709696498
T193_OUTER_02,University College Dublin / Conway Institute,CONSTANT_TRAINING_MEAN,T193_785cd8f1a80af79eeb4e,PXD064962_UCD_EVENT,Q9HDC9,PT_D1_34,0.5,0.6377296709696498
T193_OUTER_02,University College Dublin / Conway Institute,CONSTANT_TRAINING_MEAN,T193_8facdeeb105fe2bc5b31,PXD064962_UCD_EVENT,Q04695,PT_D1_34,0.0,0.6377296709696498
T193_OUTER_02,University College Dublin / Conway Institute,CONSTANT_TRAINING_MEAN,T193_b504ea20c19f262060fc,PXD064962_UCD_EVENT,P07996,PT_D1_34,0.25,0.6377296709696498
T193_OUTER_02,University College Dublin / Conway Institute,CONSTANT_TRAINING_MEAN,T193_ca385b304022b1fb8f29,PXD064962_UCD_EVENT,P06396,PT_D1_34,1.0,0.6377296709696498
T193_OUTER_02,University College Dublin / Conway Institute,CONSTANT_TRAINING_MEAN,T193_cd36d808b23ccc68b408,PXD064962_UCD_EVENT,P04264,PT_D1_34,0.5833333333333334,0.6377296709696498
T193_OUTER_02,University College Dublin / Conway Institute,CONSTANT_TRAINING_MEAN,T193_d907a32b6e936ffaadd8,PXD064962_UCD_EVENT,P06396,PT_D1_34,0.9166666666666666,0.6377296709696498
T193_OUTER_02,University College Dublin / Conway Institute,CONSTANT_TRAINING_MEAN,T193_f02955a4dc4e0aa1a6a4,PXD064962_UCD_EVENT,Q04695,PT_D1_34,0.08333333333333333,0.6377296709696498
T193_OUTER_02,University College Dublin / Conway Institute,CONSTANT_TRAINING_MEAN,T193_21d2780981c8a51c5a2f,PXD064962_UCD_EVENT,Q9HDC9,PT_D1_48,0.4117647058823529,0.6377296709696498
T193_OUTER_02,University College Dublin / Conway Institute,CONSTANT_TRAINING_MEAN,T193_232863357e4b3f2496bd,PXD064962_UCD_EVENT,P04004,PT_D1_48,0.8235294117647058,0.6377296709696498
T193_OUTER_02,University College Dublin / Conway Institute,CONSTANT_TRAINING_MEAN,T193_3ba471a9315133123b01,PXD064962_UCD_EVENT,P60174,PT_D1_48,0.47058823529411764,0.6377296709696498
T193_OUTER_02,University College Dublin / Conway Institute,CONSTANT_TRAINING_MEAN,T193_5a176176bdb89e815908,PXD064962_UCD_EVENT,Q04695,PT_D1_48,0.0,0.6377296709696498
T193_OUTER_02,University College Dublin / Conway Institute,CONSTANT_TRAINING_MEAN,T193_5e034639a38d6279ffb5,PXD064962_UCD_EVENT,P04004,PT_D1_48,0.8823529411764706,0.6377296709696498
T193_OUTER_02,University College Dublin / Conway Institute,CONSTANT_TRAINING_MEAN,T193_6636f00b8755899f8e34,PXD064962_UCD_EVENT,P04264,PT_D1_48,0.7058823529411765,0.6377296709696498
T193_OUTER_02,University College Dublin / Conway Institute,CONSTANT_TRAINING_MEAN,T193_698f543263a3564edcf4,PXD064962_UCD_EVENT,P04264,PT_D1_48,0.7647058823529411,0.6377296709696498
T193_OUTER_02,University College Dublin / Conway Institute,CONSTANT_TRAINING_MEAN,T193_82948c36aa46b3a1adc8,PXD064962_UCD_EVENT,P07996,PT_D1_48,0.29411764705882354,0.6377296709696498
T193_OUTER_02,University College Dublin / Conway Institute,CONSTANT_TRAINING_MEAN,T193_8e6e4fdc52d4e2a4a2cc,PXD064962_UCD_EVENT,P60174,PT_D1_48,0.5294117647058824,0.6377296709696498
T193_OUTER_02,University College Dublin / Conway Institute,CONSTANT_TRAINING_MEAN,T193_b9653cc6ad645e05b90e,PXD064962_UCD_EVENT,Q9HDC9,PT_D1_48,0.35294117647058826,0.6377296709696498
T193_OUTER_02,University College Dublin / Conway Institute,CONSTANT_TRAINING_MEAN,T193_bf2a56dc69e58af8108f,PXD064962_UCD_EVENT,Q04695,PT_D1_48,0.058823529411764705,0.6377296709696498
T193_OUTER_02,University College Dublin / Conway Institute,CONSTANT_TRAINING_MEAN,T193_c930c67f785e74dda57a,PXD064962_UCD_EVENT,P06396,PT_D1_48,0.9411764705882353,0.6377296709696498
T193_OUTER_02,University College Dublin / Conway Institute,CONSTANT_TRAINING_MEAN,T193_d3d8297c224643107dcf,PXD064962_UCD_EVENT,P06396,PT_D1_48,1.0,0.6377296709696498
T193_OUTER_02,University College Dublin / Conway Institute,CONSTANT_TRAINING_MEAN,T193_df2a18ff00db68401ebc,PXD064962_UCD_EVENT,P07996,PT_D1_48,0.23529411764705882,0.6377296709696498
T193_OUTER_02,University College Dublin / Conway Institute,CONSTANT_TRAINING_MEAN,T193_2ca5554635daa3b888a7,PXD064962_UCD_EVENT,P07996,PT_D1_51,0.625,0.6377296709696498
T193_OUTER_02,University College Dublin / Conway Institute,CONSTANT_TRAINING_MEAN,T193_316cb3ef8eff0748bbfb,PXD064962_UCD_EVENT,P06396,PT_D1_51,0.9375,0.6377296709696498
T193_OUTER_02,University College Dublin / Conway Institute,CONSTANT_TRAINING_MEAN,T193_4dc26ebe69ecb8d387be,PXD064962_UCD_EVENT,P07996,PT_D1_51,0.5625,0.6377296709696498
T193_OUTER_02,University College Dublin / Conway Institute,CONSTANT_TRAINING_MEAN,T193_556cb7ab65f089e97a48,PXD064962_UCD_EVENT,P04264,PT_D1_51,0.75,0.6377296709696498
T193_OUTER_02,University College Dublin / Conway Institute,CONSTANT_TRAINING_MEAN,T193_67ac67dfb1a30d63c6ad,PXD064962_UCD_EVENT,Q04695,PT_D1_51,0.0625,0.6377296709696498
T193_OUTER_02,University College Dublin / Conway Institute,CONSTANT_TRAINING_MEAN,T193_7182ed061e5535e59d74,PXD064962_UCD_EVENT,P04004,PT_D1_51,0.8125,0.6377296709696498
T193_OUTER_02,University College Dublin / Conway Institute,CONSTANT_TRAINING_MEAN,T193_80c583e4f43465805d1e,PXD064962_UCD_EVENT,P04264,PT_D1_51,0.6875,0.6377296709696498
T193_OUTER_02,University College Dublin / Conway Institute,CONSTANT_TRAINING_MEAN,T193_a1af3f5e242826f3f4da,PXD064962_UCD_EVENT,P06396,PT_D1_51,1.0,0.6377296709696498
T193_OUTER_02,University College Dublin / Conway Institute,CONSTANT_TRAINING_MEAN,T193_a3be8697f6d197c164d3,PXD064962_UCD_EVENT,Q04695,PT_D1_51,0.0,0.6377296709696498
T193_OUTER_02,University College Dublin / Conway Institute,CONSTANT_TRAINING_MEAN,T193_a6b8d852f8219876567e,PXD064962_UCD_EVENT,Q9HDC9,PT_D1_51,0.5,0.6377296709696498
T193_OUTER_02,University College Dublin / Conway Institute,CONSTANT_TRAINING_MEAN,T193_b395d632eb5dc6ba5f26,PXD064962_UCD_EVENT,P26038,PT_D1_51,0.1875,0.6377296709696498
T193_OUTER_02,University College Dublin / Conway Institute,CONSTANT_TRAINING_MEAN,T193_bce2b04d06b92d897821,PXD064962_UCD_EVENT,P04004,PT_D1_51,0.875,0.6377296709696498
T193_OUTER_02,University College Dublin / Conway Institute,CONSTANT_TRAINING_MEAN,T193_d97e70abd820ada12f9e,PXD064962_UCD_EVENT,Q9HDC9,PT_D1_51,0.375,0.6377296709696498
T193_OUTER_02,University College Dublin / Conway Institute,CONSTANT_TRAINING_MEAN,T193_030821b780c44560483c,PXD064962_UCD_EVENT,Q9HDC9,PT_D1_73,0.6,0.6377296709696498
T193_OUTER_02,University College Dublin / Conway Institute,CONSTANT_TRAINING_MEAN,T193_04feae7d60c00929e7de,PXD064962_UCD_EVENT,P04004,PT_D1_73,0.8,0.6377296709696498
T193_OUTER_02,University College Dublin / Conway Institute,CONSTANT_TRAINING_MEAN,T193_06bac4268eacbd2d362d,PXD064962_UCD_EVENT,Q04695,PT_D1_73,0.06666666666666667,0.6377296709696498
T193_OUTER_02,University College Dublin / Conway Institute,CONSTANT_TRAINING_MEAN,T193_0cb4a06cf9d6c90fd441,PXD064962_UCD_EVENT,P07996,PT_D1_73,0.4,0.6377296709696498
T193_OUTER_02,University College Dublin / Conway Institute,CONSTANT_TRAINING_MEAN,T193_1460e61b9e15698da0eb,PXD064962_UCD_EVENT,P04004,PT_D1_73,0.8666666666666667,0.6377296709696498
T193_OUTER_02,University College Dublin / Conway Institute,CONSTANT_TRAINING_MEAN,T193_26ed10647193defb0ec1,PXD064962_UCD_EVENT,P26038,PT_D1_73,0.4666666666666667,0.6377296709696498
T193_OUTER_02,University College Dublin / Conway Institute,CONSTANT_TRAINING_MEAN,T193_3037e1c8ff734e02af7d,PXD064962_UCD_EVENT,P06396,PT_D1_73,1.0,0.6377296709696498
T193_OUTER_02,University College Dublin / Conway Institute,CONSTANT_TRAINING_MEAN,T193_503a97ed722ff0d414ef,PXD064962_UCD_EVENT,Q9HDC9,PT_D1_73,0.5333333333333333,0.6377296709696498
T193_OUTER_02,University College Dublin / Conway Institute,CONSTANT_TRAINING_MEAN,T193_5747f88a752c9ffe5d69,PXD064962_UCD_EVENT,P06396,PT_D1_73,0.9333333333333333,0.6377296709696498
T193_OUTER_02,University College Dublin / Conway Institute,CONSTANT_TRAINING_MEAN,T193_5be17d2a47558bc8d4ef,PXD064962_UCD_EVENT,P04264,PT_D1_73,0.6666666666666666,0.6377296709696498
T193_OUTER_02,University College Dublin / Conway Institute,CONSTANT_TRAINING_MEAN,T193_b6efba80551282df8345,PXD064962_UCD_EVENT,P07996,PT_D1_73,0.3333333333333333,0.6377296709696498
T193_OUTER_02,University College Dublin / Conway Institute,CONSTANT_TRAINING_MEAN,T193_e478e72de2ea14a68bb4,PXD064962_UCD_EVENT,Q04695,PT_D1_73,0.0,0.6377296709696498
T193_OUTER_02,University College Dublin / Conway Institute,CONSTANT_TRAINING_MEAN,T193_fe4ff3122f953d774756,PXD064962_UCD_EVENT,P04264,PT_D1_73,0.7333333333333333,0.6377296709696498
T193_OUTER_02,University College Dublin / Conway Institute,CONSTANT_TRAINING_MEAN,T193_0ad7430a35cfda319545,PXD064962_UCD_EVENT,P07996,PT_D1_81,0.6428571428571429,0.6377296709696498
T193_OUTER_02,University College Dublin / Conway Institute,CONSTANT_TRAINING_MEAN,T193_27c854f1f8a0d438631c,PXD064962_UCD_EVENT,P04004,PT_D1_81,0.7857142857142857,0.6377296709696498
T193_OUTER_02,University College Dublin / Conway Institute,CONSTANT_TRAINING_MEAN,T193_369349099be46f9f72b4,PXD064962_UCD_EVENT,P06396,PT_D1_81,0.9285714285714286,0.6377296709696498
T193_OUTER_02,University College Dublin / Conway Institute,CONSTANT_TRAINING_MEAN,T193_50f21119564d3d8c9beb,PXD064962_UCD_EVENT,P06396,PT_D1_81,1.0,0.6377296709696498
T193_OUTER_02,University College Dublin / Conway Institute,CONSTANT_TRAINING_MEAN,T193_9ea35a9be647ef6b2824,PXD064962_UCD_EVENT,Q9HDC9,PT_D1_81,0.5,0.6377296709696498
T193_OUTER_02,University College Dublin / Conway Institute,CONSTANT_TRAINING_MEAN,T193_ac6c11c9f3c28b51907e,PXD064962_UCD_EVENT,P07996,PT_D1_81,0.7142857142857143,0.6377296709696498
T193_OUTER_02,University College Dublin / Conway Institute,CONSTANT_TRAINING_MEAN,T193_b15acdbf1a8f3b53948b,PXD064962_UCD_EVENT,P04264,PT_D1_81,0.21428571428571427,0.6377296709696498
T193_OUTER_02,University College Dublin / Conway Institute,CONSTANT_TRAINING_MEAN,T193_d41bfcb460c86189d5b4,PXD064962_UCD_EVENT,P04264,PT_D1_81,0.42857142857142855,0.6377296709696498
T193_OUTER_02,University College Dublin / Conway Institute,CONSTANT_TRAINING_MEAN,T193_eebf2bc9f7005a7b5d6c,PXD064962_UCD_EVENT,P04004,PT_D1_81,0.8571428571428571,0.6377296709696498
T193_OUTER_02,University College Dublin / Conway Institute,CONSTANT_TRAINING_MEAN,T193_f7e47e17f7fd676e52d3,PXD064962_UCD_EVENT,Q9HDC9,PT_D1_81,0.2857142857142857,0.6377296709696498
T193_OUTER_02,University College Dublin / Conway Institute,CONSTANT_TRAINING_MEAN,T193_029c68f36f38d63c37a7,PXD064962_UCD_EVENT,P06396,PT_D3_06,0.9285714285714286,0.6377296709696498
T193_OUTER_02,University College Dublin / Conway Institute,CONSTANT_TRAINING_MEAN,T193_09f3e65b9c964100c337,PXD064962_UCD_EVENT,P07996,PT_D3_06,0.21428571428571427,0.6377296709696498
T193_OUTER_02,University College Dublin / Conway Institute,CONSTANT_TRAINING_MEAN,T193_0ea1a7b6b95c9456e85d,PXD064962_UCD_EVENT,Q04695,PT_D3_06,0.07142857142857142,0.6377296709696498
T193_OUTER_02,University College Dublin / Conway Institute,CONSTANT_TRAINING_MEAN,T193_16995eec46496e1ea50d,PXD064962_UCD_EVENT,P04004,PT_D3_06,1.0,0.6377296709696498
T193_OUTER_02,University College Dublin / Conway Institute,CONSTANT_TRAINING_MEAN,T193_26b3d782f8696642df7b,PXD064962_UCD_EVENT,Q9HDC9,PT_D3_06,0.5714285714285714,0.6377296709696498
T193_OUTER_02,University College Dublin / Conway Institute,CONSTANT_TRAINING_MEAN,T193_33818a064ef11625738d,PXD064962_UCD_EVENT,P06396,PT_D3_06,0.8571428571428571,0.6377296709696498
T193_OUTER_02,University College Dublin / Conway Institute,CONSTANT_TRAINING_MEAN,T193_5e01bc87e7a9463a7fd2,PXD064962_UCD_EVENT,Q9HDC9,PT_D3_06,0.5,0.6377296709696498
T193_OUTER_02,University College Dublin / Conway Institute,CONSTANT_TRAINING_MEAN,T193_845ef1595702d7b3c8c0,PXD064962_UCD_EVENT,P07996,PT_D3_06,0.2857142857142857,0.6377296709696498
T193_OUTER_02,University College Dublin / Conway Institute,CONSTANT_TRAINING_MEAN,T193_93f9af12844e98733450,PXD064962_UCD_EVENT,P04004,PT_D3_06,0.7857142857142857,0.6377296709696498
T193_OUTER_02,University College Dublin / Conway Institute,CONSTANT_TRAINING_MEAN,T193_a32d0f1f95e0aca424f1,PXD064962_UCD_EVENT,P04264,PT_D3_06,0.6428571428571429,0.6377296709696498
T193_OUTER_02,University College Dublin / Conway Institute,CONSTANT_TRAINING_MEAN,T193_a63cd03b5803de2b9211,PXD064962_UCD_EVENT,P04264,PT_D3_06,0.7142857142857143,0.6377296709696498
T193_OUTER_02,University College Dublin / Conway Institute,CONSTANT_TRAINING_MEAN,T193_cd38856b9effab33408d,PXD064962_UCD_EVENT,Q04695,PT_D3_06,0.0,0.6377296709696498
T193_OUTER_02,University College Dublin / Conway Institute,CONSTANT_TRAINING_MEAN,T193_06a22f57fd064ace1382,PXD064962_UCD_EVENT,P06396,PT_D3_14,0.9333333333333333,0.6377296709696498
T193_OUTER_02,University College Dublin / Conway Institute,CONSTANT_TRAINING_MEAN,T193_0a369bf3e3c81c0b381d,PXD064962_UCD_EVENT,Q04695,PT_D3_14,0.0,0.6377296709696498
T193_OUTER_02,University College Dublin / Conway Institute,CONSTANT_TRAINING_MEAN,T193_151bb0bfb891e787c315,PXD064962_UCD_EVENT,Q04695,PT_D3_14,0.06666666666666667,0.6377296709696498
T193_OUTER_02,University College Dublin / Conway Institute,CONSTANT_TRAINING_MEAN,T193_1e88d554a594293a9fe2,PXD064962_UCD_EVENT,P07996,PT_D3_14,0.13333333333333333,0.6377296709696498
T193_OUTER_02,University College Dublin / Conway Institute,CONSTANT_TRAINING_MEAN,T193_3dfad86cb89146f9e148,PXD064962_UCD_EVENT,P04264,PT_D3_14,0.7333333333333333,0.6377296709696498
T193_OUTER_02,University College Dublin / Conway Institute,CONSTANT_TRAINING_MEAN,T193_60eadfba79bcf9e11fc7,PXD064962_UCD_EVENT,P04264,PT_D3_14,0.6666666666666666,0.6377296709696498
T193_OUTER_02,University College Dublin / Conway Institute,CONSTANT_TRAINING_MEAN,T193_797a7d369838a3fc6fe7,PXD064962_UCD_EVENT,P06396,PT_D3_14,1.0,0.6377296709696498
T193_OUTER_02,University College Dublin / Conway Institute,CONSTANT_TRAINING_MEAN,T193_a5e622602022f7097c99,PXD064962_UCD_EVENT,P04004,PT_D3_14,0.8,0.6377296709696498
T193_OUTER_02,University College Dublin / Conway Institute,CONSTANT_TRAINING_MEAN,T193_b829d61ac72c19ae69d1,PXD064962_UCD_EVENT,Q9HDC9,PT_D3_14,0.4666666666666667,0.6377296709696498
T193_OUTER_02,University College Dublin / Conway Institute,CONSTANT_TRAINING_MEAN,T193_dfe037f32bf1efd71e8a,PXD064962_UCD_EVENT,P04004,PT_D3_14,0.8666666666666667,0.6377296709696498
T193_OUTER_02,University College Dublin / Conway Institute,CONSTANT_TRAINING_MEAN,T193_edf4cda1d0489db88dac,PXD064962_UCD_EVENT,Q9HDC9,PT_D3_14,0.4,0.6377296709696498
T193_OUTER_02,University College Dublin / Conway Institute,CONSTANT_TRAINING_MEAN,T193_f14610a36a66f2904a04,PXD064962_UCD_EVENT,P07996,PT_D3_14,0.2,0.6377296709696498
T193_OUTER_02,University College Dublin / Conway Institute,CONSTANT_TRAINING_MEAN,T193_064e93a3fae696138584,PXD064962_UCD_EVENT,Q9HDC9,PT_D3_22,0.5,0.6377296709696498
T193_OUTER_02,University College Dublin / Conway Institute,CONSTANT_TRAINING_MEAN,T193_0c6af02c0ca69254a9e9,PXD064962_UCD_EVENT,P07996,PT_D3_22,0.25,0.6377296709696498
T193_OUTER_02,University College Dublin / Conway Institute,CONSTANT_TRAINING_MEAN,T193_45dac6a628671e47c54b,PXD064962_UCD_EVENT,Q04695,PT_D3_22,0.0,0.6377296709696498
T193_OUTER_02,University College Dublin / Conway Institute,CONSTANT_TRAINING_MEAN,T193_5124be6363167b53ae3a,PXD064962_UCD_EVENT,Q9HDC9,PT_D3_22,0.4166666666666667,0.6377296709696498
T193_OUTER_02,University College Dublin / Conway Institute,CONSTANT_TRAINING_MEAN,T193_93d82c8113755f1c1d0c,PXD064962_UCD_EVENT,P06396,PT_D3_22,1.0,0.6377296709696498
T193_OUTER_02,University College Dublin / Conway Institute,CONSTANT_TRAINING_MEAN,T193_c7dea7c080e94367c4d4,PXD064962_UCD_EVENT,P04264,PT_D3_22,0.6666666666666666,0.6377296709696498
T193_OUTER_02,University College Dublin / Conway Institute,CONSTANT_TRAINING_MEAN,T193_d9df71117c998ed3d37d,PXD064962_UCD_EVENT,P04264,PT_D3_22,0.5833333333333334,0.6377296709696498
T193_OUTER_02,University College Dublin / Conway Institute,CONSTANT_TRAINING_MEAN,T193_efbe26ccf80e575a809a,PXD064962_UCD_EVENT,P04004,PT_D3_22,0.8333333333333334,0.6377296709696498
T193_OUTER_02,University College Dublin / Conway Institute,CONSTANT_TRAINING_MEAN,T193_f81210a39098d23e02bc,PXD064962_UCD_EVENT,P06396,PT_D3_22,0.9166666666666666,0.6377296709696498
T193_OUTER_02,University College Dublin / Conway Institute,CONSTANT_TRAINING_MEAN,T193_f9dd3402e83b01fcde3b,PXD064962_UCD_EVENT,P04004,PT_D3_22,0.75,0.6377296709696498
T193_OUTER_02,University College Dublin / Conway Institute,CONSTANT_TRAINING_MEAN,T193_08bfd72ede77a9233ecd,PXD064962_UCD_EVENT,Q04695,PT_D3_28,0.08333333333333333,0.6377296709696498
T193_OUTER_02,University College Dublin / Conway Institute,CONSTANT_TRAINING_MEAN,T193_1a91a83a27a2babdb6f2,PXD064962_UCD_EVENT,Q9HDC9,PT_D3_28,0.25,0.6377296709696498
T193_OUTER_02,University College Dublin / Conway Institute,CONSTANT_TRAINING_MEAN,T193_33cc40b53ee9c124ba08,PXD064962_UCD_EVENT,P06396,PT_D3_28,0.75,0.6377296709696498
T193_OUTER_02,University College Dublin / Conway Institute,CONSTANT_TRAINING_MEAN,T193_396310747f703defdcc6,PXD064962_UCD_EVENT,P06396,PT_D3_28,0.8333333333333334,0.6377296709696498
T193_OUTER_02,University College Dublin / Conway Institute,CONSTANT_TRAINING_MEAN,T193_3d10a6c1f6c52a176792,PXD064962_UCD_EVENT,Q04695,PT_D3_28,0.0,0.6377296709696498
T193_OUTER_02,University College Dublin / Conway Institute,CONSTANT_TRAINING_MEAN,T193_4be086afd22e95a9642e,PXD064962_UCD_EVENT,P04004,PT_D3_28,0.9166666666666666,0.6377296709696498
T193_OUTER_02,University College Dublin / Conway Institute,CONSTANT_TRAINING_MEAN,T193_6741e1c5f69adc22f9c9,PXD064962_UCD_EVENT,P04264,PT_D3_28,0.5833333333333334,0.6377296709696498
T193_OUTER_02,University College Dublin / Conway Institute,CONSTANT_TRAINING_MEAN,T193_68ee68b1e1586602bd28,PXD064962_UCD_EVENT,P04004,PT_D3_28,1.0,0.6377296709696498
T193_OUTER_02,University College Dublin / Conway Institute,CONSTANT_TRAINING_MEAN,T193_6edc23ad42f86009515e,PXD064962_UCD_EVENT,P04264,PT_D3_28,0.6666666666666666,0.6377296709696498
T193_OUTER_02,University College Dublin / Conway Institute,CONSTANT_TRAINING_MEAN,T193_9558bbf4ca5da4f999c5,PXD064962_UCD_EVENT,P26038,PT_D3_28,0.3333333333333333,0.6377296709696498
T193_OUTER_02,University College Dublin / Conway Institute,CONSTANT_TRAINING_MEAN,T193_314aef9402958e15d77e,PXD064962_UCD_EVENT,P04264,PT_D3_30,0.6923076923076923,0.6377296709696498
T193_OUTER_02,University College Dublin / Conway Institute,CONSTANT_TRAINING_MEAN,T193_4436bf51b19eca2901f7,PXD064962_UCD_EVENT,Q04695,PT_D3_30,0.0,0.6377296709696498
T193_OUTER_02,University College Dublin / Conway Institute,CONSTANT_TRAINING_MEAN,T193_5d4ea0e24dd41dc88f43,PXD064962_UCD_EVENT,P26038,PT_D3_30,0.23076923076923078,0.6377296709696498
T193_OUTER_02,University College Dublin / Conway Institute,CONSTANT_TRAINING_MEAN,T193_610b3e662420ac4c1aa1,PXD064962_UCD_EVENT,P06396,PT_D3_30,0.8461538461538461,0.6377296709696498
T193_OUTER_02,University College Dublin / Conway Institute,CONSTANT_TRAINING_MEAN,T193_6356d341fe3a1b21ff72,PXD064962_UCD_EVENT,Q9HDC9,PT_D3_30,0.5384615384615384,0.6377296709696498
T193_OUTER_02,University College Dublin / Conway Institute,CONSTANT_TRAINING_MEAN,T193_7379e61dc58752d31f54,PXD064962_UCD_EVENT,Q04695,PT_D3_30,0.07692307692307693,0.6377296709696498
T193_OUTER_02,University College Dublin / Conway Institute,CONSTANT_TRAINING_MEAN,T193_83d8babb34b020bd2046,PXD064962_UCD_EVENT,P07996,PT_D3_30,0.15384615384615385,0.6377296709696498
T193_OUTER_02,University College Dublin / Conway Institute,CONSTANT_TRAINING_MEAN,T193_8d79ee56596479b6c4f8,PXD064962_UCD_EVENT,P04004,PT_D3_30,0.9230769230769231,0.6377296709696498
T193_OUTER_02,University College Dublin / Conway Institute,CONSTANT_TRAINING_MEAN,T193_9f4c1e037ece4657e420,PXD064962_UCD_EVENT,P04264,PT_D3_30,0.6153846153846154,0.6377296709696498
T193_OUTER_02,University College Dublin / Conway Institute,CONSTANT_TRAINING_MEAN,T193_c8d69f20072021a654e2,PXD064962_UCD_EVENT,P06396,PT_D3_30,1.0,0.6377296709696498
T193_OUTER_02,University College Dublin / Conway Institute,CONSTANT_TRAINING_MEAN,T193_d4c161c08b4be4e48f77,PXD064962_UCD_EVENT,Q9HDC9,PT_D3_30,0.46153846153846156,0.6377296709696498
T193_OUTER_02,University College Dublin / Conway Institute,CONSTANT_TRAINING_MEAN,T193_ecb4521edaa17fc8817f,PXD064962_UCD_EVENT,P04004,PT_D3_30,0.7692307692307693,0.6377296709696498
T193_OUTER_02,University College Dublin / Conway Institute,CONSTANT_TRAINING_MEAN,T193_0683d412095e6d2c19ac,PXD064962_UCD_EVENT,P04004,PT_D3_37,0.7692307692307693,0.6377296709696498
T193_OUTER_02,University College Dublin / Conway Institute,CONSTANT_TRAINING_MEAN,T193_0a66ccec6c383a483c4d,PXD064962_UCD_EVENT,P04264,PT_D3_37,0.6153846153846154,0.6377296709696498
T193_OUTER_02,University College Dublin / Conway Institute,CONSTANT_TRAINING_MEAN,T193_1a10c0f778002b84b1c0,PXD064962_UCD_EVENT,P07996,PT_D3_37,0.38461538461538464,0.6377296709696498
T193_OUTER_02,University College Dublin / Conway Institute,CONSTANT_TRAINING_MEAN,T193_2da4d51aef2ba8324fdf,PXD064962_UCD_EVENT,Q04695,PT_D3_37,0.07692307692307693,0.6377296709696498
T193_OUTER_02,University College Dublin / Conway Institute,CONSTANT_TRAINING_MEAN,T193_368bac623d39e4af2759,PXD064962_UCD_EVENT,P07996,PT_D3_37,0.5384615384615384,0.6377296709696498
T193_OUTER_02,University College Dublin / Conway Institute,CONSTANT_TRAINING_MEAN,T193_51fc541daff12668ba0a,PXD064962_UCD_EVENT,P06396,PT_D3_37,0.9230769230769231,0.6377296709696498
T193_OUTER_02,University College Dublin / Conway Institute,CONSTANT_TRAINING_MEAN,T193_527d2bdc39ded4b656ca,PXD064962_UCD_EVENT,P06396,PT_D3_37,1.0,0.6377296709696498
T193_OUTER_02,University College Dublin / Conway Institute,CONSTANT_TRAINING_MEAN,T193_5b85b720bef8043f180c,PXD064962_UCD_EVENT,Q9HDC9,PT_D3_37,0.3076923076923077,0.6377296709696498
T193_OUTER_02,University College Dublin / Conway Institute,CONSTANT_TRAINING_MEAN,T193_67b049f26faaa99a6714,PXD064962_UCD_EVENT,Q9HDC9,PT_D3_37,0.46153846153846156,0.6377296709696498
T193_OUTER_02,University College Dublin / Conway Institute,CONSTANT_TRAINING_MEAN,T193_6f89b1353b6d59d4e1ab,PXD064962_UCD_EVENT,P04264,PT_D3_37,0.6923076923076923,0.6377296709696498
T193_OUTER_02,University College Dublin / Conway Institute,CONSTANT_TRAINING_MEAN,T193_7fed6db29c50a112e93a,PXD064962_UCD_EVENT,P04004,PT_D3_37,0.8461538461538461,0.6377296709696498
T193_OUTER_02,University College Dublin / Conway Institute,CONSTANT_TRAINING_MEAN,T193_ddb06153d18ae1babc78,PXD064962_UCD_EVENT,Q04695,PT_D3_37,0.0,0.6377296709696498
T193_OUTER_02,University College Dublin / Conway Institute,CONSTANT_TRAINING_MEAN,T193_1dcfebcb579162563a72,PXD064962_UCD_EVENT,P07996,PT_D3_41,0.0,0.6377296709696498
T193_OUTER_02,University College Dublin / Conway Institute,CONSTANT_TRAINING_MEAN,T193_33de5d1fc64ec1db3dfa,PXD064962_UCD_EVENT,Q04695,PT_D3_41,0.7647058823529411,0.6377296709696498
T193_OUTER_02,University College Dublin / Conway Institute,CONSTANT_TRAINING_MEAN,T193_541ed1efaa880849bc05,PXD064962_UCD_EVENT,P04264,PT_D3_41,0.5882352941176471,0.6377296709696498
T193_OUTER_02,University College Dublin / Conway Institute,CONSTANT_TRAINING_MEAN,T193_65840c9406425956cd1b,PXD064962_UCD_EVENT,P04004,PT_D3_41,0.8235294117647058,0.6377296709696498
T193_OUTER_02,University College Dublin / Conway Institute,CONSTANT_TRAINING_MEAN,T193_7cd9e2e228c965a5a15f,PXD064962_UCD_EVENT,Q04695,PT_D3_41,0.7058823529411765,0.6377296709696498
T193_OUTER_02,University College Dublin / Conway Institute,CONSTANT_TRAINING_MEAN,T193_7ebb3376256f89277e15,PXD064962_UCD_EVENT,Q9HDC9,PT_D3_41,0.23529411764705882,0.6377296709696498
T193_OUTER_02,University College Dublin / Conway Institute,CONSTANT_TRAINING_MEAN,T193_7f5e911b1333b519ae36,PXD064962_UCD_EVENT,P04264,PT_D3_41,0.6470588235294118,0.6377296709696498
T193_OUTER_02,University College Dublin / Conway Institute,CONSTANT_TRAINING_MEAN,T193_a2221205a9573a0340f0,PXD064962_UCD_EVENT,Q9HDC9,PT_D3_41,0.11764705882352941,0.6377296709696498
T193_OUTER_02,University College Dublin / Conway Institute,CONSTANT_TRAINING_MEAN,T193_b449fbb379d17e2edb79,PXD064962_UCD_EVENT,P06396,PT_D3_41,0.9411764705882353,0.6377296709696498
T193_OUTER_02,University College Dublin / Conway Institute,CONSTANT_TRAINING_MEAN,T193_c13170f7889d23885b55,PXD064962_UCD_EVENT,P04004,PT_D3_41,0.8823529411764706,0.6377296709696498
T193_OUTER_02,University College Dublin / Conway Institute,CONSTANT_TRAINING_MEAN,T193_c529c05b8be78f3833c6,PXD064962_UCD_EVENT,P06396,PT_D3_41,1.0,0.6377296709696498
T193_OUTER_02,University College Dublin / Conway Institute,CONSTANT_TRAINING_MEAN,T193_049668e1b16ac1935ef2,PXD064962_UCD_EVENT,P06396,PT_D3_42,0.7692307692307693,0.6377296709696498
T193_OUTER_02,University College Dublin / Conway Institute,CONSTANT_TRAINING_MEAN,T193_0525041f90cc4e816489,PXD064962_UCD_EVENT,Q9HDC9,PT_D3_42,0.38461538461538464,0.6377296709696498
T193_OUTER_02,University College Dublin / Conway Institute,CONSTANT_TRAINING_MEAN,T193_2f60e3b470660ccf21c5,PXD064962_UCD_EVENT,P04004,PT_D3_42,0.9230769230769231,0.6377296709696498
T193_OUTER_02,University College Dublin / Conway Institute,CONSTANT_TRAINING_MEAN,T193_32dad8c6b74cd11740ad,PXD064962_UCD_EVENT,P07996,PT_D3_42,0.3076923076923077,0.6377296709696498
T193_OUTER_02,University College Dublin / Conway Institute,CONSTANT_TRAINING_MEAN,T193_39dc179caec8afec02f5,PXD064962_UCD_EVENT,P04264,PT_D3_42,0.6153846153846154,0.6377296709696498
T193_OUTER_02,University College Dublin / Conway Institute,CONSTANT_TRAINING_MEAN,T193_4e1a7bdedc325115f6c9,PXD064962_UCD_EVENT,P07996,PT_D3_42,0.46153846153846156,0.6377296709696498
T193_OUTER_02,University College Dublin / Conway Institute,CONSTANT_TRAINING_MEAN,T193_52c1bf2de5d00c0de981,PXD064962_UCD_EVENT,P04004,PT_D3_42,1.0,0.6377296709696498
T193_OUTER_02,University College Dublin / Conway Institute,CONSTANT_TRAINING_MEAN,T193_67d0bb009f79c6a489ef,PXD064962_UCD_EVENT,Q04695,PT_D3_42,0.0,0.6377296709696498
T193_OUTER_02,University College Dublin / Conway Institute,CONSTANT_TRAINING_MEAN,T193_7130169339dcc4f03d39,PXD064962_UCD_EVENT,P04264,PT_D3_42,0.6923076923076923,0.6377296709696498
T193_OUTER_02,University College Dublin / Conway Institute,CONSTANT_TRAINING_MEAN,T193_8aaec8a38c9edcae6194,PXD064962_UCD_EVENT,P06396,PT_D3_42,0.8461538461538461,0.6377296709696498
T193_OUTER_02,University College Dublin / Conway Institute,CONSTANT_TRAINING_MEAN,T193_a5da8f1d74c136a000eb,PXD064962_UCD_EVENT,Q9HDC9,PT_D3_42,0.5384615384615384,0.6377296709696498
T193_OUTER_02,University College Dublin / Conway Institute,CONSTANT_TRAINING_MEAN,T193_d216af79f7ffcd4cc142,PXD064962_UCD_EVENT,Q04695,PT_D3_42,0.07692307692307693,0.6377296709696498
T193_OUTER_02,University College Dublin / Conway Institute,CONSTANT_TRAINING_MEAN,T193_2f4a83a0ff81b050cc91,PXD064962_UCD_EVENT,P04004,PT_D3_85,0.7272727272727273,0.6377296709696498
T193_OUTER_02,University College Dublin / Conway Institute,CONSTANT_TRAINING_MEAN,T193_3912d5b0b783254a9851,PXD064962_UCD_EVENT,P04004,PT_D3_85,0.8181818181818182,0.6377296709696498
T193_OUTER_02,University College Dublin / Conway Institute,CONSTANT_TRAINING_MEAN,T193_4c3ef0999cf7d6cc0829,PXD064962_UCD_EVENT,Q04695,PT_D3_85,0.09090909090909091,0.6377296709696498
T193_OUTER_02,University College Dublin / Conway Institute,CONSTANT_TRAINING_MEAN,T193_53cfca94da00e505bc60,PXD064962_UCD_EVENT,Q04695,PT_D3_85,0.0,0.6377296709696498
T193_OUTER_02,University College Dublin / Conway Institute,CONSTANT_TRAINING_MEAN,T193_93fae0a49723f47518c7,PXD064962_UCD_EVENT,P04264,PT_D3_85,0.5454545454545454,0.6377296709696498
T193_OUTER_02,University College Dublin / Conway Institute,CONSTANT_TRAINING_MEAN,T193_ab6dfb125cd0d399bcc1,PXD064962_UCD_EVENT,P04264,PT_D3_85,0.6363636363636364,0.6377296709696498
T193_OUTER_02,University College Dublin / Conway Institute,CONSTANT_TRAINING_MEAN,T193_b44b9ca5a96a95b77edd,PXD064962_UCD_EVENT,P06396,PT_D3_85,1.0,0.6377296709696498
T193_OUTER_02,University College Dublin / Conway Institute,CONSTANT_TRAINING_MEAN,T193_bfc40a694f822c8dc126,PXD064962_UCD_EVENT,P06396,PT_D3_85,0.9090909090909091,0.6377296709696498
T193_OUTER_02,University College Dublin / Conway Institute,CONSTANT_TRAINING_MEAN,T193_eb6d1b0c3b5da089a747,PXD064962_UCD_EVENT,Q9HDC9,PT_D3_85,0.45454545454545453,0.6377296709696498
T193_OUTER_02,University College Dublin / Conway Institute,CONSTANT_TRAINING_MEAN,T193_f7344fb6e5d6e7b99aca,PXD064962_UCD_EVENT,Q9HDC9,PT_D3_85,0.2727272727272727,0.6377296709696498
T193_OUTER_02,University College Dublin / Conway Institute,CONSTANT_TRAINING_MEAN,T193_0281eebeb8a988fa794f,PXD064962_UCD_EVENT,P04004,PT_D3_96,0.8571428571428571,0.6377296709696498
T193_OUTER_02,University College Dublin / Conway Institute,CONSTANT_TRAINING_MEAN,T193_0c70beb5807cd25b3cdf,PXD064962_UCD_EVENT,Q04695,PT_D3_96,0.0,0.6377296709696498
T193_OUTER_02,University College Dublin / Conway Institute,CONSTANT_TRAINING_MEAN,T193_301ee65bbde622beb9ac,PXD064962_UCD_EVENT,P04264,PT_D3_96,0.7142857142857143,0.6377296709696498
T193_OUTER_02,University College Dublin / Conway Institute,CONSTANT_TRAINING_MEAN,T193_3ddc4a4d2e15ae2a620b,PXD064962_UCD_EVENT,Q9HDC9,PT_D3_96,0.35714285714285715,0.6377296709696498
T193_OUTER_02,University College Dublin / Conway Institute,CONSTANT_TRAINING_MEAN,T193_5ae956bb18215f254816,PXD064962_UCD_EVENT,P06396,PT_D3_96,1.0,0.6377296709696498
T193_OUTER_02,University College Dublin / Conway Institute,CONSTANT_TRAINING_MEAN,T193_652c67d1e31637188a41,PXD064962_UCD_EVENT,P07996,PT_D3_96,0.5,0.6377296709696498
T193_OUTER_02,University College Dublin / Conway Institute,CONSTANT_TRAINING_MEAN,T193_895bdb41147f7ed5616e,PXD064962_UCD_EVENT,P04004,PT_D3_96,0.7857142857142857,0.6377296709696498
T193_OUTER_02,University College Dublin / Conway Institute,CONSTANT_TRAINING_MEAN,T193_8fffefc7d0c739f9f3f2,PXD064962_UCD_EVENT,Q04695,PT_D3_96,0.07142857142857142,0.6377296709696498
T193_OUTER_02,University College Dublin / Conway Institute,CONSTANT_TRAINING_MEAN,T193_93d4a0fd39d4719c9832,PXD064962_UCD_EVENT,Q9HDC9,PT_D3_96,0.42857142857142855,0.6377296709696498
T193_OUTER_02,University College Dublin / Conway Institute,CONSTANT_TRAINING_MEAN,T193_b1fc73b1f40b3de9fcbc,PXD064962_UCD_EVENT,P07996,PT_D3_96,0.5714285714285714,0.6377296709696498
T193_OUTER_02,University College Dublin / Conway Institute,CONSTANT_TRAINING_MEAN,T193_be3d2255cdd21ccf9f9a,PXD064962_UCD_EVENT,P04264,PT_D3_96,0.6428571428571429,0.6377296709696498
T193_OUTER_02,University College Dublin / Conway Institute,CONSTANT_TRAINING_MEAN,T193_fea1ca23775a46c31e31,PXD064962_UCD_EVENT,P06396,PT_D3_96,0.9285714285714286,0.6377296709696498
T193_OUTER_02,University College Dublin / Conway Institute,CONSTANT_TRAINING_MEAN,T193_29f51fc294b97016ef04,PXD064962_UCD_EVENT,P04004,T_D1_133,0.8666666666666667,0.6377296709696498
T193_OUTER_02,University College Dublin / Conway Institute,CONSTANT_TRAINING_MEAN,T193_4cffc75cc0f036beea46,PXD064962_UCD_EVENT,P06396,T_D1_133,1.0,0.6377296709696498
T193_OUTER_02,University College Dublin / Conway Institute,CONSTANT_TRAINING_MEAN,T193_4fe23d899c67715cfd87,PXD064962_UCD_EVENT,P06396,T_D1_133,0.9333333333333333,0.6377296709696498
T193_OUTER_02,University College Dublin / Conway Institute,CONSTANT_TRAINING_MEAN,T193_54b94c66ca4d94ae0a22,PXD064962_UCD_EVENT,P04264,T_D1_133,0.7333333333333333,0.6377296709696498
T193_OUTER_02,University College Dublin / Conway Institute,CONSTANT_TRAINING_MEAN,T193_a6b3b807e52ca5ffe942,PXD064962_UCD_EVENT,P04004,T_D1_133,0.8,0.6377296709696498
T193_OUTER_02,University College Dublin / Conway Institute,CONSTANT_TRAINING_MEAN,T193_b7a68a528919ca6d92f8,PXD064962_UCD_EVENT,Q9HDC9,T_D1_133,0.6,0.6377296709696498
T193_OUTER_02,University College Dublin / Conway Institute,CONSTANT_TRAINING_MEAN,T193_c2e657dee93ddca76e4c,PXD064962_UCD_EVENT,P04264,T_D1_133,0.6666666666666666,0.6377296709696498
T193_OUTER_02,University College Dublin / Conway Institute,CONSTANT_TRAINING_MEAN,T193_c3e20281ad7426b390a2,PXD064962_UCD_EVENT,P07996,T_D1_133,0.4,0.6377296709696498
T193_OUTER_02,University College Dublin / Conway Institute,CONSTANT_TRAINING_MEAN,T193_d6618261a58e430fb97c,PXD064962_UCD_EVENT,Q04695,T_D1_133,0.06666666666666667,0.6377296709696498
T193_OUTER_02,University College Dublin / Conway Institute,CONSTANT_TRAINING_MEAN,T193_d8a938b7b9baf0acc5fa,PXD064962_UCD_EVENT,P07996,T_D1_133,0.4666666666666667,0.6377296709696498
T193_OUTER_02,University College Dublin / Conway Institute,CONSTANT_TRAINING_MEAN,T193_f39de2277be9743d64d1,PXD064962_UCD_EVENT,Q04695,T_D1_133,0.0,0.6377296709696498
T193_OUTER_02,University College Dublin / Conway Institute,CONSTANT_TRAINING_MEAN,T193_f747ec5025a601b8f377,PXD064962_UCD_EVENT,Q9HDC9,T_D1_133,0.5333333333333333,0.6377296709696498
T193_OUTER_02,University College Dublin / Conway Institute,CONSTANT_TRAINING_MEAN,T193_094d900b578fab4c6403,PXD064962_UCD_EVENT,P04264,T_D1_138,0.6428571428571429,0.6377296709696498
T193_OUTER_02,University College Dublin / Conway Institute,CONSTANT_TRAINING_MEAN,T193_121598300486c0d17a78,PXD064962_UCD_EVENT,P04004,T_D1_138,1.0,0.6377296709696498
T193_OUTER_02,University College Dublin / Conway Institute,CONSTANT_TRAINING_MEAN,T193_513ae0228c8455d26ed9,PXD064962_UCD_EVENT,Q04695,T_D1_138,0.0,0.6377296709696498
T193_OUTER_02,University College Dublin / Conway Institute,CONSTANT_TRAINING_MEAN,T193_544bd240557d42ebbef8,PXD064962_UCD_EVENT,P07996,T_D1_138,0.2857142857142857,0.6377296709696498
T193_OUTER_02,University College Dublin / Conway Institute,CONSTANT_TRAINING_MEAN,T193_589beb83e6ecddf3e7fd,PXD064962_UCD_EVENT,P04264,T_D1_138,0.7142857142857143,0.6377296709696498
T193_OUTER_02,University College Dublin / Conway Institute,CONSTANT_TRAINING_MEAN,T193_7f587094bd3ca9b2dce4,PXD064962_UCD_EVENT,Q9HDC9,T_D1_138,0.5714285714285714,0.6377296709696498
T193_OUTER_02,University College Dublin / Conway Institute,CONSTANT_TRAINING_MEAN,T193_83901fb4ad9b3bc412ad,PXD064962_UCD_EVENT,P06396,T_D1_138,0.8571428571428571,0.6377296709696498
T193_OUTER_02,University College Dublin / Conway Institute,CONSTANT_TRAINING_MEAN,T193_8d76bbffcb0ada538737,PXD064962_UCD_EVENT,Q9HDC9,T_D1_138,0.5,0.6377296709696498
T193_OUTER_02,University College Dublin / Conway Institute,CONSTANT_TRAINING_MEAN,T193_8eaa99b9d79da3ea42e5,PXD064962_UCD_EVENT,P06396,T_D1_138,0.7857142857142857,0.6377296709696498
T193_OUTER_02,University College Dublin / Conway Institute,CONSTANT_TRAINING_MEAN,T193_bd28cd0dbc081879fefe,PXD064962_UCD_EVENT,P04004,T_D1_138,0.9285714285714286,0.6377296709696498
T193_OUTER_02,University College Dublin / Conway Institute,CONSTANT_TRAINING_MEAN,T193_c2512763d4d23af18a6e,PXD064962_UCD_EVENT,Q04695,T_D1_138,0.07142857142857142,0.6377296709696498
T193_OUTER_02,University College Dublin / Conway Institute,CONSTANT_TRAINING_MEAN,T193_0bcbfcec395a09b42b2b,PXD064962_UCD_EVENT,Q04695,T_D1_165,0.0,0.6377296709696498
T193_OUTER_02,University College Dublin / Conway Institute,CONSTANT_TRAINING_MEAN,T193_15be752bf3a9ac62c093,PXD064962_UCD_EVENT,Q04695,T_D1_165,0.07142857142857142,0.6377296709696498
T193_OUTER_02,University College Dublin / Conway Institute,CONSTANT_TRAINING_MEAN,T193_2c5c54cba7b03ff0c8f7,PXD064962_UCD_EVENT,Q9HDC9,T_D1_165,0.42857142857142855,0.6377296709696498
T193_OUTER_02,University College Dublin / Conway Institute,CONSTANT_TRAINING_MEAN,T193_32aa38c50fafb5cc09d6,PXD064962_UCD_EVENT,P06396,T_D1_165,0.9285714285714286,0.6377296709696498
T193_OUTER_02,University College Dublin / Conway Institute,CONSTANT_TRAINING_MEAN,T193_35db59f67fa69c770767,PXD064962_UCD_EVENT,P06396,T_D1_165,1.0,0.6377296709696498
T193_OUTER_02,University College Dublin / Conway Institute,CONSTANT_TRAINING_MEAN,T193_3f1462d8894b4b16b890,PXD064962_UCD_EVENT,P04004,T_D1_165,0.8571428571428571,0.6377296709696498
T193_OUTER_02,University College Dublin / Conway Institute,CONSTANT_TRAINING_MEAN,T193_487fda41acb5404b4dbd,PXD064962_UCD_EVENT,P07996,T_D1_165,0.5714285714285714,0.6377296709696498
T193_OUTER_02,University College Dublin / Conway Institute,CONSTANT_TRAINING_MEAN,T193_77e30d3b5bc3f02debb6,PXD064962_UCD_EVENT,P04264,T_D1_165,0.7142857142857143,0.6377296709696498
T193_OUTER_02,University College Dublin / Conway Institute,CONSTANT_TRAINING_MEAN,T193_8514d0e8f00d1539b9fd,PXD064962_UCD_EVENT,P04004,T_D1_165,0.7857142857142857,0.6377296709696498
T193_OUTER_02,University College Dublin / Conway Institute,CONSTANT_TRAINING_MEAN,T193_c42f556ddbfb3ab94d20,PXD064962_UCD_EVENT,P07996,T_D1_165,0.5,0.6377296709696498
T193_OUTER_02,University College Dublin / Conway Institute,CONSTANT_TRAINING_MEAN,T193_da87f24705d8a07718bd,PXD064962_UCD_EVENT,Q9HDC9,T_D1_165,0.35714285714285715,0.6377296709696498
T193_OUTER_02,University College Dublin / Conway Institute,CONSTANT_TRAINING_MEAN,T193_e8f982121ca6993ec86e,PXD064962_UCD_EVENT,P04264,T_D1_165,0.6428571428571429,0.6377296709696498
T193_OUTER_02,University College Dublin / Conway Institute,CONSTANT_TRAINING_MEAN,T193_06f9cacd7e2d3c69d407,PXD064962_UCD_EVENT,P04264,T_D1_173,0.5,0.6377296709696498
T193_OUTER_02,University College Dublin / Conway Institute,CONSTANT_TRAINING_MEAN,T193_1365cef30e94999c9e4d,PXD064962_UCD_EVENT,Q9HDC9,T_D1_173,0.42857142857142855,0.6377296709696498
T193_OUTER_02,University College Dublin / Conway Institute,CONSTANT_TRAINING_MEAN,T193_35e7df6290d3929d4652,PXD064962_UCD_EVENT,Q9HDC9,T_D1_173,0.35714285714285715,0.6377296709696498
T193_OUTER_02,University College Dublin / Conway Institute,CONSTANT_TRAINING_MEAN,T193_60d0b9917b28cb6fde21,PXD064962_UCD_EVENT,P06396,T_D1_173,0.7857142857142857,0.6377296709696498
T193_OUTER_02,University College Dublin / Conway Institute,CONSTANT_TRAINING_MEAN,T193_888ce51e6de930d23c37,PXD064962_UCD_EVENT,P04004,T_D1_173,1.0,0.6377296709696498
T193_OUTER_02,University College Dublin / Conway Institute,CONSTANT_TRAINING_MEAN,T193_b0ad186b148592584c7b,PXD064962_UCD_EVENT,Q04695,T_D1_173,0.0,0.6377296709696498
T193_OUTER_02,University College Dublin / Conway Institute,CONSTANT_TRAINING_MEAN,T193_b16c6d11ef45cb11917c,PXD064962_UCD_EVENT,P06396,T_D1_173,0.9285714285714286,0.6377296709696498
T193_OUTER_02,University College Dublin / Conway Institute,CONSTANT_TRAINING_MEAN,T193_b19697a57e659cc541ae,PXD064962_UCD_EVENT,P07996,T_D1_173,0.6428571428571429,0.6377296709696498
T193_OUTER_02,University College Dublin / Conway Institute,CONSTANT_TRAINING_MEAN,T193_ca31331cedd9859e0c2f,PXD064962_UCD_EVENT,P07996,T_D1_173,0.7142857142857143,0.6377296709696498
T193_OUTER_02,University College Dublin / Conway Institute,CONSTANT_TRAINING_MEAN,T193_cae5fd048af2f2d86135,PXD064962_UCD_EVENT,P04004,T_D1_173,0.8571428571428571,0.6377296709696498
T193_OUTER_02,University College Dublin / Conway Institute,CONSTANT_TRAINING_MEAN,T193_d828383448845983129d,PXD064962_UCD_EVENT,P04264,T_D1_173,0.5714285714285714,0.6377296709696498
T193_OUTER_02,University College Dublin / Conway Institute,CONSTANT_TRAINING_MEAN,T193_07d7485a752b58433420,PXD064962_UCD_EVENT,Q9HDC9,T_D1_186,0.5384615384615384,0.6377296709696498
T193_OUTER_02,University College Dublin / Conway Institute,CONSTANT_TRAINING_MEAN,T193_17ea6306b90ee542a7fb,PXD064962_UCD_EVENT,P04004,T_D1_186,0.9230769230769231,0.6377296709696498
T193_OUTER_02,University College Dublin / Conway Institute,CONSTANT_TRAINING_MEAN,T193_29c57de747ddb3e0902c,PXD064962_UCD_EVENT,Q04695,T_D1_186,0.07692307692307693,0.6377296709696498
T193_OUTER_02,University College Dublin / Conway Institute,CONSTANT_TRAINING_MEAN,T193_300a2ee25a111ac03a8e,PXD064962_UCD_EVENT,P06396,T_D1_186,0.8461538461538461,0.6377296709696498
T193_OUTER_02,University College Dublin / Conway Institute,CONSTANT_TRAINING_MEAN,T193_31d3b9aabcd3432b42a9,PXD064962_UCD_EVENT,P04264,T_D1_186,0.6923076923076923,0.6377296709696498
T193_OUTER_02,University College Dublin / Conway Institute,CONSTANT_TRAINING_MEAN,T193_3c6d7f1bac9e8e93e487,PXD064962_UCD_EVENT,P04004,T_D1_186,1.0,0.6377296709696498
T193_OUTER_02,University College Dublin / Conway Institute,CONSTANT_TRAINING_MEAN,T193_50b8d719fd4eca9a061a,PXD064962_UCD_EVENT,P07996,T_D1_186,0.38461538461538464,0.6377296709696498
T193_OUTER_02,University College Dublin / Conway Institute,CONSTANT_TRAINING_MEAN,T193_54df08d11c3469b5c12d,PXD064962_UCD_EVENT,P26038,T_D1_186,0.15384615384615385,0.6377296709696498
T193_OUTER_02,University College Dublin / Conway Institute,CONSTANT_TRAINING_MEAN,T193_6ac1b9f9ea5ea470fe6b,PXD064962_UCD_EVENT,Q04695,T_D1_186,0.0,0.6377296709696498
T193_OUTER_02,University College Dublin / Conway Institute,CONSTANT_TRAINING_MEAN,T193_872f62b6e255aaaccba7,PXD064962_UCD_EVENT,P07996,T_D1_186,0.3076923076923077,0.6377296709696498
T193_OUTER_02,University College Dublin / Conway Institute,CONSTANT_TRAINING_MEAN,T193_a5a9bdb2fd33cb21e200,PXD064962_UCD_EVENT,Q9HDC9,T_D1_186,0.46153846153846156,0.6377296709696498
T193_OUTER_02,University College Dublin / Conway Institute,CONSTANT_TRAINING_MEAN,T193_c41b1fac9a413f12e7f3,PXD064962_UCD_EVENT,P04264,T_D1_186,0.6153846153846154,0.6377296709696498
T193_OUTER_02,University College Dublin / Conway Institute,CONSTANT_TRAINING_MEAN,T193_e12e272fb87708a9db87,PXD064962_UCD_EVENT,P06396,T_D1_186,0.7692307692307693,0.6377296709696498
T193_OUTER_02,University College Dublin / Conway Institute,CONSTANT_TRAINING_MEAN,T193_139a790d857b5d5573df,PXD064962_UCD_EVENT,P04004,T_D3_119a,0.8461538461538461,0.6377296709696498
T193_OUTER_02,University College Dublin / Conway Institute,CONSTANT_TRAINING_MEAN,T193_2f6ce25c2c5fe843b0d3,PXD064962_UCD_EVENT,P04264,T_D3_119a,0.6153846153846154,0.6377296709696498
T193_OUTER_02,University College Dublin / Conway Institute,CONSTANT_TRAINING_MEAN,T193_408a5ff3731ef7dd7099,PXD064962_UCD_EVENT,P07996,T_D3_119a,0.3076923076923077,0.6377296709696498
T193_OUTER_02,University College Dublin / Conway Institute,CONSTANT_TRAINING_MEAN,T193_52e55897ed9e1326ddcb,PXD064962_UCD_EVENT,P04004,T_D3_119a,0.7692307692307693,0.6377296709696498
T193_OUTER_02,University College Dublin / Conway Institute,CONSTANT_TRAINING_MEAN,T193_6161a3617ea4ffac2d01,PXD064962_UCD_EVENT,P26038,T_D3_119a,0.15384615384615385,0.6377296709696498
T193_OUTER_02,University College Dublin / Conway Institute,CONSTANT_TRAINING_MEAN,T193_7b4cf936986c5e3eb99c,PXD064962_UCD_EVENT,P07996,T_D3_119a,0.38461538461538464,0.6377296709696498
T193_OUTER_02,University College Dublin / Conway Institute,CONSTANT_TRAINING_MEAN,T193_7f5455e8204f8239978a,PXD064962_UCD_EVENT,P04264,T_D3_119a,0.6923076923076923,0.6377296709696498
T193_OUTER_02,University College Dublin / Conway Institute,CONSTANT_TRAINING_MEAN,T193_9276f3ddeba120080249,PXD064962_UCD_EVENT,Q04695,T_D3_119a,0.07692307692307693,0.6377296709696498
T193_OUTER_02,University College Dublin / Conway Institute,CONSTANT_TRAINING_MEAN,T193_c6e2509e3d2ae287ad1f,PXD064962_UCD_EVENT,Q04695,T_D3_119a,0.0,0.6377296709696498
T193_OUTER_02,University College Dublin / Conway Institute,CONSTANT_TRAINING_MEAN,T193_c7020e4ccd08bb873ce4,PXD064962_UCD_EVENT,Q9HDC9,T_D3_119a,0.46153846153846156,0.6377296709696498
T193_OUTER_02,University College Dublin / Conway Institute,CONSTANT_TRAINING_MEAN,T193_dffb357443329c8966c4,PXD064962_UCD_EVENT,P06396,T_D3_119a,1.0,0.6377296709696498
T193_OUTER_02,University College Dublin / Conway Institute,CONSTANT_TRAINING_MEAN,T193_e759eb380236624d8cb4,PXD064962_UCD_EVENT,P06396,T_D3_119a,0.9230769230769231,0.6377296709696498
T193_OUTER_02,University College Dublin / Conway Institute,CONSTANT_TRAINING_MEAN,T193_eecd3b8e0f5074ec5225,PXD064962_UCD_EVENT,Q9HDC9,T_D3_119a,0.5384615384615384,0.6377296709696498
T193_OUTER_02,University College Dublin / Conway Institute,CONSTANT_TRAINING_MEAN,T193_110350075c7264344593,PXD064962_UCD_EVENT,Q04695,T_D3_119b,0.06666666666666667,0.6377296709696498
T193_OUTER_02,University College Dublin / Conway Institute,CONSTANT_TRAINING_MEAN,T193_19e8172e5937f14ce005,PXD064962_UCD_EVENT,P26038,T_D3_119b,0.2,0.6377296709696498
T193_OUTER_02,University College Dublin / Conway Institute,CONSTANT_TRAINING_MEAN,T193_36872fa65896bd42b0ad,PXD064962_UCD_EVENT,Q04695,T_D3_119b,0.0,0.6377296709696498
T193_OUTER_02,University College Dublin / Conway Institute,CONSTANT_TRAINING_MEAN,T193_3a9a8a6cbcb51fb08b79,PXD064962_UCD_EVENT,P04004,T_D3_119b,0.8,0.6377296709696498
T193_OUTER_02,University College Dublin / Conway Institute,CONSTANT_TRAINING_MEAN,T193_545192aea32b96cf3d95,PXD064962_UCD_EVENT,P04264,T_D3_119b,0.6666666666666666,0.6377296709696498
T193_OUTER_02,University College Dublin / Conway Institute,CONSTANT_TRAINING_MEAN,T193_5c9dc2e66fa463a8055f,PXD064962_UCD_EVENT,P07996,T_D3_119b,0.4,0.6377296709696498
T193_OUTER_02,University College Dublin / Conway Institute,CONSTANT_TRAINING_MEAN,T193_7f8e8f61b88a2d367d87,PXD064962_UCD_EVENT,P04004,T_D3_119b,0.8666666666666667,0.6377296709696498
T193_OUTER_02,University College Dublin / Conway Institute,CONSTANT_TRAINING_MEAN,T193_937c0062cf7d510e632a,PXD064962_UCD_EVENT,P04264,T_D3_119b,0.7333333333333333,0.6377296709696498
T193_OUTER_02,University College Dublin / Conway Institute,CONSTANT_TRAINING_MEAN,T193_c3d5ea2528bbc1886b26,PXD064962_UCD_EVENT,P06396,T_D3_119b,0.9333333333333333,0.6377296709696498
T193_OUTER_02,University College Dublin / Conway Institute,CONSTANT_TRAINING_MEAN,T193_d61f5ce027e92c9f836d,PXD064962_UCD_EVENT,Q9HDC9,T_D3_119b,0.6,0.6377296709696498
T193_OUTER_02,University College Dublin / Conway Institute,CONSTANT_TRAINING_MEAN,T193_d9a5cc740e63f8ec1292,PXD064962_UCD_EVENT,P07996,T_D3_119b,0.4666666666666667,0.6377296709696498
T193_OUTER_02,University College Dublin / Conway Institute,CONSTANT_TRAINING_MEAN,T193_dae72e896410dad674e9,PXD064962_UCD_EVENT,P06396,T_D3_119b,1.0,0.6377296709696498
T193_OUTER_02,University College Dublin / Conway Institute,CONSTANT_TRAINING_MEAN,T193_db24be8f277954b1bfe6,PXD064962_UCD_EVENT,Q9HDC9,T_D3_119b,0.5333333333333333,0.6377296709696498
T193_OUTER_02,University College Dublin / Conway Institute,CONSTANT_TRAINING_MEAN,T193_16006bbfa6117030f455,PXD064962_UCD_EVENT,Q9HDC9,T_D3_155,0.36363636363636365,0.6377296709696498
T193_OUTER_02,University College Dublin / Conway Institute,CONSTANT_TRAINING_MEAN,T193_56b395e1e60e548ee53c,PXD064962_UCD_EVENT,P07996,T_D3_155,0.09090909090909091,0.6377296709696498
T193_OUTER_02,University College Dublin / Conway Institute,CONSTANT_TRAINING_MEAN,T193_6c0aed55887b8ccf403c,PXD064962_UCD_EVENT,P06396,T_D3_155,1.0,0.6377296709696498
T193_OUTER_02,University College Dublin / Conway Institute,CONSTANT_TRAINING_MEAN,T193_7a485ad5cf5ad290505f,PXD064962_UCD_EVENT,P04264,T_D3_155,0.2727272727272727,0.6377296709696498
T193_OUTER_02,University College Dublin / Conway Institute,CONSTANT_TRAINING_MEAN,T193_ab87a247cc436ced7a88,PXD064962_UCD_EVENT,P04004,T_D3_155,0.7272727272727273,0.6377296709696498
T193_OUTER_02,University College Dublin / Conway Institute,CONSTANT_TRAINING_MEAN,T193_c2ee45b0c0cc7ef90b17,PXD064962_UCD_EVENT,P07996,T_D3_155,0.0,0.6377296709696498
T193_OUTER_02,University College Dublin / Conway Institute,CONSTANT_TRAINING_MEAN,T193_dbdbbd59b151d76568f3,PXD064962_UCD_EVENT,P06396,T_D3_155,0.9090909090909091,0.6377296709696498
T193_OUTER_02,University College Dublin / Conway Institute,CONSTANT_TRAINING_MEAN,T193_df1674428e07a6550e38,PXD064962_UCD_EVENT,P04264,T_D3_155,0.6363636363636364,0.6377296709696498
T193_OUTER_02,University College Dublin / Conway Institute,CONSTANT_TRAINING_MEAN,T193_ee1d76866ab58db11ee5,PXD064962_UCD_EVENT,Q9HDC9,T_D3_155,0.5454545454545454,0.6377296709696498
T193_OUTER_02,University College Dublin / Conway Institute,CONSTANT_TRAINING_MEAN,T193_f4e19cdb66e4da6cbc6b,PXD064962_UCD_EVENT,P04004,T_D3_155,0.8181818181818182,0.6377296709696498
T193_OUTER_02,University College Dublin / Conway Institute,CONSTANT_TRAINING_MEAN,T193_0553347ddab0a26f6284,PXD064962_UCD_EVENT,Q04695,T_D3_178,0.07142857142857142,0.6377296709696498
T193_OUTER_02,University College Dublin / Conway Institute,CONSTANT_TRAINING_MEAN,T193_284acfab733ae02771d6,PXD064962_UCD_EVENT,Q04695,T_D3_178,0.0,0.6377296709696498
T193_OUTER_02,University College Dublin / Conway Institute,CONSTANT_TRAINING_MEAN,T193_56b6dc89d160263a0898,PXD064962_UCD_EVENT,P06396,T_D3_178,0.9285714285714286,0.6377296709696498
T193_OUTER_02,University College Dublin / Conway Institute,CONSTANT_TRAINING_MEAN,T193_68539d1086aa97894300,PXD064962_UCD_EVENT,P07996,T_D3_178,0.5,0.6377296709696498
T193_OUTER_02,University College Dublin / Conway Institute,CONSTANT_TRAINING_MEAN,T193_6a5bd00c0ae8c55564c6,PXD064962_UCD_EVENT,Q9HDC9,T_D3_178,0.35714285714285715,0.6377296709696498
T193_OUTER_02,University College Dublin / Conway Institute,CONSTANT_TRAINING_MEAN,T193_6f9e46f705a25b010f6c,PXD064962_UCD_EVENT,P07996,T_D3_178,0.5714285714285714,0.6377296709696498
T193_OUTER_02,University College Dublin / Conway Institute,CONSTANT_TRAINING_MEAN,T193_742e097366ea78aef9b1,PXD064962_UCD_EVENT,Q9HDC9,T_D3_178,0.42857142857142855,0.6377296709696498
T193_OUTER_02,University College Dublin / Conway Institute,CONSTANT_TRAINING_MEAN,T193_ae36f748cf29ac3cc353,PXD064962_UCD_EVENT,P04004,T_D3_178,0.8571428571428571,0.6377296709696498
T193_OUTER_02,University College Dublin / Conway Institute,CONSTANT_TRAINING_MEAN,T193_b61fa85f97a38b032462,PXD064962_UCD_EVENT,P04004,T_D3_178,0.7857142857142857,0.6377296709696498
T193_OUTER_02,University College Dublin / Conway Institute,CONSTANT_TRAINING_MEAN,T193_b87ac41d4e0d494c93b3,PXD064962_UCD_EVENT,P04264,T_D3_178,0.6428571428571429,0.6377296709696498
T193_OUTER_02,University College Dublin / Conway Institute,CONSTANT_TRAINING_MEAN,T193_eb451122bdfd09f32628,PXD064962_UCD_EVENT,P04264,T_D3_178,0.7142857142857143,0.6377296709696498
T193_OUTER_02,University College Dublin / Conway Institute,CONSTANT_TRAINING_MEAN,T193_f0d06c178a3979655510,PXD064962_UCD_EVENT,P06396,T_D3_178,1.0,0.6377296709696498
T193_OUTER_02,University College Dublin / Conway Institute,CONSTANT_TRAINING_MEAN,T193_277fed86c60dec182c44,PXD064962_UCD_EVENT,P04004,T_D3_198,0.7916666666666666,0.6377296709696498
T193_OUTER_02,University College Dublin / Conway Institute,CONSTANT_TRAINING_MEAN,T193_2c049be292281bee895b,PXD064962_UCD_EVENT,P06396,T_D3_198,0.9166666666666666,0.6377296709696498
T193_OUTER_02,University College Dublin / Conway Institute,CONSTANT_TRAINING_MEAN,T193_409455a9329dd3af0c08,PXD064962_UCD_EVENT,P04264,T_D3_198,0.75,0.6377296709696498
T193_OUTER_02,University College Dublin / Conway Institute,CONSTANT_TRAINING_MEAN,T193_40fea312d5f4a9b6044b,PXD064962_UCD_EVENT,P04004,T_D3_198,0.8333333333333334,0.6377296709696498
T193_OUTER_02,University College Dublin / Conway Institute,CONSTANT_TRAINING_MEAN,T193_43cf2ad4945f233403f9,PXD064962_UCD_EVENT,Q04695,T_D3_198,0.9583333333333334,0.6377296709696498
T193_OUTER_02,University College Dublin / Conway Institute,CONSTANT_TRAINING_MEAN,T193_46e8e4a56e048ed09415,PXD064962_UCD_EVENT,Q04695,T_D3_198,1.0,0.6377296709696498
T193_OUTER_02,University College Dublin / Conway Institute,CONSTANT_TRAINING_MEAN,T193_4e9d5a2b8c490874f558,PXD064962_UCD_EVENT,Q9HDC9,T_D3_198,0.16666666666666666,0.6377296709696498
T193_OUTER_02,University College Dublin / Conway Institute,CONSTANT_TRAINING_MEAN,T193_674c90b08b8b2e280075,PXD064962_UCD_EVENT,P26038,T_D3_198,0.041666666666666664,0.6377296709696498
T193_OUTER_02,University College Dublin / Conway Institute,CONSTANT_TRAINING_MEAN,T193_7492f5d971da580005cb,PXD064962_UCD_EVENT,P06396,T_D3_198,0.875,0.6377296709696498
T193_OUTER_02,University College Dublin / Conway Institute,CONSTANT_TRAINING_MEAN,T193_8a5854e9055bbe26604e,PXD064962_UCD_EVENT,P26038,T_D3_198,0.25,0.6377296709696498
T193_OUTER_02,University College Dublin / Conway Institute,CONSTANT_TRAINING_MEAN,T193_a6649aaa9185c14350db,PXD064962_UCD_EVENT,Q9HDC9,T_D3_198,0.20833333333333334,0.6377296709696498
T193_OUTER_02,University College Dublin / Conway Institute,CONSTANT_TRAINING_MEAN,T193_b5541be1043fe0403712,PXD064962_UCD_EVENT,P07996,T_D3_198,0.4583333333333333,0.6377296709696498
T193_OUTER_02,University College Dublin / Conway Institute,CONSTANT_TRAINING_MEAN,T193_c3e5049407a78d9eb49d,PXD064962_UCD_EVENT,P04264,T_D3_198,0.7083333333333334,0.6377296709696498
T193_OUTER_02,University College Dublin / Conway Institute,CONSTANT_TRAINING_MEAN,T193_eade50fc1b6873cdf424,PXD064962_UCD_EVENT,P60174,T_D3_198,0.3333333333333333,0.6377296709696498
T193_OUTER_02,University College Dublin / Conway Institute,CONSTANT_TRAINING_MEAN,T193_f1381f3d5761c8138337,PXD064962_UCD_EVENT,P07996,T_D3_198,0.125,0.6377296709696498
T193_OUTER_02,University College Dublin / Conway Institute,CONSTANT_TRAINING_MEAN,T193_f2093b2bfa0393a46ada,PXD064962_UCD_EVENT,P60174,T_D3_198,0.375,0.6377296709696498
T193_OUTER_02,University College Dublin / Conway Institute,SEQUENCE_RIDGE_FULL,T193_083eb319b7bb053cc305,PXD064962_UCD_EVENT,Q9HDC9,PT_D1_16,0.5625,0.4762048471777366
T193_OUTER_02,University College Dublin / Conway Institute,SEQUENCE_RIDGE_FULL,T193_4ad7e9564453ddab843a,PXD064962_UCD_EVENT,Q04695,PT_D1_16,0.0625,0.7873779776623535
T193_OUTER_02,University College Dublin / Conway Institute,SEQUENCE_RIDGE_FULL,T193_65a733144a868e026145,PXD064962_UCD_EVENT,Q9HDC9,PT_D1_16,0.75,0.4762048471777366
T193_OUTER_02,University College Dublin / Conway Institute,SEQUENCE_RIDGE_FULL,T193_6ad324641a0137259aa2,PXD064962_UCD_EVENT,P04264,PT_D1_16,0.6875,0.9979790674738384
T193_OUTER_02,University College Dublin / Conway Institute,SEQUENCE_RIDGE_FULL,T193_82eff3452d1fc1dd7bbf,PXD064962_UCD_EVENT,P04004,PT_D1_16,0.9375,0.9203101188676694
T193_OUTER_02,University College Dublin / Conway Institute,SEQUENCE_RIDGE_FULL,T193_84dbef571a9203a38d09,PXD064962_UCD_EVENT,P06396,PT_D1_16,0.875,0.6474948597453816
T193_OUTER_02,University College Dublin / Conway Institute,SEQUENCE_RIDGE_FULL,T193_a83662a33dbf58841517,PXD064962_UCD_EVENT,P26038,PT_D1_16,0.3125,0.6650317492787635
T193_OUTER_02,University College Dublin / Conway Institute,SEQUENCE_RIDGE_FULL,T193_aa92379f9d1b180fc982,PXD064962_UCD_EVENT,P04264,PT_D1_16,0.625,0.9979790674738384
T193_OUTER_02,University College Dublin / Conway Institute,SEQUENCE_RIDGE_FULL,T193_addded00c4bd7e1fd157,PXD064962_UCD_EVENT,Q04695,PT_D1_16,0.0,0.7873779776623535
T193_OUTER_02,University College Dublin / Conway Institute,SEQUENCE_RIDGE_FULL,T193_c821f6a6e7df47543569,PXD064962_UCD_EVENT,P04004,PT_D1_16,1.0,0.9203101188676694
T193_OUTER_02,University College Dublin / Conway Institute,SEQUENCE_RIDGE_FULL,T193_e568a065f61688ec1718,PXD064962_UCD_EVENT,P06396,PT_D1_16,0.8125,0.6474948597453816
T193_OUTER_02,University College Dublin / Conway Institute,SEQUENCE_RIDGE_FULL,T193_eb73c1907ed386e9d3c3,PXD064962_UCD_EVENT,P07996,PT_D1_16,0.25,0.6023543037039147
T193_OUTER_02,University College Dublin / Conway Institute,SEQUENCE_RIDGE_FULL,T193_048c290406639e2320f0,PXD064962_UCD_EVENT,P04004,PT_D1_18,0.75,0.9203101188676694
T193_OUTER_02,University College Dublin / Conway Institute,SEQUENCE_RIDGE_FULL,T193_06c1d053539ffd34fcd9,PXD064962_UCD_EVENT,P06396,PT_D1_18,1.0,0.6474948597453816
T193_OUTER_02,University College Dublin / Conway Institute,SEQUENCE_RIDGE_FULL,T193_1f684e78b0615661fdbf,PXD064962_UCD_EVENT,P04004,PT_D1_18,0.8333333333333334,0.9203101188676694
T193_OUTER_02,University College Dublin / Conway Institute,SEQUENCE_RIDGE_FULL,T193_329cd439c29929bcbafc,PXD064962_UCD_EVENT,Q9HDC9,PT_D1_18,0.08333333333333333,0.4762048471777366
T193_OUTER_02,University College Dublin / Conway Institute,SEQUENCE_RIDGE_FULL,T193_37e8b5795c392d091077,PXD064962_UCD_EVENT,P04264,PT_D1_18,0.5,0.9979790674738384
T193_OUTER_02,University College Dublin / Conway Institute,SEQUENCE_RIDGE_FULL,T193_38430357f7b052884738,PXD064962_UCD_EVENT,P04264,PT_D1_18,0.3333333333333333,0.9979790674738384
T193_OUTER_02,University College Dublin / Conway Institute,SEQUENCE_RIDGE_FULL,T193_77a71e4cbe3b38373147,PXD064962_UCD_EVENT,P06396,PT_D1_18,0.9166666666666666,0.6474948597453816
T193_OUTER_02,University College Dublin / Conway Institute,SEQUENCE_RIDGE_FULL,T193_ab748f95be4664b17477,PXD064962_UCD_EVENT,P26038,PT_D1_18,0.6666666666666666,0.6650317492787635
T193_OUTER_02,University College Dublin / Conway Institute,SEQUENCE_RIDGE_FULL,T193_027b9dcb4556170a14ba,PXD064962_UCD_EVENT,P06396,PT_D1_20,0.7272727272727273,0.6474948597453816
T193_OUTER_02,University College Dublin / Conway Institute,SEQUENCE_RIDGE_FULL,T193_2f36c7f17bcc84d6ff47,PXD064962_UCD_EVENT,Q9HDC9,PT_D1_20,0.2727272727272727,0.4762048471777366
T193_OUTER_02,University College Dublin / Conway Institute,SEQUENCE_RIDGE_FULL,T193_45ec216512be77142c94,PXD064962_UCD_EVENT,P04004,PT_D1_20,0.9090909090909091,0.9203101188676694
T193_OUTER_02,University College Dublin / Conway Institute,SEQUENCE_RIDGE_FULL,T193_659c6b01de9532b5eac3,PXD064962_UCD_EVENT,P06396,PT_D1_20,0.8181818181818182,0.6474948597453816
T193_OUTER_02,University College Dublin / Conway Institute,SEQUENCE_RIDGE_FULL,T193_9791fc2807907b9d51cc,PXD064962_UCD_EVENT,P04264,PT_D1_20,0.6363636363636364,0.9979790674738384
T193_OUTER_02,University College Dublin / Conway Institute,SEQUENCE_RIDGE_FULL,T193_ea732d5a5c52513423ec,PXD064962_UCD_EVENT,P04004,PT_D1_20,1.0,0.9203101188676694
T193_OUTER_02,University College Dublin / Conway Institute,SEQUENCE_RIDGE_FULL,T193_ee2ba8de33ab1e256728,PXD064962_UCD_EVENT,P04264,PT_D1_20,0.5454545454545454,0.9979790674738384
T193_OUTER_02,University College Dublin / Conway Institute,SEQUENCE_RIDGE_FULL,T193_fc202a4383ad4c99b83b,PXD064962_UCD_EVENT,Q9HDC9,PT_D1_20,0.36363636363636365,0.4762048471777366
T193_OUTER_02,University College Dublin / Conway Institute,SEQUENCE_RIDGE_FULL,T193_0130a50adc4b1e1d718b,PXD064962_UCD_EVENT,P06396,PT_D1_23,0.9285714285714286,0.6474948597453816
T193_OUTER_02,University College Dublin / Conway Institute,SEQUENCE_RIDGE_FULL,T193_1489a3fc27ac75c65afd,PXD064962_UCD_EVENT,P05556,PT_D1_23,0.2857142857142857,0.33141269660415423
T193_OUTER_02,University College Dublin / Conway Institute,SEQUENCE_RIDGE_FULL,T193_2dd049d834a1ff2b4e18,PXD064962_UCD_EVENT,Q9HDC9,PT_D1_23,0.35714285714285715,0.4762048471777366
T193_OUTER_02,University College Dublin / Conway Institute,SEQUENCE_RIDGE_FULL,T193_84c7a038c593f5ebce81,PXD064962_UCD_EVENT,Q04695,PT_D1_23,0.0,0.7873779776623535
T193_OUTER_02,University College Dublin / Conway Institute,SEQUENCE_RIDGE_FULL,T193_939c772affe07db09aff,PXD064962_UCD_EVENT,P04264,PT_D1_23,0.7142857142857143,0.9979790674738384
T193_OUTER_02,University College Dublin / Conway Institute,SEQUENCE_RIDGE_FULL,T193_a36f400c9ee4285f2512,PXD064962_UCD_EVENT,P04004,PT_D1_23,0.8571428571428571,0.9203101188676694
T193_OUTER_02,University College Dublin / Conway Institute,SEQUENCE_RIDGE_FULL,T193_bc9fbd589134c72dc41c,PXD064962_UCD_EVENT,P04004,PT_D1_23,0.7857142857142857,0.9203101188676694
T193_OUTER_02,University College Dublin / Conway Institute,SEQUENCE_RIDGE_FULL,T193_d187dc457b76d188aee7,PXD064962_UCD_EVENT,P07996,PT_D1_23,0.14285714285714285,0.6023543037039147
T193_OUTER_02,University College Dublin / Conway Institute,SEQUENCE_RIDGE_FULL,T193_db8b9470bc4725114032,PXD064962_UCD_EVENT,P26038,PT_D1_23,0.5714285714285714,0.6650317492787635
T193_OUTER_02,University College Dublin / Conway Institute,SEQUENCE_RIDGE_FULL,T193_de41f235ead0ebc307c2,PXD064962_UCD_EVENT,Q9HDC9,PT_D1_23,0.42857142857142855,0.4762048471777366
T193_OUTER_02,University College Dublin / Conway Institute,SEQUENCE_RIDGE_FULL,T193_ea18abba69fded6bb663,PXD064962_UCD_EVENT,P04264,PT_D1_23,0.6428571428571429,0.9979790674738384
T193_OUTER_02,University College Dublin / Conway Institute,SEQUENCE_RIDGE_FULL,T193_edd9281fa3141928434a,PXD064962_UCD_EVENT,P26038,PT_D1_23,0.21428571428571427,0.6650317492787635
T193_OUTER_02,University College Dublin / Conway Institute,SEQUENCE_RIDGE_FULL,T193_f53e7dacd98ac471739e,PXD064962_UCD_EVENT,P06396,PT_D1_23,1.0,0.6474948597453816
T193_OUTER_02,University College Dublin / Conway Institute,SEQUENCE_RIDGE_FULL,T193_0601f1af35ff95936b2b,PXD064962_UCD_EVENT,Q9HDC9,PT_D1_33,0.5,0.4762048471777366
T193_OUTER_02,University College Dublin / Conway Institute,SEQUENCE_RIDGE_FULL,T193_0ae2157e946aa227f0a0,PXD064962_UCD_EVENT,P05556,PT_D1_33,0.375,0.33141269660415423
T193_OUTER_02,University College Dublin / Conway Institute,SEQUENCE_RIDGE_FULL,T193_1cf433059d8067ed2486,PXD064962_UCD_EVENT,Q04695,PT_D1_33,0.0,0.7873779776623535
T193_OUTER_02,University College Dublin / Conway Institute,SEQUENCE_RIDGE_FULL,T193_36e7eef0a5c8efa4f821,PXD064962_UCD_EVENT,P04264,PT_D1_33,0.6875,0.9979790674738384
T193_OUTER_02,University College Dublin / Conway Institute,SEQUENCE_RIDGE_FULL,T193_39a374ad5739395a9218,PXD064962_UCD_EVENT,Q9HDC9,PT_D1_33,0.4375,0.4762048471777366
T193_OUTER_02,University College Dublin / Conway Institute,SEQUENCE_RIDGE_FULL,T193_79616e1618edf59ea44b,PXD064962_UCD_EVENT,P07996,PT_D1_33,0.25,0.6023543037039147
T193_OUTER_02,University College Dublin / Conway Institute,SEQUENCE_RIDGE_FULL,T193_863209af188908b965af,PXD064962_UCD_EVENT,P04004,PT_D1_33,0.9375,0.9203101188676694
T193_OUTER_02,University College Dublin / Conway Institute,SEQUENCE_RIDGE_FULL,T193_b1eea59cd6d8e3c4e156,PXD064962_UCD_EVENT,P06396,PT_D1_33,0.875,0.6474948597453816
T193_OUTER_02,University College Dublin / Conway Institute,SEQUENCE_RIDGE_FULL,T193_c9a85882b817fcfe5ca4,PXD064962_UCD_EVENT,P06396,PT_D1_33,1.0,0.6474948597453816
T193_OUTER_02,University College Dublin / Conway Institute,SEQUENCE_RIDGE_FULL,T193_cddb02ef92c83f5c4265,PXD064962_UCD_EVENT,Q04695,PT_D1_33,0.0625,0.7873779776623535
T193_OUTER_02,University College Dublin / Conway Institute,SEQUENCE_RIDGE_FULL,T193_d68cdcad4bb529d25aa6,PXD064962_UCD_EVENT,P26038,PT_D1_33,0.5625,0.6650317492787635
T193_OUTER_02,University College Dublin / Conway Institute,SEQUENCE_RIDGE_FULL,T193_e25ba02dc19d8042f9fd,PXD064962_UCD_EVENT,P04004,PT_D1_33,0.8125,0.9203101188676694
T193_OUTER_02,University College Dublin / Conway Institute,SEQUENCE_RIDGE_FULL,T193_e3f23b0aa2b9d7486719,PXD064962_UCD_EVENT,P04264,PT_D1_33,0.75,0.9979790674738384
T193_OUTER_02,University College Dublin / Conway Institute,SEQUENCE_RIDGE_FULL,T193_f32116f76b42655e9a21,PXD064962_UCD_EVENT,P26038,PT_D1_33,0.625,0.6650317492787635
T193_OUTER_02,University College Dublin / Conway Institute,SEQUENCE_RIDGE_FULL,T193_07f6462e3e634bf197d4,PXD064962_UCD_EVENT,Q9HDC9,PT_D1_34,0.4166666666666667,0.4762048471777366
T193_OUTER_02,University College Dublin / Conway Institute,SEQUENCE_RIDGE_FULL,T193_16c7066b154d57d18b52,PXD064962_UCD_EVENT,P04004,PT_D1_34,0.75,0.9203101188676694
T193_OUTER_02,University College Dublin / Conway Institute,SEQUENCE_RIDGE_FULL,T193_541f7a6b3359f3f5b35f,PXD064962_UCD_EVENT,P04004,PT_D1_34,0.8333333333333334,0.9203101188676694
T193_OUTER_02,University College Dublin / Conway Institute,SEQUENCE_RIDGE_FULL,T193_5dbe88ee86042f4b577c,PXD064962_UCD_EVENT,P07996,PT_D1_34,0.3333333333333333,0.6023543037039147
T193_OUTER_02,University College Dublin / Conway Institute,SEQUENCE_RIDGE_FULL,T193_63efc573be69bd66c65d,PXD064962_UCD_EVENT,P04264,PT_D1_34,0.6666666666666666,0.9979790674738384
T193_OUTER_02,University College Dublin / Conway Institute,SEQUENCE_RIDGE_FULL,T193_785cd8f1a80af79eeb4e,PXD064962_UCD_EVENT,Q9HDC9,PT_D1_34,0.5,0.4762048471777366
T193_OUTER_02,University College Dublin / Conway Institute,SEQUENCE_RIDGE_FULL,T193_8facdeeb105fe2bc5b31,PXD064962_UCD_EVENT,Q04695,PT_D1_34,0.0,0.7873779776623535
T193_OUTER_02,University College Dublin / Conway Institute,SEQUENCE_RIDGE_FULL,T193_b504ea20c19f262060fc,PXD064962_UCD_EVENT,P07996,PT_D1_34,0.25,0.6023543037039147
T193_OUTER_02,University College Dublin / Conway Institute,SEQUENCE_RIDGE_FULL,T193_ca385b304022b1fb8f29,PXD064962_UCD_EVENT,P06396,PT_D1_34,1.0,0.6474948597453816
T193_OUTER_02,University College Dublin / Conway Institute,SEQUENCE_RIDGE_FULL,T193_cd36d808b23ccc68b408,PXD064962_UCD_EVENT,P04264,PT_D1_34,0.5833333333333334,0.9979790674738384
T193_OUTER_02,University College Dublin / Conway Institute,SEQUENCE_RIDGE_FULL,T193_d907a32b6e936ffaadd8,PXD064962_UCD_EVENT,P06396,PT_D1_34,0.9166666666666666,0.6474948597453816
T193_OUTER_02,University College Dublin / Conway Institute,SEQUENCE_RIDGE_FULL,T193_f02955a4dc4e0aa1a6a4,PXD064962_UCD_EVENT,Q04695,PT_D1_34,0.08333333333333333,0.7873779776623535
T193_OUTER_02,University College Dublin / Conway Institute,SEQUENCE_RIDGE_FULL,T193_21d2780981c8a51c5a2f,PXD064962_UCD_EVENT,Q9HDC9,PT_D1_48,0.4117647058823529,0.4762048471777366
T193_OUTER_02,University College Dublin / Conway Institute,SEQUENCE_RIDGE_FULL,T193_232863357e4b3f2496bd,PXD064962_UCD_EVENT,P04004,PT_D1_48,0.8235294117647058,0.9203101188676694
T193_OUTER_02,University College Dublin / Conway Institute,SEQUENCE_RIDGE_FULL,T193_3ba471a9315133123b01,PXD064962_UCD_EVENT,P60174,PT_D1_48,0.47058823529411764,0.16937003920923366
T193_OUTER_02,University College Dublin / Conway Institute,SEQUENCE_RIDGE_FULL,T193_5a176176bdb89e815908,PXD064962_UCD_EVENT,Q04695,PT_D1_48,0.0,0.7873779776623535
T193_OUTER_02,University College Dublin / Conway Institute,SEQUENCE_RIDGE_FULL,T193_5e034639a38d6279ffb5,PXD064962_UCD_EVENT,P04004,PT_D1_48,0.8823529411764706,0.9203101188676694
T193_OUTER_02,University College Dublin / Conway Institute,SEQUENCE_RIDGE_FULL,T193_6636f00b8755899f8e34,PXD064962_UCD_EVENT,P04264,PT_D1_48,0.7058823529411765,0.9979790674738384
T193_OUTER_02,University College Dublin / Conway Institute,SEQUENCE_RIDGE_FULL,T193_698f543263a3564edcf4,PXD064962_UCD_EVENT,P04264,PT_D1_48,0.7647058823529411,0.9979790674738384
T193_OUTER_02,University College Dublin / Conway Institute,SEQUENCE_RIDGE_FULL,T193_82948c36aa46b3a1adc8,PXD064962_UCD_EVENT,P07996,PT_D1_48,0.29411764705882354,0.6023543037039147
T193_OUTER_02,University College Dublin / Conway Institute,SEQUENCE_RIDGE_FULL,T193_8e6e4fdc52d4e2a4a2cc,PXD064962_UCD_EVENT,P60174,PT_D1_48,0.5294117647058824,0.16937003920923366
T193_OUTER_02,University College Dublin / Conway Institute,SEQUENCE_RIDGE_FULL,T193_b9653cc6ad645e05b90e,PXD064962_UCD_EVENT,Q9HDC9,PT_D1_48,0.35294117647058826,0.4762048471777366
T193_OUTER_02,University College Dublin / Conway Institute,SEQUENCE_RIDGE_FULL,T193_bf2a56dc69e58af8108f,PXD064962_UCD_EVENT,Q04695,PT_D1_48,0.058823529411764705,0.7873779776623535
T193_OUTER_02,University College Dublin / Conway Institute,SEQUENCE_RIDGE_FULL,T193_c930c67f785e74dda57a,PXD064962_UCD_EVENT,P06396,PT_D1_48,0.9411764705882353,0.6474948597453816
T193_OUTER_02,University College Dublin / Conway Institute,SEQUENCE_RIDGE_FULL,T193_d3d8297c224643107dcf,PXD064962_UCD_EVENT,P06396,PT_D1_48,1.0,0.6474948597453816
T193_OUTER_02,University College Dublin / Conway Institute,SEQUENCE_RIDGE_FULL,T193_df2a18ff00db68401ebc,PXD064962_UCD_EVENT,P07996,PT_D1_48,0.23529411764705882,0.6023543037039147
T193_OUTER_02,University College Dublin / Conway Institute,SEQUENCE_RIDGE_FULL,T193_2ca5554635daa3b888a7,PXD064962_UCD_EVENT,P07996,PT_D1_51,0.625,0.6023543037039147
T193_OUTER_02,University College Dublin / Conway Institute,SEQUENCE_RIDGE_FULL,T193_316cb3ef8eff0748bbfb,PXD064962_UCD_EVENT,P06396,PT_D1_51,0.9375,0.6474948597453816
T193_OUTER_02,University College Dublin / Conway Institute,SEQUENCE_RIDGE_FULL,T193_4dc26ebe69ecb8d387be,PXD064962_UCD_EVENT,P07996,PT_D1_51,0.5625,0.6023543037039147
T193_OUTER_02,University College Dublin / Conway Institute,SEQUENCE_RIDGE_FULL,T193_556cb7ab65f089e97a48,PXD064962_UCD_EVENT,P04264,PT_D1_51,0.75,0.9979790674738384
T193_OUTER_02,University College Dublin / Conway Institute,SEQUENCE_RIDGE_FULL,T193_67ac67dfb1a30d63c6ad,PXD064962_UCD_EVENT,Q04695,PT_D1_51,0.0625,0.7873779776623535
T193_OUTER_02,University College Dublin / Conway Institute,SEQUENCE_RIDGE_FULL,T193_7182ed061e5535e59d74,PXD064962_UCD_EVENT,P04004,PT_D1_51,0.8125,0.9203101188676694
T193_OUTER_02,University College Dublin / Conway Institute,SEQUENCE_RIDGE_FULL,T193_80c583e4f43465805d1e,PXD064962_UCD_EVENT,P04264,PT_D1_51,0.6875,0.9979790674738384
T193_OUTER_02,University College Dublin / Conway Institute,SEQUENCE_RIDGE_FULL,T193_a1af3f5e242826f3f4da,PXD064962_UCD_EVENT,P06396,PT_D1_51,1.0,0.6474948597453816
T193_OUTER_02,University College Dublin / Conway Institute,SEQUENCE_RIDGE_FULL,T193_a3be8697f6d197c164d3,PXD064962_UCD_EVENT,Q04695,PT_D1_51,0.0,0.7873779776623535
T193_OUTER_02,University College Dublin / Conway Institute,SEQUENCE_RIDGE_FULL,T193_a6b8d852f8219876567e,PXD064962_UCD_EVENT,Q9HDC9,PT_D1_51,0.5,0.4762048471777366
T193_OUTER_02,University College Dublin / Conway Institute,SEQUENCE_RIDGE_FULL,T193_b395d632eb5dc6ba5f26,PXD064962_UCD_EVENT,P26038,PT_D1_51,0.1875,0.6650317492787635
T193_OUTER_02,University College Dublin / Conway Institute,SEQUENCE_RIDGE_FULL,T193_bce2b04d06b92d897821,PXD064962_UCD_EVENT,P04004,PT_D1_51,0.875,0.9203101188676694
T193_OUTER_02,University College Dublin / Conway Institute,SEQUENCE_RIDGE_FULL,T193_d97e70abd820ada12f9e,PXD064962_UCD_EVENT,Q9HDC9,PT_D1_51,0.375,0.4762048471777366
T193_OUTER_02,University College Dublin / Conway Institute,SEQUENCE_RIDGE_FULL,T193_030821b780c44560483c,PXD064962_UCD_EVENT,Q9HDC9,PT_D1_73,0.6,0.4762048471777366
T193_OUTER_02,University College Dublin / Conway Institute,SEQUENCE_RIDGE_FULL,T193_04feae7d60c00929e7de,PXD064962_UCD_EVENT,P04004,PT_D1_73,0.8,0.9203101188676694
T193_OUTER_02,University College Dublin / Conway Institute,SEQUENCE_RIDGE_FULL,T193_06bac4268eacbd2d362d,PXD064962_UCD_EVENT,Q04695,PT_D1_73,0.06666666666666667,0.7873779776623535
T193_OUTER_02,University College Dublin / Conway Institute,SEQUENCE_RIDGE_FULL,T193_0cb4a06cf9d6c90fd441,PXD064962_UCD_EVENT,P07996,PT_D1_73,0.4,0.6023543037039147
T193_OUTER_02,University College Dublin / Conway Institute,SEQUENCE_RIDGE_FULL,T193_1460e61b9e15698da0eb,PXD064962_UCD_EVENT,P04004,PT_D1_73,0.8666666666666667,0.9203101188676694
T193_OUTER_02,University College Dublin / Conway Institute,SEQUENCE_RIDGE_FULL,T193_26ed10647193defb0ec1,PXD064962_UCD_EVENT,P26038,PT_D1_73,0.4666666666666667,0.6650317492787635
T193_OUTER_02,University College Dublin / Conway Institute,SEQUENCE_RIDGE_FULL,T193_3037e1c8ff734e02af7d,PXD064962_UCD_EVENT,P06396,PT_D1_73,1.0,0.6474948597453816
T193_OUTER_02,University College Dublin / Conway Institute,SEQUENCE_RIDGE_FULL,T193_503a97ed722ff0d414ef,PXD064962_UCD_EVENT,Q9HDC9,PT_D1_73,0.5333333333333333,0.4762048471777366
T193_OUTER_02,University College Dublin / Conway Institute,SEQUENCE_RIDGE_FULL,T193_5747f88a752c9ffe5d69,PXD064962_UCD_EVENT,P06396,PT_D1_73,0.9333333333333333,0.6474948597453816
T193_OUTER_02,University College Dublin / Conway Institute,SEQUENCE_RIDGE_FULL,T193_5be17d2a47558bc8d4ef,PXD064962_UCD_EVENT,P04264,PT_D1_73,0.6666666666666666,0.9979790674738384
T193_OUTER_02,University College Dublin / Conway Institute,SEQUENCE_RIDGE_FULL,T193_b6efba80551282df8345,PXD064962_UCD_EVENT,P07996,PT_D1_73,0.3333333333333333,0.6023543037039147
T193_OUTER_02,University College Dublin / Conway Institute,SEQUENCE_RIDGE_FULL,T193_e478e72de2ea14a68bb4,PXD064962_UCD_EVENT,Q04695,PT_D1_73,0.0,0.7873779776623535
T193_OUTER_02,University College Dublin / Conway Institute,SEQUENCE_RIDGE_FULL,T193_fe4ff3122f953d774756,PXD064962_UCD_EVENT,P04264,PT_D1_73,0.7333333333333333,0.9979790674738384
T193_OUTER_02,University College Dublin / Conway Institute,SEQUENCE_RIDGE_FULL,T193_0ad7430a35cfda319545,PXD064962_UCD_EVENT,P07996,PT_D1_81,0.6428571428571429,0.6023543037039147
T193_OUTER_02,University College Dublin / Conway Institute,SEQUENCE_RIDGE_FULL,T193_27c854f1f8a0d438631c,PXD064962_UCD_EVENT,P04004,PT_D1_81,0.7857142857142857,0.9203101188676694
T193_OUTER_02,University College Dublin / Conway Institute,SEQUENCE_RIDGE_FULL,T193_369349099be46f9f72b4,PXD064962_UCD_EVENT,P06396,PT_D1_81,0.9285714285714286,0.6474948597453816
T193_OUTER_02,University College Dublin / Conway Institute,SEQUENCE_RIDGE_FULL,T193_50f21119564d3d8c9beb,PXD064962_UCD_EVENT,P06396,PT_D1_81,1.0,0.6474948597453816
T193_OUTER_02,University College Dublin / Conway Institute,SEQUENCE_RIDGE_FULL,T193_9ea35a9be647ef6b2824,PXD064962_UCD_EVENT,Q9HDC9,PT_D1_81,0.5,0.4762048471777366
T193_OUTER_02,University College Dublin / Conway Institute,SEQUENCE_RIDGE_FULL,T193_ac6c11c9f3c28b51907e,PXD064962_UCD_EVENT,P07996,PT_D1_81,0.7142857142857143,0.6023543037039147
T193_OUTER_02,University College Dublin / Conway Institute,SEQUENCE_RIDGE_FULL,T193_b15acdbf1a8f3b53948b,PXD064962_UCD_EVENT,P04264,PT_D1_81,0.21428571428571427,0.9979790674738384
T193_OUTER_02,University College Dublin / Conway Institute,SEQUENCE_RIDGE_FULL,T193_d41bfcb460c86189d5b4,PXD064962_UCD_EVENT,P04264,PT_D1_81,0.42857142857142855,0.9979790674738384
T193_OUTER_02,University College Dublin / Conway Institute,SEQUENCE_RIDGE_FULL,T193_eebf2bc9f7005a7b5d6c,PXD064962_UCD_EVENT,P04004,PT_D1_81,0.8571428571428571,0.9203101188676694
T193_OUTER_02,University College Dublin / Conway Institute,SEQUENCE_RIDGE_FULL,T193_f7e47e17f7fd676e52d3,PXD064962_UCD_EVENT,Q9HDC9,PT_D1_81,0.2857142857142857,0.4762048471777366
T193_OUTER_02,University College Dublin / Conway Institute,SEQUENCE_RIDGE_FULL,T193_029c68f36f38d63c37a7,PXD064962_UCD_EVENT,P06396,PT_D3_06,0.9285714285714286,0.6474948597453816
T193_OUTER_02,University College Dublin / Conway Institute,SEQUENCE_RIDGE_FULL,T193_09f3e65b9c964100c337,PXD064962_UCD_EVENT,P07996,PT_D3_06,0.21428571428571427,0.6023543037039147
T193_OUTER_02,University College Dublin / Conway Institute,SEQUENCE_RIDGE_FULL,T193_0ea1a7b6b95c9456e85d,PXD064962_UCD_EVENT,Q04695,PT_D3_06,0.07142857142857142,0.7873779776623535
T193_OUTER_02,University College Dublin / Conway Institute,SEQUENCE_RIDGE_FULL,T193_16995eec46496e1ea50d,PXD064962_UCD_EVENT,P04004,PT_D3_06,1.0,0.9203101188676694
T193_OUTER_02,University College Dublin / Conway Institute,SEQUENCE_RIDGE_FULL,T193_26b3d782f8696642df7b,PXD064962_UCD_EVENT,Q9HDC9,PT_D3_06,0.5714285714285714,0.4762048471777366
T193_OUTER_02,University College Dublin / Conway Institute,SEQUENCE_RIDGE_FULL,T193_33818a064ef11625738d,PXD064962_UCD_EVENT,P06396,PT_D3_06,0.8571428571428571,0.6474948597453816
T193_OUTER_02,University College Dublin / Conway Institute,SEQUENCE_RIDGE_FULL,T193_5e01bc87e7a9463a7fd2,PXD064962_UCD_EVENT,Q9HDC9,PT_D3_06,0.5,0.4762048471777366
T193_OUTER_02,University College Dublin / Conway Institute,SEQUENCE_RIDGE_FULL,T193_845ef1595702d7b3c8c0,PXD064962_UCD_EVENT,P07996,PT_D3_06,0.2857142857142857,0.6023543037039147
T193_OUTER_02,University College Dublin / Conway Institute,SEQUENCE_RIDGE_FULL,T193_93f9af12844e98733450,PXD064962_UCD_EVENT,P04004,PT_D3_06,0.7857142857142857,0.9203101188676694
T193_OUTER_02,University College Dublin / Conway Institute,SEQUENCE_RIDGE_FULL,T193_a32d0f1f95e0aca424f1,PXD064962_UCD_EVENT,P04264,PT_D3_06,0.6428571428571429,0.9979790674738384
T193_OUTER_02,University College Dublin / Conway Institute,SEQUENCE_RIDGE_FULL,T193_a63cd03b5803de2b9211,PXD064962_UCD_EVENT,P04264,PT_D3_06,0.7142857142857143,0.9979790674738384
T193_OUTER_02,University College Dublin / Conway Institute,SEQUENCE_RIDGE_FULL,T193_cd38856b9effab33408d,PXD064962_UCD_EVENT,Q04695,PT_D3_06,0.0,0.7873779776623535
T193_OUTER_02,University College Dublin / Conway Institute,SEQUENCE_RIDGE_FULL,T193_06a22f57fd064ace1382,PXD064962_UCD_EVENT,P06396,PT_D3_14,0.9333333333333333,0.6474948597453816
T193_OUTER_02,University College Dublin / Conway Institute,SEQUENCE_RIDGE_FULL,T193_0a369bf3e3c81c0b381d,PXD064962_UCD_EVENT,Q04695,PT_D3_14,0.0,0.7873779776623535
T193_OUTER_02,University College Dublin / Conway Institute,SEQUENCE_RIDGE_FULL,T193_151bb0bfb891e787c315,PXD064962_UCD_EVENT,Q04695,PT_D3_14,0.06666666666666667,0.7873779776623535
T193_OUTER_02,University College Dublin / Conway Institute,SEQUENCE_RIDGE_FULL,T193_1e88d554a594293a9fe2,PXD064962_UCD_EVENT,P07996,PT_D3_14,0.13333333333333333,0.6023543037039147
T193_OUTER_02,University College Dublin / Conway Institute,SEQUENCE_RIDGE_FULL,T193_3dfad86cb89146f9e148,PXD064962_UCD_EVENT,P04264,PT_D3_14,0.7333333333333333,0.9979790674738384
T193_OUTER_02,University College Dublin / Conway Institute,SEQUENCE_RIDGE_FULL,T193_60eadfba79bcf9e11fc7,PXD064962_UCD_EVENT,P04264,PT_D3_14,0.6666666666666666,0.9979790674738384
T193_OUTER_02,University College Dublin / Conway Institute,SEQUENCE_RIDGE_FULL,T193_797a7d369838a3fc6fe7,PXD064962_UCD_EVENT,P06396,PT_D3_14,1.0,0.6474948597453816
T193_OUTER_02,University College Dublin / Conway Institute,SEQUENCE_RIDGE_FULL,T193_a5e622602022f7097c99,PXD064962_UCD_EVENT,P04004,PT_D3_14,0.8,0.9203101188676694
T193_OUTER_02,University College Dublin / Conway Institute,SEQUENCE_RIDGE_FULL,T193_b829d61ac72c19ae69d1,PXD064962_UCD_EVENT,Q9HDC9,PT_D3_14,0.4666666666666667,0.4762048471777366
T193_OUTER_02,University College Dublin / Conway Institute,SEQUENCE_RIDGE_FULL,T193_dfe037f32bf1efd71e8a,PXD064962_UCD_EVENT,P04004,PT_D3_14,0.8666666666666667,0.9203101188676694
T193_OUTER_02,University College Dublin / Conway Institute,SEQUENCE_RIDGE_FULL,T193_edf4cda1d0489db88dac,PXD064962_UCD_EVENT,Q9HDC9,PT_D3_14,0.4,0.4762048471777366
T193_OUTER_02,University College Dublin / Conway Institute,SEQUENCE_RIDGE_FULL,T193_f14610a36a66f2904a04,PXD064962_UCD_EVENT,P07996,PT_D3_14,0.2,0.6023543037039147
T193_OUTER_02,University College Dublin / Conway Institute,SEQUENCE_RIDGE_FULL,T193_064e93a3fae696138584,PXD064962_UCD_EVENT,Q9HDC9,PT_D3_22,0.5,0.4762048471777366
T193_OUTER_02,University College Dublin / Conway Institute,SEQUENCE_RIDGE_FULL,T193_0c6af02c0ca69254a9e9,PXD064962_UCD_EVENT,P07996,PT_D3_22,0.25,0.6023543037039147
T193_OUTER_02,University College Dublin / Conway Institute,SEQUENCE_RIDGE_FULL,T193_45dac6a628671e47c54b,PXD064962_UCD_EVENT,Q04695,PT_D3_22,0.0,0.7873779776623535
T193_OUTER_02,University College Dublin / Conway Institute,SEQUENCE_RIDGE_FULL,T193_5124be6363167b53ae3a,PXD064962_UCD_EVENT,Q9HDC9,PT_D3_22,0.4166666666666667,0.4762048471777366
T193_OUTER_02,University College Dublin / Conway Institute,SEQUENCE_RIDGE_FULL,T193_93d82c8113755f1c1d0c,PXD064962_UCD_EVENT,P06396,PT_D3_22,1.0,0.6474948597453816
T193_OUTER_02,University College Dublin / Conway Institute,SEQUENCE_RIDGE_FULL,T193_c7dea7c080e94367c4d4,PXD064962_UCD_EVENT,P04264,PT_D3_22,0.6666666666666666,0.9979790674738384
T193_OUTER_02,University College Dublin / Conway Institute,SEQUENCE_RIDGE_FULL,T193_d9df71117c998ed3d37d,PXD064962_UCD_EVENT,P04264,PT_D3_22,0.5833333333333334,0.9979790674738384
T193_OUTER_02,University College Dublin / Conway Institute,SEQUENCE_RIDGE_FULL,T193_efbe26ccf80e575a809a,PXD064962_UCD_EVENT,P04004,PT_D3_22,0.8333333333333334,0.9203101188676694
T193_OUTER_02,University College Dublin / Conway Institute,SEQUENCE_RIDGE_FULL,T193_f81210a39098d23e02bc,PXD064962_UCD_EVENT,P06396,PT_D3_22,0.9166666666666666,0.6474948597453816
T193_OUTER_02,University College Dublin / Conway Institute,SEQUENCE_RIDGE_FULL,T193_f9dd3402e83b01fcde3b,PXD064962_UCD_EVENT,P04004,PT_D3_22,0.75,0.9203101188676694
T193_OUTER_02,University College Dublin / Conway Institute,SEQUENCE_RIDGE_FULL,T193_08bfd72ede77a9233ecd,PXD064962_UCD_EVENT,Q04695,PT_D3_28,0.08333333333333333,0.7873779776623535
T193_OUTER_02,University College Dublin / Conway Institute,SEQUENCE_RIDGE_FULL,T193_1a91a83a27a2babdb6f2,PXD064962_UCD_EVENT,Q9HDC9,PT_D3_28,0.25,0.4762048471777366
T193_OUTER_02,University College Dublin / Conway Institute,SEQUENCE_RIDGE_FULL,T193_33cc40b53ee9c124ba08,PXD064962_UCD_EVENT,P06396,PT_D3_28,0.75,0.6474948597453816
T193_OUTER_02,University College Dublin / Conway Institute,SEQUENCE_RIDGE_FULL,T193_396310747f703defdcc6,PXD064962_UCD_EVENT,P06396,PT_D3_28,0.8333333333333334,0.6474948597453816
T193_OUTER_02,University College Dublin / Conway Institute,SEQUENCE_RIDGE_FULL,T193_3d10a6c1f6c52a176792,PXD064962_UCD_EVENT,Q04695,PT_D3_28,0.0,0.7873779776623535
T193_OUTER_02,University College Dublin / Conway Institute,SEQUENCE_RIDGE_FULL,T193_4be086afd22e95a9642e,PXD064962_UCD_EVENT,P04004,PT_D3_28,0.9166666666666666,0.9203101188676694
T193_OUTER_02,University College Dublin / Conway Institute,SEQUENCE_RIDGE_FULL,T193_6741e1c5f69adc22f9c9,PXD064962_UCD_EVENT,P04264,PT_D3_28,0.5833333333333334,0.9979790674738384
T193_OUTER_02,University College Dublin / Conway Institute,SEQUENCE_RIDGE_FULL,T193_68ee68b1e1586602bd28,PXD064962_UCD_EVENT,P04004,PT_D3_28,1.0,0.9203101188676694
T193_OUTER_02,University College Dublin / Conway Institute,SEQUENCE_RIDGE_FULL,T193_6edc23ad42f86009515e,PXD064962_UCD_EVENT,P04264,PT_D3_28,0.6666666666666666,0.9979790674738384
T193_OUTER_02,University College Dublin / Conway Institute,SEQUENCE_RIDGE_FULL,T193_9558bbf4ca5da4f999c5,PXD064962_UCD_EVENT,P26038,PT_D3_28,0.3333333333333333,0.6650317492787635
T193_OUTER_02,University College Dublin / Conway Institute,SEQUENCE_RIDGE_FULL,T193_314aef9402958e15d77e,PXD064962_UCD_EVENT,P04264,PT_D3_30,0.6923076923076923,0.9979790674738384
T193_OUTER_02,University College Dublin / Conway Institute,SEQUENCE_RIDGE_FULL,T193_4436bf51b19eca2901f7,PXD064962_UCD_EVENT,Q04695,PT_D3_30,0.0,0.7873779776623535
T193_OUTER_02,University College Dublin / Conway Institute,SEQUENCE_RIDGE_FULL,T193_5d4ea0e24dd41dc88f43,PXD064962_UCD_EVENT,P26038,PT_D3_30,0.23076923076923078,0.6650317492787635
T193_OUTER_02,University College Dublin / Conway Institute,SEQUENCE_RIDGE_FULL,T193_610b3e662420ac4c1aa1,PXD064962_UCD_EVENT,P06396,PT_D3_30,0.8461538461538461,0.6474948597453816
T193_OUTER_02,University College Dublin / Conway Institute,SEQUENCE_RIDGE_FULL,T193_6356d341fe3a1b21ff72,PXD064962_UCD_EVENT,Q9HDC9,PT_D3_30,0.5384615384615384,0.4762048471777366
T193_OUTER_02,University College Dublin / Conway Institute,SEQUENCE_RIDGE_FULL,T193_7379e61dc58752d31f54,PXD064962_UCD_EVENT,Q04695,PT_D3_30,0.07692307692307693,0.7873779776623535
T193_OUTER_02,University College Dublin / Conway Institute,SEQUENCE_RIDGE_FULL,T193_83d8babb34b020bd2046,PXD064962_UCD_EVENT,P07996,PT_D3_30,0.15384615384615385,0.6023543037039147
T193_OUTER_02,University College Dublin / Conway Institute,SEQUENCE_RIDGE_FULL,T193_8d79ee56596479b6c4f8,PXD064962_UCD_EVENT,P04004,PT_D3_30,0.9230769230769231,0.9203101188676694
T193_OUTER_02,University College Dublin / Conway Institute,SEQUENCE_RIDGE_FULL,T193_9f4c1e037ece4657e420,PXD064962_UCD_EVENT,P04264,PT_D3_30,0.6153846153846154,0.9979790674738384
T193_OUTER_02,University College Dublin / Conway Institute,SEQUENCE_RIDGE_FULL,T193_c8d69f20072021a654e2,PXD064962_UCD_EVENT,P06396,PT_D3_30,1.0,0.6474948597453816
T193_OUTER_02,University College Dublin / Conway Institute,SEQUENCE_RIDGE_FULL,T193_d4c161c08b4be4e48f77,PXD064962_UCD_EVENT,Q9HDC9,PT_D3_30,0.46153846153846156,0.4762048471777366
T193_OUTER_02,University College Dublin / Conway Institute,SEQUENCE_RIDGE_FULL,T193_ecb4521edaa17fc8817f,PXD064962_UCD_EVENT,P04004,PT_D3_30,0.7692307692307693,0.9203101188676694
T193_OUTER_02,University College Dublin / Conway Institute,SEQUENCE_RIDGE_FULL,T193_0683d412095e6d2c19ac,PXD064962_UCD_EVENT,P04004,PT_D3_37,0.7692307692307693,0.9203101188676694
T193_OUTER_02,University College Dublin / Conway Institute,SEQUENCE_RIDGE_FULL,T193_0a66ccec6c383a483c4d,PXD064962_UCD_EVENT,P04264,PT_D3_37,0.6153846153846154,0.9979790674738384
T193_OUTER_02,University College Dublin / Conway Institute,SEQUENCE_RIDGE_FULL,T193_1a10c0f778002b84b1c0,PXD064962_UCD_EVENT,P07996,PT_D3_37,0.38461538461538464,0.6023543037039147
T193_OUTER_02,University College Dublin / Conway Institute,SEQUENCE_RIDGE_FULL,T193_2da4d51aef2ba8324fdf,PXD064962_UCD_EVENT,Q04695,PT_D3_37,0.07692307692307693,0.7873779776623535
T193_OUTER_02,University College Dublin / Conway Institute,SEQUENCE_RIDGE_FULL,T193_368bac623d39e4af2759,PXD064962_UCD_EVENT,P07996,PT_D3_37,0.5384615384615384,0.6023543037039147
T193_OUTER_02,University College Dublin / Conway Institute,SEQUENCE_RIDGE_FULL,T193_51fc541daff12668ba0a,PXD064962_UCD_EVENT,P06396,PT_D3_37,0.9230769230769231,0.6474948597453816
T193_OUTER_02,University College Dublin / Conway Institute,SEQUENCE_RIDGE_FULL,T193_527d2bdc39ded4b656ca,PXD064962_UCD_EVENT,P06396,PT_D3_37,1.0,0.6474948597453816
T193_OUTER_02,University College Dublin / Conway Institute,SEQUENCE_RIDGE_FULL,T193_5b85b720bef8043f180c,PXD064962_UCD_EVENT,Q9HDC9,PT_D3_37,0.3076923076923077,0.4762048471777366
T193_OUTER_02,University College Dublin / Conway Institute,SEQUENCE_RIDGE_FULL,T193_67b049f26faaa99a6714,PXD064962_UCD_EVENT,Q9HDC9,PT_D3_37,0.46153846153846156,0.4762048471777366
T193_OUTER_02,University College Dublin / Conway Institute,SEQUENCE_RIDGE_FULL,T193_6f89b1353b6d59d4e1ab,PXD064962_UCD_EVENT,P04264,PT_D3_37,0.6923076923076923,0.9979790674738384
T193_OUTER_02,University College Dublin / Conway Institute,SEQUENCE_RIDGE_FULL,T193_7fed6db29c50a112e93a,PXD064962_UCD_EVENT,P04004,PT_D3_37,0.8461538461538461,0.9203101188676694
T193_OUTER_02,University College Dublin / Conway Institute,SEQUENCE_RIDGE_FULL,T193_ddb06153d18ae1babc78,PXD064962_UCD_EVENT,Q04695,PT_D3_37,0.0,0.7873779776623535
T193_OUTER_02,University College Dublin / Conway Institute,SEQUENCE_RIDGE_FULL,T193_1dcfebcb579162563a72,PXD064962_UCD_EVENT,P07996,PT_D3_41,0.0,0.6023543037039147
T193_OUTER_02,University College Dublin / Conway Institute,SEQUENCE_RIDGE_FULL,T193_33de5d1fc64ec1db3dfa,PXD064962_UCD_EVENT,Q04695,PT_D3_41,0.7647058823529411,0.7873779776623535
T193_OUTER_02,University College Dublin / Conway Institute,SEQUENCE_RIDGE_FULL,T193_541ed1efaa880849bc05,PXD064962_UCD_EVENT,P04264,PT_D3_41,0.5882352941176471,0.9979790674738384
T193_OUTER_02,University College Dublin / Conway Institute,SEQUENCE_RIDGE_FULL,T193_65840c9406425956cd1b,PXD064962_UCD_EVENT,P04004,PT_D3_41,0.8235294117647058,0.9203101188676694
T193_OUTER_02,University College Dublin / Conway Institute,SEQUENCE_RIDGE_FULL,T193_7cd9e2e228c965a5a15f,PXD064962_UCD_EVENT,Q04695,PT_D3_41,0.7058823529411765,0.7873779776623535
T193_OUTER_02,University College Dublin / Conway Institute,SEQUENCE_RIDGE_FULL,T193_7ebb3376256f89277e15,PXD064962_UCD_EVENT,Q9HDC9,PT_D3_41,0.23529411764705882,0.4762048471777366
T193_OUTER_02,University College Dublin / Conway Institute,SEQUENCE_RIDGE_FULL,T193_7f5e911b1333b519ae36,PXD064962_UCD_EVENT,P04264,PT_D3_41,0.6470588235294118,0.9979790674738384
T193_OUTER_02,University College Dublin / Conway Institute,SEQUENCE_RIDGE_FULL,T193_a2221205a9573a0340f0,PXD064962_UCD_EVENT,Q9HDC9,PT_D3_41,0.11764705882352941,0.4762048471777366
T193_OUTER_02,University College Dublin / Conway Institute,SEQUENCE_RIDGE_FULL,T193_b449fbb379d17e2edb79,PXD064962_UCD_EVENT,P06396,PT_D3_41,0.9411764705882353,0.6474948597453816
T193_OUTER_02,University College Dublin / Conway Institute,SEQUENCE_RIDGE_FULL,T193_c13170f7889d23885b55,PXD064962_UCD_EVENT,P04004,PT_D3_41,0.8823529411764706,0.9203101188676694
T193_OUTER_02,University College Dublin / Conway Institute,SEQUENCE_RIDGE_FULL,T193_c529c05b8be78f3833c6,PXD064962_UCD_EVENT,P06396,PT_D3_41,1.0,0.6474948597453816
T193_OUTER_02,University College Dublin / Conway Institute,SEQUENCE_RIDGE_FULL,T193_049668e1b16ac1935ef2,PXD064962_UCD_EVENT,P06396,PT_D3_42,0.7692307692307693,0.6474948597453816
T193_OUTER_02,University College Dublin / Conway Institute,SEQUENCE_RIDGE_FULL,T193_0525041f90cc4e816489,PXD064962_UCD_EVENT,Q9HDC9,PT_D3_42,0.38461538461538464,0.4762048471777366
T193_OUTER_02,University College Dublin / Conway Institute,SEQUENCE_RIDGE_FULL,T193_2f60e3b470660ccf21c5,PXD064962_UCD_EVENT,P04004,PT_D3_42,0.9230769230769231,0.9203101188676694
T193_OUTER_02,University College Dublin / Conway Institute,SEQUENCE_RIDGE_FULL,T193_32dad8c6b74cd11740ad,PXD064962_UCD_EVENT,P07996,PT_D3_42,0.3076923076923077,0.6023543037039147
T193_OUTER_02,University College Dublin / Conway Institute,SEQUENCE_RIDGE_FULL,T193_39dc179caec8afec02f5,PXD064962_UCD_EVENT,P04264,PT_D3_42,0.6153846153846154,0.9979790674738384
T193_OUTER_02,University College Dublin / Conway Institute,SEQUENCE_RIDGE_FULL,T193_4e1a7bdedc325115f6c9,PXD064962_UCD_EVENT,P07996,PT_D3_42,0.46153846153846156,0.6023543037039147
T193_OUTER_02,University College Dublin / Conway Institute,SEQUENCE_RIDGE_FULL,T193_52c1bf2de5d00c0de981,PXD064962_UCD_EVENT,P04004,PT_D3_42,1.0,0.9203101188676694
T193_OUTER_02,University College Dublin / Conway Institute,SEQUENCE_RIDGE_FULL,T193_67d0bb009f79c6a489ef,PXD064962_UCD_EVENT,Q04695,PT_D3_42,0.0,0.7873779776623535
T193_OUTER_02,University College Dublin / Conway Institute,SEQUENCE_RIDGE_FULL,T193_7130169339dcc4f03d39,PXD064962_UCD_EVENT,P04264,PT_D3_42,0.6923076923076923,0.9979790674738384
T193_OUTER_02,University College Dublin / Conway Institute,SEQUENCE_RIDGE_FULL,T193_8aaec8a38c9edcae6194,PXD064962_UCD_EVENT,P06396,PT_D3_42,0.8461538461538461,0.6474948597453816
T193_OUTER_02,University College Dublin / Conway Institute,SEQUENCE_RIDGE_FULL,T193_a5da8f1d74c136a000eb,PXD064962_UCD_EVENT,Q9HDC9,PT_D3_42,0.5384615384615384,0.4762048471777366
T193_OUTER_02,University College Dublin / Conway Institute,SEQUENCE_RIDGE_FULL,T193_d216af79f7ffcd4cc142,PXD064962_UCD_EVENT,Q04695,PT_D3_42,0.07692307692307693,0.7873779776623535
T193_OUTER_02,University College Dublin / Conway Institute,SEQUENCE_RIDGE_FULL,T193_2f4a83a0ff81b050cc91,PXD064962_UCD_EVENT,P04004,PT_D3_85,0.7272727272727273,0.9203101188676694
T193_OUTER_02,University College Dublin / Conway Institute,SEQUENCE_RIDGE_FULL,T193_3912d5b0b783254a9851,PXD064962_UCD_EVENT,P04004,PT_D3_85,0.8181818181818182,0.9203101188676694
T193_OUTER_02,University College Dublin / Conway Institute,SEQUENCE_RIDGE_FULL,T193_4c3ef0999cf7d6cc0829,PXD064962_UCD_EVENT,Q04695,PT_D3_85,0.09090909090909091,0.7873779776623535
T193_OUTER_02,University College Dublin / Conway Institute,SEQUENCE_RIDGE_FULL,T193_53cfca94da00e505bc60,PXD064962_UCD_EVENT,Q04695,PT_D3_85,0.0,0.7873779776623535
T193_OUTER_02,University College Dublin / Conway Institute,SEQUENCE_RIDGE_FULL,T193_93fae0a49723f47518c7,PXD064962_UCD_EVENT,P04264,PT_D3_85,0.5454545454545454,0.9979790674738384
T193_OUTER_02,University College Dublin / Conway Institute,SEQUENCE_RIDGE_FULL,T193_ab6dfb125cd0d399bcc1,PXD064962_UCD_EVENT,P04264,PT_D3_85,0.6363636363636364,0.9979790674738384
T193_OUTER_02,University College Dublin / Conway Institute,SEQUENCE_RIDGE_FULL,T193_b44b9ca5a96a95b77edd,PXD064962_UCD_EVENT,P06396,PT_D3_85,1.0,0.6474948597453816
T193_OUTER_02,University College Dublin / Conway Institute,SEQUENCE_RIDGE_FULL,T193_bfc40a694f822c8dc126,PXD064962_UCD_EVENT,P06396,PT_D3_85,0.9090909090909091,0.6474948597453816
T193_OUTER_02,University College Dublin / Conway Institute,SEQUENCE_RIDGE_FULL,T193_eb6d1b0c3b5da089a747,PXD064962_UCD_EVENT,Q9HDC9,PT_D3_85,0.45454545454545453,0.4762048471777366
T193_OUTER_02,University College Dublin / Conway Institute,SEQUENCE_RIDGE_FULL,T193_f7344fb6e5d6e7b99aca,PXD064962_UCD_EVENT,Q9HDC9,PT_D3_85,0.2727272727272727,0.4762048471777366
T193_OUTER_02,University College Dublin / Conway Institute,SEQUENCE_RIDGE_FULL,T193_0281eebeb8a988fa794f,PXD064962_UCD_EVENT,P04004,PT_D3_96,0.8571428571428571,0.9203101188676694
T193_OUTER_02,University College Dublin / Conway Institute,SEQUENCE_RIDGE_FULL,T193_0c70beb5807cd25b3cdf,PXD064962_UCD_EVENT,Q04695,PT_D3_96,0.0,0.7873779776623535
T193_OUTER_02,University College Dublin / Conway Institute,SEQUENCE_RIDGE_FULL,T193_301ee65bbde622beb9ac,PXD064962_UCD_EVENT,P04264,PT_D3_96,0.7142857142857143,0.9979790674738384
T193_OUTER_02,University College Dublin / Conway Institute,SEQUENCE_RIDGE_FULL,T193_3ddc4a4d2e15ae2a620b,PXD064962_UCD_EVENT,Q9HDC9,PT_D3_96,0.35714285714285715,0.4762048471777366
T193_OUTER_02,University College Dublin / Conway Institute,SEQUENCE_RIDGE_FULL,T193_5ae956bb18215f254816,PXD064962_UCD_EVENT,P06396,PT_D3_96,1.0,0.6474948597453816
T193_OUTER_02,University College Dublin / Conway Institute,SEQUENCE_RIDGE_FULL,T193_652c67d1e31637188a41,PXD064962_UCD_EVENT,P07996,PT_D3_96,0.5,0.6023543037039147
T193_OUTER_02,University College Dublin / Conway Institute,SEQUENCE_RIDGE_FULL,T193_895bdb41147f7ed5616e,PXD064962_UCD_EVENT,P04004,PT_D3_96,0.7857142857142857,0.9203101188676694
T193_OUTER_02,University College Dublin / Conway Institute,SEQUENCE_RIDGE_FULL,T193_8fffefc7d0c739f9f3f2,PXD064962_UCD_EVENT,Q04695,PT_D3_96,0.07142857142857142,0.7873779776623535
T193_OUTER_02,University College Dublin / Conway Institute,SEQUENCE_RIDGE_FULL,T193_93d4a0fd39d4719c9832,PXD064962_UCD_EVENT,Q9HDC9,PT_D3_96,0.42857142857142855,0.4762048471777366
T193_OUTER_02,University College Dublin / Conway Institute,SEQUENCE_RIDGE_FULL,T193_b1fc73b1f40b3de9fcbc,PXD064962_UCD_EVENT,P07996,PT_D3_96,0.5714285714285714,0.6023543037039147
T193_OUTER_02,University College Dublin / Conway Institute,SEQUENCE_RIDGE_FULL,T193_be3d2255cdd21ccf9f9a,PXD064962_UCD_EVENT,P04264,PT_D3_96,0.6428571428571429,0.9979790674738384
T193_OUTER_02,University College Dublin / Conway Institute,SEQUENCE_RIDGE_FULL,T193_fea1ca23775a46c31e31,PXD064962_UCD_EVENT,P06396,PT_D3_96,0.9285714285714286,0.6474948597453816
T193_OUTER_02,University College Dublin / Conway Institute,SEQUENCE_RIDGE_FULL,T193_29f51fc294b97016ef04,PXD064962_UCD_EVENT,P04004,T_D1_133,0.8666666666666667,0.9203101188676694
T193_OUTER_02,University College Dublin / Conway Institute,SEQUENCE_RIDGE_FULL,T193_4cffc75cc0f036beea46,PXD064962_UCD_EVENT,P06396,T_D1_133,1.0,0.6474948597453816
T193_OUTER_02,University College Dublin / Conway Institute,SEQUENCE_RIDGE_FULL,T193_4fe23d899c67715cfd87,PXD064962_UCD_EVENT,P06396,T_D1_133,0.9333333333333333,0.6474948597453816
T193_OUTER_02,University College Dublin / Conway Institute,SEQUENCE_RIDGE_FULL,T193_54b94c66ca4d94ae0a22,PXD064962_UCD_EVENT,P04264,T_D1_133,0.7333333333333333,0.9979790674738384
T193_OUTER_02,University College Dublin / Conway Institute,SEQUENCE_RIDGE_FULL,T193_a6b3b807e52ca5ffe942,PXD064962_UCD_EVENT,P04004,T_D1_133,0.8,0.9203101188676694
T193_OUTER_02,University College Dublin / Conway Institute,SEQUENCE_RIDGE_FULL,T193_b7a68a528919ca6d92f8,PXD064962_UCD_EVENT,Q9HDC9,T_D1_133,0.6,0.4762048471777366
T193_OUTER_02,University College Dublin / Conway Institute,SEQUENCE_RIDGE_FULL,T193_c2e657dee93ddca76e4c,PXD064962_UCD_EVENT,P04264,T_D1_133,0.6666666666666666,0.9979790674738384
T193_OUTER_02,University College Dublin / Conway Institute,SEQUENCE_RIDGE_FULL,T193_c3e20281ad7426b390a2,PXD064962_UCD_EVENT,P07996,T_D1_133,0.4,0.6023543037039147
T193_OUTER_02,University College Dublin / Conway Institute,SEQUENCE_RIDGE_FULL,T193_d6618261a58e430fb97c,PXD064962_UCD_EVENT,Q04695,T_D1_133,0.06666666666666667,0.7873779776623535
T193_OUTER_02,University College Dublin / Conway Institute,SEQUENCE_RIDGE_FULL,T193_d8a938b7b9baf0acc5fa,PXD064962_UCD_EVENT,P07996,T_D1_133,0.4666666666666667,0.6023543037039147
T193_OUTER_02,University College Dublin / Conway Institute,SEQUENCE_RIDGE_FULL,T193_f39de2277be9743d64d1,PXD064962_UCD_EVENT,Q04695,T_D1_133,0.0,0.7873779776623535
T193_OUTER_02,University College Dublin / Conway Institute,SEQUENCE_RIDGE_FULL,T193_f747ec5025a601b8f377,PXD064962_UCD_EVENT,Q9HDC9,T_D1_133,0.5333333333333333,0.4762048471777366
T193_OUTER_02,University College Dublin / Conway Institute,SEQUENCE_RIDGE_FULL,T193_094d900b578fab4c6403,PXD064962_UCD_EVENT,P04264,T_D1_138,0.6428571428571429,0.9979790674738384
T193_OUTER_02,University College Dublin / Conway Institute,SEQUENCE_RIDGE_FULL,T193_121598300486c0d17a78,PXD064962_UCD_EVENT,P04004,T_D1_138,1.0,0.9203101188676694
T193_OUTER_02,University College Dublin / Conway Institute,SEQUENCE_RIDGE_FULL,T193_513ae0228c8455d26ed9,PXD064962_UCD_EVENT,Q04695,T_D1_138,0.0,0.7873779776623535
T193_OUTER_02,University College Dublin / Conway Institute,SEQUENCE_RIDGE_FULL,T193_544bd240557d42ebbef8,PXD064962_UCD_EVENT,P07996,T_D1_138,0.2857142857142857,0.6023543037039147
T193_OUTER_02,University College Dublin / Conway Institute,SEQUENCE_RIDGE_FULL,T193_589beb83e6ecddf3e7fd,PXD064962_UCD_EVENT,P04264,T_D1_138,0.7142857142857143,0.9979790674738384
T193_OUTER_02,University College Dublin / Conway Institute,SEQUENCE_RIDGE_FULL,T193_7f587094bd3ca9b2dce4,PXD064962_UCD_EVENT,Q9HDC9,T_D1_138,0.5714285714285714,0.4762048471777366
T193_OUTER_02,University College Dublin / Conway Institute,SEQUENCE_RIDGE_FULL,T193_83901fb4ad9b3bc412ad,PXD064962_UCD_EVENT,P06396,T_D1_138,0.8571428571428571,0.6474948597453816
T193_OUTER_02,University College Dublin / Conway Institute,SEQUENCE_RIDGE_FULL,T193_8d76bbffcb0ada538737,PXD064962_UCD_EVENT,Q9HDC9,T_D1_138,0.5,0.4762048471777366
T193_OUTER_02,University College Dublin / Conway Institute,SEQUENCE_RIDGE_FULL,T193_8eaa99b9d79da3ea42e5,PXD064962_UCD_EVENT,P06396,T_D1_138,0.7857142857142857,0.6474948597453816
T193_OUTER_02,University College Dublin / Conway Institute,SEQUENCE_RIDGE_FULL,T193_bd28cd0dbc081879fefe,PXD064962_UCD_EVENT,P04004,T_D1_138,0.9285714285714286,0.9203101188676694
T193_OUTER_02,University College Dublin / Conway Institute,SEQUENCE_RIDGE_FULL,T193_c2512763d4d23af18a6e,PXD064962_UCD_EVENT,Q04695,T_D1_138,0.07142857142857142,0.7873779776623535
T193_OUTER_02,University College Dublin / Conway Institute,SEQUENCE_RIDGE_FULL,T193_0bcbfcec395a09b42b2b,PXD064962_UCD_EVENT,Q04695,T_D1_165,0.0,0.7873779776623535
T193_OUTER_02,University College Dublin / Conway Institute,SEQUENCE_RIDGE_FULL,T193_15be752bf3a9ac62c093,PXD064962_UCD_EVENT,Q04695,T_D1_165,0.07142857142857142,0.7873779776623535
T193_OUTER_02,University College Dublin / Conway Institute,SEQUENCE_RIDGE_FULL,T193_2c5c54cba7b03ff0c8f7,PXD064962_UCD_EVENT,Q9HDC9,T_D1_165,0.42857142857142855,0.4762048471777366
T193_OUTER_02,University College Dublin / Conway Institute,SEQUENCE_RIDGE_FULL,T193_32aa38c50fafb5cc09d6,PXD064962_UCD_EVENT,P06396,T_D1_165,0.9285714285714286,0.6474948597453816
T193_OUTER_02,University College Dublin / Conway Institute,SEQUENCE_RIDGE_FULL,T193_35db59f67fa69c770767,PXD064962_UCD_EVENT,P06396,T_D1_165,1.0,0.6474948597453816
T193_OUTER_02,University College Dublin / Conway Institute,SEQUENCE_RIDGE_FULL,T193_3f1462d8894b4b16b890,PXD064962_UCD_EVENT,P04004,T_D1_165,0.8571428571428571,0.9203101188676694
T193_OUTER_02,University College Dublin / Conway Institute,SEQUENCE_RIDGE_FULL,T193_487fda41acb5404b4dbd,PXD064962_UCD_EVENT,P07996,T_D1_165,0.5714285714285714,0.6023543037039147
T193_OUTER_02,University College Dublin / Conway Institute,SEQUENCE_RIDGE_FULL,T193_77e30d3b5bc3f02debb6,PXD064962_UCD_EVENT,P04264,T_D1_165,0.7142857142857143,0.9979790674738384
T193_OUTER_02,University College Dublin / Conway Institute,SEQUENCE_RIDGE_FULL,T193_8514d0e8f00d1539b9fd,PXD064962_UCD_EVENT,P04004,T_D1_165,0.7857142857142857,0.9203101188676694
T193_OUTER_02,University College Dublin / Conway Institute,SEQUENCE_RIDGE_FULL,T193_c42f556ddbfb3ab94d20,PXD064962_UCD_EVENT,P07996,T_D1_165,0.5,0.6023543037039147
T193_OUTER_02,University College Dublin / Conway Institute,SEQUENCE_RIDGE_FULL,T193_da87f24705d8a07718bd,PXD064962_UCD_EVENT,Q9HDC9,T_D1_165,0.35714285714285715,0.4762048471777366
T193_OUTER_02,University College Dublin / Conway Institute,SEQUENCE_RIDGE_FULL,T193_e8f982121ca6993ec86e,PXD064962_UCD_EVENT,P04264,T_D1_165,0.6428571428571429,0.9979790674738384
T193_OUTER_02,University College Dublin / Conway Institute,SEQUENCE_RIDGE_FULL,T193_06f9cacd7e2d3c69d407,PXD064962_UCD_EVENT,P04264,T_D1_173,0.5,0.9979790674738384
T193_OUTER_02,University College Dublin / Conway Institute,SEQUENCE_RIDGE_FULL,T193_1365cef30e94999c9e4d,PXD064962_UCD_EVENT,Q9HDC9,T_D1_173,0.42857142857142855,0.4762048471777366
T193_OUTER_02,University College Dublin / Conway Institute,SEQUENCE_RIDGE_FULL,T193_35e7df6290d3929d4652,PXD064962_UCD_EVENT,Q9HDC9,T_D1_173,0.35714285714285715,0.4762048471777366
T193_OUTER_02,University College Dublin / Conway Institute,SEQUENCE_RIDGE_FULL,T193_60d0b9917b28cb6fde21,PXD064962_UCD_EVENT,P06396,T_D1_173,0.7857142857142857,0.6474948597453816
T193_OUTER_02,University College Dublin / Conway Institute,SEQUENCE_RIDGE_FULL,T193_888ce51e6de930d23c37,PXD064962_UCD_EVENT,P04004,T_D1_173,1.0,0.9203101188676694
T193_OUTER_02,University College Dublin / Conway Institute,SEQUENCE_RIDGE_FULL,T193_b0ad186b148592584c7b,PXD064962_UCD_EVENT,Q04695,T_D1_173,0.0,0.7873779776623535
T193_OUTER_02,University College Dublin / Conway Institute,SEQUENCE_RIDGE_FULL,T193_b16c6d11ef45cb11917c,PXD064962_UCD_EVENT,P06396,T_D1_173,0.9285714285714286,0.6474948597453816
T193_OUTER_02,University College Dublin / Conway Institute,SEQUENCE_RIDGE_FULL,T193_b19697a57e659cc541ae,PXD064962_UCD_EVENT,P07996,T_D1_173,0.6428571428571429,0.6023543037039147
T193_OUTER_02,University College Dublin / Conway Institute,SEQUENCE_RIDGE_FULL,T193_ca31331cedd9859e0c2f,PXD064962_UCD_EVENT,P07996,T_D1_173,0.7142857142857143,0.6023543037039147
T193_OUTER_02,University College Dublin / Conway Institute,SEQUENCE_RIDGE_FULL,T193_cae5fd048af2f2d86135,PXD064962_UCD_EVENT,P04004,T_D1_173,0.8571428571428571,0.9203101188676694
T193_OUTER_02,University College Dublin / Conway Institute,SEQUENCE_RIDGE_FULL,T193_d828383448845983129d,PXD064962_UCD_EVENT,P04264,T_D1_173,0.5714285714285714,0.9979790674738384
T193_OUTER_02,University College Dublin / Conway Institute,SEQUENCE_RIDGE_FULL,T193_07d7485a752b58433420,PXD064962_UCD_EVENT,Q9HDC9,T_D1_186,0.5384615384615384,0.4762048471777366
T193_OUTER_02,University College Dublin / Conway Institute,SEQUENCE_RIDGE_FULL,T193_17ea6306b90ee542a7fb,PXD064962_UCD_EVENT,P04004,T_D1_186,0.9230769230769231,0.9203101188676694
T193_OUTER_02,University College Dublin / Conway Institute,SEQUENCE_RIDGE_FULL,T193_29c57de747ddb3e0902c,PXD064962_UCD_EVENT,Q04695,T_D1_186,0.07692307692307693,0.7873779776623535
T193_OUTER_02,University College Dublin / Conway Institute,SEQUENCE_RIDGE_FULL,T193_300a2ee25a111ac03a8e,PXD064962_UCD_EVENT,P06396,T_D1_186,0.8461538461538461,0.6474948597453816
T193_OUTER_02,University College Dublin / Conway Institute,SEQUENCE_RIDGE_FULL,T193_31d3b9aabcd3432b42a9,PXD064962_UCD_EVENT,P04264,T_D1_186,0.6923076923076923,0.9979790674738384
T193_OUTER_02,University College Dublin / Conway Institute,SEQUENCE_RIDGE_FULL,T193_3c6d7f1bac9e8e93e487,PXD064962_UCD_EVENT,P04004,T_D1_186,1.0,0.9203101188676694
T193_OUTER_02,University College Dublin / Conway Institute,SEQUENCE_RIDGE_FULL,T193_50b8d719fd4eca9a061a,PXD064962_UCD_EVENT,P07996,T_D1_186,0.38461538461538464,0.6023543037039147
T193_OUTER_02,University College Dublin / Conway Institute,SEQUENCE_RIDGE_FULL,T193_54df08d11c3469b5c12d,PXD064962_UCD_EVENT,P26038,T_D1_186,0.15384615384615385,0.6650317492787635
T193_OUTER_02,University College Dublin / Conway Institute,SEQUENCE_RIDGE_FULL,T193_6ac1b9f9ea5ea470fe6b,PXD064962_UCD_EVENT,Q04695,T_D1_186,0.0,0.7873779776623535
T193_OUTER_02,University College Dublin / Conway Institute,SEQUENCE_RIDGE_FULL,T193_872f62b6e255aaaccba7,PXD064962_UCD_EVENT,P07996,T_D1_186,0.3076923076923077,0.6023543037039147
T193_OUTER_02,University College Dublin / Conway Institute,SEQUENCE_RIDGE_FULL,T193_a5a9bdb2fd33cb21e200,PXD064962_UCD_EVENT,Q9HDC9,T_D1_186,0.46153846153846156,0.4762048471777366
T193_OUTER_02,University College Dublin / Conway Institute,SEQUENCE_RIDGE_FULL,T193_c41b1fac9a413f12e7f3,PXD064962_UCD_EVENT,P04264,T_D1_186,0.6153846153846154,0.9979790674738384
T193_OUTER_02,University College Dublin / Conway Institute,SEQUENCE_RIDGE_FULL,T193_e12e272fb87708a9db87,PXD064962_UCD_EVENT,P06396,T_D1_186,0.7692307692307693,0.6474948597453816
T193_OUTER_02,University College Dublin / Conway Institute,SEQUENCE_RIDGE_FULL,T193_139a790d857b5d5573df,PXD064962_UCD_EVENT,P04004,T_D3_119a,0.8461538461538461,0.9203101188676694
T193_OUTER_02,University College Dublin / Conway Institute,SEQUENCE_RIDGE_FULL,T193_2f6ce25c2c5fe843b0d3,PXD064962_UCD_EVENT,P04264,T_D3_119a,0.6153846153846154,0.9979790674738384
T193_OUTER_02,University College Dublin / Conway Institute,SEQUENCE_RIDGE_FULL,T193_408a5ff3731ef7dd7099,PXD064962_UCD_EVENT,P07996,T_D3_119a,0.3076923076923077,0.6023543037039147
T193_OUTER_02,University College Dublin / Conway Institute,SEQUENCE_RIDGE_FULL,T193_52e55897ed9e1326ddcb,PXD064962_UCD_EVENT,P04004,T_D3_119a,0.7692307692307693,0.9203101188676694
T193_OUTER_02,University College Dublin / Conway Institute,SEQUENCE_RIDGE_FULL,T193_6161a3617ea4ffac2d01,PXD064962_UCD_EVENT,P26038,T_D3_119a,0.15384615384615385,0.6650317492787635
T193_OUTER_02,University College Dublin / Conway Institute,SEQUENCE_RIDGE_FULL,T193_7b4cf936986c5e3eb99c,PXD064962_UCD_EVENT,P07996,T_D3_119a,0.38461538461538464,0.6023543037039147
T193_OUTER_02,University College Dublin / Conway Institute,SEQUENCE_RIDGE_FULL,T193_7f5455e8204f8239978a,PXD064962_UCD_EVENT,P04264,T_D3_119a,0.6923076923076923,0.9979790674738384
T193_OUTER_02,University College Dublin / Conway Institute,SEQUENCE_RIDGE_FULL,T193_9276f3ddeba120080249,PXD064962_UCD_EVENT,Q04695,T_D3_119a,0.07692307692307693,0.7873779776623535
T193_OUTER_02,University College Dublin / Conway Institute,SEQUENCE_RIDGE_FULL,T193_c6e2509e3d2ae287ad1f,PXD064962_UCD_EVENT,Q04695,T_D3_119a,0.0,0.7873779776623535
T193_OUTER_02,University College Dublin / Conway Institute,SEQUENCE_RIDGE_FULL,T193_c7020e4ccd08bb873ce4,PXD064962_UCD_EVENT,Q9HDC9,T_D3_119a,0.46153846153846156,0.4762048471777366
T193_OUTER_02,University College Dublin / Conway Institute,SEQUENCE_RIDGE_FULL,T193_dffb357443329c8966c4,PXD064962_UCD_EVENT,P06396,T_D3_119a,1.0,0.6474948597453816
T193_OUTER_02,University College Dublin / Conway Institute,SEQUENCE_RIDGE_FULL,T193_e759eb380236624d8cb4,PXD064962_UCD_EVENT,P06396,T_D3_119a,0.9230769230769231,0.6474948597453816
T193_OUTER_02,University College Dublin / Conway Institute,SEQUENCE_RIDGE_FULL,T193_eecd3b8e0f5074ec5225,PXD064962_UCD_EVENT,Q9HDC9,T_D3_119a,0.5384615384615384,0.4762048471777366
T193_OUTER_02,University College Dublin / Conway Institute,SEQUENCE_RIDGE_FULL,T193_110350075c7264344593,PXD064962_UCD_EVENT,Q04695,T_D3_119b,0.06666666666666667,0.7873779776623535
T193_OUTER_02,University College Dublin / Conway Institute,SEQUENCE_RIDGE_FULL,T193_19e8172e5937f14ce005,PXD064962_UCD_EVENT,P26038,T_D3_119b,0.2,0.6650317492787635
T193_OUTER_02,University College Dublin / Conway Institute,SEQUENCE_RIDGE_FULL,T193_36872fa65896bd42b0ad,PXD064962_UCD_EVENT,Q04695,T_D3_119b,0.0,0.7873779776623535
T193_OUTER_02,University College Dublin / Conway Institute,SEQUENCE_RIDGE_FULL,T193_3a9a8a6cbcb51fb08b79,PXD064962_UCD_EVENT,P04004,T_D3_119b,0.8,0.9203101188676694
T193_OUTER_02,University College Dublin / Conway Institute,SEQUENCE_RIDGE_FULL,T193_545192aea32b96cf3d95,PXD064962_UCD_EVENT,P04264,T_D3_119b,0.6666666666666666,0.9979790674738384
T193_OUTER_02,University College Dublin / Conway Institute,SEQUENCE_RIDGE_FULL,T193_5c9dc2e66fa463a8055f,PXD064962_UCD_EVENT,P07996,T_D3_119b,0.4,0.6023543037039147
T193_OUTER_02,University College Dublin / Conway Institute,SEQUENCE_RIDGE_FULL,T193_7f8e8f61b88a2d367d87,PXD064962_UCD_EVENT,P04004,T_D3_119b,0.8666666666666667,0.9203101188676694
T193_OUTER_02,University College Dublin / Conway Institute,SEQUENCE_RIDGE_FULL,T193_937c0062cf7d510e632a,PXD064962_UCD_EVENT,P04264,T_D3_119b,0.7333333333333333,0.9979790674738384
T193_OUTER_02,University College Dublin / Conway Institute,SEQUENCE_RIDGE_FULL,T193_c3d5ea2528bbc1886b26,PXD064962_UCD_EVENT,P06396,T_D3_119b,0.9333333333333333,0.6474948597453816
T193_OUTER_02,University College Dublin / Conway Institute,SEQUENCE_RIDGE_FULL,T193_d61f5ce027e92c9f836d,PXD064962_UCD_EVENT,Q9HDC9,T_D3_119b,0.6,0.4762048471777366
T193_OUTER_02,University College Dublin / Conway Institute,SEQUENCE_RIDGE_FULL,T193_d9a5cc740e63f8ec1292,PXD064962_UCD_EVENT,P07996,T_D3_119b,0.4666666666666667,0.6023543037039147
T193_OUTER_02,University College Dublin / Conway Institute,SEQUENCE_RIDGE_FULL,T193_dae72e896410dad674e9,PXD064962_UCD_EVENT,P06396,T_D3_119b,1.0,0.6474948597453816
T193_OUTER_02,University College Dublin / Conway Institute,SEQUENCE_RIDGE_FULL,T193_db24be8f277954b1bfe6,PXD064962_UCD_EVENT,Q9HDC9,T_D3_119b,0.5333333333333333,0.4762048471777366
T193_OUTER_02,University College Dublin / Conway Institute,SEQUENCE_RIDGE_FULL,T193_16006bbfa6117030f455,PXD064962_UCD_EVENT,Q9HDC9,T_D3_155,0.36363636363636365,0.4762048471777366
T193_OUTER_02,University College Dublin / Conway Institute,SEQUENCE_RIDGE_FULL,T193_56b395e1e60e548ee53c,PXD064962_UCD_EVENT,P07996,T_D3_155,0.09090909090909091,0.6023543037039147
T193_OUTER_02,University College Dublin / Conway Institute,SEQUENCE_RIDGE_FULL,T193_6c0aed55887b8ccf403c,PXD064962_UCD_EVENT,P06396,T_D3_155,1.0,0.6474948597453816
T193_OUTER_02,University College Dublin / Conway Institute,SEQUENCE_RIDGE_FULL,T193_7a485ad5cf5ad290505f,PXD064962_UCD_EVENT,P04264,T_D3_155,0.2727272727272727,0.9979790674738384
T193_OUTER_02,University College Dublin / Conway Institute,SEQUENCE_RIDGE_FULL,T193_ab87a247cc436ced7a88,PXD064962_UCD_EVENT,P04004,T_D3_155,0.7272727272727273,0.9203101188676694
T193_OUTER_02,University College Dublin / Conway Institute,SEQUENCE_RIDGE_FULL,T193_c2ee45b0c0cc7ef90b17,PXD064962_UCD_EVENT,P07996,T_D3_155,0.0,0.6023543037039147
T193_OUTER_02,University College Dublin / Conway Institute,SEQUENCE_RIDGE_FULL,T193_dbdbbd59b151d76568f3,PXD064962_UCD_EVENT,P06396,T_D3_155,0.9090909090909091,0.6474948597453816
T193_OUTER_02,University College Dublin / Conway Institute,SEQUENCE_RIDGE_FULL,T193_df1674428e07a6550e38,PXD064962_UCD_EVENT,P04264,T_D3_155,0.6363636363636364,0.9979790674738384
T193_OUTER_02,University College Dublin / Conway Institute,SEQUENCE_RIDGE_FULL,T193_ee1d76866ab58db11ee5,PXD064962_UCD_EVENT,Q9HDC9,T_D3_155,0.5454545454545454,0.4762048471777366
T193_OUTER_02,University College Dublin / Conway Institute,SEQUENCE_RIDGE_FULL,T193_f4e19cdb66e4da6cbc6b,PXD064962_UCD_EVENT,P04004,T_D3_155,0.8181818181818182,0.9203101188676694
T193_OUTER_02,University College Dublin / Conway Institute,SEQUENCE_RIDGE_FULL,T193_0553347ddab0a26f6284,PXD064962_UCD_EVENT,Q04695,T_D3_178,0.07142857142857142,0.7873779776623535
T193_OUTER_02,University College Dublin / Conway Institute,SEQUENCE_RIDGE_FULL,T193_284acfab733ae02771d6,PXD064962_UCD_EVENT,Q04695,T_D3_178,0.0,0.7873779776623535
T193_OUTER_02,University College Dublin / Conway Institute,SEQUENCE_RIDGE_FULL,T193_56b6dc89d160263a0898,PXD064962_UCD_EVENT,P06396,T_D3_178,0.9285714285714286,0.6474948597453816
T193_OUTER_02,University College Dublin / Conway Institute,SEQUENCE_RIDGE_FULL,T193_68539d1086aa97894300,PXD064962_UCD_EVENT,P07996,T_D3_178,0.5,0.6023543037039147
T193_OUTER_02,University College Dublin / Conway Institute,SEQUENCE_RIDGE_FULL,T193_6a5bd00c0ae8c55564c6,PXD064962_UCD_EVENT,Q9HDC9,T_D3_178,0.35714285714285715,0.4762048471777366
T193_OUTER_02,University College Dublin / Conway Institute,SEQUENCE_RIDGE_FULL,T193_6f9e46f705a25b010f6c,PXD064962_UCD_EVENT,P07996,T_D3_178,0.5714285714285714,0.6023543037039147
T193_OUTER_02,University College Dublin / Conway Institute,SEQUENCE_RIDGE_FULL,T193_742e097366ea78aef9b1,PXD064962_UCD_EVENT,Q9HDC9,T_D3_178,0.42857142857142855,0.4762048471777366
T193_OUTER_02,University College Dublin / Conway Institute,SEQUENCE_RIDGE_FULL,T193_ae36f748cf29ac3cc353,PXD064962_UCD_EVENT,P04004,T_D3_178,0.8571428571428571,0.9203101188676694
T193_OUTER_02,University College Dublin / Conway Institute,SEQUENCE_RIDGE_FULL,T193_b61fa85f97a38b032462,PXD064962_UCD_EVENT,P04004,T_D3_178,0.7857142857142857,0.9203101188676694
T193_OUTER_02,University College Dublin / Conway Institute,SEQUENCE_RIDGE_FULL,T193_b87ac41d4e0d494c93b3,PXD064962_UCD_EVENT,P04264,T_D3_178,0.6428571428571429,0.9979790674738384
T193_OUTER_02,University College Dublin / Conway Institute,SEQUENCE_RIDGE_FULL,T193_eb451122bdfd09f32628,PXD064962_UCD_EVENT,P04264,T_D3_178,0.7142857142857143,0.9979790674738384
T193_OUTER_02,University College Dublin / Conway Institute,SEQUENCE_RIDGE_FULL,T193_f0d06c178a3979655510,PXD064962_UCD_EVENT,P06396,T_D3_178,1.0,0.6474948597453816
T193_OUTER_02,University College Dublin / Conway Institute,SEQUENCE_RIDGE_FULL,T193_277fed86c60dec182c44,PXD064962_UCD_EVENT,P04004,T_D3_198,0.7916666666666666,0.9203101188676694
T193_OUTER_02,University College Dublin / Conway Institute,SEQUENCE_RIDGE_FULL,T193_2c049be292281bee895b,PXD064962_UCD_EVENT,P06396,T_D3_198,0.9166666666666666,0.6474948597453816
T193_OUTER_02,University College Dublin / Conway Institute,SEQUENCE_RIDGE_FULL,T193_409455a9329dd3af0c08,PXD064962_UCD_EVENT,P04264,T_D3_198,0.75,0.9979790674738384
T193_OUTER_02,University College Dublin / Conway Institute,SEQUENCE_RIDGE_FULL,T193_40fea312d5f4a9b6044b,PXD064962_UCD_EVENT,P04004,T_D3_198,0.8333333333333334,0.9203101188676694
T193_OUTER_02,University College Dublin / Conway Institute,SEQUENCE_RIDGE_FULL,T193_43cf2ad4945f233403f9,PXD064962_UCD_EVENT,Q04695,T_D3_198,0.9583333333333334,0.7873779776623535
T193_OUTER_02,University College Dublin / Conway Institute,SEQUENCE_RIDGE_FULL,T193_46e8e4a56e048ed09415,PXD064962_UCD_EVENT,Q04695,T_D3_198,1.0,0.7873779776623535
T193_OUTER_02,University College Dublin / Conway Institute,SEQUENCE_RIDGE_FULL,T193_4e9d5a2b8c490874f558,PXD064962_UCD_EVENT,Q9HDC9,T_D3_198,0.16666666666666666,0.4762048471777366
T193_OUTER_02,University College Dublin / Conway Institute,SEQUENCE_RIDGE_FULL,T193_674c90b08b8b2e280075,PXD064962_UCD_EVENT,P26038,T_D3_198,0.041666666666666664,0.6650317492787635
T193_OUTER_02,University College Dublin / Conway Institute,SEQUENCE_RIDGE_FULL,T193_7492f5d971da580005cb,PXD064962_UCD_EVENT,P06396,T_D3_198,0.875,0.6474948597453816
T193_OUTER_02,University College Dublin / Conway Institute,SEQUENCE_RIDGE_FULL,T193_8a5854e9055bbe26604e,PXD064962_UCD_EVENT,P26038,T_D3_198,0.25,0.6650317492787635
T193_OUTER_02,University College Dublin / Conway Institute,SEQUENCE_RIDGE_FULL,T193_a6649aaa9185c14350db,PXD064962_UCD_EVENT,Q9HDC9,T_D3_198,0.20833333333333334,0.4762048471777366
T193_OUTER_02,University College Dublin / Conway Institute,SEQUENCE_RIDGE_FULL,T193_b5541be1043fe0403712,PXD064962_UCD_EVENT,P07996,T_D3_198,0.4583333333333333,0.6023543037039147
T193_OUTER_02,University College Dublin / Conway Institute,SEQUENCE_RIDGE_FULL,T193_c3e5049407a78d9eb49d,PXD064962_UCD_EVENT,P04264,T_D3_198,0.7083333333333334,0.9979790674738384
T193_OUTER_02,University College Dublin / Conway Institute,SEQUENCE_RIDGE_FULL,T193_eade50fc1b6873cdf424,PXD064962_UCD_EVENT,P60174,T_D3_198,0.3333333333333333,0.16937003920923366
T193_OUTER_02,University College Dublin / Conway Institute,SEQUENCE_RIDGE_FULL,T193_f1381f3d5761c8138337,PXD064962_UCD_EVENT,P07996,T_D3_198,0.125,0.6023543037039147
T193_OUTER_02,University College Dublin / Conway Institute,SEQUENCE_RIDGE_FULL,T193_f2093b2bfa0393a46ada,PXD064962_UCD_EVENT,P60174,T_D3_198,0.375,0.16937003920923366
T193_OUTER_02,University College Dublin / Conway Institute,SEQUENCE_RIDGE_COMPOSITION_ONLY,T193_083eb319b7bb053cc305,PXD064962_UCD_EVENT,Q9HDC9,PT_D1_16,0.5625,0.47620601793763523
T193_OUTER_02,University College Dublin / Conway Institute,SEQUENCE_RIDGE_COMPOSITION_ONLY,T193_4ad7e9564453ddab843a,PXD064962_UCD_EVENT,Q04695,PT_D1_16,0.0625,0.7873797923221446
T193_OUTER_02,University College Dublin / Conway Institute,SEQUENCE_RIDGE_COMPOSITION_ONLY,T193_65a733144a868e026145,PXD064962_UCD_EVENT,Q9HDC9,PT_D1_16,0.75,0.47620601793763523
T193_OUTER_02,University College Dublin / Conway Institute,SEQUENCE_RIDGE_COMPOSITION_ONLY,T193_6ad324641a0137259aa2,PXD064962_UCD_EVENT,P04264,PT_D1_16,0.6875,0.9979776536927715
T193_OUTER_02,University College Dublin / Conway Institute,SEQUENCE_RIDGE_COMPOSITION_ONLY,T193_82eff3452d1fc1dd7bbf,PXD064962_UCD_EVENT,P04004,PT_D1_16,0.9375,0.9203126069447272
T193_OUTER_02,University College Dublin / Conway Institute,SEQUENCE_RIDGE_COMPOSITION_ONLY,T193_84dbef571a9203a38d09,PXD064962_UCD_EVENT,P06396,PT_D1_16,0.875,0.6474896599284874
T193_OUTER_02,University College Dublin / Conway Institute,SEQUENCE_RIDGE_COMPOSITION_ONLY,T193_a83662a33dbf58841517,PXD064962_UCD_EVENT,P26038,PT_D1_16,0.3125,0.6650304753954954
T193_OUTER_02,University College Dublin / Conway Institute,SEQUENCE_RIDGE_COMPOSITION_ONLY,T193_aa92379f9d1b180fc982,PXD064962_UCD_EVENT,P04264,PT_D1_16,0.625,0.9979776536927715
T193_OUTER_02,University College Dublin / Conway Institute,SEQUENCE_RIDGE_COMPOSITION_ONLY,T193_addded00c4bd7e1fd157,PXD064962_UCD_EVENT,Q04695,PT_D1_16,0.0,0.7873797923221446
T193_OUTER_02,University College Dublin / Conway Institute,SEQUENCE_RIDGE_COMPOSITION_ONLY,T193_c821f6a6e7df47543569,PXD064962_UCD_EVENT,P04004,PT_D1_16,1.0,0.9203126069447272
T193_OUTER_02,University College Dublin / Conway Institute,SEQUENCE_RIDGE_COMPOSITION_ONLY,T193_e568a065f61688ec1718,PXD064962_UCD_EVENT,P06396,PT_D1_16,0.8125,0.6474896599284874
T193_OUTER_02,University College Dublin / Conway Institute,SEQUENCE_RIDGE_COMPOSITION_ONLY,T193_eb73c1907ed386e9d3c3,PXD064962_UCD_EVENT,P07996,PT_D1_16,0.25,0.6023532273615577
T193_OUTER_02,University College Dublin / Conway Institute,SEQUENCE_RIDGE_COMPOSITION_ONLY,T193_048c290406639e2320f0,PXD064962_UCD_EVENT,P04004,PT_D1_18,0.75,0.9203126069447272
T193_OUTER_02,University College Dublin / Conway Institute,SEQUENCE_RIDGE_COMPOSITION_ONLY,T193_06c1d053539ffd34fcd9,PXD064962_UCD_EVENT,P06396,PT_D1_18,1.0,0.6474896599284874
T193_OUTER_02,University College Dublin / Conway Institute,SEQUENCE_RIDGE_COMPOSITION_ONLY,T193_1f684e78b0615661fdbf,PXD064962_UCD_EVENT,P04004,PT_D1_18,0.8333333333333334,0.9203126069447272
T193_OUTER_02,University College Dublin / Conway Institute,SEQUENCE_RIDGE_COMPOSITION_ONLY,T193_329cd439c29929bcbafc,PXD064962_UCD_EVENT,Q9HDC9,PT_D1_18,0.08333333333333333,0.47620601793763523
T193_OUTER_02,University College Dublin / Conway Institute,SEQUENCE_RIDGE_COMPOSITION_ONLY,T193_37e8b5795c392d091077,PXD064962_UCD_EVENT,P04264,PT_D1_18,0.5,0.9979776536927715
T193_OUTER_02,University College Dublin / Conway Institute,SEQUENCE_RIDGE_COMPOSITION_ONLY,T193_38430357f7b052884738,PXD064962_UCD_EVENT,P04264,PT_D1_18,0.3333333333333333,0.9979776536927715
T193_OUTER_02,University College Dublin / Conway Institute,SEQUENCE_RIDGE_COMPOSITION_ONLY,T193_77a71e4cbe3b38373147,PXD064962_UCD_EVENT,P06396,PT_D1_18,0.9166666666666666,0.6474896599284874
T193_OUTER_02,University College Dublin / Conway Institute,SEQUENCE_RIDGE_COMPOSITION_ONLY,T193_ab748f95be4664b17477,PXD064962_UCD_EVENT,P26038,PT_D1_18,0.6666666666666666,0.6650304753954954
T193_OUTER_02,University College Dublin / Conway Institute,SEQUENCE_RIDGE_COMPOSITION_ONLY,T193_027b9dcb4556170a14ba,PXD064962_UCD_EVENT,P06396,PT_D1_20,0.7272727272727273,0.6474896599284874
T193_OUTER_02,University College Dublin / Conway Institute,SEQUENCE_RIDGE_COMPOSITION_ONLY,T193_2f36c7f17bcc84d6ff47,PXD064962_UCD_EVENT,Q9HDC9,PT_D1_20,0.2727272727272727,0.47620601793763523
T193_OUTER_02,University College Dublin / Conway Institute,SEQUENCE_RIDGE_COMPOSITION_ONLY,T193_45ec216512be77142c94,PXD064962_UCD_EVENT,P04004,PT_D1_20,0.9090909090909091,0.9203126069447272
T193_OUTER_02,University College Dublin / Conway Institute,SEQUENCE_RIDGE_COMPOSITION_ONLY,T193_659c6b01de9532b5eac3,PXD064962_UCD_EVENT,P06396,PT_D1_20,0.8181818181818182,0.6474896599284874
T193_OUTER_02,University College Dublin / Conway Institute,SEQUENCE_RIDGE_COMPOSITION_ONLY,T193_9791fc2807907b9d51cc,PXD064962_UCD_EVENT,P04264,PT_D1_20,0.6363636363636364,0.9979776536927715
T193_OUTER_02,University College Dublin / Conway Institute,SEQUENCE_RIDGE_COMPOSITION_ONLY,T193_ea732d5a5c52513423ec,PXD064962_UCD_EVENT,P04004,PT_D1_20,1.0,0.9203126069447272
T193_OUTER_02,University College Dublin / Conway Institute,SEQUENCE_RIDGE_COMPOSITION_ONLY,T193_ee2ba8de33ab1e256728,PXD064962_UCD_EVENT,P04264,PT_D1_20,0.5454545454545454,0.9979776536927715
T193_OUTER_02,University College Dublin / Conway Institute,SEQUENCE_RIDGE_COMPOSITION_ONLY,T193_fc202a4383ad4c99b83b,PXD064962_UCD_EVENT,Q9HDC9,PT_D1_20,0.36363636363636365,0.47620601793763523
T193_OUTER_02,University College Dublin / Conway Institute,SEQUENCE_RIDGE_COMPOSITION_ONLY,T193_0130a50adc4b1e1d718b,PXD064962_UCD_EVENT,P06396,PT_D1_23,0.9285714285714286,0.6474896599284874
T193_OUTER_02,University College Dublin / Conway Institute,SEQUENCE_RIDGE_COMPOSITION_ONLY,T193_1489a3fc27ac75c65afd,PXD064962_UCD_EVENT,P05556,PT_D1_23,0.2857142857142857,0.33141214380708106
T193_OUTER_02,University College Dublin / Conway Institute,SEQUENCE_RIDGE_COMPOSITION_ONLY,T193_2dd049d834a1ff2b4e18,PXD064962_UCD_EVENT,Q9HDC9,PT_D1_23,0.35714285714285715,0.47620601793763523
T193_OUTER_02,University College Dublin / Conway Institute,SEQUENCE_RIDGE_COMPOSITION_ONLY,T193_84c7a038c593f5ebce81,PXD064962_UCD_EVENT,Q04695,PT_D1_23,0.0,0.7873797923221446
T193_OUTER_02,University College Dublin / Conway Institute,SEQUENCE_RIDGE_COMPOSITION_ONLY,T193_939c772affe07db09aff,PXD064962_UCD_EVENT,P04264,PT_D1_23,0.7142857142857143,0.9979776536927715
T193_OUTER_02,University College Dublin / Conway Institute,SEQUENCE_RIDGE_COMPOSITION_ONLY,T193_a36f400c9ee4285f2512,PXD064962_UCD_EVENT,P04004,PT_D1_23,0.8571428571428571,0.9203126069447272
T193_OUTER_02,University College Dublin / Conway Institute,SEQUENCE_RIDGE_COMPOSITION_ONLY,T193_bc9fbd589134c72dc41c,PXD064962_UCD_EVENT,P04004,PT_D1_23,0.7857142857142857,0.9203126069447272
T193_OUTER_02,University College Dublin / Conway Institute,SEQUENCE_RIDGE_COMPOSITION_ONLY,T193_d187dc457b76d188aee7,PXD064962_UCD_EVENT,P07996,PT_D1_23,0.14285714285714285,0.6023532273615577
T193_OUTER_02,University College Dublin / Conway Institute,SEQUENCE_RIDGE_COMPOSITION_ONLY,T193_db8b9470bc4725114032,PXD064962_UCD_EVENT,P26038,PT_D1_23,0.5714285714285714,0.6650304753954954
T193_OUTER_02,University College Dublin / Conway Institute,SEQUENCE_RIDGE_COMPOSITION_ONLY,T193_de41f235ead0ebc307c2,PXD064962_UCD_EVENT,Q9HDC9,PT_D1_23,0.42857142857142855,0.47620601793763523
T193_OUTER_02,University College Dublin / Conway Institute,SEQUENCE_RIDGE_COMPOSITION_ONLY,T193_ea18abba69fded6bb663,PXD064962_UCD_EVENT,P04264,PT_D1_23,0.6428571428571429,0.9979776536927715
T193_OUTER_02,University College Dublin / Conway Institute,SEQUENCE_RIDGE_COMPOSITION_ONLY,T193_edd9281fa3141928434a,PXD064962_UCD_EVENT,P26038,PT_D1_23,0.21428571428571427,0.6650304753954954
T193_OUTER_02,University College Dublin / Conway Institute,SEQUENCE_RIDGE_COMPOSITION_ONLY,T193_f53e7dacd98ac471739e,PXD064962_UCD_EVENT,P06396,PT_D1_23,1.0,0.6474896599284874
T193_OUTER_02,University College Dublin / Conway Institute,SEQUENCE_RIDGE_COMPOSITION_ONLY,T193_0601f1af35ff95936b2b,PXD064962_UCD_EVENT,Q9HDC9,PT_D1_33,0.5,0.47620601793763523
T193_OUTER_02,University College Dublin / Conway Institute,SEQUENCE_RIDGE_COMPOSITION_ONLY,T193_0ae2157e946aa227f0a0,PXD064962_UCD_EVENT,P05556,PT_D1_33,0.375,0.33141214380708106
T193_OUTER_02,University College Dublin / Conway Institute,SEQUENCE_RIDGE_COMPOSITION_ONLY,T193_1cf433059d8067ed2486,PXD064962_UCD_EVENT,Q04695,PT_D1_33,0.0,0.7873797923221446
T193_OUTER_02,University College Dublin / Conway Institute,SEQUENCE_RIDGE_COMPOSITION_ONLY,T193_36e7eef0a5c8efa4f821,PXD064962_UCD_EVENT,P04264,PT_D1_33,0.6875,0.9979776536927715
T193_OUTER_02,University College Dublin / Conway Institute,SEQUENCE_RIDGE_COMPOSITION_ONLY,T193_39a374ad5739395a9218,PXD064962_UCD_EVENT,Q9HDC9,PT_D1_33,0.4375,0.47620601793763523
T193_OUTER_02,University College Dublin / Conway Institute,SEQUENCE_RIDGE_COMPOSITION_ONLY,T193_79616e1618edf59ea44b,PXD064962_UCD_EVENT,P07996,PT_D1_33,0.25,0.6023532273615577
T193_OUTER_02,University College Dublin / Conway Institute,SEQUENCE_RIDGE_COMPOSITION_ONLY,T193_863209af188908b965af,PXD064962_UCD_EVENT,P04004,PT_D1_33,0.9375,0.9203126069447272
T193_OUTER_02,University College Dublin / Conway Institute,SEQUENCE_RIDGE_COMPOSITION_ONLY,T193_b1eea59cd6d8e3c4e156,PXD064962_UCD_EVENT,P06396,PT_D1_33,0.875,0.6474896599284874
T193_OUTER_02,University College Dublin / Conway Institute,SEQUENCE_RIDGE_COMPOSITION_ONLY,T193_c9a85882b817fcfe5ca4,PXD064962_UCD_EVENT,P06396,PT_D1_33,1.0,0.6474896599284874
T193_OUTER_02,University College Dublin / Conway Institute,SEQUENCE_RIDGE_COMPOSITION_ONLY,T193_cddb02ef92c83f5c4265,PXD064962_UCD_EVENT,Q04695,PT_D1_33,0.0625,0.7873797923221446
T193_OUTER_02,University College Dublin / Conway Institute,SEQUENCE_RIDGE_COMPOSITION_ONLY,T193_d68cdcad4bb529d25aa6,PXD064962_UCD_EVENT,P26038,PT_D1_33,0.5625,0.6650304753954954
T193_OUTER_02,University College Dublin / Conway Institute,SEQUENCE_RIDGE_COMPOSITION_ONLY,T193_e25ba02dc19d8042f9fd,PXD064962_UCD_EVENT,P04004,PT_D1_33,0.8125,0.9203126069447272
T193_OUTER_02,University College Dublin / Conway Institute,SEQUENCE_RIDGE_COMPOSITION_ONLY,T193_e3f23b0aa2b9d7486719,PXD064962_UCD_EVENT,P04264,PT_D1_33,0.75,0.9979776536927715
T193_OUTER_02,University College Dublin / Conway Institute,SEQUENCE_RIDGE_COMPOSITION_ONLY,T193_f32116f76b42655e9a21,PXD064962_UCD_EVENT,P26038,PT_D1_33,0.625,0.6650304753954954
T193_OUTER_02,University College Dublin / Conway Institute,SEQUENCE_RIDGE_COMPOSITION_ONLY,T193_07f6462e3e634bf197d4,PXD064962_UCD_EVENT,Q9HDC9,PT_D1_34,0.4166666666666667,0.47620601793763523
T193_OUTER_02,University College Dublin / Conway Institute,SEQUENCE_RIDGE_COMPOSITION_ONLY,T193_16c7066b154d57d18b52,PXD064962_UCD_EVENT,P04004,PT_D1_34,0.75,0.9203126069447272
T193_OUTER_02,University College Dublin / Conway Institute,SEQUENCE_RIDGE_COMPOSITION_ONLY,T193_541f7a6b3359f3f5b35f,PXD064962_UCD_EVENT,P04004,PT_D1_34,0.8333333333333334,0.9203126069447272
T193_OUTER_02,University College Dublin / Conway Institute,SEQUENCE_RIDGE_COMPOSITION_ONLY,T193_5dbe88ee86042f4b577c,PXD064962_UCD_EVENT,P07996,PT_D1_34,0.3333333333333333,0.6023532273615577
T193_OUTER_02,University College Dublin / Conway Institute,SEQUENCE_RIDGE_COMPOSITION_ONLY,T193_63efc573be69bd66c65d,PXD064962_UCD_EVENT,P04264,PT_D1_34,0.6666666666666666,0.9979776536927715
T193_OUTER_02,University College Dublin / Conway Institute,SEQUENCE_RIDGE_COMPOSITION_ONLY,T193_785cd8f1a80af79eeb4e,PXD064962_UCD_EVENT,Q9HDC9,PT_D1_34,0.5,0.47620601793763523
T193_OUTER_02,University College Dublin / Conway Institute,SEQUENCE_RIDGE_COMPOSITION_ONLY,T193_8facdeeb105fe2bc5b31,PXD064962_UCD_EVENT,Q04695,PT_D1_34,0.0,0.7873797923221446
T193_OUTER_02,University College Dublin / Conway Institute,SEQUENCE_RIDGE_COMPOSITION_ONLY,T193_b504ea20c19f262060fc,PXD064962_UCD_EVENT,P07996,PT_D1_34,0.25,0.6023532273615577
T193_OUTER_02,University College Dublin / Conway Institute,SEQUENCE_RIDGE_COMPOSITION_ONLY,T193_ca385b304022b1fb8f29,PXD064962_UCD_EVENT,P06396,PT_D1_34,1.0,0.6474896599284874
T193_OUTER_02,University College Dublin / Conway Institute,SEQUENCE_RIDGE_COMPOSITION_ONLY,T193_cd36d808b23ccc68b408,PXD064962_UCD_EVENT,P04264,PT_D1_34,0.5833333333333334,0.9979776536927715
T193_OUTER_02,University College Dublin / Conway Institute,SEQUENCE_RIDGE_COMPOSITION_ONLY,T193_d907a32b6e936ffaadd8,PXD064962_UCD_EVENT,P06396,PT_D1_34,0.9166666666666666,0.6474896599284874
T193_OUTER_02,University College Dublin / Conway Institute,SEQUENCE_RIDGE_COMPOSITION_ONLY,T193_f02955a4dc4e0aa1a6a4,PXD064962_UCD_EVENT,Q04695,PT_D1_34,0.08333333333333333,0.7873797923221446
T193_OUTER_02,University College Dublin / Conway Institute,SEQUENCE_RIDGE_COMPOSITION_ONLY,T193_21d2780981c8a51c5a2f,PXD064962_UCD_EVENT,Q9HDC9,PT_D1_48,0.4117647058823529,0.47620601793763523
T193_OUTER_02,University College Dublin / Conway Institute,SEQUENCE_RIDGE_COMPOSITION_ONLY,T193_232863357e4b3f2496bd,PXD064962_UCD_EVENT,P04004,PT_D1_48,0.8235294117647058,0.9203126069447272
T193_OUTER_02,University College Dublin / Conway Institute,SEQUENCE_RIDGE_COMPOSITION_ONLY,T193_3ba471a9315133123b01,PXD064962_UCD_EVENT,P60174,PT_D1_48,0.47058823529411764,0.1693749477606767
T193_OUTER_02,University College Dublin / Conway Institute,SEQUENCE_RIDGE_COMPOSITION_ONLY,T193_5a176176bdb89e815908,PXD064962_UCD_EVENT,Q04695,PT_D1_48,0.0,0.7873797923221446
T193_OUTER_02,University College Dublin / Conway Institute,SEQUENCE_RIDGE_COMPOSITION_ONLY,T193_5e034639a38d6279ffb5,PXD064962_UCD_EVENT,P04004,PT_D1_48,0.8823529411764706,0.9203126069447272
T193_OUTER_02,University College Dublin / Conway Institute,SEQUENCE_RIDGE_COMPOSITION_ONLY,T193_6636f00b8755899f8e34,PXD064962_UCD_EVENT,P04264,PT_D1_48,0.7058823529411765,0.9979776536927715
T193_OUTER_02,University College Dublin / Conway Institute,SEQUENCE_RIDGE_COMPOSITION_ONLY,T193_698f543263a3564edcf4,PXD064962_UCD_EVENT,P04264,PT_D1_48,0.7647058823529411,0.9979776536927715
T193_OUTER_02,University College Dublin / Conway Institute,SEQUENCE_RIDGE_COMPOSITION_ONLY,T193_82948c36aa46b3a1adc8,PXD064962_UCD_EVENT,P07996,PT_D1_48,0.29411764705882354,0.6023532273615577
T193_OUTER_02,University College Dublin / Conway Institute,SEQUENCE_RIDGE_COMPOSITION_ONLY,T193_8e6e4fdc52d4e2a4a2cc,PXD064962_UCD_EVENT,P60174,PT_D1_48,0.5294117647058824,0.1693749477606767
T193_OUTER_02,University College Dublin / Conway Institute,SEQUENCE_RIDGE_COMPOSITION_ONLY,T193_b9653cc6ad645e05b90e,PXD064962_UCD_EVENT,Q9HDC9,PT_D1_48,0.35294117647058826,0.47620601793763523
T193_OUTER_02,University College Dublin / Conway Institute,SEQUENCE_RIDGE_COMPOSITION_ONLY,T193_bf2a56dc69e58af8108f,PXD064962_UCD_EVENT,Q04695,PT_D1_48,0.058823529411764705,0.7873797923221446
T193_OUTER_02,University College Dublin / Conway Institute,SEQUENCE_RIDGE_COMPOSITION_ONLY,T193_c930c67f785e74dda57a,PXD064962_UCD_EVENT,P06396,PT_D1_48,0.9411764705882353,0.6474896599284874
T193_OUTER_02,University College Dublin / Conway Institute,SEQUENCE_RIDGE_COMPOSITION_ONLY,T193_d3d8297c224643107dcf,PXD064962_UCD_EVENT,P06396,PT_D1_48,1.0,0.6474896599284874
T193_OUTER_02,University College Dublin / Conway Institute,SEQUENCE_RIDGE_COMPOSITION_ONLY,T193_df2a18ff00db68401ebc,PXD064962_UCD_EVENT,P07996,PT_D1_48,0.23529411764705882,0.6023532273615577
T193_OUTER_02,University College Dublin / Conway Institute,SEQUENCE_RIDGE_COMPOSITION_ONLY,T193_2ca5554635daa3b888a7,PXD064962_UCD_EVENT,P07996,PT_D1_51,0.625,0.6023532273615577
T193_OUTER_02,University College Dublin / Conway Institute,SEQUENCE_RIDGE_COMPOSITION_ONLY,T193_316cb3ef8eff0748bbfb,PXD064962_UCD_EVENT,P06396,PT_D1_51,0.9375,0.6474896599284874
T193_OUTER_02,University College Dublin / Conway Institute,SEQUENCE_RIDGE_COMPOSITION_ONLY,T193_4dc26ebe69ecb8d387be,PXD064962_UCD_EVENT,P07996,PT_D1_51,0.5625,0.6023532273615577
T193_OUTER_02,University College Dublin / Conway Institute,SEQUENCE_RIDGE_COMPOSITION_ONLY,T193_556cb7ab65f089e97a48,PXD064962_UCD_EVENT,P04264,PT_D1_51,0.75,0.9979776536927715
T193_OUTER_02,University College Dublin / Conway Institute,SEQUENCE_RIDGE_COMPOSITION_ONLY,T193_67ac67dfb1a30d63c6ad,PXD064962_UCD_EVENT,Q04695,PT_D1_51,0.0625,0.7873797923221446
T193_OUTER_02,University College Dublin / Conway Institute,SEQUENCE_RIDGE_COMPOSITION_ONLY,T193_7182ed061e5535e59d74,PXD064962_UCD_EVENT,P04004,PT_D1_51,0.8125,0.9203126069447272
T193_OUTER_02,University College Dublin / Conway Institute,SEQUENCE_RIDGE_COMPOSITION_ONLY,T193_80c583e4f43465805d1e,PXD064962_UCD_EVENT,P04264,PT_D1_51,0.6875,0.9979776536927715
T193_OUTER_02,University College Dublin / Conway Institute,SEQUENCE_RIDGE_COMPOSITION_ONLY,T193_a1af3f5e242826f3f4da,PXD064962_UCD_EVENT,P06396,PT_D1_51,1.0,0.6474896599284874
T193_OUTER_02,University College Dublin / Conway Institute,SEQUENCE_RIDGE_COMPOSITION_ONLY,T193_a3be8697f6d197c164d3,PXD064962_UCD_EVENT,Q04695,PT_D1_51,0.0,0.7873797923221446
T193_OUTER_02,University College Dublin / Conway Institute,SEQUENCE_RIDGE_COMPOSITION_ONLY,T193_a6b8d852f8219876567e,PXD064962_UCD_EVENT,Q9HDC9,PT_D1_51,0.5,0.47620601793763523
T193_OUTER_02,University College Dublin / Conway Institute,SEQUENCE_RIDGE_COMPOSITION_ONLY,T193_b395d632eb5dc6ba5f26,PXD064962_UCD_EVENT,P26038,PT_D1_51,0.1875,0.6650304753954954
T193_OUTER_02,University College Dublin / Conway Institute,SEQUENCE_RIDGE_COMPOSITION_ONLY,T193_bce2b04d06b92d897821,PXD064962_UCD_EVENT,P04004,PT_D1_51,0.875,0.9203126069447272
T193_OUTER_02,University College Dublin / Conway Institute,SEQUENCE_RIDGE_COMPOSITION_ONLY,T193_d97e70abd820ada12f9e,PXD064962_UCD_EVENT,Q9HDC9,PT_D1_51,0.375,0.47620601793763523
T193_OUTER_02,University College Dublin / Conway Institute,SEQUENCE_RIDGE_COMPOSITION_ONLY,T193_030821b780c44560483c,PXD064962_UCD_EVENT,Q9HDC9,PT_D1_73,0.6,0.47620601793763523
T193_OUTER_02,University College Dublin / Conway Institute,SEQUENCE_RIDGE_COMPOSITION_ONLY,T193_04feae7d60c00929e7de,PXD064962_UCD_EVENT,P04004,PT_D1_73,0.8,0.9203126069447272
T193_OUTER_02,University College Dublin / Conway Institute,SEQUENCE_RIDGE_COMPOSITION_ONLY,T193_06bac4268eacbd2d362d,PXD064962_UCD_EVENT,Q04695,PT_D1_73,0.06666666666666667,0.7873797923221446
T193_OUTER_02,University College Dublin / Conway Institute,SEQUENCE_RIDGE_COMPOSITION_ONLY,T193_0cb4a06cf9d6c90fd441,PXD064962_UCD_EVENT,P07996,PT_D1_73,0.4,0.6023532273615577
T193_OUTER_02,University College Dublin / Conway Institute,SEQUENCE_RIDGE_COMPOSITION_ONLY,T193_1460e61b9e15698da0eb,PXD064962_UCD_EVENT,P04004,PT_D1_73,0.8666666666666667,0.9203126069447272
T193_OUTER_02,University College Dublin / Conway Institute,SEQUENCE_RIDGE_COMPOSITION_ONLY,T193_26ed10647193defb0ec1,PXD064962_UCD_EVENT,P26038,PT_D1_73,0.4666666666666667,0.6650304753954954
T193_OUTER_02,University College Dublin / Conway Institute,SEQUENCE_RIDGE_COMPOSITION_ONLY,T193_3037e1c8ff734e02af7d,PXD064962_UCD_EVENT,P06396,PT_D1_73,1.0,0.6474896599284874
T193_OUTER_02,University College Dublin / Conway Institute,SEQUENCE_RIDGE_COMPOSITION_ONLY,T193_503a97ed722ff0d414ef,PXD064962_UCD_EVENT,Q9HDC9,PT_D1_73,0.5333333333333333,0.47620601793763523
T193_OUTER_02,University College Dublin / Conway Institute,SEQUENCE_RIDGE_COMPOSITION_ONLY,T193_5747f88a752c9ffe5d69,PXD064962_UCD_EVENT,P06396,PT_D1_73,0.9333333333333333,0.6474896599284874
T193_OUTER_02,University College Dublin / Conway Institute,SEQUENCE_RIDGE_COMPOSITION_ONLY,T193_5be17d2a47558bc8d4ef,PXD064962_UCD_EVENT,P04264,PT_D1_73,0.6666666666666666,0.9979776536927715
T193_OUTER_02,University College Dublin / Conway Institute,SEQUENCE_RIDGE_COMPOSITION_ONLY,T193_b6efba80551282df8345,PXD064962_UCD_EVENT,P07996,PT_D1_73,0.3333333333333333,0.6023532273615577
T193_OUTER_02,University College Dublin / Conway Institute,SEQUENCE_RIDGE_COMPOSITION_ONLY,T193_e478e72de2ea14a68bb4,PXD064962_UCD_EVENT,Q04695,PT_D1_73,0.0,0.7873797923221446
T193_OUTER_02,University College Dublin / Conway Institute,SEQUENCE_RIDGE_COMPOSITION_ONLY,T193_fe4ff3122f953d774756,PXD064962_UCD_EVENT,P04264,PT_D1_73,0.7333333333333333,0.9979776536927715
T193_OUTER_02,University College Dublin / Conway Institute,SEQUENCE_RIDGE_COMPOSITION_ONLY,T193_0ad7430a35cfda319545,PXD064962_UCD_EVENT,P07996,PT_D1_81,0.6428571428571429,0.6023532273615577
T193_OUTER_02,University College Dublin / Conway Institute,SEQUENCE_RIDGE_COMPOSITION_ONLY,T193_27c854f1f8a0d438631c,PXD064962_UCD_EVENT,P04004,PT_D1_81,0.7857142857142857,0.9203126069447272
T193_OUTER_02,University College Dublin / Conway Institute,SEQUENCE_RIDGE_COMPOSITION_ONLY,T193_369349099be46f9f72b4,PXD064962_UCD_EVENT,P06396,PT_D1_81,0.9285714285714286,0.6474896599284874
T193_OUTER_02,University College Dublin / Conway Institute,SEQUENCE_RIDGE_COMPOSITION_ONLY,T193_50f21119564d3d8c9beb,PXD064962_UCD_EVENT,P06396,PT_D1_81,1.0,0.6474896599284874
T193_OUTER_02,University College Dublin / Conway Institute,SEQUENCE_RIDGE_COMPOSITION_ONLY,T193_9ea35a9be647ef6b2824,PXD064962_UCD_EVENT,Q9HDC9,PT_D1_81,0.5,0.47620601793763523
T193_OUTER_02,University College Dublin / Conway Institute,SEQUENCE_RIDGE_COMPOSITION_ONLY,T193_ac6c11c9f3c28b51907e,PXD064962_UCD_EVENT,P07996,PT_D1_81,0.7142857142857143,0.6023532273615577
T193_OUTER_02,University College Dublin / Conway Institute,SEQUENCE_RIDGE_COMPOSITION_ONLY,T193_b15acdbf1a8f3b53948b,PXD064962_UCD_EVENT,P04264,PT_D1_81,0.21428571428571427,0.9979776536927715
T193_OUTER_02,University College Dublin / Conway Institute,SEQUENCE_RIDGE_COMPOSITION_ONLY,T193_d41bfcb460c86189d5b4,PXD064962_UCD_EVENT,P04264,PT_D1_81,0.42857142857142855,0.9979776536927715
T193_OUTER_02,University College Dublin / Conway Institute,SEQUENCE_RIDGE_COMPOSITION_ONLY,T193_eebf2bc9f7005a7b5d6c,PXD064962_UCD_EVENT,P04004,PT_D1_81,0.8571428571428571,0.9203126069447272
T193_OUTER_02,University College Dublin / Conway Institute,SEQUENCE_RIDGE_COMPOSITION_ONLY,T193_f7e47e17f7fd676e52d3,PXD064962_UCD_EVENT,Q9HDC9,PT_D1_81,0.2857142857142857,0.47620601793763523
T193_OUTER_02,University College Dublin / Conway Institute,SEQUENCE_RIDGE_COMPOSITION_ONLY,T193_029c68f36f38d63c37a7,PXD064962_UCD_EVENT,P06396,PT_D3_06,0.9285714285714286,0.6474896599284874
T193_OUTER_02,University College Dublin / Conway Institute,SEQUENCE_RIDGE_COMPOSITION_ONLY,T193_09f3e65b9c964100c337,PXD064962_UCD_EVENT,P07996,PT_D3_06,0.21428571428571427,0.6023532273615577
T193_OUTER_02,University College Dublin / Conway Institute,SEQUENCE_RIDGE_COMPOSITION_ONLY,T193_0ea1a7b6b95c9456e85d,PXD064962_UCD_EVENT,Q04695,PT_D3_06,0.07142857142857142,0.7873797923221446
T193_OUTER_02,University College Dublin / Conway Institute,SEQUENCE_RIDGE_COMPOSITION_ONLY,T193_16995eec46496e1ea50d,PXD064962_UCD_EVENT,P04004,PT_D3_06,1.0,0.9203126069447272
T193_OUTER_02,University College Dublin / Conway Institute,SEQUENCE_RIDGE_COMPOSITION_ONLY,T193_26b3d782f8696642df7b,PXD064962_UCD_EVENT,Q9HDC9,PT_D3_06,0.5714285714285714,0.47620601793763523
T193_OUTER_02,University College Dublin / Conway Institute,SEQUENCE_RIDGE_COMPOSITION_ONLY,T193_33818a064ef11625738d,PXD064962_UCD_EVENT,P06396,PT_D3_06,0.8571428571428571,0.6474896599284874
T193_OUTER_02,University College Dublin / Conway Institute,SEQUENCE_RIDGE_COMPOSITION_ONLY,T193_5e01bc87e7a9463a7fd2,PXD064962_UCD_EVENT,Q9HDC9,PT_D3_06,0.5,0.47620601793763523
T193_OUTER_02,University College Dublin / Conway Institute,SEQUENCE_RIDGE_COMPOSITION_ONLY,T193_845ef1595702d7b3c8c0,PXD064962_UCD_EVENT,P07996,PT_D3_06,0.2857142857142857,0.6023532273615577
T193_OUTER_02,University College Dublin / Conway Institute,SEQUENCE_RIDGE_COMPOSITION_ONLY,T193_93f9af12844e98733450,PXD064962_UCD_EVENT,P04004,PT_D3_06,0.7857142857142857,0.9203126069447272
T193_OUTER_02,University College Dublin / Conway Institute,SEQUENCE_RIDGE_COMPOSITION_ONLY,T193_a32d0f1f95e0aca424f1,PXD064962_UCD_EVENT,P04264,PT_D3_06,0.6428571428571429,0.9979776536927715
T193_OUTER_02,University College Dublin / Conway Institute,SEQUENCE_RIDGE_COMPOSITION_ONLY,T193_a63cd03b5803de2b9211,PXD064962_UCD_EVENT,P04264,PT_D3_06,0.7142857142857143,0.9979776536927715
T193_OUTER_02,University College Dublin / Conway Institute,SEQUENCE_RIDGE_COMPOSITION_ONLY,T193_cd38856b9effab33408d,PXD064962_UCD_EVENT,Q04695,PT_D3_06,0.0,0.7873797923221446
T193_OUTER_02,University College Dublin / Conway Institute,SEQUENCE_RIDGE_COMPOSITION_ONLY,T193_06a22f57fd064ace1382,PXD064962_UCD_EVENT,P06396,PT_D3_14,0.9333333333333333,0.6474896599284874
T193_OUTER_02,University College Dublin / Conway Institute,SEQUENCE_RIDGE_COMPOSITION_ONLY,T193_0a369bf3e3c81c0b381d,PXD064962_UCD_EVENT,Q04695,PT_D3_14,0.0,0.7873797923221446
T193_OUTER_02,University College Dublin / Conway Institute,SEQUENCE_RIDGE_COMPOSITION_ONLY,T193_151bb0bfb891e787c315,PXD064962_UCD_EVENT,Q04695,PT_D3_14,0.06666666666666667,0.7873797923221446
T193_OUTER_02,University College Dublin / Conway Institute,SEQUENCE_RIDGE_COMPOSITION_ONLY,T193_1e88d554a594293a9fe2,PXD064962_UCD_EVENT,P07996,PT_D3_14,0.13333333333333333,0.6023532273615577
T193_OUTER_02,University College Dublin / Conway Institute,SEQUENCE_RIDGE_COMPOSITION_ONLY,T193_3dfad86cb89146f9e148,PXD064962_UCD_EVENT,P04264,PT_D3_14,0.7333333333333333,0.9979776536927715
T193_OUTER_02,University College Dublin / Conway Institute,SEQUENCE_RIDGE_COMPOSITION_ONLY,T193_60eadfba79bcf9e11fc7,PXD064962_UCD_EVENT,P04264,PT_D3_14,0.6666666666666666,0.9979776536927715
T193_OUTER_02,University College Dublin / Conway Institute,SEQUENCE_RIDGE_COMPOSITION_ONLY,T193_797a7d369838a3fc6fe7,PXD064962_UCD_EVENT,P06396,PT_D3_14,1.0,0.6474896599284874
T193_OUTER_02,University College Dublin / Conway Institute,SEQUENCE_RIDGE_COMPOSITION_ONLY,T193_a5e622602022f7097c99,PXD064962_UCD_EVENT,P04004,PT_D3_14,0.8,0.9203126069447272
T193_OUTER_02,University College Dublin / Conway Institute,SEQUENCE_RIDGE_COMPOSITION_ONLY,T193_b829d61ac72c19ae69d1,PXD064962_UCD_EVENT,Q9HDC9,PT_D3_14,0.4666666666666667,0.47620601793763523
T193_OUTER_02,University College Dublin / Conway Institute,SEQUENCE_RIDGE_COMPOSITION_ONLY,T193_dfe037f32bf1efd71e8a,PXD064962_UCD_EVENT,P04004,PT_D3_14,0.8666666666666667,0.9203126069447272
T193_OUTER_02,University College Dublin / Conway Institute,SEQUENCE_RIDGE_COMPOSITION_ONLY,T193_edf4cda1d0489db88dac,PXD064962_UCD_EVENT,Q9HDC9,PT_D3_14,0.4,0.47620601793763523
T193_OUTER_02,University College Dublin / Conway Institute,SEQUENCE_RIDGE_COMPOSITION_ONLY,T193_f14610a36a66f2904a04,PXD064962_UCD_EVENT,P07996,PT_D3_14,0.2,0.6023532273615577
T193_OUTER_02,University College Dublin / Conway Institute,SEQUENCE_RIDGE_COMPOSITION_ONLY,T193_064e93a3fae696138584,PXD064962_UCD_EVENT,Q9HDC9,PT_D3_22,0.5,0.47620601793763523
T193_OUTER_02,University College Dublin / Conway Institute,SEQUENCE_RIDGE_COMPOSITION_ONLY,T193_0c6af02c0ca69254a9e9,PXD064962_UCD_EVENT,P07996,PT_D3_22,0.25,0.6023532273615577
T193_OUTER_02,University College Dublin / Conway Institute,SEQUENCE_RIDGE_COMPOSITION_ONLY,T193_45dac6a628671e47c54b,PXD064962_UCD_EVENT,Q04695,PT_D3_22,0.0,0.7873797923221446
T193_OUTER_02,University College Dublin / Conway Institute,SEQUENCE_RIDGE_COMPOSITION_ONLY,T193_5124be6363167b53ae3a,PXD064962_UCD_EVENT,Q9HDC9,PT_D3_22,0.4166666666666667,0.47620601793763523
T193_OUTER_02,University College Dublin / Conway Institute,SEQUENCE_RIDGE_COMPOSITION_ONLY,T193_93d82c8113755f1c1d0c,PXD064962_UCD_EVENT,P06396,PT_D3_22,1.0,0.6474896599284874
T193_OUTER_02,University College Dublin / Conway Institute,SEQUENCE_RIDGE_COMPOSITION_ONLY,T193_c7dea7c080e94367c4d4,PXD064962_UCD_EVENT,P04264,PT_D3_22,0.6666666666666666,0.9979776536927715
T193_OUTER_02,University College Dublin / Conway Institute,SEQUENCE_RIDGE_COMPOSITION_ONLY,T193_d9df71117c998ed3d37d,PXD064962_UCD_EVENT,P04264,PT_D3_22,0.5833333333333334,0.9979776536927715
T193_OUTER_02,University College Dublin / Conway Institute,SEQUENCE_RIDGE_COMPOSITION_ONLY,T193_efbe26ccf80e575a809a,PXD064962_UCD_EVENT,P04004,PT_D3_22,0.8333333333333334,0.9203126069447272
T193_OUTER_02,University College Dublin / Conway Institute,SEQUENCE_RIDGE_COMPOSITION_ONLY,T193_f81210a39098d23e02bc,PXD064962_UCD_EVENT,P06396,PT_D3_22,0.9166666666666666,0.6474896599284874
T193_OUTER_02,University College Dublin / Conway Institute,SEQUENCE_RIDGE_COMPOSITION_ONLY,T193_f9dd3402e83b01fcde3b,PXD064962_UCD_EVENT,P04004,PT_D3_22,0.75,0.9203126069447272
T193_OUTER_02,University College Dublin / Conway Institute,SEQUENCE_RIDGE_COMPOSITION_ONLY,T193_08bfd72ede77a9233ecd,PXD064962_UCD_EVENT,Q04695,PT_D3_28,0.08333333333333333,0.7873797923221446
T193_OUTER_02,University College Dublin / Conway Institute,SEQUENCE_RIDGE_COMPOSITION_ONLY,T193_1a91a83a27a2babdb6f2,PXD064962_UCD_EVENT,Q9HDC9,PT_D3_28,0.25,0.47620601793763523
T193_OUTER_02,University College Dublin / Conway Institute,SEQUENCE_RIDGE_COMPOSITION_ONLY,T193_33cc40b53ee9c124ba08,PXD064962_UCD_EVENT,P06396,PT_D3_28,0.75,0.6474896599284874
T193_OUTER_02,University College Dublin / Conway Institute,SEQUENCE_RIDGE_COMPOSITION_ONLY,T193_396310747f703defdcc6,PXD064962_UCD_EVENT,P06396,PT_D3_28,0.8333333333333334,0.6474896599284874
T193_OUTER_02,University College Dublin / Conway Institute,SEQUENCE_RIDGE_COMPOSITION_ONLY,T193_3d10a6c1f6c52a176792,PXD064962_UCD_EVENT,Q04695,PT_D3_28,0.0,0.7873797923221446
T193_OUTER_02,University College Dublin / Conway Institute,SEQUENCE_RIDGE_COMPOSITION_ONLY,T193_4be086afd22e95a9642e,PXD064962_UCD_EVENT,P04004,PT_D3_28,0.9166666666666666,0.9203126069447272
T193_OUTER_02,University College Dublin / Conway Institute,SEQUENCE_RIDGE_COMPOSITION_ONLY,T193_6741e1c5f69adc22f9c9,PXD064962_UCD_EVENT,P04264,PT_D3_28,0.5833333333333334,0.9979776536927715
T193_OUTER_02,University College Dublin / Conway Institute,SEQUENCE_RIDGE_COMPOSITION_ONLY,T193_68ee68b1e1586602bd28,PXD064962_UCD_EVENT,P04004,PT_D3_28,1.0,0.9203126069447272
T193_OUTER_02,University College Dublin / Conway Institute,SEQUENCE_RIDGE_COMPOSITION_ONLY,T193_6edc23ad42f86009515e,PXD064962_UCD_EVENT,P04264,PT_D3_28,0.6666666666666666,0.9979776536927715
T193_OUTER_02,University College Dublin / Conway Institute,SEQUENCE_RIDGE_COMPOSITION_ONLY,T193_9558bbf4ca5da4f999c5,PXD064962_UCD_EVENT,P26038,PT_D3_28,0.3333333333333333,0.6650304753954954
T193_OUTER_02,University College Dublin / Conway Institute,SEQUENCE_RIDGE_COMPOSITION_ONLY,T193_314aef9402958e15d77e,PXD064962_UCD_EVENT,P04264,PT_D3_30,0.6923076923076923,0.9979776536927715
T193_OUTER_02,University College Dublin / Conway Institute,SEQUENCE_RIDGE_COMPOSITION_ONLY,T193_4436bf51b19eca2901f7,PXD064962_UCD_EVENT,Q04695,PT_D3_30,0.0,0.7873797923221446
T193_OUTER_02,University College Dublin / Conway Institute,SEQUENCE_RIDGE_COMPOSITION_ONLY,T193_5d4ea0e24dd41dc88f43,PXD064962_UCD_EVENT,P26038,PT_D3_30,0.23076923076923078,0.6650304753954954
T193_OUTER_02,University College Dublin / Conway Institute,SEQUENCE_RIDGE_COMPOSITION_ONLY,T193_610b3e662420ac4c1aa1,PXD064962_UCD_EVENT,P06396,PT_D3_30,0.8461538461538461,0.6474896599284874
T193_OUTER_02,University College Dublin / Conway Institute,SEQUENCE_RIDGE_COMPOSITION_ONLY,T193_6356d341fe3a1b21ff72,PXD064962_UCD_EVENT,Q9HDC9,PT_D3_30,0.5384615384615384,0.47620601793763523
T193_OUTER_02,University College Dublin / Conway Institute,SEQUENCE_RIDGE_COMPOSITION_ONLY,T193_7379e61dc58752d31f54,PXD064962_UCD_EVENT,Q04695,PT_D3_30,0.07692307692307693,0.7873797923221446
T193_OUTER_02,University College Dublin / Conway Institute,SEQUENCE_RIDGE_COMPOSITION_ONLY,T193_83d8babb34b020bd2046,PXD064962_UCD_EVENT,P07996,PT_D3_30,0.15384615384615385,0.6023532273615577
T193_OUTER_02,University College Dublin / Conway Institute,SEQUENCE_RIDGE_COMPOSITION_ONLY,T193_8d79ee56596479b6c4f8,PXD064962_UCD_EVENT,P04004,PT_D3_30,0.9230769230769231,0.9203126069447272
T193_OUTER_02,University College Dublin / Conway Institute,SEQUENCE_RIDGE_COMPOSITION_ONLY,T193_9f4c1e037ece4657e420,PXD064962_UCD_EVENT,P04264,PT_D3_30,0.6153846153846154,0.9979776536927715
T193_OUTER_02,University College Dublin / Conway Institute,SEQUENCE_RIDGE_COMPOSITION_ONLY,T193_c8d69f20072021a654e2,PXD064962_UCD_EVENT,P06396,PT_D3_30,1.0,0.6474896599284874
T193_OUTER_02,University College Dublin / Conway Institute,SEQUENCE_RIDGE_COMPOSITION_ONLY,T193_d4c161c08b4be4e48f77,PXD064962_UCD_EVENT,Q9HDC9,PT_D3_30,0.46153846153846156,0.47620601793763523
T193_OUTER_02,University College Dublin / Conway Institute,SEQUENCE_RIDGE_COMPOSITION_ONLY,T193_ecb4521edaa17fc8817f,PXD064962_UCD_EVENT,P04004,PT_D3_30,0.7692307692307693,0.9203126069447272
T193_OUTER_02,University College Dublin / Conway Institute,SEQUENCE_RIDGE_COMPOSITION_ONLY,T193_0683d412095e6d2c19ac,PXD064962_UCD_EVENT,P04004,PT_D3_37,0.7692307692307693,0.9203126069447272
T193_OUTER_02,University College Dublin / Conway Institute,SEQUENCE_RIDGE_COMPOSITION_ONLY,T193_0a66ccec6c383a483c4d,PXD064962_UCD_EVENT,P04264,PT_D3_37,0.6153846153846154,0.9979776536927715
T193_OUTER_02,University College Dublin / Conway Institute,SEQUENCE_RIDGE_COMPOSITION_ONLY,T193_1a10c0f778002b84b1c0,PXD064962_UCD_EVENT,P07996,PT_D3_37,0.38461538461538464,0.6023532273615577
T193_OUTER_02,University College Dublin / Conway Institute,SEQUENCE_RIDGE_COMPOSITION_ONLY,T193_2da4d51aef2ba8324fdf,PXD064962_UCD_EVENT,Q04695,PT_D3_37,0.07692307692307693,0.7873797923221446
T193_OUTER_02,University College Dublin / Conway Institute,SEQUENCE_RIDGE_COMPOSITION_ONLY,T193_368bac623d39e4af2759,PXD064962_UCD_EVENT,P07996,PT_D3_37,0.5384615384615384,0.6023532273615577
T193_OUTER_02,University College Dublin / Conway Institute,SEQUENCE_RIDGE_COMPOSITION_ONLY,T193_51fc541daff12668ba0a,PXD064962_UCD_EVENT,P06396,PT_D3_37,0.9230769230769231,0.6474896599284874
T193_OUTER_02,University College Dublin / Conway Institute,SEQUENCE_RIDGE_COMPOSITION_ONLY,T193_527d2bdc39ded4b656ca,PXD064962_UCD_EVENT,P06396,PT_D3_37,1.0,0.6474896599284874
T193_OUTER_02,University College Dublin / Conway Institute,SEQUENCE_RIDGE_COMPOSITION_ONLY,T193_5b85b720bef8043f180c,PXD064962_UCD_EVENT,Q9HDC9,PT_D3_37,0.3076923076923077,0.47620601793763523
T193_OUTER_02,University College Dublin / Conway Institute,SEQUENCE_RIDGE_COMPOSITION_ONLY,T193_67b049f26faaa99a6714,PXD064962_UCD_EVENT,Q9HDC9,PT_D3_37,0.46153846153846156,0.47620601793763523
T193_OUTER_02,University College Dublin / Conway Institute,SEQUENCE_RIDGE_COMPOSITION_ONLY,T193_6f89b1353b6d59d4e1ab,PXD064962_UCD_EVENT,P04264,PT_D3_37,0.6923076923076923,0.9979776536927715
T193_OUTER_02,University College Dublin / Conway Institute,SEQUENCE_RIDGE_COMPOSITION_ONLY,T193_7fed6db29c50a112e93a,PXD064962_UCD_EVENT,P04004,PT_D3_37,0.8461538461538461,0.9203126069447272
T193_OUTER_02,University College Dublin / Conway Institute,SEQUENCE_RIDGE_COMPOSITION_ONLY,T193_ddb06153d18ae1babc78,PXD064962_UCD_EVENT,Q04695,PT_D3_37,0.0,0.7873797923221446
T193_OUTER_02,University College Dublin / Conway Institute,SEQUENCE_RIDGE_COMPOSITION_ONLY,T193_1dcfebcb579162563a72,PXD064962_UCD_EVENT,P07996,PT_D3_41,0.0,0.6023532273615577
T193_OUTER_02,University College Dublin / Conway Institute,SEQUENCE_RIDGE_COMPOSITION_ONLY,T193_33de5d1fc64ec1db3dfa,PXD064962_UCD_EVENT,Q04695,PT_D3_41,0.7647058823529411,0.7873797923221446
T193_OUTER_02,University College Dublin / Conway Institute,SEQUENCE_RIDGE_COMPOSITION_ONLY,T193_541ed1efaa880849bc05,PXD064962_UCD_EVENT,P04264,PT_D3_41,0.5882352941176471,0.9979776536927715
T193_OUTER_02,University College Dublin / Conway Institute,SEQUENCE_RIDGE_COMPOSITION_ONLY,T193_65840c9406425956cd1b,PXD064962_UCD_EVENT,P04004,PT_D3_41,0.8235294117647058,0.9203126069447272
T193_OUTER_02,University College Dublin / Conway Institute,SEQUENCE_RIDGE_COMPOSITION_ONLY,T193_7cd9e2e228c965a5a15f,PXD064962_UCD_EVENT,Q04695,PT_D3_41,0.7058823529411765,0.7873797923221446
T193_OUTER_02,University College Dublin / Conway Institute,SEQUENCE_RIDGE_COMPOSITION_ONLY,T193_7ebb3376256f89277e15,PXD064962_UCD_EVENT,Q9HDC9,PT_D3_41,0.23529411764705882,0.47620601793763523
T193_OUTER_02,University College Dublin / Conway Institute,SEQUENCE_RIDGE_COMPOSITION_ONLY,T193_7f5e911b1333b519ae36,PXD064962_UCD_EVENT,P04264,PT_D3_41,0.6470588235294118,0.9979776536927715
T193_OUTER_02,University College Dublin / Conway Institute,SEQUENCE_RIDGE_COMPOSITION_ONLY,T193_a2221205a9573a0340f0,PXD064962_UCD_EVENT,Q9HDC9,PT_D3_41,0.11764705882352941,0.47620601793763523
T193_OUTER_02,University College Dublin / Conway Institute,SEQUENCE_RIDGE_COMPOSITION_ONLY,T193_b449fbb379d17e2edb79,PXD064962_UCD_EVENT,P06396,PT_D3_41,0.9411764705882353,0.6474896599284874
T193_OUTER_02,University College Dublin / Conway Institute,SEQUENCE_RIDGE_COMPOSITION_ONLY,T193_c13170f7889d23885b55,PXD064962_UCD_EVENT,P04004,PT_D3_41,0.8823529411764706,0.9203126069447272
T193_OUTER_02,University College Dublin / Conway Institute,SEQUENCE_RIDGE_COMPOSITION_ONLY,T193_c529c05b8be78f3833c6,PXD064962_UCD_EVENT,P06396,PT_D3_41,1.0,0.6474896599284874
T193_OUTER_02,University College Dublin / Conway Institute,SEQUENCE_RIDGE_COMPOSITION_ONLY,T193_049668e1b16ac1935ef2,PXD064962_UCD_EVENT,P06396,PT_D3_42,0.7692307692307693,0.6474896599284874
T193_OUTER_02,University College Dublin / Conway Institute,SEQUENCE_RIDGE_COMPOSITION_ONLY,T193_0525041f90cc4e816489,PXD064962_UCD_EVENT,Q9HDC9,PT_D3_42,0.38461538461538464,0.47620601793763523
T193_OUTER_02,University College Dublin / Conway Institute,SEQUENCE_RIDGE_COMPOSITION_ONLY,T193_2f60e3b470660ccf21c5,PXD064962_UCD_EVENT,P04004,PT_D3_42,0.9230769230769231,0.9203126069447272
T193_OUTER_02,University College Dublin / Conway Institute,SEQUENCE_RIDGE_COMPOSITION_ONLY,T193_32dad8c6b74cd11740ad,PXD064962_UCD_EVENT,P07996,PT_D3_42,0.3076923076923077,0.6023532273615577
T193_OUTER_02,University College Dublin / Conway Institute,SEQUENCE_RIDGE_COMPOSITION_ONLY,T193_39dc179caec8afec02f5,PXD064962_UCD_EVENT,P04264,PT_D3_42,0.6153846153846154,0.9979776536927715
T193_OUTER_02,University College Dublin / Conway Institute,SEQUENCE_RIDGE_COMPOSITION_ONLY,T193_4e1a7bdedc325115f6c9,PXD064962_UCD_EVENT,P07996,PT_D3_42,0.46153846153846156,0.6023532273615577
T193_OUTER_02,University College Dublin / Conway Institute,SEQUENCE_RIDGE_COMPOSITION_ONLY,T193_52c1bf2de5d00c0de981,PXD064962_UCD_EVENT,P04004,PT_D3_42,1.0,0.9203126069447272
T193_OUTER_02,University College Dublin / Conway Institute,SEQUENCE_RIDGE_COMPOSITION_ONLY,T193_67d0bb009f79c6a489ef,PXD064962_UCD_EVENT,Q04695,PT_D3_42,0.0,0.7873797923221446
T193_OUTER_02,University College Dublin / Conway Institute,SEQUENCE_RIDGE_COMPOSITION_ONLY,T193_7130169339dcc4f03d39,PXD064962_UCD_EVENT,P04264,PT_D3_42,0.6923076923076923,0.9979776536927715
T193_OUTER_02,University College Dublin / Conway Institute,SEQUENCE_RIDGE_COMPOSITION_ONLY,T193_8aaec8a38c9edcae6194,PXD064962_UCD_EVENT,P06396,PT_D3_42,0.8461538461538461,0.6474896599284874
T193_OUTER_02,University College Dublin / Conway Institute,SEQUENCE_RIDGE_COMPOSITION_ONLY,T193_a5da8f1d74c136a000eb,PXD064962_UCD_EVENT,Q9HDC9,PT_D3_42,0.5384615384615384,0.47620601793763523
T193_OUTER_02,University College Dublin / Conway Institute,SEQUENCE_RIDGE_COMPOSITION_ONLY,T193_d216af79f7ffcd4cc142,PXD064962_UCD_EVENT,Q04695,PT_D3_42,0.07692307692307693,0.7873797923221446
T193_OUTER_02,University College Dublin / Conway Institute,SEQUENCE_RIDGE_COMPOSITION_ONLY,T193_2f4a83a0ff81b050cc91,PXD064962_UCD_EVENT,P04004,PT_D3_85,0.7272727272727273,0.9203126069447272
T193_OUTER_02,University College Dublin / Conway Institute,SEQUENCE_RIDGE_COMPOSITION_ONLY,T193_3912d5b0b783254a9851,PXD064962_UCD_EVENT,P04004,PT_D3_85,0.8181818181818182,0.9203126069447272
T193_OUTER_02,University College Dublin / Conway Institute,SEQUENCE_RIDGE_COMPOSITION_ONLY,T193_4c3ef0999cf7d6cc0829,PXD064962_UCD_EVENT,Q04695,PT_D3_85,0.09090909090909091,0.7873797923221446
T193_OUTER_02,University College Dublin / Conway Institute,SEQUENCE_RIDGE_COMPOSITION_ONLY,T193_53cfca94da00e505bc60,PXD064962_UCD_EVENT,Q04695,PT_D3_85,0.0,0.7873797923221446
T193_OUTER_02,University College Dublin / Conway Institute,SEQUENCE_RIDGE_COMPOSITION_ONLY,T193_93fae0a49723f47518c7,PXD064962_UCD_EVENT,P04264,PT_D3_85,0.5454545454545454,0.9979776536927715
T193_OUTER_02,University College Dublin / Conway Institute,SEQUENCE_RIDGE_COMPOSITION_ONLY,T193_ab6dfb125cd0d399bcc1,PXD064962_UCD_EVENT,P04264,PT_D3_85,0.6363636363636364,0.9979776536927715
T193_OUTER_02,University College Dublin / Conway Institute,SEQUENCE_RIDGE_COMPOSITION_ONLY,T193_b44b9ca5a96a95b77edd,PXD064962_UCD_EVENT,P06396,PT_D3_85,1.0,0.6474896599284874
T193_OUTER_02,University College Dublin / Conway Institute,SEQUENCE_RIDGE_COMPOSITION_ONLY,T193_bfc40a694f822c8dc126,PXD064962_UCD_EVENT,P06396,PT_D3_85,0.9090909090909091,0.6474896599284874
T193_OUTER_02,University College Dublin / Conway Institute,SEQUENCE_RIDGE_COMPOSITION_ONLY,T193_eb6d1b0c3b5da089a747,PXD064962_UCD_EVENT,Q9HDC9,PT_D3_85,0.45454545454545453,0.47620601793763523
T193_OUTER_02,University College Dublin / Conway Institute,SEQUENCE_RIDGE_COMPOSITION_ONLY,T193_f7344fb6e5d6e7b99aca,PXD064962_UCD_EVENT,Q9HDC9,PT_D3_85,0.2727272727272727,0.47620601793763523
T193_OUTER_02,University College Dublin / Conway Institute,SEQUENCE_RIDGE_COMPOSITION_ONLY,T193_0281eebeb8a988fa794f,PXD064962_UCD_EVENT,P04004,PT_D3_96,0.8571428571428571,0.9203126069447272
T193_OUTER_02,University College Dublin / Conway Institute,SEQUENCE_RIDGE_COMPOSITION_ONLY,T193_0c70beb5807cd25b3cdf,PXD064962_UCD_EVENT,Q04695,PT_D3_96,0.0,0.7873797923221446
T193_OUTER_02,University College Dublin / Conway Institute,SEQUENCE_RIDGE_COMPOSITION_ONLY,T193_301ee65bbde622beb9ac,PXD064962_UCD_EVENT,P04264,PT_D3_96,0.7142857142857143,0.9979776536927715
T193_OUTER_02,University College Dublin / Conway Institute,SEQUENCE_RIDGE_COMPOSITION_ONLY,T193_3ddc4a4d2e15ae2a620b,PXD064962_UCD_EVENT,Q9HDC9,PT_D3_96,0.35714285714285715,0.47620601793763523
T193_OUTER_02,University College Dublin / Conway Institute,SEQUENCE_RIDGE_COMPOSITION_ONLY,T193_5ae956bb18215f254816,PXD064962_UCD_EVENT,P06396,PT_D3_96,1.0,0.6474896599284874
T193_OUTER_02,University College Dublin / Conway Institute,SEQUENCE_RIDGE_COMPOSITION_ONLY,T193_652c67d1e31637188a41,PXD064962_UCD_EVENT,P07996,PT_D3_96,0.5,0.6023532273615577
T193_OUTER_02,University College Dublin / Conway Institute,SEQUENCE_RIDGE_COMPOSITION_ONLY,T193_895bdb41147f7ed5616e,PXD064962_UCD_EVENT,P04004,PT_D3_96,0.7857142857142857,0.9203126069447272
T193_OUTER_02,University College Dublin / Conway Institute,SEQUENCE_RIDGE_COMPOSITION_ONLY,T193_8fffefc7d0c739f9f3f2,PXD064962_UCD_EVENT,Q04695,PT_D3_96,0.07142857142857142,0.7873797923221446
T193_OUTER_02,University College Dublin / Conway Institute,SEQUENCE_RIDGE_COMPOSITION_ONLY,T193_93d4a0fd39d4719c9832,PXD064962_UCD_EVENT,Q9HDC9,PT_D3_96,0.42857142857142855,0.47620601793763523
T193_OUTER_02,University College Dublin / Conway Institute,SEQUENCE_RIDGE_COMPOSITION_ONLY,T193_b1fc73b1f40b3de9fcbc,PXD064962_UCD_EVENT,P07996,PT_D3_96,0.5714285714285714,0.6023532273615577
T193_OUTER_02,University College Dublin / Conway Institute,SEQUENCE_RIDGE_COMPOSITION_ONLY,T193_be3d2255cdd21ccf9f9a,PXD064962_UCD_EVENT,P04264,PT_D3_96,0.6428571428571429,0.9979776536927715
T193_OUTER_02,University College Dublin / Conway Institute,SEQUENCE_RIDGE_COMPOSITION_ONLY,T193_fea1ca23775a46c31e31,PXD064962_UCD_EVENT,P06396,PT_D3_96,0.9285714285714286,0.6474896599284874
T193_OUTER_02,University College Dublin / Conway Institute,SEQUENCE_RIDGE_COMPOSITION_ONLY,T193_29f51fc294b97016ef04,PXD064962_UCD_EVENT,P04004,T_D1_133,0.8666666666666667,0.9203126069447272
T193_OUTER_02,University College Dublin / Conway Institute,SEQUENCE_RIDGE_COMPOSITION_ONLY,T193_4cffc75cc0f036beea46,PXD064962_UCD_EVENT,P06396,T_D1_133,1.0,0.6474896599284874
T193_OUTER_02,University College Dublin / Conway Institute,SEQUENCE_RIDGE_COMPOSITION_ONLY,T193_4fe23d899c67715cfd87,PXD064962_UCD_EVENT,P06396,T_D1_133,0.9333333333333333,0.6474896599284874
T193_OUTER_02,University College Dublin / Conway Institute,SEQUENCE_RIDGE_COMPOSITION_ONLY,T193_54b94c66ca4d94ae0a22,PXD064962_UCD_EVENT,P04264,T_D1_133,0.7333333333333333,0.9979776536927715
T193_OUTER_02,University College Dublin / Conway Institute,SEQUENCE_RIDGE_COMPOSITION_ONLY,T193_a6b3b807e52ca5ffe942,PXD064962_UCD_EVENT,P04004,T_D1_133,0.8,0.9203126069447272
T193_OUTER_02,University College Dublin / Conway Institute,SEQUENCE_RIDGE_COMPOSITION_ONLY,T193_b7a68a528919ca6d92f8,PXD064962_UCD_EVENT,Q9HDC9,T_D1_133,0.6,0.47620601793763523
T193_OUTER_02,University College Dublin / Conway Institute,SEQUENCE_RIDGE_COMPOSITION_ONLY,T193_c2e657dee93ddca76e4c,PXD064962_UCD_EVENT,P04264,T_D1_133,0.6666666666666666,0.9979776536927715
T193_OUTER_02,University College Dublin / Conway Institute,SEQUENCE_RIDGE_COMPOSITION_ONLY,T193_c3e20281ad7426b390a2,PXD064962_UCD_EVENT,P07996,T_D1_133,0.4,0.6023532273615577
T193_OUTER_02,University College Dublin / Conway Institute,SEQUENCE_RIDGE_COMPOSITION_ONLY,T193_d6618261a58e430fb97c,PXD064962_UCD_EVENT,Q04695,T_D1_133,0.06666666666666667,0.7873797923221446
T193_OUTER_02,University College Dublin / Conway Institute,SEQUENCE_RIDGE_COMPOSITION_ONLY,T193_d8a938b7b9baf0acc5fa,PXD064962_UCD_EVENT,P07996,T_D1_133,0.4666666666666667,0.6023532273615577
T193_OUTER_02,University College Dublin / Conway Institute,SEQUENCE_RIDGE_COMPOSITION_ONLY,T193_f39de2277be9743d64d1,PXD064962_UCD_EVENT,Q04695,T_D1_133,0.0,0.7873797923221446
T193_OUTER_02,University College Dublin / Conway Institute,SEQUENCE_RIDGE_COMPOSITION_ONLY,T193_f747ec5025a601b8f377,PXD064962_UCD_EVENT,Q9HDC9,T_D1_133,0.5333333333333333,0.47620601793763523
T193_OUTER_02,University College Dublin / Conway Institute,SEQUENCE_RIDGE_COMPOSITION_ONLY,T193_094d900b578fab4c6403,PXD064962_UCD_EVENT,P04264,T_D1_138,0.6428571428571429,0.9979776536927715
T193_OUTER_02,University College Dublin / Conway Institute,SEQUENCE_RIDGE_COMPOSITION_ONLY,T193_121598300486c0d17a78,PXD064962_UCD_EVENT,P04004,T_D1_138,1.0,0.9203126069447272
T193_OUTER_02,University College Dublin / Conway Institute,SEQUENCE_RIDGE_COMPOSITION_ONLY,T193_513ae0228c8455d26ed9,PXD064962_UCD_EVENT,Q04695,T_D1_138,0.0,0.7873797923221446
T193_OUTER_02,University College Dublin / Conway Institute,SEQUENCE_RIDGE_COMPOSITION_ONLY,T193_544bd240557d42ebbef8,PXD064962_UCD_EVENT,P07996,T_D1_138,0.2857142857142857,0.6023532273615577
T193_OUTER_02,University College Dublin / Conway Institute,SEQUENCE_RIDGE_COMPOSITION_ONLY,T193_589beb83e6ecddf3e7fd,PXD064962_UCD_EVENT,P04264,T_D1_138,0.7142857142857143,0.9979776536927715
T193_OUTER_02,University College Dublin / Conway Institute,SEQUENCE_RIDGE_COMPOSITION_ONLY,T193_7f587094bd3ca9b2dce4,PXD064962_UCD_EVENT,Q9HDC9,T_D1_138,0.5714285714285714,0.47620601793763523
T193_OUTER_02,University College Dublin / Conway Institute,SEQUENCE_RIDGE_COMPOSITION_ONLY,T193_83901fb4ad9b3bc412ad,PXD064962_UCD_EVENT,P06396,T_D1_138,0.8571428571428571,0.6474896599284874
T193_OUTER_02,University College Dublin / Conway Institute,SEQUENCE_RIDGE_COMPOSITION_ONLY,T193_8d76bbffcb0ada538737,PXD064962_UCD_EVENT,Q9HDC9,T_D1_138,0.5,0.47620601793763523
T193_OUTER_02,University College Dublin / Conway Institute,SEQUENCE_RIDGE_COMPOSITION_ONLY,T193_8eaa99b9d79da3ea42e5,PXD064962_UCD_EVENT,P06396,T_D1_138,0.7857142857142857,0.6474896599284874
T193_OUTER_02,University College Dublin / Conway Institute,SEQUENCE_RIDGE_COMPOSITION_ONLY,T193_bd28cd0dbc081879fefe,PXD064962_UCD_EVENT,P04004,T_D1_138,0.9285714285714286,0.9203126069447272
T193_OUTER_02,University College Dublin / Conway Institute,SEQUENCE_RIDGE_COMPOSITION_ONLY,T193_c2512763d4d23af18a6e,PXD064962_UCD_EVENT,Q04695,T_D1_138,0.07142857142857142,0.7873797923221446
T193_OUTER_02,University College Dublin / Conway Institute,SEQUENCE_RIDGE_COMPOSITION_ONLY,T193_0bcbfcec395a09b42b2b,PXD064962_UCD_EVENT,Q04695,T_D1_165,0.0,0.7873797923221446
T193_OUTER_02,University College Dublin / Conway Institute,SEQUENCE_RIDGE_COMPOSITION_ONLY,T193_15be752bf3a9ac62c093,PXD064962_UCD_EVENT,Q04695,T_D1_165,0.07142857142857142,0.7873797923221446
T193_OUTER_02,University College Dublin / Conway Institute,SEQUENCE_RIDGE_COMPOSITION_ONLY,T193_2c5c54cba7b03ff0c8f7,PXD064962_UCD_EVENT,Q9HDC9,T_D1_165,0.42857142857142855,0.47620601793763523
T193_OUTER_02,University College Dublin / Conway Institute,SEQUENCE_RIDGE_COMPOSITION_ONLY,T193_32aa38c50fafb5cc09d6,PXD064962_UCD_EVENT,P06396,T_D1_165,0.9285714285714286,0.6474896599284874
T193_OUTER_02,University College Dublin / Conway Institute,SEQUENCE_RIDGE_COMPOSITION_ONLY,T193_35db59f67fa69c770767,PXD064962_UCD_EVENT,P06396,T_D1_165,1.0,0.6474896599284874
T193_OUTER_02,University College Dublin / Conway Institute,SEQUENCE_RIDGE_COMPOSITION_ONLY,T193_3f1462d8894b4b16b890,PXD064962_UCD_EVENT,P04004,T_D1_165,0.8571428571428571,0.9203126069447272
T193_OUTER_02,University College Dublin / Conway Institute,SEQUENCE_RIDGE_COMPOSITION_ONLY,T193_487fda41acb5404b4dbd,PXD064962_UCD_EVENT,P07996,T_D1_165,0.5714285714285714,0.6023532273615577
T193_OUTER_02,University College Dublin / Conway Institute,SEQUENCE_RIDGE_COMPOSITION_ONLY,T193_77e30d3b5bc3f02debb6,PXD064962_UCD_EVENT,P04264,T_D1_165,0.7142857142857143,0.9979776536927715
T193_OUTER_02,University College Dublin / Conway Institute,SEQUENCE_RIDGE_COMPOSITION_ONLY,T193_8514d0e8f00d1539b9fd,PXD064962_UCD_EVENT,P04004,T_D1_165,0.7857142857142857,0.9203126069447272
T193_OUTER_02,University College Dublin / Conway Institute,SEQUENCE_RIDGE_COMPOSITION_ONLY,T193_c42f556ddbfb3ab94d20,PXD064962_UCD_EVENT,P07996,T_D1_165,0.5,0.6023532273615577
T193_OUTER_02,University College Dublin / Conway Institute,SEQUENCE_RIDGE_COMPOSITION_ONLY,T193_da87f24705d8a07718bd,PXD064962_UCD_EVENT,Q9HDC9,T_D1_165,0.35714285714285715,0.47620601793763523
T193_OUTER_02,University College Dublin / Conway Institute,SEQUENCE_RIDGE_COMPOSITION_ONLY,T193_e8f982121ca6993ec86e,PXD064962_UCD_EVENT,P04264,T_D1_165,0.6428571428571429,0.9979776536927715
T193_OUTER_02,University College Dublin / Conway Institute,SEQUENCE_RIDGE_COMPOSITION_ONLY,T193_06f9cacd7e2d3c69d407,PXD064962_UCD_EVENT,P04264,T_D1_173,0.5,0.9979776536927715
T193_OUTER_02,University College Dublin / Conway Institute,SEQUENCE_RIDGE_COMPOSITION_ONLY,T193_1365cef30e94999c9e4d,PXD064962_UCD_EVENT,Q9HDC9,T_D1_173,0.42857142857142855,0.47620601793763523
T193_OUTER_02,University College Dublin / Conway Institute,SEQUENCE_RIDGE_COMPOSITION_ONLY,T193_35e7df6290d3929d4652,PXD064962_UCD_EVENT,Q9HDC9,T_D1_173,0.35714285714285715,0.47620601793763523
T193_OUTER_02,University College Dublin / Conway Institute,SEQUENCE_RIDGE_COMPOSITION_ONLY,T193_60d0b9917b28cb6fde21,PXD064962_UCD_EVENT,P06396,T_D1_173,0.7857142857142857,0.6474896599284874
T193_OUTER_02,University College Dublin / Conway Institute,SEQUENCE_RIDGE_COMPOSITION_ONLY,T193_888ce51e6de930d23c37,PXD064962_UCD_EVENT,P04004,T_D1_173,1.0,0.9203126069447272
T193_OUTER_02,University College Dublin / Conway Institute,SEQUENCE_RIDGE_COMPOSITION_ONLY,T193_b0ad186b148592584c7b,PXD064962_UCD_EVENT,Q04695,T_D1_173,0.0,0.7873797923221446
T193_OUTER_02,University College Dublin / Conway Institute,SEQUENCE_RIDGE_COMPOSITION_ONLY,T193_b16c6d11ef45cb11917c,PXD064962_UCD_EVENT,P06396,T_D1_173,0.9285714285714286,0.6474896599284874
T193_OUTER_02,University College Dublin / Conway Institute,SEQUENCE_RIDGE_COMPOSITION_ONLY,T193_b19697a57e659cc541ae,PXD064962_UCD_EVENT,P07996,T_D1_173,0.6428571428571429,0.6023532273615577
T193_OUTER_02,University College Dublin / Conway Institute,SEQUENCE_RIDGE_COMPOSITION_ONLY,T193_ca31331cedd9859e0c2f,PXD064962_UCD_EVENT,P07996,T_D1_173,0.7142857142857143,0.6023532273615577
T193_OUTER_02,University College Dublin / Conway Institute,SEQUENCE_RIDGE_COMPOSITION_ONLY,T193_cae5fd048af2f2d86135,PXD064962_UCD_EVENT,P04004,T_D1_173,0.8571428571428571,0.9203126069447272
T193_OUTER_02,University College Dublin / Conway Institute,SEQUENCE_RIDGE_COMPOSITION_ONLY,T193_d828383448845983129d,PXD064962_UCD_EVENT,P04264,T_D1_173,0.5714285714285714,0.9979776536927715
T193_OUTER_02,University College Dublin / Conway Institute,SEQUENCE_RIDGE_COMPOSITION_ONLY,T193_07d7485a752b58433420,PXD064962_UCD_EVENT,Q9HDC9,T_D1_186,0.5384615384615384,0.47620601793763523
T193_OUTER_02,University College Dublin / Conway Institute,SEQUENCE_RIDGE_COMPOSITION_ONLY,T193_17ea6306b90ee542a7fb,PXD064962_UCD_EVENT,P04004,T_D1_186,0.9230769230769231,0.9203126069447272
T193_OUTER_02,University College Dublin / Conway Institute,SEQUENCE_RIDGE_COMPOSITION_ONLY,T193_29c57de747ddb3e0902c,PXD064962_UCD_EVENT,Q04695,T_D1_186,0.07692307692307693,0.7873797923221446
T193_OUTER_02,University College Dublin / Conway Institute,SEQUENCE_RIDGE_COMPOSITION_ONLY,T193_300a2ee25a111ac03a8e,PXD064962_UCD_EVENT,P06396,T_D1_186,0.8461538461538461,0.6474896599284874
T193_OUTER_02,University College Dublin / Conway Institute,SEQUENCE_RIDGE_COMPOSITION_ONLY,T193_31d3b9aabcd3432b42a9,PXD064962_UCD_EVENT,P04264,T_D1_186,0.6923076923076923,0.9979776536927715
T193_OUTER_02,University College Dublin / Conway Institute,SEQUENCE_RIDGE_COMPOSITION_ONLY,T193_3c6d7f1bac9e8e93e487,PXD064962_UCD_EVENT,P04004,T_D1_186,1.0,0.9203126069447272
T193_OUTER_02,University College Dublin / Conway Institute,SEQUENCE_RIDGE_COMPOSITION_ONLY,T193_50b8d719fd4eca9a061a,PXD064962_UCD_EVENT,P07996,T_D1_186,0.38461538461538464,0.6023532273615577
T193_OUTER_02,University College Dublin / Conway Institute,SEQUENCE_RIDGE_COMPOSITION_ONLY,T193_54df08d11c3469b5c12d,PXD064962_UCD_EVENT,P26038,T_D1_186,0.15384615384615385,0.6650304753954954
T193_OUTER_02,University College Dublin / Conway Institute,SEQUENCE_RIDGE_COMPOSITION_ONLY,T193_6ac1b9f9ea5ea470fe6b,PXD064962_UCD_EVENT,Q04695,T_D1_186,0.0,0.7873797923221446
T193_OUTER_02,University College Dublin / Conway Institute,SEQUENCE_RIDGE_COMPOSITION_ONLY,T193_872f62b6e255aaaccba7,PXD064962_UCD_EVENT,P07996,T_D1_186,0.3076923076923077,0.6023532273615577
T193_OUTER_02,University College Dublin / Conway Institute,SEQUENCE_RIDGE_COMPOSITION_ONLY,T193_a5a9bdb2fd33cb21e200,PXD064962_UCD_EVENT,Q9HDC9,T_D1_186,0.46153846153846156,0.47620601793763523
T193_OUTER_02,University College Dublin / Conway Institute,SEQUENCE_RIDGE_COMPOSITION_ONLY,T193_c41b1fac9a413f12e7f3,PXD064962_UCD_EVENT,P04264,T_D1_186,0.6153846153846154,0.9979776536927715
T193_OUTER_02,University College Dublin / Conway Institute,SEQUENCE_RIDGE_COMPOSITION_ONLY,T193_e12e272fb87708a9db87,PXD064962_UCD_EVENT,P06396,T_D1_186,0.7692307692307693,0.6474896599284874
T193_OUTER_02,University College Dublin / Conway Institute,SEQUENCE_RIDGE_COMPOSITION_ONLY,T193_139a790d857b5d5573df,PXD064962_UCD_EVENT,P04004,T_D3_119a,0.8461538461538461,0.9203126069447272
T193_OUTER_02,University College Dublin / Conway Institute,SEQUENCE_RIDGE_COMPOSITION_ONLY,T193_2f6ce25c2c5fe843b0d3,PXD064962_UCD_EVENT,P04264,T_D3_119a,0.6153846153846154,0.9979776536927715
T193_OUTER_02,University College Dublin / Conway Institute,SEQUENCE_RIDGE_COMPOSITION_ONLY,T193_408a5ff3731ef7dd7099,PXD064962_UCD_EVENT,P07996,T_D3_119a,0.3076923076923077,0.6023532273615577
T193_OUTER_02,University College Dublin / Conway Institute,SEQUENCE_RIDGE_COMPOSITION_ONLY,T193_52e55897ed9e1326ddcb,PXD064962_UCD_EVENT,P04004,T_D3_119a,0.7692307692307693,0.9203126069447272
T193_OUTER_02,University College Dublin / Conway Institute,SEQUENCE_RIDGE_COMPOSITION_ONLY,T193_6161a3617ea4ffac2d01,PXD064962_UCD_EVENT,P26038,T_D3_119a,0.15384615384615385,0.6650304753954954
T193_OUTER_02,University College Dublin / Conway Institute,SEQUENCE_RIDGE_COMPOSITION_ONLY,T193_7b4cf936986c5e3eb99c,PXD064962_UCD_EVENT,P07996,T_D3_119a,0.38461538461538464,0.6023532273615577
T193_OUTER_02,University College Dublin / Conway Institute,SEQUENCE_RIDGE_COMPOSITION_ONLY,T193_7f5455e8204f8239978a,PXD064962_UCD_EVENT,P04264,T_D3_119a,0.6923076923076923,0.9979776536927715
T193_OUTER_02,University College Dublin / Conway Institute,SEQUENCE_RIDGE_COMPOSITION_ONLY,T193_9276f3ddeba120080249,PXD064962_UCD_EVENT,Q04695,T_D3_119a,0.07692307692307693,0.7873797923221446
T193_OUTER_02,University College Dublin / Conway Institute,SEQUENCE_RIDGE_COMPOSITION_ONLY,T193_c6e2509e3d2ae287ad1f,PXD064962_UCD_EVENT,Q04695,T_D3_119a,0.0,0.7873797923221446
T193_OUTER_02,University College Dublin / Conway Institute,SEQUENCE_RIDGE_COMPOSITION_ONLY,T193_c7020e4ccd08bb873ce4,PXD064962_UCD_EVENT,Q9HDC9,T_D3_119a,0.46153846153846156,0.47620601793763523
T193_OUTER_02,University College Dublin / Conway Institute,SEQUENCE_RIDGE_COMPOSITION_ONLY,T193_dffb357443329c8966c4,PXD064962_UCD_EVENT,P06396,T_D3_119a,1.0,0.6474896599284874
T193_OUTER_02,University College Dublin / Conway Institute,SEQUENCE_RIDGE_COMPOSITION_ONLY,T193_e759eb380236624d8cb4,PXD064962_UCD_EVENT,P06396,T_D3_119a,0.9230769230769231,0.6474896599284874
T193_OUTER_02,University College Dublin / Conway Institute,SEQUENCE_RIDGE_COMPOSITION_ONLY,T193_eecd3b8e0f5074ec5225,PXD064962_UCD_EVENT,Q9HDC9,T_D3_119a,0.5384615384615384,0.47620601793763523
T193_OUTER_02,University College Dublin / Conway Institute,SEQUENCE_RIDGE_COMPOSITION_ONLY,T193_110350075c7264344593,PXD064962_UCD_EVENT,Q04695,T_D3_119b,0.06666666666666667,0.7873797923221446
T193_OUTER_02,University College Dublin / Conway Institute,SEQUENCE_RIDGE_COMPOSITION_ONLY,T193_19e8172e5937f14ce005,PXD064962_UCD_EVENT,P26038,T_D3_119b,0.2,0.6650304753954954
T193_OUTER_02,University College Dublin / Conway Institute,SEQUENCE_RIDGE_COMPOSITION_ONLY,T193_36872fa65896bd42b0ad,PXD064962_UCD_EVENT,Q04695,T_D3_119b,0.0,0.7873797923221446
T193_OUTER_02,University College Dublin / Conway Institute,SEQUENCE_RIDGE_COMPOSITION_ONLY,T193_3a9a8a6cbcb51fb08b79,PXD064962_UCD_EVENT,P04004,T_D3_119b,0.8,0.9203126069447272
T193_OUTER_02,University College Dublin / Conway Institute,SEQUENCE_RIDGE_COMPOSITION_ONLY,T193_545192aea32b96cf3d95,PXD064962_UCD_EVENT,P04264,T_D3_119b,0.6666666666666666,0.9979776536927715
T193_OUTER_02,University College Dublin / Conway Institute,SEQUENCE_RIDGE_COMPOSITION_ONLY,T193_5c9dc2e66fa463a8055f,PXD064962_UCD_EVENT,P07996,T_D3_119b,0.4,0.6023532273615577
T193_OUTER_02,University College Dublin / Conway Institute,SEQUENCE_RIDGE_COMPOSITION_ONLY,T193_7f8e8f61b88a2d367d87,PXD064962_UCD_EVENT,P04004,T_D3_119b,0.8666666666666667,0.9203126069447272
T193_OUTER_02,University College Dublin / Conway Institute,SEQUENCE_RIDGE_COMPOSITION_ONLY,T193_937c0062cf7d510e632a,PXD064962_UCD_EVENT,P04264,T_D3_119b,0.7333333333333333,0.9979776536927715
T193_OUTER_02,University College Dublin / Conway Institute,SEQUENCE_RIDGE_COMPOSITION_ONLY,T193_c3d5ea2528bbc1886b26,PXD064962_UCD_EVENT,P06396,T_D3_119b,0.9333333333333333,0.6474896599284874
T193_OUTER_02,University College Dublin / Conway Institute,SEQUENCE_RIDGE_COMPOSITION_ONLY,T193_d61f5ce027e92c9f836d,PXD064962_UCD_EVENT,Q9HDC9,T_D3_119b,0.6,0.47620601793763523
T193_OUTER_02,University College Dublin / Conway Institute,SEQUENCE_RIDGE_COMPOSITION_ONLY,T193_d9a5cc740e63f8ec1292,PXD064962_UCD_EVENT,P07996,T_D3_119b,0.4666666666666667,0.6023532273615577
T193_OUTER_02,University College Dublin / Conway Institute,SEQUENCE_RIDGE_COMPOSITION_ONLY,T193_dae72e896410dad674e9,PXD064962_UCD_EVENT,P06396,T_D3_119b,1.0,0.6474896599284874
T193_OUTER_02,University College Dublin / Conway Institute,SEQUENCE_RIDGE_COMPOSITION_ONLY,T193_db24be8f277954b1bfe6,PXD064962_UCD_EVENT,Q9HDC9,T_D3_119b,0.5333333333333333,0.47620601793763523
T193_OUTER_02,University College Dublin / Conway Institute,SEQUENCE_RIDGE_COMPOSITION_ONLY,T193_16006bbfa6117030f455,PXD064962_UCD_EVENT,Q9HDC9,T_D3_155,0.36363636363636365,0.47620601793763523
T193_OUTER_02,University College Dublin / Conway Institute,SEQUENCE_RIDGE_COMPOSITION_ONLY,T193_56b395e1e60e548ee53c,PXD064962_UCD_EVENT,P07996,T_D3_155,0.09090909090909091,0.6023532273615577
T193_OUTER_02,University College Dublin / Conway Institute,SEQUENCE_RIDGE_COMPOSITION_ONLY,T193_6c0aed55887b8ccf403c,PXD064962_UCD_EVENT,P06396,T_D3_155,1.0,0.6474896599284874
T193_OUTER_02,University College Dublin / Conway Institute,SEQUENCE_RIDGE_COMPOSITION_ONLY,T193_7a485ad5cf5ad290505f,PXD064962_UCD_EVENT,P04264,T_D3_155,0.2727272727272727,0.9979776536927715
T193_OUTER_02,University College Dublin / Conway Institute,SEQUENCE_RIDGE_COMPOSITION_ONLY,T193_ab87a247cc436ced7a88,PXD064962_UCD_EVENT,P04004,T_D3_155,0.7272727272727273,0.9203126069447272
T193_OUTER_02,University College Dublin / Conway Institute,SEQUENCE_RIDGE_COMPOSITION_ONLY,T193_c2ee45b0c0cc7ef90b17,PXD064962_UCD_EVENT,P07996,T_D3_155,0.0,0.6023532273615577
T193_OUTER_02,University College Dublin / Conway Institute,SEQUENCE_RIDGE_COMPOSITION_ONLY,T193_dbdbbd59b151d76568f3,PXD064962_UCD_EVENT,P06396,T_D3_155,0.9090909090909091,0.6474896599284874
T193_OUTER_02,University College Dublin / Conway Institute,SEQUENCE_RIDGE_COMPOSITION_ONLY,T193_df1674428e07a6550e38,PXD064962_UCD_EVENT,P04264,T_D3_155,0.6363636363636364,0.9979776536927715
T193_OUTER_02,University College Dublin / Conway Institute,SEQUENCE_RIDGE_COMPOSITION_ONLY,T193_ee1d76866ab58db11ee5,PXD064962_UCD_EVENT,Q9HDC9,T_D3_155,0.5454545454545454,0.47620601793763523
T193_OUTER_02,University College Dublin / Conway Institute,SEQUENCE_RIDGE_COMPOSITION_ONLY,T193_f4e19cdb66e4da6cbc6b,PXD064962_UCD_EVENT,P04004,T_D3_155,0.8181818181818182,0.9203126069447272
T193_OUTER_02,University College Dublin / Conway Institute,SEQUENCE_RIDGE_COMPOSITION_ONLY,T193_0553347ddab0a26f6284,PXD064962_UCD_EVENT,Q04695,T_D3_178,0.07142857142857142,0.7873797923221446
T193_OUTER_02,University College Dublin / Conway Institute,SEQUENCE_RIDGE_COMPOSITION_ONLY,T193_284acfab733ae02771d6,PXD064962_UCD_EVENT,Q04695,T_D3_178,0.0,0.7873797923221446
T193_OUTER_02,University College Dublin / Conway Institute,SEQUENCE_RIDGE_COMPOSITION_ONLY,T193_56b6dc89d160263a0898,PXD064962_UCD_EVENT,P06396,T_D3_178,0.9285714285714286,0.6474896599284874
T193_OUTER_02,University College Dublin / Conway Institute,SEQUENCE_RIDGE_COMPOSITION_ONLY,T193_68539d1086aa97894300,PXD064962_UCD_EVENT,P07996,T_D3_178,0.5,0.6023532273615577
T193_OUTER_02,University College Dublin / Conway Institute,SEQUENCE_RIDGE_COMPOSITION_ONLY,T193_6a5bd00c0ae8c55564c6,PXD064962_UCD_EVENT,Q9HDC9,T_D3_178,0.35714285714285715,0.47620601793763523
T193_OUTER_02,University College Dublin / Conway Institute,SEQUENCE_RIDGE_COMPOSITION_ONLY,T193_6f9e46f705a25b010f6c,PXD064962_UCD_EVENT,P07996,T_D3_178,0.5714285714285714,0.6023532273615577
T193_OUTER_02,University College Dublin / Conway Institute,SEQUENCE_RIDGE_COMPOSITION_ONLY,T193_742e097366ea78aef9b1,PXD064962_UCD_EVENT,Q9HDC9,T_D3_178,0.42857142857142855,0.47620601793763523
T193_OUTER_02,University College Dublin / Conway Institute,SEQUENCE_RIDGE_COMPOSITION_ONLY,T193_ae36f748cf29ac3cc353,PXD064962_UCD_EVENT,P04004,T_D3_178,0.8571428571428571,0.9203126069447272
T193_OUTER_02,University College Dublin / Conway Institute,SEQUENCE_RIDGE_COMPOSITION_ONLY,T193_b61fa85f97a38b032462,PXD064962_UCD_EVENT,P04004,T_D3_178,0.7857142857142857,0.9203126069447272
T193_OUTER_02,University College Dublin / Conway Institute,SEQUENCE_RIDGE_COMPOSITION_ONLY,T193_b87ac41d4e0d494c93b3,PXD064962_UCD_EVENT,P04264,T_D3_178,0.6428571428571429,0.9979776536927715
T193_OUTER_02,University College Dublin / Conway Institute,SEQUENCE_RIDGE_COMPOSITION_ONLY,T193_eb451122bdfd09f32628,PXD064962_UCD_EVENT,P04264,T_D3_178,0.7142857142857143,0.9979776536927715
T193_OUTER_02,University College Dublin / Conway Institute,SEQUENCE_RIDGE_COMPOSITION_ONLY,T193_f0d06c178a3979655510,PXD064962_UCD_EVENT,P06396,T_D3_178,1.0,0.6474896599284874
T193_OUTER_02,University College Dublin / Conway Institute,SEQUENCE_RIDGE_COMPOSITION_ONLY,T193_277fed86c60dec182c44,PXD064962_UCD_EVENT,P04004,T_D3_198,0.7916666666666666,0.9203126069447272
T193_OUTER_02,University College Dublin / Conway Institute,SEQUENCE_RIDGE_COMPOSITION_ONLY,T193_2c049be292281bee895b,PXD064962_UCD_EVENT,P06396,T_D3_198,0.9166666666666666,0.6474896599284874
T193_OUTER_02,University College Dublin / Conway Institute,SEQUENCE_RIDGE_COMPOSITION_ONLY,T193_409455a9329dd3af0c08,PXD064962_UCD_EVENT,P04264,T_D3_198,0.75,0.9979776536927715
T193_OUTER_02,University College Dublin / Conway Institute,SEQUENCE_RIDGE_COMPOSITION_ONLY,T193_40fea312d5f4a9b6044b,PXD064962_UCD_EVENT,P04004,T_D3_198,0.8333333333333334,0.9203126069447272
T193_OUTER_02,University College Dublin / Conway Institute,SEQUENCE_RIDGE_COMPOSITION_ONLY,T193_43cf2ad4945f233403f9,PXD064962_UCD_EVENT,Q04695,T_D3_198,0.9583333333333334,0.7873797923221446
T193_OUTER_02,University College Dublin / Conway Institute,SEQUENCE_RIDGE_COMPOSITION_ONLY,T193_46e8e4a56e048ed09415,PXD064962_UCD_EVENT,Q04695,T_D3_198,1.0,0.7873797923221446
T193_OUTER_02,University College Dublin / Conway Institute,SEQUENCE_RIDGE_COMPOSITION_ONLY,T193_4e9d5a2b8c490874f558,PXD064962_UCD_EVENT,Q9HDC9,T_D3_198,0.16666666666666666,0.47620601793763523
T193_OUTER_02,University College Dublin / Conway Institute,SEQUENCE_RIDGE_COMPOSITION_ONLY,T193_674c90b08b8b2e280075,PXD064962_UCD_EVENT,P26038,T_D3_198,0.041666666666666664,0.6650304753954954
T193_OUTER_02,University College Dublin / Conway Institute,SEQUENCE_RIDGE_COMPOSITION_ONLY,T193_7492f5d971da580005cb,PXD064962_UCD_EVENT,P06396,T_D3_198,0.875,0.6474896599284874
T193_OUTER_02,University College Dublin / Conway Institute,SEQUENCE_RIDGE_COMPOSITION_ONLY,T193_8a5854e9055bbe26604e,PXD064962_UCD_EVENT,P26038,T_D3_198,0.25,0.6650304753954954
T193_OUTER_02,University College Dublin / Conway Institute,SEQUENCE_RIDGE_COMPOSITION_ONLY,T193_a6649aaa9185c14350db,PXD064962_UCD_EVENT,Q9HDC9,T_D3_198,0.20833333333333334,0.47620601793763523
T193_OUTER_02,University College Dublin / Conway Institute,SEQUENCE_RIDGE_COMPOSITION_ONLY,T193_b5541be1043fe0403712,PXD064962_UCD_EVENT,P07996,T_D3_198,0.4583333333333333,0.6023532273615577
T193_OUTER_02,University College Dublin / Conway Institute,SEQUENCE_RIDGE_COMPOSITION_ONLY,T193_c3e5049407a78d9eb49d,PXD064962_UCD_EVENT,P04264,T_D3_198,0.7083333333333334,0.9979776536927715
T193_OUTER_02,University College Dublin / Conway Institute,SEQUENCE_RIDGE_COMPOSITION_ONLY,T193_eade50fc1b6873cdf424,PXD064962_UCD_EVENT,P60174,T_D3_198,0.3333333333333333,0.1693749477606767
T193_OUTER_02,University College Dublin / Conway Institute,SEQUENCE_RIDGE_COMPOSITION_ONLY,T193_f1381f3d5761c8138337,PXD064962_UCD_EVENT,P07996,T_D3_198,0.125,0.6023532273615577
T193_OUTER_02,University College Dublin / Conway Institute,SEQUENCE_RIDGE_COMPOSITION_ONLY,T193_f2093b2bfa0393a46ada,PXD064962_UCD_EVENT,P60174,T_D3_198,0.375,0.1693749477606767
T193_OUTER_03,University of Edinburgh-led controlled human exposure study,CONSTANT_TRAINING_MEAN,T193_128ff8b062dbed35acc5,EDINBURGH_DS7545_HUMAN_PLASMA_NANOOMICS,P04264,R4_EDINBURGH_SGO_20210324_6pm_KostarelosK_OkweloguE_EO10,1.0,0.5715241146054699
T193_OUTER_03,University of Edinburgh-led controlled human exposure study,CONSTANT_TRAINING_MEAN,T193_1342b850fbf640600270,EDINBURGH_DS7545_HUMAN_PLASMA_NANOOMICS,P06396,R4_EDINBURGH_SGO_20210324_6pm_KostarelosK_OkweloguE_EO10,0.3888888888888889,0.5715241146054699
T193_OUTER_03,University of Edinburgh-led controlled human exposure study,CONSTANT_TRAINING_MEAN,T193_5bd6c13915506a029745,EDINBURGH_DS7545_HUMAN_PLASMA_NANOOMICS,P05556,R4_EDINBURGH_SGO_20210324_6pm_KostarelosK_OkweloguE_EO10,0.3333333333333333,0.5715241146054699
T193_OUTER_03,University of Edinburgh-led controlled human exposure study,CONSTANT_TRAINING_MEAN,T193_7a671ad1798bb73d8d1d,EDINBURGH_DS7545_HUMAN_PLASMA_NANOOMICS,P04004,R4_EDINBURGH_SGO_20210324_6pm_KostarelosK_OkweloguE_EO10,0.8888888888888888,0.5715241146054699
T193_OUTER_03,University of Edinburgh-led controlled human exposure study,CONSTANT_TRAINING_MEAN,T193_9cf616bbf505b7fcdb26,EDINBURGH_DS7545_HUMAN_PLASMA_NANOOMICS,P26038,R4_EDINBURGH_SGO_20210324_6pm_KostarelosK_OkweloguE_EO10,0.6666666666666666,0.5715241146054699
T193_OUTER_03,University of Edinburgh-led controlled human exposure study,CONSTANT_TRAINING_MEAN,T193_a1ee42e1fdfffa60cef1,EDINBURGH_DS7545_HUMAN_PLASMA_NANOOMICS,Q04695,R4_EDINBURGH_SGO_20210324_6pm_KostarelosK_OkweloguE_EO10,0.8333333333333334,0.5715241146054699
T193_OUTER_03,University of Edinburgh-led controlled human exposure study,CONSTANT_TRAINING_MEAN,T193_b556e3c16ad771931963,EDINBURGH_DS7545_HUMAN_PLASMA_NANOOMICS,Q9HDC9,R4_EDINBURGH_SGO_20210324_6pm_KostarelosK_OkweloguE_EO10,0.1111111111111111,0.5715241146054699
T193_OUTER_03,University of Edinburgh-led controlled human exposure study,CONSTANT_TRAINING_MEAN,T193_f3f45aca1aaa197354a3,EDINBURGH_DS7545_HUMAN_PLASMA_NANOOMICS,P60174,R4_EDINBURGH_SGO_20210324_6pm_KostarelosK_OkweloguE_EO10,0.0,0.5715241146054699
T193_OUTER_03,University of Edinburgh-led controlled human exposure study,CONSTANT_TRAINING_MEAN,T193_2252dd361315723e3af4,EDINBURGH_DS7545_HUMAN_PLASMA_NANOOMICS,P04004,R4_EDINBURGH_SGO_20210324_6pm_KostarelosK_OkweloguE_EO103,0.9444444444444444,0.5715241146054699
T193_OUTER_03,University of Edinburgh-led controlled human exposure study,CONSTANT_TRAINING_MEAN,T193_3f008afa0df41b647d8d,EDINBURGH_DS7545_HUMAN_PLASMA_NANOOMICS,Q04695,R4_EDINBURGH_SGO_20210324_6pm_KostarelosK_OkweloguE_EO103,0.8888888888888888,0.5715241146054699
T193_OUTER_03,University of Edinburgh-led controlled human exposure study,CONSTANT_TRAINING_MEAN,T193_64cdc6dd6f793a33d902,EDINBURGH_DS7545_HUMAN_PLASMA_NANOOMICS,P05556,R4_EDINBURGH_SGO_20210324_6pm_KostarelosK_OkweloguE_EO103,0.3888888888888889,0.5715241146054699
T193_OUTER_03,University of Edinburgh-led controlled human exposure study,CONSTANT_TRAINING_MEAN,T193_aa20b5d3b017dd333160,EDINBURGH_DS7545_HUMAN_PLASMA_NANOOMICS,P60174,R4_EDINBURGH_SGO_20210324_6pm_KostarelosK_OkweloguE_EO103,0.0,0.5715241146054699
T193_OUTER_03,University of Edinburgh-led controlled human exposure study,CONSTANT_TRAINING_MEAN,T193_bfc91af54bd941c62ec1,EDINBURGH_DS7545_HUMAN_PLASMA_NANOOMICS,Q9HDC9,R4_EDINBURGH_SGO_20210324_6pm_KostarelosK_OkweloguE_EO103,0.7777777777777778,0.5715241146054699
T193_OUTER_03,University of Edinburgh-led controlled human exposure study,CONSTANT_TRAINING_MEAN,T193_c3fdc0deae83f531e93b,EDINBURGH_DS7545_HUMAN_PLASMA_NANOOMICS,P26038,R4_EDINBURGH_SGO_20210324_6pm_KostarelosK_OkweloguE_EO103,0.7222222222222222,0.5715241146054699
T193_OUTER_03,University of Edinburgh-led controlled human exposure study,CONSTANT_TRAINING_MEAN,T193_de78788c62993714f824,EDINBURGH_DS7545_HUMAN_PLASMA_NANOOMICS,P06396,R4_EDINBURGH_SGO_20210324_6pm_KostarelosK_OkweloguE_EO103,0.5,0.5715241146054699
T193_OUTER_03,University of Edinburgh-led controlled human exposure study,CONSTANT_TRAINING_MEAN,T193_f966157673f2cbfaccb3,EDINBURGH_DS7545_HUMAN_PLASMA_NANOOMICS,P04264,R4_EDINBURGH_SGO_20210324_6pm_KostarelosK_OkweloguE_EO103,1.0,0.5715241146054699
T193_OUTER_03,University of Edinburgh-led controlled human exposure study,CONSTANT_TRAINING_MEAN,T193_182f175b4cbae1ac58bf,EDINBURGH_DS7545_HUMAN_PLASMA_NANOOMICS,P06396,R4_EDINBURGH_SGO_20210324_6pm_KostarelosK_OkweloguE_EO105,0.5555555555555556,0.5715241146054699
T193_OUTER_03,University of Edinburgh-led controlled human exposure study,CONSTANT_TRAINING_MEAN,T193_1aea6b1cc0006ffe6671,EDINBURGH_DS7545_HUMAN_PLASMA_NANOOMICS,P04264,R4_EDINBURGH_SGO_20210324_6pm_KostarelosK_OkweloguE_EO105,1.0,0.5715241146054699
T193_OUTER_03,University of Edinburgh-led controlled human exposure study,CONSTANT_TRAINING_MEAN,T193_44ff968d4f42f98b2327,EDINBURGH_DS7545_HUMAN_PLASMA_NANOOMICS,Q04695,R4_EDINBURGH_SGO_20210324_6pm_KostarelosK_OkweloguE_EO105,0.8888888888888888,0.5715241146054699
T193_OUTER_03,University of Edinburgh-led controlled human exposure study,CONSTANT_TRAINING_MEAN,T193_6e212161c4ae76d38db6,EDINBURGH_DS7545_HUMAN_PLASMA_NANOOMICS,Q9HDC9,R4_EDINBURGH_SGO_20210324_6pm_KostarelosK_OkweloguE_EO105,0.6666666666666666,0.5715241146054699
T193_OUTER_03,University of Edinburgh-led controlled human exposure study,CONSTANT_TRAINING_MEAN,T193_90b9a5c758b979e320e3,EDINBURGH_DS7545_HUMAN_PLASMA_NANOOMICS,P60174,R4_EDINBURGH_SGO_20210324_6pm_KostarelosK_OkweloguE_EO105,0.0,0.5715241146054699
T193_OUTER_03,University of Edinburgh-led controlled human exposure study,CONSTANT_TRAINING_MEAN,T193_94321fb0c911a704d4ff,EDINBURGH_DS7545_HUMAN_PLASMA_NANOOMICS,P04004,R4_EDINBURGH_SGO_20210324_6pm_KostarelosK_OkweloguE_EO105,0.9444444444444444,0.5715241146054699
T193_OUTER_03,University of Edinburgh-led controlled human exposure study,CONSTANT_TRAINING_MEAN,T193_cf13b4dc75bc8bdaa65b,EDINBURGH_DS7545_HUMAN_PLASMA_NANOOMICS,P26038,R4_EDINBURGH_SGO_20210324_6pm_KostarelosK_OkweloguE_EO105,0.5,0.5715241146054699
T193_OUTER_03,University of Edinburgh-led controlled human exposure study,CONSTANT_TRAINING_MEAN,T193_f4f8d2b0e95de988106a,EDINBURGH_DS7545_HUMAN_PLASMA_NANOOMICS,P05556,R4_EDINBURGH_SGO_20210324_6pm_KostarelosK_OkweloguE_EO105,0.2222222222222222,0.5715241146054699
T193_OUTER_03,University of Edinburgh-led controlled human exposure study,CONSTANT_TRAINING_MEAN,T193_29dc6053bb75b5d7af68,EDINBURGH_DS7545_HUMAN_PLASMA_NANOOMICS,P26038,R4_EDINBURGH_SGO_20210324_6pm_KostarelosK_OkweloguE_EO107,0.7777777777777778,0.5715241146054699
T193_OUTER_03,University of Edinburgh-led controlled human exposure study,CONSTANT_TRAINING_MEAN,T193_635e117f769e333e39ab,EDINBURGH_DS7545_HUMAN_PLASMA_NANOOMICS,P04264,R4_EDINBURGH_SGO_20210324_6pm_KostarelosK_OkweloguE_EO107,1.0,0.5715241146054699
T193_OUTER_03,University of Edinburgh-led controlled human exposure study,CONSTANT_TRAINING_MEAN,T193_7535921869d5f7aadbe5,EDINBURGH_DS7545_HUMAN_PLASMA_NANOOMICS,Q9HDC9,R4_EDINBURGH_SGO_20210324_6pm_KostarelosK_OkweloguE_EO107,0.8888888888888888,0.5715241146054699
T193_OUTER_03,University of Edinburgh-led controlled human exposure study,CONSTANT_TRAINING_MEAN,T193_7f79742cfd48e8493c86,EDINBURGH_DS7545_HUMAN_PLASMA_NANOOMICS,P05556,R4_EDINBURGH_SGO_20210324_6pm_KostarelosK_OkweloguE_EO107,0.4444444444444444,0.5715241146054699
T193_OUTER_03,University of Edinburgh-led controlled human exposure study,CONSTANT_TRAINING_MEAN,T193_9ff31189336b4b72ca9d,EDINBURGH_DS7545_HUMAN_PLASMA_NANOOMICS,P06396,R4_EDINBURGH_SGO_20210324_6pm_KostarelosK_OkweloguE_EO107,0.5555555555555556,0.5715241146054699
T193_OUTER_03,University of Edinburgh-led controlled human exposure study,CONSTANT_TRAINING_MEAN,T193_b93e01a61dab55afaa06,EDINBURGH_DS7545_HUMAN_PLASMA_NANOOMICS,Q04695,R4_EDINBURGH_SGO_20210324_6pm_KostarelosK_OkweloguE_EO107,0.8333333333333334,0.5715241146054699
T193_OUTER_03,University of Edinburgh-led controlled human exposure study,CONSTANT_TRAINING_MEAN,T193_c7059ff4d3c1aca8880e,EDINBURGH_DS7545_HUMAN_PLASMA_NANOOMICS,P04004,R4_EDINBURGH_SGO_20210324_6pm_KostarelosK_OkweloguE_EO107,0.9444444444444444,0.5715241146054699
T193_OUTER_03,University of Edinburgh-led controlled human exposure study,CONSTANT_TRAINING_MEAN,T193_fffbc10960b5007d6dab,EDINBURGH_DS7545_HUMAN_PLASMA_NANOOMICS,P60174,R4_EDINBURGH_SGO_20210324_6pm_KostarelosK_OkweloguE_EO107,0.05555555555555555,0.5715241146054699
T193_OUTER_03,University of Edinburgh-led controlled human exposure study,CONSTANT_TRAINING_MEAN,T193_04be116202e6adbe7b86,EDINBURGH_DS7545_HUMAN_PLASMA_NANOOMICS,P04264,R4_EDINBURGH_SGO_20210324_6pm_KostarelosK_OkweloguE_EO113,1.0,0.5715241146054699
T193_OUTER_03,University of Edinburgh-led controlled human exposure study,CONSTANT_TRAINING_MEAN,T193_1560bf3bec3de67c444d,EDINBURGH_DS7545_HUMAN_PLASMA_NANOOMICS,P06396,R4_EDINBURGH_SGO_20210324_6pm_KostarelosK_OkweloguE_EO113,0.6666666666666666,0.5715241146054699
T193_OUTER_03,University of Edinburgh-led controlled human exposure study,CONSTANT_TRAINING_MEAN,T193_3d3bca06ff69abb182bd,EDINBURGH_DS7545_HUMAN_PLASMA_NANOOMICS,P26038,R4_EDINBURGH_SGO_20210324_6pm_KostarelosK_OkweloguE_EO113,0.7777777777777778,0.5715241146054699
T193_OUTER_03,University of Edinburgh-led controlled human exposure study,CONSTANT_TRAINING_MEAN,T193_50e6968fbc428a856b9c,EDINBURGH_DS7545_HUMAN_PLASMA_NANOOMICS,Q04695,R4_EDINBURGH_SGO_20210324_6pm_KostarelosK_OkweloguE_EO113,0.8888888888888888,0.5715241146054699
T193_OUTER_03,University of Edinburgh-led controlled human exposure study,CONSTANT_TRAINING_MEAN,T193_5e02d8eb31166f380a2d,EDINBURGH_DS7545_HUMAN_PLASMA_NANOOMICS,Q9HDC9,R4_EDINBURGH_SGO_20210324_6pm_KostarelosK_OkweloguE_EO113,0.6111111111111112,0.5715241146054699
T193_OUTER_03,University of Edinburgh-led controlled human exposure study,CONSTANT_TRAINING_MEAN,T193_a5332d4d04813277c6fc,EDINBURGH_DS7545_HUMAN_PLASMA_NANOOMICS,P04004,R4_EDINBURGH_SGO_20210324_6pm_KostarelosK_OkweloguE_EO113,0.9444444444444444,0.5715241146054699
T193_OUTER_03,University of Edinburgh-led controlled human exposure study,CONSTANT_TRAINING_MEAN,T193_c40a00cd8463bf70625b,EDINBURGH_DS7545_HUMAN_PLASMA_NANOOMICS,P60174,R4_EDINBURGH_SGO_20210324_6pm_KostarelosK_OkweloguE_EO113,0.05555555555555555,0.5715241146054699
T193_OUTER_03,University of Edinburgh-led controlled human exposure study,CONSTANT_TRAINING_MEAN,T193_c91b96adc5ed0d8dde29,EDINBURGH_DS7545_HUMAN_PLASMA_NANOOMICS,P05556,R4_EDINBURGH_SGO_20210324_6pm_KostarelosK_OkweloguE_EO113,0.2777777777777778,0.5715241146054699
T193_OUTER_03,University of Edinburgh-led controlled human exposure study,CONSTANT_TRAINING_MEAN,T193_2f5c4884a15ce3806364,EDINBURGH_DS7545_HUMAN_PLASMA_NANOOMICS,P04264,R4_EDINBURGH_SGO_20210324_6pm_KostarelosK_OkweloguE_EO116,1.0,0.5715241146054699
T193_OUTER_03,University of Edinburgh-led controlled human exposure study,CONSTANT_TRAINING_MEAN,T193_a122287ae93cbd3110a4,EDINBURGH_DS7545_HUMAN_PLASMA_NANOOMICS,Q04695,R4_EDINBURGH_SGO_20210324_6pm_KostarelosK_OkweloguE_EO116,0.5882352941176471,0.5715241146054699
T193_OUTER_03,University of Edinburgh-led controlled human exposure study,CONSTANT_TRAINING_MEAN,T193_bfdc57fdabc42d2a544b,EDINBURGH_DS7545_HUMAN_PLASMA_NANOOMICS,Q9HDC9,R4_EDINBURGH_SGO_20210324_6pm_KostarelosK_OkweloguE_EO116,0.7647058823529411,0.5715241146054699
T193_OUTER_03,University of Edinburgh-led controlled human exposure study,CONSTANT_TRAINING_MEAN,T193_d17e843cb162cefc7e46,EDINBURGH_DS7545_HUMAN_PLASMA_NANOOMICS,P04004,R4_EDINBURGH_SGO_20210324_6pm_KostarelosK_OkweloguE_EO116,0.9411764705882353,0.5715241146054699
T193_OUTER_03,University of Edinburgh-led controlled human exposure study,CONSTANT_TRAINING_MEAN,T193_d2969414738fc46c6266,EDINBURGH_DS7545_HUMAN_PLASMA_NANOOMICS,P05556,R4_EDINBURGH_SGO_20210324_6pm_KostarelosK_OkweloguE_EO116,0.47058823529411764,0.5715241146054699
T193_OUTER_03,University of Edinburgh-led controlled human exposure study,CONSTANT_TRAINING_MEAN,T193_f3d9d3c308aa700e8df9,EDINBURGH_DS7545_HUMAN_PLASMA_NANOOMICS,P26038,R4_EDINBURGH_SGO_20210324_6pm_KostarelosK_OkweloguE_EO116,0.8823529411764706,0.5715241146054699
T193_OUTER_03,University of Edinburgh-led controlled human exposure study,CONSTANT_TRAINING_MEAN,T193_f969adae636c9202230d,EDINBURGH_DS7545_HUMAN_PLASMA_NANOOMICS,P06396,R4_EDINBURGH_SGO_20210324_6pm_KostarelosK_OkweloguE_EO116,0.4117647058823529,0.5715241146054699
T193_OUTER_03,University of Edinburgh-led controlled human exposure study,CONSTANT_TRAINING_MEAN,T193_37e423f4df049826ed0b,EDINBURGH_DS7545_HUMAN_PLASMA_NANOOMICS,P04004,R4_EDINBURGH_SGO_20210324_6pm_KostarelosK_OkweloguE_EO12,0.9411764705882353,0.5715241146054699
T193_OUTER_03,University of Edinburgh-led controlled human exposure study,CONSTANT_TRAINING_MEAN,T193_3887c7b1fe13441fb3c2,EDINBURGH_DS7545_HUMAN_PLASMA_NANOOMICS,Q04695,R4_EDINBURGH_SGO_20210324_6pm_KostarelosK_OkweloguE_EO12,0.8823529411764706,0.5715241146054699
T193_OUTER_03,University of Edinburgh-led controlled human exposure study,CONSTANT_TRAINING_MEAN,T193_475548f3258e53d9c52c,EDINBURGH_DS7545_HUMAN_PLASMA_NANOOMICS,P26038,R4_EDINBURGH_SGO_20210324_6pm_KostarelosK_OkweloguE_EO12,0.7058823529411765,0.5715241146054699
T193_OUTER_03,University of Edinburgh-led controlled human exposure study,CONSTANT_TRAINING_MEAN,T193_a13bf5bd41940d2593ac,EDINBURGH_DS7545_HUMAN_PLASMA_NANOOMICS,P06396,R4_EDINBURGH_SGO_20210324_6pm_KostarelosK_OkweloguE_EO12,0.4117647058823529,0.5715241146054699
T193_OUTER_03,University of Edinburgh-led controlled human exposure study,CONSTANT_TRAINING_MEAN,T193_d181b2413d1738140303,EDINBURGH_DS7545_HUMAN_PLASMA_NANOOMICS,P05556,R4_EDINBURGH_SGO_20210324_6pm_KostarelosK_OkweloguE_EO12,0.29411764705882354,0.5715241146054699
T193_OUTER_03,University of Edinburgh-led controlled human exposure study,CONSTANT_TRAINING_MEAN,T193_e3e564c78e7595c24bf5,EDINBURGH_DS7545_HUMAN_PLASMA_NANOOMICS,P04264,R4_EDINBURGH_SGO_20210324_6pm_KostarelosK_OkweloguE_EO12,1.0,0.5715241146054699
T193_OUTER_03,University of Edinburgh-led controlled human exposure study,CONSTANT_TRAINING_MEAN,T193_ff76e79bf062517e9c60,EDINBURGH_DS7545_HUMAN_PLASMA_NANOOMICS,Q9HDC9,R4_EDINBURGH_SGO_20210324_6pm_KostarelosK_OkweloguE_EO12,0.11764705882352941,0.5715241146054699
T193_OUTER_03,University of Edinburgh-led controlled human exposure study,CONSTANT_TRAINING_MEAN,T193_0d11c79ae6bbc0f21b35,EDINBURGH_DS7545_HUMAN_PLASMA_NANOOMICS,Q04695,R4_EDINBURGH_SGO_20210324_6pm_KostarelosK_OkweloguE_EO16,0.8823529411764706,0.5715241146054699
T193_OUTER_03,University of Edinburgh-led controlled human exposure study,CONSTANT_TRAINING_MEAN,T193_5d6f789d353692cd1391,EDINBURGH_DS7545_HUMAN_PLASMA_NANOOMICS,P06396,R4_EDINBURGH_SGO_20210324_6pm_KostarelosK_OkweloguE_EO16,0.5294117647058824,0.5715241146054699
T193_OUTER_03,University of Edinburgh-led controlled human exposure study,CONSTANT_TRAINING_MEAN,T193_8591019fa99b80445f04,EDINBURGH_DS7545_HUMAN_PLASMA_NANOOMICS,P04264,R4_EDINBURGH_SGO_20210324_6pm_KostarelosK_OkweloguE_EO16,1.0,0.5715241146054699
T193_OUTER_03,University of Edinburgh-led controlled human exposure study,CONSTANT_TRAINING_MEAN,T193_8d6894bd7677a84b6d49,EDINBURGH_DS7545_HUMAN_PLASMA_NANOOMICS,Q9HDC9,R4_EDINBURGH_SGO_20210324_6pm_KostarelosK_OkweloguE_EO16,0.47058823529411764,0.5715241146054699
T193_OUTER_03,University of Edinburgh-led controlled human exposure study,CONSTANT_TRAINING_MEAN,T193_c1f54163c5ed0e921262,EDINBURGH_DS7545_HUMAN_PLASMA_NANOOMICS,P26038,R4_EDINBURGH_SGO_20210324_6pm_KostarelosK_OkweloguE_EO16,0.7058823529411765,0.5715241146054699
T193_OUTER_03,University of Edinburgh-led controlled human exposure study,CONSTANT_TRAINING_MEAN,T193_c95048235c954d52cca2,EDINBURGH_DS7545_HUMAN_PLASMA_NANOOMICS,P04004,R4_EDINBURGH_SGO_20210324_6pm_KostarelosK_OkweloguE_EO16,0.9411764705882353,0.5715241146054699
T193_OUTER_03,University of Edinburgh-led controlled human exposure study,CONSTANT_TRAINING_MEAN,T193_d5c8a139d09bc691b1fc,EDINBURGH_DS7545_HUMAN_PLASMA_NANOOMICS,P05556,R4_EDINBURGH_SGO_20210324_6pm_KostarelosK_OkweloguE_EO16,0.35294117647058826,0.5715241146054699
T193_OUTER_03,University of Edinburgh-led controlled human exposure study,CONSTANT_TRAINING_MEAN,T193_43c932d811beb86a8a56,EDINBURGH_DS7545_HUMAN_PLASMA_NANOOMICS,P60174,R4_EDINBURGH_SGO_20210324_6pm_KostarelosK_OkweloguE_EO21,0.6666666666666666,0.5715241146054699
T193_OUTER_03,University of Edinburgh-led controlled human exposure study,CONSTANT_TRAINING_MEAN,T193_656c25c6e01205e698f3,EDINBURGH_DS7545_HUMAN_PLASMA_NANOOMICS,P06396,R4_EDINBURGH_SGO_20210324_6pm_KostarelosK_OkweloguE_EO21,0.2222222222222222,0.5715241146054699
T193_OUTER_03,University of Edinburgh-led controlled human exposure study,CONSTANT_TRAINING_MEAN,T193_82820660613cf9df0409,EDINBURGH_DS7545_HUMAN_PLASMA_NANOOMICS,P04264,R4_EDINBURGH_SGO_20210324_6pm_KostarelosK_OkweloguE_EO21,1.0,0.5715241146054699
T193_OUTER_03,University of Edinburgh-led controlled human exposure study,CONSTANT_TRAINING_MEAN,T193_88ca1f8c1ffefa497b16,EDINBURGH_DS7545_HUMAN_PLASMA_NANOOMICS,P04004,R4_EDINBURGH_SGO_20210324_6pm_KostarelosK_OkweloguE_EO21,0.7777777777777778,0.5715241146054699
T193_OUTER_03,University of Edinburgh-led controlled human exposure study,CONSTANT_TRAINING_MEAN,T193_bb82a17bbb641e179e51,EDINBURGH_DS7545_HUMAN_PLASMA_NANOOMICS,P05556,R4_EDINBURGH_SGO_20210324_6pm_KostarelosK_OkweloguE_EO21,0.05555555555555555,0.5715241146054699
T193_OUTER_03,University of Edinburgh-led controlled human exposure study,CONSTANT_TRAINING_MEAN,T193_d82d3bb5aead2409ed1c,EDINBURGH_DS7545_HUMAN_PLASMA_NANOOMICS,Q04695,R4_EDINBURGH_SGO_20210324_6pm_KostarelosK_OkweloguE_EO21,0.9444444444444444,0.5715241146054699
T193_OUTER_03,University of Edinburgh-led controlled human exposure study,CONSTANT_TRAINING_MEAN,T193_e3ca8f58bf836f49db55,EDINBURGH_DS7545_HUMAN_PLASMA_NANOOMICS,P26038,R4_EDINBURGH_SGO_20210324_6pm_KostarelosK_OkweloguE_EO21,0.2777777777777778,0.5715241146054699
T193_OUTER_03,University of Edinburgh-led controlled human exposure study,CONSTANT_TRAINING_MEAN,T193_eaadf274dba128b507e8,EDINBURGH_DS7545_HUMAN_PLASMA_NANOOMICS,Q9HDC9,R4_EDINBURGH_SGO_20210324_6pm_KostarelosK_OkweloguE_EO21,0.16666666666666666,0.5715241146054699
T193_OUTER_03,University of Edinburgh-led controlled human exposure study,CONSTANT_TRAINING_MEAN,T193_34d0f4d9c17d7909074c,EDINBURGH_DS7545_HUMAN_PLASMA_NANOOMICS,Q9HDC9,R4_EDINBURGH_SGO_20210324_6pm_KostarelosK_OkweloguE_EO24,0.23529411764705882,0.5715241146054699
T193_OUTER_03,University of Edinburgh-led controlled human exposure study,CONSTANT_TRAINING_MEAN,T193_6082e30e0ad07d4ac976,EDINBURGH_DS7545_HUMAN_PLASMA_NANOOMICS,P06396,R4_EDINBURGH_SGO_20210324_6pm_KostarelosK_OkweloguE_EO24,0.47058823529411764,0.5715241146054699
T193_OUTER_03,University of Edinburgh-led controlled human exposure study,CONSTANT_TRAINING_MEAN,T193_84a84c53d0171b07ee47,EDINBURGH_DS7545_HUMAN_PLASMA_NANOOMICS,Q04695,R4_EDINBURGH_SGO_20210324_6pm_KostarelosK_OkweloguE_EO24,0.8823529411764706,0.5715241146054699
T193_OUTER_03,University of Edinburgh-led controlled human exposure study,CONSTANT_TRAINING_MEAN,T193_859fec645d558e597ed4,EDINBURGH_DS7545_HUMAN_PLASMA_NANOOMICS,P04264,R4_EDINBURGH_SGO_20210324_6pm_KostarelosK_OkweloguE_EO24,1.0,0.5715241146054699
T193_OUTER_03,University of Edinburgh-led controlled human exposure study,CONSTANT_TRAINING_MEAN,T193_a7dce38dfab6a1343dba,EDINBURGH_DS7545_HUMAN_PLASMA_NANOOMICS,P26038,R4_EDINBURGH_SGO_20210324_6pm_KostarelosK_OkweloguE_EO24,0.5294117647058824,0.5715241146054699
T193_OUTER_03,University of Edinburgh-led controlled human exposure study,CONSTANT_TRAINING_MEAN,T193_ba6acaff73ebdd3faa47,EDINBURGH_DS7545_HUMAN_PLASMA_NANOOMICS,P60174,R4_EDINBURGH_SGO_20210324_6pm_KostarelosK_OkweloguE_EO24,0.0,0.5715241146054699
T193_OUTER_03,University of Edinburgh-led controlled human exposure study,CONSTANT_TRAINING_MEAN,T193_e28b9aa3ab7108304b18,EDINBURGH_DS7545_HUMAN_PLASMA_NANOOMICS,P05556,R4_EDINBURGH_SGO_20210324_6pm_KostarelosK_OkweloguE_EO24,0.17647058823529413,0.5715241146054699
T193_OUTER_03,University of Edinburgh-led controlled human exposure study,CONSTANT_TRAINING_MEAN,T193_e780ce67c1d0c247d6df,EDINBURGH_DS7545_HUMAN_PLASMA_NANOOMICS,P04004,R4_EDINBURGH_SGO_20210324_6pm_KostarelosK_OkweloguE_EO24,0.8235294117647058,0.5715241146054699
T193_OUTER_03,University of Edinburgh-led controlled human exposure study,CONSTANT_TRAINING_MEAN,T193_2269d1927789a7e88b25,EDINBURGH_DS7545_HUMAN_PLASMA_NANOOMICS,P04264,R4_EDINBURGH_SGO_20210324_6pm_KostarelosK_OkweloguE_EO31,1.0,0.5715241146054699
T193_OUTER_03,University of Edinburgh-led controlled human exposure study,CONSTANT_TRAINING_MEAN,T193_4eabe9d653bcc844053c,EDINBURGH_DS7545_HUMAN_PLASMA_NANOOMICS,P04004,R4_EDINBURGH_SGO_20210324_6pm_KostarelosK_OkweloguE_EO31,0.8333333333333334,0.5715241146054699
T193_OUTER_03,University of Edinburgh-led controlled human exposure study,CONSTANT_TRAINING_MEAN,T193_6cb8ab7ec273e17e732c,EDINBURGH_DS7545_HUMAN_PLASMA_NANOOMICS,P05556,R4_EDINBURGH_SGO_20210324_6pm_KostarelosK_OkweloguE_EO31,0.3888888888888889,0.5715241146054699
T193_OUTER_03,University of Edinburgh-led controlled human exposure study,CONSTANT_TRAINING_MEAN,T193_81dd956e6bf195d8dff2,EDINBURGH_DS7545_HUMAN_PLASMA_NANOOMICS,Q9HDC9,R4_EDINBURGH_SGO_20210324_6pm_KostarelosK_OkweloguE_EO31,0.16666666666666666,0.5715241146054699
T193_OUTER_03,University of Edinburgh-led controlled human exposure study,CONSTANT_TRAINING_MEAN,T193_91e5541d5060d2ba93d5,EDINBURGH_DS7545_HUMAN_PLASMA_NANOOMICS,P06396,R4_EDINBURGH_SGO_20210324_6pm_KostarelosK_OkweloguE_EO31,0.2777777777777778,0.5715241146054699
T193_OUTER_03,University of Edinburgh-led controlled human exposure study,CONSTANT_TRAINING_MEAN,T193_a62ae2df9872b9bce90b,EDINBURGH_DS7545_HUMAN_PLASMA_NANOOMICS,P60174,R4_EDINBURGH_SGO_20210324_6pm_KostarelosK_OkweloguE_EO31,0.0,0.5715241146054699
T193_OUTER_03,University of Edinburgh-led controlled human exposure study,CONSTANT_TRAINING_MEAN,T193_af29a8be73a0b4fc0534,EDINBURGH_DS7545_HUMAN_PLASMA_NANOOMICS,Q04695,R4_EDINBURGH_SGO_20210324_6pm_KostarelosK_OkweloguE_EO31,0.8888888888888888,0.5715241146054699
T193_OUTER_03,University of Edinburgh-led controlled human exposure study,CONSTANT_TRAINING_MEAN,T193_da9aac094e79e79b3583,EDINBURGH_DS7545_HUMAN_PLASMA_NANOOMICS,P26038,R4_EDINBURGH_SGO_20210324_6pm_KostarelosK_OkweloguE_EO31,0.6666666666666666,0.5715241146054699
T193_OUTER_03,University of Edinburgh-led controlled human exposure study,CONSTANT_TRAINING_MEAN,T193_22354b544f7770e1771c,EDINBURGH_DS7545_HUMAN_PLASMA_NANOOMICS,P04004,R4_EDINBURGH_SGO_20210324_6pm_KostarelosK_OkweloguE_EO34,0.8333333333333334,0.5715241146054699
T193_OUTER_03,University of Edinburgh-led controlled human exposure study,CONSTANT_TRAINING_MEAN,T193_411fa777bcbeb08dffad,EDINBURGH_DS7545_HUMAN_PLASMA_NANOOMICS,P05556,R4_EDINBURGH_SGO_20210324_6pm_KostarelosK_OkweloguE_EO34,0.0,0.5715241146054699
T193_OUTER_03,University of Edinburgh-led controlled human exposure study,CONSTANT_TRAINING_MEAN,T193_427782fb2ac5d58daad5,EDINBURGH_DS7545_HUMAN_PLASMA_NANOOMICS,Q04695,R4_EDINBURGH_SGO_20210324_6pm_KostarelosK_OkweloguE_EO34,0.7222222222222222,0.5715241146054699
T193_OUTER_03,University of Edinburgh-led controlled human exposure study,CONSTANT_TRAINING_MEAN,T193_498556bd77c5af7d2049,EDINBURGH_DS7545_HUMAN_PLASMA_NANOOMICS,P60174,R4_EDINBURGH_SGO_20210324_6pm_KostarelosK_OkweloguE_EO34,0.9444444444444444,0.5715241146054699
T193_OUTER_03,University of Edinburgh-led controlled human exposure study,CONSTANT_TRAINING_MEAN,T193_4e584cdee2ce5a9c011b,EDINBURGH_DS7545_HUMAN_PLASMA_NANOOMICS,P26038,R4_EDINBURGH_SGO_20210324_6pm_KostarelosK_OkweloguE_EO34,0.5555555555555556,0.5715241146054699
T193_OUTER_03,University of Edinburgh-led controlled human exposure study,CONSTANT_TRAINING_MEAN,T193_59ee1885df219bda139f,EDINBURGH_DS7545_HUMAN_PLASMA_NANOOMICS,P04264,R4_EDINBURGH_SGO_20210324_6pm_KostarelosK_OkweloguE_EO34,0.8888888888888888,0.5715241146054699
T193_OUTER_03,University of Edinburgh-led controlled human exposure study,CONSTANT_TRAINING_MEAN,T193_b4c1804dd826c4665673,EDINBURGH_DS7545_HUMAN_PLASMA_NANOOMICS,P06396,R4_EDINBURGH_SGO_20210324_6pm_KostarelosK_OkweloguE_EO34,0.6666666666666666,0.5715241146054699
T193_OUTER_03,University of Edinburgh-led controlled human exposure study,CONSTANT_TRAINING_MEAN,T193_c2e9822e51bf0e1fc6a0,EDINBURGH_DS7545_HUMAN_PLASMA_NANOOMICS,Q9HDC9,R4_EDINBURGH_SGO_20210324_6pm_KostarelosK_OkweloguE_EO34,0.4444444444444444,0.5715241146054699
T193_OUTER_03,University of Edinburgh-led controlled human exposure study,CONSTANT_TRAINING_MEAN,T193_26941317403a3d3ddbb7,EDINBURGH_DS7545_HUMAN_PLASMA_NANOOMICS,P26038,R4_EDINBURGH_SGO_20210324_6pm_KostarelosK_OkweloguE_EO4,0.7777777777777778,0.5715241146054699
T193_OUTER_03,University of Edinburgh-led controlled human exposure study,CONSTANT_TRAINING_MEAN,T193_4c163754f8aee09908fd,EDINBURGH_DS7545_HUMAN_PLASMA_NANOOMICS,P60174,R4_EDINBURGH_SGO_20210324_6pm_KostarelosK_OkweloguE_EO4,0.0,0.5715241146054699
T193_OUTER_03,University of Edinburgh-led controlled human exposure study,CONSTANT_TRAINING_MEAN,T193_704e5ed8f8f2ff5f0c53,EDINBURGH_DS7545_HUMAN_PLASMA_NANOOMICS,Q04695,R4_EDINBURGH_SGO_20210324_6pm_KostarelosK_OkweloguE_EO4,0.8333333333333334,0.5715241146054699
T193_OUTER_03,University of Edinburgh-led controlled human exposure study,CONSTANT_TRAINING_MEAN,T193_844c5b466a803417b988,EDINBURGH_DS7545_HUMAN_PLASMA_NANOOMICS,P04004,R4_EDINBURGH_SGO_20210324_6pm_KostarelosK_OkweloguE_EO4,0.9444444444444444,0.5715241146054699
T193_OUTER_03,University of Edinburgh-led controlled human exposure study,CONSTANT_TRAINING_MEAN,T193_8e001a7c37eb4dd1bbd6,EDINBURGH_DS7545_HUMAN_PLASMA_NANOOMICS,P05556,R4_EDINBURGH_SGO_20210324_6pm_KostarelosK_OkweloguE_EO4,0.3333333333333333,0.5715241146054699
T193_OUTER_03,University of Edinburgh-led controlled human exposure study,CONSTANT_TRAINING_MEAN,T193_a22253d8b6252563ddf5,EDINBURGH_DS7545_HUMAN_PLASMA_NANOOMICS,P04264,R4_EDINBURGH_SGO_20210324_6pm_KostarelosK_OkweloguE_EO4,1.0,0.5715241146054699
T193_OUTER_03,University of Edinburgh-led controlled human exposure study,CONSTANT_TRAINING_MEAN,T193_a5a2302d4b6e5a702bb1,EDINBURGH_DS7545_HUMAN_PLASMA_NANOOMICS,P06396,R4_EDINBURGH_SGO_20210324_6pm_KostarelosK_OkweloguE_EO4,0.5555555555555556,0.5715241146054699
T193_OUTER_03,University of Edinburgh-led controlled human exposure study,CONSTANT_TRAINING_MEAN,T193_fb96f014aedac54f493b,EDINBURGH_DS7545_HUMAN_PLASMA_NANOOMICS,Q9HDC9,R4_EDINBURGH_SGO_20210324_6pm_KostarelosK_OkweloguE_EO4,0.05555555555555555,0.5715241146054699
T193_OUTER_03,University of Edinburgh-led controlled human exposure study,CONSTANT_TRAINING_MEAN,T193_3cf6f908793f9037326f,EDINBURGH_DS7545_HUMAN_PLASMA_NANOOMICS,P06396,R4_EDINBURGH_SGO_20210324_6pm_KostarelosK_OkweloguE_EO43,0.5294117647058824,0.5715241146054699
T193_OUTER_03,University of Edinburgh-led controlled human exposure study,CONSTANT_TRAINING_MEAN,T193_47ad744f82ed485b0aec,EDINBURGH_DS7545_HUMAN_PLASMA_NANOOMICS,P04004,R4_EDINBURGH_SGO_20210324_6pm_KostarelosK_OkweloguE_EO43,0.8823529411764706,0.5715241146054699
T193_OUTER_03,University of Edinburgh-led controlled human exposure study,CONSTANT_TRAINING_MEAN,T193_8488f17ec73ba2f63f07,EDINBURGH_DS7545_HUMAN_PLASMA_NANOOMICS,P04264,R4_EDINBURGH_SGO_20210324_6pm_KostarelosK_OkweloguE_EO43,1.0,0.5715241146054699
T193_OUTER_03,University of Edinburgh-led controlled human exposure study,CONSTANT_TRAINING_MEAN,T193_9d79767840763a6ec70d,EDINBURGH_DS7545_HUMAN_PLASMA_NANOOMICS,P26038,R4_EDINBURGH_SGO_20210324_6pm_KostarelosK_OkweloguE_EO43,0.5882352941176471,0.5715241146054699
T193_OUTER_03,University of Edinburgh-led controlled human exposure study,CONSTANT_TRAINING_MEAN,T193_c634cda072cfcad2220c,EDINBURGH_DS7545_HUMAN_PLASMA_NANOOMICS,Q04695,R4_EDINBURGH_SGO_20210324_6pm_KostarelosK_OkweloguE_EO43,0.9411764705882353,0.5715241146054699
T193_OUTER_03,University of Edinburgh-led controlled human exposure study,CONSTANT_TRAINING_MEAN,T193_db6f0a2cd8f53dd4223b,EDINBURGH_DS7545_HUMAN_PLASMA_NANOOMICS,Q9HDC9,R4_EDINBURGH_SGO_20210324_6pm_KostarelosK_OkweloguE_EO43,0.7058823529411765,0.5715241146054699
T193_OUTER_03,University of Edinburgh-led controlled human exposure study,CONSTANT_TRAINING_MEAN,T193_ea207d91e2abd0685dd6,EDINBURGH_DS7545_HUMAN_PLASMA_NANOOMICS,P05556,R4_EDINBURGH_SGO_20210324_6pm_KostarelosK_OkweloguE_EO43,0.23529411764705882,0.5715241146054699
T193_OUTER_03,University of Edinburgh-led controlled human exposure study,CONSTANT_TRAINING_MEAN,T193_41d911a09196e7f90815,EDINBURGH_DS7545_HUMAN_PLASMA_NANOOMICS,P60174,R4_EDINBURGH_SGO_20210324_6pm_KostarelosK_OkweloguE_EO52,0.0,0.5715241146054699
T193_OUTER_03,University of Edinburgh-led controlled human exposure study,CONSTANT_TRAINING_MEAN,T193_4d6f2a134613f447a832,EDINBURGH_DS7545_HUMAN_PLASMA_NANOOMICS,P05556,R4_EDINBURGH_SGO_20210324_6pm_KostarelosK_OkweloguE_EO52,0.47058823529411764,0.5715241146054699
T193_OUTER_03,University of Edinburgh-led controlled human exposure study,CONSTANT_TRAINING_MEAN,T193_503310596929b59db31c,EDINBURGH_DS7545_HUMAN_PLASMA_NANOOMICS,P06396,R4_EDINBURGH_SGO_20210324_6pm_KostarelosK_OkweloguE_EO52,0.5882352941176471,0.5715241146054699
T193_OUTER_03,University of Edinburgh-led controlled human exposure study,CONSTANT_TRAINING_MEAN,T193_73af5a7e1b99fb83e444,EDINBURGH_DS7545_HUMAN_PLASMA_NANOOMICS,P04264,R4_EDINBURGH_SGO_20210324_6pm_KostarelosK_OkweloguE_EO52,1.0,0.5715241146054699
T193_OUTER_03,University of Edinburgh-led controlled human exposure study,CONSTANT_TRAINING_MEAN,T193_882159de8073fd407b55,EDINBURGH_DS7545_HUMAN_PLASMA_NANOOMICS,P04004,R4_EDINBURGH_SGO_20210324_6pm_KostarelosK_OkweloguE_EO52,0.9411764705882353,0.5715241146054699
T193_OUTER_03,University of Edinburgh-led controlled human exposure study,CONSTANT_TRAINING_MEAN,T193_aaa90f15b021db73e874,EDINBURGH_DS7545_HUMAN_PLASMA_NANOOMICS,Q04695,R4_EDINBURGH_SGO_20210324_6pm_KostarelosK_OkweloguE_EO52,0.8235294117647058,0.5715241146054699
T193_OUTER_03,University of Edinburgh-led controlled human exposure study,CONSTANT_TRAINING_MEAN,T193_c1c8b1d8021f905757cc,EDINBURGH_DS7545_HUMAN_PLASMA_NANOOMICS,P26038,R4_EDINBURGH_SGO_20210324_6pm_KostarelosK_OkweloguE_EO52,0.7058823529411765,0.5715241146054699
T193_OUTER_03,University of Edinburgh-led controlled human exposure study,CONSTANT_TRAINING_MEAN,T193_d4bd98b9b54888c7f9c8,EDINBURGH_DS7545_HUMAN_PLASMA_NANOOMICS,Q9HDC9,R4_EDINBURGH_SGO_20210324_6pm_KostarelosK_OkweloguE_EO52,0.7647058823529411,0.5715241146054699
T193_OUTER_03,University of Edinburgh-led controlled human exposure study,CONSTANT_TRAINING_MEAN,T193_0b0b7b180f7ec6b05cfe,EDINBURGH_DS7545_HUMAN_PLASMA_NANOOMICS,P06396,R4_EDINBURGH_SGO_20210324_6pm_KostarelosK_OkweloguE_EO64,0.6470588235294118,0.5715241146054699
T193_OUTER_03,University of Edinburgh-led controlled human exposure study,CONSTANT_TRAINING_MEAN,T193_40c365ff80cac41aa4d1,EDINBURGH_DS7545_HUMAN_PLASMA_NANOOMICS,Q9HDC9,R4_EDINBURGH_SGO_20210324_6pm_KostarelosK_OkweloguE_EO64,0.4117647058823529,0.5715241146054699
T193_OUTER_03,University of Edinburgh-led controlled human exposure study,CONSTANT_TRAINING_MEAN,T193_4bb8594d336c9aac5bfb,EDINBURGH_DS7545_HUMAN_PLASMA_NANOOMICS,P04004,R4_EDINBURGH_SGO_20210324_6pm_KostarelosK_OkweloguE_EO64,0.9411764705882353,0.5715241146054699
T193_OUTER_03,University of Edinburgh-led controlled human exposure study,CONSTANT_TRAINING_MEAN,T193_4c49fbd94218d84bed5b,EDINBURGH_DS7545_HUMAN_PLASMA_NANOOMICS,P60174,R4_EDINBURGH_SGO_20210324_6pm_KostarelosK_OkweloguE_EO64,0.058823529411764705,0.5715241146054699
T193_OUTER_03,University of Edinburgh-led controlled human exposure study,CONSTANT_TRAINING_MEAN,T193_4ce0a8deabdc6e1ea247,EDINBURGH_DS7545_HUMAN_PLASMA_NANOOMICS,P26038,R4_EDINBURGH_SGO_20210324_6pm_KostarelosK_OkweloguE_EO64,0.7647058823529411,0.5715241146054699
T193_OUTER_03,University of Edinburgh-led controlled human exposure study,CONSTANT_TRAINING_MEAN,T193_6f7d6e715b708e3fa52c,EDINBURGH_DS7545_HUMAN_PLASMA_NANOOMICS,Q04695,R4_EDINBURGH_SGO_20210324_6pm_KostarelosK_OkweloguE_EO64,0.8823529411764706,0.5715241146054699
T193_OUTER_03,University of Edinburgh-led controlled human exposure study,CONSTANT_TRAINING_MEAN,T193_7506672c7f96cbd5a2e0,EDINBURGH_DS7545_HUMAN_PLASMA_NANOOMICS,P05556,R4_EDINBURGH_SGO_20210324_6pm_KostarelosK_OkweloguE_EO64,0.47058823529411764,0.5715241146054699
T193_OUTER_03,University of Edinburgh-led controlled human exposure study,CONSTANT_TRAINING_MEAN,T193_f2ff291c02dbedfa69f2,EDINBURGH_DS7545_HUMAN_PLASMA_NANOOMICS,P04264,R4_EDINBURGH_SGO_20210324_6pm_KostarelosK_OkweloguE_EO64,1.0,0.5715241146054699
T193_OUTER_03,University of Edinburgh-led controlled human exposure study,CONSTANT_TRAINING_MEAN,T193_0a97c5945a108f2a9f74,EDINBURGH_DS7545_HUMAN_PLASMA_NANOOMICS,Q9HDC9,R4_EDINBURGH_SGO_20210324_6pm_KostarelosK_OkweloguE_EO66,0.6666666666666666,0.5715241146054699
T193_OUTER_03,University of Edinburgh-led controlled human exposure study,CONSTANT_TRAINING_MEAN,T193_3e85a991e4003b2e6b3c,EDINBURGH_DS7545_HUMAN_PLASMA_NANOOMICS,P06396,R4_EDINBURGH_SGO_20210324_6pm_KostarelosK_OkweloguE_EO66,0.5555555555555556,0.5715241146054699
T193_OUTER_03,University of Edinburgh-led controlled human exposure study,CONSTANT_TRAINING_MEAN,T193_5e85ceca7db01cde520f,EDINBURGH_DS7545_HUMAN_PLASMA_NANOOMICS,P60174,R4_EDINBURGH_SGO_20210324_6pm_KostarelosK_OkweloguE_EO66,0.05555555555555555,0.5715241146054699
T193_OUTER_03,University of Edinburgh-led controlled human exposure study,CONSTANT_TRAINING_MEAN,T193_8ac6590c361267284dad,EDINBURGH_DS7545_HUMAN_PLASMA_NANOOMICS,P05556,R4_EDINBURGH_SGO_20210324_6pm_KostarelosK_OkweloguE_EO66,0.4444444444444444,0.5715241146054699
T193_OUTER_03,University of Edinburgh-led controlled human exposure study,CONSTANT_TRAINING_MEAN,T193_8b8ffd1e6eff37a940aa,EDINBURGH_DS7545_HUMAN_PLASMA_NANOOMICS,P04264,R4_EDINBURGH_SGO_20210324_6pm_KostarelosK_OkweloguE_EO66,1.0,0.5715241146054699
T193_OUTER_03,University of Edinburgh-led controlled human exposure study,CONSTANT_TRAINING_MEAN,T193_9e116dfead3138eb3bec,EDINBURGH_DS7545_HUMAN_PLASMA_NANOOMICS,P04004,R4_EDINBURGH_SGO_20210324_6pm_KostarelosK_OkweloguE_EO66,0.9444444444444444,0.5715241146054699
T193_OUTER_03,University of Edinburgh-led controlled human exposure study,CONSTANT_TRAINING_MEAN,T193_dc77a9597f66adfea435,EDINBURGH_DS7545_HUMAN_PLASMA_NANOOMICS,P26038,R4_EDINBURGH_SGO_20210324_6pm_KostarelosK_OkweloguE_EO66,0.5,0.5715241146054699
T193_OUTER_03,University of Edinburgh-led controlled human exposure study,CONSTANT_TRAINING_MEAN,T193_ef0f58f6ace6d9b89aca,EDINBURGH_DS7545_HUMAN_PLASMA_NANOOMICS,Q04695,R4_EDINBURGH_SGO_20210324_6pm_KostarelosK_OkweloguE_EO66,0.8888888888888888,0.5715241146054699
T193_OUTER_03,University of Edinburgh-led controlled human exposure study,CONSTANT_TRAINING_MEAN,T193_406f393d22734e03f5f4,EDINBURGH_DS7545_HUMAN_PLASMA_NANOOMICS,P04004,R4_EDINBURGH_SGO_20210324_6pm_KostarelosK_OkweloguE_EO73,0.9444444444444444,0.5715241146054699
T193_OUTER_03,University of Edinburgh-led controlled human exposure study,CONSTANT_TRAINING_MEAN,T193_494811acefa52828459a,EDINBURGH_DS7545_HUMAN_PLASMA_NANOOMICS,P60174,R4_EDINBURGH_SGO_20210324_6pm_KostarelosK_OkweloguE_EO73,0.0,0.5715241146054699
T193_OUTER_03,University of Edinburgh-led controlled human exposure study,CONSTANT_TRAINING_MEAN,T193_522990474dca32b1f4cd,EDINBURGH_DS7545_HUMAN_PLASMA_NANOOMICS,P26038,R4_EDINBURGH_SGO_20210324_6pm_KostarelosK_OkweloguE_EO73,0.7222222222222222,0.5715241146054699
T193_OUTER_03,University of Edinburgh-led controlled human exposure study,CONSTANT_TRAINING_MEAN,T193_82d045c6e85e1e30dec5,EDINBURGH_DS7545_HUMAN_PLASMA_NANOOMICS,P05556,R4_EDINBURGH_SGO_20210324_6pm_KostarelosK_OkweloguE_EO73,0.4444444444444444,0.5715241146054699
T193_OUTER_03,University of Edinburgh-led controlled human exposure study,CONSTANT_TRAINING_MEAN,T193_87b062ad8be26288bb58,EDINBURGH_DS7545_HUMAN_PLASMA_NANOOMICS,Q9HDC9,R4_EDINBURGH_SGO_20210324_6pm_KostarelosK_OkweloguE_EO73,0.3333333333333333,0.5715241146054699
T193_OUTER_03,University of Edinburgh-led controlled human exposure study,CONSTANT_TRAINING_MEAN,T193_8c06aa5735cfbf9c625b,EDINBURGH_DS7545_HUMAN_PLASMA_NANOOMICS,P06396,R4_EDINBURGH_SGO_20210324_6pm_KostarelosK_OkweloguE_EO73,0.7777777777777778,0.5715241146054699
T193_OUTER_03,University of Edinburgh-led controlled human exposure study,CONSTANT_TRAINING_MEAN,T193_942da917800666f3563c,EDINBURGH_DS7545_HUMAN_PLASMA_NANOOMICS,Q04695,R4_EDINBURGH_SGO_20210324_6pm_KostarelosK_OkweloguE_EO73,0.8333333333333334,0.5715241146054699
T193_OUTER_03,University of Edinburgh-led controlled human exposure study,CONSTANT_TRAINING_MEAN,T193_d94ab893692feaf4e54f,EDINBURGH_DS7545_HUMAN_PLASMA_NANOOMICS,P04264,R4_EDINBURGH_SGO_20210324_6pm_KostarelosK_OkweloguE_EO73,1.0,0.5715241146054699
T193_OUTER_03,University of Edinburgh-led controlled human exposure study,CONSTANT_TRAINING_MEAN,T193_00dd0b86858e08588ef2,EDINBURGH_DS7545_HUMAN_PLASMA_NANOOMICS,P26038,R4_EDINBURGH_SGO_20210324_6pm_KostarelosK_OkweloguE_EO83,0.6111111111111112,0.5715241146054699
T193_OUTER_03,University of Edinburgh-led controlled human exposure study,CONSTANT_TRAINING_MEAN,T193_2ee0fd2a3ab6b096198c,EDINBURGH_DS7545_HUMAN_PLASMA_NANOOMICS,P04004,R4_EDINBURGH_SGO_20210324_6pm_KostarelosK_OkweloguE_EO83,0.9444444444444444,0.5715241146054699
T193_OUTER_03,University of Edinburgh-led controlled human exposure study,CONSTANT_TRAINING_MEAN,T193_384d33415db3daf1979d,EDINBURGH_DS7545_HUMAN_PLASMA_NANOOMICS,P04264,R4_EDINBURGH_SGO_20210324_6pm_KostarelosK_OkweloguE_EO83,1.0,0.5715241146054699
T193_OUTER_03,University of Edinburgh-led controlled human exposure study,CONSTANT_TRAINING_MEAN,T193_4084c3df7e6f2a9a2160,EDINBURGH_DS7545_HUMAN_PLASMA_NANOOMICS,P60174,R4_EDINBURGH_SGO_20210324_6pm_KostarelosK_OkweloguE_EO83,0.0,0.5715241146054699
T193_OUTER_03,University of Edinburgh-led controlled human exposure study,CONSTANT_TRAINING_MEAN,T193_49726d9d2f55e3ad8561,EDINBURGH_DS7545_HUMAN_PLASMA_NANOOMICS,Q04695,R4_EDINBURGH_SGO_20210324_6pm_KostarelosK_OkweloguE_EO83,0.7777777777777778,0.5715241146054699
T193_OUTER_03,University of Edinburgh-led controlled human exposure study,CONSTANT_TRAINING_MEAN,T193_5136349010db9a27a13f,EDINBURGH_DS7545_HUMAN_PLASMA_NANOOMICS,P06396,R4_EDINBURGH_SGO_20210324_6pm_KostarelosK_OkweloguE_EO83,0.7222222222222222,0.5715241146054699
T193_OUTER_03,University of Edinburgh-led controlled human exposure study,CONSTANT_TRAINING_MEAN,T193_5d19d92c8f5636a513c8,EDINBURGH_DS7545_HUMAN_PLASMA_NANOOMICS,P05556,R4_EDINBURGH_SGO_20210324_6pm_KostarelosK_OkweloguE_EO83,0.2777777777777778,0.5715241146054699
T193_OUTER_03,University of Edinburgh-led controlled human exposure study,CONSTANT_TRAINING_MEAN,T193_9310f0cb2cb5cabdc06a,EDINBURGH_DS7545_HUMAN_PLASMA_NANOOMICS,Q9HDC9,R4_EDINBURGH_SGO_20210324_6pm_KostarelosK_OkweloguE_EO83,0.2222222222222222,0.5715241146054699
T193_OUTER_03,University of Edinburgh-led controlled human exposure study,CONSTANT_TRAINING_MEAN,T193_18fd1a6e75e0acdf0163,EDINBURGH_DS7545_HUMAN_PLASMA_NANOOMICS,P26038,R4_EDINBURGH_SGO_20210324_6pm_KostarelosK_OkweloguE_EO88,0.5882352941176471,0.5715241146054699
T193_OUTER_03,University of Edinburgh-led controlled human exposure study,CONSTANT_TRAINING_MEAN,T193_26aae440e3bbd4c485c8,EDINBURGH_DS7545_HUMAN_PLASMA_NANOOMICS,Q04695,R4_EDINBURGH_SGO_20210324_6pm_KostarelosK_OkweloguE_EO88,0.8823529411764706,0.5715241146054699
T193_OUTER_03,University of Edinburgh-led controlled human exposure study,CONSTANT_TRAINING_MEAN,T193_4d819ba3395f5cac1797,EDINBURGH_DS7545_HUMAN_PLASMA_NANOOMICS,P06396,R4_EDINBURGH_SGO_20210324_6pm_KostarelosK_OkweloguE_EO88,0.23529411764705882,0.5715241146054699
T193_OUTER_03,University of Edinburgh-led controlled human exposure study,CONSTANT_TRAINING_MEAN,T193_5214642499270e327f2a,EDINBURGH_DS7545_HUMAN_PLASMA_NANOOMICS,Q9HDC9,R4_EDINBURGH_SGO_20210324_6pm_KostarelosK_OkweloguE_EO88,0.7647058823529411,0.5715241146054699
T193_OUTER_03,University of Edinburgh-led controlled human exposure study,CONSTANT_TRAINING_MEAN,T193_589561e2cf8d7390379e,EDINBURGH_DS7545_HUMAN_PLASMA_NANOOMICS,P05556,R4_EDINBURGH_SGO_20210324_6pm_KostarelosK_OkweloguE_EO88,0.4117647058823529,0.5715241146054699
T193_OUTER_03,University of Edinburgh-led controlled human exposure study,CONSTANT_TRAINING_MEAN,T193_613a4cf65b764c20be04,EDINBURGH_DS7545_HUMAN_PLASMA_NANOOMICS,P04004,R4_EDINBURGH_SGO_20210324_6pm_KostarelosK_OkweloguE_EO88,0.9411764705882353,0.5715241146054699
T193_OUTER_03,University of Edinburgh-led controlled human exposure study,CONSTANT_TRAINING_MEAN,T193_dc895581842c46b0d112,EDINBURGH_DS7545_HUMAN_PLASMA_NANOOMICS,P04264,R4_EDINBURGH_SGO_20210324_6pm_KostarelosK_OkweloguE_EO88,1.0,0.5715241146054699
T193_OUTER_03,University of Edinburgh-led controlled human exposure study,CONSTANT_TRAINING_MEAN,T193_14f439f2d3dbed8b234f,EDINBURGH_DS7545_HUMAN_PLASMA_NANOOMICS,P26038,R4_EDINBURGH_SGO_20210324_6pm_KostarelosK_OkweloguE_EO94,0.6875,0.5715241146054699
T193_OUTER_03,University of Edinburgh-led controlled human exposure study,CONSTANT_TRAINING_MEAN,T193_1b870b68fb55eb132857,EDINBURGH_DS7545_HUMAN_PLASMA_NANOOMICS,P04004,R4_EDINBURGH_SGO_20210324_6pm_KostarelosK_OkweloguE_EO94,0.9375,0.5715241146054699
T193_OUTER_03,University of Edinburgh-led controlled human exposure study,CONSTANT_TRAINING_MEAN,T193_3c9b60fb8c418011d72f,EDINBURGH_DS7545_HUMAN_PLASMA_NANOOMICS,P60174,R4_EDINBURGH_SGO_20210324_6pm_KostarelosK_OkweloguE_EO94,0.125,0.5715241146054699
T193_OUTER_03,University of Edinburgh-led controlled human exposure study,CONSTANT_TRAINING_MEAN,T193_81b910e4c3539a2860ca,EDINBURGH_DS7545_HUMAN_PLASMA_NANOOMICS,Q04695,R4_EDINBURGH_SGO_20210324_6pm_KostarelosK_OkweloguE_EO94,0.8125,0.5715241146054699
T193_OUTER_03,University of Edinburgh-led controlled human exposure study,CONSTANT_TRAINING_MEAN,T193_96620b2ea1fdbd9dac76,EDINBURGH_DS7545_HUMAN_PLASMA_NANOOMICS,P05556,R4_EDINBURGH_SGO_20210324_6pm_KostarelosK_OkweloguE_EO94,0.375,0.5715241146054699
T193_OUTER_03,University of Edinburgh-led controlled human exposure study,CONSTANT_TRAINING_MEAN,T193_a26c5a51535bf4e2943e,EDINBURGH_DS7545_HUMAN_PLASMA_NANOOMICS,P04264,R4_EDINBURGH_SGO_20210324_6pm_KostarelosK_OkweloguE_EO94,1.0,0.5715241146054699
T193_OUTER_03,University of Edinburgh-led controlled human exposure study,CONSTANT_TRAINING_MEAN,T193_b3c7b225ad9c57908fc9,EDINBURGH_DS7545_HUMAN_PLASMA_NANOOMICS,Q9HDC9,R4_EDINBURGH_SGO_20210324_6pm_KostarelosK_OkweloguE_EO94,0.875,0.5715241146054699
T193_OUTER_03,University of Edinburgh-led controlled human exposure study,CONSTANT_TRAINING_MEAN,T193_ba03cabac55145c51d01,EDINBURGH_DS7545_HUMAN_PLASMA_NANOOMICS,P06396,R4_EDINBURGH_SGO_20210324_6pm_KostarelosK_OkweloguE_EO94,0.75,0.5715241146054699
T193_OUTER_03,University of Edinburgh-led controlled human exposure study,CONSTANT_TRAINING_MEAN,T193_379ff156e998a12dc89d,EDINBURGH_DS7545_HUMAN_PLASMA_NANOOMICS,P04264,R4_EDINBURGH_SGO_20210324_6pm_KostarelosK_OkweloguE_EO96,1.0,0.5715241146054699
T193_OUTER_03,University of Edinburgh-led controlled human exposure study,CONSTANT_TRAINING_MEAN,T193_38d094d68e7eb9b37d21,EDINBURGH_DS7545_HUMAN_PLASMA_NANOOMICS,P26038,R4_EDINBURGH_SGO_20210324_6pm_KostarelosK_OkweloguE_EO96,0.7777777777777778,0.5715241146054699
T193_OUTER_03,University of Edinburgh-led controlled human exposure study,CONSTANT_TRAINING_MEAN,T193_5086419d197565899db8,EDINBURGH_DS7545_HUMAN_PLASMA_NANOOMICS,Q9HDC9,R4_EDINBURGH_SGO_20210324_6pm_KostarelosK_OkweloguE_EO96,0.5,0.5715241146054699
T193_OUTER_03,University of Edinburgh-led controlled human exposure study,CONSTANT_TRAINING_MEAN,T193_8a465419ee34ae64d7f3,EDINBURGH_DS7545_HUMAN_PLASMA_NANOOMICS,P06396,R4_EDINBURGH_SGO_20210324_6pm_KostarelosK_OkweloguE_EO96,0.6111111111111112,0.5715241146054699
T193_OUTER_03,University of Edinburgh-led controlled human exposure study,CONSTANT_TRAINING_MEAN,T193_94829edc7a3591a850a2,EDINBURGH_DS7545_HUMAN_PLASMA_NANOOMICS,P04004,R4_EDINBURGH_SGO_20210324_6pm_KostarelosK_OkweloguE_EO96,0.9444444444444444,0.5715241146054699
T193_OUTER_03,University of Edinburgh-led controlled human exposure study,CONSTANT_TRAINING_MEAN,T193_d554d966fb9954a4ff61,EDINBURGH_DS7545_HUMAN_PLASMA_NANOOMICS,P05556,R4_EDINBURGH_SGO_20210324_6pm_KostarelosK_OkweloguE_EO96,0.3888888888888889,0.5715241146054699
T193_OUTER_03,University of Edinburgh-led controlled human exposure study,CONSTANT_TRAINING_MEAN,T193_e773aafc6c6a327b5598,EDINBURGH_DS7545_HUMAN_PLASMA_NANOOMICS,P60174,R4_EDINBURGH_SGO_20210324_6pm_KostarelosK_OkweloguE_EO96,0.0,0.5715241146054699
T193_OUTER_03,University of Edinburgh-led controlled human exposure study,CONSTANT_TRAINING_MEAN,T193_ffaf454c04a030610a5e,EDINBURGH_DS7545_HUMAN_PLASMA_NANOOMICS,Q04695,R4_EDINBURGH_SGO_20210324_6pm_KostarelosK_OkweloguE_EO96,0.8888888888888888,0.5715241146054699
T193_OUTER_03,University of Edinburgh-led controlled human exposure study,CONSTANT_TRAINING_MEAN,T193_15a1db32a4333d3ad45d,EDINBURGH_DS7545_HUMAN_PLASMA_NANOOMICS,Q9HDC9,R4_EDINBURGH_SGO_20210324_6pm_KostarelosK_OkweloguE_EO97,0.6111111111111112,0.5715241146054699
T193_OUTER_03,University of Edinburgh-led controlled human exposure study,CONSTANT_TRAINING_MEAN,T193_22bad6fc59ea438485a1,EDINBURGH_DS7545_HUMAN_PLASMA_NANOOMICS,Q04695,R4_EDINBURGH_SGO_20210324_6pm_KostarelosK_OkweloguE_EO97,0.8888888888888888,0.5715241146054699
T193_OUTER_03,University of Edinburgh-led controlled human exposure study,CONSTANT_TRAINING_MEAN,T193_29edb9d3f3c0bdd437fb,EDINBURGH_DS7545_HUMAN_PLASMA_NANOOMICS,P06396,R4_EDINBURGH_SGO_20210324_6pm_KostarelosK_OkweloguE_EO97,0.2777777777777778,0.5715241146054699
T193_OUTER_03,University of Edinburgh-led controlled human exposure study,CONSTANT_TRAINING_MEAN,T193_2b7ce379311779656b23,EDINBURGH_DS7545_HUMAN_PLASMA_NANOOMICS,P26038,R4_EDINBURGH_SGO_20210324_6pm_KostarelosK_OkweloguE_EO97,0.7777777777777778,0.5715241146054699
T193_OUTER_03,University of Edinburgh-led controlled human exposure study,CONSTANT_TRAINING_MEAN,T193_3b0c75951273f0e48eb0,EDINBURGH_DS7545_HUMAN_PLASMA_NANOOMICS,P60174,R4_EDINBURGH_SGO_20210324_6pm_KostarelosK_OkweloguE_EO97,0.05555555555555555,0.5715241146054699
T193_OUTER_03,University of Edinburgh-led controlled human exposure study,CONSTANT_TRAINING_MEAN,T193_630d236c1546baced269,EDINBURGH_DS7545_HUMAN_PLASMA_NANOOMICS,P04004,R4_EDINBURGH_SGO_20210324_6pm_KostarelosK_OkweloguE_EO97,0.9444444444444444,0.5715241146054699
T193_OUTER_03,University of Edinburgh-led controlled human exposure study,CONSTANT_TRAINING_MEAN,T193_ba7b542fedb09723a679,EDINBURGH_DS7545_HUMAN_PLASMA_NANOOMICS,P05556,R4_EDINBURGH_SGO_20210324_6pm_KostarelosK_OkweloguE_EO97,0.2222222222222222,0.5715241146054699
T193_OUTER_03,University of Edinburgh-led controlled human exposure study,CONSTANT_TRAINING_MEAN,T193_c800641f4d70a92137e2,EDINBURGH_DS7545_HUMAN_PLASMA_NANOOMICS,P04264,R4_EDINBURGH_SGO_20210324_6pm_KostarelosK_OkweloguE_EO97,1.0,0.5715241146054699
T193_OUTER_03,University of Edinburgh-led controlled human exposure study,CONSTANT_TRAINING_MEAN,T193_211eabb40a0b1de924ec,EDINBURGH_DS7545_HUMAN_PLASMA_NANOOMICS,Q9HDC9,R4_EDINBURGH_USGO_20210324_6pm_KostarelosK_OkweloguE_EO106,0.7777777777777778,0.5715241146054699
T193_OUTER_03,University of Edinburgh-led controlled human exposure study,CONSTANT_TRAINING_MEAN,T193_803a7e4bb5a20b4b9dcb,EDINBURGH_DS7545_HUMAN_PLASMA_NANOOMICS,P04264,R4_EDINBURGH_USGO_20210324_6pm_KostarelosK_OkweloguE_EO106,1.0,0.5715241146054699
T193_OUTER_03,University of Edinburgh-led controlled human exposure study,CONSTANT_TRAINING_MEAN,T193_afe311ad098843df9d06,EDINBURGH_DS7545_HUMAN_PLASMA_NANOOMICS,P04004,R4_EDINBURGH_USGO_20210324_6pm_KostarelosK_OkweloguE_EO106,0.9444444444444444,0.5715241146054699
T193_OUTER_03,University of Edinburgh-led controlled human exposure study,CONSTANT_TRAINING_MEAN,T193_b30a109b9a2f11b2bb02,EDINBURGH_DS7545_HUMAN_PLASMA_NANOOMICS,P60174,R4_EDINBURGH_USGO_20210324_6pm_KostarelosK_OkweloguE_EO106,0.2222222222222222,0.5715241146054699
T193_OUTER_03,University of Edinburgh-led controlled human exposure study,CONSTANT_TRAINING_MEAN,T193_bb7ec9ba202e610d6671,EDINBURGH_DS7545_HUMAN_PLASMA_NANOOMICS,P05556,R4_EDINBURGH_USGO_20210324_6pm_KostarelosK_OkweloguE_EO106,0.5,0.5715241146054699
T193_OUTER_03,University of Edinburgh-led controlled human exposure study,CONSTANT_TRAINING_MEAN,T193_c3cfa0fd5b135dd1614b,EDINBURGH_DS7545_HUMAN_PLASMA_NANOOMICS,P06396,R4_EDINBURGH_USGO_20210324_6pm_KostarelosK_OkweloguE_EO106,0.7222222222222222,0.5715241146054699
T193_OUTER_03,University of Edinburgh-led controlled human exposure study,CONSTANT_TRAINING_MEAN,T193_cbfce3042adc66edd416,EDINBURGH_DS7545_HUMAN_PLASMA_NANOOMICS,Q04695,R4_EDINBURGH_USGO_20210324_6pm_KostarelosK_OkweloguE_EO106,0.5555555555555556,0.5715241146054699
T193_OUTER_03,University of Edinburgh-led controlled human exposure study,CONSTANT_TRAINING_MEAN,T193_d91e1cfae412eb3e1a4e,EDINBURGH_DS7545_HUMAN_PLASMA_NANOOMICS,P26038,R4_EDINBURGH_USGO_20210324_6pm_KostarelosK_OkweloguE_EO106,0.8888888888888888,0.5715241146054699
T193_OUTER_03,University of Edinburgh-led controlled human exposure study,CONSTANT_TRAINING_MEAN,T193_ebe61009c25b3051244e,EDINBURGH_DS7545_HUMAN_PLASMA_NANOOMICS,P07996,R4_EDINBURGH_USGO_20210324_6pm_KostarelosK_OkweloguE_EO106,0.6111111111111112,0.5715241146054699
T193_OUTER_03,University of Edinburgh-led controlled human exposure study,CONSTANT_TRAINING_MEAN,T193_08bf8b327da1fcb19430,EDINBURGH_DS7545_HUMAN_PLASMA_NANOOMICS,P26038,R4_EDINBURGH_USGO_20210324_6pm_KostarelosK_OkweloguE_EO11,0.5263157894736842,0.5715241146054699
T193_OUTER_03,University of Edinburgh-led controlled human exposure study,CONSTANT_TRAINING_MEAN,T193_10bbd8e6609afba3a69f,EDINBURGH_DS7545_HUMAN_PLASMA_NANOOMICS,Q04695,R4_EDINBURGH_USGO_20210324_6pm_KostarelosK_OkweloguE_EO11,0.9473684210526315,0.5715241146054699
T193_OUTER_03,University of Edinburgh-led controlled human exposure study,CONSTANT_TRAINING_MEAN,T193_38a16deb8e4aa6dfcf34,EDINBURGH_DS7545_HUMAN_PLASMA_NANOOMICS,P04264,R4_EDINBURGH_USGO_20210324_6pm_KostarelosK_OkweloguE_EO11,1.0,0.5715241146054699
T193_OUTER_03,University of Edinburgh-led controlled human exposure study,CONSTANT_TRAINING_MEAN,T193_4e3605aac73bae2cb125,EDINBURGH_DS7545_HUMAN_PLASMA_NANOOMICS,P07996,R4_EDINBURGH_USGO_20210324_6pm_KostarelosK_OkweloguE_EO11,0.47368421052631576,0.5715241146054699
T193_OUTER_03,University of Edinburgh-led controlled human exposure study,CONSTANT_TRAINING_MEAN,T193_6abf43f4d00f40e9b95e,EDINBURGH_DS7545_HUMAN_PLASMA_NANOOMICS,P60174,R4_EDINBURGH_USGO_20210324_6pm_KostarelosK_OkweloguE_EO11,0.0,0.5715241146054699
T193_OUTER_03,University of Edinburgh-led controlled human exposure study,CONSTANT_TRAINING_MEAN,T193_77fd675e45e693e17327,EDINBURGH_DS7545_HUMAN_PLASMA_NANOOMICS,P04004,R4_EDINBURGH_USGO_20210324_6pm_KostarelosK_OkweloguE_EO11,0.8947368421052632,0.5715241146054699
T193_OUTER_03,University of Edinburgh-led controlled human exposure study,CONSTANT_TRAINING_MEAN,T193_ce284a4df645132a7b8f,EDINBURGH_DS7545_HUMAN_PLASMA_NANOOMICS,P05556,R4_EDINBURGH_USGO_20210324_6pm_KostarelosK_OkweloguE_EO11,0.631578947368421,0.5715241146054699
T193_OUTER_03,University of Edinburgh-led controlled human exposure study,CONSTANT_TRAINING_MEAN,T193_f210d32cf2b27b8fa458,EDINBURGH_DS7545_HUMAN_PLASMA_NANOOMICS,P06396,R4_EDINBURGH_USGO_20210324_6pm_KostarelosK_OkweloguE_EO11,0.6842105263157895,0.5715241146054699
T193_OUTER_03,University of Edinburgh-led controlled human exposure study,CONSTANT_TRAINING_MEAN,T193_f85adcc93b266ce1e594,EDINBURGH_DS7545_HUMAN_PLASMA_NANOOMICS,Q9HDC9,R4_EDINBURGH_USGO_20210324_6pm_KostarelosK_OkweloguE_EO11,0.10526315789473684,0.5715241146054699
T193_OUTER_03,University of Edinburgh-led controlled human exposure study,CONSTANT_TRAINING_MEAN,T193_2c2a6af203b1e6daa696,EDINBURGH_DS7545_HUMAN_PLASMA_NANOOMICS,Q9HDC9,R4_EDINBURGH_USGO_20210324_6pm_KostarelosK_OkweloguE_EO111,0.6666666666666666,0.5715241146054699
T193_OUTER_03,University of Edinburgh-led controlled human exposure study,CONSTANT_TRAINING_MEAN,T193_5e3487f246c3f4558dc5,EDINBURGH_DS7545_HUMAN_PLASMA_NANOOMICS,Q04695,R4_EDINBURGH_USGO_20210324_6pm_KostarelosK_OkweloguE_EO111,0.7777777777777778,0.5715241146054699
T193_OUTER_03,University of Edinburgh-led controlled human exposure study,CONSTANT_TRAINING_MEAN,T193_72ad5b5177cb66a71577,EDINBURGH_DS7545_HUMAN_PLASMA_NANOOMICS,P26038,R4_EDINBURGH_USGO_20210324_6pm_KostarelosK_OkweloguE_EO111,0.5,0.5715241146054699
T193_OUTER_03,University of Edinburgh-led controlled human exposure study,CONSTANT_TRAINING_MEAN,T193_74950baae970ab785eb5,EDINBURGH_DS7545_HUMAN_PLASMA_NANOOMICS,P04264,R4_EDINBURGH_USGO_20210324_6pm_KostarelosK_OkweloguE_EO111,1.0,0.5715241146054699
T193_OUTER_03,University of Edinburgh-led controlled human exposure study,CONSTANT_TRAINING_MEAN,T193_7aa3db3afedfcedeaca5,EDINBURGH_DS7545_HUMAN_PLASMA_NANOOMICS,P04004,R4_EDINBURGH_USGO_20210324_6pm_KostarelosK_OkweloguE_EO111,0.9444444444444444,0.5715241146054699
T193_OUTER_03,University of Edinburgh-led controlled human exposure study,CONSTANT_TRAINING_MEAN,T193_b9c1c3fbaf59588a586b,EDINBURGH_DS7545_HUMAN_PLASMA_NANOOMICS,P07996,R4_EDINBURGH_USGO_20210324_6pm_KostarelosK_OkweloguE_EO111,0.7222222222222222,0.5715241146054699
T193_OUTER_03,University of Edinburgh-led controlled human exposure study,CONSTANT_TRAINING_MEAN,T193_d896f28436ec5ef219b6,EDINBURGH_DS7545_HUMAN_PLASMA_NANOOMICS,P05556,R4_EDINBURGH_USGO_20210324_6pm_KostarelosK_OkweloguE_EO111,0.5555555555555556,0.5715241146054699
T193_OUTER_03,University of Edinburgh-led controlled human exposure study,CONSTANT_TRAINING_MEAN,T193_deb42c8a9ac26ed1abb5,EDINBURGH_DS7545_HUMAN_PLASMA_NANOOMICS,P06396,R4_EDINBURGH_USGO_20210324_6pm_KostarelosK_OkweloguE_EO111,0.8888888888888888,0.5715241146054699
T193_OUTER_03,University of Edinburgh-led controlled human exposure study,CONSTANT_TRAINING_MEAN,T193_e877f2be7b3a90050769,EDINBURGH_DS7545_HUMAN_PLASMA_NANOOMICS,P60174,R4_EDINBURGH_USGO_20210324_6pm_KostarelosK_OkweloguE_EO111,0.2222222222222222,0.5715241146054699
T193_OUTER_03,University of Edinburgh-led controlled human exposure study,CONSTANT_TRAINING_MEAN,T193_40140e1ef5a60146c638,EDINBURGH_DS7545_HUMAN_PLASMA_NANOOMICS,P06396,R4_EDINBURGH_USGO_20210324_6pm_KostarelosK_OkweloguE_EO112,0.7894736842105263,0.5715241146054699
T193_OUTER_03,University of Edinburgh-led controlled human exposure study,CONSTANT_TRAINING_MEAN,T193_574da0da81fbfb1e02a1,EDINBURGH_DS7545_HUMAN_PLASMA_NANOOMICS,P05556,R4_EDINBURGH_USGO_20210324_6pm_KostarelosK_OkweloguE_EO112,0.3157894736842105,0.5715241146054699
T193_OUTER_03,University of Edinburgh-led controlled human exposure study,CONSTANT_TRAINING_MEAN,T193_5a667f2fe6f833b6377b,EDINBURGH_DS7545_HUMAN_PLASMA_NANOOMICS,P04264,R4_EDINBURGH_USGO_20210324_6pm_KostarelosK_OkweloguE_EO112,1.0,0.5715241146054699
T193_OUTER_03,University of Edinburgh-led controlled human exposure study,CONSTANT_TRAINING_MEAN,T193_a2aedef8617e43d23dc9,EDINBURGH_DS7545_HUMAN_PLASMA_NANOOMICS,P04004,R4_EDINBURGH_USGO_20210324_6pm_KostarelosK_OkweloguE_EO112,0.8947368421052632,0.5715241146054699
T193_OUTER_03,University of Edinburgh-led controlled human exposure study,CONSTANT_TRAINING_MEAN,T193_ae1b772da03a85aa6808,EDINBURGH_DS7545_HUMAN_PLASMA_NANOOMICS,P07996,R4_EDINBURGH_USGO_20210324_6pm_KostarelosK_OkweloguE_EO112,0.631578947368421,0.5715241146054699
T193_OUTER_03,University of Edinburgh-led controlled human exposure study,CONSTANT_TRAINING_MEAN,T193_b09c84e5ee3e7652db8a,EDINBURGH_DS7545_HUMAN_PLASMA_NANOOMICS,P26038,R4_EDINBURGH_USGO_20210324_6pm_KostarelosK_OkweloguE_EO112,0.5789473684210527,0.5715241146054699
T193_OUTER_03,University of Edinburgh-led controlled human exposure study,CONSTANT_TRAINING_MEAN,T193_d7bc89d5fbd0da15a348,EDINBURGH_DS7545_HUMAN_PLASMA_NANOOMICS,Q04695,R4_EDINBURGH_USGO_20210324_6pm_KostarelosK_OkweloguE_EO112,0.9473684210526315,0.5715241146054699
T193_OUTER_03,University of Edinburgh-led controlled human exposure study,CONSTANT_TRAINING_MEAN,T193_fa5ea129b9354d92aeaa,EDINBURGH_DS7545_HUMAN_PLASMA_NANOOMICS,Q9HDC9,R4_EDINBURGH_USGO_20210324_6pm_KostarelosK_OkweloguE_EO112,0.8421052631578947,0.5715241146054699
T193_OUTER_03,University of Edinburgh-led controlled human exposure study,CONSTANT_TRAINING_MEAN,T193_fa712d2fa9154844e77e,EDINBURGH_DS7545_HUMAN_PLASMA_NANOOMICS,P60174,R4_EDINBURGH_USGO_20210324_6pm_KostarelosK_OkweloguE_EO112,0.3684210526315789,0.5715241146054699
T193_OUTER_03,University of Edinburgh-led controlled human exposure study,CONSTANT_TRAINING_MEAN,T193_022e43ad9c567f129321,EDINBURGH_DS7545_HUMAN_PLASMA_NANOOMICS,P26038,R4_EDINBURGH_USGO_20210324_6pm_KostarelosK_OkweloguE_EO115,0.7368421052631579,0.5715241146054699
T193_OUTER_03,University of Edinburgh-led controlled human exposure study,CONSTANT_TRAINING_MEAN,T193_0e3252ef2b55f18aa194,EDINBURGH_DS7545_HUMAN_PLASMA_NANOOMICS,Q9HDC9,R4_EDINBURGH_USGO_20210324_6pm_KostarelosK_OkweloguE_EO115,0.5263157894736842,0.5715241146054699
T193_OUTER_03,University of Edinburgh-led controlled human exposure study,CONSTANT_TRAINING_MEAN,T193_2b2e9ed6a2c8f81ee3c3,EDINBURGH_DS7545_HUMAN_PLASMA_NANOOMICS,P06396,R4_EDINBURGH_USGO_20210324_6pm_KostarelosK_OkweloguE_EO115,0.631578947368421,0.5715241146054699
T193_OUTER_03,University of Edinburgh-led controlled human exposure study,CONSTANT_TRAINING_MEAN,T193_4c617799dac70dd2b1cb,EDINBURGH_DS7545_HUMAN_PLASMA_NANOOMICS,P60174,R4_EDINBURGH_USGO_20210324_6pm_KostarelosK_OkweloguE_EO115,0.15789473684210525,0.5715241146054699
T193_OUTER_03,University of Edinburgh-led controlled human exposure study,CONSTANT_TRAINING_MEAN,T193_4ee08058c90f21facbbc,EDINBURGH_DS7545_HUMAN_PLASMA_NANOOMICS,P05556,R4_EDINBURGH_USGO_20210324_6pm_KostarelosK_OkweloguE_EO115,0.3157894736842105,0.5715241146054699
T193_OUTER_03,University of Edinburgh-led controlled human exposure study,CONSTANT_TRAINING_MEAN,T193_6b673c33554a31ea92f7,EDINBURGH_DS7545_HUMAN_PLASMA_NANOOMICS,P04264,R4_EDINBURGH_USGO_20210324_6pm_KostarelosK_OkweloguE_EO115,1.0,0.5715241146054699
T193_OUTER_03,University of Edinburgh-led controlled human exposure study,CONSTANT_TRAINING_MEAN,T193_be1a546fdb883b577f69,EDINBURGH_DS7545_HUMAN_PLASMA_NANOOMICS,P04004,R4_EDINBURGH_USGO_20210324_6pm_KostarelosK_OkweloguE_EO115,0.8947368421052632,0.5715241146054699
T193_OUTER_03,University of Edinburgh-led controlled human exposure study,CONSTANT_TRAINING_MEAN,T193_c5eae2d43bf800ce9ff1,EDINBURGH_DS7545_HUMAN_PLASMA_NANOOMICS,Q04695,R4_EDINBURGH_USGO_20210324_6pm_KostarelosK_OkweloguE_EO115,0.9473684210526315,0.5715241146054699
T193_OUTER_03,University of Edinburgh-led controlled human exposure study,CONSTANT_TRAINING_MEAN,T193_cd90a6f35a2c95075810,EDINBURGH_DS7545_HUMAN_PLASMA_NANOOMICS,P07996,R4_EDINBURGH_USGO_20210324_6pm_KostarelosK_OkweloguE_EO115,0.6842105263157895,0.5715241146054699
T193_OUTER_03,University of Edinburgh-led controlled human exposure study,CONSTANT_TRAINING_MEAN,T193_12274f09f8d63f0b9389,EDINBURGH_DS7545_HUMAN_PLASMA_NANOOMICS,Q9HDC9,R4_EDINBURGH_USGO_20210324_6pm_KostarelosK_OkweloguE_EO120,0.47368421052631576,0.5715241146054699
T193_OUTER_03,University of Edinburgh-led controlled human exposure study,CONSTANT_TRAINING_MEAN,T193_21f171a54c23606bf538,EDINBURGH_DS7545_HUMAN_PLASMA_NANOOMICS,P06396,R4_EDINBURGH_USGO_20210324_6pm_KostarelosK_OkweloguE_EO120,0.8947368421052632,0.5715241146054699
T193_OUTER_03,University of Edinburgh-led controlled human exposure study,CONSTANT_TRAINING_MEAN,T193_233913de0cfcbdc9ec6c,EDINBURGH_DS7545_HUMAN_PLASMA_NANOOMICS,P04004,R4_EDINBURGH_USGO_20210324_6pm_KostarelosK_OkweloguE_EO120,0.9473684210526315,0.5715241146054699
T193_OUTER_03,University of Edinburgh-led controlled human exposure study,CONSTANT_TRAINING_MEAN,T193_244e220ab1d4f0b15f9d,EDINBURGH_DS7545_HUMAN_PLASMA_NANOOMICS,P05556,R4_EDINBURGH_USGO_20210324_6pm_KostarelosK_OkweloguE_EO120,0.7368421052631579,0.5715241146054699
T193_OUTER_03,University of Edinburgh-led controlled human exposure study,CONSTANT_TRAINING_MEAN,T193_29efe54c004d92486e77,EDINBURGH_DS7545_HUMAN_PLASMA_NANOOMICS,P26038,R4_EDINBURGH_USGO_20210324_6pm_KostarelosK_OkweloguE_EO120,0.8421052631578947,0.5715241146054699
T193_OUTER_03,University of Edinburgh-led controlled human exposure study,CONSTANT_TRAINING_MEAN,T193_474f8c4dac2d5065b807,EDINBURGH_DS7545_HUMAN_PLASMA_NANOOMICS,Q04695,R4_EDINBURGH_USGO_20210324_6pm_KostarelosK_OkweloguE_EO120,0.7894736842105263,0.5715241146054699
T193_OUTER_03,University of Edinburgh-led controlled human exposure study,CONSTANT_TRAINING_MEAN,T193_5bd7b90f6a956d757c7e,EDINBURGH_DS7545_HUMAN_PLASMA_NANOOMICS,P07996,R4_EDINBURGH_USGO_20210324_6pm_KostarelosK_OkweloguE_EO120,0.5263157894736842,0.5715241146054699
T193_OUTER_03,University of Edinburgh-led controlled human exposure study,CONSTANT_TRAINING_MEAN,T193_bb165b268555254428d9,EDINBURGH_DS7545_HUMAN_PLASMA_NANOOMICS,P60174,R4_EDINBURGH_USGO_20210324_6pm_KostarelosK_OkweloguE_EO120,0.05263157894736842,0.5715241146054699
T193_OUTER_03,University of Edinburgh-led controlled human exposure study,CONSTANT_TRAINING_MEAN,T193_e070755f5319b0d134e4,EDINBURGH_DS7545_HUMAN_PLASMA_NANOOMICS,P04264,R4_EDINBURGH_USGO_20210324_6pm_KostarelosK_OkweloguE_EO120,1.0,0.5715241146054699
T193_OUTER_03,University of Edinburgh-led controlled human exposure study,CONSTANT_TRAINING_MEAN,T193_1525d5ec4498b766fd46,EDINBURGH_DS7545_HUMAN_PLASMA_NANOOMICS,P04264,R4_EDINBURGH_USGO_20210324_6pm_KostarelosK_OkweloguE_EO121,1.0,0.5715241146054699
T193_OUTER_03,University of Edinburgh-led controlled human exposure study,CONSTANT_TRAINING_MEAN,T193_15f77fed2dbe9bfc16e8,EDINBURGH_DS7545_HUMAN_PLASMA_NANOOMICS,P04004,R4_EDINBURGH_USGO_20210324_6pm_KostarelosK_OkweloguE_EO121,0.9444444444444444,0.5715241146054699
T193_OUTER_03,University of Edinburgh-led controlled human exposure study,CONSTANT_TRAINING_MEAN,T193_31050fc3188b548eb241,EDINBURGH_DS7545_HUMAN_PLASMA_NANOOMICS,Q9HDC9,R4_EDINBURGH_USGO_20210324_6pm_KostarelosK_OkweloguE_EO121,0.5,0.5715241146054699
T193_OUTER_03,University of Edinburgh-led controlled human exposure study,CONSTANT_TRAINING_MEAN,T193_3e694708777650ea3da7,EDINBURGH_DS7545_HUMAN_PLASMA_NANOOMICS,P26038,R4_EDINBURGH_USGO_20210324_6pm_KostarelosK_OkweloguE_EO121,0.6666666666666666,0.5715241146054699
T193_OUTER_03,University of Edinburgh-led controlled human exposure study,CONSTANT_TRAINING_MEAN,T193_6d20ff22f5d90826c830,EDINBURGH_DS7545_HUMAN_PLASMA_NANOOMICS,Q04695,R4_EDINBURGH_USGO_20210324_6pm_KostarelosK_OkweloguE_EO121,0.3888888888888889,0.5715241146054699
T193_OUTER_03,University of Edinburgh-led controlled human exposure study,CONSTANT_TRAINING_MEAN,T193_dc01237594b396fda3b2,EDINBURGH_DS7545_HUMAN_PLASMA_NANOOMICS,P06396,R4_EDINBURGH_USGO_20210324_6pm_KostarelosK_OkweloguE_EO121,0.5555555555555556,0.5715241146054699
T193_OUTER_03,University of Edinburgh-led controlled human exposure study,CONSTANT_TRAINING_MEAN,T193_ef8419649f5f0f2f63b9,EDINBURGH_DS7545_HUMAN_PLASMA_NANOOMICS,P05556,R4_EDINBURGH_USGO_20210324_6pm_KostarelosK_OkweloguE_EO121,0.7777777777777778,0.5715241146054699
T193_OUTER_03,University of Edinburgh-led controlled human exposure study,CONSTANT_TRAINING_MEAN,T193_f74ea90167e6b3b284bd,EDINBURGH_DS7545_HUMAN_PLASMA_NANOOMICS,P60174,R4_EDINBURGH_USGO_20210324_6pm_KostarelosK_OkweloguE_EO121,0.05555555555555555,0.5715241146054699
T193_OUTER_03,University of Edinburgh-led controlled human exposure study,CONSTANT_TRAINING_MEAN,T193_ffcf3587c76e28abdfe8,EDINBURGH_DS7545_HUMAN_PLASMA_NANOOMICS,P07996,R4_EDINBURGH_USGO_20210324_6pm_KostarelosK_OkweloguE_EO121,0.6111111111111112,0.5715241146054699
T193_OUTER_03,University of Edinburgh-led controlled human exposure study,CONSTANT_TRAINING_MEAN,T193_237cf1de666aab5d0684,EDINBURGH_DS7545_HUMAN_PLASMA_NANOOMICS,P06396,R4_EDINBURGH_USGO_20210324_6pm_KostarelosK_OkweloguE_EO125,0.8888888888888888,0.5715241146054699
T193_OUTER_03,University of Edinburgh-led controlled human exposure study,CONSTANT_TRAINING_MEAN,T193_2af1116fc84e66aa26b5,EDINBURGH_DS7545_HUMAN_PLASMA_NANOOMICS,P60174,R4_EDINBURGH_USGO_20210324_6pm_KostarelosK_OkweloguE_EO125,0.0,0.5715241146054699
T193_OUTER_03,University of Edinburgh-led controlled human exposure study,CONSTANT_TRAINING_MEAN,T193_43418dfbd8aa15b2518f,EDINBURGH_DS7545_HUMAN_PLASMA_NANOOMICS,P05556,R4_EDINBURGH_USGO_20210324_6pm_KostarelosK_OkweloguE_EO125,0.4444444444444444,0.5715241146054699
T193_OUTER_03,University of Edinburgh-led controlled human exposure study,CONSTANT_TRAINING_MEAN,T193_506e671dda5731930a63,EDINBURGH_DS7545_HUMAN_PLASMA_NANOOMICS,P07996,R4_EDINBURGH_USGO_20210324_6pm_KostarelosK_OkweloguE_EO125,0.8333333333333334,0.5715241146054699
T193_OUTER_03,University of Edinburgh-led controlled human exposure study,CONSTANT_TRAINING_MEAN,T193_57265b0fdc58ed1cec9e,EDINBURGH_DS7545_HUMAN_PLASMA_NANOOMICS,P04004,R4_EDINBURGH_USGO_20210324_6pm_KostarelosK_OkweloguE_EO125,0.9444444444444444,0.5715241146054699
T193_OUTER_03,University of Edinburgh-led controlled human exposure study,CONSTANT_TRAINING_MEAN,T193_c4893b932c51a7a370fb,EDINBURGH_DS7545_HUMAN_PLASMA_NANOOMICS,Q9HDC9,R4_EDINBURGH_USGO_20210324_6pm_KostarelosK_OkweloguE_EO125,0.6111111111111112,0.5715241146054699
T193_OUTER_03,University of Edinburgh-led controlled human exposure study,CONSTANT_TRAINING_MEAN,T193_cd0b7947f5590a31123d,EDINBURGH_DS7545_HUMAN_PLASMA_NANOOMICS,Q04695,R4_EDINBURGH_USGO_20210324_6pm_KostarelosK_OkweloguE_EO125,0.5555555555555556,0.5715241146054699
T193_OUTER_03,University of Edinburgh-led controlled human exposure study,CONSTANT_TRAINING_MEAN,T193_e92ba86096e277c9e679,EDINBURGH_DS7545_HUMAN_PLASMA_NANOOMICS,P04264,R4_EDINBURGH_USGO_20210324_6pm_KostarelosK_OkweloguE_EO125,1.0,0.5715241146054699
T193_OUTER_03,University of Edinburgh-led controlled human exposure study,CONSTANT_TRAINING_MEAN,T193_f53797cd38d3b9263c01,EDINBURGH_DS7545_HUMAN_PLASMA_NANOOMICS,P26038,R4_EDINBURGH_USGO_20210324_6pm_KostarelosK_OkweloguE_EO125,0.7777777777777778,0.5715241146054699
T193_OUTER_03,University of Edinburgh-led controlled human exposure study,CONSTANT_TRAINING_MEAN,T193_28a8d06165a51e439e19,EDINBURGH_DS7545_HUMAN_PLASMA_NANOOMICS,P05556,R4_EDINBURGH_USGO_20210324_6pm_KostarelosK_OkweloguE_EO126,0.3684210526315789,0.5715241146054699
T193_OUTER_03,University of Edinburgh-led controlled human exposure study,CONSTANT_TRAINING_MEAN,T193_320d4ffd5f4b9b4dbbd9,EDINBURGH_DS7545_HUMAN_PLASMA_NANOOMICS,P04004,R4_EDINBURGH_USGO_20210324_6pm_KostarelosK_OkweloguE_EO126,0.9473684210526315,0.5715241146054699
T193_OUTER_03,University of Edinburgh-led controlled human exposure study,CONSTANT_TRAINING_MEAN,T193_3b0b91b7f820cca41729,EDINBURGH_DS7545_HUMAN_PLASMA_NANOOMICS,P06396,R4_EDINBURGH_USGO_20210324_6pm_KostarelosK_OkweloguE_EO126,0.631578947368421,0.5715241146054699
T193_OUTER_03,University of Edinburgh-led controlled human exposure study,CONSTANT_TRAINING_MEAN,T193_56980369d98337d91250,EDINBURGH_DS7545_HUMAN_PLASMA_NANOOMICS,Q9HDC9,R4_EDINBURGH_USGO_20210324_6pm_KostarelosK_OkweloguE_EO126,0.6842105263157895,0.5715241146054699
T193_OUTER_03,University of Edinburgh-led controlled human exposure study,CONSTANT_TRAINING_MEAN,T193_5e0849061770c14be844,EDINBURGH_DS7545_HUMAN_PLASMA_NANOOMICS,P26038,R4_EDINBURGH_USGO_20210324_6pm_KostarelosK_OkweloguE_EO126,0.8947368421052632,0.5715241146054699
T193_OUTER_03,University of Edinburgh-led controlled human exposure study,CONSTANT_TRAINING_MEAN,T193_6e1154985ca6ca43d30a,EDINBURGH_DS7545_HUMAN_PLASMA_NANOOMICS,P60174,R4_EDINBURGH_USGO_20210324_6pm_KostarelosK_OkweloguE_EO126,0.0,0.5715241146054699
T193_OUTER_03,University of Edinburgh-led controlled human exposure study,CONSTANT_TRAINING_MEAN,T193_7de2bf5035764ba8394a,EDINBURGH_DS7545_HUMAN_PLASMA_NANOOMICS,Q04695,R4_EDINBURGH_USGO_20210324_6pm_KostarelosK_OkweloguE_EO126,0.7368421052631579,0.5715241146054699
T193_OUTER_03,University of Edinburgh-led controlled human exposure study,CONSTANT_TRAINING_MEAN,T193_9d172474478656b45caa,EDINBURGH_DS7545_HUMAN_PLASMA_NANOOMICS,P04264,R4_EDINBURGH_USGO_20210324_6pm_KostarelosK_OkweloguE_EO126,1.0,0.5715241146054699
T193_OUTER_03,University of Edinburgh-led controlled human exposure study,CONSTANT_TRAINING_MEAN,T193_b7f9f3990002c7fccdf7,EDINBURGH_DS7545_HUMAN_PLASMA_NANOOMICS,P07996,R4_EDINBURGH_USGO_20210324_6pm_KostarelosK_OkweloguE_EO126,0.8421052631578947,0.5715241146054699
T193_OUTER_03,University of Edinburgh-led controlled human exposure study,CONSTANT_TRAINING_MEAN,T193_3618d27e28e6b34b998d,EDINBURGH_DS7545_HUMAN_PLASMA_NANOOMICS,P26038,R4_EDINBURGH_USGO_20210324_6pm_KostarelosK_OkweloguE_EO13,0.6111111111111112,0.5715241146054699
T193_OUTER_03,University of Edinburgh-led controlled human exposure study,CONSTANT_TRAINING_MEAN,T193_3ccdf4eb893ba75797af,EDINBURGH_DS7545_HUMAN_PLASMA_NANOOMICS,Q04695,R4_EDINBURGH_USGO_20210324_6pm_KostarelosK_OkweloguE_EO13,0.8333333333333334,0.5715241146054699
T193_OUTER_03,University of Edinburgh-led controlled human exposure study,CONSTANT_TRAINING_MEAN,T193_4b5a94991d9e3ff75a1d,EDINBURGH_DS7545_HUMAN_PLASMA_NANOOMICS,P05556,R4_EDINBURGH_USGO_20210324_6pm_KostarelosK_OkweloguE_EO13,0.3888888888888889,0.5715241146054699
T193_OUTER_03,University of Edinburgh-led controlled human exposure study,CONSTANT_TRAINING_MEAN,T193_6cdc0e1093f90d785e1c,EDINBURGH_DS7545_HUMAN_PLASMA_NANOOMICS,P04264,R4_EDINBURGH_USGO_20210324_6pm_KostarelosK_OkweloguE_EO13,1.0,0.5715241146054699
T193_OUTER_03,University of Edinburgh-led controlled human exposure study,CONSTANT_TRAINING_MEAN,T193_6e1bbb5fc22ccb0f7d7b,EDINBURGH_DS7545_HUMAN_PLASMA_NANOOMICS,P04004,R4_EDINBURGH_USGO_20210324_6pm_KostarelosK_OkweloguE_EO13,0.9444444444444444,0.5715241146054699
T193_OUTER_03,University of Edinburgh-led controlled human exposure study,CONSTANT_TRAINING_MEAN,T193_9292be5ef218e9e8c920,EDINBURGH_DS7545_HUMAN_PLASMA_NANOOMICS,Q9HDC9,R4_EDINBURGH_USGO_20210324_6pm_KostarelosK_OkweloguE_EO13,0.5555555555555556,0.5715241146054699
T193_OUTER_03,University of Edinburgh-led controlled human exposure study,CONSTANT_TRAINING_MEAN,T193_e95755a402c68bff6269,EDINBURGH_DS7545_HUMAN_PLASMA_NANOOMICS,P06396,R4_EDINBURGH_USGO_20210324_6pm_KostarelosK_OkweloguE_EO13,0.6666666666666666,0.5715241146054699
T193_OUTER_03,University of Edinburgh-led controlled human exposure study,CONSTANT_TRAINING_MEAN,T193_f118b7bd87b54257010f,EDINBURGH_DS7545_HUMAN_PLASMA_NANOOMICS,P07996,R4_EDINBURGH_USGO_20210324_6pm_KostarelosK_OkweloguE_EO13,0.8888888888888888,0.5715241146054699
T193_OUTER_03,University of Edinburgh-led controlled human exposure study,CONSTANT_TRAINING_MEAN,T193_21c7f51853ddc43a7f30,EDINBURGH_DS7545_HUMAN_PLASMA_NANOOMICS,P04264,R4_EDINBURGH_USGO_20210324_6pm_KostarelosK_OkweloguE_EO26,1.0,0.5715241146054699
T193_OUTER_03,University of Edinburgh-led controlled human exposure study,CONSTANT_TRAINING_MEAN,T193_4f0c3355e387784d11c0,EDINBURGH_DS7545_HUMAN_PLASMA_NANOOMICS,Q04695,R4_EDINBURGH_USGO_20210324_6pm_KostarelosK_OkweloguE_EO26,0.9444444444444444,0.5715241146054699
T193_OUTER_03,University of Edinburgh-led controlled human exposure study,CONSTANT_TRAINING_MEAN,T193_6a7b1b804c5b31c5c9b6,EDINBURGH_DS7545_HUMAN_PLASMA_NANOOMICS,P06396,R4_EDINBURGH_USGO_20210324_6pm_KostarelosK_OkweloguE_EO26,0.6666666666666666,0.5715241146054699
T193_OUTER_03,University of Edinburgh-led controlled human exposure study,CONSTANT_TRAINING_MEAN,T193_c5844179c942b57906a7,EDINBURGH_DS7545_HUMAN_PLASMA_NANOOMICS,P07996,R4_EDINBURGH_USGO_20210324_6pm_KostarelosK_OkweloguE_EO26,0.2222222222222222,0.5715241146054699
T193_OUTER_03,University of Edinburgh-led controlled human exposure study,CONSTANT_TRAINING_MEAN,T193_e6ed5e860ad204571c58,EDINBURGH_DS7545_HUMAN_PLASMA_NANOOMICS,P26038,R4_EDINBURGH_USGO_20210324_6pm_KostarelosK_OkweloguE_EO26,0.7222222222222222,0.5715241146054699
T193_OUTER_03,University of Edinburgh-led controlled human exposure study,CONSTANT_TRAINING_MEAN,T193_e70424433e998397fc8b,EDINBURGH_DS7545_HUMAN_PLASMA_NANOOMICS,P05556,R4_EDINBURGH_USGO_20210324_6pm_KostarelosK_OkweloguE_EO26,0.3888888888888889,0.5715241146054699
T193_OUTER_03,University of Edinburgh-led controlled human exposure study,CONSTANT_TRAINING_MEAN,T193_eac0e69392b110eaf1f5,EDINBURGH_DS7545_HUMAN_PLASMA_NANOOMICS,P04004,R4_EDINBURGH_USGO_20210324_6pm_KostarelosK_OkweloguE_EO26,0.8333333333333334,0.5715241146054699
T193_OUTER_03,University of Edinburgh-led controlled human exposure study,CONSTANT_TRAINING_MEAN,T193_eda1c482ac3f564faeb7,EDINBURGH_DS7545_HUMAN_PLASMA_NANOOMICS,Q9HDC9,R4_EDINBURGH_USGO_20210324_6pm_KostarelosK_OkweloguE_EO26,0.16666666666666666,0.5715241146054699
T193_OUTER_03,University of Edinburgh-led controlled human exposure study,CONSTANT_TRAINING_MEAN,T193_187a78dca60d490b8067,EDINBURGH_DS7545_HUMAN_PLASMA_NANOOMICS,P04004,R4_EDINBURGH_USGO_20210324_6pm_KostarelosK_OkweloguE_EO36,0.8888888888888888,0.5715241146054699
T193_OUTER_03,University of Edinburgh-led controlled human exposure study,CONSTANT_TRAINING_MEAN,T193_2cdaabb18f461ea051b6,EDINBURGH_DS7545_HUMAN_PLASMA_NANOOMICS,P06396,R4_EDINBURGH_USGO_20210324_6pm_KostarelosK_OkweloguE_EO36,0.7777777777777778,0.5715241146054699
T193_OUTER_03,University of Edinburgh-led controlled human exposure study,CONSTANT_TRAINING_MEAN,T193_4194477f79ae7031451b,EDINBURGH_DS7545_HUMAN_PLASMA_NANOOMICS,Q04695,R4_EDINBURGH_USGO_20210324_6pm_KostarelosK_OkweloguE_EO36,0.9444444444444444,0.5715241146054699
T193_OUTER_03,University of Edinburgh-led controlled human exposure study,CONSTANT_TRAINING_MEAN,T193_56cb430b48e62979d2e4,EDINBURGH_DS7545_HUMAN_PLASMA_NANOOMICS,P04264,R4_EDINBURGH_USGO_20210324_6pm_KostarelosK_OkweloguE_EO36,1.0,0.5715241146054699
T193_OUTER_03,University of Edinburgh-led controlled human exposure study,CONSTANT_TRAINING_MEAN,T193_69dfa9a8f73f037caa06,EDINBURGH_DS7545_HUMAN_PLASMA_NANOOMICS,Q9HDC9,R4_EDINBURGH_USGO_20210324_6pm_KostarelosK_OkweloguE_EO36,0.5,0.5715241146054699
T193_OUTER_03,University of Edinburgh-led controlled human exposure study,CONSTANT_TRAINING_MEAN,T193_9cc561c2bcf4989d9a9c,EDINBURGH_DS7545_HUMAN_PLASMA_NANOOMICS,P07996,R4_EDINBURGH_USGO_20210324_6pm_KostarelosK_OkweloguE_EO36,0.6111111111111112,0.5715241146054699
T193_OUTER_03,University of Edinburgh-led controlled human exposure study,CONSTANT_TRAINING_MEAN,T193_db649d58cbff6d1eb1c0,EDINBURGH_DS7545_HUMAN_PLASMA_NANOOMICS,P26038,R4_EDINBURGH_USGO_20210324_6pm_KostarelosK_OkweloguE_EO36,0.7222222222222222,0.5715241146054699
T193_OUTER_03,University of Edinburgh-led controlled human exposure study,CONSTANT_TRAINING_MEAN,T193_fc2c26a3268859dfb99f,EDINBURGH_DS7545_HUMAN_PLASMA_NANOOMICS,P05556,R4_EDINBURGH_USGO_20210324_6pm_KostarelosK_OkweloguE_EO36,0.16666666666666666,0.5715241146054699
T193_OUTER_03,University of Edinburgh-led controlled human exposure study,CONSTANT_TRAINING_MEAN,T193_19fdfcdae7c14fae7391,EDINBURGH_DS7545_HUMAN_PLASMA_NANOOMICS,P04004,R4_EDINBURGH_USGO_20210324_6pm_KostarelosK_OkweloguE_EO40,0.8888888888888888,0.5715241146054699
T193_OUTER_03,University of Edinburgh-led controlled human exposure study,CONSTANT_TRAINING_MEAN,T193_2411b95821ac88f1ac2a,EDINBURGH_DS7545_HUMAN_PLASMA_NANOOMICS,Q04695,R4_EDINBURGH_USGO_20210324_6pm_KostarelosK_OkweloguE_EO40,0.9444444444444444,0.5715241146054699
T193_OUTER_03,University of Edinburgh-led controlled human exposure study,CONSTANT_TRAINING_MEAN,T193_46387055378b2ea5c5c6,EDINBURGH_DS7545_HUMAN_PLASMA_NANOOMICS,P04264,R4_EDINBURGH_USGO_20210324_6pm_KostarelosK_OkweloguE_EO40,1.0,0.5715241146054699
T193_OUTER_03,University of Edinburgh-led controlled human exposure study,CONSTANT_TRAINING_MEAN,T193_4921651c6a5e8368b467,EDINBURGH_DS7545_HUMAN_PLASMA_NANOOMICS,P07996,R4_EDINBURGH_USGO_20210324_6pm_KostarelosK_OkweloguE_EO40,0.5555555555555556,0.5715241146054699
T193_OUTER_03,University of Edinburgh-led controlled human exposure study,CONSTANT_TRAINING_MEAN,T193_651e36916a61ad128900,EDINBURGH_DS7545_HUMAN_PLASMA_NANOOMICS,P06396,R4_EDINBURGH_USGO_20210324_6pm_KostarelosK_OkweloguE_EO40,0.7222222222222222,0.5715241146054699
T193_OUTER_03,University of Edinburgh-led controlled human exposure study,CONSTANT_TRAINING_MEAN,T193_7ad4836cfa1a6e4e491b,EDINBURGH_DS7545_HUMAN_PLASMA_NANOOMICS,Q9HDC9,R4_EDINBURGH_USGO_20210324_6pm_KostarelosK_OkweloguE_EO40,0.0,0.5715241146054699
T193_OUTER_03,University of Edinburgh-led controlled human exposure study,CONSTANT_TRAINING_MEAN,T193_839d76a78a6b293fe392,EDINBURGH_DS7545_HUMAN_PLASMA_NANOOMICS,P05556,R4_EDINBURGH_USGO_20210324_6pm_KostarelosK_OkweloguE_EO40,0.2777777777777778,0.5715241146054699
T193_OUTER_03,University of Edinburgh-led controlled human exposure study,CONSTANT_TRAINING_MEAN,T193_cf432e27bf7586a205b0,EDINBURGH_DS7545_HUMAN_PLASMA_NANOOMICS,P26038,R4_EDINBURGH_USGO_20210324_6pm_KostarelosK_OkweloguE_EO40,0.5,0.5715241146054699
T193_OUTER_03,University of Edinburgh-led controlled human exposure study,CONSTANT_TRAINING_MEAN,T193_0d56021b5f8f06eff91d,EDINBURGH_DS7545_HUMAN_PLASMA_NANOOMICS,P04264,R4_EDINBURGH_USGO_20210324_6pm_KostarelosK_OkweloguE_EO42,1.0,0.5715241146054699
T193_OUTER_03,University of Edinburgh-led controlled human exposure study,CONSTANT_TRAINING_MEAN,T193_2b50828e331f94cb495e,EDINBURGH_DS7545_HUMAN_PLASMA_NANOOMICS,P06396,R4_EDINBURGH_USGO_20210324_6pm_KostarelosK_OkweloguE_EO42,0.7222222222222222,0.5715241146054699
T193_OUTER_03,University of Edinburgh-led controlled human exposure study,CONSTANT_TRAINING_MEAN,T193_41157b54ff2660cca597,EDINBURGH_DS7545_HUMAN_PLASMA_NANOOMICS,P05556,R4_EDINBURGH_USGO_20210324_6pm_KostarelosK_OkweloguE_EO42,0.0,0.5715241146054699
T193_OUTER_03,University of Edinburgh-led controlled human exposure study,CONSTANT_TRAINING_MEAN,T193_639037a0ce25aae32982,EDINBURGH_DS7545_HUMAN_PLASMA_NANOOMICS,Q9HDC9,R4_EDINBURGH_USGO_20210324_6pm_KostarelosK_OkweloguE_EO42,0.2222222222222222,0.5715241146054699
T193_OUTER_03,University of Edinburgh-led controlled human exposure study,CONSTANT_TRAINING_MEAN,T193_6d3456fa2ee2c0346ee8,EDINBURGH_DS7545_HUMAN_PLASMA_NANOOMICS,P04004,R4_EDINBURGH_USGO_20210324_6pm_KostarelosK_OkweloguE_EO42,0.8888888888888888,0.5715241146054699
T193_OUTER_03,University of Edinburgh-led controlled human exposure study,CONSTANT_TRAINING_MEAN,T193_8c9bc087f7b67f7ed7aa,EDINBURGH_DS7545_HUMAN_PLASMA_NANOOMICS,Q04695,R4_EDINBURGH_USGO_20210324_6pm_KostarelosK_OkweloguE_EO42,0.9444444444444444,0.5715241146054699
T193_OUTER_03,University of Edinburgh-led controlled human exposure study,CONSTANT_TRAINING_MEAN,T193_b50c0830ea968cfed85b,EDINBURGH_DS7545_HUMAN_PLASMA_NANOOMICS,P07996,R4_EDINBURGH_USGO_20210324_6pm_KostarelosK_OkweloguE_EO42,0.1111111111111111,0.5715241146054699
T193_OUTER_03,University of Edinburgh-led controlled human exposure study,CONSTANT_TRAINING_MEAN,T193_c1dd433efc0f743588a9,EDINBURGH_DS7545_HUMAN_PLASMA_NANOOMICS,P26038,R4_EDINBURGH_USGO_20210324_6pm_KostarelosK_OkweloguE_EO42,0.6111111111111112,0.5715241146054699
T193_OUTER_03,University of Edinburgh-led controlled human exposure study,CONSTANT_TRAINING_MEAN,T193_3a3e48dcddb9b8ea5126,EDINBURGH_DS7545_HUMAN_PLASMA_NANOOMICS,Q9HDC9,R4_EDINBURGH_USGO_20210324_6pm_KostarelosK_OkweloguE_EO44,0.7058823529411765,0.5715241146054699
T193_OUTER_03,University of Edinburgh-led controlled human exposure study,CONSTANT_TRAINING_MEAN,T193_5bc70e975c0e9a809e27,EDINBURGH_DS7545_HUMAN_PLASMA_NANOOMICS,P06396,R4_EDINBURGH_USGO_20210324_6pm_KostarelosK_OkweloguE_EO44,0.8235294117647058,0.5715241146054699
T193_OUTER_03,University of Edinburgh-led controlled human exposure study,CONSTANT_TRAINING_MEAN,T193_5dd380495ef0fdd3f1b0,EDINBURGH_DS7545_HUMAN_PLASMA_NANOOMICS,P07996,R4_EDINBURGH_USGO_20210324_6pm_KostarelosK_OkweloguE_EO44,0.5294117647058824,0.5715241146054699
T193_OUTER_03,University of Edinburgh-led controlled human exposure study,CONSTANT_TRAINING_MEAN,T193_77ccbf08fc1abe916589,EDINBURGH_DS7545_HUMAN_PLASMA_NANOOMICS,P04004,R4_EDINBURGH_USGO_20210324_6pm_KostarelosK_OkweloguE_EO44,0.9411764705882353,0.5715241146054699
T193_OUTER_03,University of Edinburgh-led controlled human exposure study,CONSTANT_TRAINING_MEAN,T193_7862f3be96ef0b8357f8,EDINBURGH_DS7545_HUMAN_PLASMA_NANOOMICS,P04264,R4_EDINBURGH_USGO_20210324_6pm_KostarelosK_OkweloguE_EO44,1.0,0.5715241146054699
T193_OUTER_03,University of Edinburgh-led controlled human exposure study,CONSTANT_TRAINING_MEAN,T193_c0bab631028690a751c9,EDINBURGH_DS7545_HUMAN_PLASMA_NANOOMICS,Q04695,R4_EDINBURGH_USGO_20210324_6pm_KostarelosK_OkweloguE_EO44,0.7647058823529411,0.5715241146054699
T193_OUTER_03,University of Edinburgh-led controlled human exposure study,CONSTANT_TRAINING_MEAN,T193_c80ebbe5ac3198b8de7a,EDINBURGH_DS7545_HUMAN_PLASMA_NANOOMICS,P26038,R4_EDINBURGH_USGO_20210324_6pm_KostarelosK_OkweloguE_EO44,0.5882352941176471,0.5715241146054699
T193_OUTER_03,University of Edinburgh-led controlled human exposure study,CONSTANT_TRAINING_MEAN,T193_fe4de8660efc3584f257,EDINBURGH_DS7545_HUMAN_PLASMA_NANOOMICS,P05556,R4_EDINBURGH_USGO_20210324_6pm_KostarelosK_OkweloguE_EO44,0.11764705882352941,0.5715241146054699
T193_OUTER_03,University of Edinburgh-led controlled human exposure study,CONSTANT_TRAINING_MEAN,T193_2384169e5d26e9b36454,EDINBURGH_DS7545_HUMAN_PLASMA_NANOOMICS,P07996,R4_EDINBURGH_USGO_20210324_6pm_KostarelosK_OkweloguE_EO5,0.47368421052631576,0.5715241146054699
T193_OUTER_03,University of Edinburgh-led controlled human exposure study,CONSTANT_TRAINING_MEAN,T193_2a2519768e09de8eb26f,EDINBURGH_DS7545_HUMAN_PLASMA_NANOOMICS,P04004,R4_EDINBURGH_USGO_20210324_6pm_KostarelosK_OkweloguE_EO5,0.9473684210526315,0.5715241146054699
T193_OUTER_03,University of Edinburgh-led controlled human exposure study,CONSTANT_TRAINING_MEAN,T193_2e5867173251c044ae7c,EDINBURGH_DS7545_HUMAN_PLASMA_NANOOMICS,P06396,R4_EDINBURGH_USGO_20210324_6pm_KostarelosK_OkweloguE_EO5,0.7894736842105263,0.5715241146054699
T193_OUTER_03,University of Edinburgh-led controlled human exposure study,CONSTANT_TRAINING_MEAN,T193_3b51a2efd42da75b60b0,EDINBURGH_DS7545_HUMAN_PLASMA_NANOOMICS,P04264,R4_EDINBURGH_USGO_20210324_6pm_KostarelosK_OkweloguE_EO5,1.0,0.5715241146054699
T193_OUTER_03,University of Edinburgh-led controlled human exposure study,CONSTANT_TRAINING_MEAN,T193_6dca2bacff1ca2f03d07,EDINBURGH_DS7545_HUMAN_PLASMA_NANOOMICS,P26038,R4_EDINBURGH_USGO_20210324_6pm_KostarelosK_OkweloguE_EO5,0.7368421052631579,0.5715241146054699
T193_OUTER_03,University of Edinburgh-led controlled human exposure study,CONSTANT_TRAINING_MEAN,T193_99e5cdcbaae6d8fb4f89,EDINBURGH_DS7545_HUMAN_PLASMA_NANOOMICS,Q04695,R4_EDINBURGH_USGO_20210324_6pm_KostarelosK_OkweloguE_EO5,0.42105263157894735,0.5715241146054699
T193_OUTER_03,University of Edinburgh-led controlled human exposure study,CONSTANT_TRAINING_MEAN,T193_c06de93186163f1ab8d0,EDINBURGH_DS7545_HUMAN_PLASMA_NANOOMICS,P05556,R4_EDINBURGH_USGO_20210324_6pm_KostarelosK_OkweloguE_EO5,0.631578947368421,0.5715241146054699
T193_OUTER_03,University of Edinburgh-led controlled human exposure study,CONSTANT_TRAINING_MEAN,T193_c0b47d7f12a1edcffa6f,EDINBURGH_DS7545_HUMAN_PLASMA_NANOOMICS,Q9HDC9,R4_EDINBURGH_USGO_20210324_6pm_KostarelosK_OkweloguE_EO5,0.15789473684210525,0.5715241146054699
T193_OUTER_03,University of Edinburgh-led controlled human exposure study,CONSTANT_TRAINING_MEAN,T193_c54ba814fb034443e0ae,EDINBURGH_DS7545_HUMAN_PLASMA_NANOOMICS,P60174,R4_EDINBURGH_USGO_20210324_6pm_KostarelosK_OkweloguE_EO5,0.0,0.5715241146054699
T193_OUTER_03,University of Edinburgh-led controlled human exposure study,CONSTANT_TRAINING_MEAN,T193_0244e8667215b4573632,EDINBURGH_DS7545_HUMAN_PLASMA_NANOOMICS,Q04695,R4_EDINBURGH_USGO_20210324_6pm_KostarelosK_OkweloguE_EO50,0.8947368421052632,0.5715241146054699
T193_OUTER_03,University of Edinburgh-led controlled human exposure study,CONSTANT_TRAINING_MEAN,T193_2d4ec1e24e59a8d5e7b5,EDINBURGH_DS7545_HUMAN_PLASMA_NANOOMICS,P26038,R4_EDINBURGH_USGO_20210324_6pm_KostarelosK_OkweloguE_EO50,0.8421052631578947,0.5715241146054699
T193_OUTER_03,University of Edinburgh-led controlled human exposure study,CONSTANT_TRAINING_MEAN,T193_6a657a0cf2722839d99d,EDINBURGH_DS7545_HUMAN_PLASMA_NANOOMICS,Q9HDC9,R4_EDINBURGH_USGO_20210324_6pm_KostarelosK_OkweloguE_EO50,0.05263157894736842,0.5715241146054699
T193_OUTER_03,University of Edinburgh-led controlled human exposure study,CONSTANT_TRAINING_MEAN,T193_73fc19f4bee445b39a44,EDINBURGH_DS7545_HUMAN_PLASMA_NANOOMICS,P04004,R4_EDINBURGH_USGO_20210324_6pm_KostarelosK_OkweloguE_EO50,0.9473684210526315,0.5715241146054699
T193_OUTER_03,University of Edinburgh-led controlled human exposure study,CONSTANT_TRAINING_MEAN,T193_7674e8f22353d2579187,EDINBURGH_DS7545_HUMAN_PLASMA_NANOOMICS,P04264,R4_EDINBURGH_USGO_20210324_6pm_KostarelosK_OkweloguE_EO50,1.0,0.5715241146054699
T193_OUTER_03,University of Edinburgh-led controlled human exposure study,CONSTANT_TRAINING_MEAN,T193_ace90251fcae09a9b8ff,EDINBURGH_DS7545_HUMAN_PLASMA_NANOOMICS,P05556,R4_EDINBURGH_USGO_20210324_6pm_KostarelosK_OkweloguE_EO50,0.5263157894736842,0.5715241146054699
T193_OUTER_03,University of Edinburgh-led controlled human exposure study,CONSTANT_TRAINING_MEAN,T193_cc9ad4575c388f5cc10f,EDINBURGH_DS7545_HUMAN_PLASMA_NANOOMICS,P07996,R4_EDINBURGH_USGO_20210324_6pm_KostarelosK_OkweloguE_EO50,0.47368421052631576,0.5715241146054699
T193_OUTER_03,University of Edinburgh-led controlled human exposure study,CONSTANT_TRAINING_MEAN,T193_ce0008226007703571c2,EDINBURGH_DS7545_HUMAN_PLASMA_NANOOMICS,P60174,R4_EDINBURGH_USGO_20210324_6pm_KostarelosK_OkweloguE_EO50,0.15789473684210525,0.5715241146054699
T193_OUTER_03,University of Edinburgh-led controlled human exposure study,CONSTANT_TRAINING_MEAN,T193_d1582eefbcf6b9f0c73e,EDINBURGH_DS7545_HUMAN_PLASMA_NANOOMICS,P06396,R4_EDINBURGH_USGO_20210324_6pm_KostarelosK_OkweloguE_EO50,0.6842105263157895,0.5715241146054699
T193_OUTER_03,University of Edinburgh-led controlled human exposure study,CONSTANT_TRAINING_MEAN,T193_018d0daeeb77795d4e32,EDINBURGH_DS7545_HUMAN_PLASMA_NANOOMICS,P04264,R4_EDINBURGH_USGO_20210324_6pm_KostarelosK_OkweloguE_EO53,1.0,0.5715241146054699
T193_OUTER_03,University of Edinburgh-led controlled human exposure study,CONSTANT_TRAINING_MEAN,T193_86c0b3c554c7d42bf977,EDINBURGH_DS7545_HUMAN_PLASMA_NANOOMICS,P05556,R4_EDINBURGH_USGO_20210324_6pm_KostarelosK_OkweloguE_EO53,0.3333333333333333,0.5715241146054699
T193_OUTER_03,University of Edinburgh-led controlled human exposure study,CONSTANT_TRAINING_MEAN,T193_b21f2e6b0d3cdb3ea129,EDINBURGH_DS7545_HUMAN_PLASMA_NANOOMICS,P06396,R4_EDINBURGH_USGO_20210324_6pm_KostarelosK_OkweloguE_EO53,0.8333333333333334,0.5715241146054699
T193_OUTER_03,University of Edinburgh-led controlled human exposure study,CONSTANT_TRAINING_MEAN,T193_bcd840bbc97959dc0715,EDINBURGH_DS7545_HUMAN_PLASMA_NANOOMICS,P07996,R4_EDINBURGH_USGO_20210324_6pm_KostarelosK_OkweloguE_EO53,0.2777777777777778,0.5715241146054699
T193_OUTER_03,University of Edinburgh-led controlled human exposure study,CONSTANT_TRAINING_MEAN,T193_c35fa95be89b58386edb,EDINBURGH_DS7545_HUMAN_PLASMA_NANOOMICS,P04004,R4_EDINBURGH_USGO_20210324_6pm_KostarelosK_OkweloguE_EO53,0.9444444444444444,0.5715241146054699
T193_OUTER_03,University of Edinburgh-led controlled human exposure study,CONSTANT_TRAINING_MEAN,T193_e13a949c8dba1a6c5a5e,EDINBURGH_DS7545_HUMAN_PLASMA_NANOOMICS,Q04695,R4_EDINBURGH_USGO_20210324_6pm_KostarelosK_OkweloguE_EO53,0.6666666666666666,0.5715241146054699
T193_OUTER_03,University of Edinburgh-led controlled human exposure study,CONSTANT_TRAINING_MEAN,T193_e62fa20107b9671d53ee,EDINBURGH_DS7545_HUMAN_PLASMA_NANOOMICS,Q9HDC9,R4_EDINBURGH_USGO_20210324_6pm_KostarelosK_OkweloguE_EO53,0.5,0.5715241146054699
T193_OUTER_03,University of Edinburgh-led controlled human exposure study,CONSTANT_TRAINING_MEAN,T193_ff98a365512c60045e8e,EDINBURGH_DS7545_HUMAN_PLASMA_NANOOMICS,P26038,R4_EDINBURGH_USGO_20210324_6pm_KostarelosK_OkweloguE_EO53,0.8888888888888888,0.5715241146054699
T193_OUTER_03,University of Edinburgh-led controlled human exposure study,CONSTANT_TRAINING_MEAN,T193_0413120472e4ad7539e0,EDINBURGH_DS7545_HUMAN_PLASMA_NANOOMICS,P06396,R4_EDINBURGH_USGO_20210324_6pm_KostarelosK_OkweloguE_EO60,0.7222222222222222,0.5715241146054699
T193_OUTER_03,University of Edinburgh-led controlled human exposure study,CONSTANT_TRAINING_MEAN,T193_2e0b092b48c8249563bb,EDINBURGH_DS7545_HUMAN_PLASMA_NANOOMICS,Q9HDC9,R4_EDINBURGH_USGO_20210324_6pm_KostarelosK_OkweloguE_EO60,0.5555555555555556,0.5715241146054699
T193_OUTER_03,University of Edinburgh-led controlled human exposure study,CONSTANT_TRAINING_MEAN,T193_2ed0dd50e0d298117a82,EDINBURGH_DS7545_HUMAN_PLASMA_NANOOMICS,P07996,R4_EDINBURGH_USGO_20210324_6pm_KostarelosK_OkweloguE_EO60,0.6666666666666666,0.5715241146054699
T193_OUTER_03,University of Edinburgh-led controlled human exposure study,CONSTANT_TRAINING_MEAN,T193_45c71888666106fd7ec2,EDINBURGH_DS7545_HUMAN_PLASMA_NANOOMICS,P05556,R4_EDINBURGH_USGO_20210324_6pm_KostarelosK_OkweloguE_EO60,0.2777777777777778,0.5715241146054699
T193_OUTER_03,University of Edinburgh-led controlled human exposure study,CONSTANT_TRAINING_MEAN,T193_9f8879a4b0de97366543,EDINBURGH_DS7545_HUMAN_PLASMA_NANOOMICS,P04264,R4_EDINBURGH_USGO_20210324_6pm_KostarelosK_OkweloguE_EO60,1.0,0.5715241146054699
T193_OUTER_03,University of Edinburgh-led controlled human exposure study,CONSTANT_TRAINING_MEAN,T193_cbe4dfba5e60704e55af,EDINBURGH_DS7545_HUMAN_PLASMA_NANOOMICS,P04004,R4_EDINBURGH_USGO_20210324_6pm_KostarelosK_OkweloguE_EO60,0.9444444444444444,0.5715241146054699
T193_OUTER_03,University of Edinburgh-led controlled human exposure study,CONSTANT_TRAINING_MEAN,T193_d39a51c15a15b379d9a0,EDINBURGH_DS7545_HUMAN_PLASMA_NANOOMICS,P26038,R4_EDINBURGH_USGO_20210324_6pm_KostarelosK_OkweloguE_EO60,0.8888888888888888,0.5715241146054699
T193_OUTER_03,University of Edinburgh-led controlled human exposure study,CONSTANT_TRAINING_MEAN,T193_f2f374ac7afba0f3ccea,EDINBURGH_DS7545_HUMAN_PLASMA_NANOOMICS,Q04695,R4_EDINBURGH_USGO_20210324_6pm_KostarelosK_OkweloguE_EO60,0.8333333333333334,0.5715241146054699
T193_OUTER_03,University of Edinburgh-led controlled human exposure study,CONSTANT_TRAINING_MEAN,T193_0fcad4451c457609d7c3,EDINBURGH_DS7545_HUMAN_PLASMA_NANOOMICS,P05556,R4_EDINBURGH_USGO_20210324_6pm_KostarelosK_OkweloguE_EO62,0.5263157894736842,0.5715241146054699
T193_OUTER_03,University of Edinburgh-led controlled human exposure study,CONSTANT_TRAINING_MEAN,T193_457f74c16a4ba800f8ee,EDINBURGH_DS7545_HUMAN_PLASMA_NANOOMICS,P04264,R4_EDINBURGH_USGO_20210324_6pm_KostarelosK_OkweloguE_EO62,1.0,0.5715241146054699
T193_OUTER_03,University of Edinburgh-led controlled human exposure study,CONSTANT_TRAINING_MEAN,T193_459c1989bb836c83dfda,EDINBURGH_DS7545_HUMAN_PLASMA_NANOOMICS,Q9HDC9,R4_EDINBURGH_USGO_20210324_6pm_KostarelosK_OkweloguE_EO62,0.21052631578947367,0.5715241146054699
T193_OUTER_03,University of Edinburgh-led controlled human exposure study,CONSTANT_TRAINING_MEAN,T193_52c131b70ba982eeff65,EDINBURGH_DS7545_HUMAN_PLASMA_NANOOMICS,P06396,R4_EDINBURGH_USGO_20210324_6pm_KostarelosK_OkweloguE_EO62,0.631578947368421,0.5715241146054699
T193_OUTER_03,University of Edinburgh-led controlled human exposure study,CONSTANT_TRAINING_MEAN,T193_b261acb00636dce7346f,EDINBURGH_DS7545_HUMAN_PLASMA_NANOOMICS,P07996,R4_EDINBURGH_USGO_20210324_6pm_KostarelosK_OkweloguE_EO62,0.3157894736842105,0.5715241146054699
T193_OUTER_03,University of Edinburgh-led controlled human exposure study,CONSTANT_TRAINING_MEAN,T193_b9a625e16286bb6dcb80,EDINBURGH_DS7545_HUMAN_PLASMA_NANOOMICS,P26038,R4_EDINBURGH_USGO_20210324_6pm_KostarelosK_OkweloguE_EO62,0.3684210526315789,0.5715241146054699
T193_OUTER_03,University of Edinburgh-led controlled human exposure study,CONSTANT_TRAINING_MEAN,T193_c77ea39389148a425735,EDINBURGH_DS7545_HUMAN_PLASMA_NANOOMICS,Q04695,R4_EDINBURGH_USGO_20210324_6pm_KostarelosK_OkweloguE_EO62,0.9473684210526315,0.5715241146054699
T193_OUTER_03,University of Edinburgh-led controlled human exposure study,CONSTANT_TRAINING_MEAN,T193_d79c25e1ba4627452358,EDINBURGH_DS7545_HUMAN_PLASMA_NANOOMICS,P60174,R4_EDINBURGH_USGO_20210324_6pm_KostarelosK_OkweloguE_EO62,0.6842105263157895,0.5715241146054699
T193_OUTER_03,University of Edinburgh-led controlled human exposure study,CONSTANT_TRAINING_MEAN,T193_dbee70563a02035f4db9,EDINBURGH_DS7545_HUMAN_PLASMA_NANOOMICS,P04004,R4_EDINBURGH_USGO_20210324_6pm_KostarelosK_OkweloguE_EO62,0.8947368421052632,0.5715241146054699
T193_OUTER_03,University of Edinburgh-led controlled human exposure study,CONSTANT_TRAINING_MEAN,T193_13a90409f7a64ed8a1d3,EDINBURGH_DS7545_HUMAN_PLASMA_NANOOMICS,Q04695,R4_EDINBURGH_USGO_20210324_6pm_KostarelosK_OkweloguE_EO69,0.6111111111111112,0.5715241146054699
T193_OUTER_03,University of Edinburgh-led controlled human exposure study,CONSTANT_TRAINING_MEAN,T193_180db7c003532ee317fe,EDINBURGH_DS7545_HUMAN_PLASMA_NANOOMICS,P05556,R4_EDINBURGH_USGO_20210324_6pm_KostarelosK_OkweloguE_EO69,0.3888888888888889,0.5715241146054699
T193_OUTER_03,University of Edinburgh-led controlled human exposure study,CONSTANT_TRAINING_MEAN,T193_3150cb362959fda4cec8,EDINBURGH_DS7545_HUMAN_PLASMA_NANOOMICS,P04004,R4_EDINBURGH_USGO_20210324_6pm_KostarelosK_OkweloguE_EO69,0.9444444444444444,0.5715241146054699
T193_OUTER_03,University of Edinburgh-led controlled human exposure study,CONSTANT_TRAINING_MEAN,T193_5032eb2d181194764018,EDINBURGH_DS7545_HUMAN_PLASMA_NANOOMICS,Q9HDC9,R4_EDINBURGH_USGO_20210324_6pm_KostarelosK_OkweloguE_EO69,0.7777777777777778,0.5715241146054699
T193_OUTER_03,University of Edinburgh-led controlled human exposure study,CONSTANT_TRAINING_MEAN,T193_50fb974d705d0495b2b0,EDINBURGH_DS7545_HUMAN_PLASMA_NANOOMICS,P60174,R4_EDINBURGH_USGO_20210324_6pm_KostarelosK_OkweloguE_EO69,0.1111111111111111,0.5715241146054699
T193_OUTER_03,University of Edinburgh-led controlled human exposure study,CONSTANT_TRAINING_MEAN,T193_5679d76bab8a4a293352,EDINBURGH_DS7545_HUMAN_PLASMA_NANOOMICS,P07996,R4_EDINBURGH_USGO_20210324_6pm_KostarelosK_OkweloguE_EO69,0.4444444444444444,0.5715241146054699
T193_OUTER_03,University of Edinburgh-led controlled human exposure study,CONSTANT_TRAINING_MEAN,T193_637ce329c382092714c8,EDINBURGH_DS7545_HUMAN_PLASMA_NANOOMICS,P04264,R4_EDINBURGH_USGO_20210324_6pm_KostarelosK_OkweloguE_EO69,1.0,0.5715241146054699
T193_OUTER_03,University of Edinburgh-led controlled human exposure study,CONSTANT_TRAINING_MEAN,T193_8369dd4056b47bd25c16,EDINBURGH_DS7545_HUMAN_PLASMA_NANOOMICS,P26038,R4_EDINBURGH_USGO_20210324_6pm_KostarelosK_OkweloguE_EO69,0.8333333333333334,0.5715241146054699
T193_OUTER_03,University of Edinburgh-led controlled human exposure study,CONSTANT_TRAINING_MEAN,T193_e1ab3eb2869d4c244e5a,EDINBURGH_DS7545_HUMAN_PLASMA_NANOOMICS,P06396,R4_EDINBURGH_USGO_20210324_6pm_KostarelosK_OkweloguE_EO69,0.5555555555555556,0.5715241146054699
T193_OUTER_03,University of Edinburgh-led controlled human exposure study,CONSTANT_TRAINING_MEAN,T193_07cedcc37da97c17caf4,EDINBURGH_DS7545_HUMAN_PLASMA_NANOOMICS,Q04695,R4_EDINBURGH_USGO_20210324_6pm_KostarelosK_OkweloguE_EO76,0.4,0.5715241146054699
T193_OUTER_03,University of Edinburgh-led controlled human exposure study,CONSTANT_TRAINING_MEAN,T193_174aac8ada2758efb7ce,EDINBURGH_DS7545_HUMAN_PLASMA_NANOOMICS,P26038,R4_EDINBURGH_USGO_20210324_6pm_KostarelosK_OkweloguE_EO76,0.85,0.5715241146054699
T193_OUTER_03,University of Edinburgh-led controlled human exposure study,CONSTANT_TRAINING_MEAN,T193_2192606dc03d94e6fc45,EDINBURGH_DS7545_HUMAN_PLASMA_NANOOMICS,P06396,R4_EDINBURGH_USGO_20210324_6pm_KostarelosK_OkweloguE_EO76,0.5,0.5715241146054699
T193_OUTER_03,University of Edinburgh-led controlled human exposure study,CONSTANT_TRAINING_MEAN,T193_9645bb439282134120bb,EDINBURGH_DS7545_HUMAN_PLASMA_NANOOMICS,P04004,R4_EDINBURGH_USGO_20210324_6pm_KostarelosK_OkweloguE_EO76,0.95,0.5715241146054699
T193_OUTER_03,University of Edinburgh-led controlled human exposure study,CONSTANT_TRAINING_MEAN,T193_d19a5e7f958583a0b35d,EDINBURGH_DS7545_HUMAN_PLASMA_NANOOMICS,P07996,R4_EDINBURGH_USGO_20210324_6pm_KostarelosK_OkweloguE_EO76,0.25,0.5715241146054699
T193_OUTER_03,University of Edinburgh-led controlled human exposure study,CONSTANT_TRAINING_MEAN,T193_d9554b9115429caed0f8,EDINBURGH_DS7545_HUMAN_PLASMA_NANOOMICS,P05556,R4_EDINBURGH_USGO_20210324_6pm_KostarelosK_OkweloguE_EO76,0.3,0.5715241146054699
T193_OUTER_03,University of Edinburgh-led controlled human exposure study,CONSTANT_TRAINING_MEAN,T193_de6bd9063f9628582aa7,EDINBURGH_DS7545_HUMAN_PLASMA_NANOOMICS,Q9HDC9,R4_EDINBURGH_USGO_20210324_6pm_KostarelosK_OkweloguE_EO76,0.0,0.5715241146054699
T193_OUTER_03,University of Edinburgh-led controlled human exposure study,CONSTANT_TRAINING_MEAN,T193_e08a22b4a9c66737b7f4,EDINBURGH_DS7545_HUMAN_PLASMA_NANOOMICS,P60174,R4_EDINBURGH_USGO_20210324_6pm_KostarelosK_OkweloguE_EO76,0.8,0.5715241146054699
T193_OUTER_03,University of Edinburgh-led controlled human exposure study,CONSTANT_TRAINING_MEAN,T193_f470f386b35f0d9964b9,EDINBURGH_DS7545_HUMAN_PLASMA_NANOOMICS,P04264,R4_EDINBURGH_USGO_20210324_6pm_KostarelosK_OkweloguE_EO76,1.0,0.5715241146054699
T193_OUTER_03,University of Edinburgh-led controlled human exposure study,CONSTANT_TRAINING_MEAN,T193_22fa65e49be438761e21,EDINBURGH_DS7545_HUMAN_PLASMA_NANOOMICS,P06396,R4_EDINBURGH_USGO_20210324_6pm_KostarelosK_OkweloguE_EO77,0.7777777777777778,0.5715241146054699
T193_OUTER_03,University of Edinburgh-led controlled human exposure study,CONSTANT_TRAINING_MEAN,T193_27822ae17617e1f90526,EDINBURGH_DS7545_HUMAN_PLASMA_NANOOMICS,P26038,R4_EDINBURGH_USGO_20210324_6pm_KostarelosK_OkweloguE_EO77,0.5555555555555556,0.5715241146054699
T193_OUTER_03,University of Edinburgh-led controlled human exposure study,CONSTANT_TRAINING_MEAN,T193_3a5244071db52636cf02,EDINBURGH_DS7545_HUMAN_PLASMA_NANOOMICS,Q04695,R4_EDINBURGH_USGO_20210324_6pm_KostarelosK_OkweloguE_EO77,0.8888888888888888,0.5715241146054699
T193_OUTER_03,University of Edinburgh-led controlled human exposure study,CONSTANT_TRAINING_MEAN,T193_3e782387e93e60fa6981,EDINBURGH_DS7545_HUMAN_PLASMA_NANOOMICS,Q9HDC9,R4_EDINBURGH_USGO_20210324_6pm_KostarelosK_OkweloguE_EO77,0.6666666666666666,0.5715241146054699
T193_OUTER_03,University of Edinburgh-led controlled human exposure study,CONSTANT_TRAINING_MEAN,T193_8666985b742f90dede0d,EDINBURGH_DS7545_HUMAN_PLASMA_NANOOMICS,P07996,R4_EDINBURGH_USGO_20210324_6pm_KostarelosK_OkweloguE_EO77,0.8333333333333334,0.5715241146054699
T193_OUTER_03,University of Edinburgh-led controlled human exposure study,CONSTANT_TRAINING_MEAN,T193_bfa490cae498c7734e0b,EDINBURGH_DS7545_HUMAN_PLASMA_NANOOMICS,P04004,R4_EDINBURGH_USGO_20210324_6pm_KostarelosK_OkweloguE_EO77,0.9444444444444444,0.5715241146054699
T193_OUTER_03,University of Edinburgh-led controlled human exposure study,CONSTANT_TRAINING_MEAN,T193_c0d75c3dfb0e676dc9b8,EDINBURGH_DS7545_HUMAN_PLASMA_NANOOMICS,P05556,R4_EDINBURGH_USGO_20210324_6pm_KostarelosK_OkweloguE_EO77,0.4444444444444444,0.5715241146054699
T193_OUTER_03,University of Edinburgh-led controlled human exposure study,CONSTANT_TRAINING_MEAN,T193_f447b2ece976b1c0e94f,EDINBURGH_DS7545_HUMAN_PLASMA_NANOOMICS,P04264,R4_EDINBURGH_USGO_20210324_6pm_KostarelosK_OkweloguE_EO77,1.0,0.5715241146054699
T193_OUTER_03,University of Edinburgh-led controlled human exposure study,CONSTANT_TRAINING_MEAN,T193_17f4c4f840d55b6aa624,EDINBURGH_DS7545_HUMAN_PLASMA_NANOOMICS,P60174,R4_EDINBURGH_USGO_20210324_6pm_KostarelosK_OkweloguE_EO79,0.3888888888888889,0.5715241146054699
T193_OUTER_03,University of Edinburgh-led controlled human exposure study,CONSTANT_TRAINING_MEAN,T193_2244c19394ed283b99f6,EDINBURGH_DS7545_HUMAN_PLASMA_NANOOMICS,P05556,R4_EDINBURGH_USGO_20210324_6pm_KostarelosK_OkweloguE_EO79,0.3333333333333333,0.5715241146054699
T193_OUTER_03,University of Edinburgh-led controlled human exposure study,CONSTANT_TRAINING_MEAN,T193_4875a9a2db8dd0335435,EDINBURGH_DS7545_HUMAN_PLASMA_NANOOMICS,Q04695,R4_EDINBURGH_USGO_20210324_6pm_KostarelosK_OkweloguE_EO79,0.8333333333333334,0.5715241146054699
T193_OUTER_03,University of Edinburgh-led controlled human exposure study,CONSTANT_TRAINING_MEAN,T193_7b11fb41ebbb8381d0b1,EDINBURGH_DS7545_HUMAN_PLASMA_NANOOMICS,P04004,R4_EDINBURGH_USGO_20210324_6pm_KostarelosK_OkweloguE_EO79,0.9444444444444444,0.5715241146054699
T193_OUTER_03,University of Edinburgh-led controlled human exposure study,CONSTANT_TRAINING_MEAN,T193_a4b49a7cea80fd89bbe6,EDINBURGH_DS7545_HUMAN_PLASMA_NANOOMICS,P07996,R4_EDINBURGH_USGO_20210324_6pm_KostarelosK_OkweloguE_EO79,0.8888888888888888,0.5715241146054699
T193_OUTER_03,University of Edinburgh-led controlled human exposure study,CONSTANT_TRAINING_MEAN,T193_a7cf96e3afd0874d0b8f,EDINBURGH_DS7545_HUMAN_PLASMA_NANOOMICS,P04264,R4_EDINBURGH_USGO_20210324_6pm_KostarelosK_OkweloguE_EO79,1.0,0.5715241146054699
T193_OUTER_03,University of Edinburgh-led controlled human exposure study,CONSTANT_TRAINING_MEAN,T193_b22dc9fe0937f61c92b5,EDINBURGH_DS7545_HUMAN_PLASMA_NANOOMICS,P06396,R4_EDINBURGH_USGO_20210324_6pm_KostarelosK_OkweloguE_EO79,0.4444444444444444,0.5715241146054699
T193_OUTER_03,University of Edinburgh-led controlled human exposure study,CONSTANT_TRAINING_MEAN,T193_d7e57f71ffcd52498f50,EDINBURGH_DS7545_HUMAN_PLASMA_NANOOMICS,Q9HDC9,R4_EDINBURGH_USGO_20210324_6pm_KostarelosK_OkweloguE_EO79,0.7222222222222222,0.5715241146054699
T193_OUTER_03,University of Edinburgh-led controlled human exposure study,CONSTANT_TRAINING_MEAN,T193_e91cb07ff9fd10f531b5,EDINBURGH_DS7545_HUMAN_PLASMA_NANOOMICS,P26038,R4_EDINBURGH_USGO_20210324_6pm_KostarelosK_OkweloguE_EO79,0.7777777777777778,0.5715241146054699
T193_OUTER_03,University of Edinburgh-led controlled human exposure study,CONSTANT_TRAINING_MEAN,T193_1873f475b54bb792d372,EDINBURGH_DS7545_HUMAN_PLASMA_NANOOMICS,P04264,R4_EDINBURGH_USGO_20210324_6pm_KostarelosK_OkweloguE_EO86,1.0,0.5715241146054699
T193_OUTER_03,University of Edinburgh-led controlled human exposure study,CONSTANT_TRAINING_MEAN,T193_31a580b3f5b6dff168f8,EDINBURGH_DS7545_HUMAN_PLASMA_NANOOMICS,Q9HDC9,R4_EDINBURGH_USGO_20210324_6pm_KostarelosK_OkweloguE_EO86,0.15789473684210525,0.5715241146054699
T193_OUTER_03,University of Edinburgh-led controlled human exposure study,CONSTANT_TRAINING_MEAN,T193_463c656fb49cbb6f9f99,EDINBURGH_DS7545_HUMAN_PLASMA_NANOOMICS,P60174,R4_EDINBURGH_USGO_20210324_6pm_KostarelosK_OkweloguE_EO86,0.05263157894736842,0.5715241146054699
T193_OUTER_03,University of Edinburgh-led controlled human exposure study,CONSTANT_TRAINING_MEAN,T193_575c5ce8cae1bcbb823f,EDINBURGH_DS7545_HUMAN_PLASMA_NANOOMICS,Q04695,R4_EDINBURGH_USGO_20210324_6pm_KostarelosK_OkweloguE_EO86,0.7894736842105263,0.5715241146054699
T193_OUTER_03,University of Edinburgh-led controlled human exposure study,CONSTANT_TRAINING_MEAN,T193_6959b5c462d79ff8fed7,EDINBURGH_DS7545_HUMAN_PLASMA_NANOOMICS,P26038,R4_EDINBURGH_USGO_20210324_6pm_KostarelosK_OkweloguE_EO86,0.8421052631578947,0.5715241146054699
T193_OUTER_03,University of Edinburgh-led controlled human exposure study,CONSTANT_TRAINING_MEAN,T193_750464e02f48e92ac293,EDINBURGH_DS7545_HUMAN_PLASMA_NANOOMICS,P04004,R4_EDINBURGH_USGO_20210324_6pm_KostarelosK_OkweloguE_EO86,0.9473684210526315,0.5715241146054699
T193_OUTER_03,University of Edinburgh-led controlled human exposure study,CONSTANT_TRAINING_MEAN,T193_91e0cab3244a9e71ea6d,EDINBURGH_DS7545_HUMAN_PLASMA_NANOOMICS,P07996,R4_EDINBURGH_USGO_20210324_6pm_KostarelosK_OkweloguE_EO86,0.631578947368421,0.5715241146054699
T193_OUTER_03,University of Edinburgh-led controlled human exposure study,CONSTANT_TRAINING_MEAN,T193_b2ef5b45649a5d16f6de,EDINBURGH_DS7545_HUMAN_PLASMA_NANOOMICS,P05556,R4_EDINBURGH_USGO_20210324_6pm_KostarelosK_OkweloguE_EO86,0.47368421052631576,0.5715241146054699
T193_OUTER_03,University of Edinburgh-led controlled human exposure study,CONSTANT_TRAINING_MEAN,T193_b58218c837bd453db465,EDINBURGH_DS7545_HUMAN_PLASMA_NANOOMICS,P06396,R4_EDINBURGH_USGO_20210324_6pm_KostarelosK_OkweloguE_EO86,0.7368421052631579,0.5715241146054699
T193_OUTER_03,University of Edinburgh-led controlled human exposure study,CONSTANT_TRAINING_MEAN,T193_42374ba0abd3e876e2f5,EDINBURGH_DS7545_HUMAN_PLASMA_NANOOMICS,P60174,R4_EDINBURGH_USGO_20210324_6pm_KostarelosK_OkweloguE_EO87,0.05263157894736842,0.5715241146054699
T193_OUTER_03,University of Edinburgh-led controlled human exposure study,CONSTANT_TRAINING_MEAN,T193_4475afa8c532cd30850d,EDINBURGH_DS7545_HUMAN_PLASMA_NANOOMICS,P04264,R4_EDINBURGH_USGO_20210324_6pm_KostarelosK_OkweloguE_EO87,1.0,0.5715241146054699
T193_OUTER_03,University of Edinburgh-led controlled human exposure study,CONSTANT_TRAINING_MEAN,T193_50a98d11983130cf5cbd,EDINBURGH_DS7545_HUMAN_PLASMA_NANOOMICS,P05556,R4_EDINBURGH_USGO_20210324_6pm_KostarelosK_OkweloguE_EO87,0.5263157894736842,0.5715241146054699
T193_OUTER_03,University of Edinburgh-led controlled human exposure study,CONSTANT_TRAINING_MEAN,T193_676637429e14f0bea00b,EDINBURGH_DS7545_HUMAN_PLASMA_NANOOMICS,Q04695,R4_EDINBURGH_USGO_20210324_6pm_KostarelosK_OkweloguE_EO87,0.15789473684210525,0.5715241146054699
T193_OUTER_03,University of Edinburgh-led controlled human exposure study,CONSTANT_TRAINING_MEAN,T193_764982391a800548f7c6,EDINBURGH_DS7545_HUMAN_PLASMA_NANOOMICS,P06396,R4_EDINBURGH_USGO_20210324_6pm_KostarelosK_OkweloguE_EO87,0.6842105263157895,0.5715241146054699
T193_OUTER_03,University of Edinburgh-led controlled human exposure study,CONSTANT_TRAINING_MEAN,T193_78f2595a182e6f4a457c,EDINBURGH_DS7545_HUMAN_PLASMA_NANOOMICS,P26038,R4_EDINBURGH_USGO_20210324_6pm_KostarelosK_OkweloguE_EO87,0.47368421052631576,0.5715241146054699
T193_OUTER_03,University of Edinburgh-led controlled human exposure study,CONSTANT_TRAINING_MEAN,T193_844b3ee990682a412fa0,EDINBURGH_DS7545_HUMAN_PLASMA_NANOOMICS,P04004,R4_EDINBURGH_USGO_20210324_6pm_KostarelosK_OkweloguE_EO87,0.9473684210526315,0.5715241146054699
T193_OUTER_03,University of Edinburgh-led controlled human exposure study,CONSTANT_TRAINING_MEAN,T193_a7dc23cc39076a1b2067,EDINBURGH_DS7545_HUMAN_PLASMA_NANOOMICS,P07996,R4_EDINBURGH_USGO_20210324_6pm_KostarelosK_OkweloguE_EO87,0.631578947368421,0.5715241146054699
T193_OUTER_03,University of Edinburgh-led controlled human exposure study,CONSTANT_TRAINING_MEAN,T193_b31eb2692dda4dd79ef0,EDINBURGH_DS7545_HUMAN_PLASMA_NANOOMICS,Q9HDC9,R4_EDINBURGH_USGO_20210324_6pm_KostarelosK_OkweloguE_EO87,0.21052631578947367,0.5715241146054699
T193_OUTER_03,University of Edinburgh-led controlled human exposure study,SEQUENCE_RIDGE_FULL,T193_128ff8b062dbed35acc5,EDINBURGH_DS7545_HUMAN_PLASMA_NANOOMICS,P04264,R4_EDINBURGH_SGO_20210324_6pm_KostarelosK_OkweloguE_EO10,1.0,0.6696337497890944
T193_OUTER_03,University of Edinburgh-led controlled human exposure study,SEQUENCE_RIDGE_FULL,T193_1342b850fbf640600270,EDINBURGH_DS7545_HUMAN_PLASMA_NANOOMICS,P06396,R4_EDINBURGH_SGO_20210324_6pm_KostarelosK_OkweloguE_EO10,0.3888888888888889,0.9173257191144055
T193_OUTER_03,University of Edinburgh-led controlled human exposure study,SEQUENCE_RIDGE_FULL,T193_5bd6c13915506a029745,EDINBURGH_DS7545_HUMAN_PLASMA_NANOOMICS,P05556,R4_EDINBURGH_SGO_20210324_6pm_KostarelosK_OkweloguE_EO10,0.3333333333333333,0.08187375150109293
T193_OUTER_03,University of Edinburgh-led controlled human exposure study,SEQUENCE_RIDGE_FULL,T193_7a671ad1798bb73d8d1d,EDINBURGH_DS7545_HUMAN_PLASMA_NANOOMICS,P04004,R4_EDINBURGH_SGO_20210324_6pm_KostarelosK_OkweloguE_EO10,0.8888888888888888,0.8598408916696993
T193_OUTER_03,University of Edinburgh-led controlled human exposure study,SEQUENCE_RIDGE_FULL,T193_9cf616bbf505b7fcdb26,EDINBURGH_DS7545_HUMAN_PLASMA_NANOOMICS,P26038,R4_EDINBURGH_SGO_20210324_6pm_KostarelosK_OkweloguE_EO10,0.6666666666666666,0.36940303299305205
T193_OUTER_03,University of Edinburgh-led controlled human exposure study,SEQUENCE_RIDGE_FULL,T193_a1ee42e1fdfffa60cef1,EDINBURGH_DS7545_HUMAN_PLASMA_NANOOMICS,Q04695,R4_EDINBURGH_SGO_20210324_6pm_KostarelosK_OkweloguE_EO10,0.8333333333333334,0.16764292769811903
T193_OUTER_03,University of Edinburgh-led controlled human exposure study,SEQUENCE_RIDGE_FULL,T193_b556e3c16ad771931963,EDINBURGH_DS7545_HUMAN_PLASMA_NANOOMICS,Q9HDC9,R4_EDINBURGH_SGO_20210324_6pm_KostarelosK_OkweloguE_EO10,0.1111111111111111,0.4436773684934115
T193_OUTER_03,University of Edinburgh-led controlled human exposure study,SEQUENCE_RIDGE_FULL,T193_f3f45aca1aaa197354a3,EDINBURGH_DS7545_HUMAN_PLASMA_NANOOMICS,P60174,R4_EDINBURGH_SGO_20210324_6pm_KostarelosK_OkweloguE_EO10,0.0,0.35066390817239057
T193_OUTER_03,University of Edinburgh-led controlled human exposure study,SEQUENCE_RIDGE_FULL,T193_2252dd361315723e3af4,EDINBURGH_DS7545_HUMAN_PLASMA_NANOOMICS,P04004,R4_EDINBURGH_SGO_20210324_6pm_KostarelosK_OkweloguE_EO103,0.9444444444444444,0.8598408916696993
T193_OUTER_03,University of Edinburgh-led controlled human exposure study,SEQUENCE_RIDGE_FULL,T193_3f008afa0df41b647d8d,EDINBURGH_DS7545_HUMAN_PLASMA_NANOOMICS,Q04695,R4_EDINBURGH_SGO_20210324_6pm_KostarelosK_OkweloguE_EO103,0.8888888888888888,0.16764292769811903
T193_OUTER_03,University of Edinburgh-led controlled human exposure study,SEQUENCE_RIDGE_FULL,T193_64cdc6dd6f793a33d902,EDINBURGH_DS7545_HUMAN_PLASMA_NANOOMICS,P05556,R4_EDINBURGH_SGO_20210324_6pm_KostarelosK_OkweloguE_EO103,0.3888888888888889,0.08187375150109293
T193_OUTER_03,University of Edinburgh-led controlled human exposure study,SEQUENCE_RIDGE_FULL,T193_aa20b5d3b017dd333160,EDINBURGH_DS7545_HUMAN_PLASMA_NANOOMICS,P60174,R4_EDINBURGH_SGO_20210324_6pm_KostarelosK_OkweloguE_EO103,0.0,0.35066390817239057
T193_OUTER_03,University of Edinburgh-led controlled human exposure study,SEQUENCE_RIDGE_FULL,T193_bfc91af54bd941c62ec1,EDINBURGH_DS7545_HUMAN_PLASMA_NANOOMICS,Q9HDC9,R4_EDINBURGH_SGO_20210324_6pm_KostarelosK_OkweloguE_EO103,0.7777777777777778,0.4436773684934115
T193_OUTER_03,University of Edinburgh-led controlled human exposure study,SEQUENCE_RIDGE_FULL,T193_c3fdc0deae83f531e93b,EDINBURGH_DS7545_HUMAN_PLASMA_NANOOMICS,P26038,R4_EDINBURGH_SGO_20210324_6pm_KostarelosK_OkweloguE_EO103,0.7222222222222222,0.36940303299305205
T193_OUTER_03,University of Edinburgh-led controlled human exposure study,SEQUENCE_RIDGE_FULL,T193_de78788c62993714f824,EDINBURGH_DS7545_HUMAN_PLASMA_NANOOMICS,P06396,R4_EDINBURGH_SGO_20210324_6pm_KostarelosK_OkweloguE_EO103,0.5,0.9173257191144055
T193_OUTER_03,University of Edinburgh-led controlled human exposure study,SEQUENCE_RIDGE_FULL,T193_f966157673f2cbfaccb3,EDINBURGH_DS7545_HUMAN_PLASMA_NANOOMICS,P04264,R4_EDINBURGH_SGO_20210324_6pm_KostarelosK_OkweloguE_EO103,1.0,0.6696337497890944
T193_OUTER_03,University of Edinburgh-led controlled human exposure study,SEQUENCE_RIDGE_FULL,T193_182f175b4cbae1ac58bf,EDINBURGH_DS7545_HUMAN_PLASMA_NANOOMICS,P06396,R4_EDINBURGH_SGO_20210324_6pm_KostarelosK_OkweloguE_EO105,0.5555555555555556,0.9173257191144055
T193_OUTER_03,University of Edinburgh-led controlled human exposure study,SEQUENCE_RIDGE_FULL,T193_1aea6b1cc0006ffe6671,EDINBURGH_DS7545_HUMAN_PLASMA_NANOOMICS,P04264,R4_EDINBURGH_SGO_20210324_6pm_KostarelosK_OkweloguE_EO105,1.0,0.6696337497890944
T193_OUTER_03,University of Edinburgh-led controlled human exposure study,SEQUENCE_RIDGE_FULL,T193_44ff968d4f42f98b2327,EDINBURGH_DS7545_HUMAN_PLASMA_NANOOMICS,Q04695,R4_EDINBURGH_SGO_20210324_6pm_KostarelosK_OkweloguE_EO105,0.8888888888888888,0.16764292769811903
T193_OUTER_03,University of Edinburgh-led controlled human exposure study,SEQUENCE_RIDGE_FULL,T193_6e212161c4ae76d38db6,EDINBURGH_DS7545_HUMAN_PLASMA_NANOOMICS,Q9HDC9,R4_EDINBURGH_SGO_20210324_6pm_KostarelosK_OkweloguE_EO105,0.6666666666666666,0.4436773684934115
T193_OUTER_03,University of Edinburgh-led controlled human exposure study,SEQUENCE_RIDGE_FULL,T193_90b9a5c758b979e320e3,EDINBURGH_DS7545_HUMAN_PLASMA_NANOOMICS,P60174,R4_EDINBURGH_SGO_20210324_6pm_KostarelosK_OkweloguE_EO105,0.0,0.35066390817239057
T193_OUTER_03,University of Edinburgh-led controlled human exposure study,SEQUENCE_RIDGE_FULL,T193_94321fb0c911a704d4ff,EDINBURGH_DS7545_HUMAN_PLASMA_NANOOMICS,P04004,R4_EDINBURGH_SGO_20210324_6pm_KostarelosK_OkweloguE_EO105,0.9444444444444444,0.8598408916696993
T193_OUTER_03,University of Edinburgh-led controlled human exposure study,SEQUENCE_RIDGE_FULL,T193_cf13b4dc75bc8bdaa65b,EDINBURGH_DS7545_HUMAN_PLASMA_NANOOMICS,P26038,R4_EDINBURGH_SGO_20210324_6pm_KostarelosK_OkweloguE_EO105,0.5,0.36940303299305205
T193_OUTER_03,University of Edinburgh-led controlled human exposure study,SEQUENCE_RIDGE_FULL,T193_f4f8d2b0e95de988106a,EDINBURGH_DS7545_HUMAN_PLASMA_NANOOMICS,P05556,R4_EDINBURGH_SGO_20210324_6pm_KostarelosK_OkweloguE_EO105,0.2222222222222222,0.08187375150109293
T193_OUTER_03,University of Edinburgh-led controlled human exposure study,SEQUENCE_RIDGE_FULL,T193_29dc6053bb75b5d7af68,EDINBURGH_DS7545_HUMAN_PLASMA_NANOOMICS,P26038,R4_EDINBURGH_SGO_20210324_6pm_KostarelosK_OkweloguE_EO107,0.7777777777777778,0.36940303299305205
T193_OUTER_03,University of Edinburgh-led controlled human exposure study,SEQUENCE_RIDGE_FULL,T193_635e117f769e333e39ab,EDINBURGH_DS7545_HUMAN_PLASMA_NANOOMICS,P04264,R4_EDINBURGH_SGO_20210324_6pm_KostarelosK_OkweloguE_EO107,1.0,0.6696337497890944
T193_OUTER_03,University of Edinburgh-led controlled human exposure study,SEQUENCE_RIDGE_FULL,T193_7535921869d5f7aadbe5,EDINBURGH_DS7545_HUMAN_PLASMA_NANOOMICS,Q9HDC9,R4_EDINBURGH_SGO_20210324_6pm_KostarelosK_OkweloguE_EO107,0.8888888888888888,0.4436773684934115
T193_OUTER_03,University of Edinburgh-led controlled human exposure study,SEQUENCE_RIDGE_FULL,T193_7f79742cfd48e8493c86,EDINBURGH_DS7545_HUMAN_PLASMA_NANOOMICS,P05556,R4_EDINBURGH_SGO_20210324_6pm_KostarelosK_OkweloguE_EO107,0.4444444444444444,0.08187375150109293
T193_OUTER_03,University of Edinburgh-led controlled human exposure study,SEQUENCE_RIDGE_FULL,T193_9ff31189336b4b72ca9d,EDINBURGH_DS7545_HUMAN_PLASMA_NANOOMICS,P06396,R4_EDINBURGH_SGO_20210324_6pm_KostarelosK_OkweloguE_EO107,0.5555555555555556,0.9173257191144055
T193_OUTER_03,University of Edinburgh-led controlled human exposure study,SEQUENCE_RIDGE_FULL,T193_b93e01a61dab55afaa06,EDINBURGH_DS7545_HUMAN_PLASMA_NANOOMICS,Q04695,R4_EDINBURGH_SGO_20210324_6pm_KostarelosK_OkweloguE_EO107,0.8333333333333334,0.16764292769811903
T193_OUTER_03,University of Edinburgh-led controlled human exposure study,SEQUENCE_RIDGE_FULL,T193_c7059ff4d3c1aca8880e,EDINBURGH_DS7545_HUMAN_PLASMA_NANOOMICS,P04004,R4_EDINBURGH_SGO_20210324_6pm_KostarelosK_OkweloguE_EO107,0.9444444444444444,0.8598408916696993
T193_OUTER_03,University of Edinburgh-led controlled human exposure study,SEQUENCE_RIDGE_FULL,T193_fffbc10960b5007d6dab,EDINBURGH_DS7545_HUMAN_PLASMA_NANOOMICS,P60174,R4_EDINBURGH_SGO_20210324_6pm_KostarelosK_OkweloguE_EO107,0.05555555555555555,0.35066390817239057
T193_OUTER_03,University of Edinburgh-led controlled human exposure study,SEQUENCE_RIDGE_FULL,T193_04be116202e6adbe7b86,EDINBURGH_DS7545_HUMAN_PLASMA_NANOOMICS,P04264,R4_EDINBURGH_SGO_20210324_6pm_KostarelosK_OkweloguE_EO113,1.0,0.6696337497890944
T193_OUTER_03,University of Edinburgh-led controlled human exposure study,SEQUENCE_RIDGE_FULL,T193_1560bf3bec3de67c444d,EDINBURGH_DS7545_HUMAN_PLASMA_NANOOMICS,P06396,R4_EDINBURGH_SGO_20210324_6pm_KostarelosK_OkweloguE_EO113,0.6666666666666666,0.9173257191144055
T193_OUTER_03,University of Edinburgh-led controlled human exposure study,SEQUENCE_RIDGE_FULL,T193_3d3bca06ff69abb182bd,EDINBURGH_DS7545_HUMAN_PLASMA_NANOOMICS,P26038,R4_EDINBURGH_SGO_20210324_6pm_KostarelosK_OkweloguE_EO113,0.7777777777777778,0.36940303299305205
T193_OUTER_03,University of Edinburgh-led controlled human exposure study,SEQUENCE_RIDGE_FULL,T193_50e6968fbc428a856b9c,EDINBURGH_DS7545_HUMAN_PLASMA_NANOOMICS,Q04695,R4_EDINBURGH_SGO_20210324_6pm_KostarelosK_OkweloguE_EO113,0.8888888888888888,0.16764292769811903
T193_OUTER_03,University of Edinburgh-led controlled human exposure study,SEQUENCE_RIDGE_FULL,T193_5e02d8eb31166f380a2d,EDINBURGH_DS7545_HUMAN_PLASMA_NANOOMICS,Q9HDC9,R4_EDINBURGH_SGO_20210324_6pm_KostarelosK_OkweloguE_EO113,0.6111111111111112,0.4436773684934115
T193_OUTER_03,University of Edinburgh-led controlled human exposure study,SEQUENCE_RIDGE_FULL,T193_a5332d4d04813277c6fc,EDINBURGH_DS7545_HUMAN_PLASMA_NANOOMICS,P04004,R4_EDINBURGH_SGO_20210324_6pm_KostarelosK_OkweloguE_EO113,0.9444444444444444,0.8598408916696993
T193_OUTER_03,University of Edinburgh-led controlled human exposure study,SEQUENCE_RIDGE_FULL,T193_c40a00cd8463bf70625b,EDINBURGH_DS7545_HUMAN_PLASMA_NANOOMICS,P60174,R4_EDINBURGH_SGO_20210324_6pm_KostarelosK_OkweloguE_EO113,0.05555555555555555,0.35066390817239057
T193_OUTER_03,University of Edinburgh-led controlled human exposure study,SEQUENCE_RIDGE_FULL,T193_c91b96adc5ed0d8dde29,EDINBURGH_DS7545_HUMAN_PLASMA_NANOOMICS,P05556,R4_EDINBURGH_SGO_20210324_6pm_KostarelosK_OkweloguE_EO113,0.2777777777777778,0.08187375150109293
T193_OUTER_03,University of Edinburgh-led controlled human exposure study,SEQUENCE_RIDGE_FULL,T193_2f5c4884a15ce3806364,EDINBURGH_DS7545_HUMAN_PLASMA_NANOOMICS,P04264,R4_EDINBURGH_SGO_20210324_6pm_KostarelosK_OkweloguE_EO116,1.0,0.6696337497890944
T193_OUTER_03,University of Edinburgh-led controlled human exposure study,SEQUENCE_RIDGE_FULL,T193_a122287ae93cbd3110a4,EDINBURGH_DS7545_HUMAN_PLASMA_NANOOMICS,Q04695,R4_EDINBURGH_SGO_20210324_6pm_KostarelosK_OkweloguE_EO116,0.5882352941176471,0.16764292769811903
T193_OUTER_03,University of Edinburgh-led controlled human exposure study,SEQUENCE_RIDGE_FULL,T193_bfdc57fdabc42d2a544b,EDINBURGH_DS7545_HUMAN_PLASMA_NANOOMICS,Q9HDC9,R4_EDINBURGH_SGO_20210324_6pm_KostarelosK_OkweloguE_EO116,0.7647058823529411,0.4436773684934115
T193_OUTER_03,University of Edinburgh-led controlled human exposure study,SEQUENCE_RIDGE_FULL,T193_d17e843cb162cefc7e46,EDINBURGH_DS7545_HUMAN_PLASMA_NANOOMICS,P04004,R4_EDINBURGH_SGO_20210324_6pm_KostarelosK_OkweloguE_EO116,0.9411764705882353,0.8598408916696993
T193_OUTER_03,University of Edinburgh-led controlled human exposure study,SEQUENCE_RIDGE_FULL,T193_d2969414738fc46c6266,EDINBURGH_DS7545_HUMAN_PLASMA_NANOOMICS,P05556,R4_EDINBURGH_SGO_20210324_6pm_KostarelosK_OkweloguE_EO116,0.47058823529411764,0.08187375150109293
T193_OUTER_03,University of Edinburgh-led controlled human exposure study,SEQUENCE_RIDGE_FULL,T193_f3d9d3c308aa700e8df9,EDINBURGH_DS7545_HUMAN_PLASMA_NANOOMICS,P26038,R4_EDINBURGH_SGO_20210324_6pm_KostarelosK_OkweloguE_EO116,0.8823529411764706,0.36940303299305205
T193_OUTER_03,University of Edinburgh-led controlled human exposure study,SEQUENCE_RIDGE_FULL,T193_f969adae636c9202230d,EDINBURGH_DS7545_HUMAN_PLASMA_NANOOMICS,P06396,R4_EDINBURGH_SGO_20210324_6pm_KostarelosK_OkweloguE_EO116,0.4117647058823529,0.9173257191144055
T193_OUTER_03,University of Edinburgh-led controlled human exposure study,SEQUENCE_RIDGE_FULL,T193_37e423f4df049826ed0b,EDINBURGH_DS7545_HUMAN_PLASMA_NANOOMICS,P04004,R4_EDINBURGH_SGO_20210324_6pm_KostarelosK_OkweloguE_EO12,0.9411764705882353,0.8598408916696993
T193_OUTER_03,University of Edinburgh-led controlled human exposure study,SEQUENCE_RIDGE_FULL,T193_3887c7b1fe13441fb3c2,EDINBURGH_DS7545_HUMAN_PLASMA_NANOOMICS,Q04695,R4_EDINBURGH_SGO_20210324_6pm_KostarelosK_OkweloguE_EO12,0.8823529411764706,0.16764292769811903
T193_OUTER_03,University of Edinburgh-led controlled human exposure study,SEQUENCE_RIDGE_FULL,T193_475548f3258e53d9c52c,EDINBURGH_DS7545_HUMAN_PLASMA_NANOOMICS,P26038,R4_EDINBURGH_SGO_20210324_6pm_KostarelosK_OkweloguE_EO12,0.7058823529411765,0.36940303299305205
T193_OUTER_03,University of Edinburgh-led controlled human exposure study,SEQUENCE_RIDGE_FULL,T193_a13bf5bd41940d2593ac,EDINBURGH_DS7545_HUMAN_PLASMA_NANOOMICS,P06396,R4_EDINBURGH_SGO_20210324_6pm_KostarelosK_OkweloguE_EO12,0.4117647058823529,0.9173257191144055
T193_OUTER_03,University of Edinburgh-led controlled human exposure study,SEQUENCE_RIDGE_FULL,T193_d181b2413d1738140303,EDINBURGH_DS7545_HUMAN_PLASMA_NANOOMICS,P05556,R4_EDINBURGH_SGO_20210324_6pm_KostarelosK_OkweloguE_EO12,0.29411764705882354,0.08187375150109293
T193_OUTER_03,University of Edinburgh-led controlled human exposure study,SEQUENCE_RIDGE_FULL,T193_e3e564c78e7595c24bf5,EDINBURGH_DS7545_HUMAN_PLASMA_NANOOMICS,P04264,R4_EDINBURGH_SGO_20210324_6pm_KostarelosK_OkweloguE_EO12,1.0,0.6696337497890944
T193_OUTER_03,University of Edinburgh-led controlled human exposure study,SEQUENCE_RIDGE_FULL,T193_ff76e79bf062517e9c60,EDINBURGH_DS7545_HUMAN_PLASMA_NANOOMICS,Q9HDC9,R4_EDINBURGH_SGO_20210324_6pm_KostarelosK_OkweloguE_EO12,0.11764705882352941,0.4436773684934115
T193_OUTER_03,University of Edinburgh-led controlled human exposure study,SEQUENCE_RIDGE_FULL,T193_0d11c79ae6bbc0f21b35,EDINBURGH_DS7545_HUMAN_PLASMA_NANOOMICS,Q04695,R4_EDINBURGH_SGO_20210324_6pm_KostarelosK_OkweloguE_EO16,0.8823529411764706,0.16764292769811903
T193_OUTER_03,University of Edinburgh-led controlled human exposure study,SEQUENCE_RIDGE_FULL,T193_5d6f789d353692cd1391,EDINBURGH_DS7545_HUMAN_PLASMA_NANOOMICS,P06396,R4_EDINBURGH_SGO_20210324_6pm_KostarelosK_OkweloguE_EO16,0.5294117647058824,0.9173257191144055
T193_OUTER_03,University of Edinburgh-led controlled human exposure study,SEQUENCE_RIDGE_FULL,T193_8591019fa99b80445f04,EDINBURGH_DS7545_HUMAN_PLASMA_NANOOMICS,P04264,R4_EDINBURGH_SGO_20210324_6pm_KostarelosK_OkweloguE_EO16,1.0,0.6696337497890944
T193_OUTER_03,University of Edinburgh-led controlled human exposure study,SEQUENCE_RIDGE_FULL,T193_8d6894bd7677a84b6d49,EDINBURGH_DS7545_HUMAN_PLASMA_NANOOMICS,Q9HDC9,R4_EDINBURGH_SGO_20210324_6pm_KostarelosK_OkweloguE_EO16,0.47058823529411764,0.4436773684934115
T193_OUTER_03,University of Edinburgh-led controlled human exposure study,SEQUENCE_RIDGE_FULL,T193_c1f54163c5ed0e921262,EDINBURGH_DS7545_HUMAN_PLASMA_NANOOMICS,P26038,R4_EDINBURGH_SGO_20210324_6pm_KostarelosK_OkweloguE_EO16,0.7058823529411765,0.36940303299305205
T193_OUTER_03,University of Edinburgh-led controlled human exposure study,SEQUENCE_RIDGE_FULL,T193_c95048235c954d52cca2,EDINBURGH_DS7545_HUMAN_PLASMA_NANOOMICS,P04004,R4_EDINBURGH_SGO_20210324_6pm_KostarelosK_OkweloguE_EO16,0.9411764705882353,0.8598408916696993
T193_OUTER_03,University of Edinburgh-led controlled human exposure study,SEQUENCE_RIDGE_FULL,T193_d5c8a139d09bc691b1fc,EDINBURGH_DS7545_HUMAN_PLASMA_NANOOMICS,P05556,R4_EDINBURGH_SGO_20210324_6pm_KostarelosK_OkweloguE_EO16,0.35294117647058826,0.08187375150109293
T193_OUTER_03,University of Edinburgh-led controlled human exposure study,SEQUENCE_RIDGE_FULL,T193_43c932d811beb86a8a56,EDINBURGH_DS7545_HUMAN_PLASMA_NANOOMICS,P60174,R4_EDINBURGH_SGO_20210324_6pm_KostarelosK_OkweloguE_EO21,0.6666666666666666,0.35066390817239057
T193_OUTER_03,University of Edinburgh-led controlled human exposure study,SEQUENCE_RIDGE_FULL,T193_656c25c6e01205e698f3,EDINBURGH_DS7545_HUMAN_PLASMA_NANOOMICS,P06396,R4_EDINBURGH_SGO_20210324_6pm_KostarelosK_OkweloguE_EO21,0.2222222222222222,0.9173257191144055
T193_OUTER_03,University of Edinburgh-led controlled human exposure study,SEQUENCE_RIDGE_FULL,T193_82820660613cf9df0409,EDINBURGH_DS7545_HUMAN_PLASMA_NANOOMICS,P04264,R4_EDINBURGH_SGO_20210324_6pm_KostarelosK_OkweloguE_EO21,1.0,0.6696337497890944
T193_OUTER_03,University of Edinburgh-led controlled human exposure study,SEQUENCE_RIDGE_FULL,T193_88ca1f8c1ffefa497b16,EDINBURGH_DS7545_HUMAN_PLASMA_NANOOMICS,P04004,R4_EDINBURGH_SGO_20210324_6pm_KostarelosK_OkweloguE_EO21,0.7777777777777778,0.8598408916696993
T193_OUTER_03,University of Edinburgh-led controlled human exposure study,SEQUENCE_RIDGE_FULL,T193_bb82a17bbb641e179e51,EDINBURGH_DS7545_HUMAN_PLASMA_NANOOMICS,P05556,R4_EDINBURGH_SGO_20210324_6pm_KostarelosK_OkweloguE_EO21,0.05555555555555555,0.08187375150109293
T193_OUTER_03,University of Edinburgh-led controlled human exposure study,SEQUENCE_RIDGE_FULL,T193_d82d3bb5aead2409ed1c,EDINBURGH_DS7545_HUMAN_PLASMA_NANOOMICS,Q04695,R4_EDINBURGH_SGO_20210324_6pm_KostarelosK_OkweloguE_EO21,0.9444444444444444,0.16764292769811903
T193_OUTER_03,University of Edinburgh-led controlled human exposure study,SEQUENCE_RIDGE_FULL,T193_e3ca8f58bf836f49db55,EDINBURGH_DS7545_HUMAN_PLASMA_NANOOMICS,P26038,R4_EDINBURGH_SGO_20210324_6pm_KostarelosK_OkweloguE_EO21,0.2777777777777778,0.36940303299305205
T193_OUTER_03,University of Edinburgh-led controlled human exposure study,SEQUENCE_RIDGE_FULL,T193_eaadf274dba128b507e8,EDINBURGH_DS7545_HUMAN_PLASMA_NANOOMICS,Q9HDC9,R4_EDINBURGH_SGO_20210324_6pm_KostarelosK_OkweloguE_EO21,0.16666666666666666,0.4436773684934115
T193_OUTER_03,University of Edinburgh-led controlled human exposure study,SEQUENCE_RIDGE_FULL,T193_34d0f4d9c17d7909074c,EDINBURGH_DS7545_HUMAN_PLASMA_NANOOMICS,Q9HDC9,R4_EDINBURGH_SGO_20210324_6pm_KostarelosK_OkweloguE_EO24,0.23529411764705882,0.4436773684934115
T193_OUTER_03,University of Edinburgh-led controlled human exposure study,SEQUENCE_RIDGE_FULL,T193_6082e30e0ad07d4ac976,EDINBURGH_DS7545_HUMAN_PLASMA_NANOOMICS,P06396,R4_EDINBURGH_SGO_20210324_6pm_KostarelosK_OkweloguE_EO24,0.47058823529411764,0.9173257191144055
T193_OUTER_03,University of Edinburgh-led controlled human exposure study,SEQUENCE_RIDGE_FULL,T193_84a84c53d0171b07ee47,EDINBURGH_DS7545_HUMAN_PLASMA_NANOOMICS,Q04695,R4_EDINBURGH_SGO_20210324_6pm_KostarelosK_OkweloguE_EO24,0.8823529411764706,0.16764292769811903
T193_OUTER_03,University of Edinburgh-led controlled human exposure study,SEQUENCE_RIDGE_FULL,T193_859fec645d558e597ed4,EDINBURGH_DS7545_HUMAN_PLASMA_NANOOMICS,P04264,R4_EDINBURGH_SGO_20210324_6pm_KostarelosK_OkweloguE_EO24,1.0,0.6696337497890944
T193_OUTER_03,University of Edinburgh-led controlled human exposure study,SEQUENCE_RIDGE_FULL,T193_a7dce38dfab6a1343dba,EDINBURGH_DS7545_HUMAN_PLASMA_NANOOMICS,P26038,R4_EDINBURGH_SGO_20210324_6pm_KostarelosK_OkweloguE_EO24,0.5294117647058824,0.36940303299305205
T193_OUTER_03,University of Edinburgh-led controlled human exposure study,SEQUENCE_RIDGE_FULL,T193_ba6acaff73ebdd3faa47,EDINBURGH_DS7545_HUMAN_PLASMA_NANOOMICS,P60174,R4_EDINBURGH_SGO_20210324_6pm_KostarelosK_OkweloguE_EO24,0.0,0.35066390817239057
T193_OUTER_03,University of Edinburgh-led controlled human exposure study,SEQUENCE_RIDGE_FULL,T193_e28b9aa3ab7108304b18,EDINBURGH_DS7545_HUMAN_PLASMA_NANOOMICS,P05556,R4_EDINBURGH_SGO_20210324_6pm_KostarelosK_OkweloguE_EO24,0.17647058823529413,0.08187375150109293
T193_OUTER_03,University of Edinburgh-led controlled human exposure study,SEQUENCE_RIDGE_FULL,T193_e780ce67c1d0c247d6df,EDINBURGH_DS7545_HUMAN_PLASMA_NANOOMICS,P04004,R4_EDINBURGH_SGO_20210324_6pm_KostarelosK_OkweloguE_EO24,0.8235294117647058,0.8598408916696993
T193_OUTER_03,University of Edinburgh-led controlled human exposure study,SEQUENCE_RIDGE_FULL,T193_2269d1927789a7e88b25,EDINBURGH_DS7545_HUMAN_PLASMA_NANOOMICS,P04264,R4_EDINBURGH_SGO_20210324_6pm_KostarelosK_OkweloguE_EO31,1.0,0.6696337497890944
T193_OUTER_03,University of Edinburgh-led controlled human exposure study,SEQUENCE_RIDGE_FULL,T193_4eabe9d653bcc844053c,EDINBURGH_DS7545_HUMAN_PLASMA_NANOOMICS,P04004,R4_EDINBURGH_SGO_20210324_6pm_KostarelosK_OkweloguE_EO31,0.8333333333333334,0.8598408916696993
T193_OUTER_03,University of Edinburgh-led controlled human exposure study,SEQUENCE_RIDGE_FULL,T193_6cb8ab7ec273e17e732c,EDINBURGH_DS7545_HUMAN_PLASMA_NANOOMICS,P05556,R4_EDINBURGH_SGO_20210324_6pm_KostarelosK_OkweloguE_EO31,0.3888888888888889,0.08187375150109293
T193_OUTER_03,University of Edinburgh-led controlled human exposure study,SEQUENCE_RIDGE_FULL,T193_81dd956e6bf195d8dff2,EDINBURGH_DS7545_HUMAN_PLASMA_NANOOMICS,Q9HDC9,R4_EDINBURGH_SGO_20210324_6pm_KostarelosK_OkweloguE_EO31,0.16666666666666666,0.4436773684934115
T193_OUTER_03,University of Edinburgh-led controlled human exposure study,SEQUENCE_RIDGE_FULL,T193_91e5541d5060d2ba93d5,EDINBURGH_DS7545_HUMAN_PLASMA_NANOOMICS,P06396,R4_EDINBURGH_SGO_20210324_6pm_KostarelosK_OkweloguE_EO31,0.2777777777777778,0.9173257191144055
T193_OUTER_03,University of Edinburgh-led controlled human exposure study,SEQUENCE_RIDGE_FULL,T193_a62ae2df9872b9bce90b,EDINBURGH_DS7545_HUMAN_PLASMA_NANOOMICS,P60174,R4_EDINBURGH_SGO_20210324_6pm_KostarelosK_OkweloguE_EO31,0.0,0.35066390817239057
T193_OUTER_03,University of Edinburgh-led controlled human exposure study,SEQUENCE_RIDGE_FULL,T193_af29a8be73a0b4fc0534,EDINBURGH_DS7545_HUMAN_PLASMA_NANOOMICS,Q04695,R4_EDINBURGH_SGO_20210324_6pm_KostarelosK_OkweloguE_EO31,0.8888888888888888,0.16764292769811903
T193_OUTER_03,University of Edinburgh-led controlled human exposure study,SEQUENCE_RIDGE_FULL,T193_da9aac094e79e79b3583,EDINBURGH_DS7545_HUMAN_PLASMA_NANOOMICS,P26038,R4_EDINBURGH_SGO_20210324_6pm_KostarelosK_OkweloguE_EO31,0.6666666666666666,0.36940303299305205
T193_OUTER_03,University of Edinburgh-led controlled human exposure study,SEQUENCE_RIDGE_FULL,T193_22354b544f7770e1771c,EDINBURGH_DS7545_HUMAN_PLASMA_NANOOMICS,P04004,R4_EDINBURGH_SGO_20210324_6pm_KostarelosK_OkweloguE_EO34,0.8333333333333334,0.8598408916696993
T193_OUTER_03,University of Edinburgh-led controlled human exposure study,SEQUENCE_RIDGE_FULL,T193_411fa777bcbeb08dffad,EDINBURGH_DS7545_HUMAN_PLASMA_NANOOMICS,P05556,R4_EDINBURGH_SGO_20210324_6pm_KostarelosK_OkweloguE_EO34,0.0,0.08187375150109293
T193_OUTER_03,University of Edinburgh-led controlled human exposure study,SEQUENCE_RIDGE_FULL,T193_427782fb2ac5d58daad5,EDINBURGH_DS7545_HUMAN_PLASMA_NANOOMICS,Q04695,R4_EDINBURGH_SGO_20210324_6pm_KostarelosK_OkweloguE_EO34,0.7222222222222222,0.16764292769811903
T193_OUTER_03,University of Edinburgh-led controlled human exposure study,SEQUENCE_RIDGE_FULL,T193_498556bd77c5af7d2049,EDINBURGH_DS7545_HUMAN_PLASMA_NANOOMICS,P60174,R4_EDINBURGH_SGO_20210324_6pm_KostarelosK_OkweloguE_EO34,0.9444444444444444,0.35066390817239057
T193_OUTER_03,University of Edinburgh-led controlled human exposure study,SEQUENCE_RIDGE_FULL,T193_4e584cdee2ce5a9c011b,EDINBURGH_DS7545_HUMAN_PLASMA_NANOOMICS,P26038,R4_EDINBURGH_SGO_20210324_6pm_KostarelosK_OkweloguE_EO34,0.5555555555555556,0.36940303299305205
T193_OUTER_03,University of Edinburgh-led controlled human exposure study,SEQUENCE_RIDGE_FULL,T193_59ee1885df219bda139f,EDINBURGH_DS7545_HUMAN_PLASMA_NANOOMICS,P04264,R4_EDINBURGH_SGO_20210324_6pm_KostarelosK_OkweloguE_EO34,0.8888888888888888,0.6696337497890944
T193_OUTER_03,University of Edinburgh-led controlled human exposure study,SEQUENCE_RIDGE_FULL,T193_b4c1804dd826c4665673,EDINBURGH_DS7545_HUMAN_PLASMA_NANOOMICS,P06396,R4_EDINBURGH_SGO_20210324_6pm_KostarelosK_OkweloguE_EO34,0.6666666666666666,0.9173257191144055
T193_OUTER_03,University of Edinburgh-led controlled human exposure study,SEQUENCE_RIDGE_FULL,T193_c2e9822e51bf0e1fc6a0,EDINBURGH_DS7545_HUMAN_PLASMA_NANOOMICS,Q9HDC9,R4_EDINBURGH_SGO_20210324_6pm_KostarelosK_OkweloguE_EO34,0.4444444444444444,0.4436773684934115
T193_OUTER_03,University of Edinburgh-led controlled human exposure study,SEQUENCE_RIDGE_FULL,T193_26941317403a3d3ddbb7,EDINBURGH_DS7545_HUMAN_PLASMA_NANOOMICS,P26038,R4_EDINBURGH_SGO_20210324_6pm_KostarelosK_OkweloguE_EO4,0.7777777777777778,0.36940303299305205
T193_OUTER_03,University of Edinburgh-led controlled human exposure study,SEQUENCE_RIDGE_FULL,T193_4c163754f8aee09908fd,EDINBURGH_DS7545_HUMAN_PLASMA_NANOOMICS,P60174,R4_EDINBURGH_SGO_20210324_6pm_KostarelosK_OkweloguE_EO4,0.0,0.35066390817239057
T193_OUTER_03,University of Edinburgh-led controlled human exposure study,SEQUENCE_RIDGE_FULL,T193_704e5ed8f8f2ff5f0c53,EDINBURGH_DS7545_HUMAN_PLASMA_NANOOMICS,Q04695,R4_EDINBURGH_SGO_20210324_6pm_KostarelosK_OkweloguE_EO4,0.8333333333333334,0.16764292769811903
T193_OUTER_03,University of Edinburgh-led controlled human exposure study,SEQUENCE_RIDGE_FULL,T193_844c5b466a803417b988,EDINBURGH_DS7545_HUMAN_PLASMA_NANOOMICS,P04004,R4_EDINBURGH_SGO_20210324_6pm_KostarelosK_OkweloguE_EO4,0.9444444444444444,0.8598408916696993
T193_OUTER_03,University of Edinburgh-led controlled human exposure study,SEQUENCE_RIDGE_FULL,T193_8e001a7c37eb4dd1bbd6,EDINBURGH_DS7545_HUMAN_PLASMA_NANOOMICS,P05556,R4_EDINBURGH_SGO_20210324_6pm_KostarelosK_OkweloguE_EO4,0.3333333333333333,0.08187375150109293
T193_OUTER_03,University of Edinburgh-led controlled human exposure study,SEQUENCE_RIDGE_FULL,T193_a22253d8b6252563ddf5,EDINBURGH_DS7545_HUMAN_PLASMA_NANOOMICS,P04264,R4_EDINBURGH_SGO_20210324_6pm_KostarelosK_OkweloguE_EO4,1.0,0.6696337497890944
T193_OUTER_03,University of Edinburgh-led controlled human exposure study,SEQUENCE_RIDGE_FULL,T193_a5a2302d4b6e5a702bb1,EDINBURGH_DS7545_HUMAN_PLASMA_NANOOMICS,P06396,R4_EDINBURGH_SGO_20210324_6pm_KostarelosK_OkweloguE_EO4,0.5555555555555556,0.9173257191144055
T193_OUTER_03,University of Edinburgh-led controlled human exposure study,SEQUENCE_RIDGE_FULL,T193_fb96f014aedac54f493b,EDINBURGH_DS7545_HUMAN_PLASMA_NANOOMICS,Q9HDC9,R4_EDINBURGH_SGO_20210324_6pm_KostarelosK_OkweloguE_EO4,0.05555555555555555,0.4436773684934115
T193_OUTER_03,University of Edinburgh-led controlled human exposure study,SEQUENCE_RIDGE_FULL,T193_3cf6f908793f9037326f,EDINBURGH_DS7545_HUMAN_PLASMA_NANOOMICS,P06396,R4_EDINBURGH_SGO_20210324_6pm_KostarelosK_OkweloguE_EO43,0.5294117647058824,0.9173257191144055
T193_OUTER_03,University of Edinburgh-led controlled human exposure study,SEQUENCE_RIDGE_FULL,T193_47ad744f82ed485b0aec,EDINBURGH_DS7545_HUMAN_PLASMA_NANOOMICS,P04004,R4_EDINBURGH_SGO_20210324_6pm_KostarelosK_OkweloguE_EO43,0.8823529411764706,0.8598408916696993
T193_OUTER_03,University of Edinburgh-led controlled human exposure study,SEQUENCE_RIDGE_FULL,T193_8488f17ec73ba2f63f07,EDINBURGH_DS7545_HUMAN_PLASMA_NANOOMICS,P04264,R4_EDINBURGH_SGO_20210324_6pm_KostarelosK_OkweloguE_EO43,1.0,0.6696337497890944
T193_OUTER_03,University of Edinburgh-led controlled human exposure study,SEQUENCE_RIDGE_FULL,T193_9d79767840763a6ec70d,EDINBURGH_DS7545_HUMAN_PLASMA_NANOOMICS,P26038,R4_EDINBURGH_SGO_20210324_6pm_KostarelosK_OkweloguE_EO43,0.5882352941176471,0.36940303299305205
T193_OUTER_03,University of Edinburgh-led controlled human exposure study,SEQUENCE_RIDGE_FULL,T193_c634cda072cfcad2220c,EDINBURGH_DS7545_HUMAN_PLASMA_NANOOMICS,Q04695,R4_EDINBURGH_SGO_20210324_6pm_KostarelosK_OkweloguE_EO43,0.9411764705882353,0.16764292769811903
T193_OUTER_03,University of Edinburgh-led controlled human exposure study,SEQUENCE_RIDGE_FULL,T193_db6f0a2cd8f53dd4223b,EDINBURGH_DS7545_HUMAN_PLASMA_NANOOMICS,Q9HDC9,R4_EDINBURGH_SGO_20210324_6pm_KostarelosK_OkweloguE_EO43,0.7058823529411765,0.4436773684934115
T193_OUTER_03,University of Edinburgh-led controlled human exposure study,SEQUENCE_RIDGE_FULL,T193_ea207d91e2abd0685dd6,EDINBURGH_DS7545_HUMAN_PLASMA_NANOOMICS,P05556,R4_EDINBURGH_SGO_20210324_6pm_KostarelosK_OkweloguE_EO43,0.23529411764705882,0.08187375150109293
T193_OUTER_03,University of Edinburgh-led controlled human exposure study,SEQUENCE_RIDGE_FULL,T193_41d911a09196e7f90815,EDINBURGH_DS7545_HUMAN_PLASMA_NANOOMICS,P60174,R4_EDINBURGH_SGO_20210324_6pm_KostarelosK_OkweloguE_EO52,0.0,0.35066390817239057
T193_OUTER_03,University of Edinburgh-led controlled human exposure study,SEQUENCE_RIDGE_FULL,T193_4d6f2a134613f447a832,EDINBURGH_DS7545_HUMAN_PLASMA_NANOOMICS,P05556,R4_EDINBURGH_SGO_20210324_6pm_KostarelosK_OkweloguE_EO52,0.47058823529411764,0.08187375150109293
T193_OUTER_03,University of Edinburgh-led controlled human exposure study,SEQUENCE_RIDGE_FULL,T193_503310596929b59db31c,EDINBURGH_DS7545_HUMAN_PLASMA_NANOOMICS,P06396,R4_EDINBURGH_SGO_20210324_6pm_KostarelosK_OkweloguE_EO52,0.5882352941176471,0.9173257191144055
T193_OUTER_03,University of Edinburgh-led controlled human exposure study,SEQUENCE_RIDGE_FULL,T193_73af5a7e1b99fb83e444,EDINBURGH_DS7545_HUMAN_PLASMA_NANOOMICS,P04264,R4_EDINBURGH_SGO_20210324_6pm_KostarelosK_OkweloguE_EO52,1.0,0.6696337497890944
T193_OUTER_03,University of Edinburgh-led controlled human exposure study,SEQUENCE_RIDGE_FULL,T193_882159de8073fd407b55,EDINBURGH_DS7545_HUMAN_PLASMA_NANOOMICS,P04004,R4_EDINBURGH_SGO_20210324_6pm_KostarelosK_OkweloguE_EO52,0.9411764705882353,0.8598408916696993
T193_OUTER_03,University of Edinburgh-led controlled human exposure study,SEQUENCE_RIDGE_FULL,T193_aaa90f15b021db73e874,EDINBURGH_DS7545_HUMAN_PLASMA_NANOOMICS,Q04695,R4_EDINBURGH_SGO_20210324_6pm_KostarelosK_OkweloguE_EO52,0.8235294117647058,0.16764292769811903
T193_OUTER_03,University of Edinburgh-led controlled human exposure study,SEQUENCE_RIDGE_FULL,T193_c1c8b1d8021f905757cc,EDINBURGH_DS7545_HUMAN_PLASMA_NANOOMICS,P26038,R4_EDINBURGH_SGO_20210324_6pm_KostarelosK_OkweloguE_EO52,0.7058823529411765,0.36940303299305205
T193_OUTER_03,University of Edinburgh-led controlled human exposure study,SEQUENCE_RIDGE_FULL,T193_d4bd98b9b54888c7f9c8,EDINBURGH_DS7545_HUMAN_PLASMA_NANOOMICS,Q9HDC9,R4_EDINBURGH_SGO_20210324_6pm_KostarelosK_OkweloguE_EO52,0.7647058823529411,0.4436773684934115
T193_OUTER_03,University of Edinburgh-led controlled human exposure study,SEQUENCE_RIDGE_FULL,T193_0b0b7b180f7ec6b05cfe,EDINBURGH_DS7545_HUMAN_PLASMA_NANOOMICS,P06396,R4_EDINBURGH_SGO_20210324_6pm_KostarelosK_OkweloguE_EO64,0.6470588235294118,0.9173257191144055
T193_OUTER_03,University of Edinburgh-led controlled human exposure study,SEQUENCE_RIDGE_FULL,T193_40c365ff80cac41aa4d1,EDINBURGH_DS7545_HUMAN_PLASMA_NANOOMICS,Q9HDC9,R4_EDINBURGH_SGO_20210324_6pm_KostarelosK_OkweloguE_EO64,0.4117647058823529,0.4436773684934115
T193_OUTER_03,University of Edinburgh-led controlled human exposure study,SEQUENCE_RIDGE_FULL,T193_4bb8594d336c9aac5bfb,EDINBURGH_DS7545_HUMAN_PLASMA_NANOOMICS,P04004,R4_EDINBURGH_SGO_20210324_6pm_KostarelosK_OkweloguE_EO64,0.9411764705882353,0.8598408916696993
T193_OUTER_03,University of Edinburgh-led controlled human exposure study,SEQUENCE_RIDGE_FULL,T193_4c49fbd94218d84bed5b,EDINBURGH_DS7545_HUMAN_PLASMA_NANOOMICS,P60174,R4_EDINBURGH_SGO_20210324_6pm_KostarelosK_OkweloguE_EO64,0.058823529411764705,0.35066390817239057
T193_OUTER_03,University of Edinburgh-led controlled human exposure study,SEQUENCE_RIDGE_FULL,T193_4ce0a8deabdc6e1ea247,EDINBURGH_DS7545_HUMAN_PLASMA_NANOOMICS,P26038,R4_EDINBURGH_SGO_20210324_6pm_KostarelosK_OkweloguE_EO64,0.7647058823529411,0.36940303299305205
T193_OUTER_03,University of Edinburgh-led controlled human exposure study,SEQUENCE_RIDGE_FULL,T193_6f7d6e715b708e3fa52c,EDINBURGH_DS7545_HUMAN_PLASMA_NANOOMICS,Q04695,R4_EDINBURGH_SGO_20210324_6pm_KostarelosK_OkweloguE_EO64,0.8823529411764706,0.16764292769811903
T193_OUTER_03,University of Edinburgh-led controlled human exposure study,SEQUENCE_RIDGE_FULL,T193_7506672c7f96cbd5a2e0,EDINBURGH_DS7545_HUMAN_PLASMA_NANOOMICS,P05556,R4_EDINBURGH_SGO_20210324_6pm_KostarelosK_OkweloguE_EO64,0.47058823529411764,0.08187375150109293
T193_OUTER_03,University of Edinburgh-led controlled human exposure study,SEQUENCE_RIDGE_FULL,T193_f2ff291c02dbedfa69f2,EDINBURGH_DS7545_HUMAN_PLASMA_NANOOMICS,P04264,R4_EDINBURGH_SGO_20210324_6pm_KostarelosK_OkweloguE_EO64,1.0,0.6696337497890944
T193_OUTER_03,University of Edinburgh-led controlled human exposure study,SEQUENCE_RIDGE_FULL,T193_0a97c5945a108f2a9f74,EDINBURGH_DS7545_HUMAN_PLASMA_NANOOMICS,Q9HDC9,R4_EDINBURGH_SGO_20210324_6pm_KostarelosK_OkweloguE_EO66,0.6666666666666666,0.4436773684934115
T193_OUTER_03,University of Edinburgh-led controlled human exposure study,SEQUENCE_RIDGE_FULL,T193_3e85a991e4003b2e6b3c,EDINBURGH_DS7545_HUMAN_PLASMA_NANOOMICS,P06396,R4_EDINBURGH_SGO_20210324_6pm_KostarelosK_OkweloguE_EO66,0.5555555555555556,0.9173257191144055
T193_OUTER_03,University of Edinburgh-led controlled human exposure study,SEQUENCE_RIDGE_FULL,T193_5e85ceca7db01cde520f,EDINBURGH_DS7545_HUMAN_PLASMA_NANOOMICS,P60174,R4_EDINBURGH_SGO_20210324_6pm_KostarelosK_OkweloguE_EO66,0.05555555555555555,0.35066390817239057
T193_OUTER_03,University of Edinburgh-led controlled human exposure study,SEQUENCE_RIDGE_FULL,T193_8ac6590c361267284dad,EDINBURGH_DS7545_HUMAN_PLASMA_NANOOMICS,P05556,R4_EDINBURGH_SGO_20210324_6pm_KostarelosK_OkweloguE_EO66,0.4444444444444444,0.08187375150109293
T193_OUTER_03,University of Edinburgh-led controlled human exposure study,SEQUENCE_RIDGE_FULL,T193_8b8ffd1e6eff37a940aa,EDINBURGH_DS7545_HUMAN_PLASMA_NANOOMICS,P04264,R4_EDINBURGH_SGO_20210324_6pm_KostarelosK_OkweloguE_EO66,1.0,0.6696337497890944
T193_OUTER_03,University of Edinburgh-led controlled human exposure study,SEQUENCE_RIDGE_FULL,T193_9e116dfead3138eb3bec,EDINBURGH_DS7545_HUMAN_PLASMA_NANOOMICS,P04004,R4_EDINBURGH_SGO_20210324_6pm_KostarelosK_OkweloguE_EO66,0.9444444444444444,0.8598408916696993
T193_OUTER_03,University of Edinburgh-led controlled human exposure study,SEQUENCE_RIDGE_FULL,T193_dc77a9597f66adfea435,EDINBURGH_DS7545_HUMAN_PLASMA_NANOOMICS,P26038,R4_EDINBURGH_SGO_20210324_6pm_KostarelosK_OkweloguE_EO66,0.5,0.36940303299305205
T193_OUTER_03,University of Edinburgh-led controlled human exposure study,SEQUENCE_RIDGE_FULL,T193_ef0f58f6ace6d9b89aca,EDINBURGH_DS7545_HUMAN_PLASMA_NANOOMICS,Q04695,R4_EDINBURGH_SGO_20210324_6pm_KostarelosK_OkweloguE_EO66,0.8888888888888888,0.16764292769811903
T193_OUTER_03,University of Edinburgh-led controlled human exposure study,SEQUENCE_RIDGE_FULL,T193_406f393d22734e03f5f4,EDINBURGH_DS7545_HUMAN_PLASMA_NANOOMICS,P04004,R4_EDINBURGH_SGO_20210324_6pm_KostarelosK_OkweloguE_EO73,0.9444444444444444,0.8598408916696993
T193_OUTER_03,University of Edinburgh-led controlled human exposure study,SEQUENCE_RIDGE_FULL,T193_494811acefa52828459a,EDINBURGH_DS7545_HUMAN_PLASMA_NANOOMICS,P60174,R4_EDINBURGH_SGO_20210324_6pm_KostarelosK_OkweloguE_EO73,0.0,0.35066390817239057
T193_OUTER_03,University of Edinburgh-led controlled human exposure study,SEQUENCE_RIDGE_FULL,T193_522990474dca32b1f4cd,EDINBURGH_DS7545_HUMAN_PLASMA_NANOOMICS,P26038,R4_EDINBURGH_SGO_20210324_6pm_KostarelosK_OkweloguE_EO73,0.7222222222222222,0.36940303299305205
T193_OUTER_03,University of Edinburgh-led controlled human exposure study,SEQUENCE_RIDGE_FULL,T193_82d045c6e85e1e30dec5,EDINBURGH_DS7545_HUMAN_PLASMA_NANOOMICS,P05556,R4_EDINBURGH_SGO_20210324_6pm_KostarelosK_OkweloguE_EO73,0.4444444444444444,0.08187375150109293
T193_OUTER_03,University of Edinburgh-led controlled human exposure study,SEQUENCE_RIDGE_FULL,T193_87b062ad8be26288bb58,EDINBURGH_DS7545_HUMAN_PLASMA_NANOOMICS,Q9HDC9,R4_EDINBURGH_SGO_20210324_6pm_KostarelosK_OkweloguE_EO73,0.3333333333333333,0.4436773684934115
T193_OUTER_03,University of Edinburgh-led controlled human exposure study,SEQUENCE_RIDGE_FULL,T193_8c06aa5735cfbf9c625b,EDINBURGH_DS7545_HUMAN_PLASMA_NANOOMICS,P06396,R4_EDINBURGH_SGO_20210324_6pm_KostarelosK_OkweloguE_EO73,0.7777777777777778,0.9173257191144055
T193_OUTER_03,University of Edinburgh-led controlled human exposure study,SEQUENCE_RIDGE_FULL,T193_942da917800666f3563c,EDINBURGH_DS7545_HUMAN_PLASMA_NANOOMICS,Q04695,R4_EDINBURGH_SGO_20210324_6pm_KostarelosK_OkweloguE_EO73,0.8333333333333334,0.16764292769811903
T193_OUTER_03,University of Edinburgh-led controlled human exposure study,SEQUENCE_RIDGE_FULL,T193_d94ab893692feaf4e54f,EDINBURGH_DS7545_HUMAN_PLASMA_NANOOMICS,P04264,R4_EDINBURGH_SGO_20210324_6pm_KostarelosK_OkweloguE_EO73,1.0,0.6696337497890944
T193_OUTER_03,University of Edinburgh-led controlled human exposure study,SEQUENCE_RIDGE_FULL,T193_00dd0b86858e08588ef2,EDINBURGH_DS7545_HUMAN_PLASMA_NANOOMICS,P26038,R4_EDINBURGH_SGO_20210324_6pm_KostarelosK_OkweloguE_EO83,0.6111111111111112,0.36940303299305205
T193_OUTER_03,University of Edinburgh-led controlled human exposure study,SEQUENCE_RIDGE_FULL,T193_2ee0fd2a3ab6b096198c,EDINBURGH_DS7545_HUMAN_PLASMA_NANOOMICS,P04004,R4_EDINBURGH_SGO_20210324_6pm_KostarelosK_OkweloguE_EO83,0.9444444444444444,0.8598408916696993
T193_OUTER_03,University of Edinburgh-led controlled human exposure study,SEQUENCE_RIDGE_FULL,T193_384d33415db3daf1979d,EDINBURGH_DS7545_HUMAN_PLASMA_NANOOMICS,P04264,R4_EDINBURGH_SGO_20210324_6pm_KostarelosK_OkweloguE_EO83,1.0,0.6696337497890944
T193_OUTER_03,University of Edinburgh-led controlled human exposure study,SEQUENCE_RIDGE_FULL,T193_4084c3df7e6f2a9a2160,EDINBURGH_DS7545_HUMAN_PLASMA_NANOOMICS,P60174,R4_EDINBURGH_SGO_20210324_6pm_KostarelosK_OkweloguE_EO83,0.0,0.35066390817239057
T193_OUTER_03,University of Edinburgh-led controlled human exposure study,SEQUENCE_RIDGE_FULL,T193_49726d9d2f55e3ad8561,EDINBURGH_DS7545_HUMAN_PLASMA_NANOOMICS,Q04695,R4_EDINBURGH_SGO_20210324_6pm_KostarelosK_OkweloguE_EO83,0.7777777777777778,0.16764292769811903
T193_OUTER_03,University of Edinburgh-led controlled human exposure study,SEQUENCE_RIDGE_FULL,T193_5136349010db9a27a13f,EDINBURGH_DS7545_HUMAN_PLASMA_NANOOMICS,P06396,R4_EDINBURGH_SGO_20210324_6pm_KostarelosK_OkweloguE_EO83,0.7222222222222222,0.9173257191144055
T193_OUTER_03,University of Edinburgh-led controlled human exposure study,SEQUENCE_RIDGE_FULL,T193_5d19d92c8f5636a513c8,EDINBURGH_DS7545_HUMAN_PLASMA_NANOOMICS,P05556,R4_EDINBURGH_SGO_20210324_6pm_KostarelosK_OkweloguE_EO83,0.2777777777777778,0.08187375150109293
T193_OUTER_03,University of Edinburgh-led controlled human exposure study,SEQUENCE_RIDGE_FULL,T193_9310f0cb2cb5cabdc06a,EDINBURGH_DS7545_HUMAN_PLASMA_NANOOMICS,Q9HDC9,R4_EDINBURGH_SGO_20210324_6pm_KostarelosK_OkweloguE_EO83,0.2222222222222222,0.4436773684934115
T193_OUTER_03,University of Edinburgh-led controlled human exposure study,SEQUENCE_RIDGE_FULL,T193_18fd1a6e75e0acdf0163,EDINBURGH_DS7545_HUMAN_PLASMA_NANOOMICS,P26038,R4_EDINBURGH_SGO_20210324_6pm_KostarelosK_OkweloguE_EO88,0.5882352941176471,0.36940303299305205
T193_OUTER_03,University of Edinburgh-led controlled human exposure study,SEQUENCE_RIDGE_FULL,T193_26aae440e3bbd4c485c8,EDINBURGH_DS7545_HUMAN_PLASMA_NANOOMICS,Q04695,R4_EDINBURGH_SGO_20210324_6pm_KostarelosK_OkweloguE_EO88,0.8823529411764706,0.16764292769811903
T193_OUTER_03,University of Edinburgh-led controlled human exposure study,SEQUENCE_RIDGE_FULL,T193_4d819ba3395f5cac1797,EDINBURGH_DS7545_HUMAN_PLASMA_NANOOMICS,P06396,R4_EDINBURGH_SGO_20210324_6pm_KostarelosK_OkweloguE_EO88,0.23529411764705882,0.9173257191144055
T193_OUTER_03,University of Edinburgh-led controlled human exposure study,SEQUENCE_RIDGE_FULL,T193_5214642499270e327f2a,EDINBURGH_DS7545_HUMAN_PLASMA_NANOOMICS,Q9HDC9,R4_EDINBURGH_SGO_20210324_6pm_KostarelosK_OkweloguE_EO88,0.7647058823529411,0.4436773684934115
T193_OUTER_03,University of Edinburgh-led controlled human exposure study,SEQUENCE_RIDGE_FULL,T193_589561e2cf8d7390379e,EDINBURGH_DS7545_HUMAN_PLASMA_NANOOMICS,P05556,R4_EDINBURGH_SGO_20210324_6pm_KostarelosK_OkweloguE_EO88,0.4117647058823529,0.08187375150109293
T193_OUTER_03,University of Edinburgh-led controlled human exposure study,SEQUENCE_RIDGE_FULL,T193_613a4cf65b764c20be04,EDINBURGH_DS7545_HUMAN_PLASMA_NANOOMICS,P04004,R4_EDINBURGH_SGO_20210324_6pm_KostarelosK_OkweloguE_EO88,0.9411764705882353,0.8598408916696993
T193_OUTER_03,University of Edinburgh-led controlled human exposure study,SEQUENCE_RIDGE_FULL,T193_dc895581842c46b0d112,EDINBURGH_DS7545_HUMAN_PLASMA_NANOOMICS,P04264,R4_EDINBURGH_SGO_20210324_6pm_KostarelosK_OkweloguE_EO88,1.0,0.6696337497890944
T193_OUTER_03,University of Edinburgh-led controlled human exposure study,SEQUENCE_RIDGE_FULL,T193_14f439f2d3dbed8b234f,EDINBURGH_DS7545_HUMAN_PLASMA_NANOOMICS,P26038,R4_EDINBURGH_SGO_20210324_6pm_KostarelosK_OkweloguE_EO94,0.6875,0.36940303299305205
T193_OUTER_03,University of Edinburgh-led controlled human exposure study,SEQUENCE_RIDGE_FULL,T193_1b870b68fb55eb132857,EDINBURGH_DS7545_HUMAN_PLASMA_NANOOMICS,P04004,R4_EDINBURGH_SGO_20210324_6pm_KostarelosK_OkweloguE_EO94,0.9375,0.8598408916696993
T193_OUTER_03,University of Edinburgh-led controlled human exposure study,SEQUENCE_RIDGE_FULL,T193_3c9b60fb8c418011d72f,EDINBURGH_DS7545_HUMAN_PLASMA_NANOOMICS,P60174,R4_EDINBURGH_SGO_20210324_6pm_KostarelosK_OkweloguE_EO94,0.125,0.35066390817239057
T193_OUTER_03,University of Edinburgh-led controlled human exposure study,SEQUENCE_RIDGE_FULL,T193_81b910e4c3539a2860ca,EDINBURGH_DS7545_HUMAN_PLASMA_NANOOMICS,Q04695,R4_EDINBURGH_SGO_20210324_6pm_KostarelosK_OkweloguE_EO94,0.8125,0.16764292769811903
T193_OUTER_03,University of Edinburgh-led controlled human exposure study,SEQUENCE_RIDGE_FULL,T193_96620b2ea1fdbd9dac76,EDINBURGH_DS7545_HUMAN_PLASMA_NANOOMICS,P05556,R4_EDINBURGH_SGO_20210324_6pm_KostarelosK_OkweloguE_EO94,0.375,0.08187375150109293
T193_OUTER_03,University of Edinburgh-led controlled human exposure study,SEQUENCE_RIDGE_FULL,T193_a26c5a51535bf4e2943e,EDINBURGH_DS7545_HUMAN_PLASMA_NANOOMICS,P04264,R4_EDINBURGH_SGO_20210324_6pm_KostarelosK_OkweloguE_EO94,1.0,0.6696337497890944
T193_OUTER_03,University of Edinburgh-led controlled human exposure study,SEQUENCE_RIDGE_FULL,T193_b3c7b225ad9c57908fc9,EDINBURGH_DS7545_HUMAN_PLASMA_NANOOMICS,Q9HDC9,R4_EDINBURGH_SGO_20210324_6pm_KostarelosK_OkweloguE_EO94,0.875,0.4436773684934115
T193_OUTER_03,University of Edinburgh-led controlled human exposure study,SEQUENCE_RIDGE_FULL,T193_ba03cabac55145c51d01,EDINBURGH_DS7545_HUMAN_PLASMA_NANOOMICS,P06396,R4_EDINBURGH_SGO_20210324_6pm_KostarelosK_OkweloguE_EO94,0.75,0.9173257191144055
T193_OUTER_03,University of Edinburgh-led controlled human exposure study,SEQUENCE_RIDGE_FULL,T193_379ff156e998a12dc89d,EDINBURGH_DS7545_HUMAN_PLASMA_NANOOMICS,P04264,R4_EDINBURGH_SGO_20210324_6pm_KostarelosK_OkweloguE_EO96,1.0,0.6696337497890944
T193_OUTER_03,University of Edinburgh-led controlled human exposure study,SEQUENCE_RIDGE_FULL,T193_38d094d68e7eb9b37d21,EDINBURGH_DS7545_HUMAN_PLASMA_NANOOMICS,P26038,R4_EDINBURGH_SGO_20210324_6pm_KostarelosK_OkweloguE_EO96,0.7777777777777778,0.36940303299305205
T193_OUTER_03,University of Edinburgh-led controlled human exposure study,SEQUENCE_RIDGE_FULL,T193_5086419d197565899db8,EDINBURGH_DS7545_HUMAN_PLASMA_NANOOMICS,Q9HDC9,R4_EDINBURGH_SGO_20210324_6pm_KostarelosK_OkweloguE_EO96,0.5,0.4436773684934115
T193_OUTER_03,University of Edinburgh-led controlled human exposure study,SEQUENCE_RIDGE_FULL,T193_8a465419ee34ae64d7f3,EDINBURGH_DS7545_HUMAN_PLASMA_NANOOMICS,P06396,R4_EDINBURGH_SGO_20210324_6pm_KostarelosK_OkweloguE_EO96,0.6111111111111112,0.9173257191144055
T193_OUTER_03,University of Edinburgh-led controlled human exposure study,SEQUENCE_RIDGE_FULL,T193_94829edc7a3591a850a2,EDINBURGH_DS7545_HUMAN_PLASMA_NANOOMICS,P04004,R4_EDINBURGH_SGO_20210324_6pm_KostarelosK_OkweloguE_EO96,0.9444444444444444,0.8598408916696993
T193_OUTER_03,University of Edinburgh-led controlled human exposure study,SEQUENCE_RIDGE_FULL,T193_d554d966fb9954a4ff61,EDINBURGH_DS7545_HUMAN_PLASMA_NANOOMICS,P05556,R4_EDINBURGH_SGO_20210324_6pm_KostarelosK_OkweloguE_EO96,0.3888888888888889,0.08187375150109293
T193_OUTER_03,University of Edinburgh-led controlled human exposure study,SEQUENCE_RIDGE_FULL,T193_e773aafc6c6a327b5598,EDINBURGH_DS7545_HUMAN_PLASMA_NANOOMICS,P60174,R4_EDINBURGH_SGO_20210324_6pm_KostarelosK_OkweloguE_EO96,0.0,0.35066390817239057
T193_OUTER_03,University of Edinburgh-led controlled human exposure study,SEQUENCE_RIDGE_FULL,T193_ffaf454c04a030610a5e,EDINBURGH_DS7545_HUMAN_PLASMA_NANOOMICS,Q04695,R4_EDINBURGH_SGO_20210324_6pm_KostarelosK_OkweloguE_EO96,0.8888888888888888,0.16764292769811903
T193_OUTER_03,University of Edinburgh-led controlled human exposure study,SEQUENCE_RIDGE_FULL,T193_15a1db32a4333d3ad45d,EDINBURGH_DS7545_HUMAN_PLASMA_NANOOMICS,Q9HDC9,R4_EDINBURGH_SGO_20210324_6pm_KostarelosK_OkweloguE_EO97,0.6111111111111112,0.4436773684934115
T193_OUTER_03,University of Edinburgh-led controlled human exposure study,SEQUENCE_RIDGE_FULL,T193_22bad6fc59ea438485a1,EDINBURGH_DS7545_HUMAN_PLASMA_NANOOMICS,Q04695,R4_EDINBURGH_SGO_20210324_6pm_KostarelosK_OkweloguE_EO97,0.8888888888888888,0.16764292769811903
T193_OUTER_03,University of Edinburgh-led controlled human exposure study,SEQUENCE_RIDGE_FULL,T193_29edb9d3f3c0bdd437fb,EDINBURGH_DS7545_HUMAN_PLASMA_NANOOMICS,P06396,R4_EDINBURGH_SGO_20210324_6pm_KostarelosK_OkweloguE_EO97,0.2777777777777778,0.9173257191144055
T193_OUTER_03,University of Edinburgh-led controlled human exposure study,SEQUENCE_RIDGE_FULL,T193_2b7ce379311779656b23,EDINBURGH_DS7545_HUMAN_PLASMA_NANOOMICS,P26038,R4_EDINBURGH_SGO_20210324_6pm_KostarelosK_OkweloguE_EO97,0.7777777777777778,0.36940303299305205
T193_OUTER_03,University of Edinburgh-led controlled human exposure study,SEQUENCE_RIDGE_FULL,T193_3b0c75951273f0e48eb0,EDINBURGH_DS7545_HUMAN_PLASMA_NANOOMICS,P60174,R4_EDINBURGH_SGO_20210324_6pm_KostarelosK_OkweloguE_EO97,0.05555555555555555,0.35066390817239057
T193_OUTER_03,University of Edinburgh-led controlled human exposure study,SEQUENCE_RIDGE_FULL,T193_630d236c1546baced269,EDINBURGH_DS7545_HUMAN_PLASMA_NANOOMICS,P04004,R4_EDINBURGH_SGO_20210324_6pm_KostarelosK_OkweloguE_EO97,0.9444444444444444,0.8598408916696993
T193_OUTER_03,University of Edinburgh-led controlled human exposure study,SEQUENCE_RIDGE_FULL,T193_ba7b542fedb09723a679,EDINBURGH_DS7545_HUMAN_PLASMA_NANOOMICS,P05556,R4_EDINBURGH_SGO_20210324_6pm_KostarelosK_OkweloguE_EO97,0.2222222222222222,0.08187375150109293
T193_OUTER_03,University of Edinburgh-led controlled human exposure study,SEQUENCE_RIDGE_FULL,T193_c800641f4d70a92137e2,EDINBURGH_DS7545_HUMAN_PLASMA_NANOOMICS,P04264,R4_EDINBURGH_SGO_20210324_6pm_KostarelosK_OkweloguE_EO97,1.0,0.6696337497890944
T193_OUTER_03,University of Edinburgh-led controlled human exposure study,SEQUENCE_RIDGE_FULL,T193_211eabb40a0b1de924ec,EDINBURGH_DS7545_HUMAN_PLASMA_NANOOMICS,Q9HDC9,R4_EDINBURGH_USGO_20210324_6pm_KostarelosK_OkweloguE_EO106,0.7777777777777778,0.4436773684934115
T193_OUTER_03,University of Edinburgh-led controlled human exposure study,SEQUENCE_RIDGE_FULL,T193_803a7e4bb5a20b4b9dcb,EDINBURGH_DS7545_HUMAN_PLASMA_NANOOMICS,P04264,R4_EDINBURGH_USGO_20210324_6pm_KostarelosK_OkweloguE_EO106,1.0,0.6696337497890944
T193_OUTER_03,University of Edinburgh-led controlled human exposure study,SEQUENCE_RIDGE_FULL,T193_afe311ad098843df9d06,EDINBURGH_DS7545_HUMAN_PLASMA_NANOOMICS,P04004,R4_EDINBURGH_USGO_20210324_6pm_KostarelosK_OkweloguE_EO106,0.9444444444444444,0.8598408916696993
T193_OUTER_03,University of Edinburgh-led controlled human exposure study,SEQUENCE_RIDGE_FULL,T193_b30a109b9a2f11b2bb02,EDINBURGH_DS7545_HUMAN_PLASMA_NANOOMICS,P60174,R4_EDINBURGH_USGO_20210324_6pm_KostarelosK_OkweloguE_EO106,0.2222222222222222,0.35066390817239057
T193_OUTER_03,University of Edinburgh-led controlled human exposure study,SEQUENCE_RIDGE_FULL,T193_bb7ec9ba202e610d6671,EDINBURGH_DS7545_HUMAN_PLASMA_NANOOMICS,P05556,R4_EDINBURGH_USGO_20210324_6pm_KostarelosK_OkweloguE_EO106,0.5,0.08187375150109293
T193_OUTER_03,University of Edinburgh-led controlled human exposure study,SEQUENCE_RIDGE_FULL,T193_c3cfa0fd5b135dd1614b,EDINBURGH_DS7545_HUMAN_PLASMA_NANOOMICS,P06396,R4_EDINBURGH_USGO_20210324_6pm_KostarelosK_OkweloguE_EO106,0.7222222222222222,0.9173257191144055
T193_OUTER_03,University of Edinburgh-led controlled human exposure study,SEQUENCE_RIDGE_FULL,T193_cbfce3042adc66edd416,EDINBURGH_DS7545_HUMAN_PLASMA_NANOOMICS,Q04695,R4_EDINBURGH_USGO_20210324_6pm_KostarelosK_OkweloguE_EO106,0.5555555555555556,0.16764292769811903
T193_OUTER_03,University of Edinburgh-led controlled human exposure study,SEQUENCE_RIDGE_FULL,T193_d91e1cfae412eb3e1a4e,EDINBURGH_DS7545_HUMAN_PLASMA_NANOOMICS,P26038,R4_EDINBURGH_USGO_20210324_6pm_KostarelosK_OkweloguE_EO106,0.8888888888888888,0.36940303299305205
T193_OUTER_03,University of Edinburgh-led controlled human exposure study,SEQUENCE_RIDGE_FULL,T193_ebe61009c25b3051244e,EDINBURGH_DS7545_HUMAN_PLASMA_NANOOMICS,P07996,R4_EDINBURGH_USGO_20210324_6pm_KostarelosK_OkweloguE_EO106,0.6111111111111112,0.4149745914703523
T193_OUTER_03,University of Edinburgh-led controlled human exposure study,SEQUENCE_RIDGE_FULL,T193_08bf8b327da1fcb19430,EDINBURGH_DS7545_HUMAN_PLASMA_NANOOMICS,P26038,R4_EDINBURGH_USGO_20210324_6pm_KostarelosK_OkweloguE_EO11,0.5263157894736842,0.36940303299305205
T193_OUTER_03,University of Edinburgh-led controlled human exposure study,SEQUENCE_RIDGE_FULL,T193_10bbd8e6609afba3a69f,EDINBURGH_DS7545_HUMAN_PLASMA_NANOOMICS,Q04695,R4_EDINBURGH_USGO_20210324_6pm_KostarelosK_OkweloguE_EO11,0.9473684210526315,0.16764292769811903
T193_OUTER_03,University of Edinburgh-led controlled human exposure study,SEQUENCE_RIDGE_FULL,T193_38a16deb8e4aa6dfcf34,EDINBURGH_DS7545_HUMAN_PLASMA_NANOOMICS,P04264,R4_EDINBURGH_USGO_20210324_6pm_KostarelosK_OkweloguE_EO11,1.0,0.6696337497890944
T193_OUTER_03,University of Edinburgh-led controlled human exposure study,SEQUENCE_RIDGE_FULL,T193_4e3605aac73bae2cb125,EDINBURGH_DS7545_HUMAN_PLASMA_NANOOMICS,P07996,R4_EDINBURGH_USGO_20210324_6pm_KostarelosK_OkweloguE_EO11,0.47368421052631576,0.4149745914703523
T193_OUTER_03,University of Edinburgh-led controlled human exposure study,SEQUENCE_RIDGE_FULL,T193_6abf43f4d00f40e9b95e,EDINBURGH_DS7545_HUMAN_PLASMA_NANOOMICS,P60174,R4_EDINBURGH_USGO_20210324_6pm_KostarelosK_OkweloguE_EO11,0.0,0.35066390817239057
T193_OUTER_03,University of Edinburgh-led controlled human exposure study,SEQUENCE_RIDGE_FULL,T193_77fd675e45e693e17327,EDINBURGH_DS7545_HUMAN_PLASMA_NANOOMICS,P04004,R4_EDINBURGH_USGO_20210324_6pm_KostarelosK_OkweloguE_EO11,0.8947368421052632,0.8598408916696993
T193_OUTER_03,University of Edinburgh-led controlled human exposure study,SEQUENCE_RIDGE_FULL,T193_ce284a4df645132a7b8f,EDINBURGH_DS7545_HUMAN_PLASMA_NANOOMICS,P05556,R4_EDINBURGH_USGO_20210324_6pm_KostarelosK_OkweloguE_EO11,0.631578947368421,0.08187375150109293
T193_OUTER_03,University of Edinburgh-led controlled human exposure study,SEQUENCE_RIDGE_FULL,T193_f210d32cf2b27b8fa458,EDINBURGH_DS7545_HUMAN_PLASMA_NANOOMICS,P06396,R4_EDINBURGH_USGO_20210324_6pm_KostarelosK_OkweloguE_EO11,0.6842105263157895,0.9173257191144055
T193_OUTER_03,University of Edinburgh-led controlled human exposure study,SEQUENCE_RIDGE_FULL,T193_f85adcc93b266ce1e594,EDINBURGH_DS7545_HUMAN_PLASMA_NANOOMICS,Q9HDC9,R4_EDINBURGH_USGO_20210324_6pm_KostarelosK_OkweloguE_EO11,0.10526315789473684,0.4436773684934115
T193_OUTER_03,University of Edinburgh-led controlled human exposure study,SEQUENCE_RIDGE_FULL,T193_2c2a6af203b1e6daa696,EDINBURGH_DS7545_HUMAN_PLASMA_NANOOMICS,Q9HDC9,R4_EDINBURGH_USGO_20210324_6pm_KostarelosK_OkweloguE_EO111,0.6666666666666666,0.4436773684934115
T193_OUTER_03,University of Edinburgh-led controlled human exposure study,SEQUENCE_RIDGE_FULL,T193_5e3487f246c3f4558dc5,EDINBURGH_DS7545_HUMAN_PLASMA_NANOOMICS,Q04695,R4_EDINBURGH_USGO_20210324_6pm_KostarelosK_OkweloguE_EO111,0.7777777777777778,0.16764292769811903
T193_OUTER_03,University of Edinburgh-led controlled human exposure study,SEQUENCE_RIDGE_FULL,T193_72ad5b5177cb66a71577,EDINBURGH_DS7545_HUMAN_PLASMA_NANOOMICS,P26038,R4_EDINBURGH_USGO_20210324_6pm_KostarelosK_OkweloguE_EO111,0.5,0.36940303299305205
T193_OUTER_03,University of Edinburgh-led controlled human exposure study,SEQUENCE_RIDGE_FULL,T193_74950baae970ab785eb5,EDINBURGH_DS7545_HUMAN_PLASMA_NANOOMICS,P04264,R4_EDINBURGH_USGO_20210324_6pm_KostarelosK_OkweloguE_EO111,1.0,0.6696337497890944
T193_OUTER_03,University of Edinburgh-led controlled human exposure study,SEQUENCE_RIDGE_FULL,T193_7aa3db3afedfcedeaca5,EDINBURGH_DS7545_HUMAN_PLASMA_NANOOMICS,P04004,R4_EDINBURGH_USGO_20210324_6pm_KostarelosK_OkweloguE_EO111,0.9444444444444444,0.8598408916696993
T193_OUTER_03,University of Edinburgh-led controlled human exposure study,SEQUENCE_RIDGE_FULL,T193_b9c1c3fbaf59588a586b,EDINBURGH_DS7545_HUMAN_PLASMA_NANOOMICS,P07996,R4_EDINBURGH_USGO_20210324_6pm_KostarelosK_OkweloguE_EO111,0.7222222222222222,0.4149745914703523
T193_OUTER_03,University of Edinburgh-led controlled human exposure study,SEQUENCE_RIDGE_FULL,T193_d896f28436ec5ef219b6,EDINBURGH_DS7545_HUMAN_PLASMA_NANOOMICS,P05556,R4_EDINBURGH_USGO_20210324_6pm_KostarelosK_OkweloguE_EO111,0.5555555555555556,0.08187375150109293
T193_OUTER_03,University of Edinburgh-led controlled human exposure study,SEQUENCE_RIDGE_FULL,T193_deb42c8a9ac26ed1abb5,EDINBURGH_DS7545_HUMAN_PLASMA_NANOOMICS,P06396,R4_EDINBURGH_USGO_20210324_6pm_KostarelosK_OkweloguE_EO111,0.8888888888888888,0.9173257191144055
T193_OUTER_03,University of Edinburgh-led controlled human exposure study,SEQUENCE_RIDGE_FULL,T193_e877f2be7b3a90050769,EDINBURGH_DS7545_HUMAN_PLASMA_NANOOMICS,P60174,R4_EDINBURGH_USGO_20210324_6pm_KostarelosK_OkweloguE_EO111,0.2222222222222222,0.35066390817239057
T193_OUTER_03,University of Edinburgh-led controlled human exposure study,SEQUENCE_RIDGE_FULL,T193_40140e1ef5a60146c638,EDINBURGH_DS7545_HUMAN_PLASMA_NANOOMICS,P06396,R4_EDINBURGH_USGO_20210324_6pm_KostarelosK_OkweloguE_EO112,0.7894736842105263,0.9173257191144055
T193_OUTER_03,University of Edinburgh-led controlled human exposure study,SEQUENCE_RIDGE_FULL,T193_574da0da81fbfb1e02a1,EDINBURGH_DS7545_HUMAN_PLASMA_NANOOMICS,P05556,R4_EDINBURGH_USGO_20210324_6pm_KostarelosK_OkweloguE_EO112,0.3157894736842105,0.08187375150109293
T193_OUTER_03,University of Edinburgh-led controlled human exposure study,SEQUENCE_RIDGE_FULL,T193_5a667f2fe6f833b6377b,EDINBURGH_DS7545_HUMAN_PLASMA_NANOOMICS,P04264,R4_EDINBURGH_USGO_20210324_6pm_KostarelosK_OkweloguE_EO112,1.0,0.6696337497890944
T193_OUTER_03,University of Edinburgh-led controlled human exposure study,SEQUENCE_RIDGE_FULL,T193_a2aedef8617e43d23dc9,EDINBURGH_DS7545_HUMAN_PLASMA_NANOOMICS,P04004,R4_EDINBURGH_USGO_20210324_6pm_KostarelosK_OkweloguE_EO112,0.8947368421052632,0.8598408916696993
T193_OUTER_03,University of Edinburgh-led controlled human exposure study,SEQUENCE_RIDGE_FULL,T193_ae1b772da03a85aa6808,EDINBURGH_DS7545_HUMAN_PLASMA_NANOOMICS,P07996,R4_EDINBURGH_USGO_20210324_6pm_KostarelosK_OkweloguE_EO112,0.631578947368421,0.4149745914703523
T193_OUTER_03,University of Edinburgh-led controlled human exposure study,SEQUENCE_RIDGE_FULL,T193_b09c84e5ee3e7652db8a,EDINBURGH_DS7545_HUMAN_PLASMA_NANOOMICS,P26038,R4_EDINBURGH_USGO_20210324_6pm_KostarelosK_OkweloguE_EO112,0.5789473684210527,0.36940303299305205
T193_OUTER_03,University of Edinburgh-led controlled human exposure study,SEQUENCE_RIDGE_FULL,T193_d7bc89d5fbd0da15a348,EDINBURGH_DS7545_HUMAN_PLASMA_NANOOMICS,Q04695,R4_EDINBURGH_USGO_20210324_6pm_KostarelosK_OkweloguE_EO112,0.9473684210526315,0.16764292769811903
T193_OUTER_03,University of Edinburgh-led controlled human exposure study,SEQUENCE_RIDGE_FULL,T193_fa5ea129b9354d92aeaa,EDINBURGH_DS7545_HUMAN_PLASMA_NANOOMICS,Q9HDC9,R4_EDINBURGH_USGO_20210324_6pm_KostarelosK_OkweloguE_EO112,0.8421052631578947,0.4436773684934115
T193_OUTER_03,University of Edinburgh-led controlled human exposure study,SEQUENCE_RIDGE_FULL,T193_fa712d2fa9154844e77e,EDINBURGH_DS7545_HUMAN_PLASMA_NANOOMICS,P60174,R4_EDINBURGH_USGO_20210324_6pm_KostarelosK_OkweloguE_EO112,0.3684210526315789,0.35066390817239057
T193_OUTER_03,University of Edinburgh-led controlled human exposure study,SEQUENCE_RIDGE_FULL,T193_022e43ad9c567f129321,EDINBURGH_DS7545_HUMAN_PLASMA_NANOOMICS,P26038,R4_EDINBURGH_USGO_20210324_6pm_KostarelosK_OkweloguE_EO115,0.7368421052631579,0.36940303299305205
T193_OUTER_03,University of Edinburgh-led controlled human exposure study,SEQUENCE_RIDGE_FULL,T193_0e3252ef2b55f18aa194,EDINBURGH_DS7545_HUMAN_PLASMA_NANOOMICS,Q9HDC9,R4_EDINBURGH_USGO_20210324_6pm_KostarelosK_OkweloguE_EO115,0.5263157894736842,0.4436773684934115
T193_OUTER_03,University of Edinburgh-led controlled human exposure study,SEQUENCE_RIDGE_FULL,T193_2b2e9ed6a2c8f81ee3c3,EDINBURGH_DS7545_HUMAN_PLASMA_NANOOMICS,P06396,R4_EDINBURGH_USGO_20210324_6pm_KostarelosK_OkweloguE_EO115,0.631578947368421,0.9173257191144055
T193_OUTER_03,University of Edinburgh-led controlled human exposure study,SEQUENCE_RIDGE_FULL,T193_4c617799dac70dd2b1cb,EDINBURGH_DS7545_HUMAN_PLASMA_NANOOMICS,P60174,R4_EDINBURGH_USGO_20210324_6pm_KostarelosK_OkweloguE_EO115,0.15789473684210525,0.35066390817239057
T193_OUTER_03,University of Edinburgh-led controlled human exposure study,SEQUENCE_RIDGE_FULL,T193_4ee08058c90f21facbbc,EDINBURGH_DS7545_HUMAN_PLASMA_NANOOMICS,P05556,R4_EDINBURGH_USGO_20210324_6pm_KostarelosK_OkweloguE_EO115,0.3157894736842105,0.08187375150109293
T193_OUTER_03,University of Edinburgh-led controlled human exposure study,SEQUENCE_RIDGE_FULL,T193_6b673c33554a31ea92f7,EDINBURGH_DS7545_HUMAN_PLASMA_NANOOMICS,P04264,R4_EDINBURGH_USGO_20210324_6pm_KostarelosK_OkweloguE_EO115,1.0,0.6696337497890944
T193_OUTER_03,University of Edinburgh-led controlled human exposure study,SEQUENCE_RIDGE_FULL,T193_be1a546fdb883b577f69,EDINBURGH_DS7545_HUMAN_PLASMA_NANOOMICS,P04004,R4_EDINBURGH_USGO_20210324_6pm_KostarelosK_OkweloguE_EO115,0.8947368421052632,0.8598408916696993
T193_OUTER_03,University of Edinburgh-led controlled human exposure study,SEQUENCE_RIDGE_FULL,T193_c5eae2d43bf800ce9ff1,EDINBURGH_DS7545_HUMAN_PLASMA_NANOOMICS,Q04695,R4_EDINBURGH_USGO_20210324_6pm_KostarelosK_OkweloguE_EO115,0.9473684210526315,0.16764292769811903
T193_OUTER_03,University of Edinburgh-led controlled human exposure study,SEQUENCE_RIDGE_FULL,T193_cd90a6f35a2c95075810,EDINBURGH_DS7545_HUMAN_PLASMA_NANOOMICS,P07996,R4_EDINBURGH_USGO_20210324_6pm_KostarelosK_OkweloguE_EO115,0.6842105263157895,0.4149745914703523
T193_OUTER_03,University of Edinburgh-led controlled human exposure study,SEQUENCE_RIDGE_FULL,T193_12274f09f8d63f0b9389,EDINBURGH_DS7545_HUMAN_PLASMA_NANOOMICS,Q9HDC9,R4_EDINBURGH_USGO_20210324_6pm_KostarelosK_OkweloguE_EO120,0.47368421052631576,0.4436773684934115
T193_OUTER_03,University of Edinburgh-led controlled human exposure study,SEQUENCE_RIDGE_FULL,T193_21f171a54c23606bf538,EDINBURGH_DS7545_HUMAN_PLASMA_NANOOMICS,P06396,R4_EDINBURGH_USGO_20210324_6pm_KostarelosK_OkweloguE_EO120,0.8947368421052632,0.9173257191144055
T193_OUTER_03,University of Edinburgh-led controlled human exposure study,SEQUENCE_RIDGE_FULL,T193_233913de0cfcbdc9ec6c,EDINBURGH_DS7545_HUMAN_PLASMA_NANOOMICS,P04004,R4_EDINBURGH_USGO_20210324_6pm_KostarelosK_OkweloguE_EO120,0.9473684210526315,0.8598408916696993
T193_OUTER_03,University of Edinburgh-led controlled human exposure study,SEQUENCE_RIDGE_FULL,T193_244e220ab1d4f0b15f9d,EDINBURGH_DS7545_HUMAN_PLASMA_NANOOMICS,P05556,R4_EDINBURGH_USGO_20210324_6pm_KostarelosK_OkweloguE_EO120,0.7368421052631579,0.08187375150109293
T193_OUTER_03,University of Edinburgh-led controlled human exposure study,SEQUENCE_RIDGE_FULL,T193_29efe54c004d92486e77,EDINBURGH_DS7545_HUMAN_PLASMA_NANOOMICS,P26038,R4_EDINBURGH_USGO_20210324_6pm_KostarelosK_OkweloguE_EO120,0.8421052631578947,0.36940303299305205
T193_OUTER_03,University of Edinburgh-led controlled human exposure study,SEQUENCE_RIDGE_FULL,T193_474f8c4dac2d5065b807,EDINBURGH_DS7545_HUMAN_PLASMA_NANOOMICS,Q04695,R4_EDINBURGH_USGO_20210324_6pm_KostarelosK_OkweloguE_EO120,0.7894736842105263,0.16764292769811903
T193_OUTER_03,University of Edinburgh-led controlled human exposure study,SEQUENCE_RIDGE_FULL,T193_5bd7b90f6a956d757c7e,EDINBURGH_DS7545_HUMAN_PLASMA_NANOOMICS,P07996,R4_EDINBURGH_USGO_20210324_6pm_KostarelosK_OkweloguE_EO120,0.5263157894736842,0.4149745914703523
T193_OUTER_03,University of Edinburgh-led controlled human exposure study,SEQUENCE_RIDGE_FULL,T193_bb165b268555254428d9,EDINBURGH_DS7545_HUMAN_PLASMA_NANOOMICS,P60174,R4_EDINBURGH_USGO_20210324_6pm_KostarelosK_OkweloguE_EO120,0.05263157894736842,0.35066390817239057
T193_OUTER_03,University of Edinburgh-led controlled human exposure study,SEQUENCE_RIDGE_FULL,T193_e070755f5319b0d134e4,EDINBURGH_DS7545_HUMAN_PLASMA_NANOOMICS,P04264,R4_EDINBURGH_USGO_20210324_6pm_KostarelosK_OkweloguE_EO120,1.0,0.6696337497890944
T193_OUTER_03,University of Edinburgh-led controlled human exposure study,SEQUENCE_RIDGE_FULL,T193_1525d5ec4498b766fd46,EDINBURGH_DS7545_HUMAN_PLASMA_NANOOMICS,P04264,R4_EDINBURGH_USGO_20210324_6pm_KostarelosK_OkweloguE_EO121,1.0,0.6696337497890944
T193_OUTER_03,University of Edinburgh-led controlled human exposure study,SEQUENCE_RIDGE_FULL,T193_15f77fed2dbe9bfc16e8,EDINBURGH_DS7545_HUMAN_PLASMA_NANOOMICS,P04004,R4_EDINBURGH_USGO_20210324_6pm_KostarelosK_OkweloguE_EO121,0.9444444444444444,0.8598408916696993
T193_OUTER_03,University of Edinburgh-led controlled human exposure study,SEQUENCE_RIDGE_FULL,T193_31050fc3188b548eb241,EDINBURGH_DS7545_HUMAN_PLASMA_NANOOMICS,Q9HDC9,R4_EDINBURGH_USGO_20210324_6pm_KostarelosK_OkweloguE_EO121,0.5,0.4436773684934115
T193_OUTER_03,University of Edinburgh-led controlled human exposure study,SEQUENCE_RIDGE_FULL,T193_3e694708777650ea3da7,EDINBURGH_DS7545_HUMAN_PLASMA_NANOOMICS,P26038,R4_EDINBURGH_USGO_20210324_6pm_KostarelosK_OkweloguE_EO121,0.6666666666666666,0.36940303299305205
T193_OUTER_03,University of Edinburgh-led controlled human exposure study,SEQUENCE_RIDGE_FULL,T193_6d20ff22f5d90826c830,EDINBURGH_DS7545_HUMAN_PLASMA_NANOOMICS,Q04695,R4_EDINBURGH_USGO_20210324_6pm_KostarelosK_OkweloguE_EO121,0.3888888888888889,0.16764292769811903
T193_OUTER_03,University of Edinburgh-led controlled human exposure study,SEQUENCE_RIDGE_FULL,T193_dc01237594b396fda3b2,EDINBURGH_DS7545_HUMAN_PLASMA_NANOOMICS,P06396,R4_EDINBURGH_USGO_20210324_6pm_KostarelosK_OkweloguE_EO121,0.5555555555555556,0.9173257191144055
T193_OUTER_03,University of Edinburgh-led controlled human exposure study,SEQUENCE_RIDGE_FULL,T193_ef8419649f5f0f2f63b9,EDINBURGH_DS7545_HUMAN_PLASMA_NANOOMICS,P05556,R4_EDINBURGH_USGO_20210324_6pm_KostarelosK_OkweloguE_EO121,0.7777777777777778,0.08187375150109293
T193_OUTER_03,University of Edinburgh-led controlled human exposure study,SEQUENCE_RIDGE_FULL,T193_f74ea90167e6b3b284bd,EDINBURGH_DS7545_HUMAN_PLASMA_NANOOMICS,P60174,R4_EDINBURGH_USGO_20210324_6pm_KostarelosK_OkweloguE_EO121,0.05555555555555555,0.35066390817239057
T193_OUTER_03,University of Edinburgh-led controlled human exposure study,SEQUENCE_RIDGE_FULL,T193_ffcf3587c76e28abdfe8,EDINBURGH_DS7545_HUMAN_PLASMA_NANOOMICS,P07996,R4_EDINBURGH_USGO_20210324_6pm_KostarelosK_OkweloguE_EO121,0.6111111111111112,0.4149745914703523
T193_OUTER_03,University of Edinburgh-led controlled human exposure study,SEQUENCE_RIDGE_FULL,T193_237cf1de666aab5d0684,EDINBURGH_DS7545_HUMAN_PLASMA_NANOOMICS,P06396,R4_EDINBURGH_USGO_20210324_6pm_KostarelosK_OkweloguE_EO125,0.8888888888888888,0.9173257191144055
T193_OUTER_03,University of Edinburgh-led controlled human exposure study,SEQUENCE_RIDGE_FULL,T193_2af1116fc84e66aa26b5,EDINBURGH_DS7545_HUMAN_PLASMA_NANOOMICS,P60174,R4_EDINBURGH_USGO_20210324_6pm_KostarelosK_OkweloguE_EO125,0.0,0.35066390817239057
T193_OUTER_03,University of Edinburgh-led controlled human exposure study,SEQUENCE_RIDGE_FULL,T193_43418dfbd8aa15b2518f,EDINBURGH_DS7545_HUMAN_PLASMA_NANOOMICS,P05556,R4_EDINBURGH_USGO_20210324_6pm_KostarelosK_OkweloguE_EO125,0.4444444444444444,0.08187375150109293
T193_OUTER_03,University of Edinburgh-led controlled human exposure study,SEQUENCE_RIDGE_FULL,T193_506e671dda5731930a63,EDINBURGH_DS7545_HUMAN_PLASMA_NANOOMICS,P07996,R4_EDINBURGH_USGO_20210324_6pm_KostarelosK_OkweloguE_EO125,0.8333333333333334,0.4149745914703523
T193_OUTER_03,University of Edinburgh-led controlled human exposure study,SEQUENCE_RIDGE_FULL,T193_57265b0fdc58ed1cec9e,EDINBURGH_DS7545_HUMAN_PLASMA_NANOOMICS,P04004,R4_EDINBURGH_USGO_20210324_6pm_KostarelosK_OkweloguE_EO125,0.9444444444444444,0.8598408916696993
T193_OUTER_03,University of Edinburgh-led controlled human exposure study,SEQUENCE_RIDGE_FULL,T193_c4893b932c51a7a370fb,EDINBURGH_DS7545_HUMAN_PLASMA_NANOOMICS,Q9HDC9,R4_EDINBURGH_USGO_20210324_6pm_KostarelosK_OkweloguE_EO125,0.6111111111111112,0.4436773684934115
T193_OUTER_03,University of Edinburgh-led controlled human exposure study,SEQUENCE_RIDGE_FULL,T193_cd0b7947f5590a31123d,EDINBURGH_DS7545_HUMAN_PLASMA_NANOOMICS,Q04695,R4_EDINBURGH_USGO_20210324_6pm_KostarelosK_OkweloguE_EO125,0.5555555555555556,0.16764292769811903
T193_OUTER_03,University of Edinburgh-led controlled human exposure study,SEQUENCE_RIDGE_FULL,T193_e92ba86096e277c9e679,EDINBURGH_DS7545_HUMAN_PLASMA_NANOOMICS,P04264,R4_EDINBURGH_USGO_20210324_6pm_KostarelosK_OkweloguE_EO125,1.0,0.6696337497890944
T193_OUTER_03,University of Edinburgh-led controlled human exposure study,SEQUENCE_RIDGE_FULL,T193_f53797cd38d3b9263c01,EDINBURGH_DS7545_HUMAN_PLASMA_NANOOMICS,P26038,R4_EDINBURGH_USGO_20210324_6pm_KostarelosK_OkweloguE_EO125,0.7777777777777778,0.36940303299305205
T193_OUTER_03,University of Edinburgh-led controlled human exposure study,SEQUENCE_RIDGE_FULL,T193_28a8d06165a51e439e19,EDINBURGH_DS7545_HUMAN_PLASMA_NANOOMICS,P05556,R4_EDINBURGH_USGO_20210324_6pm_KostarelosK_OkweloguE_EO126,0.3684210526315789,0.08187375150109293
T193_OUTER_03,University of Edinburgh-led controlled human exposure study,SEQUENCE_RIDGE_FULL,T193_320d4ffd5f4b9b4dbbd9,EDINBURGH_DS7545_HUMAN_PLASMA_NANOOMICS,P04004,R4_EDINBURGH_USGO_20210324_6pm_KostarelosK_OkweloguE_EO126,0.9473684210526315,0.8598408916696993
T193_OUTER_03,University of Edinburgh-led controlled human exposure study,SEQUENCE_RIDGE_FULL,T193_3b0b91b7f820cca41729,EDINBURGH_DS7545_HUMAN_PLASMA_NANOOMICS,P06396,R4_EDINBURGH_USGO_20210324_6pm_KostarelosK_OkweloguE_EO126,0.631578947368421,0.9173257191144055
T193_OUTER_03,University of Edinburgh-led controlled human exposure study,SEQUENCE_RIDGE_FULL,T193_56980369d98337d91250,EDINBURGH_DS7545_HUMAN_PLASMA_NANOOMICS,Q9HDC9,R4_EDINBURGH_USGO_20210324_6pm_KostarelosK_OkweloguE_EO126,0.6842105263157895,0.4436773684934115
T193_OUTER_03,University of Edinburgh-led controlled human exposure study,SEQUENCE_RIDGE_FULL,T193_5e0849061770c14be844,EDINBURGH_DS7545_HUMAN_PLASMA_NANOOMICS,P26038,R4_EDINBURGH_USGO_20210324_6pm_KostarelosK_OkweloguE_EO126,0.8947368421052632,0.36940303299305205
T193_OUTER_03,University of Edinburgh-led controlled human exposure study,SEQUENCE_RIDGE_FULL,T193_6e1154985ca6ca43d30a,EDINBURGH_DS7545_HUMAN_PLASMA_NANOOMICS,P60174,R4_EDINBURGH_USGO_20210324_6pm_KostarelosK_OkweloguE_EO126,0.0,0.35066390817239057
T193_OUTER_03,University of Edinburgh-led controlled human exposure study,SEQUENCE_RIDGE_FULL,T193_7de2bf5035764ba8394a,EDINBURGH_DS7545_HUMAN_PLASMA_NANOOMICS,Q04695,R4_EDINBURGH_USGO_20210324_6pm_KostarelosK_OkweloguE_EO126,0.7368421052631579,0.16764292769811903
T193_OUTER_03,University of Edinburgh-led controlled human exposure study,SEQUENCE_RIDGE_FULL,T193_9d172474478656b45caa,EDINBURGH_DS7545_HUMAN_PLASMA_NANOOMICS,P04264,R4_EDINBURGH_USGO_20210324_6pm_KostarelosK_OkweloguE_EO126,1.0,0.6696337497890944
T193_OUTER_03,University of Edinburgh-led controlled human exposure study,SEQUENCE_RIDGE_FULL,T193_b7f9f3990002c7fccdf7,EDINBURGH_DS7545_HUMAN_PLASMA_NANOOMICS,P07996,R4_EDINBURGH_USGO_20210324_6pm_KostarelosK_OkweloguE_EO126,0.8421052631578947,0.4149745914703523
T193_OUTER_03,University of Edinburgh-led controlled human exposure study,SEQUENCE_RIDGE_FULL,T193_3618d27e28e6b34b998d,EDINBURGH_DS7545_HUMAN_PLASMA_NANOOMICS,P26038,R4_EDINBURGH_USGO_20210324_6pm_KostarelosK_OkweloguE_EO13,0.6111111111111112,0.36940303299305205
T193_OUTER_03,University of Edinburgh-led controlled human exposure study,SEQUENCE_RIDGE_FULL,T193_3ccdf4eb893ba75797af,EDINBURGH_DS7545_HUMAN_PLASMA_NANOOMICS,Q04695,R4_EDINBURGH_USGO_20210324_6pm_KostarelosK_OkweloguE_EO13,0.8333333333333334,0.16764292769811903
T193_OUTER_03,University of Edinburgh-led controlled human exposure study,SEQUENCE_RIDGE_FULL,T193_4b5a94991d9e3ff75a1d,EDINBURGH_DS7545_HUMAN_PLASMA_NANOOMICS,P05556,R4_EDINBURGH_USGO_20210324_6pm_KostarelosK_OkweloguE_EO13,0.3888888888888889,0.08187375150109293
T193_OUTER_03,University of Edinburgh-led controlled human exposure study,SEQUENCE_RIDGE_FULL,T193_6cdc0e1093f90d785e1c,EDINBURGH_DS7545_HUMAN_PLASMA_NANOOMICS,P04264,R4_EDINBURGH_USGO_20210324_6pm_KostarelosK_OkweloguE_EO13,1.0,0.6696337497890944
T193_OUTER_03,University of Edinburgh-led controlled human exposure study,SEQUENCE_RIDGE_FULL,T193_6e1bbb5fc22ccb0f7d7b,EDINBURGH_DS7545_HUMAN_PLASMA_NANOOMICS,P04004,R4_EDINBURGH_USGO_20210324_6pm_KostarelosK_OkweloguE_EO13,0.9444444444444444,0.8598408916696993
T193_OUTER_03,University of Edinburgh-led controlled human exposure study,SEQUENCE_RIDGE_FULL,T193_9292be5ef218e9e8c920,EDINBURGH_DS7545_HUMAN_PLASMA_NANOOMICS,Q9HDC9,R4_EDINBURGH_USGO_20210324_6pm_KostarelosK_OkweloguE_EO13,0.5555555555555556,0.4436773684934115
T193_OUTER_03,University of Edinburgh-led controlled human exposure study,SEQUENCE_RIDGE_FULL,T193_e95755a402c68bff6269,EDINBURGH_DS7545_HUMAN_PLASMA_NANOOMICS,P06396,R4_EDINBURGH_USGO_20210324_6pm_KostarelosK_OkweloguE_EO13,0.6666666666666666,0.9173257191144055
T193_OUTER_03,University of Edinburgh-led controlled human exposure study,SEQUENCE_RIDGE_FULL,T193_f118b7bd87b54257010f,EDINBURGH_DS7545_HUMAN_PLASMA_NANOOMICS,P07996,R4_EDINBURGH_USGO_20210324_6pm_KostarelosK_OkweloguE_EO13,0.8888888888888888,0.4149745914703523
T193_OUTER_03,University of Edinburgh-led controlled human exposure study,SEQUENCE_RIDGE_FULL,T193_21c7f51853ddc43a7f30,EDINBURGH_DS7545_HUMAN_PLASMA_NANOOMICS,P04264,R4_EDINBURGH_USGO_20210324_6pm_KostarelosK_OkweloguE_EO26,1.0,0.6696337497890944
T193_OUTER_03,University of Edinburgh-led controlled human exposure study,SEQUENCE_RIDGE_FULL,T193_4f0c3355e387784d11c0,EDINBURGH_DS7545_HUMAN_PLASMA_NANOOMICS,Q04695,R4_EDINBURGH_USGO_20210324_6pm_KostarelosK_OkweloguE_EO26,0.9444444444444444,0.16764292769811903
T193_OUTER_03,University of Edinburgh-led controlled human exposure study,SEQUENCE_RIDGE_FULL,T193_6a7b1b804c5b31c5c9b6,EDINBURGH_DS7545_HUMAN_PLASMA_NANOOMICS,P06396,R4_EDINBURGH_USGO_20210324_6pm_KostarelosK_OkweloguE_EO26,0.6666666666666666,0.9173257191144055
T193_OUTER_03,University of Edinburgh-led controlled human exposure study,SEQUENCE_RIDGE_FULL,T193_c5844179c942b57906a7,EDINBURGH_DS7545_HUMAN_PLASMA_NANOOMICS,P07996,R4_EDINBURGH_USGO_20210324_6pm_KostarelosK_OkweloguE_EO26,0.2222222222222222,0.4149745914703523
T193_OUTER_03,University of Edinburgh-led controlled human exposure study,SEQUENCE_RIDGE_FULL,T193_e6ed5e860ad204571c58,EDINBURGH_DS7545_HUMAN_PLASMA_NANOOMICS,P26038,R4_EDINBURGH_USGO_20210324_6pm_KostarelosK_OkweloguE_EO26,0.7222222222222222,0.36940303299305205
T193_OUTER_03,University of Edinburgh-led controlled human exposure study,SEQUENCE_RIDGE_FULL,T193_e70424433e998397fc8b,EDINBURGH_DS7545_HUMAN_PLASMA_NANOOMICS,P05556,R4_EDINBURGH_USGO_20210324_6pm_KostarelosK_OkweloguE_EO26,0.3888888888888889,0.08187375150109293
T193_OUTER_03,University of Edinburgh-led controlled human exposure study,SEQUENCE_RIDGE_FULL,T193_eac0e69392b110eaf1f5,EDINBURGH_DS7545_HUMAN_PLASMA_NANOOMICS,P04004,R4_EDINBURGH_USGO_20210324_6pm_KostarelosK_OkweloguE_EO26,0.8333333333333334,0.8598408916696993
T193_OUTER_03,University of Edinburgh-led controlled human exposure study,SEQUENCE_RIDGE_FULL,T193_eda1c482ac3f564faeb7,EDINBURGH_DS7545_HUMAN_PLASMA_NANOOMICS,Q9HDC9,R4_EDINBURGH_USGO_20210324_6pm_KostarelosK_OkweloguE_EO26,0.16666666666666666,0.4436773684934115
T193_OUTER_03,University of Edinburgh-led controlled human exposure study,SEQUENCE_RIDGE_FULL,T193_187a78dca60d490b8067,EDINBURGH_DS7545_HUMAN_PLASMA_NANOOMICS,P04004,R4_EDINBURGH_USGO_20210324_6pm_KostarelosK_OkweloguE_EO36,0.8888888888888888,0.8598408916696993
T193_OUTER_03,University of Edinburgh-led controlled human exposure study,SEQUENCE_RIDGE_FULL,T193_2cdaabb18f461ea051b6,EDINBURGH_DS7545_HUMAN_PLASMA_NANOOMICS,P06396,R4_EDINBURGH_USGO_20210324_6pm_KostarelosK_OkweloguE_EO36,0.7777777777777778,0.9173257191144055
T193_OUTER_03,University of Edinburgh-led controlled human exposure study,SEQUENCE_RIDGE_FULL,T193_4194477f79ae7031451b,EDINBURGH_DS7545_HUMAN_PLASMA_NANOOMICS,Q04695,R4_EDINBURGH_USGO_20210324_6pm_KostarelosK_OkweloguE_EO36,0.9444444444444444,0.16764292769811903
T193_OUTER_03,University of Edinburgh-led controlled human exposure study,SEQUENCE_RIDGE_FULL,T193_56cb430b48e62979d2e4,EDINBURGH_DS7545_HUMAN_PLASMA_NANOOMICS,P04264,R4_EDINBURGH_USGO_20210324_6pm_KostarelosK_OkweloguE_EO36,1.0,0.6696337497890944
T193_OUTER_03,University of Edinburgh-led controlled human exposure study,SEQUENCE_RIDGE_FULL,T193_69dfa9a8f73f037caa06,EDINBURGH_DS7545_HUMAN_PLASMA_NANOOMICS,Q9HDC9,R4_EDINBURGH_USGO_20210324_6pm_KostarelosK_OkweloguE_EO36,0.5,0.4436773684934115
T193_OUTER_03,University of Edinburgh-led controlled human exposure study,SEQUENCE_RIDGE_FULL,T193_9cc561c2bcf4989d9a9c,EDINBURGH_DS7545_HUMAN_PLASMA_NANOOMICS,P07996,R4_EDINBURGH_USGO_20210324_6pm_KostarelosK_OkweloguE_EO36,0.6111111111111112,0.4149745914703523
T193_OUTER_03,University of Edinburgh-led controlled human exposure study,SEQUENCE_RIDGE_FULL,T193_db649d58cbff6d1eb1c0,EDINBURGH_DS7545_HUMAN_PLASMA_NANOOMICS,P26038,R4_EDINBURGH_USGO_20210324_6pm_KostarelosK_OkweloguE_EO36,0.7222222222222222,0.36940303299305205
T193_OUTER_03,University of Edinburgh-led controlled human exposure study,SEQUENCE_RIDGE_FULL,T193_fc2c26a3268859dfb99f,EDINBURGH_DS7545_HUMAN_PLASMA_NANOOMICS,P05556,R4_EDINBURGH_USGO_20210324_6pm_KostarelosK_OkweloguE_EO36,0.16666666666666666,0.08187375150109293
T193_OUTER_03,University of Edinburgh-led controlled human exposure study,SEQUENCE_RIDGE_FULL,T193_19fdfcdae7c14fae7391,EDINBURGH_DS7545_HUMAN_PLASMA_NANOOMICS,P04004,R4_EDINBURGH_USGO_20210324_6pm_KostarelosK_OkweloguE_EO40,0.8888888888888888,0.8598408916696993
T193_OUTER_03,University of Edinburgh-led controlled human exposure study,SEQUENCE_RIDGE_FULL,T193_2411b95821ac88f1ac2a,EDINBURGH_DS7545_HUMAN_PLASMA_NANOOMICS,Q04695,R4_EDINBURGH_USGO_20210324_6pm_KostarelosK_OkweloguE_EO40,0.9444444444444444,0.16764292769811903
T193_OUTER_03,University of Edinburgh-led controlled human exposure study,SEQUENCE_RIDGE_FULL,T193_46387055378b2ea5c5c6,EDINBURGH_DS7545_HUMAN_PLASMA_NANOOMICS,P04264,R4_EDINBURGH_USGO_20210324_6pm_KostarelosK_OkweloguE_EO40,1.0,0.6696337497890944
T193_OUTER_03,University of Edinburgh-led controlled human exposure study,SEQUENCE_RIDGE_FULL,T193_4921651c6a5e8368b467,EDINBURGH_DS7545_HUMAN_PLASMA_NANOOMICS,P07996,R4_EDINBURGH_USGO_20210324_6pm_KostarelosK_OkweloguE_EO40,0.5555555555555556,0.4149745914703523
T193_OUTER_03,University of Edinburgh-led controlled human exposure study,SEQUENCE_RIDGE_FULL,T193_651e36916a61ad128900,EDINBURGH_DS7545_HUMAN_PLASMA_NANOOMICS,P06396,R4_EDINBURGH_USGO_20210324_6pm_KostarelosK_OkweloguE_EO40,0.7222222222222222,0.9173257191144055
T193_OUTER_03,University of Edinburgh-led controlled human exposure study,SEQUENCE_RIDGE_FULL,T193_7ad4836cfa1a6e4e491b,EDINBURGH_DS7545_HUMAN_PLASMA_NANOOMICS,Q9HDC9,R4_EDINBURGH_USGO_20210324_6pm_KostarelosK_OkweloguE_EO40,0.0,0.4436773684934115
T193_OUTER_03,University of Edinburgh-led controlled human exposure study,SEQUENCE_RIDGE_FULL,T193_839d76a78a6b293fe392,EDINBURGH_DS7545_HUMAN_PLASMA_NANOOMICS,P05556,R4_EDINBURGH_USGO_20210324_6pm_KostarelosK_OkweloguE_EO40,0.2777777777777778,0.08187375150109293
T193_OUTER_03,University of Edinburgh-led controlled human exposure study,SEQUENCE_RIDGE_FULL,T193_cf432e27bf7586a205b0,EDINBURGH_DS7545_HUMAN_PLASMA_NANOOMICS,P26038,R4_EDINBURGH_USGO_20210324_6pm_KostarelosK_OkweloguE_EO40,0.5,0.36940303299305205
T193_OUTER_03,University of Edinburgh-led controlled human exposure study,SEQUENCE_RIDGE_FULL,T193_0d56021b5f8f06eff91d,EDINBURGH_DS7545_HUMAN_PLASMA_NANOOMICS,P04264,R4_EDINBURGH_USGO_20210324_6pm_KostarelosK_OkweloguE_EO42,1.0,0.6696337497890944
T193_OUTER_03,University of Edinburgh-led controlled human exposure study,SEQUENCE_RIDGE_FULL,T193_2b50828e331f94cb495e,EDINBURGH_DS7545_HUMAN_PLASMA_NANOOMICS,P06396,R4_EDINBURGH_USGO_20210324_6pm_KostarelosK_OkweloguE_EO42,0.7222222222222222,0.9173257191144055
T193_OUTER_03,University of Edinburgh-led controlled human exposure study,SEQUENCE_RIDGE_FULL,T193_41157b54ff2660cca597,EDINBURGH_DS7545_HUMAN_PLASMA_NANOOMICS,P05556,R4_EDINBURGH_USGO_20210324_6pm_KostarelosK_OkweloguE_EO42,0.0,0.08187375150109293
T193_OUTER_03,University of Edinburgh-led controlled human exposure study,SEQUENCE_RIDGE_FULL,T193_639037a0ce25aae32982,EDINBURGH_DS7545_HUMAN_PLASMA_NANOOMICS,Q9HDC9,R4_EDINBURGH_USGO_20210324_6pm_KostarelosK_OkweloguE_EO42,0.2222222222222222,0.4436773684934115
T193_OUTER_03,University of Edinburgh-led controlled human exposure study,SEQUENCE_RIDGE_FULL,T193_6d3456fa2ee2c0346ee8,EDINBURGH_DS7545_HUMAN_PLASMA_NANOOMICS,P04004,R4_EDINBURGH_USGO_20210324_6pm_KostarelosK_OkweloguE_EO42,0.8888888888888888,0.8598408916696993
T193_OUTER_03,University of Edinburgh-led controlled human exposure study,SEQUENCE_RIDGE_FULL,T193_8c9bc087f7b67f7ed7aa,EDINBURGH_DS7545_HUMAN_PLASMA_NANOOMICS,Q04695,R4_EDINBURGH_USGO_20210324_6pm_KostarelosK_OkweloguE_EO42,0.9444444444444444,0.16764292769811903
T193_OUTER_03,University of Edinburgh-led controlled human exposure study,SEQUENCE_RIDGE_FULL,T193_b50c0830ea968cfed85b,EDINBURGH_DS7545_HUMAN_PLASMA_NANOOMICS,P07996,R4_EDINBURGH_USGO_20210324_6pm_KostarelosK_OkweloguE_EO42,0.1111111111111111,0.4149745914703523
T193_OUTER_03,University of Edinburgh-led controlled human exposure study,SEQUENCE_RIDGE_FULL,T193_c1dd433efc0f743588a9,EDINBURGH_DS7545_HUMAN_PLASMA_NANOOMICS,P26038,R4_EDINBURGH_USGO_20210324_6pm_KostarelosK_OkweloguE_EO42,0.6111111111111112,0.36940303299305205
T193_OUTER_03,University of Edinburgh-led controlled human exposure study,SEQUENCE_RIDGE_FULL,T193_3a3e48dcddb9b8ea5126,EDINBURGH_DS7545_HUMAN_PLASMA_NANOOMICS,Q9HDC9,R4_EDINBURGH_USGO_20210324_6pm_KostarelosK_OkweloguE_EO44,0.7058823529411765,0.4436773684934115
T193_OUTER_03,University of Edinburgh-led controlled human exposure study,SEQUENCE_RIDGE_FULL,T193_5bc70e975c0e9a809e27,EDINBURGH_DS7545_HUMAN_PLASMA_NANOOMICS,P06396,R4_EDINBURGH_USGO_20210324_6pm_KostarelosK_OkweloguE_EO44,0.8235294117647058,0.9173257191144055
T193_OUTER_03,University of Edinburgh-led controlled human exposure study,SEQUENCE_RIDGE_FULL,T193_5dd380495ef0fdd3f1b0,EDINBURGH_DS7545_HUMAN_PLASMA_NANOOMICS,P07996,R4_EDINBURGH_USGO_20210324_6pm_KostarelosK_OkweloguE_EO44,0.5294117647058824,0.4149745914703523
T193_OUTER_03,University of Edinburgh-led controlled human exposure study,SEQUENCE_RIDGE_FULL,T193_77ccbf08fc1abe916589,EDINBURGH_DS7545_HUMAN_PLASMA_NANOOMICS,P04004,R4_EDINBURGH_USGO_20210324_6pm_KostarelosK_OkweloguE_EO44,0.9411764705882353,0.8598408916696993
T193_OUTER_03,University of Edinburgh-led controlled human exposure study,SEQUENCE_RIDGE_FULL,T193_7862f3be96ef0b8357f8,EDINBURGH_DS7545_HUMAN_PLASMA_NANOOMICS,P04264,R4_EDINBURGH_USGO_20210324_6pm_KostarelosK_OkweloguE_EO44,1.0,0.6696337497890944
T193_OUTER_03,University of Edinburgh-led controlled human exposure study,SEQUENCE_RIDGE_FULL,T193_c0bab631028690a751c9,EDINBURGH_DS7545_HUMAN_PLASMA_NANOOMICS,Q04695,R4_EDINBURGH_USGO_20210324_6pm_KostarelosK_OkweloguE_EO44,0.7647058823529411,0.16764292769811903
T193_OUTER_03,University of Edinburgh-led controlled human exposure study,SEQUENCE_RIDGE_FULL,T193_c80ebbe5ac3198b8de7a,EDINBURGH_DS7545_HUMAN_PLASMA_NANOOMICS,P26038,R4_EDINBURGH_USGO_20210324_6pm_KostarelosK_OkweloguE_EO44,0.5882352941176471,0.36940303299305205
T193_OUTER_03,University of Edinburgh-led controlled human exposure study,SEQUENCE_RIDGE_FULL,T193_fe4de8660efc3584f257,EDINBURGH_DS7545_HUMAN_PLASMA_NANOOMICS,P05556,R4_EDINBURGH_USGO_20210324_6pm_KostarelosK_OkweloguE_EO44,0.11764705882352941,0.08187375150109293
T193_OUTER_03,University of Edinburgh-led controlled human exposure study,SEQUENCE_RIDGE_FULL,T193_2384169e5d26e9b36454,EDINBURGH_DS7545_HUMAN_PLASMA_NANOOMICS,P07996,R4_EDINBURGH_USGO_20210324_6pm_KostarelosK_OkweloguE_EO5,0.47368421052631576,0.4149745914703523
T193_OUTER_03,University of Edinburgh-led controlled human exposure study,SEQUENCE_RIDGE_FULL,T193_2a2519768e09de8eb26f,EDINBURGH_DS7545_HUMAN_PLASMA_NANOOMICS,P04004,R4_EDINBURGH_USGO_20210324_6pm_KostarelosK_OkweloguE_EO5,0.9473684210526315,0.8598408916696993
T193_OUTER_03,University of Edinburgh-led controlled human exposure study,SEQUENCE_RIDGE_FULL,T193_2e5867173251c044ae7c,EDINBURGH_DS7545_HUMAN_PLASMA_NANOOMICS,P06396,R4_EDINBURGH_USGO_20210324_6pm_KostarelosK_OkweloguE_EO5,0.7894736842105263,0.9173257191144055
T193_OUTER_03,University of Edinburgh-led controlled human exposure study,SEQUENCE_RIDGE_FULL,T193_3b51a2efd42da75b60b0,EDINBURGH_DS7545_HUMAN_PLASMA_NANOOMICS,P04264,R4_EDINBURGH_USGO_20210324_6pm_KostarelosK_OkweloguE_EO5,1.0,0.6696337497890944
T193_OUTER_03,University of Edinburgh-led controlled human exposure study,SEQUENCE_RIDGE_FULL,T193_6dca2bacff1ca2f03d07,EDINBURGH_DS7545_HUMAN_PLASMA_NANOOMICS,P26038,R4_EDINBURGH_USGO_20210324_6pm_KostarelosK_OkweloguE_EO5,0.7368421052631579,0.36940303299305205
T193_OUTER_03,University of Edinburgh-led controlled human exposure study,SEQUENCE_RIDGE_FULL,T193_99e5cdcbaae6d8fb4f89,EDINBURGH_DS7545_HUMAN_PLASMA_NANOOMICS,Q04695,R4_EDINBURGH_USGO_20210324_6pm_KostarelosK_OkweloguE_EO5,0.42105263157894735,0.16764292769811903
T193_OUTER_03,University of Edinburgh-led controlled human exposure study,SEQUENCE_RIDGE_FULL,T193_c06de93186163f1ab8d0,EDINBURGH_DS7545_HUMAN_PLASMA_NANOOMICS,P05556,R4_EDINBURGH_USGO_20210324_6pm_KostarelosK_OkweloguE_EO5,0.631578947368421,0.08187375150109293
T193_OUTER_03,University of Edinburgh-led controlled human exposure study,SEQUENCE_RIDGE_FULL,T193_c0b47d7f12a1edcffa6f,EDINBURGH_DS7545_HUMAN_PLASMA_NANOOMICS,Q9HDC9,R4_EDINBURGH_USGO_20210324_6pm_KostarelosK_OkweloguE_EO5,0.15789473684210525,0.4436773684934115
T193_OUTER_03,University of Edinburgh-led controlled human exposure study,SEQUENCE_RIDGE_FULL,T193_c54ba814fb034443e0ae,EDINBURGH_DS7545_HUMAN_PLASMA_NANOOMICS,P60174,R4_EDINBURGH_USGO_20210324_6pm_KostarelosK_OkweloguE_EO5,0.0,0.35066390817239057
T193_OUTER_03,University of Edinburgh-led controlled human exposure study,SEQUENCE_RIDGE_FULL,T193_0244e8667215b4573632,EDINBURGH_DS7545_HUMAN_PLASMA_NANOOMICS,Q04695,R4_EDINBURGH_USGO_20210324_6pm_KostarelosK_OkweloguE_EO50,0.8947368421052632,0.16764292769811903
T193_OUTER_03,University of Edinburgh-led controlled human exposure study,SEQUENCE_RIDGE_FULL,T193_2d4ec1e24e59a8d5e7b5,EDINBURGH_DS7545_HUMAN_PLASMA_NANOOMICS,P26038,R4_EDINBURGH_USGO_20210324_6pm_KostarelosK_OkweloguE_EO50,0.8421052631578947,0.36940303299305205
T193_OUTER_03,University of Edinburgh-led controlled human exposure study,SEQUENCE_RIDGE_FULL,T193_6a657a0cf2722839d99d,EDINBURGH_DS7545_HUMAN_PLASMA_NANOOMICS,Q9HDC9,R4_EDINBURGH_USGO_20210324_6pm_KostarelosK_OkweloguE_EO50,0.05263157894736842,0.4436773684934115
T193_OUTER_03,University of Edinburgh-led controlled human exposure study,SEQUENCE_RIDGE_FULL,T193_73fc19f4bee445b39a44,EDINBURGH_DS7545_HUMAN_PLASMA_NANOOMICS,P04004,R4_EDINBURGH_USGO_20210324_6pm_KostarelosK_OkweloguE_EO50,0.9473684210526315,0.8598408916696993
T193_OUTER_03,University of Edinburgh-led controlled human exposure study,SEQUENCE_RIDGE_FULL,T193_7674e8f22353d2579187,EDINBURGH_DS7545_HUMAN_PLASMA_NANOOMICS,P04264,R4_EDINBURGH_USGO_20210324_6pm_KostarelosK_OkweloguE_EO50,1.0,0.6696337497890944
T193_OUTER_03,University of Edinburgh-led controlled human exposure study,SEQUENCE_RIDGE_FULL,T193_ace90251fcae09a9b8ff,EDINBURGH_DS7545_HUMAN_PLASMA_NANOOMICS,P05556,R4_EDINBURGH_USGO_20210324_6pm_KostarelosK_OkweloguE_EO50,0.5263157894736842,0.08187375150109293
T193_OUTER_03,University of Edinburgh-led controlled human exposure study,SEQUENCE_RIDGE_FULL,T193_cc9ad4575c388f5cc10f,EDINBURGH_DS7545_HUMAN_PLASMA_NANOOMICS,P07996,R4_EDINBURGH_USGO_20210324_6pm_KostarelosK_OkweloguE_EO50,0.47368421052631576,0.4149745914703523
T193_OUTER_03,University of Edinburgh-led controlled human exposure study,SEQUENCE_RIDGE_FULL,T193_ce0008226007703571c2,EDINBURGH_DS7545_HUMAN_PLASMA_NANOOMICS,P60174,R4_EDINBURGH_USGO_20210324_6pm_KostarelosK_OkweloguE_EO50,0.15789473684210525,0.35066390817239057
T193_OUTER_03,University of Edinburgh-led controlled human exposure study,SEQUENCE_RIDGE_FULL,T193_d1582eefbcf6b9f0c73e,EDINBURGH_DS7545_HUMAN_PLASMA_NANOOMICS,P06396,R4_EDINBURGH_USGO_20210324_6pm_KostarelosK_OkweloguE_EO50,0.6842105263157895,0.9173257191144055
T193_OUTER_03,University of Edinburgh-led controlled human exposure study,SEQUENCE_RIDGE_FULL,T193_018d0daeeb77795d4e32,EDINBURGH_DS7545_HUMAN_PLASMA_NANOOMICS,P04264,R4_EDINBURGH_USGO_20210324_6pm_KostarelosK_OkweloguE_EO53,1.0,0.6696337497890944
T193_OUTER_03,University of Edinburgh-led controlled human exposure study,SEQUENCE_RIDGE_FULL,T193_86c0b3c554c7d42bf977,EDINBURGH_DS7545_HUMAN_PLASMA_NANOOMICS,P05556,R4_EDINBURGH_USGO_20210324_6pm_KostarelosK_OkweloguE_EO53,0.3333333333333333,0.08187375150109293
T193_OUTER_03,University of Edinburgh-led controlled human exposure study,SEQUENCE_RIDGE_FULL,T193_b21f2e6b0d3cdb3ea129,EDINBURGH_DS7545_HUMAN_PLASMA_NANOOMICS,P06396,R4_EDINBURGH_USGO_20210324_6pm_KostarelosK_OkweloguE_EO53,0.8333333333333334,0.9173257191144055
T193_OUTER_03,University of Edinburgh-led controlled human exposure study,SEQUENCE_RIDGE_FULL,T193_bcd840bbc97959dc0715,EDINBURGH_DS7545_HUMAN_PLASMA_NANOOMICS,P07996,R4_EDINBURGH_USGO_20210324_6pm_KostarelosK_OkweloguE_EO53,0.2777777777777778,0.4149745914703523
T193_OUTER_03,University of Edinburgh-led controlled human exposure study,SEQUENCE_RIDGE_FULL,T193_c35fa95be89b58386edb,EDINBURGH_DS7545_HUMAN_PLASMA_NANOOMICS,P04004,R4_EDINBURGH_USGO_20210324_6pm_KostarelosK_OkweloguE_EO53,0.9444444444444444,0.8598408916696993
T193_OUTER_03,University of Edinburgh-led controlled human exposure study,SEQUENCE_RIDGE_FULL,T193_e13a949c8dba1a6c5a5e,EDINBURGH_DS7545_HUMAN_PLASMA_NANOOMICS,Q04695,R4_EDINBURGH_USGO_20210324_6pm_KostarelosK_OkweloguE_EO53,0.6666666666666666,0.16764292769811903
T193_OUTER_03,University of Edinburgh-led controlled human exposure study,SEQUENCE_RIDGE_FULL,T193_e62fa20107b9671d53ee,EDINBURGH_DS7545_HUMAN_PLASMA_NANOOMICS,Q9HDC9,R4_EDINBURGH_USGO_20210324_6pm_KostarelosK_OkweloguE_EO53,0.5,0.4436773684934115
T193_OUTER_03,University of Edinburgh-led controlled human exposure study,SEQUENCE_RIDGE_FULL,T193_ff98a365512c60045e8e,EDINBURGH_DS7545_HUMAN_PLASMA_NANOOMICS,P26038,R4_EDINBURGH_USGO_20210324_6pm_KostarelosK_OkweloguE_EO53,0.8888888888888888,0.36940303299305205
T193_OUTER_03,University of Edinburgh-led controlled human exposure study,SEQUENCE_RIDGE_FULL,T193_0413120472e4ad7539e0,EDINBURGH_DS7545_HUMAN_PLASMA_NANOOMICS,P06396,R4_EDINBURGH_USGO_20210324_6pm_KostarelosK_OkweloguE_EO60,0.7222222222222222,0.9173257191144055
T193_OUTER_03,University of Edinburgh-led controlled human exposure study,SEQUENCE_RIDGE_FULL,T193_2e0b092b48c8249563bb,EDINBURGH_DS7545_HUMAN_PLASMA_NANOOMICS,Q9HDC9,R4_EDINBURGH_USGO_20210324_6pm_KostarelosK_OkweloguE_EO60,0.5555555555555556,0.4436773684934115
T193_OUTER_03,University of Edinburgh-led controlled human exposure study,SEQUENCE_RIDGE_FULL,T193_2ed0dd50e0d298117a82,EDINBURGH_DS7545_HUMAN_PLASMA_NANOOMICS,P07996,R4_EDINBURGH_USGO_20210324_6pm_KostarelosK_OkweloguE_EO60,0.6666666666666666,0.4149745914703523
T193_OUTER_03,University of Edinburgh-led controlled human exposure study,SEQUENCE_RIDGE_FULL,T193_45c71888666106fd7ec2,EDINBURGH_DS7545_HUMAN_PLASMA_NANOOMICS,P05556,R4_EDINBURGH_USGO_20210324_6pm_KostarelosK_OkweloguE_EO60,0.2777777777777778,0.08187375150109293
T193_OUTER_03,University of Edinburgh-led controlled human exposure study,SEQUENCE_RIDGE_FULL,T193_9f8879a4b0de97366543,EDINBURGH_DS7545_HUMAN_PLASMA_NANOOMICS,P04264,R4_EDINBURGH_USGO_20210324_6pm_KostarelosK_OkweloguE_EO60,1.0,0.6696337497890944
T193_OUTER_03,University of Edinburgh-led controlled human exposure study,SEQUENCE_RIDGE_FULL,T193_cbe4dfba5e60704e55af,EDINBURGH_DS7545_HUMAN_PLASMA_NANOOMICS,P04004,R4_EDINBURGH_USGO_20210324_6pm_KostarelosK_OkweloguE_EO60,0.9444444444444444,0.8598408916696993
T193_OUTER_03,University of Edinburgh-led controlled human exposure study,SEQUENCE_RIDGE_FULL,T193_d39a51c15a15b379d9a0,EDINBURGH_DS7545_HUMAN_PLASMA_NANOOMICS,P26038,R4_EDINBURGH_USGO_20210324_6pm_KostarelosK_OkweloguE_EO60,0.8888888888888888,0.36940303299305205
T193_OUTER_03,University of Edinburgh-led controlled human exposure study,SEQUENCE_RIDGE_FULL,T193_f2f374ac7afba0f3ccea,EDINBURGH_DS7545_HUMAN_PLASMA_NANOOMICS,Q04695,R4_EDINBURGH_USGO_20210324_6pm_KostarelosK_OkweloguE_EO60,0.8333333333333334,0.16764292769811903
T193_OUTER_03,University of Edinburgh-led controlled human exposure study,SEQUENCE_RIDGE_FULL,T193_0fcad4451c457609d7c3,EDINBURGH_DS7545_HUMAN_PLASMA_NANOOMICS,P05556,R4_EDINBURGH_USGO_20210324_6pm_KostarelosK_OkweloguE_EO62,0.5263157894736842,0.08187375150109293
T193_OUTER_03,University of Edinburgh-led controlled human exposure study,SEQUENCE_RIDGE_FULL,T193_457f74c16a4ba800f8ee,EDINBURGH_DS7545_HUMAN_PLASMA_NANOOMICS,P04264,R4_EDINBURGH_USGO_20210324_6pm_KostarelosK_OkweloguE_EO62,1.0,0.6696337497890944
T193_OUTER_03,University of Edinburgh-led controlled human exposure study,SEQUENCE_RIDGE_FULL,T193_459c1989bb836c83dfda,EDINBURGH_DS7545_HUMAN_PLASMA_NANOOMICS,Q9HDC9,R4_EDINBURGH_USGO_20210324_6pm_KostarelosK_OkweloguE_EO62,0.21052631578947367,0.4436773684934115
T193_OUTER_03,University of Edinburgh-led controlled human exposure study,SEQUENCE_RIDGE_FULL,T193_52c131b70ba982eeff65,EDINBURGH_DS7545_HUMAN_PLASMA_NANOOMICS,P06396,R4_EDINBURGH_USGO_20210324_6pm_KostarelosK_OkweloguE_EO62,0.631578947368421,0.9173257191144055
T193_OUTER_03,University of Edinburgh-led controlled human exposure study,SEQUENCE_RIDGE_FULL,T193_b261acb00636dce7346f,EDINBURGH_DS7545_HUMAN_PLASMA_NANOOMICS,P07996,R4_EDINBURGH_USGO_20210324_6pm_KostarelosK_OkweloguE_EO62,0.3157894736842105,0.4149745914703523
T193_OUTER_03,University of Edinburgh-led controlled human exposure study,SEQUENCE_RIDGE_FULL,T193_b9a625e16286bb6dcb80,EDINBURGH_DS7545_HUMAN_PLASMA_NANOOMICS,P26038,R4_EDINBURGH_USGO_20210324_6pm_KostarelosK_OkweloguE_EO62,0.3684210526315789,0.36940303299305205
T193_OUTER_03,University of Edinburgh-led controlled human exposure study,SEQUENCE_RIDGE_FULL,T193_c77ea39389148a425735,EDINBURGH_DS7545_HUMAN_PLASMA_NANOOMICS,Q04695,R4_EDINBURGH_USGO_20210324_6pm_KostarelosK_OkweloguE_EO62,0.9473684210526315,0.16764292769811903
T193_OUTER_03,University of Edinburgh-led controlled human exposure study,SEQUENCE_RIDGE_FULL,T193_d79c25e1ba4627452358,EDINBURGH_DS7545_HUMAN_PLASMA_NANOOMICS,P60174,R4_EDINBURGH_USGO_20210324_6pm_KostarelosK_OkweloguE_EO62,0.6842105263157895,0.35066390817239057
T193_OUTER_03,University of Edinburgh-led controlled human exposure study,SEQUENCE_RIDGE_FULL,T193_dbee70563a02035f4db9,EDINBURGH_DS7545_HUMAN_PLASMA_NANOOMICS,P04004,R4_EDINBURGH_USGO_20210324_6pm_KostarelosK_OkweloguE_EO62,0.8947368421052632,0.8598408916696993
T193_OUTER_03,University of Edinburgh-led controlled human exposure study,SEQUENCE_RIDGE_FULL,T193_13a90409f7a64ed8a1d3,EDINBURGH_DS7545_HUMAN_PLASMA_NANOOMICS,Q04695,R4_EDINBURGH_USGO_20210324_6pm_KostarelosK_OkweloguE_EO69,0.6111111111111112,0.16764292769811903
T193_OUTER_03,University of Edinburgh-led controlled human exposure study,SEQUENCE_RIDGE_FULL,T193_180db7c003532ee317fe,EDINBURGH_DS7545_HUMAN_PLASMA_NANOOMICS,P05556,R4_EDINBURGH_USGO_20210324_6pm_KostarelosK_OkweloguE_EO69,0.3888888888888889,0.08187375150109293
T193_OUTER_03,University of Edinburgh-led controlled human exposure study,SEQUENCE_RIDGE_FULL,T193_3150cb362959fda4cec8,EDINBURGH_DS7545_HUMAN_PLASMA_NANOOMICS,P04004,R4_EDINBURGH_USGO_20210324_6pm_KostarelosK_OkweloguE_EO69,0.9444444444444444,0.8598408916696993
T193_OUTER_03,University of Edinburgh-led controlled human exposure study,SEQUENCE_RIDGE_FULL,T193_5032eb2d181194764018,EDINBURGH_DS7545_HUMAN_PLASMA_NANOOMICS,Q9HDC9,R4_EDINBURGH_USGO_20210324_6pm_KostarelosK_OkweloguE_EO69,0.7777777777777778,0.4436773684934115
T193_OUTER_03,University of Edinburgh-led controlled human exposure study,SEQUENCE_RIDGE_FULL,T193_50fb974d705d0495b2b0,EDINBURGH_DS7545_HUMAN_PLASMA_NANOOMICS,P60174,R4_EDINBURGH_USGO_20210324_6pm_KostarelosK_OkweloguE_EO69,0.1111111111111111,0.35066390817239057
T193_OUTER_03,University of Edinburgh-led controlled human exposure study,SEQUENCE_RIDGE_FULL,T193_5679d76bab8a4a293352,EDINBURGH_DS7545_HUMAN_PLASMA_NANOOMICS,P07996,R4_EDINBURGH_USGO_20210324_6pm_KostarelosK_OkweloguE_EO69,0.4444444444444444,0.4149745914703523
T193_OUTER_03,University of Edinburgh-led controlled human exposure study,SEQUENCE_RIDGE_FULL,T193_637ce329c382092714c8,EDINBURGH_DS7545_HUMAN_PLASMA_NANOOMICS,P04264,R4_EDINBURGH_USGO_20210324_6pm_KostarelosK_OkweloguE_EO69,1.0,0.6696337497890944
T193_OUTER_03,University of Edinburgh-led controlled human exposure study,SEQUENCE_RIDGE_FULL,T193_8369dd4056b47bd25c16,EDINBURGH_DS7545_HUMAN_PLASMA_NANOOMICS,P26038,R4_EDINBURGH_USGO_20210324_6pm_KostarelosK_OkweloguE_EO69,0.8333333333333334,0.36940303299305205
T193_OUTER_03,University of Edinburgh-led controlled human exposure study,SEQUENCE_RIDGE_FULL,T193_e1ab3eb2869d4c244e5a,EDINBURGH_DS7545_HUMAN_PLASMA_NANOOMICS,P06396,R4_EDINBURGH_USGO_20210324_6pm_KostarelosK_OkweloguE_EO69,0.5555555555555556,0.9173257191144055
T193_OUTER_03,University of Edinburgh-led controlled human exposure study,SEQUENCE_RIDGE_FULL,T193_07cedcc37da97c17caf4,EDINBURGH_DS7545_HUMAN_PLASMA_NANOOMICS,Q04695,R4_EDINBURGH_USGO_20210324_6pm_KostarelosK_OkweloguE_EO76,0.4,0.16764292769811903
T193_OUTER_03,University of Edinburgh-led controlled human exposure study,SEQUENCE_RIDGE_FULL,T193_174aac8ada2758efb7ce,EDINBURGH_DS7545_HUMAN_PLASMA_NANOOMICS,P26038,R4_EDINBURGH_USGO_20210324_6pm_KostarelosK_OkweloguE_EO76,0.85,0.36940303299305205
T193_OUTER_03,University of Edinburgh-led controlled human exposure study,SEQUENCE_RIDGE_FULL,T193_2192606dc03d94e6fc45,EDINBURGH_DS7545_HUMAN_PLASMA_NANOOMICS,P06396,R4_EDINBURGH_USGO_20210324_6pm_KostarelosK_OkweloguE_EO76,0.5,0.9173257191144055
T193_OUTER_03,University of Edinburgh-led controlled human exposure study,SEQUENCE_RIDGE_FULL,T193_9645bb439282134120bb,EDINBURGH_DS7545_HUMAN_PLASMA_NANOOMICS,P04004,R4_EDINBURGH_USGO_20210324_6pm_KostarelosK_OkweloguE_EO76,0.95,0.8598408916696993
T193_OUTER_03,University of Edinburgh-led controlled human exposure study,SEQUENCE_RIDGE_FULL,T193_d19a5e7f958583a0b35d,EDINBURGH_DS7545_HUMAN_PLASMA_NANOOMICS,P07996,R4_EDINBURGH_USGO_20210324_6pm_KostarelosK_OkweloguE_EO76,0.25,0.4149745914703523
T193_OUTER_03,University of Edinburgh-led controlled human exposure study,SEQUENCE_RIDGE_FULL,T193_d9554b9115429caed0f8,EDINBURGH_DS7545_HUMAN_PLASMA_NANOOMICS,P05556,R4_EDINBURGH_USGO_20210324_6pm_KostarelosK_OkweloguE_EO76,0.3,0.08187375150109293
T193_OUTER_03,University of Edinburgh-led controlled human exposure study,SEQUENCE_RIDGE_FULL,T193_de6bd9063f9628582aa7,EDINBURGH_DS7545_HUMAN_PLASMA_NANOOMICS,Q9HDC9,R4_EDINBURGH_USGO_20210324_6pm_KostarelosK_OkweloguE_EO76,0.0,0.4436773684934115
T193_OUTER_03,University of Edinburgh-led controlled human exposure study,SEQUENCE_RIDGE_FULL,T193_e08a22b4a9c66737b7f4,EDINBURGH_DS7545_HUMAN_PLASMA_NANOOMICS,P60174,R4_EDINBURGH_USGO_20210324_6pm_KostarelosK_OkweloguE_EO76,0.8,0.35066390817239057
T193_OUTER_03,University of Edinburgh-led controlled human exposure study,SEQUENCE_RIDGE_FULL,T193_f470f386b35f0d9964b9,EDINBURGH_DS7545_HUMAN_PLASMA_NANOOMICS,P04264,R4_EDINBURGH_USGO_20210324_6pm_KostarelosK_OkweloguE_EO76,1.0,0.6696337497890944
T193_OUTER_03,University of Edinburgh-led controlled human exposure study,SEQUENCE_RIDGE_FULL,T193_22fa65e49be438761e21,EDINBURGH_DS7545_HUMAN_PLASMA_NANOOMICS,P06396,R4_EDINBURGH_USGO_20210324_6pm_KostarelosK_OkweloguE_EO77,0.7777777777777778,0.9173257191144055
T193_OUTER_03,University of Edinburgh-led controlled human exposure study,SEQUENCE_RIDGE_FULL,T193_27822ae17617e1f90526,EDINBURGH_DS7545_HUMAN_PLASMA_NANOOMICS,P26038,R4_EDINBURGH_USGO_20210324_6pm_KostarelosK_OkweloguE_EO77,0.5555555555555556,0.36940303299305205
T193_OUTER_03,University of Edinburgh-led controlled human exposure study,SEQUENCE_RIDGE_FULL,T193_3a5244071db52636cf02,EDINBURGH_DS7545_HUMAN_PLASMA_NANOOMICS,Q04695,R4_EDINBURGH_USGO_20210324_6pm_KostarelosK_OkweloguE_EO77,0.8888888888888888,0.16764292769811903
T193_OUTER_03,University of Edinburgh-led controlled human exposure study,SEQUENCE_RIDGE_FULL,T193_3e782387e93e60fa6981,EDINBURGH_DS7545_HUMAN_PLASMA_NANOOMICS,Q9HDC9,R4_EDINBURGH_USGO_20210324_6pm_KostarelosK_OkweloguE_EO77,0.6666666666666666,0.4436773684934115
T193_OUTER_03,University of Edinburgh-led controlled human exposure study,SEQUENCE_RIDGE_FULL,T193_8666985b742f90dede0d,EDINBURGH_DS7545_HUMAN_PLASMA_NANOOMICS,P07996,R4_EDINBURGH_USGO_20210324_6pm_KostarelosK_OkweloguE_EO77,0.8333333333333334,0.4149745914703523
T193_OUTER_03,University of Edinburgh-led controlled human exposure study,SEQUENCE_RIDGE_FULL,T193_bfa490cae498c7734e0b,EDINBURGH_DS7545_HUMAN_PLASMA_NANOOMICS,P04004,R4_EDINBURGH_USGO_20210324_6pm_KostarelosK_OkweloguE_EO77,0.9444444444444444,0.8598408916696993
T193_OUTER_03,University of Edinburgh-led controlled human exposure study,SEQUENCE_RIDGE_FULL,T193_c0d75c3dfb0e676dc9b8,EDINBURGH_DS7545_HUMAN_PLASMA_NANOOMICS,P05556,R4_EDINBURGH_USGO_20210324_6pm_KostarelosK_OkweloguE_EO77,0.4444444444444444,0.08187375150109293
T193_OUTER_03,University of Edinburgh-led controlled human exposure study,SEQUENCE_RIDGE_FULL,T193_f447b2ece976b1c0e94f,EDINBURGH_DS7545_HUMAN_PLASMA_NANOOMICS,P04264,R4_EDINBURGH_USGO_20210324_6pm_KostarelosK_OkweloguE_EO77,1.0,0.6696337497890944
T193_OUTER_03,University of Edinburgh-led controlled human exposure study,SEQUENCE_RIDGE_FULL,T193_17f4c4f840d55b6aa624,EDINBURGH_DS7545_HUMAN_PLASMA_NANOOMICS,P60174,R4_EDINBURGH_USGO_20210324_6pm_KostarelosK_OkweloguE_EO79,0.3888888888888889,0.35066390817239057
T193_OUTER_03,University of Edinburgh-led controlled human exposure study,SEQUENCE_RIDGE_FULL,T193_2244c19394ed283b99f6,EDINBURGH_DS7545_HUMAN_PLASMA_NANOOMICS,P05556,R4_EDINBURGH_USGO_20210324_6pm_KostarelosK_OkweloguE_EO79,0.3333333333333333,0.08187375150109293
T193_OUTER_03,University of Edinburgh-led controlled human exposure study,SEQUENCE_RIDGE_FULL,T193_4875a9a2db8dd0335435,EDINBURGH_DS7545_HUMAN_PLASMA_NANOOMICS,Q04695,R4_EDINBURGH_USGO_20210324_6pm_KostarelosK_OkweloguE_EO79,0.8333333333333334,0.16764292769811903
T193_OUTER_03,University of Edinburgh-led controlled human exposure study,SEQUENCE_RIDGE_FULL,T193_7b11fb41ebbb8381d0b1,EDINBURGH_DS7545_HUMAN_PLASMA_NANOOMICS,P04004,R4_EDINBURGH_USGO_20210324_6pm_KostarelosK_OkweloguE_EO79,0.9444444444444444,0.8598408916696993
T193_OUTER_03,University of Edinburgh-led controlled human exposure study,SEQUENCE_RIDGE_FULL,T193_a4b49a7cea80fd89bbe6,EDINBURGH_DS7545_HUMAN_PLASMA_NANOOMICS,P07996,R4_EDINBURGH_USGO_20210324_6pm_KostarelosK_OkweloguE_EO79,0.8888888888888888,0.4149745914703523
T193_OUTER_03,University of Edinburgh-led controlled human exposure study,SEQUENCE_RIDGE_FULL,T193_a7cf96e3afd0874d0b8f,EDINBURGH_DS7545_HUMAN_PLASMA_NANOOMICS,P04264,R4_EDINBURGH_USGO_20210324_6pm_KostarelosK_OkweloguE_EO79,1.0,0.6696337497890944
T193_OUTER_03,University of Edinburgh-led controlled human exposure study,SEQUENCE_RIDGE_FULL,T193_b22dc9fe0937f61c92b5,EDINBURGH_DS7545_HUMAN_PLASMA_NANOOMICS,P06396,R4_EDINBURGH_USGO_20210324_6pm_KostarelosK_OkweloguE_EO79,0.4444444444444444,0.9173257191144055
T193_OUTER_03,University of Edinburgh-led controlled human exposure study,SEQUENCE_RIDGE_FULL,T193_d7e57f71ffcd52498f50,EDINBURGH_DS7545_HUMAN_PLASMA_NANOOMICS,Q9HDC9,R4_EDINBURGH_USGO_20210324_6pm_KostarelosK_OkweloguE_EO79,0.7222222222222222,0.4436773684934115
T193_OUTER_03,University of Edinburgh-led controlled human exposure study,SEQUENCE_RIDGE_FULL,T193_e91cb07ff9fd10f531b5,EDINBURGH_DS7545_HUMAN_PLASMA_NANOOMICS,P26038,R4_EDINBURGH_USGO_20210324_6pm_KostarelosK_OkweloguE_EO79,0.7777777777777778,0.36940303299305205
T193_OUTER_03,University of Edinburgh-led controlled human exposure study,SEQUENCE_RIDGE_FULL,T193_1873f475b54bb792d372,EDINBURGH_DS7545_HUMAN_PLASMA_NANOOMICS,P04264,R4_EDINBURGH_USGO_20210324_6pm_KostarelosK_OkweloguE_EO86,1.0,0.6696337497890944
T193_OUTER_03,University of Edinburgh-led controlled human exposure study,SEQUENCE_RIDGE_FULL,T193_31a580b3f5b6dff168f8,EDINBURGH_DS7545_HUMAN_PLASMA_NANOOMICS,Q9HDC9,R4_EDINBURGH_USGO_20210324_6pm_KostarelosK_OkweloguE_EO86,0.15789473684210525,0.4436773684934115
T193_OUTER_03,University of Edinburgh-led controlled human exposure study,SEQUENCE_RIDGE_FULL,T193_463c656fb49cbb6f9f99,EDINBURGH_DS7545_HUMAN_PLASMA_NANOOMICS,P60174,R4_EDINBURGH_USGO_20210324_6pm_KostarelosK_OkweloguE_EO86,0.05263157894736842,0.35066390817239057
T193_OUTER_03,University of Edinburgh-led controlled human exposure study,SEQUENCE_RIDGE_FULL,T193_575c5ce8cae1bcbb823f,EDINBURGH_DS7545_HUMAN_PLASMA_NANOOMICS,Q04695,R4_EDINBURGH_USGO_20210324_6pm_KostarelosK_OkweloguE_EO86,0.7894736842105263,0.16764292769811903
T193_OUTER_03,University of Edinburgh-led controlled human exposure study,SEQUENCE_RIDGE_FULL,T193_6959b5c462d79ff8fed7,EDINBURGH_DS7545_HUMAN_PLASMA_NANOOMICS,P26038,R4_EDINBURGH_USGO_20210324_6pm_KostarelosK_OkweloguE_EO86,0.8421052631578947,0.36940303299305205
T193_OUTER_03,University of Edinburgh-led controlled human exposure study,SEQUENCE_RIDGE_FULL,T193_750464e02f48e92ac293,EDINBURGH_DS7545_HUMAN_PLASMA_NANOOMICS,P04004,R4_EDINBURGH_USGO_20210324_6pm_KostarelosK_OkweloguE_EO86,0.9473684210526315,0.8598408916696993
T193_OUTER_03,University of Edinburgh-led controlled human exposure study,SEQUENCE_RIDGE_FULL,T193_91e0cab3244a9e71ea6d,EDINBURGH_DS7545_HUMAN_PLASMA_NANOOMICS,P07996,R4_EDINBURGH_USGO_20210324_6pm_KostarelosK_OkweloguE_EO86,0.631578947368421,0.4149745914703523
T193_OUTER_03,University of Edinburgh-led controlled human exposure study,SEQUENCE_RIDGE_FULL,T193_b2ef5b45649a5d16f6de,EDINBURGH_DS7545_HUMAN_PLASMA_NANOOMICS,P05556,R4_EDINBURGH_USGO_20210324_6pm_KostarelosK_OkweloguE_EO86,0.47368421052631576,0.08187375150109293
T193_OUTER_03,University of Edinburgh-led controlled human exposure study,SEQUENCE_RIDGE_FULL,T193_b58218c837bd453db465,EDINBURGH_DS7545_HUMAN_PLASMA_NANOOMICS,P06396,R4_EDINBURGH_USGO_20210324_6pm_KostarelosK_OkweloguE_EO86,0.7368421052631579,0.9173257191144055
T193_OUTER_03,University of Edinburgh-led controlled human exposure study,SEQUENCE_RIDGE_FULL,T193_42374ba0abd3e876e2f5,EDINBURGH_DS7545_HUMAN_PLASMA_NANOOMICS,P60174,R4_EDINBURGH_USGO_20210324_6pm_KostarelosK_OkweloguE_EO87,0.05263157894736842,0.35066390817239057
T193_OUTER_03,University of Edinburgh-led controlled human exposure study,SEQUENCE_RIDGE_FULL,T193_4475afa8c532cd30850d,EDINBURGH_DS7545_HUMAN_PLASMA_NANOOMICS,P04264,R4_EDINBURGH_USGO_20210324_6pm_KostarelosK_OkweloguE_EO87,1.0,0.6696337497890944
T193_OUTER_03,University of Edinburgh-led controlled human exposure study,SEQUENCE_RIDGE_FULL,T193_50a98d11983130cf5cbd,EDINBURGH_DS7545_HUMAN_PLASMA_NANOOMICS,P05556,R4_EDINBURGH_USGO_20210324_6pm_KostarelosK_OkweloguE_EO87,0.5263157894736842,0.08187375150109293
T193_OUTER_03,University of Edinburgh-led controlled human exposure study,SEQUENCE_RIDGE_FULL,T193_676637429e14f0bea00b,EDINBURGH_DS7545_HUMAN_PLASMA_NANOOMICS,Q04695,R4_EDINBURGH_USGO_20210324_6pm_KostarelosK_OkweloguE_EO87,0.15789473684210525,0.16764292769811903
T193_OUTER_03,University of Edinburgh-led controlled human exposure study,SEQUENCE_RIDGE_FULL,T193_764982391a800548f7c6,EDINBURGH_DS7545_HUMAN_PLASMA_NANOOMICS,P06396,R4_EDINBURGH_USGO_20210324_6pm_KostarelosK_OkweloguE_EO87,0.6842105263157895,0.9173257191144055
T193_OUTER_03,University of Edinburgh-led controlled human exposure study,SEQUENCE_RIDGE_FULL,T193_78f2595a182e6f4a457c,EDINBURGH_DS7545_HUMAN_PLASMA_NANOOMICS,P26038,R4_EDINBURGH_USGO_20210324_6pm_KostarelosK_OkweloguE_EO87,0.47368421052631576,0.36940303299305205
T193_OUTER_03,University of Edinburgh-led controlled human exposure study,SEQUENCE_RIDGE_FULL,T193_844b3ee990682a412fa0,EDINBURGH_DS7545_HUMAN_PLASMA_NANOOMICS,P04004,R4_EDINBURGH_USGO_20210324_6pm_KostarelosK_OkweloguE_EO87,0.9473684210526315,0.8598408916696993
T193_OUTER_03,University of Edinburgh-led controlled human exposure study,SEQUENCE_RIDGE_FULL,T193_a7dc23cc39076a1b2067,EDINBURGH_DS7545_HUMAN_PLASMA_NANOOMICS,P07996,R4_EDINBURGH_USGO_20210324_6pm_KostarelosK_OkweloguE_EO87,0.631578947368421,0.4149745914703523
T193_OUTER_03,University of Edinburgh-led controlled human exposure study,SEQUENCE_RIDGE_FULL,T193_b31eb2692dda4dd79ef0,EDINBURGH_DS7545_HUMAN_PLASMA_NANOOMICS,Q9HDC9,R4_EDINBURGH_USGO_20210324_6pm_KostarelosK_OkweloguE_EO87,0.21052631578947367,0.4436773684934115
T193_OUTER_03,University of Edinburgh-led controlled human exposure study,SEQUENCE_RIDGE_COMPOSITION_ONLY,T193_128ff8b062dbed35acc5,EDINBURGH_DS7545_HUMAN_PLASMA_NANOOMICS,P04264,R4_EDINBURGH_SGO_20210324_6pm_KostarelosK_OkweloguE_EO10,1.0,0.6697206876244565
T193_OUTER_03,University of Edinburgh-led controlled human exposure study,SEQUENCE_RIDGE_COMPOSITION_ONLY,T193_1342b850fbf640600270,EDINBURGH_DS7545_HUMAN_PLASMA_NANOOMICS,P06396,R4_EDINBURGH_SGO_20210324_6pm_KostarelosK_OkweloguE_EO10,0.3888888888888889,0.9179048473409984
T193_OUTER_03,University of Edinburgh-led controlled human exposure study,SEQUENCE_RIDGE_COMPOSITION_ONLY,T193_5bd6c13915506a029745,EDINBURGH_DS7545_HUMAN_PLASMA_NANOOMICS,P05556,R4_EDINBURGH_SGO_20210324_6pm_KostarelosK_OkweloguE_EO10,0.3333333333333333,0.08231200658080243
T193_OUTER_03,University of Edinburgh-led controlled human exposure study,SEQUENCE_RIDGE_COMPOSITION_ONLY,T193_7a671ad1798bb73d8d1d,EDINBURGH_DS7545_HUMAN_PLASMA_NANOOMICS,P04004,R4_EDINBURGH_SGO_20210324_6pm_KostarelosK_OkweloguE_EO10,0.8888888888888888,0.8598844595177332
T193_OUTER_03,University of Edinburgh-led controlled human exposure study,SEQUENCE_RIDGE_COMPOSITION_ONLY,T193_9cf616bbf505b7fcdb26,EDINBURGH_DS7545_HUMAN_PLASMA_NANOOMICS,P26038,R4_EDINBURGH_SGO_20210324_6pm_KostarelosK_OkweloguE_EO10,0.6666666666666666,0.3693766378005806
T193_OUTER_03,University of Edinburgh-led controlled human exposure study,SEQUENCE_RIDGE_COMPOSITION_ONLY,T193_a1ee42e1fdfffa60cef1,EDINBURGH_DS7545_HUMAN_PLASMA_NANOOMICS,Q04695,R4_EDINBURGH_SGO_20210324_6pm_KostarelosK_OkweloguE_EO10,0.8333333333333334,0.1674135907707586
T193_OUTER_03,University of Edinburgh-led controlled human exposure study,SEQUENCE_RIDGE_COMPOSITION_ONLY,T193_b556e3c16ad771931963,EDINBURGH_DS7545_HUMAN_PLASMA_NANOOMICS,Q9HDC9,R4_EDINBURGH_SGO_20210324_6pm_KostarelosK_OkweloguE_EO10,0.1111111111111111,0.4435091854181341
T193_OUTER_03,University of Edinburgh-led controlled human exposure study,SEQUENCE_RIDGE_COMPOSITION_ONLY,T193_f3f45aca1aaa197354a3,EDINBURGH_DS7545_HUMAN_PLASMA_NANOOMICS,P60174,R4_EDINBURGH_SGO_20210324_6pm_KostarelosK_OkweloguE_EO10,0.0,0.34938150693543024
T193_OUTER_03,University of Edinburgh-led controlled human exposure study,SEQUENCE_RIDGE_COMPOSITION_ONLY,T193_2252dd361315723e3af4,EDINBURGH_DS7545_HUMAN_PLASMA_NANOOMICS,P04004,R4_EDINBURGH_SGO_20210324_6pm_KostarelosK_OkweloguE_EO103,0.9444444444444444,0.8598844595177332
T193_OUTER_03,University of Edinburgh-led controlled human exposure study,SEQUENCE_RIDGE_COMPOSITION_ONLY,T193_3f008afa0df41b647d8d,EDINBURGH_DS7545_HUMAN_PLASMA_NANOOMICS,Q04695,R4_EDINBURGH_SGO_20210324_6pm_KostarelosK_OkweloguE_EO103,0.8888888888888888,0.1674135907707586
T193_OUTER_03,University of Edinburgh-led controlled human exposure study,SEQUENCE_RIDGE_COMPOSITION_ONLY,T193_64cdc6dd6f793a33d902,EDINBURGH_DS7545_HUMAN_PLASMA_NANOOMICS,P05556,R4_EDINBURGH_SGO_20210324_6pm_KostarelosK_OkweloguE_EO103,0.3888888888888889,0.08231200658080243
T193_OUTER_03,University of Edinburgh-led controlled human exposure study,SEQUENCE_RIDGE_COMPOSITION_ONLY,T193_aa20b5d3b017dd333160,EDINBURGH_DS7545_HUMAN_PLASMA_NANOOMICS,P60174,R4_EDINBURGH_SGO_20210324_6pm_KostarelosK_OkweloguE_EO103,0.0,0.34938150693543024
T193_OUTER_03,University of Edinburgh-led controlled human exposure study,SEQUENCE_RIDGE_COMPOSITION_ONLY,T193_bfc91af54bd941c62ec1,EDINBURGH_DS7545_HUMAN_PLASMA_NANOOMICS,Q9HDC9,R4_EDINBURGH_SGO_20210324_6pm_KostarelosK_OkweloguE_EO103,0.7777777777777778,0.4435091854181341
T193_OUTER_03,University of Edinburgh-led controlled human exposure study,SEQUENCE_RIDGE_COMPOSITION_ONLY,T193_c3fdc0deae83f531e93b,EDINBURGH_DS7545_HUMAN_PLASMA_NANOOMICS,P26038,R4_EDINBURGH_SGO_20210324_6pm_KostarelosK_OkweloguE_EO103,0.7222222222222222,0.3693766378005806
T193_OUTER_03,University of Edinburgh-led controlled human exposure study,SEQUENCE_RIDGE_COMPOSITION_ONLY,T193_de78788c62993714f824,EDINBURGH_DS7545_HUMAN_PLASMA_NANOOMICS,P06396,R4_EDINBURGH_SGO_20210324_6pm_KostarelosK_OkweloguE_EO103,0.5,0.9179048473409984
T193_OUTER_03,University of Edinburgh-led controlled human exposure study,SEQUENCE_RIDGE_COMPOSITION_ONLY,T193_f966157673f2cbfaccb3,EDINBURGH_DS7545_HUMAN_PLASMA_NANOOMICS,P04264,R4_EDINBURGH_SGO_20210324_6pm_KostarelosK_OkweloguE_EO103,1.0,0.6697206876244565
T193_OUTER_03,University of Edinburgh-led controlled human exposure study,SEQUENCE_RIDGE_COMPOSITION_ONLY,T193_182f175b4cbae1ac58bf,EDINBURGH_DS7545_HUMAN_PLASMA_NANOOMICS,P06396,R4_EDINBURGH_SGO_20210324_6pm_KostarelosK_OkweloguE_EO105,0.5555555555555556,0.9179048473409984
T193_OUTER_03,University of Edinburgh-led controlled human exposure study,SEQUENCE_RIDGE_COMPOSITION_ONLY,T193_1aea6b1cc0006ffe6671,EDINBURGH_DS7545_HUMAN_PLASMA_NANOOMICS,P04264,R4_EDINBURGH_SGO_20210324_6pm_KostarelosK_OkweloguE_EO105,1.0,0.6697206876244565
T193_OUTER_03,University of Edinburgh-led controlled human exposure study,SEQUENCE_RIDGE_COMPOSITION_ONLY,T193_44ff968d4f42f98b2327,EDINBURGH_DS7545_HUMAN_PLASMA_NANOOMICS,Q04695,R4_EDINBURGH_SGO_20210324_6pm_KostarelosK_OkweloguE_EO105,0.8888888888888888,0.1674135907707586
T193_OUTER_03,University of Edinburgh-led controlled human exposure study,SEQUENCE_RIDGE_COMPOSITION_ONLY,T193_6e212161c4ae76d38db6,EDINBURGH_DS7545_HUMAN_PLASMA_NANOOMICS,Q9HDC9,R4_EDINBURGH_SGO_20210324_6pm_KostarelosK_OkweloguE_EO105,0.6666666666666666,0.4435091854181341
T193_OUTER_03,University of Edinburgh-led controlled human exposure study,SEQUENCE_RIDGE_COMPOSITION_ONLY,T193_90b9a5c758b979e320e3,EDINBURGH_DS7545_HUMAN_PLASMA_NANOOMICS,P60174,R4_EDINBURGH_SGO_20210324_6pm_KostarelosK_OkweloguE_EO105,0.0,0.34938150693543024
T193_OUTER_03,University of Edinburgh-led controlled human exposure study,SEQUENCE_RIDGE_COMPOSITION_ONLY,T193_94321fb0c911a704d4ff,EDINBURGH_DS7545_HUMAN_PLASMA_NANOOMICS,P04004,R4_EDINBURGH_SGO_20210324_6pm_KostarelosK_OkweloguE_EO105,0.9444444444444444,0.8598844595177332
T193_OUTER_03,University of Edinburgh-led controlled human exposure study,SEQUENCE_RIDGE_COMPOSITION_ONLY,T193_cf13b4dc75bc8bdaa65b,EDINBURGH_DS7545_HUMAN_PLASMA_NANOOMICS,P26038,R4_EDINBURGH_SGO_20210324_6pm_KostarelosK_OkweloguE_EO105,0.5,0.3693766378005806
T193_OUTER_03,University of Edinburgh-led controlled human exposure study,SEQUENCE_RIDGE_COMPOSITION_ONLY,T193_f4f8d2b0e95de988106a,EDINBURGH_DS7545_HUMAN_PLASMA_NANOOMICS,P05556,R4_EDINBURGH_SGO_20210324_6pm_KostarelosK_OkweloguE_EO105,0.2222222222222222,0.08231200658080243
T193_OUTER_03,University of Edinburgh-led controlled human exposure study,SEQUENCE_RIDGE_COMPOSITION_ONLY,T193_29dc6053bb75b5d7af68,EDINBURGH_DS7545_HUMAN_PLASMA_NANOOMICS,P26038,R4_EDINBURGH_SGO_20210324_6pm_KostarelosK_OkweloguE_EO107,0.7777777777777778,0.3693766378005806
T193_OUTER_03,University of Edinburgh-led controlled human exposure study,SEQUENCE_RIDGE_COMPOSITION_ONLY,T193_635e117f769e333e39ab,EDINBURGH_DS7545_HUMAN_PLASMA_NANOOMICS,P04264,R4_EDINBURGH_SGO_20210324_6pm_KostarelosK_OkweloguE_EO107,1.0,0.6697206876244565
T193_OUTER_03,University of Edinburgh-led controlled human exposure study,SEQUENCE_RIDGE_COMPOSITION_ONLY,T193_7535921869d5f7aadbe5,EDINBURGH_DS7545_HUMAN_PLASMA_NANOOMICS,Q9HDC9,R4_EDINBURGH_SGO_20210324_6pm_KostarelosK_OkweloguE_EO107,0.8888888888888888,0.4435091854181341
T193_OUTER_03,University of Edinburgh-led controlled human exposure study,SEQUENCE_RIDGE_COMPOSITION_ONLY,T193_7f79742cfd48e8493c86,EDINBURGH_DS7545_HUMAN_PLASMA_NANOOMICS,P05556,R4_EDINBURGH_SGO_20210324_6pm_KostarelosK_OkweloguE_EO107,0.4444444444444444,0.08231200658080243
T193_OUTER_03,University of Edinburgh-led controlled human exposure study,SEQUENCE_RIDGE_COMPOSITION_ONLY,T193_9ff31189336b4b72ca9d,EDINBURGH_DS7545_HUMAN_PLASMA_NANOOMICS,P06396,R4_EDINBURGH_SGO_20210324_6pm_KostarelosK_OkweloguE_EO107,0.5555555555555556,0.9179048473409984
T193_OUTER_03,University of Edinburgh-led controlled human exposure study,SEQUENCE_RIDGE_COMPOSITION_ONLY,T193_b93e01a61dab55afaa06,EDINBURGH_DS7545_HUMAN_PLASMA_NANOOMICS,Q04695,R4_EDINBURGH_SGO_20210324_6pm_KostarelosK_OkweloguE_EO107,0.8333333333333334,0.1674135907707586
T193_OUTER_03,University of Edinburgh-led controlled human exposure study,SEQUENCE_RIDGE_COMPOSITION_ONLY,T193_c7059ff4d3c1aca8880e,EDINBURGH_DS7545_HUMAN_PLASMA_NANOOMICS,P04004,R4_EDINBURGH_SGO_20210324_6pm_KostarelosK_OkweloguE_EO107,0.9444444444444444,0.8598844595177332
T193_OUTER_03,University of Edinburgh-led controlled human exposure study,SEQUENCE_RIDGE_COMPOSITION_ONLY,T193_fffbc10960b5007d6dab,EDINBURGH_DS7545_HUMAN_PLASMA_NANOOMICS,P60174,R4_EDINBURGH_SGO_20210324_6pm_KostarelosK_OkweloguE_EO107,0.05555555555555555,0.34938150693543024
T193_OUTER_03,University of Edinburgh-led controlled human exposure study,SEQUENCE_RIDGE_COMPOSITION_ONLY,T193_04be116202e6adbe7b86,EDINBURGH_DS7545_HUMAN_PLASMA_NANOOMICS,P04264,R4_EDINBURGH_SGO_20210324_6pm_KostarelosK_OkweloguE_EO113,1.0,0.6697206876244565
T193_OUTER_03,University of Edinburgh-led controlled human exposure study,SEQUENCE_RIDGE_COMPOSITION_ONLY,T193_1560bf3bec3de67c444d,EDINBURGH_DS7545_HUMAN_PLASMA_NANOOMICS,P06396,R4_EDINBURGH_SGO_20210324_6pm_KostarelosK_OkweloguE_EO113,0.6666666666666666,0.9179048473409984
T193_OUTER_03,University of Edinburgh-led controlled human exposure study,SEQUENCE_RIDGE_COMPOSITION_ONLY,T193_3d3bca06ff69abb182bd,EDINBURGH_DS7545_HUMAN_PLASMA_NANOOMICS,P26038,R4_EDINBURGH_SGO_20210324_6pm_KostarelosK_OkweloguE_EO113,0.7777777777777778,0.3693766378005806
T193_OUTER_03,University of Edinburgh-led controlled human exposure study,SEQUENCE_RIDGE_COMPOSITION_ONLY,T193_50e6968fbc428a856b9c,EDINBURGH_DS7545_HUMAN_PLASMA_NANOOMICS,Q04695,R4_EDINBURGH_SGO_20210324_6pm_KostarelosK_OkweloguE_EO113,0.8888888888888888,0.1674135907707586
T193_OUTER_03,University of Edinburgh-led controlled human exposure study,SEQUENCE_RIDGE_COMPOSITION_ONLY,T193_5e02d8eb31166f380a2d,EDINBURGH_DS7545_HUMAN_PLASMA_NANOOMICS,Q9HDC9,R4_EDINBURGH_SGO_20210324_6pm_KostarelosK_OkweloguE_EO113,0.6111111111111112,0.4435091854181341
T193_OUTER_03,University of Edinburgh-led controlled human exposure study,SEQUENCE_RIDGE_COMPOSITION_ONLY,T193_a5332d4d04813277c6fc,EDINBURGH_DS7545_HUMAN_PLASMA_NANOOMICS,P04004,R4_EDINBURGH_SGO_20210324_6pm_KostarelosK_OkweloguE_EO113,0.9444444444444444,0.8598844595177332
T193_OUTER_03,University of Edinburgh-led controlled human exposure study,SEQUENCE_RIDGE_COMPOSITION_ONLY,T193_c40a00cd8463bf70625b,EDINBURGH_DS7545_HUMAN_PLASMA_NANOOMICS,P60174,R4_EDINBURGH_SGO_20210324_6pm_KostarelosK_OkweloguE_EO113,0.05555555555555555,0.34938150693543024
T193_OUTER_03,University of Edinburgh-led controlled human exposure study,SEQUENCE_RIDGE_COMPOSITION_ONLY,T193_c91b96adc5ed0d8dde29,EDINBURGH_DS7545_HUMAN_PLASMA_NANOOMICS,P05556,R4_EDINBURGH_SGO_20210324_6pm_KostarelosK_OkweloguE_EO113,0.2777777777777778,0.08231200658080243
T193_OUTER_03,University of Edinburgh-led controlled human exposure study,SEQUENCE_RIDGE_COMPOSITION_ONLY,T193_2f5c4884a15ce3806364,EDINBURGH_DS7545_HUMAN_PLASMA_NANOOMICS,P04264,R4_EDINBURGH_SGO_20210324_6pm_KostarelosK_OkweloguE_EO116,1.0,0.6697206876244565
T193_OUTER_03,University of Edinburgh-led controlled human exposure study,SEQUENCE_RIDGE_COMPOSITION_ONLY,T193_a122287ae93cbd3110a4,EDINBURGH_DS7545_HUMAN_PLASMA_NANOOMICS,Q04695,R4_EDINBURGH_SGO_20210324_6pm_KostarelosK_OkweloguE_EO116,0.5882352941176471,0.1674135907707586
T193_OUTER_03,University of Edinburgh-led controlled human exposure study,SEQUENCE_RIDGE_COMPOSITION_ONLY,T193_bfdc57fdabc42d2a544b,EDINBURGH_DS7545_HUMAN_PLASMA_NANOOMICS,Q9HDC9,R4_EDINBURGH_SGO_20210324_6pm_KostarelosK_OkweloguE_EO116,0.7647058823529411,0.4435091854181341
T193_OUTER_03,University of Edinburgh-led controlled human exposure study,SEQUENCE_RIDGE_COMPOSITION_ONLY,T193_d17e843cb162cefc7e46,EDINBURGH_DS7545_HUMAN_PLASMA_NANOOMICS,P04004,R4_EDINBURGH_SGO_20210324_6pm_KostarelosK_OkweloguE_EO116,0.9411764705882353,0.8598844595177332
T193_OUTER_03,University of Edinburgh-led controlled human exposure study,SEQUENCE_RIDGE_COMPOSITION_ONLY,T193_d2969414738fc46c6266,EDINBURGH_DS7545_HUMAN_PLASMA_NANOOMICS,P05556,R4_EDINBURGH_SGO_20210324_6pm_KostarelosK_OkweloguE_EO116,0.47058823529411764,0.08231200658080243
T193_OUTER_03,University of Edinburgh-led controlled human exposure study,SEQUENCE_RIDGE_COMPOSITION_ONLY,T193_f3d9d3c308aa700e8df9,EDINBURGH_DS7545_HUMAN_PLASMA_NANOOMICS,P26038,R4_EDINBURGH_SGO_20210324_6pm_KostarelosK_OkweloguE_EO116,0.8823529411764706,0.3693766378005806
T193_OUTER_03,University of Edinburgh-led controlled human exposure study,SEQUENCE_RIDGE_COMPOSITION_ONLY,T193_f969adae636c9202230d,EDINBURGH_DS7545_HUMAN_PLASMA_NANOOMICS,P06396,R4_EDINBURGH_SGO_20210324_6pm_KostarelosK_OkweloguE_EO116,0.4117647058823529,0.9179048473409984
T193_OUTER_03,University of Edinburgh-led controlled human exposure study,SEQUENCE_RIDGE_COMPOSITION_ONLY,T193_37e423f4df049826ed0b,EDINBURGH_DS7545_HUMAN_PLASMA_NANOOMICS,P04004,R4_EDINBURGH_SGO_20210324_6pm_KostarelosK_OkweloguE_EO12,0.9411764705882353,0.8598844595177332
T193_OUTER_03,University of Edinburgh-led controlled human exposure study,SEQUENCE_RIDGE_COMPOSITION_ONLY,T193_3887c7b1fe13441fb3c2,EDINBURGH_DS7545_HUMAN_PLASMA_NANOOMICS,Q04695,R4_EDINBURGH_SGO_20210324_6pm_KostarelosK_OkweloguE_EO12,0.8823529411764706,0.1674135907707586
T193_OUTER_03,University of Edinburgh-led controlled human exposure study,SEQUENCE_RIDGE_COMPOSITION_ONLY,T193_475548f3258e53d9c52c,EDINBURGH_DS7545_HUMAN_PLASMA_NANOOMICS,P26038,R4_EDINBURGH_SGO_20210324_6pm_KostarelosK_OkweloguE_EO12,0.7058823529411765,0.3693766378005806
T193_OUTER_03,University of Edinburgh-led controlled human exposure study,SEQUENCE_RIDGE_COMPOSITION_ONLY,T193_a13bf5bd41940d2593ac,EDINBURGH_DS7545_HUMAN_PLASMA_NANOOMICS,P06396,R4_EDINBURGH_SGO_20210324_6pm_KostarelosK_OkweloguE_EO12,0.4117647058823529,0.9179048473409984
T193_OUTER_03,University of Edinburgh-led controlled human exposure study,SEQUENCE_RIDGE_COMPOSITION_ONLY,T193_d181b2413d1738140303,EDINBURGH_DS7545_HUMAN_PLASMA_NANOOMICS,P05556,R4_EDINBURGH_SGO_20210324_6pm_KostarelosK_OkweloguE_EO12,0.29411764705882354,0.08231200658080243
T193_OUTER_03,University of Edinburgh-led controlled human exposure study,SEQUENCE_RIDGE_COMPOSITION_ONLY,T193_e3e564c78e7595c24bf5,EDINBURGH_DS7545_HUMAN_PLASMA_NANOOMICS,P04264,R4_EDINBURGH_SGO_20210324_6pm_KostarelosK_OkweloguE_EO12,1.0,0.6697206876244565
T193_OUTER_03,University of Edinburgh-led controlled human exposure study,SEQUENCE_RIDGE_COMPOSITION_ONLY,T193_ff76e79bf062517e9c60,EDINBURGH_DS7545_HUMAN_PLASMA_NANOOMICS,Q9HDC9,R4_EDINBURGH_SGO_20210324_6pm_KostarelosK_OkweloguE_EO12,0.11764705882352941,0.4435091854181341
T193_OUTER_03,University of Edinburgh-led controlled human exposure study,SEQUENCE_RIDGE_COMPOSITION_ONLY,T193_0d11c79ae6bbc0f21b35,EDINBURGH_DS7545_HUMAN_PLASMA_NANOOMICS,Q04695,R4_EDINBURGH_SGO_20210324_6pm_KostarelosK_OkweloguE_EO16,0.8823529411764706,0.1674135907707586
T193_OUTER_03,University of Edinburgh-led controlled human exposure study,SEQUENCE_RIDGE_COMPOSITION_ONLY,T193_5d6f789d353692cd1391,EDINBURGH_DS7545_HUMAN_PLASMA_NANOOMICS,P06396,R4_EDINBURGH_SGO_20210324_6pm_KostarelosK_OkweloguE_EO16,0.5294117647058824,0.9179048473409984
T193_OUTER_03,University of Edinburgh-led controlled human exposure study,SEQUENCE_RIDGE_COMPOSITION_ONLY,T193_8591019fa99b80445f04,EDINBURGH_DS7545_HUMAN_PLASMA_NANOOMICS,P04264,R4_EDINBURGH_SGO_20210324_6pm_KostarelosK_OkweloguE_EO16,1.0,0.6697206876244565
T193_OUTER_03,University of Edinburgh-led controlled human exposure study,SEQUENCE_RIDGE_COMPOSITION_ONLY,T193_8d6894bd7677a84b6d49,EDINBURGH_DS7545_HUMAN_PLASMA_NANOOMICS,Q9HDC9,R4_EDINBURGH_SGO_20210324_6pm_KostarelosK_OkweloguE_EO16,0.47058823529411764,0.4435091854181341
T193_OUTER_03,University of Edinburgh-led controlled human exposure study,SEQUENCE_RIDGE_COMPOSITION_ONLY,T193_c1f54163c5ed0e921262,EDINBURGH_DS7545_HUMAN_PLASMA_NANOOMICS,P26038,R4_EDINBURGH_SGO_20210324_6pm_KostarelosK_OkweloguE_EO16,0.7058823529411765,0.3693766378005806
T193_OUTER_03,University of Edinburgh-led controlled human exposure study,SEQUENCE_RIDGE_COMPOSITION_ONLY,T193_c95048235c954d52cca2,EDINBURGH_DS7545_HUMAN_PLASMA_NANOOMICS,P04004,R4_EDINBURGH_SGO_20210324_6pm_KostarelosK_OkweloguE_EO16,0.9411764705882353,0.8598844595177332
T193_OUTER_03,University of Edinburgh-led controlled human exposure study,SEQUENCE_RIDGE_COMPOSITION_ONLY,T193_d5c8a139d09bc691b1fc,EDINBURGH_DS7545_HUMAN_PLASMA_NANOOMICS,P05556,R4_EDINBURGH_SGO_20210324_6pm_KostarelosK_OkweloguE_EO16,0.35294117647058826,0.08231200658080243
T193_OUTER_03,University of Edinburgh-led controlled human exposure study,SEQUENCE_RIDGE_COMPOSITION_ONLY,T193_43c932d811beb86a8a56,EDINBURGH_DS7545_HUMAN_PLASMA_NANOOMICS,P60174,R4_EDINBURGH_SGO_20210324_6pm_KostarelosK_OkweloguE_EO21,0.6666666666666666,0.34938150693543024
T193_OUTER_03,University of Edinburgh-led controlled human exposure study,SEQUENCE_RIDGE_COMPOSITION_ONLY,T193_656c25c6e01205e698f3,EDINBURGH_DS7545_HUMAN_PLASMA_NANOOMICS,P06396,R4_EDINBURGH_SGO_20210324_6pm_KostarelosK_OkweloguE_EO21,0.2222222222222222,0.9179048473409984
T193_OUTER_03,University of Edinburgh-led controlled human exposure study,SEQUENCE_RIDGE_COMPOSITION_ONLY,T193_82820660613cf9df0409,EDINBURGH_DS7545_HUMAN_PLASMA_NANOOMICS,P04264,R4_EDINBURGH_SGO_20210324_6pm_KostarelosK_OkweloguE_EO21,1.0,0.6697206876244565
T193_OUTER_03,University of Edinburgh-led controlled human exposure study,SEQUENCE_RIDGE_COMPOSITION_ONLY,T193_88ca1f8c1ffefa497b16,EDINBURGH_DS7545_HUMAN_PLASMA_NANOOMICS,P04004,R4_EDINBURGH_SGO_20210324_6pm_KostarelosK_OkweloguE_EO21,0.7777777777777778,0.8598844595177332
T193_OUTER_03,University of Edinburgh-led controlled human exposure study,SEQUENCE_RIDGE_COMPOSITION_ONLY,T193_bb82a17bbb641e179e51,EDINBURGH_DS7545_HUMAN_PLASMA_NANOOMICS,P05556,R4_EDINBURGH_SGO_20210324_6pm_KostarelosK_OkweloguE_EO21,0.05555555555555555,0.08231200658080243
T193_OUTER_03,University of Edinburgh-led controlled human exposure study,SEQUENCE_RIDGE_COMPOSITION_ONLY,T193_d82d3bb5aead2409ed1c,EDINBURGH_DS7545_HUMAN_PLASMA_NANOOMICS,Q04695,R4_EDINBURGH_SGO_20210324_6pm_KostarelosK_OkweloguE_EO21,0.9444444444444444,0.1674135907707586
T193_OUTER_03,University of Edinburgh-led controlled human exposure study,SEQUENCE_RIDGE_COMPOSITION_ONLY,T193_e3ca8f58bf836f49db55,EDINBURGH_DS7545_HUMAN_PLASMA_NANOOMICS,P26038,R4_EDINBURGH_SGO_20210324_6pm_KostarelosK_OkweloguE_EO21,0.2777777777777778,0.3693766378005806
T193_OUTER_03,University of Edinburgh-led controlled human exposure study,SEQUENCE_RIDGE_COMPOSITION_ONLY,T193_eaadf274dba128b507e8,EDINBURGH_DS7545_HUMAN_PLASMA_NANOOMICS,Q9HDC9,R4_EDINBURGH_SGO_20210324_6pm_KostarelosK_OkweloguE_EO21,0.16666666666666666,0.4435091854181341
T193_OUTER_03,University of Edinburgh-led controlled human exposure study,SEQUENCE_RIDGE_COMPOSITION_ONLY,T193_34d0f4d9c17d7909074c,EDINBURGH_DS7545_HUMAN_PLASMA_NANOOMICS,Q9HDC9,R4_EDINBURGH_SGO_20210324_6pm_KostarelosK_OkweloguE_EO24,0.23529411764705882,0.4435091854181341
T193_OUTER_03,University of Edinburgh-led controlled human exposure study,SEQUENCE_RIDGE_COMPOSITION_ONLY,T193_6082e30e0ad07d4ac976,EDINBURGH_DS7545_HUMAN_PLASMA_NANOOMICS,P06396,R4_EDINBURGH_SGO_20210324_6pm_KostarelosK_OkweloguE_EO24,0.47058823529411764,0.9179048473409984
T193_OUTER_03,University of Edinburgh-led controlled human exposure study,SEQUENCE_RIDGE_COMPOSITION_ONLY,T193_84a84c53d0171b07ee47,EDINBURGH_DS7545_HUMAN_PLASMA_NANOOMICS,Q04695,R4_EDINBURGH_SGO_20210324_6pm_KostarelosK_OkweloguE_EO24,0.8823529411764706,0.1674135907707586
T193_OUTER_03,University of Edinburgh-led controlled human exposure study,SEQUENCE_RIDGE_COMPOSITION_ONLY,T193_859fec645d558e597ed4,EDINBURGH_DS7545_HUMAN_PLASMA_NANOOMICS,P04264,R4_EDINBURGH_SGO_20210324_6pm_KostarelosK_OkweloguE_EO24,1.0,0.6697206876244565
T193_OUTER_03,University of Edinburgh-led controlled human exposure study,SEQUENCE_RIDGE_COMPOSITION_ONLY,T193_a7dce38dfab6a1343dba,EDINBURGH_DS7545_HUMAN_PLASMA_NANOOMICS,P26038,R4_EDINBURGH_SGO_20210324_6pm_KostarelosK_OkweloguE_EO24,0.5294117647058824,0.3693766378005806
T193_OUTER_03,University of Edinburgh-led controlled human exposure study,SEQUENCE_RIDGE_COMPOSITION_ONLY,T193_ba6acaff73ebdd3faa47,EDINBURGH_DS7545_HUMAN_PLASMA_NANOOMICS,P60174,R4_EDINBURGH_SGO_20210324_6pm_KostarelosK_OkweloguE_EO24,0.0,0.34938150693543024
T193_OUTER_03,University of Edinburgh-led controlled human exposure study,SEQUENCE_RIDGE_COMPOSITION_ONLY,T193_e28b9aa3ab7108304b18,EDINBURGH_DS7545_HUMAN_PLASMA_NANOOMICS,P05556,R4_EDINBURGH_SGO_20210324_6pm_KostarelosK_OkweloguE_EO24,0.17647058823529413,0.08231200658080243
T193_OUTER_03,University of Edinburgh-led controlled human exposure study,SEQUENCE_RIDGE_COMPOSITION_ONLY,T193_e780ce67c1d0c247d6df,EDINBURGH_DS7545_HUMAN_PLASMA_NANOOMICS,P04004,R4_EDINBURGH_SGO_20210324_6pm_KostarelosK_OkweloguE_EO24,0.8235294117647058,0.8598844595177332
T193_OUTER_03,University of Edinburgh-led controlled human exposure study,SEQUENCE_RIDGE_COMPOSITION_ONLY,T193_2269d1927789a7e88b25,EDINBURGH_DS7545_HUMAN_PLASMA_NANOOMICS,P04264,R4_EDINBURGH_SGO_20210324_6pm_KostarelosK_OkweloguE_EO31,1.0,0.6697206876244565
T193_OUTER_03,University of Edinburgh-led controlled human exposure study,SEQUENCE_RIDGE_COMPOSITION_ONLY,T193_4eabe9d653bcc844053c,EDINBURGH_DS7545_HUMAN_PLASMA_NANOOMICS,P04004,R4_EDINBURGH_SGO_20210324_6pm_KostarelosK_OkweloguE_EO31,0.8333333333333334,0.8598844595177332
T193_OUTER_03,University of Edinburgh-led controlled human exposure study,SEQUENCE_RIDGE_COMPOSITION_ONLY,T193_6cb8ab7ec273e17e732c,EDINBURGH_DS7545_HUMAN_PLASMA_NANOOMICS,P05556,R4_EDINBURGH_SGO_20210324_6pm_KostarelosK_OkweloguE_EO31,0.3888888888888889,0.08231200658080243
T193_OUTER_03,University of Edinburgh-led controlled human exposure study,SEQUENCE_RIDGE_COMPOSITION_ONLY,T193_81dd956e6bf195d8dff2,EDINBURGH_DS7545_HUMAN_PLASMA_NANOOMICS,Q9HDC9,R4_EDINBURGH_SGO_20210324_6pm_KostarelosK_OkweloguE_EO31,0.16666666666666666,0.4435091854181341
T193_OUTER_03,University of Edinburgh-led controlled human exposure study,SEQUENCE_RIDGE_COMPOSITION_ONLY,T193_91e5541d5060d2ba93d5,EDINBURGH_DS7545_HUMAN_PLASMA_NANOOMICS,P06396,R4_EDINBURGH_SGO_20210324_6pm_KostarelosK_OkweloguE_EO31,0.2777777777777778,0.9179048473409984
T193_OUTER_03,University of Edinburgh-led controlled human exposure study,SEQUENCE_RIDGE_COMPOSITION_ONLY,T193_a62ae2df9872b9bce90b,EDINBURGH_DS7545_HUMAN_PLASMA_NANOOMICS,P60174,R4_EDINBURGH_SGO_20210324_6pm_KostarelosK_OkweloguE_EO31,0.0,0.34938150693543024
T193_OUTER_03,University of Edinburgh-led controlled human exposure study,SEQUENCE_RIDGE_COMPOSITION_ONLY,T193_af29a8be73a0b4fc0534,EDINBURGH_DS7545_HUMAN_PLASMA_NANOOMICS,Q04695,R4_EDINBURGH_SGO_20210324_6pm_KostarelosK_OkweloguE_EO31,0.8888888888888888,0.1674135907707586
T193_OUTER_03,University of Edinburgh-led controlled human exposure study,SEQUENCE_RIDGE_COMPOSITION_ONLY,T193_da9aac094e79e79b3583,EDINBURGH_DS7545_HUMAN_PLASMA_NANOOMICS,P26038,R4_EDINBURGH_SGO_20210324_6pm_KostarelosK_OkweloguE_EO31,0.6666666666666666,0.3693766378005806
T193_OUTER_03,University of Edinburgh-led controlled human exposure study,SEQUENCE_RIDGE_COMPOSITION_ONLY,T193_22354b544f7770e1771c,EDINBURGH_DS7545_HUMAN_PLASMA_NANOOMICS,P04004,R4_EDINBURGH_SGO_20210324_6pm_KostarelosK_OkweloguE_EO34,0.8333333333333334,0.8598844595177332
T193_OUTER_03,University of Edinburgh-led controlled human exposure study,SEQUENCE_RIDGE_COMPOSITION_ONLY,T193_411fa777bcbeb08dffad,EDINBURGH_DS7545_HUMAN_PLASMA_NANOOMICS,P05556,R4_EDINBURGH_SGO_20210324_6pm_KostarelosK_OkweloguE_EO34,0.0,0.08231200658080243
T193_OUTER_03,University of Edinburgh-led controlled human exposure study,SEQUENCE_RIDGE_COMPOSITION_ONLY,T193_427782fb2ac5d58daad5,EDINBURGH_DS7545_HUMAN_PLASMA_NANOOMICS,Q04695,R4_EDINBURGH_SGO_20210324_6pm_KostarelosK_OkweloguE_EO34,0.7222222222222222,0.1674135907707586
T193_OUTER_03,University of Edinburgh-led controlled human exposure study,SEQUENCE_RIDGE_COMPOSITION_ONLY,T193_498556bd77c5af7d2049,EDINBURGH_DS7545_HUMAN_PLASMA_NANOOMICS,P60174,R4_EDINBURGH_SGO_20210324_6pm_KostarelosK_OkweloguE_EO34,0.9444444444444444,0.34938150693543024
T193_OUTER_03,University of Edinburgh-led controlled human exposure study,SEQUENCE_RIDGE_COMPOSITION_ONLY,T193_4e584cdee2ce5a9c011b,EDINBURGH_DS7545_HUMAN_PLASMA_NANOOMICS,P26038,R4_EDINBURGH_SGO_20210324_6pm_KostarelosK_OkweloguE_EO34,0.5555555555555556,0.3693766378005806
T193_OUTER_03,University of Edinburgh-led controlled human exposure study,SEQUENCE_RIDGE_COMPOSITION_ONLY,T193_59ee1885df219bda139f,EDINBURGH_DS7545_HUMAN_PLASMA_NANOOMICS,P04264,R4_EDINBURGH_SGO_20210324_6pm_KostarelosK_OkweloguE_EO34,0.8888888888888888,0.6697206876244565
T193_OUTER_03,University of Edinburgh-led controlled human exposure study,SEQUENCE_RIDGE_COMPOSITION_ONLY,T193_b4c1804dd826c4665673,EDINBURGH_DS7545_HUMAN_PLASMA_NANOOMICS,P06396,R4_EDINBURGH_SGO_20210324_6pm_KostarelosK_OkweloguE_EO34,0.6666666666666666,0.9179048473409984
T193_OUTER_03,University of Edinburgh-led controlled human exposure study,SEQUENCE_RIDGE_COMPOSITION_ONLY,T193_c2e9822e51bf0e1fc6a0,EDINBURGH_DS7545_HUMAN_PLASMA_NANOOMICS,Q9HDC9,R4_EDINBURGH_SGO_20210324_6pm_KostarelosK_OkweloguE_EO34,0.4444444444444444,0.4435091854181341
T193_OUTER_03,University of Edinburgh-led controlled human exposure study,SEQUENCE_RIDGE_COMPOSITION_ONLY,T193_26941317403a3d3ddbb7,EDINBURGH_DS7545_HUMAN_PLASMA_NANOOMICS,P26038,R4_EDINBURGH_SGO_20210324_6pm_KostarelosK_OkweloguE_EO4,0.7777777777777778,0.3693766378005806
T193_OUTER_03,University of Edinburgh-led controlled human exposure study,SEQUENCE_RIDGE_COMPOSITION_ONLY,T193_4c163754f8aee09908fd,EDINBURGH_DS7545_HUMAN_PLASMA_NANOOMICS,P60174,R4_EDINBURGH_SGO_20210324_6pm_KostarelosK_OkweloguE_EO4,0.0,0.34938150693543024
T193_OUTER_03,University of Edinburgh-led controlled human exposure study,SEQUENCE_RIDGE_COMPOSITION_ONLY,T193_704e5ed8f8f2ff5f0c53,EDINBURGH_DS7545_HUMAN_PLASMA_NANOOMICS,Q04695,R4_EDINBURGH_SGO_20210324_6pm_KostarelosK_OkweloguE_EO4,0.8333333333333334,0.1674135907707586
T193_OUTER_03,University of Edinburgh-led controlled human exposure study,SEQUENCE_RIDGE_COMPOSITION_ONLY,T193_844c5b466a803417b988,EDINBURGH_DS7545_HUMAN_PLASMA_NANOOMICS,P04004,R4_EDINBURGH_SGO_20210324_6pm_KostarelosK_OkweloguE_EO4,0.9444444444444444,0.8598844595177332
T193_OUTER_03,University of Edinburgh-led controlled human exposure study,SEQUENCE_RIDGE_COMPOSITION_ONLY,T193_8e001a7c37eb4dd1bbd6,EDINBURGH_DS7545_HUMAN_PLASMA_NANOOMICS,P05556,R4_EDINBURGH_SGO_20210324_6pm_KostarelosK_OkweloguE_EO4,0.3333333333333333,0.08231200658080243
T193_OUTER_03,University of Edinburgh-led controlled human exposure study,SEQUENCE_RIDGE_COMPOSITION_ONLY,T193_a22253d8b6252563ddf5,EDINBURGH_DS7545_HUMAN_PLASMA_NANOOMICS,P04264,R4_EDINBURGH_SGO_20210324_6pm_KostarelosK_OkweloguE_EO4,1.0,0.6697206876244565
T193_OUTER_03,University of Edinburgh-led controlled human exposure study,SEQUENCE_RIDGE_COMPOSITION_ONLY,T193_a5a2302d4b6e5a702bb1,EDINBURGH_DS7545_HUMAN_PLASMA_NANOOMICS,P06396,R4_EDINBURGH_SGO_20210324_6pm_KostarelosK_OkweloguE_EO4,0.5555555555555556,0.9179048473409984
T193_OUTER_03,University of Edinburgh-led controlled human exposure study,SEQUENCE_RIDGE_COMPOSITION_ONLY,T193_fb96f014aedac54f493b,EDINBURGH_DS7545_HUMAN_PLASMA_NANOOMICS,Q9HDC9,R4_EDINBURGH_SGO_20210324_6pm_KostarelosK_OkweloguE_EO4,0.05555555555555555,0.4435091854181341
T193_OUTER_03,University of Edinburgh-led controlled human exposure study,SEQUENCE_RIDGE_COMPOSITION_ONLY,T193_3cf6f908793f9037326f,EDINBURGH_DS7545_HUMAN_PLASMA_NANOOMICS,P06396,R4_EDINBURGH_SGO_20210324_6pm_KostarelosK_OkweloguE_EO43,0.5294117647058824,0.9179048473409984
T193_OUTER_03,University of Edinburgh-led controlled human exposure study,SEQUENCE_RIDGE_COMPOSITION_ONLY,T193_47ad744f82ed485b0aec,EDINBURGH_DS7545_HUMAN_PLASMA_NANOOMICS,P04004,R4_EDINBURGH_SGO_20210324_6pm_KostarelosK_OkweloguE_EO43,0.8823529411764706,0.8598844595177332
T193_OUTER_03,University of Edinburgh-led controlled human exposure study,SEQUENCE_RIDGE_COMPOSITION_ONLY,T193_8488f17ec73ba2f63f07,EDINBURGH_DS7545_HUMAN_PLASMA_NANOOMICS,P04264,R4_EDINBURGH_SGO_20210324_6pm_KostarelosK_OkweloguE_EO43,1.0,0.6697206876244565
T193_OUTER_03,University of Edinburgh-led controlled human exposure study,SEQUENCE_RIDGE_COMPOSITION_ONLY,T193_9d79767840763a6ec70d,EDINBURGH_DS7545_HUMAN_PLASMA_NANOOMICS,P26038,R4_EDINBURGH_SGO_20210324_6pm_KostarelosK_OkweloguE_EO43,0.5882352941176471,0.3693766378005806
T193_OUTER_03,University of Edinburgh-led controlled human exposure study,SEQUENCE_RIDGE_COMPOSITION_ONLY,T193_c634cda072cfcad2220c,EDINBURGH_DS7545_HUMAN_PLASMA_NANOOMICS,Q04695,R4_EDINBURGH_SGO_20210324_6pm_KostarelosK_OkweloguE_EO43,0.9411764705882353,0.1674135907707586
T193_OUTER_03,University of Edinburgh-led controlled human exposure study,SEQUENCE_RIDGE_COMPOSITION_ONLY,T193_db6f0a2cd8f53dd4223b,EDINBURGH_DS7545_HUMAN_PLASMA_NANOOMICS,Q9HDC9,R4_EDINBURGH_SGO_20210324_6pm_KostarelosK_OkweloguE_EO43,0.7058823529411765,0.4435091854181341
T193_OUTER_03,University of Edinburgh-led controlled human exposure study,SEQUENCE_RIDGE_COMPOSITION_ONLY,T193_ea207d91e2abd0685dd6,EDINBURGH_DS7545_HUMAN_PLASMA_NANOOMICS,P05556,R4_EDINBURGH_SGO_20210324_6pm_KostarelosK_OkweloguE_EO43,0.23529411764705882,0.08231200658080243
T193_OUTER_03,University of Edinburgh-led controlled human exposure study,SEQUENCE_RIDGE_COMPOSITION_ONLY,T193_41d911a09196e7f90815,EDINBURGH_DS7545_HUMAN_PLASMA_NANOOMICS,P60174,R4_EDINBURGH_SGO_20210324_6pm_KostarelosK_OkweloguE_EO52,0.0,0.34938150693543024
T193_OUTER_03,University of Edinburgh-led controlled human exposure study,SEQUENCE_RIDGE_COMPOSITION_ONLY,T193_4d6f2a134613f447a832,EDINBURGH_DS7545_HUMAN_PLASMA_NANOOMICS,P05556,R4_EDINBURGH_SGO_20210324_6pm_KostarelosK_OkweloguE_EO52,0.47058823529411764,0.08231200658080243
T193_OUTER_03,University of Edinburgh-led controlled human exposure study,SEQUENCE_RIDGE_COMPOSITION_ONLY,T193_503310596929b59db31c,EDINBURGH_DS7545_HUMAN_PLASMA_NANOOMICS,P06396,R4_EDINBURGH_SGO_20210324_6pm_KostarelosK_OkweloguE_EO52,0.5882352941176471,0.9179048473409984
T193_OUTER_03,University of Edinburgh-led controlled human exposure study,SEQUENCE_RIDGE_COMPOSITION_ONLY,T193_73af5a7e1b99fb83e444,EDINBURGH_DS7545_HUMAN_PLASMA_NANOOMICS,P04264,R4_EDINBURGH_SGO_20210324_6pm_KostarelosK_OkweloguE_EO52,1.0,0.6697206876244565
T193_OUTER_03,University of Edinburgh-led controlled human exposure study,SEQUENCE_RIDGE_COMPOSITION_ONLY,T193_882159de8073fd407b55,EDINBURGH_DS7545_HUMAN_PLASMA_NANOOMICS,P04004,R4_EDINBURGH_SGO_20210324_6pm_KostarelosK_OkweloguE_EO52,0.9411764705882353,0.8598844595177332
T193_OUTER_03,University of Edinburgh-led controlled human exposure study,SEQUENCE_RIDGE_COMPOSITION_ONLY,T193_aaa90f15b021db73e874,EDINBURGH_DS7545_HUMAN_PLASMA_NANOOMICS,Q04695,R4_EDINBURGH_SGO_20210324_6pm_KostarelosK_OkweloguE_EO52,0.8235294117647058,0.1674135907707586
T193_OUTER_03,University of Edinburgh-led controlled human exposure study,SEQUENCE_RIDGE_COMPOSITION_ONLY,T193_c1c8b1d8021f905757cc,EDINBURGH_DS7545_HUMAN_PLASMA_NANOOMICS,P26038,R4_EDINBURGH_SGO_20210324_6pm_KostarelosK_OkweloguE_EO52,0.7058823529411765,0.3693766378005806
T193_OUTER_03,University of Edinburgh-led controlled human exposure study,SEQUENCE_RIDGE_COMPOSITION_ONLY,T193_d4bd98b9b54888c7f9c8,EDINBURGH_DS7545_HUMAN_PLASMA_NANOOMICS,Q9HDC9,R4_EDINBURGH_SGO_20210324_6pm_KostarelosK_OkweloguE_EO52,0.7647058823529411,0.4435091854181341
T193_OUTER_03,University of Edinburgh-led controlled human exposure study,SEQUENCE_RIDGE_COMPOSITION_ONLY,T193_0b0b7b180f7ec6b05cfe,EDINBURGH_DS7545_HUMAN_PLASMA_NANOOMICS,P06396,R4_EDINBURGH_SGO_20210324_6pm_KostarelosK_OkweloguE_EO64,0.6470588235294118,0.9179048473409984
T193_OUTER_03,University of Edinburgh-led controlled human exposure study,SEQUENCE_RIDGE_COMPOSITION_ONLY,T193_40c365ff80cac41aa4d1,EDINBURGH_DS7545_HUMAN_PLASMA_NANOOMICS,Q9HDC9,R4_EDINBURGH_SGO_20210324_6pm_KostarelosK_OkweloguE_EO64,0.4117647058823529,0.4435091854181341
T193_OUTER_03,University of Edinburgh-led controlled human exposure study,SEQUENCE_RIDGE_COMPOSITION_ONLY,T193_4bb8594d336c9aac5bfb,EDINBURGH_DS7545_HUMAN_PLASMA_NANOOMICS,P04004,R4_EDINBURGH_SGO_20210324_6pm_KostarelosK_OkweloguE_EO64,0.9411764705882353,0.8598844595177332
T193_OUTER_03,University of Edinburgh-led controlled human exposure study,SEQUENCE_RIDGE_COMPOSITION_ONLY,T193_4c49fbd94218d84bed5b,EDINBURGH_DS7545_HUMAN_PLASMA_NANOOMICS,P60174,R4_EDINBURGH_SGO_20210324_6pm_KostarelosK_OkweloguE_EO64,0.058823529411764705,0.34938150693543024
T193_OUTER_03,University of Edinburgh-led controlled human exposure study,SEQUENCE_RIDGE_COMPOSITION_ONLY,T193_4ce0a8deabdc6e1ea247,EDINBURGH_DS7545_HUMAN_PLASMA_NANOOMICS,P26038,R4_EDINBURGH_SGO_20210324_6pm_KostarelosK_OkweloguE_EO64,0.7647058823529411,0.3693766378005806
T193_OUTER_03,University of Edinburgh-led controlled human exposure study,SEQUENCE_RIDGE_COMPOSITION_ONLY,T193_6f7d6e715b708e3fa52c,EDINBURGH_DS7545_HUMAN_PLASMA_NANOOMICS,Q04695,R4_EDINBURGH_SGO_20210324_6pm_KostarelosK_OkweloguE_EO64,0.8823529411764706,0.1674135907707586
T193_OUTER_03,University of Edinburgh-led controlled human exposure study,SEQUENCE_RIDGE_COMPOSITION_ONLY,T193_7506672c7f96cbd5a2e0,EDINBURGH_DS7545_HUMAN_PLASMA_NANOOMICS,P05556,R4_EDINBURGH_SGO_20210324_6pm_KostarelosK_OkweloguE_EO64,0.47058823529411764,0.08231200658080243
T193_OUTER_03,University of Edinburgh-led controlled human exposure study,SEQUENCE_RIDGE_COMPOSITION_ONLY,T193_f2ff291c02dbedfa69f2,EDINBURGH_DS7545_HUMAN_PLASMA_NANOOMICS,P04264,R4_EDINBURGH_SGO_20210324_6pm_KostarelosK_OkweloguE_EO64,1.0,0.6697206876244565
T193_OUTER_03,University of Edinburgh-led controlled human exposure study,SEQUENCE_RIDGE_COMPOSITION_ONLY,T193_0a97c5945a108f2a9f74,EDINBURGH_DS7545_HUMAN_PLASMA_NANOOMICS,Q9HDC9,R4_EDINBURGH_SGO_20210324_6pm_KostarelosK_OkweloguE_EO66,0.6666666666666666,0.4435091854181341
T193_OUTER_03,University of Edinburgh-led controlled human exposure study,SEQUENCE_RIDGE_COMPOSITION_ONLY,T193_3e85a991e4003b2e6b3c,EDINBURGH_DS7545_HUMAN_PLASMA_NANOOMICS,P06396,R4_EDINBURGH_SGO_20210324_6pm_KostarelosK_OkweloguE_EO66,0.5555555555555556,0.9179048473409984
T193_OUTER_03,University of Edinburgh-led controlled human exposure study,SEQUENCE_RIDGE_COMPOSITION_ONLY,T193_5e85ceca7db01cde520f,EDINBURGH_DS7545_HUMAN_PLASMA_NANOOMICS,P60174,R4_EDINBURGH_SGO_20210324_6pm_KostarelosK_OkweloguE_EO66,0.05555555555555555,0.34938150693543024
T193_OUTER_03,University of Edinburgh-led controlled human exposure study,SEQUENCE_RIDGE_COMPOSITION_ONLY,T193_8ac6590c361267284dad,EDINBURGH_DS7545_HUMAN_PLASMA_NANOOMICS,P05556,R4_EDINBURGH_SGO_20210324_6pm_KostarelosK_OkweloguE_EO66,0.4444444444444444,0.08231200658080243
T193_OUTER_03,University of Edinburgh-led controlled human exposure study,SEQUENCE_RIDGE_COMPOSITION_ONLY,T193_8b8ffd1e6eff37a940aa,EDINBURGH_DS7545_HUMAN_PLASMA_NANOOMICS,P04264,R4_EDINBURGH_SGO_20210324_6pm_KostarelosK_OkweloguE_EO66,1.0,0.6697206876244565
T193_OUTER_03,University of Edinburgh-led controlled human exposure study,SEQUENCE_RIDGE_COMPOSITION_ONLY,T193_9e116dfead3138eb3bec,EDINBURGH_DS7545_HUMAN_PLASMA_NANOOMICS,P04004,R4_EDINBURGH_SGO_20210324_6pm_KostarelosK_OkweloguE_EO66,0.9444444444444444,0.8598844595177332
T193_OUTER_03,University of Edinburgh-led controlled human exposure study,SEQUENCE_RIDGE_COMPOSITION_ONLY,T193_dc77a9597f66adfea435,EDINBURGH_DS7545_HUMAN_PLASMA_NANOOMICS,P26038,R4_EDINBURGH_SGO_20210324_6pm_KostarelosK_OkweloguE_EO66,0.5,0.3693766378005806
T193_OUTER_03,University of Edinburgh-led controlled human exposure study,SEQUENCE_RIDGE_COMPOSITION_ONLY,T193_ef0f58f6ace6d9b89aca,EDINBURGH_DS7545_HUMAN_PLASMA_NANOOMICS,Q04695,R4_EDINBURGH_SGO_20210324_6pm_KostarelosK_OkweloguE_EO66,0.8888888888888888,0.1674135907707586
T193_OUTER_03,University of Edinburgh-led controlled human exposure study,SEQUENCE_RIDGE_COMPOSITION_ONLY,T193_406f393d22734e03f5f4,EDINBURGH_DS7545_HUMAN_PLASMA_NANOOMICS,P04004,R4_EDINBURGH_SGO_20210324_6pm_KostarelosK_OkweloguE_EO73,0.9444444444444444,0.8598844595177332
T193_OUTER_03,University of Edinburgh-led controlled human exposure study,SEQUENCE_RIDGE_COMPOSITION_ONLY,T193_494811acefa52828459a,EDINBURGH_DS7545_HUMAN_PLASMA_NANOOMICS,P60174,R4_EDINBURGH_SGO_20210324_6pm_KostarelosK_OkweloguE_EO73,0.0,0.34938150693543024
T193_OUTER_03,University of Edinburgh-led controlled human exposure study,SEQUENCE_RIDGE_COMPOSITION_ONLY,T193_522990474dca32b1f4cd,EDINBURGH_DS7545_HUMAN_PLASMA_NANOOMICS,P26038,R4_EDINBURGH_SGO_20210324_6pm_KostarelosK_OkweloguE_EO73,0.7222222222222222,0.3693766378005806
T193_OUTER_03,University of Edinburgh-led controlled human exposure study,SEQUENCE_RIDGE_COMPOSITION_ONLY,T193_82d045c6e85e1e30dec5,EDINBURGH_DS7545_HUMAN_PLASMA_NANOOMICS,P05556,R4_EDINBURGH_SGO_20210324_6pm_KostarelosK_OkweloguE_EO73,0.4444444444444444,0.08231200658080243
T193_OUTER_03,University of Edinburgh-led controlled human exposure study,SEQUENCE_RIDGE_COMPOSITION_ONLY,T193_87b062ad8be26288bb58,EDINBURGH_DS7545_HUMAN_PLASMA_NANOOMICS,Q9HDC9,R4_EDINBURGH_SGO_20210324_6pm_KostarelosK_OkweloguE_EO73,0.3333333333333333,0.4435091854181341
T193_OUTER_03,University of Edinburgh-led controlled human exposure study,SEQUENCE_RIDGE_COMPOSITION_ONLY,T193_8c06aa5735cfbf9c625b,EDINBURGH_DS7545_HUMAN_PLASMA_NANOOMICS,P06396,R4_EDINBURGH_SGO_20210324_6pm_KostarelosK_OkweloguE_EO73,0.7777777777777778,0.9179048473409984
T193_OUTER_03,University of Edinburgh-led controlled human exposure study,SEQUENCE_RIDGE_COMPOSITION_ONLY,T193_942da917800666f3563c,EDINBURGH_DS7545_HUMAN_PLASMA_NANOOMICS,Q04695,R4_EDINBURGH_SGO_20210324_6pm_KostarelosK_OkweloguE_EO73,0.8333333333333334,0.1674135907707586
T193_OUTER_03,University of Edinburgh-led controlled human exposure study,SEQUENCE_RIDGE_COMPOSITION_ONLY,T193_d94ab893692feaf4e54f,EDINBURGH_DS7545_HUMAN_PLASMA_NANOOMICS,P04264,R4_EDINBURGH_SGO_20210324_6pm_KostarelosK_OkweloguE_EO73,1.0,0.6697206876244565
T193_OUTER_03,University of Edinburgh-led controlled human exposure study,SEQUENCE_RIDGE_COMPOSITION_ONLY,T193_00dd0b86858e08588ef2,EDINBURGH_DS7545_HUMAN_PLASMA_NANOOMICS,P26038,R4_EDINBURGH_SGO_20210324_6pm_KostarelosK_OkweloguE_EO83,0.6111111111111112,0.3693766378005806
T193_OUTER_03,University of Edinburgh-led controlled human exposure study,SEQUENCE_RIDGE_COMPOSITION_ONLY,T193_2ee0fd2a3ab6b096198c,EDINBURGH_DS7545_HUMAN_PLASMA_NANOOMICS,P04004,R4_EDINBURGH_SGO_20210324_6pm_KostarelosK_OkweloguE_EO83,0.9444444444444444,0.8598844595177332
T193_OUTER_03,University of Edinburgh-led controlled human exposure study,SEQUENCE_RIDGE_COMPOSITION_ONLY,T193_384d33415db3daf1979d,EDINBURGH_DS7545_HUMAN_PLASMA_NANOOMICS,P04264,R4_EDINBURGH_SGO_20210324_6pm_KostarelosK_OkweloguE_EO83,1.0,0.6697206876244565
T193_OUTER_03,University of Edinburgh-led controlled human exposure study,SEQUENCE_RIDGE_COMPOSITION_ONLY,T193_4084c3df7e6f2a9a2160,EDINBURGH_DS7545_HUMAN_PLASMA_NANOOMICS,P60174,R4_EDINBURGH_SGO_20210324_6pm_KostarelosK_OkweloguE_EO83,0.0,0.34938150693543024
T193_OUTER_03,University of Edinburgh-led controlled human exposure study,SEQUENCE_RIDGE_COMPOSITION_ONLY,T193_49726d9d2f55e3ad8561,EDINBURGH_DS7545_HUMAN_PLASMA_NANOOMICS,Q04695,R4_EDINBURGH_SGO_20210324_6pm_KostarelosK_OkweloguE_EO83,0.7777777777777778,0.1674135907707586
T193_OUTER_03,University of Edinburgh-led controlled human exposure study,SEQUENCE_RIDGE_COMPOSITION_ONLY,T193_5136349010db9a27a13f,EDINBURGH_DS7545_HUMAN_PLASMA_NANOOMICS,P06396,R4_EDINBURGH_SGO_20210324_6pm_KostarelosK_OkweloguE_EO83,0.7222222222222222,0.9179048473409984
T193_OUTER_03,University of Edinburgh-led controlled human exposure study,SEQUENCE_RIDGE_COMPOSITION_ONLY,T193_5d19d92c8f5636a513c8,EDINBURGH_DS7545_HUMAN_PLASMA_NANOOMICS,P05556,R4_EDINBURGH_SGO_20210324_6pm_KostarelosK_OkweloguE_EO83,0.2777777777777778,0.08231200658080243
T193_OUTER_03,University of Edinburgh-led controlled human exposure study,SEQUENCE_RIDGE_COMPOSITION_ONLY,T193_9310f0cb2cb5cabdc06a,EDINBURGH_DS7545_HUMAN_PLASMA_NANOOMICS,Q9HDC9,R4_EDINBURGH_SGO_20210324_6pm_KostarelosK_OkweloguE_EO83,0.2222222222222222,0.4435091854181341
T193_OUTER_03,University of Edinburgh-led controlled human exposure study,SEQUENCE_RIDGE_COMPOSITION_ONLY,T193_18fd1a6e75e0acdf0163,EDINBURGH_DS7545_HUMAN_PLASMA_NANOOMICS,P26038,R4_EDINBURGH_SGO_20210324_6pm_KostarelosK_OkweloguE_EO88,0.5882352941176471,0.3693766378005806
T193_OUTER_03,University of Edinburgh-led controlled human exposure study,SEQUENCE_RIDGE_COMPOSITION_ONLY,T193_26aae440e3bbd4c485c8,EDINBURGH_DS7545_HUMAN_PLASMA_NANOOMICS,Q04695,R4_EDINBURGH_SGO_20210324_6pm_KostarelosK_OkweloguE_EO88,0.8823529411764706,0.1674135907707586
T193_OUTER_03,University of Edinburgh-led controlled human exposure study,SEQUENCE_RIDGE_COMPOSITION_ONLY,T193_4d819ba3395f5cac1797,EDINBURGH_DS7545_HUMAN_PLASMA_NANOOMICS,P06396,R4_EDINBURGH_SGO_20210324_6pm_KostarelosK_OkweloguE_EO88,0.23529411764705882,0.9179048473409984
T193_OUTER_03,University of Edinburgh-led controlled human exposure study,SEQUENCE_RIDGE_COMPOSITION_ONLY,T193_5214642499270e327f2a,EDINBURGH_DS7545_HUMAN_PLASMA_NANOOMICS,Q9HDC9,R4_EDINBURGH_SGO_20210324_6pm_KostarelosK_OkweloguE_EO88,0.7647058823529411,0.4435091854181341
T193_OUTER_03,University of Edinburgh-led controlled human exposure study,SEQUENCE_RIDGE_COMPOSITION_ONLY,T193_589561e2cf8d7390379e,EDINBURGH_DS7545_HUMAN_PLASMA_NANOOMICS,P05556,R4_EDINBURGH_SGO_20210324_6pm_KostarelosK_OkweloguE_EO88,0.4117647058823529,0.08231200658080243
T193_OUTER_03,University of Edinburgh-led controlled human exposure study,SEQUENCE_RIDGE_COMPOSITION_ONLY,T193_613a4cf65b764c20be04,EDINBURGH_DS7545_HUMAN_PLASMA_NANOOMICS,P04004,R4_EDINBURGH_SGO_20210324_6pm_KostarelosK_OkweloguE_EO88,0.9411764705882353,0.8598844595177332
T193_OUTER_03,University of Edinburgh-led controlled human exposure study,SEQUENCE_RIDGE_COMPOSITION_ONLY,T193_dc895581842c46b0d112,EDINBURGH_DS7545_HUMAN_PLASMA_NANOOMICS,P04264,R4_EDINBURGH_SGO_20210324_6pm_KostarelosK_OkweloguE_EO88,1.0,0.6697206876244565
T193_OUTER_03,University of Edinburgh-led controlled human exposure study,SEQUENCE_RIDGE_COMPOSITION_ONLY,T193_14f439f2d3dbed8b234f,EDINBURGH_DS7545_HUMAN_PLASMA_NANOOMICS,P26038,R4_EDINBURGH_SGO_20210324_6pm_KostarelosK_OkweloguE_EO94,0.6875,0.3693766378005806
T193_OUTER_03,University of Edinburgh-led controlled human exposure study,SEQUENCE_RIDGE_COMPOSITION_ONLY,T193_1b870b68fb55eb132857,EDINBURGH_DS7545_HUMAN_PLASMA_NANOOMICS,P04004,R4_EDINBURGH_SGO_20210324_6pm_KostarelosK_OkweloguE_EO94,0.9375,0.8598844595177332
T193_OUTER_03,University of Edinburgh-led controlled human exposure study,SEQUENCE_RIDGE_COMPOSITION_ONLY,T193_3c9b60fb8c418011d72f,EDINBURGH_DS7545_HUMAN_PLASMA_NANOOMICS,P60174,R4_EDINBURGH_SGO_20210324_6pm_KostarelosK_OkweloguE_EO94,0.125,0.34938150693543024
T193_OUTER_03,University of Edinburgh-led controlled human exposure study,SEQUENCE_RIDGE_COMPOSITION_ONLY,T193_81b910e4c3539a2860ca,EDINBURGH_DS7545_HUMAN_PLASMA_NANOOMICS,Q04695,R4_EDINBURGH_SGO_20210324_6pm_KostarelosK_OkweloguE_EO94,0.8125,0.1674135907707586
T193_OUTER_03,University of Edinburgh-led controlled human exposure study,SEQUENCE_RIDGE_COMPOSITION_ONLY,T193_96620b2ea1fdbd9dac76,EDINBURGH_DS7545_HUMAN_PLASMA_NANOOMICS,P05556,R4_EDINBURGH_SGO_20210324_6pm_KostarelosK_OkweloguE_EO94,0.375,0.08231200658080243
T193_OUTER_03,University of Edinburgh-led controlled human exposure study,SEQUENCE_RIDGE_COMPOSITION_ONLY,T193_a26c5a51535bf4e2943e,EDINBURGH_DS7545_HUMAN_PLASMA_NANOOMICS,P04264,R4_EDINBURGH_SGO_20210324_6pm_KostarelosK_OkweloguE_EO94,1.0,0.6697206876244565
T193_OUTER_03,University of Edinburgh-led controlled human exposure study,SEQUENCE_RIDGE_COMPOSITION_ONLY,T193_b3c7b225ad9c57908fc9,EDINBURGH_DS7545_HUMAN_PLASMA_NANOOMICS,Q9HDC9,R4_EDINBURGH_SGO_20210324_6pm_KostarelosK_OkweloguE_EO94,0.875,0.4435091854181341
T193_OUTER_03,University of Edinburgh-led controlled human exposure study,SEQUENCE_RIDGE_COMPOSITION_ONLY,T193_ba03cabac55145c51d01,EDINBURGH_DS7545_HUMAN_PLASMA_NANOOMICS,P06396,R4_EDINBURGH_SGO_20210324_6pm_KostarelosK_OkweloguE_EO94,0.75,0.9179048473409984
T193_OUTER_03,University of Edinburgh-led controlled human exposure study,SEQUENCE_RIDGE_COMPOSITION_ONLY,T193_379ff156e998a12dc89d,EDINBURGH_DS7545_HUMAN_PLASMA_NANOOMICS,P04264,R4_EDINBURGH_SGO_20210324_6pm_KostarelosK_OkweloguE_EO96,1.0,0.6697206876244565
T193_OUTER_03,University of Edinburgh-led controlled human exposure study,SEQUENCE_RIDGE_COMPOSITION_ONLY,T193_38d094d68e7eb9b37d21,EDINBURGH_DS7545_HUMAN_PLASMA_NANOOMICS,P26038,R4_EDINBURGH_SGO_20210324_6pm_KostarelosK_OkweloguE_EO96,0.7777777777777778,0.3693766378005806
T193_OUTER_03,University of Edinburgh-led controlled human exposure study,SEQUENCE_RIDGE_COMPOSITION_ONLY,T193_5086419d197565899db8,EDINBURGH_DS7545_HUMAN_PLASMA_NANOOMICS,Q9HDC9,R4_EDINBURGH_SGO_20210324_6pm_KostarelosK_OkweloguE_EO96,0.5,0.4435091854181341
T193_OUTER_03,University of Edinburgh-led controlled human exposure study,SEQUENCE_RIDGE_COMPOSITION_ONLY,T193_8a465419ee34ae64d7f3,EDINBURGH_DS7545_HUMAN_PLASMA_NANOOMICS,P06396,R4_EDINBURGH_SGO_20210324_6pm_KostarelosK_OkweloguE_EO96,0.6111111111111112,0.9179048473409984
T193_OUTER_03,University of Edinburgh-led controlled human exposure study,SEQUENCE_RIDGE_COMPOSITION_ONLY,T193_94829edc7a3591a850a2,EDINBURGH_DS7545_HUMAN_PLASMA_NANOOMICS,P04004,R4_EDINBURGH_SGO_20210324_6pm_KostarelosK_OkweloguE_EO96,0.9444444444444444,0.8598844595177332
T193_OUTER_03,University of Edinburgh-led controlled human exposure study,SEQUENCE_RIDGE_COMPOSITION_ONLY,T193_d554d966fb9954a4ff61,EDINBURGH_DS7545_HUMAN_PLASMA_NANOOMICS,P05556,R4_EDINBURGH_SGO_20210324_6pm_KostarelosK_OkweloguE_EO96,0.3888888888888889,0.08231200658080243
T193_OUTER_03,University of Edinburgh-led controlled human exposure study,SEQUENCE_RIDGE_COMPOSITION_ONLY,T193_e773aafc6c6a327b5598,EDINBURGH_DS7545_HUMAN_PLASMA_NANOOMICS,P60174,R4_EDINBURGH_SGO_20210324_6pm_KostarelosK_OkweloguE_EO96,0.0,0.34938150693543024
T193_OUTER_03,University of Edinburgh-led controlled human exposure study,SEQUENCE_RIDGE_COMPOSITION_ONLY,T193_ffaf454c04a030610a5e,EDINBURGH_DS7545_HUMAN_PLASMA_NANOOMICS,Q04695,R4_EDINBURGH_SGO_20210324_6pm_KostarelosK_OkweloguE_EO96,0.8888888888888888,0.1674135907707586
T193_OUTER_03,University of Edinburgh-led controlled human exposure study,SEQUENCE_RIDGE_COMPOSITION_ONLY,T193_15a1db32a4333d3ad45d,EDINBURGH_DS7545_HUMAN_PLASMA_NANOOMICS,Q9HDC9,R4_EDINBURGH_SGO_20210324_6pm_KostarelosK_OkweloguE_EO97,0.6111111111111112,0.4435091854181341
T193_OUTER_03,University of Edinburgh-led controlled human exposure study,SEQUENCE_RIDGE_COMPOSITION_ONLY,T193_22bad6fc59ea438485a1,EDINBURGH_DS7545_HUMAN_PLASMA_NANOOMICS,Q04695,R4_EDINBURGH_SGO_20210324_6pm_KostarelosK_OkweloguE_EO97,0.8888888888888888,0.1674135907707586
T193_OUTER_03,University of Edinburgh-led controlled human exposure study,SEQUENCE_RIDGE_COMPOSITION_ONLY,T193_29edb9d3f3c0bdd437fb,EDINBURGH_DS7545_HUMAN_PLASMA_NANOOMICS,P06396,R4_EDINBURGH_SGO_20210324_6pm_KostarelosK_OkweloguE_EO97,0.2777777777777778,0.9179048473409984
T193_OUTER_03,University of Edinburgh-led controlled human exposure study,SEQUENCE_RIDGE_COMPOSITION_ONLY,T193_2b7ce379311779656b23,EDINBURGH_DS7545_HUMAN_PLASMA_NANOOMICS,P26038,R4_EDINBURGH_SGO_20210324_6pm_KostarelosK_OkweloguE_EO97,0.7777777777777778,0.3693766378005806
T193_OUTER_03,University of Edinburgh-led controlled human exposure study,SEQUENCE_RIDGE_COMPOSITION_ONLY,T193_3b0c75951273f0e48eb0,EDINBURGH_DS7545_HUMAN_PLASMA_NANOOMICS,P60174,R4_EDINBURGH_SGO_20210324_6pm_KostarelosK_OkweloguE_EO97,0.05555555555555555,0.34938150693543024
T193_OUTER_03,University of Edinburgh-led controlled human exposure study,SEQUENCE_RIDGE_COMPOSITION_ONLY,T193_630d236c1546baced269,EDINBURGH_DS7545_HUMAN_PLASMA_NANOOMICS,P04004,R4_EDINBURGH_SGO_20210324_6pm_KostarelosK_OkweloguE_EO97,0.9444444444444444,0.8598844595177332
T193_OUTER_03,University of Edinburgh-led controlled human exposure study,SEQUENCE_RIDGE_COMPOSITION_ONLY,T193_ba7b542fedb09723a679,EDINBURGH_DS7545_HUMAN_PLASMA_NANOOMICS,P05556,R4_EDINBURGH_SGO_20210324_6pm_KostarelosK_OkweloguE_EO97,0.2222222222222222,0.08231200658080243
T193_OUTER_03,University of Edinburgh-led controlled human exposure study,SEQUENCE_RIDGE_COMPOSITION_ONLY,T193_c800641f4d70a92137e2,EDINBURGH_DS7545_HUMAN_PLASMA_NANOOMICS,P04264,R4_EDINBURGH_SGO_20210324_6pm_KostarelosK_OkweloguE_EO97,1.0,0.6697206876244565
T193_OUTER_03,University of Edinburgh-led controlled human exposure study,SEQUENCE_RIDGE_COMPOSITION_ONLY,T193_211eabb40a0b1de924ec,EDINBURGH_DS7545_HUMAN_PLASMA_NANOOMICS,Q9HDC9,R4_EDINBURGH_USGO_20210324_6pm_KostarelosK_OkweloguE_EO106,0.7777777777777778,0.4435091854181341
T193_OUTER_03,University of Edinburgh-led controlled human exposure study,SEQUENCE_RIDGE_COMPOSITION_ONLY,T193_803a7e4bb5a20b4b9dcb,EDINBURGH_DS7545_HUMAN_PLASMA_NANOOMICS,P04264,R4_EDINBURGH_USGO_20210324_6pm_KostarelosK_OkweloguE_EO106,1.0,0.6697206876244565
T193_OUTER_03,University of Edinburgh-led controlled human exposure study,SEQUENCE_RIDGE_COMPOSITION_ONLY,T193_afe311ad098843df9d06,EDINBURGH_DS7545_HUMAN_PLASMA_NANOOMICS,P04004,R4_EDINBURGH_USGO_20210324_6pm_KostarelosK_OkweloguE_EO106,0.9444444444444444,0.8598844595177332
T193_OUTER_03,University of Edinburgh-led controlled human exposure study,SEQUENCE_RIDGE_COMPOSITION_ONLY,T193_b30a109b9a2f11b2bb02,EDINBURGH_DS7545_HUMAN_PLASMA_NANOOMICS,P60174,R4_EDINBURGH_USGO_20210324_6pm_KostarelosK_OkweloguE_EO106,0.2222222222222222,0.34938150693543024
T193_OUTER_03,University of Edinburgh-led controlled human exposure study,SEQUENCE_RIDGE_COMPOSITION_ONLY,T193_bb7ec9ba202e610d6671,EDINBURGH_DS7545_HUMAN_PLASMA_NANOOMICS,P05556,R4_EDINBURGH_USGO_20210324_6pm_KostarelosK_OkweloguE_EO106,0.5,0.08231200658080243
T193_OUTER_03,University of Edinburgh-led controlled human exposure study,SEQUENCE_RIDGE_COMPOSITION_ONLY,T193_c3cfa0fd5b135dd1614b,EDINBURGH_DS7545_HUMAN_PLASMA_NANOOMICS,P06396,R4_EDINBURGH_USGO_20210324_6pm_KostarelosK_OkweloguE_EO106,0.7222222222222222,0.9179048473409984
T193_OUTER_03,University of Edinburgh-led controlled human exposure study,SEQUENCE_RIDGE_COMPOSITION_ONLY,T193_cbfce3042adc66edd416,EDINBURGH_DS7545_HUMAN_PLASMA_NANOOMICS,Q04695,R4_EDINBURGH_USGO_20210324_6pm_KostarelosK_OkweloguE_EO106,0.5555555555555556,0.1674135907707586
T193_OUTER_03,University of Edinburgh-led controlled human exposure study,SEQUENCE_RIDGE_COMPOSITION_ONLY,T193_d91e1cfae412eb3e1a4e,EDINBURGH_DS7545_HUMAN_PLASMA_NANOOMICS,P26038,R4_EDINBURGH_USGO_20210324_6pm_KostarelosK_OkweloguE_EO106,0.8888888888888888,0.3693766378005806
T193_OUTER_03,University of Edinburgh-led controlled human exposure study,SEQUENCE_RIDGE_COMPOSITION_ONLY,T193_ebe61009c25b3051244e,EDINBURGH_DS7545_HUMAN_PLASMA_NANOOMICS,P07996,R4_EDINBURGH_USGO_20210324_6pm_KostarelosK_OkweloguE_EO106,0.6111111111111112,0.41468253037442887
T193_OUTER_03,University of Edinburgh-led controlled human exposure study,SEQUENCE_RIDGE_COMPOSITION_ONLY,T193_08bf8b327da1fcb19430,EDINBURGH_DS7545_HUMAN_PLASMA_NANOOMICS,P26038,R4_EDINBURGH_USGO_20210324_6pm_KostarelosK_OkweloguE_EO11,0.5263157894736842,0.3693766378005806
T193_OUTER_03,University of Edinburgh-led controlled human exposure study,SEQUENCE_RIDGE_COMPOSITION_ONLY,T193_10bbd8e6609afba3a69f,EDINBURGH_DS7545_HUMAN_PLASMA_NANOOMICS,Q04695,R4_EDINBURGH_USGO_20210324_6pm_KostarelosK_OkweloguE_EO11,0.9473684210526315,0.1674135907707586
T193_OUTER_03,University of Edinburgh-led controlled human exposure study,SEQUENCE_RIDGE_COMPOSITION_ONLY,T193_38a16deb8e4aa6dfcf34,EDINBURGH_DS7545_HUMAN_PLASMA_NANOOMICS,P04264,R4_EDINBURGH_USGO_20210324_6pm_KostarelosK_OkweloguE_EO11,1.0,0.6697206876244565
T193_OUTER_03,University of Edinburgh-led controlled human exposure study,SEQUENCE_RIDGE_COMPOSITION_ONLY,T193_4e3605aac73bae2cb125,EDINBURGH_DS7545_HUMAN_PLASMA_NANOOMICS,P07996,R4_EDINBURGH_USGO_20210324_6pm_KostarelosK_OkweloguE_EO11,0.47368421052631576,0.41468253037442887
T193_OUTER_03,University of Edinburgh-led controlled human exposure study,SEQUENCE_RIDGE_COMPOSITION_ONLY,T193_6abf43f4d00f40e9b95e,EDINBURGH_DS7545_HUMAN_PLASMA_NANOOMICS,P60174,R4_EDINBURGH_USGO_20210324_6pm_KostarelosK_OkweloguE_EO11,0.0,0.34938150693543024
T193_OUTER_03,University of Edinburgh-led controlled human exposure study,SEQUENCE_RIDGE_COMPOSITION_ONLY,T193_77fd675e45e693e17327,EDINBURGH_DS7545_HUMAN_PLASMA_NANOOMICS,P04004,R4_EDINBURGH_USGO_20210324_6pm_KostarelosK_OkweloguE_EO11,0.8947368421052632,0.8598844595177332
T193_OUTER_03,University of Edinburgh-led controlled human exposure study,SEQUENCE_RIDGE_COMPOSITION_ONLY,T193_ce284a4df645132a7b8f,EDINBURGH_DS7545_HUMAN_PLASMA_NANOOMICS,P05556,R4_EDINBURGH_USGO_20210324_6pm_KostarelosK_OkweloguE_EO11,0.631578947368421,0.08231200658080243
T193_OUTER_03,University of Edinburgh-led controlled human exposure study,SEQUENCE_RIDGE_COMPOSITION_ONLY,T193_f210d32cf2b27b8fa458,EDINBURGH_DS7545_HUMAN_PLASMA_NANOOMICS,P06396,R4_EDINBURGH_USGO_20210324_6pm_KostarelosK_OkweloguE_EO11,0.6842105263157895,0.9179048473409984
T193_OUTER_03,University of Edinburgh-led controlled human exposure study,SEQUENCE_RIDGE_COMPOSITION_ONLY,T193_f85adcc93b266ce1e594,EDINBURGH_DS7545_HUMAN_PLASMA_NANOOMICS,Q9HDC9,R4_EDINBURGH_USGO_20210324_6pm_KostarelosK_OkweloguE_EO11,0.10526315789473684,0.4435091854181341
T193_OUTER_03,University of Edinburgh-led controlled human exposure study,SEQUENCE_RIDGE_COMPOSITION_ONLY,T193_2c2a6af203b1e6daa696,EDINBURGH_DS7545_HUMAN_PLASMA_NANOOMICS,Q9HDC9,R4_EDINBURGH_USGO_20210324_6pm_KostarelosK_OkweloguE_EO111,0.6666666666666666,0.4435091854181341
T193_OUTER_03,University of Edinburgh-led controlled human exposure study,SEQUENCE_RIDGE_COMPOSITION_ONLY,T193_5e3487f246c3f4558dc5,EDINBURGH_DS7545_HUMAN_PLASMA_NANOOMICS,Q04695,R4_EDINBURGH_USGO_20210324_6pm_KostarelosK_OkweloguE_EO111,0.7777777777777778,0.1674135907707586
T193_OUTER_03,University of Edinburgh-led controlled human exposure study,SEQUENCE_RIDGE_COMPOSITION_ONLY,T193_72ad5b5177cb66a71577,EDINBURGH_DS7545_HUMAN_PLASMA_NANOOMICS,P26038,R4_EDINBURGH_USGO_20210324_6pm_KostarelosK_OkweloguE_EO111,0.5,0.3693766378005806
T193_OUTER_03,University of Edinburgh-led controlled human exposure study,SEQUENCE_RIDGE_COMPOSITION_ONLY,T193_74950baae970ab785eb5,EDINBURGH_DS7545_HUMAN_PLASMA_NANOOMICS,P04264,R4_EDINBURGH_USGO_20210324_6pm_KostarelosK_OkweloguE_EO111,1.0,0.6697206876244565
T193_OUTER_03,University of Edinburgh-led controlled human exposure study,SEQUENCE_RIDGE_COMPOSITION_ONLY,T193_7aa3db3afedfcedeaca5,EDINBURGH_DS7545_HUMAN_PLASMA_NANOOMICS,P04004,R4_EDINBURGH_USGO_20210324_6pm_KostarelosK_OkweloguE_EO111,0.9444444444444444,0.8598844595177332
T193_OUTER_03,University of Edinburgh-led controlled human exposure study,SEQUENCE_RIDGE_COMPOSITION_ONLY,T193_b9c1c3fbaf59588a586b,EDINBURGH_DS7545_HUMAN_PLASMA_NANOOMICS,P07996,R4_EDINBURGH_USGO_20210324_6pm_KostarelosK_OkweloguE_EO111,0.7222222222222222,0.41468253037442887
T193_OUTER_03,University of Edinburgh-led controlled human exposure study,SEQUENCE_RIDGE_COMPOSITION_ONLY,T193_d896f28436ec5ef219b6,EDINBURGH_DS7545_HUMAN_PLASMA_NANOOMICS,P05556,R4_EDINBURGH_USGO_20210324_6pm_KostarelosK_OkweloguE_EO111,0.5555555555555556,0.08231200658080243
T193_OUTER_03,University of Edinburgh-led controlled human exposure study,SEQUENCE_RIDGE_COMPOSITION_ONLY,T193_deb42c8a9ac26ed1abb5,EDINBURGH_DS7545_HUMAN_PLASMA_NANOOMICS,P06396,R4_EDINBURGH_USGO_20210324_6pm_KostarelosK_OkweloguE_EO111,0.8888888888888888,0.9179048473409984
T193_OUTER_03,University of Edinburgh-led controlled human exposure study,SEQUENCE_RIDGE_COMPOSITION_ONLY,T193_e877f2be7b3a90050769,EDINBURGH_DS7545_HUMAN_PLASMA_NANOOMICS,P60174,R4_EDINBURGH_USGO_20210324_6pm_KostarelosK_OkweloguE_EO111,0.2222222222222222,0.34938150693543024
T193_OUTER_03,University of Edinburgh-led controlled human exposure study,SEQUENCE_RIDGE_COMPOSITION_ONLY,T193_40140e1ef5a60146c638,EDINBURGH_DS7545_HUMAN_PLASMA_NANOOMICS,P06396,R4_EDINBURGH_USGO_20210324_6pm_KostarelosK_OkweloguE_EO112,0.7894736842105263,0.9179048473409984
T193_OUTER_03,University of Edinburgh-led controlled human exposure study,SEQUENCE_RIDGE_COMPOSITION_ONLY,T193_574da0da81fbfb1e02a1,EDINBURGH_DS7545_HUMAN_PLASMA_NANOOMICS,P05556,R4_EDINBURGH_USGO_20210324_6pm_KostarelosK_OkweloguE_EO112,0.3157894736842105,0.08231200658080243
T193_OUTER_03,University of Edinburgh-led controlled human exposure study,SEQUENCE_RIDGE_COMPOSITION_ONLY,T193_5a667f2fe6f833b6377b,EDINBURGH_DS7545_HUMAN_PLASMA_NANOOMICS,P04264,R4_EDINBURGH_USGO_20210324_6pm_KostarelosK_OkweloguE_EO112,1.0,0.6697206876244565
T193_OUTER_03,University of Edinburgh-led controlled human exposure study,SEQUENCE_RIDGE_COMPOSITION_ONLY,T193_a2aedef8617e43d23dc9,EDINBURGH_DS7545_HUMAN_PLASMA_NANOOMICS,P04004,R4_EDINBURGH_USGO_20210324_6pm_KostarelosK_OkweloguE_EO112,0.8947368421052632,0.8598844595177332
T193_OUTER_03,University of Edinburgh-led controlled human exposure study,SEQUENCE_RIDGE_COMPOSITION_ONLY,T193_ae1b772da03a85aa6808,EDINBURGH_DS7545_HUMAN_PLASMA_NANOOMICS,P07996,R4_EDINBURGH_USGO_20210324_6pm_KostarelosK_OkweloguE_EO112,0.631578947368421,0.41468253037442887
T193_OUTER_03,University of Edinburgh-led controlled human exposure study,SEQUENCE_RIDGE_COMPOSITION_ONLY,T193_b09c84e5ee3e7652db8a,EDINBURGH_DS7545_HUMAN_PLASMA_NANOOMICS,P26038,R4_EDINBURGH_USGO_20210324_6pm_KostarelosK_OkweloguE_EO112,0.5789473684210527,0.3693766378005806
T193_OUTER_03,University of Edinburgh-led controlled human exposure study,SEQUENCE_RIDGE_COMPOSITION_ONLY,T193_d7bc89d5fbd0da15a348,EDINBURGH_DS7545_HUMAN_PLASMA_NANOOMICS,Q04695,R4_EDINBURGH_USGO_20210324_6pm_KostarelosK_OkweloguE_EO112,0.9473684210526315,0.1674135907707586
T193_OUTER_03,University of Edinburgh-led controlled human exposure study,SEQUENCE_RIDGE_COMPOSITION_ONLY,T193_fa5ea129b9354d92aeaa,EDINBURGH_DS7545_HUMAN_PLASMA_NANOOMICS,Q9HDC9,R4_EDINBURGH_USGO_20210324_6pm_KostarelosK_OkweloguE_EO112,0.8421052631578947,0.4435091854181341
T193_OUTER_03,University of Edinburgh-led controlled human exposure study,SEQUENCE_RIDGE_COMPOSITION_ONLY,T193_fa712d2fa9154844e77e,EDINBURGH_DS7545_HUMAN_PLASMA_NANOOMICS,P60174,R4_EDINBURGH_USGO_20210324_6pm_KostarelosK_OkweloguE_EO112,0.3684210526315789,0.34938150693543024
T193_OUTER_03,University of Edinburgh-led controlled human exposure study,SEQUENCE_RIDGE_COMPOSITION_ONLY,T193_022e43ad9c567f129321,EDINBURGH_DS7545_HUMAN_PLASMA_NANOOMICS,P26038,R4_EDINBURGH_USGO_20210324_6pm_KostarelosK_OkweloguE_EO115,0.7368421052631579,0.3693766378005806
T193_OUTER_03,University of Edinburgh-led controlled human exposure study,SEQUENCE_RIDGE_COMPOSITION_ONLY,T193_0e3252ef2b55f18aa194,EDINBURGH_DS7545_HUMAN_PLASMA_NANOOMICS,Q9HDC9,R4_EDINBURGH_USGO_20210324_6pm_KostarelosK_OkweloguE_EO115,0.5263157894736842,0.4435091854181341
T193_OUTER_03,University of Edinburgh-led controlled human exposure study,SEQUENCE_RIDGE_COMPOSITION_ONLY,T193_2b2e9ed6a2c8f81ee3c3,EDINBURGH_DS7545_HUMAN_PLASMA_NANOOMICS,P06396,R4_EDINBURGH_USGO_20210324_6pm_KostarelosK_OkweloguE_EO115,0.631578947368421,0.9179048473409984
T193_OUTER_03,University of Edinburgh-led controlled human exposure study,SEQUENCE_RIDGE_COMPOSITION_ONLY,T193_4c617799dac70dd2b1cb,EDINBURGH_DS7545_HUMAN_PLASMA_NANOOMICS,P60174,R4_EDINBURGH_USGO_20210324_6pm_KostarelosK_OkweloguE_EO115,0.15789473684210525,0.34938150693543024
T193_OUTER_03,University of Edinburgh-led controlled human exposure study,SEQUENCE_RIDGE_COMPOSITION_ONLY,T193_4ee08058c90f21facbbc,EDINBURGH_DS7545_HUMAN_PLASMA_NANOOMICS,P05556,R4_EDINBURGH_USGO_20210324_6pm_KostarelosK_OkweloguE_EO115,0.3157894736842105,0.08231200658080243
T193_OUTER_03,University of Edinburgh-led controlled human exposure study,SEQUENCE_RIDGE_COMPOSITION_ONLY,T193_6b673c33554a31ea92f7,EDINBURGH_DS7545_HUMAN_PLASMA_NANOOMICS,P04264,R4_EDINBURGH_USGO_20210324_6pm_KostarelosK_OkweloguE_EO115,1.0,0.6697206876244565
T193_OUTER_03,University of Edinburgh-led controlled human exposure study,SEQUENCE_RIDGE_COMPOSITION_ONLY,T193_be1a546fdb883b577f69,EDINBURGH_DS7545_HUMAN_PLASMA_NANOOMICS,P04004,R4_EDINBURGH_USGO_20210324_6pm_KostarelosK_OkweloguE_EO115,0.8947368421052632,0.8598844595177332
T193_OUTER_03,University of Edinburgh-led controlled human exposure study,SEQUENCE_RIDGE_COMPOSITION_ONLY,T193_c5eae2d43bf800ce9ff1,EDINBURGH_DS7545_HUMAN_PLASMA_NANOOMICS,Q04695,R4_EDINBURGH_USGO_20210324_6pm_KostarelosK_OkweloguE_EO115,0.9473684210526315,0.1674135907707586
T193_OUTER_03,University of Edinburgh-led controlled human exposure study,SEQUENCE_RIDGE_COMPOSITION_ONLY,T193_cd90a6f35a2c95075810,EDINBURGH_DS7545_HUMAN_PLASMA_NANOOMICS,P07996,R4_EDINBURGH_USGO_20210324_6pm_KostarelosK_OkweloguE_EO115,0.6842105263157895,0.41468253037442887
T193_OUTER_03,University of Edinburgh-led controlled human exposure study,SEQUENCE_RIDGE_COMPOSITION_ONLY,T193_12274f09f8d63f0b9389,EDINBURGH_DS7545_HUMAN_PLASMA_NANOOMICS,Q9HDC9,R4_EDINBURGH_USGO_20210324_6pm_KostarelosK_OkweloguE_EO120,0.47368421052631576,0.4435091854181341
T193_OUTER_03,University of Edinburgh-led controlled human exposure study,SEQUENCE_RIDGE_COMPOSITION_ONLY,T193_21f171a54c23606bf538,EDINBURGH_DS7545_HUMAN_PLASMA_NANOOMICS,P06396,R4_EDINBURGH_USGO_20210324_6pm_KostarelosK_OkweloguE_EO120,0.8947368421052632,0.9179048473409984
T193_OUTER_03,University of Edinburgh-led controlled human exposure study,SEQUENCE_RIDGE_COMPOSITION_ONLY,T193_233913de0cfcbdc9ec6c,EDINBURGH_DS7545_HUMAN_PLASMA_NANOOMICS,P04004,R4_EDINBURGH_USGO_20210324_6pm_KostarelosK_OkweloguE_EO120,0.9473684210526315,0.8598844595177332
T193_OUTER_03,University of Edinburgh-led controlled human exposure study,SEQUENCE_RIDGE_COMPOSITION_ONLY,T193_244e220ab1d4f0b15f9d,EDINBURGH_DS7545_HUMAN_PLASMA_NANOOMICS,P05556,R4_EDINBURGH_USGO_20210324_6pm_KostarelosK_OkweloguE_EO120,0.7368421052631579,0.08231200658080243
T193_OUTER_03,University of Edinburgh-led controlled human exposure study,SEQUENCE_RIDGE_COMPOSITION_ONLY,T193_29efe54c004d92486e77,EDINBURGH_DS7545_HUMAN_PLASMA_NANOOMICS,P26038,R4_EDINBURGH_USGO_20210324_6pm_KostarelosK_OkweloguE_EO120,0.8421052631578947,0.3693766378005806
T193_OUTER_03,University of Edinburgh-led controlled human exposure study,SEQUENCE_RIDGE_COMPOSITION_ONLY,T193_474f8c4dac2d5065b807,EDINBURGH_DS7545_HUMAN_PLASMA_NANOOMICS,Q04695,R4_EDINBURGH_USGO_20210324_6pm_KostarelosK_OkweloguE_EO120,0.7894736842105263,0.1674135907707586
T193_OUTER_03,University of Edinburgh-led controlled human exposure study,SEQUENCE_RIDGE_COMPOSITION_ONLY,T193_5bd7b90f6a956d757c7e,EDINBURGH_DS7545_HUMAN_PLASMA_NANOOMICS,P07996,R4_EDINBURGH_USGO_20210324_6pm_KostarelosK_OkweloguE_EO120,0.5263157894736842,0.41468253037442887
T193_OUTER_03,University of Edinburgh-led controlled human exposure study,SEQUENCE_RIDGE_COMPOSITION_ONLY,T193_bb165b268555254428d9,EDINBURGH_DS7545_HUMAN_PLASMA_NANOOMICS,P60174,R4_EDINBURGH_USGO_20210324_6pm_KostarelosK_OkweloguE_EO120,0.05263157894736842,0.34938150693543024
T193_OUTER_03,University of Edinburgh-led controlled human exposure study,SEQUENCE_RIDGE_COMPOSITION_ONLY,T193_e070755f5319b0d134e4,EDINBURGH_DS7545_HUMAN_PLASMA_NANOOMICS,P04264,R4_EDINBURGH_USGO_20210324_6pm_KostarelosK_OkweloguE_EO120,1.0,0.6697206876244565
T193_OUTER_03,University of Edinburgh-led controlled human exposure study,SEQUENCE_RIDGE_COMPOSITION_ONLY,T193_1525d5ec4498b766fd46,EDINBURGH_DS7545_HUMAN_PLASMA_NANOOMICS,P04264,R4_EDINBURGH_USGO_20210324_6pm_KostarelosK_OkweloguE_EO121,1.0,0.6697206876244565
T193_OUTER_03,University of Edinburgh-led controlled human exposure study,SEQUENCE_RIDGE_COMPOSITION_ONLY,T193_15f77fed2dbe9bfc16e8,EDINBURGH_DS7545_HUMAN_PLASMA_NANOOMICS,P04004,R4_EDINBURGH_USGO_20210324_6pm_KostarelosK_OkweloguE_EO121,0.9444444444444444,0.8598844595177332
T193_OUTER_03,University of Edinburgh-led controlled human exposure study,SEQUENCE_RIDGE_COMPOSITION_ONLY,T193_31050fc3188b548eb241,EDINBURGH_DS7545_HUMAN_PLASMA_NANOOMICS,Q9HDC9,R4_EDINBURGH_USGO_20210324_6pm_KostarelosK_OkweloguE_EO121,0.5,0.4435091854181341
T193_OUTER_03,University of Edinburgh-led controlled human exposure study,SEQUENCE_RIDGE_COMPOSITION_ONLY,T193_3e694708777650ea3da7,EDINBURGH_DS7545_HUMAN_PLASMA_NANOOMICS,P26038,R4_EDINBURGH_USGO_20210324_6pm_KostarelosK_OkweloguE_EO121,0.6666666666666666,0.3693766378005806
T193_OUTER_03,University of Edinburgh-led controlled human exposure study,SEQUENCE_RIDGE_COMPOSITION_ONLY,T193_6d20ff22f5d90826c830,EDINBURGH_DS7545_HUMAN_PLASMA_NANOOMICS,Q04695,R4_EDINBURGH_USGO_20210324_6pm_KostarelosK_OkweloguE_EO121,0.3888888888888889,0.1674135907707586
T193_OUTER_03,University of Edinburgh-led controlled human exposure study,SEQUENCE_RIDGE_COMPOSITION_ONLY,T193_dc01237594b396fda3b2,EDINBURGH_DS7545_HUMAN_PLASMA_NANOOMICS,P06396,R4_EDINBURGH_USGO_20210324_6pm_KostarelosK_OkweloguE_EO121,0.5555555555555556,0.9179048473409984
T193_OUTER_03,University of Edinburgh-led controlled human exposure study,SEQUENCE_RIDGE_COMPOSITION_ONLY,T193_ef8419649f5f0f2f63b9,EDINBURGH_DS7545_HUMAN_PLASMA_NANOOMICS,P05556,R4_EDINBURGH_USGO_20210324_6pm_KostarelosK_OkweloguE_EO121,0.7777777777777778,0.08231200658080243
T193_OUTER_03,University of Edinburgh-led controlled human exposure study,SEQUENCE_RIDGE_COMPOSITION_ONLY,T193_f74ea90167e6b3b284bd,EDINBURGH_DS7545_HUMAN_PLASMA_NANOOMICS,P60174,R4_EDINBURGH_USGO_20210324_6pm_KostarelosK_OkweloguE_EO121,0.05555555555555555,0.34938150693543024
T193_OUTER_03,University of Edinburgh-led controlled human exposure study,SEQUENCE_RIDGE_COMPOSITION_ONLY,T193_ffcf3587c76e28abdfe8,EDINBURGH_DS7545_HUMAN_PLASMA_NANOOMICS,P07996,R4_EDINBURGH_USGO_20210324_6pm_KostarelosK_OkweloguE_EO121,0.6111111111111112,0.41468253037442887
T193_OUTER_03,University of Edinburgh-led controlled human exposure study,SEQUENCE_RIDGE_COMPOSITION_ONLY,T193_237cf1de666aab5d0684,EDINBURGH_DS7545_HUMAN_PLASMA_NANOOMICS,P06396,R4_EDINBURGH_USGO_20210324_6pm_KostarelosK_OkweloguE_EO125,0.8888888888888888,0.9179048473409984
T193_OUTER_03,University of Edinburgh-led controlled human exposure study,SEQUENCE_RIDGE_COMPOSITION_ONLY,T193_2af1116fc84e66aa26b5,EDINBURGH_DS7545_HUMAN_PLASMA_NANOOMICS,P60174,R4_EDINBURGH_USGO_20210324_6pm_KostarelosK_OkweloguE_EO125,0.0,0.34938150693543024
T193_OUTER_03,University of Edinburgh-led controlled human exposure study,SEQUENCE_RIDGE_COMPOSITION_ONLY,T193_43418dfbd8aa15b2518f,EDINBURGH_DS7545_HUMAN_PLASMA_NANOOMICS,P05556,R4_EDINBURGH_USGO_20210324_6pm_KostarelosK_OkweloguE_EO125,0.4444444444444444,0.08231200658080243
T193_OUTER_03,University of Edinburgh-led controlled human exposure study,SEQUENCE_RIDGE_COMPOSITION_ONLY,T193_506e671dda5731930a63,EDINBURGH_DS7545_HUMAN_PLASMA_NANOOMICS,P07996,R4_EDINBURGH_USGO_20210324_6pm_KostarelosK_OkweloguE_EO125,0.8333333333333334,0.41468253037442887
T193_OUTER_03,University of Edinburgh-led controlled human exposure study,SEQUENCE_RIDGE_COMPOSITION_ONLY,T193_57265b0fdc58ed1cec9e,EDINBURGH_DS7545_HUMAN_PLASMA_NANOOMICS,P04004,R4_EDINBURGH_USGO_20210324_6pm_KostarelosK_OkweloguE_EO125,0.9444444444444444,0.8598844595177332
T193_OUTER_03,University of Edinburgh-led controlled human exposure study,SEQUENCE_RIDGE_COMPOSITION_ONLY,T193_c4893b932c51a7a370fb,EDINBURGH_DS7545_HUMAN_PLASMA_NANOOMICS,Q9HDC9,R4_EDINBURGH_USGO_20210324_6pm_KostarelosK_OkweloguE_EO125,0.6111111111111112,0.4435091854181341
T193_OUTER_03,University of Edinburgh-led controlled human exposure study,SEQUENCE_RIDGE_COMPOSITION_ONLY,T193_cd0b7947f5590a31123d,EDINBURGH_DS7545_HUMAN_PLASMA_NANOOMICS,Q04695,R4_EDINBURGH_USGO_20210324_6pm_KostarelosK_OkweloguE_EO125,0.5555555555555556,0.1674135907707586
T193_OUTER_03,University of Edinburgh-led controlled human exposure study,SEQUENCE_RIDGE_COMPOSITION_ONLY,T193_e92ba86096e277c9e679,EDINBURGH_DS7545_HUMAN_PLASMA_NANOOMICS,P04264,R4_EDINBURGH_USGO_20210324_6pm_KostarelosK_OkweloguE_EO125,1.0,0.6697206876244565
T193_OUTER_03,University of Edinburgh-led controlled human exposure study,SEQUENCE_RIDGE_COMPOSITION_ONLY,T193_f53797cd38d3b9263c01,EDINBURGH_DS7545_HUMAN_PLASMA_NANOOMICS,P26038,R4_EDINBURGH_USGO_20210324_6pm_KostarelosK_OkweloguE_EO125,0.7777777777777778,0.3693766378005806
T193_OUTER_03,University of Edinburgh-led controlled human exposure study,SEQUENCE_RIDGE_COMPOSITION_ONLY,T193_28a8d06165a51e439e19,EDINBURGH_DS7545_HUMAN_PLASMA_NANOOMICS,P05556,R4_EDINBURGH_USGO_20210324_6pm_KostarelosK_OkweloguE_EO126,0.3684210526315789,0.08231200658080243
T193_OUTER_03,University of Edinburgh-led controlled human exposure study,SEQUENCE_RIDGE_COMPOSITION_ONLY,T193_320d4ffd5f4b9b4dbbd9,EDINBURGH_DS7545_HUMAN_PLASMA_NANOOMICS,P04004,R4_EDINBURGH_USGO_20210324_6pm_KostarelosK_OkweloguE_EO126,0.9473684210526315,0.8598844595177332
T193_OUTER_03,University of Edinburgh-led controlled human exposure study,SEQUENCE_RIDGE_COMPOSITION_ONLY,T193_3b0b91b7f820cca41729,EDINBURGH_DS7545_HUMAN_PLASMA_NANOOMICS,P06396,R4_EDINBURGH_USGO_20210324_6pm_KostarelosK_OkweloguE_EO126,0.631578947368421,0.9179048473409984
T193_OUTER_03,University of Edinburgh-led controlled human exposure study,SEQUENCE_RIDGE_COMPOSITION_ONLY,T193_56980369d98337d91250,EDINBURGH_DS7545_HUMAN_PLASMA_NANOOMICS,Q9HDC9,R4_EDINBURGH_USGO_20210324_6pm_KostarelosK_OkweloguE_EO126,0.6842105263157895,0.4435091854181341
T193_OUTER_03,University of Edinburgh-led controlled human exposure study,SEQUENCE_RIDGE_COMPOSITION_ONLY,T193_5e0849061770c14be844,EDINBURGH_DS7545_HUMAN_PLASMA_NANOOMICS,P26038,R4_EDINBURGH_USGO_20210324_6pm_KostarelosK_OkweloguE_EO126,0.8947368421052632,0.3693766378005806
T193_OUTER_03,University of Edinburgh-led controlled human exposure study,SEQUENCE_RIDGE_COMPOSITION_ONLY,T193_6e1154985ca6ca43d30a,EDINBURGH_DS7545_HUMAN_PLASMA_NANOOMICS,P60174,R4_EDINBURGH_USGO_20210324_6pm_KostarelosK_OkweloguE_EO126,0.0,0.34938150693543024
T193_OUTER_03,University of Edinburgh-led controlled human exposure study,SEQUENCE_RIDGE_COMPOSITION_ONLY,T193_7de2bf5035764ba8394a,EDINBURGH_DS7545_HUMAN_PLASMA_NANOOMICS,Q04695,R4_EDINBURGH_USGO_20210324_6pm_KostarelosK_OkweloguE_EO126,0.7368421052631579,0.1674135907707586
T193_OUTER_03,University of Edinburgh-led controlled human exposure study,SEQUENCE_RIDGE_COMPOSITION_ONLY,T193_9d172474478656b45caa,EDINBURGH_DS7545_HUMAN_PLASMA_NANOOMICS,P04264,R4_EDINBURGH_USGO_20210324_6pm_KostarelosK_OkweloguE_EO126,1.0,0.6697206876244565
T193_OUTER_03,University of Edinburgh-led controlled human exposure study,SEQUENCE_RIDGE_COMPOSITION_ONLY,T193_b7f9f3990002c7fccdf7,EDINBURGH_DS7545_HUMAN_PLASMA_NANOOMICS,P07996,R4_EDINBURGH_USGO_20210324_6pm_KostarelosK_OkweloguE_EO126,0.8421052631578947,0.41468253037442887
T193_OUTER_03,University of Edinburgh-led controlled human exposure study,SEQUENCE_RIDGE_COMPOSITION_ONLY,T193_3618d27e28e6b34b998d,EDINBURGH_DS7545_HUMAN_PLASMA_NANOOMICS,P26038,R4_EDINBURGH_USGO_20210324_6pm_KostarelosK_OkweloguE_EO13,0.6111111111111112,0.3693766378005806
T193_OUTER_03,University of Edinburgh-led controlled human exposure study,SEQUENCE_RIDGE_COMPOSITION_ONLY,T193_3ccdf4eb893ba75797af,EDINBURGH_DS7545_HUMAN_PLASMA_NANOOMICS,Q04695,R4_EDINBURGH_USGO_20210324_6pm_KostarelosK_OkweloguE_EO13,0.8333333333333334,0.1674135907707586
T193_OUTER_03,University of Edinburgh-led controlled human exposure study,SEQUENCE_RIDGE_COMPOSITION_ONLY,T193_4b5a94991d9e3ff75a1d,EDINBURGH_DS7545_HUMAN_PLASMA_NANOOMICS,P05556,R4_EDINBURGH_USGO_20210324_6pm_KostarelosK_OkweloguE_EO13,0.3888888888888889,0.08231200658080243
T193_OUTER_03,University of Edinburgh-led controlled human exposure study,SEQUENCE_RIDGE_COMPOSITION_ONLY,T193_6cdc0e1093f90d785e1c,EDINBURGH_DS7545_HUMAN_PLASMA_NANOOMICS,P04264,R4_EDINBURGH_USGO_20210324_6pm_KostarelosK_OkweloguE_EO13,1.0,0.6697206876244565
T193_OUTER_03,University of Edinburgh-led controlled human exposure study,SEQUENCE_RIDGE_COMPOSITION_ONLY,T193_6e1bbb5fc22ccb0f7d7b,EDINBURGH_DS7545_HUMAN_PLASMA_NANOOMICS,P04004,R4_EDINBURGH_USGO_20210324_6pm_KostarelosK_OkweloguE_EO13,0.9444444444444444,0.8598844595177332
T193_OUTER_03,University of Edinburgh-led controlled human exposure study,SEQUENCE_RIDGE_COMPOSITION_ONLY,T193_9292be5ef218e9e8c920,EDINBURGH_DS7545_HUMAN_PLASMA_NANOOMICS,Q9HDC9,R4_EDINBURGH_USGO_20210324_6pm_KostarelosK_OkweloguE_EO13,0.5555555555555556,0.4435091854181341
T193_OUTER_03,University of Edinburgh-led controlled human exposure study,SEQUENCE_RIDGE_COMPOSITION_ONLY,T193_e95755a402c68bff6269,EDINBURGH_DS7545_HUMAN_PLASMA_NANOOMICS,P06396,R4_EDINBURGH_USGO_20210324_6pm_KostarelosK_OkweloguE_EO13,0.6666666666666666,0.9179048473409984
T193_OUTER_03,University of Edinburgh-led controlled human exposure study,SEQUENCE_RIDGE_COMPOSITION_ONLY,T193_f118b7bd87b54257010f,EDINBURGH_DS7545_HUMAN_PLASMA_NANOOMICS,P07996,R4_EDINBURGH_USGO_20210324_6pm_KostarelosK_OkweloguE_EO13,0.8888888888888888,0.41468253037442887
T193_OUTER_03,University of Edinburgh-led controlled human exposure study,SEQUENCE_RIDGE_COMPOSITION_ONLY,T193_21c7f51853ddc43a7f30,EDINBURGH_DS7545_HUMAN_PLASMA_NANOOMICS,P04264,R4_EDINBURGH_USGO_20210324_6pm_KostarelosK_OkweloguE_EO26,1.0,0.6697206876244565
T193_OUTER_03,University of Edinburgh-led controlled human exposure study,SEQUENCE_RIDGE_COMPOSITION_ONLY,T193_4f0c3355e387784d11c0,EDINBURGH_DS7545_HUMAN_PLASMA_NANOOMICS,Q04695,R4_EDINBURGH_USGO_20210324_6pm_KostarelosK_OkweloguE_EO26,0.9444444444444444,0.1674135907707586
T193_OUTER_03,University of Edinburgh-led controlled human exposure study,SEQUENCE_RIDGE_COMPOSITION_ONLY,T193_6a7b1b804c5b31c5c9b6,EDINBURGH_DS7545_HUMAN_PLASMA_NANOOMICS,P06396,R4_EDINBURGH_USGO_20210324_6pm_KostarelosK_OkweloguE_EO26,0.6666666666666666,0.9179048473409984
T193_OUTER_03,University of Edinburgh-led controlled human exposure study,SEQUENCE_RIDGE_COMPOSITION_ONLY,T193_c5844179c942b57906a7,EDINBURGH_DS7545_HUMAN_PLASMA_NANOOMICS,P07996,R4_EDINBURGH_USGO_20210324_6pm_KostarelosK_OkweloguE_EO26,0.2222222222222222,0.41468253037442887
T193_OUTER_03,University of Edinburgh-led controlled human exposure study,SEQUENCE_RIDGE_COMPOSITION_ONLY,T193_e6ed5e860ad204571c58,EDINBURGH_DS7545_HUMAN_PLASMA_NANOOMICS,P26038,R4_EDINBURGH_USGO_20210324_6pm_KostarelosK_OkweloguE_EO26,0.7222222222222222,0.3693766378005806
T193_OUTER_03,University of Edinburgh-led controlled human exposure study,SEQUENCE_RIDGE_COMPOSITION_ONLY,T193_e70424433e998397fc8b,EDINBURGH_DS7545_HUMAN_PLASMA_NANOOMICS,P05556,R4_EDINBURGH_USGO_20210324_6pm_KostarelosK_OkweloguE_EO26,0.3888888888888889,0.08231200658080243
T193_OUTER_03,University of Edinburgh-led controlled human exposure study,SEQUENCE_RIDGE_COMPOSITION_ONLY,T193_eac0e69392b110eaf1f5,EDINBURGH_DS7545_HUMAN_PLASMA_NANOOMICS,P04004,R4_EDINBURGH_USGO_20210324_6pm_KostarelosK_OkweloguE_EO26,0.8333333333333334,0.8598844595177332
T193_OUTER_03,University of Edinburgh-led controlled human exposure study,SEQUENCE_RIDGE_COMPOSITION_ONLY,T193_eda1c482ac3f564faeb7,EDINBURGH_DS7545_HUMAN_PLASMA_NANOOMICS,Q9HDC9,R4_EDINBURGH_USGO_20210324_6pm_KostarelosK_OkweloguE_EO26,0.16666666666666666,0.4435091854181341
T193_OUTER_03,University of Edinburgh-led controlled human exposure study,SEQUENCE_RIDGE_COMPOSITION_ONLY,T193_187a78dca60d490b8067,EDINBURGH_DS7545_HUMAN_PLASMA_NANOOMICS,P04004,R4_EDINBURGH_USGO_20210324_6pm_KostarelosK_OkweloguE_EO36,0.8888888888888888,0.8598844595177332
T193_OUTER_03,University of Edinburgh-led controlled human exposure study,SEQUENCE_RIDGE_COMPOSITION_ONLY,T193_2cdaabb18f461ea051b6,EDINBURGH_DS7545_HUMAN_PLASMA_NANOOMICS,P06396,R4_EDINBURGH_USGO_20210324_6pm_KostarelosK_OkweloguE_EO36,0.7777777777777778,0.9179048473409984
T193_OUTER_03,University of Edinburgh-led controlled human exposure study,SEQUENCE_RIDGE_COMPOSITION_ONLY,T193_4194477f79ae7031451b,EDINBURGH_DS7545_HUMAN_PLASMA_NANOOMICS,Q04695,R4_EDINBURGH_USGO_20210324_6pm_KostarelosK_OkweloguE_EO36,0.9444444444444444,0.1674135907707586
T193_OUTER_03,University of Edinburgh-led controlled human exposure study,SEQUENCE_RIDGE_COMPOSITION_ONLY,T193_56cb430b48e62979d2e4,EDINBURGH_DS7545_HUMAN_PLASMA_NANOOMICS,P04264,R4_EDINBURGH_USGO_20210324_6pm_KostarelosK_OkweloguE_EO36,1.0,0.6697206876244565
T193_OUTER_03,University of Edinburgh-led controlled human exposure study,SEQUENCE_RIDGE_COMPOSITION_ONLY,T193_69dfa9a8f73f037caa06,EDINBURGH_DS7545_HUMAN_PLASMA_NANOOMICS,Q9HDC9,R4_EDINBURGH_USGO_20210324_6pm_KostarelosK_OkweloguE_EO36,0.5,0.4435091854181341
T193_OUTER_03,University of Edinburgh-led controlled human exposure study,SEQUENCE_RIDGE_COMPOSITION_ONLY,T193_9cc561c2bcf4989d9a9c,EDINBURGH_DS7545_HUMAN_PLASMA_NANOOMICS,P07996,R4_EDINBURGH_USGO_20210324_6pm_KostarelosK_OkweloguE_EO36,0.6111111111111112,0.41468253037442887
T193_OUTER_03,University of Edinburgh-led controlled human exposure study,SEQUENCE_RIDGE_COMPOSITION_ONLY,T193_db649d58cbff6d1eb1c0,EDINBURGH_DS7545_HUMAN_PLASMA_NANOOMICS,P26038,R4_EDINBURGH_USGO_20210324_6pm_KostarelosK_OkweloguE_EO36,0.7222222222222222,0.3693766378005806
T193_OUTER_03,University of Edinburgh-led controlled human exposure study,SEQUENCE_RIDGE_COMPOSITION_ONLY,T193_fc2c26a3268859dfb99f,EDINBURGH_DS7545_HUMAN_PLASMA_NANOOMICS,P05556,R4_EDINBURGH_USGO_20210324_6pm_KostarelosK_OkweloguE_EO36,0.16666666666666666,0.08231200658080243
T193_OUTER_03,University of Edinburgh-led controlled human exposure study,SEQUENCE_RIDGE_COMPOSITION_ONLY,T193_19fdfcdae7c14fae7391,EDINBURGH_DS7545_HUMAN_PLASMA_NANOOMICS,P04004,R4_EDINBURGH_USGO_20210324_6pm_KostarelosK_OkweloguE_EO40,0.8888888888888888,0.8598844595177332
T193_OUTER_03,University of Edinburgh-led controlled human exposure study,SEQUENCE_RIDGE_COMPOSITION_ONLY,T193_2411b95821ac88f1ac2a,EDINBURGH_DS7545_HUMAN_PLASMA_NANOOMICS,Q04695,R4_EDINBURGH_USGO_20210324_6pm_KostarelosK_OkweloguE_EO40,0.9444444444444444,0.1674135907707586
T193_OUTER_03,University of Edinburgh-led controlled human exposure study,SEQUENCE_RIDGE_COMPOSITION_ONLY,T193_46387055378b2ea5c5c6,EDINBURGH_DS7545_HUMAN_PLASMA_NANOOMICS,P04264,R4_EDINBURGH_USGO_20210324_6pm_KostarelosK_OkweloguE_EO40,1.0,0.6697206876244565
T193_OUTER_03,University of Edinburgh-led controlled human exposure study,SEQUENCE_RIDGE_COMPOSITION_ONLY,T193_4921651c6a5e8368b467,EDINBURGH_DS7545_HUMAN_PLASMA_NANOOMICS,P07996,R4_EDINBURGH_USGO_20210324_6pm_KostarelosK_OkweloguE_EO40,0.5555555555555556,0.41468253037442887
T193_OUTER_03,University of Edinburgh-led controlled human exposure study,SEQUENCE_RIDGE_COMPOSITION_ONLY,T193_651e36916a61ad128900,EDINBURGH_DS7545_HUMAN_PLASMA_NANOOMICS,P06396,R4_EDINBURGH_USGO_20210324_6pm_KostarelosK_OkweloguE_EO40,0.7222222222222222,0.9179048473409984
T193_OUTER_03,University of Edinburgh-led controlled human exposure study,SEQUENCE_RIDGE_COMPOSITION_ONLY,T193_7ad4836cfa1a6e4e491b,EDINBURGH_DS7545_HUMAN_PLASMA_NANOOMICS,Q9HDC9,R4_EDINBURGH_USGO_20210324_6pm_KostarelosK_OkweloguE_EO40,0.0,0.4435091854181341
T193_OUTER_03,University of Edinburgh-led controlled human exposure study,SEQUENCE_RIDGE_COMPOSITION_ONLY,T193_839d76a78a6b293fe392,EDINBURGH_DS7545_HUMAN_PLASMA_NANOOMICS,P05556,R4_EDINBURGH_USGO_20210324_6pm_KostarelosK_OkweloguE_EO40,0.2777777777777778,0.08231200658080243
T193_OUTER_03,University of Edinburgh-led controlled human exposure study,SEQUENCE_RIDGE_COMPOSITION_ONLY,T193_cf432e27bf7586a205b0,EDINBURGH_DS7545_HUMAN_PLASMA_NANOOMICS,P26038,R4_EDINBURGH_USGO_20210324_6pm_KostarelosK_OkweloguE_EO40,0.5,0.3693766378005806
T193_OUTER_03,University of Edinburgh-led controlled human exposure study,SEQUENCE_RIDGE_COMPOSITION_ONLY,T193_0d56021b5f8f06eff91d,EDINBURGH_DS7545_HUMAN_PLASMA_NANOOMICS,P04264,R4_EDINBURGH_USGO_20210324_6pm_KostarelosK_OkweloguE_EO42,1.0,0.6697206876244565
T193_OUTER_03,University of Edinburgh-led controlled human exposure study,SEQUENCE_RIDGE_COMPOSITION_ONLY,T193_2b50828e331f94cb495e,EDINBURGH_DS7545_HUMAN_PLASMA_NANOOMICS,P06396,R4_EDINBURGH_USGO_20210324_6pm_KostarelosK_OkweloguE_EO42,0.7222222222222222,0.9179048473409984
T193_OUTER_03,University of Edinburgh-led controlled human exposure study,SEQUENCE_RIDGE_COMPOSITION_ONLY,T193_41157b54ff2660cca597,EDINBURGH_DS7545_HUMAN_PLASMA_NANOOMICS,P05556,R4_EDINBURGH_USGO_20210324_6pm_KostarelosK_OkweloguE_EO42,0.0,0.08231200658080243
T193_OUTER_03,University of Edinburgh-led controlled human exposure study,SEQUENCE_RIDGE_COMPOSITION_ONLY,T193_639037a0ce25aae32982,EDINBURGH_DS7545_HUMAN_PLASMA_NANOOMICS,Q9HDC9,R4_EDINBURGH_USGO_20210324_6pm_KostarelosK_OkweloguE_EO42,0.2222222222222222,0.4435091854181341
T193_OUTER_03,University of Edinburgh-led controlled human exposure study,SEQUENCE_RIDGE_COMPOSITION_ONLY,T193_6d3456fa2ee2c0346ee8,EDINBURGH_DS7545_HUMAN_PLASMA_NANOOMICS,P04004,R4_EDINBURGH_USGO_20210324_6pm_KostarelosK_OkweloguE_EO42,0.8888888888888888,0.8598844595177332
T193_OUTER_03,University of Edinburgh-led controlled human exposure study,SEQUENCE_RIDGE_COMPOSITION_ONLY,T193_8c9bc087f7b67f7ed7aa,EDINBURGH_DS7545_HUMAN_PLASMA_NANOOMICS,Q04695,R4_EDINBURGH_USGO_20210324_6pm_KostarelosK_OkweloguE_EO42,0.9444444444444444,0.1674135907707586
T193_OUTER_03,University of Edinburgh-led controlled human exposure study,SEQUENCE_RIDGE_COMPOSITION_ONLY,T193_b50c0830ea968cfed85b,EDINBURGH_DS7545_HUMAN_PLASMA_NANOOMICS,P07996,R4_EDINBURGH_USGO_20210324_6pm_KostarelosK_OkweloguE_EO42,0.1111111111111111,0.41468253037442887
T193_OUTER_03,University of Edinburgh-led controlled human exposure study,SEQUENCE_RIDGE_COMPOSITION_ONLY,T193_c1dd433efc0f743588a9,EDINBURGH_DS7545_HUMAN_PLASMA_NANOOMICS,P26038,R4_EDINBURGH_USGO_20210324_6pm_KostarelosK_OkweloguE_EO42,0.6111111111111112,0.3693766378005806
T193_OUTER_03,University of Edinburgh-led controlled human exposure study,SEQUENCE_RIDGE_COMPOSITION_ONLY,T193_3a3e48dcddb9b8ea5126,EDINBURGH_DS7545_HUMAN_PLASMA_NANOOMICS,Q9HDC9,R4_EDINBURGH_USGO_20210324_6pm_KostarelosK_OkweloguE_EO44,0.7058823529411765,0.4435091854181341
T193_OUTER_03,University of Edinburgh-led controlled human exposure study,SEQUENCE_RIDGE_COMPOSITION_ONLY,T193_5bc70e975c0e9a809e27,EDINBURGH_DS7545_HUMAN_PLASMA_NANOOMICS,P06396,R4_EDINBURGH_USGO_20210324_6pm_KostarelosK_OkweloguE_EO44,0.8235294117647058,0.9179048473409984
T193_OUTER_03,University of Edinburgh-led controlled human exposure study,SEQUENCE_RIDGE_COMPOSITION_ONLY,T193_5dd380495ef0fdd3f1b0,EDINBURGH_DS7545_HUMAN_PLASMA_NANOOMICS,P07996,R4_EDINBURGH_USGO_20210324_6pm_KostarelosK_OkweloguE_EO44,0.5294117647058824,0.41468253037442887
T193_OUTER_03,University of Edinburgh-led controlled human exposure study,SEQUENCE_RIDGE_COMPOSITION_ONLY,T193_77ccbf08fc1abe916589,EDINBURGH_DS7545_HUMAN_PLASMA_NANOOMICS,P04004,R4_EDINBURGH_USGO_20210324_6pm_KostarelosK_OkweloguE_EO44,0.9411764705882353,0.8598844595177332
T193_OUTER_03,University of Edinburgh-led controlled human exposure study,SEQUENCE_RIDGE_COMPOSITION_ONLY,T193_7862f3be96ef0b8357f8,EDINBURGH_DS7545_HUMAN_PLASMA_NANOOMICS,P04264,R4_EDINBURGH_USGO_20210324_6pm_KostarelosK_OkweloguE_EO44,1.0,0.6697206876244565
T193_OUTER_03,University of Edinburgh-led controlled human exposure study,SEQUENCE_RIDGE_COMPOSITION_ONLY,T193_c0bab631028690a751c9,EDINBURGH_DS7545_HUMAN_PLASMA_NANOOMICS,Q04695,R4_EDINBURGH_USGO_20210324_6pm_KostarelosK_OkweloguE_EO44,0.7647058823529411,0.1674135907707586
T193_OUTER_03,University of Edinburgh-led controlled human exposure study,SEQUENCE_RIDGE_COMPOSITION_ONLY,T193_c80ebbe5ac3198b8de7a,EDINBURGH_DS7545_HUMAN_PLASMA_NANOOMICS,P26038,R4_EDINBURGH_USGO_20210324_6pm_KostarelosK_OkweloguE_EO44,0.5882352941176471,0.3693766378005806
T193_OUTER_03,University of Edinburgh-led controlled human exposure study,SEQUENCE_RIDGE_COMPOSITION_ONLY,T193_fe4de8660efc3584f257,EDINBURGH_DS7545_HUMAN_PLASMA_NANOOMICS,P05556,R4_EDINBURGH_USGO_20210324_6pm_KostarelosK_OkweloguE_EO44,0.11764705882352941,0.08231200658080243
T193_OUTER_03,University of Edinburgh-led controlled human exposure study,SEQUENCE_RIDGE_COMPOSITION_ONLY,T193_2384169e5d26e9b36454,EDINBURGH_DS7545_HUMAN_PLASMA_NANOOMICS,P07996,R4_EDINBURGH_USGO_20210324_6pm_KostarelosK_OkweloguE_EO5,0.47368421052631576,0.41468253037442887
T193_OUTER_03,University of Edinburgh-led controlled human exposure study,SEQUENCE_RIDGE_COMPOSITION_ONLY,T193_2a2519768e09de8eb26f,EDINBURGH_DS7545_HUMAN_PLASMA_NANOOMICS,P04004,R4_EDINBURGH_USGO_20210324_6pm_KostarelosK_OkweloguE_EO5,0.9473684210526315,0.8598844595177332
T193_OUTER_03,University of Edinburgh-led controlled human exposure study,SEQUENCE_RIDGE_COMPOSITION_ONLY,T193_2e5867173251c044ae7c,EDINBURGH_DS7545_HUMAN_PLASMA_NANOOMICS,P06396,R4_EDINBURGH_USGO_20210324_6pm_KostarelosK_OkweloguE_EO5,0.7894736842105263,0.9179048473409984
T193_OUTER_03,University of Edinburgh-led controlled human exposure study,SEQUENCE_RIDGE_COMPOSITION_ONLY,T193_3b51a2efd42da75b60b0,EDINBURGH_DS7545_HUMAN_PLASMA_NANOOMICS,P04264,R4_EDINBURGH_USGO_20210324_6pm_KostarelosK_OkweloguE_EO5,1.0,0.6697206876244565
T193_OUTER_03,University of Edinburgh-led controlled human exposure study,SEQUENCE_RIDGE_COMPOSITION_ONLY,T193_6dca2bacff1ca2f03d07,EDINBURGH_DS7545_HUMAN_PLASMA_NANOOMICS,P26038,R4_EDINBURGH_USGO_20210324_6pm_KostarelosK_OkweloguE_EO5,0.7368421052631579,0.3693766378005806
T193_OUTER_03,University of Edinburgh-led controlled human exposure study,SEQUENCE_RIDGE_COMPOSITION_ONLY,T193_99e5cdcbaae6d8fb4f89,EDINBURGH_DS7545_HUMAN_PLASMA_NANOOMICS,Q04695,R4_EDINBURGH_USGO_20210324_6pm_KostarelosK_OkweloguE_EO5,0.42105263157894735,0.1674135907707586
T193_OUTER_03,University of Edinburgh-led controlled human exposure study,SEQUENCE_RIDGE_COMPOSITION_ONLY,T193_c06de93186163f1ab8d0,EDINBURGH_DS7545_HUMAN_PLASMA_NANOOMICS,P05556,R4_EDINBURGH_USGO_20210324_6pm_KostarelosK_OkweloguE_EO5,0.631578947368421,0.08231200658080243
T193_OUTER_03,University of Edinburgh-led controlled human exposure study,SEQUENCE_RIDGE_COMPOSITION_ONLY,T193_c0b47d7f12a1edcffa6f,EDINBURGH_DS7545_HUMAN_PLASMA_NANOOMICS,Q9HDC9,R4_EDINBURGH_USGO_20210324_6pm_KostarelosK_OkweloguE_EO5,0.15789473684210525,0.4435091854181341
T193_OUTER_03,University of Edinburgh-led controlled human exposure study,SEQUENCE_RIDGE_COMPOSITION_ONLY,T193_c54ba814fb034443e0ae,EDINBURGH_DS7545_HUMAN_PLASMA_NANOOMICS,P60174,R4_EDINBURGH_USGO_20210324_6pm_KostarelosK_OkweloguE_EO5,0.0,0.34938150693543024
T193_OUTER_03,University of Edinburgh-led controlled human exposure study,SEQUENCE_RIDGE_COMPOSITION_ONLY,T193_0244e8667215b4573632,EDINBURGH_DS7545_HUMAN_PLASMA_NANOOMICS,Q04695,R4_EDINBURGH_USGO_20210324_6pm_KostarelosK_OkweloguE_EO50,0.8947368421052632,0.1674135907707586
T193_OUTER_03,University of Edinburgh-led controlled human exposure study,SEQUENCE_RIDGE_COMPOSITION_ONLY,T193_2d4ec1e24e59a8d5e7b5,EDINBURGH_DS7545_HUMAN_PLASMA_NANOOMICS,P26038,R4_EDINBURGH_USGO_20210324_6pm_KostarelosK_OkweloguE_EO50,0.8421052631578947,0.3693766378005806
T193_OUTER_03,University of Edinburgh-led controlled human exposure study,SEQUENCE_RIDGE_COMPOSITION_ONLY,T193_6a657a0cf2722839d99d,EDINBURGH_DS7545_HUMAN_PLASMA_NANOOMICS,Q9HDC9,R4_EDINBURGH_USGO_20210324_6pm_KostarelosK_OkweloguE_EO50,0.05263157894736842,0.4435091854181341
T193_OUTER_03,University of Edinburgh-led controlled human exposure study,SEQUENCE_RIDGE_COMPOSITION_ONLY,T193_73fc19f4bee445b39a44,EDINBURGH_DS7545_HUMAN_PLASMA_NANOOMICS,P04004,R4_EDINBURGH_USGO_20210324_6pm_KostarelosK_OkweloguE_EO50,0.9473684210526315,0.8598844595177332
T193_OUTER_03,University of Edinburgh-led controlled human exposure study,SEQUENCE_RIDGE_COMPOSITION_ONLY,T193_7674e8f22353d2579187,EDINBURGH_DS7545_HUMAN_PLASMA_NANOOMICS,P04264,R4_EDINBURGH_USGO_20210324_6pm_KostarelosK_OkweloguE_EO50,1.0,0.6697206876244565
T193_OUTER_03,University of Edinburgh-led controlled human exposure study,SEQUENCE_RIDGE_COMPOSITION_ONLY,T193_ace90251fcae09a9b8ff,EDINBURGH_DS7545_HUMAN_PLASMA_NANOOMICS,P05556,R4_EDINBURGH_USGO_20210324_6pm_KostarelosK_OkweloguE_EO50,0.5263157894736842,0.08231200658080243
T193_OUTER_03,University of Edinburgh-led controlled human exposure study,SEQUENCE_RIDGE_COMPOSITION_ONLY,T193_cc9ad4575c388f5cc10f,EDINBURGH_DS7545_HUMAN_PLASMA_NANOOMICS,P07996,R4_EDINBURGH_USGO_20210324_6pm_KostarelosK_OkweloguE_EO50,0.47368421052631576,0.41468253037442887
T193_OUTER_03,University of Edinburgh-led controlled human exposure study,SEQUENCE_RIDGE_COMPOSITION_ONLY,T193_ce0008226007703571c2,EDINBURGH_DS7545_HUMAN_PLASMA_NANOOMICS,P60174,R4_EDINBURGH_USGO_20210324_6pm_KostarelosK_OkweloguE_EO50,0.15789473684210525,0.34938150693543024
T193_OUTER_03,University of Edinburgh-led controlled human exposure study,SEQUENCE_RIDGE_COMPOSITION_ONLY,T193_d1582eefbcf6b9f0c73e,EDINBURGH_DS7545_HUMAN_PLASMA_NANOOMICS,P06396,R4_EDINBURGH_USGO_20210324_6pm_KostarelosK_OkweloguE_EO50,0.6842105263157895,0.9179048473409984
T193_OUTER_03,University of Edinburgh-led controlled human exposure study,SEQUENCE_RIDGE_COMPOSITION_ONLY,T193_018d0daeeb77795d4e32,EDINBURGH_DS7545_HUMAN_PLASMA_NANOOMICS,P04264,R4_EDINBURGH_USGO_20210324_6pm_KostarelosK_OkweloguE_EO53,1.0,0.6697206876244565
T193_OUTER_03,University of Edinburgh-led controlled human exposure study,SEQUENCE_RIDGE_COMPOSITION_ONLY,T193_86c0b3c554c7d42bf977,EDINBURGH_DS7545_HUMAN_PLASMA_NANOOMICS,P05556,R4_EDINBURGH_USGO_20210324_6pm_KostarelosK_OkweloguE_EO53,0.3333333333333333,0.08231200658080243
T193_OUTER_03,University of Edinburgh-led controlled human exposure study,SEQUENCE_RIDGE_COMPOSITION_ONLY,T193_b21f2e6b0d3cdb3ea129,EDINBURGH_DS7545_HUMAN_PLASMA_NANOOMICS,P06396,R4_EDINBURGH_USGO_20210324_6pm_KostarelosK_OkweloguE_EO53,0.8333333333333334,0.9179048473409984
T193_OUTER_03,University of Edinburgh-led controlled human exposure study,SEQUENCE_RIDGE_COMPOSITION_ONLY,T193_bcd840bbc97959dc0715,EDINBURGH_DS7545_HUMAN_PLASMA_NANOOMICS,P07996,R4_EDINBURGH_USGO_20210324_6pm_KostarelosK_OkweloguE_EO53,0.2777777777777778,0.41468253037442887
T193_OUTER_03,University of Edinburgh-led controlled human exposure study,SEQUENCE_RIDGE_COMPOSITION_ONLY,T193_c35fa95be89b58386edb,EDINBURGH_DS7545_HUMAN_PLASMA_NANOOMICS,P04004,R4_EDINBURGH_USGO_20210324_6pm_KostarelosK_OkweloguE_EO53,0.9444444444444444,0.8598844595177332
T193_OUTER_03,University of Edinburgh-led controlled human exposure study,SEQUENCE_RIDGE_COMPOSITION_ONLY,T193_e13a949c8dba1a6c5a5e,EDINBURGH_DS7545_HUMAN_PLASMA_NANOOMICS,Q04695,R4_EDINBURGH_USGO_20210324_6pm_KostarelosK_OkweloguE_EO53,0.6666666666666666,0.1674135907707586
T193_OUTER_03,University of Edinburgh-led controlled human exposure study,SEQUENCE_RIDGE_COMPOSITION_ONLY,T193_e62fa20107b9671d53ee,EDINBURGH_DS7545_HUMAN_PLASMA_NANOOMICS,Q9HDC9,R4_EDINBURGH_USGO_20210324_6pm_KostarelosK_OkweloguE_EO53,0.5,0.4435091854181341
T193_OUTER_03,University of Edinburgh-led controlled human exposure study,SEQUENCE_RIDGE_COMPOSITION_ONLY,T193_ff98a365512c60045e8e,EDINBURGH_DS7545_HUMAN_PLASMA_NANOOMICS,P26038,R4_EDINBURGH_USGO_20210324_6pm_KostarelosK_OkweloguE_EO53,0.8888888888888888,0.3693766378005806
T193_OUTER_03,University of Edinburgh-led controlled human exposure study,SEQUENCE_RIDGE_COMPOSITION_ONLY,T193_0413120472e4ad7539e0,EDINBURGH_DS7545_HUMAN_PLASMA_NANOOMICS,P06396,R4_EDINBURGH_USGO_20210324_6pm_KostarelosK_OkweloguE_EO60,0.7222222222222222,0.9179048473409984
T193_OUTER_03,University of Edinburgh-led controlled human exposure study,SEQUENCE_RIDGE_COMPOSITION_ONLY,T193_2e0b092b48c8249563bb,EDINBURGH_DS7545_HUMAN_PLASMA_NANOOMICS,Q9HDC9,R4_EDINBURGH_USGO_20210324_6pm_KostarelosK_OkweloguE_EO60,0.5555555555555556,0.4435091854181341
T193_OUTER_03,University of Edinburgh-led controlled human exposure study,SEQUENCE_RIDGE_COMPOSITION_ONLY,T193_2ed0dd50e0d298117a82,EDINBURGH_DS7545_HUMAN_PLASMA_NANOOMICS,P07996,R4_EDINBURGH_USGO_20210324_6pm_KostarelosK_OkweloguE_EO60,0.6666666666666666,0.41468253037442887
T193_OUTER_03,University of Edinburgh-led controlled human exposure study,SEQUENCE_RIDGE_COMPOSITION_ONLY,T193_45c71888666106fd7ec2,EDINBURGH_DS7545_HUMAN_PLASMA_NANOOMICS,P05556,R4_EDINBURGH_USGO_20210324_6pm_KostarelosK_OkweloguE_EO60,0.2777777777777778,0.08231200658080243
T193_OUTER_03,University of Edinburgh-led controlled human exposure study,SEQUENCE_RIDGE_COMPOSITION_ONLY,T193_9f8879a4b0de97366543,EDINBURGH_DS7545_HUMAN_PLASMA_NANOOMICS,P04264,R4_EDINBURGH_USGO_20210324_6pm_KostarelosK_OkweloguE_EO60,1.0,0.6697206876244565
T193_OUTER_03,University of Edinburgh-led controlled human exposure study,SEQUENCE_RIDGE_COMPOSITION_ONLY,T193_cbe4dfba5e60704e55af,EDINBURGH_DS7545_HUMAN_PLASMA_NANOOMICS,P04004,R4_EDINBURGH_USGO_20210324_6pm_KostarelosK_OkweloguE_EO60,0.9444444444444444,0.8598844595177332
T193_OUTER_03,University of Edinburgh-led controlled human exposure study,SEQUENCE_RIDGE_COMPOSITION_ONLY,T193_d39a51c15a15b379d9a0,EDINBURGH_DS7545_HUMAN_PLASMA_NANOOMICS,P26038,R4_EDINBURGH_USGO_20210324_6pm_KostarelosK_OkweloguE_EO60,0.8888888888888888,0.3693766378005806
T193_OUTER_03,University of Edinburgh-led controlled human exposure study,SEQUENCE_RIDGE_COMPOSITION_ONLY,T193_f2f374ac7afba0f3ccea,EDINBURGH_DS7545_HUMAN_PLASMA_NANOOMICS,Q04695,R4_EDINBURGH_USGO_20210324_6pm_KostarelosK_OkweloguE_EO60,0.8333333333333334,0.1674135907707586
T193_OUTER_03,University of Edinburgh-led controlled human exposure study,SEQUENCE_RIDGE_COMPOSITION_ONLY,T193_0fcad4451c457609d7c3,EDINBURGH_DS7545_HUMAN_PLASMA_NANOOMICS,P05556,R4_EDINBURGH_USGO_20210324_6pm_KostarelosK_OkweloguE_EO62,0.5263157894736842,0.08231200658080243
T193_OUTER_03,University of Edinburgh-led controlled human exposure study,SEQUENCE_RIDGE_COMPOSITION_ONLY,T193_457f74c16a4ba800f8ee,EDINBURGH_DS7545_HUMAN_PLASMA_NANOOMICS,P04264,R4_EDINBURGH_USGO_20210324_6pm_KostarelosK_OkweloguE_EO62,1.0,0.6697206876244565
T193_OUTER_03,University of Edinburgh-led controlled human exposure study,SEQUENCE_RIDGE_COMPOSITION_ONLY,T193_459c1989bb836c83dfda,EDINBURGH_DS7545_HUMAN_PLASMA_NANOOMICS,Q9HDC9,R4_EDINBURGH_USGO_20210324_6pm_KostarelosK_OkweloguE_EO62,0.21052631578947367,0.4435091854181341
T193_OUTER_03,University of Edinburgh-led controlled human exposure study,SEQUENCE_RIDGE_COMPOSITION_ONLY,T193_52c131b70ba982eeff65,EDINBURGH_DS7545_HUMAN_PLASMA_NANOOMICS,P06396,R4_EDINBURGH_USGO_20210324_6pm_KostarelosK_OkweloguE_EO62,0.631578947368421,0.9179048473409984
T193_OUTER_03,University of Edinburgh-led controlled human exposure study,SEQUENCE_RIDGE_COMPOSITION_ONLY,T193_b261acb00636dce7346f,EDINBURGH_DS7545_HUMAN_PLASMA_NANOOMICS,P07996,R4_EDINBURGH_USGO_20210324_6pm_KostarelosK_OkweloguE_EO62,0.3157894736842105,0.41468253037442887
T193_OUTER_03,University of Edinburgh-led controlled human exposure study,SEQUENCE_RIDGE_COMPOSITION_ONLY,T193_b9a625e16286bb6dcb80,EDINBURGH_DS7545_HUMAN_PLASMA_NANOOMICS,P26038,R4_EDINBURGH_USGO_20210324_6pm_KostarelosK_OkweloguE_EO62,0.3684210526315789,0.3693766378005806
T193_OUTER_03,University of Edinburgh-led controlled human exposure study,SEQUENCE_RIDGE_COMPOSITION_ONLY,T193_c77ea39389148a425735,EDINBURGH_DS7545_HUMAN_PLASMA_NANOOMICS,Q04695,R4_EDINBURGH_USGO_20210324_6pm_KostarelosK_OkweloguE_EO62,0.9473684210526315,0.1674135907707586
T193_OUTER_03,University of Edinburgh-led controlled human exposure study,SEQUENCE_RIDGE_COMPOSITION_ONLY,T193_d79c25e1ba4627452358,EDINBURGH_DS7545_HUMAN_PLASMA_NANOOMICS,P60174,R4_EDINBURGH_USGO_20210324_6pm_KostarelosK_OkweloguE_EO62,0.6842105263157895,0.34938150693543024
T193_OUTER_03,University of Edinburgh-led controlled human exposure study,SEQUENCE_RIDGE_COMPOSITION_ONLY,T193_dbee70563a02035f4db9,EDINBURGH_DS7545_HUMAN_PLASMA_NANOOMICS,P04004,R4_EDINBURGH_USGO_20210324_6pm_KostarelosK_OkweloguE_EO62,0.8947368421052632,0.8598844595177332
T193_OUTER_03,University of Edinburgh-led controlled human exposure study,SEQUENCE_RIDGE_COMPOSITION_ONLY,T193_13a90409f7a64ed8a1d3,EDINBURGH_DS7545_HUMAN_PLASMA_NANOOMICS,Q04695,R4_EDINBURGH_USGO_20210324_6pm_KostarelosK_OkweloguE_EO69,0.6111111111111112,0.1674135907707586
T193_OUTER_03,University of Edinburgh-led controlled human exposure study,SEQUENCE_RIDGE_COMPOSITION_ONLY,T193_180db7c003532ee317fe,EDINBURGH_DS7545_HUMAN_PLASMA_NANOOMICS,P05556,R4_EDINBURGH_USGO_20210324_6pm_KostarelosK_OkweloguE_EO69,0.3888888888888889,0.08231200658080243
T193_OUTER_03,University of Edinburgh-led controlled human exposure study,SEQUENCE_RIDGE_COMPOSITION_ONLY,T193_3150cb362959fda4cec8,EDINBURGH_DS7545_HUMAN_PLASMA_NANOOMICS,P04004,R4_EDINBURGH_USGO_20210324_6pm_KostarelosK_OkweloguE_EO69,0.9444444444444444,0.8598844595177332
T193_OUTER_03,University of Edinburgh-led controlled human exposure study,SEQUENCE_RIDGE_COMPOSITION_ONLY,T193_5032eb2d181194764018,EDINBURGH_DS7545_HUMAN_PLASMA_NANOOMICS,Q9HDC9,R4_EDINBURGH_USGO_20210324_6pm_KostarelosK_OkweloguE_EO69,0.7777777777777778,0.4435091854181341
T193_OUTER_03,University of Edinburgh-led controlled human exposure study,SEQUENCE_RIDGE_COMPOSITION_ONLY,T193_50fb974d705d0495b2b0,EDINBURGH_DS7545_HUMAN_PLASMA_NANOOMICS,P60174,R4_EDINBURGH_USGO_20210324_6pm_KostarelosK_OkweloguE_EO69,0.1111111111111111,0.34938150693543024
T193_OUTER_03,University of Edinburgh-led controlled human exposure study,SEQUENCE_RIDGE_COMPOSITION_ONLY,T193_5679d76bab8a4a293352,EDINBURGH_DS7545_HUMAN_PLASMA_NANOOMICS,P07996,R4_EDINBURGH_USGO_20210324_6pm_KostarelosK_OkweloguE_EO69,0.4444444444444444,0.41468253037442887
T193_OUTER_03,University of Edinburgh-led controlled human exposure study,SEQUENCE_RIDGE_COMPOSITION_ONLY,T193_637ce329c382092714c8,EDINBURGH_DS7545_HUMAN_PLASMA_NANOOMICS,P04264,R4_EDINBURGH_USGO_20210324_6pm_KostarelosK_OkweloguE_EO69,1.0,0.6697206876244565
T193_OUTER_03,University of Edinburgh-led controlled human exposure study,SEQUENCE_RIDGE_COMPOSITION_ONLY,T193_8369dd4056b47bd25c16,EDINBURGH_DS7545_HUMAN_PLASMA_NANOOMICS,P26038,R4_EDINBURGH_USGO_20210324_6pm_KostarelosK_OkweloguE_EO69,0.8333333333333334,0.3693766378005806
T193_OUTER_03,University of Edinburgh-led controlled human exposure study,SEQUENCE_RIDGE_COMPOSITION_ONLY,T193_e1ab3eb2869d4c244e5a,EDINBURGH_DS7545_HUMAN_PLASMA_NANOOMICS,P06396,R4_EDINBURGH_USGO_20210324_6pm_KostarelosK_OkweloguE_EO69,0.5555555555555556,0.9179048473409984
T193_OUTER_03,University of Edinburgh-led controlled human exposure study,SEQUENCE_RIDGE_COMPOSITION_ONLY,T193_07cedcc37da97c17caf4,EDINBURGH_DS7545_HUMAN_PLASMA_NANOOMICS,Q04695,R4_EDINBURGH_USGO_20210324_6pm_KostarelosK_OkweloguE_EO76,0.4,0.1674135907707586
T193_OUTER_03,University of Edinburgh-led controlled human exposure study,SEQUENCE_RIDGE_COMPOSITION_ONLY,T193_174aac8ada2758efb7ce,EDINBURGH_DS7545_HUMAN_PLASMA_NANOOMICS,P26038,R4_EDINBURGH_USGO_20210324_6pm_KostarelosK_OkweloguE_EO76,0.85,0.3693766378005806
T193_OUTER_03,University of Edinburgh-led controlled human exposure study,SEQUENCE_RIDGE_COMPOSITION_ONLY,T193_2192606dc03d94e6fc45,EDINBURGH_DS7545_HUMAN_PLASMA_NANOOMICS,P06396,R4_EDINBURGH_USGO_20210324_6pm_KostarelosK_OkweloguE_EO76,0.5,0.9179048473409984
T193_OUTER_03,University of Edinburgh-led controlled human exposure study,SEQUENCE_RIDGE_COMPOSITION_ONLY,T193_9645bb439282134120bb,EDINBURGH_DS7545_HUMAN_PLASMA_NANOOMICS,P04004,R4_EDINBURGH_USGO_20210324_6pm_KostarelosK_OkweloguE_EO76,0.95,0.8598844595177332
T193_OUTER_03,University of Edinburgh-led controlled human exposure study,SEQUENCE_RIDGE_COMPOSITION_ONLY,T193_d19a5e7f958583a0b35d,EDINBURGH_DS7545_HUMAN_PLASMA_NANOOMICS,P07996,R4_EDINBURGH_USGO_20210324_6pm_KostarelosK_OkweloguE_EO76,0.25,0.41468253037442887
T193_OUTER_03,University of Edinburgh-led controlled human exposure study,SEQUENCE_RIDGE_COMPOSITION_ONLY,T193_d9554b9115429caed0f8,EDINBURGH_DS7545_HUMAN_PLASMA_NANOOMICS,P05556,R4_EDINBURGH_USGO_20210324_6pm_KostarelosK_OkweloguE_EO76,0.3,0.08231200658080243
T193_OUTER_03,University of Edinburgh-led controlled human exposure study,SEQUENCE_RIDGE_COMPOSITION_ONLY,T193_de6bd9063f9628582aa7,EDINBURGH_DS7545_HUMAN_PLASMA_NANOOMICS,Q9HDC9,R4_EDINBURGH_USGO_20210324_6pm_KostarelosK_OkweloguE_EO76,0.0,0.4435091854181341
T193_OUTER_03,University of Edinburgh-led controlled human exposure study,SEQUENCE_RIDGE_COMPOSITION_ONLY,T193_e08a22b4a9c66737b7f4,EDINBURGH_DS7545_HUMAN_PLASMA_NANOOMICS,P60174,R4_EDINBURGH_USGO_20210324_6pm_KostarelosK_OkweloguE_EO76,0.8,0.34938150693543024
T193_OUTER_03,University of Edinburgh-led controlled human exposure study,SEQUENCE_RIDGE_COMPOSITION_ONLY,T193_f470f386b35f0d9964b9,EDINBURGH_DS7545_HUMAN_PLASMA_NANOOMICS,P04264,R4_EDINBURGH_USGO_20210324_6pm_KostarelosK_OkweloguE_EO76,1.0,0.6697206876244565
T193_OUTER_03,University of Edinburgh-led controlled human exposure study,SEQUENCE_RIDGE_COMPOSITION_ONLY,T193_22fa65e49be438761e21,EDINBURGH_DS7545_HUMAN_PLASMA_NANOOMICS,P06396,R4_EDINBURGH_USGO_20210324_6pm_KostarelosK_OkweloguE_EO77,0.7777777777777778,0.9179048473409984
T193_OUTER_03,University of Edinburgh-led controlled human exposure study,SEQUENCE_RIDGE_COMPOSITION_ONLY,T193_27822ae17617e1f90526,EDINBURGH_DS7545_HUMAN_PLASMA_NANOOMICS,P26038,R4_EDINBURGH_USGO_20210324_6pm_KostarelosK_OkweloguE_EO77,0.5555555555555556,0.3693766378005806
T193_OUTER_03,University of Edinburgh-led controlled human exposure study,SEQUENCE_RIDGE_COMPOSITION_ONLY,T193_3a5244071db52636cf02,EDINBURGH_DS7545_HUMAN_PLASMA_NANOOMICS,Q04695,R4_EDINBURGH_USGO_20210324_6pm_KostarelosK_OkweloguE_EO77,0.8888888888888888,0.1674135907707586
T193_OUTER_03,University of Edinburgh-led controlled human exposure study,SEQUENCE_RIDGE_COMPOSITION_ONLY,T193_3e782387e93e60fa6981,EDINBURGH_DS7545_HUMAN_PLASMA_NANOOMICS,Q9HDC9,R4_EDINBURGH_USGO_20210324_6pm_KostarelosK_OkweloguE_EO77,0.6666666666666666,0.4435091854181341
T193_OUTER_03,University of Edinburgh-led controlled human exposure study,SEQUENCE_RIDGE_COMPOSITION_ONLY,T193_8666985b742f90dede0d,EDINBURGH_DS7545_HUMAN_PLASMA_NANOOMICS,P07996,R4_EDINBURGH_USGO_20210324_6pm_KostarelosK_OkweloguE_EO77,0.8333333333333334,0.41468253037442887
T193_OUTER_03,University of Edinburgh-led controlled human exposure study,SEQUENCE_RIDGE_COMPOSITION_ONLY,T193_bfa490cae498c7734e0b,EDINBURGH_DS7545_HUMAN_PLASMA_NANOOMICS,P04004,R4_EDINBURGH_USGO_20210324_6pm_KostarelosK_OkweloguE_EO77,0.9444444444444444,0.8598844595177332
T193_OUTER_03,University of Edinburgh-led controlled human exposure study,SEQUENCE_RIDGE_COMPOSITION_ONLY,T193_c0d75c3dfb0e676dc9b8,EDINBURGH_DS7545_HUMAN_PLASMA_NANOOMICS,P05556,R4_EDINBURGH_USGO_20210324_6pm_KostarelosK_OkweloguE_EO77,0.4444444444444444,0.08231200658080243
T193_OUTER_03,University of Edinburgh-led controlled human exposure study,SEQUENCE_RIDGE_COMPOSITION_ONLY,T193_f447b2ece976b1c0e94f,EDINBURGH_DS7545_HUMAN_PLASMA_NANOOMICS,P04264,R4_EDINBURGH_USGO_20210324_6pm_KostarelosK_OkweloguE_EO77,1.0,0.6697206876244565
T193_OUTER_03,University of Edinburgh-led controlled human exposure study,SEQUENCE_RIDGE_COMPOSITION_ONLY,T193_17f4c4f840d55b6aa624,EDINBURGH_DS7545_HUMAN_PLASMA_NANOOMICS,P60174,R4_EDINBURGH_USGO_20210324_6pm_KostarelosK_OkweloguE_EO79,0.3888888888888889,0.34938150693543024
T193_OUTER_03,University of Edinburgh-led controlled human exposure study,SEQUENCE_RIDGE_COMPOSITION_ONLY,T193_2244c19394ed283b99f6,EDINBURGH_DS7545_HUMAN_PLASMA_NANOOMICS,P05556,R4_EDINBURGH_USGO_20210324_6pm_KostarelosK_OkweloguE_EO79,0.3333333333333333,0.08231200658080243
T193_OUTER_03,University of Edinburgh-led controlled human exposure study,SEQUENCE_RIDGE_COMPOSITION_ONLY,T193_4875a9a2db8dd0335435,EDINBURGH_DS7545_HUMAN_PLASMA_NANOOMICS,Q04695,R4_EDINBURGH_USGO_20210324_6pm_KostarelosK_OkweloguE_EO79,0.8333333333333334,0.1674135907707586
T193_OUTER_03,University of Edinburgh-led controlled human exposure study,SEQUENCE_RIDGE_COMPOSITION_ONLY,T193_7b11fb41ebbb8381d0b1,EDINBURGH_DS7545_HUMAN_PLASMA_NANOOMICS,P04004,R4_EDINBURGH_USGO_20210324_6pm_KostarelosK_OkweloguE_EO79,0.9444444444444444,0.8598844595177332
T193_OUTER_03,University of Edinburgh-led controlled human exposure study,SEQUENCE_RIDGE_COMPOSITION_ONLY,T193_a4b49a7cea80fd89bbe6,EDINBURGH_DS7545_HUMAN_PLASMA_NANOOMICS,P07996,R4_EDINBURGH_USGO_20210324_6pm_KostarelosK_OkweloguE_EO79,0.8888888888888888,0.41468253037442887
T193_OUTER_03,University of Edinburgh-led controlled human exposure study,SEQUENCE_RIDGE_COMPOSITION_ONLY,T193_a7cf96e3afd0874d0b8f,EDINBURGH_DS7545_HUMAN_PLASMA_NANOOMICS,P04264,R4_EDINBURGH_USGO_20210324_6pm_KostarelosK_OkweloguE_EO79,1.0,0.6697206876244565
T193_OUTER_03,University of Edinburgh-led controlled human exposure study,SEQUENCE_RIDGE_COMPOSITION_ONLY,T193_b22dc9fe0937f61c92b5,EDINBURGH_DS7545_HUMAN_PLASMA_NANOOMICS,P06396,R4_EDINBURGH_USGO_20210324_6pm_KostarelosK_OkweloguE_EO79,0.4444444444444444,0.9179048473409984
T193_OUTER_03,University of Edinburgh-led controlled human exposure study,SEQUENCE_RIDGE_COMPOSITION_ONLY,T193_d7e57f71ffcd52498f50,EDINBURGH_DS7545_HUMAN_PLASMA_NANOOMICS,Q9HDC9,R4_EDINBURGH_USGO_20210324_6pm_KostarelosK_OkweloguE_EO79,0.7222222222222222,0.4435091854181341
T193_OUTER_03,University of Edinburgh-led controlled human exposure study,SEQUENCE_RIDGE_COMPOSITION_ONLY,T193_e91cb07ff9fd10f531b5,EDINBURGH_DS7545_HUMAN_PLASMA_NANOOMICS,P26038,R4_EDINBURGH_USGO_20210324_6pm_KostarelosK_OkweloguE_EO79,0.7777777777777778,0.3693766378005806
T193_OUTER_03,University of Edinburgh-led controlled human exposure study,SEQUENCE_RIDGE_COMPOSITION_ONLY,T193_1873f475b54bb792d372,EDINBURGH_DS7545_HUMAN_PLASMA_NANOOMICS,P04264,R4_EDINBURGH_USGO_20210324_6pm_KostarelosK_OkweloguE_EO86,1.0,0.6697206876244565
T193_OUTER_03,University of Edinburgh-led controlled human exposure study,SEQUENCE_RIDGE_COMPOSITION_ONLY,T193_31a580b3f5b6dff168f8,EDINBURGH_DS7545_HUMAN_PLASMA_NANOOMICS,Q9HDC9,R4_EDINBURGH_USGO_20210324_6pm_KostarelosK_OkweloguE_EO86,0.15789473684210525,0.4435091854181341
T193_OUTER_03,University of Edinburgh-led controlled human exposure study,SEQUENCE_RIDGE_COMPOSITION_ONLY,T193_463c656fb49cbb6f9f99,EDINBURGH_DS7545_HUMAN_PLASMA_NANOOMICS,P60174,R4_EDINBURGH_USGO_20210324_6pm_KostarelosK_OkweloguE_EO86,0.05263157894736842,0.34938150693543024
T193_OUTER_03,University of Edinburgh-led controlled human exposure study,SEQUENCE_RIDGE_COMPOSITION_ONLY,T193_575c5ce8cae1bcbb823f,EDINBURGH_DS7545_HUMAN_PLASMA_NANOOMICS,Q04695,R4_EDINBURGH_USGO_20210324_6pm_KostarelosK_OkweloguE_EO86,0.7894736842105263,0.1674135907707586
T193_OUTER_03,University of Edinburgh-led controlled human exposure study,SEQUENCE_RIDGE_COMPOSITION_ONLY,T193_6959b5c462d79ff8fed7,EDINBURGH_DS7545_HUMAN_PLASMA_NANOOMICS,P26038,R4_EDINBURGH_USGO_20210324_6pm_KostarelosK_OkweloguE_EO86,0.8421052631578947,0.3693766378005806
T193_OUTER_03,University of Edinburgh-led controlled human exposure study,SEQUENCE_RIDGE_COMPOSITION_ONLY,T193_750464e02f48e92ac293,EDINBURGH_DS7545_HUMAN_PLASMA_NANOOMICS,P04004,R4_EDINBURGH_USGO_20210324_6pm_KostarelosK_OkweloguE_EO86,0.9473684210526315,0.8598844595177332
T193_OUTER_03,University of Edinburgh-led controlled human exposure study,SEQUENCE_RIDGE_COMPOSITION_ONLY,T193_91e0cab3244a9e71ea6d,EDINBURGH_DS7545_HUMAN_PLASMA_NANOOMICS,P07996,R4_EDINBURGH_USGO_20210324_6pm_KostarelosK_OkweloguE_EO86,0.631578947368421,0.41468253037442887
T193_OUTER_03,University of Edinburgh-led controlled human exposure study,SEQUENCE_RIDGE_COMPOSITION_ONLY,T193_b2ef5b45649a5d16f6de,EDINBURGH_DS7545_HUMAN_PLASMA_NANOOMICS,P05556,R4_EDINBURGH_USGO_20210324_6pm_KostarelosK_OkweloguE_EO86,0.47368421052631576,0.08231200658080243
T193_OUTER_03,University of Edinburgh-led controlled human exposure study,SEQUENCE_RIDGE_COMPOSITION_ONLY,T193_b58218c837bd453db465,EDINBURGH_DS7545_HUMAN_PLASMA_NANOOMICS,P06396,R4_EDINBURGH_USGO_20210324_6pm_KostarelosK_OkweloguE_EO86,0.7368421052631579,0.9179048473409984
T193_OUTER_03,University of Edinburgh-led controlled human exposure study,SEQUENCE_RIDGE_COMPOSITION_ONLY,T193_42374ba0abd3e876e2f5,EDINBURGH_DS7545_HUMAN_PLASMA_NANOOMICS,P60174,R4_EDINBURGH_USGO_20210324_6pm_KostarelosK_OkweloguE_EO87,0.05263157894736842,0.34938150693543024
T193_OUTER_03,University of Edinburgh-led controlled human exposure study,SEQUENCE_RIDGE_COMPOSITION_ONLY,T193_4475afa8c532cd30850d,EDINBURGH_DS7545_HUMAN_PLASMA_NANOOMICS,P04264,R4_EDINBURGH_USGO_20210324_6pm_KostarelosK_OkweloguE_EO87,1.0,0.6697206876244565
T193_OUTER_03,University of Edinburgh-led controlled human exposure study,SEQUENCE_RIDGE_COMPOSITION_ONLY,T193_50a98d11983130cf5cbd,EDINBURGH_DS7545_HUMAN_PLASMA_NANOOMICS,P05556,R4_EDINBURGH_USGO_20210324_6pm_KostarelosK_OkweloguE_EO87,0.5263157894736842,0.08231200658080243
T193_OUTER_03,University of Edinburgh-led controlled human exposure study,SEQUENCE_RIDGE_COMPOSITION_ONLY,T193_676637429e14f0bea00b,EDINBURGH_DS7545_HUMAN_PLASMA_NANOOMICS,Q04695,R4_EDINBURGH_USGO_20210324_6pm_KostarelosK_OkweloguE_EO87,0.15789473684210525,0.1674135907707586
T193_OUTER_03,University of Edinburgh-led controlled human exposure study,SEQUENCE_RIDGE_COMPOSITION_ONLY,T193_764982391a800548f7c6,EDINBURGH_DS7545_HUMAN_PLASMA_NANOOMICS,P06396,R4_EDINBURGH_USGO_20210324_6pm_KostarelosK_OkweloguE_EO87,0.6842105263157895,0.9179048473409984
T193_OUTER_03,University of Edinburgh-led controlled human exposure study,SEQUENCE_RIDGE_COMPOSITION_ONLY,T193_78f2595a182e6f4a457c,EDINBURGH_DS7545_HUMAN_PLASMA_NANOOMICS,P26038,R4_EDINBURGH_USGO_20210324_6pm_KostarelosK_OkweloguE_EO87,0.47368421052631576,0.3693766378005806
T193_OUTER_03,University of Edinburgh-led controlled human exposure study,SEQUENCE_RIDGE_COMPOSITION_ONLY,T193_844b3ee990682a412fa0,EDINBURGH_DS7545_HUMAN_PLASMA_NANOOMICS,P04004,R4_EDINBURGH_USGO_20210324_6pm_KostarelosK_OkweloguE_EO87,0.9473684210526315,0.8598844595177332
T193_OUTER_03,University of Edinburgh-led controlled human exposure study,SEQUENCE_RIDGE_COMPOSITION_ONLY,T193_a7dc23cc39076a1b2067,EDINBURGH_DS7545_HUMAN_PLASMA_NANOOMICS,P07996,R4_EDINBURGH_USGO_20210324_6pm_KostarelosK_OkweloguE_EO87,0.631578947368421,0.41468253037442887
T193_OUTER_03,University of Edinburgh-led controlled human exposure study,SEQUENCE_RIDGE_COMPOSITION_ONLY,T193_b31eb2692dda4dd79ef0,EDINBURGH_DS7545_HUMAN_PLASMA_NANOOMICS,Q9HDC9,R4_EDINBURGH_USGO_20210324_6pm_KostarelosK_OkweloguE_EO87,0.21052631578947367,0.4435091854181341
