source_id,laboratory_anchor,source_asset_id,source_worksheet,source_row,source_coordinate,source_identifier,canonical_accession,measurement_batch_id,biological_unit_id,condition_label,analysis_candidate_eligible,author_quantity_type,author_numeric_value,author_value_state,rank_target_eligible
PMC13106918_RCSI_DCU_SILICA_CORONA,Royal College of Surgeons in Ireland and Dublin City University,protein_groups,proteinGroups.txt,62,LFQ intensity iST_162,O00299,O00299,R4_PMC13106918_iST_1,POOLED_HUMAN_PLASMA_8_DONORS,iST,true,LFQ_INTENSITY,3999700,POSITIVE_FINITE,true
PMC13106918_RCSI_DCU_SILICA_CORONA,Royal College of Surgeons in Ireland and Dublin City University,protein_groups,proteinGroups.txt,62,LFQ intensity iST_262,O00299,O00299,R4_PMC13106918_iST_2,POOLED_HUMAN_PLASMA_8_DONORS,iST,true,LFQ_INTENSITY,5359800,POSITIVE_FINITE,true
PMC13106918_RCSI_DCU_SILICA_CORONA,Royal College of Surgeons in Ireland and Dublin City University,protein_groups,proteinGroups.txt,62,LFQ intensity iST_362,O00299,O00299,R4_PMC13106918_iST_3,POOLED_HUMAN_PLASMA_8_DONORS,iST,true,LFQ_INTENSITY,5283900,POSITIVE_FINITE,true
PMC13106918_RCSI_DCU_SILICA_CORONA,Royal College of Surgeons in Ireland and Dublin City University,protein_groups,proteinGroups.txt,62,LFQ intensity iST_462,O00299,O00299,R4_PMC13106918_iST_4,POOLED_HUMAN_PLASMA_8_DONORS,iST,true,LFQ_INTENSITY,4850100,POSITIVE_FINITE,true
PMC13106918_RCSI_DCU_SILICA_CORONA,Royal College of Surgeons in Ireland and Dublin City University,protein_groups,proteinGroups.txt,62,LFQ intensity Pmax_162,O00299,O00299,R4_PMC13106918_Pmax_1,POOLED_HUMAN_PLASMA_8_DONORS,Pmax,true,LFQ_INTENSITY,6222600,POSITIVE_FINITE,true
PMC13106918_RCSI_DCU_SILICA_CORONA,Royal College of Surgeons in Ireland and Dublin City University,protein_groups,proteinGroups.txt,62,LFQ intensity Pmax_262,O00299,O00299,R4_PMC13106918_Pmax_2,POOLED_HUMAN_PLASMA_8_DONORS,Pmax,true,LFQ_INTENSITY,0,NUMERIC_ZERO,false
PMC13106918_RCSI_DCU_SILICA_CORONA,Royal College of Surgeons in Ireland and Dublin City University,protein_groups,proteinGroups.txt,62,LFQ intensity Pmax_362,O00299,O00299,R4_PMC13106918_Pmax_3,POOLED_HUMAN_PLASMA_8_DONORS,Pmax,true,LFQ_INTENSITY,7398200,POSITIVE_FINITE,true
PMC13106918_RCSI_DCU_SILICA_CORONA,Royal College of Surgeons in Ireland and Dublin City University,protein_groups,proteinGroups.txt,62,LFQ intensity Pmax_462,O00299,O00299,R4_PMC13106918_Pmax_4,POOLED_HUMAN_PLASMA_8_DONORS,Pmax,true,LFQ_INTENSITY,0,NUMERIC_ZERO,false
PMC13106918_RCSI_DCU_SILICA_CORONA,Royal College of Surgeons in Ireland and Dublin City University,protein_groups,proteinGroups.txt,62,LFQ intensity RapiG_162,O00299,O00299,R4_PMC13106918_RapiG_1,POOLED_HUMAN_PLASMA_8_DONORS,RapiG,true,LFQ_INTENSITY,0,NUMERIC_ZERO,false
PMC13106918_RCSI_DCU_SILICA_CORONA,Royal College of Surgeons in Ireland and Dublin City University,protein_groups,proteinGroups.txt,62,LFQ intensity RapiG_262,O00299,O00299,R4_PMC13106918_RapiG_2,POOLED_HUMAN_PLASMA_8_DONORS,RapiG,true,LFQ_INTENSITY,4023100,POSITIVE_FINITE,true
PMC13106918_RCSI_DCU_SILICA_CORONA,Royal College of Surgeons in Ireland and Dublin City University,protein_groups,proteinGroups.txt,62,LFQ intensity RapiG_362,O00299,O00299,R4_PMC13106918_RapiG_3,POOLED_HUMAN_PLASMA_8_DONORS,RapiG,true,LFQ_INTENSITY,1896300,POSITIVE_FINITE,true
PMC13106918_RCSI_DCU_SILICA_CORONA,Royal College of Surgeons in Ireland and Dublin City University,protein_groups,proteinGroups.txt,62,LFQ intensity RapiG_462,O00299,O00299,R4_PMC13106918_RapiG_4,POOLED_HUMAN_PLASMA_8_DONORS,RapiG,true,LFQ_INTENSITY,2104700,POSITIVE_FINITE,true
PMC13106918_RCSI_DCU_SILICA_CORONA,Royal College of Surgeons in Ireland and Dublin City University,protein_groups,proteinGroups.txt,62,LFQ intensity STD_162,O00299,O00299,R4_PMC13106918_STD_1,POOLED_HUMAN_PLASMA_8_DONORS,STD,true,LFQ_INTENSITY,0,NUMERIC_ZERO,false
PMC13106918_RCSI_DCU_SILICA_CORONA,Royal College of Surgeons in Ireland and Dublin City University,protein_groups,proteinGroups.txt,62,LFQ intensity STD_262,O00299,O00299,R4_PMC13106918_STD_2,POOLED_HUMAN_PLASMA_8_DONORS,STD,true,LFQ_INTENSITY,0,NUMERIC_ZERO,false
PMC13106918_RCSI_DCU_SILICA_CORONA,Royal College of Surgeons in Ireland and Dublin City University,protein_groups,proteinGroups.txt,62,LFQ intensity STD_362,O00299,O00299,R4_PMC13106918_STD_3,POOLED_HUMAN_PLASMA_8_DONORS,STD,true,LFQ_INTENSITY,2059300,POSITIVE_FINITE,true
PMC13106918_RCSI_DCU_SILICA_CORONA,Royal College of Surgeons in Ireland and Dublin City University,protein_groups,proteinGroups.txt,62,LFQ intensity STD_462,O00299,O00299,R4_PMC13106918_STD_4,POOLED_HUMAN_PLASMA_8_DONORS,STD,true,LFQ_INTENSITY,0,NUMERIC_ZERO,false
PMC13106918_RCSI_DCU_SILICA_CORONA,Royal College of Surgeons in Ireland and Dublin City University,protein_groups,proteinGroups.txt,62,LFQ intensity Strap_162,O00299,O00299,R4_PMC13106918_Strap_1,POOLED_HUMAN_PLASMA_8_DONORS,Strap,true,LFQ_INTENSITY,0,NUMERIC_ZERO,false
PMC13106918_RCSI_DCU_SILICA_CORONA,Royal College of Surgeons in Ireland and Dublin City University,protein_groups,proteinGroups.txt,62,LFQ intensity Strap_262,O00299,O00299,R4_PMC13106918_Strap_2,POOLED_HUMAN_PLASMA_8_DONORS,Strap,true,LFQ_INTENSITY,1754300,POSITIVE_FINITE,true
PMC13106918_RCSI_DCU_SILICA_CORONA,Royal College of Surgeons in Ireland and Dublin City University,protein_groups,proteinGroups.txt,62,LFQ intensity Strap_362,O00299,O00299,R4_PMC13106918_Strap_3,POOLED_HUMAN_PLASMA_8_DONORS,Strap,true,LFQ_INTENSITY,0,NUMERIC_ZERO,false
PMC13106918_RCSI_DCU_SILICA_CORONA,Royal College of Surgeons in Ireland and Dublin City University,protein_groups,proteinGroups.txt,62,LFQ intensity Strap_462,O00299,O00299,R4_PMC13106918_Strap_4,POOLED_HUMAN_PLASMA_8_DONORS,Strap,true,LFQ_INTENSITY,1833500,POSITIVE_FINITE,true
PMC13106918_RCSI_DCU_SILICA_CORONA,Royal College of Surgeons in Ireland and Dublin City University,protein_groups,proteinGroups.txt,63,LFQ intensity iST_163,O00410,O00410,R4_PMC13106918_iST_1,POOLED_HUMAN_PLASMA_8_DONORS,iST,true,LFQ_INTENSITY,0,NUMERIC_ZERO,false
PMC13106918_RCSI_DCU_SILICA_CORONA,Royal College of Surgeons in Ireland and Dublin City University,protein_groups,proteinGroups.txt,63,LFQ intensity iST_263,O00410,O00410,R4_PMC13106918_iST_2,POOLED_HUMAN_PLASMA_8_DONORS,iST,true,LFQ_INTENSITY,0,NUMERIC_ZERO,false
PMC13106918_RCSI_DCU_SILICA_CORONA,Royal College of Surgeons in Ireland and Dublin City University,protein_groups,proteinGroups.txt,63,LFQ intensity iST_363,O00410,O00410,R4_PMC13106918_iST_3,POOLED_HUMAN_PLASMA_8_DONORS,iST,true,LFQ_INTENSITY,0,NUMERIC_ZERO,false
PMC13106918_RCSI_DCU_SILICA_CORONA,Royal College of Surgeons in Ireland and Dublin City University,protein_groups,proteinGroups.txt,63,LFQ intensity iST_463,O00410,O00410,R4_PMC13106918_iST_4,POOLED_HUMAN_PLASMA_8_DONORS,iST,true,LFQ_INTENSITY,0,NUMERIC_ZERO,false
PMC13106918_RCSI_DCU_SILICA_CORONA,Royal College of Surgeons in Ireland and Dublin City University,protein_groups,proteinGroups.txt,63,LFQ intensity Pmax_163,O00410,O00410,R4_PMC13106918_Pmax_1,POOLED_HUMAN_PLASMA_8_DONORS,Pmax,true,LFQ_INTENSITY,0,NUMERIC_ZERO,false
PMC13106918_RCSI_DCU_SILICA_CORONA,Royal College of Surgeons in Ireland and Dublin City University,protein_groups,proteinGroups.txt,63,LFQ intensity Pmax_263,O00410,O00410,R4_PMC13106918_Pmax_2,POOLED_HUMAN_PLASMA_8_DONORS,Pmax,true,LFQ_INTENSITY,0,NUMERIC_ZERO,false
PMC13106918_RCSI_DCU_SILICA_CORONA,Royal College of Surgeons in Ireland and Dublin City University,protein_groups,proteinGroups.txt,63,LFQ intensity Pmax_363,O00410,O00410,R4_PMC13106918_Pmax_3,POOLED_HUMAN_PLASMA_8_DONORS,Pmax,true,LFQ_INTENSITY,0,NUMERIC_ZERO,false
PMC13106918_RCSI_DCU_SILICA_CORONA,Royal College of Surgeons in Ireland and Dublin City University,protein_groups,proteinGroups.txt,63,LFQ intensity Pmax_463,O00410,O00410,R4_PMC13106918_Pmax_4,POOLED_HUMAN_PLASMA_8_DONORS,Pmax,true,LFQ_INTENSITY,0,NUMERIC_ZERO,false
PMC13106918_RCSI_DCU_SILICA_CORONA,Royal College of Surgeons in Ireland and Dublin City University,protein_groups,proteinGroups.txt,63,LFQ intensity RapiG_163,O00410,O00410,R4_PMC13106918_RapiG_1,POOLED_HUMAN_PLASMA_8_DONORS,RapiG,true,LFQ_INTENSITY,0,NUMERIC_ZERO,false
PMC13106918_RCSI_DCU_SILICA_CORONA,Royal College of Surgeons in Ireland and Dublin City University,protein_groups,proteinGroups.txt,63,LFQ intensity RapiG_263,O00410,O00410,R4_PMC13106918_RapiG_2,POOLED_HUMAN_PLASMA_8_DONORS,RapiG,true,LFQ_INTENSITY,0,NUMERIC_ZERO,false
PMC13106918_RCSI_DCU_SILICA_CORONA,Royal College of Surgeons in Ireland and Dublin City University,protein_groups,proteinGroups.txt,63,LFQ intensity RapiG_363,O00410,O00410,R4_PMC13106918_RapiG_3,POOLED_HUMAN_PLASMA_8_DONORS,RapiG,true,LFQ_INTENSITY,0,NUMERIC_ZERO,false
PMC13106918_RCSI_DCU_SILICA_CORONA,Royal College of Surgeons in Ireland and Dublin City University,protein_groups,proteinGroups.txt,63,LFQ intensity RapiG_463,O00410,O00410,R4_PMC13106918_RapiG_4,POOLED_HUMAN_PLASMA_8_DONORS,RapiG,true,LFQ_INTENSITY,0,NUMERIC_ZERO,false
PMC13106918_RCSI_DCU_SILICA_CORONA,Royal College of Surgeons in Ireland and Dublin City University,protein_groups,proteinGroups.txt,63,LFQ intensity STD_163,O00410,O00410,R4_PMC13106918_STD_1,POOLED_HUMAN_PLASMA_8_DONORS,STD,true,LFQ_INTENSITY,0,NUMERIC_ZERO,false
PMC13106918_RCSI_DCU_SILICA_CORONA,Royal College of Surgeons in Ireland and Dublin City University,protein_groups,proteinGroups.txt,63,LFQ intensity STD_263,O00410,O00410,R4_PMC13106918_STD_2,POOLED_HUMAN_PLASMA_8_DONORS,STD,true,LFQ_INTENSITY,0,NUMERIC_ZERO,false
PMC13106918_RCSI_DCU_SILICA_CORONA,Royal College of Surgeons in Ireland and Dublin City University,protein_groups,proteinGroups.txt,63,LFQ intensity STD_363,O00410,O00410,R4_PMC13106918_STD_3,POOLED_HUMAN_PLASMA_8_DONORS,STD,true,LFQ_INTENSITY,0,NUMERIC_ZERO,false
PMC13106918_RCSI_DCU_SILICA_CORONA,Royal College of Surgeons in Ireland and Dublin City University,protein_groups,proteinGroups.txt,63,LFQ intensity STD_463,O00410,O00410,R4_PMC13106918_STD_4,POOLED_HUMAN_PLASMA_8_DONORS,STD,true,LFQ_INTENSITY,0,NUMERIC_ZERO,false
PMC13106918_RCSI_DCU_SILICA_CORONA,Royal College of Surgeons in Ireland and Dublin City University,protein_groups,proteinGroups.txt,63,LFQ intensity Strap_163,O00410,O00410,R4_PMC13106918_Strap_1,POOLED_HUMAN_PLASMA_8_DONORS,Strap,true,LFQ_INTENSITY,0,NUMERIC_ZERO,false
PMC13106918_RCSI_DCU_SILICA_CORONA,Royal College of Surgeons in Ireland and Dublin City University,protein_groups,proteinGroups.txt,63,LFQ intensity Strap_263,O00410,O00410,R4_PMC13106918_Strap_2,POOLED_HUMAN_PLASMA_8_DONORS,Strap,true,LFQ_INTENSITY,0,NUMERIC_ZERO,false
PMC13106918_RCSI_DCU_SILICA_CORONA,Royal College of Surgeons in Ireland and Dublin City University,protein_groups,proteinGroups.txt,63,LFQ intensity Strap_363,O00410,O00410,R4_PMC13106918_Strap_3,POOLED_HUMAN_PLASMA_8_DONORS,Strap,true,LFQ_INTENSITY,0,NUMERIC_ZERO,false
PMC13106918_RCSI_DCU_SILICA_CORONA,Royal College of Surgeons in Ireland and Dublin City University,protein_groups,proteinGroups.txt,63,LFQ intensity Strap_463,O00410,O00410,R4_PMC13106918_Strap_4,POOLED_HUMAN_PLASMA_8_DONORS,Strap,true,LFQ_INTENSITY,0,NUMERIC_ZERO,false
PMC13106918_RCSI_DCU_SILICA_CORONA,Royal College of Surgeons in Ireland and Dublin City University,protein_groups,proteinGroups.txt,76,LFQ intensity iST_176,O15145,O15145,R4_PMC13106918_iST_1,POOLED_HUMAN_PLASMA_8_DONORS,iST,true,LFQ_INTENSITY,0,NUMERIC_ZERO,false
PMC13106918_RCSI_DCU_SILICA_CORONA,Royal College of Surgeons in Ireland and Dublin City University,protein_groups,proteinGroups.txt,76,LFQ intensity iST_276,O15145,O15145,R4_PMC13106918_iST_2,POOLED_HUMAN_PLASMA_8_DONORS,iST,true,LFQ_INTENSITY,0,NUMERIC_ZERO,false
PMC13106918_RCSI_DCU_SILICA_CORONA,Royal College of Surgeons in Ireland and Dublin City University,protein_groups,proteinGroups.txt,76,LFQ intensity iST_376,O15145,O15145,R4_PMC13106918_iST_3,POOLED_HUMAN_PLASMA_8_DONORS,iST,true,LFQ_INTENSITY,0,NUMERIC_ZERO,false
PMC13106918_RCSI_DCU_SILICA_CORONA,Royal College of Surgeons in Ireland and Dublin City University,protein_groups,proteinGroups.txt,76,LFQ intensity iST_476,O15145,O15145,R4_PMC13106918_iST_4,POOLED_HUMAN_PLASMA_8_DONORS,iST,true,LFQ_INTENSITY,0,NUMERIC_ZERO,false
PMC13106918_RCSI_DCU_SILICA_CORONA,Royal College of Surgeons in Ireland and Dublin City University,protein_groups,proteinGroups.txt,76,LFQ intensity Pmax_176,O15145,O15145,R4_PMC13106918_Pmax_1,POOLED_HUMAN_PLASMA_8_DONORS,Pmax,true,LFQ_INTENSITY,0,NUMERIC_ZERO,false
PMC13106918_RCSI_DCU_SILICA_CORONA,Royal College of Surgeons in Ireland and Dublin City University,protein_groups,proteinGroups.txt,76,LFQ intensity Pmax_276,O15145,O15145,R4_PMC13106918_Pmax_2,POOLED_HUMAN_PLASMA_8_DONORS,Pmax,true,LFQ_INTENSITY,0,NUMERIC_ZERO,false
PMC13106918_RCSI_DCU_SILICA_CORONA,Royal College of Surgeons in Ireland and Dublin City University,protein_groups,proteinGroups.txt,76,LFQ intensity Pmax_376,O15145,O15145,R4_PMC13106918_Pmax_3,POOLED_HUMAN_PLASMA_8_DONORS,Pmax,true,LFQ_INTENSITY,0,NUMERIC_ZERO,false
PMC13106918_RCSI_DCU_SILICA_CORONA,Royal College of Surgeons in Ireland and Dublin City University,protein_groups,proteinGroups.txt,76,LFQ intensity Pmax_476,O15145,O15145,R4_PMC13106918_Pmax_4,POOLED_HUMAN_PLASMA_8_DONORS,Pmax,true,LFQ_INTENSITY,0,NUMERIC_ZERO,false
PMC13106918_RCSI_DCU_SILICA_CORONA,Royal College of Surgeons in Ireland and Dublin City University,protein_groups,proteinGroups.txt,76,LFQ intensity RapiG_176,O15145,O15145,R4_PMC13106918_RapiG_1,POOLED_HUMAN_PLASMA_8_DONORS,RapiG,true,LFQ_INTENSITY,0,NUMERIC_ZERO,false
PMC13106918_RCSI_DCU_SILICA_CORONA,Royal College of Surgeons in Ireland and Dublin City University,protein_groups,proteinGroups.txt,76,LFQ intensity RapiG_276,O15145,O15145,R4_PMC13106918_RapiG_2,POOLED_HUMAN_PLASMA_8_DONORS,RapiG,true,LFQ_INTENSITY,0,NUMERIC_ZERO,false
PMC13106918_RCSI_DCU_SILICA_CORONA,Royal College of Surgeons in Ireland and Dublin City University,protein_groups,proteinGroups.txt,76,LFQ intensity RapiG_376,O15145,O15145,R4_PMC13106918_RapiG_3,POOLED_HUMAN_PLASMA_8_DONORS,RapiG,true,LFQ_INTENSITY,0,NUMERIC_ZERO,false
PMC13106918_RCSI_DCU_SILICA_CORONA,Royal College of Surgeons in Ireland and Dublin City University,protein_groups,proteinGroups.txt,76,LFQ intensity RapiG_476,O15145,O15145,R4_PMC13106918_RapiG_4,POOLED_HUMAN_PLASMA_8_DONORS,RapiG,true,LFQ_INTENSITY,0,NUMERIC_ZERO,false
PMC13106918_RCSI_DCU_SILICA_CORONA,Royal College of Surgeons in Ireland and Dublin City University,protein_groups,proteinGroups.txt,76,LFQ intensity STD_176,O15145,O15145,R4_PMC13106918_STD_1,POOLED_HUMAN_PLASMA_8_DONORS,STD,true,LFQ_INTENSITY,0,NUMERIC_ZERO,false
PMC13106918_RCSI_DCU_SILICA_CORONA,Royal College of Surgeons in Ireland and Dublin City University,protein_groups,proteinGroups.txt,76,LFQ intensity STD_276,O15145,O15145,R4_PMC13106918_STD_2,POOLED_HUMAN_PLASMA_8_DONORS,STD,true,LFQ_INTENSITY,0,NUMERIC_ZERO,false
PMC13106918_RCSI_DCU_SILICA_CORONA,Royal College of Surgeons in Ireland and Dublin City University,protein_groups,proteinGroups.txt,76,LFQ intensity STD_376,O15145,O15145,R4_PMC13106918_STD_3,POOLED_HUMAN_PLASMA_8_DONORS,STD,true,LFQ_INTENSITY,0,NUMERIC_ZERO,false
PMC13106918_RCSI_DCU_SILICA_CORONA,Royal College of Surgeons in Ireland and Dublin City University,protein_groups,proteinGroups.txt,76,LFQ intensity STD_476,O15145,O15145,R4_PMC13106918_STD_4,POOLED_HUMAN_PLASMA_8_DONORS,STD,true,LFQ_INTENSITY,0,NUMERIC_ZERO,false
PMC13106918_RCSI_DCU_SILICA_CORONA,Royal College of Surgeons in Ireland and Dublin City University,protein_groups,proteinGroups.txt,76,LFQ intensity Strap_176,O15145,O15145,R4_PMC13106918_Strap_1,POOLED_HUMAN_PLASMA_8_DONORS,Strap,true,LFQ_INTENSITY,0,NUMERIC_ZERO,false
PMC13106918_RCSI_DCU_SILICA_CORONA,Royal College of Surgeons in Ireland and Dublin City University,protein_groups,proteinGroups.txt,76,LFQ intensity Strap_276,O15145,O15145,R4_PMC13106918_Strap_2,POOLED_HUMAN_PLASMA_8_DONORS,Strap,true,LFQ_INTENSITY,0,NUMERIC_ZERO,false
PMC13106918_RCSI_DCU_SILICA_CORONA,Royal College of Surgeons in Ireland and Dublin City University,protein_groups,proteinGroups.txt,76,LFQ intensity Strap_376,O15145,O15145,R4_PMC13106918_Strap_3,POOLED_HUMAN_PLASMA_8_DONORS,Strap,true,LFQ_INTENSITY,0,NUMERIC_ZERO,false
PMC13106918_RCSI_DCU_SILICA_CORONA,Royal College of Surgeons in Ireland and Dublin City University,protein_groups,proteinGroups.txt,76,LFQ intensity Strap_476,O15145,O15145,R4_PMC13106918_Strap_4,POOLED_HUMAN_PLASMA_8_DONORS,Strap,true,LFQ_INTENSITY,0,NUMERIC_ZERO,false
PMC13106918_RCSI_DCU_SILICA_CORONA,Royal College of Surgeons in Ireland and Dublin City University,protein_groups,proteinGroups.txt,89,LFQ intensity iST_189,O75083,O75083,R4_PMC13106918_iST_1,POOLED_HUMAN_PLASMA_8_DONORS,iST,true,LFQ_INTENSITY,2245900,POSITIVE_FINITE,true
PMC13106918_RCSI_DCU_SILICA_CORONA,Royal College of Surgeons in Ireland and Dublin City University,protein_groups,proteinGroups.txt,89,LFQ intensity iST_289,O75083,O75083,R4_PMC13106918_iST_2,POOLED_HUMAN_PLASMA_8_DONORS,iST,true,LFQ_INTENSITY,3102900,POSITIVE_FINITE,true
PMC13106918_RCSI_DCU_SILICA_CORONA,Royal College of Surgeons in Ireland and Dublin City University,protein_groups,proteinGroups.txt,89,LFQ intensity iST_389,O75083,O75083,R4_PMC13106918_iST_3,POOLED_HUMAN_PLASMA_8_DONORS,iST,true,LFQ_INTENSITY,2079200,POSITIVE_FINITE,true
PMC13106918_RCSI_DCU_SILICA_CORONA,Royal College of Surgeons in Ireland and Dublin City University,protein_groups,proteinGroups.txt,89,LFQ intensity iST_489,O75083,O75083,R4_PMC13106918_iST_4,POOLED_HUMAN_PLASMA_8_DONORS,iST,true,LFQ_INTENSITY,2790500,POSITIVE_FINITE,true
PMC13106918_RCSI_DCU_SILICA_CORONA,Royal College of Surgeons in Ireland and Dublin City University,protein_groups,proteinGroups.txt,89,LFQ intensity Pmax_189,O75083,O75083,R4_PMC13106918_Pmax_1,POOLED_HUMAN_PLASMA_8_DONORS,Pmax,true,LFQ_INTENSITY,0,NUMERIC_ZERO,false
PMC13106918_RCSI_DCU_SILICA_CORONA,Royal College of Surgeons in Ireland and Dublin City University,protein_groups,proteinGroups.txt,89,LFQ intensity Pmax_289,O75083,O75083,R4_PMC13106918_Pmax_2,POOLED_HUMAN_PLASMA_8_DONORS,Pmax,true,LFQ_INTENSITY,0,NUMERIC_ZERO,false
PMC13106918_RCSI_DCU_SILICA_CORONA,Royal College of Surgeons in Ireland and Dublin City University,protein_groups,proteinGroups.txt,89,LFQ intensity Pmax_389,O75083,O75083,R4_PMC13106918_Pmax_3,POOLED_HUMAN_PLASMA_8_DONORS,Pmax,true,LFQ_INTENSITY,0,NUMERIC_ZERO,false
PMC13106918_RCSI_DCU_SILICA_CORONA,Royal College of Surgeons in Ireland and Dublin City University,protein_groups,proteinGroups.txt,89,LFQ intensity Pmax_489,O75083,O75083,R4_PMC13106918_Pmax_4,POOLED_HUMAN_PLASMA_8_DONORS,Pmax,true,LFQ_INTENSITY,0,NUMERIC_ZERO,false
PMC13106918_RCSI_DCU_SILICA_CORONA,Royal College of Surgeons in Ireland and Dublin City University,protein_groups,proteinGroups.txt,89,LFQ intensity RapiG_189,O75083,O75083,R4_PMC13106918_RapiG_1,POOLED_HUMAN_PLASMA_8_DONORS,RapiG,true,LFQ_INTENSITY,0,NUMERIC_ZERO,false
PMC13106918_RCSI_DCU_SILICA_CORONA,Royal College of Surgeons in Ireland and Dublin City University,protein_groups,proteinGroups.txt,89,LFQ intensity RapiG_289,O75083,O75083,R4_PMC13106918_RapiG_2,POOLED_HUMAN_PLASMA_8_DONORS,RapiG,true,LFQ_INTENSITY,0,NUMERIC_ZERO,false
PMC13106918_RCSI_DCU_SILICA_CORONA,Royal College of Surgeons in Ireland and Dublin City University,protein_groups,proteinGroups.txt,89,LFQ intensity RapiG_389,O75083,O75083,R4_PMC13106918_RapiG_3,POOLED_HUMAN_PLASMA_8_DONORS,RapiG,true,LFQ_INTENSITY,0,NUMERIC_ZERO,false
PMC13106918_RCSI_DCU_SILICA_CORONA,Royal College of Surgeons in Ireland and Dublin City University,protein_groups,proteinGroups.txt,89,LFQ intensity RapiG_489,O75083,O75083,R4_PMC13106918_RapiG_4,POOLED_HUMAN_PLASMA_8_DONORS,RapiG,true,LFQ_INTENSITY,0,NUMERIC_ZERO,false
PMC13106918_RCSI_DCU_SILICA_CORONA,Royal College of Surgeons in Ireland and Dublin City University,protein_groups,proteinGroups.txt,89,LFQ intensity STD_189,O75083,O75083,R4_PMC13106918_STD_1,POOLED_HUMAN_PLASMA_8_DONORS,STD,true,LFQ_INTENSITY,0,NUMERIC_ZERO,false
PMC13106918_RCSI_DCU_SILICA_CORONA,Royal College of Surgeons in Ireland and Dublin City University,protein_groups,proteinGroups.txt,89,LFQ intensity STD_289,O75083,O75083,R4_PMC13106918_STD_2,POOLED_HUMAN_PLASMA_8_DONORS,STD,true,LFQ_INTENSITY,0,NUMERIC_ZERO,false
PMC13106918_RCSI_DCU_SILICA_CORONA,Royal College of Surgeons in Ireland and Dublin City University,protein_groups,proteinGroups.txt,89,LFQ intensity STD_389,O75083,O75083,R4_PMC13106918_STD_3,POOLED_HUMAN_PLASMA_8_DONORS,STD,true,LFQ_INTENSITY,0,NUMERIC_ZERO,false
PMC13106918_RCSI_DCU_SILICA_CORONA,Royal College of Surgeons in Ireland and Dublin City University,protein_groups,proteinGroups.txt,89,LFQ intensity STD_489,O75083,O75083,R4_PMC13106918_STD_4,POOLED_HUMAN_PLASMA_8_DONORS,STD,true,LFQ_INTENSITY,0,NUMERIC_ZERO,false
PMC13106918_RCSI_DCU_SILICA_CORONA,Royal College of Surgeons in Ireland and Dublin City University,protein_groups,proteinGroups.txt,89,LFQ intensity Strap_189,O75083,O75083,R4_PMC13106918_Strap_1,POOLED_HUMAN_PLASMA_8_DONORS,Strap,true,LFQ_INTENSITY,0,NUMERIC_ZERO,false
PMC13106918_RCSI_DCU_SILICA_CORONA,Royal College of Surgeons in Ireland and Dublin City University,protein_groups,proteinGroups.txt,89,LFQ intensity Strap_289,O75083,O75083,R4_PMC13106918_Strap_2,POOLED_HUMAN_PLASMA_8_DONORS,Strap,true,LFQ_INTENSITY,0,NUMERIC_ZERO,false
PMC13106918_RCSI_DCU_SILICA_CORONA,Royal College of Surgeons in Ireland and Dublin City University,protein_groups,proteinGroups.txt,89,LFQ intensity Strap_389,O75083,O75083,R4_PMC13106918_Strap_3,POOLED_HUMAN_PLASMA_8_DONORS,Strap,true,LFQ_INTENSITY,0,NUMERIC_ZERO,false
PMC13106918_RCSI_DCU_SILICA_CORONA,Royal College of Surgeons in Ireland and Dublin City University,protein_groups,proteinGroups.txt,89,LFQ intensity Strap_489,O75083,O75083,R4_PMC13106918_Strap_4,POOLED_HUMAN_PLASMA_8_DONORS,Strap,true,LFQ_INTENSITY,0,NUMERIC_ZERO,false
PMC13106918_RCSI_DCU_SILICA_CORONA,Royal College of Surgeons in Ireland and Dublin City University,protein_groups,proteinGroups.txt,96,LFQ intensity iST_196,O75531,O75531,R4_PMC13106918_iST_1,POOLED_HUMAN_PLASMA_8_DONORS,iST,true,LFQ_INTENSITY,0,NUMERIC_ZERO,false
PMC13106918_RCSI_DCU_SILICA_CORONA,Royal College of Surgeons in Ireland and Dublin City University,protein_groups,proteinGroups.txt,96,LFQ intensity iST_296,O75531,O75531,R4_PMC13106918_iST_2,POOLED_HUMAN_PLASMA_8_DONORS,iST,true,LFQ_INTENSITY,0,NUMERIC_ZERO,false
PMC13106918_RCSI_DCU_SILICA_CORONA,Royal College of Surgeons in Ireland and Dublin City University,protein_groups,proteinGroups.txt,96,LFQ intensity iST_396,O75531,O75531,R4_PMC13106918_iST_3,POOLED_HUMAN_PLASMA_8_DONORS,iST,true,LFQ_INTENSITY,0,NUMERIC_ZERO,false
PMC13106918_RCSI_DCU_SILICA_CORONA,Royal College of Surgeons in Ireland and Dublin City University,protein_groups,proteinGroups.txt,96,LFQ intensity iST_496,O75531,O75531,R4_PMC13106918_iST_4,POOLED_HUMAN_PLASMA_8_DONORS,iST,true,LFQ_INTENSITY,0,NUMERIC_ZERO,false
PMC13106918_RCSI_DCU_SILICA_CORONA,Royal College of Surgeons in Ireland and Dublin City University,protein_groups,proteinGroups.txt,96,LFQ intensity Pmax_196,O75531,O75531,R4_PMC13106918_Pmax_1,POOLED_HUMAN_PLASMA_8_DONORS,Pmax,true,LFQ_INTENSITY,0,NUMERIC_ZERO,false
PMC13106918_RCSI_DCU_SILICA_CORONA,Royal College of Surgeons in Ireland and Dublin City University,protein_groups,proteinGroups.txt,96,LFQ intensity Pmax_296,O75531,O75531,R4_PMC13106918_Pmax_2,POOLED_HUMAN_PLASMA_8_DONORS,Pmax,true,LFQ_INTENSITY,0,NUMERIC_ZERO,false
PMC13106918_RCSI_DCU_SILICA_CORONA,Royal College of Surgeons in Ireland and Dublin City University,protein_groups,proteinGroups.txt,96,LFQ intensity Pmax_396,O75531,O75531,R4_PMC13106918_Pmax_3,POOLED_HUMAN_PLASMA_8_DONORS,Pmax,true,LFQ_INTENSITY,0,NUMERIC_ZERO,false
PMC13106918_RCSI_DCU_SILICA_CORONA,Royal College of Surgeons in Ireland and Dublin City University,protein_groups,proteinGroups.txt,96,LFQ intensity Pmax_496,O75531,O75531,R4_PMC13106918_Pmax_4,POOLED_HUMAN_PLASMA_8_DONORS,Pmax,true,LFQ_INTENSITY,0,NUMERIC_ZERO,false
PMC13106918_RCSI_DCU_SILICA_CORONA,Royal College of Surgeons in Ireland and Dublin City University,protein_groups,proteinGroups.txt,96,LFQ intensity RapiG_196,O75531,O75531,R4_PMC13106918_RapiG_1,POOLED_HUMAN_PLASMA_8_DONORS,RapiG,true,LFQ_INTENSITY,0,NUMERIC_ZERO,false
PMC13106918_RCSI_DCU_SILICA_CORONA,Royal College of Surgeons in Ireland and Dublin City University,protein_groups,proteinGroups.txt,96,LFQ intensity RapiG_296,O75531,O75531,R4_PMC13106918_RapiG_2,POOLED_HUMAN_PLASMA_8_DONORS,RapiG,true,LFQ_INTENSITY,0,NUMERIC_ZERO,false
PMC13106918_RCSI_DCU_SILICA_CORONA,Royal College of Surgeons in Ireland and Dublin City University,protein_groups,proteinGroups.txt,96,LFQ intensity RapiG_396,O75531,O75531,R4_PMC13106918_RapiG_3,POOLED_HUMAN_PLASMA_8_DONORS,RapiG,true,LFQ_INTENSITY,0,NUMERIC_ZERO,false
PMC13106918_RCSI_DCU_SILICA_CORONA,Royal College of Surgeons in Ireland and Dublin City University,protein_groups,proteinGroups.txt,96,LFQ intensity RapiG_496,O75531,O75531,R4_PMC13106918_RapiG_4,POOLED_HUMAN_PLASMA_8_DONORS,RapiG,true,LFQ_INTENSITY,0,NUMERIC_ZERO,false
PMC13106918_RCSI_DCU_SILICA_CORONA,Royal College of Surgeons in Ireland and Dublin City University,protein_groups,proteinGroups.txt,96,LFQ intensity STD_196,O75531,O75531,R4_PMC13106918_STD_1,POOLED_HUMAN_PLASMA_8_DONORS,STD,true,LFQ_INTENSITY,0,NUMERIC_ZERO,false
PMC13106918_RCSI_DCU_SILICA_CORONA,Royal College of Surgeons in Ireland and Dublin City University,protein_groups,proteinGroups.txt,96,LFQ intensity STD_296,O75531,O75531,R4_PMC13106918_STD_2,POOLED_HUMAN_PLASMA_8_DONORS,STD,true,LFQ_INTENSITY,0,NUMERIC_ZERO,false
PMC13106918_RCSI_DCU_SILICA_CORONA,Royal College of Surgeons in Ireland and Dublin City University,protein_groups,proteinGroups.txt,96,LFQ intensity STD_396,O75531,O75531,R4_PMC13106918_STD_3,POOLED_HUMAN_PLASMA_8_DONORS,STD,true,LFQ_INTENSITY,0,NUMERIC_ZERO,false
PMC13106918_RCSI_DCU_SILICA_CORONA,Royal College of Surgeons in Ireland and Dublin City University,protein_groups,proteinGroups.txt,96,LFQ intensity STD_496,O75531,O75531,R4_PMC13106918_STD_4,POOLED_HUMAN_PLASMA_8_DONORS,STD,true,LFQ_INTENSITY,0,NUMERIC_ZERO,false
PMC13106918_RCSI_DCU_SILICA_CORONA,Royal College of Surgeons in Ireland and Dublin City University,protein_groups,proteinGroups.txt,96,LFQ intensity Strap_196,O75531,O75531,R4_PMC13106918_Strap_1,POOLED_HUMAN_PLASMA_8_DONORS,Strap,true,LFQ_INTENSITY,0,NUMERIC_ZERO,false
PMC13106918_RCSI_DCU_SILICA_CORONA,Royal College of Surgeons in Ireland and Dublin City University,protein_groups,proteinGroups.txt,96,LFQ intensity Strap_296,O75531,O75531,R4_PMC13106918_Strap_2,POOLED_HUMAN_PLASMA_8_DONORS,Strap,true,LFQ_INTENSITY,0,NUMERIC_ZERO,false
PMC13106918_RCSI_DCU_SILICA_CORONA,Royal College of Surgeons in Ireland and Dublin City University,protein_groups,proteinGroups.txt,96,LFQ intensity Strap_396,O75531,O75531,R4_PMC13106918_Strap_3,POOLED_HUMAN_PLASMA_8_DONORS,Strap,true,LFQ_INTENSITY,0,NUMERIC_ZERO,false
PMC13106918_RCSI_DCU_SILICA_CORONA,Royal College of Surgeons in Ireland and Dublin City University,protein_groups,proteinGroups.txt,96,LFQ intensity Strap_496,O75531,O75531,R4_PMC13106918_Strap_4,POOLED_HUMAN_PLASMA_8_DONORS,Strap,true,LFQ_INTENSITY,0,NUMERIC_ZERO,false
PMC13106918_RCSI_DCU_SILICA_CORONA,Royal College of Surgeons in Ireland and Dublin City University,protein_groups,proteinGroups.txt,110,LFQ intensity iST_1110,P00387,P00387,R4_PMC13106918_iST_1,POOLED_HUMAN_PLASMA_8_DONORS,iST,true,LFQ_INTENSITY,0,NUMERIC_ZERO,false
PMC13106918_RCSI_DCU_SILICA_CORONA,Royal College of Surgeons in Ireland and Dublin City University,protein_groups,proteinGroups.txt,110,LFQ intensity iST_2110,P00387,P00387,R4_PMC13106918_iST_2,POOLED_HUMAN_PLASMA_8_DONORS,iST,true,LFQ_INTENSITY,0,NUMERIC_ZERO,false
PMC13106918_RCSI_DCU_SILICA_CORONA,Royal College of Surgeons in Ireland and Dublin City University,protein_groups,proteinGroups.txt,110,LFQ intensity iST_3110,P00387,P00387,R4_PMC13106918_iST_3,POOLED_HUMAN_PLASMA_8_DONORS,iST,true,LFQ_INTENSITY,0,NUMERIC_ZERO,false
PMC13106918_RCSI_DCU_SILICA_CORONA,Royal College of Surgeons in Ireland and Dublin City University,protein_groups,proteinGroups.txt,110,LFQ intensity iST_4110,P00387,P00387,R4_PMC13106918_iST_4,POOLED_HUMAN_PLASMA_8_DONORS,iST,true,LFQ_INTENSITY,0,NUMERIC_ZERO,false
PMC13106918_RCSI_DCU_SILICA_CORONA,Royal College of Surgeons in Ireland and Dublin City University,protein_groups,proteinGroups.txt,110,LFQ intensity Pmax_1110,P00387,P00387,R4_PMC13106918_Pmax_1,POOLED_HUMAN_PLASMA_8_DONORS,Pmax,true,LFQ_INTENSITY,0,NUMERIC_ZERO,false
PMC13106918_RCSI_DCU_SILICA_CORONA,Royal College of Surgeons in Ireland and Dublin City University,protein_groups,proteinGroups.txt,110,LFQ intensity Pmax_2110,P00387,P00387,R4_PMC13106918_Pmax_2,POOLED_HUMAN_PLASMA_8_DONORS,Pmax,true,LFQ_INTENSITY,0,NUMERIC_ZERO,false
PMC13106918_RCSI_DCU_SILICA_CORONA,Royal College of Surgeons in Ireland and Dublin City University,protein_groups,proteinGroups.txt,110,LFQ intensity Pmax_3110,P00387,P00387,R4_PMC13106918_Pmax_3,POOLED_HUMAN_PLASMA_8_DONORS,Pmax,true,LFQ_INTENSITY,0,NUMERIC_ZERO,false
PMC13106918_RCSI_DCU_SILICA_CORONA,Royal College of Surgeons in Ireland and Dublin City University,protein_groups,proteinGroups.txt,110,LFQ intensity Pmax_4110,P00387,P00387,R4_PMC13106918_Pmax_4,POOLED_HUMAN_PLASMA_8_DONORS,Pmax,true,LFQ_INTENSITY,0,NUMERIC_ZERO,false
PMC13106918_RCSI_DCU_SILICA_CORONA,Royal College of Surgeons in Ireland and Dublin City University,protein_groups,proteinGroups.txt,110,LFQ intensity RapiG_1110,P00387,P00387,R4_PMC13106918_RapiG_1,POOLED_HUMAN_PLASMA_8_DONORS,RapiG,true,LFQ_INTENSITY,0,NUMERIC_ZERO,false
PMC13106918_RCSI_DCU_SILICA_CORONA,Royal College of Surgeons in Ireland and Dublin City University,protein_groups,proteinGroups.txt,110,LFQ intensity RapiG_2110,P00387,P00387,R4_PMC13106918_RapiG_2,POOLED_HUMAN_PLASMA_8_DONORS,RapiG,true,LFQ_INTENSITY,0,NUMERIC_ZERO,false
PMC13106918_RCSI_DCU_SILICA_CORONA,Royal College of Surgeons in Ireland and Dublin City University,protein_groups,proteinGroups.txt,110,LFQ intensity RapiG_3110,P00387,P00387,R4_PMC13106918_RapiG_3,POOLED_HUMAN_PLASMA_8_DONORS,RapiG,true,LFQ_INTENSITY,0,NUMERIC_ZERO,false
PMC13106918_RCSI_DCU_SILICA_CORONA,Royal College of Surgeons in Ireland and Dublin City University,protein_groups,proteinGroups.txt,110,LFQ intensity RapiG_4110,P00387,P00387,R4_PMC13106918_RapiG_4,POOLED_HUMAN_PLASMA_8_DONORS,RapiG,true,LFQ_INTENSITY,0,NUMERIC_ZERO,false
PMC13106918_RCSI_DCU_SILICA_CORONA,Royal College of Surgeons in Ireland and Dublin City University,protein_groups,proteinGroups.txt,110,LFQ intensity STD_1110,P00387,P00387,R4_PMC13106918_STD_1,POOLED_HUMAN_PLASMA_8_DONORS,STD,true,LFQ_INTENSITY,0,NUMERIC_ZERO,false
PMC13106918_RCSI_DCU_SILICA_CORONA,Royal College of Surgeons in Ireland and Dublin City University,protein_groups,proteinGroups.txt,110,LFQ intensity STD_2110,P00387,P00387,R4_PMC13106918_STD_2,POOLED_HUMAN_PLASMA_8_DONORS,STD,true,LFQ_INTENSITY,0,NUMERIC_ZERO,false
PMC13106918_RCSI_DCU_SILICA_CORONA,Royal College of Surgeons in Ireland and Dublin City University,protein_groups,proteinGroups.txt,110,LFQ intensity STD_3110,P00387,P00387,R4_PMC13106918_STD_3,POOLED_HUMAN_PLASMA_8_DONORS,STD,true,LFQ_INTENSITY,0,NUMERIC_ZERO,false
PMC13106918_RCSI_DCU_SILICA_CORONA,Royal College of Surgeons in Ireland and Dublin City University,protein_groups,proteinGroups.txt,110,LFQ intensity STD_4110,P00387,P00387,R4_PMC13106918_STD_4,POOLED_HUMAN_PLASMA_8_DONORS,STD,true,LFQ_INTENSITY,0,NUMERIC_ZERO,false
PMC13106918_RCSI_DCU_SILICA_CORONA,Royal College of Surgeons in Ireland and Dublin City University,protein_groups,proteinGroups.txt,110,LFQ intensity Strap_1110,P00387,P00387,R4_PMC13106918_Strap_1,POOLED_HUMAN_PLASMA_8_DONORS,Strap,true,LFQ_INTENSITY,0,NUMERIC_ZERO,false
PMC13106918_RCSI_DCU_SILICA_CORONA,Royal College of Surgeons in Ireland and Dublin City University,protein_groups,proteinGroups.txt,110,LFQ intensity Strap_2110,P00387,P00387,R4_PMC13106918_Strap_2,POOLED_HUMAN_PLASMA_8_DONORS,Strap,true,LFQ_INTENSITY,0,NUMERIC_ZERO,false
PMC13106918_RCSI_DCU_SILICA_CORONA,Royal College of Surgeons in Ireland and Dublin City University,protein_groups,proteinGroups.txt,110,LFQ intensity Strap_3110,P00387,P00387,R4_PMC13106918_Strap_3,POOLED_HUMAN_PLASMA_8_DONORS,Strap,true,LFQ_INTENSITY,0,NUMERIC_ZERO,false
PMC13106918_RCSI_DCU_SILICA_CORONA,Royal College of Surgeons in Ireland and Dublin City University,protein_groups,proteinGroups.txt,110,LFQ intensity Strap_4110,P00387,P00387,R4_PMC13106918_Strap_4,POOLED_HUMAN_PLASMA_8_DONORS,Strap,true,LFQ_INTENSITY,0,NUMERIC_ZERO,false
PMC13106918_RCSI_DCU_SILICA_CORONA,Royal College of Surgeons in Ireland and Dublin City University,protein_groups,proteinGroups.txt,183,LFQ intensity iST_1183,P04004,P04004,R4_PMC13106918_iST_1,POOLED_HUMAN_PLASMA_8_DONORS,iST,true,LFQ_INTENSITY,284800000,POSITIVE_FINITE,true
PMC13106918_RCSI_DCU_SILICA_CORONA,Royal College of Surgeons in Ireland and Dublin City University,protein_groups,proteinGroups.txt,183,LFQ intensity iST_2183,P04004,P04004,R4_PMC13106918_iST_2,POOLED_HUMAN_PLASMA_8_DONORS,iST,true,LFQ_INTENSITY,273790000,POSITIVE_FINITE,true
PMC13106918_RCSI_DCU_SILICA_CORONA,Royal College of Surgeons in Ireland and Dublin City University,protein_groups,proteinGroups.txt,183,LFQ intensity iST_3183,P04004,P04004,R4_PMC13106918_iST_3,POOLED_HUMAN_PLASMA_8_DONORS,iST,true,LFQ_INTENSITY,349400000,POSITIVE_FINITE,true
PMC13106918_RCSI_DCU_SILICA_CORONA,Royal College of Surgeons in Ireland and Dublin City University,protein_groups,proteinGroups.txt,183,LFQ intensity iST_4183,P04004,P04004,R4_PMC13106918_iST_4,POOLED_HUMAN_PLASMA_8_DONORS,iST,true,LFQ_INTENSITY,305330000,POSITIVE_FINITE,true
PMC13106918_RCSI_DCU_SILICA_CORONA,Royal College of Surgeons in Ireland and Dublin City University,protein_groups,proteinGroups.txt,183,LFQ intensity Pmax_1183,P04004,P04004,R4_PMC13106918_Pmax_1,POOLED_HUMAN_PLASMA_8_DONORS,Pmax,true,LFQ_INTENSITY,327400000,POSITIVE_FINITE,true
PMC13106918_RCSI_DCU_SILICA_CORONA,Royal College of Surgeons in Ireland and Dublin City University,protein_groups,proteinGroups.txt,183,LFQ intensity Pmax_2183,P04004,P04004,R4_PMC13106918_Pmax_2,POOLED_HUMAN_PLASMA_8_DONORS,Pmax,true,LFQ_INTENSITY,312240000,POSITIVE_FINITE,true
PMC13106918_RCSI_DCU_SILICA_CORONA,Royal College of Surgeons in Ireland and Dublin City University,protein_groups,proteinGroups.txt,183,LFQ intensity Pmax_3183,P04004,P04004,R4_PMC13106918_Pmax_3,POOLED_HUMAN_PLASMA_8_DONORS,Pmax,true,LFQ_INTENSITY,306940000,POSITIVE_FINITE,true
PMC13106918_RCSI_DCU_SILICA_CORONA,Royal College of Surgeons in Ireland and Dublin City University,protein_groups,proteinGroups.txt,183,LFQ intensity Pmax_4183,P04004,P04004,R4_PMC13106918_Pmax_4,POOLED_HUMAN_PLASMA_8_DONORS,Pmax,true,LFQ_INTENSITY,411930000,POSITIVE_FINITE,true
PMC13106918_RCSI_DCU_SILICA_CORONA,Royal College of Surgeons in Ireland and Dublin City University,protein_groups,proteinGroups.txt,183,LFQ intensity RapiG_1183,P04004,P04004,R4_PMC13106918_RapiG_1,POOLED_HUMAN_PLASMA_8_DONORS,RapiG,true,LFQ_INTENSITY,565310000,POSITIVE_FINITE,true
PMC13106918_RCSI_DCU_SILICA_CORONA,Royal College of Surgeons in Ireland and Dublin City University,protein_groups,proteinGroups.txt,183,LFQ intensity RapiG_2183,P04004,P04004,R4_PMC13106918_RapiG_2,POOLED_HUMAN_PLASMA_8_DONORS,RapiG,true,LFQ_INTENSITY,495110000,POSITIVE_FINITE,true
PMC13106918_RCSI_DCU_SILICA_CORONA,Royal College of Surgeons in Ireland and Dublin City University,protein_groups,proteinGroups.txt,183,LFQ intensity RapiG_3183,P04004,P04004,R4_PMC13106918_RapiG_3,POOLED_HUMAN_PLASMA_8_DONORS,RapiG,true,LFQ_INTENSITY,579210000,POSITIVE_FINITE,true
PMC13106918_RCSI_DCU_SILICA_CORONA,Royal College of Surgeons in Ireland and Dublin City University,protein_groups,proteinGroups.txt,183,LFQ intensity RapiG_4183,P04004,P04004,R4_PMC13106918_RapiG_4,POOLED_HUMAN_PLASMA_8_DONORS,RapiG,true,LFQ_INTENSITY,496800000,POSITIVE_FINITE,true
PMC13106918_RCSI_DCU_SILICA_CORONA,Royal College of Surgeons in Ireland and Dublin City University,protein_groups,proteinGroups.txt,183,LFQ intensity STD_1183,P04004,P04004,R4_PMC13106918_STD_1,POOLED_HUMAN_PLASMA_8_DONORS,STD,true,LFQ_INTENSITY,365680000,POSITIVE_FINITE,true
PMC13106918_RCSI_DCU_SILICA_CORONA,Royal College of Surgeons in Ireland and Dublin City University,protein_groups,proteinGroups.txt,183,LFQ intensity STD_2183,P04004,P04004,R4_PMC13106918_STD_2,POOLED_HUMAN_PLASMA_8_DONORS,STD,true,LFQ_INTENSITY,466940000,POSITIVE_FINITE,true
PMC13106918_RCSI_DCU_SILICA_CORONA,Royal College of Surgeons in Ireland and Dublin City University,protein_groups,proteinGroups.txt,183,LFQ intensity STD_3183,P04004,P04004,R4_PMC13106918_STD_3,POOLED_HUMAN_PLASMA_8_DONORS,STD,true,LFQ_INTENSITY,478900000,POSITIVE_FINITE,true
PMC13106918_RCSI_DCU_SILICA_CORONA,Royal College of Surgeons in Ireland and Dublin City University,protein_groups,proteinGroups.txt,183,LFQ intensity STD_4183,P04004,P04004,R4_PMC13106918_STD_4,POOLED_HUMAN_PLASMA_8_DONORS,STD,true,LFQ_INTENSITY,516650000,POSITIVE_FINITE,true
PMC13106918_RCSI_DCU_SILICA_CORONA,Royal College of Surgeons in Ireland and Dublin City University,protein_groups,proteinGroups.txt,183,LFQ intensity Strap_1183,P04004,P04004,R4_PMC13106918_Strap_1,POOLED_HUMAN_PLASMA_8_DONORS,Strap,true,LFQ_INTENSITY,601220000,POSITIVE_FINITE,true
PMC13106918_RCSI_DCU_SILICA_CORONA,Royal College of Surgeons in Ireland and Dublin City University,protein_groups,proteinGroups.txt,183,LFQ intensity Strap_2183,P04004,P04004,R4_PMC13106918_Strap_2,POOLED_HUMAN_PLASMA_8_DONORS,Strap,true,LFQ_INTENSITY,652350000,POSITIVE_FINITE,true
PMC13106918_RCSI_DCU_SILICA_CORONA,Royal College of Surgeons in Ireland and Dublin City University,protein_groups,proteinGroups.txt,183,LFQ intensity Strap_3183,P04004,P04004,R4_PMC13106918_Strap_3,POOLED_HUMAN_PLASMA_8_DONORS,Strap,true,LFQ_INTENSITY,484470000,POSITIVE_FINITE,true
PMC13106918_RCSI_DCU_SILICA_CORONA,Royal College of Surgeons in Ireland and Dublin City University,protein_groups,proteinGroups.txt,183,LFQ intensity Strap_4183,P04004,P04004,R4_PMC13106918_Strap_4,POOLED_HUMAN_PLASMA_8_DONORS,Strap,true,LFQ_INTENSITY,471970000,POSITIVE_FINITE,true
PMC13106918_RCSI_DCU_SILICA_CORONA,Royal College of Surgeons in Ireland and Dublin City University,protein_groups,proteinGroups.txt,197,LFQ intensity iST_1197,P05023,P05023,R4_PMC13106918_iST_1,POOLED_HUMAN_PLASMA_8_DONORS,iST,true,LFQ_INTENSITY,1821200,POSITIVE_FINITE,true
PMC13106918_RCSI_DCU_SILICA_CORONA,Royal College of Surgeons in Ireland and Dublin City University,protein_groups,proteinGroups.txt,197,LFQ intensity iST_2197,P05023,P05023,R4_PMC13106918_iST_2,POOLED_HUMAN_PLASMA_8_DONORS,iST,true,LFQ_INTENSITY,2061600,POSITIVE_FINITE,true
PMC13106918_RCSI_DCU_SILICA_CORONA,Royal College of Surgeons in Ireland and Dublin City University,protein_groups,proteinGroups.txt,197,LFQ intensity iST_3197,P05023,P05023,R4_PMC13106918_iST_3,POOLED_HUMAN_PLASMA_8_DONORS,iST,true,LFQ_INTENSITY,0,NUMERIC_ZERO,false
PMC13106918_RCSI_DCU_SILICA_CORONA,Royal College of Surgeons in Ireland and Dublin City University,protein_groups,proteinGroups.txt,197,LFQ intensity iST_4197,P05023,P05023,R4_PMC13106918_iST_4,POOLED_HUMAN_PLASMA_8_DONORS,iST,true,LFQ_INTENSITY,1400300,POSITIVE_FINITE,true
PMC13106918_RCSI_DCU_SILICA_CORONA,Royal College of Surgeons in Ireland and Dublin City University,protein_groups,proteinGroups.txt,197,LFQ intensity Pmax_1197,P05023,P05023,R4_PMC13106918_Pmax_1,POOLED_HUMAN_PLASMA_8_DONORS,Pmax,true,LFQ_INTENSITY,1681400,POSITIVE_FINITE,true
PMC13106918_RCSI_DCU_SILICA_CORONA,Royal College of Surgeons in Ireland and Dublin City University,protein_groups,proteinGroups.txt,197,LFQ intensity Pmax_2197,P05023,P05023,R4_PMC13106918_Pmax_2,POOLED_HUMAN_PLASMA_8_DONORS,Pmax,true,LFQ_INTENSITY,0,NUMERIC_ZERO,false
PMC13106918_RCSI_DCU_SILICA_CORONA,Royal College of Surgeons in Ireland and Dublin City University,protein_groups,proteinGroups.txt,197,LFQ intensity Pmax_3197,P05023,P05023,R4_PMC13106918_Pmax_3,POOLED_HUMAN_PLASMA_8_DONORS,Pmax,true,LFQ_INTENSITY,2801500,POSITIVE_FINITE,true
PMC13106918_RCSI_DCU_SILICA_CORONA,Royal College of Surgeons in Ireland and Dublin City University,protein_groups,proteinGroups.txt,197,LFQ intensity Pmax_4197,P05023,P05023,R4_PMC13106918_Pmax_4,POOLED_HUMAN_PLASMA_8_DONORS,Pmax,true,LFQ_INTENSITY,0,NUMERIC_ZERO,false
PMC13106918_RCSI_DCU_SILICA_CORONA,Royal College of Surgeons in Ireland and Dublin City University,protein_groups,proteinGroups.txt,197,LFQ intensity RapiG_1197,P05023,P05023,R4_PMC13106918_RapiG_1,POOLED_HUMAN_PLASMA_8_DONORS,RapiG,true,LFQ_INTENSITY,0,NUMERIC_ZERO,false
PMC13106918_RCSI_DCU_SILICA_CORONA,Royal College of Surgeons in Ireland and Dublin City University,protein_groups,proteinGroups.txt,197,LFQ intensity RapiG_2197,P05023,P05023,R4_PMC13106918_RapiG_2,POOLED_HUMAN_PLASMA_8_DONORS,RapiG,true,LFQ_INTENSITY,0,NUMERIC_ZERO,false
PMC13106918_RCSI_DCU_SILICA_CORONA,Royal College of Surgeons in Ireland and Dublin City University,protein_groups,proteinGroups.txt,197,LFQ intensity RapiG_3197,P05023,P05023,R4_PMC13106918_RapiG_3,POOLED_HUMAN_PLASMA_8_DONORS,RapiG,true,LFQ_INTENSITY,0,NUMERIC_ZERO,false
PMC13106918_RCSI_DCU_SILICA_CORONA,Royal College of Surgeons in Ireland and Dublin City University,protein_groups,proteinGroups.txt,197,LFQ intensity RapiG_4197,P05023,P05023,R4_PMC13106918_RapiG_4,POOLED_HUMAN_PLASMA_8_DONORS,RapiG,true,LFQ_INTENSITY,0,NUMERIC_ZERO,false
PMC13106918_RCSI_DCU_SILICA_CORONA,Royal College of Surgeons in Ireland and Dublin City University,protein_groups,proteinGroups.txt,197,LFQ intensity STD_1197,P05023,P05023,R4_PMC13106918_STD_1,POOLED_HUMAN_PLASMA_8_DONORS,STD,true,LFQ_INTENSITY,0,NUMERIC_ZERO,false
PMC13106918_RCSI_DCU_SILICA_CORONA,Royal College of Surgeons in Ireland and Dublin City University,protein_groups,proteinGroups.txt,197,LFQ intensity STD_2197,P05023,P05023,R4_PMC13106918_STD_2,POOLED_HUMAN_PLASMA_8_DONORS,STD,true,LFQ_INTENSITY,0,NUMERIC_ZERO,false
PMC13106918_RCSI_DCU_SILICA_CORONA,Royal College of Surgeons in Ireland and Dublin City University,protein_groups,proteinGroups.txt,197,LFQ intensity STD_3197,P05023,P05023,R4_PMC13106918_STD_3,POOLED_HUMAN_PLASMA_8_DONORS,STD,true,LFQ_INTENSITY,0,NUMERIC_ZERO,false
PMC13106918_RCSI_DCU_SILICA_CORONA,Royal College of Surgeons in Ireland and Dublin City University,protein_groups,proteinGroups.txt,197,LFQ intensity STD_4197,P05023,P05023,R4_PMC13106918_STD_4,POOLED_HUMAN_PLASMA_8_DONORS,STD,true,LFQ_INTENSITY,0,NUMERIC_ZERO,false
PMC13106918_RCSI_DCU_SILICA_CORONA,Royal College of Surgeons in Ireland and Dublin City University,protein_groups,proteinGroups.txt,197,LFQ intensity Strap_1197,P05023,P05023,R4_PMC13106918_Strap_1,POOLED_HUMAN_PLASMA_8_DONORS,Strap,true,LFQ_INTENSITY,0,NUMERIC_ZERO,false
PMC13106918_RCSI_DCU_SILICA_CORONA,Royal College of Surgeons in Ireland and Dublin City University,protein_groups,proteinGroups.txt,197,LFQ intensity Strap_2197,P05023,P05023,R4_PMC13106918_Strap_2,POOLED_HUMAN_PLASMA_8_DONORS,Strap,true,LFQ_INTENSITY,0,NUMERIC_ZERO,false
PMC13106918_RCSI_DCU_SILICA_CORONA,Royal College of Surgeons in Ireland and Dublin City University,protein_groups,proteinGroups.txt,197,LFQ intensity Strap_3197,P05023,P05023,R4_PMC13106918_Strap_3,POOLED_HUMAN_PLASMA_8_DONORS,Strap,true,LFQ_INTENSITY,0,NUMERIC_ZERO,false
PMC13106918_RCSI_DCU_SILICA_CORONA,Royal College of Surgeons in Ireland and Dublin City University,protein_groups,proteinGroups.txt,197,LFQ intensity Strap_4197,P05023,P05023,R4_PMC13106918_Strap_4,POOLED_HUMAN_PLASMA_8_DONORS,Strap,true,LFQ_INTENSITY,0,NUMERIC_ZERO,false
PMC13106918_RCSI_DCU_SILICA_CORONA,Royal College of Surgeons in Ireland and Dublin City University,protein_groups,proteinGroups.txt,212,LFQ intensity iST_1212,P05556,P05556,R4_PMC13106918_iST_1,POOLED_HUMAN_PLASMA_8_DONORS,iST,true,LFQ_INTENSITY,0,NUMERIC_ZERO,false
PMC13106918_RCSI_DCU_SILICA_CORONA,Royal College of Surgeons in Ireland and Dublin City University,protein_groups,proteinGroups.txt,212,LFQ intensity iST_2212,P05556,P05556,R4_PMC13106918_iST_2,POOLED_HUMAN_PLASMA_8_DONORS,iST,true,LFQ_INTENSITY,0,NUMERIC_ZERO,false
PMC13106918_RCSI_DCU_SILICA_CORONA,Royal College of Surgeons in Ireland and Dublin City University,protein_groups,proteinGroups.txt,212,LFQ intensity iST_3212,P05556,P05556,R4_PMC13106918_iST_3,POOLED_HUMAN_PLASMA_8_DONORS,iST,true,LFQ_INTENSITY,0,NUMERIC_ZERO,false
PMC13106918_RCSI_DCU_SILICA_CORONA,Royal College of Surgeons in Ireland and Dublin City University,protein_groups,proteinGroups.txt,212,LFQ intensity iST_4212,P05556,P05556,R4_PMC13106918_iST_4,POOLED_HUMAN_PLASMA_8_DONORS,iST,true,LFQ_INTENSITY,0,NUMERIC_ZERO,false
PMC13106918_RCSI_DCU_SILICA_CORONA,Royal College of Surgeons in Ireland and Dublin City University,protein_groups,proteinGroups.txt,212,LFQ intensity Pmax_1212,P05556,P05556,R4_PMC13106918_Pmax_1,POOLED_HUMAN_PLASMA_8_DONORS,Pmax,true,LFQ_INTENSITY,0,NUMERIC_ZERO,false
PMC13106918_RCSI_DCU_SILICA_CORONA,Royal College of Surgeons in Ireland and Dublin City University,protein_groups,proteinGroups.txt,212,LFQ intensity Pmax_2212,P05556,P05556,R4_PMC13106918_Pmax_2,POOLED_HUMAN_PLASMA_8_DONORS,Pmax,true,LFQ_INTENSITY,0,NUMERIC_ZERO,false
PMC13106918_RCSI_DCU_SILICA_CORONA,Royal College of Surgeons in Ireland and Dublin City University,protein_groups,proteinGroups.txt,212,LFQ intensity Pmax_3212,P05556,P05556,R4_PMC13106918_Pmax_3,POOLED_HUMAN_PLASMA_8_DONORS,Pmax,true,LFQ_INTENSITY,0,NUMERIC_ZERO,false
PMC13106918_RCSI_DCU_SILICA_CORONA,Royal College of Surgeons in Ireland and Dublin City University,protein_groups,proteinGroups.txt,212,LFQ intensity Pmax_4212,P05556,P05556,R4_PMC13106918_Pmax_4,POOLED_HUMAN_PLASMA_8_DONORS,Pmax,true,LFQ_INTENSITY,0,NUMERIC_ZERO,false
PMC13106918_RCSI_DCU_SILICA_CORONA,Royal College of Surgeons in Ireland and Dublin City University,protein_groups,proteinGroups.txt,212,LFQ intensity RapiG_1212,P05556,P05556,R4_PMC13106918_RapiG_1,POOLED_HUMAN_PLASMA_8_DONORS,RapiG,true,LFQ_INTENSITY,0,NUMERIC_ZERO,false
PMC13106918_RCSI_DCU_SILICA_CORONA,Royal College of Surgeons in Ireland and Dublin City University,protein_groups,proteinGroups.txt,212,LFQ intensity RapiG_2212,P05556,P05556,R4_PMC13106918_RapiG_2,POOLED_HUMAN_PLASMA_8_DONORS,RapiG,true,LFQ_INTENSITY,0,NUMERIC_ZERO,false
PMC13106918_RCSI_DCU_SILICA_CORONA,Royal College of Surgeons in Ireland and Dublin City University,protein_groups,proteinGroups.txt,212,LFQ intensity RapiG_3212,P05556,P05556,R4_PMC13106918_RapiG_3,POOLED_HUMAN_PLASMA_8_DONORS,RapiG,true,LFQ_INTENSITY,0,NUMERIC_ZERO,false
PMC13106918_RCSI_DCU_SILICA_CORONA,Royal College of Surgeons in Ireland and Dublin City University,protein_groups,proteinGroups.txt,212,LFQ intensity RapiG_4212,P05556,P05556,R4_PMC13106918_RapiG_4,POOLED_HUMAN_PLASMA_8_DONORS,RapiG,true,LFQ_INTENSITY,0,NUMERIC_ZERO,false
PMC13106918_RCSI_DCU_SILICA_CORONA,Royal College of Surgeons in Ireland and Dublin City University,protein_groups,proteinGroups.txt,212,LFQ intensity STD_1212,P05556,P05556,R4_PMC13106918_STD_1,POOLED_HUMAN_PLASMA_8_DONORS,STD,true,LFQ_INTENSITY,0,NUMERIC_ZERO,false
PMC13106918_RCSI_DCU_SILICA_CORONA,Royal College of Surgeons in Ireland and Dublin City University,protein_groups,proteinGroups.txt,212,LFQ intensity STD_2212,P05556,P05556,R4_PMC13106918_STD_2,POOLED_HUMAN_PLASMA_8_DONORS,STD,true,LFQ_INTENSITY,0,NUMERIC_ZERO,false
PMC13106918_RCSI_DCU_SILICA_CORONA,Royal College of Surgeons in Ireland and Dublin City University,protein_groups,proteinGroups.txt,212,LFQ intensity STD_3212,P05556,P05556,R4_PMC13106918_STD_3,POOLED_HUMAN_PLASMA_8_DONORS,STD,true,LFQ_INTENSITY,0,NUMERIC_ZERO,false
PMC13106918_RCSI_DCU_SILICA_CORONA,Royal College of Surgeons in Ireland and Dublin City University,protein_groups,proteinGroups.txt,212,LFQ intensity STD_4212,P05556,P05556,R4_PMC13106918_STD_4,POOLED_HUMAN_PLASMA_8_DONORS,STD,true,LFQ_INTENSITY,0,NUMERIC_ZERO,false
PMC13106918_RCSI_DCU_SILICA_CORONA,Royal College of Surgeons in Ireland and Dublin City University,protein_groups,proteinGroups.txt,212,LFQ intensity Strap_1212,P05556,P05556,R4_PMC13106918_Strap_1,POOLED_HUMAN_PLASMA_8_DONORS,Strap,true,LFQ_INTENSITY,0,NUMERIC_ZERO,false
PMC13106918_RCSI_DCU_SILICA_CORONA,Royal College of Surgeons in Ireland and Dublin City University,protein_groups,proteinGroups.txt,212,LFQ intensity Strap_2212,P05556,P05556,R4_PMC13106918_Strap_2,POOLED_HUMAN_PLASMA_8_DONORS,Strap,true,LFQ_INTENSITY,0,NUMERIC_ZERO,false
PMC13106918_RCSI_DCU_SILICA_CORONA,Royal College of Surgeons in Ireland and Dublin City University,protein_groups,proteinGroups.txt,212,LFQ intensity Strap_3212,P05556,P05556,R4_PMC13106918_Strap_3,POOLED_HUMAN_PLASMA_8_DONORS,Strap,true,LFQ_INTENSITY,0,NUMERIC_ZERO,false
PMC13106918_RCSI_DCU_SILICA_CORONA,Royal College of Surgeons in Ireland and Dublin City University,protein_groups,proteinGroups.txt,212,LFQ intensity Strap_4212,P05556,P05556,R4_PMC13106918_Strap_4,POOLED_HUMAN_PLASMA_8_DONORS,Strap,true,LFQ_INTENSITY,0,NUMERIC_ZERO,false
PMC13106918_RCSI_DCU_SILICA_CORONA,Royal College of Surgeons in Ireland and Dublin City University,protein_groups,proteinGroups.txt,214,LFQ intensity iST_1214,P06396,P06396,R4_PMC13106918_iST_1,POOLED_HUMAN_PLASMA_8_DONORS,iST,true,LFQ_INTENSITY,14393000,POSITIVE_FINITE,true
PMC13106918_RCSI_DCU_SILICA_CORONA,Royal College of Surgeons in Ireland and Dublin City University,protein_groups,proteinGroups.txt,214,LFQ intensity iST_2214,P06396,P06396,R4_PMC13106918_iST_2,POOLED_HUMAN_PLASMA_8_DONORS,iST,true,LFQ_INTENSITY,9569100,POSITIVE_FINITE,true
PMC13106918_RCSI_DCU_SILICA_CORONA,Royal College of Surgeons in Ireland and Dublin City University,protein_groups,proteinGroups.txt,214,LFQ intensity iST_3214,P06396,P06396,R4_PMC13106918_iST_3,POOLED_HUMAN_PLASMA_8_DONORS,iST,true,LFQ_INTENSITY,17374000,POSITIVE_FINITE,true
PMC13106918_RCSI_DCU_SILICA_CORONA,Royal College of Surgeons in Ireland and Dublin City University,protein_groups,proteinGroups.txt,214,LFQ intensity iST_4214,P06396,P06396,R4_PMC13106918_iST_4,POOLED_HUMAN_PLASMA_8_DONORS,iST,true,LFQ_INTENSITY,9637600,POSITIVE_FINITE,true
PMC13106918_RCSI_DCU_SILICA_CORONA,Royal College of Surgeons in Ireland and Dublin City University,protein_groups,proteinGroups.txt,214,LFQ intensity Pmax_1214,P06396,P06396,R4_PMC13106918_Pmax_1,POOLED_HUMAN_PLASMA_8_DONORS,Pmax,true,LFQ_INTENSITY,7427200,POSITIVE_FINITE,true
PMC13106918_RCSI_DCU_SILICA_CORONA,Royal College of Surgeons in Ireland and Dublin City University,protein_groups,proteinGroups.txt,214,LFQ intensity Pmax_2214,P06396,P06396,R4_PMC13106918_Pmax_2,POOLED_HUMAN_PLASMA_8_DONORS,Pmax,true,LFQ_INTENSITY,0,NUMERIC_ZERO,false
PMC13106918_RCSI_DCU_SILICA_CORONA,Royal College of Surgeons in Ireland and Dublin City University,protein_groups,proteinGroups.txt,214,LFQ intensity Pmax_3214,P06396,P06396,R4_PMC13106918_Pmax_3,POOLED_HUMAN_PLASMA_8_DONORS,Pmax,true,LFQ_INTENSITY,6482400,POSITIVE_FINITE,true
PMC13106918_RCSI_DCU_SILICA_CORONA,Royal College of Surgeons in Ireland and Dublin City University,protein_groups,proteinGroups.txt,214,LFQ intensity Pmax_4214,P06396,P06396,R4_PMC13106918_Pmax_4,POOLED_HUMAN_PLASMA_8_DONORS,Pmax,true,LFQ_INTENSITY,2579800,POSITIVE_FINITE,true
PMC13106918_RCSI_DCU_SILICA_CORONA,Royal College of Surgeons in Ireland and Dublin City University,protein_groups,proteinGroups.txt,214,LFQ intensity RapiG_1214,P06396,P06396,R4_PMC13106918_RapiG_1,POOLED_HUMAN_PLASMA_8_DONORS,RapiG,true,LFQ_INTENSITY,6995800,POSITIVE_FINITE,true
PMC13106918_RCSI_DCU_SILICA_CORONA,Royal College of Surgeons in Ireland and Dublin City University,protein_groups,proteinGroups.txt,214,LFQ intensity RapiG_2214,P06396,P06396,R4_PMC13106918_RapiG_2,POOLED_HUMAN_PLASMA_8_DONORS,RapiG,true,LFQ_INTENSITY,11899000,POSITIVE_FINITE,true
PMC13106918_RCSI_DCU_SILICA_CORONA,Royal College of Surgeons in Ireland and Dublin City University,protein_groups,proteinGroups.txt,214,LFQ intensity RapiG_3214,P06396,P06396,R4_PMC13106918_RapiG_3,POOLED_HUMAN_PLASMA_8_DONORS,RapiG,true,LFQ_INTENSITY,11602000,POSITIVE_FINITE,true
PMC13106918_RCSI_DCU_SILICA_CORONA,Royal College of Surgeons in Ireland and Dublin City University,protein_groups,proteinGroups.txt,214,LFQ intensity RapiG_4214,P06396,P06396,R4_PMC13106918_RapiG_4,POOLED_HUMAN_PLASMA_8_DONORS,RapiG,true,LFQ_INTENSITY,5964600,POSITIVE_FINITE,true
PMC13106918_RCSI_DCU_SILICA_CORONA,Royal College of Surgeons in Ireland and Dublin City University,protein_groups,proteinGroups.txt,214,LFQ intensity STD_1214,P06396,P06396,R4_PMC13106918_STD_1,POOLED_HUMAN_PLASMA_8_DONORS,STD,true,LFQ_INTENSITY,7037300,POSITIVE_FINITE,true
PMC13106918_RCSI_DCU_SILICA_CORONA,Royal College of Surgeons in Ireland and Dublin City University,protein_groups,proteinGroups.txt,214,LFQ intensity STD_2214,P06396,P06396,R4_PMC13106918_STD_2,POOLED_HUMAN_PLASMA_8_DONORS,STD,true,LFQ_INTENSITY,5549500,POSITIVE_FINITE,true
PMC13106918_RCSI_DCU_SILICA_CORONA,Royal College of Surgeons in Ireland and Dublin City University,protein_groups,proteinGroups.txt,214,LFQ intensity STD_3214,P06396,P06396,R4_PMC13106918_STD_3,POOLED_HUMAN_PLASMA_8_DONORS,STD,true,LFQ_INTENSITY,6403200,POSITIVE_FINITE,true
PMC13106918_RCSI_DCU_SILICA_CORONA,Royal College of Surgeons in Ireland and Dublin City University,protein_groups,proteinGroups.txt,214,LFQ intensity STD_4214,P06396,P06396,R4_PMC13106918_STD_4,POOLED_HUMAN_PLASMA_8_DONORS,STD,true,LFQ_INTENSITY,4856300,POSITIVE_FINITE,true
PMC13106918_RCSI_DCU_SILICA_CORONA,Royal College of Surgeons in Ireland and Dublin City University,protein_groups,proteinGroups.txt,214,LFQ intensity Strap_1214,P06396,P06396,R4_PMC13106918_Strap_1,POOLED_HUMAN_PLASMA_8_DONORS,Strap,true,LFQ_INTENSITY,10230000,POSITIVE_FINITE,true
PMC13106918_RCSI_DCU_SILICA_CORONA,Royal College of Surgeons in Ireland and Dublin City University,protein_groups,proteinGroups.txt,214,LFQ intensity Strap_2214,P06396,P06396,R4_PMC13106918_Strap_2,POOLED_HUMAN_PLASMA_8_DONORS,Strap,true,LFQ_INTENSITY,7815300,POSITIVE_FINITE,true
PMC13106918_RCSI_DCU_SILICA_CORONA,Royal College of Surgeons in Ireland and Dublin City University,protein_groups,proteinGroups.txt,214,LFQ intensity Strap_3214,P06396,P06396,R4_PMC13106918_Strap_3,POOLED_HUMAN_PLASMA_8_DONORS,Strap,true,LFQ_INTENSITY,6035100,POSITIVE_FINITE,true
PMC13106918_RCSI_DCU_SILICA_CORONA,Royal College of Surgeons in Ireland and Dublin City University,protein_groups,proteinGroups.txt,214,LFQ intensity Strap_4214,P06396,P06396,R4_PMC13106918_Strap_4,POOLED_HUMAN_PLASMA_8_DONORS,Strap,true,LFQ_INTENSITY,8081900,POSITIVE_FINITE,true
PMC13106918_RCSI_DCU_SILICA_CORONA,Royal College of Surgeons in Ireland and Dublin City University,protein_groups,proteinGroups.txt,216,LFQ intensity iST_1216,P06576,P06576,R4_PMC13106918_iST_1,POOLED_HUMAN_PLASMA_8_DONORS,iST,true,LFQ_INTENSITY,10506000,POSITIVE_FINITE,true
PMC13106918_RCSI_DCU_SILICA_CORONA,Royal College of Surgeons in Ireland and Dublin City University,protein_groups,proteinGroups.txt,216,LFQ intensity iST_2216,P06576,P06576,R4_PMC13106918_iST_2,POOLED_HUMAN_PLASMA_8_DONORS,iST,true,LFQ_INTENSITY,19047000,POSITIVE_FINITE,true
PMC13106918_RCSI_DCU_SILICA_CORONA,Royal College of Surgeons in Ireland and Dublin City University,protein_groups,proteinGroups.txt,216,LFQ intensity iST_3216,P06576,P06576,R4_PMC13106918_iST_3,POOLED_HUMAN_PLASMA_8_DONORS,iST,true,LFQ_INTENSITY,9669200,POSITIVE_FINITE,true
PMC13106918_RCSI_DCU_SILICA_CORONA,Royal College of Surgeons in Ireland and Dublin City University,protein_groups,proteinGroups.txt,216,LFQ intensity iST_4216,P06576,P06576,R4_PMC13106918_iST_4,POOLED_HUMAN_PLASMA_8_DONORS,iST,true,LFQ_INTENSITY,15024000,POSITIVE_FINITE,true
PMC13106918_RCSI_DCU_SILICA_CORONA,Royal College of Surgeons in Ireland and Dublin City University,protein_groups,proteinGroups.txt,216,LFQ intensity Pmax_1216,P06576,P06576,R4_PMC13106918_Pmax_1,POOLED_HUMAN_PLASMA_8_DONORS,Pmax,true,LFQ_INTENSITY,18244000,POSITIVE_FINITE,true
PMC13106918_RCSI_DCU_SILICA_CORONA,Royal College of Surgeons in Ireland and Dublin City University,protein_groups,proteinGroups.txt,216,LFQ intensity Pmax_2216,P06576,P06576,R4_PMC13106918_Pmax_2,POOLED_HUMAN_PLASMA_8_DONORS,Pmax,true,LFQ_INTENSITY,4028000,POSITIVE_FINITE,true
PMC13106918_RCSI_DCU_SILICA_CORONA,Royal College of Surgeons in Ireland and Dublin City University,protein_groups,proteinGroups.txt,216,LFQ intensity Pmax_3216,P06576,P06576,R4_PMC13106918_Pmax_3,POOLED_HUMAN_PLASMA_8_DONORS,Pmax,true,LFQ_INTENSITY,21249000,POSITIVE_FINITE,true
PMC13106918_RCSI_DCU_SILICA_CORONA,Royal College of Surgeons in Ireland and Dublin City University,protein_groups,proteinGroups.txt,216,LFQ intensity Pmax_4216,P06576,P06576,R4_PMC13106918_Pmax_4,POOLED_HUMAN_PLASMA_8_DONORS,Pmax,true,LFQ_INTENSITY,0,NUMERIC_ZERO,false
PMC13106918_RCSI_DCU_SILICA_CORONA,Royal College of Surgeons in Ireland and Dublin City University,protein_groups,proteinGroups.txt,216,LFQ intensity RapiG_1216,P06576,P06576,R4_PMC13106918_RapiG_1,POOLED_HUMAN_PLASMA_8_DONORS,RapiG,true,LFQ_INTENSITY,7146500,POSITIVE_FINITE,true
PMC13106918_RCSI_DCU_SILICA_CORONA,Royal College of Surgeons in Ireland and Dublin City University,protein_groups,proteinGroups.txt,216,LFQ intensity RapiG_2216,P06576,P06576,R4_PMC13106918_RapiG_2,POOLED_HUMAN_PLASMA_8_DONORS,RapiG,true,LFQ_INTENSITY,8760800,POSITIVE_FINITE,true
PMC13106918_RCSI_DCU_SILICA_CORONA,Royal College of Surgeons in Ireland and Dublin City University,protein_groups,proteinGroups.txt,216,LFQ intensity RapiG_3216,P06576,P06576,R4_PMC13106918_RapiG_3,POOLED_HUMAN_PLASMA_8_DONORS,RapiG,true,LFQ_INTENSITY,5886800,POSITIVE_FINITE,true
PMC13106918_RCSI_DCU_SILICA_CORONA,Royal College of Surgeons in Ireland and Dublin City University,protein_groups,proteinGroups.txt,216,LFQ intensity RapiG_4216,P06576,P06576,R4_PMC13106918_RapiG_4,POOLED_HUMAN_PLASMA_8_DONORS,RapiG,true,LFQ_INTENSITY,8876400,POSITIVE_FINITE,true
PMC13106918_RCSI_DCU_SILICA_CORONA,Royal College of Surgeons in Ireland and Dublin City University,protein_groups,proteinGroups.txt,216,LFQ intensity STD_1216,P06576,P06576,R4_PMC13106918_STD_1,POOLED_HUMAN_PLASMA_8_DONORS,STD,true,LFQ_INTENSITY,0,NUMERIC_ZERO,false
PMC13106918_RCSI_DCU_SILICA_CORONA,Royal College of Surgeons in Ireland and Dublin City University,protein_groups,proteinGroups.txt,216,LFQ intensity STD_2216,P06576,P06576,R4_PMC13106918_STD_2,POOLED_HUMAN_PLASMA_8_DONORS,STD,true,LFQ_INTENSITY,0,NUMERIC_ZERO,false
PMC13106918_RCSI_DCU_SILICA_CORONA,Royal College of Surgeons in Ireland and Dublin City University,protein_groups,proteinGroups.txt,216,LFQ intensity STD_3216,P06576,P06576,R4_PMC13106918_STD_3,POOLED_HUMAN_PLASMA_8_DONORS,STD,true,LFQ_INTENSITY,7862400,POSITIVE_FINITE,true
PMC13106918_RCSI_DCU_SILICA_CORONA,Royal College of Surgeons in Ireland and Dublin City University,protein_groups,proteinGroups.txt,216,LFQ intensity STD_4216,P06576,P06576,R4_PMC13106918_STD_4,POOLED_HUMAN_PLASMA_8_DONORS,STD,true,LFQ_INTENSITY,1389100,POSITIVE_FINITE,true
PMC13106918_RCSI_DCU_SILICA_CORONA,Royal College of Surgeons in Ireland and Dublin City University,protein_groups,proteinGroups.txt,216,LFQ intensity Strap_1216,P06576,P06576,R4_PMC13106918_Strap_1,POOLED_HUMAN_PLASMA_8_DONORS,Strap,true,LFQ_INTENSITY,2969600,POSITIVE_FINITE,true
PMC13106918_RCSI_DCU_SILICA_CORONA,Royal College of Surgeons in Ireland and Dublin City University,protein_groups,proteinGroups.txt,216,LFQ intensity Strap_2216,P06576,P06576,R4_PMC13106918_Strap_2,POOLED_HUMAN_PLASMA_8_DONORS,Strap,true,LFQ_INTENSITY,7432800,POSITIVE_FINITE,true
PMC13106918_RCSI_DCU_SILICA_CORONA,Royal College of Surgeons in Ireland and Dublin City University,protein_groups,proteinGroups.txt,216,LFQ intensity Strap_3216,P06576,P06576,R4_PMC13106918_Strap_3,POOLED_HUMAN_PLASMA_8_DONORS,Strap,true,LFQ_INTENSITY,4292400,POSITIVE_FINITE,true
PMC13106918_RCSI_DCU_SILICA_CORONA,Royal College of Surgeons in Ireland and Dublin City University,protein_groups,proteinGroups.txt,216,LFQ intensity Strap_4216,P06576,P06576,R4_PMC13106918_Strap_4,POOLED_HUMAN_PLASMA_8_DONORS,Strap,true,LFQ_INTENSITY,4974100,POSITIVE_FINITE,true
PMC13106918_RCSI_DCU_SILICA_CORONA,Royal College of Surgeons in Ireland and Dublin City University,protein_groups,proteinGroups.txt,271,LFQ intensity iST_1271,P10599,P10599,R4_PMC13106918_iST_1,POOLED_HUMAN_PLASMA_8_DONORS,iST,true,LFQ_INTENSITY,0,NUMERIC_ZERO,false
PMC13106918_RCSI_DCU_SILICA_CORONA,Royal College of Surgeons in Ireland and Dublin City University,protein_groups,proteinGroups.txt,271,LFQ intensity iST_2271,P10599,P10599,R4_PMC13106918_iST_2,POOLED_HUMAN_PLASMA_8_DONORS,iST,true,LFQ_INTENSITY,0,NUMERIC_ZERO,false
PMC13106918_RCSI_DCU_SILICA_CORONA,Royal College of Surgeons in Ireland and Dublin City University,protein_groups,proteinGroups.txt,271,LFQ intensity iST_3271,P10599,P10599,R4_PMC13106918_iST_3,POOLED_HUMAN_PLASMA_8_DONORS,iST,true,LFQ_INTENSITY,0,NUMERIC_ZERO,false
PMC13106918_RCSI_DCU_SILICA_CORONA,Royal College of Surgeons in Ireland and Dublin City University,protein_groups,proteinGroups.txt,271,LFQ intensity iST_4271,P10599,P10599,R4_PMC13106918_iST_4,POOLED_HUMAN_PLASMA_8_DONORS,iST,true,LFQ_INTENSITY,0,NUMERIC_ZERO,false
PMC13106918_RCSI_DCU_SILICA_CORONA,Royal College of Surgeons in Ireland and Dublin City University,protein_groups,proteinGroups.txt,271,LFQ intensity Pmax_1271,P10599,P10599,R4_PMC13106918_Pmax_1,POOLED_HUMAN_PLASMA_8_DONORS,Pmax,true,LFQ_INTENSITY,0,NUMERIC_ZERO,false
PMC13106918_RCSI_DCU_SILICA_CORONA,Royal College of Surgeons in Ireland and Dublin City University,protein_groups,proteinGroups.txt,271,LFQ intensity Pmax_2271,P10599,P10599,R4_PMC13106918_Pmax_2,POOLED_HUMAN_PLASMA_8_DONORS,Pmax,true,LFQ_INTENSITY,0,NUMERIC_ZERO,false
PMC13106918_RCSI_DCU_SILICA_CORONA,Royal College of Surgeons in Ireland and Dublin City University,protein_groups,proteinGroups.txt,271,LFQ intensity Pmax_3271,P10599,P10599,R4_PMC13106918_Pmax_3,POOLED_HUMAN_PLASMA_8_DONORS,Pmax,true,LFQ_INTENSITY,0,NUMERIC_ZERO,false
PMC13106918_RCSI_DCU_SILICA_CORONA,Royal College of Surgeons in Ireland and Dublin City University,protein_groups,proteinGroups.txt,271,LFQ intensity Pmax_4271,P10599,P10599,R4_PMC13106918_Pmax_4,POOLED_HUMAN_PLASMA_8_DONORS,Pmax,true,LFQ_INTENSITY,0,NUMERIC_ZERO,false
PMC13106918_RCSI_DCU_SILICA_CORONA,Royal College of Surgeons in Ireland and Dublin City University,protein_groups,proteinGroups.txt,271,LFQ intensity RapiG_1271,P10599,P10599,R4_PMC13106918_RapiG_1,POOLED_HUMAN_PLASMA_8_DONORS,RapiG,true,LFQ_INTENSITY,0,NUMERIC_ZERO,false
PMC13106918_RCSI_DCU_SILICA_CORONA,Royal College of Surgeons in Ireland and Dublin City University,protein_groups,proteinGroups.txt,271,LFQ intensity RapiG_2271,P10599,P10599,R4_PMC13106918_RapiG_2,POOLED_HUMAN_PLASMA_8_DONORS,RapiG,true,LFQ_INTENSITY,0,NUMERIC_ZERO,false
PMC13106918_RCSI_DCU_SILICA_CORONA,Royal College of Surgeons in Ireland and Dublin City University,protein_groups,proteinGroups.txt,271,LFQ intensity RapiG_3271,P10599,P10599,R4_PMC13106918_RapiG_3,POOLED_HUMAN_PLASMA_8_DONORS,RapiG,true,LFQ_INTENSITY,0,NUMERIC_ZERO,false
PMC13106918_RCSI_DCU_SILICA_CORONA,Royal College of Surgeons in Ireland and Dublin City University,protein_groups,proteinGroups.txt,271,LFQ intensity RapiG_4271,P10599,P10599,R4_PMC13106918_RapiG_4,POOLED_HUMAN_PLASMA_8_DONORS,RapiG,true,LFQ_INTENSITY,0,NUMERIC_ZERO,false
PMC13106918_RCSI_DCU_SILICA_CORONA,Royal College of Surgeons in Ireland and Dublin City University,protein_groups,proteinGroups.txt,271,LFQ intensity STD_1271,P10599,P10599,R4_PMC13106918_STD_1,POOLED_HUMAN_PLASMA_8_DONORS,STD,true,LFQ_INTENSITY,0,NUMERIC_ZERO,false
PMC13106918_RCSI_DCU_SILICA_CORONA,Royal College of Surgeons in Ireland and Dublin City University,protein_groups,proteinGroups.txt,271,LFQ intensity STD_2271,P10599,P10599,R4_PMC13106918_STD_2,POOLED_HUMAN_PLASMA_8_DONORS,STD,true,LFQ_INTENSITY,0,NUMERIC_ZERO,false
PMC13106918_RCSI_DCU_SILICA_CORONA,Royal College of Surgeons in Ireland and Dublin City University,protein_groups,proteinGroups.txt,271,LFQ intensity STD_3271,P10599,P10599,R4_PMC13106918_STD_3,POOLED_HUMAN_PLASMA_8_DONORS,STD,true,LFQ_INTENSITY,0,NUMERIC_ZERO,false
PMC13106918_RCSI_DCU_SILICA_CORONA,Royal College of Surgeons in Ireland and Dublin City University,protein_groups,proteinGroups.txt,271,LFQ intensity STD_4271,P10599,P10599,R4_PMC13106918_STD_4,POOLED_HUMAN_PLASMA_8_DONORS,STD,true,LFQ_INTENSITY,0,NUMERIC_ZERO,false
PMC13106918_RCSI_DCU_SILICA_CORONA,Royal College of Surgeons in Ireland and Dublin City University,protein_groups,proteinGroups.txt,271,LFQ intensity Strap_1271,P10599,P10599,R4_PMC13106918_Strap_1,POOLED_HUMAN_PLASMA_8_DONORS,Strap,true,LFQ_INTENSITY,0,NUMERIC_ZERO,false
PMC13106918_RCSI_DCU_SILICA_CORONA,Royal College of Surgeons in Ireland and Dublin City University,protein_groups,proteinGroups.txt,271,LFQ intensity Strap_2271,P10599,P10599,R4_PMC13106918_Strap_2,POOLED_HUMAN_PLASMA_8_DONORS,Strap,true,LFQ_INTENSITY,0,NUMERIC_ZERO,false
PMC13106918_RCSI_DCU_SILICA_CORONA,Royal College of Surgeons in Ireland and Dublin City University,protein_groups,proteinGroups.txt,271,LFQ intensity Strap_3271,P10599,P10599,R4_PMC13106918_Strap_3,POOLED_HUMAN_PLASMA_8_DONORS,Strap,true,LFQ_INTENSITY,0,NUMERIC_ZERO,false
PMC13106918_RCSI_DCU_SILICA_CORONA,Royal College of Surgeons in Ireland and Dublin City University,protein_groups,proteinGroups.txt,271,LFQ intensity Strap_4271,P10599,P10599,R4_PMC13106918_Strap_4,POOLED_HUMAN_PLASMA_8_DONORS,Strap,true,LFQ_INTENSITY,0,NUMERIC_ZERO,false
PMC13106918_RCSI_DCU_SILICA_CORONA,Royal College of Surgeons in Ireland and Dublin City University,protein_groups,proteinGroups.txt,273,LFQ intensity iST_1273,P10809,P10809,R4_PMC13106918_iST_1,POOLED_HUMAN_PLASMA_8_DONORS,iST,true,LFQ_INTENSITY,18554000,POSITIVE_FINITE,true
PMC13106918_RCSI_DCU_SILICA_CORONA,Royal College of Surgeons in Ireland and Dublin City University,protein_groups,proteinGroups.txt,273,LFQ intensity iST_2273,P10809,P10809,R4_PMC13106918_iST_2,POOLED_HUMAN_PLASMA_8_DONORS,iST,true,LFQ_INTENSITY,23913000,POSITIVE_FINITE,true
PMC13106918_RCSI_DCU_SILICA_CORONA,Royal College of Surgeons in Ireland and Dublin City University,protein_groups,proteinGroups.txt,273,LFQ intensity iST_3273,P10809,P10809,R4_PMC13106918_iST_3,POOLED_HUMAN_PLASMA_8_DONORS,iST,true,LFQ_INTENSITY,14094000,POSITIVE_FINITE,true
PMC13106918_RCSI_DCU_SILICA_CORONA,Royal College of Surgeons in Ireland and Dublin City University,protein_groups,proteinGroups.txt,273,LFQ intensity iST_4273,P10809,P10809,R4_PMC13106918_iST_4,POOLED_HUMAN_PLASMA_8_DONORS,iST,true,LFQ_INTENSITY,21665000,POSITIVE_FINITE,true
PMC13106918_RCSI_DCU_SILICA_CORONA,Royal College of Surgeons in Ireland and Dublin City University,protein_groups,proteinGroups.txt,273,LFQ intensity Pmax_1273,P10809,P10809,R4_PMC13106918_Pmax_1,POOLED_HUMAN_PLASMA_8_DONORS,Pmax,true,LFQ_INTENSITY,23243000,POSITIVE_FINITE,true
PMC13106918_RCSI_DCU_SILICA_CORONA,Royal College of Surgeons in Ireland and Dublin City University,protein_groups,proteinGroups.txt,273,LFQ intensity Pmax_2273,P10809,P10809,R4_PMC13106918_Pmax_2,POOLED_HUMAN_PLASMA_8_DONORS,Pmax,true,LFQ_INTENSITY,16336000,POSITIVE_FINITE,true
PMC13106918_RCSI_DCU_SILICA_CORONA,Royal College of Surgeons in Ireland and Dublin City University,protein_groups,proteinGroups.txt,273,LFQ intensity Pmax_3273,P10809,P10809,R4_PMC13106918_Pmax_3,POOLED_HUMAN_PLASMA_8_DONORS,Pmax,true,LFQ_INTENSITY,26172000,POSITIVE_FINITE,true
PMC13106918_RCSI_DCU_SILICA_CORONA,Royal College of Surgeons in Ireland and Dublin City University,protein_groups,proteinGroups.txt,273,LFQ intensity Pmax_4273,P10809,P10809,R4_PMC13106918_Pmax_4,POOLED_HUMAN_PLASMA_8_DONORS,Pmax,true,LFQ_INTENSITY,6140900,POSITIVE_FINITE,true
PMC13106918_RCSI_DCU_SILICA_CORONA,Royal College of Surgeons in Ireland and Dublin City University,protein_groups,proteinGroups.txt,273,LFQ intensity RapiG_1273,P10809,P10809,R4_PMC13106918_RapiG_1,POOLED_HUMAN_PLASMA_8_DONORS,RapiG,true,LFQ_INTENSITY,8976100,POSITIVE_FINITE,true
PMC13106918_RCSI_DCU_SILICA_CORONA,Royal College of Surgeons in Ireland and Dublin City University,protein_groups,proteinGroups.txt,273,LFQ intensity RapiG_2273,P10809,P10809,R4_PMC13106918_RapiG_2,POOLED_HUMAN_PLASMA_8_DONORS,RapiG,true,LFQ_INTENSITY,15069000,POSITIVE_FINITE,true
PMC13106918_RCSI_DCU_SILICA_CORONA,Royal College of Surgeons in Ireland and Dublin City University,protein_groups,proteinGroups.txt,273,LFQ intensity RapiG_3273,P10809,P10809,R4_PMC13106918_RapiG_3,POOLED_HUMAN_PLASMA_8_DONORS,RapiG,true,LFQ_INTENSITY,8962000,POSITIVE_FINITE,true
PMC13106918_RCSI_DCU_SILICA_CORONA,Royal College of Surgeons in Ireland and Dublin City University,protein_groups,proteinGroups.txt,273,LFQ intensity RapiG_4273,P10809,P10809,R4_PMC13106918_RapiG_4,POOLED_HUMAN_PLASMA_8_DONORS,RapiG,true,LFQ_INTENSITY,11355000,POSITIVE_FINITE,true
PMC13106918_RCSI_DCU_SILICA_CORONA,Royal College of Surgeons in Ireland and Dublin City University,protein_groups,proteinGroups.txt,273,LFQ intensity STD_1273,P10809,P10809,R4_PMC13106918_STD_1,POOLED_HUMAN_PLASMA_8_DONORS,STD,true,LFQ_INTENSITY,3863100,POSITIVE_FINITE,true
PMC13106918_RCSI_DCU_SILICA_CORONA,Royal College of Surgeons in Ireland and Dublin City University,protein_groups,proteinGroups.txt,273,LFQ intensity STD_2273,P10809,P10809,R4_PMC13106918_STD_2,POOLED_HUMAN_PLASMA_8_DONORS,STD,true,LFQ_INTENSITY,7244400,POSITIVE_FINITE,true
PMC13106918_RCSI_DCU_SILICA_CORONA,Royal College of Surgeons in Ireland and Dublin City University,protein_groups,proteinGroups.txt,273,LFQ intensity STD_3273,P10809,P10809,R4_PMC13106918_STD_3,POOLED_HUMAN_PLASMA_8_DONORS,STD,true,LFQ_INTENSITY,11262000,POSITIVE_FINITE,true
PMC13106918_RCSI_DCU_SILICA_CORONA,Royal College of Surgeons in Ireland and Dublin City University,protein_groups,proteinGroups.txt,273,LFQ intensity STD_4273,P10809,P10809,R4_PMC13106918_STD_4,POOLED_HUMAN_PLASMA_8_DONORS,STD,true,LFQ_INTENSITY,7297300,POSITIVE_FINITE,true
PMC13106918_RCSI_DCU_SILICA_CORONA,Royal College of Surgeons in Ireland and Dublin City University,protein_groups,proteinGroups.txt,273,LFQ intensity Strap_1273,P10809,P10809,R4_PMC13106918_Strap_1,POOLED_HUMAN_PLASMA_8_DONORS,Strap,true,LFQ_INTENSITY,8308500,POSITIVE_FINITE,true
PMC13106918_RCSI_DCU_SILICA_CORONA,Royal College of Surgeons in Ireland and Dublin City University,protein_groups,proteinGroups.txt,273,LFQ intensity Strap_2273,P10809,P10809,R4_PMC13106918_Strap_2,POOLED_HUMAN_PLASMA_8_DONORS,Strap,true,LFQ_INTENSITY,11446000,POSITIVE_FINITE,true
PMC13106918_RCSI_DCU_SILICA_CORONA,Royal College of Surgeons in Ireland and Dublin City University,protein_groups,proteinGroups.txt,273,LFQ intensity Strap_3273,P10809,P10809,R4_PMC13106918_Strap_3,POOLED_HUMAN_PLASMA_8_DONORS,Strap,true,LFQ_INTENSITY,7580900,POSITIVE_FINITE,true
PMC13106918_RCSI_DCU_SILICA_CORONA,Royal College of Surgeons in Ireland and Dublin City University,protein_groups,proteinGroups.txt,273,LFQ intensity Strap_4273,P10809,P10809,R4_PMC13106918_Strap_4,POOLED_HUMAN_PLASMA_8_DONORS,Strap,true,LFQ_INTENSITY,8521100,POSITIVE_FINITE,true
PMC13106918_RCSI_DCU_SILICA_CORONA,Royal College of Surgeons in Ireland and Dublin City University,protein_groups,proteinGroups.txt,275,LFQ intensity iST_1275,P11021,P11021,R4_PMC13106918_iST_1,POOLED_HUMAN_PLASMA_8_DONORS,iST,true,LFQ_INTENSITY,34895000,POSITIVE_FINITE,true
PMC13106918_RCSI_DCU_SILICA_CORONA,Royal College of Surgeons in Ireland and Dublin City University,protein_groups,proteinGroups.txt,275,LFQ intensity iST_2275,P11021,P11021,R4_PMC13106918_iST_2,POOLED_HUMAN_PLASMA_8_DONORS,iST,true,LFQ_INTENSITY,45429000,POSITIVE_FINITE,true
PMC13106918_RCSI_DCU_SILICA_CORONA,Royal College of Surgeons in Ireland and Dublin City University,protein_groups,proteinGroups.txt,275,LFQ intensity iST_3275,P11021,P11021,R4_PMC13106918_iST_3,POOLED_HUMAN_PLASMA_8_DONORS,iST,true,LFQ_INTENSITY,28281000,POSITIVE_FINITE,true
PMC13106918_RCSI_DCU_SILICA_CORONA,Royal College of Surgeons in Ireland and Dublin City University,protein_groups,proteinGroups.txt,275,LFQ intensity iST_4275,P11021,P11021,R4_PMC13106918_iST_4,POOLED_HUMAN_PLASMA_8_DONORS,iST,true,LFQ_INTENSITY,40664000,POSITIVE_FINITE,true
PMC13106918_RCSI_DCU_SILICA_CORONA,Royal College of Surgeons in Ireland and Dublin City University,protein_groups,proteinGroups.txt,275,LFQ intensity Pmax_1275,P11021,P11021,R4_PMC13106918_Pmax_1,POOLED_HUMAN_PLASMA_8_DONORS,Pmax,true,LFQ_INTENSITY,48374000,POSITIVE_FINITE,true
PMC13106918_RCSI_DCU_SILICA_CORONA,Royal College of Surgeons in Ireland and Dublin City University,protein_groups,proteinGroups.txt,275,LFQ intensity Pmax_2275,P11021,P11021,R4_PMC13106918_Pmax_2,POOLED_HUMAN_PLASMA_8_DONORS,Pmax,true,LFQ_INTENSITY,39019000,POSITIVE_FINITE,true
PMC13106918_RCSI_DCU_SILICA_CORONA,Royal College of Surgeons in Ireland and Dublin City University,protein_groups,proteinGroups.txt,275,LFQ intensity Pmax_3275,P11021,P11021,R4_PMC13106918_Pmax_3,POOLED_HUMAN_PLASMA_8_DONORS,Pmax,true,LFQ_INTENSITY,61069000,POSITIVE_FINITE,true
PMC13106918_RCSI_DCU_SILICA_CORONA,Royal College of Surgeons in Ireland and Dublin City University,protein_groups,proteinGroups.txt,275,LFQ intensity Pmax_4275,P11021,P11021,R4_PMC13106918_Pmax_4,POOLED_HUMAN_PLASMA_8_DONORS,Pmax,true,LFQ_INTENSITY,22897000,POSITIVE_FINITE,true
PMC13106918_RCSI_DCU_SILICA_CORONA,Royal College of Surgeons in Ireland and Dublin City University,protein_groups,proteinGroups.txt,275,LFQ intensity RapiG_1275,P11021,P11021,R4_PMC13106918_RapiG_1,POOLED_HUMAN_PLASMA_8_DONORS,RapiG,true,LFQ_INTENSITY,20925000,POSITIVE_FINITE,true
PMC13106918_RCSI_DCU_SILICA_CORONA,Royal College of Surgeons in Ireland and Dublin City University,protein_groups,proteinGroups.txt,275,LFQ intensity RapiG_2275,P11021,P11021,R4_PMC13106918_RapiG_2,POOLED_HUMAN_PLASMA_8_DONORS,RapiG,true,LFQ_INTENSITY,29402000,POSITIVE_FINITE,true
PMC13106918_RCSI_DCU_SILICA_CORONA,Royal College of Surgeons in Ireland and Dublin City University,protein_groups,proteinGroups.txt,275,LFQ intensity RapiG_3275,P11021,P11021,R4_PMC13106918_RapiG_3,POOLED_HUMAN_PLASMA_8_DONORS,RapiG,true,LFQ_INTENSITY,18080000,POSITIVE_FINITE,true
PMC13106918_RCSI_DCU_SILICA_CORONA,Royal College of Surgeons in Ireland and Dublin City University,protein_groups,proteinGroups.txt,275,LFQ intensity RapiG_4275,P11021,P11021,R4_PMC13106918_RapiG_4,POOLED_HUMAN_PLASMA_8_DONORS,RapiG,true,LFQ_INTENSITY,22549000,POSITIVE_FINITE,true
PMC13106918_RCSI_DCU_SILICA_CORONA,Royal College of Surgeons in Ireland and Dublin City University,protein_groups,proteinGroups.txt,275,LFQ intensity STD_1275,P11021,P11021,R4_PMC13106918_STD_1,POOLED_HUMAN_PLASMA_8_DONORS,STD,true,LFQ_INTENSITY,8109200,POSITIVE_FINITE,true
PMC13106918_RCSI_DCU_SILICA_CORONA,Royal College of Surgeons in Ireland and Dublin City University,protein_groups,proteinGroups.txt,275,LFQ intensity STD_2275,P11021,P11021,R4_PMC13106918_STD_2,POOLED_HUMAN_PLASMA_8_DONORS,STD,true,LFQ_INTENSITY,7562300,POSITIVE_FINITE,true
PMC13106918_RCSI_DCU_SILICA_CORONA,Royal College of Surgeons in Ireland and Dublin City University,protein_groups,proteinGroups.txt,275,LFQ intensity STD_3275,P11021,P11021,R4_PMC13106918_STD_3,POOLED_HUMAN_PLASMA_8_DONORS,STD,true,LFQ_INTENSITY,21421000,POSITIVE_FINITE,true
PMC13106918_RCSI_DCU_SILICA_CORONA,Royal College of Surgeons in Ireland and Dublin City University,protein_groups,proteinGroups.txt,275,LFQ intensity STD_4275,P11021,P11021,R4_PMC13106918_STD_4,POOLED_HUMAN_PLASMA_8_DONORS,STD,true,LFQ_INTENSITY,8983200,POSITIVE_FINITE,true
PMC13106918_RCSI_DCU_SILICA_CORONA,Royal College of Surgeons in Ireland and Dublin City University,protein_groups,proteinGroups.txt,275,LFQ intensity Strap_1275,P11021,P11021,R4_PMC13106918_Strap_1,POOLED_HUMAN_PLASMA_8_DONORS,Strap,true,LFQ_INTENSITY,14885000,POSITIVE_FINITE,true
PMC13106918_RCSI_DCU_SILICA_CORONA,Royal College of Surgeons in Ireland and Dublin City University,protein_groups,proteinGroups.txt,275,LFQ intensity Strap_2275,P11021,P11021,R4_PMC13106918_Strap_2,POOLED_HUMAN_PLASMA_8_DONORS,Strap,true,LFQ_INTENSITY,21128000,POSITIVE_FINITE,true
PMC13106918_RCSI_DCU_SILICA_CORONA,Royal College of Surgeons in Ireland and Dublin City University,protein_groups,proteinGroups.txt,275,LFQ intensity Strap_3275,P11021,P11021,R4_PMC13106918_Strap_3,POOLED_HUMAN_PLASMA_8_DONORS,Strap,true,LFQ_INTENSITY,15722000,POSITIVE_FINITE,true
PMC13106918_RCSI_DCU_SILICA_CORONA,Royal College of Surgeons in Ireland and Dublin City University,protein_groups,proteinGroups.txt,275,LFQ intensity Strap_4275,P11021,P11021,R4_PMC13106918_Strap_4,POOLED_HUMAN_PLASMA_8_DONORS,Strap,true,LFQ_INTENSITY,16964000,POSITIVE_FINITE,true
PMC13106918_RCSI_DCU_SILICA_CORONA,Royal College of Surgeons in Ireland and Dublin City University,protein_groups,proteinGroups.txt,277,LFQ intensity iST_1277,P11166,P11166,R4_PMC13106918_iST_1,POOLED_HUMAN_PLASMA_8_DONORS,iST,true,LFQ_INTENSITY,0,NUMERIC_ZERO,false
PMC13106918_RCSI_DCU_SILICA_CORONA,Royal College of Surgeons in Ireland and Dublin City University,protein_groups,proteinGroups.txt,277,LFQ intensity iST_2277,P11166,P11166,R4_PMC13106918_iST_2,POOLED_HUMAN_PLASMA_8_DONORS,iST,true,LFQ_INTENSITY,0,NUMERIC_ZERO,false
PMC13106918_RCSI_DCU_SILICA_CORONA,Royal College of Surgeons in Ireland and Dublin City University,protein_groups,proteinGroups.txt,277,LFQ intensity iST_3277,P11166,P11166,R4_PMC13106918_iST_3,POOLED_HUMAN_PLASMA_8_DONORS,iST,true,LFQ_INTENSITY,0,NUMERIC_ZERO,false
PMC13106918_RCSI_DCU_SILICA_CORONA,Royal College of Surgeons in Ireland and Dublin City University,protein_groups,proteinGroups.txt,277,LFQ intensity iST_4277,P11166,P11166,R4_PMC13106918_iST_4,POOLED_HUMAN_PLASMA_8_DONORS,iST,true,LFQ_INTENSITY,0,NUMERIC_ZERO,false
PMC13106918_RCSI_DCU_SILICA_CORONA,Royal College of Surgeons in Ireland and Dublin City University,protein_groups,proteinGroups.txt,277,LFQ intensity Pmax_1277,P11166,P11166,R4_PMC13106918_Pmax_1,POOLED_HUMAN_PLASMA_8_DONORS,Pmax,true,LFQ_INTENSITY,0,NUMERIC_ZERO,false
PMC13106918_RCSI_DCU_SILICA_CORONA,Royal College of Surgeons in Ireland and Dublin City University,protein_groups,proteinGroups.txt,277,LFQ intensity Pmax_2277,P11166,P11166,R4_PMC13106918_Pmax_2,POOLED_HUMAN_PLASMA_8_DONORS,Pmax,true,LFQ_INTENSITY,0,NUMERIC_ZERO,false
PMC13106918_RCSI_DCU_SILICA_CORONA,Royal College of Surgeons in Ireland and Dublin City University,protein_groups,proteinGroups.txt,277,LFQ intensity Pmax_3277,P11166,P11166,R4_PMC13106918_Pmax_3,POOLED_HUMAN_PLASMA_8_DONORS,Pmax,true,LFQ_INTENSITY,0,NUMERIC_ZERO,false
PMC13106918_RCSI_DCU_SILICA_CORONA,Royal College of Surgeons in Ireland and Dublin City University,protein_groups,proteinGroups.txt,277,LFQ intensity Pmax_4277,P11166,P11166,R4_PMC13106918_Pmax_4,POOLED_HUMAN_PLASMA_8_DONORS,Pmax,true,LFQ_INTENSITY,0,NUMERIC_ZERO,false
PMC13106918_RCSI_DCU_SILICA_CORONA,Royal College of Surgeons in Ireland and Dublin City University,protein_groups,proteinGroups.txt,277,LFQ intensity RapiG_1277,P11166,P11166,R4_PMC13106918_RapiG_1,POOLED_HUMAN_PLASMA_8_DONORS,RapiG,true,LFQ_INTENSITY,0,NUMERIC_ZERO,false
PMC13106918_RCSI_DCU_SILICA_CORONA,Royal College of Surgeons in Ireland and Dublin City University,protein_groups,proteinGroups.txt,277,LFQ intensity RapiG_2277,P11166,P11166,R4_PMC13106918_RapiG_2,POOLED_HUMAN_PLASMA_8_DONORS,RapiG,true,LFQ_INTENSITY,0,NUMERIC_ZERO,false
PMC13106918_RCSI_DCU_SILICA_CORONA,Royal College of Surgeons in Ireland and Dublin City University,protein_groups,proteinGroups.txt,277,LFQ intensity RapiG_3277,P11166,P11166,R4_PMC13106918_RapiG_3,POOLED_HUMAN_PLASMA_8_DONORS,RapiG,true,LFQ_INTENSITY,0,NUMERIC_ZERO,false
PMC13106918_RCSI_DCU_SILICA_CORONA,Royal College of Surgeons in Ireland and Dublin City University,protein_groups,proteinGroups.txt,277,LFQ intensity RapiG_4277,P11166,P11166,R4_PMC13106918_RapiG_4,POOLED_HUMAN_PLASMA_8_DONORS,RapiG,true,LFQ_INTENSITY,0,NUMERIC_ZERO,false
PMC13106918_RCSI_DCU_SILICA_CORONA,Royal College of Surgeons in Ireland and Dublin City University,protein_groups,proteinGroups.txt,277,LFQ intensity STD_1277,P11166,P11166,R4_PMC13106918_STD_1,POOLED_HUMAN_PLASMA_8_DONORS,STD,true,LFQ_INTENSITY,0,NUMERIC_ZERO,false
PMC13106918_RCSI_DCU_SILICA_CORONA,Royal College of Surgeons in Ireland and Dublin City University,protein_groups,proteinGroups.txt,277,LFQ intensity STD_2277,P11166,P11166,R4_PMC13106918_STD_2,POOLED_HUMAN_PLASMA_8_DONORS,STD,true,LFQ_INTENSITY,0,NUMERIC_ZERO,false
PMC13106918_RCSI_DCU_SILICA_CORONA,Royal College of Surgeons in Ireland and Dublin City University,protein_groups,proteinGroups.txt,277,LFQ intensity STD_3277,P11166,P11166,R4_PMC13106918_STD_3,POOLED_HUMAN_PLASMA_8_DONORS,STD,true,LFQ_INTENSITY,0,NUMERIC_ZERO,false
PMC13106918_RCSI_DCU_SILICA_CORONA,Royal College of Surgeons in Ireland and Dublin City University,protein_groups,proteinGroups.txt,277,LFQ intensity STD_4277,P11166,P11166,R4_PMC13106918_STD_4,POOLED_HUMAN_PLASMA_8_DONORS,STD,true,LFQ_INTENSITY,0,NUMERIC_ZERO,false
PMC13106918_RCSI_DCU_SILICA_CORONA,Royal College of Surgeons in Ireland and Dublin City University,protein_groups,proteinGroups.txt,277,LFQ intensity Strap_1277,P11166,P11166,R4_PMC13106918_Strap_1,POOLED_HUMAN_PLASMA_8_DONORS,Strap,true,LFQ_INTENSITY,0,NUMERIC_ZERO,false
PMC13106918_RCSI_DCU_SILICA_CORONA,Royal College of Surgeons in Ireland and Dublin City University,protein_groups,proteinGroups.txt,277,LFQ intensity Strap_2277,P11166,P11166,R4_PMC13106918_Strap_2,POOLED_HUMAN_PLASMA_8_DONORS,Strap,true,LFQ_INTENSITY,0,NUMERIC_ZERO,false
PMC13106918_RCSI_DCU_SILICA_CORONA,Royal College of Surgeons in Ireland and Dublin City University,protein_groups,proteinGroups.txt,277,LFQ intensity Strap_3277,P11166,P11166,R4_PMC13106918_Strap_3,POOLED_HUMAN_PLASMA_8_DONORS,Strap,true,LFQ_INTENSITY,0,NUMERIC_ZERO,false
PMC13106918_RCSI_DCU_SILICA_CORONA,Royal College of Surgeons in Ireland and Dublin City University,protein_groups,proteinGroups.txt,277,LFQ intensity Strap_4277,P11166,P11166,R4_PMC13106918_Strap_4,POOLED_HUMAN_PLASMA_8_DONORS,Strap,true,LFQ_INTENSITY,0,NUMERIC_ZERO,false
PMC13106918_RCSI_DCU_SILICA_CORONA,Royal College of Surgeons in Ireland and Dublin City University,protein_groups,proteinGroups.txt,279,LFQ intensity iST_1279,P11413,P11413,R4_PMC13106918_iST_1,POOLED_HUMAN_PLASMA_8_DONORS,iST,true,LFQ_INTENSITY,0,NUMERIC_ZERO,false
PMC13106918_RCSI_DCU_SILICA_CORONA,Royal College of Surgeons in Ireland and Dublin City University,protein_groups,proteinGroups.txt,279,LFQ intensity iST_2279,P11413,P11413,R4_PMC13106918_iST_2,POOLED_HUMAN_PLASMA_8_DONORS,iST,true,LFQ_INTENSITY,0,NUMERIC_ZERO,false
PMC13106918_RCSI_DCU_SILICA_CORONA,Royal College of Surgeons in Ireland and Dublin City University,protein_groups,proteinGroups.txt,279,LFQ intensity iST_3279,P11413,P11413,R4_PMC13106918_iST_3,POOLED_HUMAN_PLASMA_8_DONORS,iST,true,LFQ_INTENSITY,0,NUMERIC_ZERO,false
PMC13106918_RCSI_DCU_SILICA_CORONA,Royal College of Surgeons in Ireland and Dublin City University,protein_groups,proteinGroups.txt,279,LFQ intensity iST_4279,P11413,P11413,R4_PMC13106918_iST_4,POOLED_HUMAN_PLASMA_8_DONORS,iST,true,LFQ_INTENSITY,0,NUMERIC_ZERO,false
PMC13106918_RCSI_DCU_SILICA_CORONA,Royal College of Surgeons in Ireland and Dublin City University,protein_groups,proteinGroups.txt,279,LFQ intensity Pmax_1279,P11413,P11413,R4_PMC13106918_Pmax_1,POOLED_HUMAN_PLASMA_8_DONORS,Pmax,true,LFQ_INTENSITY,0,NUMERIC_ZERO,false
PMC13106918_RCSI_DCU_SILICA_CORONA,Royal College of Surgeons in Ireland and Dublin City University,protein_groups,proteinGroups.txt,279,LFQ intensity Pmax_2279,P11413,P11413,R4_PMC13106918_Pmax_2,POOLED_HUMAN_PLASMA_8_DONORS,Pmax,true,LFQ_INTENSITY,0,NUMERIC_ZERO,false
PMC13106918_RCSI_DCU_SILICA_CORONA,Royal College of Surgeons in Ireland and Dublin City University,protein_groups,proteinGroups.txt,279,LFQ intensity Pmax_3279,P11413,P11413,R4_PMC13106918_Pmax_3,POOLED_HUMAN_PLASMA_8_DONORS,Pmax,true,LFQ_INTENSITY,0,NUMERIC_ZERO,false
PMC13106918_RCSI_DCU_SILICA_CORONA,Royal College of Surgeons in Ireland and Dublin City University,protein_groups,proteinGroups.txt,279,LFQ intensity Pmax_4279,P11413,P11413,R4_PMC13106918_Pmax_4,POOLED_HUMAN_PLASMA_8_DONORS,Pmax,true,LFQ_INTENSITY,0,NUMERIC_ZERO,false
PMC13106918_RCSI_DCU_SILICA_CORONA,Royal College of Surgeons in Ireland and Dublin City University,protein_groups,proteinGroups.txt,279,LFQ intensity RapiG_1279,P11413,P11413,R4_PMC13106918_RapiG_1,POOLED_HUMAN_PLASMA_8_DONORS,RapiG,true,LFQ_INTENSITY,0,NUMERIC_ZERO,false
PMC13106918_RCSI_DCU_SILICA_CORONA,Royal College of Surgeons in Ireland and Dublin City University,protein_groups,proteinGroups.txt,279,LFQ intensity RapiG_2279,P11413,P11413,R4_PMC13106918_RapiG_2,POOLED_HUMAN_PLASMA_8_DONORS,RapiG,true,LFQ_INTENSITY,0,NUMERIC_ZERO,false
PMC13106918_RCSI_DCU_SILICA_CORONA,Royal College of Surgeons in Ireland and Dublin City University,protein_groups,proteinGroups.txt,279,LFQ intensity RapiG_3279,P11413,P11413,R4_PMC13106918_RapiG_3,POOLED_HUMAN_PLASMA_8_DONORS,RapiG,true,LFQ_INTENSITY,0,NUMERIC_ZERO,false
PMC13106918_RCSI_DCU_SILICA_CORONA,Royal College of Surgeons in Ireland and Dublin City University,protein_groups,proteinGroups.txt,279,LFQ intensity RapiG_4279,P11413,P11413,R4_PMC13106918_RapiG_4,POOLED_HUMAN_PLASMA_8_DONORS,RapiG,true,LFQ_INTENSITY,0,NUMERIC_ZERO,false
PMC13106918_RCSI_DCU_SILICA_CORONA,Royal College of Surgeons in Ireland and Dublin City University,protein_groups,proteinGroups.txt,279,LFQ intensity STD_1279,P11413,P11413,R4_PMC13106918_STD_1,POOLED_HUMAN_PLASMA_8_DONORS,STD,true,LFQ_INTENSITY,0,NUMERIC_ZERO,false
PMC13106918_RCSI_DCU_SILICA_CORONA,Royal College of Surgeons in Ireland and Dublin City University,protein_groups,proteinGroups.txt,279,LFQ intensity STD_2279,P11413,P11413,R4_PMC13106918_STD_2,POOLED_HUMAN_PLASMA_8_DONORS,STD,true,LFQ_INTENSITY,0,NUMERIC_ZERO,false
PMC13106918_RCSI_DCU_SILICA_CORONA,Royal College of Surgeons in Ireland and Dublin City University,protein_groups,proteinGroups.txt,279,LFQ intensity STD_3279,P11413,P11413,R4_PMC13106918_STD_3,POOLED_HUMAN_PLASMA_8_DONORS,STD,true,LFQ_INTENSITY,0,NUMERIC_ZERO,false
PMC13106918_RCSI_DCU_SILICA_CORONA,Royal College of Surgeons in Ireland and Dublin City University,protein_groups,proteinGroups.txt,279,LFQ intensity STD_4279,P11413,P11413,R4_PMC13106918_STD_4,POOLED_HUMAN_PLASMA_8_DONORS,STD,true,LFQ_INTENSITY,0,NUMERIC_ZERO,false
PMC13106918_RCSI_DCU_SILICA_CORONA,Royal College of Surgeons in Ireland and Dublin City University,protein_groups,proteinGroups.txt,279,LFQ intensity Strap_1279,P11413,P11413,R4_PMC13106918_Strap_1,POOLED_HUMAN_PLASMA_8_DONORS,Strap,true,LFQ_INTENSITY,0,NUMERIC_ZERO,false
PMC13106918_RCSI_DCU_SILICA_CORONA,Royal College of Surgeons in Ireland and Dublin City University,protein_groups,proteinGroups.txt,279,LFQ intensity Strap_2279,P11413,P11413,R4_PMC13106918_Strap_2,POOLED_HUMAN_PLASMA_8_DONORS,Strap,true,LFQ_INTENSITY,0,NUMERIC_ZERO,false
PMC13106918_RCSI_DCU_SILICA_CORONA,Royal College of Surgeons in Ireland and Dublin City University,protein_groups,proteinGroups.txt,279,LFQ intensity Strap_3279,P11413,P11413,R4_PMC13106918_Strap_3,POOLED_HUMAN_PLASMA_8_DONORS,Strap,true,LFQ_INTENSITY,0,NUMERIC_ZERO,false
PMC13106918_RCSI_DCU_SILICA_CORONA,Royal College of Surgeons in Ireland and Dublin City University,protein_groups,proteinGroups.txt,279,LFQ intensity Strap_4279,P11413,P11413,R4_PMC13106918_Strap_4,POOLED_HUMAN_PLASMA_8_DONORS,Strap,true,LFQ_INTENSITY,0,NUMERIC_ZERO,false
PMC13106918_RCSI_DCU_SILICA_CORONA,Royal College of Surgeons in Ireland and Dublin City University,protein_groups,proteinGroups.txt,294,LFQ intensity iST_1294,P13796,P13796,R4_PMC13106918_iST_1,POOLED_HUMAN_PLASMA_8_DONORS,iST,true,LFQ_INTENSITY,0,NUMERIC_ZERO,false
PMC13106918_RCSI_DCU_SILICA_CORONA,Royal College of Surgeons in Ireland and Dublin City University,protein_groups,proteinGroups.txt,294,LFQ intensity iST_2294,P13796,P13796,R4_PMC13106918_iST_2,POOLED_HUMAN_PLASMA_8_DONORS,iST,true,LFQ_INTENSITY,0,NUMERIC_ZERO,false
PMC13106918_RCSI_DCU_SILICA_CORONA,Royal College of Surgeons in Ireland and Dublin City University,protein_groups,proteinGroups.txt,294,LFQ intensity iST_3294,P13796,P13796,R4_PMC13106918_iST_3,POOLED_HUMAN_PLASMA_8_DONORS,iST,true,LFQ_INTENSITY,0,NUMERIC_ZERO,false
PMC13106918_RCSI_DCU_SILICA_CORONA,Royal College of Surgeons in Ireland and Dublin City University,protein_groups,proteinGroups.txt,294,LFQ intensity iST_4294,P13796,P13796,R4_PMC13106918_iST_4,POOLED_HUMAN_PLASMA_8_DONORS,iST,true,LFQ_INTENSITY,0,NUMERIC_ZERO,false
PMC13106918_RCSI_DCU_SILICA_CORONA,Royal College of Surgeons in Ireland and Dublin City University,protein_groups,proteinGroups.txt,294,LFQ intensity Pmax_1294,P13796,P13796,R4_PMC13106918_Pmax_1,POOLED_HUMAN_PLASMA_8_DONORS,Pmax,true,LFQ_INTENSITY,2772300,POSITIVE_FINITE,true
PMC13106918_RCSI_DCU_SILICA_CORONA,Royal College of Surgeons in Ireland and Dublin City University,protein_groups,proteinGroups.txt,294,LFQ intensity Pmax_2294,P13796,P13796,R4_PMC13106918_Pmax_2,POOLED_HUMAN_PLASMA_8_DONORS,Pmax,true,LFQ_INTENSITY,0,NUMERIC_ZERO,false
PMC13106918_RCSI_DCU_SILICA_CORONA,Royal College of Surgeons in Ireland and Dublin City University,protein_groups,proteinGroups.txt,294,LFQ intensity Pmax_3294,P13796,P13796,R4_PMC13106918_Pmax_3,POOLED_HUMAN_PLASMA_8_DONORS,Pmax,true,LFQ_INTENSITY,0,NUMERIC_ZERO,false
PMC13106918_RCSI_DCU_SILICA_CORONA,Royal College of Surgeons in Ireland and Dublin City University,protein_groups,proteinGroups.txt,294,LFQ intensity Pmax_4294,P13796,P13796,R4_PMC13106918_Pmax_4,POOLED_HUMAN_PLASMA_8_DONORS,Pmax,true,LFQ_INTENSITY,0,NUMERIC_ZERO,false
PMC13106918_RCSI_DCU_SILICA_CORONA,Royal College of Surgeons in Ireland and Dublin City University,protein_groups,proteinGroups.txt,294,LFQ intensity RapiG_1294,P13796,P13796,R4_PMC13106918_RapiG_1,POOLED_HUMAN_PLASMA_8_DONORS,RapiG,true,LFQ_INTENSITY,0,NUMERIC_ZERO,false
PMC13106918_RCSI_DCU_SILICA_CORONA,Royal College of Surgeons in Ireland and Dublin City University,protein_groups,proteinGroups.txt,294,LFQ intensity RapiG_2294,P13796,P13796,R4_PMC13106918_RapiG_2,POOLED_HUMAN_PLASMA_8_DONORS,RapiG,true,LFQ_INTENSITY,4209400,POSITIVE_FINITE,true
PMC13106918_RCSI_DCU_SILICA_CORONA,Royal College of Surgeons in Ireland and Dublin City University,protein_groups,proteinGroups.txt,294,LFQ intensity RapiG_3294,P13796,P13796,R4_PMC13106918_RapiG_3,POOLED_HUMAN_PLASMA_8_DONORS,RapiG,true,LFQ_INTENSITY,3606700,POSITIVE_FINITE,true
PMC13106918_RCSI_DCU_SILICA_CORONA,Royal College of Surgeons in Ireland and Dublin City University,protein_groups,proteinGroups.txt,294,LFQ intensity RapiG_4294,P13796,P13796,R4_PMC13106918_RapiG_4,POOLED_HUMAN_PLASMA_8_DONORS,RapiG,true,LFQ_INTENSITY,0,NUMERIC_ZERO,false
PMC13106918_RCSI_DCU_SILICA_CORONA,Royal College of Surgeons in Ireland and Dublin City University,protein_groups,proteinGroups.txt,294,LFQ intensity STD_1294,P13796,P13796,R4_PMC13106918_STD_1,POOLED_HUMAN_PLASMA_8_DONORS,STD,true,LFQ_INTENSITY,0,NUMERIC_ZERO,false
PMC13106918_RCSI_DCU_SILICA_CORONA,Royal College of Surgeons in Ireland and Dublin City University,protein_groups,proteinGroups.txt,294,LFQ intensity STD_2294,P13796,P13796,R4_PMC13106918_STD_2,POOLED_HUMAN_PLASMA_8_DONORS,STD,true,LFQ_INTENSITY,0,NUMERIC_ZERO,false
PMC13106918_RCSI_DCU_SILICA_CORONA,Royal College of Surgeons in Ireland and Dublin City University,protein_groups,proteinGroups.txt,294,LFQ intensity STD_3294,P13796,P13796,R4_PMC13106918_STD_3,POOLED_HUMAN_PLASMA_8_DONORS,STD,true,LFQ_INTENSITY,0,NUMERIC_ZERO,false
PMC13106918_RCSI_DCU_SILICA_CORONA,Royal College of Surgeons in Ireland and Dublin City University,protein_groups,proteinGroups.txt,294,LFQ intensity STD_4294,P13796,P13796,R4_PMC13106918_STD_4,POOLED_HUMAN_PLASMA_8_DONORS,STD,true,LFQ_INTENSITY,0,NUMERIC_ZERO,false
PMC13106918_RCSI_DCU_SILICA_CORONA,Royal College of Surgeons in Ireland and Dublin City University,protein_groups,proteinGroups.txt,294,LFQ intensity Strap_1294,P13796,P13796,R4_PMC13106918_Strap_1,POOLED_HUMAN_PLASMA_8_DONORS,Strap,true,LFQ_INTENSITY,0,NUMERIC_ZERO,false
PMC13106918_RCSI_DCU_SILICA_CORONA,Royal College of Surgeons in Ireland and Dublin City University,protein_groups,proteinGroups.txt,294,LFQ intensity Strap_2294,P13796,P13796,R4_PMC13106918_Strap_2,POOLED_HUMAN_PLASMA_8_DONORS,Strap,true,LFQ_INTENSITY,0,NUMERIC_ZERO,false
PMC13106918_RCSI_DCU_SILICA_CORONA,Royal College of Surgeons in Ireland and Dublin City University,protein_groups,proteinGroups.txt,294,LFQ intensity Strap_3294,P13796,P13796,R4_PMC13106918_Strap_3,POOLED_HUMAN_PLASMA_8_DONORS,Strap,true,LFQ_INTENSITY,0,NUMERIC_ZERO,false
PMC13106918_RCSI_DCU_SILICA_CORONA,Royal College of Surgeons in Ireland and Dublin City University,protein_groups,proteinGroups.txt,294,LFQ intensity Strap_4294,P13796,P13796,R4_PMC13106918_Strap_4,POOLED_HUMAN_PLASMA_8_DONORS,Strap,true,LFQ_INTENSITY,0,NUMERIC_ZERO,false
PMC13106918_RCSI_DCU_SILICA_CORONA,Royal College of Surgeons in Ireland and Dublin City University,protein_groups,proteinGroups.txt,305,LFQ intensity iST_1305,P15531;P22392,P15531,R4_PMC13106918_iST_1,POOLED_HUMAN_PLASMA_8_DONORS,iST,true,LFQ_INTENSITY,3292400,POSITIVE_FINITE,true
PMC13106918_RCSI_DCU_SILICA_CORONA,Royal College of Surgeons in Ireland and Dublin City University,protein_groups,proteinGroups.txt,305,LFQ intensity iST_2305,P15531;P22392,P15531,R4_PMC13106918_iST_2,POOLED_HUMAN_PLASMA_8_DONORS,iST,true,LFQ_INTENSITY,4316000,POSITIVE_FINITE,true
PMC13106918_RCSI_DCU_SILICA_CORONA,Royal College of Surgeons in Ireland and Dublin City University,protein_groups,proteinGroups.txt,305,LFQ intensity iST_3305,P15531;P22392,P15531,R4_PMC13106918_iST_3,POOLED_HUMAN_PLASMA_8_DONORS,iST,true,LFQ_INTENSITY,2694400,POSITIVE_FINITE,true
PMC13106918_RCSI_DCU_SILICA_CORONA,Royal College of Surgeons in Ireland and Dublin City University,protein_groups,proteinGroups.txt,305,LFQ intensity iST_4305,P15531;P22392,P15531,R4_PMC13106918_iST_4,POOLED_HUMAN_PLASMA_8_DONORS,iST,true,LFQ_INTENSITY,3827500,POSITIVE_FINITE,true
PMC13106918_RCSI_DCU_SILICA_CORONA,Royal College of Surgeons in Ireland and Dublin City University,protein_groups,proteinGroups.txt,305,LFQ intensity Pmax_1305,P15531;P22392,P15531,R4_PMC13106918_Pmax_1,POOLED_HUMAN_PLASMA_8_DONORS,Pmax,true,LFQ_INTENSITY,4551700,POSITIVE_FINITE,true
PMC13106918_RCSI_DCU_SILICA_CORONA,Royal College of Surgeons in Ireland and Dublin City University,protein_groups,proteinGroups.txt,305,LFQ intensity Pmax_2305,P15531;P22392,P15531,R4_PMC13106918_Pmax_2,POOLED_HUMAN_PLASMA_8_DONORS,Pmax,true,LFQ_INTENSITY,4023700,POSITIVE_FINITE,true
PMC13106918_RCSI_DCU_SILICA_CORONA,Royal College of Surgeons in Ireland and Dublin City University,protein_groups,proteinGroups.txt,305,LFQ intensity Pmax_3305,P15531;P22392,P15531,R4_PMC13106918_Pmax_3,POOLED_HUMAN_PLASMA_8_DONORS,Pmax,true,LFQ_INTENSITY,5276300,POSITIVE_FINITE,true
PMC13106918_RCSI_DCU_SILICA_CORONA,Royal College of Surgeons in Ireland and Dublin City University,protein_groups,proteinGroups.txt,305,LFQ intensity Pmax_4305,P15531;P22392,P15531,R4_PMC13106918_Pmax_4,POOLED_HUMAN_PLASMA_8_DONORS,Pmax,true,LFQ_INTENSITY,0,NUMERIC_ZERO,false
PMC13106918_RCSI_DCU_SILICA_CORONA,Royal College of Surgeons in Ireland and Dublin City University,protein_groups,proteinGroups.txt,305,LFQ intensity RapiG_1305,P15531;P22392,P15531,R4_PMC13106918_RapiG_1,POOLED_HUMAN_PLASMA_8_DONORS,RapiG,true,LFQ_INTENSITY,2022500,POSITIVE_FINITE,true
PMC13106918_RCSI_DCU_SILICA_CORONA,Royal College of Surgeons in Ireland and Dublin City University,protein_groups,proteinGroups.txt,305,LFQ intensity RapiG_2305,P15531;P22392,P15531,R4_PMC13106918_RapiG_2,POOLED_HUMAN_PLASMA_8_DONORS,RapiG,true,LFQ_INTENSITY,3443300,POSITIVE_FINITE,true
PMC13106918_RCSI_DCU_SILICA_CORONA,Royal College of Surgeons in Ireland and Dublin City University,protein_groups,proteinGroups.txt,305,LFQ intensity RapiG_3305,P15531;P22392,P15531,R4_PMC13106918_RapiG_3,POOLED_HUMAN_PLASMA_8_DONORS,RapiG,true,LFQ_INTENSITY,2191800,POSITIVE_FINITE,true
PMC13106918_RCSI_DCU_SILICA_CORONA,Royal College of Surgeons in Ireland and Dublin City University,protein_groups,proteinGroups.txt,305,LFQ intensity RapiG_4305,P15531;P22392,P15531,R4_PMC13106918_RapiG_4,POOLED_HUMAN_PLASMA_8_DONORS,RapiG,true,LFQ_INTENSITY,1991400,POSITIVE_FINITE,true
PMC13106918_RCSI_DCU_SILICA_CORONA,Royal College of Surgeons in Ireland and Dublin City University,protein_groups,proteinGroups.txt,305,LFQ intensity STD_1305,P15531;P22392,P15531,R4_PMC13106918_STD_1,POOLED_HUMAN_PLASMA_8_DONORS,STD,true,LFQ_INTENSITY,0,NUMERIC_ZERO,false
PMC13106918_RCSI_DCU_SILICA_CORONA,Royal College of Surgeons in Ireland and Dublin City University,protein_groups,proteinGroups.txt,305,LFQ intensity STD_2305,P15531;P22392,P15531,R4_PMC13106918_STD_2,POOLED_HUMAN_PLASMA_8_DONORS,STD,true,LFQ_INTENSITY,0,NUMERIC_ZERO,false
PMC13106918_RCSI_DCU_SILICA_CORONA,Royal College of Surgeons in Ireland and Dublin City University,protein_groups,proteinGroups.txt,305,LFQ intensity STD_3305,P15531;P22392,P15531,R4_PMC13106918_STD_3,POOLED_HUMAN_PLASMA_8_DONORS,STD,true,LFQ_INTENSITY,2234900,POSITIVE_FINITE,true
PMC13106918_RCSI_DCU_SILICA_CORONA,Royal College of Surgeons in Ireland and Dublin City University,protein_groups,proteinGroups.txt,305,LFQ intensity STD_4305,P15531;P22392,P15531,R4_PMC13106918_STD_4,POOLED_HUMAN_PLASMA_8_DONORS,STD,true,LFQ_INTENSITY,0,NUMERIC_ZERO,false
PMC13106918_RCSI_DCU_SILICA_CORONA,Royal College of Surgeons in Ireland and Dublin City University,protein_groups,proteinGroups.txt,305,LFQ intensity Strap_1305,P15531;P22392,P15531,R4_PMC13106918_Strap_1,POOLED_HUMAN_PLASMA_8_DONORS,Strap,true,LFQ_INTENSITY,1319700,POSITIVE_FINITE,true
PMC13106918_RCSI_DCU_SILICA_CORONA,Royal College of Surgeons in Ireland and Dublin City University,protein_groups,proteinGroups.txt,305,LFQ intensity Strap_2305,P15531;P22392,P15531,R4_PMC13106918_Strap_2,POOLED_HUMAN_PLASMA_8_DONORS,Strap,true,LFQ_INTENSITY,1880400,POSITIVE_FINITE,true
PMC13106918_RCSI_DCU_SILICA_CORONA,Royal College of Surgeons in Ireland and Dublin City University,protein_groups,proteinGroups.txt,305,LFQ intensity Strap_3305,P15531;P22392,P15531,R4_PMC13106918_Strap_3,POOLED_HUMAN_PLASMA_8_DONORS,Strap,true,LFQ_INTENSITY,1324100,POSITIVE_FINITE,true
PMC13106918_RCSI_DCU_SILICA_CORONA,Royal College of Surgeons in Ireland and Dublin City University,protein_groups,proteinGroups.txt,305,LFQ intensity Strap_4305,P15531;P22392,P15531,R4_PMC13106918_Strap_4,POOLED_HUMAN_PLASMA_8_DONORS,Strap,true,LFQ_INTENSITY,1530400,POSITIVE_FINITE,true
PMC13106918_RCSI_DCU_SILICA_CORONA,Royal College of Surgeons in Ireland and Dublin City University,protein_groups,proteinGroups.txt,308,LFQ intensity iST_1308,P16615,P16615,R4_PMC13106918_iST_1,POOLED_HUMAN_PLASMA_8_DONORS,iST,true,LFQ_INTENSITY,0,NUMERIC_ZERO,false
PMC13106918_RCSI_DCU_SILICA_CORONA,Royal College of Surgeons in Ireland and Dublin City University,protein_groups,proteinGroups.txt,308,LFQ intensity iST_2308,P16615,P16615,R4_PMC13106918_iST_2,POOLED_HUMAN_PLASMA_8_DONORS,iST,true,LFQ_INTENSITY,0,NUMERIC_ZERO,false
PMC13106918_RCSI_DCU_SILICA_CORONA,Royal College of Surgeons in Ireland and Dublin City University,protein_groups,proteinGroups.txt,308,LFQ intensity iST_3308,P16615,P16615,R4_PMC13106918_iST_3,POOLED_HUMAN_PLASMA_8_DONORS,iST,true,LFQ_INTENSITY,0,NUMERIC_ZERO,false
PMC13106918_RCSI_DCU_SILICA_CORONA,Royal College of Surgeons in Ireland and Dublin City University,protein_groups,proteinGroups.txt,308,LFQ intensity iST_4308,P16615,P16615,R4_PMC13106918_iST_4,POOLED_HUMAN_PLASMA_8_DONORS,iST,true,LFQ_INTENSITY,0,NUMERIC_ZERO,false
PMC13106918_RCSI_DCU_SILICA_CORONA,Royal College of Surgeons in Ireland and Dublin City University,protein_groups,proteinGroups.txt,308,LFQ intensity Pmax_1308,P16615,P16615,R4_PMC13106918_Pmax_1,POOLED_HUMAN_PLASMA_8_DONORS,Pmax,true,LFQ_INTENSITY,0,NUMERIC_ZERO,false
PMC13106918_RCSI_DCU_SILICA_CORONA,Royal College of Surgeons in Ireland and Dublin City University,protein_groups,proteinGroups.txt,308,LFQ intensity Pmax_2308,P16615,P16615,R4_PMC13106918_Pmax_2,POOLED_HUMAN_PLASMA_8_DONORS,Pmax,true,LFQ_INTENSITY,0,NUMERIC_ZERO,false
PMC13106918_RCSI_DCU_SILICA_CORONA,Royal College of Surgeons in Ireland and Dublin City University,protein_groups,proteinGroups.txt,308,LFQ intensity Pmax_3308,P16615,P16615,R4_PMC13106918_Pmax_3,POOLED_HUMAN_PLASMA_8_DONORS,Pmax,true,LFQ_INTENSITY,0,NUMERIC_ZERO,false
PMC13106918_RCSI_DCU_SILICA_CORONA,Royal College of Surgeons in Ireland and Dublin City University,protein_groups,proteinGroups.txt,308,LFQ intensity Pmax_4308,P16615,P16615,R4_PMC13106918_Pmax_4,POOLED_HUMAN_PLASMA_8_DONORS,Pmax,true,LFQ_INTENSITY,0,NUMERIC_ZERO,false
PMC13106918_RCSI_DCU_SILICA_CORONA,Royal College of Surgeons in Ireland and Dublin City University,protein_groups,proteinGroups.txt,308,LFQ intensity RapiG_1308,P16615,P16615,R4_PMC13106918_RapiG_1,POOLED_HUMAN_PLASMA_8_DONORS,RapiG,true,LFQ_INTENSITY,0,NUMERIC_ZERO,false
PMC13106918_RCSI_DCU_SILICA_CORONA,Royal College of Surgeons in Ireland and Dublin City University,protein_groups,proteinGroups.txt,308,LFQ intensity RapiG_2308,P16615,P16615,R4_PMC13106918_RapiG_2,POOLED_HUMAN_PLASMA_8_DONORS,RapiG,true,LFQ_INTENSITY,0,NUMERIC_ZERO,false
PMC13106918_RCSI_DCU_SILICA_CORONA,Royal College of Surgeons in Ireland and Dublin City University,protein_groups,proteinGroups.txt,308,LFQ intensity RapiG_3308,P16615,P16615,R4_PMC13106918_RapiG_3,POOLED_HUMAN_PLASMA_8_DONORS,RapiG,true,LFQ_INTENSITY,0,NUMERIC_ZERO,false
PMC13106918_RCSI_DCU_SILICA_CORONA,Royal College of Surgeons in Ireland and Dublin City University,protein_groups,proteinGroups.txt,308,LFQ intensity RapiG_4308,P16615,P16615,R4_PMC13106918_RapiG_4,POOLED_HUMAN_PLASMA_8_DONORS,RapiG,true,LFQ_INTENSITY,0,NUMERIC_ZERO,false
PMC13106918_RCSI_DCU_SILICA_CORONA,Royal College of Surgeons in Ireland and Dublin City University,protein_groups,proteinGroups.txt,308,LFQ intensity STD_1308,P16615,P16615,R4_PMC13106918_STD_1,POOLED_HUMAN_PLASMA_8_DONORS,STD,true,LFQ_INTENSITY,0,NUMERIC_ZERO,false
PMC13106918_RCSI_DCU_SILICA_CORONA,Royal College of Surgeons in Ireland and Dublin City University,protein_groups,proteinGroups.txt,308,LFQ intensity STD_2308,P16615,P16615,R4_PMC13106918_STD_2,POOLED_HUMAN_PLASMA_8_DONORS,STD,true,LFQ_INTENSITY,0,NUMERIC_ZERO,false
PMC13106918_RCSI_DCU_SILICA_CORONA,Royal College of Surgeons in Ireland and Dublin City University,protein_groups,proteinGroups.txt,308,LFQ intensity STD_3308,P16615,P16615,R4_PMC13106918_STD_3,POOLED_HUMAN_PLASMA_8_DONORS,STD,true,LFQ_INTENSITY,0,NUMERIC_ZERO,false
PMC13106918_RCSI_DCU_SILICA_CORONA,Royal College of Surgeons in Ireland and Dublin City University,protein_groups,proteinGroups.txt,308,LFQ intensity STD_4308,P16615,P16615,R4_PMC13106918_STD_4,POOLED_HUMAN_PLASMA_8_DONORS,STD,true,LFQ_INTENSITY,0,NUMERIC_ZERO,false
PMC13106918_RCSI_DCU_SILICA_CORONA,Royal College of Surgeons in Ireland and Dublin City University,protein_groups,proteinGroups.txt,308,LFQ intensity Strap_1308,P16615,P16615,R4_PMC13106918_Strap_1,POOLED_HUMAN_PLASMA_8_DONORS,Strap,true,LFQ_INTENSITY,0,NUMERIC_ZERO,false
PMC13106918_RCSI_DCU_SILICA_CORONA,Royal College of Surgeons in Ireland and Dublin City University,protein_groups,proteinGroups.txt,308,LFQ intensity Strap_2308,P16615,P16615,R4_PMC13106918_Strap_2,POOLED_HUMAN_PLASMA_8_DONORS,Strap,true,LFQ_INTENSITY,0,NUMERIC_ZERO,false
PMC13106918_RCSI_DCU_SILICA_CORONA,Royal College of Surgeons in Ireland and Dublin City University,protein_groups,proteinGroups.txt,308,LFQ intensity Strap_3308,P16615,P16615,R4_PMC13106918_Strap_3,POOLED_HUMAN_PLASMA_8_DONORS,Strap,true,LFQ_INTENSITY,0,NUMERIC_ZERO,false
PMC13106918_RCSI_DCU_SILICA_CORONA,Royal College of Surgeons in Ireland and Dublin City University,protein_groups,proteinGroups.txt,308,LFQ intensity Strap_4308,P16615,P16615,R4_PMC13106918_Strap_4,POOLED_HUMAN_PLASMA_8_DONORS,Strap,true,LFQ_INTENSITY,0,NUMERIC_ZERO,false
PMC13106918_RCSI_DCU_SILICA_CORONA,Royal College of Surgeons in Ireland and Dublin City University,protein_groups,proteinGroups.txt,328,LFQ intensity iST_1328,P20340;Q9NRW1;Q14964,Q9NRW1,R4_PMC13106918_iST_1,POOLED_HUMAN_PLASMA_8_DONORS,iST,true,LFQ_INTENSITY,0,NUMERIC_ZERO,false
PMC13106918_RCSI_DCU_SILICA_CORONA,Royal College of Surgeons in Ireland and Dublin City University,protein_groups,proteinGroups.txt,328,LFQ intensity iST_2328,P20340;Q9NRW1;Q14964,Q9NRW1,R4_PMC13106918_iST_2,POOLED_HUMAN_PLASMA_8_DONORS,iST,true,LFQ_INTENSITY,0,NUMERIC_ZERO,false
PMC13106918_RCSI_DCU_SILICA_CORONA,Royal College of Surgeons in Ireland and Dublin City University,protein_groups,proteinGroups.txt,328,LFQ intensity iST_3328,P20340;Q9NRW1;Q14964,Q9NRW1,R4_PMC13106918_iST_3,POOLED_HUMAN_PLASMA_8_DONORS,iST,true,LFQ_INTENSITY,0,NUMERIC_ZERO,false
PMC13106918_RCSI_DCU_SILICA_CORONA,Royal College of Surgeons in Ireland and Dublin City University,protein_groups,proteinGroups.txt,328,LFQ intensity iST_4328,P20340;Q9NRW1;Q14964,Q9NRW1,R4_PMC13106918_iST_4,POOLED_HUMAN_PLASMA_8_DONORS,iST,true,LFQ_INTENSITY,0,NUMERIC_ZERO,false
PMC13106918_RCSI_DCU_SILICA_CORONA,Royal College of Surgeons in Ireland and Dublin City University,protein_groups,proteinGroups.txt,328,LFQ intensity Pmax_1328,P20340;Q9NRW1;Q14964,Q9NRW1,R4_PMC13106918_Pmax_1,POOLED_HUMAN_PLASMA_8_DONORS,Pmax,true,LFQ_INTENSITY,0,NUMERIC_ZERO,false
PMC13106918_RCSI_DCU_SILICA_CORONA,Royal College of Surgeons in Ireland and Dublin City University,protein_groups,proteinGroups.txt,328,LFQ intensity Pmax_2328,P20340;Q9NRW1;Q14964,Q9NRW1,R4_PMC13106918_Pmax_2,POOLED_HUMAN_PLASMA_8_DONORS,Pmax,true,LFQ_INTENSITY,0,NUMERIC_ZERO,false
PMC13106918_RCSI_DCU_SILICA_CORONA,Royal College of Surgeons in Ireland and Dublin City University,protein_groups,proteinGroups.txt,328,LFQ intensity Pmax_3328,P20340;Q9NRW1;Q14964,Q9NRW1,R4_PMC13106918_Pmax_3,POOLED_HUMAN_PLASMA_8_DONORS,Pmax,true,LFQ_INTENSITY,0,NUMERIC_ZERO,false
PMC13106918_RCSI_DCU_SILICA_CORONA,Royal College of Surgeons in Ireland and Dublin City University,protein_groups,proteinGroups.txt,328,LFQ intensity Pmax_4328,P20340;Q9NRW1;Q14964,Q9NRW1,R4_PMC13106918_Pmax_4,POOLED_HUMAN_PLASMA_8_DONORS,Pmax,true,LFQ_INTENSITY,0,NUMERIC_ZERO,false
PMC13106918_RCSI_DCU_SILICA_CORONA,Royal College of Surgeons in Ireland and Dublin City University,protein_groups,proteinGroups.txt,328,LFQ intensity RapiG_1328,P20340;Q9NRW1;Q14964,Q9NRW1,R4_PMC13106918_RapiG_1,POOLED_HUMAN_PLASMA_8_DONORS,RapiG,true,LFQ_INTENSITY,0,NUMERIC_ZERO,false
PMC13106918_RCSI_DCU_SILICA_CORONA,Royal College of Surgeons in Ireland and Dublin City University,protein_groups,proteinGroups.txt,328,LFQ intensity RapiG_2328,P20340;Q9NRW1;Q14964,Q9NRW1,R4_PMC13106918_RapiG_2,POOLED_HUMAN_PLASMA_8_DONORS,RapiG,true,LFQ_INTENSITY,0,NUMERIC_ZERO,false
PMC13106918_RCSI_DCU_SILICA_CORONA,Royal College of Surgeons in Ireland and Dublin City University,protein_groups,proteinGroups.txt,328,LFQ intensity RapiG_3328,P20340;Q9NRW1;Q14964,Q9NRW1,R4_PMC13106918_RapiG_3,POOLED_HUMAN_PLASMA_8_DONORS,RapiG,true,LFQ_INTENSITY,0,NUMERIC_ZERO,false
PMC13106918_RCSI_DCU_SILICA_CORONA,Royal College of Surgeons in Ireland and Dublin City University,protein_groups,proteinGroups.txt,328,LFQ intensity RapiG_4328,P20340;Q9NRW1;Q14964,Q9NRW1,R4_PMC13106918_RapiG_4,POOLED_HUMAN_PLASMA_8_DONORS,RapiG,true,LFQ_INTENSITY,0,NUMERIC_ZERO,false
PMC13106918_RCSI_DCU_SILICA_CORONA,Royal College of Surgeons in Ireland and Dublin City University,protein_groups,proteinGroups.txt,328,LFQ intensity STD_1328,P20340;Q9NRW1;Q14964,Q9NRW1,R4_PMC13106918_STD_1,POOLED_HUMAN_PLASMA_8_DONORS,STD,true,LFQ_INTENSITY,0,NUMERIC_ZERO,false
PMC13106918_RCSI_DCU_SILICA_CORONA,Royal College of Surgeons in Ireland and Dublin City University,protein_groups,proteinGroups.txt,328,LFQ intensity STD_2328,P20340;Q9NRW1;Q14964,Q9NRW1,R4_PMC13106918_STD_2,POOLED_HUMAN_PLASMA_8_DONORS,STD,true,LFQ_INTENSITY,0,NUMERIC_ZERO,false
PMC13106918_RCSI_DCU_SILICA_CORONA,Royal College of Surgeons in Ireland and Dublin City University,protein_groups,proteinGroups.txt,328,LFQ intensity STD_3328,P20340;Q9NRW1;Q14964,Q9NRW1,R4_PMC13106918_STD_3,POOLED_HUMAN_PLASMA_8_DONORS,STD,true,LFQ_INTENSITY,0,NUMERIC_ZERO,false
PMC13106918_RCSI_DCU_SILICA_CORONA,Royal College of Surgeons in Ireland and Dublin City University,protein_groups,proteinGroups.txt,328,LFQ intensity STD_4328,P20340;Q9NRW1;Q14964,Q9NRW1,R4_PMC13106918_STD_4,POOLED_HUMAN_PLASMA_8_DONORS,STD,true,LFQ_INTENSITY,0,NUMERIC_ZERO,false
PMC13106918_RCSI_DCU_SILICA_CORONA,Royal College of Surgeons in Ireland and Dublin City University,protein_groups,proteinGroups.txt,328,LFQ intensity Strap_1328,P20340;Q9NRW1;Q14964,Q9NRW1,R4_PMC13106918_Strap_1,POOLED_HUMAN_PLASMA_8_DONORS,Strap,true,LFQ_INTENSITY,0,NUMERIC_ZERO,false
PMC13106918_RCSI_DCU_SILICA_CORONA,Royal College of Surgeons in Ireland and Dublin City University,protein_groups,proteinGroups.txt,328,LFQ intensity Strap_2328,P20340;Q9NRW1;Q14964,Q9NRW1,R4_PMC13106918_Strap_2,POOLED_HUMAN_PLASMA_8_DONORS,Strap,true,LFQ_INTENSITY,0,NUMERIC_ZERO,false
PMC13106918_RCSI_DCU_SILICA_CORONA,Royal College of Surgeons in Ireland and Dublin City University,protein_groups,proteinGroups.txt,328,LFQ intensity Strap_3328,P20340;Q9NRW1;Q14964,Q9NRW1,R4_PMC13106918_Strap_3,POOLED_HUMAN_PLASMA_8_DONORS,Strap,true,LFQ_INTENSITY,0,NUMERIC_ZERO,false
PMC13106918_RCSI_DCU_SILICA_CORONA,Royal College of Surgeons in Ireland and Dublin City University,protein_groups,proteinGroups.txt,328,LFQ intensity Strap_4328,P20340;Q9NRW1;Q14964,Q9NRW1,R4_PMC13106918_Strap_4,POOLED_HUMAN_PLASMA_8_DONORS,Strap,true,LFQ_INTENSITY,0,NUMERIC_ZERO,false
PMC13106918_RCSI_DCU_SILICA_CORONA,Royal College of Surgeons in Ireland and Dublin City University,protein_groups,proteinGroups.txt,336,LFQ intensity iST_1336,P21796,P21796,R4_PMC13106918_iST_1,POOLED_HUMAN_PLASMA_8_DONORS,iST,true,LFQ_INTENSITY,3284500,POSITIVE_FINITE,true
PMC13106918_RCSI_DCU_SILICA_CORONA,Royal College of Surgeons in Ireland and Dublin City University,protein_groups,proteinGroups.txt,336,LFQ intensity iST_2336,P21796,P21796,R4_PMC13106918_iST_2,POOLED_HUMAN_PLASMA_8_DONORS,iST,true,LFQ_INTENSITY,0,NUMERIC_ZERO,false
PMC13106918_RCSI_DCU_SILICA_CORONA,Royal College of Surgeons in Ireland and Dublin City University,protein_groups,proteinGroups.txt,336,LFQ intensity iST_3336,P21796,P21796,R4_PMC13106918_iST_3,POOLED_HUMAN_PLASMA_8_DONORS,iST,true,LFQ_INTENSITY,0,NUMERIC_ZERO,false
PMC13106918_RCSI_DCU_SILICA_CORONA,Royal College of Surgeons in Ireland and Dublin City University,protein_groups,proteinGroups.txt,336,LFQ intensity iST_4336,P21796,P21796,R4_PMC13106918_iST_4,POOLED_HUMAN_PLASMA_8_DONORS,iST,true,LFQ_INTENSITY,0,NUMERIC_ZERO,false
PMC13106918_RCSI_DCU_SILICA_CORONA,Royal College of Surgeons in Ireland and Dublin City University,protein_groups,proteinGroups.txt,336,LFQ intensity Pmax_1336,P21796,P21796,R4_PMC13106918_Pmax_1,POOLED_HUMAN_PLASMA_8_DONORS,Pmax,true,LFQ_INTENSITY,5358300,POSITIVE_FINITE,true
PMC13106918_RCSI_DCU_SILICA_CORONA,Royal College of Surgeons in Ireland and Dublin City University,protein_groups,proteinGroups.txt,336,LFQ intensity Pmax_2336,P21796,P21796,R4_PMC13106918_Pmax_2,POOLED_HUMAN_PLASMA_8_DONORS,Pmax,true,LFQ_INTENSITY,0,NUMERIC_ZERO,false
PMC13106918_RCSI_DCU_SILICA_CORONA,Royal College of Surgeons in Ireland and Dublin City University,protein_groups,proteinGroups.txt,336,LFQ intensity Pmax_3336,P21796,P21796,R4_PMC13106918_Pmax_3,POOLED_HUMAN_PLASMA_8_DONORS,Pmax,true,LFQ_INTENSITY,0,NUMERIC_ZERO,false
PMC13106918_RCSI_DCU_SILICA_CORONA,Royal College of Surgeons in Ireland and Dublin City University,protein_groups,proteinGroups.txt,336,LFQ intensity Pmax_4336,P21796,P21796,R4_PMC13106918_Pmax_4,POOLED_HUMAN_PLASMA_8_DONORS,Pmax,true,LFQ_INTENSITY,0,NUMERIC_ZERO,false
PMC13106918_RCSI_DCU_SILICA_CORONA,Royal College of Surgeons in Ireland and Dublin City University,protein_groups,proteinGroups.txt,336,LFQ intensity RapiG_1336,P21796,P21796,R4_PMC13106918_RapiG_1,POOLED_HUMAN_PLASMA_8_DONORS,RapiG,true,LFQ_INTENSITY,0,NUMERIC_ZERO,false
PMC13106918_RCSI_DCU_SILICA_CORONA,Royal College of Surgeons in Ireland and Dublin City University,protein_groups,proteinGroups.txt,336,LFQ intensity RapiG_2336,P21796,P21796,R4_PMC13106918_RapiG_2,POOLED_HUMAN_PLASMA_8_DONORS,RapiG,true,LFQ_INTENSITY,0,NUMERIC_ZERO,false
PMC13106918_RCSI_DCU_SILICA_CORONA,Royal College of Surgeons in Ireland and Dublin City University,protein_groups,proteinGroups.txt,336,LFQ intensity RapiG_3336,P21796,P21796,R4_PMC13106918_RapiG_3,POOLED_HUMAN_PLASMA_8_DONORS,RapiG,true,LFQ_INTENSITY,0,NUMERIC_ZERO,false
PMC13106918_RCSI_DCU_SILICA_CORONA,Royal College of Surgeons in Ireland and Dublin City University,protein_groups,proteinGroups.txt,336,LFQ intensity RapiG_4336,P21796,P21796,R4_PMC13106918_RapiG_4,POOLED_HUMAN_PLASMA_8_DONORS,RapiG,true,LFQ_INTENSITY,3129000,POSITIVE_FINITE,true
PMC13106918_RCSI_DCU_SILICA_CORONA,Royal College of Surgeons in Ireland and Dublin City University,protein_groups,proteinGroups.txt,336,LFQ intensity STD_1336,P21796,P21796,R4_PMC13106918_STD_1,POOLED_HUMAN_PLASMA_8_DONORS,STD,true,LFQ_INTENSITY,0,NUMERIC_ZERO,false
PMC13106918_RCSI_DCU_SILICA_CORONA,Royal College of Surgeons in Ireland and Dublin City University,protein_groups,proteinGroups.txt,336,LFQ intensity STD_2336,P21796,P21796,R4_PMC13106918_STD_2,POOLED_HUMAN_PLASMA_8_DONORS,STD,true,LFQ_INTENSITY,0,NUMERIC_ZERO,false
PMC13106918_RCSI_DCU_SILICA_CORONA,Royal College of Surgeons in Ireland and Dublin City University,protein_groups,proteinGroups.txt,336,LFQ intensity STD_3336,P21796,P21796,R4_PMC13106918_STD_3,POOLED_HUMAN_PLASMA_8_DONORS,STD,true,LFQ_INTENSITY,0,NUMERIC_ZERO,false
PMC13106918_RCSI_DCU_SILICA_CORONA,Royal College of Surgeons in Ireland and Dublin City University,protein_groups,proteinGroups.txt,336,LFQ intensity STD_4336,P21796,P21796,R4_PMC13106918_STD_4,POOLED_HUMAN_PLASMA_8_DONORS,STD,true,LFQ_INTENSITY,0,NUMERIC_ZERO,false
PMC13106918_RCSI_DCU_SILICA_CORONA,Royal College of Surgeons in Ireland and Dublin City University,protein_groups,proteinGroups.txt,336,LFQ intensity Strap_1336,P21796,P21796,R4_PMC13106918_Strap_1,POOLED_HUMAN_PLASMA_8_DONORS,Strap,true,LFQ_INTENSITY,0,NUMERIC_ZERO,false
PMC13106918_RCSI_DCU_SILICA_CORONA,Royal College of Surgeons in Ireland and Dublin City University,protein_groups,proteinGroups.txt,336,LFQ intensity Strap_2336,P21796,P21796,R4_PMC13106918_Strap_2,POOLED_HUMAN_PLASMA_8_DONORS,Strap,true,LFQ_INTENSITY,0,NUMERIC_ZERO,false
PMC13106918_RCSI_DCU_SILICA_CORONA,Royal College of Surgeons in Ireland and Dublin City University,protein_groups,proteinGroups.txt,336,LFQ intensity Strap_3336,P21796,P21796,R4_PMC13106918_Strap_3,POOLED_HUMAN_PLASMA_8_DONORS,Strap,true,LFQ_INTENSITY,0,NUMERIC_ZERO,false
PMC13106918_RCSI_DCU_SILICA_CORONA,Royal College of Surgeons in Ireland and Dublin City University,protein_groups,proteinGroups.txt,336,LFQ intensity Strap_4336,P21796,P21796,R4_PMC13106918_Strap_4,POOLED_HUMAN_PLASMA_8_DONORS,Strap,true,LFQ_INTENSITY,4271300,POSITIVE_FINITE,true
PMC13106918_RCSI_DCU_SILICA_CORONA,Royal College of Surgeons in Ireland and Dublin City University,protein_groups,proteinGroups.txt,346,LFQ intensity iST_1346,P23284,P23284,R4_PMC13106918_iST_1,POOLED_HUMAN_PLASMA_8_DONORS,iST,true,LFQ_INTENSITY,5448400,POSITIVE_FINITE,true
PMC13106918_RCSI_DCU_SILICA_CORONA,Royal College of Surgeons in Ireland and Dublin City University,protein_groups,proteinGroups.txt,346,LFQ intensity iST_2346,P23284,P23284,R4_PMC13106918_iST_2,POOLED_HUMAN_PLASMA_8_DONORS,iST,true,LFQ_INTENSITY,5244000,POSITIVE_FINITE,true
PMC13106918_RCSI_DCU_SILICA_CORONA,Royal College of Surgeons in Ireland and Dublin City University,protein_groups,proteinGroups.txt,346,LFQ intensity iST_3346,P23284,P23284,R4_PMC13106918_iST_3,POOLED_HUMAN_PLASMA_8_DONORS,iST,true,LFQ_INTENSITY,4110400,POSITIVE_FINITE,true
PMC13106918_RCSI_DCU_SILICA_CORONA,Royal College of Surgeons in Ireland and Dublin City University,protein_groups,proteinGroups.txt,346,LFQ intensity iST_4346,P23284,P23284,R4_PMC13106918_iST_4,POOLED_HUMAN_PLASMA_8_DONORS,iST,true,LFQ_INTENSITY,7442300,POSITIVE_FINITE,true
PMC13106918_RCSI_DCU_SILICA_CORONA,Royal College of Surgeons in Ireland and Dublin City University,protein_groups,proteinGroups.txt,346,LFQ intensity Pmax_1346,P23284,P23284,R4_PMC13106918_Pmax_1,POOLED_HUMAN_PLASMA_8_DONORS,Pmax,true,LFQ_INTENSITY,0,NUMERIC_ZERO,false
PMC13106918_RCSI_DCU_SILICA_CORONA,Royal College of Surgeons in Ireland and Dublin City University,protein_groups,proteinGroups.txt,346,LFQ intensity Pmax_2346,P23284,P23284,R4_PMC13106918_Pmax_2,POOLED_HUMAN_PLASMA_8_DONORS,Pmax,true,LFQ_INTENSITY,0,NUMERIC_ZERO,false
PMC13106918_RCSI_DCU_SILICA_CORONA,Royal College of Surgeons in Ireland and Dublin City University,protein_groups,proteinGroups.txt,346,LFQ intensity Pmax_3346,P23284,P23284,R4_PMC13106918_Pmax_3,POOLED_HUMAN_PLASMA_8_DONORS,Pmax,true,LFQ_INTENSITY,4958200,POSITIVE_FINITE,true
PMC13106918_RCSI_DCU_SILICA_CORONA,Royal College of Surgeons in Ireland and Dublin City University,protein_groups,proteinGroups.txt,346,LFQ intensity Pmax_4346,P23284,P23284,R4_PMC13106918_Pmax_4,POOLED_HUMAN_PLASMA_8_DONORS,Pmax,true,LFQ_INTENSITY,0,NUMERIC_ZERO,false
PMC13106918_RCSI_DCU_SILICA_CORONA,Royal College of Surgeons in Ireland and Dublin City University,protein_groups,proteinGroups.txt,346,LFQ intensity RapiG_1346,P23284,P23284,R4_PMC13106918_RapiG_1,POOLED_HUMAN_PLASMA_8_DONORS,RapiG,true,LFQ_INTENSITY,0,NUMERIC_ZERO,false
PMC13106918_RCSI_DCU_SILICA_CORONA,Royal College of Surgeons in Ireland and Dublin City University,protein_groups,proteinGroups.txt,346,LFQ intensity RapiG_2346,P23284,P23284,R4_PMC13106918_RapiG_2,POOLED_HUMAN_PLASMA_8_DONORS,RapiG,true,LFQ_INTENSITY,5120400,POSITIVE_FINITE,true
PMC13106918_RCSI_DCU_SILICA_CORONA,Royal College of Surgeons in Ireland and Dublin City University,protein_groups,proteinGroups.txt,346,LFQ intensity RapiG_3346,P23284,P23284,R4_PMC13106918_RapiG_3,POOLED_HUMAN_PLASMA_8_DONORS,RapiG,true,LFQ_INTENSITY,0,NUMERIC_ZERO,false
PMC13106918_RCSI_DCU_SILICA_CORONA,Royal College of Surgeons in Ireland and Dublin City University,protein_groups,proteinGroups.txt,346,LFQ intensity RapiG_4346,P23284,P23284,R4_PMC13106918_RapiG_4,POOLED_HUMAN_PLASMA_8_DONORS,RapiG,true,LFQ_INTENSITY,0,NUMERIC_ZERO,false
PMC13106918_RCSI_DCU_SILICA_CORONA,Royal College of Surgeons in Ireland and Dublin City University,protein_groups,proteinGroups.txt,346,LFQ intensity STD_1346,P23284,P23284,R4_PMC13106918_STD_1,POOLED_HUMAN_PLASMA_8_DONORS,STD,true,LFQ_INTENSITY,0,NUMERIC_ZERO,false
PMC13106918_RCSI_DCU_SILICA_CORONA,Royal College of Surgeons in Ireland and Dublin City University,protein_groups,proteinGroups.txt,346,LFQ intensity STD_2346,P23284,P23284,R4_PMC13106918_STD_2,POOLED_HUMAN_PLASMA_8_DONORS,STD,true,LFQ_INTENSITY,0,NUMERIC_ZERO,false
PMC13106918_RCSI_DCU_SILICA_CORONA,Royal College of Surgeons in Ireland and Dublin City University,protein_groups,proteinGroups.txt,346,LFQ intensity STD_3346,P23284,P23284,R4_PMC13106918_STD_3,POOLED_HUMAN_PLASMA_8_DONORS,STD,true,LFQ_INTENSITY,0,NUMERIC_ZERO,false
PMC13106918_RCSI_DCU_SILICA_CORONA,Royal College of Surgeons in Ireland and Dublin City University,protein_groups,proteinGroups.txt,346,LFQ intensity STD_4346,P23284,P23284,R4_PMC13106918_STD_4,POOLED_HUMAN_PLASMA_8_DONORS,STD,true,LFQ_INTENSITY,0,NUMERIC_ZERO,false
PMC13106918_RCSI_DCU_SILICA_CORONA,Royal College of Surgeons in Ireland and Dublin City University,protein_groups,proteinGroups.txt,346,LFQ intensity Strap_1346,P23284,P23284,R4_PMC13106918_Strap_1,POOLED_HUMAN_PLASMA_8_DONORS,Strap,true,LFQ_INTENSITY,0,NUMERIC_ZERO,false
PMC13106918_RCSI_DCU_SILICA_CORONA,Royal College of Surgeons in Ireland and Dublin City University,protein_groups,proteinGroups.txt,346,LFQ intensity Strap_2346,P23284,P23284,R4_PMC13106918_Strap_2,POOLED_HUMAN_PLASMA_8_DONORS,Strap,true,LFQ_INTENSITY,3742600,POSITIVE_FINITE,true
PMC13106918_RCSI_DCU_SILICA_CORONA,Royal College of Surgeons in Ireland and Dublin City University,protein_groups,proteinGroups.txt,346,LFQ intensity Strap_3346,P23284,P23284,R4_PMC13106918_Strap_3,POOLED_HUMAN_PLASMA_8_DONORS,Strap,true,LFQ_INTENSITY,3207700,POSITIVE_FINITE,true
PMC13106918_RCSI_DCU_SILICA_CORONA,Royal College of Surgeons in Ireland and Dublin City University,protein_groups,proteinGroups.txt,346,LFQ intensity Strap_4346,P23284,P23284,R4_PMC13106918_Strap_4,POOLED_HUMAN_PLASMA_8_DONORS,Strap,true,LFQ_INTENSITY,0,NUMERIC_ZERO,false
PMC13106918_RCSI_DCU_SILICA_CORONA,Royal College of Surgeons in Ireland and Dublin City University,protein_groups,proteinGroups.txt,362,LFQ intensity iST_1362,P26038,P26038,R4_PMC13106918_iST_1,POOLED_HUMAN_PLASMA_8_DONORS,iST,true,LFQ_INTENSITY,11179000,POSITIVE_FINITE,true
PMC13106918_RCSI_DCU_SILICA_CORONA,Royal College of Surgeons in Ireland and Dublin City University,protein_groups,proteinGroups.txt,362,LFQ intensity iST_2362,P26038,P26038,R4_PMC13106918_iST_2,POOLED_HUMAN_PLASMA_8_DONORS,iST,true,LFQ_INTENSITY,10739000,POSITIVE_FINITE,true
PMC13106918_RCSI_DCU_SILICA_CORONA,Royal College of Surgeons in Ireland and Dublin City University,protein_groups,proteinGroups.txt,362,LFQ intensity iST_3362,P26038,P26038,R4_PMC13106918_iST_3,POOLED_HUMAN_PLASMA_8_DONORS,iST,true,LFQ_INTENSITY,8449400,POSITIVE_FINITE,true
PMC13106918_RCSI_DCU_SILICA_CORONA,Royal College of Surgeons in Ireland and Dublin City University,protein_groups,proteinGroups.txt,362,LFQ intensity iST_4362,P26038,P26038,R4_PMC13106918_iST_4,POOLED_HUMAN_PLASMA_8_DONORS,iST,true,LFQ_INTENSITY,11982000,POSITIVE_FINITE,true
PMC13106918_RCSI_DCU_SILICA_CORONA,Royal College of Surgeons in Ireland and Dublin City University,protein_groups,proteinGroups.txt,362,LFQ intensity Pmax_1362,P26038,P26038,R4_PMC13106918_Pmax_1,POOLED_HUMAN_PLASMA_8_DONORS,Pmax,true,LFQ_INTENSITY,11268000,POSITIVE_FINITE,true
PMC13106918_RCSI_DCU_SILICA_CORONA,Royal College of Surgeons in Ireland and Dublin City University,protein_groups,proteinGroups.txt,362,LFQ intensity Pmax_2362,P26038,P26038,R4_PMC13106918_Pmax_2,POOLED_HUMAN_PLASMA_8_DONORS,Pmax,true,LFQ_INTENSITY,30847000,POSITIVE_FINITE,true
PMC13106918_RCSI_DCU_SILICA_CORONA,Royal College of Surgeons in Ireland and Dublin City University,protein_groups,proteinGroups.txt,362,LFQ intensity Pmax_3362,P26038,P26038,R4_PMC13106918_Pmax_3,POOLED_HUMAN_PLASMA_8_DONORS,Pmax,true,LFQ_INTENSITY,14228000,POSITIVE_FINITE,true
PMC13106918_RCSI_DCU_SILICA_CORONA,Royal College of Surgeons in Ireland and Dublin City University,protein_groups,proteinGroups.txt,362,LFQ intensity Pmax_4362,P26038,P26038,R4_PMC13106918_Pmax_4,POOLED_HUMAN_PLASMA_8_DONORS,Pmax,true,LFQ_INTENSITY,12432000,POSITIVE_FINITE,true
PMC13106918_RCSI_DCU_SILICA_CORONA,Royal College of Surgeons in Ireland and Dublin City University,protein_groups,proteinGroups.txt,362,LFQ intensity RapiG_1362,P26038,P26038,R4_PMC13106918_RapiG_1,POOLED_HUMAN_PLASMA_8_DONORS,RapiG,true,LFQ_INTENSITY,6763500,POSITIVE_FINITE,true
PMC13106918_RCSI_DCU_SILICA_CORONA,Royal College of Surgeons in Ireland and Dublin City University,protein_groups,proteinGroups.txt,362,LFQ intensity RapiG_2362,P26038,P26038,R4_PMC13106918_RapiG_2,POOLED_HUMAN_PLASMA_8_DONORS,RapiG,true,LFQ_INTENSITY,8517200,POSITIVE_FINITE,true
PMC13106918_RCSI_DCU_SILICA_CORONA,Royal College of Surgeons in Ireland and Dublin City University,protein_groups,proteinGroups.txt,362,LFQ intensity RapiG_3362,P26038,P26038,R4_PMC13106918_RapiG_3,POOLED_HUMAN_PLASMA_8_DONORS,RapiG,true,LFQ_INTENSITY,9178700,POSITIVE_FINITE,true
PMC13106918_RCSI_DCU_SILICA_CORONA,Royal College of Surgeons in Ireland and Dublin City University,protein_groups,proteinGroups.txt,362,LFQ intensity RapiG_4362,P26038,P26038,R4_PMC13106918_RapiG_4,POOLED_HUMAN_PLASMA_8_DONORS,RapiG,true,LFQ_INTENSITY,7423400,POSITIVE_FINITE,true
PMC13106918_RCSI_DCU_SILICA_CORONA,Royal College of Surgeons in Ireland and Dublin City University,protein_groups,proteinGroups.txt,362,LFQ intensity STD_1362,P26038,P26038,R4_PMC13106918_STD_1,POOLED_HUMAN_PLASMA_8_DONORS,STD,true,LFQ_INTENSITY,0,NUMERIC_ZERO,false
PMC13106918_RCSI_DCU_SILICA_CORONA,Royal College of Surgeons in Ireland and Dublin City University,protein_groups,proteinGroups.txt,362,LFQ intensity STD_2362,P26038,P26038,R4_PMC13106918_STD_2,POOLED_HUMAN_PLASMA_8_DONORS,STD,true,LFQ_INTENSITY,9231000,POSITIVE_FINITE,true
PMC13106918_RCSI_DCU_SILICA_CORONA,Royal College of Surgeons in Ireland and Dublin City University,protein_groups,proteinGroups.txt,362,LFQ intensity STD_3362,P26038,P26038,R4_PMC13106918_STD_3,POOLED_HUMAN_PLASMA_8_DONORS,STD,true,LFQ_INTENSITY,5902400,POSITIVE_FINITE,true
PMC13106918_RCSI_DCU_SILICA_CORONA,Royal College of Surgeons in Ireland and Dublin City University,protein_groups,proteinGroups.txt,362,LFQ intensity STD_4362,P26038,P26038,R4_PMC13106918_STD_4,POOLED_HUMAN_PLASMA_8_DONORS,STD,true,LFQ_INTENSITY,8145600,POSITIVE_FINITE,true
PMC13106918_RCSI_DCU_SILICA_CORONA,Royal College of Surgeons in Ireland and Dublin City University,protein_groups,proteinGroups.txt,362,LFQ intensity Strap_1362,P26038,P26038,R4_PMC13106918_Strap_1,POOLED_HUMAN_PLASMA_8_DONORS,Strap,true,LFQ_INTENSITY,3604100,POSITIVE_FINITE,true
PMC13106918_RCSI_DCU_SILICA_CORONA,Royal College of Surgeons in Ireland and Dublin City University,protein_groups,proteinGroups.txt,362,LFQ intensity Strap_2362,P26038,P26038,R4_PMC13106918_Strap_2,POOLED_HUMAN_PLASMA_8_DONORS,Strap,true,LFQ_INTENSITY,4391100,POSITIVE_FINITE,true
PMC13106918_RCSI_DCU_SILICA_CORONA,Royal College of Surgeons in Ireland and Dublin City University,protein_groups,proteinGroups.txt,362,LFQ intensity Strap_3362,P26038,P26038,R4_PMC13106918_Strap_3,POOLED_HUMAN_PLASMA_8_DONORS,Strap,true,LFQ_INTENSITY,3890500,POSITIVE_FINITE,true
PMC13106918_RCSI_DCU_SILICA_CORONA,Royal College of Surgeons in Ireland and Dublin City University,protein_groups,proteinGroups.txt,362,LFQ intensity Strap_4362,P26038,P26038,R4_PMC13106918_Strap_4,POOLED_HUMAN_PLASMA_8_DONORS,Strap,true,LFQ_INTENSITY,4898000,POSITIVE_FINITE,true
PMC13106918_RCSI_DCU_SILICA_CORONA,Royal College of Surgeons in Ireland and Dublin City University,protein_groups,proteinGroups.txt,366,LFQ intensity iST_1366,P26641,P26641,R4_PMC13106918_iST_1,POOLED_HUMAN_PLASMA_8_DONORS,iST,true,LFQ_INTENSITY,9649300,POSITIVE_FINITE,true
PMC13106918_RCSI_DCU_SILICA_CORONA,Royal College of Surgeons in Ireland and Dublin City University,protein_groups,proteinGroups.txt,366,LFQ intensity iST_2366,P26641,P26641,R4_PMC13106918_iST_2,POOLED_HUMAN_PLASMA_8_DONORS,iST,true,LFQ_INTENSITY,12081000,POSITIVE_FINITE,true
PMC13106918_RCSI_DCU_SILICA_CORONA,Royal College of Surgeons in Ireland and Dublin City University,protein_groups,proteinGroups.txt,366,LFQ intensity iST_3366,P26641,P26641,R4_PMC13106918_iST_3,POOLED_HUMAN_PLASMA_8_DONORS,iST,true,LFQ_INTENSITY,6914300,POSITIVE_FINITE,true
PMC13106918_RCSI_DCU_SILICA_CORONA,Royal College of Surgeons in Ireland and Dublin City University,protein_groups,proteinGroups.txt,366,LFQ intensity iST_4366,P26641,P26641,R4_PMC13106918_iST_4,POOLED_HUMAN_PLASMA_8_DONORS,iST,true,LFQ_INTENSITY,11745000,POSITIVE_FINITE,true
PMC13106918_RCSI_DCU_SILICA_CORONA,Royal College of Surgeons in Ireland and Dublin City University,protein_groups,proteinGroups.txt,366,LFQ intensity Pmax_1366,P26641,P26641,R4_PMC13106918_Pmax_1,POOLED_HUMAN_PLASMA_8_DONORS,Pmax,true,LFQ_INTENSITY,12665000,POSITIVE_FINITE,true
PMC13106918_RCSI_DCU_SILICA_CORONA,Royal College of Surgeons in Ireland and Dublin City University,protein_groups,proteinGroups.txt,366,LFQ intensity Pmax_2366,P26641,P26641,R4_PMC13106918_Pmax_2,POOLED_HUMAN_PLASMA_8_DONORS,Pmax,true,LFQ_INTENSITY,4305900,POSITIVE_FINITE,true
PMC13106918_RCSI_DCU_SILICA_CORONA,Royal College of Surgeons in Ireland and Dublin City University,protein_groups,proteinGroups.txt,366,LFQ intensity Pmax_3366,P26641,P26641,R4_PMC13106918_Pmax_3,POOLED_HUMAN_PLASMA_8_DONORS,Pmax,true,LFQ_INTENSITY,14281000,POSITIVE_FINITE,true
PMC13106918_RCSI_DCU_SILICA_CORONA,Royal College of Surgeons in Ireland and Dublin City University,protein_groups,proteinGroups.txt,366,LFQ intensity Pmax_4366,P26641,P26641,R4_PMC13106918_Pmax_4,POOLED_HUMAN_PLASMA_8_DONORS,Pmax,true,LFQ_INTENSITY,0,NUMERIC_ZERO,false
PMC13106918_RCSI_DCU_SILICA_CORONA,Royal College of Surgeons in Ireland and Dublin City University,protein_groups,proteinGroups.txt,366,LFQ intensity RapiG_1366,P26641,P26641,R4_PMC13106918_RapiG_1,POOLED_HUMAN_PLASMA_8_DONORS,RapiG,true,LFQ_INTENSITY,4866500,POSITIVE_FINITE,true
PMC13106918_RCSI_DCU_SILICA_CORONA,Royal College of Surgeons in Ireland and Dublin City University,protein_groups,proteinGroups.txt,366,LFQ intensity RapiG_2366,P26641,P26641,R4_PMC13106918_RapiG_2,POOLED_HUMAN_PLASMA_8_DONORS,RapiG,true,LFQ_INTENSITY,9175000,POSITIVE_FINITE,true
PMC13106918_RCSI_DCU_SILICA_CORONA,Royal College of Surgeons in Ireland and Dublin City University,protein_groups,proteinGroups.txt,366,LFQ intensity RapiG_3366,P26641,P26641,R4_PMC13106918_RapiG_3,POOLED_HUMAN_PLASMA_8_DONORS,RapiG,true,LFQ_INTENSITY,4595700,POSITIVE_FINITE,true
PMC13106918_RCSI_DCU_SILICA_CORONA,Royal College of Surgeons in Ireland and Dublin City University,protein_groups,proteinGroups.txt,366,LFQ intensity RapiG_4366,P26641,P26641,R4_PMC13106918_RapiG_4,POOLED_HUMAN_PLASMA_8_DONORS,RapiG,true,LFQ_INTENSITY,9937900,POSITIVE_FINITE,true
PMC13106918_RCSI_DCU_SILICA_CORONA,Royal College of Surgeons in Ireland and Dublin City University,protein_groups,proteinGroups.txt,366,LFQ intensity STD_1366,P26641,P26641,R4_PMC13106918_STD_1,POOLED_HUMAN_PLASMA_8_DONORS,STD,true,LFQ_INTENSITY,0,NUMERIC_ZERO,false
PMC13106918_RCSI_DCU_SILICA_CORONA,Royal College of Surgeons in Ireland and Dublin City University,protein_groups,proteinGroups.txt,366,LFQ intensity STD_2366,P26641,P26641,R4_PMC13106918_STD_2,POOLED_HUMAN_PLASMA_8_DONORS,STD,true,LFQ_INTENSITY,0,NUMERIC_ZERO,false
PMC13106918_RCSI_DCU_SILICA_CORONA,Royal College of Surgeons in Ireland and Dublin City University,protein_groups,proteinGroups.txt,366,LFQ intensity STD_3366,P26641,P26641,R4_PMC13106918_STD_3,POOLED_HUMAN_PLASMA_8_DONORS,STD,true,LFQ_INTENSITY,7728700,POSITIVE_FINITE,true
PMC13106918_RCSI_DCU_SILICA_CORONA,Royal College of Surgeons in Ireland and Dublin City University,protein_groups,proteinGroups.txt,366,LFQ intensity STD_4366,P26641,P26641,R4_PMC13106918_STD_4,POOLED_HUMAN_PLASMA_8_DONORS,STD,true,LFQ_INTENSITY,0,NUMERIC_ZERO,false
PMC13106918_RCSI_DCU_SILICA_CORONA,Royal College of Surgeons in Ireland and Dublin City University,protein_groups,proteinGroups.txt,366,LFQ intensity Strap_1366,P26641,P26641,R4_PMC13106918_Strap_1,POOLED_HUMAN_PLASMA_8_DONORS,Strap,true,LFQ_INTENSITY,6134100,POSITIVE_FINITE,true
PMC13106918_RCSI_DCU_SILICA_CORONA,Royal College of Surgeons in Ireland and Dublin City University,protein_groups,proteinGroups.txt,366,LFQ intensity Strap_2366,P26641,P26641,R4_PMC13106918_Strap_2,POOLED_HUMAN_PLASMA_8_DONORS,Strap,true,LFQ_INTENSITY,9285900,POSITIVE_FINITE,true
PMC13106918_RCSI_DCU_SILICA_CORONA,Royal College of Surgeons in Ireland and Dublin City University,protein_groups,proteinGroups.txt,366,LFQ intensity Strap_3366,P26641,P26641,R4_PMC13106918_Strap_3,POOLED_HUMAN_PLASMA_8_DONORS,Strap,true,LFQ_INTENSITY,6045400,POSITIVE_FINITE,true
PMC13106918_RCSI_DCU_SILICA_CORONA,Royal College of Surgeons in Ireland and Dublin City University,protein_groups,proteinGroups.txt,366,LFQ intensity Strap_4366,P26641,P26641,R4_PMC13106918_Strap_4,POOLED_HUMAN_PLASMA_8_DONORS,Strap,true,LFQ_INTENSITY,5820600,POSITIVE_FINITE,true
PMC13106918_RCSI_DCU_SILICA_CORONA,Royal College of Surgeons in Ireland and Dublin City University,protein_groups,proteinGroups.txt,370,LFQ intensity iST_1370,P27348,P27348,R4_PMC13106918_iST_1,POOLED_HUMAN_PLASMA_8_DONORS,iST,true,LFQ_INTENSITY,10680000,POSITIVE_FINITE,true
PMC13106918_RCSI_DCU_SILICA_CORONA,Royal College of Surgeons in Ireland and Dublin City University,protein_groups,proteinGroups.txt,370,LFQ intensity iST_2370,P27348,P27348,R4_PMC13106918_iST_2,POOLED_HUMAN_PLASMA_8_DONORS,iST,true,LFQ_INTENSITY,10348000,POSITIVE_FINITE,true
PMC13106918_RCSI_DCU_SILICA_CORONA,Royal College of Surgeons in Ireland and Dublin City University,protein_groups,proteinGroups.txt,370,LFQ intensity iST_3370,P27348,P27348,R4_PMC13106918_iST_3,POOLED_HUMAN_PLASMA_8_DONORS,iST,true,LFQ_INTENSITY,5339400,POSITIVE_FINITE,true
PMC13106918_RCSI_DCU_SILICA_CORONA,Royal College of Surgeons in Ireland and Dublin City University,protein_groups,proteinGroups.txt,370,LFQ intensity iST_4370,P27348,P27348,R4_PMC13106918_iST_4,POOLED_HUMAN_PLASMA_8_DONORS,iST,true,LFQ_INTENSITY,0,NUMERIC_ZERO,false
PMC13106918_RCSI_DCU_SILICA_CORONA,Royal College of Surgeons in Ireland and Dublin City University,protein_groups,proteinGroups.txt,370,LFQ intensity Pmax_1370,P27348,P27348,R4_PMC13106918_Pmax_1,POOLED_HUMAN_PLASMA_8_DONORS,Pmax,true,LFQ_INTENSITY,8022100,POSITIVE_FINITE,true
PMC13106918_RCSI_DCU_SILICA_CORONA,Royal College of Surgeons in Ireland and Dublin City University,protein_groups,proteinGroups.txt,370,LFQ intensity Pmax_2370,P27348,P27348,R4_PMC13106918_Pmax_2,POOLED_HUMAN_PLASMA_8_DONORS,Pmax,true,LFQ_INTENSITY,5854700,POSITIVE_FINITE,true
PMC13106918_RCSI_DCU_SILICA_CORONA,Royal College of Surgeons in Ireland and Dublin City University,protein_groups,proteinGroups.txt,370,LFQ intensity Pmax_3370,P27348,P27348,R4_PMC13106918_Pmax_3,POOLED_HUMAN_PLASMA_8_DONORS,Pmax,true,LFQ_INTENSITY,13099000,POSITIVE_FINITE,true
PMC13106918_RCSI_DCU_SILICA_CORONA,Royal College of Surgeons in Ireland and Dublin City University,protein_groups,proteinGroups.txt,370,LFQ intensity Pmax_4370,P27348,P27348,R4_PMC13106918_Pmax_4,POOLED_HUMAN_PLASMA_8_DONORS,Pmax,true,LFQ_INTENSITY,0,NUMERIC_ZERO,false
PMC13106918_RCSI_DCU_SILICA_CORONA,Royal College of Surgeons in Ireland and Dublin City University,protein_groups,proteinGroups.txt,370,LFQ intensity RapiG_1370,P27348,P27348,R4_PMC13106918_RapiG_1,POOLED_HUMAN_PLASMA_8_DONORS,RapiG,true,LFQ_INTENSITY,0,NUMERIC_ZERO,false
PMC13106918_RCSI_DCU_SILICA_CORONA,Royal College of Surgeons in Ireland and Dublin City University,protein_groups,proteinGroups.txt,370,LFQ intensity RapiG_2370,P27348,P27348,R4_PMC13106918_RapiG_2,POOLED_HUMAN_PLASMA_8_DONORS,RapiG,true,LFQ_INTENSITY,0,NUMERIC_ZERO,false
PMC13106918_RCSI_DCU_SILICA_CORONA,Royal College of Surgeons in Ireland and Dublin City University,protein_groups,proteinGroups.txt,370,LFQ intensity RapiG_3370,P27348,P27348,R4_PMC13106918_RapiG_3,POOLED_HUMAN_PLASMA_8_DONORS,RapiG,true,LFQ_INTENSITY,0,NUMERIC_ZERO,false
PMC13106918_RCSI_DCU_SILICA_CORONA,Royal College of Surgeons in Ireland and Dublin City University,protein_groups,proteinGroups.txt,370,LFQ intensity RapiG_4370,P27348,P27348,R4_PMC13106918_RapiG_4,POOLED_HUMAN_PLASMA_8_DONORS,RapiG,true,LFQ_INTENSITY,0,NUMERIC_ZERO,false
PMC13106918_RCSI_DCU_SILICA_CORONA,Royal College of Surgeons in Ireland and Dublin City University,protein_groups,proteinGroups.txt,370,LFQ intensity STD_1370,P27348,P27348,R4_PMC13106918_STD_1,POOLED_HUMAN_PLASMA_8_DONORS,STD,true,LFQ_INTENSITY,0,NUMERIC_ZERO,false
PMC13106918_RCSI_DCU_SILICA_CORONA,Royal College of Surgeons in Ireland and Dublin City University,protein_groups,proteinGroups.txt,370,LFQ intensity STD_2370,P27348,P27348,R4_PMC13106918_STD_2,POOLED_HUMAN_PLASMA_8_DONORS,STD,true,LFQ_INTENSITY,0,NUMERIC_ZERO,false
PMC13106918_RCSI_DCU_SILICA_CORONA,Royal College of Surgeons in Ireland and Dublin City University,protein_groups,proteinGroups.txt,370,LFQ intensity STD_3370,P27348,P27348,R4_PMC13106918_STD_3,POOLED_HUMAN_PLASMA_8_DONORS,STD,true,LFQ_INTENSITY,2512500,POSITIVE_FINITE,true
PMC13106918_RCSI_DCU_SILICA_CORONA,Royal College of Surgeons in Ireland and Dublin City University,protein_groups,proteinGroups.txt,370,LFQ intensity STD_4370,P27348,P27348,R4_PMC13106918_STD_4,POOLED_HUMAN_PLASMA_8_DONORS,STD,true,LFQ_INTENSITY,0,NUMERIC_ZERO,false
PMC13106918_RCSI_DCU_SILICA_CORONA,Royal College of Surgeons in Ireland and Dublin City University,protein_groups,proteinGroups.txt,370,LFQ intensity Strap_1370,P27348,P27348,R4_PMC13106918_Strap_1,POOLED_HUMAN_PLASMA_8_DONORS,Strap,true,LFQ_INTENSITY,0,NUMERIC_ZERO,false
PMC13106918_RCSI_DCU_SILICA_CORONA,Royal College of Surgeons in Ireland and Dublin City University,protein_groups,proteinGroups.txt,370,LFQ intensity Strap_2370,P27348,P27348,R4_PMC13106918_Strap_2,POOLED_HUMAN_PLASMA_8_DONORS,Strap,true,LFQ_INTENSITY,0,NUMERIC_ZERO,false
PMC13106918_RCSI_DCU_SILICA_CORONA,Royal College of Surgeons in Ireland and Dublin City University,protein_groups,proteinGroups.txt,370,LFQ intensity Strap_3370,P27348,P27348,R4_PMC13106918_Strap_3,POOLED_HUMAN_PLASMA_8_DONORS,Strap,true,LFQ_INTENSITY,0,NUMERIC_ZERO,false
PMC13106918_RCSI_DCU_SILICA_CORONA,Royal College of Surgeons in Ireland and Dublin City University,protein_groups,proteinGroups.txt,370,LFQ intensity Strap_4370,P27348,P27348,R4_PMC13106918_Strap_4,POOLED_HUMAN_PLASMA_8_DONORS,Strap,true,LFQ_INTENSITY,3844600,POSITIVE_FINITE,true
PMC13106918_RCSI_DCU_SILICA_CORONA,Royal College of Surgeons in Ireland and Dublin City University,protein_groups,proteinGroups.txt,373,LFQ intensity iST_1373,P27797,P27797,R4_PMC13106918_iST_1,POOLED_HUMAN_PLASMA_8_DONORS,iST,true,LFQ_INTENSITY,6173200,POSITIVE_FINITE,true
PMC13106918_RCSI_DCU_SILICA_CORONA,Royal College of Surgeons in Ireland and Dublin City University,protein_groups,proteinGroups.txt,373,LFQ intensity iST_2373,P27797,P27797,R4_PMC13106918_iST_2,POOLED_HUMAN_PLASMA_8_DONORS,iST,true,LFQ_INTENSITY,6311500,POSITIVE_FINITE,true
PMC13106918_RCSI_DCU_SILICA_CORONA,Royal College of Surgeons in Ireland and Dublin City University,protein_groups,proteinGroups.txt,373,LFQ intensity iST_3373,P27797,P27797,R4_PMC13106918_iST_3,POOLED_HUMAN_PLASMA_8_DONORS,iST,true,LFQ_INTENSITY,5264100,POSITIVE_FINITE,true
PMC13106918_RCSI_DCU_SILICA_CORONA,Royal College of Surgeons in Ireland and Dublin City University,protein_groups,proteinGroups.txt,373,LFQ intensity iST_4373,P27797,P27797,R4_PMC13106918_iST_4,POOLED_HUMAN_PLASMA_8_DONORS,iST,true,LFQ_INTENSITY,7865900,POSITIVE_FINITE,true
PMC13106918_RCSI_DCU_SILICA_CORONA,Royal College of Surgeons in Ireland and Dublin City University,protein_groups,proteinGroups.txt,373,LFQ intensity Pmax_1373,P27797,P27797,R4_PMC13106918_Pmax_1,POOLED_HUMAN_PLASMA_8_DONORS,Pmax,true,LFQ_INTENSITY,3667600,POSITIVE_FINITE,true
PMC13106918_RCSI_DCU_SILICA_CORONA,Royal College of Surgeons in Ireland and Dublin City University,protein_groups,proteinGroups.txt,373,LFQ intensity Pmax_2373,P27797,P27797,R4_PMC13106918_Pmax_2,POOLED_HUMAN_PLASMA_8_DONORS,Pmax,true,LFQ_INTENSITY,0,NUMERIC_ZERO,false
PMC13106918_RCSI_DCU_SILICA_CORONA,Royal College of Surgeons in Ireland and Dublin City University,protein_groups,proteinGroups.txt,373,LFQ intensity Pmax_3373,P27797,P27797,R4_PMC13106918_Pmax_3,POOLED_HUMAN_PLASMA_8_DONORS,Pmax,true,LFQ_INTENSITY,5440300,POSITIVE_FINITE,true
PMC13106918_RCSI_DCU_SILICA_CORONA,Royal College of Surgeons in Ireland and Dublin City University,protein_groups,proteinGroups.txt,373,LFQ intensity Pmax_4373,P27797,P27797,R4_PMC13106918_Pmax_4,POOLED_HUMAN_PLASMA_8_DONORS,Pmax,true,LFQ_INTENSITY,0,NUMERIC_ZERO,false
PMC13106918_RCSI_DCU_SILICA_CORONA,Royal College of Surgeons in Ireland and Dublin City University,protein_groups,proteinGroups.txt,373,LFQ intensity RapiG_1373,P27797,P27797,R4_PMC13106918_RapiG_1,POOLED_HUMAN_PLASMA_8_DONORS,RapiG,true,LFQ_INTENSITY,0,NUMERIC_ZERO,false
PMC13106918_RCSI_DCU_SILICA_CORONA,Royal College of Surgeons in Ireland and Dublin City University,protein_groups,proteinGroups.txt,373,LFQ intensity RapiG_2373,P27797,P27797,R4_PMC13106918_RapiG_2,POOLED_HUMAN_PLASMA_8_DONORS,RapiG,true,LFQ_INTENSITY,4682000,POSITIVE_FINITE,true
PMC13106918_RCSI_DCU_SILICA_CORONA,Royal College of Surgeons in Ireland and Dublin City University,protein_groups,proteinGroups.txt,373,LFQ intensity RapiG_3373,P27797,P27797,R4_PMC13106918_RapiG_3,POOLED_HUMAN_PLASMA_8_DONORS,RapiG,true,LFQ_INTENSITY,3956500,POSITIVE_FINITE,true
PMC13106918_RCSI_DCU_SILICA_CORONA,Royal College of Surgeons in Ireland and Dublin City University,protein_groups,proteinGroups.txt,373,LFQ intensity RapiG_4373,P27797,P27797,R4_PMC13106918_RapiG_4,POOLED_HUMAN_PLASMA_8_DONORS,RapiG,true,LFQ_INTENSITY,0,NUMERIC_ZERO,false
PMC13106918_RCSI_DCU_SILICA_CORONA,Royal College of Surgeons in Ireland and Dublin City University,protein_groups,proteinGroups.txt,373,LFQ intensity STD_1373,P27797,P27797,R4_PMC13106918_STD_1,POOLED_HUMAN_PLASMA_8_DONORS,STD,true,LFQ_INTENSITY,0,NUMERIC_ZERO,false
PMC13106918_RCSI_DCU_SILICA_CORONA,Royal College of Surgeons in Ireland and Dublin City University,protein_groups,proteinGroups.txt,373,LFQ intensity STD_2373,P27797,P27797,R4_PMC13106918_STD_2,POOLED_HUMAN_PLASMA_8_DONORS,STD,true,LFQ_INTENSITY,0,NUMERIC_ZERO,false
PMC13106918_RCSI_DCU_SILICA_CORONA,Royal College of Surgeons in Ireland and Dublin City University,protein_groups,proteinGroups.txt,373,LFQ intensity STD_3373,P27797,P27797,R4_PMC13106918_STD_3,POOLED_HUMAN_PLASMA_8_DONORS,STD,true,LFQ_INTENSITY,4347400,POSITIVE_FINITE,true
PMC13106918_RCSI_DCU_SILICA_CORONA,Royal College of Surgeons in Ireland and Dublin City University,protein_groups,proteinGroups.txt,373,LFQ intensity STD_4373,P27797,P27797,R4_PMC13106918_STD_4,POOLED_HUMAN_PLASMA_8_DONORS,STD,true,LFQ_INTENSITY,0,NUMERIC_ZERO,false
PMC13106918_RCSI_DCU_SILICA_CORONA,Royal College of Surgeons in Ireland and Dublin City University,protein_groups,proteinGroups.txt,373,LFQ intensity Strap_1373,P27797,P27797,R4_PMC13106918_Strap_1,POOLED_HUMAN_PLASMA_8_DONORS,Strap,true,LFQ_INTENSITY,2979000,POSITIVE_FINITE,true
PMC13106918_RCSI_DCU_SILICA_CORONA,Royal College of Surgeons in Ireland and Dublin City University,protein_groups,proteinGroups.txt,373,LFQ intensity Strap_2373,P27797,P27797,R4_PMC13106918_Strap_2,POOLED_HUMAN_PLASMA_8_DONORS,Strap,true,LFQ_INTENSITY,3414000,POSITIVE_FINITE,true
PMC13106918_RCSI_DCU_SILICA_CORONA,Royal College of Surgeons in Ireland and Dublin City University,protein_groups,proteinGroups.txt,373,LFQ intensity Strap_3373,P27797,P27797,R4_PMC13106918_Strap_3,POOLED_HUMAN_PLASMA_8_DONORS,Strap,true,LFQ_INTENSITY,2399300,POSITIVE_FINITE,true
PMC13106918_RCSI_DCU_SILICA_CORONA,Royal College of Surgeons in Ireland and Dublin City University,protein_groups,proteinGroups.txt,373,LFQ intensity Strap_4373,P27797,P27797,R4_PMC13106918_Strap_4,POOLED_HUMAN_PLASMA_8_DONORS,Strap,true,LFQ_INTENSITY,3174100,POSITIVE_FINITE,true
PMC13106918_RCSI_DCU_SILICA_CORONA,Royal College of Surgeons in Ireland and Dublin City University,protein_groups,proteinGroups.txt,376,LFQ intensity iST_1376,P28066,P28066,R4_PMC13106918_iST_1,POOLED_HUMAN_PLASMA_8_DONORS,iST,true,LFQ_INTENSITY,7239700,POSITIVE_FINITE,true
PMC13106918_RCSI_DCU_SILICA_CORONA,Royal College of Surgeons in Ireland and Dublin City University,protein_groups,proteinGroups.txt,376,LFQ intensity iST_2376,P28066,P28066,R4_PMC13106918_iST_2,POOLED_HUMAN_PLASMA_8_DONORS,iST,true,LFQ_INTENSITY,10716000,POSITIVE_FINITE,true
PMC13106918_RCSI_DCU_SILICA_CORONA,Royal College of Surgeons in Ireland and Dublin City University,protein_groups,proteinGroups.txt,376,LFQ intensity iST_3376,P28066,P28066,R4_PMC13106918_iST_3,POOLED_HUMAN_PLASMA_8_DONORS,iST,true,LFQ_INTENSITY,9257900,POSITIVE_FINITE,true
PMC13106918_RCSI_DCU_SILICA_CORONA,Royal College of Surgeons in Ireland and Dublin City University,protein_groups,proteinGroups.txt,376,LFQ intensity iST_4376,P28066,P28066,R4_PMC13106918_iST_4,POOLED_HUMAN_PLASMA_8_DONORS,iST,true,LFQ_INTENSITY,9784300,POSITIVE_FINITE,true
PMC13106918_RCSI_DCU_SILICA_CORONA,Royal College of Surgeons in Ireland and Dublin City University,protein_groups,proteinGroups.txt,376,LFQ intensity Pmax_1376,P28066,P28066,R4_PMC13106918_Pmax_1,POOLED_HUMAN_PLASMA_8_DONORS,Pmax,true,LFQ_INTENSITY,7891600,POSITIVE_FINITE,true
PMC13106918_RCSI_DCU_SILICA_CORONA,Royal College of Surgeons in Ireland and Dublin City University,protein_groups,proteinGroups.txt,376,LFQ intensity Pmax_2376,P28066,P28066,R4_PMC13106918_Pmax_2,POOLED_HUMAN_PLASMA_8_DONORS,Pmax,true,LFQ_INTENSITY,0,NUMERIC_ZERO,false
PMC13106918_RCSI_DCU_SILICA_CORONA,Royal College of Surgeons in Ireland and Dublin City University,protein_groups,proteinGroups.txt,376,LFQ intensity Pmax_3376,P28066,P28066,R4_PMC13106918_Pmax_3,POOLED_HUMAN_PLASMA_8_DONORS,Pmax,true,LFQ_INTENSITY,6471100,POSITIVE_FINITE,true
PMC13106918_RCSI_DCU_SILICA_CORONA,Royal College of Surgeons in Ireland and Dublin City University,protein_groups,proteinGroups.txt,376,LFQ intensity Pmax_4376,P28066,P28066,R4_PMC13106918_Pmax_4,POOLED_HUMAN_PLASMA_8_DONORS,Pmax,true,LFQ_INTENSITY,0,NUMERIC_ZERO,false
PMC13106918_RCSI_DCU_SILICA_CORONA,Royal College of Surgeons in Ireland and Dublin City University,protein_groups,proteinGroups.txt,376,LFQ intensity RapiG_1376,P28066,P28066,R4_PMC13106918_RapiG_1,POOLED_HUMAN_PLASMA_8_DONORS,RapiG,true,LFQ_INTENSITY,0,NUMERIC_ZERO,false
PMC13106918_RCSI_DCU_SILICA_CORONA,Royal College of Surgeons in Ireland and Dublin City University,protein_groups,proteinGroups.txt,376,LFQ intensity RapiG_2376,P28066,P28066,R4_PMC13106918_RapiG_2,POOLED_HUMAN_PLASMA_8_DONORS,RapiG,true,LFQ_INTENSITY,4185700,POSITIVE_FINITE,true
PMC13106918_RCSI_DCU_SILICA_CORONA,Royal College of Surgeons in Ireland and Dublin City University,protein_groups,proteinGroups.txt,376,LFQ intensity RapiG_3376,P28066,P28066,R4_PMC13106918_RapiG_3,POOLED_HUMAN_PLASMA_8_DONORS,RapiG,true,LFQ_INTENSITY,0,NUMERIC_ZERO,false
PMC13106918_RCSI_DCU_SILICA_CORONA,Royal College of Surgeons in Ireland and Dublin City University,protein_groups,proteinGroups.txt,376,LFQ intensity RapiG_4376,P28066,P28066,R4_PMC13106918_RapiG_4,POOLED_HUMAN_PLASMA_8_DONORS,RapiG,true,LFQ_INTENSITY,2945300,POSITIVE_FINITE,true
PMC13106918_RCSI_DCU_SILICA_CORONA,Royal College of Surgeons in Ireland and Dublin City University,protein_groups,proteinGroups.txt,376,LFQ intensity STD_1376,P28066,P28066,R4_PMC13106918_STD_1,POOLED_HUMAN_PLASMA_8_DONORS,STD,true,LFQ_INTENSITY,0,NUMERIC_ZERO,false
PMC13106918_RCSI_DCU_SILICA_CORONA,Royal College of Surgeons in Ireland and Dublin City University,protein_groups,proteinGroups.txt,376,LFQ intensity STD_2376,P28066,P28066,R4_PMC13106918_STD_2,POOLED_HUMAN_PLASMA_8_DONORS,STD,true,LFQ_INTENSITY,0,NUMERIC_ZERO,false
PMC13106918_RCSI_DCU_SILICA_CORONA,Royal College of Surgeons in Ireland and Dublin City University,protein_groups,proteinGroups.txt,376,LFQ intensity STD_3376,P28066,P28066,R4_PMC13106918_STD_3,POOLED_HUMAN_PLASMA_8_DONORS,STD,true,LFQ_INTENSITY,0,NUMERIC_ZERO,false
PMC13106918_RCSI_DCU_SILICA_CORONA,Royal College of Surgeons in Ireland and Dublin City University,protein_groups,proteinGroups.txt,376,LFQ intensity STD_4376,P28066,P28066,R4_PMC13106918_STD_4,POOLED_HUMAN_PLASMA_8_DONORS,STD,true,LFQ_INTENSITY,0,NUMERIC_ZERO,false
PMC13106918_RCSI_DCU_SILICA_CORONA,Royal College of Surgeons in Ireland and Dublin City University,protein_groups,proteinGroups.txt,376,LFQ intensity Strap_1376,P28066,P28066,R4_PMC13106918_Strap_1,POOLED_HUMAN_PLASMA_8_DONORS,Strap,true,LFQ_INTENSITY,1789100,POSITIVE_FINITE,true
PMC13106918_RCSI_DCU_SILICA_CORONA,Royal College of Surgeons in Ireland and Dublin City University,protein_groups,proteinGroups.txt,376,LFQ intensity Strap_2376,P28066,P28066,R4_PMC13106918_Strap_2,POOLED_HUMAN_PLASMA_8_DONORS,Strap,true,LFQ_INTENSITY,2271900,POSITIVE_FINITE,true
PMC13106918_RCSI_DCU_SILICA_CORONA,Royal College of Surgeons in Ireland and Dublin City University,protein_groups,proteinGroups.txt,376,LFQ intensity Strap_3376,P28066,P28066,R4_PMC13106918_Strap_3,POOLED_HUMAN_PLASMA_8_DONORS,Strap,true,LFQ_INTENSITY,0,NUMERIC_ZERO,false
PMC13106918_RCSI_DCU_SILICA_CORONA,Royal College of Surgeons in Ireland and Dublin City University,protein_groups,proteinGroups.txt,376,LFQ intensity Strap_4376,P28066,P28066,R4_PMC13106918_Strap_4,POOLED_HUMAN_PLASMA_8_DONORS,Strap,true,LFQ_INTENSITY,2212300,POSITIVE_FINITE,true
PMC13106918_RCSI_DCU_SILICA_CORONA,Royal College of Surgeons in Ireland and Dublin City University,protein_groups,proteinGroups.txt,384,LFQ intensity iST_1384,P30041,P30041,R4_PMC13106918_iST_1,POOLED_HUMAN_PLASMA_8_DONORS,iST,true,LFQ_INTENSITY,0,NUMERIC_ZERO,false
PMC13106918_RCSI_DCU_SILICA_CORONA,Royal College of Surgeons in Ireland and Dublin City University,protein_groups,proteinGroups.txt,384,LFQ intensity iST_2384,P30041,P30041,R4_PMC13106918_iST_2,POOLED_HUMAN_PLASMA_8_DONORS,iST,true,LFQ_INTENSITY,0,NUMERIC_ZERO,false
PMC13106918_RCSI_DCU_SILICA_CORONA,Royal College of Surgeons in Ireland and Dublin City University,protein_groups,proteinGroups.txt,384,LFQ intensity iST_3384,P30041,P30041,R4_PMC13106918_iST_3,POOLED_HUMAN_PLASMA_8_DONORS,iST,true,LFQ_INTENSITY,0,NUMERIC_ZERO,false
PMC13106918_RCSI_DCU_SILICA_CORONA,Royal College of Surgeons in Ireland and Dublin City University,protein_groups,proteinGroups.txt,384,LFQ intensity iST_4384,P30041,P30041,R4_PMC13106918_iST_4,POOLED_HUMAN_PLASMA_8_DONORS,iST,true,LFQ_INTENSITY,0,NUMERIC_ZERO,false
PMC13106918_RCSI_DCU_SILICA_CORONA,Royal College of Surgeons in Ireland and Dublin City University,protein_groups,proteinGroups.txt,384,LFQ intensity Pmax_1384,P30041,P30041,R4_PMC13106918_Pmax_1,POOLED_HUMAN_PLASMA_8_DONORS,Pmax,true,LFQ_INTENSITY,0,NUMERIC_ZERO,false
PMC13106918_RCSI_DCU_SILICA_CORONA,Royal College of Surgeons in Ireland and Dublin City University,protein_groups,proteinGroups.txt,384,LFQ intensity Pmax_2384,P30041,P30041,R4_PMC13106918_Pmax_2,POOLED_HUMAN_PLASMA_8_DONORS,Pmax,true,LFQ_INTENSITY,0,NUMERIC_ZERO,false
PMC13106918_RCSI_DCU_SILICA_CORONA,Royal College of Surgeons in Ireland and Dublin City University,protein_groups,proteinGroups.txt,384,LFQ intensity Pmax_3384,P30041,P30041,R4_PMC13106918_Pmax_3,POOLED_HUMAN_PLASMA_8_DONORS,Pmax,true,LFQ_INTENSITY,0,NUMERIC_ZERO,false
PMC13106918_RCSI_DCU_SILICA_CORONA,Royal College of Surgeons in Ireland and Dublin City University,protein_groups,proteinGroups.txt,384,LFQ intensity Pmax_4384,P30041,P30041,R4_PMC13106918_Pmax_4,POOLED_HUMAN_PLASMA_8_DONORS,Pmax,true,LFQ_INTENSITY,0,NUMERIC_ZERO,false
PMC13106918_RCSI_DCU_SILICA_CORONA,Royal College of Surgeons in Ireland and Dublin City University,protein_groups,proteinGroups.txt,384,LFQ intensity RapiG_1384,P30041,P30041,R4_PMC13106918_RapiG_1,POOLED_HUMAN_PLASMA_8_DONORS,RapiG,true,LFQ_INTENSITY,0,NUMERIC_ZERO,false
PMC13106918_RCSI_DCU_SILICA_CORONA,Royal College of Surgeons in Ireland and Dublin City University,protein_groups,proteinGroups.txt,384,LFQ intensity RapiG_2384,P30041,P30041,R4_PMC13106918_RapiG_2,POOLED_HUMAN_PLASMA_8_DONORS,RapiG,true,LFQ_INTENSITY,0,NUMERIC_ZERO,false
PMC13106918_RCSI_DCU_SILICA_CORONA,Royal College of Surgeons in Ireland and Dublin City University,protein_groups,proteinGroups.txt,384,LFQ intensity RapiG_3384,P30041,P30041,R4_PMC13106918_RapiG_3,POOLED_HUMAN_PLASMA_8_DONORS,RapiG,true,LFQ_INTENSITY,0,NUMERIC_ZERO,false
PMC13106918_RCSI_DCU_SILICA_CORONA,Royal College of Surgeons in Ireland and Dublin City University,protein_groups,proteinGroups.txt,384,LFQ intensity RapiG_4384,P30041,P30041,R4_PMC13106918_RapiG_4,POOLED_HUMAN_PLASMA_8_DONORS,RapiG,true,LFQ_INTENSITY,0,NUMERIC_ZERO,false
PMC13106918_RCSI_DCU_SILICA_CORONA,Royal College of Surgeons in Ireland and Dublin City University,protein_groups,proteinGroups.txt,384,LFQ intensity STD_1384,P30041,P30041,R4_PMC13106918_STD_1,POOLED_HUMAN_PLASMA_8_DONORS,STD,true,LFQ_INTENSITY,0,NUMERIC_ZERO,false
PMC13106918_RCSI_DCU_SILICA_CORONA,Royal College of Surgeons in Ireland and Dublin City University,protein_groups,proteinGroups.txt,384,LFQ intensity STD_2384,P30041,P30041,R4_PMC13106918_STD_2,POOLED_HUMAN_PLASMA_8_DONORS,STD,true,LFQ_INTENSITY,0,NUMERIC_ZERO,false
PMC13106918_RCSI_DCU_SILICA_CORONA,Royal College of Surgeons in Ireland and Dublin City University,protein_groups,proteinGroups.txt,384,LFQ intensity STD_3384,P30041,P30041,R4_PMC13106918_STD_3,POOLED_HUMAN_PLASMA_8_DONORS,STD,true,LFQ_INTENSITY,0,NUMERIC_ZERO,false
PMC13106918_RCSI_DCU_SILICA_CORONA,Royal College of Surgeons in Ireland and Dublin City University,protein_groups,proteinGroups.txt,384,LFQ intensity STD_4384,P30041,P30041,R4_PMC13106918_STD_4,POOLED_HUMAN_PLASMA_8_DONORS,STD,true,LFQ_INTENSITY,0,NUMERIC_ZERO,false
PMC13106918_RCSI_DCU_SILICA_CORONA,Royal College of Surgeons in Ireland and Dublin City University,protein_groups,proteinGroups.txt,384,LFQ intensity Strap_1384,P30041,P30041,R4_PMC13106918_Strap_1,POOLED_HUMAN_PLASMA_8_DONORS,Strap,true,LFQ_INTENSITY,0,NUMERIC_ZERO,false
PMC13106918_RCSI_DCU_SILICA_CORONA,Royal College of Surgeons in Ireland and Dublin City University,protein_groups,proteinGroups.txt,384,LFQ intensity Strap_2384,P30041,P30041,R4_PMC13106918_Strap_2,POOLED_HUMAN_PLASMA_8_DONORS,Strap,true,LFQ_INTENSITY,0,NUMERIC_ZERO,false
PMC13106918_RCSI_DCU_SILICA_CORONA,Royal College of Surgeons in Ireland and Dublin City University,protein_groups,proteinGroups.txt,384,LFQ intensity Strap_3384,P30041,P30041,R4_PMC13106918_Strap_3,POOLED_HUMAN_PLASMA_8_DONORS,Strap,true,LFQ_INTENSITY,0,NUMERIC_ZERO,false
PMC13106918_RCSI_DCU_SILICA_CORONA,Royal College of Surgeons in Ireland and Dublin City University,protein_groups,proteinGroups.txt,384,LFQ intensity Strap_4384,P30041,P30041,R4_PMC13106918_Strap_4,POOLED_HUMAN_PLASMA_8_DONORS,Strap,true,LFQ_INTENSITY,0,NUMERIC_ZERO,false
PMC13106918_RCSI_DCU_SILICA_CORONA,Royal College of Surgeons in Ireland and Dublin City University,protein_groups,proteinGroups.txt,386,LFQ intensity iST_1386,P30044,P30044,R4_PMC13106918_iST_1,POOLED_HUMAN_PLASMA_8_DONORS,iST,true,LFQ_INTENSITY,4726000,POSITIVE_FINITE,true
PMC13106918_RCSI_DCU_SILICA_CORONA,Royal College of Surgeons in Ireland and Dublin City University,protein_groups,proteinGroups.txt,386,LFQ intensity iST_2386,P30044,P30044,R4_PMC13106918_iST_2,POOLED_HUMAN_PLASMA_8_DONORS,iST,true,LFQ_INTENSITY,3540000,POSITIVE_FINITE,true
PMC13106918_RCSI_DCU_SILICA_CORONA,Royal College of Surgeons in Ireland and Dublin City University,protein_groups,proteinGroups.txt,386,LFQ intensity iST_3386,P30044,P30044,R4_PMC13106918_iST_3,POOLED_HUMAN_PLASMA_8_DONORS,iST,true,LFQ_INTENSITY,3711000,POSITIVE_FINITE,true
PMC13106918_RCSI_DCU_SILICA_CORONA,Royal College of Surgeons in Ireland and Dublin City University,protein_groups,proteinGroups.txt,386,LFQ intensity iST_4386,P30044,P30044,R4_PMC13106918_iST_4,POOLED_HUMAN_PLASMA_8_DONORS,iST,true,LFQ_INTENSITY,6342200,POSITIVE_FINITE,true
PMC13106918_RCSI_DCU_SILICA_CORONA,Royal College of Surgeons in Ireland and Dublin City University,protein_groups,proteinGroups.txt,386,LFQ intensity Pmax_1386,P30044,P30044,R4_PMC13106918_Pmax_1,POOLED_HUMAN_PLASMA_8_DONORS,Pmax,true,LFQ_INTENSITY,4607200,POSITIVE_FINITE,true
PMC13106918_RCSI_DCU_SILICA_CORONA,Royal College of Surgeons in Ireland and Dublin City University,protein_groups,proteinGroups.txt,386,LFQ intensity Pmax_2386,P30044,P30044,R4_PMC13106918_Pmax_2,POOLED_HUMAN_PLASMA_8_DONORS,Pmax,true,LFQ_INTENSITY,0,NUMERIC_ZERO,false
PMC13106918_RCSI_DCU_SILICA_CORONA,Royal College of Surgeons in Ireland and Dublin City University,protein_groups,proteinGroups.txt,386,LFQ intensity Pmax_3386,P30044,P30044,R4_PMC13106918_Pmax_3,POOLED_HUMAN_PLASMA_8_DONORS,Pmax,true,LFQ_INTENSITY,5975600,POSITIVE_FINITE,true
PMC13106918_RCSI_DCU_SILICA_CORONA,Royal College of Surgeons in Ireland and Dublin City University,protein_groups,proteinGroups.txt,386,LFQ intensity Pmax_4386,P30044,P30044,R4_PMC13106918_Pmax_4,POOLED_HUMAN_PLASMA_8_DONORS,Pmax,true,LFQ_INTENSITY,0,NUMERIC_ZERO,false
PMC13106918_RCSI_DCU_SILICA_CORONA,Royal College of Surgeons in Ireland and Dublin City University,protein_groups,proteinGroups.txt,386,LFQ intensity RapiG_1386,P30044,P30044,R4_PMC13106918_RapiG_1,POOLED_HUMAN_PLASMA_8_DONORS,RapiG,true,LFQ_INTENSITY,0,NUMERIC_ZERO,false
PMC13106918_RCSI_DCU_SILICA_CORONA,Royal College of Surgeons in Ireland and Dublin City University,protein_groups,proteinGroups.txt,386,LFQ intensity RapiG_2386,P30044,P30044,R4_PMC13106918_RapiG_2,POOLED_HUMAN_PLASMA_8_DONORS,RapiG,true,LFQ_INTENSITY,6170400,POSITIVE_FINITE,true
PMC13106918_RCSI_DCU_SILICA_CORONA,Royal College of Surgeons in Ireland and Dublin City University,protein_groups,proteinGroups.txt,386,LFQ intensity RapiG_3386,P30044,P30044,R4_PMC13106918_RapiG_3,POOLED_HUMAN_PLASMA_8_DONORS,RapiG,true,LFQ_INTENSITY,4935500,POSITIVE_FINITE,true
PMC13106918_RCSI_DCU_SILICA_CORONA,Royal College of Surgeons in Ireland and Dublin City University,protein_groups,proteinGroups.txt,386,LFQ intensity RapiG_4386,P30044,P30044,R4_PMC13106918_RapiG_4,POOLED_HUMAN_PLASMA_8_DONORS,RapiG,true,LFQ_INTENSITY,4418900,POSITIVE_FINITE,true
PMC13106918_RCSI_DCU_SILICA_CORONA,Royal College of Surgeons in Ireland and Dublin City University,protein_groups,proteinGroups.txt,386,LFQ intensity STD_1386,P30044,P30044,R4_PMC13106918_STD_1,POOLED_HUMAN_PLASMA_8_DONORS,STD,true,LFQ_INTENSITY,0,NUMERIC_ZERO,false
PMC13106918_RCSI_DCU_SILICA_CORONA,Royal College of Surgeons in Ireland and Dublin City University,protein_groups,proteinGroups.txt,386,LFQ intensity STD_2386,P30044,P30044,R4_PMC13106918_STD_2,POOLED_HUMAN_PLASMA_8_DONORS,STD,true,LFQ_INTENSITY,0,NUMERIC_ZERO,false
PMC13106918_RCSI_DCU_SILICA_CORONA,Royal College of Surgeons in Ireland and Dublin City University,protein_groups,proteinGroups.txt,386,LFQ intensity STD_3386,P30044,P30044,R4_PMC13106918_STD_3,POOLED_HUMAN_PLASMA_8_DONORS,STD,true,LFQ_INTENSITY,3225500,POSITIVE_FINITE,true
PMC13106918_RCSI_DCU_SILICA_CORONA,Royal College of Surgeons in Ireland and Dublin City University,protein_groups,proteinGroups.txt,386,LFQ intensity STD_4386,P30044,P30044,R4_PMC13106918_STD_4,POOLED_HUMAN_PLASMA_8_DONORS,STD,true,LFQ_INTENSITY,0,NUMERIC_ZERO,false
PMC13106918_RCSI_DCU_SILICA_CORONA,Royal College of Surgeons in Ireland and Dublin City University,protein_groups,proteinGroups.txt,386,LFQ intensity Strap_1386,P30044,P30044,R4_PMC13106918_Strap_1,POOLED_HUMAN_PLASMA_8_DONORS,Strap,true,LFQ_INTENSITY,0,NUMERIC_ZERO,false
PMC13106918_RCSI_DCU_SILICA_CORONA,Royal College of Surgeons in Ireland and Dublin City University,protein_groups,proteinGroups.txt,386,LFQ intensity Strap_2386,P30044,P30044,R4_PMC13106918_Strap_2,POOLED_HUMAN_PLASMA_8_DONORS,Strap,true,LFQ_INTENSITY,2978700,POSITIVE_FINITE,true
PMC13106918_RCSI_DCU_SILICA_CORONA,Royal College of Surgeons in Ireland and Dublin City University,protein_groups,proteinGroups.txt,386,LFQ intensity Strap_3386,P30044,P30044,R4_PMC13106918_Strap_3,POOLED_HUMAN_PLASMA_8_DONORS,Strap,true,LFQ_INTENSITY,1947100,POSITIVE_FINITE,true
PMC13106918_RCSI_DCU_SILICA_CORONA,Royal College of Surgeons in Ireland and Dublin City University,protein_groups,proteinGroups.txt,386,LFQ intensity Strap_4386,P30044,P30044,R4_PMC13106918_Strap_4,POOLED_HUMAN_PLASMA_8_DONORS,Strap,true,LFQ_INTENSITY,2440100,POSITIVE_FINITE,true
PMC13106918_RCSI_DCU_SILICA_CORONA,Royal College of Surgeons in Ireland and Dublin City University,protein_groups,proteinGroups.txt,390,LFQ intensity iST_1390,P30101,P30101,R4_PMC13106918_iST_1,POOLED_HUMAN_PLASMA_8_DONORS,iST,true,LFQ_INTENSITY,10422000,POSITIVE_FINITE,true
PMC13106918_RCSI_DCU_SILICA_CORONA,Royal College of Surgeons in Ireland and Dublin City University,protein_groups,proteinGroups.txt,390,LFQ intensity iST_2390,P30101,P30101,R4_PMC13106918_iST_2,POOLED_HUMAN_PLASMA_8_DONORS,iST,true,LFQ_INTENSITY,13913000,POSITIVE_FINITE,true
PMC13106918_RCSI_DCU_SILICA_CORONA,Royal College of Surgeons in Ireland and Dublin City University,protein_groups,proteinGroups.txt,390,LFQ intensity iST_3390,P30101,P30101,R4_PMC13106918_iST_3,POOLED_HUMAN_PLASMA_8_DONORS,iST,true,LFQ_INTENSITY,9924300,POSITIVE_FINITE,true
PMC13106918_RCSI_DCU_SILICA_CORONA,Royal College of Surgeons in Ireland and Dublin City University,protein_groups,proteinGroups.txt,390,LFQ intensity iST_4390,P30101,P30101,R4_PMC13106918_iST_4,POOLED_HUMAN_PLASMA_8_DONORS,iST,true,LFQ_INTENSITY,13088000,POSITIVE_FINITE,true
PMC13106918_RCSI_DCU_SILICA_CORONA,Royal College of Surgeons in Ireland and Dublin City University,protein_groups,proteinGroups.txt,390,LFQ intensity Pmax_1390,P30101,P30101,R4_PMC13106918_Pmax_1,POOLED_HUMAN_PLASMA_8_DONORS,Pmax,true,LFQ_INTENSITY,14056000,POSITIVE_FINITE,true
PMC13106918_RCSI_DCU_SILICA_CORONA,Royal College of Surgeons in Ireland and Dublin City University,protein_groups,proteinGroups.txt,390,LFQ intensity Pmax_2390,P30101,P30101,R4_PMC13106918_Pmax_2,POOLED_HUMAN_PLASMA_8_DONORS,Pmax,true,LFQ_INTENSITY,8870200,POSITIVE_FINITE,true
PMC13106918_RCSI_DCU_SILICA_CORONA,Royal College of Surgeons in Ireland and Dublin City University,protein_groups,proteinGroups.txt,390,LFQ intensity Pmax_3390,P30101,P30101,R4_PMC13106918_Pmax_3,POOLED_HUMAN_PLASMA_8_DONORS,Pmax,true,LFQ_INTENSITY,18090000,POSITIVE_FINITE,true
PMC13106918_RCSI_DCU_SILICA_CORONA,Royal College of Surgeons in Ireland and Dublin City University,protein_groups,proteinGroups.txt,390,LFQ intensity Pmax_4390,P30101,P30101,R4_PMC13106918_Pmax_4,POOLED_HUMAN_PLASMA_8_DONORS,Pmax,true,LFQ_INTENSITY,0,NUMERIC_ZERO,false
PMC13106918_RCSI_DCU_SILICA_CORONA,Royal College of Surgeons in Ireland and Dublin City University,protein_groups,proteinGroups.txt,390,LFQ intensity RapiG_1390,P30101,P30101,R4_PMC13106918_RapiG_1,POOLED_HUMAN_PLASMA_8_DONORS,RapiG,true,LFQ_INTENSITY,6894000,POSITIVE_FINITE,true
PMC13106918_RCSI_DCU_SILICA_CORONA,Royal College of Surgeons in Ireland and Dublin City University,protein_groups,proteinGroups.txt,390,LFQ intensity RapiG_2390,P30101,P30101,R4_PMC13106918_RapiG_2,POOLED_HUMAN_PLASMA_8_DONORS,RapiG,true,LFQ_INTENSITY,9367400,POSITIVE_FINITE,true
PMC13106918_RCSI_DCU_SILICA_CORONA,Royal College of Surgeons in Ireland and Dublin City University,protein_groups,proteinGroups.txt,390,LFQ intensity RapiG_3390,P30101,P30101,R4_PMC13106918_RapiG_3,POOLED_HUMAN_PLASMA_8_DONORS,RapiG,true,LFQ_INTENSITY,4052300,POSITIVE_FINITE,true
PMC13106918_RCSI_DCU_SILICA_CORONA,Royal College of Surgeons in Ireland and Dublin City University,protein_groups,proteinGroups.txt,390,LFQ intensity RapiG_4390,P30101,P30101,R4_PMC13106918_RapiG_4,POOLED_HUMAN_PLASMA_8_DONORS,RapiG,true,LFQ_INTENSITY,8710000,POSITIVE_FINITE,true
PMC13106918_RCSI_DCU_SILICA_CORONA,Royal College of Surgeons in Ireland and Dublin City University,protein_groups,proteinGroups.txt,390,LFQ intensity STD_1390,P30101,P30101,R4_PMC13106918_STD_1,POOLED_HUMAN_PLASMA_8_DONORS,STD,true,LFQ_INTENSITY,0,NUMERIC_ZERO,false
PMC13106918_RCSI_DCU_SILICA_CORONA,Royal College of Surgeons in Ireland and Dublin City University,protein_groups,proteinGroups.txt,390,LFQ intensity STD_2390,P30101,P30101,R4_PMC13106918_STD_2,POOLED_HUMAN_PLASMA_8_DONORS,STD,true,LFQ_INTENSITY,0,NUMERIC_ZERO,false
PMC13106918_RCSI_DCU_SILICA_CORONA,Royal College of Surgeons in Ireland and Dublin City University,protein_groups,proteinGroups.txt,390,LFQ intensity STD_3390,P30101,P30101,R4_PMC13106918_STD_3,POOLED_HUMAN_PLASMA_8_DONORS,STD,true,LFQ_INTENSITY,7777000,POSITIVE_FINITE,true
PMC13106918_RCSI_DCU_SILICA_CORONA,Royal College of Surgeons in Ireland and Dublin City University,protein_groups,proteinGroups.txt,390,LFQ intensity STD_4390,P30101,P30101,R4_PMC13106918_STD_4,POOLED_HUMAN_PLASMA_8_DONORS,STD,true,LFQ_INTENSITY,0,NUMERIC_ZERO,false
PMC13106918_RCSI_DCU_SILICA_CORONA,Royal College of Surgeons in Ireland and Dublin City University,protein_groups,proteinGroups.txt,390,LFQ intensity Strap_1390,P30101,P30101,R4_PMC13106918_Strap_1,POOLED_HUMAN_PLASMA_8_DONORS,Strap,true,LFQ_INTENSITY,4876600,POSITIVE_FINITE,true
PMC13106918_RCSI_DCU_SILICA_CORONA,Royal College of Surgeons in Ireland and Dublin City University,protein_groups,proteinGroups.txt,390,LFQ intensity Strap_2390,P30101,P30101,R4_PMC13106918_Strap_2,POOLED_HUMAN_PLASMA_8_DONORS,Strap,true,LFQ_INTENSITY,7052000,POSITIVE_FINITE,true
PMC13106918_RCSI_DCU_SILICA_CORONA,Royal College of Surgeons in Ireland and Dublin City University,protein_groups,proteinGroups.txt,390,LFQ intensity Strap_3390,P30101,P30101,R4_PMC13106918_Strap_3,POOLED_HUMAN_PLASMA_8_DONORS,Strap,true,LFQ_INTENSITY,3740800,POSITIVE_FINITE,true
PMC13106918_RCSI_DCU_SILICA_CORONA,Royal College of Surgeons in Ireland and Dublin City University,protein_groups,proteinGroups.txt,390,LFQ intensity Strap_4390,P30101,P30101,R4_PMC13106918_Strap_4,POOLED_HUMAN_PLASMA_8_DONORS,Strap,true,LFQ_INTENSITY,6483300,POSITIVE_FINITE,true
PMC13106918_RCSI_DCU_SILICA_CORONA,Royal College of Surgeons in Ireland and Dublin City University,protein_groups,proteinGroups.txt,417,LFQ intensity iST_1417,P37802,P37802,R4_PMC13106918_iST_1,POOLED_HUMAN_PLASMA_8_DONORS,iST,true,LFQ_INTENSITY,5296700,POSITIVE_FINITE,true
PMC13106918_RCSI_DCU_SILICA_CORONA,Royal College of Surgeons in Ireland and Dublin City University,protein_groups,proteinGroups.txt,417,LFQ intensity iST_2417,P37802,P37802,R4_PMC13106918_iST_2,POOLED_HUMAN_PLASMA_8_DONORS,iST,true,LFQ_INTENSITY,6615400,POSITIVE_FINITE,true
PMC13106918_RCSI_DCU_SILICA_CORONA,Royal College of Surgeons in Ireland and Dublin City University,protein_groups,proteinGroups.txt,417,LFQ intensity iST_3417,P37802,P37802,R4_PMC13106918_iST_3,POOLED_HUMAN_PLASMA_8_DONORS,iST,true,LFQ_INTENSITY,3670500,POSITIVE_FINITE,true
PMC13106918_RCSI_DCU_SILICA_CORONA,Royal College of Surgeons in Ireland and Dublin City University,protein_groups,proteinGroups.txt,417,LFQ intensity iST_4417,P37802,P37802,R4_PMC13106918_iST_4,POOLED_HUMAN_PLASMA_8_DONORS,iST,true,LFQ_INTENSITY,4644400,POSITIVE_FINITE,true
PMC13106918_RCSI_DCU_SILICA_CORONA,Royal College of Surgeons in Ireland and Dublin City University,protein_groups,proteinGroups.txt,417,LFQ intensity Pmax_1417,P37802,P37802,R4_PMC13106918_Pmax_1,POOLED_HUMAN_PLASMA_8_DONORS,Pmax,true,LFQ_INTENSITY,5111100,POSITIVE_FINITE,true
PMC13106918_RCSI_DCU_SILICA_CORONA,Royal College of Surgeons in Ireland and Dublin City University,protein_groups,proteinGroups.txt,417,LFQ intensity Pmax_2417,P37802,P37802,R4_PMC13106918_Pmax_2,POOLED_HUMAN_PLASMA_8_DONORS,Pmax,true,LFQ_INTENSITY,7656400,POSITIVE_FINITE,true
PMC13106918_RCSI_DCU_SILICA_CORONA,Royal College of Surgeons in Ireland and Dublin City University,protein_groups,proteinGroups.txt,417,LFQ intensity Pmax_3417,P37802,P37802,R4_PMC13106918_Pmax_3,POOLED_HUMAN_PLASMA_8_DONORS,Pmax,true,LFQ_INTENSITY,7881800,POSITIVE_FINITE,true
PMC13106918_RCSI_DCU_SILICA_CORONA,Royal College of Surgeons in Ireland and Dublin City University,protein_groups,proteinGroups.txt,417,LFQ intensity Pmax_4417,P37802,P37802,R4_PMC13106918_Pmax_4,POOLED_HUMAN_PLASMA_8_DONORS,Pmax,true,LFQ_INTENSITY,0,NUMERIC_ZERO,false
PMC13106918_RCSI_DCU_SILICA_CORONA,Royal College of Surgeons in Ireland and Dublin City University,protein_groups,proteinGroups.txt,417,LFQ intensity RapiG_1417,P37802,P37802,R4_PMC13106918_RapiG_1,POOLED_HUMAN_PLASMA_8_DONORS,RapiG,true,LFQ_INTENSITY,0,NUMERIC_ZERO,false
PMC13106918_RCSI_DCU_SILICA_CORONA,Royal College of Surgeons in Ireland and Dublin City University,protein_groups,proteinGroups.txt,417,LFQ intensity RapiG_2417,P37802,P37802,R4_PMC13106918_RapiG_2,POOLED_HUMAN_PLASMA_8_DONORS,RapiG,true,LFQ_INTENSITY,2842200,POSITIVE_FINITE,true
PMC13106918_RCSI_DCU_SILICA_CORONA,Royal College of Surgeons in Ireland and Dublin City University,protein_groups,proteinGroups.txt,417,LFQ intensity RapiG_3417,P37802,P37802,R4_PMC13106918_RapiG_3,POOLED_HUMAN_PLASMA_8_DONORS,RapiG,true,LFQ_INTENSITY,2631400,POSITIVE_FINITE,true
PMC13106918_RCSI_DCU_SILICA_CORONA,Royal College of Surgeons in Ireland and Dublin City University,protein_groups,proteinGroups.txt,417,LFQ intensity RapiG_4417,P37802,P37802,R4_PMC13106918_RapiG_4,POOLED_HUMAN_PLASMA_8_DONORS,RapiG,true,LFQ_INTENSITY,2845900,POSITIVE_FINITE,true
PMC13106918_RCSI_DCU_SILICA_CORONA,Royal College of Surgeons in Ireland and Dublin City University,protein_groups,proteinGroups.txt,417,LFQ intensity STD_1417,P37802,P37802,R4_PMC13106918_STD_1,POOLED_HUMAN_PLASMA_8_DONORS,STD,true,LFQ_INTENSITY,0,NUMERIC_ZERO,false
PMC13106918_RCSI_DCU_SILICA_CORONA,Royal College of Surgeons in Ireland and Dublin City University,protein_groups,proteinGroups.txt,417,LFQ intensity STD_2417,P37802,P37802,R4_PMC13106918_STD_2,POOLED_HUMAN_PLASMA_8_DONORS,STD,true,LFQ_INTENSITY,0,NUMERIC_ZERO,false
PMC13106918_RCSI_DCU_SILICA_CORONA,Royal College of Surgeons in Ireland and Dublin City University,protein_groups,proteinGroups.txt,417,LFQ intensity STD_3417,P37802,P37802,R4_PMC13106918_STD_3,POOLED_HUMAN_PLASMA_8_DONORS,STD,true,LFQ_INTENSITY,0,NUMERIC_ZERO,false
PMC13106918_RCSI_DCU_SILICA_CORONA,Royal College of Surgeons in Ireland and Dublin City University,protein_groups,proteinGroups.txt,417,LFQ intensity STD_4417,P37802,P37802,R4_PMC13106918_STD_4,POOLED_HUMAN_PLASMA_8_DONORS,STD,true,LFQ_INTENSITY,0,NUMERIC_ZERO,false
PMC13106918_RCSI_DCU_SILICA_CORONA,Royal College of Surgeons in Ireland and Dublin City University,protein_groups,proteinGroups.txt,417,LFQ intensity Strap_1417,P37802,P37802,R4_PMC13106918_Strap_1,POOLED_HUMAN_PLASMA_8_DONORS,Strap,true,LFQ_INTENSITY,2205900,POSITIVE_FINITE,true
PMC13106918_RCSI_DCU_SILICA_CORONA,Royal College of Surgeons in Ireland and Dublin City University,protein_groups,proteinGroups.txt,417,LFQ intensity Strap_2417,P37802,P37802,R4_PMC13106918_Strap_2,POOLED_HUMAN_PLASMA_8_DONORS,Strap,true,LFQ_INTENSITY,2448500,POSITIVE_FINITE,true
PMC13106918_RCSI_DCU_SILICA_CORONA,Royal College of Surgeons in Ireland and Dublin City University,protein_groups,proteinGroups.txt,417,LFQ intensity Strap_3417,P37802,P37802,R4_PMC13106918_Strap_3,POOLED_HUMAN_PLASMA_8_DONORS,Strap,true,LFQ_INTENSITY,2270900,POSITIVE_FINITE,true
PMC13106918_RCSI_DCU_SILICA_CORONA,Royal College of Surgeons in Ireland and Dublin City University,protein_groups,proteinGroups.txt,417,LFQ intensity Strap_4417,P37802,P37802,R4_PMC13106918_Strap_4,POOLED_HUMAN_PLASMA_8_DONORS,Strap,true,LFQ_INTENSITY,2565100,POSITIVE_FINITE,true
PMC13106918_RCSI_DCU_SILICA_CORONA,Royal College of Surgeons in Ireland and Dublin City University,protein_groups,proteinGroups.txt,419,LFQ intensity iST_1419,P38646,P38646,R4_PMC13106918_iST_1,POOLED_HUMAN_PLASMA_8_DONORS,iST,true,LFQ_INTENSITY,5925200,POSITIVE_FINITE,true
PMC13106918_RCSI_DCU_SILICA_CORONA,Royal College of Surgeons in Ireland and Dublin City University,protein_groups,proteinGroups.txt,419,LFQ intensity iST_2419,P38646,P38646,R4_PMC13106918_iST_2,POOLED_HUMAN_PLASMA_8_DONORS,iST,true,LFQ_INTENSITY,6134400,POSITIVE_FINITE,true
PMC13106918_RCSI_DCU_SILICA_CORONA,Royal College of Surgeons in Ireland and Dublin City University,protein_groups,proteinGroups.txt,419,LFQ intensity iST_3419,P38646,P38646,R4_PMC13106918_iST_3,POOLED_HUMAN_PLASMA_8_DONORS,iST,true,LFQ_INTENSITY,3827400,POSITIVE_FINITE,true
PMC13106918_RCSI_DCU_SILICA_CORONA,Royal College of Surgeons in Ireland and Dublin City University,protein_groups,proteinGroups.txt,419,LFQ intensity iST_4419,P38646,P38646,R4_PMC13106918_iST_4,POOLED_HUMAN_PLASMA_8_DONORS,iST,true,LFQ_INTENSITY,7530800,POSITIVE_FINITE,true
PMC13106918_RCSI_DCU_SILICA_CORONA,Royal College of Surgeons in Ireland and Dublin City University,protein_groups,proteinGroups.txt,419,LFQ intensity Pmax_1419,P38646,P38646,R4_PMC13106918_Pmax_1,POOLED_HUMAN_PLASMA_8_DONORS,Pmax,true,LFQ_INTENSITY,9383200,POSITIVE_FINITE,true
PMC13106918_RCSI_DCU_SILICA_CORONA,Royal College of Surgeons in Ireland and Dublin City University,protein_groups,proteinGroups.txt,419,LFQ intensity Pmax_2419,P38646,P38646,R4_PMC13106918_Pmax_2,POOLED_HUMAN_PLASMA_8_DONORS,Pmax,true,LFQ_INTENSITY,8370500,POSITIVE_FINITE,true
PMC13106918_RCSI_DCU_SILICA_CORONA,Royal College of Surgeons in Ireland and Dublin City University,protein_groups,proteinGroups.txt,419,LFQ intensity Pmax_3419,P38646,P38646,R4_PMC13106918_Pmax_3,POOLED_HUMAN_PLASMA_8_DONORS,Pmax,true,LFQ_INTENSITY,10055000,POSITIVE_FINITE,true
PMC13106918_RCSI_DCU_SILICA_CORONA,Royal College of Surgeons in Ireland and Dublin City University,protein_groups,proteinGroups.txt,419,LFQ intensity Pmax_4419,P38646,P38646,R4_PMC13106918_Pmax_4,POOLED_HUMAN_PLASMA_8_DONORS,Pmax,true,LFQ_INTENSITY,0,NUMERIC_ZERO,false
PMC13106918_RCSI_DCU_SILICA_CORONA,Royal College of Surgeons in Ireland and Dublin City University,protein_groups,proteinGroups.txt,419,LFQ intensity RapiG_1419,P38646,P38646,R4_PMC13106918_RapiG_1,POOLED_HUMAN_PLASMA_8_DONORS,RapiG,true,LFQ_INTENSITY,2941400,POSITIVE_FINITE,true
PMC13106918_RCSI_DCU_SILICA_CORONA,Royal College of Surgeons in Ireland and Dublin City University,protein_groups,proteinGroups.txt,419,LFQ intensity RapiG_2419,P38646,P38646,R4_PMC13106918_RapiG_2,POOLED_HUMAN_PLASMA_8_DONORS,RapiG,true,LFQ_INTENSITY,5196000,POSITIVE_FINITE,true
PMC13106918_RCSI_DCU_SILICA_CORONA,Royal College of Surgeons in Ireland and Dublin City University,protein_groups,proteinGroups.txt,419,LFQ intensity RapiG_3419,P38646,P38646,R4_PMC13106918_RapiG_3,POOLED_HUMAN_PLASMA_8_DONORS,RapiG,true,LFQ_INTENSITY,2567800,POSITIVE_FINITE,true
PMC13106918_RCSI_DCU_SILICA_CORONA,Royal College of Surgeons in Ireland and Dublin City University,protein_groups,proteinGroups.txt,419,LFQ intensity RapiG_4419,P38646,P38646,R4_PMC13106918_RapiG_4,POOLED_HUMAN_PLASMA_8_DONORS,RapiG,true,LFQ_INTENSITY,3938600,POSITIVE_FINITE,true
PMC13106918_RCSI_DCU_SILICA_CORONA,Royal College of Surgeons in Ireland and Dublin City University,protein_groups,proteinGroups.txt,419,LFQ intensity STD_1419,P38646,P38646,R4_PMC13106918_STD_1,POOLED_HUMAN_PLASMA_8_DONORS,STD,true,LFQ_INTENSITY,0,NUMERIC_ZERO,false
PMC13106918_RCSI_DCU_SILICA_CORONA,Royal College of Surgeons in Ireland and Dublin City University,protein_groups,proteinGroups.txt,419,LFQ intensity STD_2419,P38646,P38646,R4_PMC13106918_STD_2,POOLED_HUMAN_PLASMA_8_DONORS,STD,true,LFQ_INTENSITY,0,NUMERIC_ZERO,false
PMC13106918_RCSI_DCU_SILICA_CORONA,Royal College of Surgeons in Ireland and Dublin City University,protein_groups,proteinGroups.txt,419,LFQ intensity STD_3419,P38646,P38646,R4_PMC13106918_STD_3,POOLED_HUMAN_PLASMA_8_DONORS,STD,true,LFQ_INTENSITY,2450500,POSITIVE_FINITE,true
PMC13106918_RCSI_DCU_SILICA_CORONA,Royal College of Surgeons in Ireland and Dublin City University,protein_groups,proteinGroups.txt,419,LFQ intensity STD_4419,P38646,P38646,R4_PMC13106918_STD_4,POOLED_HUMAN_PLASMA_8_DONORS,STD,true,LFQ_INTENSITY,0,NUMERIC_ZERO,false
PMC13106918_RCSI_DCU_SILICA_CORONA,Royal College of Surgeons in Ireland and Dublin City University,protein_groups,proteinGroups.txt,419,LFQ intensity Strap_1419,P38646,P38646,R4_PMC13106918_Strap_1,POOLED_HUMAN_PLASMA_8_DONORS,Strap,true,LFQ_INTENSITY,2694200,POSITIVE_FINITE,true
PMC13106918_RCSI_DCU_SILICA_CORONA,Royal College of Surgeons in Ireland and Dublin City University,protein_groups,proteinGroups.txt,419,LFQ intensity Strap_2419,P38646,P38646,R4_PMC13106918_Strap_2,POOLED_HUMAN_PLASMA_8_DONORS,Strap,true,LFQ_INTENSITY,3222400,POSITIVE_FINITE,true
PMC13106918_RCSI_DCU_SILICA_CORONA,Royal College of Surgeons in Ireland and Dublin City University,protein_groups,proteinGroups.txt,419,LFQ intensity Strap_3419,P38646,P38646,R4_PMC13106918_Strap_3,POOLED_HUMAN_PLASMA_8_DONORS,Strap,true,LFQ_INTENSITY,2144100,POSITIVE_FINITE,true
PMC13106918_RCSI_DCU_SILICA_CORONA,Royal College of Surgeons in Ireland and Dublin City University,protein_groups,proteinGroups.txt,419,LFQ intensity Strap_4419,P38646,P38646,R4_PMC13106918_Strap_4,POOLED_HUMAN_PLASMA_8_DONORS,Strap,true,LFQ_INTENSITY,0,NUMERIC_ZERO,false
PMC13106918_RCSI_DCU_SILICA_CORONA,Royal College of Surgeons in Ireland and Dublin City University,protein_groups,proteinGroups.txt,435,LFQ intensity iST_1435,P45880,P45880,R4_PMC13106918_iST_1,POOLED_HUMAN_PLASMA_8_DONORS,iST,true,LFQ_INTENSITY,3506200,POSITIVE_FINITE,true
PMC13106918_RCSI_DCU_SILICA_CORONA,Royal College of Surgeons in Ireland and Dublin City University,protein_groups,proteinGroups.txt,435,LFQ intensity iST_2435,P45880,P45880,R4_PMC13106918_iST_2,POOLED_HUMAN_PLASMA_8_DONORS,iST,true,LFQ_INTENSITY,3696000,POSITIVE_FINITE,true
PMC13106918_RCSI_DCU_SILICA_CORONA,Royal College of Surgeons in Ireland and Dublin City University,protein_groups,proteinGroups.txt,435,LFQ intensity iST_3435,P45880,P45880,R4_PMC13106918_iST_3,POOLED_HUMAN_PLASMA_8_DONORS,iST,true,LFQ_INTENSITY,3267200,POSITIVE_FINITE,true
PMC13106918_RCSI_DCU_SILICA_CORONA,Royal College of Surgeons in Ireland and Dublin City University,protein_groups,proteinGroups.txt,435,LFQ intensity iST_4435,P45880,P45880,R4_PMC13106918_iST_4,POOLED_HUMAN_PLASMA_8_DONORS,iST,true,LFQ_INTENSITY,3522900,POSITIVE_FINITE,true
PMC13106918_RCSI_DCU_SILICA_CORONA,Royal College of Surgeons in Ireland and Dublin City University,protein_groups,proteinGroups.txt,435,LFQ intensity Pmax_1435,P45880,P45880,R4_PMC13106918_Pmax_1,POOLED_HUMAN_PLASMA_8_DONORS,Pmax,true,LFQ_INTENSITY,0,NUMERIC_ZERO,false
PMC13106918_RCSI_DCU_SILICA_CORONA,Royal College of Surgeons in Ireland and Dublin City University,protein_groups,proteinGroups.txt,435,LFQ intensity Pmax_2435,P45880,P45880,R4_PMC13106918_Pmax_2,POOLED_HUMAN_PLASMA_8_DONORS,Pmax,true,LFQ_INTENSITY,0,NUMERIC_ZERO,false
PMC13106918_RCSI_DCU_SILICA_CORONA,Royal College of Surgeons in Ireland and Dublin City University,protein_groups,proteinGroups.txt,435,LFQ intensity Pmax_3435,P45880,P45880,R4_PMC13106918_Pmax_3,POOLED_HUMAN_PLASMA_8_DONORS,Pmax,true,LFQ_INTENSITY,0,NUMERIC_ZERO,false
PMC13106918_RCSI_DCU_SILICA_CORONA,Royal College of Surgeons in Ireland and Dublin City University,protein_groups,proteinGroups.txt,435,LFQ intensity Pmax_4435,P45880,P45880,R4_PMC13106918_Pmax_4,POOLED_HUMAN_PLASMA_8_DONORS,Pmax,true,LFQ_INTENSITY,0,NUMERIC_ZERO,false
PMC13106918_RCSI_DCU_SILICA_CORONA,Royal College of Surgeons in Ireland and Dublin City University,protein_groups,proteinGroups.txt,435,LFQ intensity RapiG_1435,P45880,P45880,R4_PMC13106918_RapiG_1,POOLED_HUMAN_PLASMA_8_DONORS,RapiG,true,LFQ_INTENSITY,0,NUMERIC_ZERO,false
PMC13106918_RCSI_DCU_SILICA_CORONA,Royal College of Surgeons in Ireland and Dublin City University,protein_groups,proteinGroups.txt,435,LFQ intensity RapiG_2435,P45880,P45880,R4_PMC13106918_RapiG_2,POOLED_HUMAN_PLASMA_8_DONORS,RapiG,true,LFQ_INTENSITY,0,NUMERIC_ZERO,false
PMC13106918_RCSI_DCU_SILICA_CORONA,Royal College of Surgeons in Ireland and Dublin City University,protein_groups,proteinGroups.txt,435,LFQ intensity RapiG_3435,P45880,P45880,R4_PMC13106918_RapiG_3,POOLED_HUMAN_PLASMA_8_DONORS,RapiG,true,LFQ_INTENSITY,0,NUMERIC_ZERO,false
PMC13106918_RCSI_DCU_SILICA_CORONA,Royal College of Surgeons in Ireland and Dublin City University,protein_groups,proteinGroups.txt,435,LFQ intensity RapiG_4435,P45880,P45880,R4_PMC13106918_RapiG_4,POOLED_HUMAN_PLASMA_8_DONORS,RapiG,true,LFQ_INTENSITY,0,NUMERIC_ZERO,false
PMC13106918_RCSI_DCU_SILICA_CORONA,Royal College of Surgeons in Ireland and Dublin City University,protein_groups,proteinGroups.txt,435,LFQ intensity STD_1435,P45880,P45880,R4_PMC13106918_STD_1,POOLED_HUMAN_PLASMA_8_DONORS,STD,true,LFQ_INTENSITY,0,NUMERIC_ZERO,false
PMC13106918_RCSI_DCU_SILICA_CORONA,Royal College of Surgeons in Ireland and Dublin City University,protein_groups,proteinGroups.txt,435,LFQ intensity STD_2435,P45880,P45880,R4_PMC13106918_STD_2,POOLED_HUMAN_PLASMA_8_DONORS,STD,true,LFQ_INTENSITY,0,NUMERIC_ZERO,false
PMC13106918_RCSI_DCU_SILICA_CORONA,Royal College of Surgeons in Ireland and Dublin City University,protein_groups,proteinGroups.txt,435,LFQ intensity STD_3435,P45880,P45880,R4_PMC13106918_STD_3,POOLED_HUMAN_PLASMA_8_DONORS,STD,true,LFQ_INTENSITY,0,NUMERIC_ZERO,false
PMC13106918_RCSI_DCU_SILICA_CORONA,Royal College of Surgeons in Ireland and Dublin City University,protein_groups,proteinGroups.txt,435,LFQ intensity STD_4435,P45880,P45880,R4_PMC13106918_STD_4,POOLED_HUMAN_PLASMA_8_DONORS,STD,true,LFQ_INTENSITY,0,NUMERIC_ZERO,false
PMC13106918_RCSI_DCU_SILICA_CORONA,Royal College of Surgeons in Ireland and Dublin City University,protein_groups,proteinGroups.txt,435,LFQ intensity Strap_1435,P45880,P45880,R4_PMC13106918_Strap_1,POOLED_HUMAN_PLASMA_8_DONORS,Strap,true,LFQ_INTENSITY,0,NUMERIC_ZERO,false
PMC13106918_RCSI_DCU_SILICA_CORONA,Royal College of Surgeons in Ireland and Dublin City University,protein_groups,proteinGroups.txt,435,LFQ intensity Strap_2435,P45880,P45880,R4_PMC13106918_Strap_2,POOLED_HUMAN_PLASMA_8_DONORS,Strap,true,LFQ_INTENSITY,0,NUMERIC_ZERO,false
PMC13106918_RCSI_DCU_SILICA_CORONA,Royal College of Surgeons in Ireland and Dublin City University,protein_groups,proteinGroups.txt,435,LFQ intensity Strap_3435,P45880,P45880,R4_PMC13106918_Strap_3,POOLED_HUMAN_PLASMA_8_DONORS,Strap,true,LFQ_INTENSITY,0,NUMERIC_ZERO,false
PMC13106918_RCSI_DCU_SILICA_CORONA,Royal College of Surgeons in Ireland and Dublin City University,protein_groups,proteinGroups.txt,435,LFQ intensity Strap_4435,P45880,P45880,R4_PMC13106918_Strap_4,POOLED_HUMAN_PLASMA_8_DONORS,Strap,true,LFQ_INTENSITY,0,NUMERIC_ZERO,false
PMC13106918_RCSI_DCU_SILICA_CORONA,Royal College of Surgeons in Ireland and Dublin City University,protein_groups,proteinGroups.txt,460,LFQ intensity iST_1460,P50990,P50990,R4_PMC13106918_iST_1,POOLED_HUMAN_PLASMA_8_DONORS,iST,true,LFQ_INTENSITY,7076500,POSITIVE_FINITE,true
PMC13106918_RCSI_DCU_SILICA_CORONA,Royal College of Surgeons in Ireland and Dublin City University,protein_groups,proteinGroups.txt,460,LFQ intensity iST_2460,P50990,P50990,R4_PMC13106918_iST_2,POOLED_HUMAN_PLASMA_8_DONORS,iST,true,LFQ_INTENSITY,7946200,POSITIVE_FINITE,true
PMC13106918_RCSI_DCU_SILICA_CORONA,Royal College of Surgeons in Ireland and Dublin City University,protein_groups,proteinGroups.txt,460,LFQ intensity iST_3460,P50990,P50990,R4_PMC13106918_iST_3,POOLED_HUMAN_PLASMA_8_DONORS,iST,true,LFQ_INTENSITY,5027200,POSITIVE_FINITE,true
PMC13106918_RCSI_DCU_SILICA_CORONA,Royal College of Surgeons in Ireland and Dublin City University,protein_groups,proteinGroups.txt,460,LFQ intensity iST_4460,P50990,P50990,R4_PMC13106918_iST_4,POOLED_HUMAN_PLASMA_8_DONORS,iST,true,LFQ_INTENSITY,8247400,POSITIVE_FINITE,true
PMC13106918_RCSI_DCU_SILICA_CORONA,Royal College of Surgeons in Ireland and Dublin City University,protein_groups,proteinGroups.txt,460,LFQ intensity Pmax_1460,P50990,P50990,R4_PMC13106918_Pmax_1,POOLED_HUMAN_PLASMA_8_DONORS,Pmax,true,LFQ_INTENSITY,8017700,POSITIVE_FINITE,true
PMC13106918_RCSI_DCU_SILICA_CORONA,Royal College of Surgeons in Ireland and Dublin City University,protein_groups,proteinGroups.txt,460,LFQ intensity Pmax_2460,P50990,P50990,R4_PMC13106918_Pmax_2,POOLED_HUMAN_PLASMA_8_DONORS,Pmax,true,LFQ_INTENSITY,4089700,POSITIVE_FINITE,true
PMC13106918_RCSI_DCU_SILICA_CORONA,Royal College of Surgeons in Ireland and Dublin City University,protein_groups,proteinGroups.txt,460,LFQ intensity Pmax_3460,P50990,P50990,R4_PMC13106918_Pmax_3,POOLED_HUMAN_PLASMA_8_DONORS,Pmax,true,LFQ_INTENSITY,9729300,POSITIVE_FINITE,true
PMC13106918_RCSI_DCU_SILICA_CORONA,Royal College of Surgeons in Ireland and Dublin City University,protein_groups,proteinGroups.txt,460,LFQ intensity Pmax_4460,P50990,P50990,R4_PMC13106918_Pmax_4,POOLED_HUMAN_PLASMA_8_DONORS,Pmax,true,LFQ_INTENSITY,0,NUMERIC_ZERO,false
PMC13106918_RCSI_DCU_SILICA_CORONA,Royal College of Surgeons in Ireland and Dublin City University,protein_groups,proteinGroups.txt,460,LFQ intensity RapiG_1460,P50990,P50990,R4_PMC13106918_RapiG_1,POOLED_HUMAN_PLASMA_8_DONORS,RapiG,true,LFQ_INTENSITY,4146300,POSITIVE_FINITE,true
PMC13106918_RCSI_DCU_SILICA_CORONA,Royal College of Surgeons in Ireland and Dublin City University,protein_groups,proteinGroups.txt,460,LFQ intensity RapiG_2460,P50990,P50990,R4_PMC13106918_RapiG_2,POOLED_HUMAN_PLASMA_8_DONORS,RapiG,true,LFQ_INTENSITY,5443400,POSITIVE_FINITE,true
PMC13106918_RCSI_DCU_SILICA_CORONA,Royal College of Surgeons in Ireland and Dublin City University,protein_groups,proteinGroups.txt,460,LFQ intensity RapiG_3460,P50990,P50990,R4_PMC13106918_RapiG_3,POOLED_HUMAN_PLASMA_8_DONORS,RapiG,true,LFQ_INTENSITY,3074800,POSITIVE_FINITE,true
PMC13106918_RCSI_DCU_SILICA_CORONA,Royal College of Surgeons in Ireland and Dublin City University,protein_groups,proteinGroups.txt,460,LFQ intensity RapiG_4460,P50990,P50990,R4_PMC13106918_RapiG_4,POOLED_HUMAN_PLASMA_8_DONORS,RapiG,true,LFQ_INTENSITY,3976500,POSITIVE_FINITE,true
PMC13106918_RCSI_DCU_SILICA_CORONA,Royal College of Surgeons in Ireland and Dublin City University,protein_groups,proteinGroups.txt,460,LFQ intensity STD_1460,P50990,P50990,R4_PMC13106918_STD_1,POOLED_HUMAN_PLASMA_8_DONORS,STD,true,LFQ_INTENSITY,4294000,POSITIVE_FINITE,true
PMC13106918_RCSI_DCU_SILICA_CORONA,Royal College of Surgeons in Ireland and Dublin City University,protein_groups,proteinGroups.txt,460,LFQ intensity STD_2460,P50990,P50990,R4_PMC13106918_STD_2,POOLED_HUMAN_PLASMA_8_DONORS,STD,true,LFQ_INTENSITY,4022100,POSITIVE_FINITE,true
PMC13106918_RCSI_DCU_SILICA_CORONA,Royal College of Surgeons in Ireland and Dublin City University,protein_groups,proteinGroups.txt,460,LFQ intensity STD_3460,P50990,P50990,R4_PMC13106918_STD_3,POOLED_HUMAN_PLASMA_8_DONORS,STD,true,LFQ_INTENSITY,4352000,POSITIVE_FINITE,true
PMC13106918_RCSI_DCU_SILICA_CORONA,Royal College of Surgeons in Ireland and Dublin City University,protein_groups,proteinGroups.txt,460,LFQ intensity STD_4460,P50990,P50990,R4_PMC13106918_STD_4,POOLED_HUMAN_PLASMA_8_DONORS,STD,true,LFQ_INTENSITY,3670900,POSITIVE_FINITE,true
PMC13106918_RCSI_DCU_SILICA_CORONA,Royal College of Surgeons in Ireland and Dublin City University,protein_groups,proteinGroups.txt,460,LFQ intensity Strap_1460,P50990,P50990,R4_PMC13106918_Strap_1,POOLED_HUMAN_PLASMA_8_DONORS,Strap,true,LFQ_INTENSITY,1856700,POSITIVE_FINITE,true
PMC13106918_RCSI_DCU_SILICA_CORONA,Royal College of Surgeons in Ireland and Dublin City University,protein_groups,proteinGroups.txt,460,LFQ intensity Strap_2460,P50990,P50990,R4_PMC13106918_Strap_2,POOLED_HUMAN_PLASMA_8_DONORS,Strap,true,LFQ_INTENSITY,3725100,POSITIVE_FINITE,true
PMC13106918_RCSI_DCU_SILICA_CORONA,Royal College of Surgeons in Ireland and Dublin City University,protein_groups,proteinGroups.txt,460,LFQ intensity Strap_3460,P50990,P50990,R4_PMC13106918_Strap_3,POOLED_HUMAN_PLASMA_8_DONORS,Strap,true,LFQ_INTENSITY,1726400,POSITIVE_FINITE,true
PMC13106918_RCSI_DCU_SILICA_CORONA,Royal College of Surgeons in Ireland and Dublin City University,protein_groups,proteinGroups.txt,460,LFQ intensity Strap_4460,P50990,P50990,R4_PMC13106918_Strap_4,POOLED_HUMAN_PLASMA_8_DONORS,Strap,true,LFQ_INTENSITY,2797700,POSITIVE_FINITE,true
PMC13106918_RCSI_DCU_SILICA_CORONA,Royal College of Surgeons in Ireland and Dublin City University,protein_groups,proteinGroups.txt,461,LFQ intensity iST_1461,P50991,P50991,R4_PMC13106918_iST_1,POOLED_HUMAN_PLASMA_8_DONORS,iST,true,LFQ_INTENSITY,4352700,POSITIVE_FINITE,true
PMC13106918_RCSI_DCU_SILICA_CORONA,Royal College of Surgeons in Ireland and Dublin City University,protein_groups,proteinGroups.txt,461,LFQ intensity iST_2461,P50991,P50991,R4_PMC13106918_iST_2,POOLED_HUMAN_PLASMA_8_DONORS,iST,true,LFQ_INTENSITY,6084100,POSITIVE_FINITE,true
PMC13106918_RCSI_DCU_SILICA_CORONA,Royal College of Surgeons in Ireland and Dublin City University,protein_groups,proteinGroups.txt,461,LFQ intensity iST_3461,P50991,P50991,R4_PMC13106918_iST_3,POOLED_HUMAN_PLASMA_8_DONORS,iST,true,LFQ_INTENSITY,3073400,POSITIVE_FINITE,true
PMC13106918_RCSI_DCU_SILICA_CORONA,Royal College of Surgeons in Ireland and Dublin City University,protein_groups,proteinGroups.txt,461,LFQ intensity iST_4461,P50991,P50991,R4_PMC13106918_iST_4,POOLED_HUMAN_PLASMA_8_DONORS,iST,true,LFQ_INTENSITY,6103500,POSITIVE_FINITE,true
PMC13106918_RCSI_DCU_SILICA_CORONA,Royal College of Surgeons in Ireland and Dublin City University,protein_groups,proteinGroups.txt,461,LFQ intensity Pmax_1461,P50991,P50991,R4_PMC13106918_Pmax_1,POOLED_HUMAN_PLASMA_8_DONORS,Pmax,true,LFQ_INTENSITY,5070900,POSITIVE_FINITE,true
PMC13106918_RCSI_DCU_SILICA_CORONA,Royal College of Surgeons in Ireland and Dublin City University,protein_groups,proteinGroups.txt,461,LFQ intensity Pmax_2461,P50991,P50991,R4_PMC13106918_Pmax_2,POOLED_HUMAN_PLASMA_8_DONORS,Pmax,true,LFQ_INTENSITY,0,NUMERIC_ZERO,false
PMC13106918_RCSI_DCU_SILICA_CORONA,Royal College of Surgeons in Ireland and Dublin City University,protein_groups,proteinGroups.txt,461,LFQ intensity Pmax_3461,P50991,P50991,R4_PMC13106918_Pmax_3,POOLED_HUMAN_PLASMA_8_DONORS,Pmax,true,LFQ_INTENSITY,9129600,POSITIVE_FINITE,true
PMC13106918_RCSI_DCU_SILICA_CORONA,Royal College of Surgeons in Ireland and Dublin City University,protein_groups,proteinGroups.txt,461,LFQ intensity Pmax_4461,P50991,P50991,R4_PMC13106918_Pmax_4,POOLED_HUMAN_PLASMA_8_DONORS,Pmax,true,LFQ_INTENSITY,0,NUMERIC_ZERO,false
PMC13106918_RCSI_DCU_SILICA_CORONA,Royal College of Surgeons in Ireland and Dublin City University,protein_groups,proteinGroups.txt,461,LFQ intensity RapiG_1461,P50991,P50991,R4_PMC13106918_RapiG_1,POOLED_HUMAN_PLASMA_8_DONORS,RapiG,true,LFQ_INTENSITY,1396700,POSITIVE_FINITE,true
PMC13106918_RCSI_DCU_SILICA_CORONA,Royal College of Surgeons in Ireland and Dublin City University,protein_groups,proteinGroups.txt,461,LFQ intensity RapiG_2461,P50991,P50991,R4_PMC13106918_RapiG_2,POOLED_HUMAN_PLASMA_8_DONORS,RapiG,true,LFQ_INTENSITY,2768900,POSITIVE_FINITE,true
PMC13106918_RCSI_DCU_SILICA_CORONA,Royal College of Surgeons in Ireland and Dublin City University,protein_groups,proteinGroups.txt,461,LFQ intensity RapiG_3461,P50991,P50991,R4_PMC13106918_RapiG_3,POOLED_HUMAN_PLASMA_8_DONORS,RapiG,true,LFQ_INTENSITY,2427400,POSITIVE_FINITE,true
PMC13106918_RCSI_DCU_SILICA_CORONA,Royal College of Surgeons in Ireland and Dublin City University,protein_groups,proteinGroups.txt,461,LFQ intensity RapiG_4461,P50991,P50991,R4_PMC13106918_RapiG_4,POOLED_HUMAN_PLASMA_8_DONORS,RapiG,true,LFQ_INTENSITY,2010400,POSITIVE_FINITE,true
PMC13106918_RCSI_DCU_SILICA_CORONA,Royal College of Surgeons in Ireland and Dublin City University,protein_groups,proteinGroups.txt,461,LFQ intensity STD_1461,P50991,P50991,R4_PMC13106918_STD_1,POOLED_HUMAN_PLASMA_8_DONORS,STD,true,LFQ_INTENSITY,0,NUMERIC_ZERO,false
PMC13106918_RCSI_DCU_SILICA_CORONA,Royal College of Surgeons in Ireland and Dublin City University,protein_groups,proteinGroups.txt,461,LFQ intensity STD_2461,P50991,P50991,R4_PMC13106918_STD_2,POOLED_HUMAN_PLASMA_8_DONORS,STD,true,LFQ_INTENSITY,0,NUMERIC_ZERO,false
PMC13106918_RCSI_DCU_SILICA_CORONA,Royal College of Surgeons in Ireland and Dublin City University,protein_groups,proteinGroups.txt,461,LFQ intensity STD_3461,P50991,P50991,R4_PMC13106918_STD_3,POOLED_HUMAN_PLASMA_8_DONORS,STD,true,LFQ_INTENSITY,0,NUMERIC_ZERO,false
PMC13106918_RCSI_DCU_SILICA_CORONA,Royal College of Surgeons in Ireland and Dublin City University,protein_groups,proteinGroups.txt,461,LFQ intensity STD_4461,P50991,P50991,R4_PMC13106918_STD_4,POOLED_HUMAN_PLASMA_8_DONORS,STD,true,LFQ_INTENSITY,0,NUMERIC_ZERO,false
PMC13106918_RCSI_DCU_SILICA_CORONA,Royal College of Surgeons in Ireland and Dublin City University,protein_groups,proteinGroups.txt,461,LFQ intensity Strap_1461,P50991,P50991,R4_PMC13106918_Strap_1,POOLED_HUMAN_PLASMA_8_DONORS,Strap,true,LFQ_INTENSITY,1437500,POSITIVE_FINITE,true
PMC13106918_RCSI_DCU_SILICA_CORONA,Royal College of Surgeons in Ireland and Dublin City University,protein_groups,proteinGroups.txt,461,LFQ intensity Strap_2461,P50991,P50991,R4_PMC13106918_Strap_2,POOLED_HUMAN_PLASMA_8_DONORS,Strap,true,LFQ_INTENSITY,1990800,POSITIVE_FINITE,true
PMC13106918_RCSI_DCU_SILICA_CORONA,Royal College of Surgeons in Ireland and Dublin City University,protein_groups,proteinGroups.txt,461,LFQ intensity Strap_3461,P50991,P50991,R4_PMC13106918_Strap_3,POOLED_HUMAN_PLASMA_8_DONORS,Strap,true,LFQ_INTENSITY,1716500,POSITIVE_FINITE,true
PMC13106918_RCSI_DCU_SILICA_CORONA,Royal College of Surgeons in Ireland and Dublin City University,protein_groups,proteinGroups.txt,461,LFQ intensity Strap_4461,P50991,P50991,R4_PMC13106918_Strap_4,POOLED_HUMAN_PLASMA_8_DONORS,Strap,true,LFQ_INTENSITY,1996300,POSITIVE_FINITE,true
PMC13106918_RCSI_DCU_SILICA_CORONA,Royal College of Surgeons in Ireland and Dublin City University,protein_groups,proteinGroups.txt,470,LFQ intensity iST_1470,P52907,P52907,R4_PMC13106918_iST_1,POOLED_HUMAN_PLASMA_8_DONORS,iST,true,LFQ_INTENSITY,0,NUMERIC_ZERO,false
PMC13106918_RCSI_DCU_SILICA_CORONA,Royal College of Surgeons in Ireland and Dublin City University,protein_groups,proteinGroups.txt,470,LFQ intensity iST_2470,P52907,P52907,R4_PMC13106918_iST_2,POOLED_HUMAN_PLASMA_8_DONORS,iST,true,LFQ_INTENSITY,0,NUMERIC_ZERO,false
PMC13106918_RCSI_DCU_SILICA_CORONA,Royal College of Surgeons in Ireland and Dublin City University,protein_groups,proteinGroups.txt,470,LFQ intensity iST_3470,P52907,P52907,R4_PMC13106918_iST_3,POOLED_HUMAN_PLASMA_8_DONORS,iST,true,LFQ_INTENSITY,0,NUMERIC_ZERO,false
PMC13106918_RCSI_DCU_SILICA_CORONA,Royal College of Surgeons in Ireland and Dublin City University,protein_groups,proteinGroups.txt,470,LFQ intensity iST_4470,P52907,P52907,R4_PMC13106918_iST_4,POOLED_HUMAN_PLASMA_8_DONORS,iST,true,LFQ_INTENSITY,0,NUMERIC_ZERO,false
PMC13106918_RCSI_DCU_SILICA_CORONA,Royal College of Surgeons in Ireland and Dublin City University,protein_groups,proteinGroups.txt,470,LFQ intensity Pmax_1470,P52907,P52907,R4_PMC13106918_Pmax_1,POOLED_HUMAN_PLASMA_8_DONORS,Pmax,true,LFQ_INTENSITY,0,NUMERIC_ZERO,false
PMC13106918_RCSI_DCU_SILICA_CORONA,Royal College of Surgeons in Ireland and Dublin City University,protein_groups,proteinGroups.txt,470,LFQ intensity Pmax_2470,P52907,P52907,R4_PMC13106918_Pmax_2,POOLED_HUMAN_PLASMA_8_DONORS,Pmax,true,LFQ_INTENSITY,0,NUMERIC_ZERO,false
PMC13106918_RCSI_DCU_SILICA_CORONA,Royal College of Surgeons in Ireland and Dublin City University,protein_groups,proteinGroups.txt,470,LFQ intensity Pmax_3470,P52907,P52907,R4_PMC13106918_Pmax_3,POOLED_HUMAN_PLASMA_8_DONORS,Pmax,true,LFQ_INTENSITY,0,NUMERIC_ZERO,false
PMC13106918_RCSI_DCU_SILICA_CORONA,Royal College of Surgeons in Ireland and Dublin City University,protein_groups,proteinGroups.txt,470,LFQ intensity Pmax_4470,P52907,P52907,R4_PMC13106918_Pmax_4,POOLED_HUMAN_PLASMA_8_DONORS,Pmax,true,LFQ_INTENSITY,0,NUMERIC_ZERO,false
PMC13106918_RCSI_DCU_SILICA_CORONA,Royal College of Surgeons in Ireland and Dublin City University,protein_groups,proteinGroups.txt,470,LFQ intensity RapiG_1470,P52907,P52907,R4_PMC13106918_RapiG_1,POOLED_HUMAN_PLASMA_8_DONORS,RapiG,true,LFQ_INTENSITY,0,NUMERIC_ZERO,false
PMC13106918_RCSI_DCU_SILICA_CORONA,Royal College of Surgeons in Ireland and Dublin City University,protein_groups,proteinGroups.txt,470,LFQ intensity RapiG_2470,P52907,P52907,R4_PMC13106918_RapiG_2,POOLED_HUMAN_PLASMA_8_DONORS,RapiG,true,LFQ_INTENSITY,0,NUMERIC_ZERO,false
PMC13106918_RCSI_DCU_SILICA_CORONA,Royal College of Surgeons in Ireland and Dublin City University,protein_groups,proteinGroups.txt,470,LFQ intensity RapiG_3470,P52907,P52907,R4_PMC13106918_RapiG_3,POOLED_HUMAN_PLASMA_8_DONORS,RapiG,true,LFQ_INTENSITY,0,NUMERIC_ZERO,false
PMC13106918_RCSI_DCU_SILICA_CORONA,Royal College of Surgeons in Ireland and Dublin City University,protein_groups,proteinGroups.txt,470,LFQ intensity RapiG_4470,P52907,P52907,R4_PMC13106918_RapiG_4,POOLED_HUMAN_PLASMA_8_DONORS,RapiG,true,LFQ_INTENSITY,0,NUMERIC_ZERO,false
PMC13106918_RCSI_DCU_SILICA_CORONA,Royal College of Surgeons in Ireland and Dublin City University,protein_groups,proteinGroups.txt,470,LFQ intensity STD_1470,P52907,P52907,R4_PMC13106918_STD_1,POOLED_HUMAN_PLASMA_8_DONORS,STD,true,LFQ_INTENSITY,0,NUMERIC_ZERO,false
PMC13106918_RCSI_DCU_SILICA_CORONA,Royal College of Surgeons in Ireland and Dublin City University,protein_groups,proteinGroups.txt,470,LFQ intensity STD_2470,P52907,P52907,R4_PMC13106918_STD_2,POOLED_HUMAN_PLASMA_8_DONORS,STD,true,LFQ_INTENSITY,0,NUMERIC_ZERO,false
PMC13106918_RCSI_DCU_SILICA_CORONA,Royal College of Surgeons in Ireland and Dublin City University,protein_groups,proteinGroups.txt,470,LFQ intensity STD_3470,P52907,P52907,R4_PMC13106918_STD_3,POOLED_HUMAN_PLASMA_8_DONORS,STD,true,LFQ_INTENSITY,0,NUMERIC_ZERO,false
PMC13106918_RCSI_DCU_SILICA_CORONA,Royal College of Surgeons in Ireland and Dublin City University,protein_groups,proteinGroups.txt,470,LFQ intensity STD_4470,P52907,P52907,R4_PMC13106918_STD_4,POOLED_HUMAN_PLASMA_8_DONORS,STD,true,LFQ_INTENSITY,0,NUMERIC_ZERO,false
PMC13106918_RCSI_DCU_SILICA_CORONA,Royal College of Surgeons in Ireland and Dublin City University,protein_groups,proteinGroups.txt,470,LFQ intensity Strap_1470,P52907,P52907,R4_PMC13106918_Strap_1,POOLED_HUMAN_PLASMA_8_DONORS,Strap,true,LFQ_INTENSITY,0,NUMERIC_ZERO,false
PMC13106918_RCSI_DCU_SILICA_CORONA,Royal College of Surgeons in Ireland and Dublin City University,protein_groups,proteinGroups.txt,470,LFQ intensity Strap_2470,P52907,P52907,R4_PMC13106918_Strap_2,POOLED_HUMAN_PLASMA_8_DONORS,Strap,true,LFQ_INTENSITY,0,NUMERIC_ZERO,false
PMC13106918_RCSI_DCU_SILICA_CORONA,Royal College of Surgeons in Ireland and Dublin City University,protein_groups,proteinGroups.txt,470,LFQ intensity Strap_3470,P52907,P52907,R4_PMC13106918_Strap_3,POOLED_HUMAN_PLASMA_8_DONORS,Strap,true,LFQ_INTENSITY,0,NUMERIC_ZERO,false
PMC13106918_RCSI_DCU_SILICA_CORONA,Royal College of Surgeons in Ireland and Dublin City University,protein_groups,proteinGroups.txt,470,LFQ intensity Strap_4470,P52907,P52907,R4_PMC13106918_Strap_4,POOLED_HUMAN_PLASMA_8_DONORS,Strap,true,LFQ_INTENSITY,0,NUMERIC_ZERO,false
PMC13106918_RCSI_DCU_SILICA_CORONA,Royal College of Surgeons in Ireland and Dublin City University,protein_groups,proteinGroups.txt,471,LFQ intensity iST_1471,P53396,P53396,R4_PMC13106918_iST_1,POOLED_HUMAN_PLASMA_8_DONORS,iST,true,LFQ_INTENSITY,0,NUMERIC_ZERO,false
PMC13106918_RCSI_DCU_SILICA_CORONA,Royal College of Surgeons in Ireland and Dublin City University,protein_groups,proteinGroups.txt,471,LFQ intensity iST_2471,P53396,P53396,R4_PMC13106918_iST_2,POOLED_HUMAN_PLASMA_8_DONORS,iST,true,LFQ_INTENSITY,0,NUMERIC_ZERO,false
PMC13106918_RCSI_DCU_SILICA_CORONA,Royal College of Surgeons in Ireland and Dublin City University,protein_groups,proteinGroups.txt,471,LFQ intensity iST_3471,P53396,P53396,R4_PMC13106918_iST_3,POOLED_HUMAN_PLASMA_8_DONORS,iST,true,LFQ_INTENSITY,0,NUMERIC_ZERO,false
PMC13106918_RCSI_DCU_SILICA_CORONA,Royal College of Surgeons in Ireland and Dublin City University,protein_groups,proteinGroups.txt,471,LFQ intensity iST_4471,P53396,P53396,R4_PMC13106918_iST_4,POOLED_HUMAN_PLASMA_8_DONORS,iST,true,LFQ_INTENSITY,0,NUMERIC_ZERO,false
PMC13106918_RCSI_DCU_SILICA_CORONA,Royal College of Surgeons in Ireland and Dublin City University,protein_groups,proteinGroups.txt,471,LFQ intensity Pmax_1471,P53396,P53396,R4_PMC13106918_Pmax_1,POOLED_HUMAN_PLASMA_8_DONORS,Pmax,true,LFQ_INTENSITY,0,NUMERIC_ZERO,false
PMC13106918_RCSI_DCU_SILICA_CORONA,Royal College of Surgeons in Ireland and Dublin City University,protein_groups,proteinGroups.txt,471,LFQ intensity Pmax_2471,P53396,P53396,R4_PMC13106918_Pmax_2,POOLED_HUMAN_PLASMA_8_DONORS,Pmax,true,LFQ_INTENSITY,0,NUMERIC_ZERO,false
PMC13106918_RCSI_DCU_SILICA_CORONA,Royal College of Surgeons in Ireland and Dublin City University,protein_groups,proteinGroups.txt,471,LFQ intensity Pmax_3471,P53396,P53396,R4_PMC13106918_Pmax_3,POOLED_HUMAN_PLASMA_8_DONORS,Pmax,true,LFQ_INTENSITY,0,NUMERIC_ZERO,false
PMC13106918_RCSI_DCU_SILICA_CORONA,Royal College of Surgeons in Ireland and Dublin City University,protein_groups,proteinGroups.txt,471,LFQ intensity Pmax_4471,P53396,P53396,R4_PMC13106918_Pmax_4,POOLED_HUMAN_PLASMA_8_DONORS,Pmax,true,LFQ_INTENSITY,0,NUMERIC_ZERO,false
PMC13106918_RCSI_DCU_SILICA_CORONA,Royal College of Surgeons in Ireland and Dublin City University,protein_groups,proteinGroups.txt,471,LFQ intensity RapiG_1471,P53396,P53396,R4_PMC13106918_RapiG_1,POOLED_HUMAN_PLASMA_8_DONORS,RapiG,true,LFQ_INTENSITY,0,NUMERIC_ZERO,false
PMC13106918_RCSI_DCU_SILICA_CORONA,Royal College of Surgeons in Ireland and Dublin City University,protein_groups,proteinGroups.txt,471,LFQ intensity RapiG_2471,P53396,P53396,R4_PMC13106918_RapiG_2,POOLED_HUMAN_PLASMA_8_DONORS,RapiG,true,LFQ_INTENSITY,0,NUMERIC_ZERO,false
PMC13106918_RCSI_DCU_SILICA_CORONA,Royal College of Surgeons in Ireland and Dublin City University,protein_groups,proteinGroups.txt,471,LFQ intensity RapiG_3471,P53396,P53396,R4_PMC13106918_RapiG_3,POOLED_HUMAN_PLASMA_8_DONORS,RapiG,true,LFQ_INTENSITY,0,NUMERIC_ZERO,false
PMC13106918_RCSI_DCU_SILICA_CORONA,Royal College of Surgeons in Ireland and Dublin City University,protein_groups,proteinGroups.txt,471,LFQ intensity RapiG_4471,P53396,P53396,R4_PMC13106918_RapiG_4,POOLED_HUMAN_PLASMA_8_DONORS,RapiG,true,LFQ_INTENSITY,0,NUMERIC_ZERO,false
PMC13106918_RCSI_DCU_SILICA_CORONA,Royal College of Surgeons in Ireland and Dublin City University,protein_groups,proteinGroups.txt,471,LFQ intensity STD_1471,P53396,P53396,R4_PMC13106918_STD_1,POOLED_HUMAN_PLASMA_8_DONORS,STD,true,LFQ_INTENSITY,0,NUMERIC_ZERO,false
PMC13106918_RCSI_DCU_SILICA_CORONA,Royal College of Surgeons in Ireland and Dublin City University,protein_groups,proteinGroups.txt,471,LFQ intensity STD_2471,P53396,P53396,R4_PMC13106918_STD_2,POOLED_HUMAN_PLASMA_8_DONORS,STD,true,LFQ_INTENSITY,0,NUMERIC_ZERO,false
PMC13106918_RCSI_DCU_SILICA_CORONA,Royal College of Surgeons in Ireland and Dublin City University,protein_groups,proteinGroups.txt,471,LFQ intensity STD_3471,P53396,P53396,R4_PMC13106918_STD_3,POOLED_HUMAN_PLASMA_8_DONORS,STD,true,LFQ_INTENSITY,0,NUMERIC_ZERO,false
PMC13106918_RCSI_DCU_SILICA_CORONA,Royal College of Surgeons in Ireland and Dublin City University,protein_groups,proteinGroups.txt,471,LFQ intensity STD_4471,P53396,P53396,R4_PMC13106918_STD_4,POOLED_HUMAN_PLASMA_8_DONORS,STD,true,LFQ_INTENSITY,0,NUMERIC_ZERO,false
PMC13106918_RCSI_DCU_SILICA_CORONA,Royal College of Surgeons in Ireland and Dublin City University,protein_groups,proteinGroups.txt,471,LFQ intensity Strap_1471,P53396,P53396,R4_PMC13106918_Strap_1,POOLED_HUMAN_PLASMA_8_DONORS,Strap,true,LFQ_INTENSITY,0,NUMERIC_ZERO,false
PMC13106918_RCSI_DCU_SILICA_CORONA,Royal College of Surgeons in Ireland and Dublin City University,protein_groups,proteinGroups.txt,471,LFQ intensity Strap_2471,P53396,P53396,R4_PMC13106918_Strap_2,POOLED_HUMAN_PLASMA_8_DONORS,Strap,true,LFQ_INTENSITY,0,NUMERIC_ZERO,false
PMC13106918_RCSI_DCU_SILICA_CORONA,Royal College of Surgeons in Ireland and Dublin City University,protein_groups,proteinGroups.txt,471,LFQ intensity Strap_3471,P53396,P53396,R4_PMC13106918_Strap_3,POOLED_HUMAN_PLASMA_8_DONORS,Strap,true,LFQ_INTENSITY,0,NUMERIC_ZERO,false
PMC13106918_RCSI_DCU_SILICA_CORONA,Royal College of Surgeons in Ireland and Dublin City University,protein_groups,proteinGroups.txt,471,LFQ intensity Strap_4471,P53396,P53396,R4_PMC13106918_Strap_4,POOLED_HUMAN_PLASMA_8_DONORS,Strap,true,LFQ_INTENSITY,0,NUMERIC_ZERO,false
PMC13106918_RCSI_DCU_SILICA_CORONA,Royal College of Surgeons in Ireland and Dublin City University,protein_groups,proteinGroups.txt,481,LFQ intensity iST_1481,P55072,P55072,R4_PMC13106918_iST_1,POOLED_HUMAN_PLASMA_8_DONORS,iST,true,LFQ_INTENSITY,3439500,POSITIVE_FINITE,true
PMC13106918_RCSI_DCU_SILICA_CORONA,Royal College of Surgeons in Ireland and Dublin City University,protein_groups,proteinGroups.txt,481,LFQ intensity iST_2481,P55072,P55072,R4_PMC13106918_iST_2,POOLED_HUMAN_PLASMA_8_DONORS,iST,true,LFQ_INTENSITY,4413000,POSITIVE_FINITE,true
PMC13106918_RCSI_DCU_SILICA_CORONA,Royal College of Surgeons in Ireland and Dublin City University,protein_groups,proteinGroups.txt,481,LFQ intensity iST_3481,P55072,P55072,R4_PMC13106918_iST_3,POOLED_HUMAN_PLASMA_8_DONORS,iST,true,LFQ_INTENSITY,2258300,POSITIVE_FINITE,true
PMC13106918_RCSI_DCU_SILICA_CORONA,Royal College of Surgeons in Ireland and Dublin City University,protein_groups,proteinGroups.txt,481,LFQ intensity iST_4481,P55072,P55072,R4_PMC13106918_iST_4,POOLED_HUMAN_PLASMA_8_DONORS,iST,true,LFQ_INTENSITY,5424900,POSITIVE_FINITE,true
PMC13106918_RCSI_DCU_SILICA_CORONA,Royal College of Surgeons in Ireland and Dublin City University,protein_groups,proteinGroups.txt,481,LFQ intensity Pmax_1481,P55072,P55072,R4_PMC13106918_Pmax_1,POOLED_HUMAN_PLASMA_8_DONORS,Pmax,true,LFQ_INTENSITY,4923100,POSITIVE_FINITE,true
PMC13106918_RCSI_DCU_SILICA_CORONA,Royal College of Surgeons in Ireland and Dublin City University,protein_groups,proteinGroups.txt,481,LFQ intensity Pmax_2481,P55072,P55072,R4_PMC13106918_Pmax_2,POOLED_HUMAN_PLASMA_8_DONORS,Pmax,true,LFQ_INTENSITY,0,NUMERIC_ZERO,false
PMC13106918_RCSI_DCU_SILICA_CORONA,Royal College of Surgeons in Ireland and Dublin City University,protein_groups,proteinGroups.txt,481,LFQ intensity Pmax_3481,P55072,P55072,R4_PMC13106918_Pmax_3,POOLED_HUMAN_PLASMA_8_DONORS,Pmax,true,LFQ_INTENSITY,6296200,POSITIVE_FINITE,true
PMC13106918_RCSI_DCU_SILICA_CORONA,Royal College of Surgeons in Ireland and Dublin City University,protein_groups,proteinGroups.txt,481,LFQ intensity Pmax_4481,P55072,P55072,R4_PMC13106918_Pmax_4,POOLED_HUMAN_PLASMA_8_DONORS,Pmax,true,LFQ_INTENSITY,0,NUMERIC_ZERO,false
PMC13106918_RCSI_DCU_SILICA_CORONA,Royal College of Surgeons in Ireland and Dublin City University,protein_groups,proteinGroups.txt,481,LFQ intensity RapiG_1481,P55072,P55072,R4_PMC13106918_RapiG_1,POOLED_HUMAN_PLASMA_8_DONORS,RapiG,true,LFQ_INTENSITY,0,NUMERIC_ZERO,false
PMC13106918_RCSI_DCU_SILICA_CORONA,Royal College of Surgeons in Ireland and Dublin City University,protein_groups,proteinGroups.txt,481,LFQ intensity RapiG_2481,P55072,P55072,R4_PMC13106918_RapiG_2,POOLED_HUMAN_PLASMA_8_DONORS,RapiG,true,LFQ_INTENSITY,3600400,POSITIVE_FINITE,true
PMC13106918_RCSI_DCU_SILICA_CORONA,Royal College of Surgeons in Ireland and Dublin City University,protein_groups,proteinGroups.txt,481,LFQ intensity RapiG_3481,P55072,P55072,R4_PMC13106918_RapiG_3,POOLED_HUMAN_PLASMA_8_DONORS,RapiG,true,LFQ_INTENSITY,2059300,POSITIVE_FINITE,true
PMC13106918_RCSI_DCU_SILICA_CORONA,Royal College of Surgeons in Ireland and Dublin City University,protein_groups,proteinGroups.txt,481,LFQ intensity RapiG_4481,P55072,P55072,R4_PMC13106918_RapiG_4,POOLED_HUMAN_PLASMA_8_DONORS,RapiG,true,LFQ_INTENSITY,2685300,POSITIVE_FINITE,true
PMC13106918_RCSI_DCU_SILICA_CORONA,Royal College of Surgeons in Ireland and Dublin City University,protein_groups,proteinGroups.txt,481,LFQ intensity STD_1481,P55072,P55072,R4_PMC13106918_STD_1,POOLED_HUMAN_PLASMA_8_DONORS,STD,true,LFQ_INTENSITY,0,NUMERIC_ZERO,false
PMC13106918_RCSI_DCU_SILICA_CORONA,Royal College of Surgeons in Ireland and Dublin City University,protein_groups,proteinGroups.txt,481,LFQ intensity STD_2481,P55072,P55072,R4_PMC13106918_STD_2,POOLED_HUMAN_PLASMA_8_DONORS,STD,true,LFQ_INTENSITY,0,NUMERIC_ZERO,false
PMC13106918_RCSI_DCU_SILICA_CORONA,Royal College of Surgeons in Ireland and Dublin City University,protein_groups,proteinGroups.txt,481,LFQ intensity STD_3481,P55072,P55072,R4_PMC13106918_STD_3,POOLED_HUMAN_PLASMA_8_DONORS,STD,true,LFQ_INTENSITY,2361600,POSITIVE_FINITE,true
PMC13106918_RCSI_DCU_SILICA_CORONA,Royal College of Surgeons in Ireland and Dublin City University,protein_groups,proteinGroups.txt,481,LFQ intensity STD_4481,P55072,P55072,R4_PMC13106918_STD_4,POOLED_HUMAN_PLASMA_8_DONORS,STD,true,LFQ_INTENSITY,0,NUMERIC_ZERO,false
PMC13106918_RCSI_DCU_SILICA_CORONA,Royal College of Surgeons in Ireland and Dublin City University,protein_groups,proteinGroups.txt,481,LFQ intensity Strap_1481,P55072,P55072,R4_PMC13106918_Strap_1,POOLED_HUMAN_PLASMA_8_DONORS,Strap,true,LFQ_INTENSITY,1882000,POSITIVE_FINITE,true
PMC13106918_RCSI_DCU_SILICA_CORONA,Royal College of Surgeons in Ireland and Dublin City University,protein_groups,proteinGroups.txt,481,LFQ intensity Strap_2481,P55072,P55072,R4_PMC13106918_Strap_2,POOLED_HUMAN_PLASMA_8_DONORS,Strap,true,LFQ_INTENSITY,0,NUMERIC_ZERO,false
PMC13106918_RCSI_DCU_SILICA_CORONA,Royal College of Surgeons in Ireland and Dublin City University,protein_groups,proteinGroups.txt,481,LFQ intensity Strap_3481,P55072,P55072,R4_PMC13106918_Strap_3,POOLED_HUMAN_PLASMA_8_DONORS,Strap,true,LFQ_INTENSITY,1433300,POSITIVE_FINITE,true
PMC13106918_RCSI_DCU_SILICA_CORONA,Royal College of Surgeons in Ireland and Dublin City University,protein_groups,proteinGroups.txt,481,LFQ intensity Strap_4481,P55072,P55072,R4_PMC13106918_Strap_4,POOLED_HUMAN_PLASMA_8_DONORS,Strap,true,LFQ_INTENSITY,0,NUMERIC_ZERO,false
PMC13106918_RCSI_DCU_SILICA_CORONA,Royal College of Surgeons in Ireland and Dublin City University,protein_groups,proteinGroups.txt,488,LFQ intensity iST_1488,P60174,P60174,R4_PMC13106918_iST_1,POOLED_HUMAN_PLASMA_8_DONORS,iST,true,LFQ_INTENSITY,6415700,POSITIVE_FINITE,true
PMC13106918_RCSI_DCU_SILICA_CORONA,Royal College of Surgeons in Ireland and Dublin City University,protein_groups,proteinGroups.txt,488,LFQ intensity iST_2488,P60174,P60174,R4_PMC13106918_iST_2,POOLED_HUMAN_PLASMA_8_DONORS,iST,true,LFQ_INTENSITY,11291000,POSITIVE_FINITE,true
PMC13106918_RCSI_DCU_SILICA_CORONA,Royal College of Surgeons in Ireland and Dublin City University,protein_groups,proteinGroups.txt,488,LFQ intensity iST_3488,P60174,P60174,R4_PMC13106918_iST_3,POOLED_HUMAN_PLASMA_8_DONORS,iST,true,LFQ_INTENSITY,5519600,POSITIVE_FINITE,true
PMC13106918_RCSI_DCU_SILICA_CORONA,Royal College of Surgeons in Ireland and Dublin City University,protein_groups,proteinGroups.txt,488,LFQ intensity iST_4488,P60174,P60174,R4_PMC13106918_iST_4,POOLED_HUMAN_PLASMA_8_DONORS,iST,true,LFQ_INTENSITY,10185000,POSITIVE_FINITE,true
PMC13106918_RCSI_DCU_SILICA_CORONA,Royal College of Surgeons in Ireland and Dublin City University,protein_groups,proteinGroups.txt,488,LFQ intensity Pmax_1488,P60174,P60174,R4_PMC13106918_Pmax_1,POOLED_HUMAN_PLASMA_8_DONORS,Pmax,true,LFQ_INTENSITY,11455000,POSITIVE_FINITE,true
PMC13106918_RCSI_DCU_SILICA_CORONA,Royal College of Surgeons in Ireland and Dublin City University,protein_groups,proteinGroups.txt,488,LFQ intensity Pmax_2488,P60174,P60174,R4_PMC13106918_Pmax_2,POOLED_HUMAN_PLASMA_8_DONORS,Pmax,true,LFQ_INTENSITY,21569000,POSITIVE_FINITE,true
PMC13106918_RCSI_DCU_SILICA_CORONA,Royal College of Surgeons in Ireland and Dublin City University,protein_groups,proteinGroups.txt,488,LFQ intensity Pmax_3488,P60174,P60174,R4_PMC13106918_Pmax_3,POOLED_HUMAN_PLASMA_8_DONORS,Pmax,true,LFQ_INTENSITY,15232000,POSITIVE_FINITE,true
PMC13106918_RCSI_DCU_SILICA_CORONA,Royal College of Surgeons in Ireland and Dublin City University,protein_groups,proteinGroups.txt,488,LFQ intensity Pmax_4488,P60174,P60174,R4_PMC13106918_Pmax_4,POOLED_HUMAN_PLASMA_8_DONORS,Pmax,true,LFQ_INTENSITY,9316100,POSITIVE_FINITE,true
PMC13106918_RCSI_DCU_SILICA_CORONA,Royal College of Surgeons in Ireland and Dublin City University,protein_groups,proteinGroups.txt,488,LFQ intensity RapiG_1488,P60174,P60174,R4_PMC13106918_RapiG_1,POOLED_HUMAN_PLASMA_8_DONORS,RapiG,true,LFQ_INTENSITY,4485700,POSITIVE_FINITE,true
PMC13106918_RCSI_DCU_SILICA_CORONA,Royal College of Surgeons in Ireland and Dublin City University,protein_groups,proteinGroups.txt,488,LFQ intensity RapiG_2488,P60174,P60174,R4_PMC13106918_RapiG_2,POOLED_HUMAN_PLASMA_8_DONORS,RapiG,true,LFQ_INTENSITY,6507900,POSITIVE_FINITE,true
PMC13106918_RCSI_DCU_SILICA_CORONA,Royal College of Surgeons in Ireland and Dublin City University,protein_groups,proteinGroups.txt,488,LFQ intensity RapiG_3488,P60174,P60174,R4_PMC13106918_RapiG_3,POOLED_HUMAN_PLASMA_8_DONORS,RapiG,true,LFQ_INTENSITY,3330500,POSITIVE_FINITE,true
PMC13106918_RCSI_DCU_SILICA_CORONA,Royal College of Surgeons in Ireland and Dublin City University,protein_groups,proteinGroups.txt,488,LFQ intensity RapiG_4488,P60174,P60174,R4_PMC13106918_RapiG_4,POOLED_HUMAN_PLASMA_8_DONORS,RapiG,true,LFQ_INTENSITY,4036700,POSITIVE_FINITE,true
PMC13106918_RCSI_DCU_SILICA_CORONA,Royal College of Surgeons in Ireland and Dublin City University,protein_groups,proteinGroups.txt,488,LFQ intensity STD_1488,P60174,P60174,R4_PMC13106918_STD_1,POOLED_HUMAN_PLASMA_8_DONORS,STD,true,LFQ_INTENSITY,5838100,POSITIVE_FINITE,true
PMC13106918_RCSI_DCU_SILICA_CORONA,Royal College of Surgeons in Ireland and Dublin City University,protein_groups,proteinGroups.txt,488,LFQ intensity STD_2488,P60174,P60174,R4_PMC13106918_STD_2,POOLED_HUMAN_PLASMA_8_DONORS,STD,true,LFQ_INTENSITY,0,NUMERIC_ZERO,false
PMC13106918_RCSI_DCU_SILICA_CORONA,Royal College of Surgeons in Ireland and Dublin City University,protein_groups,proteinGroups.txt,488,LFQ intensity STD_3488,P60174,P60174,R4_PMC13106918_STD_3,POOLED_HUMAN_PLASMA_8_DONORS,STD,true,LFQ_INTENSITY,6412500,POSITIVE_FINITE,true
PMC13106918_RCSI_DCU_SILICA_CORONA,Royal College of Surgeons in Ireland and Dublin City University,protein_groups,proteinGroups.txt,488,LFQ intensity STD_4488,P60174,P60174,R4_PMC13106918_STD_4,POOLED_HUMAN_PLASMA_8_DONORS,STD,true,LFQ_INTENSITY,6385200,POSITIVE_FINITE,true
PMC13106918_RCSI_DCU_SILICA_CORONA,Royal College of Surgeons in Ireland and Dublin City University,protein_groups,proteinGroups.txt,488,LFQ intensity Strap_1488,P60174,P60174,R4_PMC13106918_Strap_1,POOLED_HUMAN_PLASMA_8_DONORS,Strap,true,LFQ_INTENSITY,2198100,POSITIVE_FINITE,true
PMC13106918_RCSI_DCU_SILICA_CORONA,Royal College of Surgeons in Ireland and Dublin City University,protein_groups,proteinGroups.txt,488,LFQ intensity Strap_2488,P60174,P60174,R4_PMC13106918_Strap_2,POOLED_HUMAN_PLASMA_8_DONORS,Strap,true,LFQ_INTENSITY,3156900,POSITIVE_FINITE,true
PMC13106918_RCSI_DCU_SILICA_CORONA,Royal College of Surgeons in Ireland and Dublin City University,protein_groups,proteinGroups.txt,488,LFQ intensity Strap_3488,P60174,P60174,R4_PMC13106918_Strap_3,POOLED_HUMAN_PLASMA_8_DONORS,Strap,true,LFQ_INTENSITY,3204500,POSITIVE_FINITE,true
PMC13106918_RCSI_DCU_SILICA_CORONA,Royal College of Surgeons in Ireland and Dublin City University,protein_groups,proteinGroups.txt,488,LFQ intensity Strap_4488,P60174,P60174,R4_PMC13106918_Strap_4,POOLED_HUMAN_PLASMA_8_DONORS,Strap,true,LFQ_INTENSITY,3732800,POSITIVE_FINITE,true
PMC13106918_RCSI_DCU_SILICA_CORONA,Royal College of Surgeons in Ireland and Dublin City University,protein_groups,proteinGroups.txt,495,LFQ intensity iST_1495,P61026,P61026,R4_PMC13106918_iST_1,POOLED_HUMAN_PLASMA_8_DONORS,iST,true,LFQ_INTENSITY,4130600,POSITIVE_FINITE,true
PMC13106918_RCSI_DCU_SILICA_CORONA,Royal College of Surgeons in Ireland and Dublin City University,protein_groups,proteinGroups.txt,495,LFQ intensity iST_2495,P61026,P61026,R4_PMC13106918_iST_2,POOLED_HUMAN_PLASMA_8_DONORS,iST,true,LFQ_INTENSITY,5738200,POSITIVE_FINITE,true
PMC13106918_RCSI_DCU_SILICA_CORONA,Royal College of Surgeons in Ireland and Dublin City University,protein_groups,proteinGroups.txt,495,LFQ intensity iST_3495,P61026,P61026,R4_PMC13106918_iST_3,POOLED_HUMAN_PLASMA_8_DONORS,iST,true,LFQ_INTENSITY,5759100,POSITIVE_FINITE,true
PMC13106918_RCSI_DCU_SILICA_CORONA,Royal College of Surgeons in Ireland and Dublin City University,protein_groups,proteinGroups.txt,495,LFQ intensity iST_4495,P61026,P61026,R4_PMC13106918_iST_4,POOLED_HUMAN_PLASMA_8_DONORS,iST,true,LFQ_INTENSITY,5323500,POSITIVE_FINITE,true
PMC13106918_RCSI_DCU_SILICA_CORONA,Royal College of Surgeons in Ireland and Dublin City University,protein_groups,proteinGroups.txt,495,LFQ intensity Pmax_1495,P61026,P61026,R4_PMC13106918_Pmax_1,POOLED_HUMAN_PLASMA_8_DONORS,Pmax,true,LFQ_INTENSITY,9670600,POSITIVE_FINITE,true
PMC13106918_RCSI_DCU_SILICA_CORONA,Royal College of Surgeons in Ireland and Dublin City University,protein_groups,proteinGroups.txt,495,LFQ intensity Pmax_2495,P61026,P61026,R4_PMC13106918_Pmax_2,POOLED_HUMAN_PLASMA_8_DONORS,Pmax,true,LFQ_INTENSITY,25918000,POSITIVE_FINITE,true
PMC13106918_RCSI_DCU_SILICA_CORONA,Royal College of Surgeons in Ireland and Dublin City University,protein_groups,proteinGroups.txt,495,LFQ intensity Pmax_3495,P61026,P61026,R4_PMC13106918_Pmax_3,POOLED_HUMAN_PLASMA_8_DONORS,Pmax,true,LFQ_INTENSITY,15013000,POSITIVE_FINITE,true
PMC13106918_RCSI_DCU_SILICA_CORONA,Royal College of Surgeons in Ireland and Dublin City University,protein_groups,proteinGroups.txt,495,LFQ intensity Pmax_4495,P61026,P61026,R4_PMC13106918_Pmax_4,POOLED_HUMAN_PLASMA_8_DONORS,Pmax,true,LFQ_INTENSITY,9379100,POSITIVE_FINITE,true
PMC13106918_RCSI_DCU_SILICA_CORONA,Royal College of Surgeons in Ireland and Dublin City University,protein_groups,proteinGroups.txt,495,LFQ intensity RapiG_1495,P61026,P61026,R4_PMC13106918_RapiG_1,POOLED_HUMAN_PLASMA_8_DONORS,RapiG,true,LFQ_INTENSITY,3435900,POSITIVE_FINITE,true
PMC13106918_RCSI_DCU_SILICA_CORONA,Royal College of Surgeons in Ireland and Dublin City University,protein_groups,proteinGroups.txt,495,LFQ intensity RapiG_2495,P61026,P61026,R4_PMC13106918_RapiG_2,POOLED_HUMAN_PLASMA_8_DONORS,RapiG,true,LFQ_INTENSITY,5271600,POSITIVE_FINITE,true
PMC13106918_RCSI_DCU_SILICA_CORONA,Royal College of Surgeons in Ireland and Dublin City University,protein_groups,proteinGroups.txt,495,LFQ intensity RapiG_3495,P61026,P61026,R4_PMC13106918_RapiG_3,POOLED_HUMAN_PLASMA_8_DONORS,RapiG,true,LFQ_INTENSITY,5034700,POSITIVE_FINITE,true
PMC13106918_RCSI_DCU_SILICA_CORONA,Royal College of Surgeons in Ireland and Dublin City University,protein_groups,proteinGroups.txt,495,LFQ intensity RapiG_4495,P61026,P61026,R4_PMC13106918_RapiG_4,POOLED_HUMAN_PLASMA_8_DONORS,RapiG,true,LFQ_INTENSITY,5476200,POSITIVE_FINITE,true
PMC13106918_RCSI_DCU_SILICA_CORONA,Royal College of Surgeons in Ireland and Dublin City University,protein_groups,proteinGroups.txt,495,LFQ intensity STD_1495,P61026,P61026,R4_PMC13106918_STD_1,POOLED_HUMAN_PLASMA_8_DONORS,STD,true,LFQ_INTENSITY,0,NUMERIC_ZERO,false
PMC13106918_RCSI_DCU_SILICA_CORONA,Royal College of Surgeons in Ireland and Dublin City University,protein_groups,proteinGroups.txt,495,LFQ intensity STD_2495,P61026,P61026,R4_PMC13106918_STD_2,POOLED_HUMAN_PLASMA_8_DONORS,STD,true,LFQ_INTENSITY,0,NUMERIC_ZERO,false
PMC13106918_RCSI_DCU_SILICA_CORONA,Royal College of Surgeons in Ireland and Dublin City University,protein_groups,proteinGroups.txt,495,LFQ intensity STD_3495,P61026,P61026,R4_PMC13106918_STD_3,POOLED_HUMAN_PLASMA_8_DONORS,STD,true,LFQ_INTENSITY,4541400,POSITIVE_FINITE,true
PMC13106918_RCSI_DCU_SILICA_CORONA,Royal College of Surgeons in Ireland and Dublin City University,protein_groups,proteinGroups.txt,495,LFQ intensity STD_4495,P61026,P61026,R4_PMC13106918_STD_4,POOLED_HUMAN_PLASMA_8_DONORS,STD,true,LFQ_INTENSITY,0,NUMERIC_ZERO,false
PMC13106918_RCSI_DCU_SILICA_CORONA,Royal College of Surgeons in Ireland and Dublin City University,protein_groups,proteinGroups.txt,495,LFQ intensity Strap_1495,P61026,P61026,R4_PMC13106918_Strap_1,POOLED_HUMAN_PLASMA_8_DONORS,Strap,true,LFQ_INTENSITY,0,NUMERIC_ZERO,false
PMC13106918_RCSI_DCU_SILICA_CORONA,Royal College of Surgeons in Ireland and Dublin City University,protein_groups,proteinGroups.txt,495,LFQ intensity Strap_2495,P61026,P61026,R4_PMC13106918_Strap_2,POOLED_HUMAN_PLASMA_8_DONORS,Strap,true,LFQ_INTENSITY,3579400,POSITIVE_FINITE,true
PMC13106918_RCSI_DCU_SILICA_CORONA,Royal College of Surgeons in Ireland and Dublin City University,protein_groups,proteinGroups.txt,495,LFQ intensity Strap_3495,P61026,P61026,R4_PMC13106918_Strap_3,POOLED_HUMAN_PLASMA_8_DONORS,Strap,true,LFQ_INTENSITY,0,NUMERIC_ZERO,false
PMC13106918_RCSI_DCU_SILICA_CORONA,Royal College of Surgeons in Ireland and Dublin City University,protein_groups,proteinGroups.txt,495,LFQ intensity Strap_4495,P61026,P61026,R4_PMC13106918_Strap_4,POOLED_HUMAN_PLASMA_8_DONORS,Strap,true,LFQ_INTENSITY,5344500,POSITIVE_FINITE,true
PMC13106918_RCSI_DCU_SILICA_CORONA,Royal College of Surgeons in Ireland and Dublin City University,protein_groups,proteinGroups.txt,509,LFQ intensity iST_1509,P61978,P61978,R4_PMC13106918_iST_1,POOLED_HUMAN_PLASMA_8_DONORS,iST,true,LFQ_INTENSITY,24735000,POSITIVE_FINITE,true
PMC13106918_RCSI_DCU_SILICA_CORONA,Royal College of Surgeons in Ireland and Dublin City University,protein_groups,proteinGroups.txt,509,LFQ intensity iST_2509,P61978,P61978,R4_PMC13106918_iST_2,POOLED_HUMAN_PLASMA_8_DONORS,iST,true,LFQ_INTENSITY,28012000,POSITIVE_FINITE,true
PMC13106918_RCSI_DCU_SILICA_CORONA,Royal College of Surgeons in Ireland and Dublin City University,protein_groups,proteinGroups.txt,509,LFQ intensity iST_3509,P61978,P61978,R4_PMC13106918_iST_3,POOLED_HUMAN_PLASMA_8_DONORS,iST,true,LFQ_INTENSITY,21563000,POSITIVE_FINITE,true
PMC13106918_RCSI_DCU_SILICA_CORONA,Royal College of Surgeons in Ireland and Dublin City University,protein_groups,proteinGroups.txt,509,LFQ intensity iST_4509,P61978,P61978,R4_PMC13106918_iST_4,POOLED_HUMAN_PLASMA_8_DONORS,iST,true,LFQ_INTENSITY,25040000,POSITIVE_FINITE,true
PMC13106918_RCSI_DCU_SILICA_CORONA,Royal College of Surgeons in Ireland and Dublin City University,protein_groups,proteinGroups.txt,509,LFQ intensity Pmax_1509,P61978,P61978,R4_PMC13106918_Pmax_1,POOLED_HUMAN_PLASMA_8_DONORS,Pmax,true,LFQ_INTENSITY,23067000,POSITIVE_FINITE,true
PMC13106918_RCSI_DCU_SILICA_CORONA,Royal College of Surgeons in Ireland and Dublin City University,protein_groups,proteinGroups.txt,509,LFQ intensity Pmax_2509,P61978,P61978,R4_PMC13106918_Pmax_2,POOLED_HUMAN_PLASMA_8_DONORS,Pmax,true,LFQ_INTENSITY,28184000,POSITIVE_FINITE,true
PMC13106918_RCSI_DCU_SILICA_CORONA,Royal College of Surgeons in Ireland and Dublin City University,protein_groups,proteinGroups.txt,509,LFQ intensity Pmax_3509,P61978,P61978,R4_PMC13106918_Pmax_3,POOLED_HUMAN_PLASMA_8_DONORS,Pmax,true,LFQ_INTENSITY,27437000,POSITIVE_FINITE,true
PMC13106918_RCSI_DCU_SILICA_CORONA,Royal College of Surgeons in Ireland and Dublin City University,protein_groups,proteinGroups.txt,509,LFQ intensity Pmax_4509,P61978,P61978,R4_PMC13106918_Pmax_4,POOLED_HUMAN_PLASMA_8_DONORS,Pmax,true,LFQ_INTENSITY,26875000,POSITIVE_FINITE,true
PMC13106918_RCSI_DCU_SILICA_CORONA,Royal College of Surgeons in Ireland and Dublin City University,protein_groups,proteinGroups.txt,509,LFQ intensity RapiG_1509,P61978,P61978,R4_PMC13106918_RapiG_1,POOLED_HUMAN_PLASMA_8_DONORS,RapiG,true,LFQ_INTENSITY,11247000,POSITIVE_FINITE,true
PMC13106918_RCSI_DCU_SILICA_CORONA,Royal College of Surgeons in Ireland and Dublin City University,protein_groups,proteinGroups.txt,509,LFQ intensity RapiG_2509,P61978,P61978,R4_PMC13106918_RapiG_2,POOLED_HUMAN_PLASMA_8_DONORS,RapiG,true,LFQ_INTENSITY,16639000,POSITIVE_FINITE,true
PMC13106918_RCSI_DCU_SILICA_CORONA,Royal College of Surgeons in Ireland and Dublin City University,protein_groups,proteinGroups.txt,509,LFQ intensity RapiG_3509,P61978,P61978,R4_PMC13106918_RapiG_3,POOLED_HUMAN_PLASMA_8_DONORS,RapiG,true,LFQ_INTENSITY,9805200,POSITIVE_FINITE,true
PMC13106918_RCSI_DCU_SILICA_CORONA,Royal College of Surgeons in Ireland and Dublin City University,protein_groups,proteinGroups.txt,509,LFQ intensity RapiG_4509,P61978,P61978,R4_PMC13106918_RapiG_4,POOLED_HUMAN_PLASMA_8_DONORS,RapiG,true,LFQ_INTENSITY,10226000,POSITIVE_FINITE,true
PMC13106918_RCSI_DCU_SILICA_CORONA,Royal College of Surgeons in Ireland and Dublin City University,protein_groups,proteinGroups.txt,509,LFQ intensity STD_1509,P61978,P61978,R4_PMC13106918_STD_1,POOLED_HUMAN_PLASMA_8_DONORS,STD,true,LFQ_INTENSITY,0,NUMERIC_ZERO,false
PMC13106918_RCSI_DCU_SILICA_CORONA,Royal College of Surgeons in Ireland and Dublin City University,protein_groups,proteinGroups.txt,509,LFQ intensity STD_2509,P61978,P61978,R4_PMC13106918_STD_2,POOLED_HUMAN_PLASMA_8_DONORS,STD,true,LFQ_INTENSITY,11962000,POSITIVE_FINITE,true
PMC13106918_RCSI_DCU_SILICA_CORONA,Royal College of Surgeons in Ireland and Dublin City University,protein_groups,proteinGroups.txt,509,LFQ intensity STD_3509,P61978,P61978,R4_PMC13106918_STD_3,POOLED_HUMAN_PLASMA_8_DONORS,STD,true,LFQ_INTENSITY,13732000,POSITIVE_FINITE,true
PMC13106918_RCSI_DCU_SILICA_CORONA,Royal College of Surgeons in Ireland and Dublin City University,protein_groups,proteinGroups.txt,509,LFQ intensity STD_4509,P61978,P61978,R4_PMC13106918_STD_4,POOLED_HUMAN_PLASMA_8_DONORS,STD,true,LFQ_INTENSITY,0,NUMERIC_ZERO,false
PMC13106918_RCSI_DCU_SILICA_CORONA,Royal College of Surgeons in Ireland and Dublin City University,protein_groups,proteinGroups.txt,509,LFQ intensity Strap_1509,P61978,P61978,R4_PMC13106918_Strap_1,POOLED_HUMAN_PLASMA_8_DONORS,Strap,true,LFQ_INTENSITY,7457400,POSITIVE_FINITE,true
PMC13106918_RCSI_DCU_SILICA_CORONA,Royal College of Surgeons in Ireland and Dublin City University,protein_groups,proteinGroups.txt,509,LFQ intensity Strap_2509,P61978,P61978,R4_PMC13106918_Strap_2,POOLED_HUMAN_PLASMA_8_DONORS,Strap,true,LFQ_INTENSITY,10811000,POSITIVE_FINITE,true
PMC13106918_RCSI_DCU_SILICA_CORONA,Royal College of Surgeons in Ireland and Dublin City University,protein_groups,proteinGroups.txt,509,LFQ intensity Strap_3509,P61978,P61978,R4_PMC13106918_Strap_3,POOLED_HUMAN_PLASMA_8_DONORS,Strap,true,LFQ_INTENSITY,6301000,POSITIVE_FINITE,true
PMC13106918_RCSI_DCU_SILICA_CORONA,Royal College of Surgeons in Ireland and Dublin City University,protein_groups,proteinGroups.txt,509,LFQ intensity Strap_4509,P61978,P61978,R4_PMC13106918_Strap_4,POOLED_HUMAN_PLASMA_8_DONORS,Strap,true,LFQ_INTENSITY,9698100,POSITIVE_FINITE,true
PMC13106918_RCSI_DCU_SILICA_CORONA,Royal College of Surgeons in Ireland and Dublin City University,protein_groups,proteinGroups.txt,510,LFQ intensity iST_1510,P61981,P61981,R4_PMC13106918_iST_1,POOLED_HUMAN_PLASMA_8_DONORS,iST,true,LFQ_INTENSITY,0,NUMERIC_ZERO,false
PMC13106918_RCSI_DCU_SILICA_CORONA,Royal College of Surgeons in Ireland and Dublin City University,protein_groups,proteinGroups.txt,510,LFQ intensity iST_2510,P61981,P61981,R4_PMC13106918_iST_2,POOLED_HUMAN_PLASMA_8_DONORS,iST,true,LFQ_INTENSITY,1769900,POSITIVE_FINITE,true
PMC13106918_RCSI_DCU_SILICA_CORONA,Royal College of Surgeons in Ireland and Dublin City University,protein_groups,proteinGroups.txt,510,LFQ intensity iST_3510,P61981,P61981,R4_PMC13106918_iST_3,POOLED_HUMAN_PLASMA_8_DONORS,iST,true,LFQ_INTENSITY,0,NUMERIC_ZERO,false
PMC13106918_RCSI_DCU_SILICA_CORONA,Royal College of Surgeons in Ireland and Dublin City University,protein_groups,proteinGroups.txt,510,LFQ intensity iST_4510,P61981,P61981,R4_PMC13106918_iST_4,POOLED_HUMAN_PLASMA_8_DONORS,iST,true,LFQ_INTENSITY,1992800,POSITIVE_FINITE,true
PMC13106918_RCSI_DCU_SILICA_CORONA,Royal College of Surgeons in Ireland and Dublin City University,protein_groups,proteinGroups.txt,510,LFQ intensity Pmax_1510,P61981,P61981,R4_PMC13106918_Pmax_1,POOLED_HUMAN_PLASMA_8_DONORS,Pmax,true,LFQ_INTENSITY,0,NUMERIC_ZERO,false
PMC13106918_RCSI_DCU_SILICA_CORONA,Royal College of Surgeons in Ireland and Dublin City University,protein_groups,proteinGroups.txt,510,LFQ intensity Pmax_2510,P61981,P61981,R4_PMC13106918_Pmax_2,POOLED_HUMAN_PLASMA_8_DONORS,Pmax,true,LFQ_INTENSITY,0,NUMERIC_ZERO,false
PMC13106918_RCSI_DCU_SILICA_CORONA,Royal College of Surgeons in Ireland and Dublin City University,protein_groups,proteinGroups.txt,510,LFQ intensity Pmax_3510,P61981,P61981,R4_PMC13106918_Pmax_3,POOLED_HUMAN_PLASMA_8_DONORS,Pmax,true,LFQ_INTENSITY,0,NUMERIC_ZERO,false
PMC13106918_RCSI_DCU_SILICA_CORONA,Royal College of Surgeons in Ireland and Dublin City University,protein_groups,proteinGroups.txt,510,LFQ intensity Pmax_4510,P61981,P61981,R4_PMC13106918_Pmax_4,POOLED_HUMAN_PLASMA_8_DONORS,Pmax,true,LFQ_INTENSITY,0,NUMERIC_ZERO,false
PMC13106918_RCSI_DCU_SILICA_CORONA,Royal College of Surgeons in Ireland and Dublin City University,protein_groups,proteinGroups.txt,510,LFQ intensity RapiG_1510,P61981,P61981,R4_PMC13106918_RapiG_1,POOLED_HUMAN_PLASMA_8_DONORS,RapiG,true,LFQ_INTENSITY,0,NUMERIC_ZERO,false
PMC13106918_RCSI_DCU_SILICA_CORONA,Royal College of Surgeons in Ireland and Dublin City University,protein_groups,proteinGroups.txt,510,LFQ intensity RapiG_2510,P61981,P61981,R4_PMC13106918_RapiG_2,POOLED_HUMAN_PLASMA_8_DONORS,RapiG,true,LFQ_INTENSITY,0,NUMERIC_ZERO,false
PMC13106918_RCSI_DCU_SILICA_CORONA,Royal College of Surgeons in Ireland and Dublin City University,protein_groups,proteinGroups.txt,510,LFQ intensity RapiG_3510,P61981,P61981,R4_PMC13106918_RapiG_3,POOLED_HUMAN_PLASMA_8_DONORS,RapiG,true,LFQ_INTENSITY,0,NUMERIC_ZERO,false
PMC13106918_RCSI_DCU_SILICA_CORONA,Royal College of Surgeons in Ireland and Dublin City University,protein_groups,proteinGroups.txt,510,LFQ intensity RapiG_4510,P61981,P61981,R4_PMC13106918_RapiG_4,POOLED_HUMAN_PLASMA_8_DONORS,RapiG,true,LFQ_INTENSITY,0,NUMERIC_ZERO,false
PMC13106918_RCSI_DCU_SILICA_CORONA,Royal College of Surgeons in Ireland and Dublin City University,protein_groups,proteinGroups.txt,510,LFQ intensity STD_1510,P61981,P61981,R4_PMC13106918_STD_1,POOLED_HUMAN_PLASMA_8_DONORS,STD,true,LFQ_INTENSITY,0,NUMERIC_ZERO,false
PMC13106918_RCSI_DCU_SILICA_CORONA,Royal College of Surgeons in Ireland and Dublin City University,protein_groups,proteinGroups.txt,510,LFQ intensity STD_2510,P61981,P61981,R4_PMC13106918_STD_2,POOLED_HUMAN_PLASMA_8_DONORS,STD,true,LFQ_INTENSITY,0,NUMERIC_ZERO,false
PMC13106918_RCSI_DCU_SILICA_CORONA,Royal College of Surgeons in Ireland and Dublin City University,protein_groups,proteinGroups.txt,510,LFQ intensity STD_3510,P61981,P61981,R4_PMC13106918_STD_3,POOLED_HUMAN_PLASMA_8_DONORS,STD,true,LFQ_INTENSITY,0,NUMERIC_ZERO,false
PMC13106918_RCSI_DCU_SILICA_CORONA,Royal College of Surgeons in Ireland and Dublin City University,protein_groups,proteinGroups.txt,510,LFQ intensity STD_4510,P61981,P61981,R4_PMC13106918_STD_4,POOLED_HUMAN_PLASMA_8_DONORS,STD,true,LFQ_INTENSITY,0,NUMERIC_ZERO,false
PMC13106918_RCSI_DCU_SILICA_CORONA,Royal College of Surgeons in Ireland and Dublin City University,protein_groups,proteinGroups.txt,510,LFQ intensity Strap_1510,P61981,P61981,R4_PMC13106918_Strap_1,POOLED_HUMAN_PLASMA_8_DONORS,Strap,true,LFQ_INTENSITY,0,NUMERIC_ZERO,false
PMC13106918_RCSI_DCU_SILICA_CORONA,Royal College of Surgeons in Ireland and Dublin City University,protein_groups,proteinGroups.txt,510,LFQ intensity Strap_2510,P61981,P61981,R4_PMC13106918_Strap_2,POOLED_HUMAN_PLASMA_8_DONORS,Strap,true,LFQ_INTENSITY,0,NUMERIC_ZERO,false
PMC13106918_RCSI_DCU_SILICA_CORONA,Royal College of Surgeons in Ireland and Dublin City University,protein_groups,proteinGroups.txt,510,LFQ intensity Strap_3510,P61981,P61981,R4_PMC13106918_Strap_3,POOLED_HUMAN_PLASMA_8_DONORS,Strap,true,LFQ_INTENSITY,0,NUMERIC_ZERO,false
PMC13106918_RCSI_DCU_SILICA_CORONA,Royal College of Surgeons in Ireland and Dublin City University,protein_groups,proteinGroups.txt,510,LFQ intensity Strap_4510,P61981,P61981,R4_PMC13106918_Strap_4,POOLED_HUMAN_PLASMA_8_DONORS,Strap,true,LFQ_INTENSITY,0,NUMERIC_ZERO,false
PMC13106918_RCSI_DCU_SILICA_CORONA,Royal College of Surgeons in Ireland and Dublin City University,protein_groups,proteinGroups.txt,531,LFQ intensity iST_1531,P62805,P62805,R4_PMC13106918_iST_1,POOLED_HUMAN_PLASMA_8_DONORS,iST,true,LFQ_INTENSITY,27962000,POSITIVE_FINITE,true
PMC13106918_RCSI_DCU_SILICA_CORONA,Royal College of Surgeons in Ireland and Dublin City University,protein_groups,proteinGroups.txt,531,LFQ intensity iST_2531,P62805,P62805,R4_PMC13106918_iST_2,POOLED_HUMAN_PLASMA_8_DONORS,iST,true,LFQ_INTENSITY,39407000,POSITIVE_FINITE,true
PMC13106918_RCSI_DCU_SILICA_CORONA,Royal College of Surgeons in Ireland and Dublin City University,protein_groups,proteinGroups.txt,531,LFQ intensity iST_3531,P62805,P62805,R4_PMC13106918_iST_3,POOLED_HUMAN_PLASMA_8_DONORS,iST,true,LFQ_INTENSITY,26845000,POSITIVE_FINITE,true
PMC13106918_RCSI_DCU_SILICA_CORONA,Royal College of Surgeons in Ireland and Dublin City University,protein_groups,proteinGroups.txt,531,LFQ intensity iST_4531,P62805,P62805,R4_PMC13106918_iST_4,POOLED_HUMAN_PLASMA_8_DONORS,iST,true,LFQ_INTENSITY,38736000,POSITIVE_FINITE,true
PMC13106918_RCSI_DCU_SILICA_CORONA,Royal College of Surgeons in Ireland and Dublin City University,protein_groups,proteinGroups.txt,531,LFQ intensity Pmax_1531,P62805,P62805,R4_PMC13106918_Pmax_1,POOLED_HUMAN_PLASMA_8_DONORS,Pmax,true,LFQ_INTENSITY,44059000,POSITIVE_FINITE,true
PMC13106918_RCSI_DCU_SILICA_CORONA,Royal College of Surgeons in Ireland and Dublin City University,protein_groups,proteinGroups.txt,531,LFQ intensity Pmax_2531,P62805,P62805,R4_PMC13106918_Pmax_2,POOLED_HUMAN_PLASMA_8_DONORS,Pmax,true,LFQ_INTENSITY,20023000,POSITIVE_FINITE,true
PMC13106918_RCSI_DCU_SILICA_CORONA,Royal College of Surgeons in Ireland and Dublin City University,protein_groups,proteinGroups.txt,531,LFQ intensity Pmax_3531,P62805,P62805,R4_PMC13106918_Pmax_3,POOLED_HUMAN_PLASMA_8_DONORS,Pmax,true,LFQ_INTENSITY,49085000,POSITIVE_FINITE,true
PMC13106918_RCSI_DCU_SILICA_CORONA,Royal College of Surgeons in Ireland and Dublin City University,protein_groups,proteinGroups.txt,531,LFQ intensity Pmax_4531,P62805,P62805,R4_PMC13106918_Pmax_4,POOLED_HUMAN_PLASMA_8_DONORS,Pmax,true,LFQ_INTENSITY,17194000,POSITIVE_FINITE,true
PMC13106918_RCSI_DCU_SILICA_CORONA,Royal College of Surgeons in Ireland and Dublin City University,protein_groups,proteinGroups.txt,531,LFQ intensity RapiG_1531,P62805,P62805,R4_PMC13106918_RapiG_1,POOLED_HUMAN_PLASMA_8_DONORS,RapiG,true,LFQ_INTENSITY,29604000,POSITIVE_FINITE,true
PMC13106918_RCSI_DCU_SILICA_CORONA,Royal College of Surgeons in Ireland and Dublin City University,protein_groups,proteinGroups.txt,531,LFQ intensity RapiG_2531,P62805,P62805,R4_PMC13106918_RapiG_2,POOLED_HUMAN_PLASMA_8_DONORS,RapiG,true,LFQ_INTENSITY,78212000,POSITIVE_FINITE,true
PMC13106918_RCSI_DCU_SILICA_CORONA,Royal College of Surgeons in Ireland and Dublin City University,protein_groups,proteinGroups.txt,531,LFQ intensity RapiG_3531,P62805,P62805,R4_PMC13106918_RapiG_3,POOLED_HUMAN_PLASMA_8_DONORS,RapiG,true,LFQ_INTENSITY,58301000,POSITIVE_FINITE,true
PMC13106918_RCSI_DCU_SILICA_CORONA,Royal College of Surgeons in Ireland and Dublin City University,protein_groups,proteinGroups.txt,531,LFQ intensity RapiG_4531,P62805,P62805,R4_PMC13106918_RapiG_4,POOLED_HUMAN_PLASMA_8_DONORS,RapiG,true,LFQ_INTENSITY,22298000,POSITIVE_FINITE,true
PMC13106918_RCSI_DCU_SILICA_CORONA,Royal College of Surgeons in Ireland and Dublin City University,protein_groups,proteinGroups.txt,531,LFQ intensity STD_1531,P62805,P62805,R4_PMC13106918_STD_1,POOLED_HUMAN_PLASMA_8_DONORS,STD,true,LFQ_INTENSITY,4526700,POSITIVE_FINITE,true
PMC13106918_RCSI_DCU_SILICA_CORONA,Royal College of Surgeons in Ireland and Dublin City University,protein_groups,proteinGroups.txt,531,LFQ intensity STD_2531,P62805,P62805,R4_PMC13106918_STD_2,POOLED_HUMAN_PLASMA_8_DONORS,STD,true,LFQ_INTENSITY,13706000,POSITIVE_FINITE,true
PMC13106918_RCSI_DCU_SILICA_CORONA,Royal College of Surgeons in Ireland and Dublin City University,protein_groups,proteinGroups.txt,531,LFQ intensity STD_3531,P62805,P62805,R4_PMC13106918_STD_3,POOLED_HUMAN_PLASMA_8_DONORS,STD,true,LFQ_INTENSITY,21545000,POSITIVE_FINITE,true
PMC13106918_RCSI_DCU_SILICA_CORONA,Royal College of Surgeons in Ireland and Dublin City University,protein_groups,proteinGroups.txt,531,LFQ intensity STD_4531,P62805,P62805,R4_PMC13106918_STD_4,POOLED_HUMAN_PLASMA_8_DONORS,STD,true,LFQ_INTENSITY,11146000,POSITIVE_FINITE,true
PMC13106918_RCSI_DCU_SILICA_CORONA,Royal College of Surgeons in Ireland and Dublin City University,protein_groups,proteinGroups.txt,531,LFQ intensity Strap_1531,P62805,P62805,R4_PMC13106918_Strap_1,POOLED_HUMAN_PLASMA_8_DONORS,Strap,true,LFQ_INTENSITY,14106000,POSITIVE_FINITE,true
PMC13106918_RCSI_DCU_SILICA_CORONA,Royal College of Surgeons in Ireland and Dublin City University,protein_groups,proteinGroups.txt,531,LFQ intensity Strap_2531,P62805,P62805,R4_PMC13106918_Strap_2,POOLED_HUMAN_PLASMA_8_DONORS,Strap,true,LFQ_INTENSITY,21320000,POSITIVE_FINITE,true
PMC13106918_RCSI_DCU_SILICA_CORONA,Royal College of Surgeons in Ireland and Dublin City University,protein_groups,proteinGroups.txt,531,LFQ intensity Strap_3531,P62805,P62805,R4_PMC13106918_Strap_3,POOLED_HUMAN_PLASMA_8_DONORS,Strap,true,LFQ_INTENSITY,12457000,POSITIVE_FINITE,true
PMC13106918_RCSI_DCU_SILICA_CORONA,Royal College of Surgeons in Ireland and Dublin City University,protein_groups,proteinGroups.txt,531,LFQ intensity Strap_4531,P62805,P62805,R4_PMC13106918_Strap_4,POOLED_HUMAN_PLASMA_8_DONORS,Strap,true,LFQ_INTENSITY,14623000,POSITIVE_FINITE,true
PMC13106918_RCSI_DCU_SILICA_CORONA,Royal College of Surgeons in Ireland and Dublin City University,protein_groups,proteinGroups.txt,549,LFQ intensity iST_1549,P63000,P63000,R4_PMC13106918_iST_1,POOLED_HUMAN_PLASMA_8_DONORS,iST,true,LFQ_INTENSITY,0,NUMERIC_ZERO,false
PMC13106918_RCSI_DCU_SILICA_CORONA,Royal College of Surgeons in Ireland and Dublin City University,protein_groups,proteinGroups.txt,549,LFQ intensity iST_2549,P63000,P63000,R4_PMC13106918_iST_2,POOLED_HUMAN_PLASMA_8_DONORS,iST,true,LFQ_INTENSITY,0,NUMERIC_ZERO,false
PMC13106918_RCSI_DCU_SILICA_CORONA,Royal College of Surgeons in Ireland and Dublin City University,protein_groups,proteinGroups.txt,549,LFQ intensity iST_3549,P63000,P63000,R4_PMC13106918_iST_3,POOLED_HUMAN_PLASMA_8_DONORS,iST,true,LFQ_INTENSITY,0,NUMERIC_ZERO,false
PMC13106918_RCSI_DCU_SILICA_CORONA,Royal College of Surgeons in Ireland and Dublin City University,protein_groups,proteinGroups.txt,549,LFQ intensity iST_4549,P63000,P63000,R4_PMC13106918_iST_4,POOLED_HUMAN_PLASMA_8_DONORS,iST,true,LFQ_INTENSITY,0,NUMERIC_ZERO,false
PMC13106918_RCSI_DCU_SILICA_CORONA,Royal College of Surgeons in Ireland and Dublin City University,protein_groups,proteinGroups.txt,549,LFQ intensity Pmax_1549,P63000,P63000,R4_PMC13106918_Pmax_1,POOLED_HUMAN_PLASMA_8_DONORS,Pmax,true,LFQ_INTENSITY,0,NUMERIC_ZERO,false
PMC13106918_RCSI_DCU_SILICA_CORONA,Royal College of Surgeons in Ireland and Dublin City University,protein_groups,proteinGroups.txt,549,LFQ intensity Pmax_2549,P63000,P63000,R4_PMC13106918_Pmax_2,POOLED_HUMAN_PLASMA_8_DONORS,Pmax,true,LFQ_INTENSITY,0,NUMERIC_ZERO,false
PMC13106918_RCSI_DCU_SILICA_CORONA,Royal College of Surgeons in Ireland and Dublin City University,protein_groups,proteinGroups.txt,549,LFQ intensity Pmax_3549,P63000,P63000,R4_PMC13106918_Pmax_3,POOLED_HUMAN_PLASMA_8_DONORS,Pmax,true,LFQ_INTENSITY,0,NUMERIC_ZERO,false
PMC13106918_RCSI_DCU_SILICA_CORONA,Royal College of Surgeons in Ireland and Dublin City University,protein_groups,proteinGroups.txt,549,LFQ intensity Pmax_4549,P63000,P63000,R4_PMC13106918_Pmax_4,POOLED_HUMAN_PLASMA_8_DONORS,Pmax,true,LFQ_INTENSITY,0,NUMERIC_ZERO,false
PMC13106918_RCSI_DCU_SILICA_CORONA,Royal College of Surgeons in Ireland and Dublin City University,protein_groups,proteinGroups.txt,549,LFQ intensity RapiG_1549,P63000,P63000,R4_PMC13106918_RapiG_1,POOLED_HUMAN_PLASMA_8_DONORS,RapiG,true,LFQ_INTENSITY,0,NUMERIC_ZERO,false
PMC13106918_RCSI_DCU_SILICA_CORONA,Royal College of Surgeons in Ireland and Dublin City University,protein_groups,proteinGroups.txt,549,LFQ intensity RapiG_2549,P63000,P63000,R4_PMC13106918_RapiG_2,POOLED_HUMAN_PLASMA_8_DONORS,RapiG,true,LFQ_INTENSITY,0,NUMERIC_ZERO,false
PMC13106918_RCSI_DCU_SILICA_CORONA,Royal College of Surgeons in Ireland and Dublin City University,protein_groups,proteinGroups.txt,549,LFQ intensity RapiG_3549,P63000,P63000,R4_PMC13106918_RapiG_3,POOLED_HUMAN_PLASMA_8_DONORS,RapiG,true,LFQ_INTENSITY,0,NUMERIC_ZERO,false
PMC13106918_RCSI_DCU_SILICA_CORONA,Royal College of Surgeons in Ireland and Dublin City University,protein_groups,proteinGroups.txt,549,LFQ intensity RapiG_4549,P63000,P63000,R4_PMC13106918_RapiG_4,POOLED_HUMAN_PLASMA_8_DONORS,RapiG,true,LFQ_INTENSITY,0,NUMERIC_ZERO,false
PMC13106918_RCSI_DCU_SILICA_CORONA,Royal College of Surgeons in Ireland and Dublin City University,protein_groups,proteinGroups.txt,549,LFQ intensity STD_1549,P63000,P63000,R4_PMC13106918_STD_1,POOLED_HUMAN_PLASMA_8_DONORS,STD,true,LFQ_INTENSITY,0,NUMERIC_ZERO,false
PMC13106918_RCSI_DCU_SILICA_CORONA,Royal College of Surgeons in Ireland and Dublin City University,protein_groups,proteinGroups.txt,549,LFQ intensity STD_2549,P63000,P63000,R4_PMC13106918_STD_2,POOLED_HUMAN_PLASMA_8_DONORS,STD,true,LFQ_INTENSITY,0,NUMERIC_ZERO,false
PMC13106918_RCSI_DCU_SILICA_CORONA,Royal College of Surgeons in Ireland and Dublin City University,protein_groups,proteinGroups.txt,549,LFQ intensity STD_3549,P63000,P63000,R4_PMC13106918_STD_3,POOLED_HUMAN_PLASMA_8_DONORS,STD,true,LFQ_INTENSITY,0,NUMERIC_ZERO,false
PMC13106918_RCSI_DCU_SILICA_CORONA,Royal College of Surgeons in Ireland and Dublin City University,protein_groups,proteinGroups.txt,549,LFQ intensity STD_4549,P63000,P63000,R4_PMC13106918_STD_4,POOLED_HUMAN_PLASMA_8_DONORS,STD,true,LFQ_INTENSITY,0,NUMERIC_ZERO,false
PMC13106918_RCSI_DCU_SILICA_CORONA,Royal College of Surgeons in Ireland and Dublin City University,protein_groups,proteinGroups.txt,549,LFQ intensity Strap_1549,P63000,P63000,R4_PMC13106918_Strap_1,POOLED_HUMAN_PLASMA_8_DONORS,Strap,true,LFQ_INTENSITY,0,NUMERIC_ZERO,false
PMC13106918_RCSI_DCU_SILICA_CORONA,Royal College of Surgeons in Ireland and Dublin City University,protein_groups,proteinGroups.txt,549,LFQ intensity Strap_2549,P63000,P63000,R4_PMC13106918_Strap_2,POOLED_HUMAN_PLASMA_8_DONORS,Strap,true,LFQ_INTENSITY,0,NUMERIC_ZERO,false
PMC13106918_RCSI_DCU_SILICA_CORONA,Royal College of Surgeons in Ireland and Dublin City University,protein_groups,proteinGroups.txt,549,LFQ intensity Strap_3549,P63000,P63000,R4_PMC13106918_Strap_3,POOLED_HUMAN_PLASMA_8_DONORS,Strap,true,LFQ_INTENSITY,0,NUMERIC_ZERO,false
PMC13106918_RCSI_DCU_SILICA_CORONA,Royal College of Surgeons in Ireland and Dublin City University,protein_groups,proteinGroups.txt,549,LFQ intensity Strap_4549,P63000,P63000,R4_PMC13106918_Strap_4,POOLED_HUMAN_PLASMA_8_DONORS,Strap,true,LFQ_INTENSITY,0,NUMERIC_ZERO,false
PMC13106918_RCSI_DCU_SILICA_CORONA,Royal College of Surgeons in Ireland and Dublin City University,protein_groups,proteinGroups.txt,619,LFQ intensity iST_1619,Q14974,Q14974,R4_PMC13106918_iST_1,POOLED_HUMAN_PLASMA_8_DONORS,iST,true,LFQ_INTENSITY,0,NUMERIC_ZERO,false
PMC13106918_RCSI_DCU_SILICA_CORONA,Royal College of Surgeons in Ireland and Dublin City University,protein_groups,proteinGroups.txt,619,LFQ intensity iST_2619,Q14974,Q14974,R4_PMC13106918_iST_2,POOLED_HUMAN_PLASMA_8_DONORS,iST,true,LFQ_INTENSITY,0,NUMERIC_ZERO,false
PMC13106918_RCSI_DCU_SILICA_CORONA,Royal College of Surgeons in Ireland and Dublin City University,protein_groups,proteinGroups.txt,619,LFQ intensity iST_3619,Q14974,Q14974,R4_PMC13106918_iST_3,POOLED_HUMAN_PLASMA_8_DONORS,iST,true,LFQ_INTENSITY,0,NUMERIC_ZERO,false
PMC13106918_RCSI_DCU_SILICA_CORONA,Royal College of Surgeons in Ireland and Dublin City University,protein_groups,proteinGroups.txt,619,LFQ intensity iST_4619,Q14974,Q14974,R4_PMC13106918_iST_4,POOLED_HUMAN_PLASMA_8_DONORS,iST,true,LFQ_INTENSITY,0,NUMERIC_ZERO,false
PMC13106918_RCSI_DCU_SILICA_CORONA,Royal College of Surgeons in Ireland and Dublin City University,protein_groups,proteinGroups.txt,619,LFQ intensity Pmax_1619,Q14974,Q14974,R4_PMC13106918_Pmax_1,POOLED_HUMAN_PLASMA_8_DONORS,Pmax,true,LFQ_INTENSITY,0,NUMERIC_ZERO,false
PMC13106918_RCSI_DCU_SILICA_CORONA,Royal College of Surgeons in Ireland and Dublin City University,protein_groups,proteinGroups.txt,619,LFQ intensity Pmax_2619,Q14974,Q14974,R4_PMC13106918_Pmax_2,POOLED_HUMAN_PLASMA_8_DONORS,Pmax,true,LFQ_INTENSITY,0,NUMERIC_ZERO,false
PMC13106918_RCSI_DCU_SILICA_CORONA,Royal College of Surgeons in Ireland and Dublin City University,protein_groups,proteinGroups.txt,619,LFQ intensity Pmax_3619,Q14974,Q14974,R4_PMC13106918_Pmax_3,POOLED_HUMAN_PLASMA_8_DONORS,Pmax,true,LFQ_INTENSITY,0,NUMERIC_ZERO,false
PMC13106918_RCSI_DCU_SILICA_CORONA,Royal College of Surgeons in Ireland and Dublin City University,protein_groups,proteinGroups.txt,619,LFQ intensity Pmax_4619,Q14974,Q14974,R4_PMC13106918_Pmax_4,POOLED_HUMAN_PLASMA_8_DONORS,Pmax,true,LFQ_INTENSITY,0,NUMERIC_ZERO,false
PMC13106918_RCSI_DCU_SILICA_CORONA,Royal College of Surgeons in Ireland and Dublin City University,protein_groups,proteinGroups.txt,619,LFQ intensity RapiG_1619,Q14974,Q14974,R4_PMC13106918_RapiG_1,POOLED_HUMAN_PLASMA_8_DONORS,RapiG,true,LFQ_INTENSITY,0,NUMERIC_ZERO,false
PMC13106918_RCSI_DCU_SILICA_CORONA,Royal College of Surgeons in Ireland and Dublin City University,protein_groups,proteinGroups.txt,619,LFQ intensity RapiG_2619,Q14974,Q14974,R4_PMC13106918_RapiG_2,POOLED_HUMAN_PLASMA_8_DONORS,RapiG,true,LFQ_INTENSITY,0,NUMERIC_ZERO,false
PMC13106918_RCSI_DCU_SILICA_CORONA,Royal College of Surgeons in Ireland and Dublin City University,protein_groups,proteinGroups.txt,619,LFQ intensity RapiG_3619,Q14974,Q14974,R4_PMC13106918_RapiG_3,POOLED_HUMAN_PLASMA_8_DONORS,RapiG,true,LFQ_INTENSITY,0,NUMERIC_ZERO,false
PMC13106918_RCSI_DCU_SILICA_CORONA,Royal College of Surgeons in Ireland and Dublin City University,protein_groups,proteinGroups.txt,619,LFQ intensity RapiG_4619,Q14974,Q14974,R4_PMC13106918_RapiG_4,POOLED_HUMAN_PLASMA_8_DONORS,RapiG,true,LFQ_INTENSITY,0,NUMERIC_ZERO,false
PMC13106918_RCSI_DCU_SILICA_CORONA,Royal College of Surgeons in Ireland and Dublin City University,protein_groups,proteinGroups.txt,619,LFQ intensity STD_1619,Q14974,Q14974,R4_PMC13106918_STD_1,POOLED_HUMAN_PLASMA_8_DONORS,STD,true,LFQ_INTENSITY,0,NUMERIC_ZERO,false
PMC13106918_RCSI_DCU_SILICA_CORONA,Royal College of Surgeons in Ireland and Dublin City University,protein_groups,proteinGroups.txt,619,LFQ intensity STD_2619,Q14974,Q14974,R4_PMC13106918_STD_2,POOLED_HUMAN_PLASMA_8_DONORS,STD,true,LFQ_INTENSITY,0,NUMERIC_ZERO,false
PMC13106918_RCSI_DCU_SILICA_CORONA,Royal College of Surgeons in Ireland and Dublin City University,protein_groups,proteinGroups.txt,619,LFQ intensity STD_3619,Q14974,Q14974,R4_PMC13106918_STD_3,POOLED_HUMAN_PLASMA_8_DONORS,STD,true,LFQ_INTENSITY,0,NUMERIC_ZERO,false
PMC13106918_RCSI_DCU_SILICA_CORONA,Royal College of Surgeons in Ireland and Dublin City University,protein_groups,proteinGroups.txt,619,LFQ intensity STD_4619,Q14974,Q14974,R4_PMC13106918_STD_4,POOLED_HUMAN_PLASMA_8_DONORS,STD,true,LFQ_INTENSITY,0,NUMERIC_ZERO,false
PMC13106918_RCSI_DCU_SILICA_CORONA,Royal College of Surgeons in Ireland and Dublin City University,protein_groups,proteinGroups.txt,619,LFQ intensity Strap_1619,Q14974,Q14974,R4_PMC13106918_Strap_1,POOLED_HUMAN_PLASMA_8_DONORS,Strap,true,LFQ_INTENSITY,0,NUMERIC_ZERO,false
PMC13106918_RCSI_DCU_SILICA_CORONA,Royal College of Surgeons in Ireland and Dublin City University,protein_groups,proteinGroups.txt,619,LFQ intensity Strap_2619,Q14974,Q14974,R4_PMC13106918_Strap_2,POOLED_HUMAN_PLASMA_8_DONORS,Strap,true,LFQ_INTENSITY,0,NUMERIC_ZERO,false
PMC13106918_RCSI_DCU_SILICA_CORONA,Royal College of Surgeons in Ireland and Dublin City University,protein_groups,proteinGroups.txt,619,LFQ intensity Strap_3619,Q14974,Q14974,R4_PMC13106918_Strap_3,POOLED_HUMAN_PLASMA_8_DONORS,Strap,true,LFQ_INTENSITY,0,NUMERIC_ZERO,false
PMC13106918_RCSI_DCU_SILICA_CORONA,Royal College of Surgeons in Ireland and Dublin City University,protein_groups,proteinGroups.txt,619,LFQ intensity Strap_4619,Q14974,Q14974,R4_PMC13106918_Strap_4,POOLED_HUMAN_PLASMA_8_DONORS,Strap,true,LFQ_INTENSITY,0,NUMERIC_ZERO,false
PMC13106918_RCSI_DCU_SILICA_CORONA,Royal College of Surgeons in Ireland and Dublin City University,protein_groups,proteinGroups.txt,622,LFQ intensity iST_1622,Q15084,Q15084,R4_PMC13106918_iST_1,POOLED_HUMAN_PLASMA_8_DONORS,iST,true,LFQ_INTENSITY,7402700,POSITIVE_FINITE,true
PMC13106918_RCSI_DCU_SILICA_CORONA,Royal College of Surgeons in Ireland and Dublin City University,protein_groups,proteinGroups.txt,622,LFQ intensity iST_2622,Q15084,Q15084,R4_PMC13106918_iST_2,POOLED_HUMAN_PLASMA_8_DONORS,iST,true,LFQ_INTENSITY,7889000,POSITIVE_FINITE,true
PMC13106918_RCSI_DCU_SILICA_CORONA,Royal College of Surgeons in Ireland and Dublin City University,protein_groups,proteinGroups.txt,622,LFQ intensity iST_3622,Q15084,Q15084,R4_PMC13106918_iST_3,POOLED_HUMAN_PLASMA_8_DONORS,iST,true,LFQ_INTENSITY,0,NUMERIC_ZERO,false
PMC13106918_RCSI_DCU_SILICA_CORONA,Royal College of Surgeons in Ireland and Dublin City University,protein_groups,proteinGroups.txt,622,LFQ intensity iST_4622,Q15084,Q15084,R4_PMC13106918_iST_4,POOLED_HUMAN_PLASMA_8_DONORS,iST,true,LFQ_INTENSITY,8109900,POSITIVE_FINITE,true
PMC13106918_RCSI_DCU_SILICA_CORONA,Royal College of Surgeons in Ireland and Dublin City University,protein_groups,proteinGroups.txt,622,LFQ intensity Pmax_1622,Q15084,Q15084,R4_PMC13106918_Pmax_1,POOLED_HUMAN_PLASMA_8_DONORS,Pmax,true,LFQ_INTENSITY,11098000,POSITIVE_FINITE,true
PMC13106918_RCSI_DCU_SILICA_CORONA,Royal College of Surgeons in Ireland and Dublin City University,protein_groups,proteinGroups.txt,622,LFQ intensity Pmax_2622,Q15084,Q15084,R4_PMC13106918_Pmax_2,POOLED_HUMAN_PLASMA_8_DONORS,Pmax,true,LFQ_INTENSITY,0,NUMERIC_ZERO,false
PMC13106918_RCSI_DCU_SILICA_CORONA,Royal College of Surgeons in Ireland and Dublin City University,protein_groups,proteinGroups.txt,622,LFQ intensity Pmax_3622,Q15084,Q15084,R4_PMC13106918_Pmax_3,POOLED_HUMAN_PLASMA_8_DONORS,Pmax,true,LFQ_INTENSITY,14988000,POSITIVE_FINITE,true
PMC13106918_RCSI_DCU_SILICA_CORONA,Royal College of Surgeons in Ireland and Dublin City University,protein_groups,proteinGroups.txt,622,LFQ intensity Pmax_4622,Q15084,Q15084,R4_PMC13106918_Pmax_4,POOLED_HUMAN_PLASMA_8_DONORS,Pmax,true,LFQ_INTENSITY,0,NUMERIC_ZERO,false
PMC13106918_RCSI_DCU_SILICA_CORONA,Royal College of Surgeons in Ireland and Dublin City University,protein_groups,proteinGroups.txt,622,LFQ intensity RapiG_1622,Q15084,Q15084,R4_PMC13106918_RapiG_1,POOLED_HUMAN_PLASMA_8_DONORS,RapiG,true,LFQ_INTENSITY,7002500,POSITIVE_FINITE,true
PMC13106918_RCSI_DCU_SILICA_CORONA,Royal College of Surgeons in Ireland and Dublin City University,protein_groups,proteinGroups.txt,622,LFQ intensity RapiG_2622,Q15084,Q15084,R4_PMC13106918_RapiG_2,POOLED_HUMAN_PLASMA_8_DONORS,RapiG,true,LFQ_INTENSITY,7999700,POSITIVE_FINITE,true
PMC13106918_RCSI_DCU_SILICA_CORONA,Royal College of Surgeons in Ireland and Dublin City University,protein_groups,proteinGroups.txt,622,LFQ intensity RapiG_3622,Q15084,Q15084,R4_PMC13106918_RapiG_3,POOLED_HUMAN_PLASMA_8_DONORS,RapiG,true,LFQ_INTENSITY,4851900,POSITIVE_FINITE,true
PMC13106918_RCSI_DCU_SILICA_CORONA,Royal College of Surgeons in Ireland and Dublin City University,protein_groups,proteinGroups.txt,622,LFQ intensity RapiG_4622,Q15084,Q15084,R4_PMC13106918_RapiG_4,POOLED_HUMAN_PLASMA_8_DONORS,RapiG,true,LFQ_INTENSITY,8447300,POSITIVE_FINITE,true
PMC13106918_RCSI_DCU_SILICA_CORONA,Royal College of Surgeons in Ireland and Dublin City University,protein_groups,proteinGroups.txt,622,LFQ intensity STD_1622,Q15084,Q15084,R4_PMC13106918_STD_1,POOLED_HUMAN_PLASMA_8_DONORS,STD,true,LFQ_INTENSITY,0,NUMERIC_ZERO,false
PMC13106918_RCSI_DCU_SILICA_CORONA,Royal College of Surgeons in Ireland and Dublin City University,protein_groups,proteinGroups.txt,622,LFQ intensity STD_2622,Q15084,Q15084,R4_PMC13106918_STD_2,POOLED_HUMAN_PLASMA_8_DONORS,STD,true,LFQ_INTENSITY,0,NUMERIC_ZERO,false
PMC13106918_RCSI_DCU_SILICA_CORONA,Royal College of Surgeons in Ireland and Dublin City University,protein_groups,proteinGroups.txt,622,LFQ intensity STD_3622,Q15084,Q15084,R4_PMC13106918_STD_3,POOLED_HUMAN_PLASMA_8_DONORS,STD,true,LFQ_INTENSITY,0,NUMERIC_ZERO,false
PMC13106918_RCSI_DCU_SILICA_CORONA,Royal College of Surgeons in Ireland and Dublin City University,protein_groups,proteinGroups.txt,622,LFQ intensity STD_4622,Q15084,Q15084,R4_PMC13106918_STD_4,POOLED_HUMAN_PLASMA_8_DONORS,STD,true,LFQ_INTENSITY,0,NUMERIC_ZERO,false
PMC13106918_RCSI_DCU_SILICA_CORONA,Royal College of Surgeons in Ireland and Dublin City University,protein_groups,proteinGroups.txt,622,LFQ intensity Strap_1622,Q15084,Q15084,R4_PMC13106918_Strap_1,POOLED_HUMAN_PLASMA_8_DONORS,Strap,true,LFQ_INTENSITY,0,NUMERIC_ZERO,false
PMC13106918_RCSI_DCU_SILICA_CORONA,Royal College of Surgeons in Ireland and Dublin City University,protein_groups,proteinGroups.txt,622,LFQ intensity Strap_2622,Q15084,Q15084,R4_PMC13106918_Strap_2,POOLED_HUMAN_PLASMA_8_DONORS,Strap,true,LFQ_INTENSITY,0,NUMERIC_ZERO,false
PMC13106918_RCSI_DCU_SILICA_CORONA,Royal College of Surgeons in Ireland and Dublin City University,protein_groups,proteinGroups.txt,622,LFQ intensity Strap_3622,Q15084,Q15084,R4_PMC13106918_Strap_3,POOLED_HUMAN_PLASMA_8_DONORS,Strap,true,LFQ_INTENSITY,0,NUMERIC_ZERO,false
PMC13106918_RCSI_DCU_SILICA_CORONA,Royal College of Surgeons in Ireland and Dublin City University,protein_groups,proteinGroups.txt,622,LFQ intensity Strap_4622,Q15084,Q15084,R4_PMC13106918_Strap_4,POOLED_HUMAN_PLASMA_8_DONORS,Strap,true,LFQ_INTENSITY,0,NUMERIC_ZERO,false
PMC13106918_RCSI_DCU_SILICA_CORONA,Royal College of Surgeons in Ireland and Dublin City University,protein_groups,proteinGroups.txt,631,LFQ intensity iST_1631,Q15365,Q15365,R4_PMC13106918_iST_1,POOLED_HUMAN_PLASMA_8_DONORS,iST,true,LFQ_INTENSITY,6465700,POSITIVE_FINITE,true
PMC13106918_RCSI_DCU_SILICA_CORONA,Royal College of Surgeons in Ireland and Dublin City University,protein_groups,proteinGroups.txt,631,LFQ intensity iST_2631,Q15365,Q15365,R4_PMC13106918_iST_2,POOLED_HUMAN_PLASMA_8_DONORS,iST,true,LFQ_INTENSITY,9907000,POSITIVE_FINITE,true
PMC13106918_RCSI_DCU_SILICA_CORONA,Royal College of Surgeons in Ireland and Dublin City University,protein_groups,proteinGroups.txt,631,LFQ intensity iST_3631,Q15365,Q15365,R4_PMC13106918_iST_3,POOLED_HUMAN_PLASMA_8_DONORS,iST,true,LFQ_INTENSITY,5842200,POSITIVE_FINITE,true
PMC13106918_RCSI_DCU_SILICA_CORONA,Royal College of Surgeons in Ireland and Dublin City University,protein_groups,proteinGroups.txt,631,LFQ intensity iST_4631,Q15365,Q15365,R4_PMC13106918_iST_4,POOLED_HUMAN_PLASMA_8_DONORS,iST,true,LFQ_INTENSITY,6847800,POSITIVE_FINITE,true
PMC13106918_RCSI_DCU_SILICA_CORONA,Royal College of Surgeons in Ireland and Dublin City University,protein_groups,proteinGroups.txt,631,LFQ intensity Pmax_1631,Q15365,Q15365,R4_PMC13106918_Pmax_1,POOLED_HUMAN_PLASMA_8_DONORS,Pmax,true,LFQ_INTENSITY,8836600,POSITIVE_FINITE,true
PMC13106918_RCSI_DCU_SILICA_CORONA,Royal College of Surgeons in Ireland and Dublin City University,protein_groups,proteinGroups.txt,631,LFQ intensity Pmax_2631,Q15365,Q15365,R4_PMC13106918_Pmax_2,POOLED_HUMAN_PLASMA_8_DONORS,Pmax,true,LFQ_INTENSITY,0,NUMERIC_ZERO,false
PMC13106918_RCSI_DCU_SILICA_CORONA,Royal College of Surgeons in Ireland and Dublin City University,protein_groups,proteinGroups.txt,631,LFQ intensity Pmax_3631,Q15365,Q15365,R4_PMC13106918_Pmax_3,POOLED_HUMAN_PLASMA_8_DONORS,Pmax,true,LFQ_INTENSITY,12792000,POSITIVE_FINITE,true
PMC13106918_RCSI_DCU_SILICA_CORONA,Royal College of Surgeons in Ireland and Dublin City University,protein_groups,proteinGroups.txt,631,LFQ intensity Pmax_4631,Q15365,Q15365,R4_PMC13106918_Pmax_4,POOLED_HUMAN_PLASMA_8_DONORS,Pmax,true,LFQ_INTENSITY,0,NUMERIC_ZERO,false
PMC13106918_RCSI_DCU_SILICA_CORONA,Royal College of Surgeons in Ireland and Dublin City University,protein_groups,proteinGroups.txt,631,LFQ intensity RapiG_1631,Q15365,Q15365,R4_PMC13106918_RapiG_1,POOLED_HUMAN_PLASMA_8_DONORS,RapiG,true,LFQ_INTENSITY,5242800,POSITIVE_FINITE,true
PMC13106918_RCSI_DCU_SILICA_CORONA,Royal College of Surgeons in Ireland and Dublin City University,protein_groups,proteinGroups.txt,631,LFQ intensity RapiG_2631,Q15365,Q15365,R4_PMC13106918_RapiG_2,POOLED_HUMAN_PLASMA_8_DONORS,RapiG,true,LFQ_INTENSITY,6223800,POSITIVE_FINITE,true
PMC13106918_RCSI_DCU_SILICA_CORONA,Royal College of Surgeons in Ireland and Dublin City University,protein_groups,proteinGroups.txt,631,LFQ intensity RapiG_3631,Q15365,Q15365,R4_PMC13106918_RapiG_3,POOLED_HUMAN_PLASMA_8_DONORS,RapiG,true,LFQ_INTENSITY,3426200,POSITIVE_FINITE,true
PMC13106918_RCSI_DCU_SILICA_CORONA,Royal College of Surgeons in Ireland and Dublin City University,protein_groups,proteinGroups.txt,631,LFQ intensity RapiG_4631,Q15365,Q15365,R4_PMC13106918_RapiG_4,POOLED_HUMAN_PLASMA_8_DONORS,RapiG,true,LFQ_INTENSITY,4749800,POSITIVE_FINITE,true
PMC13106918_RCSI_DCU_SILICA_CORONA,Royal College of Surgeons in Ireland and Dublin City University,protein_groups,proteinGroups.txt,631,LFQ intensity STD_1631,Q15365,Q15365,R4_PMC13106918_STD_1,POOLED_HUMAN_PLASMA_8_DONORS,STD,true,LFQ_INTENSITY,0,NUMERIC_ZERO,false
PMC13106918_RCSI_DCU_SILICA_CORONA,Royal College of Surgeons in Ireland and Dublin City University,protein_groups,proteinGroups.txt,631,LFQ intensity STD_2631,Q15365,Q15365,R4_PMC13106918_STD_2,POOLED_HUMAN_PLASMA_8_DONORS,STD,true,LFQ_INTENSITY,0,NUMERIC_ZERO,false
PMC13106918_RCSI_DCU_SILICA_CORONA,Royal College of Surgeons in Ireland and Dublin City University,protein_groups,proteinGroups.txt,631,LFQ intensity STD_3631,Q15365,Q15365,R4_PMC13106918_STD_3,POOLED_HUMAN_PLASMA_8_DONORS,STD,true,LFQ_INTENSITY,4047100,POSITIVE_FINITE,true
PMC13106918_RCSI_DCU_SILICA_CORONA,Royal College of Surgeons in Ireland and Dublin City University,protein_groups,proteinGroups.txt,631,LFQ intensity STD_4631,Q15365,Q15365,R4_PMC13106918_STD_4,POOLED_HUMAN_PLASMA_8_DONORS,STD,true,LFQ_INTENSITY,0,NUMERIC_ZERO,false
PMC13106918_RCSI_DCU_SILICA_CORONA,Royal College of Surgeons in Ireland and Dublin City University,protein_groups,proteinGroups.txt,631,LFQ intensity Strap_1631,Q15365,Q15365,R4_PMC13106918_Strap_1,POOLED_HUMAN_PLASMA_8_DONORS,Strap,true,LFQ_INTENSITY,2504500,POSITIVE_FINITE,true
PMC13106918_RCSI_DCU_SILICA_CORONA,Royal College of Surgeons in Ireland and Dublin City University,protein_groups,proteinGroups.txt,631,LFQ intensity Strap_2631,Q15365,Q15365,R4_PMC13106918_Strap_2,POOLED_HUMAN_PLASMA_8_DONORS,Strap,true,LFQ_INTENSITY,3448700,POSITIVE_FINITE,true
PMC13106918_RCSI_DCU_SILICA_CORONA,Royal College of Surgeons in Ireland and Dublin City University,protein_groups,proteinGroups.txt,631,LFQ intensity Strap_3631,Q15365,Q15365,R4_PMC13106918_Strap_3,POOLED_HUMAN_PLASMA_8_DONORS,Strap,true,LFQ_INTENSITY,0,NUMERIC_ZERO,false
PMC13106918_RCSI_DCU_SILICA_CORONA,Royal College of Surgeons in Ireland and Dublin City University,protein_groups,proteinGroups.txt,631,LFQ intensity Strap_4631,Q15365,Q15365,R4_PMC13106918_Strap_4,POOLED_HUMAN_PLASMA_8_DONORS,Strap,true,LFQ_INTENSITY,3225100,POSITIVE_FINITE,true
PMC13106918_RCSI_DCU_SILICA_CORONA,Royal College of Surgeons in Ireland and Dublin City University,protein_groups,proteinGroups.txt,643,LFQ intensity iST_1643,Q16643,Q16643,R4_PMC13106918_iST_1,POOLED_HUMAN_PLASMA_8_DONORS,iST,true,LFQ_INTENSITY,0,NUMERIC_ZERO,false
PMC13106918_RCSI_DCU_SILICA_CORONA,Royal College of Surgeons in Ireland and Dublin City University,protein_groups,proteinGroups.txt,643,LFQ intensity iST_2643,Q16643,Q16643,R4_PMC13106918_iST_2,POOLED_HUMAN_PLASMA_8_DONORS,iST,true,LFQ_INTENSITY,0,NUMERIC_ZERO,false
PMC13106918_RCSI_DCU_SILICA_CORONA,Royal College of Surgeons in Ireland and Dublin City University,protein_groups,proteinGroups.txt,643,LFQ intensity iST_3643,Q16643,Q16643,R4_PMC13106918_iST_3,POOLED_HUMAN_PLASMA_8_DONORS,iST,true,LFQ_INTENSITY,0,NUMERIC_ZERO,false
PMC13106918_RCSI_DCU_SILICA_CORONA,Royal College of Surgeons in Ireland and Dublin City University,protein_groups,proteinGroups.txt,643,LFQ intensity iST_4643,Q16643,Q16643,R4_PMC13106918_iST_4,POOLED_HUMAN_PLASMA_8_DONORS,iST,true,LFQ_INTENSITY,0,NUMERIC_ZERO,false
PMC13106918_RCSI_DCU_SILICA_CORONA,Royal College of Surgeons in Ireland and Dublin City University,protein_groups,proteinGroups.txt,643,LFQ intensity Pmax_1643,Q16643,Q16643,R4_PMC13106918_Pmax_1,POOLED_HUMAN_PLASMA_8_DONORS,Pmax,true,LFQ_INTENSITY,0,NUMERIC_ZERO,false
PMC13106918_RCSI_DCU_SILICA_CORONA,Royal College of Surgeons in Ireland and Dublin City University,protein_groups,proteinGroups.txt,643,LFQ intensity Pmax_2643,Q16643,Q16643,R4_PMC13106918_Pmax_2,POOLED_HUMAN_PLASMA_8_DONORS,Pmax,true,LFQ_INTENSITY,0,NUMERIC_ZERO,false
PMC13106918_RCSI_DCU_SILICA_CORONA,Royal College of Surgeons in Ireland and Dublin City University,protein_groups,proteinGroups.txt,643,LFQ intensity Pmax_3643,Q16643,Q16643,R4_PMC13106918_Pmax_3,POOLED_HUMAN_PLASMA_8_DONORS,Pmax,true,LFQ_INTENSITY,0,NUMERIC_ZERO,false
PMC13106918_RCSI_DCU_SILICA_CORONA,Royal College of Surgeons in Ireland and Dublin City University,protein_groups,proteinGroups.txt,643,LFQ intensity Pmax_4643,Q16643,Q16643,R4_PMC13106918_Pmax_4,POOLED_HUMAN_PLASMA_8_DONORS,Pmax,true,LFQ_INTENSITY,0,NUMERIC_ZERO,false
PMC13106918_RCSI_DCU_SILICA_CORONA,Royal College of Surgeons in Ireland and Dublin City University,protein_groups,proteinGroups.txt,643,LFQ intensity RapiG_1643,Q16643,Q16643,R4_PMC13106918_RapiG_1,POOLED_HUMAN_PLASMA_8_DONORS,RapiG,true,LFQ_INTENSITY,0,NUMERIC_ZERO,false
PMC13106918_RCSI_DCU_SILICA_CORONA,Royal College of Surgeons in Ireland and Dublin City University,protein_groups,proteinGroups.txt,643,LFQ intensity RapiG_2643,Q16643,Q16643,R4_PMC13106918_RapiG_2,POOLED_HUMAN_PLASMA_8_DONORS,RapiG,true,LFQ_INTENSITY,0,NUMERIC_ZERO,false
PMC13106918_RCSI_DCU_SILICA_CORONA,Royal College of Surgeons in Ireland and Dublin City University,protein_groups,proteinGroups.txt,643,LFQ intensity RapiG_3643,Q16643,Q16643,R4_PMC13106918_RapiG_3,POOLED_HUMAN_PLASMA_8_DONORS,RapiG,true,LFQ_INTENSITY,0,NUMERIC_ZERO,false
PMC13106918_RCSI_DCU_SILICA_CORONA,Royal College of Surgeons in Ireland and Dublin City University,protein_groups,proteinGroups.txt,643,LFQ intensity RapiG_4643,Q16643,Q16643,R4_PMC13106918_RapiG_4,POOLED_HUMAN_PLASMA_8_DONORS,RapiG,true,LFQ_INTENSITY,0,NUMERIC_ZERO,false
PMC13106918_RCSI_DCU_SILICA_CORONA,Royal College of Surgeons in Ireland and Dublin City University,protein_groups,proteinGroups.txt,643,LFQ intensity STD_1643,Q16643,Q16643,R4_PMC13106918_STD_1,POOLED_HUMAN_PLASMA_8_DONORS,STD,true,LFQ_INTENSITY,0,NUMERIC_ZERO,false
PMC13106918_RCSI_DCU_SILICA_CORONA,Royal College of Surgeons in Ireland and Dublin City University,protein_groups,proteinGroups.txt,643,LFQ intensity STD_2643,Q16643,Q16643,R4_PMC13106918_STD_2,POOLED_HUMAN_PLASMA_8_DONORS,STD,true,LFQ_INTENSITY,0,NUMERIC_ZERO,false
PMC13106918_RCSI_DCU_SILICA_CORONA,Royal College of Surgeons in Ireland and Dublin City University,protein_groups,proteinGroups.txt,643,LFQ intensity STD_3643,Q16643,Q16643,R4_PMC13106918_STD_3,POOLED_HUMAN_PLASMA_8_DONORS,STD,true,LFQ_INTENSITY,0,NUMERIC_ZERO,false
PMC13106918_RCSI_DCU_SILICA_CORONA,Royal College of Surgeons in Ireland and Dublin City University,protein_groups,proteinGroups.txt,643,LFQ intensity STD_4643,Q16643,Q16643,R4_PMC13106918_STD_4,POOLED_HUMAN_PLASMA_8_DONORS,STD,true,LFQ_INTENSITY,0,NUMERIC_ZERO,false
PMC13106918_RCSI_DCU_SILICA_CORONA,Royal College of Surgeons in Ireland and Dublin City University,protein_groups,proteinGroups.txt,643,LFQ intensity Strap_1643,Q16643,Q16643,R4_PMC13106918_Strap_1,POOLED_HUMAN_PLASMA_8_DONORS,Strap,true,LFQ_INTENSITY,0,NUMERIC_ZERO,false
PMC13106918_RCSI_DCU_SILICA_CORONA,Royal College of Surgeons in Ireland and Dublin City University,protein_groups,proteinGroups.txt,643,LFQ intensity Strap_2643,Q16643,Q16643,R4_PMC13106918_Strap_2,POOLED_HUMAN_PLASMA_8_DONORS,Strap,true,LFQ_INTENSITY,0,NUMERIC_ZERO,false
PMC13106918_RCSI_DCU_SILICA_CORONA,Royal College of Surgeons in Ireland and Dublin City University,protein_groups,proteinGroups.txt,643,LFQ intensity Strap_3643,Q16643,Q16643,R4_PMC13106918_Strap_3,POOLED_HUMAN_PLASMA_8_DONORS,Strap,true,LFQ_INTENSITY,0,NUMERIC_ZERO,false
PMC13106918_RCSI_DCU_SILICA_CORONA,Royal College of Surgeons in Ireland and Dublin City University,protein_groups,proteinGroups.txt,643,LFQ intensity Strap_4643,Q16643,Q16643,R4_PMC13106918_Strap_4,POOLED_HUMAN_PLASMA_8_DONORS,Strap,true,LFQ_INTENSITY,0,NUMERIC_ZERO,false
PMC13106918_RCSI_DCU_SILICA_CORONA,Royal College of Surgeons in Ireland and Dublin City University,protein_groups,proteinGroups.txt,650,LFQ intensity iST_1650,Q58FF8,Q58FF8,R4_PMC13106918_iST_1,POOLED_HUMAN_PLASMA_8_DONORS,iST,true,LFQ_INTENSITY,16877000,POSITIVE_FINITE,true
PMC13106918_RCSI_DCU_SILICA_CORONA,Royal College of Surgeons in Ireland and Dublin City University,protein_groups,proteinGroups.txt,650,LFQ intensity iST_2650,Q58FF8,Q58FF8,R4_PMC13106918_iST_2,POOLED_HUMAN_PLASMA_8_DONORS,iST,true,LFQ_INTENSITY,22056000,POSITIVE_FINITE,true
PMC13106918_RCSI_DCU_SILICA_CORONA,Royal College of Surgeons in Ireland and Dublin City University,protein_groups,proteinGroups.txt,650,LFQ intensity iST_3650,Q58FF8,Q58FF8,R4_PMC13106918_iST_3,POOLED_HUMAN_PLASMA_8_DONORS,iST,true,LFQ_INTENSITY,16270000,POSITIVE_FINITE,true
PMC13106918_RCSI_DCU_SILICA_CORONA,Royal College of Surgeons in Ireland and Dublin City University,protein_groups,proteinGroups.txt,650,LFQ intensity iST_4650,Q58FF8,Q58FF8,R4_PMC13106918_iST_4,POOLED_HUMAN_PLASMA_8_DONORS,iST,true,LFQ_INTENSITY,19525000,POSITIVE_FINITE,true
PMC13106918_RCSI_DCU_SILICA_CORONA,Royal College of Surgeons in Ireland and Dublin City University,protein_groups,proteinGroups.txt,650,LFQ intensity Pmax_1650,Q58FF8,Q58FF8,R4_PMC13106918_Pmax_1,POOLED_HUMAN_PLASMA_8_DONORS,Pmax,true,LFQ_INTENSITY,14888000,POSITIVE_FINITE,true
PMC13106918_RCSI_DCU_SILICA_CORONA,Royal College of Surgeons in Ireland and Dublin City University,protein_groups,proteinGroups.txt,650,LFQ intensity Pmax_2650,Q58FF8,Q58FF8,R4_PMC13106918_Pmax_2,POOLED_HUMAN_PLASMA_8_DONORS,Pmax,true,LFQ_INTENSITY,0,NUMERIC_ZERO,false
PMC13106918_RCSI_DCU_SILICA_CORONA,Royal College of Surgeons in Ireland and Dublin City University,protein_groups,proteinGroups.txt,650,LFQ intensity Pmax_3650,Q58FF8,Q58FF8,R4_PMC13106918_Pmax_3,POOLED_HUMAN_PLASMA_8_DONORS,Pmax,true,LFQ_INTENSITY,20255000,POSITIVE_FINITE,true
PMC13106918_RCSI_DCU_SILICA_CORONA,Royal College of Surgeons in Ireland and Dublin City University,protein_groups,proteinGroups.txt,650,LFQ intensity Pmax_4650,Q58FF8,Q58FF8,R4_PMC13106918_Pmax_4,POOLED_HUMAN_PLASMA_8_DONORS,Pmax,true,LFQ_INTENSITY,0,NUMERIC_ZERO,false
PMC13106918_RCSI_DCU_SILICA_CORONA,Royal College of Surgeons in Ireland and Dublin City University,protein_groups,proteinGroups.txt,650,LFQ intensity RapiG_1650,Q58FF8,Q58FF8,R4_PMC13106918_RapiG_1,POOLED_HUMAN_PLASMA_8_DONORS,RapiG,true,LFQ_INTENSITY,12011000,POSITIVE_FINITE,true
PMC13106918_RCSI_DCU_SILICA_CORONA,Royal College of Surgeons in Ireland and Dublin City University,protein_groups,proteinGroups.txt,650,LFQ intensity RapiG_2650,Q58FF8,Q58FF8,R4_PMC13106918_RapiG_2,POOLED_HUMAN_PLASMA_8_DONORS,RapiG,true,LFQ_INTENSITY,14527000,POSITIVE_FINITE,true
PMC13106918_RCSI_DCU_SILICA_CORONA,Royal College of Surgeons in Ireland and Dublin City University,protein_groups,proteinGroups.txt,650,LFQ intensity RapiG_3650,Q58FF8,Q58FF8,R4_PMC13106918_RapiG_3,POOLED_HUMAN_PLASMA_8_DONORS,RapiG,true,LFQ_INTENSITY,9576100,POSITIVE_FINITE,true
PMC13106918_RCSI_DCU_SILICA_CORONA,Royal College of Surgeons in Ireland and Dublin City University,protein_groups,proteinGroups.txt,650,LFQ intensity RapiG_4650,Q58FF8,Q58FF8,R4_PMC13106918_RapiG_4,POOLED_HUMAN_PLASMA_8_DONORS,RapiG,true,LFQ_INTENSITY,14049000,POSITIVE_FINITE,true
PMC13106918_RCSI_DCU_SILICA_CORONA,Royal College of Surgeons in Ireland and Dublin City University,protein_groups,proteinGroups.txt,650,LFQ intensity STD_1650,Q58FF8,Q58FF8,R4_PMC13106918_STD_1,POOLED_HUMAN_PLASMA_8_DONORS,STD,true,LFQ_INTENSITY,0,NUMERIC_ZERO,false
PMC13106918_RCSI_DCU_SILICA_CORONA,Royal College of Surgeons in Ireland and Dublin City University,protein_groups,proteinGroups.txt,650,LFQ intensity STD_2650,Q58FF8,Q58FF8,R4_PMC13106918_STD_2,POOLED_HUMAN_PLASMA_8_DONORS,STD,true,LFQ_INTENSITY,0,NUMERIC_ZERO,false
PMC13106918_RCSI_DCU_SILICA_CORONA,Royal College of Surgeons in Ireland and Dublin City University,protein_groups,proteinGroups.txt,650,LFQ intensity STD_3650,Q58FF8,Q58FF8,R4_PMC13106918_STD_3,POOLED_HUMAN_PLASMA_8_DONORS,STD,true,LFQ_INTENSITY,0,NUMERIC_ZERO,false
PMC13106918_RCSI_DCU_SILICA_CORONA,Royal College of Surgeons in Ireland and Dublin City University,protein_groups,proteinGroups.txt,650,LFQ intensity STD_4650,Q58FF8,Q58FF8,R4_PMC13106918_STD_4,POOLED_HUMAN_PLASMA_8_DONORS,STD,true,LFQ_INTENSITY,0,NUMERIC_ZERO,false
PMC13106918_RCSI_DCU_SILICA_CORONA,Royal College of Surgeons in Ireland and Dublin City University,protein_groups,proteinGroups.txt,650,LFQ intensity Strap_1650,Q58FF8,Q58FF8,R4_PMC13106918_Strap_1,POOLED_HUMAN_PLASMA_8_DONORS,Strap,true,LFQ_INTENSITY,0,NUMERIC_ZERO,false
PMC13106918_RCSI_DCU_SILICA_CORONA,Royal College of Surgeons in Ireland and Dublin City University,protein_groups,proteinGroups.txt,650,LFQ intensity Strap_2650,Q58FF8,Q58FF8,R4_PMC13106918_Strap_2,POOLED_HUMAN_PLASMA_8_DONORS,Strap,true,LFQ_INTENSITY,17798000,POSITIVE_FINITE,true
PMC13106918_RCSI_DCU_SILICA_CORONA,Royal College of Surgeons in Ireland and Dublin City University,protein_groups,proteinGroups.txt,650,LFQ intensity Strap_3650,Q58FF8,Q58FF8,R4_PMC13106918_Strap_3,POOLED_HUMAN_PLASMA_8_DONORS,Strap,true,LFQ_INTENSITY,9447500,POSITIVE_FINITE,true
PMC13106918_RCSI_DCU_SILICA_CORONA,Royal College of Surgeons in Ireland and Dublin City University,protein_groups,proteinGroups.txt,650,LFQ intensity Strap_4650,Q58FF8,Q58FF8,R4_PMC13106918_Strap_4,POOLED_HUMAN_PLASMA_8_DONORS,Strap,true,LFQ_INTENSITY,0,NUMERIC_ZERO,false
PMC13106918_RCSI_DCU_SILICA_CORONA,Royal College of Surgeons in Ireland and Dublin City University,protein_groups,proteinGroups.txt,691,LFQ intensity iST_1691,Q99733,Q99733,R4_PMC13106918_iST_1,POOLED_HUMAN_PLASMA_8_DONORS,iST,true,LFQ_INTENSITY,0,NUMERIC_ZERO,false
PMC13106918_RCSI_DCU_SILICA_CORONA,Royal College of Surgeons in Ireland and Dublin City University,protein_groups,proteinGroups.txt,691,LFQ intensity iST_2691,Q99733,Q99733,R4_PMC13106918_iST_2,POOLED_HUMAN_PLASMA_8_DONORS,iST,true,LFQ_INTENSITY,0,NUMERIC_ZERO,false
PMC13106918_RCSI_DCU_SILICA_CORONA,Royal College of Surgeons in Ireland and Dublin City University,protein_groups,proteinGroups.txt,691,LFQ intensity iST_3691,Q99733,Q99733,R4_PMC13106918_iST_3,POOLED_HUMAN_PLASMA_8_DONORS,iST,true,LFQ_INTENSITY,0,NUMERIC_ZERO,false
PMC13106918_RCSI_DCU_SILICA_CORONA,Royal College of Surgeons in Ireland and Dublin City University,protein_groups,proteinGroups.txt,691,LFQ intensity iST_4691,Q99733,Q99733,R4_PMC13106918_iST_4,POOLED_HUMAN_PLASMA_8_DONORS,iST,true,LFQ_INTENSITY,0,NUMERIC_ZERO,false
PMC13106918_RCSI_DCU_SILICA_CORONA,Royal College of Surgeons in Ireland and Dublin City University,protein_groups,proteinGroups.txt,691,LFQ intensity Pmax_1691,Q99733,Q99733,R4_PMC13106918_Pmax_1,POOLED_HUMAN_PLASMA_8_DONORS,Pmax,true,LFQ_INTENSITY,0,NUMERIC_ZERO,false
PMC13106918_RCSI_DCU_SILICA_CORONA,Royal College of Surgeons in Ireland and Dublin City University,protein_groups,proteinGroups.txt,691,LFQ intensity Pmax_2691,Q99733,Q99733,R4_PMC13106918_Pmax_2,POOLED_HUMAN_PLASMA_8_DONORS,Pmax,true,LFQ_INTENSITY,0,NUMERIC_ZERO,false
PMC13106918_RCSI_DCU_SILICA_CORONA,Royal College of Surgeons in Ireland and Dublin City University,protein_groups,proteinGroups.txt,691,LFQ intensity Pmax_3691,Q99733,Q99733,R4_PMC13106918_Pmax_3,POOLED_HUMAN_PLASMA_8_DONORS,Pmax,true,LFQ_INTENSITY,0,NUMERIC_ZERO,false
PMC13106918_RCSI_DCU_SILICA_CORONA,Royal College of Surgeons in Ireland and Dublin City University,protein_groups,proteinGroups.txt,691,LFQ intensity Pmax_4691,Q99733,Q99733,R4_PMC13106918_Pmax_4,POOLED_HUMAN_PLASMA_8_DONORS,Pmax,true,LFQ_INTENSITY,0,NUMERIC_ZERO,false
PMC13106918_RCSI_DCU_SILICA_CORONA,Royal College of Surgeons in Ireland and Dublin City University,protein_groups,proteinGroups.txt,691,LFQ intensity RapiG_1691,Q99733,Q99733,R4_PMC13106918_RapiG_1,POOLED_HUMAN_PLASMA_8_DONORS,RapiG,true,LFQ_INTENSITY,0,NUMERIC_ZERO,false
PMC13106918_RCSI_DCU_SILICA_CORONA,Royal College of Surgeons in Ireland and Dublin City University,protein_groups,proteinGroups.txt,691,LFQ intensity RapiG_2691,Q99733,Q99733,R4_PMC13106918_RapiG_2,POOLED_HUMAN_PLASMA_8_DONORS,RapiG,true,LFQ_INTENSITY,0,NUMERIC_ZERO,false
PMC13106918_RCSI_DCU_SILICA_CORONA,Royal College of Surgeons in Ireland and Dublin City University,protein_groups,proteinGroups.txt,691,LFQ intensity RapiG_3691,Q99733,Q99733,R4_PMC13106918_RapiG_3,POOLED_HUMAN_PLASMA_8_DONORS,RapiG,true,LFQ_INTENSITY,0,NUMERIC_ZERO,false
PMC13106918_RCSI_DCU_SILICA_CORONA,Royal College of Surgeons in Ireland and Dublin City University,protein_groups,proteinGroups.txt,691,LFQ intensity RapiG_4691,Q99733,Q99733,R4_PMC13106918_RapiG_4,POOLED_HUMAN_PLASMA_8_DONORS,RapiG,true,LFQ_INTENSITY,0,NUMERIC_ZERO,false
PMC13106918_RCSI_DCU_SILICA_CORONA,Royal College of Surgeons in Ireland and Dublin City University,protein_groups,proteinGroups.txt,691,LFQ intensity STD_1691,Q99733,Q99733,R4_PMC13106918_STD_1,POOLED_HUMAN_PLASMA_8_DONORS,STD,true,LFQ_INTENSITY,0,NUMERIC_ZERO,false
PMC13106918_RCSI_DCU_SILICA_CORONA,Royal College of Surgeons in Ireland and Dublin City University,protein_groups,proteinGroups.txt,691,LFQ intensity STD_2691,Q99733,Q99733,R4_PMC13106918_STD_2,POOLED_HUMAN_PLASMA_8_DONORS,STD,true,LFQ_INTENSITY,0,NUMERIC_ZERO,false
PMC13106918_RCSI_DCU_SILICA_CORONA,Royal College of Surgeons in Ireland and Dublin City University,protein_groups,proteinGroups.txt,691,LFQ intensity STD_3691,Q99733,Q99733,R4_PMC13106918_STD_3,POOLED_HUMAN_PLASMA_8_DONORS,STD,true,LFQ_INTENSITY,0,NUMERIC_ZERO,false
PMC13106918_RCSI_DCU_SILICA_CORONA,Royal College of Surgeons in Ireland and Dublin City University,protein_groups,proteinGroups.txt,691,LFQ intensity STD_4691,Q99733,Q99733,R4_PMC13106918_STD_4,POOLED_HUMAN_PLASMA_8_DONORS,STD,true,LFQ_INTENSITY,0,NUMERIC_ZERO,false
PMC13106918_RCSI_DCU_SILICA_CORONA,Royal College of Surgeons in Ireland and Dublin City University,protein_groups,proteinGroups.txt,691,LFQ intensity Strap_1691,Q99733,Q99733,R4_PMC13106918_Strap_1,POOLED_HUMAN_PLASMA_8_DONORS,Strap,true,LFQ_INTENSITY,0,NUMERIC_ZERO,false
PMC13106918_RCSI_DCU_SILICA_CORONA,Royal College of Surgeons in Ireland and Dublin City University,protein_groups,proteinGroups.txt,691,LFQ intensity Strap_2691,Q99733,Q99733,R4_PMC13106918_Strap_2,POOLED_HUMAN_PLASMA_8_DONORS,Strap,true,LFQ_INTENSITY,0,NUMERIC_ZERO,false
PMC13106918_RCSI_DCU_SILICA_CORONA,Royal College of Surgeons in Ireland and Dublin City University,protein_groups,proteinGroups.txt,691,LFQ intensity Strap_3691,Q99733,Q99733,R4_PMC13106918_Strap_3,POOLED_HUMAN_PLASMA_8_DONORS,Strap,true,LFQ_INTENSITY,0,NUMERIC_ZERO,false
PMC13106918_RCSI_DCU_SILICA_CORONA,Royal College of Surgeons in Ireland and Dublin City University,protein_groups,proteinGroups.txt,691,LFQ intensity Strap_4691,Q99733,Q99733,R4_PMC13106918_Strap_4,POOLED_HUMAN_PLASMA_8_DONORS,Strap,true,LFQ_INTENSITY,0,NUMERIC_ZERO,false
PMC13106918_RCSI_DCU_SILICA_CORONA,Royal College of Surgeons in Ireland and Dublin City University,protein_groups,proteinGroups.txt,694,LFQ intensity iST_1694,Q99832,Q99832,R4_PMC13106918_iST_1,POOLED_HUMAN_PLASMA_8_DONORS,iST,true,LFQ_INTENSITY,2705400,POSITIVE_FINITE,true
PMC13106918_RCSI_DCU_SILICA_CORONA,Royal College of Surgeons in Ireland and Dublin City University,protein_groups,proteinGroups.txt,694,LFQ intensity iST_2694,Q99832,Q99832,R4_PMC13106918_iST_2,POOLED_HUMAN_PLASMA_8_DONORS,iST,true,LFQ_INTENSITY,3494100,POSITIVE_FINITE,true
PMC13106918_RCSI_DCU_SILICA_CORONA,Royal College of Surgeons in Ireland and Dublin City University,protein_groups,proteinGroups.txt,694,LFQ intensity iST_3694,Q99832,Q99832,R4_PMC13106918_iST_3,POOLED_HUMAN_PLASMA_8_DONORS,iST,true,LFQ_INTENSITY,2180900,POSITIVE_FINITE,true
PMC13106918_RCSI_DCU_SILICA_CORONA,Royal College of Surgeons in Ireland and Dublin City University,protein_groups,proteinGroups.txt,694,LFQ intensity iST_4694,Q99832,Q99832,R4_PMC13106918_iST_4,POOLED_HUMAN_PLASMA_8_DONORS,iST,true,LFQ_INTENSITY,0,NUMERIC_ZERO,false
PMC13106918_RCSI_DCU_SILICA_CORONA,Royal College of Surgeons in Ireland and Dublin City University,protein_groups,proteinGroups.txt,694,LFQ intensity Pmax_1694,Q99832,Q99832,R4_PMC13106918_Pmax_1,POOLED_HUMAN_PLASMA_8_DONORS,Pmax,true,LFQ_INTENSITY,3013200,POSITIVE_FINITE,true
PMC13106918_RCSI_DCU_SILICA_CORONA,Royal College of Surgeons in Ireland and Dublin City University,protein_groups,proteinGroups.txt,694,LFQ intensity Pmax_2694,Q99832,Q99832,R4_PMC13106918_Pmax_2,POOLED_HUMAN_PLASMA_8_DONORS,Pmax,true,LFQ_INTENSITY,2558000,POSITIVE_FINITE,true
PMC13106918_RCSI_DCU_SILICA_CORONA,Royal College of Surgeons in Ireland and Dublin City University,protein_groups,proteinGroups.txt,694,LFQ intensity Pmax_3694,Q99832,Q99832,R4_PMC13106918_Pmax_3,POOLED_HUMAN_PLASMA_8_DONORS,Pmax,true,LFQ_INTENSITY,4883200,POSITIVE_FINITE,true
PMC13106918_RCSI_DCU_SILICA_CORONA,Royal College of Surgeons in Ireland and Dublin City University,protein_groups,proteinGroups.txt,694,LFQ intensity Pmax_4694,Q99832,Q99832,R4_PMC13106918_Pmax_4,POOLED_HUMAN_PLASMA_8_DONORS,Pmax,true,LFQ_INTENSITY,0,NUMERIC_ZERO,false
PMC13106918_RCSI_DCU_SILICA_CORONA,Royal College of Surgeons in Ireland and Dublin City University,protein_groups,proteinGroups.txt,694,LFQ intensity RapiG_1694,Q99832,Q99832,R4_PMC13106918_RapiG_1,POOLED_HUMAN_PLASMA_8_DONORS,RapiG,true,LFQ_INTENSITY,0,NUMERIC_ZERO,false
PMC13106918_RCSI_DCU_SILICA_CORONA,Royal College of Surgeons in Ireland and Dublin City University,protein_groups,proteinGroups.txt,694,LFQ intensity RapiG_2694,Q99832,Q99832,R4_PMC13106918_RapiG_2,POOLED_HUMAN_PLASMA_8_DONORS,RapiG,true,LFQ_INTENSITY,2316000,POSITIVE_FINITE,true
PMC13106918_RCSI_DCU_SILICA_CORONA,Royal College of Surgeons in Ireland and Dublin City University,protein_groups,proteinGroups.txt,694,LFQ intensity RapiG_3694,Q99832,Q99832,R4_PMC13106918_RapiG_3,POOLED_HUMAN_PLASMA_8_DONORS,RapiG,true,LFQ_INTENSITY,0,NUMERIC_ZERO,false
PMC13106918_RCSI_DCU_SILICA_CORONA,Royal College of Surgeons in Ireland and Dublin City University,protein_groups,proteinGroups.txt,694,LFQ intensity RapiG_4694,Q99832,Q99832,R4_PMC13106918_RapiG_4,POOLED_HUMAN_PLASMA_8_DONORS,RapiG,true,LFQ_INTENSITY,0,NUMERIC_ZERO,false
PMC13106918_RCSI_DCU_SILICA_CORONA,Royal College of Surgeons in Ireland and Dublin City University,protein_groups,proteinGroups.txt,694,LFQ intensity STD_1694,Q99832,Q99832,R4_PMC13106918_STD_1,POOLED_HUMAN_PLASMA_8_DONORS,STD,true,LFQ_INTENSITY,0,NUMERIC_ZERO,false
PMC13106918_RCSI_DCU_SILICA_CORONA,Royal College of Surgeons in Ireland and Dublin City University,protein_groups,proteinGroups.txt,694,LFQ intensity STD_2694,Q99832,Q99832,R4_PMC13106918_STD_2,POOLED_HUMAN_PLASMA_8_DONORS,STD,true,LFQ_INTENSITY,0,NUMERIC_ZERO,false
PMC13106918_RCSI_DCU_SILICA_CORONA,Royal College of Surgeons in Ireland and Dublin City University,protein_groups,proteinGroups.txt,694,LFQ intensity STD_3694,Q99832,Q99832,R4_PMC13106918_STD_3,POOLED_HUMAN_PLASMA_8_DONORS,STD,true,LFQ_INTENSITY,0,NUMERIC_ZERO,false
PMC13106918_RCSI_DCU_SILICA_CORONA,Royal College of Surgeons in Ireland and Dublin City University,protein_groups,proteinGroups.txt,694,LFQ intensity STD_4694,Q99832,Q99832,R4_PMC13106918_STD_4,POOLED_HUMAN_PLASMA_8_DONORS,STD,true,LFQ_INTENSITY,0,NUMERIC_ZERO,false
PMC13106918_RCSI_DCU_SILICA_CORONA,Royal College of Surgeons in Ireland and Dublin City University,protein_groups,proteinGroups.txt,694,LFQ intensity Strap_1694,Q99832,Q99832,R4_PMC13106918_Strap_1,POOLED_HUMAN_PLASMA_8_DONORS,Strap,true,LFQ_INTENSITY,1337800,POSITIVE_FINITE,true
PMC13106918_RCSI_DCU_SILICA_CORONA,Royal College of Surgeons in Ireland and Dublin City University,protein_groups,proteinGroups.txt,694,LFQ intensity Strap_2694,Q99832,Q99832,R4_PMC13106918_Strap_2,POOLED_HUMAN_PLASMA_8_DONORS,Strap,true,LFQ_INTENSITY,3042300,POSITIVE_FINITE,true
PMC13106918_RCSI_DCU_SILICA_CORONA,Royal College of Surgeons in Ireland and Dublin City University,protein_groups,proteinGroups.txt,694,LFQ intensity Strap_3694,Q99832,Q99832,R4_PMC13106918_Strap_3,POOLED_HUMAN_PLASMA_8_DONORS,Strap,true,LFQ_INTENSITY,1329700,POSITIVE_FINITE,true
PMC13106918_RCSI_DCU_SILICA_CORONA,Royal College of Surgeons in Ireland and Dublin City University,protein_groups,proteinGroups.txt,694,LFQ intensity Strap_4694,Q99832,Q99832,R4_PMC13106918_Strap_4,POOLED_HUMAN_PLASMA_8_DONORS,Strap,true,LFQ_INTENSITY,1552200,POSITIVE_FINITE,true
PMC13106918_RCSI_DCU_SILICA_CORONA,Royal College of Surgeons in Ireland and Dublin City University,protein_groups,proteinGroups.txt,696,LFQ intensity iST_1696,Q9BS26,Q9BS26,R4_PMC13106918_iST_1,POOLED_HUMAN_PLASMA_8_DONORS,iST,true,LFQ_INTENSITY,2604600,POSITIVE_FINITE,true
PMC13106918_RCSI_DCU_SILICA_CORONA,Royal College of Surgeons in Ireland and Dublin City University,protein_groups,proteinGroups.txt,696,LFQ intensity iST_2696,Q9BS26,Q9BS26,R4_PMC13106918_iST_2,POOLED_HUMAN_PLASMA_8_DONORS,iST,true,LFQ_INTENSITY,0,NUMERIC_ZERO,false
PMC13106918_RCSI_DCU_SILICA_CORONA,Royal College of Surgeons in Ireland and Dublin City University,protein_groups,proteinGroups.txt,696,LFQ intensity iST_3696,Q9BS26,Q9BS26,R4_PMC13106918_iST_3,POOLED_HUMAN_PLASMA_8_DONORS,iST,true,LFQ_INTENSITY,2265900,POSITIVE_FINITE,true
PMC13106918_RCSI_DCU_SILICA_CORONA,Royal College of Surgeons in Ireland and Dublin City University,protein_groups,proteinGroups.txt,696,LFQ intensity iST_4696,Q9BS26,Q9BS26,R4_PMC13106918_iST_4,POOLED_HUMAN_PLASMA_8_DONORS,iST,true,LFQ_INTENSITY,1692900,POSITIVE_FINITE,true
PMC13106918_RCSI_DCU_SILICA_CORONA,Royal College of Surgeons in Ireland and Dublin City University,protein_groups,proteinGroups.txt,696,LFQ intensity Pmax_1696,Q9BS26,Q9BS26,R4_PMC13106918_Pmax_1,POOLED_HUMAN_PLASMA_8_DONORS,Pmax,true,LFQ_INTENSITY,0,NUMERIC_ZERO,false
PMC13106918_RCSI_DCU_SILICA_CORONA,Royal College of Surgeons in Ireland and Dublin City University,protein_groups,proteinGroups.txt,696,LFQ intensity Pmax_2696,Q9BS26,Q9BS26,R4_PMC13106918_Pmax_2,POOLED_HUMAN_PLASMA_8_DONORS,Pmax,true,LFQ_INTENSITY,0,NUMERIC_ZERO,false
PMC13106918_RCSI_DCU_SILICA_CORONA,Royal College of Surgeons in Ireland and Dublin City University,protein_groups,proteinGroups.txt,696,LFQ intensity Pmax_3696,Q9BS26,Q9BS26,R4_PMC13106918_Pmax_3,POOLED_HUMAN_PLASMA_8_DONORS,Pmax,true,LFQ_INTENSITY,0,NUMERIC_ZERO,false
PMC13106918_RCSI_DCU_SILICA_CORONA,Royal College of Surgeons in Ireland and Dublin City University,protein_groups,proteinGroups.txt,696,LFQ intensity Pmax_4696,Q9BS26,Q9BS26,R4_PMC13106918_Pmax_4,POOLED_HUMAN_PLASMA_8_DONORS,Pmax,true,LFQ_INTENSITY,0,NUMERIC_ZERO,false
PMC13106918_RCSI_DCU_SILICA_CORONA,Royal College of Surgeons in Ireland and Dublin City University,protein_groups,proteinGroups.txt,696,LFQ intensity RapiG_1696,Q9BS26,Q9BS26,R4_PMC13106918_RapiG_1,POOLED_HUMAN_PLASMA_8_DONORS,RapiG,true,LFQ_INTENSITY,0,NUMERIC_ZERO,false
PMC13106918_RCSI_DCU_SILICA_CORONA,Royal College of Surgeons in Ireland and Dublin City University,protein_groups,proteinGroups.txt,696,LFQ intensity RapiG_2696,Q9BS26,Q9BS26,R4_PMC13106918_RapiG_2,POOLED_HUMAN_PLASMA_8_DONORS,RapiG,true,LFQ_INTENSITY,0,NUMERIC_ZERO,false
PMC13106918_RCSI_DCU_SILICA_CORONA,Royal College of Surgeons in Ireland and Dublin City University,protein_groups,proteinGroups.txt,696,LFQ intensity RapiG_3696,Q9BS26,Q9BS26,R4_PMC13106918_RapiG_3,POOLED_HUMAN_PLASMA_8_DONORS,RapiG,true,LFQ_INTENSITY,0,NUMERIC_ZERO,false
PMC13106918_RCSI_DCU_SILICA_CORONA,Royal College of Surgeons in Ireland and Dublin City University,protein_groups,proteinGroups.txt,696,LFQ intensity RapiG_4696,Q9BS26,Q9BS26,R4_PMC13106918_RapiG_4,POOLED_HUMAN_PLASMA_8_DONORS,RapiG,true,LFQ_INTENSITY,0,NUMERIC_ZERO,false
PMC13106918_RCSI_DCU_SILICA_CORONA,Royal College of Surgeons in Ireland and Dublin City University,protein_groups,proteinGroups.txt,696,LFQ intensity STD_1696,Q9BS26,Q9BS26,R4_PMC13106918_STD_1,POOLED_HUMAN_PLASMA_8_DONORS,STD,true,LFQ_INTENSITY,0,NUMERIC_ZERO,false
PMC13106918_RCSI_DCU_SILICA_CORONA,Royal College of Surgeons in Ireland and Dublin City University,protein_groups,proteinGroups.txt,696,LFQ intensity STD_2696,Q9BS26,Q9BS26,R4_PMC13106918_STD_2,POOLED_HUMAN_PLASMA_8_DONORS,STD,true,LFQ_INTENSITY,0,NUMERIC_ZERO,false
PMC13106918_RCSI_DCU_SILICA_CORONA,Royal College of Surgeons in Ireland and Dublin City University,protein_groups,proteinGroups.txt,696,LFQ intensity STD_3696,Q9BS26,Q9BS26,R4_PMC13106918_STD_3,POOLED_HUMAN_PLASMA_8_DONORS,STD,true,LFQ_INTENSITY,0,NUMERIC_ZERO,false
PMC13106918_RCSI_DCU_SILICA_CORONA,Royal College of Surgeons in Ireland and Dublin City University,protein_groups,proteinGroups.txt,696,LFQ intensity STD_4696,Q9BS26,Q9BS26,R4_PMC13106918_STD_4,POOLED_HUMAN_PLASMA_8_DONORS,STD,true,LFQ_INTENSITY,0,NUMERIC_ZERO,false
PMC13106918_RCSI_DCU_SILICA_CORONA,Royal College of Surgeons in Ireland and Dublin City University,protein_groups,proteinGroups.txt,696,LFQ intensity Strap_1696,Q9BS26,Q9BS26,R4_PMC13106918_Strap_1,POOLED_HUMAN_PLASMA_8_DONORS,Strap,true,LFQ_INTENSITY,1544600,POSITIVE_FINITE,true
PMC13106918_RCSI_DCU_SILICA_CORONA,Royal College of Surgeons in Ireland and Dublin City University,protein_groups,proteinGroups.txt,696,LFQ intensity Strap_2696,Q9BS26,Q9BS26,R4_PMC13106918_Strap_2,POOLED_HUMAN_PLASMA_8_DONORS,Strap,true,LFQ_INTENSITY,1704700,POSITIVE_FINITE,true
PMC13106918_RCSI_DCU_SILICA_CORONA,Royal College of Surgeons in Ireland and Dublin City University,protein_groups,proteinGroups.txt,696,LFQ intensity Strap_3696,Q9BS26,Q9BS26,R4_PMC13106918_Strap_3,POOLED_HUMAN_PLASMA_8_DONORS,Strap,true,LFQ_INTENSITY,1518100,POSITIVE_FINITE,true
PMC13106918_RCSI_DCU_SILICA_CORONA,Royal College of Surgeons in Ireland and Dublin City University,protein_groups,proteinGroups.txt,696,LFQ intensity Strap_4696,Q9BS26,Q9BS26,R4_PMC13106918_Strap_4,POOLED_HUMAN_PLASMA_8_DONORS,Strap,true,LFQ_INTENSITY,0,NUMERIC_ZERO,false
PMC13106918_RCSI_DCU_SILICA_CORONA,Royal College of Surgeons in Ireland and Dublin City University,protein_groups,proteinGroups.txt,705,LFQ intensity iST_1705,Q9HDC9,Q9HDC9,R4_PMC13106918_iST_1,POOLED_HUMAN_PLASMA_8_DONORS,iST,true,LFQ_INTENSITY,0,NUMERIC_ZERO,false
PMC13106918_RCSI_DCU_SILICA_CORONA,Royal College of Surgeons in Ireland and Dublin City University,protein_groups,proteinGroups.txt,705,LFQ intensity iST_2705,Q9HDC9,Q9HDC9,R4_PMC13106918_iST_2,POOLED_HUMAN_PLASMA_8_DONORS,iST,true,LFQ_INTENSITY,0,NUMERIC_ZERO,false
PMC13106918_RCSI_DCU_SILICA_CORONA,Royal College of Surgeons in Ireland and Dublin City University,protein_groups,proteinGroups.txt,705,LFQ intensity iST_3705,Q9HDC9,Q9HDC9,R4_PMC13106918_iST_3,POOLED_HUMAN_PLASMA_8_DONORS,iST,true,LFQ_INTENSITY,0,NUMERIC_ZERO,false
PMC13106918_RCSI_DCU_SILICA_CORONA,Royal College of Surgeons in Ireland and Dublin City University,protein_groups,proteinGroups.txt,705,LFQ intensity iST_4705,Q9HDC9,Q9HDC9,R4_PMC13106918_iST_4,POOLED_HUMAN_PLASMA_8_DONORS,iST,true,LFQ_INTENSITY,0,NUMERIC_ZERO,false
PMC13106918_RCSI_DCU_SILICA_CORONA,Royal College of Surgeons in Ireland and Dublin City University,protein_groups,proteinGroups.txt,705,LFQ intensity Pmax_1705,Q9HDC9,Q9HDC9,R4_PMC13106918_Pmax_1,POOLED_HUMAN_PLASMA_8_DONORS,Pmax,true,LFQ_INTENSITY,0,NUMERIC_ZERO,false
PMC13106918_RCSI_DCU_SILICA_CORONA,Royal College of Surgeons in Ireland and Dublin City University,protein_groups,proteinGroups.txt,705,LFQ intensity Pmax_2705,Q9HDC9,Q9HDC9,R4_PMC13106918_Pmax_2,POOLED_HUMAN_PLASMA_8_DONORS,Pmax,true,LFQ_INTENSITY,0,NUMERIC_ZERO,false
PMC13106918_RCSI_DCU_SILICA_CORONA,Royal College of Surgeons in Ireland and Dublin City University,protein_groups,proteinGroups.txt,705,LFQ intensity Pmax_3705,Q9HDC9,Q9HDC9,R4_PMC13106918_Pmax_3,POOLED_HUMAN_PLASMA_8_DONORS,Pmax,true,LFQ_INTENSITY,0,NUMERIC_ZERO,false
PMC13106918_RCSI_DCU_SILICA_CORONA,Royal College of Surgeons in Ireland and Dublin City University,protein_groups,proteinGroups.txt,705,LFQ intensity Pmax_4705,Q9HDC9,Q9HDC9,R4_PMC13106918_Pmax_4,POOLED_HUMAN_PLASMA_8_DONORS,Pmax,true,LFQ_INTENSITY,0,NUMERIC_ZERO,false
PMC13106918_RCSI_DCU_SILICA_CORONA,Royal College of Surgeons in Ireland and Dublin City University,protein_groups,proteinGroups.txt,705,LFQ intensity RapiG_1705,Q9HDC9,Q9HDC9,R4_PMC13106918_RapiG_1,POOLED_HUMAN_PLASMA_8_DONORS,RapiG,true,LFQ_INTENSITY,0,NUMERIC_ZERO,false
PMC13106918_RCSI_DCU_SILICA_CORONA,Royal College of Surgeons in Ireland and Dublin City University,protein_groups,proteinGroups.txt,705,LFQ intensity RapiG_2705,Q9HDC9,Q9HDC9,R4_PMC13106918_RapiG_2,POOLED_HUMAN_PLASMA_8_DONORS,RapiG,true,LFQ_INTENSITY,10733000,POSITIVE_FINITE,true
PMC13106918_RCSI_DCU_SILICA_CORONA,Royal College of Surgeons in Ireland and Dublin City University,protein_groups,proteinGroups.txt,705,LFQ intensity RapiG_3705,Q9HDC9,Q9HDC9,R4_PMC13106918_RapiG_3,POOLED_HUMAN_PLASMA_8_DONORS,RapiG,true,LFQ_INTENSITY,15448000,POSITIVE_FINITE,true
PMC13106918_RCSI_DCU_SILICA_CORONA,Royal College of Surgeons in Ireland and Dublin City University,protein_groups,proteinGroups.txt,705,LFQ intensity RapiG_4705,Q9HDC9,Q9HDC9,R4_PMC13106918_RapiG_4,POOLED_HUMAN_PLASMA_8_DONORS,RapiG,true,LFQ_INTENSITY,18197000,POSITIVE_FINITE,true
PMC13106918_RCSI_DCU_SILICA_CORONA,Royal College of Surgeons in Ireland and Dublin City University,protein_groups,proteinGroups.txt,705,LFQ intensity STD_1705,Q9HDC9,Q9HDC9,R4_PMC13106918_STD_1,POOLED_HUMAN_PLASMA_8_DONORS,STD,true,LFQ_INTENSITY,0,NUMERIC_ZERO,false
PMC13106918_RCSI_DCU_SILICA_CORONA,Royal College of Surgeons in Ireland and Dublin City University,protein_groups,proteinGroups.txt,705,LFQ intensity STD_2705,Q9HDC9,Q9HDC9,R4_PMC13106918_STD_2,POOLED_HUMAN_PLASMA_8_DONORS,STD,true,LFQ_INTENSITY,0,NUMERIC_ZERO,false
PMC13106918_RCSI_DCU_SILICA_CORONA,Royal College of Surgeons in Ireland and Dublin City University,protein_groups,proteinGroups.txt,705,LFQ intensity STD_3705,Q9HDC9,Q9HDC9,R4_PMC13106918_STD_3,POOLED_HUMAN_PLASMA_8_DONORS,STD,true,LFQ_INTENSITY,0,NUMERIC_ZERO,false
PMC13106918_RCSI_DCU_SILICA_CORONA,Royal College of Surgeons in Ireland and Dublin City University,protein_groups,proteinGroups.txt,705,LFQ intensity STD_4705,Q9HDC9,Q9HDC9,R4_PMC13106918_STD_4,POOLED_HUMAN_PLASMA_8_DONORS,STD,true,LFQ_INTENSITY,0,NUMERIC_ZERO,false
PMC13106918_RCSI_DCU_SILICA_CORONA,Royal College of Surgeons in Ireland and Dublin City University,protein_groups,proteinGroups.txt,705,LFQ intensity Strap_1705,Q9HDC9,Q9HDC9,R4_PMC13106918_Strap_1,POOLED_HUMAN_PLASMA_8_DONORS,Strap,true,LFQ_INTENSITY,0,NUMERIC_ZERO,false
PMC13106918_RCSI_DCU_SILICA_CORONA,Royal College of Surgeons in Ireland and Dublin City University,protein_groups,proteinGroups.txt,705,LFQ intensity Strap_2705,Q9HDC9,Q9HDC9,R4_PMC13106918_Strap_2,POOLED_HUMAN_PLASMA_8_DONORS,Strap,true,LFQ_INTENSITY,0,NUMERIC_ZERO,false
PMC13106918_RCSI_DCU_SILICA_CORONA,Royal College of Surgeons in Ireland and Dublin City University,protein_groups,proteinGroups.txt,705,LFQ intensity Strap_3705,Q9HDC9,Q9HDC9,R4_PMC13106918_Strap_3,POOLED_HUMAN_PLASMA_8_DONORS,Strap,true,LFQ_INTENSITY,0,NUMERIC_ZERO,false
PMC13106918_RCSI_DCU_SILICA_CORONA,Royal College of Surgeons in Ireland and Dublin City University,protein_groups,proteinGroups.txt,705,LFQ intensity Strap_4705,Q9HDC9,Q9HDC9,R4_PMC13106918_Strap_4,POOLED_HUMAN_PLASMA_8_DONORS,Strap,true,LFQ_INTENSITY,0,NUMERIC_ZERO,false
