outer_fold_id,held_out_laboratory_anchor,model_id,alpha,held_out_inner_batch_id,spearman,selected_alpha
T250_OUTER_01,"Dalian University of Technology, China",SEQUENCE_RIDGE_FULL,0.01,PMC6592156:PH:pH 4.9:Rep1,1.0,100.0
T250_OUTER_01,"Dalian University of Technology, China",SEQUENCE_RIDGE_FULL,0.01,PMC6592156:PH:pH 4.9:Rep2,0.9428571428571428,100.0
T250_OUTER_01,"Dalian University of Technology, China",SEQUENCE_RIDGE_FULL,0.01,PMC6592156:PH:pH 4.9:Rep3,0.6571428571428571,100.0
T250_OUTER_01,"Dalian University of Technology, China",SEQUENCE_RIDGE_FULL,0.01,PMC6592156:PH:pH 6.1:Rep1,0.7714285714285715,100.0
T250_OUTER_01,"Dalian University of Technology, China",SEQUENCE_RIDGE_FULL,0.01,PMC6592156:PH:pH 6.1:Rep2,0.75,100.0
T250_OUTER_01,"Dalian University of Technology, China",SEQUENCE_RIDGE_FULL,0.01,PMC6592156:PH:pH 6.1:Rep3,0.9,100.0
T250_OUTER_01,"Dalian University of Technology, China",SEQUENCE_RIDGE_FULL,0.01,PMC6592156:PH:pH 6.8:Rep1,0.9285714285714286,100.0
T250_OUTER_01,"Dalian University of Technology, China",SEQUENCE_RIDGE_FULL,0.01,PMC6592156:PH:pH 6.8:Rep2,0.75,100.0
T250_OUTER_01,"Dalian University of Technology, China",SEQUENCE_RIDGE_FULL,0.01,PMC6592156:PH:pH 6.8:Rep3,0.5357142857142857,100.0
T250_OUTER_01,"Dalian University of Technology, China",SEQUENCE_RIDGE_FULL,0.01,PMC6592156:PH:pH 7.7:Rep1,0.8285714285714286,100.0
T250_OUTER_01,"Dalian University of Technology, China",SEQUENCE_RIDGE_FULL,0.01,PMC6592156:PH:pH 7.7:Rep2,0.6785714285714286,100.0
T250_OUTER_01,"Dalian University of Technology, China",SEQUENCE_RIDGE_FULL,0.01,PMC6592156:PH:pH 7.7:Rep3,0.6785714285714286,100.0
T250_OUTER_01,"Dalian University of Technology, China",SEQUENCE_RIDGE_FULL,0.01,PMC6592156:PH:pH 8.9:Rep1,0.8928571428571429,100.0
T250_OUTER_01,"Dalian University of Technology, China",SEQUENCE_RIDGE_FULL,0.01,PMC6592156:PH:pH 8.9:Rep2,0.9285714285714286,100.0
T250_OUTER_01,"Dalian University of Technology, China",SEQUENCE_RIDGE_FULL,0.01,PMC6592156:PH:pH 8.9:Rep3,0.9642857142857143,100.0
T250_OUTER_01,"Dalian University of Technology, China",SEQUENCE_RIDGE_FULL,0.01,PMC6592156:TEMPERATURE:17 °C:Rep1,0.6,100.0
T250_OUTER_01,"Dalian University of Technology, China",SEQUENCE_RIDGE_FULL,0.01,PMC6592156:TEMPERATURE:17 °C:Rep2,0.4857142857142857,100.0
T250_OUTER_01,"Dalian University of Technology, China",SEQUENCE_RIDGE_FULL,0.01,PMC6592156:TEMPERATURE:17 °C:Rep3,0.5,100.0
T250_OUTER_01,"Dalian University of Technology, China",SEQUENCE_RIDGE_FULL,0.01,PMC6592156:TEMPERATURE:30 °C:Rep1,0.9428571428571428,100.0
T250_OUTER_01,"Dalian University of Technology, China",SEQUENCE_RIDGE_FULL,0.01,PMC6592156:TEMPERATURE:30 °C:Rep2,0.5,100.0
T250_OUTER_01,"Dalian University of Technology, China",SEQUENCE_RIDGE_FULL,0.01,PMC6592156:TEMPERATURE:30 °C:Rep3,0.75,100.0
T250_OUTER_01,"Dalian University of Technology, China",SEQUENCE_RIDGE_FULL,0.01,PMC6592156:TEMPERATURE:4 °C:Rep1,0.8214285714285714,100.0
T250_OUTER_01,"Dalian University of Technology, China",SEQUENCE_RIDGE_FULL,0.01,PMC6592156:TEMPERATURE:4 °C:Rep2,0.8214285714285714,100.0
T250_OUTER_01,"Dalian University of Technology, China",SEQUENCE_RIDGE_FULL,0.01,PMC6592156:TEMPERATURE:4 °C:Rep3,0.7142857142857143,100.0
T250_OUTER_01,"Dalian University of Technology, China",SEQUENCE_RIDGE_FULL,0.01,PMC6592156:TEMPERATURE:41 °C:Rep1,0.75,100.0
T250_OUTER_01,"Dalian University of Technology, China",SEQUENCE_RIDGE_FULL,0.01,PMC6592156:TEMPERATURE:41 °C:Rep2,0.75,100.0
T250_OUTER_01,"Dalian University of Technology, China",SEQUENCE_RIDGE_FULL,0.01,PMC6592156:TEMPERATURE:41 °C:Rep3,0.75,100.0
T250_OUTER_01,"Dalian University of Technology, China",SEQUENCE_RIDGE_FULL,0.01,PMC6592156:TEMPERATURE:47 °C:Rep1,0.8285714285714286,100.0
T250_OUTER_01,"Dalian University of Technology, China",SEQUENCE_RIDGE_FULL,0.01,PMC6592156:TEMPERATURE:47 °C:Rep2,0.8928571428571429,100.0
T250_OUTER_01,"Dalian University of Technology, China",SEQUENCE_RIDGE_FULL,0.01,PMC6592156:TEMPERATURE:47 °C:Rep3,0.8571428571428571,100.0
T250_OUTER_01,"Dalian University of Technology, China",SEQUENCE_RIDGE_FULL,0.01,PT_D1_16,0.7637626158259733,100.0
T250_OUTER_01,"Dalian University of Technology, China",SEQUENCE_RIDGE_FULL,0.01,PT_D1_18,0.5217939320872036,100.0
T250_OUTER_01,"Dalian University of Technology, China",SEQUENCE_RIDGE_FULL,0.01,PT_D1_20,0.9121593238215745,100.0
T250_OUTER_01,"Dalian University of Technology, China",SEQUENCE_RIDGE_FULL,0.01,PT_D1_23,0.587180674734059,100.0
T250_OUTER_01,"Dalian University of Technology, China",SEQUENCE_RIDGE_FULL,0.01,PT_D1_33,0.7301163117764201,100.0
T250_OUTER_01,"Dalian University of Technology, China",SEQUENCE_RIDGE_FULL,0.01,PT_D1_34,0.5855400437691199,100.0
T250_OUTER_01,"Dalian University of Technology, China",SEQUENCE_RIDGE_FULL,0.01,PT_D1_48,0.5015501596686753,100.0
T250_OUTER_01,"Dalian University of Technology, China",SEQUENCE_RIDGE_FULL,0.01,PT_D1_51,0.6780635036208105,100.0
T250_OUTER_01,"Dalian University of Technology, China",SEQUENCE_RIDGE_FULL,0.01,PT_D1_73,0.531688167718925,100.0
T250_OUTER_01,"Dalian University of Technology, China",SEQUENCE_RIDGE_FULL,0.01,PT_D1_81,0.7807200583588266,100.0
T250_OUTER_01,"Dalian University of Technology, China",SEQUENCE_RIDGE_FULL,0.01,PT_D3_06,0.6831300510639733,100.0
T250_OUTER_01,"Dalian University of Technology, China",SEQUENCE_RIDGE_FULL,0.01,PT_D3_14,0.5855400437691199,100.0
T250_OUTER_01,"Dalian University of Technology, China",SEQUENCE_RIDGE_FULL,0.01,PT_D3_22,0.5690229011161231,100.0
T250_OUTER_01,"Dalian University of Technology, China",SEQUENCE_RIDGE_FULL,0.01,PT_D3_28,0.9276336570439175,100.0
T250_OUTER_01,"Dalian University of Technology, China",SEQUENCE_RIDGE_FULL,0.01,PT_D3_30,0.6182840223353118,100.0
T250_OUTER_01,"Dalian University of Technology, China",SEQUENCE_RIDGE_FULL,0.01,PT_D3_37,0.7319250547113999,100.0
T250_OUTER_01,"Dalian University of Technology, China",SEQUENCE_RIDGE_FULL,0.01,PT_D3_41,0.5819143739626463,100.0
T250_OUTER_01,"Dalian University of Technology, China",SEQUENCE_RIDGE_FULL,0.01,PT_D3_42,0.8295150620062532,100.0
T250_OUTER_01,"Dalian University of Technology, China",SEQUENCE_RIDGE_FULL,0.01,PT_D3_85,0.47809144373375745,100.0
T250_OUTER_01,"Dalian University of Technology, China",SEQUENCE_RIDGE_FULL,0.01,PT_D3_96,0.7807200583588266,100.0
T250_OUTER_01,"Dalian University of Technology, China",SEQUENCE_RIDGE_FULL,0.01,R4_EDINBURGH_SGO_20210324_6pm_KostarelosK_OkweloguE_EO10,0.8857142857142857,100.0
T250_OUTER_01,"Dalian University of Technology, China",SEQUENCE_RIDGE_FULL,0.01,R4_EDINBURGH_SGO_20210324_6pm_KostarelosK_OkweloguE_EO103,0.7714285714285715,100.0
T250_OUTER_01,"Dalian University of Technology, China",SEQUENCE_RIDGE_FULL,0.01,R4_EDINBURGH_SGO_20210324_6pm_KostarelosK_OkweloguE_EO105,0.8285714285714286,100.0
T250_OUTER_01,"Dalian University of Technology, China",SEQUENCE_RIDGE_FULL,0.01,R4_EDINBURGH_SGO_20210324_6pm_KostarelosK_OkweloguE_EO107,0.7714285714285715,100.0
T250_OUTER_01,"Dalian University of Technology, China",SEQUENCE_RIDGE_FULL,0.01,R4_EDINBURGH_SGO_20210324_6pm_KostarelosK_OkweloguE_EO113,0.9428571428571428,100.0
T250_OUTER_01,"Dalian University of Technology, China",SEQUENCE_RIDGE_FULL,0.01,R4_EDINBURGH_SGO_20210324_6pm_KostarelosK_OkweloguE_EO116,0.4,100.0
T250_OUTER_01,"Dalian University of Technology, China",SEQUENCE_RIDGE_FULL,0.01,R4_EDINBURGH_SGO_20210324_6pm_KostarelosK_OkweloguE_EO12,0.8,100.0
T250_OUTER_01,"Dalian University of Technology, China",SEQUENCE_RIDGE_FULL,0.01,R4_EDINBURGH_SGO_20210324_6pm_KostarelosK_OkweloguE_EO16,0.9,100.0
T250_OUTER_01,"Dalian University of Technology, China",SEQUENCE_RIDGE_FULL,0.01,R4_EDINBURGH_SGO_20210324_6pm_KostarelosK_OkweloguE_EO21,0.37142857142857144,100.0
T250_OUTER_01,"Dalian University of Technology, China",SEQUENCE_RIDGE_FULL,0.01,R4_EDINBURGH_SGO_20210324_6pm_KostarelosK_OkweloguE_EO24,0.9428571428571428,100.0
T250_OUTER_01,"Dalian University of Technology, China",SEQUENCE_RIDGE_FULL,0.01,R4_EDINBURGH_SGO_20210324_6pm_KostarelosK_OkweloguE_EO31,0.7142857142857143,100.0
T250_OUTER_01,"Dalian University of Technology, China",SEQUENCE_RIDGE_FULL,0.01,R4_EDINBURGH_SGO_20210324_6pm_KostarelosK_OkweloguE_EO34,0.14285714285714285,100.0
T250_OUTER_01,"Dalian University of Technology, China",SEQUENCE_RIDGE_FULL,0.01,R4_EDINBURGH_SGO_20210324_6pm_KostarelosK_OkweloguE_EO4,0.8857142857142857,100.0
T250_OUTER_01,"Dalian University of Technology, China",SEQUENCE_RIDGE_FULL,0.01,R4_EDINBURGH_SGO_20210324_6pm_KostarelosK_OkweloguE_EO43,0.6,100.0
T250_OUTER_01,"Dalian University of Technology, China",SEQUENCE_RIDGE_FULL,0.01,R4_EDINBURGH_SGO_20210324_6pm_KostarelosK_OkweloguE_EO52,0.7714285714285715,100.0
T250_OUTER_01,"Dalian University of Technology, China",SEQUENCE_RIDGE_FULL,0.01,R4_EDINBURGH_SGO_20210324_6pm_KostarelosK_OkweloguE_EO64,0.8857142857142857,100.0
T250_OUTER_01,"Dalian University of Technology, China",SEQUENCE_RIDGE_FULL,0.01,R4_EDINBURGH_SGO_20210324_6pm_KostarelosK_OkweloguE_EO66,0.8285714285714286,100.0
T250_OUTER_01,"Dalian University of Technology, China",SEQUENCE_RIDGE_FULL,0.01,R4_EDINBURGH_SGO_20210324_6pm_KostarelosK_OkweloguE_EO73,0.9428571428571428,100.0
T250_OUTER_01,"Dalian University of Technology, China",SEQUENCE_RIDGE_FULL,0.01,R4_EDINBURGH_SGO_20210324_6pm_KostarelosK_OkweloguE_EO83,0.9428571428571428,100.0
T250_OUTER_01,"Dalian University of Technology, China",SEQUENCE_RIDGE_FULL,0.01,R4_EDINBURGH_SGO_20210324_6pm_KostarelosK_OkweloguE_EO88,0.3,100.0
T250_OUTER_01,"Dalian University of Technology, China",SEQUENCE_RIDGE_FULL,0.01,R4_EDINBURGH_SGO_20210324_6pm_KostarelosK_OkweloguE_EO94,0.8285714285714286,100.0
T250_OUTER_01,"Dalian University of Technology, China",SEQUENCE_RIDGE_FULL,0.01,R4_EDINBURGH_SGO_20210324_6pm_KostarelosK_OkweloguE_EO96,0.9428571428571428,100.0
T250_OUTER_01,"Dalian University of Technology, China",SEQUENCE_RIDGE_FULL,0.01,R4_EDINBURGH_SGO_20210324_6pm_KostarelosK_OkweloguE_EO97,0.8285714285714286,100.0
T250_OUTER_01,"Dalian University of Technology, China",SEQUENCE_RIDGE_FULL,0.01,R4_EDINBURGH_USGO_20210324_6pm_KostarelosK_OkweloguE_EO106,0.7142857142857143,100.0
T250_OUTER_01,"Dalian University of Technology, China",SEQUENCE_RIDGE_FULL,0.01,R4_EDINBURGH_USGO_20210324_6pm_KostarelosK_OkweloguE_EO11,0.75,100.0
T250_OUTER_01,"Dalian University of Technology, China",SEQUENCE_RIDGE_FULL,0.01,R4_EDINBURGH_USGO_20210324_6pm_KostarelosK_OkweloguE_EO111,0.8928571428571429,100.0
T250_OUTER_01,"Dalian University of Technology, China",SEQUENCE_RIDGE_FULL,0.01,R4_EDINBURGH_USGO_20210324_6pm_KostarelosK_OkweloguE_EO112,0.75,100.0
T250_OUTER_01,"Dalian University of Technology, China",SEQUENCE_RIDGE_FULL,0.01,R4_EDINBURGH_USGO_20210324_6pm_KostarelosK_OkweloguE_EO115,0.8571428571428571,100.0
T250_OUTER_01,"Dalian University of Technology, China",SEQUENCE_RIDGE_FULL,0.01,R4_EDINBURGH_USGO_20210324_6pm_KostarelosK_OkweloguE_EO120,0.8214285714285714,100.0
T250_OUTER_01,"Dalian University of Technology, China",SEQUENCE_RIDGE_FULL,0.01,R4_EDINBURGH_USGO_20210324_6pm_KostarelosK_OkweloguE_EO121,0.5,100.0
T250_OUTER_01,"Dalian University of Technology, China",SEQUENCE_RIDGE_FULL,0.01,R4_EDINBURGH_USGO_20210324_6pm_KostarelosK_OkweloguE_EO125,1.0,100.0
T250_OUTER_01,"Dalian University of Technology, China",SEQUENCE_RIDGE_FULL,0.01,R4_EDINBURGH_USGO_20210324_6pm_KostarelosK_OkweloguE_EO126,0.75,100.0
T250_OUTER_01,"Dalian University of Technology, China",SEQUENCE_RIDGE_FULL,0.01,R4_EDINBURGH_USGO_20210324_6pm_KostarelosK_OkweloguE_EO13,0.9428571428571428,100.0
T250_OUTER_01,"Dalian University of Technology, China",SEQUENCE_RIDGE_FULL,0.01,R4_EDINBURGH_USGO_20210324_6pm_KostarelosK_OkweloguE_EO26,0.6,100.0
T250_OUTER_01,"Dalian University of Technology, China",SEQUENCE_RIDGE_FULL,0.01,R4_EDINBURGH_USGO_20210324_6pm_KostarelosK_OkweloguE_EO36,0.9428571428571428,100.0
T250_OUTER_01,"Dalian University of Technology, China",SEQUENCE_RIDGE_FULL,0.01,R4_EDINBURGH_USGO_20210324_6pm_KostarelosK_OkweloguE_EO40,0.9428571428571428,100.0
T250_OUTER_01,"Dalian University of Technology, China",SEQUENCE_RIDGE_FULL,0.01,R4_EDINBURGH_USGO_20210324_6pm_KostarelosK_OkweloguE_EO42,0.8285714285714286,100.0
T250_OUTER_01,"Dalian University of Technology, China",SEQUENCE_RIDGE_FULL,0.01,R4_EDINBURGH_USGO_20210324_6pm_KostarelosK_OkweloguE_EO44,0.7714285714285715,100.0
T250_OUTER_01,"Dalian University of Technology, China",SEQUENCE_RIDGE_FULL,0.01,R4_EDINBURGH_USGO_20210324_6pm_KostarelosK_OkweloguE_EO5,0.8214285714285714,100.0
T250_OUTER_01,"Dalian University of Technology, China",SEQUENCE_RIDGE_FULL,0.01,R4_EDINBURGH_USGO_20210324_6pm_KostarelosK_OkweloguE_EO50,0.6785714285714286,100.0
T250_OUTER_01,"Dalian University of Technology, China",SEQUENCE_RIDGE_FULL,0.01,R4_EDINBURGH_USGO_20210324_6pm_KostarelosK_OkweloguE_EO53,0.5428571428571428,100.0
T250_OUTER_01,"Dalian University of Technology, China",SEQUENCE_RIDGE_FULL,0.01,R4_EDINBURGH_USGO_20210324_6pm_KostarelosK_OkweloguE_EO60,0.8285714285714286,100.0
T250_OUTER_01,"Dalian University of Technology, China",SEQUENCE_RIDGE_FULL,0.01,R4_EDINBURGH_USGO_20210324_6pm_KostarelosK_OkweloguE_EO62,0.21428571428571427,100.0
T250_OUTER_01,"Dalian University of Technology, China",SEQUENCE_RIDGE_FULL,0.01,R4_EDINBURGH_USGO_20210324_6pm_KostarelosK_OkweloguE_EO69,0.7142857142857143,100.0
T250_OUTER_01,"Dalian University of Technology, China",SEQUENCE_RIDGE_FULL,0.01,R4_EDINBURGH_USGO_20210324_6pm_KostarelosK_OkweloguE_EO76,0.32142857142857145,100.0
T250_OUTER_01,"Dalian University of Technology, China",SEQUENCE_RIDGE_FULL,0.01,R4_EDINBURGH_USGO_20210324_6pm_KostarelosK_OkweloguE_EO77,0.8857142857142857,100.0
T250_OUTER_01,"Dalian University of Technology, China",SEQUENCE_RIDGE_FULL,0.01,R4_EDINBURGH_USGO_20210324_6pm_KostarelosK_OkweloguE_EO79,0.75,100.0
T250_OUTER_01,"Dalian University of Technology, China",SEQUENCE_RIDGE_FULL,0.01,R4_EDINBURGH_USGO_20210324_6pm_KostarelosK_OkweloguE_EO86,0.8571428571428571,100.0
T250_OUTER_01,"Dalian University of Technology, China",SEQUENCE_RIDGE_FULL,0.01,R4_EDINBURGH_USGO_20210324_6pm_KostarelosK_OkweloguE_EO87,0.8928571428571429,100.0
T250_OUTER_01,"Dalian University of Technology, China",SEQUENCE_RIDGE_FULL,0.01,T_D1_133,0.5855400437691199,100.0
T250_OUTER_01,"Dalian University of Technology, China",SEQUENCE_RIDGE_FULL,0.01,T_D1_138,0.8365019125713041,100.0
T250_OUTER_01,"Dalian University of Technology, China",SEQUENCE_RIDGE_FULL,0.01,T_D1_165,0.7807200583588266,100.0
T250_OUTER_01,"Dalian University of Technology, China",SEQUENCE_RIDGE_FULL,0.01,T_D1_173,0.9271050693011066,100.0
T250_OUTER_01,"Dalian University of Technology, China",SEQUENCE_RIDGE_FULL,0.01,T_D1_186,0.7289182663923712,100.0
T250_OUTER_01,"Dalian University of Technology, China",SEQUENCE_RIDGE_FULL,0.01,T_D3_119a,0.5933055656682091,100.0
T250_OUTER_01,"Dalian University of Technology, China",SEQUENCE_RIDGE_FULL,0.01,T_D3_119b,0.5933055656682091,100.0
T250_OUTER_01,"Dalian University of Technology, China",SEQUENCE_RIDGE_FULL,0.01,T_D3_155,0.5855400437691199,100.0
T250_OUTER_01,"Dalian University of Technology, China",SEQUENCE_RIDGE_FULL,0.01,T_D3_178,0.7807200583588266,100.0
T250_OUTER_01,"Dalian University of Technology, China",SEQUENCE_RIDGE_FULL,0.01,T_D3_198,0.5229975846277625,100.0
T250_OUTER_01,"Dalian University of Technology, China",SEQUENCE_RIDGE_FULL,0.01,__MEAN__,0.7365544421962966,100.0
T250_OUTER_01,"Dalian University of Technology, China",SEQUENCE_RIDGE_FULL,0.1,PMC6592156:PH:pH 4.9:Rep1,1.0,100.0
T250_OUTER_01,"Dalian University of Technology, China",SEQUENCE_RIDGE_FULL,0.1,PMC6592156:PH:pH 4.9:Rep2,0.9428571428571428,100.0
T250_OUTER_01,"Dalian University of Technology, China",SEQUENCE_RIDGE_FULL,0.1,PMC6592156:PH:pH 4.9:Rep3,0.6571428571428571,100.0
T250_OUTER_01,"Dalian University of Technology, China",SEQUENCE_RIDGE_FULL,0.1,PMC6592156:PH:pH 6.1:Rep1,0.7714285714285715,100.0
T250_OUTER_01,"Dalian University of Technology, China",SEQUENCE_RIDGE_FULL,0.1,PMC6592156:PH:pH 6.1:Rep2,0.75,100.0
T250_OUTER_01,"Dalian University of Technology, China",SEQUENCE_RIDGE_FULL,0.1,PMC6592156:PH:pH 6.1:Rep3,0.9,100.0
T250_OUTER_01,"Dalian University of Technology, China",SEQUENCE_RIDGE_FULL,0.1,PMC6592156:PH:pH 6.8:Rep1,0.9285714285714286,100.0
T250_OUTER_01,"Dalian University of Technology, China",SEQUENCE_RIDGE_FULL,0.1,PMC6592156:PH:pH 6.8:Rep2,0.75,100.0
T250_OUTER_01,"Dalian University of Technology, China",SEQUENCE_RIDGE_FULL,0.1,PMC6592156:PH:pH 6.8:Rep3,0.5357142857142857,100.0
T250_OUTER_01,"Dalian University of Technology, China",SEQUENCE_RIDGE_FULL,0.1,PMC6592156:PH:pH 7.7:Rep1,0.8285714285714286,100.0
T250_OUTER_01,"Dalian University of Technology, China",SEQUENCE_RIDGE_FULL,0.1,PMC6592156:PH:pH 7.7:Rep2,0.6785714285714286,100.0
T250_OUTER_01,"Dalian University of Technology, China",SEQUENCE_RIDGE_FULL,0.1,PMC6592156:PH:pH 7.7:Rep3,0.6785714285714286,100.0
T250_OUTER_01,"Dalian University of Technology, China",SEQUENCE_RIDGE_FULL,0.1,PMC6592156:PH:pH 8.9:Rep1,0.8928571428571429,100.0
T250_OUTER_01,"Dalian University of Technology, China",SEQUENCE_RIDGE_FULL,0.1,PMC6592156:PH:pH 8.9:Rep2,0.9285714285714286,100.0
T250_OUTER_01,"Dalian University of Technology, China",SEQUENCE_RIDGE_FULL,0.1,PMC6592156:PH:pH 8.9:Rep3,0.9642857142857143,100.0
T250_OUTER_01,"Dalian University of Technology, China",SEQUENCE_RIDGE_FULL,0.1,PMC6592156:TEMPERATURE:17 °C:Rep1,0.6,100.0
T250_OUTER_01,"Dalian University of Technology, China",SEQUENCE_RIDGE_FULL,0.1,PMC6592156:TEMPERATURE:17 °C:Rep2,0.4857142857142857,100.0
T250_OUTER_01,"Dalian University of Technology, China",SEQUENCE_RIDGE_FULL,0.1,PMC6592156:TEMPERATURE:17 °C:Rep3,0.5,100.0
T250_OUTER_01,"Dalian University of Technology, China",SEQUENCE_RIDGE_FULL,0.1,PMC6592156:TEMPERATURE:30 °C:Rep1,0.9428571428571428,100.0
T250_OUTER_01,"Dalian University of Technology, China",SEQUENCE_RIDGE_FULL,0.1,PMC6592156:TEMPERATURE:30 °C:Rep2,0.5,100.0
T250_OUTER_01,"Dalian University of Technology, China",SEQUENCE_RIDGE_FULL,0.1,PMC6592156:TEMPERATURE:30 °C:Rep3,0.75,100.0
T250_OUTER_01,"Dalian University of Technology, China",SEQUENCE_RIDGE_FULL,0.1,PMC6592156:TEMPERATURE:4 °C:Rep1,0.8214285714285714,100.0
T250_OUTER_01,"Dalian University of Technology, China",SEQUENCE_RIDGE_FULL,0.1,PMC6592156:TEMPERATURE:4 °C:Rep2,0.8214285714285714,100.0
T250_OUTER_01,"Dalian University of Technology, China",SEQUENCE_RIDGE_FULL,0.1,PMC6592156:TEMPERATURE:4 °C:Rep3,0.7142857142857143,100.0
T250_OUTER_01,"Dalian University of Technology, China",SEQUENCE_RIDGE_FULL,0.1,PMC6592156:TEMPERATURE:41 °C:Rep1,0.75,100.0
T250_OUTER_01,"Dalian University of Technology, China",SEQUENCE_RIDGE_FULL,0.1,PMC6592156:TEMPERATURE:41 °C:Rep2,0.75,100.0
T250_OUTER_01,"Dalian University of Technology, China",SEQUENCE_RIDGE_FULL,0.1,PMC6592156:TEMPERATURE:41 °C:Rep3,0.75,100.0
T250_OUTER_01,"Dalian University of Technology, China",SEQUENCE_RIDGE_FULL,0.1,PMC6592156:TEMPERATURE:47 °C:Rep1,0.8285714285714286,100.0
T250_OUTER_01,"Dalian University of Technology, China",SEQUENCE_RIDGE_FULL,0.1,PMC6592156:TEMPERATURE:47 °C:Rep2,0.8928571428571429,100.0
T250_OUTER_01,"Dalian University of Technology, China",SEQUENCE_RIDGE_FULL,0.1,PMC6592156:TEMPERATURE:47 °C:Rep3,0.8571428571428571,100.0
T250_OUTER_01,"Dalian University of Technology, China",SEQUENCE_RIDGE_FULL,0.1,PT_D1_16,0.7637626158259733,100.0
T250_OUTER_01,"Dalian University of Technology, China",SEQUENCE_RIDGE_FULL,0.1,PT_D1_18,0.46381682852195877,100.0
T250_OUTER_01,"Dalian University of Technology, China",SEQUENCE_RIDGE_FULL,0.1,PT_D1_20,0.9276336570439175,100.0
T250_OUTER_01,"Dalian University of Technology, China",SEQUENCE_RIDGE_FULL,0.1,PT_D1_23,0.6135431191398488,100.0
T250_OUTER_01,"Dalian University of Technology, China",SEQUENCE_RIDGE_FULL,0.1,PT_D1_33,0.7301163117764201,100.0
T250_OUTER_01,"Dalian University of Technology, China",SEQUENCE_RIDGE_FULL,0.1,PT_D1_34,0.5855400437691199,100.0
T250_OUTER_01,"Dalian University of Technology, China",SEQUENCE_RIDGE_FULL,0.1,PT_D1_48,0.49696992650327754,100.0
T250_OUTER_01,"Dalian University of Technology, China",SEQUENCE_RIDGE_FULL,0.1,PT_D1_51,0.683599072781475,100.0
T250_OUTER_01,"Dalian University of Technology, China",SEQUENCE_RIDGE_FULL,0.1,PT_D1_73,0.5424508028966484,100.0
T250_OUTER_01,"Dalian University of Technology, China",SEQUENCE_RIDGE_FULL,0.1,PT_D1_81,0.7807200583588266,100.0
T250_OUTER_01,"Dalian University of Technology, China",SEQUENCE_RIDGE_FULL,0.1,PT_D3_06,0.6831300510639733,100.0
T250_OUTER_01,"Dalian University of Technology, China",SEQUENCE_RIDGE_FULL,0.1,PT_D3_14,0.5855400437691199,100.0
T250_OUTER_01,"Dalian University of Technology, China",SEQUENCE_RIDGE_FULL,0.1,PT_D3_22,0.5225437283634242,100.0
T250_OUTER_01,"Dalian University of Technology, China",SEQUENCE_RIDGE_FULL,0.1,PT_D3_28,0.9856107606091623,100.0
T250_OUTER_01,"Dalian University of Technology, China",SEQUENCE_RIDGE_FULL,0.1,PT_D3_30,0.6182840223353118,100.0
T250_OUTER_01,"Dalian University of Technology, China",SEQUENCE_RIDGE_FULL,0.1,PT_D3_37,0.7319250547113999,100.0
T250_OUTER_01,"Dalian University of Technology, China",SEQUENCE_RIDGE_FULL,0.1,PT_D3_41,0.5585812268712466,100.0
T250_OUTER_01,"Dalian University of Technology, China",SEQUENCE_RIDGE_FULL,0.1,PT_D3_42,0.8295150620062532,100.0
T250_OUTER_01,"Dalian University of Technology, China",SEQUENCE_RIDGE_FULL,0.1,PT_D3_85,0.47809144373375745,100.0
T250_OUTER_01,"Dalian University of Technology, China",SEQUENCE_RIDGE_FULL,0.1,PT_D3_96,0.7807200583588266,100.0
T250_OUTER_01,"Dalian University of Technology, China",SEQUENCE_RIDGE_FULL,0.1,R4_EDINBURGH_SGO_20210324_6pm_KostarelosK_OkweloguE_EO10,0.8857142857142857,100.0
T250_OUTER_01,"Dalian University of Technology, China",SEQUENCE_RIDGE_FULL,0.1,R4_EDINBURGH_SGO_20210324_6pm_KostarelosK_OkweloguE_EO103,0.7714285714285715,100.0
T250_OUTER_01,"Dalian University of Technology, China",SEQUENCE_RIDGE_FULL,0.1,R4_EDINBURGH_SGO_20210324_6pm_KostarelosK_OkweloguE_EO105,0.8285714285714286,100.0
T250_OUTER_01,"Dalian University of Technology, China",SEQUENCE_RIDGE_FULL,0.1,R4_EDINBURGH_SGO_20210324_6pm_KostarelosK_OkweloguE_EO107,0.7714285714285715,100.0
T250_OUTER_01,"Dalian University of Technology, China",SEQUENCE_RIDGE_FULL,0.1,R4_EDINBURGH_SGO_20210324_6pm_KostarelosK_OkweloguE_EO113,0.9428571428571428,100.0
T250_OUTER_01,"Dalian University of Technology, China",SEQUENCE_RIDGE_FULL,0.1,R4_EDINBURGH_SGO_20210324_6pm_KostarelosK_OkweloguE_EO116,0.4,100.0
T250_OUTER_01,"Dalian University of Technology, China",SEQUENCE_RIDGE_FULL,0.1,R4_EDINBURGH_SGO_20210324_6pm_KostarelosK_OkweloguE_EO12,0.8,100.0
T250_OUTER_01,"Dalian University of Technology, China",SEQUENCE_RIDGE_FULL,0.1,R4_EDINBURGH_SGO_20210324_6pm_KostarelosK_OkweloguE_EO16,0.9,100.0
T250_OUTER_01,"Dalian University of Technology, China",SEQUENCE_RIDGE_FULL,0.1,R4_EDINBURGH_SGO_20210324_6pm_KostarelosK_OkweloguE_EO21,0.37142857142857144,100.0
T250_OUTER_01,"Dalian University of Technology, China",SEQUENCE_RIDGE_FULL,0.1,R4_EDINBURGH_SGO_20210324_6pm_KostarelosK_OkweloguE_EO24,0.9428571428571428,100.0
T250_OUTER_01,"Dalian University of Technology, China",SEQUENCE_RIDGE_FULL,0.1,R4_EDINBURGH_SGO_20210324_6pm_KostarelosK_OkweloguE_EO31,0.7142857142857143,100.0
T250_OUTER_01,"Dalian University of Technology, China",SEQUENCE_RIDGE_FULL,0.1,R4_EDINBURGH_SGO_20210324_6pm_KostarelosK_OkweloguE_EO34,0.14285714285714285,100.0
T250_OUTER_01,"Dalian University of Technology, China",SEQUENCE_RIDGE_FULL,0.1,R4_EDINBURGH_SGO_20210324_6pm_KostarelosK_OkweloguE_EO4,0.8857142857142857,100.0
T250_OUTER_01,"Dalian University of Technology, China",SEQUENCE_RIDGE_FULL,0.1,R4_EDINBURGH_SGO_20210324_6pm_KostarelosK_OkweloguE_EO43,0.6,100.0
T250_OUTER_01,"Dalian University of Technology, China",SEQUENCE_RIDGE_FULL,0.1,R4_EDINBURGH_SGO_20210324_6pm_KostarelosK_OkweloguE_EO52,0.7714285714285715,100.0
T250_OUTER_01,"Dalian University of Technology, China",SEQUENCE_RIDGE_FULL,0.1,R4_EDINBURGH_SGO_20210324_6pm_KostarelosK_OkweloguE_EO64,0.8857142857142857,100.0
T250_OUTER_01,"Dalian University of Technology, China",SEQUENCE_RIDGE_FULL,0.1,R4_EDINBURGH_SGO_20210324_6pm_KostarelosK_OkweloguE_EO66,0.8285714285714286,100.0
T250_OUTER_01,"Dalian University of Technology, China",SEQUENCE_RIDGE_FULL,0.1,R4_EDINBURGH_SGO_20210324_6pm_KostarelosK_OkweloguE_EO73,0.9428571428571428,100.0
T250_OUTER_01,"Dalian University of Technology, China",SEQUENCE_RIDGE_FULL,0.1,R4_EDINBURGH_SGO_20210324_6pm_KostarelosK_OkweloguE_EO83,0.9428571428571428,100.0
T250_OUTER_01,"Dalian University of Technology, China",SEQUENCE_RIDGE_FULL,0.1,R4_EDINBURGH_SGO_20210324_6pm_KostarelosK_OkweloguE_EO88,0.3,100.0
T250_OUTER_01,"Dalian University of Technology, China",SEQUENCE_RIDGE_FULL,0.1,R4_EDINBURGH_SGO_20210324_6pm_KostarelosK_OkweloguE_EO94,0.8285714285714286,100.0
T250_OUTER_01,"Dalian University of Technology, China",SEQUENCE_RIDGE_FULL,0.1,R4_EDINBURGH_SGO_20210324_6pm_KostarelosK_OkweloguE_EO96,0.9428571428571428,100.0
T250_OUTER_01,"Dalian University of Technology, China",SEQUENCE_RIDGE_FULL,0.1,R4_EDINBURGH_SGO_20210324_6pm_KostarelosK_OkweloguE_EO97,0.8285714285714286,100.0
T250_OUTER_01,"Dalian University of Technology, China",SEQUENCE_RIDGE_FULL,0.1,R4_EDINBURGH_USGO_20210324_6pm_KostarelosK_OkweloguE_EO106,0.7142857142857143,100.0
T250_OUTER_01,"Dalian University of Technology, China",SEQUENCE_RIDGE_FULL,0.1,R4_EDINBURGH_USGO_20210324_6pm_KostarelosK_OkweloguE_EO11,0.75,100.0
T250_OUTER_01,"Dalian University of Technology, China",SEQUENCE_RIDGE_FULL,0.1,R4_EDINBURGH_USGO_20210324_6pm_KostarelosK_OkweloguE_EO111,0.8928571428571429,100.0
T250_OUTER_01,"Dalian University of Technology, China",SEQUENCE_RIDGE_FULL,0.1,R4_EDINBURGH_USGO_20210324_6pm_KostarelosK_OkweloguE_EO112,0.75,100.0
T250_OUTER_01,"Dalian University of Technology, China",SEQUENCE_RIDGE_FULL,0.1,R4_EDINBURGH_USGO_20210324_6pm_KostarelosK_OkweloguE_EO115,0.8571428571428571,100.0
T250_OUTER_01,"Dalian University of Technology, China",SEQUENCE_RIDGE_FULL,0.1,R4_EDINBURGH_USGO_20210324_6pm_KostarelosK_OkweloguE_EO120,0.8214285714285714,100.0
T250_OUTER_01,"Dalian University of Technology, China",SEQUENCE_RIDGE_FULL,0.1,R4_EDINBURGH_USGO_20210324_6pm_KostarelosK_OkweloguE_EO121,0.5,100.0
T250_OUTER_01,"Dalian University of Technology, China",SEQUENCE_RIDGE_FULL,0.1,R4_EDINBURGH_USGO_20210324_6pm_KostarelosK_OkweloguE_EO125,1.0,100.0
T250_OUTER_01,"Dalian University of Technology, China",SEQUENCE_RIDGE_FULL,0.1,R4_EDINBURGH_USGO_20210324_6pm_KostarelosK_OkweloguE_EO126,0.75,100.0
T250_OUTER_01,"Dalian University of Technology, China",SEQUENCE_RIDGE_FULL,0.1,R4_EDINBURGH_USGO_20210324_6pm_KostarelosK_OkweloguE_EO13,0.9428571428571428,100.0
T250_OUTER_01,"Dalian University of Technology, China",SEQUENCE_RIDGE_FULL,0.1,R4_EDINBURGH_USGO_20210324_6pm_KostarelosK_OkweloguE_EO26,0.6,100.0
T250_OUTER_01,"Dalian University of Technology, China",SEQUENCE_RIDGE_FULL,0.1,R4_EDINBURGH_USGO_20210324_6pm_KostarelosK_OkweloguE_EO36,0.9428571428571428,100.0
T250_OUTER_01,"Dalian University of Technology, China",SEQUENCE_RIDGE_FULL,0.1,R4_EDINBURGH_USGO_20210324_6pm_KostarelosK_OkweloguE_EO40,0.9428571428571428,100.0
T250_OUTER_01,"Dalian University of Technology, China",SEQUENCE_RIDGE_FULL,0.1,R4_EDINBURGH_USGO_20210324_6pm_KostarelosK_OkweloguE_EO42,0.8285714285714286,100.0
T250_OUTER_01,"Dalian University of Technology, China",SEQUENCE_RIDGE_FULL,0.1,R4_EDINBURGH_USGO_20210324_6pm_KostarelosK_OkweloguE_EO44,0.7714285714285715,100.0
T250_OUTER_01,"Dalian University of Technology, China",SEQUENCE_RIDGE_FULL,0.1,R4_EDINBURGH_USGO_20210324_6pm_KostarelosK_OkweloguE_EO5,0.8214285714285714,100.0
T250_OUTER_01,"Dalian University of Technology, China",SEQUENCE_RIDGE_FULL,0.1,R4_EDINBURGH_USGO_20210324_6pm_KostarelosK_OkweloguE_EO50,0.6785714285714286,100.0
T250_OUTER_01,"Dalian University of Technology, China",SEQUENCE_RIDGE_FULL,0.1,R4_EDINBURGH_USGO_20210324_6pm_KostarelosK_OkweloguE_EO53,0.5428571428571428,100.0
T250_OUTER_01,"Dalian University of Technology, China",SEQUENCE_RIDGE_FULL,0.1,R4_EDINBURGH_USGO_20210324_6pm_KostarelosK_OkweloguE_EO60,0.8285714285714286,100.0
T250_OUTER_01,"Dalian University of Technology, China",SEQUENCE_RIDGE_FULL,0.1,R4_EDINBURGH_USGO_20210324_6pm_KostarelosK_OkweloguE_EO62,0.21428571428571427,100.0
T250_OUTER_01,"Dalian University of Technology, China",SEQUENCE_RIDGE_FULL,0.1,R4_EDINBURGH_USGO_20210324_6pm_KostarelosK_OkweloguE_EO69,0.7142857142857143,100.0
T250_OUTER_01,"Dalian University of Technology, China",SEQUENCE_RIDGE_FULL,0.1,R4_EDINBURGH_USGO_20210324_6pm_KostarelosK_OkweloguE_EO76,0.32142857142857145,100.0
T250_OUTER_01,"Dalian University of Technology, China",SEQUENCE_RIDGE_FULL,0.1,R4_EDINBURGH_USGO_20210324_6pm_KostarelosK_OkweloguE_EO77,0.8857142857142857,100.0
T250_OUTER_01,"Dalian University of Technology, China",SEQUENCE_RIDGE_FULL,0.1,R4_EDINBURGH_USGO_20210324_6pm_KostarelosK_OkweloguE_EO79,0.75,100.0
T250_OUTER_01,"Dalian University of Technology, China",SEQUENCE_RIDGE_FULL,0.1,R4_EDINBURGH_USGO_20210324_6pm_KostarelosK_OkweloguE_EO86,0.8571428571428571,100.0
T250_OUTER_01,"Dalian University of Technology, China",SEQUENCE_RIDGE_FULL,0.1,R4_EDINBURGH_USGO_20210324_6pm_KostarelosK_OkweloguE_EO87,0.8928571428571429,100.0
T250_OUTER_01,"Dalian University of Technology, China",SEQUENCE_RIDGE_FULL,0.1,T_D1_133,0.5855400437691199,100.0
T250_OUTER_01,"Dalian University of Technology, China",SEQUENCE_RIDGE_FULL,0.1,T_D1_138,0.8728715609439694,100.0
T250_OUTER_01,"Dalian University of Technology, China",SEQUENCE_RIDGE_FULL,0.1,T_D1_165,0.7807200583588266,100.0
T250_OUTER_01,"Dalian University of Technology, China",SEQUENCE_RIDGE_FULL,0.1,T_D1_173,0.9271050693011066,100.0
T250_OUTER_01,"Dalian University of Technology, China",SEQUENCE_RIDGE_FULL,0.1,T_D1_186,0.7289182663923712,100.0
T250_OUTER_01,"Dalian University of Technology, China",SEQUENCE_RIDGE_FULL,0.1,T_D3_119a,0.5933055656682091,100.0
T250_OUTER_01,"Dalian University of Technology, China",SEQUENCE_RIDGE_FULL,0.1,T_D3_119b,0.5933055656682091,100.0
T250_OUTER_01,"Dalian University of Technology, China",SEQUENCE_RIDGE_FULL,0.1,T_D3_155,0.5855400437691199,100.0
T250_OUTER_01,"Dalian University of Technology, China",SEQUENCE_RIDGE_FULL,0.1,T_D3_178,0.7807200583588266,100.0
T250_OUTER_01,"Dalian University of Technology, China",SEQUENCE_RIDGE_FULL,0.1,T_D3_198,0.5229975846277625,100.0
T250_OUTER_01,"Dalian University of Technology, China",SEQUENCE_RIDGE_FULL,0.1,__MEAN__,0.7367389566672111,100.0
T250_OUTER_01,"Dalian University of Technology, China",SEQUENCE_RIDGE_FULL,1.0,PMC6592156:PH:pH 4.9:Rep1,1.0,100.0
T250_OUTER_01,"Dalian University of Technology, China",SEQUENCE_RIDGE_FULL,1.0,PMC6592156:PH:pH 4.9:Rep2,0.9428571428571428,100.0
T250_OUTER_01,"Dalian University of Technology, China",SEQUENCE_RIDGE_FULL,1.0,PMC6592156:PH:pH 4.9:Rep3,0.6571428571428571,100.0
T250_OUTER_01,"Dalian University of Technology, China",SEQUENCE_RIDGE_FULL,1.0,PMC6592156:PH:pH 6.1:Rep1,0.7714285714285715,100.0
T250_OUTER_01,"Dalian University of Technology, China",SEQUENCE_RIDGE_FULL,1.0,PMC6592156:PH:pH 6.1:Rep2,0.75,100.0
T250_OUTER_01,"Dalian University of Technology, China",SEQUENCE_RIDGE_FULL,1.0,PMC6592156:PH:pH 6.1:Rep3,0.9,100.0
T250_OUTER_01,"Dalian University of Technology, China",SEQUENCE_RIDGE_FULL,1.0,PMC6592156:PH:pH 6.8:Rep1,0.9285714285714286,100.0
T250_OUTER_01,"Dalian University of Technology, China",SEQUENCE_RIDGE_FULL,1.0,PMC6592156:PH:pH 6.8:Rep2,0.75,100.0
T250_OUTER_01,"Dalian University of Technology, China",SEQUENCE_RIDGE_FULL,1.0,PMC6592156:PH:pH 6.8:Rep3,0.5357142857142857,100.0
T250_OUTER_01,"Dalian University of Technology, China",SEQUENCE_RIDGE_FULL,1.0,PMC6592156:PH:pH 7.7:Rep1,0.8285714285714286,100.0
T250_OUTER_01,"Dalian University of Technology, China",SEQUENCE_RIDGE_FULL,1.0,PMC6592156:PH:pH 7.7:Rep2,0.6785714285714286,100.0
T250_OUTER_01,"Dalian University of Technology, China",SEQUENCE_RIDGE_FULL,1.0,PMC6592156:PH:pH 7.7:Rep3,0.6785714285714286,100.0
T250_OUTER_01,"Dalian University of Technology, China",SEQUENCE_RIDGE_FULL,1.0,PMC6592156:PH:pH 8.9:Rep1,0.8928571428571429,100.0
T250_OUTER_01,"Dalian University of Technology, China",SEQUENCE_RIDGE_FULL,1.0,PMC6592156:PH:pH 8.9:Rep2,0.9285714285714286,100.0
T250_OUTER_01,"Dalian University of Technology, China",SEQUENCE_RIDGE_FULL,1.0,PMC6592156:PH:pH 8.9:Rep3,0.9642857142857143,100.0
T250_OUTER_01,"Dalian University of Technology, China",SEQUENCE_RIDGE_FULL,1.0,PMC6592156:TEMPERATURE:17 °C:Rep1,0.6,100.0
T250_OUTER_01,"Dalian University of Technology, China",SEQUENCE_RIDGE_FULL,1.0,PMC6592156:TEMPERATURE:17 °C:Rep2,0.4857142857142857,100.0
T250_OUTER_01,"Dalian University of Technology, China",SEQUENCE_RIDGE_FULL,1.0,PMC6592156:TEMPERATURE:17 °C:Rep3,0.5,100.0
T250_OUTER_01,"Dalian University of Technology, China",SEQUENCE_RIDGE_FULL,1.0,PMC6592156:TEMPERATURE:30 °C:Rep1,0.9428571428571428,100.0
T250_OUTER_01,"Dalian University of Technology, China",SEQUENCE_RIDGE_FULL,1.0,PMC6592156:TEMPERATURE:30 °C:Rep2,0.5,100.0
T250_OUTER_01,"Dalian University of Technology, China",SEQUENCE_RIDGE_FULL,1.0,PMC6592156:TEMPERATURE:30 °C:Rep3,0.75,100.0
T250_OUTER_01,"Dalian University of Technology, China",SEQUENCE_RIDGE_FULL,1.0,PMC6592156:TEMPERATURE:4 °C:Rep1,0.8214285714285714,100.0
T250_OUTER_01,"Dalian University of Technology, China",SEQUENCE_RIDGE_FULL,1.0,PMC6592156:TEMPERATURE:4 °C:Rep2,0.8214285714285714,100.0
T250_OUTER_01,"Dalian University of Technology, China",SEQUENCE_RIDGE_FULL,1.0,PMC6592156:TEMPERATURE:4 °C:Rep3,0.7142857142857143,100.0
T250_OUTER_01,"Dalian University of Technology, China",SEQUENCE_RIDGE_FULL,1.0,PMC6592156:TEMPERATURE:41 °C:Rep1,0.75,100.0
T250_OUTER_01,"Dalian University of Technology, China",SEQUENCE_RIDGE_FULL,1.0,PMC6592156:TEMPERATURE:41 °C:Rep2,0.75,100.0
T250_OUTER_01,"Dalian University of Technology, China",SEQUENCE_RIDGE_FULL,1.0,PMC6592156:TEMPERATURE:41 °C:Rep3,0.75,100.0
T250_OUTER_01,"Dalian University of Technology, China",SEQUENCE_RIDGE_FULL,1.0,PMC6592156:TEMPERATURE:47 °C:Rep1,0.8285714285714286,100.0
T250_OUTER_01,"Dalian University of Technology, China",SEQUENCE_RIDGE_FULL,1.0,PMC6592156:TEMPERATURE:47 °C:Rep2,0.8928571428571429,100.0
T250_OUTER_01,"Dalian University of Technology, China",SEQUENCE_RIDGE_FULL,1.0,PMC6592156:TEMPERATURE:47 °C:Rep3,0.8571428571428571,100.0
T250_OUTER_01,"Dalian University of Technology, China",SEQUENCE_RIDGE_FULL,1.0,PT_D1_16,0.7637626158259733,100.0
T250_OUTER_01,"Dalian University of Technology, China",SEQUENCE_RIDGE_FULL,1.0,PT_D1_18,0.5002164033860247,100.0
T250_OUTER_01,"Dalian University of Technology, China",SEQUENCE_RIDGE_FULL,1.0,PT_D1_20,0.9121593238215745,100.0
T250_OUTER_01,"Dalian University of Technology, China",SEQUENCE_RIDGE_FULL,1.0,PT_D1_23,0.6361123976285639,100.0
T250_OUTER_01,"Dalian University of Technology, China",SEQUENCE_RIDGE_FULL,1.0,PT_D1_33,0.7339758434175737,100.0
T250_OUTER_01,"Dalian University of Technology, China",SEQUENCE_RIDGE_FULL,1.0,PT_D1_34,0.5855400437691199,100.0
T250_OUTER_01,"Dalian University of Technology, China",SEQUENCE_RIDGE_FULL,1.0,PT_D1_48,0.4846990641204806,100.0
T250_OUTER_01,"Dalian University of Technology, China",SEQUENCE_RIDGE_FULL,1.0,PT_D1_51,0.6667200833300805,100.0
T250_OUTER_01,"Dalian University of Technology, China",SEQUENCE_RIDGE_FULL,1.0,PT_D1_73,0.5424508028966484,100.0
T250_OUTER_01,"Dalian University of Technology, China",SEQUENCE_RIDGE_FULL,1.0,PT_D1_81,0.7807200583588266,100.0
T250_OUTER_01,"Dalian University of Technology, China",SEQUENCE_RIDGE_FULL,1.0,PT_D3_06,0.6831300510639733,100.0
T250_OUTER_01,"Dalian University of Technology, China",SEQUENCE_RIDGE_FULL,1.0,PT_D3_14,0.5855400437691199,100.0
T250_OUTER_01,"Dalian University of Technology, China",SEQUENCE_RIDGE_FULL,1.0,PT_D3_22,0.5585812268712466,100.0
T250_OUTER_01,"Dalian University of Technology, China",SEQUENCE_RIDGE_FULL,1.0,PT_D3_28,0.9710083124552245,100.0
T250_OUTER_01,"Dalian University of Technology, China",SEQUENCE_RIDGE_FULL,1.0,PT_D3_30,0.6182840223353118,100.0
T250_OUTER_01,"Dalian University of Technology, China",SEQUENCE_RIDGE_FULL,1.0,PT_D3_37,0.7319250547113999,100.0
T250_OUTER_01,"Dalian University of Technology, China",SEQUENCE_RIDGE_FULL,1.0,PT_D3_41,0.5455447255899809,100.0
T250_OUTER_01,"Dalian University of Technology, China",SEQUENCE_RIDGE_FULL,1.0,PT_D3_42,0.8295150620062532,100.0
T250_OUTER_01,"Dalian University of Technology, China",SEQUENCE_RIDGE_FULL,1.0,PT_D3_85,0.47809144373375745,100.0
T250_OUTER_01,"Dalian University of Technology, China",SEQUENCE_RIDGE_FULL,1.0,PT_D3_96,0.7807200583588266,100.0
T250_OUTER_01,"Dalian University of Technology, China",SEQUENCE_RIDGE_FULL,1.0,R4_EDINBURGH_SGO_20210324_6pm_KostarelosK_OkweloguE_EO10,0.8857142857142857,100.0
T250_OUTER_01,"Dalian University of Technology, China",SEQUENCE_RIDGE_FULL,1.0,R4_EDINBURGH_SGO_20210324_6pm_KostarelosK_OkweloguE_EO103,0.7714285714285715,100.0
T250_OUTER_01,"Dalian University of Technology, China",SEQUENCE_RIDGE_FULL,1.0,R4_EDINBURGH_SGO_20210324_6pm_KostarelosK_OkweloguE_EO105,0.8285714285714286,100.0
T250_OUTER_01,"Dalian University of Technology, China",SEQUENCE_RIDGE_FULL,1.0,R4_EDINBURGH_SGO_20210324_6pm_KostarelosK_OkweloguE_EO107,0.7714285714285715,100.0
T250_OUTER_01,"Dalian University of Technology, China",SEQUENCE_RIDGE_FULL,1.0,R4_EDINBURGH_SGO_20210324_6pm_KostarelosK_OkweloguE_EO113,0.9428571428571428,100.0
T250_OUTER_01,"Dalian University of Technology, China",SEQUENCE_RIDGE_FULL,1.0,R4_EDINBURGH_SGO_20210324_6pm_KostarelosK_OkweloguE_EO116,0.4,100.0
T250_OUTER_01,"Dalian University of Technology, China",SEQUENCE_RIDGE_FULL,1.0,R4_EDINBURGH_SGO_20210324_6pm_KostarelosK_OkweloguE_EO12,0.8,100.0
T250_OUTER_01,"Dalian University of Technology, China",SEQUENCE_RIDGE_FULL,1.0,R4_EDINBURGH_SGO_20210324_6pm_KostarelosK_OkweloguE_EO16,0.9,100.0
T250_OUTER_01,"Dalian University of Technology, China",SEQUENCE_RIDGE_FULL,1.0,R4_EDINBURGH_SGO_20210324_6pm_KostarelosK_OkweloguE_EO21,0.37142857142857144,100.0
T250_OUTER_01,"Dalian University of Technology, China",SEQUENCE_RIDGE_FULL,1.0,R4_EDINBURGH_SGO_20210324_6pm_KostarelosK_OkweloguE_EO24,0.9428571428571428,100.0
T250_OUTER_01,"Dalian University of Technology, China",SEQUENCE_RIDGE_FULL,1.0,R4_EDINBURGH_SGO_20210324_6pm_KostarelosK_OkweloguE_EO31,0.7142857142857143,100.0
T250_OUTER_01,"Dalian University of Technology, China",SEQUENCE_RIDGE_FULL,1.0,R4_EDINBURGH_SGO_20210324_6pm_KostarelosK_OkweloguE_EO34,0.14285714285714285,100.0
T250_OUTER_01,"Dalian University of Technology, China",SEQUENCE_RIDGE_FULL,1.0,R4_EDINBURGH_SGO_20210324_6pm_KostarelosK_OkweloguE_EO4,0.8857142857142857,100.0
T250_OUTER_01,"Dalian University of Technology, China",SEQUENCE_RIDGE_FULL,1.0,R4_EDINBURGH_SGO_20210324_6pm_KostarelosK_OkweloguE_EO43,0.6,100.0
T250_OUTER_01,"Dalian University of Technology, China",SEQUENCE_RIDGE_FULL,1.0,R4_EDINBURGH_SGO_20210324_6pm_KostarelosK_OkweloguE_EO52,0.7714285714285715,100.0
T250_OUTER_01,"Dalian University of Technology, China",SEQUENCE_RIDGE_FULL,1.0,R4_EDINBURGH_SGO_20210324_6pm_KostarelosK_OkweloguE_EO64,0.8857142857142857,100.0
T250_OUTER_01,"Dalian University of Technology, China",SEQUENCE_RIDGE_FULL,1.0,R4_EDINBURGH_SGO_20210324_6pm_KostarelosK_OkweloguE_EO66,0.8285714285714286,100.0
T250_OUTER_01,"Dalian University of Technology, China",SEQUENCE_RIDGE_FULL,1.0,R4_EDINBURGH_SGO_20210324_6pm_KostarelosK_OkweloguE_EO73,0.9428571428571428,100.0
T250_OUTER_01,"Dalian University of Technology, China",SEQUENCE_RIDGE_FULL,1.0,R4_EDINBURGH_SGO_20210324_6pm_KostarelosK_OkweloguE_EO83,0.9428571428571428,100.0
T250_OUTER_01,"Dalian University of Technology, China",SEQUENCE_RIDGE_FULL,1.0,R4_EDINBURGH_SGO_20210324_6pm_KostarelosK_OkweloguE_EO88,0.3,100.0
T250_OUTER_01,"Dalian University of Technology, China",SEQUENCE_RIDGE_FULL,1.0,R4_EDINBURGH_SGO_20210324_6pm_KostarelosK_OkweloguE_EO94,0.8285714285714286,100.0
T250_OUTER_01,"Dalian University of Technology, China",SEQUENCE_RIDGE_FULL,1.0,R4_EDINBURGH_SGO_20210324_6pm_KostarelosK_OkweloguE_EO96,0.9428571428571428,100.0
T250_OUTER_01,"Dalian University of Technology, China",SEQUENCE_RIDGE_FULL,1.0,R4_EDINBURGH_SGO_20210324_6pm_KostarelosK_OkweloguE_EO97,0.8285714285714286,100.0
T250_OUTER_01,"Dalian University of Technology, China",SEQUENCE_RIDGE_FULL,1.0,R4_EDINBURGH_USGO_20210324_6pm_KostarelosK_OkweloguE_EO106,0.7142857142857143,100.0
T250_OUTER_01,"Dalian University of Technology, China",SEQUENCE_RIDGE_FULL,1.0,R4_EDINBURGH_USGO_20210324_6pm_KostarelosK_OkweloguE_EO11,0.75,100.0
T250_OUTER_01,"Dalian University of Technology, China",SEQUENCE_RIDGE_FULL,1.0,R4_EDINBURGH_USGO_20210324_6pm_KostarelosK_OkweloguE_EO111,0.8928571428571429,100.0
T250_OUTER_01,"Dalian University of Technology, China",SEQUENCE_RIDGE_FULL,1.0,R4_EDINBURGH_USGO_20210324_6pm_KostarelosK_OkweloguE_EO112,0.75,100.0
T250_OUTER_01,"Dalian University of Technology, China",SEQUENCE_RIDGE_FULL,1.0,R4_EDINBURGH_USGO_20210324_6pm_KostarelosK_OkweloguE_EO115,0.8571428571428571,100.0
T250_OUTER_01,"Dalian University of Technology, China",SEQUENCE_RIDGE_FULL,1.0,R4_EDINBURGH_USGO_20210324_6pm_KostarelosK_OkweloguE_EO120,0.8214285714285714,100.0
T250_OUTER_01,"Dalian University of Technology, China",SEQUENCE_RIDGE_FULL,1.0,R4_EDINBURGH_USGO_20210324_6pm_KostarelosK_OkweloguE_EO121,0.5,100.0
T250_OUTER_01,"Dalian University of Technology, China",SEQUENCE_RIDGE_FULL,1.0,R4_EDINBURGH_USGO_20210324_6pm_KostarelosK_OkweloguE_EO125,1.0,100.0
T250_OUTER_01,"Dalian University of Technology, China",SEQUENCE_RIDGE_FULL,1.0,R4_EDINBURGH_USGO_20210324_6pm_KostarelosK_OkweloguE_EO126,0.75,100.0
T250_OUTER_01,"Dalian University of Technology, China",SEQUENCE_RIDGE_FULL,1.0,R4_EDINBURGH_USGO_20210324_6pm_KostarelosK_OkweloguE_EO13,0.9428571428571428,100.0
T250_OUTER_01,"Dalian University of Technology, China",SEQUENCE_RIDGE_FULL,1.0,R4_EDINBURGH_USGO_20210324_6pm_KostarelosK_OkweloguE_EO26,0.6,100.0
T250_OUTER_01,"Dalian University of Technology, China",SEQUENCE_RIDGE_FULL,1.0,R4_EDINBURGH_USGO_20210324_6pm_KostarelosK_OkweloguE_EO36,0.9428571428571428,100.0
T250_OUTER_01,"Dalian University of Technology, China",SEQUENCE_RIDGE_FULL,1.0,R4_EDINBURGH_USGO_20210324_6pm_KostarelosK_OkweloguE_EO40,0.9428571428571428,100.0
T250_OUTER_01,"Dalian University of Technology, China",SEQUENCE_RIDGE_FULL,1.0,R4_EDINBURGH_USGO_20210324_6pm_KostarelosK_OkweloguE_EO42,0.8285714285714286,100.0
T250_OUTER_01,"Dalian University of Technology, China",SEQUENCE_RIDGE_FULL,1.0,R4_EDINBURGH_USGO_20210324_6pm_KostarelosK_OkweloguE_EO44,0.7714285714285715,100.0
T250_OUTER_01,"Dalian University of Technology, China",SEQUENCE_RIDGE_FULL,1.0,R4_EDINBURGH_USGO_20210324_6pm_KostarelosK_OkweloguE_EO5,0.8214285714285714,100.0
T250_OUTER_01,"Dalian University of Technology, China",SEQUENCE_RIDGE_FULL,1.0,R4_EDINBURGH_USGO_20210324_6pm_KostarelosK_OkweloguE_EO50,0.6785714285714286,100.0
T250_OUTER_01,"Dalian University of Technology, China",SEQUENCE_RIDGE_FULL,1.0,R4_EDINBURGH_USGO_20210324_6pm_KostarelosK_OkweloguE_EO53,0.5428571428571428,100.0
T250_OUTER_01,"Dalian University of Technology, China",SEQUENCE_RIDGE_FULL,1.0,R4_EDINBURGH_USGO_20210324_6pm_KostarelosK_OkweloguE_EO60,0.8285714285714286,100.0
T250_OUTER_01,"Dalian University of Technology, China",SEQUENCE_RIDGE_FULL,1.0,R4_EDINBURGH_USGO_20210324_6pm_KostarelosK_OkweloguE_EO62,0.21428571428571427,100.0
T250_OUTER_01,"Dalian University of Technology, China",SEQUENCE_RIDGE_FULL,1.0,R4_EDINBURGH_USGO_20210324_6pm_KostarelosK_OkweloguE_EO69,0.7142857142857143,100.0
T250_OUTER_01,"Dalian University of Technology, China",SEQUENCE_RIDGE_FULL,1.0,R4_EDINBURGH_USGO_20210324_6pm_KostarelosK_OkweloguE_EO76,0.32142857142857145,100.0
T250_OUTER_01,"Dalian University of Technology, China",SEQUENCE_RIDGE_FULL,1.0,R4_EDINBURGH_USGO_20210324_6pm_KostarelosK_OkweloguE_EO77,0.8857142857142857,100.0
T250_OUTER_01,"Dalian University of Technology, China",SEQUENCE_RIDGE_FULL,1.0,R4_EDINBURGH_USGO_20210324_6pm_KostarelosK_OkweloguE_EO79,0.75,100.0
T250_OUTER_01,"Dalian University of Technology, China",SEQUENCE_RIDGE_FULL,1.0,R4_EDINBURGH_USGO_20210324_6pm_KostarelosK_OkweloguE_EO86,0.8571428571428571,100.0
T250_OUTER_01,"Dalian University of Technology, China",SEQUENCE_RIDGE_FULL,1.0,R4_EDINBURGH_USGO_20210324_6pm_KostarelosK_OkweloguE_EO87,0.8928571428571429,100.0
T250_OUTER_01,"Dalian University of Technology, China",SEQUENCE_RIDGE_FULL,1.0,T_D1_133,0.5855400437691199,100.0
T250_OUTER_01,"Dalian University of Technology, China",SEQUENCE_RIDGE_FULL,1.0,T_D1_138,0.8627121404018641,100.0
T250_OUTER_01,"Dalian University of Technology, China",SEQUENCE_RIDGE_FULL,1.0,T_D1_165,0.7807200583588266,100.0
T250_OUTER_01,"Dalian University of Technology, China",SEQUENCE_RIDGE_FULL,1.0,T_D1_173,0.9271050693011066,100.0
T250_OUTER_01,"Dalian University of Technology, China",SEQUENCE_RIDGE_FULL,1.0,T_D1_186,0.7289182663923712,100.0
T250_OUTER_01,"Dalian University of Technology, China",SEQUENCE_RIDGE_FULL,1.0,T_D3_119a,0.5933055656682091,100.0
T250_OUTER_01,"Dalian University of Technology, China",SEQUENCE_RIDGE_FULL,1.0,T_D3_119b,0.5933055656682091,100.0
T250_OUTER_01,"Dalian University of Technology, China",SEQUENCE_RIDGE_FULL,1.0,T_D3_155,0.5855400437691199,100.0
T250_OUTER_01,"Dalian University of Technology, China",SEQUENCE_RIDGE_FULL,1.0,T_D3_178,0.7807200583588266,100.0
T250_OUTER_01,"Dalian University of Technology, China",SEQUENCE_RIDGE_FULL,1.0,T_D3_198,0.5229975846277625,100.0
T250_OUTER_01,"Dalian University of Technology, China",SEQUENCE_RIDGE_FULL,1.0,__MEAN__,0.7368898128916874,100.0
T250_OUTER_01,"Dalian University of Technology, China",SEQUENCE_RIDGE_FULL,10.0,PMC6592156:PH:pH 4.9:Rep1,1.0,100.0
T250_OUTER_01,"Dalian University of Technology, China",SEQUENCE_RIDGE_FULL,10.0,PMC6592156:PH:pH 4.9:Rep2,0.9428571428571428,100.0
T250_OUTER_01,"Dalian University of Technology, China",SEQUENCE_RIDGE_FULL,10.0,PMC6592156:PH:pH 4.9:Rep3,0.6571428571428571,100.0
T250_OUTER_01,"Dalian University of Technology, China",SEQUENCE_RIDGE_FULL,10.0,PMC6592156:PH:pH 6.1:Rep1,0.7714285714285715,100.0
T250_OUTER_01,"Dalian University of Technology, China",SEQUENCE_RIDGE_FULL,10.0,PMC6592156:PH:pH 6.1:Rep2,0.75,100.0
T250_OUTER_01,"Dalian University of Technology, China",SEQUENCE_RIDGE_FULL,10.0,PMC6592156:PH:pH 6.1:Rep3,0.9,100.0
T250_OUTER_01,"Dalian University of Technology, China",SEQUENCE_RIDGE_FULL,10.0,PMC6592156:PH:pH 6.8:Rep1,0.9642857142857143,100.0
T250_OUTER_01,"Dalian University of Technology, China",SEQUENCE_RIDGE_FULL,10.0,PMC6592156:PH:pH 6.8:Rep2,0.8214285714285714,100.0
T250_OUTER_01,"Dalian University of Technology, China",SEQUENCE_RIDGE_FULL,10.0,PMC6592156:PH:pH 6.8:Rep3,0.5357142857142857,100.0
T250_OUTER_01,"Dalian University of Technology, China",SEQUENCE_RIDGE_FULL,10.0,PMC6592156:PH:pH 7.7:Rep1,0.9428571428571428,100.0
T250_OUTER_01,"Dalian University of Technology, China",SEQUENCE_RIDGE_FULL,10.0,PMC6592156:PH:pH 7.7:Rep2,0.6785714285714286,100.0
T250_OUTER_01,"Dalian University of Technology, China",SEQUENCE_RIDGE_FULL,10.0,PMC6592156:PH:pH 7.7:Rep3,0.6785714285714286,100.0
T250_OUTER_01,"Dalian University of Technology, China",SEQUENCE_RIDGE_FULL,10.0,PMC6592156:PH:pH 8.9:Rep1,0.8928571428571429,100.0
T250_OUTER_01,"Dalian University of Technology, China",SEQUENCE_RIDGE_FULL,10.0,PMC6592156:PH:pH 8.9:Rep2,0.9285714285714286,100.0
T250_OUTER_01,"Dalian University of Technology, China",SEQUENCE_RIDGE_FULL,10.0,PMC6592156:PH:pH 8.9:Rep3,0.9642857142857143,100.0
T250_OUTER_01,"Dalian University of Technology, China",SEQUENCE_RIDGE_FULL,10.0,PMC6592156:TEMPERATURE:17 °C:Rep1,0.6,100.0
T250_OUTER_01,"Dalian University of Technology, China",SEQUENCE_RIDGE_FULL,10.0,PMC6592156:TEMPERATURE:17 °C:Rep2,0.4857142857142857,100.0
T250_OUTER_01,"Dalian University of Technology, China",SEQUENCE_RIDGE_FULL,10.0,PMC6592156:TEMPERATURE:17 °C:Rep3,0.5,100.0
T250_OUTER_01,"Dalian University of Technology, China",SEQUENCE_RIDGE_FULL,10.0,PMC6592156:TEMPERATURE:30 °C:Rep1,0.9428571428571428,100.0
T250_OUTER_01,"Dalian University of Technology, China",SEQUENCE_RIDGE_FULL,10.0,PMC6592156:TEMPERATURE:30 °C:Rep2,0.8,100.0
T250_OUTER_01,"Dalian University of Technology, China",SEQUENCE_RIDGE_FULL,10.0,PMC6592156:TEMPERATURE:30 °C:Rep3,0.8571428571428571,100.0
T250_OUTER_01,"Dalian University of Technology, China",SEQUENCE_RIDGE_FULL,10.0,PMC6592156:TEMPERATURE:4 °C:Rep1,0.8928571428571429,100.0
T250_OUTER_01,"Dalian University of Technology, China",SEQUENCE_RIDGE_FULL,10.0,PMC6592156:TEMPERATURE:4 °C:Rep2,0.8928571428571429,100.0
T250_OUTER_01,"Dalian University of Technology, China",SEQUENCE_RIDGE_FULL,10.0,PMC6592156:TEMPERATURE:4 °C:Rep3,0.8285714285714286,100.0
T250_OUTER_01,"Dalian University of Technology, China",SEQUENCE_RIDGE_FULL,10.0,PMC6592156:TEMPERATURE:41 °C:Rep1,0.75,100.0
T250_OUTER_01,"Dalian University of Technology, China",SEQUENCE_RIDGE_FULL,10.0,PMC6592156:TEMPERATURE:41 °C:Rep2,0.75,100.0
T250_OUTER_01,"Dalian University of Technology, China",SEQUENCE_RIDGE_FULL,10.0,PMC6592156:TEMPERATURE:41 °C:Rep3,0.75,100.0
T250_OUTER_01,"Dalian University of Technology, China",SEQUENCE_RIDGE_FULL,10.0,PMC6592156:TEMPERATURE:47 °C:Rep1,0.8285714285714286,100.0
T250_OUTER_01,"Dalian University of Technology, China",SEQUENCE_RIDGE_FULL,10.0,PMC6592156:TEMPERATURE:47 °C:Rep2,0.8928571428571429,100.0
T250_OUTER_01,"Dalian University of Technology, China",SEQUENCE_RIDGE_FULL,10.0,PMC6592156:TEMPERATURE:47 °C:Rep3,0.8928571428571429,100.0
T250_OUTER_01,"Dalian University of Technology, China",SEQUENCE_RIDGE_FULL,10.0,PT_D1_16,0.7637626158259733,100.0
T250_OUTER_01,"Dalian University of Technology, China",SEQUENCE_RIDGE_FULL,10.0,PT_D1_18,0.46381682852195877,100.0
T250_OUTER_01,"Dalian University of Technology, China",SEQUENCE_RIDGE_FULL,10.0,PT_D1_20,0.9710083124552245,100.0
T250_OUTER_01,"Dalian University of Technology, China",SEQUENCE_RIDGE_FULL,10.0,PT_D1_23,0.6055300708194983,100.0
T250_OUTER_01,"Dalian University of Technology, China",SEQUENCE_RIDGE_FULL,10.0,PT_D1_33,0.7073302226501609,100.0
T250_OUTER_01,"Dalian University of Technology, China",SEQUENCE_RIDGE_FULL,10.0,PT_D1_34,0.5855400437691199,100.0
T250_OUTER_01,"Dalian University of Technology, China",SEQUENCE_RIDGE_FULL,10.0,PT_D1_48,0.4770842982214229,100.0
T250_OUTER_01,"Dalian University of Technology, China",SEQUENCE_RIDGE_FULL,10.0,PT_D1_51,0.683599072781475,100.0
T250_OUTER_01,"Dalian University of Technology, China",SEQUENCE_RIDGE_FULL,10.0,PT_D1_73,0.5424508028966484,100.0
T250_OUTER_01,"Dalian University of Technology, China",SEQUENCE_RIDGE_FULL,10.0,PT_D1_81,0.7807200583588266,100.0
T250_OUTER_01,"Dalian University of Technology, China",SEQUENCE_RIDGE_FULL,10.0,PT_D3_06,0.6831300510639733,100.0
T250_OUTER_01,"Dalian University of Technology, China",SEQUENCE_RIDGE_FULL,10.0,PT_D3_14,0.5855400437691199,100.0
T250_OUTER_01,"Dalian University of Technology, China",SEQUENCE_RIDGE_FULL,10.0,PT_D3_22,0.5690229011161231,100.0
T250_OUTER_01,"Dalian University of Technology, China",SEQUENCE_RIDGE_FULL,10.0,PT_D3_28,0.9710083124552245,100.0
T250_OUTER_01,"Dalian University of Technology, China",SEQUENCE_RIDGE_FULL,10.0,PT_D3_30,0.6182840223353118,100.0
T250_OUTER_01,"Dalian University of Technology, China",SEQUENCE_RIDGE_FULL,10.0,PT_D3_37,0.7319250547113999,100.0
T250_OUTER_01,"Dalian University of Technology, China",SEQUENCE_RIDGE_FULL,10.0,PT_D3_41,0.5690229011161231,100.0
T250_OUTER_01,"Dalian University of Technology, China",SEQUENCE_RIDGE_FULL,10.0,PT_D3_42,0.8295150620062532,100.0
T250_OUTER_01,"Dalian University of Technology, China",SEQUENCE_RIDGE_FULL,10.0,PT_D3_85,0.47809144373375745,100.0
T250_OUTER_01,"Dalian University of Technology, China",SEQUENCE_RIDGE_FULL,10.0,PT_D3_96,0.7807200583588266,100.0
T250_OUTER_01,"Dalian University of Technology, China",SEQUENCE_RIDGE_FULL,10.0,R4_EDINBURGH_SGO_20210324_6pm_KostarelosK_OkweloguE_EO10,0.8857142857142857,100.0
T250_OUTER_01,"Dalian University of Technology, China",SEQUENCE_RIDGE_FULL,10.0,R4_EDINBURGH_SGO_20210324_6pm_KostarelosK_OkweloguE_EO103,0.7714285714285715,100.0
T250_OUTER_01,"Dalian University of Technology, China",SEQUENCE_RIDGE_FULL,10.0,R4_EDINBURGH_SGO_20210324_6pm_KostarelosK_OkweloguE_EO105,0.8285714285714286,100.0
T250_OUTER_01,"Dalian University of Technology, China",SEQUENCE_RIDGE_FULL,10.0,R4_EDINBURGH_SGO_20210324_6pm_KostarelosK_OkweloguE_EO107,0.7714285714285715,100.0
T250_OUTER_01,"Dalian University of Technology, China",SEQUENCE_RIDGE_FULL,10.0,R4_EDINBURGH_SGO_20210324_6pm_KostarelosK_OkweloguE_EO113,0.9428571428571428,100.0
T250_OUTER_01,"Dalian University of Technology, China",SEQUENCE_RIDGE_FULL,10.0,R4_EDINBURGH_SGO_20210324_6pm_KostarelosK_OkweloguE_EO116,0.4,100.0
T250_OUTER_01,"Dalian University of Technology, China",SEQUENCE_RIDGE_FULL,10.0,R4_EDINBURGH_SGO_20210324_6pm_KostarelosK_OkweloguE_EO12,0.8,100.0
T250_OUTER_01,"Dalian University of Technology, China",SEQUENCE_RIDGE_FULL,10.0,R4_EDINBURGH_SGO_20210324_6pm_KostarelosK_OkweloguE_EO16,0.9,100.0
T250_OUTER_01,"Dalian University of Technology, China",SEQUENCE_RIDGE_FULL,10.0,R4_EDINBURGH_SGO_20210324_6pm_KostarelosK_OkweloguE_EO21,0.37142857142857144,100.0
T250_OUTER_01,"Dalian University of Technology, China",SEQUENCE_RIDGE_FULL,10.0,R4_EDINBURGH_SGO_20210324_6pm_KostarelosK_OkweloguE_EO24,0.9428571428571428,100.0
T250_OUTER_01,"Dalian University of Technology, China",SEQUENCE_RIDGE_FULL,10.0,R4_EDINBURGH_SGO_20210324_6pm_KostarelosK_OkweloguE_EO31,0.7142857142857143,100.0
T250_OUTER_01,"Dalian University of Technology, China",SEQUENCE_RIDGE_FULL,10.0,R4_EDINBURGH_SGO_20210324_6pm_KostarelosK_OkweloguE_EO34,0.14285714285714285,100.0
T250_OUTER_01,"Dalian University of Technology, China",SEQUENCE_RIDGE_FULL,10.0,R4_EDINBURGH_SGO_20210324_6pm_KostarelosK_OkweloguE_EO4,0.8857142857142857,100.0
T250_OUTER_01,"Dalian University of Technology, China",SEQUENCE_RIDGE_FULL,10.0,R4_EDINBURGH_SGO_20210324_6pm_KostarelosK_OkweloguE_EO43,0.6,100.0
T250_OUTER_01,"Dalian University of Technology, China",SEQUENCE_RIDGE_FULL,10.0,R4_EDINBURGH_SGO_20210324_6pm_KostarelosK_OkweloguE_EO52,0.7714285714285715,100.0
T250_OUTER_01,"Dalian University of Technology, China",SEQUENCE_RIDGE_FULL,10.0,R4_EDINBURGH_SGO_20210324_6pm_KostarelosK_OkweloguE_EO64,0.8857142857142857,100.0
T250_OUTER_01,"Dalian University of Technology, China",SEQUENCE_RIDGE_FULL,10.0,R4_EDINBURGH_SGO_20210324_6pm_KostarelosK_OkweloguE_EO66,0.8285714285714286,100.0
T250_OUTER_01,"Dalian University of Technology, China",SEQUENCE_RIDGE_FULL,10.0,R4_EDINBURGH_SGO_20210324_6pm_KostarelosK_OkweloguE_EO73,0.9428571428571428,100.0
T250_OUTER_01,"Dalian University of Technology, China",SEQUENCE_RIDGE_FULL,10.0,R4_EDINBURGH_SGO_20210324_6pm_KostarelosK_OkweloguE_EO83,0.9428571428571428,100.0
T250_OUTER_01,"Dalian University of Technology, China",SEQUENCE_RIDGE_FULL,10.0,R4_EDINBURGH_SGO_20210324_6pm_KostarelosK_OkweloguE_EO88,0.3,100.0
T250_OUTER_01,"Dalian University of Technology, China",SEQUENCE_RIDGE_FULL,10.0,R4_EDINBURGH_SGO_20210324_6pm_KostarelosK_OkweloguE_EO94,0.8285714285714286,100.0
T250_OUTER_01,"Dalian University of Technology, China",SEQUENCE_RIDGE_FULL,10.0,R4_EDINBURGH_SGO_20210324_6pm_KostarelosK_OkweloguE_EO96,0.9428571428571428,100.0
T250_OUTER_01,"Dalian University of Technology, China",SEQUENCE_RIDGE_FULL,10.0,R4_EDINBURGH_SGO_20210324_6pm_KostarelosK_OkweloguE_EO97,0.8285714285714286,100.0
T250_OUTER_01,"Dalian University of Technology, China",SEQUENCE_RIDGE_FULL,10.0,R4_EDINBURGH_USGO_20210324_6pm_KostarelosK_OkweloguE_EO106,0.7142857142857143,100.0
T250_OUTER_01,"Dalian University of Technology, China",SEQUENCE_RIDGE_FULL,10.0,R4_EDINBURGH_USGO_20210324_6pm_KostarelosK_OkweloguE_EO11,0.75,100.0
T250_OUTER_01,"Dalian University of Technology, China",SEQUENCE_RIDGE_FULL,10.0,R4_EDINBURGH_USGO_20210324_6pm_KostarelosK_OkweloguE_EO111,0.8928571428571429,100.0
T250_OUTER_01,"Dalian University of Technology, China",SEQUENCE_RIDGE_FULL,10.0,R4_EDINBURGH_USGO_20210324_6pm_KostarelosK_OkweloguE_EO112,0.75,100.0
T250_OUTER_01,"Dalian University of Technology, China",SEQUENCE_RIDGE_FULL,10.0,R4_EDINBURGH_USGO_20210324_6pm_KostarelosK_OkweloguE_EO115,0.8571428571428571,100.0
T250_OUTER_01,"Dalian University of Technology, China",SEQUENCE_RIDGE_FULL,10.0,R4_EDINBURGH_USGO_20210324_6pm_KostarelosK_OkweloguE_EO120,0.8214285714285714,100.0
T250_OUTER_01,"Dalian University of Technology, China",SEQUENCE_RIDGE_FULL,10.0,R4_EDINBURGH_USGO_20210324_6pm_KostarelosK_OkweloguE_EO121,0.5,100.0
T250_OUTER_01,"Dalian University of Technology, China",SEQUENCE_RIDGE_FULL,10.0,R4_EDINBURGH_USGO_20210324_6pm_KostarelosK_OkweloguE_EO125,1.0,100.0
T250_OUTER_01,"Dalian University of Technology, China",SEQUENCE_RIDGE_FULL,10.0,R4_EDINBURGH_USGO_20210324_6pm_KostarelosK_OkweloguE_EO126,0.75,100.0
T250_OUTER_01,"Dalian University of Technology, China",SEQUENCE_RIDGE_FULL,10.0,R4_EDINBURGH_USGO_20210324_6pm_KostarelosK_OkweloguE_EO13,0.9428571428571428,100.0
T250_OUTER_01,"Dalian University of Technology, China",SEQUENCE_RIDGE_FULL,10.0,R4_EDINBURGH_USGO_20210324_6pm_KostarelosK_OkweloguE_EO26,0.6,100.0
T250_OUTER_01,"Dalian University of Technology, China",SEQUENCE_RIDGE_FULL,10.0,R4_EDINBURGH_USGO_20210324_6pm_KostarelosK_OkweloguE_EO36,0.9428571428571428,100.0
T250_OUTER_01,"Dalian University of Technology, China",SEQUENCE_RIDGE_FULL,10.0,R4_EDINBURGH_USGO_20210324_6pm_KostarelosK_OkweloguE_EO40,0.9428571428571428,100.0
T250_OUTER_01,"Dalian University of Technology, China",SEQUENCE_RIDGE_FULL,10.0,R4_EDINBURGH_USGO_20210324_6pm_KostarelosK_OkweloguE_EO42,0.8285714285714286,100.0
T250_OUTER_01,"Dalian University of Technology, China",SEQUENCE_RIDGE_FULL,10.0,R4_EDINBURGH_USGO_20210324_6pm_KostarelosK_OkweloguE_EO44,0.7714285714285715,100.0
T250_OUTER_01,"Dalian University of Technology, China",SEQUENCE_RIDGE_FULL,10.0,R4_EDINBURGH_USGO_20210324_6pm_KostarelosK_OkweloguE_EO5,0.8214285714285714,100.0
T250_OUTER_01,"Dalian University of Technology, China",SEQUENCE_RIDGE_FULL,10.0,R4_EDINBURGH_USGO_20210324_6pm_KostarelosK_OkweloguE_EO50,0.6785714285714286,100.0
T250_OUTER_01,"Dalian University of Technology, China",SEQUENCE_RIDGE_FULL,10.0,R4_EDINBURGH_USGO_20210324_6pm_KostarelosK_OkweloguE_EO53,0.5428571428571428,100.0
T250_OUTER_01,"Dalian University of Technology, China",SEQUENCE_RIDGE_FULL,10.0,R4_EDINBURGH_USGO_20210324_6pm_KostarelosK_OkweloguE_EO60,0.8285714285714286,100.0
T250_OUTER_01,"Dalian University of Technology, China",SEQUENCE_RIDGE_FULL,10.0,R4_EDINBURGH_USGO_20210324_6pm_KostarelosK_OkweloguE_EO62,0.21428571428571427,100.0
T250_OUTER_01,"Dalian University of Technology, China",SEQUENCE_RIDGE_FULL,10.0,R4_EDINBURGH_USGO_20210324_6pm_KostarelosK_OkweloguE_EO69,0.7142857142857143,100.0
T250_OUTER_01,"Dalian University of Technology, China",SEQUENCE_RIDGE_FULL,10.0,R4_EDINBURGH_USGO_20210324_6pm_KostarelosK_OkweloguE_EO76,0.32142857142857145,100.0
T250_OUTER_01,"Dalian University of Technology, China",SEQUENCE_RIDGE_FULL,10.0,R4_EDINBURGH_USGO_20210324_6pm_KostarelosK_OkweloguE_EO77,0.8857142857142857,100.0
T250_OUTER_01,"Dalian University of Technology, China",SEQUENCE_RIDGE_FULL,10.0,R4_EDINBURGH_USGO_20210324_6pm_KostarelosK_OkweloguE_EO79,0.75,100.0
T250_OUTER_01,"Dalian University of Technology, China",SEQUENCE_RIDGE_FULL,10.0,R4_EDINBURGH_USGO_20210324_6pm_KostarelosK_OkweloguE_EO86,0.8571428571428571,100.0
T250_OUTER_01,"Dalian University of Technology, China",SEQUENCE_RIDGE_FULL,10.0,R4_EDINBURGH_USGO_20210324_6pm_KostarelosK_OkweloguE_EO87,0.8928571428571429,100.0
T250_OUTER_01,"Dalian University of Technology, China",SEQUENCE_RIDGE_FULL,10.0,T_D1_133,0.5855400437691199,100.0
T250_OUTER_01,"Dalian University of Technology, China",SEQUENCE_RIDGE_FULL,10.0,T_D1_138,0.8108437164260031,100.0
T250_OUTER_01,"Dalian University of Technology, China",SEQUENCE_RIDGE_FULL,10.0,T_D1_165,0.7807200583588266,100.0
T250_OUTER_01,"Dalian University of Technology, China",SEQUENCE_RIDGE_FULL,10.0,T_D1_173,0.9271050693011066,100.0
T250_OUTER_01,"Dalian University of Technology, China",SEQUENCE_RIDGE_FULL,10.0,T_D1_186,0.7289182663923712,100.0
T250_OUTER_01,"Dalian University of Technology, China",SEQUENCE_RIDGE_FULL,10.0,T_D3_119a,0.5933055656682091,100.0
T250_OUTER_01,"Dalian University of Technology, China",SEQUENCE_RIDGE_FULL,10.0,T_D3_119b,0.5933055656682091,100.0
T250_OUTER_01,"Dalian University of Technology, China",SEQUENCE_RIDGE_FULL,10.0,T_D3_155,0.5855400437691199,100.0
T250_OUTER_01,"Dalian University of Technology, China",SEQUENCE_RIDGE_FULL,10.0,T_D3_178,0.7807200583588266,100.0
T250_OUTER_01,"Dalian University of Technology, China",SEQUENCE_RIDGE_FULL,10.0,T_D3_198,0.57953786404698,100.0
T250_OUTER_01,"Dalian University of Technology, China",SEQUENCE_RIDGE_FULL,10.0,__MEAN__,0.7454632621246085,100.0
T250_OUTER_01,"Dalian University of Technology, China",SEQUENCE_RIDGE_FULL,100.0,PMC6592156:PH:pH 4.9:Rep1,1.0,100.0
T250_OUTER_01,"Dalian University of Technology, China",SEQUENCE_RIDGE_FULL,100.0,PMC6592156:PH:pH 4.9:Rep2,0.9428571428571428,100.0
T250_OUTER_01,"Dalian University of Technology, China",SEQUENCE_RIDGE_FULL,100.0,PMC6592156:PH:pH 4.9:Rep3,0.8285714285714286,100.0
T250_OUTER_01,"Dalian University of Technology, China",SEQUENCE_RIDGE_FULL,100.0,PMC6592156:PH:pH 6.1:Rep1,0.7714285714285715,100.0
T250_OUTER_01,"Dalian University of Technology, China",SEQUENCE_RIDGE_FULL,100.0,PMC6592156:PH:pH 6.1:Rep2,0.8214285714285714,100.0
T250_OUTER_01,"Dalian University of Technology, China",SEQUENCE_RIDGE_FULL,100.0,PMC6592156:PH:pH 6.1:Rep3,0.9,100.0
T250_OUTER_01,"Dalian University of Technology, China",SEQUENCE_RIDGE_FULL,100.0,PMC6592156:PH:pH 6.8:Rep1,0.9642857142857143,100.0
T250_OUTER_01,"Dalian University of Technology, China",SEQUENCE_RIDGE_FULL,100.0,PMC6592156:PH:pH 6.8:Rep2,0.8214285714285714,100.0
T250_OUTER_01,"Dalian University of Technology, China",SEQUENCE_RIDGE_FULL,100.0,PMC6592156:PH:pH 6.8:Rep3,0.6785714285714286,100.0
T250_OUTER_01,"Dalian University of Technology, China",SEQUENCE_RIDGE_FULL,100.0,PMC6592156:PH:pH 7.7:Rep1,0.9428571428571428,100.0
T250_OUTER_01,"Dalian University of Technology, China",SEQUENCE_RIDGE_FULL,100.0,PMC6592156:PH:pH 7.7:Rep2,0.7857142857142857,100.0
T250_OUTER_01,"Dalian University of Technology, China",SEQUENCE_RIDGE_FULL,100.0,PMC6592156:PH:pH 7.7:Rep3,0.7857142857142857,100.0
T250_OUTER_01,"Dalian University of Technology, China",SEQUENCE_RIDGE_FULL,100.0,PMC6592156:PH:pH 8.9:Rep1,0.8928571428571429,100.0
T250_OUTER_01,"Dalian University of Technology, China",SEQUENCE_RIDGE_FULL,100.0,PMC6592156:PH:pH 8.9:Rep2,0.9285714285714286,100.0
T250_OUTER_01,"Dalian University of Technology, China",SEQUENCE_RIDGE_FULL,100.0,PMC6592156:PH:pH 8.9:Rep3,0.9642857142857143,100.0
T250_OUTER_01,"Dalian University of Technology, China",SEQUENCE_RIDGE_FULL,100.0,PMC6592156:TEMPERATURE:17 °C:Rep1,0.7714285714285715,100.0
T250_OUTER_01,"Dalian University of Technology, China",SEQUENCE_RIDGE_FULL,100.0,PMC6592156:TEMPERATURE:17 °C:Rep2,0.7142857142857143,100.0
T250_OUTER_01,"Dalian University of Technology, China",SEQUENCE_RIDGE_FULL,100.0,PMC6592156:TEMPERATURE:17 °C:Rep3,0.8,100.0
T250_OUTER_01,"Dalian University of Technology, China",SEQUENCE_RIDGE_FULL,100.0,PMC6592156:TEMPERATURE:30 °C:Rep1,0.9428571428571428,100.0
T250_OUTER_01,"Dalian University of Technology, China",SEQUENCE_RIDGE_FULL,100.0,PMC6592156:TEMPERATURE:30 °C:Rep2,0.8,100.0
T250_OUTER_01,"Dalian University of Technology, China",SEQUENCE_RIDGE_FULL,100.0,PMC6592156:TEMPERATURE:30 °C:Rep3,0.8571428571428571,100.0
T250_OUTER_01,"Dalian University of Technology, China",SEQUENCE_RIDGE_FULL,100.0,PMC6592156:TEMPERATURE:4 °C:Rep1,0.8928571428571429,100.0
T250_OUTER_01,"Dalian University of Technology, China",SEQUENCE_RIDGE_FULL,100.0,PMC6592156:TEMPERATURE:4 °C:Rep2,0.8928571428571429,100.0
T250_OUTER_01,"Dalian University of Technology, China",SEQUENCE_RIDGE_FULL,100.0,PMC6592156:TEMPERATURE:4 °C:Rep3,0.8285714285714286,100.0
T250_OUTER_01,"Dalian University of Technology, China",SEQUENCE_RIDGE_FULL,100.0,PMC6592156:TEMPERATURE:41 °C:Rep1,0.8571428571428571,100.0
T250_OUTER_01,"Dalian University of Technology, China",SEQUENCE_RIDGE_FULL,100.0,PMC6592156:TEMPERATURE:41 °C:Rep2,0.8571428571428571,100.0
T250_OUTER_01,"Dalian University of Technology, China",SEQUENCE_RIDGE_FULL,100.0,PMC6592156:TEMPERATURE:41 °C:Rep3,0.8571428571428571,100.0
T250_OUTER_01,"Dalian University of Technology, China",SEQUENCE_RIDGE_FULL,100.0,PMC6592156:TEMPERATURE:47 °C:Rep1,0.8285714285714286,100.0
T250_OUTER_01,"Dalian University of Technology, China",SEQUENCE_RIDGE_FULL,100.0,PMC6592156:TEMPERATURE:47 °C:Rep2,0.8928571428571429,100.0
T250_OUTER_01,"Dalian University of Technology, China",SEQUENCE_RIDGE_FULL,100.0,PMC6592156:TEMPERATURE:47 °C:Rep3,0.8928571428571429,100.0
T250_OUTER_01,"Dalian University of Technology, China",SEQUENCE_RIDGE_FULL,100.0,PT_D1_16,0.7637626158259733,100.0
T250_OUTER_01,"Dalian University of Technology, China",SEQUENCE_RIDGE_FULL,100.0,PT_D1_18,0.5217939320872036,100.0
T250_OUTER_01,"Dalian University of Technology, China",SEQUENCE_RIDGE_FULL,100.0,PT_D1_20,0.9561828874675149,100.0
T250_OUTER_01,"Dalian University of Technology, China",SEQUENCE_RIDGE_FULL,100.0,PT_D1_23,0.6402558049850594,100.0
T250_OUTER_01,"Dalian University of Technology, China",SEQUENCE_RIDGE_FULL,100.0,PT_D1_33,0.7439162686493072,100.0
T250_OUTER_01,"Dalian University of Technology, China",SEQUENCE_RIDGE_FULL,100.0,PT_D1_34,0.5855400437691199,100.0
T250_OUTER_01,"Dalian University of Technology, China",SEQUENCE_RIDGE_FULL,100.0,PT_D1_48,0.5015501596686753,100.0
T250_OUTER_01,"Dalian University of Technology, China",SEQUENCE_RIDGE_FULL,100.0,PT_D1_51,0.7967246167544523,100.0
T250_OUTER_01,"Dalian University of Technology, China",SEQUENCE_RIDGE_FULL,100.0,PT_D1_73,0.5424508028966484,100.0
T250_OUTER_01,"Dalian University of Technology, China",SEQUENCE_RIDGE_FULL,100.0,PT_D1_81,0.7807200583588266,100.0
T250_OUTER_01,"Dalian University of Technology, China",SEQUENCE_RIDGE_FULL,100.0,PT_D3_06,0.6831300510639733,100.0
T250_OUTER_01,"Dalian University of Technology, China",SEQUENCE_RIDGE_FULL,100.0,PT_D3_14,0.5855400437691199,100.0
T250_OUTER_01,"Dalian University of Technology, China",SEQUENCE_RIDGE_FULL,100.0,PT_D3_22,0.5819143739626463,100.0
T250_OUTER_01,"Dalian University of Technology, China",SEQUENCE_RIDGE_FULL,100.0,PT_D3_28,0.9276336570439175,100.0
T250_OUTER_01,"Dalian University of Technology, China",SEQUENCE_RIDGE_FULL,100.0,PT_D3_30,0.6182840223353118,100.0
T250_OUTER_01,"Dalian University of Technology, China",SEQUENCE_RIDGE_FULL,100.0,PT_D3_37,0.7319250547113999,100.0
T250_OUTER_01,"Dalian University of Technology, China",SEQUENCE_RIDGE_FULL,100.0,PT_D3_41,0.5946187253790689,100.0
T250_OUTER_01,"Dalian University of Technology, China",SEQUENCE_RIDGE_FULL,100.0,PT_D3_42,0.8295150620062532,100.0
T250_OUTER_01,"Dalian University of Technology, China",SEQUENCE_RIDGE_FULL,100.0,PT_D3_85,0.47809144373375745,100.0
T250_OUTER_01,"Dalian University of Technology, China",SEQUENCE_RIDGE_FULL,100.0,PT_D3_96,0.7807200583588266,100.0
T250_OUTER_01,"Dalian University of Technology, China",SEQUENCE_RIDGE_FULL,100.0,R4_EDINBURGH_SGO_20210324_6pm_KostarelosK_OkweloguE_EO10,0.8857142857142857,100.0
T250_OUTER_01,"Dalian University of Technology, China",SEQUENCE_RIDGE_FULL,100.0,R4_EDINBURGH_SGO_20210324_6pm_KostarelosK_OkweloguE_EO103,0.7714285714285715,100.0
T250_OUTER_01,"Dalian University of Technology, China",SEQUENCE_RIDGE_FULL,100.0,R4_EDINBURGH_SGO_20210324_6pm_KostarelosK_OkweloguE_EO105,0.8285714285714286,100.0
T250_OUTER_01,"Dalian University of Technology, China",SEQUENCE_RIDGE_FULL,100.0,R4_EDINBURGH_SGO_20210324_6pm_KostarelosK_OkweloguE_EO107,0.7714285714285715,100.0
T250_OUTER_01,"Dalian University of Technology, China",SEQUENCE_RIDGE_FULL,100.0,R4_EDINBURGH_SGO_20210324_6pm_KostarelosK_OkweloguE_EO113,0.9428571428571428,100.0
T250_OUTER_01,"Dalian University of Technology, China",SEQUENCE_RIDGE_FULL,100.0,R4_EDINBURGH_SGO_20210324_6pm_KostarelosK_OkweloguE_EO116,0.4,100.0
T250_OUTER_01,"Dalian University of Technology, China",SEQUENCE_RIDGE_FULL,100.0,R4_EDINBURGH_SGO_20210324_6pm_KostarelosK_OkweloguE_EO12,0.8,100.0
T250_OUTER_01,"Dalian University of Technology, China",SEQUENCE_RIDGE_FULL,100.0,R4_EDINBURGH_SGO_20210324_6pm_KostarelosK_OkweloguE_EO16,0.9,100.0
T250_OUTER_01,"Dalian University of Technology, China",SEQUENCE_RIDGE_FULL,100.0,R4_EDINBURGH_SGO_20210324_6pm_KostarelosK_OkweloguE_EO21,0.37142857142857144,100.0
T250_OUTER_01,"Dalian University of Technology, China",SEQUENCE_RIDGE_FULL,100.0,R4_EDINBURGH_SGO_20210324_6pm_KostarelosK_OkweloguE_EO24,0.9428571428571428,100.0
T250_OUTER_01,"Dalian University of Technology, China",SEQUENCE_RIDGE_FULL,100.0,R4_EDINBURGH_SGO_20210324_6pm_KostarelosK_OkweloguE_EO31,0.7142857142857143,100.0
T250_OUTER_01,"Dalian University of Technology, China",SEQUENCE_RIDGE_FULL,100.0,R4_EDINBURGH_SGO_20210324_6pm_KostarelosK_OkweloguE_EO34,0.14285714285714285,100.0
T250_OUTER_01,"Dalian University of Technology, China",SEQUENCE_RIDGE_FULL,100.0,R4_EDINBURGH_SGO_20210324_6pm_KostarelosK_OkweloguE_EO4,0.8857142857142857,100.0
T250_OUTER_01,"Dalian University of Technology, China",SEQUENCE_RIDGE_FULL,100.0,R4_EDINBURGH_SGO_20210324_6pm_KostarelosK_OkweloguE_EO43,0.6,100.0
T250_OUTER_01,"Dalian University of Technology, China",SEQUENCE_RIDGE_FULL,100.0,R4_EDINBURGH_SGO_20210324_6pm_KostarelosK_OkweloguE_EO52,0.7714285714285715,100.0
T250_OUTER_01,"Dalian University of Technology, China",SEQUENCE_RIDGE_FULL,100.0,R4_EDINBURGH_SGO_20210324_6pm_KostarelosK_OkweloguE_EO64,0.8857142857142857,100.0
T250_OUTER_01,"Dalian University of Technology, China",SEQUENCE_RIDGE_FULL,100.0,R4_EDINBURGH_SGO_20210324_6pm_KostarelosK_OkweloguE_EO66,0.8285714285714286,100.0
T250_OUTER_01,"Dalian University of Technology, China",SEQUENCE_RIDGE_FULL,100.0,R4_EDINBURGH_SGO_20210324_6pm_KostarelosK_OkweloguE_EO73,0.9428571428571428,100.0
T250_OUTER_01,"Dalian University of Technology, China",SEQUENCE_RIDGE_FULL,100.0,R4_EDINBURGH_SGO_20210324_6pm_KostarelosK_OkweloguE_EO83,0.9428571428571428,100.0
T250_OUTER_01,"Dalian University of Technology, China",SEQUENCE_RIDGE_FULL,100.0,R4_EDINBURGH_SGO_20210324_6pm_KostarelosK_OkweloguE_EO88,0.3,100.0
T250_OUTER_01,"Dalian University of Technology, China",SEQUENCE_RIDGE_FULL,100.0,R4_EDINBURGH_SGO_20210324_6pm_KostarelosK_OkweloguE_EO94,0.8285714285714286,100.0
T250_OUTER_01,"Dalian University of Technology, China",SEQUENCE_RIDGE_FULL,100.0,R4_EDINBURGH_SGO_20210324_6pm_KostarelosK_OkweloguE_EO96,0.9428571428571428,100.0
T250_OUTER_01,"Dalian University of Technology, China",SEQUENCE_RIDGE_FULL,100.0,R4_EDINBURGH_SGO_20210324_6pm_KostarelosK_OkweloguE_EO97,0.8285714285714286,100.0
T250_OUTER_01,"Dalian University of Technology, China",SEQUENCE_RIDGE_FULL,100.0,R4_EDINBURGH_USGO_20210324_6pm_KostarelosK_OkweloguE_EO106,0.7142857142857143,100.0
T250_OUTER_01,"Dalian University of Technology, China",SEQUENCE_RIDGE_FULL,100.0,R4_EDINBURGH_USGO_20210324_6pm_KostarelosK_OkweloguE_EO11,0.75,100.0
T250_OUTER_01,"Dalian University of Technology, China",SEQUENCE_RIDGE_FULL,100.0,R4_EDINBURGH_USGO_20210324_6pm_KostarelosK_OkweloguE_EO111,0.8928571428571429,100.0
T250_OUTER_01,"Dalian University of Technology, China",SEQUENCE_RIDGE_FULL,100.0,R4_EDINBURGH_USGO_20210324_6pm_KostarelosK_OkweloguE_EO112,0.75,100.0
T250_OUTER_01,"Dalian University of Technology, China",SEQUENCE_RIDGE_FULL,100.0,R4_EDINBURGH_USGO_20210324_6pm_KostarelosK_OkweloguE_EO115,0.8571428571428571,100.0
T250_OUTER_01,"Dalian University of Technology, China",SEQUENCE_RIDGE_FULL,100.0,R4_EDINBURGH_USGO_20210324_6pm_KostarelosK_OkweloguE_EO120,0.8214285714285714,100.0
T250_OUTER_01,"Dalian University of Technology, China",SEQUENCE_RIDGE_FULL,100.0,R4_EDINBURGH_USGO_20210324_6pm_KostarelosK_OkweloguE_EO121,0.5,100.0
T250_OUTER_01,"Dalian University of Technology, China",SEQUENCE_RIDGE_FULL,100.0,R4_EDINBURGH_USGO_20210324_6pm_KostarelosK_OkweloguE_EO125,1.0,100.0
T250_OUTER_01,"Dalian University of Technology, China",SEQUENCE_RIDGE_FULL,100.0,R4_EDINBURGH_USGO_20210324_6pm_KostarelosK_OkweloguE_EO126,0.75,100.0
T250_OUTER_01,"Dalian University of Technology, China",SEQUENCE_RIDGE_FULL,100.0,R4_EDINBURGH_USGO_20210324_6pm_KostarelosK_OkweloguE_EO13,0.9428571428571428,100.0
T250_OUTER_01,"Dalian University of Technology, China",SEQUENCE_RIDGE_FULL,100.0,R4_EDINBURGH_USGO_20210324_6pm_KostarelosK_OkweloguE_EO26,0.6,100.0
T250_OUTER_01,"Dalian University of Technology, China",SEQUENCE_RIDGE_FULL,100.0,R4_EDINBURGH_USGO_20210324_6pm_KostarelosK_OkweloguE_EO36,0.9428571428571428,100.0
T250_OUTER_01,"Dalian University of Technology, China",SEQUENCE_RIDGE_FULL,100.0,R4_EDINBURGH_USGO_20210324_6pm_KostarelosK_OkweloguE_EO40,0.9428571428571428,100.0
T250_OUTER_01,"Dalian University of Technology, China",SEQUENCE_RIDGE_FULL,100.0,R4_EDINBURGH_USGO_20210324_6pm_KostarelosK_OkweloguE_EO42,0.8285714285714286,100.0
T250_OUTER_01,"Dalian University of Technology, China",SEQUENCE_RIDGE_FULL,100.0,R4_EDINBURGH_USGO_20210324_6pm_KostarelosK_OkweloguE_EO44,0.7714285714285715,100.0
T250_OUTER_01,"Dalian University of Technology, China",SEQUENCE_RIDGE_FULL,100.0,R4_EDINBURGH_USGO_20210324_6pm_KostarelosK_OkweloguE_EO5,0.8214285714285714,100.0
T250_OUTER_01,"Dalian University of Technology, China",SEQUENCE_RIDGE_FULL,100.0,R4_EDINBURGH_USGO_20210324_6pm_KostarelosK_OkweloguE_EO50,0.6785714285714286,100.0
T250_OUTER_01,"Dalian University of Technology, China",SEQUENCE_RIDGE_FULL,100.0,R4_EDINBURGH_USGO_20210324_6pm_KostarelosK_OkweloguE_EO53,0.5428571428571428,100.0
T250_OUTER_01,"Dalian University of Technology, China",SEQUENCE_RIDGE_FULL,100.0,R4_EDINBURGH_USGO_20210324_6pm_KostarelosK_OkweloguE_EO60,0.8285714285714286,100.0
T250_OUTER_01,"Dalian University of Technology, China",SEQUENCE_RIDGE_FULL,100.0,R4_EDINBURGH_USGO_20210324_6pm_KostarelosK_OkweloguE_EO62,0.21428571428571427,100.0
T250_OUTER_01,"Dalian University of Technology, China",SEQUENCE_RIDGE_FULL,100.0,R4_EDINBURGH_USGO_20210324_6pm_KostarelosK_OkweloguE_EO69,0.7142857142857143,100.0
T250_OUTER_01,"Dalian University of Technology, China",SEQUENCE_RIDGE_FULL,100.0,R4_EDINBURGH_USGO_20210324_6pm_KostarelosK_OkweloguE_EO76,0.32142857142857145,100.0
T250_OUTER_01,"Dalian University of Technology, China",SEQUENCE_RIDGE_FULL,100.0,R4_EDINBURGH_USGO_20210324_6pm_KostarelosK_OkweloguE_EO77,0.8857142857142857,100.0
T250_OUTER_01,"Dalian University of Technology, China",SEQUENCE_RIDGE_FULL,100.0,R4_EDINBURGH_USGO_20210324_6pm_KostarelosK_OkweloguE_EO79,0.75,100.0
T250_OUTER_01,"Dalian University of Technology, China",SEQUENCE_RIDGE_FULL,100.0,R4_EDINBURGH_USGO_20210324_6pm_KostarelosK_OkweloguE_EO86,0.8571428571428571,100.0
T250_OUTER_01,"Dalian University of Technology, China",SEQUENCE_RIDGE_FULL,100.0,R4_EDINBURGH_USGO_20210324_6pm_KostarelosK_OkweloguE_EO87,0.8928571428571429,100.0
T250_OUTER_01,"Dalian University of Technology, China",SEQUENCE_RIDGE_FULL,100.0,T_D1_133,0.5855400437691199,100.0
T250_OUTER_01,"Dalian University of Technology, China",SEQUENCE_RIDGE_FULL,100.0,T_D1_138,0.8365019125713041,100.0
T250_OUTER_01,"Dalian University of Technology, China",SEQUENCE_RIDGE_FULL,100.0,T_D1_165,0.7807200583588266,100.0
T250_OUTER_01,"Dalian University of Technology, China",SEQUENCE_RIDGE_FULL,100.0,T_D1_173,0.9271050693011066,100.0
T250_OUTER_01,"Dalian University of Technology, China",SEQUENCE_RIDGE_FULL,100.0,T_D1_186,0.7289182663923712,100.0
T250_OUTER_01,"Dalian University of Technology, China",SEQUENCE_RIDGE_FULL,100.0,T_D3_119a,0.5933055656682091,100.0
T250_OUTER_01,"Dalian University of Technology, China",SEQUENCE_RIDGE_FULL,100.0,T_D3_119b,0.5933055656682091,100.0
T250_OUTER_01,"Dalian University of Technology, China",SEQUENCE_RIDGE_FULL,100.0,T_D3_155,0.5855400437691199,100.0
T250_OUTER_01,"Dalian University of Technology, China",SEQUENCE_RIDGE_FULL,100.0,T_D3_178,0.7807200583588266,100.0
T250_OUTER_01,"Dalian University of Technology, China",SEQUENCE_RIDGE_FULL,100.0,T_D3_198,0.57953786404698,100.0
T250_OUTER_01,"Dalian University of Technology, China",SEQUENCE_RIDGE_FULL,100.0,__MEAN__,0.762841741697402,100.0
T250_OUTER_01,"Dalian University of Technology, China",SEQUENCE_RIDGE_COMPOSITION_ONLY,0.01,PMC6592156:PH:pH 4.9:Rep1,1.0,100.0
T250_OUTER_01,"Dalian University of Technology, China",SEQUENCE_RIDGE_COMPOSITION_ONLY,0.01,PMC6592156:PH:pH 4.9:Rep2,0.9428571428571428,100.0
T250_OUTER_01,"Dalian University of Technology, China",SEQUENCE_RIDGE_COMPOSITION_ONLY,0.01,PMC6592156:PH:pH 4.9:Rep3,0.6571428571428571,100.0
T250_OUTER_01,"Dalian University of Technology, China",SEQUENCE_RIDGE_COMPOSITION_ONLY,0.01,PMC6592156:PH:pH 6.1:Rep1,0.7714285714285715,100.0
T250_OUTER_01,"Dalian University of Technology, China",SEQUENCE_RIDGE_COMPOSITION_ONLY,0.01,PMC6592156:PH:pH 6.1:Rep2,0.75,100.0
T250_OUTER_01,"Dalian University of Technology, China",SEQUENCE_RIDGE_COMPOSITION_ONLY,0.01,PMC6592156:PH:pH 6.1:Rep3,0.9,100.0
T250_OUTER_01,"Dalian University of Technology, China",SEQUENCE_RIDGE_COMPOSITION_ONLY,0.01,PMC6592156:PH:pH 6.8:Rep1,0.9285714285714286,100.0
T250_OUTER_01,"Dalian University of Technology, China",SEQUENCE_RIDGE_COMPOSITION_ONLY,0.01,PMC6592156:PH:pH 6.8:Rep2,0.75,100.0
T250_OUTER_01,"Dalian University of Technology, China",SEQUENCE_RIDGE_COMPOSITION_ONLY,0.01,PMC6592156:PH:pH 6.8:Rep3,0.5357142857142857,100.0
T250_OUTER_01,"Dalian University of Technology, China",SEQUENCE_RIDGE_COMPOSITION_ONLY,0.01,PMC6592156:PH:pH 7.7:Rep1,0.8285714285714286,100.0
T250_OUTER_01,"Dalian University of Technology, China",SEQUENCE_RIDGE_COMPOSITION_ONLY,0.01,PMC6592156:PH:pH 7.7:Rep2,0.6785714285714286,100.0
T250_OUTER_01,"Dalian University of Technology, China",SEQUENCE_RIDGE_COMPOSITION_ONLY,0.01,PMC6592156:PH:pH 7.7:Rep3,0.6785714285714286,100.0
T250_OUTER_01,"Dalian University of Technology, China",SEQUENCE_RIDGE_COMPOSITION_ONLY,0.01,PMC6592156:PH:pH 8.9:Rep1,0.8928571428571429,100.0
T250_OUTER_01,"Dalian University of Technology, China",SEQUENCE_RIDGE_COMPOSITION_ONLY,0.01,PMC6592156:PH:pH 8.9:Rep2,0.9285714285714286,100.0
T250_OUTER_01,"Dalian University of Technology, China",SEQUENCE_RIDGE_COMPOSITION_ONLY,0.01,PMC6592156:PH:pH 8.9:Rep3,0.9642857142857143,100.0
T250_OUTER_01,"Dalian University of Technology, China",SEQUENCE_RIDGE_COMPOSITION_ONLY,0.01,PMC6592156:TEMPERATURE:17 °C:Rep1,0.6,100.0
T250_OUTER_01,"Dalian University of Technology, China",SEQUENCE_RIDGE_COMPOSITION_ONLY,0.01,PMC6592156:TEMPERATURE:17 °C:Rep2,0.4857142857142857,100.0
T250_OUTER_01,"Dalian University of Technology, China",SEQUENCE_RIDGE_COMPOSITION_ONLY,0.01,PMC6592156:TEMPERATURE:17 °C:Rep3,0.5,100.0
T250_OUTER_01,"Dalian University of Technology, China",SEQUENCE_RIDGE_COMPOSITION_ONLY,0.01,PMC6592156:TEMPERATURE:30 °C:Rep1,0.9428571428571428,100.0
T250_OUTER_01,"Dalian University of Technology, China",SEQUENCE_RIDGE_COMPOSITION_ONLY,0.01,PMC6592156:TEMPERATURE:30 °C:Rep2,0.5,100.0
T250_OUTER_01,"Dalian University of Technology, China",SEQUENCE_RIDGE_COMPOSITION_ONLY,0.01,PMC6592156:TEMPERATURE:30 °C:Rep3,0.75,100.0
T250_OUTER_01,"Dalian University of Technology, China",SEQUENCE_RIDGE_COMPOSITION_ONLY,0.01,PMC6592156:TEMPERATURE:4 °C:Rep1,0.8214285714285714,100.0
T250_OUTER_01,"Dalian University of Technology, China",SEQUENCE_RIDGE_COMPOSITION_ONLY,0.01,PMC6592156:TEMPERATURE:4 °C:Rep2,0.8214285714285714,100.0
T250_OUTER_01,"Dalian University of Technology, China",SEQUENCE_RIDGE_COMPOSITION_ONLY,0.01,PMC6592156:TEMPERATURE:4 °C:Rep3,0.7142857142857143,100.0
T250_OUTER_01,"Dalian University of Technology, China",SEQUENCE_RIDGE_COMPOSITION_ONLY,0.01,PMC6592156:TEMPERATURE:41 °C:Rep1,0.75,100.0
T250_OUTER_01,"Dalian University of Technology, China",SEQUENCE_RIDGE_COMPOSITION_ONLY,0.01,PMC6592156:TEMPERATURE:41 °C:Rep2,0.75,100.0
T250_OUTER_01,"Dalian University of Technology, China",SEQUENCE_RIDGE_COMPOSITION_ONLY,0.01,PMC6592156:TEMPERATURE:41 °C:Rep3,0.75,100.0
T250_OUTER_01,"Dalian University of Technology, China",SEQUENCE_RIDGE_COMPOSITION_ONLY,0.01,PMC6592156:TEMPERATURE:47 °C:Rep1,0.8285714285714286,100.0
T250_OUTER_01,"Dalian University of Technology, China",SEQUENCE_RIDGE_COMPOSITION_ONLY,0.01,PMC6592156:TEMPERATURE:47 °C:Rep2,0.8928571428571429,100.0
T250_OUTER_01,"Dalian University of Technology, China",SEQUENCE_RIDGE_COMPOSITION_ONLY,0.01,PMC6592156:TEMPERATURE:47 °C:Rep3,0.8571428571428571,100.0
T250_OUTER_01,"Dalian University of Technology, China",SEQUENCE_RIDGE_COMPOSITION_ONLY,0.01,PT_D1_16,0.7637626158259733,100.0
T250_OUTER_01,"Dalian University of Technology, China",SEQUENCE_RIDGE_COMPOSITION_ONLY,0.01,PT_D1_18,0.46381682852195877,100.0
T250_OUTER_01,"Dalian University of Technology, China",SEQUENCE_RIDGE_COMPOSITION_ONLY,0.01,PT_D1_20,0.9710083124552245,100.0
T250_OUTER_01,"Dalian University of Technology, China",SEQUENCE_RIDGE_COMPOSITION_ONLY,0.01,PT_D1_23,0.579279061653149,100.0
T250_OUTER_01,"Dalian University of Technology, China",SEQUENCE_RIDGE_COMPOSITION_ONLY,0.01,PT_D1_33,0.7339758434175737,100.0
T250_OUTER_01,"Dalian University of Technology, China",SEQUENCE_RIDGE_COMPOSITION_ONLY,0.01,PT_D1_34,0.5855400437691199,100.0
T250_OUTER_01,"Dalian University of Technology, China",SEQUENCE_RIDGE_COMPOSITION_ONLY,0.01,PT_D1_48,0.4846990641204806,100.0
T250_OUTER_01,"Dalian University of Technology, China",SEQUENCE_RIDGE_COMPOSITION_ONLY,0.01,PT_D1_51,0.6780635036208105,100.0
T250_OUTER_01,"Dalian University of Technology, China",SEQUENCE_RIDGE_COMPOSITION_ONLY,0.01,PT_D1_73,0.5424508028966484,100.0
T250_OUTER_01,"Dalian University of Technology, China",SEQUENCE_RIDGE_COMPOSITION_ONLY,0.01,PT_D1_81,0.7807200583588266,100.0
T250_OUTER_01,"Dalian University of Technology, China",SEQUENCE_RIDGE_COMPOSITION_ONLY,0.01,PT_D3_06,0.6831300510639733,100.0
T250_OUTER_01,"Dalian University of Technology, China",SEQUENCE_RIDGE_COMPOSITION_ONLY,0.01,PT_D3_14,0.5855400437691199,100.0
T250_OUTER_01,"Dalian University of Technology, China",SEQUENCE_RIDGE_COMPOSITION_ONLY,0.01,PT_D3_22,0.5819143739626463,100.0
T250_OUTER_01,"Dalian University of Technology, China",SEQUENCE_RIDGE_COMPOSITION_ONLY,0.01,PT_D3_28,0.9276336570439175,100.0
T250_OUTER_01,"Dalian University of Technology, China",SEQUENCE_RIDGE_COMPOSITION_ONLY,0.01,PT_D3_30,0.6182840223353118,100.0
T250_OUTER_01,"Dalian University of Technology, China",SEQUENCE_RIDGE_COMPOSITION_ONLY,0.01,PT_D3_37,0.7319250547113999,100.0
T250_OUTER_01,"Dalian University of Technology, China",SEQUENCE_RIDGE_COMPOSITION_ONLY,0.01,PT_D3_41,0.5946187253790689,100.0
T250_OUTER_01,"Dalian University of Technology, China",SEQUENCE_RIDGE_COMPOSITION_ONLY,0.01,PT_D3_42,0.8295150620062532,100.0
T250_OUTER_01,"Dalian University of Technology, China",SEQUENCE_RIDGE_COMPOSITION_ONLY,0.01,PT_D3_85,0.47809144373375745,100.0
T250_OUTER_01,"Dalian University of Technology, China",SEQUENCE_RIDGE_COMPOSITION_ONLY,0.01,PT_D3_96,0.7807200583588266,100.0
T250_OUTER_01,"Dalian University of Technology, China",SEQUENCE_RIDGE_COMPOSITION_ONLY,0.01,R4_EDINBURGH_SGO_20210324_6pm_KostarelosK_OkweloguE_EO10,0.8857142857142857,100.0
T250_OUTER_01,"Dalian University of Technology, China",SEQUENCE_RIDGE_COMPOSITION_ONLY,0.01,R4_EDINBURGH_SGO_20210324_6pm_KostarelosK_OkweloguE_EO103,0.7714285714285715,100.0
T250_OUTER_01,"Dalian University of Technology, China",SEQUENCE_RIDGE_COMPOSITION_ONLY,0.01,R4_EDINBURGH_SGO_20210324_6pm_KostarelosK_OkweloguE_EO105,0.8285714285714286,100.0
T250_OUTER_01,"Dalian University of Technology, China",SEQUENCE_RIDGE_COMPOSITION_ONLY,0.01,R4_EDINBURGH_SGO_20210324_6pm_KostarelosK_OkweloguE_EO107,0.7714285714285715,100.0
T250_OUTER_01,"Dalian University of Technology, China",SEQUENCE_RIDGE_COMPOSITION_ONLY,0.01,R4_EDINBURGH_SGO_20210324_6pm_KostarelosK_OkweloguE_EO113,0.9428571428571428,100.0
T250_OUTER_01,"Dalian University of Technology, China",SEQUENCE_RIDGE_COMPOSITION_ONLY,0.01,R4_EDINBURGH_SGO_20210324_6pm_KostarelosK_OkweloguE_EO116,0.4,100.0
T250_OUTER_01,"Dalian University of Technology, China",SEQUENCE_RIDGE_COMPOSITION_ONLY,0.01,R4_EDINBURGH_SGO_20210324_6pm_KostarelosK_OkweloguE_EO12,0.8,100.0
T250_OUTER_01,"Dalian University of Technology, China",SEQUENCE_RIDGE_COMPOSITION_ONLY,0.01,R4_EDINBURGH_SGO_20210324_6pm_KostarelosK_OkweloguE_EO16,0.9,100.0
T250_OUTER_01,"Dalian University of Technology, China",SEQUENCE_RIDGE_COMPOSITION_ONLY,0.01,R4_EDINBURGH_SGO_20210324_6pm_KostarelosK_OkweloguE_EO21,0.37142857142857144,100.0
T250_OUTER_01,"Dalian University of Technology, China",SEQUENCE_RIDGE_COMPOSITION_ONLY,0.01,R4_EDINBURGH_SGO_20210324_6pm_KostarelosK_OkweloguE_EO24,0.9428571428571428,100.0
T250_OUTER_01,"Dalian University of Technology, China",SEQUENCE_RIDGE_COMPOSITION_ONLY,0.01,R4_EDINBURGH_SGO_20210324_6pm_KostarelosK_OkweloguE_EO31,0.7142857142857143,100.0
T250_OUTER_01,"Dalian University of Technology, China",SEQUENCE_RIDGE_COMPOSITION_ONLY,0.01,R4_EDINBURGH_SGO_20210324_6pm_KostarelosK_OkweloguE_EO34,0.14285714285714285,100.0
T250_OUTER_01,"Dalian University of Technology, China",SEQUENCE_RIDGE_COMPOSITION_ONLY,0.01,R4_EDINBURGH_SGO_20210324_6pm_KostarelosK_OkweloguE_EO4,0.8857142857142857,100.0
T250_OUTER_01,"Dalian University of Technology, China",SEQUENCE_RIDGE_COMPOSITION_ONLY,0.01,R4_EDINBURGH_SGO_20210324_6pm_KostarelosK_OkweloguE_EO43,0.6,100.0
T250_OUTER_01,"Dalian University of Technology, China",SEQUENCE_RIDGE_COMPOSITION_ONLY,0.01,R4_EDINBURGH_SGO_20210324_6pm_KostarelosK_OkweloguE_EO52,0.7714285714285715,100.0
T250_OUTER_01,"Dalian University of Technology, China",SEQUENCE_RIDGE_COMPOSITION_ONLY,0.01,R4_EDINBURGH_SGO_20210324_6pm_KostarelosK_OkweloguE_EO64,0.8857142857142857,100.0
T250_OUTER_01,"Dalian University of Technology, China",SEQUENCE_RIDGE_COMPOSITION_ONLY,0.01,R4_EDINBURGH_SGO_20210324_6pm_KostarelosK_OkweloguE_EO66,0.8285714285714286,100.0
T250_OUTER_01,"Dalian University of Technology, China",SEQUENCE_RIDGE_COMPOSITION_ONLY,0.01,R4_EDINBURGH_SGO_20210324_6pm_KostarelosK_OkweloguE_EO73,0.9428571428571428,100.0
T250_OUTER_01,"Dalian University of Technology, China",SEQUENCE_RIDGE_COMPOSITION_ONLY,0.01,R4_EDINBURGH_SGO_20210324_6pm_KostarelosK_OkweloguE_EO83,0.9428571428571428,100.0
T250_OUTER_01,"Dalian University of Technology, China",SEQUENCE_RIDGE_COMPOSITION_ONLY,0.01,R4_EDINBURGH_SGO_20210324_6pm_KostarelosK_OkweloguE_EO88,0.3,100.0
T250_OUTER_01,"Dalian University of Technology, China",SEQUENCE_RIDGE_COMPOSITION_ONLY,0.01,R4_EDINBURGH_SGO_20210324_6pm_KostarelosK_OkweloguE_EO94,0.8285714285714286,100.0
T250_OUTER_01,"Dalian University of Technology, China",SEQUENCE_RIDGE_COMPOSITION_ONLY,0.01,R4_EDINBURGH_SGO_20210324_6pm_KostarelosK_OkweloguE_EO96,0.9428571428571428,100.0
T250_OUTER_01,"Dalian University of Technology, China",SEQUENCE_RIDGE_COMPOSITION_ONLY,0.01,R4_EDINBURGH_SGO_20210324_6pm_KostarelosK_OkweloguE_EO97,0.8285714285714286,100.0
T250_OUTER_01,"Dalian University of Technology, China",SEQUENCE_RIDGE_COMPOSITION_ONLY,0.01,R4_EDINBURGH_USGO_20210324_6pm_KostarelosK_OkweloguE_EO106,0.7142857142857143,100.0
T250_OUTER_01,"Dalian University of Technology, China",SEQUENCE_RIDGE_COMPOSITION_ONLY,0.01,R4_EDINBURGH_USGO_20210324_6pm_KostarelosK_OkweloguE_EO11,0.75,100.0
T250_OUTER_01,"Dalian University of Technology, China",SEQUENCE_RIDGE_COMPOSITION_ONLY,0.01,R4_EDINBURGH_USGO_20210324_6pm_KostarelosK_OkweloguE_EO111,0.8928571428571429,100.0
T250_OUTER_01,"Dalian University of Technology, China",SEQUENCE_RIDGE_COMPOSITION_ONLY,0.01,R4_EDINBURGH_USGO_20210324_6pm_KostarelosK_OkweloguE_EO112,0.75,100.0
T250_OUTER_01,"Dalian University of Technology, China",SEQUENCE_RIDGE_COMPOSITION_ONLY,0.01,R4_EDINBURGH_USGO_20210324_6pm_KostarelosK_OkweloguE_EO115,0.8571428571428571,100.0
T250_OUTER_01,"Dalian University of Technology, China",SEQUENCE_RIDGE_COMPOSITION_ONLY,0.01,R4_EDINBURGH_USGO_20210324_6pm_KostarelosK_OkweloguE_EO120,0.8214285714285714,100.0
T250_OUTER_01,"Dalian University of Technology, China",SEQUENCE_RIDGE_COMPOSITION_ONLY,0.01,R4_EDINBURGH_USGO_20210324_6pm_KostarelosK_OkweloguE_EO121,0.5,100.0
T250_OUTER_01,"Dalian University of Technology, China",SEQUENCE_RIDGE_COMPOSITION_ONLY,0.01,R4_EDINBURGH_USGO_20210324_6pm_KostarelosK_OkweloguE_EO125,1.0,100.0
T250_OUTER_01,"Dalian University of Technology, China",SEQUENCE_RIDGE_COMPOSITION_ONLY,0.01,R4_EDINBURGH_USGO_20210324_6pm_KostarelosK_OkweloguE_EO126,0.75,100.0
T250_OUTER_01,"Dalian University of Technology, China",SEQUENCE_RIDGE_COMPOSITION_ONLY,0.01,R4_EDINBURGH_USGO_20210324_6pm_KostarelosK_OkweloguE_EO13,0.9428571428571428,100.0
T250_OUTER_01,"Dalian University of Technology, China",SEQUENCE_RIDGE_COMPOSITION_ONLY,0.01,R4_EDINBURGH_USGO_20210324_6pm_KostarelosK_OkweloguE_EO26,0.6,100.0
T250_OUTER_01,"Dalian University of Technology, China",SEQUENCE_RIDGE_COMPOSITION_ONLY,0.01,R4_EDINBURGH_USGO_20210324_6pm_KostarelosK_OkweloguE_EO36,0.9428571428571428,100.0
T250_OUTER_01,"Dalian University of Technology, China",SEQUENCE_RIDGE_COMPOSITION_ONLY,0.01,R4_EDINBURGH_USGO_20210324_6pm_KostarelosK_OkweloguE_EO40,0.9428571428571428,100.0
T250_OUTER_01,"Dalian University of Technology, China",SEQUENCE_RIDGE_COMPOSITION_ONLY,0.01,R4_EDINBURGH_USGO_20210324_6pm_KostarelosK_OkweloguE_EO42,0.8285714285714286,100.0
T250_OUTER_01,"Dalian University of Technology, China",SEQUENCE_RIDGE_COMPOSITION_ONLY,0.01,R4_EDINBURGH_USGO_20210324_6pm_KostarelosK_OkweloguE_EO44,0.7714285714285715,100.0
T250_OUTER_01,"Dalian University of Technology, China",SEQUENCE_RIDGE_COMPOSITION_ONLY,0.01,R4_EDINBURGH_USGO_20210324_6pm_KostarelosK_OkweloguE_EO5,0.8214285714285714,100.0
T250_OUTER_01,"Dalian University of Technology, China",SEQUENCE_RIDGE_COMPOSITION_ONLY,0.01,R4_EDINBURGH_USGO_20210324_6pm_KostarelosK_OkweloguE_EO50,0.6785714285714286,100.0
T250_OUTER_01,"Dalian University of Technology, China",SEQUENCE_RIDGE_COMPOSITION_ONLY,0.01,R4_EDINBURGH_USGO_20210324_6pm_KostarelosK_OkweloguE_EO53,0.5428571428571428,100.0
T250_OUTER_01,"Dalian University of Technology, China",SEQUENCE_RIDGE_COMPOSITION_ONLY,0.01,R4_EDINBURGH_USGO_20210324_6pm_KostarelosK_OkweloguE_EO60,0.8285714285714286,100.0
T250_OUTER_01,"Dalian University of Technology, China",SEQUENCE_RIDGE_COMPOSITION_ONLY,0.01,R4_EDINBURGH_USGO_20210324_6pm_KostarelosK_OkweloguE_EO62,0.21428571428571427,100.0
T250_OUTER_01,"Dalian University of Technology, China",SEQUENCE_RIDGE_COMPOSITION_ONLY,0.01,R4_EDINBURGH_USGO_20210324_6pm_KostarelosK_OkweloguE_EO69,0.7142857142857143,100.0
T250_OUTER_01,"Dalian University of Technology, China",SEQUENCE_RIDGE_COMPOSITION_ONLY,0.01,R4_EDINBURGH_USGO_20210324_6pm_KostarelosK_OkweloguE_EO76,0.32142857142857145,100.0
T250_OUTER_01,"Dalian University of Technology, China",SEQUENCE_RIDGE_COMPOSITION_ONLY,0.01,R4_EDINBURGH_USGO_20210324_6pm_KostarelosK_OkweloguE_EO77,0.8857142857142857,100.0
T250_OUTER_01,"Dalian University of Technology, China",SEQUENCE_RIDGE_COMPOSITION_ONLY,0.01,R4_EDINBURGH_USGO_20210324_6pm_KostarelosK_OkweloguE_EO79,0.75,100.0
T250_OUTER_01,"Dalian University of Technology, China",SEQUENCE_RIDGE_COMPOSITION_ONLY,0.01,R4_EDINBURGH_USGO_20210324_6pm_KostarelosK_OkweloguE_EO86,0.8571428571428571,100.0
T250_OUTER_01,"Dalian University of Technology, China",SEQUENCE_RIDGE_COMPOSITION_ONLY,0.01,R4_EDINBURGH_USGO_20210324_6pm_KostarelosK_OkweloguE_EO87,0.8928571428571429,100.0
T250_OUTER_01,"Dalian University of Technology, China",SEQUENCE_RIDGE_COMPOSITION_ONLY,0.01,T_D1_133,0.5855400437691199,100.0
T250_OUTER_01,"Dalian University of Technology, China",SEQUENCE_RIDGE_COMPOSITION_ONLY,0.01,T_D1_138,0.8627121404018641,100.0
T250_OUTER_01,"Dalian University of Technology, China",SEQUENCE_RIDGE_COMPOSITION_ONLY,0.01,T_D1_165,0.7807200583588266,100.0
T250_OUTER_01,"Dalian University of Technology, China",SEQUENCE_RIDGE_COMPOSITION_ONLY,0.01,T_D1_173,0.9271050693011066,100.0
T250_OUTER_01,"Dalian University of Technology, China",SEQUENCE_RIDGE_COMPOSITION_ONLY,0.01,T_D1_186,0.7289182663923712,100.0
T250_OUTER_01,"Dalian University of Technology, China",SEQUENCE_RIDGE_COMPOSITION_ONLY,0.01,T_D3_119a,0.5933055656682091,100.0
T250_OUTER_01,"Dalian University of Technology, China",SEQUENCE_RIDGE_COMPOSITION_ONLY,0.01,T_D3_119b,0.5933055656682091,100.0
T250_OUTER_01,"Dalian University of Technology, China",SEQUENCE_RIDGE_COMPOSITION_ONLY,0.01,T_D3_155,0.5855400437691199,100.0
T250_OUTER_01,"Dalian University of Technology, China",SEQUENCE_RIDGE_COMPOSITION_ONLY,0.01,T_D3_178,0.7807200583588266,100.0
T250_OUTER_01,"Dalian University of Technology, China",SEQUENCE_RIDGE_COMPOSITION_ONLY,0.01,T_D3_198,0.5229975846277625,100.0
T250_OUTER_01,"Dalian University of Technology, China",SEQUENCE_RIDGE_COMPOSITION_ONLY,0.01,__MEAN__,0.7369447852729175,100.0
T250_OUTER_01,"Dalian University of Technology, China",SEQUENCE_RIDGE_COMPOSITION_ONLY,0.1,PMC6592156:PH:pH 4.9:Rep1,1.0,100.0
T250_OUTER_01,"Dalian University of Technology, China",SEQUENCE_RIDGE_COMPOSITION_ONLY,0.1,PMC6592156:PH:pH 4.9:Rep2,0.9428571428571428,100.0
T250_OUTER_01,"Dalian University of Technology, China",SEQUENCE_RIDGE_COMPOSITION_ONLY,0.1,PMC6592156:PH:pH 4.9:Rep3,0.6571428571428571,100.0
T250_OUTER_01,"Dalian University of Technology, China",SEQUENCE_RIDGE_COMPOSITION_ONLY,0.1,PMC6592156:PH:pH 6.1:Rep1,0.7714285714285715,100.0
T250_OUTER_01,"Dalian University of Technology, China",SEQUENCE_RIDGE_COMPOSITION_ONLY,0.1,PMC6592156:PH:pH 6.1:Rep2,0.75,100.0
T250_OUTER_01,"Dalian University of Technology, China",SEQUENCE_RIDGE_COMPOSITION_ONLY,0.1,PMC6592156:PH:pH 6.1:Rep3,0.9,100.0
T250_OUTER_01,"Dalian University of Technology, China",SEQUENCE_RIDGE_COMPOSITION_ONLY,0.1,PMC6592156:PH:pH 6.8:Rep1,0.9285714285714286,100.0
T250_OUTER_01,"Dalian University of Technology, China",SEQUENCE_RIDGE_COMPOSITION_ONLY,0.1,PMC6592156:PH:pH 6.8:Rep2,0.75,100.0
T250_OUTER_01,"Dalian University of Technology, China",SEQUENCE_RIDGE_COMPOSITION_ONLY,0.1,PMC6592156:PH:pH 6.8:Rep3,0.5357142857142857,100.0
T250_OUTER_01,"Dalian University of Technology, China",SEQUENCE_RIDGE_COMPOSITION_ONLY,0.1,PMC6592156:PH:pH 7.7:Rep1,0.8285714285714286,100.0
T250_OUTER_01,"Dalian University of Technology, China",SEQUENCE_RIDGE_COMPOSITION_ONLY,0.1,PMC6592156:PH:pH 7.7:Rep2,0.6785714285714286,100.0
T250_OUTER_01,"Dalian University of Technology, China",SEQUENCE_RIDGE_COMPOSITION_ONLY,0.1,PMC6592156:PH:pH 7.7:Rep3,0.6785714285714286,100.0
T250_OUTER_01,"Dalian University of Technology, China",SEQUENCE_RIDGE_COMPOSITION_ONLY,0.1,PMC6592156:PH:pH 8.9:Rep1,0.8928571428571429,100.0
T250_OUTER_01,"Dalian University of Technology, China",SEQUENCE_RIDGE_COMPOSITION_ONLY,0.1,PMC6592156:PH:pH 8.9:Rep2,0.9285714285714286,100.0
T250_OUTER_01,"Dalian University of Technology, China",SEQUENCE_RIDGE_COMPOSITION_ONLY,0.1,PMC6592156:PH:pH 8.9:Rep3,0.9642857142857143,100.0
T250_OUTER_01,"Dalian University of Technology, China",SEQUENCE_RIDGE_COMPOSITION_ONLY,0.1,PMC6592156:TEMPERATURE:17 °C:Rep1,0.6,100.0
T250_OUTER_01,"Dalian University of Technology, China",SEQUENCE_RIDGE_COMPOSITION_ONLY,0.1,PMC6592156:TEMPERATURE:17 °C:Rep2,0.4857142857142857,100.0
T250_OUTER_01,"Dalian University of Technology, China",SEQUENCE_RIDGE_COMPOSITION_ONLY,0.1,PMC6592156:TEMPERATURE:17 °C:Rep3,0.5,100.0
T250_OUTER_01,"Dalian University of Technology, China",SEQUENCE_RIDGE_COMPOSITION_ONLY,0.1,PMC6592156:TEMPERATURE:30 °C:Rep1,0.9428571428571428,100.0
T250_OUTER_01,"Dalian University of Technology, China",SEQUENCE_RIDGE_COMPOSITION_ONLY,0.1,PMC6592156:TEMPERATURE:30 °C:Rep2,0.5,100.0
T250_OUTER_01,"Dalian University of Technology, China",SEQUENCE_RIDGE_COMPOSITION_ONLY,0.1,PMC6592156:TEMPERATURE:30 °C:Rep3,0.75,100.0
T250_OUTER_01,"Dalian University of Technology, China",SEQUENCE_RIDGE_COMPOSITION_ONLY,0.1,PMC6592156:TEMPERATURE:4 °C:Rep1,0.8214285714285714,100.0
T250_OUTER_01,"Dalian University of Technology, China",SEQUENCE_RIDGE_COMPOSITION_ONLY,0.1,PMC6592156:TEMPERATURE:4 °C:Rep2,0.8214285714285714,100.0
T250_OUTER_01,"Dalian University of Technology, China",SEQUENCE_RIDGE_COMPOSITION_ONLY,0.1,PMC6592156:TEMPERATURE:4 °C:Rep3,0.7142857142857143,100.0
T250_OUTER_01,"Dalian University of Technology, China",SEQUENCE_RIDGE_COMPOSITION_ONLY,0.1,PMC6592156:TEMPERATURE:41 °C:Rep1,0.75,100.0
T250_OUTER_01,"Dalian University of Technology, China",SEQUENCE_RIDGE_COMPOSITION_ONLY,0.1,PMC6592156:TEMPERATURE:41 °C:Rep2,0.75,100.0
T250_OUTER_01,"Dalian University of Technology, China",SEQUENCE_RIDGE_COMPOSITION_ONLY,0.1,PMC6592156:TEMPERATURE:41 °C:Rep3,0.75,100.0
T250_OUTER_01,"Dalian University of Technology, China",SEQUENCE_RIDGE_COMPOSITION_ONLY,0.1,PMC6592156:TEMPERATURE:47 °C:Rep1,0.8285714285714286,100.0
T250_OUTER_01,"Dalian University of Technology, China",SEQUENCE_RIDGE_COMPOSITION_ONLY,0.1,PMC6592156:TEMPERATURE:47 °C:Rep2,0.8928571428571429,100.0
T250_OUTER_01,"Dalian University of Technology, China",SEQUENCE_RIDGE_COMPOSITION_ONLY,0.1,PMC6592156:TEMPERATURE:47 °C:Rep3,0.8571428571428571,100.0
T250_OUTER_01,"Dalian University of Technology, China",SEQUENCE_RIDGE_COMPOSITION_ONLY,0.1,PT_D1_16,0.7637626158259733,100.0
T250_OUTER_01,"Dalian University of Technology, China",SEQUENCE_RIDGE_COMPOSITION_ONLY,0.1,PT_D1_18,0.46381682852195877,100.0
T250_OUTER_01,"Dalian University of Technology, China",SEQUENCE_RIDGE_COMPOSITION_ONLY,0.1,PT_D1_20,0.9710083124552245,100.0
T250_OUTER_01,"Dalian University of Technology, China",SEQUENCE_RIDGE_COMPOSITION_ONLY,0.1,PT_D1_23,0.6361123976285639,100.0
T250_OUTER_01,"Dalian University of Technology, China",SEQUENCE_RIDGE_COMPOSITION_ONLY,0.1,PT_D1_33,0.7217429126939475,100.0
T250_OUTER_01,"Dalian University of Technology, China",SEQUENCE_RIDGE_COMPOSITION_ONLY,0.1,PT_D1_34,0.5855400437691199,100.0
T250_OUTER_01,"Dalian University of Technology, China",SEQUENCE_RIDGE_COMPOSITION_ONLY,0.1,PT_D1_48,0.4846990641204806,100.0
T250_OUTER_01,"Dalian University of Technology, China",SEQUENCE_RIDGE_COMPOSITION_ONLY,0.1,PT_D1_51,0.6780635036208105,100.0
T250_OUTER_01,"Dalian University of Technology, China",SEQUENCE_RIDGE_COMPOSITION_ONLY,0.1,PT_D1_73,0.5424508028966484,100.0
T250_OUTER_01,"Dalian University of Technology, China",SEQUENCE_RIDGE_COMPOSITION_ONLY,0.1,PT_D1_81,0.7807200583588266,100.0
T250_OUTER_01,"Dalian University of Technology, China",SEQUENCE_RIDGE_COMPOSITION_ONLY,0.1,PT_D3_06,0.6831300510639733,100.0
T250_OUTER_01,"Dalian University of Technology, China",SEQUENCE_RIDGE_COMPOSITION_ONLY,0.1,PT_D3_14,0.5855400437691199,100.0
T250_OUTER_01,"Dalian University of Technology, China",SEQUENCE_RIDGE_COMPOSITION_ONLY,0.1,PT_D3_22,0.5819143739626463,100.0
T250_OUTER_01,"Dalian University of Technology, China",SEQUENCE_RIDGE_COMPOSITION_ONLY,0.1,PT_D3_28,0.9710083124552245,100.0
T250_OUTER_01,"Dalian University of Technology, China",SEQUENCE_RIDGE_COMPOSITION_ONLY,0.1,PT_D3_30,0.6182840223353118,100.0
T250_OUTER_01,"Dalian University of Technology, China",SEQUENCE_RIDGE_COMPOSITION_ONLY,0.1,PT_D3_37,0.7319250547113999,100.0
T250_OUTER_01,"Dalian University of Technology, China",SEQUENCE_RIDGE_COMPOSITION_ONLY,0.1,PT_D3_41,0.5455447255899809,100.0
T250_OUTER_01,"Dalian University of Technology, China",SEQUENCE_RIDGE_COMPOSITION_ONLY,0.1,PT_D3_42,0.8295150620062532,100.0
T250_OUTER_01,"Dalian University of Technology, China",SEQUENCE_RIDGE_COMPOSITION_ONLY,0.1,PT_D3_85,0.47809144373375745,100.0
T250_OUTER_01,"Dalian University of Technology, China",SEQUENCE_RIDGE_COMPOSITION_ONLY,0.1,PT_D3_96,0.7807200583588266,100.0
T250_OUTER_01,"Dalian University of Technology, China",SEQUENCE_RIDGE_COMPOSITION_ONLY,0.1,R4_EDINBURGH_SGO_20210324_6pm_KostarelosK_OkweloguE_EO10,0.8857142857142857,100.0
T250_OUTER_01,"Dalian University of Technology, China",SEQUENCE_RIDGE_COMPOSITION_ONLY,0.1,R4_EDINBURGH_SGO_20210324_6pm_KostarelosK_OkweloguE_EO103,0.7714285714285715,100.0
T250_OUTER_01,"Dalian University of Technology, China",SEQUENCE_RIDGE_COMPOSITION_ONLY,0.1,R4_EDINBURGH_SGO_20210324_6pm_KostarelosK_OkweloguE_EO105,0.8285714285714286,100.0
T250_OUTER_01,"Dalian University of Technology, China",SEQUENCE_RIDGE_COMPOSITION_ONLY,0.1,R4_EDINBURGH_SGO_20210324_6pm_KostarelosK_OkweloguE_EO107,0.7714285714285715,100.0
T250_OUTER_01,"Dalian University of Technology, China",SEQUENCE_RIDGE_COMPOSITION_ONLY,0.1,R4_EDINBURGH_SGO_20210324_6pm_KostarelosK_OkweloguE_EO113,0.9428571428571428,100.0
T250_OUTER_01,"Dalian University of Technology, China",SEQUENCE_RIDGE_COMPOSITION_ONLY,0.1,R4_EDINBURGH_SGO_20210324_6pm_KostarelosK_OkweloguE_EO116,0.4,100.0
T250_OUTER_01,"Dalian University of Technology, China",SEQUENCE_RIDGE_COMPOSITION_ONLY,0.1,R4_EDINBURGH_SGO_20210324_6pm_KostarelosK_OkweloguE_EO12,0.8,100.0
T250_OUTER_01,"Dalian University of Technology, China",SEQUENCE_RIDGE_COMPOSITION_ONLY,0.1,R4_EDINBURGH_SGO_20210324_6pm_KostarelosK_OkweloguE_EO16,0.9,100.0
T250_OUTER_01,"Dalian University of Technology, China",SEQUENCE_RIDGE_COMPOSITION_ONLY,0.1,R4_EDINBURGH_SGO_20210324_6pm_KostarelosK_OkweloguE_EO21,0.37142857142857144,100.0
T250_OUTER_01,"Dalian University of Technology, China",SEQUENCE_RIDGE_COMPOSITION_ONLY,0.1,R4_EDINBURGH_SGO_20210324_6pm_KostarelosK_OkweloguE_EO24,0.9428571428571428,100.0
T250_OUTER_01,"Dalian University of Technology, China",SEQUENCE_RIDGE_COMPOSITION_ONLY,0.1,R4_EDINBURGH_SGO_20210324_6pm_KostarelosK_OkweloguE_EO31,0.7142857142857143,100.0
T250_OUTER_01,"Dalian University of Technology, China",SEQUENCE_RIDGE_COMPOSITION_ONLY,0.1,R4_EDINBURGH_SGO_20210324_6pm_KostarelosK_OkweloguE_EO34,0.14285714285714285,100.0
T250_OUTER_01,"Dalian University of Technology, China",SEQUENCE_RIDGE_COMPOSITION_ONLY,0.1,R4_EDINBURGH_SGO_20210324_6pm_KostarelosK_OkweloguE_EO4,0.8857142857142857,100.0
T250_OUTER_01,"Dalian University of Technology, China",SEQUENCE_RIDGE_COMPOSITION_ONLY,0.1,R4_EDINBURGH_SGO_20210324_6pm_KostarelosK_OkweloguE_EO43,0.6,100.0
T250_OUTER_01,"Dalian University of Technology, China",SEQUENCE_RIDGE_COMPOSITION_ONLY,0.1,R4_EDINBURGH_SGO_20210324_6pm_KostarelosK_OkweloguE_EO52,0.7714285714285715,100.0
T250_OUTER_01,"Dalian University of Technology, China",SEQUENCE_RIDGE_COMPOSITION_ONLY,0.1,R4_EDINBURGH_SGO_20210324_6pm_KostarelosK_OkweloguE_EO64,0.8857142857142857,100.0
T250_OUTER_01,"Dalian University of Technology, China",SEQUENCE_RIDGE_COMPOSITION_ONLY,0.1,R4_EDINBURGH_SGO_20210324_6pm_KostarelosK_OkweloguE_EO66,0.8285714285714286,100.0
T250_OUTER_01,"Dalian University of Technology, China",SEQUENCE_RIDGE_COMPOSITION_ONLY,0.1,R4_EDINBURGH_SGO_20210324_6pm_KostarelosK_OkweloguE_EO73,0.9428571428571428,100.0
T250_OUTER_01,"Dalian University of Technology, China",SEQUENCE_RIDGE_COMPOSITION_ONLY,0.1,R4_EDINBURGH_SGO_20210324_6pm_KostarelosK_OkweloguE_EO83,0.9428571428571428,100.0
T250_OUTER_01,"Dalian University of Technology, China",SEQUENCE_RIDGE_COMPOSITION_ONLY,0.1,R4_EDINBURGH_SGO_20210324_6pm_KostarelosK_OkweloguE_EO88,0.3,100.0
T250_OUTER_01,"Dalian University of Technology, China",SEQUENCE_RIDGE_COMPOSITION_ONLY,0.1,R4_EDINBURGH_SGO_20210324_6pm_KostarelosK_OkweloguE_EO94,0.8285714285714286,100.0
T250_OUTER_01,"Dalian University of Technology, China",SEQUENCE_RIDGE_COMPOSITION_ONLY,0.1,R4_EDINBURGH_SGO_20210324_6pm_KostarelosK_OkweloguE_EO96,0.9428571428571428,100.0
T250_OUTER_01,"Dalian University of Technology, China",SEQUENCE_RIDGE_COMPOSITION_ONLY,0.1,R4_EDINBURGH_SGO_20210324_6pm_KostarelosK_OkweloguE_EO97,0.8285714285714286,100.0
T250_OUTER_01,"Dalian University of Technology, China",SEQUENCE_RIDGE_COMPOSITION_ONLY,0.1,R4_EDINBURGH_USGO_20210324_6pm_KostarelosK_OkweloguE_EO106,0.7142857142857143,100.0
T250_OUTER_01,"Dalian University of Technology, China",SEQUENCE_RIDGE_COMPOSITION_ONLY,0.1,R4_EDINBURGH_USGO_20210324_6pm_KostarelosK_OkweloguE_EO11,0.75,100.0
T250_OUTER_01,"Dalian University of Technology, China",SEQUENCE_RIDGE_COMPOSITION_ONLY,0.1,R4_EDINBURGH_USGO_20210324_6pm_KostarelosK_OkweloguE_EO111,0.8928571428571429,100.0
T250_OUTER_01,"Dalian University of Technology, China",SEQUENCE_RIDGE_COMPOSITION_ONLY,0.1,R4_EDINBURGH_USGO_20210324_6pm_KostarelosK_OkweloguE_EO112,0.75,100.0
T250_OUTER_01,"Dalian University of Technology, China",SEQUENCE_RIDGE_COMPOSITION_ONLY,0.1,R4_EDINBURGH_USGO_20210324_6pm_KostarelosK_OkweloguE_EO115,0.8571428571428571,100.0
T250_OUTER_01,"Dalian University of Technology, China",SEQUENCE_RIDGE_COMPOSITION_ONLY,0.1,R4_EDINBURGH_USGO_20210324_6pm_KostarelosK_OkweloguE_EO120,0.8214285714285714,100.0
T250_OUTER_01,"Dalian University of Technology, China",SEQUENCE_RIDGE_COMPOSITION_ONLY,0.1,R4_EDINBURGH_USGO_20210324_6pm_KostarelosK_OkweloguE_EO121,0.5,100.0
T250_OUTER_01,"Dalian University of Technology, China",SEQUENCE_RIDGE_COMPOSITION_ONLY,0.1,R4_EDINBURGH_USGO_20210324_6pm_KostarelosK_OkweloguE_EO125,1.0,100.0
T250_OUTER_01,"Dalian University of Technology, China",SEQUENCE_RIDGE_COMPOSITION_ONLY,0.1,R4_EDINBURGH_USGO_20210324_6pm_KostarelosK_OkweloguE_EO126,0.75,100.0
T250_OUTER_01,"Dalian University of Technology, China",SEQUENCE_RIDGE_COMPOSITION_ONLY,0.1,R4_EDINBURGH_USGO_20210324_6pm_KostarelosK_OkweloguE_EO13,0.9428571428571428,100.0
T250_OUTER_01,"Dalian University of Technology, China",SEQUENCE_RIDGE_COMPOSITION_ONLY,0.1,R4_EDINBURGH_USGO_20210324_6pm_KostarelosK_OkweloguE_EO26,0.6,100.0
T250_OUTER_01,"Dalian University of Technology, China",SEQUENCE_RIDGE_COMPOSITION_ONLY,0.1,R4_EDINBURGH_USGO_20210324_6pm_KostarelosK_OkweloguE_EO36,0.9428571428571428,100.0
T250_OUTER_01,"Dalian University of Technology, China",SEQUENCE_RIDGE_COMPOSITION_ONLY,0.1,R4_EDINBURGH_USGO_20210324_6pm_KostarelosK_OkweloguE_EO40,0.9428571428571428,100.0
T250_OUTER_01,"Dalian University of Technology, China",SEQUENCE_RIDGE_COMPOSITION_ONLY,0.1,R4_EDINBURGH_USGO_20210324_6pm_KostarelosK_OkweloguE_EO42,0.8285714285714286,100.0
T250_OUTER_01,"Dalian University of Technology, China",SEQUENCE_RIDGE_COMPOSITION_ONLY,0.1,R4_EDINBURGH_USGO_20210324_6pm_KostarelosK_OkweloguE_EO44,0.7714285714285715,100.0
T250_OUTER_01,"Dalian University of Technology, China",SEQUENCE_RIDGE_COMPOSITION_ONLY,0.1,R4_EDINBURGH_USGO_20210324_6pm_KostarelosK_OkweloguE_EO5,0.8214285714285714,100.0
T250_OUTER_01,"Dalian University of Technology, China",SEQUENCE_RIDGE_COMPOSITION_ONLY,0.1,R4_EDINBURGH_USGO_20210324_6pm_KostarelosK_OkweloguE_EO50,0.6785714285714286,100.0
T250_OUTER_01,"Dalian University of Technology, China",SEQUENCE_RIDGE_COMPOSITION_ONLY,0.1,R4_EDINBURGH_USGO_20210324_6pm_KostarelosK_OkweloguE_EO53,0.5428571428571428,100.0
T250_OUTER_01,"Dalian University of Technology, China",SEQUENCE_RIDGE_COMPOSITION_ONLY,0.1,R4_EDINBURGH_USGO_20210324_6pm_KostarelosK_OkweloguE_EO60,0.8285714285714286,100.0
T250_OUTER_01,"Dalian University of Technology, China",SEQUENCE_RIDGE_COMPOSITION_ONLY,0.1,R4_EDINBURGH_USGO_20210324_6pm_KostarelosK_OkweloguE_EO62,0.21428571428571427,100.0
T250_OUTER_01,"Dalian University of Technology, China",SEQUENCE_RIDGE_COMPOSITION_ONLY,0.1,R4_EDINBURGH_USGO_20210324_6pm_KostarelosK_OkweloguE_EO69,0.7142857142857143,100.0
T250_OUTER_01,"Dalian University of Technology, China",SEQUENCE_RIDGE_COMPOSITION_ONLY,0.1,R4_EDINBURGH_USGO_20210324_6pm_KostarelosK_OkweloguE_EO76,0.32142857142857145,100.0
T250_OUTER_01,"Dalian University of Technology, China",SEQUENCE_RIDGE_COMPOSITION_ONLY,0.1,R4_EDINBURGH_USGO_20210324_6pm_KostarelosK_OkweloguE_EO77,0.8857142857142857,100.0
T250_OUTER_01,"Dalian University of Technology, China",SEQUENCE_RIDGE_COMPOSITION_ONLY,0.1,R4_EDINBURGH_USGO_20210324_6pm_KostarelosK_OkweloguE_EO79,0.75,100.0
T250_OUTER_01,"Dalian University of Technology, China",SEQUENCE_RIDGE_COMPOSITION_ONLY,0.1,R4_EDINBURGH_USGO_20210324_6pm_KostarelosK_OkweloguE_EO86,0.8571428571428571,100.0
T250_OUTER_01,"Dalian University of Technology, China",SEQUENCE_RIDGE_COMPOSITION_ONLY,0.1,R4_EDINBURGH_USGO_20210324_6pm_KostarelosK_OkweloguE_EO87,0.8928571428571429,100.0
T250_OUTER_01,"Dalian University of Technology, China",SEQUENCE_RIDGE_COMPOSITION_ONLY,0.1,T_D1_133,0.5855400437691199,100.0
T250_OUTER_01,"Dalian University of Technology, China",SEQUENCE_RIDGE_COMPOSITION_ONLY,0.1,T_D1_138,0.8728715609439694,100.0
T250_OUTER_01,"Dalian University of Technology, China",SEQUENCE_RIDGE_COMPOSITION_ONLY,0.1,T_D1_165,0.7807200583588266,100.0
T250_OUTER_01,"Dalian University of Technology, China",SEQUENCE_RIDGE_COMPOSITION_ONLY,0.1,T_D1_173,0.9271050693011066,100.0
T250_OUTER_01,"Dalian University of Technology, China",SEQUENCE_RIDGE_COMPOSITION_ONLY,0.1,T_D1_186,0.7289182663923712,100.0
T250_OUTER_01,"Dalian University of Technology, China",SEQUENCE_RIDGE_COMPOSITION_ONLY,0.1,T_D3_119a,0.5933055656682091,100.0
T250_OUTER_01,"Dalian University of Technology, China",SEQUENCE_RIDGE_COMPOSITION_ONLY,0.1,T_D3_119b,0.5823251360731083,100.0
T250_OUTER_01,"Dalian University of Technology, China",SEQUENCE_RIDGE_COMPOSITION_ONLY,0.1,T_D3_155,0.5855400437691199,100.0
T250_OUTER_01,"Dalian University of Technology, China",SEQUENCE_RIDGE_COMPOSITION_ONLY,0.1,T_D3_178,0.7807200583588266,100.0
T250_OUTER_01,"Dalian University of Technology, China",SEQUENCE_RIDGE_COMPOSITION_ONLY,0.1,T_D3_198,0.5229975846277625,100.0
T250_OUTER_01,"Dalian University of Technology, China",SEQUENCE_RIDGE_COMPOSITION_ONLY,0.1,__MEAN__,0.7372941435465049,100.0
T250_OUTER_01,"Dalian University of Technology, China",SEQUENCE_RIDGE_COMPOSITION_ONLY,1.0,PMC6592156:PH:pH 4.9:Rep1,1.0,100.0
T250_OUTER_01,"Dalian University of Technology, China",SEQUENCE_RIDGE_COMPOSITION_ONLY,1.0,PMC6592156:PH:pH 4.9:Rep2,0.9428571428571428,100.0
T250_OUTER_01,"Dalian University of Technology, China",SEQUENCE_RIDGE_COMPOSITION_ONLY,1.0,PMC6592156:PH:pH 4.9:Rep3,0.6571428571428571,100.0
T250_OUTER_01,"Dalian University of Technology, China",SEQUENCE_RIDGE_COMPOSITION_ONLY,1.0,PMC6592156:PH:pH 6.1:Rep1,0.7714285714285715,100.0
T250_OUTER_01,"Dalian University of Technology, China",SEQUENCE_RIDGE_COMPOSITION_ONLY,1.0,PMC6592156:PH:pH 6.1:Rep2,0.75,100.0
T250_OUTER_01,"Dalian University of Technology, China",SEQUENCE_RIDGE_COMPOSITION_ONLY,1.0,PMC6592156:PH:pH 6.1:Rep3,0.9,100.0
T250_OUTER_01,"Dalian University of Technology, China",SEQUENCE_RIDGE_COMPOSITION_ONLY,1.0,PMC6592156:PH:pH 6.8:Rep1,0.9285714285714286,100.0
T250_OUTER_01,"Dalian University of Technology, China",SEQUENCE_RIDGE_COMPOSITION_ONLY,1.0,PMC6592156:PH:pH 6.8:Rep2,0.75,100.0
T250_OUTER_01,"Dalian University of Technology, China",SEQUENCE_RIDGE_COMPOSITION_ONLY,1.0,PMC6592156:PH:pH 6.8:Rep3,0.5357142857142857,100.0
T250_OUTER_01,"Dalian University of Technology, China",SEQUENCE_RIDGE_COMPOSITION_ONLY,1.0,PMC6592156:PH:pH 7.7:Rep1,0.8285714285714286,100.0
T250_OUTER_01,"Dalian University of Technology, China",SEQUENCE_RIDGE_COMPOSITION_ONLY,1.0,PMC6592156:PH:pH 7.7:Rep2,0.6785714285714286,100.0
T250_OUTER_01,"Dalian University of Technology, China",SEQUENCE_RIDGE_COMPOSITION_ONLY,1.0,PMC6592156:PH:pH 7.7:Rep3,0.6785714285714286,100.0
T250_OUTER_01,"Dalian University of Technology, China",SEQUENCE_RIDGE_COMPOSITION_ONLY,1.0,PMC6592156:PH:pH 8.9:Rep1,0.8928571428571429,100.0
T250_OUTER_01,"Dalian University of Technology, China",SEQUENCE_RIDGE_COMPOSITION_ONLY,1.0,PMC6592156:PH:pH 8.9:Rep2,0.9285714285714286,100.0
T250_OUTER_01,"Dalian University of Technology, China",SEQUENCE_RIDGE_COMPOSITION_ONLY,1.0,PMC6592156:PH:pH 8.9:Rep3,0.9642857142857143,100.0
T250_OUTER_01,"Dalian University of Technology, China",SEQUENCE_RIDGE_COMPOSITION_ONLY,1.0,PMC6592156:TEMPERATURE:17 °C:Rep1,0.6,100.0
T250_OUTER_01,"Dalian University of Technology, China",SEQUENCE_RIDGE_COMPOSITION_ONLY,1.0,PMC6592156:TEMPERATURE:17 °C:Rep2,0.4857142857142857,100.0
T250_OUTER_01,"Dalian University of Technology, China",SEQUENCE_RIDGE_COMPOSITION_ONLY,1.0,PMC6592156:TEMPERATURE:17 °C:Rep3,0.5,100.0
T250_OUTER_01,"Dalian University of Technology, China",SEQUENCE_RIDGE_COMPOSITION_ONLY,1.0,PMC6592156:TEMPERATURE:30 °C:Rep1,0.9428571428571428,100.0
T250_OUTER_01,"Dalian University of Technology, China",SEQUENCE_RIDGE_COMPOSITION_ONLY,1.0,PMC6592156:TEMPERATURE:30 °C:Rep2,0.5,100.0
T250_OUTER_01,"Dalian University of Technology, China",SEQUENCE_RIDGE_COMPOSITION_ONLY,1.0,PMC6592156:TEMPERATURE:30 °C:Rep3,0.75,100.0
T250_OUTER_01,"Dalian University of Technology, China",SEQUENCE_RIDGE_COMPOSITION_ONLY,1.0,PMC6592156:TEMPERATURE:4 °C:Rep1,0.8214285714285714,100.0
T250_OUTER_01,"Dalian University of Technology, China",SEQUENCE_RIDGE_COMPOSITION_ONLY,1.0,PMC6592156:TEMPERATURE:4 °C:Rep2,0.8214285714285714,100.0
T250_OUTER_01,"Dalian University of Technology, China",SEQUENCE_RIDGE_COMPOSITION_ONLY,1.0,PMC6592156:TEMPERATURE:4 °C:Rep3,0.7142857142857143,100.0
T250_OUTER_01,"Dalian University of Technology, China",SEQUENCE_RIDGE_COMPOSITION_ONLY,1.0,PMC6592156:TEMPERATURE:41 °C:Rep1,0.75,100.0
T250_OUTER_01,"Dalian University of Technology, China",SEQUENCE_RIDGE_COMPOSITION_ONLY,1.0,PMC6592156:TEMPERATURE:41 °C:Rep2,0.75,100.0
T250_OUTER_01,"Dalian University of Technology, China",SEQUENCE_RIDGE_COMPOSITION_ONLY,1.0,PMC6592156:TEMPERATURE:41 °C:Rep3,0.75,100.0
T250_OUTER_01,"Dalian University of Technology, China",SEQUENCE_RIDGE_COMPOSITION_ONLY,1.0,PMC6592156:TEMPERATURE:47 °C:Rep1,0.8285714285714286,100.0
T250_OUTER_01,"Dalian University of Technology, China",SEQUENCE_RIDGE_COMPOSITION_ONLY,1.0,PMC6592156:TEMPERATURE:47 °C:Rep2,0.8928571428571429,100.0
T250_OUTER_01,"Dalian University of Technology, China",SEQUENCE_RIDGE_COMPOSITION_ONLY,1.0,PMC6592156:TEMPERATURE:47 °C:Rep3,0.8571428571428571,100.0
T250_OUTER_01,"Dalian University of Technology, China",SEQUENCE_RIDGE_COMPOSITION_ONLY,1.0,PT_D1_16,0.7637626158259733,100.0
T250_OUTER_01,"Dalian University of Technology, China",SEQUENCE_RIDGE_COMPOSITION_ONLY,1.0,PT_D1_18,0.5002164033860247,100.0
T250_OUTER_01,"Dalian University of Technology, China",SEQUENCE_RIDGE_COMPOSITION_ONLY,1.0,PT_D1_20,0.9561828874675149,100.0
T250_OUTER_01,"Dalian University of Technology, China",SEQUENCE_RIDGE_COMPOSITION_ONLY,1.0,PT_D1_23,0.6055300708194983,100.0
T250_OUTER_01,"Dalian University of Technology, China",SEQUENCE_RIDGE_COMPOSITION_ONLY,1.0,PT_D1_33,0.7301163117764201,100.0
T250_OUTER_01,"Dalian University of Technology, China",SEQUENCE_RIDGE_COMPOSITION_ONLY,1.0,PT_D1_34,0.5855400437691199,100.0
T250_OUTER_01,"Dalian University of Technology, China",SEQUENCE_RIDGE_COMPOSITION_ONLY,1.0,PT_D1_48,0.4846990641204806,100.0
T250_OUTER_01,"Dalian University of Technology, China",SEQUENCE_RIDGE_COMPOSITION_ONLY,1.0,PT_D1_51,0.683599072781475,100.0
T250_OUTER_01,"Dalian University of Technology, China",SEQUENCE_RIDGE_COMPOSITION_ONLY,1.0,PT_D1_73,0.5485671571703195,100.0
T250_OUTER_01,"Dalian University of Technology, China",SEQUENCE_RIDGE_COMPOSITION_ONLY,1.0,PT_D1_81,0.7807200583588266,100.0
T250_OUTER_01,"Dalian University of Technology, China",SEQUENCE_RIDGE_COMPOSITION_ONLY,1.0,PT_D3_06,0.6831300510639733,100.0
T250_OUTER_01,"Dalian University of Technology, China",SEQUENCE_RIDGE_COMPOSITION_ONLY,1.0,PT_D3_14,0.5855400437691199,100.0
T250_OUTER_01,"Dalian University of Technology, China",SEQUENCE_RIDGE_COMPOSITION_ONLY,1.0,PT_D3_22,0.5690229011161231,100.0
T250_OUTER_01,"Dalian University of Technology, China",SEQUENCE_RIDGE_COMPOSITION_ONLY,1.0,PT_D3_28,0.9710083124552245,100.0
T250_OUTER_01,"Dalian University of Technology, China",SEQUENCE_RIDGE_COMPOSITION_ONLY,1.0,PT_D3_30,0.6182840223353118,100.0
T250_OUTER_01,"Dalian University of Technology, China",SEQUENCE_RIDGE_COMPOSITION_ONLY,1.0,PT_D3_37,0.7319250547113999,100.0
T250_OUTER_01,"Dalian University of Technology, China",SEQUENCE_RIDGE_COMPOSITION_ONLY,1.0,PT_D3_41,0.5690229011161231,100.0
T250_OUTER_01,"Dalian University of Technology, China",SEQUENCE_RIDGE_COMPOSITION_ONLY,1.0,PT_D3_42,0.8295150620062532,100.0
T250_OUTER_01,"Dalian University of Technology, China",SEQUENCE_RIDGE_COMPOSITION_ONLY,1.0,PT_D3_85,0.47809144373375745,100.0
T250_OUTER_01,"Dalian University of Technology, China",SEQUENCE_RIDGE_COMPOSITION_ONLY,1.0,PT_D3_96,0.7807200583588266,100.0
T250_OUTER_01,"Dalian University of Technology, China",SEQUENCE_RIDGE_COMPOSITION_ONLY,1.0,R4_EDINBURGH_SGO_20210324_6pm_KostarelosK_OkweloguE_EO10,0.8857142857142857,100.0
T250_OUTER_01,"Dalian University of Technology, China",SEQUENCE_RIDGE_COMPOSITION_ONLY,1.0,R4_EDINBURGH_SGO_20210324_6pm_KostarelosK_OkweloguE_EO103,0.7714285714285715,100.0
T250_OUTER_01,"Dalian University of Technology, China",SEQUENCE_RIDGE_COMPOSITION_ONLY,1.0,R4_EDINBURGH_SGO_20210324_6pm_KostarelosK_OkweloguE_EO105,0.8285714285714286,100.0
T250_OUTER_01,"Dalian University of Technology, China",SEQUENCE_RIDGE_COMPOSITION_ONLY,1.0,R4_EDINBURGH_SGO_20210324_6pm_KostarelosK_OkweloguE_EO107,0.7714285714285715,100.0
T250_OUTER_01,"Dalian University of Technology, China",SEQUENCE_RIDGE_COMPOSITION_ONLY,1.0,R4_EDINBURGH_SGO_20210324_6pm_KostarelosK_OkweloguE_EO113,0.9428571428571428,100.0
T250_OUTER_01,"Dalian University of Technology, China",SEQUENCE_RIDGE_COMPOSITION_ONLY,1.0,R4_EDINBURGH_SGO_20210324_6pm_KostarelosK_OkweloguE_EO116,0.4,100.0
T250_OUTER_01,"Dalian University of Technology, China",SEQUENCE_RIDGE_COMPOSITION_ONLY,1.0,R4_EDINBURGH_SGO_20210324_6pm_KostarelosK_OkweloguE_EO12,0.8,100.0
T250_OUTER_01,"Dalian University of Technology, China",SEQUENCE_RIDGE_COMPOSITION_ONLY,1.0,R4_EDINBURGH_SGO_20210324_6pm_KostarelosK_OkweloguE_EO16,0.9,100.0
T250_OUTER_01,"Dalian University of Technology, China",SEQUENCE_RIDGE_COMPOSITION_ONLY,1.0,R4_EDINBURGH_SGO_20210324_6pm_KostarelosK_OkweloguE_EO21,0.37142857142857144,100.0
T250_OUTER_01,"Dalian University of Technology, China",SEQUENCE_RIDGE_COMPOSITION_ONLY,1.0,R4_EDINBURGH_SGO_20210324_6pm_KostarelosK_OkweloguE_EO24,0.9428571428571428,100.0
T250_OUTER_01,"Dalian University of Technology, China",SEQUENCE_RIDGE_COMPOSITION_ONLY,1.0,R4_EDINBURGH_SGO_20210324_6pm_KostarelosK_OkweloguE_EO31,0.7142857142857143,100.0
T250_OUTER_01,"Dalian University of Technology, China",SEQUENCE_RIDGE_COMPOSITION_ONLY,1.0,R4_EDINBURGH_SGO_20210324_6pm_KostarelosK_OkweloguE_EO34,0.14285714285714285,100.0
T250_OUTER_01,"Dalian University of Technology, China",SEQUENCE_RIDGE_COMPOSITION_ONLY,1.0,R4_EDINBURGH_SGO_20210324_6pm_KostarelosK_OkweloguE_EO4,0.8857142857142857,100.0
T250_OUTER_01,"Dalian University of Technology, China",SEQUENCE_RIDGE_COMPOSITION_ONLY,1.0,R4_EDINBURGH_SGO_20210324_6pm_KostarelosK_OkweloguE_EO43,0.6,100.0
T250_OUTER_01,"Dalian University of Technology, China",SEQUENCE_RIDGE_COMPOSITION_ONLY,1.0,R4_EDINBURGH_SGO_20210324_6pm_KostarelosK_OkweloguE_EO52,0.7714285714285715,100.0
T250_OUTER_01,"Dalian University of Technology, China",SEQUENCE_RIDGE_COMPOSITION_ONLY,1.0,R4_EDINBURGH_SGO_20210324_6pm_KostarelosK_OkweloguE_EO64,0.8857142857142857,100.0
T250_OUTER_01,"Dalian University of Technology, China",SEQUENCE_RIDGE_COMPOSITION_ONLY,1.0,R4_EDINBURGH_SGO_20210324_6pm_KostarelosK_OkweloguE_EO66,0.8285714285714286,100.0
T250_OUTER_01,"Dalian University of Technology, China",SEQUENCE_RIDGE_COMPOSITION_ONLY,1.0,R4_EDINBURGH_SGO_20210324_6pm_KostarelosK_OkweloguE_EO73,0.9428571428571428,100.0
T250_OUTER_01,"Dalian University of Technology, China",SEQUENCE_RIDGE_COMPOSITION_ONLY,1.0,R4_EDINBURGH_SGO_20210324_6pm_KostarelosK_OkweloguE_EO83,0.9428571428571428,100.0
T250_OUTER_01,"Dalian University of Technology, China",SEQUENCE_RIDGE_COMPOSITION_ONLY,1.0,R4_EDINBURGH_SGO_20210324_6pm_KostarelosK_OkweloguE_EO88,0.3,100.0
T250_OUTER_01,"Dalian University of Technology, China",SEQUENCE_RIDGE_COMPOSITION_ONLY,1.0,R4_EDINBURGH_SGO_20210324_6pm_KostarelosK_OkweloguE_EO94,0.8285714285714286,100.0
T250_OUTER_01,"Dalian University of Technology, China",SEQUENCE_RIDGE_COMPOSITION_ONLY,1.0,R4_EDINBURGH_SGO_20210324_6pm_KostarelosK_OkweloguE_EO96,0.9428571428571428,100.0
T250_OUTER_01,"Dalian University of Technology, China",SEQUENCE_RIDGE_COMPOSITION_ONLY,1.0,R4_EDINBURGH_SGO_20210324_6pm_KostarelosK_OkweloguE_EO97,0.8285714285714286,100.0
T250_OUTER_01,"Dalian University of Technology, China",SEQUENCE_RIDGE_COMPOSITION_ONLY,1.0,R4_EDINBURGH_USGO_20210324_6pm_KostarelosK_OkweloguE_EO106,0.7142857142857143,100.0
T250_OUTER_01,"Dalian University of Technology, China",SEQUENCE_RIDGE_COMPOSITION_ONLY,1.0,R4_EDINBURGH_USGO_20210324_6pm_KostarelosK_OkweloguE_EO11,0.75,100.0
T250_OUTER_01,"Dalian University of Technology, China",SEQUENCE_RIDGE_COMPOSITION_ONLY,1.0,R4_EDINBURGH_USGO_20210324_6pm_KostarelosK_OkweloguE_EO111,0.8928571428571429,100.0
T250_OUTER_01,"Dalian University of Technology, China",SEQUENCE_RIDGE_COMPOSITION_ONLY,1.0,R4_EDINBURGH_USGO_20210324_6pm_KostarelosK_OkweloguE_EO112,0.75,100.0
T250_OUTER_01,"Dalian University of Technology, China",SEQUENCE_RIDGE_COMPOSITION_ONLY,1.0,R4_EDINBURGH_USGO_20210324_6pm_KostarelosK_OkweloguE_EO115,0.8571428571428571,100.0
T250_OUTER_01,"Dalian University of Technology, China",SEQUENCE_RIDGE_COMPOSITION_ONLY,1.0,R4_EDINBURGH_USGO_20210324_6pm_KostarelosK_OkweloguE_EO120,0.8214285714285714,100.0
T250_OUTER_01,"Dalian University of Technology, China",SEQUENCE_RIDGE_COMPOSITION_ONLY,1.0,R4_EDINBURGH_USGO_20210324_6pm_KostarelosK_OkweloguE_EO121,0.5,100.0
T250_OUTER_01,"Dalian University of Technology, China",SEQUENCE_RIDGE_COMPOSITION_ONLY,1.0,R4_EDINBURGH_USGO_20210324_6pm_KostarelosK_OkweloguE_EO125,1.0,100.0
T250_OUTER_01,"Dalian University of Technology, China",SEQUENCE_RIDGE_COMPOSITION_ONLY,1.0,R4_EDINBURGH_USGO_20210324_6pm_KostarelosK_OkweloguE_EO126,0.75,100.0
T250_OUTER_01,"Dalian University of Technology, China",SEQUENCE_RIDGE_COMPOSITION_ONLY,1.0,R4_EDINBURGH_USGO_20210324_6pm_KostarelosK_OkweloguE_EO13,0.9428571428571428,100.0
T250_OUTER_01,"Dalian University of Technology, China",SEQUENCE_RIDGE_COMPOSITION_ONLY,1.0,R4_EDINBURGH_USGO_20210324_6pm_KostarelosK_OkweloguE_EO26,0.6,100.0
T250_OUTER_01,"Dalian University of Technology, China",SEQUENCE_RIDGE_COMPOSITION_ONLY,1.0,R4_EDINBURGH_USGO_20210324_6pm_KostarelosK_OkweloguE_EO36,0.9428571428571428,100.0
T250_OUTER_01,"Dalian University of Technology, China",SEQUENCE_RIDGE_COMPOSITION_ONLY,1.0,R4_EDINBURGH_USGO_20210324_6pm_KostarelosK_OkweloguE_EO40,0.9428571428571428,100.0
T250_OUTER_01,"Dalian University of Technology, China",SEQUENCE_RIDGE_COMPOSITION_ONLY,1.0,R4_EDINBURGH_USGO_20210324_6pm_KostarelosK_OkweloguE_EO42,0.8285714285714286,100.0
T250_OUTER_01,"Dalian University of Technology, China",SEQUENCE_RIDGE_COMPOSITION_ONLY,1.0,R4_EDINBURGH_USGO_20210324_6pm_KostarelosK_OkweloguE_EO44,0.7714285714285715,100.0
T250_OUTER_01,"Dalian University of Technology, China",SEQUENCE_RIDGE_COMPOSITION_ONLY,1.0,R4_EDINBURGH_USGO_20210324_6pm_KostarelosK_OkweloguE_EO5,0.8214285714285714,100.0
T250_OUTER_01,"Dalian University of Technology, China",SEQUENCE_RIDGE_COMPOSITION_ONLY,1.0,R4_EDINBURGH_USGO_20210324_6pm_KostarelosK_OkweloguE_EO50,0.6785714285714286,100.0
T250_OUTER_01,"Dalian University of Technology, China",SEQUENCE_RIDGE_COMPOSITION_ONLY,1.0,R4_EDINBURGH_USGO_20210324_6pm_KostarelosK_OkweloguE_EO53,0.5428571428571428,100.0
T250_OUTER_01,"Dalian University of Technology, China",SEQUENCE_RIDGE_COMPOSITION_ONLY,1.0,R4_EDINBURGH_USGO_20210324_6pm_KostarelosK_OkweloguE_EO60,0.8285714285714286,100.0
T250_OUTER_01,"Dalian University of Technology, China",SEQUENCE_RIDGE_COMPOSITION_ONLY,1.0,R4_EDINBURGH_USGO_20210324_6pm_KostarelosK_OkweloguE_EO62,0.21428571428571427,100.0
T250_OUTER_01,"Dalian University of Technology, China",SEQUENCE_RIDGE_COMPOSITION_ONLY,1.0,R4_EDINBURGH_USGO_20210324_6pm_KostarelosK_OkweloguE_EO69,0.7142857142857143,100.0
T250_OUTER_01,"Dalian University of Technology, China",SEQUENCE_RIDGE_COMPOSITION_ONLY,1.0,R4_EDINBURGH_USGO_20210324_6pm_KostarelosK_OkweloguE_EO76,0.32142857142857145,100.0
T250_OUTER_01,"Dalian University of Technology, China",SEQUENCE_RIDGE_COMPOSITION_ONLY,1.0,R4_EDINBURGH_USGO_20210324_6pm_KostarelosK_OkweloguE_EO77,0.8857142857142857,100.0
T250_OUTER_01,"Dalian University of Technology, China",SEQUENCE_RIDGE_COMPOSITION_ONLY,1.0,R4_EDINBURGH_USGO_20210324_6pm_KostarelosK_OkweloguE_EO79,0.75,100.0
T250_OUTER_01,"Dalian University of Technology, China",SEQUENCE_RIDGE_COMPOSITION_ONLY,1.0,R4_EDINBURGH_USGO_20210324_6pm_KostarelosK_OkweloguE_EO86,0.8571428571428571,100.0
T250_OUTER_01,"Dalian University of Technology, China",SEQUENCE_RIDGE_COMPOSITION_ONLY,1.0,R4_EDINBURGH_USGO_20210324_6pm_KostarelosK_OkweloguE_EO87,0.8928571428571429,100.0
T250_OUTER_01,"Dalian University of Technology, China",SEQUENCE_RIDGE_COMPOSITION_ONLY,1.0,T_D1_133,0.5855400437691199,100.0
T250_OUTER_01,"Dalian University of Technology, China",SEQUENCE_RIDGE_COMPOSITION_ONLY,1.0,T_D1_138,0.8728715609439694,100.0
T250_OUTER_01,"Dalian University of Technology, China",SEQUENCE_RIDGE_COMPOSITION_ONLY,1.0,T_D1_165,0.7807200583588266,100.0
T250_OUTER_01,"Dalian University of Technology, China",SEQUENCE_RIDGE_COMPOSITION_ONLY,1.0,T_D1_173,0.9271050693011066,100.0
T250_OUTER_01,"Dalian University of Technology, China",SEQUENCE_RIDGE_COMPOSITION_ONLY,1.0,T_D1_186,0.7289182663923712,100.0
T250_OUTER_01,"Dalian University of Technology, China",SEQUENCE_RIDGE_COMPOSITION_ONLY,1.0,T_D3_119a,0.5992041255245028,100.0
T250_OUTER_01,"Dalian University of Technology, China",SEQUENCE_RIDGE_COMPOSITION_ONLY,1.0,T_D3_119b,0.5933055656682091,100.0
T250_OUTER_01,"Dalian University of Technology, China",SEQUENCE_RIDGE_COMPOSITION_ONLY,1.0,T_D3_155,0.5855400437691199,100.0
T250_OUTER_01,"Dalian University of Technology, China",SEQUENCE_RIDGE_COMPOSITION_ONLY,1.0,T_D3_178,0.7807200583588266,100.0
T250_OUTER_01,"Dalian University of Technology, China",SEQUENCE_RIDGE_COMPOSITION_ONLY,1.0,T_D3_198,0.5229975846277625,100.0
T250_OUTER_01,"Dalian University of Technology, China",SEQUENCE_RIDGE_COMPOSITION_ONLY,1.0,__MEAN__,0.7376471971035242,100.0
T250_OUTER_01,"Dalian University of Technology, China",SEQUENCE_RIDGE_COMPOSITION_ONLY,10.0,PMC6592156:PH:pH 4.9:Rep1,1.0,100.0
T250_OUTER_01,"Dalian University of Technology, China",SEQUENCE_RIDGE_COMPOSITION_ONLY,10.0,PMC6592156:PH:pH 4.9:Rep2,0.9428571428571428,100.0
T250_OUTER_01,"Dalian University of Technology, China",SEQUENCE_RIDGE_COMPOSITION_ONLY,10.0,PMC6592156:PH:pH 4.9:Rep3,0.6571428571428571,100.0
T250_OUTER_01,"Dalian University of Technology, China",SEQUENCE_RIDGE_COMPOSITION_ONLY,10.0,PMC6592156:PH:pH 6.1:Rep1,0.7714285714285715,100.0
T250_OUTER_01,"Dalian University of Technology, China",SEQUENCE_RIDGE_COMPOSITION_ONLY,10.0,PMC6592156:PH:pH 6.1:Rep2,0.75,100.0
T250_OUTER_01,"Dalian University of Technology, China",SEQUENCE_RIDGE_COMPOSITION_ONLY,10.0,PMC6592156:PH:pH 6.1:Rep3,0.9,100.0
T250_OUTER_01,"Dalian University of Technology, China",SEQUENCE_RIDGE_COMPOSITION_ONLY,10.0,PMC6592156:PH:pH 6.8:Rep1,0.9642857142857143,100.0
T250_OUTER_01,"Dalian University of Technology, China",SEQUENCE_RIDGE_COMPOSITION_ONLY,10.0,PMC6592156:PH:pH 6.8:Rep2,0.75,100.0
T250_OUTER_01,"Dalian University of Technology, China",SEQUENCE_RIDGE_COMPOSITION_ONLY,10.0,PMC6592156:PH:pH 6.8:Rep3,0.5357142857142857,100.0
T250_OUTER_01,"Dalian University of Technology, China",SEQUENCE_RIDGE_COMPOSITION_ONLY,10.0,PMC6592156:PH:pH 7.7:Rep1,0.8285714285714286,100.0
T250_OUTER_01,"Dalian University of Technology, China",SEQUENCE_RIDGE_COMPOSITION_ONLY,10.0,PMC6592156:PH:pH 7.7:Rep2,0.6785714285714286,100.0
T250_OUTER_01,"Dalian University of Technology, China",SEQUENCE_RIDGE_COMPOSITION_ONLY,10.0,PMC6592156:PH:pH 7.7:Rep3,0.6785714285714286,100.0
T250_OUTER_01,"Dalian University of Technology, China",SEQUENCE_RIDGE_COMPOSITION_ONLY,10.0,PMC6592156:PH:pH 8.9:Rep1,0.8928571428571429,100.0
T250_OUTER_01,"Dalian University of Technology, China",SEQUENCE_RIDGE_COMPOSITION_ONLY,10.0,PMC6592156:PH:pH 8.9:Rep2,0.9285714285714286,100.0
T250_OUTER_01,"Dalian University of Technology, China",SEQUENCE_RIDGE_COMPOSITION_ONLY,10.0,PMC6592156:PH:pH 8.9:Rep3,0.9642857142857143,100.0
T250_OUTER_01,"Dalian University of Technology, China",SEQUENCE_RIDGE_COMPOSITION_ONLY,10.0,PMC6592156:TEMPERATURE:17 °C:Rep1,0.6,100.0
T250_OUTER_01,"Dalian University of Technology, China",SEQUENCE_RIDGE_COMPOSITION_ONLY,10.0,PMC6592156:TEMPERATURE:17 °C:Rep2,0.4857142857142857,100.0
T250_OUTER_01,"Dalian University of Technology, China",SEQUENCE_RIDGE_COMPOSITION_ONLY,10.0,PMC6592156:TEMPERATURE:17 °C:Rep3,0.5,100.0
T250_OUTER_01,"Dalian University of Technology, China",SEQUENCE_RIDGE_COMPOSITION_ONLY,10.0,PMC6592156:TEMPERATURE:30 °C:Rep1,0.9428571428571428,100.0
T250_OUTER_01,"Dalian University of Technology, China",SEQUENCE_RIDGE_COMPOSITION_ONLY,10.0,PMC6592156:TEMPERATURE:30 °C:Rep2,0.5,100.0
T250_OUTER_01,"Dalian University of Technology, China",SEQUENCE_RIDGE_COMPOSITION_ONLY,10.0,PMC6592156:TEMPERATURE:30 °C:Rep3,0.8571428571428571,100.0
T250_OUTER_01,"Dalian University of Technology, China",SEQUENCE_RIDGE_COMPOSITION_ONLY,10.0,PMC6592156:TEMPERATURE:4 °C:Rep1,0.8214285714285714,100.0
T250_OUTER_01,"Dalian University of Technology, China",SEQUENCE_RIDGE_COMPOSITION_ONLY,10.0,PMC6592156:TEMPERATURE:4 °C:Rep2,0.8928571428571429,100.0
T250_OUTER_01,"Dalian University of Technology, China",SEQUENCE_RIDGE_COMPOSITION_ONLY,10.0,PMC6592156:TEMPERATURE:4 °C:Rep3,0.7142857142857143,100.0
T250_OUTER_01,"Dalian University of Technology, China",SEQUENCE_RIDGE_COMPOSITION_ONLY,10.0,PMC6592156:TEMPERATURE:41 °C:Rep1,0.75,100.0
T250_OUTER_01,"Dalian University of Technology, China",SEQUENCE_RIDGE_COMPOSITION_ONLY,10.0,PMC6592156:TEMPERATURE:41 °C:Rep2,0.75,100.0
T250_OUTER_01,"Dalian University of Technology, China",SEQUENCE_RIDGE_COMPOSITION_ONLY,10.0,PMC6592156:TEMPERATURE:41 °C:Rep3,0.75,100.0
T250_OUTER_01,"Dalian University of Technology, China",SEQUENCE_RIDGE_COMPOSITION_ONLY,10.0,PMC6592156:TEMPERATURE:47 °C:Rep1,0.8285714285714286,100.0
T250_OUTER_01,"Dalian University of Technology, China",SEQUENCE_RIDGE_COMPOSITION_ONLY,10.0,PMC6592156:TEMPERATURE:47 °C:Rep2,0.8928571428571429,100.0
T250_OUTER_01,"Dalian University of Technology, China",SEQUENCE_RIDGE_COMPOSITION_ONLY,10.0,PMC6592156:TEMPERATURE:47 °C:Rep3,0.8928571428571429,100.0
T250_OUTER_01,"Dalian University of Technology, China",SEQUENCE_RIDGE_COMPOSITION_ONLY,10.0,PT_D1_16,0.7637626158259733,100.0
T250_OUTER_01,"Dalian University of Technology, China",SEQUENCE_RIDGE_COMPOSITION_ONLY,10.0,PT_D1_18,0.5002164033860247,100.0
T250_OUTER_01,"Dalian University of Technology, China",SEQUENCE_RIDGE_COMPOSITION_ONLY,10.0,PT_D1_20,0.9856107606091623,100.0
T250_OUTER_01,"Dalian University of Technology, China",SEQUENCE_RIDGE_COMPOSITION_ONLY,10.0,PT_D1_23,0.579279061653149,100.0
T250_OUTER_01,"Dalian University of Technology, China",SEQUENCE_RIDGE_COMPOSITION_ONLY,10.0,PT_D1_33,0.7339758434175737,100.0
T250_OUTER_01,"Dalian University of Technology, China",SEQUENCE_RIDGE_COMPOSITION_ONLY,10.0,PT_D1_34,0.5855400437691199,100.0
T250_OUTER_01,"Dalian University of Technology, China",SEQUENCE_RIDGE_COMPOSITION_ONLY,10.0,PT_D1_48,0.48931722894504914,100.0
T250_OUTER_01,"Dalian University of Technology, China",SEQUENCE_RIDGE_COMPOSITION_ONLY,10.0,PT_D1_51,0.6780635036208105,100.0
T250_OUTER_01,"Dalian University of Technology, China",SEQUENCE_RIDGE_COMPOSITION_ONLY,10.0,PT_D1_73,0.5424508028966484,100.0
T250_OUTER_01,"Dalian University of Technology, China",SEQUENCE_RIDGE_COMPOSITION_ONLY,10.0,PT_D1_81,0.7807200583588266,100.0
T250_OUTER_01,"Dalian University of Technology, China",SEQUENCE_RIDGE_COMPOSITION_ONLY,10.0,PT_D3_06,0.6831300510639733,100.0
T250_OUTER_01,"Dalian University of Technology, China",SEQUENCE_RIDGE_COMPOSITION_ONLY,10.0,PT_D3_14,0.5855400437691199,100.0
T250_OUTER_01,"Dalian University of Technology, China",SEQUENCE_RIDGE_COMPOSITION_ONLY,10.0,PT_D3_22,0.5585812268712466,100.0
T250_OUTER_01,"Dalian University of Technology, China",SEQUENCE_RIDGE_COMPOSITION_ONLY,10.0,PT_D3_28,0.9856107606091623,100.0
T250_OUTER_01,"Dalian University of Technology, China",SEQUENCE_RIDGE_COMPOSITION_ONLY,10.0,PT_D3_30,0.6182840223353118,100.0
T250_OUTER_01,"Dalian University of Technology, China",SEQUENCE_RIDGE_COMPOSITION_ONLY,10.0,PT_D3_37,0.7319250547113999,100.0
T250_OUTER_01,"Dalian University of Technology, China",SEQUENCE_RIDGE_COMPOSITION_ONLY,10.0,PT_D3_41,0.5585812268712466,100.0
T250_OUTER_01,"Dalian University of Technology, China",SEQUENCE_RIDGE_COMPOSITION_ONLY,10.0,PT_D3_42,0.8295150620062532,100.0
T250_OUTER_01,"Dalian University of Technology, China",SEQUENCE_RIDGE_COMPOSITION_ONLY,10.0,PT_D3_85,0.47809144373375745,100.0
T250_OUTER_01,"Dalian University of Technology, China",SEQUENCE_RIDGE_COMPOSITION_ONLY,10.0,PT_D3_96,0.7807200583588266,100.0
T250_OUTER_01,"Dalian University of Technology, China",SEQUENCE_RIDGE_COMPOSITION_ONLY,10.0,R4_EDINBURGH_SGO_20210324_6pm_KostarelosK_OkweloguE_EO10,0.8857142857142857,100.0
T250_OUTER_01,"Dalian University of Technology, China",SEQUENCE_RIDGE_COMPOSITION_ONLY,10.0,R4_EDINBURGH_SGO_20210324_6pm_KostarelosK_OkweloguE_EO103,0.7714285714285715,100.0
T250_OUTER_01,"Dalian University of Technology, China",SEQUENCE_RIDGE_COMPOSITION_ONLY,10.0,R4_EDINBURGH_SGO_20210324_6pm_KostarelosK_OkweloguE_EO105,0.8285714285714286,100.0
T250_OUTER_01,"Dalian University of Technology, China",SEQUENCE_RIDGE_COMPOSITION_ONLY,10.0,R4_EDINBURGH_SGO_20210324_6pm_KostarelosK_OkweloguE_EO107,0.7714285714285715,100.0
T250_OUTER_01,"Dalian University of Technology, China",SEQUENCE_RIDGE_COMPOSITION_ONLY,10.0,R4_EDINBURGH_SGO_20210324_6pm_KostarelosK_OkweloguE_EO113,0.9428571428571428,100.0
T250_OUTER_01,"Dalian University of Technology, China",SEQUENCE_RIDGE_COMPOSITION_ONLY,10.0,R4_EDINBURGH_SGO_20210324_6pm_KostarelosK_OkweloguE_EO116,0.4,100.0
T250_OUTER_01,"Dalian University of Technology, China",SEQUENCE_RIDGE_COMPOSITION_ONLY,10.0,R4_EDINBURGH_SGO_20210324_6pm_KostarelosK_OkweloguE_EO12,0.8,100.0
T250_OUTER_01,"Dalian University of Technology, China",SEQUENCE_RIDGE_COMPOSITION_ONLY,10.0,R4_EDINBURGH_SGO_20210324_6pm_KostarelosK_OkweloguE_EO16,0.9,100.0
T250_OUTER_01,"Dalian University of Technology, China",SEQUENCE_RIDGE_COMPOSITION_ONLY,10.0,R4_EDINBURGH_SGO_20210324_6pm_KostarelosK_OkweloguE_EO21,0.37142857142857144,100.0
T250_OUTER_01,"Dalian University of Technology, China",SEQUENCE_RIDGE_COMPOSITION_ONLY,10.0,R4_EDINBURGH_SGO_20210324_6pm_KostarelosK_OkweloguE_EO24,0.9428571428571428,100.0
T250_OUTER_01,"Dalian University of Technology, China",SEQUENCE_RIDGE_COMPOSITION_ONLY,10.0,R4_EDINBURGH_SGO_20210324_6pm_KostarelosK_OkweloguE_EO31,0.7142857142857143,100.0
T250_OUTER_01,"Dalian University of Technology, China",SEQUENCE_RIDGE_COMPOSITION_ONLY,10.0,R4_EDINBURGH_SGO_20210324_6pm_KostarelosK_OkweloguE_EO34,0.14285714285714285,100.0
T250_OUTER_01,"Dalian University of Technology, China",SEQUENCE_RIDGE_COMPOSITION_ONLY,10.0,R4_EDINBURGH_SGO_20210324_6pm_KostarelosK_OkweloguE_EO4,0.8857142857142857,100.0
T250_OUTER_01,"Dalian University of Technology, China",SEQUENCE_RIDGE_COMPOSITION_ONLY,10.0,R4_EDINBURGH_SGO_20210324_6pm_KostarelosK_OkweloguE_EO43,0.6,100.0
T250_OUTER_01,"Dalian University of Technology, China",SEQUENCE_RIDGE_COMPOSITION_ONLY,10.0,R4_EDINBURGH_SGO_20210324_6pm_KostarelosK_OkweloguE_EO52,0.7714285714285715,100.0
T250_OUTER_01,"Dalian University of Technology, China",SEQUENCE_RIDGE_COMPOSITION_ONLY,10.0,R4_EDINBURGH_SGO_20210324_6pm_KostarelosK_OkweloguE_EO64,0.8857142857142857,100.0
T250_OUTER_01,"Dalian University of Technology, China",SEQUENCE_RIDGE_COMPOSITION_ONLY,10.0,R4_EDINBURGH_SGO_20210324_6pm_KostarelosK_OkweloguE_EO66,0.8285714285714286,100.0
T250_OUTER_01,"Dalian University of Technology, China",SEQUENCE_RIDGE_COMPOSITION_ONLY,10.0,R4_EDINBURGH_SGO_20210324_6pm_KostarelosK_OkweloguE_EO73,0.9428571428571428,100.0
T250_OUTER_01,"Dalian University of Technology, China",SEQUENCE_RIDGE_COMPOSITION_ONLY,10.0,R4_EDINBURGH_SGO_20210324_6pm_KostarelosK_OkweloguE_EO83,0.9428571428571428,100.0
T250_OUTER_01,"Dalian University of Technology, China",SEQUENCE_RIDGE_COMPOSITION_ONLY,10.0,R4_EDINBURGH_SGO_20210324_6pm_KostarelosK_OkweloguE_EO88,0.3,100.0
T250_OUTER_01,"Dalian University of Technology, China",SEQUENCE_RIDGE_COMPOSITION_ONLY,10.0,R4_EDINBURGH_SGO_20210324_6pm_KostarelosK_OkweloguE_EO94,0.8285714285714286,100.0
T250_OUTER_01,"Dalian University of Technology, China",SEQUENCE_RIDGE_COMPOSITION_ONLY,10.0,R4_EDINBURGH_SGO_20210324_6pm_KostarelosK_OkweloguE_EO96,0.9428571428571428,100.0
T250_OUTER_01,"Dalian University of Technology, China",SEQUENCE_RIDGE_COMPOSITION_ONLY,10.0,R4_EDINBURGH_SGO_20210324_6pm_KostarelosK_OkweloguE_EO97,0.8285714285714286,100.0
T250_OUTER_01,"Dalian University of Technology, China",SEQUENCE_RIDGE_COMPOSITION_ONLY,10.0,R4_EDINBURGH_USGO_20210324_6pm_KostarelosK_OkweloguE_EO106,0.7142857142857143,100.0
T250_OUTER_01,"Dalian University of Technology, China",SEQUENCE_RIDGE_COMPOSITION_ONLY,10.0,R4_EDINBURGH_USGO_20210324_6pm_KostarelosK_OkweloguE_EO11,0.75,100.0
T250_OUTER_01,"Dalian University of Technology, China",SEQUENCE_RIDGE_COMPOSITION_ONLY,10.0,R4_EDINBURGH_USGO_20210324_6pm_KostarelosK_OkweloguE_EO111,0.8928571428571429,100.0
T250_OUTER_01,"Dalian University of Technology, China",SEQUENCE_RIDGE_COMPOSITION_ONLY,10.0,R4_EDINBURGH_USGO_20210324_6pm_KostarelosK_OkweloguE_EO112,0.75,100.0
T250_OUTER_01,"Dalian University of Technology, China",SEQUENCE_RIDGE_COMPOSITION_ONLY,10.0,R4_EDINBURGH_USGO_20210324_6pm_KostarelosK_OkweloguE_EO115,0.8571428571428571,100.0
T250_OUTER_01,"Dalian University of Technology, China",SEQUENCE_RIDGE_COMPOSITION_ONLY,10.0,R4_EDINBURGH_USGO_20210324_6pm_KostarelosK_OkweloguE_EO120,0.8214285714285714,100.0
T250_OUTER_01,"Dalian University of Technology, China",SEQUENCE_RIDGE_COMPOSITION_ONLY,10.0,R4_EDINBURGH_USGO_20210324_6pm_KostarelosK_OkweloguE_EO121,0.5,100.0
T250_OUTER_01,"Dalian University of Technology, China",SEQUENCE_RIDGE_COMPOSITION_ONLY,10.0,R4_EDINBURGH_USGO_20210324_6pm_KostarelosK_OkweloguE_EO125,1.0,100.0
T250_OUTER_01,"Dalian University of Technology, China",SEQUENCE_RIDGE_COMPOSITION_ONLY,10.0,R4_EDINBURGH_USGO_20210324_6pm_KostarelosK_OkweloguE_EO126,0.75,100.0
T250_OUTER_01,"Dalian University of Technology, China",SEQUENCE_RIDGE_COMPOSITION_ONLY,10.0,R4_EDINBURGH_USGO_20210324_6pm_KostarelosK_OkweloguE_EO13,0.9428571428571428,100.0
T250_OUTER_01,"Dalian University of Technology, China",SEQUENCE_RIDGE_COMPOSITION_ONLY,10.0,R4_EDINBURGH_USGO_20210324_6pm_KostarelosK_OkweloguE_EO26,0.6,100.0
T250_OUTER_01,"Dalian University of Technology, China",SEQUENCE_RIDGE_COMPOSITION_ONLY,10.0,R4_EDINBURGH_USGO_20210324_6pm_KostarelosK_OkweloguE_EO36,0.9428571428571428,100.0
T250_OUTER_01,"Dalian University of Technology, China",SEQUENCE_RIDGE_COMPOSITION_ONLY,10.0,R4_EDINBURGH_USGO_20210324_6pm_KostarelosK_OkweloguE_EO40,0.9428571428571428,100.0
T250_OUTER_01,"Dalian University of Technology, China",SEQUENCE_RIDGE_COMPOSITION_ONLY,10.0,R4_EDINBURGH_USGO_20210324_6pm_KostarelosK_OkweloguE_EO42,0.8285714285714286,100.0
T250_OUTER_01,"Dalian University of Technology, China",SEQUENCE_RIDGE_COMPOSITION_ONLY,10.0,R4_EDINBURGH_USGO_20210324_6pm_KostarelosK_OkweloguE_EO44,0.7714285714285715,100.0
T250_OUTER_01,"Dalian University of Technology, China",SEQUENCE_RIDGE_COMPOSITION_ONLY,10.0,R4_EDINBURGH_USGO_20210324_6pm_KostarelosK_OkweloguE_EO5,0.8214285714285714,100.0
T250_OUTER_01,"Dalian University of Technology, China",SEQUENCE_RIDGE_COMPOSITION_ONLY,10.0,R4_EDINBURGH_USGO_20210324_6pm_KostarelosK_OkweloguE_EO50,0.6785714285714286,100.0
T250_OUTER_01,"Dalian University of Technology, China",SEQUENCE_RIDGE_COMPOSITION_ONLY,10.0,R4_EDINBURGH_USGO_20210324_6pm_KostarelosK_OkweloguE_EO53,0.5428571428571428,100.0
T250_OUTER_01,"Dalian University of Technology, China",SEQUENCE_RIDGE_COMPOSITION_ONLY,10.0,R4_EDINBURGH_USGO_20210324_6pm_KostarelosK_OkweloguE_EO60,0.8285714285714286,100.0
T250_OUTER_01,"Dalian University of Technology, China",SEQUENCE_RIDGE_COMPOSITION_ONLY,10.0,R4_EDINBURGH_USGO_20210324_6pm_KostarelosK_OkweloguE_EO62,0.21428571428571427,100.0
T250_OUTER_01,"Dalian University of Technology, China",SEQUENCE_RIDGE_COMPOSITION_ONLY,10.0,R4_EDINBURGH_USGO_20210324_6pm_KostarelosK_OkweloguE_EO69,0.7142857142857143,100.0
T250_OUTER_01,"Dalian University of Technology, China",SEQUENCE_RIDGE_COMPOSITION_ONLY,10.0,R4_EDINBURGH_USGO_20210324_6pm_KostarelosK_OkweloguE_EO76,0.32142857142857145,100.0
T250_OUTER_01,"Dalian University of Technology, China",SEQUENCE_RIDGE_COMPOSITION_ONLY,10.0,R4_EDINBURGH_USGO_20210324_6pm_KostarelosK_OkweloguE_EO77,0.8857142857142857,100.0
T250_OUTER_01,"Dalian University of Technology, China",SEQUENCE_RIDGE_COMPOSITION_ONLY,10.0,R4_EDINBURGH_USGO_20210324_6pm_KostarelosK_OkweloguE_EO79,0.75,100.0
T250_OUTER_01,"Dalian University of Technology, China",SEQUENCE_RIDGE_COMPOSITION_ONLY,10.0,R4_EDINBURGH_USGO_20210324_6pm_KostarelosK_OkweloguE_EO86,0.8571428571428571,100.0
T250_OUTER_01,"Dalian University of Technology, China",SEQUENCE_RIDGE_COMPOSITION_ONLY,10.0,R4_EDINBURGH_USGO_20210324_6pm_KostarelosK_OkweloguE_EO87,0.8928571428571429,100.0
T250_OUTER_01,"Dalian University of Technology, China",SEQUENCE_RIDGE_COMPOSITION_ONLY,10.0,T_D1_133,0.5855400437691199,100.0
T250_OUTER_01,"Dalian University of Technology, China",SEQUENCE_RIDGE_COMPOSITION_ONLY,10.0,T_D1_138,0.8829187134416477,100.0
T250_OUTER_01,"Dalian University of Technology, China",SEQUENCE_RIDGE_COMPOSITION_ONLY,10.0,T_D1_165,0.7807200583588266,100.0
T250_OUTER_01,"Dalian University of Technology, China",SEQUENCE_RIDGE_COMPOSITION_ONLY,10.0,T_D1_173,0.9271050693011066,100.0
T250_OUTER_01,"Dalian University of Technology, China",SEQUENCE_RIDGE_COMPOSITION_ONLY,10.0,T_D1_186,0.7289182663923712,100.0
T250_OUTER_01,"Dalian University of Technology, China",SEQUENCE_RIDGE_COMPOSITION_ONLY,10.0,T_D3_119a,0.5933055656682091,100.0
T250_OUTER_01,"Dalian University of Technology, China",SEQUENCE_RIDGE_COMPOSITION_ONLY,10.0,T_D3_119b,0.5933055656682091,100.0
T250_OUTER_01,"Dalian University of Technology, China",SEQUENCE_RIDGE_COMPOSITION_ONLY,10.0,T_D3_155,0.5855400437691199,100.0
T250_OUTER_01,"Dalian University of Technology, China",SEQUENCE_RIDGE_COMPOSITION_ONLY,10.0,T_D3_178,0.7807200583588266,100.0
T250_OUTER_01,"Dalian University of Technology, China",SEQUENCE_RIDGE_COMPOSITION_ONLY,10.0,T_D3_198,0.57953786404698,100.0
T250_OUTER_01,"Dalian University of Technology, China",SEQUENCE_RIDGE_COMPOSITION_ONLY,10.0,__MEAN__,0.7404399549817946,100.0
T250_OUTER_01,"Dalian University of Technology, China",SEQUENCE_RIDGE_COMPOSITION_ONLY,100.0,PMC6592156:PH:pH 4.9:Rep1,1.0,100.0
T250_OUTER_01,"Dalian University of Technology, China",SEQUENCE_RIDGE_COMPOSITION_ONLY,100.0,PMC6592156:PH:pH 4.9:Rep2,0.9428571428571428,100.0
T250_OUTER_01,"Dalian University of Technology, China",SEQUENCE_RIDGE_COMPOSITION_ONLY,100.0,PMC6592156:PH:pH 4.9:Rep3,0.8285714285714286,100.0
T250_OUTER_01,"Dalian University of Technology, China",SEQUENCE_RIDGE_COMPOSITION_ONLY,100.0,PMC6592156:PH:pH 6.1:Rep1,0.7714285714285715,100.0
T250_OUTER_01,"Dalian University of Technology, China",SEQUENCE_RIDGE_COMPOSITION_ONLY,100.0,PMC6592156:PH:pH 6.1:Rep2,0.8214285714285714,100.0
T250_OUTER_01,"Dalian University of Technology, China",SEQUENCE_RIDGE_COMPOSITION_ONLY,100.0,PMC6592156:PH:pH 6.1:Rep3,0.9,100.0
T250_OUTER_01,"Dalian University of Technology, China",SEQUENCE_RIDGE_COMPOSITION_ONLY,100.0,PMC6592156:PH:pH 6.8:Rep1,0.9642857142857143,100.0
T250_OUTER_01,"Dalian University of Technology, China",SEQUENCE_RIDGE_COMPOSITION_ONLY,100.0,PMC6592156:PH:pH 6.8:Rep2,0.8214285714285714,100.0
T250_OUTER_01,"Dalian University of Technology, China",SEQUENCE_RIDGE_COMPOSITION_ONLY,100.0,PMC6592156:PH:pH 6.8:Rep3,0.6785714285714286,100.0
T250_OUTER_01,"Dalian University of Technology, China",SEQUENCE_RIDGE_COMPOSITION_ONLY,100.0,PMC6592156:PH:pH 7.7:Rep1,0.9428571428571428,100.0
T250_OUTER_01,"Dalian University of Technology, China",SEQUENCE_RIDGE_COMPOSITION_ONLY,100.0,PMC6592156:PH:pH 7.7:Rep2,0.7857142857142857,100.0
T250_OUTER_01,"Dalian University of Technology, China",SEQUENCE_RIDGE_COMPOSITION_ONLY,100.0,PMC6592156:PH:pH 7.7:Rep3,0.7857142857142857,100.0
T250_OUTER_01,"Dalian University of Technology, China",SEQUENCE_RIDGE_COMPOSITION_ONLY,100.0,PMC6592156:PH:pH 8.9:Rep1,0.8928571428571429,100.0
T250_OUTER_01,"Dalian University of Technology, China",SEQUENCE_RIDGE_COMPOSITION_ONLY,100.0,PMC6592156:PH:pH 8.9:Rep2,0.9285714285714286,100.0
T250_OUTER_01,"Dalian University of Technology, China",SEQUENCE_RIDGE_COMPOSITION_ONLY,100.0,PMC6592156:PH:pH 8.9:Rep3,0.9642857142857143,100.0
T250_OUTER_01,"Dalian University of Technology, China",SEQUENCE_RIDGE_COMPOSITION_ONLY,100.0,PMC6592156:TEMPERATURE:17 °C:Rep1,0.7714285714285715,100.0
T250_OUTER_01,"Dalian University of Technology, China",SEQUENCE_RIDGE_COMPOSITION_ONLY,100.0,PMC6592156:TEMPERATURE:17 °C:Rep2,0.7142857142857143,100.0
T250_OUTER_01,"Dalian University of Technology, China",SEQUENCE_RIDGE_COMPOSITION_ONLY,100.0,PMC6592156:TEMPERATURE:17 °C:Rep3,0.8,100.0
T250_OUTER_01,"Dalian University of Technology, China",SEQUENCE_RIDGE_COMPOSITION_ONLY,100.0,PMC6592156:TEMPERATURE:30 °C:Rep1,0.9428571428571428,100.0
T250_OUTER_01,"Dalian University of Technology, China",SEQUENCE_RIDGE_COMPOSITION_ONLY,100.0,PMC6592156:TEMPERATURE:30 °C:Rep2,0.8,100.0
T250_OUTER_01,"Dalian University of Technology, China",SEQUENCE_RIDGE_COMPOSITION_ONLY,100.0,PMC6592156:TEMPERATURE:30 °C:Rep3,0.8571428571428571,100.0
T250_OUTER_01,"Dalian University of Technology, China",SEQUENCE_RIDGE_COMPOSITION_ONLY,100.0,PMC6592156:TEMPERATURE:4 °C:Rep1,0.8928571428571429,100.0
T250_OUTER_01,"Dalian University of Technology, China",SEQUENCE_RIDGE_COMPOSITION_ONLY,100.0,PMC6592156:TEMPERATURE:4 °C:Rep2,0.8928571428571429,100.0
T250_OUTER_01,"Dalian University of Technology, China",SEQUENCE_RIDGE_COMPOSITION_ONLY,100.0,PMC6592156:TEMPERATURE:4 °C:Rep3,0.8285714285714286,100.0
T250_OUTER_01,"Dalian University of Technology, China",SEQUENCE_RIDGE_COMPOSITION_ONLY,100.0,PMC6592156:TEMPERATURE:41 °C:Rep1,0.8571428571428571,100.0
T250_OUTER_01,"Dalian University of Technology, China",SEQUENCE_RIDGE_COMPOSITION_ONLY,100.0,PMC6592156:TEMPERATURE:41 °C:Rep2,0.8571428571428571,100.0
T250_OUTER_01,"Dalian University of Technology, China",SEQUENCE_RIDGE_COMPOSITION_ONLY,100.0,PMC6592156:TEMPERATURE:41 °C:Rep3,0.8571428571428571,100.0
T250_OUTER_01,"Dalian University of Technology, China",SEQUENCE_RIDGE_COMPOSITION_ONLY,100.0,PMC6592156:TEMPERATURE:47 °C:Rep1,0.8285714285714286,100.0
T250_OUTER_01,"Dalian University of Technology, China",SEQUENCE_RIDGE_COMPOSITION_ONLY,100.0,PMC6592156:TEMPERATURE:47 °C:Rep2,0.8928571428571429,100.0
T250_OUTER_01,"Dalian University of Technology, China",SEQUENCE_RIDGE_COMPOSITION_ONLY,100.0,PMC6592156:TEMPERATURE:47 °C:Rep3,0.8928571428571429,100.0
T250_OUTER_01,"Dalian University of Technology, China",SEQUENCE_RIDGE_COMPOSITION_ONLY,100.0,PT_D1_16,0.7637626158259733,100.0
T250_OUTER_01,"Dalian University of Technology, China",SEQUENCE_RIDGE_COMPOSITION_ONLY,100.0,PT_D1_18,0.46381682852195877,100.0
T250_OUTER_01,"Dalian University of Technology, China",SEQUENCE_RIDGE_COMPOSITION_ONLY,100.0,PT_D1_20,0.9276336570439175,100.0
T250_OUTER_01,"Dalian University of Technology, China",SEQUENCE_RIDGE_COMPOSITION_ONLY,100.0,PT_D1_23,0.6361123976285639,100.0
T250_OUTER_01,"Dalian University of Technology, China",SEQUENCE_RIDGE_COMPOSITION_ONLY,100.0,PT_D1_33,0.7439162686493072,100.0
T250_OUTER_01,"Dalian University of Technology, China",SEQUENCE_RIDGE_COMPOSITION_ONLY,100.0,PT_D1_34,0.5855400437691199,100.0
T250_OUTER_01,"Dalian University of Technology, China",SEQUENCE_RIDGE_COMPOSITION_ONLY,100.0,PT_D1_48,0.49696992650327754,100.0
T250_OUTER_01,"Dalian University of Technology, China",SEQUENCE_RIDGE_COMPOSITION_ONLY,100.0,PT_D1_51,0.801751998941236,100.0
T250_OUTER_01,"Dalian University of Technology, China",SEQUENCE_RIDGE_COMPOSITION_ONLY,100.0,PT_D1_73,0.5424508028966484,100.0
T250_OUTER_01,"Dalian University of Technology, China",SEQUENCE_RIDGE_COMPOSITION_ONLY,100.0,PT_D1_81,0.7807200583588266,100.0
T250_OUTER_01,"Dalian University of Technology, China",SEQUENCE_RIDGE_COMPOSITION_ONLY,100.0,PT_D3_06,0.6831300510639733,100.0
T250_OUTER_01,"Dalian University of Technology, China",SEQUENCE_RIDGE_COMPOSITION_ONLY,100.0,PT_D3_14,0.5855400437691199,100.0
T250_OUTER_01,"Dalian University of Technology, China",SEQUENCE_RIDGE_COMPOSITION_ONLY,100.0,PT_D3_22,0.5946187253790689,100.0
T250_OUTER_01,"Dalian University of Technology, China",SEQUENCE_RIDGE_COMPOSITION_ONLY,100.0,PT_D3_28,0.9856107606091623,100.0
T250_OUTER_01,"Dalian University of Technology, China",SEQUENCE_RIDGE_COMPOSITION_ONLY,100.0,PT_D3_30,0.6182840223353118,100.0
T250_OUTER_01,"Dalian University of Technology, China",SEQUENCE_RIDGE_COMPOSITION_ONLY,100.0,PT_D3_37,0.7319250547113999,100.0
T250_OUTER_01,"Dalian University of Technology, China",SEQUENCE_RIDGE_COMPOSITION_ONLY,100.0,PT_D3_41,0.5819143739626463,100.0
T250_OUTER_01,"Dalian University of Technology, China",SEQUENCE_RIDGE_COMPOSITION_ONLY,100.0,PT_D3_42,0.8295150620062532,100.0
T250_OUTER_01,"Dalian University of Technology, China",SEQUENCE_RIDGE_COMPOSITION_ONLY,100.0,PT_D3_85,0.47809144373375745,100.0
T250_OUTER_01,"Dalian University of Technology, China",SEQUENCE_RIDGE_COMPOSITION_ONLY,100.0,PT_D3_96,0.7807200583588266,100.0
T250_OUTER_01,"Dalian University of Technology, China",SEQUENCE_RIDGE_COMPOSITION_ONLY,100.0,R4_EDINBURGH_SGO_20210324_6pm_KostarelosK_OkweloguE_EO10,0.8857142857142857,100.0
T250_OUTER_01,"Dalian University of Technology, China",SEQUENCE_RIDGE_COMPOSITION_ONLY,100.0,R4_EDINBURGH_SGO_20210324_6pm_KostarelosK_OkweloguE_EO103,0.7714285714285715,100.0
T250_OUTER_01,"Dalian University of Technology, China",SEQUENCE_RIDGE_COMPOSITION_ONLY,100.0,R4_EDINBURGH_SGO_20210324_6pm_KostarelosK_OkweloguE_EO105,0.8285714285714286,100.0
T250_OUTER_01,"Dalian University of Technology, China",SEQUENCE_RIDGE_COMPOSITION_ONLY,100.0,R4_EDINBURGH_SGO_20210324_6pm_KostarelosK_OkweloguE_EO107,0.7714285714285715,100.0
T250_OUTER_01,"Dalian University of Technology, China",SEQUENCE_RIDGE_COMPOSITION_ONLY,100.0,R4_EDINBURGH_SGO_20210324_6pm_KostarelosK_OkweloguE_EO113,0.9428571428571428,100.0
T250_OUTER_01,"Dalian University of Technology, China",SEQUENCE_RIDGE_COMPOSITION_ONLY,100.0,R4_EDINBURGH_SGO_20210324_6pm_KostarelosK_OkweloguE_EO116,0.4,100.0
T250_OUTER_01,"Dalian University of Technology, China",SEQUENCE_RIDGE_COMPOSITION_ONLY,100.0,R4_EDINBURGH_SGO_20210324_6pm_KostarelosK_OkweloguE_EO12,0.8,100.0
T250_OUTER_01,"Dalian University of Technology, China",SEQUENCE_RIDGE_COMPOSITION_ONLY,100.0,R4_EDINBURGH_SGO_20210324_6pm_KostarelosK_OkweloguE_EO16,0.9,100.0
T250_OUTER_01,"Dalian University of Technology, China",SEQUENCE_RIDGE_COMPOSITION_ONLY,100.0,R4_EDINBURGH_SGO_20210324_6pm_KostarelosK_OkweloguE_EO21,0.37142857142857144,100.0
T250_OUTER_01,"Dalian University of Technology, China",SEQUENCE_RIDGE_COMPOSITION_ONLY,100.0,R4_EDINBURGH_SGO_20210324_6pm_KostarelosK_OkweloguE_EO24,0.9428571428571428,100.0
T250_OUTER_01,"Dalian University of Technology, China",SEQUENCE_RIDGE_COMPOSITION_ONLY,100.0,R4_EDINBURGH_SGO_20210324_6pm_KostarelosK_OkweloguE_EO31,0.7142857142857143,100.0
T250_OUTER_01,"Dalian University of Technology, China",SEQUENCE_RIDGE_COMPOSITION_ONLY,100.0,R4_EDINBURGH_SGO_20210324_6pm_KostarelosK_OkweloguE_EO34,0.14285714285714285,100.0
T250_OUTER_01,"Dalian University of Technology, China",SEQUENCE_RIDGE_COMPOSITION_ONLY,100.0,R4_EDINBURGH_SGO_20210324_6pm_KostarelosK_OkweloguE_EO4,0.8857142857142857,100.0
T250_OUTER_01,"Dalian University of Technology, China",SEQUENCE_RIDGE_COMPOSITION_ONLY,100.0,R4_EDINBURGH_SGO_20210324_6pm_KostarelosK_OkweloguE_EO43,0.6,100.0
T250_OUTER_01,"Dalian University of Technology, China",SEQUENCE_RIDGE_COMPOSITION_ONLY,100.0,R4_EDINBURGH_SGO_20210324_6pm_KostarelosK_OkweloguE_EO52,0.7714285714285715,100.0
T250_OUTER_01,"Dalian University of Technology, China",SEQUENCE_RIDGE_COMPOSITION_ONLY,100.0,R4_EDINBURGH_SGO_20210324_6pm_KostarelosK_OkweloguE_EO64,0.8857142857142857,100.0
T250_OUTER_01,"Dalian University of Technology, China",SEQUENCE_RIDGE_COMPOSITION_ONLY,100.0,R4_EDINBURGH_SGO_20210324_6pm_KostarelosK_OkweloguE_EO66,0.8285714285714286,100.0
T250_OUTER_01,"Dalian University of Technology, China",SEQUENCE_RIDGE_COMPOSITION_ONLY,100.0,R4_EDINBURGH_SGO_20210324_6pm_KostarelosK_OkweloguE_EO73,0.9428571428571428,100.0
T250_OUTER_01,"Dalian University of Technology, China",SEQUENCE_RIDGE_COMPOSITION_ONLY,100.0,R4_EDINBURGH_SGO_20210324_6pm_KostarelosK_OkweloguE_EO83,0.9428571428571428,100.0
T250_OUTER_01,"Dalian University of Technology, China",SEQUENCE_RIDGE_COMPOSITION_ONLY,100.0,R4_EDINBURGH_SGO_20210324_6pm_KostarelosK_OkweloguE_EO88,0.3,100.0
T250_OUTER_01,"Dalian University of Technology, China",SEQUENCE_RIDGE_COMPOSITION_ONLY,100.0,R4_EDINBURGH_SGO_20210324_6pm_KostarelosK_OkweloguE_EO94,0.8285714285714286,100.0
T250_OUTER_01,"Dalian University of Technology, China",SEQUENCE_RIDGE_COMPOSITION_ONLY,100.0,R4_EDINBURGH_SGO_20210324_6pm_KostarelosK_OkweloguE_EO96,0.9428571428571428,100.0
T250_OUTER_01,"Dalian University of Technology, China",SEQUENCE_RIDGE_COMPOSITION_ONLY,100.0,R4_EDINBURGH_SGO_20210324_6pm_KostarelosK_OkweloguE_EO97,0.8285714285714286,100.0
T250_OUTER_01,"Dalian University of Technology, China",SEQUENCE_RIDGE_COMPOSITION_ONLY,100.0,R4_EDINBURGH_USGO_20210324_6pm_KostarelosK_OkweloguE_EO106,0.7142857142857143,100.0
T250_OUTER_01,"Dalian University of Technology, China",SEQUENCE_RIDGE_COMPOSITION_ONLY,100.0,R4_EDINBURGH_USGO_20210324_6pm_KostarelosK_OkweloguE_EO11,0.75,100.0
T250_OUTER_01,"Dalian University of Technology, China",SEQUENCE_RIDGE_COMPOSITION_ONLY,100.0,R4_EDINBURGH_USGO_20210324_6pm_KostarelosK_OkweloguE_EO111,0.8928571428571429,100.0
T250_OUTER_01,"Dalian University of Technology, China",SEQUENCE_RIDGE_COMPOSITION_ONLY,100.0,R4_EDINBURGH_USGO_20210324_6pm_KostarelosK_OkweloguE_EO112,0.75,100.0
T250_OUTER_01,"Dalian University of Technology, China",SEQUENCE_RIDGE_COMPOSITION_ONLY,100.0,R4_EDINBURGH_USGO_20210324_6pm_KostarelosK_OkweloguE_EO115,0.8571428571428571,100.0
T250_OUTER_01,"Dalian University of Technology, China",SEQUENCE_RIDGE_COMPOSITION_ONLY,100.0,R4_EDINBURGH_USGO_20210324_6pm_KostarelosK_OkweloguE_EO120,0.8214285714285714,100.0
T250_OUTER_01,"Dalian University of Technology, China",SEQUENCE_RIDGE_COMPOSITION_ONLY,100.0,R4_EDINBURGH_USGO_20210324_6pm_KostarelosK_OkweloguE_EO121,0.5,100.0
T250_OUTER_01,"Dalian University of Technology, China",SEQUENCE_RIDGE_COMPOSITION_ONLY,100.0,R4_EDINBURGH_USGO_20210324_6pm_KostarelosK_OkweloguE_EO125,1.0,100.0
T250_OUTER_01,"Dalian University of Technology, China",SEQUENCE_RIDGE_COMPOSITION_ONLY,100.0,R4_EDINBURGH_USGO_20210324_6pm_KostarelosK_OkweloguE_EO126,0.75,100.0
T250_OUTER_01,"Dalian University of Technology, China",SEQUENCE_RIDGE_COMPOSITION_ONLY,100.0,R4_EDINBURGH_USGO_20210324_6pm_KostarelosK_OkweloguE_EO13,0.9428571428571428,100.0
T250_OUTER_01,"Dalian University of Technology, China",SEQUENCE_RIDGE_COMPOSITION_ONLY,100.0,R4_EDINBURGH_USGO_20210324_6pm_KostarelosK_OkweloguE_EO26,0.6,100.0
T250_OUTER_01,"Dalian University of Technology, China",SEQUENCE_RIDGE_COMPOSITION_ONLY,100.0,R4_EDINBURGH_USGO_20210324_6pm_KostarelosK_OkweloguE_EO36,0.9428571428571428,100.0
T250_OUTER_01,"Dalian University of Technology, China",SEQUENCE_RIDGE_COMPOSITION_ONLY,100.0,R4_EDINBURGH_USGO_20210324_6pm_KostarelosK_OkweloguE_EO40,0.9428571428571428,100.0
T250_OUTER_01,"Dalian University of Technology, China",SEQUENCE_RIDGE_COMPOSITION_ONLY,100.0,R4_EDINBURGH_USGO_20210324_6pm_KostarelosK_OkweloguE_EO42,0.8285714285714286,100.0
T250_OUTER_01,"Dalian University of Technology, China",SEQUENCE_RIDGE_COMPOSITION_ONLY,100.0,R4_EDINBURGH_USGO_20210324_6pm_KostarelosK_OkweloguE_EO44,0.7714285714285715,100.0
T250_OUTER_01,"Dalian University of Technology, China",SEQUENCE_RIDGE_COMPOSITION_ONLY,100.0,R4_EDINBURGH_USGO_20210324_6pm_KostarelosK_OkweloguE_EO5,0.8214285714285714,100.0
T250_OUTER_01,"Dalian University of Technology, China",SEQUENCE_RIDGE_COMPOSITION_ONLY,100.0,R4_EDINBURGH_USGO_20210324_6pm_KostarelosK_OkweloguE_EO50,0.6785714285714286,100.0
T250_OUTER_01,"Dalian University of Technology, China",SEQUENCE_RIDGE_COMPOSITION_ONLY,100.0,R4_EDINBURGH_USGO_20210324_6pm_KostarelosK_OkweloguE_EO53,0.5428571428571428,100.0
T250_OUTER_01,"Dalian University of Technology, China",SEQUENCE_RIDGE_COMPOSITION_ONLY,100.0,R4_EDINBURGH_USGO_20210324_6pm_KostarelosK_OkweloguE_EO60,0.8285714285714286,100.0
T250_OUTER_01,"Dalian University of Technology, China",SEQUENCE_RIDGE_COMPOSITION_ONLY,100.0,R4_EDINBURGH_USGO_20210324_6pm_KostarelosK_OkweloguE_EO62,0.21428571428571427,100.0
T250_OUTER_01,"Dalian University of Technology, China",SEQUENCE_RIDGE_COMPOSITION_ONLY,100.0,R4_EDINBURGH_USGO_20210324_6pm_KostarelosK_OkweloguE_EO69,0.7142857142857143,100.0
T250_OUTER_01,"Dalian University of Technology, China",SEQUENCE_RIDGE_COMPOSITION_ONLY,100.0,R4_EDINBURGH_USGO_20210324_6pm_KostarelosK_OkweloguE_EO76,0.32142857142857145,100.0
T250_OUTER_01,"Dalian University of Technology, China",SEQUENCE_RIDGE_COMPOSITION_ONLY,100.0,R4_EDINBURGH_USGO_20210324_6pm_KostarelosK_OkweloguE_EO77,0.8857142857142857,100.0
T250_OUTER_01,"Dalian University of Technology, China",SEQUENCE_RIDGE_COMPOSITION_ONLY,100.0,R4_EDINBURGH_USGO_20210324_6pm_KostarelosK_OkweloguE_EO79,0.75,100.0
T250_OUTER_01,"Dalian University of Technology, China",SEQUENCE_RIDGE_COMPOSITION_ONLY,100.0,R4_EDINBURGH_USGO_20210324_6pm_KostarelosK_OkweloguE_EO86,0.8571428571428571,100.0
T250_OUTER_01,"Dalian University of Technology, China",SEQUENCE_RIDGE_COMPOSITION_ONLY,100.0,R4_EDINBURGH_USGO_20210324_6pm_KostarelosK_OkweloguE_EO87,0.8928571428571429,100.0
T250_OUTER_01,"Dalian University of Technology, China",SEQUENCE_RIDGE_COMPOSITION_ONLY,100.0,T_D1_133,0.5855400437691199,100.0
T250_OUTER_01,"Dalian University of Technology, China",SEQUENCE_RIDGE_COMPOSITION_ONLY,100.0,T_D1_138,0.8728715609439694,100.0
T250_OUTER_01,"Dalian University of Technology, China",SEQUENCE_RIDGE_COMPOSITION_ONLY,100.0,T_D1_165,0.7807200583588266,100.0
T250_OUTER_01,"Dalian University of Technology, China",SEQUENCE_RIDGE_COMPOSITION_ONLY,100.0,T_D1_173,0.9271050693011066,100.0
T250_OUTER_01,"Dalian University of Technology, China",SEQUENCE_RIDGE_COMPOSITION_ONLY,100.0,T_D1_186,0.7289182663923712,100.0
T250_OUTER_01,"Dalian University of Technology, China",SEQUENCE_RIDGE_COMPOSITION_ONLY,100.0,T_D3_119a,0.5933055656682091,100.0
T250_OUTER_01,"Dalian University of Technology, China",SEQUENCE_RIDGE_COMPOSITION_ONLY,100.0,T_D3_119b,0.5933055656682091,100.0
T250_OUTER_01,"Dalian University of Technology, China",SEQUENCE_RIDGE_COMPOSITION_ONLY,100.0,T_D3_155,0.5855400437691199,100.0
T250_OUTER_01,"Dalian University of Technology, China",SEQUENCE_RIDGE_COMPOSITION_ONLY,100.0,T_D3_178,0.7807200583588266,100.0
T250_OUTER_01,"Dalian University of Technology, China",SEQUENCE_RIDGE_COMPOSITION_ONLY,100.0,T_D3_198,0.57953786404698,100.0
T250_OUTER_01,"Dalian University of Technology, China",SEQUENCE_RIDGE_COMPOSITION_ONLY,100.0,__MEAN__,0.7628795780241356,100.0
T250_OUTER_02,University College Dublin / Conway Institute,SEQUENCE_RIDGE_FULL,0.01,PMC6592156:PH:pH 4.9:Rep1,1.0,0.01
T250_OUTER_02,University College Dublin / Conway Institute,SEQUENCE_RIDGE_FULL,0.01,PMC6592156:PH:pH 4.9:Rep2,0.9428571428571428,0.01
T250_OUTER_02,University College Dublin / Conway Institute,SEQUENCE_RIDGE_FULL,0.01,PMC6592156:PH:pH 4.9:Rep3,0.8285714285714286,0.01
T250_OUTER_02,University College Dublin / Conway Institute,SEQUENCE_RIDGE_FULL,0.01,PMC6592156:PH:pH 6.1:Rep1,0.7714285714285715,0.01
T250_OUTER_02,University College Dublin / Conway Institute,SEQUENCE_RIDGE_FULL,0.01,PMC6592156:PH:pH 6.1:Rep2,0.8214285714285714,0.01
T250_OUTER_02,University College Dublin / Conway Institute,SEQUENCE_RIDGE_FULL,0.01,PMC6592156:PH:pH 6.1:Rep3,0.9,0.01
T250_OUTER_02,University College Dublin / Conway Institute,SEQUENCE_RIDGE_FULL,0.01,PMC6592156:PH:pH 6.8:Rep1,0.9642857142857143,0.01
T250_OUTER_02,University College Dublin / Conway Institute,SEQUENCE_RIDGE_FULL,0.01,PMC6592156:PH:pH 6.8:Rep2,0.8214285714285714,0.01
T250_OUTER_02,University College Dublin / Conway Institute,SEQUENCE_RIDGE_FULL,0.01,PMC6592156:PH:pH 6.8:Rep3,0.6785714285714286,0.01
T250_OUTER_02,University College Dublin / Conway Institute,SEQUENCE_RIDGE_FULL,0.01,PMC6592156:PH:pH 7.7:Rep1,0.9428571428571428,0.01
T250_OUTER_02,University College Dublin / Conway Institute,SEQUENCE_RIDGE_FULL,0.01,PMC6592156:PH:pH 7.7:Rep2,0.7857142857142857,0.01
T250_OUTER_02,University College Dublin / Conway Institute,SEQUENCE_RIDGE_FULL,0.01,PMC6592156:PH:pH 7.7:Rep3,0.7857142857142857,0.01
T250_OUTER_02,University College Dublin / Conway Institute,SEQUENCE_RIDGE_FULL,0.01,PMC6592156:PH:pH 8.9:Rep1,0.8928571428571429,0.01
T250_OUTER_02,University College Dublin / Conway Institute,SEQUENCE_RIDGE_FULL,0.01,PMC6592156:PH:pH 8.9:Rep2,0.9285714285714286,0.01
T250_OUTER_02,University College Dublin / Conway Institute,SEQUENCE_RIDGE_FULL,0.01,PMC6592156:PH:pH 8.9:Rep3,0.9642857142857143,0.01
T250_OUTER_02,University College Dublin / Conway Institute,SEQUENCE_RIDGE_FULL,0.01,PMC6592156:TEMPERATURE:17 °C:Rep1,0.7714285714285715,0.01
T250_OUTER_02,University College Dublin / Conway Institute,SEQUENCE_RIDGE_FULL,0.01,PMC6592156:TEMPERATURE:17 °C:Rep2,0.7142857142857143,0.01
T250_OUTER_02,University College Dublin / Conway Institute,SEQUENCE_RIDGE_FULL,0.01,PMC6592156:TEMPERATURE:17 °C:Rep3,0.8,0.01
T250_OUTER_02,University College Dublin / Conway Institute,SEQUENCE_RIDGE_FULL,0.01,PMC6592156:TEMPERATURE:30 °C:Rep1,0.9428571428571428,0.01
T250_OUTER_02,University College Dublin / Conway Institute,SEQUENCE_RIDGE_FULL,0.01,PMC6592156:TEMPERATURE:30 °C:Rep2,0.8,0.01
T250_OUTER_02,University College Dublin / Conway Institute,SEQUENCE_RIDGE_FULL,0.01,PMC6592156:TEMPERATURE:30 °C:Rep3,0.8571428571428571,0.01
T250_OUTER_02,University College Dublin / Conway Institute,SEQUENCE_RIDGE_FULL,0.01,PMC6592156:TEMPERATURE:4 °C:Rep1,0.8928571428571429,0.01
T250_OUTER_02,University College Dublin / Conway Institute,SEQUENCE_RIDGE_FULL,0.01,PMC6592156:TEMPERATURE:4 °C:Rep2,0.8928571428571429,0.01
T250_OUTER_02,University College Dublin / Conway Institute,SEQUENCE_RIDGE_FULL,0.01,PMC6592156:TEMPERATURE:4 °C:Rep3,0.8285714285714286,0.01
T250_OUTER_02,University College Dublin / Conway Institute,SEQUENCE_RIDGE_FULL,0.01,PMC6592156:TEMPERATURE:41 °C:Rep1,0.8571428571428571,0.01
T250_OUTER_02,University College Dublin / Conway Institute,SEQUENCE_RIDGE_FULL,0.01,PMC6592156:TEMPERATURE:41 °C:Rep2,0.8571428571428571,0.01
T250_OUTER_02,University College Dublin / Conway Institute,SEQUENCE_RIDGE_FULL,0.01,PMC6592156:TEMPERATURE:41 °C:Rep3,0.8571428571428571,0.01
T250_OUTER_02,University College Dublin / Conway Institute,SEQUENCE_RIDGE_FULL,0.01,PMC6592156:TEMPERATURE:47 °C:Rep1,0.8285714285714286,0.01
T250_OUTER_02,University College Dublin / Conway Institute,SEQUENCE_RIDGE_FULL,0.01,PMC6592156:TEMPERATURE:47 °C:Rep2,0.8928571428571429,0.01
T250_OUTER_02,University College Dublin / Conway Institute,SEQUENCE_RIDGE_FULL,0.01,PMC6592156:TEMPERATURE:47 °C:Rep3,0.8928571428571429,0.01
T250_OUTER_02,University College Dublin / Conway Institute,SEQUENCE_RIDGE_FULL,0.01,R4_EDINBURGH_SGO_20210324_6pm_KostarelosK_OkweloguE_EO10,0.8857142857142857,0.01
T250_OUTER_02,University College Dublin / Conway Institute,SEQUENCE_RIDGE_FULL,0.01,R4_EDINBURGH_SGO_20210324_6pm_KostarelosK_OkweloguE_EO103,0.7714285714285715,0.01
T250_OUTER_02,University College Dublin / Conway Institute,SEQUENCE_RIDGE_FULL,0.01,R4_EDINBURGH_SGO_20210324_6pm_KostarelosK_OkweloguE_EO105,0.8285714285714286,0.01
T250_OUTER_02,University College Dublin / Conway Institute,SEQUENCE_RIDGE_FULL,0.01,R4_EDINBURGH_SGO_20210324_6pm_KostarelosK_OkweloguE_EO107,0.7714285714285715,0.01
T250_OUTER_02,University College Dublin / Conway Institute,SEQUENCE_RIDGE_FULL,0.01,R4_EDINBURGH_SGO_20210324_6pm_KostarelosK_OkweloguE_EO113,0.9428571428571428,0.01
T250_OUTER_02,University College Dublin / Conway Institute,SEQUENCE_RIDGE_FULL,0.01,R4_EDINBURGH_SGO_20210324_6pm_KostarelosK_OkweloguE_EO116,0.4,0.01
T250_OUTER_02,University College Dublin / Conway Institute,SEQUENCE_RIDGE_FULL,0.01,R4_EDINBURGH_SGO_20210324_6pm_KostarelosK_OkweloguE_EO12,0.8,0.01
T250_OUTER_02,University College Dublin / Conway Institute,SEQUENCE_RIDGE_FULL,0.01,R4_EDINBURGH_SGO_20210324_6pm_KostarelosK_OkweloguE_EO16,0.9,0.01
T250_OUTER_02,University College Dublin / Conway Institute,SEQUENCE_RIDGE_FULL,0.01,R4_EDINBURGH_SGO_20210324_6pm_KostarelosK_OkweloguE_EO21,0.37142857142857144,0.01
T250_OUTER_02,University College Dublin / Conway Institute,SEQUENCE_RIDGE_FULL,0.01,R4_EDINBURGH_SGO_20210324_6pm_KostarelosK_OkweloguE_EO24,0.9428571428571428,0.01
T250_OUTER_02,University College Dublin / Conway Institute,SEQUENCE_RIDGE_FULL,0.01,R4_EDINBURGH_SGO_20210324_6pm_KostarelosK_OkweloguE_EO31,0.7142857142857143,0.01
T250_OUTER_02,University College Dublin / Conway Institute,SEQUENCE_RIDGE_FULL,0.01,R4_EDINBURGH_SGO_20210324_6pm_KostarelosK_OkweloguE_EO34,0.14285714285714285,0.01
T250_OUTER_02,University College Dublin / Conway Institute,SEQUENCE_RIDGE_FULL,0.01,R4_EDINBURGH_SGO_20210324_6pm_KostarelosK_OkweloguE_EO4,0.8857142857142857,0.01
T250_OUTER_02,University College Dublin / Conway Institute,SEQUENCE_RIDGE_FULL,0.01,R4_EDINBURGH_SGO_20210324_6pm_KostarelosK_OkweloguE_EO43,0.6,0.01
T250_OUTER_02,University College Dublin / Conway Institute,SEQUENCE_RIDGE_FULL,0.01,R4_EDINBURGH_SGO_20210324_6pm_KostarelosK_OkweloguE_EO52,0.7714285714285715,0.01
T250_OUTER_02,University College Dublin / Conway Institute,SEQUENCE_RIDGE_FULL,0.01,R4_EDINBURGH_SGO_20210324_6pm_KostarelosK_OkweloguE_EO64,0.8857142857142857,0.01
T250_OUTER_02,University College Dublin / Conway Institute,SEQUENCE_RIDGE_FULL,0.01,R4_EDINBURGH_SGO_20210324_6pm_KostarelosK_OkweloguE_EO66,0.8285714285714286,0.01
T250_OUTER_02,University College Dublin / Conway Institute,SEQUENCE_RIDGE_FULL,0.01,R4_EDINBURGH_SGO_20210324_6pm_KostarelosK_OkweloguE_EO73,0.9428571428571428,0.01
T250_OUTER_02,University College Dublin / Conway Institute,SEQUENCE_RIDGE_FULL,0.01,R4_EDINBURGH_SGO_20210324_6pm_KostarelosK_OkweloguE_EO83,0.9428571428571428,0.01
T250_OUTER_02,University College Dublin / Conway Institute,SEQUENCE_RIDGE_FULL,0.01,R4_EDINBURGH_SGO_20210324_6pm_KostarelosK_OkweloguE_EO88,0.3,0.01
T250_OUTER_02,University College Dublin / Conway Institute,SEQUENCE_RIDGE_FULL,0.01,R4_EDINBURGH_SGO_20210324_6pm_KostarelosK_OkweloguE_EO94,0.8285714285714286,0.01
T250_OUTER_02,University College Dublin / Conway Institute,SEQUENCE_RIDGE_FULL,0.01,R4_EDINBURGH_SGO_20210324_6pm_KostarelosK_OkweloguE_EO96,0.9428571428571428,0.01
T250_OUTER_02,University College Dublin / Conway Institute,SEQUENCE_RIDGE_FULL,0.01,R4_EDINBURGH_SGO_20210324_6pm_KostarelosK_OkweloguE_EO97,0.8285714285714286,0.01
T250_OUTER_02,University College Dublin / Conway Institute,SEQUENCE_RIDGE_FULL,0.01,R4_EDINBURGH_USGO_20210324_6pm_KostarelosK_OkweloguE_EO106,0.7142857142857143,0.01
T250_OUTER_02,University College Dublin / Conway Institute,SEQUENCE_RIDGE_FULL,0.01,R4_EDINBURGH_USGO_20210324_6pm_KostarelosK_OkweloguE_EO11,0.75,0.01
T250_OUTER_02,University College Dublin / Conway Institute,SEQUENCE_RIDGE_FULL,0.01,R4_EDINBURGH_USGO_20210324_6pm_KostarelosK_OkweloguE_EO111,0.8928571428571429,0.01
T250_OUTER_02,University College Dublin / Conway Institute,SEQUENCE_RIDGE_FULL,0.01,R4_EDINBURGH_USGO_20210324_6pm_KostarelosK_OkweloguE_EO112,0.75,0.01
T250_OUTER_02,University College Dublin / Conway Institute,SEQUENCE_RIDGE_FULL,0.01,R4_EDINBURGH_USGO_20210324_6pm_KostarelosK_OkweloguE_EO115,0.8571428571428571,0.01
T250_OUTER_02,University College Dublin / Conway Institute,SEQUENCE_RIDGE_FULL,0.01,R4_EDINBURGH_USGO_20210324_6pm_KostarelosK_OkweloguE_EO120,0.8214285714285714,0.01
T250_OUTER_02,University College Dublin / Conway Institute,SEQUENCE_RIDGE_FULL,0.01,R4_EDINBURGH_USGO_20210324_6pm_KostarelosK_OkweloguE_EO121,0.5,0.01
T250_OUTER_02,University College Dublin / Conway Institute,SEQUENCE_RIDGE_FULL,0.01,R4_EDINBURGH_USGO_20210324_6pm_KostarelosK_OkweloguE_EO125,1.0,0.01
T250_OUTER_02,University College Dublin / Conway Institute,SEQUENCE_RIDGE_FULL,0.01,R4_EDINBURGH_USGO_20210324_6pm_KostarelosK_OkweloguE_EO126,0.75,0.01
T250_OUTER_02,University College Dublin / Conway Institute,SEQUENCE_RIDGE_FULL,0.01,R4_EDINBURGH_USGO_20210324_6pm_KostarelosK_OkweloguE_EO13,0.9428571428571428,0.01
T250_OUTER_02,University College Dublin / Conway Institute,SEQUENCE_RIDGE_FULL,0.01,R4_EDINBURGH_USGO_20210324_6pm_KostarelosK_OkweloguE_EO26,0.6,0.01
T250_OUTER_02,University College Dublin / Conway Institute,SEQUENCE_RIDGE_FULL,0.01,R4_EDINBURGH_USGO_20210324_6pm_KostarelosK_OkweloguE_EO36,0.9428571428571428,0.01
T250_OUTER_02,University College Dublin / Conway Institute,SEQUENCE_RIDGE_FULL,0.01,R4_EDINBURGH_USGO_20210324_6pm_KostarelosK_OkweloguE_EO40,0.9428571428571428,0.01
T250_OUTER_02,University College Dublin / Conway Institute,SEQUENCE_RIDGE_FULL,0.01,R4_EDINBURGH_USGO_20210324_6pm_KostarelosK_OkweloguE_EO42,0.8285714285714286,0.01
T250_OUTER_02,University College Dublin / Conway Institute,SEQUENCE_RIDGE_FULL,0.01,R4_EDINBURGH_USGO_20210324_6pm_KostarelosK_OkweloguE_EO44,0.7714285714285715,0.01
T250_OUTER_02,University College Dublin / Conway Institute,SEQUENCE_RIDGE_FULL,0.01,R4_EDINBURGH_USGO_20210324_6pm_KostarelosK_OkweloguE_EO5,0.8214285714285714,0.01
T250_OUTER_02,University College Dublin / Conway Institute,SEQUENCE_RIDGE_FULL,0.01,R4_EDINBURGH_USGO_20210324_6pm_KostarelosK_OkweloguE_EO50,0.6785714285714286,0.01
T250_OUTER_02,University College Dublin / Conway Institute,SEQUENCE_RIDGE_FULL,0.01,R4_EDINBURGH_USGO_20210324_6pm_KostarelosK_OkweloguE_EO53,0.5428571428571428,0.01
T250_OUTER_02,University College Dublin / Conway Institute,SEQUENCE_RIDGE_FULL,0.01,R4_EDINBURGH_USGO_20210324_6pm_KostarelosK_OkweloguE_EO60,0.8285714285714286,0.01
T250_OUTER_02,University College Dublin / Conway Institute,SEQUENCE_RIDGE_FULL,0.01,R4_EDINBURGH_USGO_20210324_6pm_KostarelosK_OkweloguE_EO62,0.21428571428571427,0.01
T250_OUTER_02,University College Dublin / Conway Institute,SEQUENCE_RIDGE_FULL,0.01,R4_EDINBURGH_USGO_20210324_6pm_KostarelosK_OkweloguE_EO69,0.7142857142857143,0.01
T250_OUTER_02,University College Dublin / Conway Institute,SEQUENCE_RIDGE_FULL,0.01,R4_EDINBURGH_USGO_20210324_6pm_KostarelosK_OkweloguE_EO76,0.32142857142857145,0.01
T250_OUTER_02,University College Dublin / Conway Institute,SEQUENCE_RIDGE_FULL,0.01,R4_EDINBURGH_USGO_20210324_6pm_KostarelosK_OkweloguE_EO77,0.8857142857142857,0.01
T250_OUTER_02,University College Dublin / Conway Institute,SEQUENCE_RIDGE_FULL,0.01,R4_EDINBURGH_USGO_20210324_6pm_KostarelosK_OkweloguE_EO79,0.75,0.01
T250_OUTER_02,University College Dublin / Conway Institute,SEQUENCE_RIDGE_FULL,0.01,R4_EDINBURGH_USGO_20210324_6pm_KostarelosK_OkweloguE_EO86,0.8571428571428571,0.01
T250_OUTER_02,University College Dublin / Conway Institute,SEQUENCE_RIDGE_FULL,0.01,R4_EDINBURGH_USGO_20210324_6pm_KostarelosK_OkweloguE_EO87,0.8928571428571429,0.01
T250_OUTER_02,University College Dublin / Conway Institute,SEQUENCE_RIDGE_FULL,0.01,R4_PXD060795_F1,0.9642857142857143,0.01
T250_OUTER_02,University College Dublin / Conway Institute,SEQUENCE_RIDGE_FULL,0.01,R4_PXD060795_F2,0.9642857142857143,0.01
T250_OUTER_02,University College Dublin / Conway Institute,SEQUENCE_RIDGE_FULL,0.01,R4_PXD060795_F3,0.9642857142857143,0.01
T250_OUTER_02,University College Dublin / Conway Institute,SEQUENCE_RIDGE_FULL,0.01,R4_PXD060795_F7,0.8928571428571429,0.01
T250_OUTER_02,University College Dublin / Conway Institute,SEQUENCE_RIDGE_FULL,0.01,R4_PXD060795_F8,0.8857142857142857,0.01
T250_OUTER_02,University College Dublin / Conway Institute,SEQUENCE_RIDGE_FULL,0.01,R4_PXD060795_F9,0.8857142857142857,0.01
T250_OUTER_02,University College Dublin / Conway Institute,SEQUENCE_RIDGE_FULL,0.01,__MEAN__,0.8008403361344536,0.01
T250_OUTER_02,University College Dublin / Conway Institute,SEQUENCE_RIDGE_FULL,0.1,PMC6592156:PH:pH 4.9:Rep1,1.0,0.01
T250_OUTER_02,University College Dublin / Conway Institute,SEQUENCE_RIDGE_FULL,0.1,PMC6592156:PH:pH 4.9:Rep2,0.9428571428571428,0.01
T250_OUTER_02,University College Dublin / Conway Institute,SEQUENCE_RIDGE_FULL,0.1,PMC6592156:PH:pH 4.9:Rep3,0.8285714285714286,0.01
T250_OUTER_02,University College Dublin / Conway Institute,SEQUENCE_RIDGE_FULL,0.1,PMC6592156:PH:pH 6.1:Rep1,0.7714285714285715,0.01
T250_OUTER_02,University College Dublin / Conway Institute,SEQUENCE_RIDGE_FULL,0.1,PMC6592156:PH:pH 6.1:Rep2,0.8214285714285714,0.01
T250_OUTER_02,University College Dublin / Conway Institute,SEQUENCE_RIDGE_FULL,0.1,PMC6592156:PH:pH 6.1:Rep3,0.9,0.01
T250_OUTER_02,University College Dublin / Conway Institute,SEQUENCE_RIDGE_FULL,0.1,PMC6592156:PH:pH 6.8:Rep1,0.9642857142857143,0.01
T250_OUTER_02,University College Dublin / Conway Institute,SEQUENCE_RIDGE_FULL,0.1,PMC6592156:PH:pH 6.8:Rep2,0.8214285714285714,0.01
T250_OUTER_02,University College Dublin / Conway Institute,SEQUENCE_RIDGE_FULL,0.1,PMC6592156:PH:pH 6.8:Rep3,0.6785714285714286,0.01
T250_OUTER_02,University College Dublin / Conway Institute,SEQUENCE_RIDGE_FULL,0.1,PMC6592156:PH:pH 7.7:Rep1,0.9428571428571428,0.01
T250_OUTER_02,University College Dublin / Conway Institute,SEQUENCE_RIDGE_FULL,0.1,PMC6592156:PH:pH 7.7:Rep2,0.7857142857142857,0.01
T250_OUTER_02,University College Dublin / Conway Institute,SEQUENCE_RIDGE_FULL,0.1,PMC6592156:PH:pH 7.7:Rep3,0.7857142857142857,0.01
T250_OUTER_02,University College Dublin / Conway Institute,SEQUENCE_RIDGE_FULL,0.1,PMC6592156:PH:pH 8.9:Rep1,0.8928571428571429,0.01
T250_OUTER_02,University College Dublin / Conway Institute,SEQUENCE_RIDGE_FULL,0.1,PMC6592156:PH:pH 8.9:Rep2,0.9285714285714286,0.01
T250_OUTER_02,University College Dublin / Conway Institute,SEQUENCE_RIDGE_FULL,0.1,PMC6592156:PH:pH 8.9:Rep3,0.9642857142857143,0.01
T250_OUTER_02,University College Dublin / Conway Institute,SEQUENCE_RIDGE_FULL,0.1,PMC6592156:TEMPERATURE:17 °C:Rep1,0.7714285714285715,0.01
T250_OUTER_02,University College Dublin / Conway Institute,SEQUENCE_RIDGE_FULL,0.1,PMC6592156:TEMPERATURE:17 °C:Rep2,0.7142857142857143,0.01
T250_OUTER_02,University College Dublin / Conway Institute,SEQUENCE_RIDGE_FULL,0.1,PMC6592156:TEMPERATURE:17 °C:Rep3,0.8,0.01
T250_OUTER_02,University College Dublin / Conway Institute,SEQUENCE_RIDGE_FULL,0.1,PMC6592156:TEMPERATURE:30 °C:Rep1,0.9428571428571428,0.01
T250_OUTER_02,University College Dublin / Conway Institute,SEQUENCE_RIDGE_FULL,0.1,PMC6592156:TEMPERATURE:30 °C:Rep2,0.8,0.01
T250_OUTER_02,University College Dublin / Conway Institute,SEQUENCE_RIDGE_FULL,0.1,PMC6592156:TEMPERATURE:30 °C:Rep3,0.8571428571428571,0.01
T250_OUTER_02,University College Dublin / Conway Institute,SEQUENCE_RIDGE_FULL,0.1,PMC6592156:TEMPERATURE:4 °C:Rep1,0.8928571428571429,0.01
T250_OUTER_02,University College Dublin / Conway Institute,SEQUENCE_RIDGE_FULL,0.1,PMC6592156:TEMPERATURE:4 °C:Rep2,0.8928571428571429,0.01
T250_OUTER_02,University College Dublin / Conway Institute,SEQUENCE_RIDGE_FULL,0.1,PMC6592156:TEMPERATURE:4 °C:Rep3,0.8285714285714286,0.01
T250_OUTER_02,University College Dublin / Conway Institute,SEQUENCE_RIDGE_FULL,0.1,PMC6592156:TEMPERATURE:41 °C:Rep1,0.8571428571428571,0.01
T250_OUTER_02,University College Dublin / Conway Institute,SEQUENCE_RIDGE_FULL,0.1,PMC6592156:TEMPERATURE:41 °C:Rep2,0.8571428571428571,0.01
T250_OUTER_02,University College Dublin / Conway Institute,SEQUENCE_RIDGE_FULL,0.1,PMC6592156:TEMPERATURE:41 °C:Rep3,0.8571428571428571,0.01
T250_OUTER_02,University College Dublin / Conway Institute,SEQUENCE_RIDGE_FULL,0.1,PMC6592156:TEMPERATURE:47 °C:Rep1,0.8285714285714286,0.01
T250_OUTER_02,University College Dublin / Conway Institute,SEQUENCE_RIDGE_FULL,0.1,PMC6592156:TEMPERATURE:47 °C:Rep2,0.8928571428571429,0.01
T250_OUTER_02,University College Dublin / Conway Institute,SEQUENCE_RIDGE_FULL,0.1,PMC6592156:TEMPERATURE:47 °C:Rep3,0.8928571428571429,0.01
T250_OUTER_02,University College Dublin / Conway Institute,SEQUENCE_RIDGE_FULL,0.1,R4_EDINBURGH_SGO_20210324_6pm_KostarelosK_OkweloguE_EO10,0.8857142857142857,0.01
T250_OUTER_02,University College Dublin / Conway Institute,SEQUENCE_RIDGE_FULL,0.1,R4_EDINBURGH_SGO_20210324_6pm_KostarelosK_OkweloguE_EO103,0.7714285714285715,0.01
T250_OUTER_02,University College Dublin / Conway Institute,SEQUENCE_RIDGE_FULL,0.1,R4_EDINBURGH_SGO_20210324_6pm_KostarelosK_OkweloguE_EO105,0.8285714285714286,0.01
T250_OUTER_02,University College Dublin / Conway Institute,SEQUENCE_RIDGE_FULL,0.1,R4_EDINBURGH_SGO_20210324_6pm_KostarelosK_OkweloguE_EO107,0.7714285714285715,0.01
T250_OUTER_02,University College Dublin / Conway Institute,SEQUENCE_RIDGE_FULL,0.1,R4_EDINBURGH_SGO_20210324_6pm_KostarelosK_OkweloguE_EO113,0.9428571428571428,0.01
T250_OUTER_02,University College Dublin / Conway Institute,SEQUENCE_RIDGE_FULL,0.1,R4_EDINBURGH_SGO_20210324_6pm_KostarelosK_OkweloguE_EO116,0.4,0.01
T250_OUTER_02,University College Dublin / Conway Institute,SEQUENCE_RIDGE_FULL,0.1,R4_EDINBURGH_SGO_20210324_6pm_KostarelosK_OkweloguE_EO12,0.8,0.01
T250_OUTER_02,University College Dublin / Conway Institute,SEQUENCE_RIDGE_FULL,0.1,R4_EDINBURGH_SGO_20210324_6pm_KostarelosK_OkweloguE_EO16,0.9,0.01
T250_OUTER_02,University College Dublin / Conway Institute,SEQUENCE_RIDGE_FULL,0.1,R4_EDINBURGH_SGO_20210324_6pm_KostarelosK_OkweloguE_EO21,0.37142857142857144,0.01
T250_OUTER_02,University College Dublin / Conway Institute,SEQUENCE_RIDGE_FULL,0.1,R4_EDINBURGH_SGO_20210324_6pm_KostarelosK_OkweloguE_EO24,0.9428571428571428,0.01
T250_OUTER_02,University College Dublin / Conway Institute,SEQUENCE_RIDGE_FULL,0.1,R4_EDINBURGH_SGO_20210324_6pm_KostarelosK_OkweloguE_EO31,0.7142857142857143,0.01
T250_OUTER_02,University College Dublin / Conway Institute,SEQUENCE_RIDGE_FULL,0.1,R4_EDINBURGH_SGO_20210324_6pm_KostarelosK_OkweloguE_EO34,0.14285714285714285,0.01
T250_OUTER_02,University College Dublin / Conway Institute,SEQUENCE_RIDGE_FULL,0.1,R4_EDINBURGH_SGO_20210324_6pm_KostarelosK_OkweloguE_EO4,0.8857142857142857,0.01
T250_OUTER_02,University College Dublin / Conway Institute,SEQUENCE_RIDGE_FULL,0.1,R4_EDINBURGH_SGO_20210324_6pm_KostarelosK_OkweloguE_EO43,0.6,0.01
T250_OUTER_02,University College Dublin / Conway Institute,SEQUENCE_RIDGE_FULL,0.1,R4_EDINBURGH_SGO_20210324_6pm_KostarelosK_OkweloguE_EO52,0.7714285714285715,0.01
T250_OUTER_02,University College Dublin / Conway Institute,SEQUENCE_RIDGE_FULL,0.1,R4_EDINBURGH_SGO_20210324_6pm_KostarelosK_OkweloguE_EO64,0.8857142857142857,0.01
T250_OUTER_02,University College Dublin / Conway Institute,SEQUENCE_RIDGE_FULL,0.1,R4_EDINBURGH_SGO_20210324_6pm_KostarelosK_OkweloguE_EO66,0.8285714285714286,0.01
T250_OUTER_02,University College Dublin / Conway Institute,SEQUENCE_RIDGE_FULL,0.1,R4_EDINBURGH_SGO_20210324_6pm_KostarelosK_OkweloguE_EO73,0.9428571428571428,0.01
T250_OUTER_02,University College Dublin / Conway Institute,SEQUENCE_RIDGE_FULL,0.1,R4_EDINBURGH_SGO_20210324_6pm_KostarelosK_OkweloguE_EO83,0.9428571428571428,0.01
T250_OUTER_02,University College Dublin / Conway Institute,SEQUENCE_RIDGE_FULL,0.1,R4_EDINBURGH_SGO_20210324_6pm_KostarelosK_OkweloguE_EO88,0.3,0.01
T250_OUTER_02,University College Dublin / Conway Institute,SEQUENCE_RIDGE_FULL,0.1,R4_EDINBURGH_SGO_20210324_6pm_KostarelosK_OkweloguE_EO94,0.8285714285714286,0.01
T250_OUTER_02,University College Dublin / Conway Institute,SEQUENCE_RIDGE_FULL,0.1,R4_EDINBURGH_SGO_20210324_6pm_KostarelosK_OkweloguE_EO96,0.9428571428571428,0.01
T250_OUTER_02,University College Dublin / Conway Institute,SEQUENCE_RIDGE_FULL,0.1,R4_EDINBURGH_SGO_20210324_6pm_KostarelosK_OkweloguE_EO97,0.8285714285714286,0.01
T250_OUTER_02,University College Dublin / Conway Institute,SEQUENCE_RIDGE_FULL,0.1,R4_EDINBURGH_USGO_20210324_6pm_KostarelosK_OkweloguE_EO106,0.7142857142857143,0.01
T250_OUTER_02,University College Dublin / Conway Institute,SEQUENCE_RIDGE_FULL,0.1,R4_EDINBURGH_USGO_20210324_6pm_KostarelosK_OkweloguE_EO11,0.75,0.01
T250_OUTER_02,University College Dublin / Conway Institute,SEQUENCE_RIDGE_FULL,0.1,R4_EDINBURGH_USGO_20210324_6pm_KostarelosK_OkweloguE_EO111,0.8928571428571429,0.01
T250_OUTER_02,University College Dublin / Conway Institute,SEQUENCE_RIDGE_FULL,0.1,R4_EDINBURGH_USGO_20210324_6pm_KostarelosK_OkweloguE_EO112,0.75,0.01
T250_OUTER_02,University College Dublin / Conway Institute,SEQUENCE_RIDGE_FULL,0.1,R4_EDINBURGH_USGO_20210324_6pm_KostarelosK_OkweloguE_EO115,0.8571428571428571,0.01
T250_OUTER_02,University College Dublin / Conway Institute,SEQUENCE_RIDGE_FULL,0.1,R4_EDINBURGH_USGO_20210324_6pm_KostarelosK_OkweloguE_EO120,0.8214285714285714,0.01
T250_OUTER_02,University College Dublin / Conway Institute,SEQUENCE_RIDGE_FULL,0.1,R4_EDINBURGH_USGO_20210324_6pm_KostarelosK_OkweloguE_EO121,0.5,0.01
T250_OUTER_02,University College Dublin / Conway Institute,SEQUENCE_RIDGE_FULL,0.1,R4_EDINBURGH_USGO_20210324_6pm_KostarelosK_OkweloguE_EO125,1.0,0.01
T250_OUTER_02,University College Dublin / Conway Institute,SEQUENCE_RIDGE_FULL,0.1,R4_EDINBURGH_USGO_20210324_6pm_KostarelosK_OkweloguE_EO126,0.75,0.01
T250_OUTER_02,University College Dublin / Conway Institute,SEQUENCE_RIDGE_FULL,0.1,R4_EDINBURGH_USGO_20210324_6pm_KostarelosK_OkweloguE_EO13,0.9428571428571428,0.01
T250_OUTER_02,University College Dublin / Conway Institute,SEQUENCE_RIDGE_FULL,0.1,R4_EDINBURGH_USGO_20210324_6pm_KostarelosK_OkweloguE_EO26,0.6,0.01
T250_OUTER_02,University College Dublin / Conway Institute,SEQUENCE_RIDGE_FULL,0.1,R4_EDINBURGH_USGO_20210324_6pm_KostarelosK_OkweloguE_EO36,0.9428571428571428,0.01
T250_OUTER_02,University College Dublin / Conway Institute,SEQUENCE_RIDGE_FULL,0.1,R4_EDINBURGH_USGO_20210324_6pm_KostarelosK_OkweloguE_EO40,0.9428571428571428,0.01
T250_OUTER_02,University College Dublin / Conway Institute,SEQUENCE_RIDGE_FULL,0.1,R4_EDINBURGH_USGO_20210324_6pm_KostarelosK_OkweloguE_EO42,0.8285714285714286,0.01
T250_OUTER_02,University College Dublin / Conway Institute,SEQUENCE_RIDGE_FULL,0.1,R4_EDINBURGH_USGO_20210324_6pm_KostarelosK_OkweloguE_EO44,0.7714285714285715,0.01
T250_OUTER_02,University College Dublin / Conway Institute,SEQUENCE_RIDGE_FULL,0.1,R4_EDINBURGH_USGO_20210324_6pm_KostarelosK_OkweloguE_EO5,0.8214285714285714,0.01
T250_OUTER_02,University College Dublin / Conway Institute,SEQUENCE_RIDGE_FULL,0.1,R4_EDINBURGH_USGO_20210324_6pm_KostarelosK_OkweloguE_EO50,0.6785714285714286,0.01
T250_OUTER_02,University College Dublin / Conway Institute,SEQUENCE_RIDGE_FULL,0.1,R4_EDINBURGH_USGO_20210324_6pm_KostarelosK_OkweloguE_EO53,0.5428571428571428,0.01
T250_OUTER_02,University College Dublin / Conway Institute,SEQUENCE_RIDGE_FULL,0.1,R4_EDINBURGH_USGO_20210324_6pm_KostarelosK_OkweloguE_EO60,0.8285714285714286,0.01
T250_OUTER_02,University College Dublin / Conway Institute,SEQUENCE_RIDGE_FULL,0.1,R4_EDINBURGH_USGO_20210324_6pm_KostarelosK_OkweloguE_EO62,0.21428571428571427,0.01
T250_OUTER_02,University College Dublin / Conway Institute,SEQUENCE_RIDGE_FULL,0.1,R4_EDINBURGH_USGO_20210324_6pm_KostarelosK_OkweloguE_EO69,0.7142857142857143,0.01
T250_OUTER_02,University College Dublin / Conway Institute,SEQUENCE_RIDGE_FULL,0.1,R4_EDINBURGH_USGO_20210324_6pm_KostarelosK_OkweloguE_EO76,0.32142857142857145,0.01
T250_OUTER_02,University College Dublin / Conway Institute,SEQUENCE_RIDGE_FULL,0.1,R4_EDINBURGH_USGO_20210324_6pm_KostarelosK_OkweloguE_EO77,0.8857142857142857,0.01
T250_OUTER_02,University College Dublin / Conway Institute,SEQUENCE_RIDGE_FULL,0.1,R4_EDINBURGH_USGO_20210324_6pm_KostarelosK_OkweloguE_EO79,0.75,0.01
T250_OUTER_02,University College Dublin / Conway Institute,SEQUENCE_RIDGE_FULL,0.1,R4_EDINBURGH_USGO_20210324_6pm_KostarelosK_OkweloguE_EO86,0.8571428571428571,0.01
T250_OUTER_02,University College Dublin / Conway Institute,SEQUENCE_RIDGE_FULL,0.1,R4_EDINBURGH_USGO_20210324_6pm_KostarelosK_OkweloguE_EO87,0.8928571428571429,0.01
T250_OUTER_02,University College Dublin / Conway Institute,SEQUENCE_RIDGE_FULL,0.1,R4_PXD060795_F1,0.9642857142857143,0.01
T250_OUTER_02,University College Dublin / Conway Institute,SEQUENCE_RIDGE_FULL,0.1,R4_PXD060795_F2,0.9642857142857143,0.01
T250_OUTER_02,University College Dublin / Conway Institute,SEQUENCE_RIDGE_FULL,0.1,R4_PXD060795_F3,0.9642857142857143,0.01
T250_OUTER_02,University College Dublin / Conway Institute,SEQUENCE_RIDGE_FULL,0.1,R4_PXD060795_F7,0.8928571428571429,0.01
T250_OUTER_02,University College Dublin / Conway Institute,SEQUENCE_RIDGE_FULL,0.1,R4_PXD060795_F8,0.8857142857142857,0.01
T250_OUTER_02,University College Dublin / Conway Institute,SEQUENCE_RIDGE_FULL,0.1,R4_PXD060795_F9,0.8857142857142857,0.01
T250_OUTER_02,University College Dublin / Conway Institute,SEQUENCE_RIDGE_FULL,0.1,__MEAN__,0.8008403361344536,0.01
T250_OUTER_02,University College Dublin / Conway Institute,SEQUENCE_RIDGE_FULL,1.0,PMC6592156:PH:pH 4.9:Rep1,1.0,0.01
T250_OUTER_02,University College Dublin / Conway Institute,SEQUENCE_RIDGE_FULL,1.0,PMC6592156:PH:pH 4.9:Rep2,0.9428571428571428,0.01
T250_OUTER_02,University College Dublin / Conway Institute,SEQUENCE_RIDGE_FULL,1.0,PMC6592156:PH:pH 4.9:Rep3,0.8285714285714286,0.01
T250_OUTER_02,University College Dublin / Conway Institute,SEQUENCE_RIDGE_FULL,1.0,PMC6592156:PH:pH 6.1:Rep1,0.7714285714285715,0.01
T250_OUTER_02,University College Dublin / Conway Institute,SEQUENCE_RIDGE_FULL,1.0,PMC6592156:PH:pH 6.1:Rep2,0.8214285714285714,0.01
T250_OUTER_02,University College Dublin / Conway Institute,SEQUENCE_RIDGE_FULL,1.0,PMC6592156:PH:pH 6.1:Rep3,0.9,0.01
T250_OUTER_02,University College Dublin / Conway Institute,SEQUENCE_RIDGE_FULL,1.0,PMC6592156:PH:pH 6.8:Rep1,0.9642857142857143,0.01
T250_OUTER_02,University College Dublin / Conway Institute,SEQUENCE_RIDGE_FULL,1.0,PMC6592156:PH:pH 6.8:Rep2,0.8214285714285714,0.01
T250_OUTER_02,University College Dublin / Conway Institute,SEQUENCE_RIDGE_FULL,1.0,PMC6592156:PH:pH 6.8:Rep3,0.6785714285714286,0.01
T250_OUTER_02,University College Dublin / Conway Institute,SEQUENCE_RIDGE_FULL,1.0,PMC6592156:PH:pH 7.7:Rep1,0.9428571428571428,0.01
T250_OUTER_02,University College Dublin / Conway Institute,SEQUENCE_RIDGE_FULL,1.0,PMC6592156:PH:pH 7.7:Rep2,0.7857142857142857,0.01
T250_OUTER_02,University College Dublin / Conway Institute,SEQUENCE_RIDGE_FULL,1.0,PMC6592156:PH:pH 7.7:Rep3,0.7857142857142857,0.01
T250_OUTER_02,University College Dublin / Conway Institute,SEQUENCE_RIDGE_FULL,1.0,PMC6592156:PH:pH 8.9:Rep1,0.8928571428571429,0.01
T250_OUTER_02,University College Dublin / Conway Institute,SEQUENCE_RIDGE_FULL,1.0,PMC6592156:PH:pH 8.9:Rep2,0.9285714285714286,0.01
T250_OUTER_02,University College Dublin / Conway Institute,SEQUENCE_RIDGE_FULL,1.0,PMC6592156:PH:pH 8.9:Rep3,0.9642857142857143,0.01
T250_OUTER_02,University College Dublin / Conway Institute,SEQUENCE_RIDGE_FULL,1.0,PMC6592156:TEMPERATURE:17 °C:Rep1,0.7714285714285715,0.01
T250_OUTER_02,University College Dublin / Conway Institute,SEQUENCE_RIDGE_FULL,1.0,PMC6592156:TEMPERATURE:17 °C:Rep2,0.7142857142857143,0.01
T250_OUTER_02,University College Dublin / Conway Institute,SEQUENCE_RIDGE_FULL,1.0,PMC6592156:TEMPERATURE:17 °C:Rep3,0.8,0.01
T250_OUTER_02,University College Dublin / Conway Institute,SEQUENCE_RIDGE_FULL,1.0,PMC6592156:TEMPERATURE:30 °C:Rep1,0.9428571428571428,0.01
T250_OUTER_02,University College Dublin / Conway Institute,SEQUENCE_RIDGE_FULL,1.0,PMC6592156:TEMPERATURE:30 °C:Rep2,0.8,0.01
T250_OUTER_02,University College Dublin / Conway Institute,SEQUENCE_RIDGE_FULL,1.0,PMC6592156:TEMPERATURE:30 °C:Rep3,0.8571428571428571,0.01
T250_OUTER_02,University College Dublin / Conway Institute,SEQUENCE_RIDGE_FULL,1.0,PMC6592156:TEMPERATURE:4 °C:Rep1,0.8928571428571429,0.01
T250_OUTER_02,University College Dublin / Conway Institute,SEQUENCE_RIDGE_FULL,1.0,PMC6592156:TEMPERATURE:4 °C:Rep2,0.8928571428571429,0.01
T250_OUTER_02,University College Dublin / Conway Institute,SEQUENCE_RIDGE_FULL,1.0,PMC6592156:TEMPERATURE:4 °C:Rep3,0.8285714285714286,0.01
T250_OUTER_02,University College Dublin / Conway Institute,SEQUENCE_RIDGE_FULL,1.0,PMC6592156:TEMPERATURE:41 °C:Rep1,0.8571428571428571,0.01
T250_OUTER_02,University College Dublin / Conway Institute,SEQUENCE_RIDGE_FULL,1.0,PMC6592156:TEMPERATURE:41 °C:Rep2,0.8571428571428571,0.01
T250_OUTER_02,University College Dublin / Conway Institute,SEQUENCE_RIDGE_FULL,1.0,PMC6592156:TEMPERATURE:41 °C:Rep3,0.8571428571428571,0.01
T250_OUTER_02,University College Dublin / Conway Institute,SEQUENCE_RIDGE_FULL,1.0,PMC6592156:TEMPERATURE:47 °C:Rep1,0.8285714285714286,0.01
T250_OUTER_02,University College Dublin / Conway Institute,SEQUENCE_RIDGE_FULL,1.0,PMC6592156:TEMPERATURE:47 °C:Rep2,0.8928571428571429,0.01
T250_OUTER_02,University College Dublin / Conway Institute,SEQUENCE_RIDGE_FULL,1.0,PMC6592156:TEMPERATURE:47 °C:Rep3,0.8928571428571429,0.01
T250_OUTER_02,University College Dublin / Conway Institute,SEQUENCE_RIDGE_FULL,1.0,R4_EDINBURGH_SGO_20210324_6pm_KostarelosK_OkweloguE_EO10,0.8857142857142857,0.01
T250_OUTER_02,University College Dublin / Conway Institute,SEQUENCE_RIDGE_FULL,1.0,R4_EDINBURGH_SGO_20210324_6pm_KostarelosK_OkweloguE_EO103,0.7714285714285715,0.01
T250_OUTER_02,University College Dublin / Conway Institute,SEQUENCE_RIDGE_FULL,1.0,R4_EDINBURGH_SGO_20210324_6pm_KostarelosK_OkweloguE_EO105,0.8285714285714286,0.01
T250_OUTER_02,University College Dublin / Conway Institute,SEQUENCE_RIDGE_FULL,1.0,R4_EDINBURGH_SGO_20210324_6pm_KostarelosK_OkweloguE_EO107,0.7714285714285715,0.01
T250_OUTER_02,University College Dublin / Conway Institute,SEQUENCE_RIDGE_FULL,1.0,R4_EDINBURGH_SGO_20210324_6pm_KostarelosK_OkweloguE_EO113,0.9428571428571428,0.01
T250_OUTER_02,University College Dublin / Conway Institute,SEQUENCE_RIDGE_FULL,1.0,R4_EDINBURGH_SGO_20210324_6pm_KostarelosK_OkweloguE_EO116,0.4,0.01
T250_OUTER_02,University College Dublin / Conway Institute,SEQUENCE_RIDGE_FULL,1.0,R4_EDINBURGH_SGO_20210324_6pm_KostarelosK_OkweloguE_EO12,0.8,0.01
T250_OUTER_02,University College Dublin / Conway Institute,SEQUENCE_RIDGE_FULL,1.0,R4_EDINBURGH_SGO_20210324_6pm_KostarelosK_OkweloguE_EO16,0.9,0.01
T250_OUTER_02,University College Dublin / Conway Institute,SEQUENCE_RIDGE_FULL,1.0,R4_EDINBURGH_SGO_20210324_6pm_KostarelosK_OkweloguE_EO21,0.37142857142857144,0.01
T250_OUTER_02,University College Dublin / Conway Institute,SEQUENCE_RIDGE_FULL,1.0,R4_EDINBURGH_SGO_20210324_6pm_KostarelosK_OkweloguE_EO24,0.9428571428571428,0.01
T250_OUTER_02,University College Dublin / Conway Institute,SEQUENCE_RIDGE_FULL,1.0,R4_EDINBURGH_SGO_20210324_6pm_KostarelosK_OkweloguE_EO31,0.7142857142857143,0.01
T250_OUTER_02,University College Dublin / Conway Institute,SEQUENCE_RIDGE_FULL,1.0,R4_EDINBURGH_SGO_20210324_6pm_KostarelosK_OkweloguE_EO34,0.14285714285714285,0.01
T250_OUTER_02,University College Dublin / Conway Institute,SEQUENCE_RIDGE_FULL,1.0,R4_EDINBURGH_SGO_20210324_6pm_KostarelosK_OkweloguE_EO4,0.8857142857142857,0.01
T250_OUTER_02,University College Dublin / Conway Institute,SEQUENCE_RIDGE_FULL,1.0,R4_EDINBURGH_SGO_20210324_6pm_KostarelosK_OkweloguE_EO43,0.6,0.01
T250_OUTER_02,University College Dublin / Conway Institute,SEQUENCE_RIDGE_FULL,1.0,R4_EDINBURGH_SGO_20210324_6pm_KostarelosK_OkweloguE_EO52,0.7714285714285715,0.01
T250_OUTER_02,University College Dublin / Conway Institute,SEQUENCE_RIDGE_FULL,1.0,R4_EDINBURGH_SGO_20210324_6pm_KostarelosK_OkweloguE_EO64,0.8857142857142857,0.01
T250_OUTER_02,University College Dublin / Conway Institute,SEQUENCE_RIDGE_FULL,1.0,R4_EDINBURGH_SGO_20210324_6pm_KostarelosK_OkweloguE_EO66,0.8285714285714286,0.01
T250_OUTER_02,University College Dublin / Conway Institute,SEQUENCE_RIDGE_FULL,1.0,R4_EDINBURGH_SGO_20210324_6pm_KostarelosK_OkweloguE_EO73,0.9428571428571428,0.01
T250_OUTER_02,University College Dublin / Conway Institute,SEQUENCE_RIDGE_FULL,1.0,R4_EDINBURGH_SGO_20210324_6pm_KostarelosK_OkweloguE_EO83,0.9428571428571428,0.01
T250_OUTER_02,University College Dublin / Conway Institute,SEQUENCE_RIDGE_FULL,1.0,R4_EDINBURGH_SGO_20210324_6pm_KostarelosK_OkweloguE_EO88,0.3,0.01
T250_OUTER_02,University College Dublin / Conway Institute,SEQUENCE_RIDGE_FULL,1.0,R4_EDINBURGH_SGO_20210324_6pm_KostarelosK_OkweloguE_EO94,0.8285714285714286,0.01
T250_OUTER_02,University College Dublin / Conway Institute,SEQUENCE_RIDGE_FULL,1.0,R4_EDINBURGH_SGO_20210324_6pm_KostarelosK_OkweloguE_EO96,0.9428571428571428,0.01
T250_OUTER_02,University College Dublin / Conway Institute,SEQUENCE_RIDGE_FULL,1.0,R4_EDINBURGH_SGO_20210324_6pm_KostarelosK_OkweloguE_EO97,0.8285714285714286,0.01
T250_OUTER_02,University College Dublin / Conway Institute,SEQUENCE_RIDGE_FULL,1.0,R4_EDINBURGH_USGO_20210324_6pm_KostarelosK_OkweloguE_EO106,0.7142857142857143,0.01
T250_OUTER_02,University College Dublin / Conway Institute,SEQUENCE_RIDGE_FULL,1.0,R4_EDINBURGH_USGO_20210324_6pm_KostarelosK_OkweloguE_EO11,0.75,0.01
T250_OUTER_02,University College Dublin / Conway Institute,SEQUENCE_RIDGE_FULL,1.0,R4_EDINBURGH_USGO_20210324_6pm_KostarelosK_OkweloguE_EO111,0.8928571428571429,0.01
T250_OUTER_02,University College Dublin / Conway Institute,SEQUENCE_RIDGE_FULL,1.0,R4_EDINBURGH_USGO_20210324_6pm_KostarelosK_OkweloguE_EO112,0.75,0.01
T250_OUTER_02,University College Dublin / Conway Institute,SEQUENCE_RIDGE_FULL,1.0,R4_EDINBURGH_USGO_20210324_6pm_KostarelosK_OkweloguE_EO115,0.8571428571428571,0.01
T250_OUTER_02,University College Dublin / Conway Institute,SEQUENCE_RIDGE_FULL,1.0,R4_EDINBURGH_USGO_20210324_6pm_KostarelosK_OkweloguE_EO120,0.8214285714285714,0.01
T250_OUTER_02,University College Dublin / Conway Institute,SEQUENCE_RIDGE_FULL,1.0,R4_EDINBURGH_USGO_20210324_6pm_KostarelosK_OkweloguE_EO121,0.5,0.01
T250_OUTER_02,University College Dublin / Conway Institute,SEQUENCE_RIDGE_FULL,1.0,R4_EDINBURGH_USGO_20210324_6pm_KostarelosK_OkweloguE_EO125,1.0,0.01
T250_OUTER_02,University College Dublin / Conway Institute,SEQUENCE_RIDGE_FULL,1.0,R4_EDINBURGH_USGO_20210324_6pm_KostarelosK_OkweloguE_EO126,0.75,0.01
T250_OUTER_02,University College Dublin / Conway Institute,SEQUENCE_RIDGE_FULL,1.0,R4_EDINBURGH_USGO_20210324_6pm_KostarelosK_OkweloguE_EO13,0.9428571428571428,0.01
T250_OUTER_02,University College Dublin / Conway Institute,SEQUENCE_RIDGE_FULL,1.0,R4_EDINBURGH_USGO_20210324_6pm_KostarelosK_OkweloguE_EO26,0.6,0.01
T250_OUTER_02,University College Dublin / Conway Institute,SEQUENCE_RIDGE_FULL,1.0,R4_EDINBURGH_USGO_20210324_6pm_KostarelosK_OkweloguE_EO36,0.9428571428571428,0.01
T250_OUTER_02,University College Dublin / Conway Institute,SEQUENCE_RIDGE_FULL,1.0,R4_EDINBURGH_USGO_20210324_6pm_KostarelosK_OkweloguE_EO40,0.9428571428571428,0.01
T250_OUTER_02,University College Dublin / Conway Institute,SEQUENCE_RIDGE_FULL,1.0,R4_EDINBURGH_USGO_20210324_6pm_KostarelosK_OkweloguE_EO42,0.8285714285714286,0.01
T250_OUTER_02,University College Dublin / Conway Institute,SEQUENCE_RIDGE_FULL,1.0,R4_EDINBURGH_USGO_20210324_6pm_KostarelosK_OkweloguE_EO44,0.7714285714285715,0.01
T250_OUTER_02,University College Dublin / Conway Institute,SEQUENCE_RIDGE_FULL,1.0,R4_EDINBURGH_USGO_20210324_6pm_KostarelosK_OkweloguE_EO5,0.8214285714285714,0.01
T250_OUTER_02,University College Dublin / Conway Institute,SEQUENCE_RIDGE_FULL,1.0,R4_EDINBURGH_USGO_20210324_6pm_KostarelosK_OkweloguE_EO50,0.6785714285714286,0.01
T250_OUTER_02,University College Dublin / Conway Institute,SEQUENCE_RIDGE_FULL,1.0,R4_EDINBURGH_USGO_20210324_6pm_KostarelosK_OkweloguE_EO53,0.5428571428571428,0.01
T250_OUTER_02,University College Dublin / Conway Institute,SEQUENCE_RIDGE_FULL,1.0,R4_EDINBURGH_USGO_20210324_6pm_KostarelosK_OkweloguE_EO60,0.8285714285714286,0.01
T250_OUTER_02,University College Dublin / Conway Institute,SEQUENCE_RIDGE_FULL,1.0,R4_EDINBURGH_USGO_20210324_6pm_KostarelosK_OkweloguE_EO62,0.21428571428571427,0.01
T250_OUTER_02,University College Dublin / Conway Institute,SEQUENCE_RIDGE_FULL,1.0,R4_EDINBURGH_USGO_20210324_6pm_KostarelosK_OkweloguE_EO69,0.7142857142857143,0.01
T250_OUTER_02,University College Dublin / Conway Institute,SEQUENCE_RIDGE_FULL,1.0,R4_EDINBURGH_USGO_20210324_6pm_KostarelosK_OkweloguE_EO76,0.32142857142857145,0.01
T250_OUTER_02,University College Dublin / Conway Institute,SEQUENCE_RIDGE_FULL,1.0,R4_EDINBURGH_USGO_20210324_6pm_KostarelosK_OkweloguE_EO77,0.8857142857142857,0.01
T250_OUTER_02,University College Dublin / Conway Institute,SEQUENCE_RIDGE_FULL,1.0,R4_EDINBURGH_USGO_20210324_6pm_KostarelosK_OkweloguE_EO79,0.75,0.01
T250_OUTER_02,University College Dublin / Conway Institute,SEQUENCE_RIDGE_FULL,1.0,R4_EDINBURGH_USGO_20210324_6pm_KostarelosK_OkweloguE_EO86,0.8571428571428571,0.01
T250_OUTER_02,University College Dublin / Conway Institute,SEQUENCE_RIDGE_FULL,1.0,R4_EDINBURGH_USGO_20210324_6pm_KostarelosK_OkweloguE_EO87,0.8928571428571429,0.01
T250_OUTER_02,University College Dublin / Conway Institute,SEQUENCE_RIDGE_FULL,1.0,R4_PXD060795_F1,0.9642857142857143,0.01
T250_OUTER_02,University College Dublin / Conway Institute,SEQUENCE_RIDGE_FULL,1.0,R4_PXD060795_F2,0.9642857142857143,0.01
T250_OUTER_02,University College Dublin / Conway Institute,SEQUENCE_RIDGE_FULL,1.0,R4_PXD060795_F3,0.9642857142857143,0.01
T250_OUTER_02,University College Dublin / Conway Institute,SEQUENCE_RIDGE_FULL,1.0,R4_PXD060795_F7,0.8928571428571429,0.01
T250_OUTER_02,University College Dublin / Conway Institute,SEQUENCE_RIDGE_FULL,1.0,R4_PXD060795_F8,0.8857142857142857,0.01
T250_OUTER_02,University College Dublin / Conway Institute,SEQUENCE_RIDGE_FULL,1.0,R4_PXD060795_F9,0.8857142857142857,0.01
T250_OUTER_02,University College Dublin / Conway Institute,SEQUENCE_RIDGE_FULL,1.0,__MEAN__,0.8008403361344536,0.01
T250_OUTER_02,University College Dublin / Conway Institute,SEQUENCE_RIDGE_FULL,10.0,PMC6592156:PH:pH 4.9:Rep1,1.0,0.01
T250_OUTER_02,University College Dublin / Conway Institute,SEQUENCE_RIDGE_FULL,10.0,PMC6592156:PH:pH 4.9:Rep2,0.9428571428571428,0.01
T250_OUTER_02,University College Dublin / Conway Institute,SEQUENCE_RIDGE_FULL,10.0,PMC6592156:PH:pH 4.9:Rep3,0.8285714285714286,0.01
T250_OUTER_02,University College Dublin / Conway Institute,SEQUENCE_RIDGE_FULL,10.0,PMC6592156:PH:pH 6.1:Rep1,0.7714285714285715,0.01
T250_OUTER_02,University College Dublin / Conway Institute,SEQUENCE_RIDGE_FULL,10.0,PMC6592156:PH:pH 6.1:Rep2,0.8214285714285714,0.01
T250_OUTER_02,University College Dublin / Conway Institute,SEQUENCE_RIDGE_FULL,10.0,PMC6592156:PH:pH 6.1:Rep3,0.9,0.01
T250_OUTER_02,University College Dublin / Conway Institute,SEQUENCE_RIDGE_FULL,10.0,PMC6592156:PH:pH 6.8:Rep1,0.9642857142857143,0.01
T250_OUTER_02,University College Dublin / Conway Institute,SEQUENCE_RIDGE_FULL,10.0,PMC6592156:PH:pH 6.8:Rep2,0.8214285714285714,0.01
T250_OUTER_02,University College Dublin / Conway Institute,SEQUENCE_RIDGE_FULL,10.0,PMC6592156:PH:pH 6.8:Rep3,0.6785714285714286,0.01
T250_OUTER_02,University College Dublin / Conway Institute,SEQUENCE_RIDGE_FULL,10.0,PMC6592156:PH:pH 7.7:Rep1,0.9428571428571428,0.01
T250_OUTER_02,University College Dublin / Conway Institute,SEQUENCE_RIDGE_FULL,10.0,PMC6592156:PH:pH 7.7:Rep2,0.7857142857142857,0.01
T250_OUTER_02,University College Dublin / Conway Institute,SEQUENCE_RIDGE_FULL,10.0,PMC6592156:PH:pH 7.7:Rep3,0.7857142857142857,0.01
T250_OUTER_02,University College Dublin / Conway Institute,SEQUENCE_RIDGE_FULL,10.0,PMC6592156:PH:pH 8.9:Rep1,0.8928571428571429,0.01
T250_OUTER_02,University College Dublin / Conway Institute,SEQUENCE_RIDGE_FULL,10.0,PMC6592156:PH:pH 8.9:Rep2,0.9285714285714286,0.01
T250_OUTER_02,University College Dublin / Conway Institute,SEQUENCE_RIDGE_FULL,10.0,PMC6592156:PH:pH 8.9:Rep3,0.9642857142857143,0.01
T250_OUTER_02,University College Dublin / Conway Institute,SEQUENCE_RIDGE_FULL,10.0,PMC6592156:TEMPERATURE:17 °C:Rep1,0.7714285714285715,0.01
T250_OUTER_02,University College Dublin / Conway Institute,SEQUENCE_RIDGE_FULL,10.0,PMC6592156:TEMPERATURE:17 °C:Rep2,0.7142857142857143,0.01
T250_OUTER_02,University College Dublin / Conway Institute,SEQUENCE_RIDGE_FULL,10.0,PMC6592156:TEMPERATURE:17 °C:Rep3,0.8,0.01
T250_OUTER_02,University College Dublin / Conway Institute,SEQUENCE_RIDGE_FULL,10.0,PMC6592156:TEMPERATURE:30 °C:Rep1,0.9428571428571428,0.01
T250_OUTER_02,University College Dublin / Conway Institute,SEQUENCE_RIDGE_FULL,10.0,PMC6592156:TEMPERATURE:30 °C:Rep2,0.8,0.01
T250_OUTER_02,University College Dublin / Conway Institute,SEQUENCE_RIDGE_FULL,10.0,PMC6592156:TEMPERATURE:30 °C:Rep3,0.8571428571428571,0.01
T250_OUTER_02,University College Dublin / Conway Institute,SEQUENCE_RIDGE_FULL,10.0,PMC6592156:TEMPERATURE:4 °C:Rep1,0.8928571428571429,0.01
T250_OUTER_02,University College Dublin / Conway Institute,SEQUENCE_RIDGE_FULL,10.0,PMC6592156:TEMPERATURE:4 °C:Rep2,0.8928571428571429,0.01
T250_OUTER_02,University College Dublin / Conway Institute,SEQUENCE_RIDGE_FULL,10.0,PMC6592156:TEMPERATURE:4 °C:Rep3,0.8285714285714286,0.01
T250_OUTER_02,University College Dublin / Conway Institute,SEQUENCE_RIDGE_FULL,10.0,PMC6592156:TEMPERATURE:41 °C:Rep1,0.8571428571428571,0.01
T250_OUTER_02,University College Dublin / Conway Institute,SEQUENCE_RIDGE_FULL,10.0,PMC6592156:TEMPERATURE:41 °C:Rep2,0.8571428571428571,0.01
T250_OUTER_02,University College Dublin / Conway Institute,SEQUENCE_RIDGE_FULL,10.0,PMC6592156:TEMPERATURE:41 °C:Rep3,0.8571428571428571,0.01
T250_OUTER_02,University College Dublin / Conway Institute,SEQUENCE_RIDGE_FULL,10.0,PMC6592156:TEMPERATURE:47 °C:Rep1,0.8285714285714286,0.01
T250_OUTER_02,University College Dublin / Conway Institute,SEQUENCE_RIDGE_FULL,10.0,PMC6592156:TEMPERATURE:47 °C:Rep2,0.8928571428571429,0.01
T250_OUTER_02,University College Dublin / Conway Institute,SEQUENCE_RIDGE_FULL,10.0,PMC6592156:TEMPERATURE:47 °C:Rep3,0.8928571428571429,0.01
T250_OUTER_02,University College Dublin / Conway Institute,SEQUENCE_RIDGE_FULL,10.0,R4_EDINBURGH_SGO_20210324_6pm_KostarelosK_OkweloguE_EO10,0.8857142857142857,0.01
T250_OUTER_02,University College Dublin / Conway Institute,SEQUENCE_RIDGE_FULL,10.0,R4_EDINBURGH_SGO_20210324_6pm_KostarelosK_OkweloguE_EO103,0.7714285714285715,0.01
T250_OUTER_02,University College Dublin / Conway Institute,SEQUENCE_RIDGE_FULL,10.0,R4_EDINBURGH_SGO_20210324_6pm_KostarelosK_OkweloguE_EO105,0.8285714285714286,0.01
T250_OUTER_02,University College Dublin / Conway Institute,SEQUENCE_RIDGE_FULL,10.0,R4_EDINBURGH_SGO_20210324_6pm_KostarelosK_OkweloguE_EO107,0.7714285714285715,0.01
T250_OUTER_02,University College Dublin / Conway Institute,SEQUENCE_RIDGE_FULL,10.0,R4_EDINBURGH_SGO_20210324_6pm_KostarelosK_OkweloguE_EO113,0.9428571428571428,0.01
T250_OUTER_02,University College Dublin / Conway Institute,SEQUENCE_RIDGE_FULL,10.0,R4_EDINBURGH_SGO_20210324_6pm_KostarelosK_OkweloguE_EO116,0.4,0.01
T250_OUTER_02,University College Dublin / Conway Institute,SEQUENCE_RIDGE_FULL,10.0,R4_EDINBURGH_SGO_20210324_6pm_KostarelosK_OkweloguE_EO12,0.8,0.01
T250_OUTER_02,University College Dublin / Conway Institute,SEQUENCE_RIDGE_FULL,10.0,R4_EDINBURGH_SGO_20210324_6pm_KostarelosK_OkweloguE_EO16,0.9,0.01
T250_OUTER_02,University College Dublin / Conway Institute,SEQUENCE_RIDGE_FULL,10.0,R4_EDINBURGH_SGO_20210324_6pm_KostarelosK_OkweloguE_EO21,0.37142857142857144,0.01
T250_OUTER_02,University College Dublin / Conway Institute,SEQUENCE_RIDGE_FULL,10.0,R4_EDINBURGH_SGO_20210324_6pm_KostarelosK_OkweloguE_EO24,0.9428571428571428,0.01
T250_OUTER_02,University College Dublin / Conway Institute,SEQUENCE_RIDGE_FULL,10.0,R4_EDINBURGH_SGO_20210324_6pm_KostarelosK_OkweloguE_EO31,0.7142857142857143,0.01
T250_OUTER_02,University College Dublin / Conway Institute,SEQUENCE_RIDGE_FULL,10.0,R4_EDINBURGH_SGO_20210324_6pm_KostarelosK_OkweloguE_EO34,0.14285714285714285,0.01
T250_OUTER_02,University College Dublin / Conway Institute,SEQUENCE_RIDGE_FULL,10.0,R4_EDINBURGH_SGO_20210324_6pm_KostarelosK_OkweloguE_EO4,0.8857142857142857,0.01
T250_OUTER_02,University College Dublin / Conway Institute,SEQUENCE_RIDGE_FULL,10.0,R4_EDINBURGH_SGO_20210324_6pm_KostarelosK_OkweloguE_EO43,0.6,0.01
T250_OUTER_02,University College Dublin / Conway Institute,SEQUENCE_RIDGE_FULL,10.0,R4_EDINBURGH_SGO_20210324_6pm_KostarelosK_OkweloguE_EO52,0.7714285714285715,0.01
T250_OUTER_02,University College Dublin / Conway Institute,SEQUENCE_RIDGE_FULL,10.0,R4_EDINBURGH_SGO_20210324_6pm_KostarelosK_OkweloguE_EO64,0.8857142857142857,0.01
T250_OUTER_02,University College Dublin / Conway Institute,SEQUENCE_RIDGE_FULL,10.0,R4_EDINBURGH_SGO_20210324_6pm_KostarelosK_OkweloguE_EO66,0.8285714285714286,0.01
T250_OUTER_02,University College Dublin / Conway Institute,SEQUENCE_RIDGE_FULL,10.0,R4_EDINBURGH_SGO_20210324_6pm_KostarelosK_OkweloguE_EO73,0.9428571428571428,0.01
T250_OUTER_02,University College Dublin / Conway Institute,SEQUENCE_RIDGE_FULL,10.0,R4_EDINBURGH_SGO_20210324_6pm_KostarelosK_OkweloguE_EO83,0.9428571428571428,0.01
T250_OUTER_02,University College Dublin / Conway Institute,SEQUENCE_RIDGE_FULL,10.0,R4_EDINBURGH_SGO_20210324_6pm_KostarelosK_OkweloguE_EO88,0.3,0.01
T250_OUTER_02,University College Dublin / Conway Institute,SEQUENCE_RIDGE_FULL,10.0,R4_EDINBURGH_SGO_20210324_6pm_KostarelosK_OkweloguE_EO94,0.8285714285714286,0.01
T250_OUTER_02,University College Dublin / Conway Institute,SEQUENCE_RIDGE_FULL,10.0,R4_EDINBURGH_SGO_20210324_6pm_KostarelosK_OkweloguE_EO96,0.9428571428571428,0.01
T250_OUTER_02,University College Dublin / Conway Institute,SEQUENCE_RIDGE_FULL,10.0,R4_EDINBURGH_SGO_20210324_6pm_KostarelosK_OkweloguE_EO97,0.8285714285714286,0.01
T250_OUTER_02,University College Dublin / Conway Institute,SEQUENCE_RIDGE_FULL,10.0,R4_EDINBURGH_USGO_20210324_6pm_KostarelosK_OkweloguE_EO106,0.7142857142857143,0.01
T250_OUTER_02,University College Dublin / Conway Institute,SEQUENCE_RIDGE_FULL,10.0,R4_EDINBURGH_USGO_20210324_6pm_KostarelosK_OkweloguE_EO11,0.75,0.01
T250_OUTER_02,University College Dublin / Conway Institute,SEQUENCE_RIDGE_FULL,10.0,R4_EDINBURGH_USGO_20210324_6pm_KostarelosK_OkweloguE_EO111,0.8928571428571429,0.01
T250_OUTER_02,University College Dublin / Conway Institute,SEQUENCE_RIDGE_FULL,10.0,R4_EDINBURGH_USGO_20210324_6pm_KostarelosK_OkweloguE_EO112,0.75,0.01
T250_OUTER_02,University College Dublin / Conway Institute,SEQUENCE_RIDGE_FULL,10.0,R4_EDINBURGH_USGO_20210324_6pm_KostarelosK_OkweloguE_EO115,0.8571428571428571,0.01
T250_OUTER_02,University College Dublin / Conway Institute,SEQUENCE_RIDGE_FULL,10.0,R4_EDINBURGH_USGO_20210324_6pm_KostarelosK_OkweloguE_EO120,0.8214285714285714,0.01
T250_OUTER_02,University College Dublin / Conway Institute,SEQUENCE_RIDGE_FULL,10.0,R4_EDINBURGH_USGO_20210324_6pm_KostarelosK_OkweloguE_EO121,0.5,0.01
T250_OUTER_02,University College Dublin / Conway Institute,SEQUENCE_RIDGE_FULL,10.0,R4_EDINBURGH_USGO_20210324_6pm_KostarelosK_OkweloguE_EO125,1.0,0.01
T250_OUTER_02,University College Dublin / Conway Institute,SEQUENCE_RIDGE_FULL,10.0,R4_EDINBURGH_USGO_20210324_6pm_KostarelosK_OkweloguE_EO126,0.75,0.01
T250_OUTER_02,University College Dublin / Conway Institute,SEQUENCE_RIDGE_FULL,10.0,R4_EDINBURGH_USGO_20210324_6pm_KostarelosK_OkweloguE_EO13,0.9428571428571428,0.01
T250_OUTER_02,University College Dublin / Conway Institute,SEQUENCE_RIDGE_FULL,10.0,R4_EDINBURGH_USGO_20210324_6pm_KostarelosK_OkweloguE_EO26,0.6,0.01
T250_OUTER_02,University College Dublin / Conway Institute,SEQUENCE_RIDGE_FULL,10.0,R4_EDINBURGH_USGO_20210324_6pm_KostarelosK_OkweloguE_EO36,0.9428571428571428,0.01
T250_OUTER_02,University College Dublin / Conway Institute,SEQUENCE_RIDGE_FULL,10.0,R4_EDINBURGH_USGO_20210324_6pm_KostarelosK_OkweloguE_EO40,0.9428571428571428,0.01
T250_OUTER_02,University College Dublin / Conway Institute,SEQUENCE_RIDGE_FULL,10.0,R4_EDINBURGH_USGO_20210324_6pm_KostarelosK_OkweloguE_EO42,0.8285714285714286,0.01
T250_OUTER_02,University College Dublin / Conway Institute,SEQUENCE_RIDGE_FULL,10.0,R4_EDINBURGH_USGO_20210324_6pm_KostarelosK_OkweloguE_EO44,0.7714285714285715,0.01
T250_OUTER_02,University College Dublin / Conway Institute,SEQUENCE_RIDGE_FULL,10.0,R4_EDINBURGH_USGO_20210324_6pm_KostarelosK_OkweloguE_EO5,0.8214285714285714,0.01
T250_OUTER_02,University College Dublin / Conway Institute,SEQUENCE_RIDGE_FULL,10.0,R4_EDINBURGH_USGO_20210324_6pm_KostarelosK_OkweloguE_EO50,0.6785714285714286,0.01
T250_OUTER_02,University College Dublin / Conway Institute,SEQUENCE_RIDGE_FULL,10.0,R4_EDINBURGH_USGO_20210324_6pm_KostarelosK_OkweloguE_EO53,0.5428571428571428,0.01
T250_OUTER_02,University College Dublin / Conway Institute,SEQUENCE_RIDGE_FULL,10.0,R4_EDINBURGH_USGO_20210324_6pm_KostarelosK_OkweloguE_EO60,0.8285714285714286,0.01
T250_OUTER_02,University College Dublin / Conway Institute,SEQUENCE_RIDGE_FULL,10.0,R4_EDINBURGH_USGO_20210324_6pm_KostarelosK_OkweloguE_EO62,0.21428571428571427,0.01
T250_OUTER_02,University College Dublin / Conway Institute,SEQUENCE_RIDGE_FULL,10.0,R4_EDINBURGH_USGO_20210324_6pm_KostarelosK_OkweloguE_EO69,0.7142857142857143,0.01
T250_OUTER_02,University College Dublin / Conway Institute,SEQUENCE_RIDGE_FULL,10.0,R4_EDINBURGH_USGO_20210324_6pm_KostarelosK_OkweloguE_EO76,0.32142857142857145,0.01
T250_OUTER_02,University College Dublin / Conway Institute,SEQUENCE_RIDGE_FULL,10.0,R4_EDINBURGH_USGO_20210324_6pm_KostarelosK_OkweloguE_EO77,0.8857142857142857,0.01
T250_OUTER_02,University College Dublin / Conway Institute,SEQUENCE_RIDGE_FULL,10.0,R4_EDINBURGH_USGO_20210324_6pm_KostarelosK_OkweloguE_EO79,0.75,0.01
T250_OUTER_02,University College Dublin / Conway Institute,SEQUENCE_RIDGE_FULL,10.0,R4_EDINBURGH_USGO_20210324_6pm_KostarelosK_OkweloguE_EO86,0.8571428571428571,0.01
T250_OUTER_02,University College Dublin / Conway Institute,SEQUENCE_RIDGE_FULL,10.0,R4_EDINBURGH_USGO_20210324_6pm_KostarelosK_OkweloguE_EO87,0.8928571428571429,0.01
T250_OUTER_02,University College Dublin / Conway Institute,SEQUENCE_RIDGE_FULL,10.0,R4_PXD060795_F1,0.9642857142857143,0.01
T250_OUTER_02,University College Dublin / Conway Institute,SEQUENCE_RIDGE_FULL,10.0,R4_PXD060795_F2,0.9642857142857143,0.01
T250_OUTER_02,University College Dublin / Conway Institute,SEQUENCE_RIDGE_FULL,10.0,R4_PXD060795_F3,0.9642857142857143,0.01
T250_OUTER_02,University College Dublin / Conway Institute,SEQUENCE_RIDGE_FULL,10.0,R4_PXD060795_F7,0.8928571428571429,0.01
T250_OUTER_02,University College Dublin / Conway Institute,SEQUENCE_RIDGE_FULL,10.0,R4_PXD060795_F8,0.8857142857142857,0.01
T250_OUTER_02,University College Dublin / Conway Institute,SEQUENCE_RIDGE_FULL,10.0,R4_PXD060795_F9,0.8857142857142857,0.01
T250_OUTER_02,University College Dublin / Conway Institute,SEQUENCE_RIDGE_FULL,10.0,__MEAN__,0.8008403361344536,0.01
T250_OUTER_02,University College Dublin / Conway Institute,SEQUENCE_RIDGE_FULL,100.0,PMC6592156:PH:pH 4.9:Rep1,0.9,0.01
T250_OUTER_02,University College Dublin / Conway Institute,SEQUENCE_RIDGE_FULL,100.0,PMC6592156:PH:pH 4.9:Rep2,0.8857142857142857,0.01
T250_OUTER_02,University College Dublin / Conway Institute,SEQUENCE_RIDGE_FULL,100.0,PMC6592156:PH:pH 4.9:Rep3,0.7714285714285715,0.01
T250_OUTER_02,University College Dublin / Conway Institute,SEQUENCE_RIDGE_FULL,100.0,PMC6592156:PH:pH 6.1:Rep1,0.8285714285714286,0.01
T250_OUTER_02,University College Dublin / Conway Institute,SEQUENCE_RIDGE_FULL,100.0,PMC6592156:PH:pH 6.1:Rep2,0.7857142857142857,0.01
T250_OUTER_02,University College Dublin / Conway Institute,SEQUENCE_RIDGE_FULL,100.0,PMC6592156:PH:pH 6.1:Rep3,1.0,0.01
T250_OUTER_02,University College Dublin / Conway Institute,SEQUENCE_RIDGE_FULL,100.0,PMC6592156:PH:pH 6.8:Rep1,0.9285714285714286,0.01
T250_OUTER_02,University College Dublin / Conway Institute,SEQUENCE_RIDGE_FULL,100.0,PMC6592156:PH:pH 6.8:Rep2,0.7857142857142857,0.01
T250_OUTER_02,University College Dublin / Conway Institute,SEQUENCE_RIDGE_FULL,100.0,PMC6592156:PH:pH 6.8:Rep3,0.7142857142857143,0.01
T250_OUTER_02,University College Dublin / Conway Institute,SEQUENCE_RIDGE_FULL,100.0,PMC6592156:PH:pH 7.7:Rep1,0.8857142857142857,0.01
T250_OUTER_02,University College Dublin / Conway Institute,SEQUENCE_RIDGE_FULL,100.0,PMC6592156:PH:pH 7.7:Rep2,0.8214285714285714,0.01
T250_OUTER_02,University College Dublin / Conway Institute,SEQUENCE_RIDGE_FULL,100.0,PMC6592156:PH:pH 7.7:Rep3,0.8214285714285714,0.01
T250_OUTER_02,University College Dublin / Conway Institute,SEQUENCE_RIDGE_FULL,100.0,PMC6592156:PH:pH 8.9:Rep1,0.8571428571428571,0.01
T250_OUTER_02,University College Dublin / Conway Institute,SEQUENCE_RIDGE_FULL,100.0,PMC6592156:PH:pH 8.9:Rep2,0.8571428571428571,0.01
T250_OUTER_02,University College Dublin / Conway Institute,SEQUENCE_RIDGE_FULL,100.0,PMC6592156:PH:pH 8.9:Rep3,0.9285714285714286,0.01
T250_OUTER_02,University College Dublin / Conway Institute,SEQUENCE_RIDGE_FULL,100.0,PMC6592156:TEMPERATURE:17 °C:Rep1,0.7142857142857143,0.01
T250_OUTER_02,University College Dublin / Conway Institute,SEQUENCE_RIDGE_FULL,100.0,PMC6592156:TEMPERATURE:17 °C:Rep2,0.7714285714285715,0.01
T250_OUTER_02,University College Dublin / Conway Institute,SEQUENCE_RIDGE_FULL,100.0,PMC6592156:TEMPERATURE:17 °C:Rep3,0.9,0.01
T250_OUTER_02,University College Dublin / Conway Institute,SEQUENCE_RIDGE_FULL,100.0,PMC6592156:TEMPERATURE:30 °C:Rep1,0.8857142857142857,0.01
T250_OUTER_02,University College Dublin / Conway Institute,SEQUENCE_RIDGE_FULL,100.0,PMC6592156:TEMPERATURE:30 °C:Rep2,0.9,0.01
T250_OUTER_02,University College Dublin / Conway Institute,SEQUENCE_RIDGE_FULL,100.0,PMC6592156:TEMPERATURE:30 °C:Rep3,0.8214285714285714,0.01
T250_OUTER_02,University College Dublin / Conway Institute,SEQUENCE_RIDGE_FULL,100.0,PMC6592156:TEMPERATURE:4 °C:Rep1,0.8571428571428571,0.01
T250_OUTER_02,University College Dublin / Conway Institute,SEQUENCE_RIDGE_FULL,100.0,PMC6592156:TEMPERATURE:4 °C:Rep2,0.8571428571428571,0.01
T250_OUTER_02,University College Dublin / Conway Institute,SEQUENCE_RIDGE_FULL,100.0,PMC6592156:TEMPERATURE:4 °C:Rep3,0.7714285714285715,0.01
T250_OUTER_02,University College Dublin / Conway Institute,SEQUENCE_RIDGE_FULL,100.0,PMC6592156:TEMPERATURE:41 °C:Rep1,0.8214285714285714,0.01
T250_OUTER_02,University College Dublin / Conway Institute,SEQUENCE_RIDGE_FULL,100.0,PMC6592156:TEMPERATURE:41 °C:Rep2,0.8214285714285714,0.01
T250_OUTER_02,University College Dublin / Conway Institute,SEQUENCE_RIDGE_FULL,100.0,PMC6592156:TEMPERATURE:41 °C:Rep3,0.8214285714285714,0.01
T250_OUTER_02,University College Dublin / Conway Institute,SEQUENCE_RIDGE_FULL,100.0,PMC6592156:TEMPERATURE:47 °C:Rep1,0.7142857142857143,0.01
T250_OUTER_02,University College Dublin / Conway Institute,SEQUENCE_RIDGE_FULL,100.0,PMC6592156:TEMPERATURE:47 °C:Rep2,0.8214285714285714,0.01
T250_OUTER_02,University College Dublin / Conway Institute,SEQUENCE_RIDGE_FULL,100.0,PMC6592156:TEMPERATURE:47 °C:Rep3,0.8214285714285714,0.01
T250_OUTER_02,University College Dublin / Conway Institute,SEQUENCE_RIDGE_FULL,100.0,R4_EDINBURGH_SGO_20210324_6pm_KostarelosK_OkweloguE_EO10,0.8857142857142857,0.01
T250_OUTER_02,University College Dublin / Conway Institute,SEQUENCE_RIDGE_FULL,100.0,R4_EDINBURGH_SGO_20210324_6pm_KostarelosK_OkweloguE_EO103,0.7714285714285715,0.01
T250_OUTER_02,University College Dublin / Conway Institute,SEQUENCE_RIDGE_FULL,100.0,R4_EDINBURGH_SGO_20210324_6pm_KostarelosK_OkweloguE_EO105,0.8285714285714286,0.01
T250_OUTER_02,University College Dublin / Conway Institute,SEQUENCE_RIDGE_FULL,100.0,R4_EDINBURGH_SGO_20210324_6pm_KostarelosK_OkweloguE_EO107,0.7714285714285715,0.01
T250_OUTER_02,University College Dublin / Conway Institute,SEQUENCE_RIDGE_FULL,100.0,R4_EDINBURGH_SGO_20210324_6pm_KostarelosK_OkweloguE_EO113,0.9428571428571428,0.01
T250_OUTER_02,University College Dublin / Conway Institute,SEQUENCE_RIDGE_FULL,100.0,R4_EDINBURGH_SGO_20210324_6pm_KostarelosK_OkweloguE_EO116,0.4,0.01
T250_OUTER_02,University College Dublin / Conway Institute,SEQUENCE_RIDGE_FULL,100.0,R4_EDINBURGH_SGO_20210324_6pm_KostarelosK_OkweloguE_EO12,0.8,0.01
T250_OUTER_02,University College Dublin / Conway Institute,SEQUENCE_RIDGE_FULL,100.0,R4_EDINBURGH_SGO_20210324_6pm_KostarelosK_OkweloguE_EO16,0.9,0.01
T250_OUTER_02,University College Dublin / Conway Institute,SEQUENCE_RIDGE_FULL,100.0,R4_EDINBURGH_SGO_20210324_6pm_KostarelosK_OkweloguE_EO21,0.37142857142857144,0.01
T250_OUTER_02,University College Dublin / Conway Institute,SEQUENCE_RIDGE_FULL,100.0,R4_EDINBURGH_SGO_20210324_6pm_KostarelosK_OkweloguE_EO24,0.9428571428571428,0.01
T250_OUTER_02,University College Dublin / Conway Institute,SEQUENCE_RIDGE_FULL,100.0,R4_EDINBURGH_SGO_20210324_6pm_KostarelosK_OkweloguE_EO31,0.7142857142857143,0.01
T250_OUTER_02,University College Dublin / Conway Institute,SEQUENCE_RIDGE_FULL,100.0,R4_EDINBURGH_SGO_20210324_6pm_KostarelosK_OkweloguE_EO34,0.14285714285714285,0.01
T250_OUTER_02,University College Dublin / Conway Institute,SEQUENCE_RIDGE_FULL,100.0,R4_EDINBURGH_SGO_20210324_6pm_KostarelosK_OkweloguE_EO4,0.8857142857142857,0.01
T250_OUTER_02,University College Dublin / Conway Institute,SEQUENCE_RIDGE_FULL,100.0,R4_EDINBURGH_SGO_20210324_6pm_KostarelosK_OkweloguE_EO43,0.6,0.01
T250_OUTER_02,University College Dublin / Conway Institute,SEQUENCE_RIDGE_FULL,100.0,R4_EDINBURGH_SGO_20210324_6pm_KostarelosK_OkweloguE_EO52,0.7714285714285715,0.01
T250_OUTER_02,University College Dublin / Conway Institute,SEQUENCE_RIDGE_FULL,100.0,R4_EDINBURGH_SGO_20210324_6pm_KostarelosK_OkweloguE_EO64,0.8857142857142857,0.01
T250_OUTER_02,University College Dublin / Conway Institute,SEQUENCE_RIDGE_FULL,100.0,R4_EDINBURGH_SGO_20210324_6pm_KostarelosK_OkweloguE_EO66,0.8285714285714286,0.01
T250_OUTER_02,University College Dublin / Conway Institute,SEQUENCE_RIDGE_FULL,100.0,R4_EDINBURGH_SGO_20210324_6pm_KostarelosK_OkweloguE_EO73,0.9428571428571428,0.01
T250_OUTER_02,University College Dublin / Conway Institute,SEQUENCE_RIDGE_FULL,100.0,R4_EDINBURGH_SGO_20210324_6pm_KostarelosK_OkweloguE_EO83,0.9428571428571428,0.01
T250_OUTER_02,University College Dublin / Conway Institute,SEQUENCE_RIDGE_FULL,100.0,R4_EDINBURGH_SGO_20210324_6pm_KostarelosK_OkweloguE_EO88,0.3,0.01
T250_OUTER_02,University College Dublin / Conway Institute,SEQUENCE_RIDGE_FULL,100.0,R4_EDINBURGH_SGO_20210324_6pm_KostarelosK_OkweloguE_EO94,0.8285714285714286,0.01
T250_OUTER_02,University College Dublin / Conway Institute,SEQUENCE_RIDGE_FULL,100.0,R4_EDINBURGH_SGO_20210324_6pm_KostarelosK_OkweloguE_EO96,0.9428571428571428,0.01
T250_OUTER_02,University College Dublin / Conway Institute,SEQUENCE_RIDGE_FULL,100.0,R4_EDINBURGH_SGO_20210324_6pm_KostarelosK_OkweloguE_EO97,0.8285714285714286,0.01
T250_OUTER_02,University College Dublin / Conway Institute,SEQUENCE_RIDGE_FULL,100.0,R4_EDINBURGH_USGO_20210324_6pm_KostarelosK_OkweloguE_EO106,0.6785714285714286,0.01
T250_OUTER_02,University College Dublin / Conway Institute,SEQUENCE_RIDGE_FULL,100.0,R4_EDINBURGH_USGO_20210324_6pm_KostarelosK_OkweloguE_EO11,0.6428571428571429,0.01
T250_OUTER_02,University College Dublin / Conway Institute,SEQUENCE_RIDGE_FULL,100.0,R4_EDINBURGH_USGO_20210324_6pm_KostarelosK_OkweloguE_EO111,0.8571428571428571,0.01
T250_OUTER_02,University College Dublin / Conway Institute,SEQUENCE_RIDGE_FULL,100.0,R4_EDINBURGH_USGO_20210324_6pm_KostarelosK_OkweloguE_EO112,0.7142857142857143,0.01
T250_OUTER_02,University College Dublin / Conway Institute,SEQUENCE_RIDGE_FULL,100.0,R4_EDINBURGH_USGO_20210324_6pm_KostarelosK_OkweloguE_EO115,0.8928571428571429,0.01
T250_OUTER_02,University College Dublin / Conway Institute,SEQUENCE_RIDGE_FULL,100.0,R4_EDINBURGH_USGO_20210324_6pm_KostarelosK_OkweloguE_EO120,0.7142857142857143,0.01
T250_OUTER_02,University College Dublin / Conway Institute,SEQUENCE_RIDGE_FULL,100.0,R4_EDINBURGH_USGO_20210324_6pm_KostarelosK_OkweloguE_EO121,0.5357142857142857,0.01
T250_OUTER_02,University College Dublin / Conway Institute,SEQUENCE_RIDGE_FULL,100.0,R4_EDINBURGH_USGO_20210324_6pm_KostarelosK_OkweloguE_EO125,0.9642857142857143,0.01
T250_OUTER_02,University College Dublin / Conway Institute,SEQUENCE_RIDGE_FULL,100.0,R4_EDINBURGH_USGO_20210324_6pm_KostarelosK_OkweloguE_EO126,0.8214285714285714,0.01
T250_OUTER_02,University College Dublin / Conway Institute,SEQUENCE_RIDGE_FULL,100.0,R4_EDINBURGH_USGO_20210324_6pm_KostarelosK_OkweloguE_EO13,1.0,0.01
T250_OUTER_02,University College Dublin / Conway Institute,SEQUENCE_RIDGE_FULL,100.0,R4_EDINBURGH_USGO_20210324_6pm_KostarelosK_OkweloguE_EO26,0.4857142857142857,0.01
T250_OUTER_02,University College Dublin / Conway Institute,SEQUENCE_RIDGE_FULL,100.0,R4_EDINBURGH_USGO_20210324_6pm_KostarelosK_OkweloguE_EO36,0.8285714285714286,0.01
T250_OUTER_02,University College Dublin / Conway Institute,SEQUENCE_RIDGE_FULL,100.0,R4_EDINBURGH_USGO_20210324_6pm_KostarelosK_OkweloguE_EO40,0.8857142857142857,0.01
T250_OUTER_02,University College Dublin / Conway Institute,SEQUENCE_RIDGE_FULL,100.0,R4_EDINBURGH_USGO_20210324_6pm_KostarelosK_OkweloguE_EO42,0.6571428571428571,0.01
T250_OUTER_02,University College Dublin / Conway Institute,SEQUENCE_RIDGE_FULL,100.0,R4_EDINBURGH_USGO_20210324_6pm_KostarelosK_OkweloguE_EO44,0.6,0.01
T250_OUTER_02,University College Dublin / Conway Institute,SEQUENCE_RIDGE_FULL,100.0,R4_EDINBURGH_USGO_20210324_6pm_KostarelosK_OkweloguE_EO5,0.7142857142857143,0.01
T250_OUTER_02,University College Dublin / Conway Institute,SEQUENCE_RIDGE_FULL,100.0,R4_EDINBURGH_USGO_20210324_6pm_KostarelosK_OkweloguE_EO50,0.6071428571428571,0.01
T250_OUTER_02,University College Dublin / Conway Institute,SEQUENCE_RIDGE_FULL,100.0,R4_EDINBURGH_USGO_20210324_6pm_KostarelosK_OkweloguE_EO53,0.37142857142857144,0.01
T250_OUTER_02,University College Dublin / Conway Institute,SEQUENCE_RIDGE_FULL,100.0,R4_EDINBURGH_USGO_20210324_6pm_KostarelosK_OkweloguE_EO60,0.7714285714285715,0.01
T250_OUTER_02,University College Dublin / Conway Institute,SEQUENCE_RIDGE_FULL,100.0,R4_EDINBURGH_USGO_20210324_6pm_KostarelosK_OkweloguE_EO62,0.10714285714285714,0.01
T250_OUTER_02,University College Dublin / Conway Institute,SEQUENCE_RIDGE_FULL,100.0,R4_EDINBURGH_USGO_20210324_6pm_KostarelosK_OkweloguE_EO69,0.6785714285714286,0.01
T250_OUTER_02,University College Dublin / Conway Institute,SEQUENCE_RIDGE_FULL,100.0,R4_EDINBURGH_USGO_20210324_6pm_KostarelosK_OkweloguE_EO76,0.25,0.01
T250_OUTER_02,University College Dublin / Conway Institute,SEQUENCE_RIDGE_FULL,100.0,R4_EDINBURGH_USGO_20210324_6pm_KostarelosK_OkweloguE_EO77,0.9428571428571428,0.01
T250_OUTER_02,University College Dublin / Conway Institute,SEQUENCE_RIDGE_FULL,100.0,R4_EDINBURGH_USGO_20210324_6pm_KostarelosK_OkweloguE_EO79,0.75,0.01
T250_OUTER_02,University College Dublin / Conway Institute,SEQUENCE_RIDGE_FULL,100.0,R4_EDINBURGH_USGO_20210324_6pm_KostarelosK_OkweloguE_EO86,0.8214285714285714,0.01
T250_OUTER_02,University College Dublin / Conway Institute,SEQUENCE_RIDGE_FULL,100.0,R4_EDINBURGH_USGO_20210324_6pm_KostarelosK_OkweloguE_EO87,0.8571428571428571,0.01
T250_OUTER_02,University College Dublin / Conway Institute,SEQUENCE_RIDGE_FULL,100.0,R4_PXD060795_F1,0.9285714285714286,0.01
T250_OUTER_02,University College Dublin / Conway Institute,SEQUENCE_RIDGE_FULL,100.0,R4_PXD060795_F2,0.9285714285714286,0.01
T250_OUTER_02,University College Dublin / Conway Institute,SEQUENCE_RIDGE_FULL,100.0,R4_PXD060795_F3,0.9285714285714286,0.01
T250_OUTER_02,University College Dublin / Conway Institute,SEQUENCE_RIDGE_FULL,100.0,R4_PXD060795_F7,0.8214285714285714,0.01
T250_OUTER_02,University College Dublin / Conway Institute,SEQUENCE_RIDGE_FULL,100.0,R4_PXD060795_F8,0.7714285714285715,0.01
T250_OUTER_02,University College Dublin / Conway Institute,SEQUENCE_RIDGE_FULL,100.0,R4_PXD060795_F9,0.7714285714285715,0.01
T250_OUTER_02,University College Dublin / Conway Institute,SEQUENCE_RIDGE_FULL,100.0,__MEAN__,0.7717647058823529,0.01
T250_OUTER_02,University College Dublin / Conway Institute,SEQUENCE_RIDGE_COMPOSITION_ONLY,0.01,PMC6592156:PH:pH 4.9:Rep1,1.0,0.01
T250_OUTER_02,University College Dublin / Conway Institute,SEQUENCE_RIDGE_COMPOSITION_ONLY,0.01,PMC6592156:PH:pH 4.9:Rep2,0.9428571428571428,0.01
T250_OUTER_02,University College Dublin / Conway Institute,SEQUENCE_RIDGE_COMPOSITION_ONLY,0.01,PMC6592156:PH:pH 4.9:Rep3,0.8285714285714286,0.01
T250_OUTER_02,University College Dublin / Conway Institute,SEQUENCE_RIDGE_COMPOSITION_ONLY,0.01,PMC6592156:PH:pH 6.1:Rep1,0.7714285714285715,0.01
T250_OUTER_02,University College Dublin / Conway Institute,SEQUENCE_RIDGE_COMPOSITION_ONLY,0.01,PMC6592156:PH:pH 6.1:Rep2,0.8214285714285714,0.01
T250_OUTER_02,University College Dublin / Conway Institute,SEQUENCE_RIDGE_COMPOSITION_ONLY,0.01,PMC6592156:PH:pH 6.1:Rep3,0.9,0.01
T250_OUTER_02,University College Dublin / Conway Institute,SEQUENCE_RIDGE_COMPOSITION_ONLY,0.01,PMC6592156:PH:pH 6.8:Rep1,0.9642857142857143,0.01
T250_OUTER_02,University College Dublin / Conway Institute,SEQUENCE_RIDGE_COMPOSITION_ONLY,0.01,PMC6592156:PH:pH 6.8:Rep2,0.8214285714285714,0.01
T250_OUTER_02,University College Dublin / Conway Institute,SEQUENCE_RIDGE_COMPOSITION_ONLY,0.01,PMC6592156:PH:pH 6.8:Rep3,0.6785714285714286,0.01
T250_OUTER_02,University College Dublin / Conway Institute,SEQUENCE_RIDGE_COMPOSITION_ONLY,0.01,PMC6592156:PH:pH 7.7:Rep1,0.9428571428571428,0.01
T250_OUTER_02,University College Dublin / Conway Institute,SEQUENCE_RIDGE_COMPOSITION_ONLY,0.01,PMC6592156:PH:pH 7.7:Rep2,0.7857142857142857,0.01
T250_OUTER_02,University College Dublin / Conway Institute,SEQUENCE_RIDGE_COMPOSITION_ONLY,0.01,PMC6592156:PH:pH 7.7:Rep3,0.7857142857142857,0.01
T250_OUTER_02,University College Dublin / Conway Institute,SEQUENCE_RIDGE_COMPOSITION_ONLY,0.01,PMC6592156:PH:pH 8.9:Rep1,0.8928571428571429,0.01
T250_OUTER_02,University College Dublin / Conway Institute,SEQUENCE_RIDGE_COMPOSITION_ONLY,0.01,PMC6592156:PH:pH 8.9:Rep2,0.9285714285714286,0.01
T250_OUTER_02,University College Dublin / Conway Institute,SEQUENCE_RIDGE_COMPOSITION_ONLY,0.01,PMC6592156:PH:pH 8.9:Rep3,0.9642857142857143,0.01
T250_OUTER_02,University College Dublin / Conway Institute,SEQUENCE_RIDGE_COMPOSITION_ONLY,0.01,PMC6592156:TEMPERATURE:17 °C:Rep1,0.7714285714285715,0.01
T250_OUTER_02,University College Dublin / Conway Institute,SEQUENCE_RIDGE_COMPOSITION_ONLY,0.01,PMC6592156:TEMPERATURE:17 °C:Rep2,0.7142857142857143,0.01
T250_OUTER_02,University College Dublin / Conway Institute,SEQUENCE_RIDGE_COMPOSITION_ONLY,0.01,PMC6592156:TEMPERATURE:17 °C:Rep3,0.8,0.01
T250_OUTER_02,University College Dublin / Conway Institute,SEQUENCE_RIDGE_COMPOSITION_ONLY,0.01,PMC6592156:TEMPERATURE:30 °C:Rep1,0.9428571428571428,0.01
T250_OUTER_02,University College Dublin / Conway Institute,SEQUENCE_RIDGE_COMPOSITION_ONLY,0.01,PMC6592156:TEMPERATURE:30 °C:Rep2,0.8,0.01
T250_OUTER_02,University College Dublin / Conway Institute,SEQUENCE_RIDGE_COMPOSITION_ONLY,0.01,PMC6592156:TEMPERATURE:30 °C:Rep3,0.8571428571428571,0.01
T250_OUTER_02,University College Dublin / Conway Institute,SEQUENCE_RIDGE_COMPOSITION_ONLY,0.01,PMC6592156:TEMPERATURE:4 °C:Rep1,0.8928571428571429,0.01
T250_OUTER_02,University College Dublin / Conway Institute,SEQUENCE_RIDGE_COMPOSITION_ONLY,0.01,PMC6592156:TEMPERATURE:4 °C:Rep2,0.8928571428571429,0.01
T250_OUTER_02,University College Dublin / Conway Institute,SEQUENCE_RIDGE_COMPOSITION_ONLY,0.01,PMC6592156:TEMPERATURE:4 °C:Rep3,0.8285714285714286,0.01
T250_OUTER_02,University College Dublin / Conway Institute,SEQUENCE_RIDGE_COMPOSITION_ONLY,0.01,PMC6592156:TEMPERATURE:41 °C:Rep1,0.8571428571428571,0.01
T250_OUTER_02,University College Dublin / Conway Institute,SEQUENCE_RIDGE_COMPOSITION_ONLY,0.01,PMC6592156:TEMPERATURE:41 °C:Rep2,0.8571428571428571,0.01
T250_OUTER_02,University College Dublin / Conway Institute,SEQUENCE_RIDGE_COMPOSITION_ONLY,0.01,PMC6592156:TEMPERATURE:41 °C:Rep3,0.8571428571428571,0.01
T250_OUTER_02,University College Dublin / Conway Institute,SEQUENCE_RIDGE_COMPOSITION_ONLY,0.01,PMC6592156:TEMPERATURE:47 °C:Rep1,0.8285714285714286,0.01
T250_OUTER_02,University College Dublin / Conway Institute,SEQUENCE_RIDGE_COMPOSITION_ONLY,0.01,PMC6592156:TEMPERATURE:47 °C:Rep2,0.8928571428571429,0.01
T250_OUTER_02,University College Dublin / Conway Institute,SEQUENCE_RIDGE_COMPOSITION_ONLY,0.01,PMC6592156:TEMPERATURE:47 °C:Rep3,0.8928571428571429,0.01
T250_OUTER_02,University College Dublin / Conway Institute,SEQUENCE_RIDGE_COMPOSITION_ONLY,0.01,R4_EDINBURGH_SGO_20210324_6pm_KostarelosK_OkweloguE_EO10,0.8857142857142857,0.01
T250_OUTER_02,University College Dublin / Conway Institute,SEQUENCE_RIDGE_COMPOSITION_ONLY,0.01,R4_EDINBURGH_SGO_20210324_6pm_KostarelosK_OkweloguE_EO103,0.7714285714285715,0.01
T250_OUTER_02,University College Dublin / Conway Institute,SEQUENCE_RIDGE_COMPOSITION_ONLY,0.01,R4_EDINBURGH_SGO_20210324_6pm_KostarelosK_OkweloguE_EO105,0.8285714285714286,0.01
T250_OUTER_02,University College Dublin / Conway Institute,SEQUENCE_RIDGE_COMPOSITION_ONLY,0.01,R4_EDINBURGH_SGO_20210324_6pm_KostarelosK_OkweloguE_EO107,0.7714285714285715,0.01
T250_OUTER_02,University College Dublin / Conway Institute,SEQUENCE_RIDGE_COMPOSITION_ONLY,0.01,R4_EDINBURGH_SGO_20210324_6pm_KostarelosK_OkweloguE_EO113,0.9428571428571428,0.01
T250_OUTER_02,University College Dublin / Conway Institute,SEQUENCE_RIDGE_COMPOSITION_ONLY,0.01,R4_EDINBURGH_SGO_20210324_6pm_KostarelosK_OkweloguE_EO116,0.4,0.01
T250_OUTER_02,University College Dublin / Conway Institute,SEQUENCE_RIDGE_COMPOSITION_ONLY,0.01,R4_EDINBURGH_SGO_20210324_6pm_KostarelosK_OkweloguE_EO12,0.8,0.01
T250_OUTER_02,University College Dublin / Conway Institute,SEQUENCE_RIDGE_COMPOSITION_ONLY,0.01,R4_EDINBURGH_SGO_20210324_6pm_KostarelosK_OkweloguE_EO16,0.9,0.01
T250_OUTER_02,University College Dublin / Conway Institute,SEQUENCE_RIDGE_COMPOSITION_ONLY,0.01,R4_EDINBURGH_SGO_20210324_6pm_KostarelosK_OkweloguE_EO21,0.37142857142857144,0.01
T250_OUTER_02,University College Dublin / Conway Institute,SEQUENCE_RIDGE_COMPOSITION_ONLY,0.01,R4_EDINBURGH_SGO_20210324_6pm_KostarelosK_OkweloguE_EO24,0.9428571428571428,0.01
T250_OUTER_02,University College Dublin / Conway Institute,SEQUENCE_RIDGE_COMPOSITION_ONLY,0.01,R4_EDINBURGH_SGO_20210324_6pm_KostarelosK_OkweloguE_EO31,0.7142857142857143,0.01
T250_OUTER_02,University College Dublin / Conway Institute,SEQUENCE_RIDGE_COMPOSITION_ONLY,0.01,R4_EDINBURGH_SGO_20210324_6pm_KostarelosK_OkweloguE_EO34,0.14285714285714285,0.01
T250_OUTER_02,University College Dublin / Conway Institute,SEQUENCE_RIDGE_COMPOSITION_ONLY,0.01,R4_EDINBURGH_SGO_20210324_6pm_KostarelosK_OkweloguE_EO4,0.8857142857142857,0.01
T250_OUTER_02,University College Dublin / Conway Institute,SEQUENCE_RIDGE_COMPOSITION_ONLY,0.01,R4_EDINBURGH_SGO_20210324_6pm_KostarelosK_OkweloguE_EO43,0.6,0.01
T250_OUTER_02,University College Dublin / Conway Institute,SEQUENCE_RIDGE_COMPOSITION_ONLY,0.01,R4_EDINBURGH_SGO_20210324_6pm_KostarelosK_OkweloguE_EO52,0.7714285714285715,0.01
T250_OUTER_02,University College Dublin / Conway Institute,SEQUENCE_RIDGE_COMPOSITION_ONLY,0.01,R4_EDINBURGH_SGO_20210324_6pm_KostarelosK_OkweloguE_EO64,0.8857142857142857,0.01
T250_OUTER_02,University College Dublin / Conway Institute,SEQUENCE_RIDGE_COMPOSITION_ONLY,0.01,R4_EDINBURGH_SGO_20210324_6pm_KostarelosK_OkweloguE_EO66,0.8285714285714286,0.01
T250_OUTER_02,University College Dublin / Conway Institute,SEQUENCE_RIDGE_COMPOSITION_ONLY,0.01,R4_EDINBURGH_SGO_20210324_6pm_KostarelosK_OkweloguE_EO73,0.9428571428571428,0.01
T250_OUTER_02,University College Dublin / Conway Institute,SEQUENCE_RIDGE_COMPOSITION_ONLY,0.01,R4_EDINBURGH_SGO_20210324_6pm_KostarelosK_OkweloguE_EO83,0.9428571428571428,0.01
T250_OUTER_02,University College Dublin / Conway Institute,SEQUENCE_RIDGE_COMPOSITION_ONLY,0.01,R4_EDINBURGH_SGO_20210324_6pm_KostarelosK_OkweloguE_EO88,0.3,0.01
T250_OUTER_02,University College Dublin / Conway Institute,SEQUENCE_RIDGE_COMPOSITION_ONLY,0.01,R4_EDINBURGH_SGO_20210324_6pm_KostarelosK_OkweloguE_EO94,0.8285714285714286,0.01
T250_OUTER_02,University College Dublin / Conway Institute,SEQUENCE_RIDGE_COMPOSITION_ONLY,0.01,R4_EDINBURGH_SGO_20210324_6pm_KostarelosK_OkweloguE_EO96,0.9428571428571428,0.01
T250_OUTER_02,University College Dublin / Conway Institute,SEQUENCE_RIDGE_COMPOSITION_ONLY,0.01,R4_EDINBURGH_SGO_20210324_6pm_KostarelosK_OkweloguE_EO97,0.8285714285714286,0.01
T250_OUTER_02,University College Dublin / Conway Institute,SEQUENCE_RIDGE_COMPOSITION_ONLY,0.01,R4_EDINBURGH_USGO_20210324_6pm_KostarelosK_OkweloguE_EO106,0.7142857142857143,0.01
T250_OUTER_02,University College Dublin / Conway Institute,SEQUENCE_RIDGE_COMPOSITION_ONLY,0.01,R4_EDINBURGH_USGO_20210324_6pm_KostarelosK_OkweloguE_EO11,0.75,0.01
T250_OUTER_02,University College Dublin / Conway Institute,SEQUENCE_RIDGE_COMPOSITION_ONLY,0.01,R4_EDINBURGH_USGO_20210324_6pm_KostarelosK_OkweloguE_EO111,0.8928571428571429,0.01
T250_OUTER_02,University College Dublin / Conway Institute,SEQUENCE_RIDGE_COMPOSITION_ONLY,0.01,R4_EDINBURGH_USGO_20210324_6pm_KostarelosK_OkweloguE_EO112,0.75,0.01
T250_OUTER_02,University College Dublin / Conway Institute,SEQUENCE_RIDGE_COMPOSITION_ONLY,0.01,R4_EDINBURGH_USGO_20210324_6pm_KostarelosK_OkweloguE_EO115,0.8571428571428571,0.01
T250_OUTER_02,University College Dublin / Conway Institute,SEQUENCE_RIDGE_COMPOSITION_ONLY,0.01,R4_EDINBURGH_USGO_20210324_6pm_KostarelosK_OkweloguE_EO120,0.8214285714285714,0.01
T250_OUTER_02,University College Dublin / Conway Institute,SEQUENCE_RIDGE_COMPOSITION_ONLY,0.01,R4_EDINBURGH_USGO_20210324_6pm_KostarelosK_OkweloguE_EO121,0.5,0.01
T250_OUTER_02,University College Dublin / Conway Institute,SEQUENCE_RIDGE_COMPOSITION_ONLY,0.01,R4_EDINBURGH_USGO_20210324_6pm_KostarelosK_OkweloguE_EO125,1.0,0.01
T250_OUTER_02,University College Dublin / Conway Institute,SEQUENCE_RIDGE_COMPOSITION_ONLY,0.01,R4_EDINBURGH_USGO_20210324_6pm_KostarelosK_OkweloguE_EO126,0.75,0.01
T250_OUTER_02,University College Dublin / Conway Institute,SEQUENCE_RIDGE_COMPOSITION_ONLY,0.01,R4_EDINBURGH_USGO_20210324_6pm_KostarelosK_OkweloguE_EO13,0.9428571428571428,0.01
T250_OUTER_02,University College Dublin / Conway Institute,SEQUENCE_RIDGE_COMPOSITION_ONLY,0.01,R4_EDINBURGH_USGO_20210324_6pm_KostarelosK_OkweloguE_EO26,0.6,0.01
T250_OUTER_02,University College Dublin / Conway Institute,SEQUENCE_RIDGE_COMPOSITION_ONLY,0.01,R4_EDINBURGH_USGO_20210324_6pm_KostarelosK_OkweloguE_EO36,0.9428571428571428,0.01
T250_OUTER_02,University College Dublin / Conway Institute,SEQUENCE_RIDGE_COMPOSITION_ONLY,0.01,R4_EDINBURGH_USGO_20210324_6pm_KostarelosK_OkweloguE_EO40,0.9428571428571428,0.01
T250_OUTER_02,University College Dublin / Conway Institute,SEQUENCE_RIDGE_COMPOSITION_ONLY,0.01,R4_EDINBURGH_USGO_20210324_6pm_KostarelosK_OkweloguE_EO42,0.8285714285714286,0.01
T250_OUTER_02,University College Dublin / Conway Institute,SEQUENCE_RIDGE_COMPOSITION_ONLY,0.01,R4_EDINBURGH_USGO_20210324_6pm_KostarelosK_OkweloguE_EO44,0.7714285714285715,0.01
T250_OUTER_02,University College Dublin / Conway Institute,SEQUENCE_RIDGE_COMPOSITION_ONLY,0.01,R4_EDINBURGH_USGO_20210324_6pm_KostarelosK_OkweloguE_EO5,0.8214285714285714,0.01
T250_OUTER_02,University College Dublin / Conway Institute,SEQUENCE_RIDGE_COMPOSITION_ONLY,0.01,R4_EDINBURGH_USGO_20210324_6pm_KostarelosK_OkweloguE_EO50,0.6785714285714286,0.01
T250_OUTER_02,University College Dublin / Conway Institute,SEQUENCE_RIDGE_COMPOSITION_ONLY,0.01,R4_EDINBURGH_USGO_20210324_6pm_KostarelosK_OkweloguE_EO53,0.5428571428571428,0.01
T250_OUTER_02,University College Dublin / Conway Institute,SEQUENCE_RIDGE_COMPOSITION_ONLY,0.01,R4_EDINBURGH_USGO_20210324_6pm_KostarelosK_OkweloguE_EO60,0.8285714285714286,0.01
T250_OUTER_02,University College Dublin / Conway Institute,SEQUENCE_RIDGE_COMPOSITION_ONLY,0.01,R4_EDINBURGH_USGO_20210324_6pm_KostarelosK_OkweloguE_EO62,0.21428571428571427,0.01
T250_OUTER_02,University College Dublin / Conway Institute,SEQUENCE_RIDGE_COMPOSITION_ONLY,0.01,R4_EDINBURGH_USGO_20210324_6pm_KostarelosK_OkweloguE_EO69,0.7142857142857143,0.01
T250_OUTER_02,University College Dublin / Conway Institute,SEQUENCE_RIDGE_COMPOSITION_ONLY,0.01,R4_EDINBURGH_USGO_20210324_6pm_KostarelosK_OkweloguE_EO76,0.32142857142857145,0.01
T250_OUTER_02,University College Dublin / Conway Institute,SEQUENCE_RIDGE_COMPOSITION_ONLY,0.01,R4_EDINBURGH_USGO_20210324_6pm_KostarelosK_OkweloguE_EO77,0.8857142857142857,0.01
T250_OUTER_02,University College Dublin / Conway Institute,SEQUENCE_RIDGE_COMPOSITION_ONLY,0.01,R4_EDINBURGH_USGO_20210324_6pm_KostarelosK_OkweloguE_EO79,0.75,0.01
T250_OUTER_02,University College Dublin / Conway Institute,SEQUENCE_RIDGE_COMPOSITION_ONLY,0.01,R4_EDINBURGH_USGO_20210324_6pm_KostarelosK_OkweloguE_EO86,0.8571428571428571,0.01
T250_OUTER_02,University College Dublin / Conway Institute,SEQUENCE_RIDGE_COMPOSITION_ONLY,0.01,R4_EDINBURGH_USGO_20210324_6pm_KostarelosK_OkweloguE_EO87,0.8928571428571429,0.01
T250_OUTER_02,University College Dublin / Conway Institute,SEQUENCE_RIDGE_COMPOSITION_ONLY,0.01,R4_PXD060795_F1,0.9642857142857143,0.01
T250_OUTER_02,University College Dublin / Conway Institute,SEQUENCE_RIDGE_COMPOSITION_ONLY,0.01,R4_PXD060795_F2,0.9642857142857143,0.01
T250_OUTER_02,University College Dublin / Conway Institute,SEQUENCE_RIDGE_COMPOSITION_ONLY,0.01,R4_PXD060795_F3,0.9642857142857143,0.01
T250_OUTER_02,University College Dublin / Conway Institute,SEQUENCE_RIDGE_COMPOSITION_ONLY,0.01,R4_PXD060795_F7,0.8928571428571429,0.01
T250_OUTER_02,University College Dublin / Conway Institute,SEQUENCE_RIDGE_COMPOSITION_ONLY,0.01,R4_PXD060795_F8,0.8857142857142857,0.01
T250_OUTER_02,University College Dublin / Conway Institute,SEQUENCE_RIDGE_COMPOSITION_ONLY,0.01,R4_PXD060795_F9,0.8857142857142857,0.01
T250_OUTER_02,University College Dublin / Conway Institute,SEQUENCE_RIDGE_COMPOSITION_ONLY,0.01,__MEAN__,0.8008403361344536,0.01
T250_OUTER_02,University College Dublin / Conway Institute,SEQUENCE_RIDGE_COMPOSITION_ONLY,0.1,PMC6592156:PH:pH 4.9:Rep1,1.0,0.01
T250_OUTER_02,University College Dublin / Conway Institute,SEQUENCE_RIDGE_COMPOSITION_ONLY,0.1,PMC6592156:PH:pH 4.9:Rep2,0.9428571428571428,0.01
T250_OUTER_02,University College Dublin / Conway Institute,SEQUENCE_RIDGE_COMPOSITION_ONLY,0.1,PMC6592156:PH:pH 4.9:Rep3,0.8285714285714286,0.01
T250_OUTER_02,University College Dublin / Conway Institute,SEQUENCE_RIDGE_COMPOSITION_ONLY,0.1,PMC6592156:PH:pH 6.1:Rep1,0.7714285714285715,0.01
T250_OUTER_02,University College Dublin / Conway Institute,SEQUENCE_RIDGE_COMPOSITION_ONLY,0.1,PMC6592156:PH:pH 6.1:Rep2,0.8214285714285714,0.01
T250_OUTER_02,University College Dublin / Conway Institute,SEQUENCE_RIDGE_COMPOSITION_ONLY,0.1,PMC6592156:PH:pH 6.1:Rep3,0.9,0.01
T250_OUTER_02,University College Dublin / Conway Institute,SEQUENCE_RIDGE_COMPOSITION_ONLY,0.1,PMC6592156:PH:pH 6.8:Rep1,0.9642857142857143,0.01
T250_OUTER_02,University College Dublin / Conway Institute,SEQUENCE_RIDGE_COMPOSITION_ONLY,0.1,PMC6592156:PH:pH 6.8:Rep2,0.8214285714285714,0.01
T250_OUTER_02,University College Dublin / Conway Institute,SEQUENCE_RIDGE_COMPOSITION_ONLY,0.1,PMC6592156:PH:pH 6.8:Rep3,0.6785714285714286,0.01
T250_OUTER_02,University College Dublin / Conway Institute,SEQUENCE_RIDGE_COMPOSITION_ONLY,0.1,PMC6592156:PH:pH 7.7:Rep1,0.9428571428571428,0.01
T250_OUTER_02,University College Dublin / Conway Institute,SEQUENCE_RIDGE_COMPOSITION_ONLY,0.1,PMC6592156:PH:pH 7.7:Rep2,0.7857142857142857,0.01
T250_OUTER_02,University College Dublin / Conway Institute,SEQUENCE_RIDGE_COMPOSITION_ONLY,0.1,PMC6592156:PH:pH 7.7:Rep3,0.7857142857142857,0.01
T250_OUTER_02,University College Dublin / Conway Institute,SEQUENCE_RIDGE_COMPOSITION_ONLY,0.1,PMC6592156:PH:pH 8.9:Rep1,0.8928571428571429,0.01
T250_OUTER_02,University College Dublin / Conway Institute,SEQUENCE_RIDGE_COMPOSITION_ONLY,0.1,PMC6592156:PH:pH 8.9:Rep2,0.9285714285714286,0.01
T250_OUTER_02,University College Dublin / Conway Institute,SEQUENCE_RIDGE_COMPOSITION_ONLY,0.1,PMC6592156:PH:pH 8.9:Rep3,0.9642857142857143,0.01
T250_OUTER_02,University College Dublin / Conway Institute,SEQUENCE_RIDGE_COMPOSITION_ONLY,0.1,PMC6592156:TEMPERATURE:17 °C:Rep1,0.7714285714285715,0.01
T250_OUTER_02,University College Dublin / Conway Institute,SEQUENCE_RIDGE_COMPOSITION_ONLY,0.1,PMC6592156:TEMPERATURE:17 °C:Rep2,0.7142857142857143,0.01
T250_OUTER_02,University College Dublin / Conway Institute,SEQUENCE_RIDGE_COMPOSITION_ONLY,0.1,PMC6592156:TEMPERATURE:17 °C:Rep3,0.8,0.01
T250_OUTER_02,University College Dublin / Conway Institute,SEQUENCE_RIDGE_COMPOSITION_ONLY,0.1,PMC6592156:TEMPERATURE:30 °C:Rep1,0.9428571428571428,0.01
T250_OUTER_02,University College Dublin / Conway Institute,SEQUENCE_RIDGE_COMPOSITION_ONLY,0.1,PMC6592156:TEMPERATURE:30 °C:Rep2,0.8,0.01
T250_OUTER_02,University College Dublin / Conway Institute,SEQUENCE_RIDGE_COMPOSITION_ONLY,0.1,PMC6592156:TEMPERATURE:30 °C:Rep3,0.8571428571428571,0.01
T250_OUTER_02,University College Dublin / Conway Institute,SEQUENCE_RIDGE_COMPOSITION_ONLY,0.1,PMC6592156:TEMPERATURE:4 °C:Rep1,0.8928571428571429,0.01
T250_OUTER_02,University College Dublin / Conway Institute,SEQUENCE_RIDGE_COMPOSITION_ONLY,0.1,PMC6592156:TEMPERATURE:4 °C:Rep2,0.8928571428571429,0.01
T250_OUTER_02,University College Dublin / Conway Institute,SEQUENCE_RIDGE_COMPOSITION_ONLY,0.1,PMC6592156:TEMPERATURE:4 °C:Rep3,0.8285714285714286,0.01
T250_OUTER_02,University College Dublin / Conway Institute,SEQUENCE_RIDGE_COMPOSITION_ONLY,0.1,PMC6592156:TEMPERATURE:41 °C:Rep1,0.8571428571428571,0.01
T250_OUTER_02,University College Dublin / Conway Institute,SEQUENCE_RIDGE_COMPOSITION_ONLY,0.1,PMC6592156:TEMPERATURE:41 °C:Rep2,0.8571428571428571,0.01
T250_OUTER_02,University College Dublin / Conway Institute,SEQUENCE_RIDGE_COMPOSITION_ONLY,0.1,PMC6592156:TEMPERATURE:41 °C:Rep3,0.8571428571428571,0.01
T250_OUTER_02,University College Dublin / Conway Institute,SEQUENCE_RIDGE_COMPOSITION_ONLY,0.1,PMC6592156:TEMPERATURE:47 °C:Rep1,0.8285714285714286,0.01
T250_OUTER_02,University College Dublin / Conway Institute,SEQUENCE_RIDGE_COMPOSITION_ONLY,0.1,PMC6592156:TEMPERATURE:47 °C:Rep2,0.8928571428571429,0.01
T250_OUTER_02,University College Dublin / Conway Institute,SEQUENCE_RIDGE_COMPOSITION_ONLY,0.1,PMC6592156:TEMPERATURE:47 °C:Rep3,0.8928571428571429,0.01
T250_OUTER_02,University College Dublin / Conway Institute,SEQUENCE_RIDGE_COMPOSITION_ONLY,0.1,R4_EDINBURGH_SGO_20210324_6pm_KostarelosK_OkweloguE_EO10,0.8857142857142857,0.01
T250_OUTER_02,University College Dublin / Conway Institute,SEQUENCE_RIDGE_COMPOSITION_ONLY,0.1,R4_EDINBURGH_SGO_20210324_6pm_KostarelosK_OkweloguE_EO103,0.7714285714285715,0.01
T250_OUTER_02,University College Dublin / Conway Institute,SEQUENCE_RIDGE_COMPOSITION_ONLY,0.1,R4_EDINBURGH_SGO_20210324_6pm_KostarelosK_OkweloguE_EO105,0.8285714285714286,0.01
T250_OUTER_02,University College Dublin / Conway Institute,SEQUENCE_RIDGE_COMPOSITION_ONLY,0.1,R4_EDINBURGH_SGO_20210324_6pm_KostarelosK_OkweloguE_EO107,0.7714285714285715,0.01
T250_OUTER_02,University College Dublin / Conway Institute,SEQUENCE_RIDGE_COMPOSITION_ONLY,0.1,R4_EDINBURGH_SGO_20210324_6pm_KostarelosK_OkweloguE_EO113,0.9428571428571428,0.01
T250_OUTER_02,University College Dublin / Conway Institute,SEQUENCE_RIDGE_COMPOSITION_ONLY,0.1,R4_EDINBURGH_SGO_20210324_6pm_KostarelosK_OkweloguE_EO116,0.4,0.01
T250_OUTER_02,University College Dublin / Conway Institute,SEQUENCE_RIDGE_COMPOSITION_ONLY,0.1,R4_EDINBURGH_SGO_20210324_6pm_KostarelosK_OkweloguE_EO12,0.8,0.01
T250_OUTER_02,University College Dublin / Conway Institute,SEQUENCE_RIDGE_COMPOSITION_ONLY,0.1,R4_EDINBURGH_SGO_20210324_6pm_KostarelosK_OkweloguE_EO16,0.9,0.01
T250_OUTER_02,University College Dublin / Conway Institute,SEQUENCE_RIDGE_COMPOSITION_ONLY,0.1,R4_EDINBURGH_SGO_20210324_6pm_KostarelosK_OkweloguE_EO21,0.37142857142857144,0.01
T250_OUTER_02,University College Dublin / Conway Institute,SEQUENCE_RIDGE_COMPOSITION_ONLY,0.1,R4_EDINBURGH_SGO_20210324_6pm_KostarelosK_OkweloguE_EO24,0.9428571428571428,0.01
T250_OUTER_02,University College Dublin / Conway Institute,SEQUENCE_RIDGE_COMPOSITION_ONLY,0.1,R4_EDINBURGH_SGO_20210324_6pm_KostarelosK_OkweloguE_EO31,0.7142857142857143,0.01
T250_OUTER_02,University College Dublin / Conway Institute,SEQUENCE_RIDGE_COMPOSITION_ONLY,0.1,R4_EDINBURGH_SGO_20210324_6pm_KostarelosK_OkweloguE_EO34,0.14285714285714285,0.01
T250_OUTER_02,University College Dublin / Conway Institute,SEQUENCE_RIDGE_COMPOSITION_ONLY,0.1,R4_EDINBURGH_SGO_20210324_6pm_KostarelosK_OkweloguE_EO4,0.8857142857142857,0.01
T250_OUTER_02,University College Dublin / Conway Institute,SEQUENCE_RIDGE_COMPOSITION_ONLY,0.1,R4_EDINBURGH_SGO_20210324_6pm_KostarelosK_OkweloguE_EO43,0.6,0.01
T250_OUTER_02,University College Dublin / Conway Institute,SEQUENCE_RIDGE_COMPOSITION_ONLY,0.1,R4_EDINBURGH_SGO_20210324_6pm_KostarelosK_OkweloguE_EO52,0.7714285714285715,0.01
T250_OUTER_02,University College Dublin / Conway Institute,SEQUENCE_RIDGE_COMPOSITION_ONLY,0.1,R4_EDINBURGH_SGO_20210324_6pm_KostarelosK_OkweloguE_EO64,0.8857142857142857,0.01
T250_OUTER_02,University College Dublin / Conway Institute,SEQUENCE_RIDGE_COMPOSITION_ONLY,0.1,R4_EDINBURGH_SGO_20210324_6pm_KostarelosK_OkweloguE_EO66,0.8285714285714286,0.01
T250_OUTER_02,University College Dublin / Conway Institute,SEQUENCE_RIDGE_COMPOSITION_ONLY,0.1,R4_EDINBURGH_SGO_20210324_6pm_KostarelosK_OkweloguE_EO73,0.9428571428571428,0.01
T250_OUTER_02,University College Dublin / Conway Institute,SEQUENCE_RIDGE_COMPOSITION_ONLY,0.1,R4_EDINBURGH_SGO_20210324_6pm_KostarelosK_OkweloguE_EO83,0.9428571428571428,0.01
T250_OUTER_02,University College Dublin / Conway Institute,SEQUENCE_RIDGE_COMPOSITION_ONLY,0.1,R4_EDINBURGH_SGO_20210324_6pm_KostarelosK_OkweloguE_EO88,0.3,0.01
T250_OUTER_02,University College Dublin / Conway Institute,SEQUENCE_RIDGE_COMPOSITION_ONLY,0.1,R4_EDINBURGH_SGO_20210324_6pm_KostarelosK_OkweloguE_EO94,0.8285714285714286,0.01
T250_OUTER_02,University College Dublin / Conway Institute,SEQUENCE_RIDGE_COMPOSITION_ONLY,0.1,R4_EDINBURGH_SGO_20210324_6pm_KostarelosK_OkweloguE_EO96,0.9428571428571428,0.01
T250_OUTER_02,University College Dublin / Conway Institute,SEQUENCE_RIDGE_COMPOSITION_ONLY,0.1,R4_EDINBURGH_SGO_20210324_6pm_KostarelosK_OkweloguE_EO97,0.8285714285714286,0.01
T250_OUTER_02,University College Dublin / Conway Institute,SEQUENCE_RIDGE_COMPOSITION_ONLY,0.1,R4_EDINBURGH_USGO_20210324_6pm_KostarelosK_OkweloguE_EO106,0.7142857142857143,0.01
T250_OUTER_02,University College Dublin / Conway Institute,SEQUENCE_RIDGE_COMPOSITION_ONLY,0.1,R4_EDINBURGH_USGO_20210324_6pm_KostarelosK_OkweloguE_EO11,0.75,0.01
T250_OUTER_02,University College Dublin / Conway Institute,SEQUENCE_RIDGE_COMPOSITION_ONLY,0.1,R4_EDINBURGH_USGO_20210324_6pm_KostarelosK_OkweloguE_EO111,0.8928571428571429,0.01
T250_OUTER_02,University College Dublin / Conway Institute,SEQUENCE_RIDGE_COMPOSITION_ONLY,0.1,R4_EDINBURGH_USGO_20210324_6pm_KostarelosK_OkweloguE_EO112,0.75,0.01
T250_OUTER_02,University College Dublin / Conway Institute,SEQUENCE_RIDGE_COMPOSITION_ONLY,0.1,R4_EDINBURGH_USGO_20210324_6pm_KostarelosK_OkweloguE_EO115,0.8571428571428571,0.01
T250_OUTER_02,University College Dublin / Conway Institute,SEQUENCE_RIDGE_COMPOSITION_ONLY,0.1,R4_EDINBURGH_USGO_20210324_6pm_KostarelosK_OkweloguE_EO120,0.8214285714285714,0.01
T250_OUTER_02,University College Dublin / Conway Institute,SEQUENCE_RIDGE_COMPOSITION_ONLY,0.1,R4_EDINBURGH_USGO_20210324_6pm_KostarelosK_OkweloguE_EO121,0.5,0.01
T250_OUTER_02,University College Dublin / Conway Institute,SEQUENCE_RIDGE_COMPOSITION_ONLY,0.1,R4_EDINBURGH_USGO_20210324_6pm_KostarelosK_OkweloguE_EO125,1.0,0.01
T250_OUTER_02,University College Dublin / Conway Institute,SEQUENCE_RIDGE_COMPOSITION_ONLY,0.1,R4_EDINBURGH_USGO_20210324_6pm_KostarelosK_OkweloguE_EO126,0.75,0.01
T250_OUTER_02,University College Dublin / Conway Institute,SEQUENCE_RIDGE_COMPOSITION_ONLY,0.1,R4_EDINBURGH_USGO_20210324_6pm_KostarelosK_OkweloguE_EO13,0.9428571428571428,0.01
T250_OUTER_02,University College Dublin / Conway Institute,SEQUENCE_RIDGE_COMPOSITION_ONLY,0.1,R4_EDINBURGH_USGO_20210324_6pm_KostarelosK_OkweloguE_EO26,0.6,0.01
T250_OUTER_02,University College Dublin / Conway Institute,SEQUENCE_RIDGE_COMPOSITION_ONLY,0.1,R4_EDINBURGH_USGO_20210324_6pm_KostarelosK_OkweloguE_EO36,0.9428571428571428,0.01
T250_OUTER_02,University College Dublin / Conway Institute,SEQUENCE_RIDGE_COMPOSITION_ONLY,0.1,R4_EDINBURGH_USGO_20210324_6pm_KostarelosK_OkweloguE_EO40,0.9428571428571428,0.01
T250_OUTER_02,University College Dublin / Conway Institute,SEQUENCE_RIDGE_COMPOSITION_ONLY,0.1,R4_EDINBURGH_USGO_20210324_6pm_KostarelosK_OkweloguE_EO42,0.8285714285714286,0.01
T250_OUTER_02,University College Dublin / Conway Institute,SEQUENCE_RIDGE_COMPOSITION_ONLY,0.1,R4_EDINBURGH_USGO_20210324_6pm_KostarelosK_OkweloguE_EO44,0.7714285714285715,0.01
T250_OUTER_02,University College Dublin / Conway Institute,SEQUENCE_RIDGE_COMPOSITION_ONLY,0.1,R4_EDINBURGH_USGO_20210324_6pm_KostarelosK_OkweloguE_EO5,0.8214285714285714,0.01
T250_OUTER_02,University College Dublin / Conway Institute,SEQUENCE_RIDGE_COMPOSITION_ONLY,0.1,R4_EDINBURGH_USGO_20210324_6pm_KostarelosK_OkweloguE_EO50,0.6785714285714286,0.01
T250_OUTER_02,University College Dublin / Conway Institute,SEQUENCE_RIDGE_COMPOSITION_ONLY,0.1,R4_EDINBURGH_USGO_20210324_6pm_KostarelosK_OkweloguE_EO53,0.5428571428571428,0.01
T250_OUTER_02,University College Dublin / Conway Institute,SEQUENCE_RIDGE_COMPOSITION_ONLY,0.1,R4_EDINBURGH_USGO_20210324_6pm_KostarelosK_OkweloguE_EO60,0.8285714285714286,0.01
T250_OUTER_02,University College Dublin / Conway Institute,SEQUENCE_RIDGE_COMPOSITION_ONLY,0.1,R4_EDINBURGH_USGO_20210324_6pm_KostarelosK_OkweloguE_EO62,0.21428571428571427,0.01
T250_OUTER_02,University College Dublin / Conway Institute,SEQUENCE_RIDGE_COMPOSITION_ONLY,0.1,R4_EDINBURGH_USGO_20210324_6pm_KostarelosK_OkweloguE_EO69,0.7142857142857143,0.01
T250_OUTER_02,University College Dublin / Conway Institute,SEQUENCE_RIDGE_COMPOSITION_ONLY,0.1,R4_EDINBURGH_USGO_20210324_6pm_KostarelosK_OkweloguE_EO76,0.32142857142857145,0.01
T250_OUTER_02,University College Dublin / Conway Institute,SEQUENCE_RIDGE_COMPOSITION_ONLY,0.1,R4_EDINBURGH_USGO_20210324_6pm_KostarelosK_OkweloguE_EO77,0.8857142857142857,0.01
T250_OUTER_02,University College Dublin / Conway Institute,SEQUENCE_RIDGE_COMPOSITION_ONLY,0.1,R4_EDINBURGH_USGO_20210324_6pm_KostarelosK_OkweloguE_EO79,0.75,0.01
T250_OUTER_02,University College Dublin / Conway Institute,SEQUENCE_RIDGE_COMPOSITION_ONLY,0.1,R4_EDINBURGH_USGO_20210324_6pm_KostarelosK_OkweloguE_EO86,0.8571428571428571,0.01
T250_OUTER_02,University College Dublin / Conway Institute,SEQUENCE_RIDGE_COMPOSITION_ONLY,0.1,R4_EDINBURGH_USGO_20210324_6pm_KostarelosK_OkweloguE_EO87,0.8928571428571429,0.01
T250_OUTER_02,University College Dublin / Conway Institute,SEQUENCE_RIDGE_COMPOSITION_ONLY,0.1,R4_PXD060795_F1,0.9642857142857143,0.01
T250_OUTER_02,University College Dublin / Conway Institute,SEQUENCE_RIDGE_COMPOSITION_ONLY,0.1,R4_PXD060795_F2,0.9642857142857143,0.01
T250_OUTER_02,University College Dublin / Conway Institute,SEQUENCE_RIDGE_COMPOSITION_ONLY,0.1,R4_PXD060795_F3,0.9642857142857143,0.01
T250_OUTER_02,University College Dublin / Conway Institute,SEQUENCE_RIDGE_COMPOSITION_ONLY,0.1,R4_PXD060795_F7,0.8928571428571429,0.01
T250_OUTER_02,University College Dublin / Conway Institute,SEQUENCE_RIDGE_COMPOSITION_ONLY,0.1,R4_PXD060795_F8,0.8857142857142857,0.01
T250_OUTER_02,University College Dublin / Conway Institute,SEQUENCE_RIDGE_COMPOSITION_ONLY,0.1,R4_PXD060795_F9,0.8857142857142857,0.01
T250_OUTER_02,University College Dublin / Conway Institute,SEQUENCE_RIDGE_COMPOSITION_ONLY,0.1,__MEAN__,0.8008403361344536,0.01
T250_OUTER_02,University College Dublin / Conway Institute,SEQUENCE_RIDGE_COMPOSITION_ONLY,1.0,PMC6592156:PH:pH 4.9:Rep1,1.0,0.01
T250_OUTER_02,University College Dublin / Conway Institute,SEQUENCE_RIDGE_COMPOSITION_ONLY,1.0,PMC6592156:PH:pH 4.9:Rep2,0.9428571428571428,0.01
T250_OUTER_02,University College Dublin / Conway Institute,SEQUENCE_RIDGE_COMPOSITION_ONLY,1.0,PMC6592156:PH:pH 4.9:Rep3,0.8285714285714286,0.01
T250_OUTER_02,University College Dublin / Conway Institute,SEQUENCE_RIDGE_COMPOSITION_ONLY,1.0,PMC6592156:PH:pH 6.1:Rep1,0.7714285714285715,0.01
T250_OUTER_02,University College Dublin / Conway Institute,SEQUENCE_RIDGE_COMPOSITION_ONLY,1.0,PMC6592156:PH:pH 6.1:Rep2,0.8214285714285714,0.01
T250_OUTER_02,University College Dublin / Conway Institute,SEQUENCE_RIDGE_COMPOSITION_ONLY,1.0,PMC6592156:PH:pH 6.1:Rep3,0.9,0.01
T250_OUTER_02,University College Dublin / Conway Institute,SEQUENCE_RIDGE_COMPOSITION_ONLY,1.0,PMC6592156:PH:pH 6.8:Rep1,0.9642857142857143,0.01
T250_OUTER_02,University College Dublin / Conway Institute,SEQUENCE_RIDGE_COMPOSITION_ONLY,1.0,PMC6592156:PH:pH 6.8:Rep2,0.8214285714285714,0.01
T250_OUTER_02,University College Dublin / Conway Institute,SEQUENCE_RIDGE_COMPOSITION_ONLY,1.0,PMC6592156:PH:pH 6.8:Rep3,0.6785714285714286,0.01
T250_OUTER_02,University College Dublin / Conway Institute,SEQUENCE_RIDGE_COMPOSITION_ONLY,1.0,PMC6592156:PH:pH 7.7:Rep1,0.9428571428571428,0.01
T250_OUTER_02,University College Dublin / Conway Institute,SEQUENCE_RIDGE_COMPOSITION_ONLY,1.0,PMC6592156:PH:pH 7.7:Rep2,0.7857142857142857,0.01
T250_OUTER_02,University College Dublin / Conway Institute,SEQUENCE_RIDGE_COMPOSITION_ONLY,1.0,PMC6592156:PH:pH 7.7:Rep3,0.7857142857142857,0.01
T250_OUTER_02,University College Dublin / Conway Institute,SEQUENCE_RIDGE_COMPOSITION_ONLY,1.0,PMC6592156:PH:pH 8.9:Rep1,0.8928571428571429,0.01
T250_OUTER_02,University College Dublin / Conway Institute,SEQUENCE_RIDGE_COMPOSITION_ONLY,1.0,PMC6592156:PH:pH 8.9:Rep2,0.9285714285714286,0.01
T250_OUTER_02,University College Dublin / Conway Institute,SEQUENCE_RIDGE_COMPOSITION_ONLY,1.0,PMC6592156:PH:pH 8.9:Rep3,0.9642857142857143,0.01
T250_OUTER_02,University College Dublin / Conway Institute,SEQUENCE_RIDGE_COMPOSITION_ONLY,1.0,PMC6592156:TEMPERATURE:17 °C:Rep1,0.7714285714285715,0.01
T250_OUTER_02,University College Dublin / Conway Institute,SEQUENCE_RIDGE_COMPOSITION_ONLY,1.0,PMC6592156:TEMPERATURE:17 °C:Rep2,0.7142857142857143,0.01
T250_OUTER_02,University College Dublin / Conway Institute,SEQUENCE_RIDGE_COMPOSITION_ONLY,1.0,PMC6592156:TEMPERATURE:17 °C:Rep3,0.8,0.01
T250_OUTER_02,University College Dublin / Conway Institute,SEQUENCE_RIDGE_COMPOSITION_ONLY,1.0,PMC6592156:TEMPERATURE:30 °C:Rep1,0.9428571428571428,0.01
T250_OUTER_02,University College Dublin / Conway Institute,SEQUENCE_RIDGE_COMPOSITION_ONLY,1.0,PMC6592156:TEMPERATURE:30 °C:Rep2,0.8,0.01
T250_OUTER_02,University College Dublin / Conway Institute,SEQUENCE_RIDGE_COMPOSITION_ONLY,1.0,PMC6592156:TEMPERATURE:30 °C:Rep3,0.8571428571428571,0.01
T250_OUTER_02,University College Dublin / Conway Institute,SEQUENCE_RIDGE_COMPOSITION_ONLY,1.0,PMC6592156:TEMPERATURE:4 °C:Rep1,0.8928571428571429,0.01
T250_OUTER_02,University College Dublin / Conway Institute,SEQUENCE_RIDGE_COMPOSITION_ONLY,1.0,PMC6592156:TEMPERATURE:4 °C:Rep2,0.8928571428571429,0.01
T250_OUTER_02,University College Dublin / Conway Institute,SEQUENCE_RIDGE_COMPOSITION_ONLY,1.0,PMC6592156:TEMPERATURE:4 °C:Rep3,0.8285714285714286,0.01
T250_OUTER_02,University College Dublin / Conway Institute,SEQUENCE_RIDGE_COMPOSITION_ONLY,1.0,PMC6592156:TEMPERATURE:41 °C:Rep1,0.8571428571428571,0.01
T250_OUTER_02,University College Dublin / Conway Institute,SEQUENCE_RIDGE_COMPOSITION_ONLY,1.0,PMC6592156:TEMPERATURE:41 °C:Rep2,0.8571428571428571,0.01
T250_OUTER_02,University College Dublin / Conway Institute,SEQUENCE_RIDGE_COMPOSITION_ONLY,1.0,PMC6592156:TEMPERATURE:41 °C:Rep3,0.8571428571428571,0.01
T250_OUTER_02,University College Dublin / Conway Institute,SEQUENCE_RIDGE_COMPOSITION_ONLY,1.0,PMC6592156:TEMPERATURE:47 °C:Rep1,0.8285714285714286,0.01
T250_OUTER_02,University College Dublin / Conway Institute,SEQUENCE_RIDGE_COMPOSITION_ONLY,1.0,PMC6592156:TEMPERATURE:47 °C:Rep2,0.8928571428571429,0.01
T250_OUTER_02,University College Dublin / Conway Institute,SEQUENCE_RIDGE_COMPOSITION_ONLY,1.0,PMC6592156:TEMPERATURE:47 °C:Rep3,0.8928571428571429,0.01
T250_OUTER_02,University College Dublin / Conway Institute,SEQUENCE_RIDGE_COMPOSITION_ONLY,1.0,R4_EDINBURGH_SGO_20210324_6pm_KostarelosK_OkweloguE_EO10,0.8857142857142857,0.01
T250_OUTER_02,University College Dublin / Conway Institute,SEQUENCE_RIDGE_COMPOSITION_ONLY,1.0,R4_EDINBURGH_SGO_20210324_6pm_KostarelosK_OkweloguE_EO103,0.7714285714285715,0.01
T250_OUTER_02,University College Dublin / Conway Institute,SEQUENCE_RIDGE_COMPOSITION_ONLY,1.0,R4_EDINBURGH_SGO_20210324_6pm_KostarelosK_OkweloguE_EO105,0.8285714285714286,0.01
T250_OUTER_02,University College Dublin / Conway Institute,SEQUENCE_RIDGE_COMPOSITION_ONLY,1.0,R4_EDINBURGH_SGO_20210324_6pm_KostarelosK_OkweloguE_EO107,0.7714285714285715,0.01
T250_OUTER_02,University College Dublin / Conway Institute,SEQUENCE_RIDGE_COMPOSITION_ONLY,1.0,R4_EDINBURGH_SGO_20210324_6pm_KostarelosK_OkweloguE_EO113,0.9428571428571428,0.01
T250_OUTER_02,University College Dublin / Conway Institute,SEQUENCE_RIDGE_COMPOSITION_ONLY,1.0,R4_EDINBURGH_SGO_20210324_6pm_KostarelosK_OkweloguE_EO116,0.4,0.01
T250_OUTER_02,University College Dublin / Conway Institute,SEQUENCE_RIDGE_COMPOSITION_ONLY,1.0,R4_EDINBURGH_SGO_20210324_6pm_KostarelosK_OkweloguE_EO12,0.8,0.01
T250_OUTER_02,University College Dublin / Conway Institute,SEQUENCE_RIDGE_COMPOSITION_ONLY,1.0,R4_EDINBURGH_SGO_20210324_6pm_KostarelosK_OkweloguE_EO16,0.9,0.01
T250_OUTER_02,University College Dublin / Conway Institute,SEQUENCE_RIDGE_COMPOSITION_ONLY,1.0,R4_EDINBURGH_SGO_20210324_6pm_KostarelosK_OkweloguE_EO21,0.37142857142857144,0.01
T250_OUTER_02,University College Dublin / Conway Institute,SEQUENCE_RIDGE_COMPOSITION_ONLY,1.0,R4_EDINBURGH_SGO_20210324_6pm_KostarelosK_OkweloguE_EO24,0.9428571428571428,0.01
T250_OUTER_02,University College Dublin / Conway Institute,SEQUENCE_RIDGE_COMPOSITION_ONLY,1.0,R4_EDINBURGH_SGO_20210324_6pm_KostarelosK_OkweloguE_EO31,0.7142857142857143,0.01
T250_OUTER_02,University College Dublin / Conway Institute,SEQUENCE_RIDGE_COMPOSITION_ONLY,1.0,R4_EDINBURGH_SGO_20210324_6pm_KostarelosK_OkweloguE_EO34,0.14285714285714285,0.01
T250_OUTER_02,University College Dublin / Conway Institute,SEQUENCE_RIDGE_COMPOSITION_ONLY,1.0,R4_EDINBURGH_SGO_20210324_6pm_KostarelosK_OkweloguE_EO4,0.8857142857142857,0.01
T250_OUTER_02,University College Dublin / Conway Institute,SEQUENCE_RIDGE_COMPOSITION_ONLY,1.0,R4_EDINBURGH_SGO_20210324_6pm_KostarelosK_OkweloguE_EO43,0.6,0.01
T250_OUTER_02,University College Dublin / Conway Institute,SEQUENCE_RIDGE_COMPOSITION_ONLY,1.0,R4_EDINBURGH_SGO_20210324_6pm_KostarelosK_OkweloguE_EO52,0.7714285714285715,0.01
T250_OUTER_02,University College Dublin / Conway Institute,SEQUENCE_RIDGE_COMPOSITION_ONLY,1.0,R4_EDINBURGH_SGO_20210324_6pm_KostarelosK_OkweloguE_EO64,0.8857142857142857,0.01
T250_OUTER_02,University College Dublin / Conway Institute,SEQUENCE_RIDGE_COMPOSITION_ONLY,1.0,R4_EDINBURGH_SGO_20210324_6pm_KostarelosK_OkweloguE_EO66,0.8285714285714286,0.01
T250_OUTER_02,University College Dublin / Conway Institute,SEQUENCE_RIDGE_COMPOSITION_ONLY,1.0,R4_EDINBURGH_SGO_20210324_6pm_KostarelosK_OkweloguE_EO73,0.9428571428571428,0.01
T250_OUTER_02,University College Dublin / Conway Institute,SEQUENCE_RIDGE_COMPOSITION_ONLY,1.0,R4_EDINBURGH_SGO_20210324_6pm_KostarelosK_OkweloguE_EO83,0.9428571428571428,0.01
T250_OUTER_02,University College Dublin / Conway Institute,SEQUENCE_RIDGE_COMPOSITION_ONLY,1.0,R4_EDINBURGH_SGO_20210324_6pm_KostarelosK_OkweloguE_EO88,0.3,0.01
T250_OUTER_02,University College Dublin / Conway Institute,SEQUENCE_RIDGE_COMPOSITION_ONLY,1.0,R4_EDINBURGH_SGO_20210324_6pm_KostarelosK_OkweloguE_EO94,0.8285714285714286,0.01
T250_OUTER_02,University College Dublin / Conway Institute,SEQUENCE_RIDGE_COMPOSITION_ONLY,1.0,R4_EDINBURGH_SGO_20210324_6pm_KostarelosK_OkweloguE_EO96,0.9428571428571428,0.01
T250_OUTER_02,University College Dublin / Conway Institute,SEQUENCE_RIDGE_COMPOSITION_ONLY,1.0,R4_EDINBURGH_SGO_20210324_6pm_KostarelosK_OkweloguE_EO97,0.8285714285714286,0.01
T250_OUTER_02,University College Dublin / Conway Institute,SEQUENCE_RIDGE_COMPOSITION_ONLY,1.0,R4_EDINBURGH_USGO_20210324_6pm_KostarelosK_OkweloguE_EO106,0.7142857142857143,0.01
T250_OUTER_02,University College Dublin / Conway Institute,SEQUENCE_RIDGE_COMPOSITION_ONLY,1.0,R4_EDINBURGH_USGO_20210324_6pm_KostarelosK_OkweloguE_EO11,0.75,0.01
T250_OUTER_02,University College Dublin / Conway Institute,SEQUENCE_RIDGE_COMPOSITION_ONLY,1.0,R4_EDINBURGH_USGO_20210324_6pm_KostarelosK_OkweloguE_EO111,0.8928571428571429,0.01
T250_OUTER_02,University College Dublin / Conway Institute,SEQUENCE_RIDGE_COMPOSITION_ONLY,1.0,R4_EDINBURGH_USGO_20210324_6pm_KostarelosK_OkweloguE_EO112,0.75,0.01
T250_OUTER_02,University College Dublin / Conway Institute,SEQUENCE_RIDGE_COMPOSITION_ONLY,1.0,R4_EDINBURGH_USGO_20210324_6pm_KostarelosK_OkweloguE_EO115,0.8571428571428571,0.01
T250_OUTER_02,University College Dublin / Conway Institute,SEQUENCE_RIDGE_COMPOSITION_ONLY,1.0,R4_EDINBURGH_USGO_20210324_6pm_KostarelosK_OkweloguE_EO120,0.8214285714285714,0.01
T250_OUTER_02,University College Dublin / Conway Institute,SEQUENCE_RIDGE_COMPOSITION_ONLY,1.0,R4_EDINBURGH_USGO_20210324_6pm_KostarelosK_OkweloguE_EO121,0.5,0.01
T250_OUTER_02,University College Dublin / Conway Institute,SEQUENCE_RIDGE_COMPOSITION_ONLY,1.0,R4_EDINBURGH_USGO_20210324_6pm_KostarelosK_OkweloguE_EO125,1.0,0.01
T250_OUTER_02,University College Dublin / Conway Institute,SEQUENCE_RIDGE_COMPOSITION_ONLY,1.0,R4_EDINBURGH_USGO_20210324_6pm_KostarelosK_OkweloguE_EO126,0.75,0.01
T250_OUTER_02,University College Dublin / Conway Institute,SEQUENCE_RIDGE_COMPOSITION_ONLY,1.0,R4_EDINBURGH_USGO_20210324_6pm_KostarelosK_OkweloguE_EO13,0.9428571428571428,0.01
T250_OUTER_02,University College Dublin / Conway Institute,SEQUENCE_RIDGE_COMPOSITION_ONLY,1.0,R4_EDINBURGH_USGO_20210324_6pm_KostarelosK_OkweloguE_EO26,0.6,0.01
T250_OUTER_02,University College Dublin / Conway Institute,SEQUENCE_RIDGE_COMPOSITION_ONLY,1.0,R4_EDINBURGH_USGO_20210324_6pm_KostarelosK_OkweloguE_EO36,0.9428571428571428,0.01
T250_OUTER_02,University College Dublin / Conway Institute,SEQUENCE_RIDGE_COMPOSITION_ONLY,1.0,R4_EDINBURGH_USGO_20210324_6pm_KostarelosK_OkweloguE_EO40,0.9428571428571428,0.01
T250_OUTER_02,University College Dublin / Conway Institute,SEQUENCE_RIDGE_COMPOSITION_ONLY,1.0,R4_EDINBURGH_USGO_20210324_6pm_KostarelosK_OkweloguE_EO42,0.8285714285714286,0.01
T250_OUTER_02,University College Dublin / Conway Institute,SEQUENCE_RIDGE_COMPOSITION_ONLY,1.0,R4_EDINBURGH_USGO_20210324_6pm_KostarelosK_OkweloguE_EO44,0.7714285714285715,0.01
T250_OUTER_02,University College Dublin / Conway Institute,SEQUENCE_RIDGE_COMPOSITION_ONLY,1.0,R4_EDINBURGH_USGO_20210324_6pm_KostarelosK_OkweloguE_EO5,0.8214285714285714,0.01
T250_OUTER_02,University College Dublin / Conway Institute,SEQUENCE_RIDGE_COMPOSITION_ONLY,1.0,R4_EDINBURGH_USGO_20210324_6pm_KostarelosK_OkweloguE_EO50,0.6785714285714286,0.01
T250_OUTER_02,University College Dublin / Conway Institute,SEQUENCE_RIDGE_COMPOSITION_ONLY,1.0,R4_EDINBURGH_USGO_20210324_6pm_KostarelosK_OkweloguE_EO53,0.5428571428571428,0.01
T250_OUTER_02,University College Dublin / Conway Institute,SEQUENCE_RIDGE_COMPOSITION_ONLY,1.0,R4_EDINBURGH_USGO_20210324_6pm_KostarelosK_OkweloguE_EO60,0.8285714285714286,0.01
T250_OUTER_02,University College Dublin / Conway Institute,SEQUENCE_RIDGE_COMPOSITION_ONLY,1.0,R4_EDINBURGH_USGO_20210324_6pm_KostarelosK_OkweloguE_EO62,0.21428571428571427,0.01
T250_OUTER_02,University College Dublin / Conway Institute,SEQUENCE_RIDGE_COMPOSITION_ONLY,1.0,R4_EDINBURGH_USGO_20210324_6pm_KostarelosK_OkweloguE_EO69,0.7142857142857143,0.01
T250_OUTER_02,University College Dublin / Conway Institute,SEQUENCE_RIDGE_COMPOSITION_ONLY,1.0,R4_EDINBURGH_USGO_20210324_6pm_KostarelosK_OkweloguE_EO76,0.32142857142857145,0.01
T250_OUTER_02,University College Dublin / Conway Institute,SEQUENCE_RIDGE_COMPOSITION_ONLY,1.0,R4_EDINBURGH_USGO_20210324_6pm_KostarelosK_OkweloguE_EO77,0.8857142857142857,0.01
T250_OUTER_02,University College Dublin / Conway Institute,SEQUENCE_RIDGE_COMPOSITION_ONLY,1.0,R4_EDINBURGH_USGO_20210324_6pm_KostarelosK_OkweloguE_EO79,0.75,0.01
T250_OUTER_02,University College Dublin / Conway Institute,SEQUENCE_RIDGE_COMPOSITION_ONLY,1.0,R4_EDINBURGH_USGO_20210324_6pm_KostarelosK_OkweloguE_EO86,0.8571428571428571,0.01
T250_OUTER_02,University College Dublin / Conway Institute,SEQUENCE_RIDGE_COMPOSITION_ONLY,1.0,R4_EDINBURGH_USGO_20210324_6pm_KostarelosK_OkweloguE_EO87,0.8928571428571429,0.01
T250_OUTER_02,University College Dublin / Conway Institute,SEQUENCE_RIDGE_COMPOSITION_ONLY,1.0,R4_PXD060795_F1,0.9642857142857143,0.01
T250_OUTER_02,University College Dublin / Conway Institute,SEQUENCE_RIDGE_COMPOSITION_ONLY,1.0,R4_PXD060795_F2,0.9642857142857143,0.01
T250_OUTER_02,University College Dublin / Conway Institute,SEQUENCE_RIDGE_COMPOSITION_ONLY,1.0,R4_PXD060795_F3,0.9642857142857143,0.01
T250_OUTER_02,University College Dublin / Conway Institute,SEQUENCE_RIDGE_COMPOSITION_ONLY,1.0,R4_PXD060795_F7,0.8928571428571429,0.01
T250_OUTER_02,University College Dublin / Conway Institute,SEQUENCE_RIDGE_COMPOSITION_ONLY,1.0,R4_PXD060795_F8,0.8857142857142857,0.01
T250_OUTER_02,University College Dublin / Conway Institute,SEQUENCE_RIDGE_COMPOSITION_ONLY,1.0,R4_PXD060795_F9,0.8857142857142857,0.01
T250_OUTER_02,University College Dublin / Conway Institute,SEQUENCE_RIDGE_COMPOSITION_ONLY,1.0,__MEAN__,0.8008403361344536,0.01
T250_OUTER_02,University College Dublin / Conway Institute,SEQUENCE_RIDGE_COMPOSITION_ONLY,10.0,PMC6592156:PH:pH 4.9:Rep1,1.0,0.01
T250_OUTER_02,University College Dublin / Conway Institute,SEQUENCE_RIDGE_COMPOSITION_ONLY,10.0,PMC6592156:PH:pH 4.9:Rep2,0.9428571428571428,0.01
T250_OUTER_02,University College Dublin / Conway Institute,SEQUENCE_RIDGE_COMPOSITION_ONLY,10.0,PMC6592156:PH:pH 4.9:Rep3,0.8285714285714286,0.01
T250_OUTER_02,University College Dublin / Conway Institute,SEQUENCE_RIDGE_COMPOSITION_ONLY,10.0,PMC6592156:PH:pH 6.1:Rep1,0.7714285714285715,0.01
T250_OUTER_02,University College Dublin / Conway Institute,SEQUENCE_RIDGE_COMPOSITION_ONLY,10.0,PMC6592156:PH:pH 6.1:Rep2,0.8214285714285714,0.01
T250_OUTER_02,University College Dublin / Conway Institute,SEQUENCE_RIDGE_COMPOSITION_ONLY,10.0,PMC6592156:PH:pH 6.1:Rep3,0.9,0.01
T250_OUTER_02,University College Dublin / Conway Institute,SEQUENCE_RIDGE_COMPOSITION_ONLY,10.0,PMC6592156:PH:pH 6.8:Rep1,0.9642857142857143,0.01
T250_OUTER_02,University College Dublin / Conway Institute,SEQUENCE_RIDGE_COMPOSITION_ONLY,10.0,PMC6592156:PH:pH 6.8:Rep2,0.8214285714285714,0.01
T250_OUTER_02,University College Dublin / Conway Institute,SEQUENCE_RIDGE_COMPOSITION_ONLY,10.0,PMC6592156:PH:pH 6.8:Rep3,0.6785714285714286,0.01
T250_OUTER_02,University College Dublin / Conway Institute,SEQUENCE_RIDGE_COMPOSITION_ONLY,10.0,PMC6592156:PH:pH 7.7:Rep1,0.9428571428571428,0.01
T250_OUTER_02,University College Dublin / Conway Institute,SEQUENCE_RIDGE_COMPOSITION_ONLY,10.0,PMC6592156:PH:pH 7.7:Rep2,0.7857142857142857,0.01
T250_OUTER_02,University College Dublin / Conway Institute,SEQUENCE_RIDGE_COMPOSITION_ONLY,10.0,PMC6592156:PH:pH 7.7:Rep3,0.7857142857142857,0.01
T250_OUTER_02,University College Dublin / Conway Institute,SEQUENCE_RIDGE_COMPOSITION_ONLY,10.0,PMC6592156:PH:pH 8.9:Rep1,0.8928571428571429,0.01
T250_OUTER_02,University College Dublin / Conway Institute,SEQUENCE_RIDGE_COMPOSITION_ONLY,10.0,PMC6592156:PH:pH 8.9:Rep2,0.9285714285714286,0.01
T250_OUTER_02,University College Dublin / Conway Institute,SEQUENCE_RIDGE_COMPOSITION_ONLY,10.0,PMC6592156:PH:pH 8.9:Rep3,0.9642857142857143,0.01
T250_OUTER_02,University College Dublin / Conway Institute,SEQUENCE_RIDGE_COMPOSITION_ONLY,10.0,PMC6592156:TEMPERATURE:17 °C:Rep1,0.7714285714285715,0.01
T250_OUTER_02,University College Dublin / Conway Institute,SEQUENCE_RIDGE_COMPOSITION_ONLY,10.0,PMC6592156:TEMPERATURE:17 °C:Rep2,0.7142857142857143,0.01
T250_OUTER_02,University College Dublin / Conway Institute,SEQUENCE_RIDGE_COMPOSITION_ONLY,10.0,PMC6592156:TEMPERATURE:17 °C:Rep3,0.8,0.01
T250_OUTER_02,University College Dublin / Conway Institute,SEQUENCE_RIDGE_COMPOSITION_ONLY,10.0,PMC6592156:TEMPERATURE:30 °C:Rep1,0.9428571428571428,0.01
T250_OUTER_02,University College Dublin / Conway Institute,SEQUENCE_RIDGE_COMPOSITION_ONLY,10.0,PMC6592156:TEMPERATURE:30 °C:Rep2,0.8,0.01
T250_OUTER_02,University College Dublin / Conway Institute,SEQUENCE_RIDGE_COMPOSITION_ONLY,10.0,PMC6592156:TEMPERATURE:30 °C:Rep3,0.8571428571428571,0.01
T250_OUTER_02,University College Dublin / Conway Institute,SEQUENCE_RIDGE_COMPOSITION_ONLY,10.0,PMC6592156:TEMPERATURE:4 °C:Rep1,0.8928571428571429,0.01
T250_OUTER_02,University College Dublin / Conway Institute,SEQUENCE_RIDGE_COMPOSITION_ONLY,10.0,PMC6592156:TEMPERATURE:4 °C:Rep2,0.8928571428571429,0.01
T250_OUTER_02,University College Dublin / Conway Institute,SEQUENCE_RIDGE_COMPOSITION_ONLY,10.0,PMC6592156:TEMPERATURE:4 °C:Rep3,0.8285714285714286,0.01
T250_OUTER_02,University College Dublin / Conway Institute,SEQUENCE_RIDGE_COMPOSITION_ONLY,10.0,PMC6592156:TEMPERATURE:41 °C:Rep1,0.8571428571428571,0.01
T250_OUTER_02,University College Dublin / Conway Institute,SEQUENCE_RIDGE_COMPOSITION_ONLY,10.0,PMC6592156:TEMPERATURE:41 °C:Rep2,0.8571428571428571,0.01
T250_OUTER_02,University College Dublin / Conway Institute,SEQUENCE_RIDGE_COMPOSITION_ONLY,10.0,PMC6592156:TEMPERATURE:41 °C:Rep3,0.8571428571428571,0.01
T250_OUTER_02,University College Dublin / Conway Institute,SEQUENCE_RIDGE_COMPOSITION_ONLY,10.0,PMC6592156:TEMPERATURE:47 °C:Rep1,0.8285714285714286,0.01
T250_OUTER_02,University College Dublin / Conway Institute,SEQUENCE_RIDGE_COMPOSITION_ONLY,10.0,PMC6592156:TEMPERATURE:47 °C:Rep2,0.8928571428571429,0.01
T250_OUTER_02,University College Dublin / Conway Institute,SEQUENCE_RIDGE_COMPOSITION_ONLY,10.0,PMC6592156:TEMPERATURE:47 °C:Rep3,0.8928571428571429,0.01
T250_OUTER_02,University College Dublin / Conway Institute,SEQUENCE_RIDGE_COMPOSITION_ONLY,10.0,R4_EDINBURGH_SGO_20210324_6pm_KostarelosK_OkweloguE_EO10,0.8857142857142857,0.01
T250_OUTER_02,University College Dublin / Conway Institute,SEQUENCE_RIDGE_COMPOSITION_ONLY,10.0,R4_EDINBURGH_SGO_20210324_6pm_KostarelosK_OkweloguE_EO103,0.7714285714285715,0.01
T250_OUTER_02,University College Dublin / Conway Institute,SEQUENCE_RIDGE_COMPOSITION_ONLY,10.0,R4_EDINBURGH_SGO_20210324_6pm_KostarelosK_OkweloguE_EO105,0.8285714285714286,0.01
T250_OUTER_02,University College Dublin / Conway Institute,SEQUENCE_RIDGE_COMPOSITION_ONLY,10.0,R4_EDINBURGH_SGO_20210324_6pm_KostarelosK_OkweloguE_EO107,0.7714285714285715,0.01
T250_OUTER_02,University College Dublin / Conway Institute,SEQUENCE_RIDGE_COMPOSITION_ONLY,10.0,R4_EDINBURGH_SGO_20210324_6pm_KostarelosK_OkweloguE_EO113,0.9428571428571428,0.01
T250_OUTER_02,University College Dublin / Conway Institute,SEQUENCE_RIDGE_COMPOSITION_ONLY,10.0,R4_EDINBURGH_SGO_20210324_6pm_KostarelosK_OkweloguE_EO116,0.4,0.01
T250_OUTER_02,University College Dublin / Conway Institute,SEQUENCE_RIDGE_COMPOSITION_ONLY,10.0,R4_EDINBURGH_SGO_20210324_6pm_KostarelosK_OkweloguE_EO12,0.8,0.01
T250_OUTER_02,University College Dublin / Conway Institute,SEQUENCE_RIDGE_COMPOSITION_ONLY,10.0,R4_EDINBURGH_SGO_20210324_6pm_KostarelosK_OkweloguE_EO16,0.9,0.01
T250_OUTER_02,University College Dublin / Conway Institute,SEQUENCE_RIDGE_COMPOSITION_ONLY,10.0,R4_EDINBURGH_SGO_20210324_6pm_KostarelosK_OkweloguE_EO21,0.37142857142857144,0.01
T250_OUTER_02,University College Dublin / Conway Institute,SEQUENCE_RIDGE_COMPOSITION_ONLY,10.0,R4_EDINBURGH_SGO_20210324_6pm_KostarelosK_OkweloguE_EO24,0.9428571428571428,0.01
T250_OUTER_02,University College Dublin / Conway Institute,SEQUENCE_RIDGE_COMPOSITION_ONLY,10.0,R4_EDINBURGH_SGO_20210324_6pm_KostarelosK_OkweloguE_EO31,0.7142857142857143,0.01
T250_OUTER_02,University College Dublin / Conway Institute,SEQUENCE_RIDGE_COMPOSITION_ONLY,10.0,R4_EDINBURGH_SGO_20210324_6pm_KostarelosK_OkweloguE_EO34,0.14285714285714285,0.01
T250_OUTER_02,University College Dublin / Conway Institute,SEQUENCE_RIDGE_COMPOSITION_ONLY,10.0,R4_EDINBURGH_SGO_20210324_6pm_KostarelosK_OkweloguE_EO4,0.8857142857142857,0.01
T250_OUTER_02,University College Dublin / Conway Institute,SEQUENCE_RIDGE_COMPOSITION_ONLY,10.0,R4_EDINBURGH_SGO_20210324_6pm_KostarelosK_OkweloguE_EO43,0.6,0.01
T250_OUTER_02,University College Dublin / Conway Institute,SEQUENCE_RIDGE_COMPOSITION_ONLY,10.0,R4_EDINBURGH_SGO_20210324_6pm_KostarelosK_OkweloguE_EO52,0.7714285714285715,0.01
T250_OUTER_02,University College Dublin / Conway Institute,SEQUENCE_RIDGE_COMPOSITION_ONLY,10.0,R4_EDINBURGH_SGO_20210324_6pm_KostarelosK_OkweloguE_EO64,0.8857142857142857,0.01
T250_OUTER_02,University College Dublin / Conway Institute,SEQUENCE_RIDGE_COMPOSITION_ONLY,10.0,R4_EDINBURGH_SGO_20210324_6pm_KostarelosK_OkweloguE_EO66,0.8285714285714286,0.01
T250_OUTER_02,University College Dublin / Conway Institute,SEQUENCE_RIDGE_COMPOSITION_ONLY,10.0,R4_EDINBURGH_SGO_20210324_6pm_KostarelosK_OkweloguE_EO73,0.9428571428571428,0.01
T250_OUTER_02,University College Dublin / Conway Institute,SEQUENCE_RIDGE_COMPOSITION_ONLY,10.0,R4_EDINBURGH_SGO_20210324_6pm_KostarelosK_OkweloguE_EO83,0.9428571428571428,0.01
T250_OUTER_02,University College Dublin / Conway Institute,SEQUENCE_RIDGE_COMPOSITION_ONLY,10.0,R4_EDINBURGH_SGO_20210324_6pm_KostarelosK_OkweloguE_EO88,0.3,0.01
T250_OUTER_02,University College Dublin / Conway Institute,SEQUENCE_RIDGE_COMPOSITION_ONLY,10.0,R4_EDINBURGH_SGO_20210324_6pm_KostarelosK_OkweloguE_EO94,0.8285714285714286,0.01
T250_OUTER_02,University College Dublin / Conway Institute,SEQUENCE_RIDGE_COMPOSITION_ONLY,10.0,R4_EDINBURGH_SGO_20210324_6pm_KostarelosK_OkweloguE_EO96,0.9428571428571428,0.01
T250_OUTER_02,University College Dublin / Conway Institute,SEQUENCE_RIDGE_COMPOSITION_ONLY,10.0,R4_EDINBURGH_SGO_20210324_6pm_KostarelosK_OkweloguE_EO97,0.8285714285714286,0.01
T250_OUTER_02,University College Dublin / Conway Institute,SEQUENCE_RIDGE_COMPOSITION_ONLY,10.0,R4_EDINBURGH_USGO_20210324_6pm_KostarelosK_OkweloguE_EO106,0.7142857142857143,0.01
T250_OUTER_02,University College Dublin / Conway Institute,SEQUENCE_RIDGE_COMPOSITION_ONLY,10.0,R4_EDINBURGH_USGO_20210324_6pm_KostarelosK_OkweloguE_EO11,0.75,0.01
T250_OUTER_02,University College Dublin / Conway Institute,SEQUENCE_RIDGE_COMPOSITION_ONLY,10.0,R4_EDINBURGH_USGO_20210324_6pm_KostarelosK_OkweloguE_EO111,0.8928571428571429,0.01
T250_OUTER_02,University College Dublin / Conway Institute,SEQUENCE_RIDGE_COMPOSITION_ONLY,10.0,R4_EDINBURGH_USGO_20210324_6pm_KostarelosK_OkweloguE_EO112,0.75,0.01
T250_OUTER_02,University College Dublin / Conway Institute,SEQUENCE_RIDGE_COMPOSITION_ONLY,10.0,R4_EDINBURGH_USGO_20210324_6pm_KostarelosK_OkweloguE_EO115,0.8571428571428571,0.01
T250_OUTER_02,University College Dublin / Conway Institute,SEQUENCE_RIDGE_COMPOSITION_ONLY,10.0,R4_EDINBURGH_USGO_20210324_6pm_KostarelosK_OkweloguE_EO120,0.8214285714285714,0.01
T250_OUTER_02,University College Dublin / Conway Institute,SEQUENCE_RIDGE_COMPOSITION_ONLY,10.0,R4_EDINBURGH_USGO_20210324_6pm_KostarelosK_OkweloguE_EO121,0.5,0.01
T250_OUTER_02,University College Dublin / Conway Institute,SEQUENCE_RIDGE_COMPOSITION_ONLY,10.0,R4_EDINBURGH_USGO_20210324_6pm_KostarelosK_OkweloguE_EO125,1.0,0.01
T250_OUTER_02,University College Dublin / Conway Institute,SEQUENCE_RIDGE_COMPOSITION_ONLY,10.0,R4_EDINBURGH_USGO_20210324_6pm_KostarelosK_OkweloguE_EO126,0.75,0.01
T250_OUTER_02,University College Dublin / Conway Institute,SEQUENCE_RIDGE_COMPOSITION_ONLY,10.0,R4_EDINBURGH_USGO_20210324_6pm_KostarelosK_OkweloguE_EO13,0.9428571428571428,0.01
T250_OUTER_02,University College Dublin / Conway Institute,SEQUENCE_RIDGE_COMPOSITION_ONLY,10.0,R4_EDINBURGH_USGO_20210324_6pm_KostarelosK_OkweloguE_EO26,0.6,0.01
T250_OUTER_02,University College Dublin / Conway Institute,SEQUENCE_RIDGE_COMPOSITION_ONLY,10.0,R4_EDINBURGH_USGO_20210324_6pm_KostarelosK_OkweloguE_EO36,0.9428571428571428,0.01
T250_OUTER_02,University College Dublin / Conway Institute,SEQUENCE_RIDGE_COMPOSITION_ONLY,10.0,R4_EDINBURGH_USGO_20210324_6pm_KostarelosK_OkweloguE_EO40,0.9428571428571428,0.01
T250_OUTER_02,University College Dublin / Conway Institute,SEQUENCE_RIDGE_COMPOSITION_ONLY,10.0,R4_EDINBURGH_USGO_20210324_6pm_KostarelosK_OkweloguE_EO42,0.8285714285714286,0.01
T250_OUTER_02,University College Dublin / Conway Institute,SEQUENCE_RIDGE_COMPOSITION_ONLY,10.0,R4_EDINBURGH_USGO_20210324_6pm_KostarelosK_OkweloguE_EO44,0.7714285714285715,0.01
T250_OUTER_02,University College Dublin / Conway Institute,SEQUENCE_RIDGE_COMPOSITION_ONLY,10.0,R4_EDINBURGH_USGO_20210324_6pm_KostarelosK_OkweloguE_EO5,0.8214285714285714,0.01
T250_OUTER_02,University College Dublin / Conway Institute,SEQUENCE_RIDGE_COMPOSITION_ONLY,10.0,R4_EDINBURGH_USGO_20210324_6pm_KostarelosK_OkweloguE_EO50,0.6785714285714286,0.01
T250_OUTER_02,University College Dublin / Conway Institute,SEQUENCE_RIDGE_COMPOSITION_ONLY,10.0,R4_EDINBURGH_USGO_20210324_6pm_KostarelosK_OkweloguE_EO53,0.5428571428571428,0.01
T250_OUTER_02,University College Dublin / Conway Institute,SEQUENCE_RIDGE_COMPOSITION_ONLY,10.0,R4_EDINBURGH_USGO_20210324_6pm_KostarelosK_OkweloguE_EO60,0.8285714285714286,0.01
T250_OUTER_02,University College Dublin / Conway Institute,SEQUENCE_RIDGE_COMPOSITION_ONLY,10.0,R4_EDINBURGH_USGO_20210324_6pm_KostarelosK_OkweloguE_EO62,0.21428571428571427,0.01
T250_OUTER_02,University College Dublin / Conway Institute,SEQUENCE_RIDGE_COMPOSITION_ONLY,10.0,R4_EDINBURGH_USGO_20210324_6pm_KostarelosK_OkweloguE_EO69,0.7142857142857143,0.01
T250_OUTER_02,University College Dublin / Conway Institute,SEQUENCE_RIDGE_COMPOSITION_ONLY,10.0,R4_EDINBURGH_USGO_20210324_6pm_KostarelosK_OkweloguE_EO76,0.32142857142857145,0.01
T250_OUTER_02,University College Dublin / Conway Institute,SEQUENCE_RIDGE_COMPOSITION_ONLY,10.0,R4_EDINBURGH_USGO_20210324_6pm_KostarelosK_OkweloguE_EO77,0.8857142857142857,0.01
T250_OUTER_02,University College Dublin / Conway Institute,SEQUENCE_RIDGE_COMPOSITION_ONLY,10.0,R4_EDINBURGH_USGO_20210324_6pm_KostarelosK_OkweloguE_EO79,0.75,0.01
T250_OUTER_02,University College Dublin / Conway Institute,SEQUENCE_RIDGE_COMPOSITION_ONLY,10.0,R4_EDINBURGH_USGO_20210324_6pm_KostarelosK_OkweloguE_EO86,0.8571428571428571,0.01
T250_OUTER_02,University College Dublin / Conway Institute,SEQUENCE_RIDGE_COMPOSITION_ONLY,10.0,R4_EDINBURGH_USGO_20210324_6pm_KostarelosK_OkweloguE_EO87,0.8928571428571429,0.01
T250_OUTER_02,University College Dublin / Conway Institute,SEQUENCE_RIDGE_COMPOSITION_ONLY,10.0,R4_PXD060795_F1,0.9642857142857143,0.01
T250_OUTER_02,University College Dublin / Conway Institute,SEQUENCE_RIDGE_COMPOSITION_ONLY,10.0,R4_PXD060795_F2,0.9642857142857143,0.01
T250_OUTER_02,University College Dublin / Conway Institute,SEQUENCE_RIDGE_COMPOSITION_ONLY,10.0,R4_PXD060795_F3,0.9642857142857143,0.01
T250_OUTER_02,University College Dublin / Conway Institute,SEQUENCE_RIDGE_COMPOSITION_ONLY,10.0,R4_PXD060795_F7,0.8928571428571429,0.01
T250_OUTER_02,University College Dublin / Conway Institute,SEQUENCE_RIDGE_COMPOSITION_ONLY,10.0,R4_PXD060795_F8,0.8857142857142857,0.01
T250_OUTER_02,University College Dublin / Conway Institute,SEQUENCE_RIDGE_COMPOSITION_ONLY,10.0,R4_PXD060795_F9,0.8857142857142857,0.01
T250_OUTER_02,University College Dublin / Conway Institute,SEQUENCE_RIDGE_COMPOSITION_ONLY,10.0,__MEAN__,0.8008403361344536,0.01
T250_OUTER_02,University College Dublin / Conway Institute,SEQUENCE_RIDGE_COMPOSITION_ONLY,100.0,PMC6592156:PH:pH 4.9:Rep1,0.9,0.01
T250_OUTER_02,University College Dublin / Conway Institute,SEQUENCE_RIDGE_COMPOSITION_ONLY,100.0,PMC6592156:PH:pH 4.9:Rep2,0.8857142857142857,0.01
T250_OUTER_02,University College Dublin / Conway Institute,SEQUENCE_RIDGE_COMPOSITION_ONLY,100.0,PMC6592156:PH:pH 4.9:Rep3,0.7714285714285715,0.01
T250_OUTER_02,University College Dublin / Conway Institute,SEQUENCE_RIDGE_COMPOSITION_ONLY,100.0,PMC6592156:PH:pH 6.1:Rep1,0.8285714285714286,0.01
T250_OUTER_02,University College Dublin / Conway Institute,SEQUENCE_RIDGE_COMPOSITION_ONLY,100.0,PMC6592156:PH:pH 6.1:Rep2,0.7857142857142857,0.01
T250_OUTER_02,University College Dublin / Conway Institute,SEQUENCE_RIDGE_COMPOSITION_ONLY,100.0,PMC6592156:PH:pH 6.1:Rep3,1.0,0.01
T250_OUTER_02,University College Dublin / Conway Institute,SEQUENCE_RIDGE_COMPOSITION_ONLY,100.0,PMC6592156:PH:pH 6.8:Rep1,0.9285714285714286,0.01
T250_OUTER_02,University College Dublin / Conway Institute,SEQUENCE_RIDGE_COMPOSITION_ONLY,100.0,PMC6592156:PH:pH 6.8:Rep2,0.7857142857142857,0.01
T250_OUTER_02,University College Dublin / Conway Institute,SEQUENCE_RIDGE_COMPOSITION_ONLY,100.0,PMC6592156:PH:pH 6.8:Rep3,0.7142857142857143,0.01
T250_OUTER_02,University College Dublin / Conway Institute,SEQUENCE_RIDGE_COMPOSITION_ONLY,100.0,PMC6592156:PH:pH 7.7:Rep1,0.8857142857142857,0.01
T250_OUTER_02,University College Dublin / Conway Institute,SEQUENCE_RIDGE_COMPOSITION_ONLY,100.0,PMC6592156:PH:pH 7.7:Rep2,0.8214285714285714,0.01
T250_OUTER_02,University College Dublin / Conway Institute,SEQUENCE_RIDGE_COMPOSITION_ONLY,100.0,PMC6592156:PH:pH 7.7:Rep3,0.8214285714285714,0.01
T250_OUTER_02,University College Dublin / Conway Institute,SEQUENCE_RIDGE_COMPOSITION_ONLY,100.0,PMC6592156:PH:pH 8.9:Rep1,0.8571428571428571,0.01
T250_OUTER_02,University College Dublin / Conway Institute,SEQUENCE_RIDGE_COMPOSITION_ONLY,100.0,PMC6592156:PH:pH 8.9:Rep2,0.8571428571428571,0.01
T250_OUTER_02,University College Dublin / Conway Institute,SEQUENCE_RIDGE_COMPOSITION_ONLY,100.0,PMC6592156:PH:pH 8.9:Rep3,0.9285714285714286,0.01
T250_OUTER_02,University College Dublin / Conway Institute,SEQUENCE_RIDGE_COMPOSITION_ONLY,100.0,PMC6592156:TEMPERATURE:17 °C:Rep1,0.7142857142857143,0.01
T250_OUTER_02,University College Dublin / Conway Institute,SEQUENCE_RIDGE_COMPOSITION_ONLY,100.0,PMC6592156:TEMPERATURE:17 °C:Rep2,0.7714285714285715,0.01
T250_OUTER_02,University College Dublin / Conway Institute,SEQUENCE_RIDGE_COMPOSITION_ONLY,100.0,PMC6592156:TEMPERATURE:17 °C:Rep3,0.9,0.01
T250_OUTER_02,University College Dublin / Conway Institute,SEQUENCE_RIDGE_COMPOSITION_ONLY,100.0,PMC6592156:TEMPERATURE:30 °C:Rep1,0.8857142857142857,0.01
T250_OUTER_02,University College Dublin / Conway Institute,SEQUENCE_RIDGE_COMPOSITION_ONLY,100.0,PMC6592156:TEMPERATURE:30 °C:Rep2,0.9,0.01
T250_OUTER_02,University College Dublin / Conway Institute,SEQUENCE_RIDGE_COMPOSITION_ONLY,100.0,PMC6592156:TEMPERATURE:30 °C:Rep3,0.8214285714285714,0.01
T250_OUTER_02,University College Dublin / Conway Institute,SEQUENCE_RIDGE_COMPOSITION_ONLY,100.0,PMC6592156:TEMPERATURE:4 °C:Rep1,0.8571428571428571,0.01
T250_OUTER_02,University College Dublin / Conway Institute,SEQUENCE_RIDGE_COMPOSITION_ONLY,100.0,PMC6592156:TEMPERATURE:4 °C:Rep2,0.8571428571428571,0.01
T250_OUTER_02,University College Dublin / Conway Institute,SEQUENCE_RIDGE_COMPOSITION_ONLY,100.0,PMC6592156:TEMPERATURE:4 °C:Rep3,0.7714285714285715,0.01
T250_OUTER_02,University College Dublin / Conway Institute,SEQUENCE_RIDGE_COMPOSITION_ONLY,100.0,PMC6592156:TEMPERATURE:41 °C:Rep1,0.8214285714285714,0.01
T250_OUTER_02,University College Dublin / Conway Institute,SEQUENCE_RIDGE_COMPOSITION_ONLY,100.0,PMC6592156:TEMPERATURE:41 °C:Rep2,0.8214285714285714,0.01
T250_OUTER_02,University College Dublin / Conway Institute,SEQUENCE_RIDGE_COMPOSITION_ONLY,100.0,PMC6592156:TEMPERATURE:41 °C:Rep3,0.8214285714285714,0.01
T250_OUTER_02,University College Dublin / Conway Institute,SEQUENCE_RIDGE_COMPOSITION_ONLY,100.0,PMC6592156:TEMPERATURE:47 °C:Rep1,0.7142857142857143,0.01
T250_OUTER_02,University College Dublin / Conway Institute,SEQUENCE_RIDGE_COMPOSITION_ONLY,100.0,PMC6592156:TEMPERATURE:47 °C:Rep2,0.8214285714285714,0.01
T250_OUTER_02,University College Dublin / Conway Institute,SEQUENCE_RIDGE_COMPOSITION_ONLY,100.0,PMC6592156:TEMPERATURE:47 °C:Rep3,0.8214285714285714,0.01
T250_OUTER_02,University College Dublin / Conway Institute,SEQUENCE_RIDGE_COMPOSITION_ONLY,100.0,R4_EDINBURGH_SGO_20210324_6pm_KostarelosK_OkweloguE_EO10,0.8857142857142857,0.01
T250_OUTER_02,University College Dublin / Conway Institute,SEQUENCE_RIDGE_COMPOSITION_ONLY,100.0,R4_EDINBURGH_SGO_20210324_6pm_KostarelosK_OkweloguE_EO103,0.7714285714285715,0.01
T250_OUTER_02,University College Dublin / Conway Institute,SEQUENCE_RIDGE_COMPOSITION_ONLY,100.0,R4_EDINBURGH_SGO_20210324_6pm_KostarelosK_OkweloguE_EO105,0.8285714285714286,0.01
T250_OUTER_02,University College Dublin / Conway Institute,SEQUENCE_RIDGE_COMPOSITION_ONLY,100.0,R4_EDINBURGH_SGO_20210324_6pm_KostarelosK_OkweloguE_EO107,0.7714285714285715,0.01
T250_OUTER_02,University College Dublin / Conway Institute,SEQUENCE_RIDGE_COMPOSITION_ONLY,100.0,R4_EDINBURGH_SGO_20210324_6pm_KostarelosK_OkweloguE_EO113,0.9428571428571428,0.01
T250_OUTER_02,University College Dublin / Conway Institute,SEQUENCE_RIDGE_COMPOSITION_ONLY,100.0,R4_EDINBURGH_SGO_20210324_6pm_KostarelosK_OkweloguE_EO116,0.4,0.01
T250_OUTER_02,University College Dublin / Conway Institute,SEQUENCE_RIDGE_COMPOSITION_ONLY,100.0,R4_EDINBURGH_SGO_20210324_6pm_KostarelosK_OkweloguE_EO12,0.8,0.01
T250_OUTER_02,University College Dublin / Conway Institute,SEQUENCE_RIDGE_COMPOSITION_ONLY,100.0,R4_EDINBURGH_SGO_20210324_6pm_KostarelosK_OkweloguE_EO16,0.9,0.01
T250_OUTER_02,University College Dublin / Conway Institute,SEQUENCE_RIDGE_COMPOSITION_ONLY,100.0,R4_EDINBURGH_SGO_20210324_6pm_KostarelosK_OkweloguE_EO21,0.37142857142857144,0.01
T250_OUTER_02,University College Dublin / Conway Institute,SEQUENCE_RIDGE_COMPOSITION_ONLY,100.0,R4_EDINBURGH_SGO_20210324_6pm_KostarelosK_OkweloguE_EO24,0.9428571428571428,0.01
T250_OUTER_02,University College Dublin / Conway Institute,SEQUENCE_RIDGE_COMPOSITION_ONLY,100.0,R4_EDINBURGH_SGO_20210324_6pm_KostarelosK_OkweloguE_EO31,0.7142857142857143,0.01
T250_OUTER_02,University College Dublin / Conway Institute,SEQUENCE_RIDGE_COMPOSITION_ONLY,100.0,R4_EDINBURGH_SGO_20210324_6pm_KostarelosK_OkweloguE_EO34,0.14285714285714285,0.01
T250_OUTER_02,University College Dublin / Conway Institute,SEQUENCE_RIDGE_COMPOSITION_ONLY,100.0,R4_EDINBURGH_SGO_20210324_6pm_KostarelosK_OkweloguE_EO4,0.8857142857142857,0.01
T250_OUTER_02,University College Dublin / Conway Institute,SEQUENCE_RIDGE_COMPOSITION_ONLY,100.0,R4_EDINBURGH_SGO_20210324_6pm_KostarelosK_OkweloguE_EO43,0.6,0.01
T250_OUTER_02,University College Dublin / Conway Institute,SEQUENCE_RIDGE_COMPOSITION_ONLY,100.0,R4_EDINBURGH_SGO_20210324_6pm_KostarelosK_OkweloguE_EO52,0.7714285714285715,0.01
T250_OUTER_02,University College Dublin / Conway Institute,SEQUENCE_RIDGE_COMPOSITION_ONLY,100.0,R4_EDINBURGH_SGO_20210324_6pm_KostarelosK_OkweloguE_EO64,0.8857142857142857,0.01
T250_OUTER_02,University College Dublin / Conway Institute,SEQUENCE_RIDGE_COMPOSITION_ONLY,100.0,R4_EDINBURGH_SGO_20210324_6pm_KostarelosK_OkweloguE_EO66,0.8285714285714286,0.01
T250_OUTER_02,University College Dublin / Conway Institute,SEQUENCE_RIDGE_COMPOSITION_ONLY,100.0,R4_EDINBURGH_SGO_20210324_6pm_KostarelosK_OkweloguE_EO73,0.9428571428571428,0.01
T250_OUTER_02,University College Dublin / Conway Institute,SEQUENCE_RIDGE_COMPOSITION_ONLY,100.0,R4_EDINBURGH_SGO_20210324_6pm_KostarelosK_OkweloguE_EO83,0.9428571428571428,0.01
T250_OUTER_02,University College Dublin / Conway Institute,SEQUENCE_RIDGE_COMPOSITION_ONLY,100.0,R4_EDINBURGH_SGO_20210324_6pm_KostarelosK_OkweloguE_EO88,0.3,0.01
T250_OUTER_02,University College Dublin / Conway Institute,SEQUENCE_RIDGE_COMPOSITION_ONLY,100.0,R4_EDINBURGH_SGO_20210324_6pm_KostarelosK_OkweloguE_EO94,0.8285714285714286,0.01
T250_OUTER_02,University College Dublin / Conway Institute,SEQUENCE_RIDGE_COMPOSITION_ONLY,100.0,R4_EDINBURGH_SGO_20210324_6pm_KostarelosK_OkweloguE_EO96,0.9428571428571428,0.01
T250_OUTER_02,University College Dublin / Conway Institute,SEQUENCE_RIDGE_COMPOSITION_ONLY,100.0,R4_EDINBURGH_SGO_20210324_6pm_KostarelosK_OkweloguE_EO97,0.8285714285714286,0.01
T250_OUTER_02,University College Dublin / Conway Institute,SEQUENCE_RIDGE_COMPOSITION_ONLY,100.0,R4_EDINBURGH_USGO_20210324_6pm_KostarelosK_OkweloguE_EO106,0.6785714285714286,0.01
T250_OUTER_02,University College Dublin / Conway Institute,SEQUENCE_RIDGE_COMPOSITION_ONLY,100.0,R4_EDINBURGH_USGO_20210324_6pm_KostarelosK_OkweloguE_EO11,0.6428571428571429,0.01
T250_OUTER_02,University College Dublin / Conway Institute,SEQUENCE_RIDGE_COMPOSITION_ONLY,100.0,R4_EDINBURGH_USGO_20210324_6pm_KostarelosK_OkweloguE_EO111,0.8571428571428571,0.01
T250_OUTER_02,University College Dublin / Conway Institute,SEQUENCE_RIDGE_COMPOSITION_ONLY,100.0,R4_EDINBURGH_USGO_20210324_6pm_KostarelosK_OkweloguE_EO112,0.7142857142857143,0.01
T250_OUTER_02,University College Dublin / Conway Institute,SEQUENCE_RIDGE_COMPOSITION_ONLY,100.0,R4_EDINBURGH_USGO_20210324_6pm_KostarelosK_OkweloguE_EO115,0.8928571428571429,0.01
T250_OUTER_02,University College Dublin / Conway Institute,SEQUENCE_RIDGE_COMPOSITION_ONLY,100.0,R4_EDINBURGH_USGO_20210324_6pm_KostarelosK_OkweloguE_EO120,0.7142857142857143,0.01
T250_OUTER_02,University College Dublin / Conway Institute,SEQUENCE_RIDGE_COMPOSITION_ONLY,100.0,R4_EDINBURGH_USGO_20210324_6pm_KostarelosK_OkweloguE_EO121,0.5357142857142857,0.01
T250_OUTER_02,University College Dublin / Conway Institute,SEQUENCE_RIDGE_COMPOSITION_ONLY,100.0,R4_EDINBURGH_USGO_20210324_6pm_KostarelosK_OkweloguE_EO125,0.9642857142857143,0.01
T250_OUTER_02,University College Dublin / Conway Institute,SEQUENCE_RIDGE_COMPOSITION_ONLY,100.0,R4_EDINBURGH_USGO_20210324_6pm_KostarelosK_OkweloguE_EO126,0.8214285714285714,0.01
T250_OUTER_02,University College Dublin / Conway Institute,SEQUENCE_RIDGE_COMPOSITION_ONLY,100.0,R4_EDINBURGH_USGO_20210324_6pm_KostarelosK_OkweloguE_EO13,1.0,0.01
T250_OUTER_02,University College Dublin / Conway Institute,SEQUENCE_RIDGE_COMPOSITION_ONLY,100.0,R4_EDINBURGH_USGO_20210324_6pm_KostarelosK_OkweloguE_EO26,0.4857142857142857,0.01
T250_OUTER_02,University College Dublin / Conway Institute,SEQUENCE_RIDGE_COMPOSITION_ONLY,100.0,R4_EDINBURGH_USGO_20210324_6pm_KostarelosK_OkweloguE_EO36,0.8285714285714286,0.01
T250_OUTER_02,University College Dublin / Conway Institute,SEQUENCE_RIDGE_COMPOSITION_ONLY,100.0,R4_EDINBURGH_USGO_20210324_6pm_KostarelosK_OkweloguE_EO40,0.8857142857142857,0.01
T250_OUTER_02,University College Dublin / Conway Institute,SEQUENCE_RIDGE_COMPOSITION_ONLY,100.0,R4_EDINBURGH_USGO_20210324_6pm_KostarelosK_OkweloguE_EO42,0.6571428571428571,0.01
T250_OUTER_02,University College Dublin / Conway Institute,SEQUENCE_RIDGE_COMPOSITION_ONLY,100.0,R4_EDINBURGH_USGO_20210324_6pm_KostarelosK_OkweloguE_EO44,0.6,0.01
T250_OUTER_02,University College Dublin / Conway Institute,SEQUENCE_RIDGE_COMPOSITION_ONLY,100.0,R4_EDINBURGH_USGO_20210324_6pm_KostarelosK_OkweloguE_EO5,0.7142857142857143,0.01
T250_OUTER_02,University College Dublin / Conway Institute,SEQUENCE_RIDGE_COMPOSITION_ONLY,100.0,R4_EDINBURGH_USGO_20210324_6pm_KostarelosK_OkweloguE_EO50,0.6071428571428571,0.01
T250_OUTER_02,University College Dublin / Conway Institute,SEQUENCE_RIDGE_COMPOSITION_ONLY,100.0,R4_EDINBURGH_USGO_20210324_6pm_KostarelosK_OkweloguE_EO53,0.37142857142857144,0.01
T250_OUTER_02,University College Dublin / Conway Institute,SEQUENCE_RIDGE_COMPOSITION_ONLY,100.0,R4_EDINBURGH_USGO_20210324_6pm_KostarelosK_OkweloguE_EO60,0.7714285714285715,0.01
T250_OUTER_02,University College Dublin / Conway Institute,SEQUENCE_RIDGE_COMPOSITION_ONLY,100.0,R4_EDINBURGH_USGO_20210324_6pm_KostarelosK_OkweloguE_EO62,0.10714285714285714,0.01
T250_OUTER_02,University College Dublin / Conway Institute,SEQUENCE_RIDGE_COMPOSITION_ONLY,100.0,R4_EDINBURGH_USGO_20210324_6pm_KostarelosK_OkweloguE_EO69,0.6785714285714286,0.01
T250_OUTER_02,University College Dublin / Conway Institute,SEQUENCE_RIDGE_COMPOSITION_ONLY,100.0,R4_EDINBURGH_USGO_20210324_6pm_KostarelosK_OkweloguE_EO76,0.25,0.01
T250_OUTER_02,University College Dublin / Conway Institute,SEQUENCE_RIDGE_COMPOSITION_ONLY,100.0,R4_EDINBURGH_USGO_20210324_6pm_KostarelosK_OkweloguE_EO77,0.9428571428571428,0.01
T250_OUTER_02,University College Dublin / Conway Institute,SEQUENCE_RIDGE_COMPOSITION_ONLY,100.0,R4_EDINBURGH_USGO_20210324_6pm_KostarelosK_OkweloguE_EO79,0.8571428571428571,0.01
T250_OUTER_02,University College Dublin / Conway Institute,SEQUENCE_RIDGE_COMPOSITION_ONLY,100.0,R4_EDINBURGH_USGO_20210324_6pm_KostarelosK_OkweloguE_EO86,0.8214285714285714,0.01
T250_OUTER_02,University College Dublin / Conway Institute,SEQUENCE_RIDGE_COMPOSITION_ONLY,100.0,R4_EDINBURGH_USGO_20210324_6pm_KostarelosK_OkweloguE_EO87,0.8571428571428571,0.01
T250_OUTER_02,University College Dublin / Conway Institute,SEQUENCE_RIDGE_COMPOSITION_ONLY,100.0,R4_PXD060795_F1,0.9285714285714286,0.01
T250_OUTER_02,University College Dublin / Conway Institute,SEQUENCE_RIDGE_COMPOSITION_ONLY,100.0,R4_PXD060795_F2,0.9285714285714286,0.01
T250_OUTER_02,University College Dublin / Conway Institute,SEQUENCE_RIDGE_COMPOSITION_ONLY,100.0,R4_PXD060795_F3,0.9285714285714286,0.01
T250_OUTER_02,University College Dublin / Conway Institute,SEQUENCE_RIDGE_COMPOSITION_ONLY,100.0,R4_PXD060795_F7,0.8214285714285714,0.01
T250_OUTER_02,University College Dublin / Conway Institute,SEQUENCE_RIDGE_COMPOSITION_ONLY,100.0,R4_PXD060795_F8,0.7714285714285715,0.01
T250_OUTER_02,University College Dublin / Conway Institute,SEQUENCE_RIDGE_COMPOSITION_ONLY,100.0,R4_PXD060795_F9,0.7714285714285715,0.01
T250_OUTER_02,University College Dublin / Conway Institute,SEQUENCE_RIDGE_COMPOSITION_ONLY,100.0,__MEAN__,0.7730252100840336,0.01
T250_OUTER_03,University of Edinburgh-led controlled human exposure study,SEQUENCE_RIDGE_FULL,0.01,PMC6592156:PH:pH 4.9:Rep1,0.9,100.0
T250_OUTER_03,University of Edinburgh-led controlled human exposure study,SEQUENCE_RIDGE_FULL,0.01,PMC6592156:PH:pH 4.9:Rep2,0.8857142857142857,100.0
T250_OUTER_03,University of Edinburgh-led controlled human exposure study,SEQUENCE_RIDGE_FULL,0.01,PMC6592156:PH:pH 4.9:Rep3,0.8857142857142857,100.0
T250_OUTER_03,University of Edinburgh-led controlled human exposure study,SEQUENCE_RIDGE_FULL,0.01,PMC6592156:PH:pH 6.1:Rep1,0.6571428571428571,100.0
T250_OUTER_03,University of Edinburgh-led controlled human exposure study,SEQUENCE_RIDGE_FULL,0.01,PMC6592156:PH:pH 6.1:Rep2,0.7142857142857143,100.0
T250_OUTER_03,University of Edinburgh-led controlled human exposure study,SEQUENCE_RIDGE_FULL,0.01,PMC6592156:PH:pH 6.1:Rep3,0.7,100.0
T250_OUTER_03,University of Edinburgh-led controlled human exposure study,SEQUENCE_RIDGE_FULL,0.01,PMC6592156:PH:pH 6.8:Rep1,0.8571428571428571,100.0
T250_OUTER_03,University of Edinburgh-led controlled human exposure study,SEQUENCE_RIDGE_FULL,0.01,PMC6592156:PH:pH 6.8:Rep2,0.7142857142857143,100.0
T250_OUTER_03,University of Edinburgh-led controlled human exposure study,SEQUENCE_RIDGE_FULL,0.01,PMC6592156:PH:pH 6.8:Rep3,0.5714285714285714,100.0
T250_OUTER_03,University of Edinburgh-led controlled human exposure study,SEQUENCE_RIDGE_FULL,0.01,PMC6592156:PH:pH 7.7:Rep1,0.8857142857142857,100.0
T250_OUTER_03,University of Edinburgh-led controlled human exposure study,SEQUENCE_RIDGE_FULL,0.01,PMC6592156:PH:pH 7.7:Rep2,0.6428571428571429,100.0
T250_OUTER_03,University of Edinburgh-led controlled human exposure study,SEQUENCE_RIDGE_FULL,0.01,PMC6592156:PH:pH 7.7:Rep3,0.6428571428571429,100.0
T250_OUTER_03,University of Edinburgh-led controlled human exposure study,SEQUENCE_RIDGE_FULL,0.01,PMC6592156:PH:pH 8.9:Rep1,0.75,100.0
T250_OUTER_03,University of Edinburgh-led controlled human exposure study,SEQUENCE_RIDGE_FULL,0.01,PMC6592156:PH:pH 8.9:Rep2,0.7142857142857143,100.0
T250_OUTER_03,University of Edinburgh-led controlled human exposure study,SEQUENCE_RIDGE_FULL,0.01,PMC6592156:PH:pH 8.9:Rep3,0.8571428571428571,100.0
T250_OUTER_03,University of Edinburgh-led controlled human exposure study,SEQUENCE_RIDGE_FULL,0.01,PMC6592156:TEMPERATURE:17 °C:Rep1,0.7714285714285715,100.0
T250_OUTER_03,University of Edinburgh-led controlled human exposure study,SEQUENCE_RIDGE_FULL,0.01,PMC6592156:TEMPERATURE:17 °C:Rep2,0.6571428571428571,100.0
T250_OUTER_03,University of Edinburgh-led controlled human exposure study,SEQUENCE_RIDGE_FULL,0.01,PMC6592156:TEMPERATURE:17 °C:Rep3,0.6,100.0
T250_OUTER_03,University of Edinburgh-led controlled human exposure study,SEQUENCE_RIDGE_FULL,0.01,PMC6592156:TEMPERATURE:30 °C:Rep1,0.7142857142857143,100.0
T250_OUTER_03,University of Edinburgh-led controlled human exposure study,SEQUENCE_RIDGE_FULL,0.01,PMC6592156:TEMPERATURE:30 °C:Rep2,0.6,100.0
T250_OUTER_03,University of Edinburgh-led controlled human exposure study,SEQUENCE_RIDGE_FULL,0.01,PMC6592156:TEMPERATURE:30 °C:Rep3,0.8571428571428571,100.0
T250_OUTER_03,University of Edinburgh-led controlled human exposure study,SEQUENCE_RIDGE_FULL,0.01,PMC6592156:TEMPERATURE:4 °C:Rep1,0.8214285714285714,100.0
T250_OUTER_03,University of Edinburgh-led controlled human exposure study,SEQUENCE_RIDGE_FULL,0.01,PMC6592156:TEMPERATURE:4 °C:Rep2,0.8214285714285714,100.0
T250_OUTER_03,University of Edinburgh-led controlled human exposure study,SEQUENCE_RIDGE_FULL,0.01,PMC6592156:TEMPERATURE:4 °C:Rep3,0.7142857142857143,100.0
T250_OUTER_03,University of Edinburgh-led controlled human exposure study,SEQUENCE_RIDGE_FULL,0.01,PMC6592156:TEMPERATURE:41 °C:Rep1,0.8571428571428571,100.0
T250_OUTER_03,University of Edinburgh-led controlled human exposure study,SEQUENCE_RIDGE_FULL,0.01,PMC6592156:TEMPERATURE:41 °C:Rep2,0.8571428571428571,100.0
T250_OUTER_03,University of Edinburgh-led controlled human exposure study,SEQUENCE_RIDGE_FULL,0.01,PMC6592156:TEMPERATURE:41 °C:Rep3,0.8571428571428571,100.0
T250_OUTER_03,University of Edinburgh-led controlled human exposure study,SEQUENCE_RIDGE_FULL,0.01,PMC6592156:TEMPERATURE:47 °C:Rep1,0.8285714285714286,100.0
T250_OUTER_03,University of Edinburgh-led controlled human exposure study,SEQUENCE_RIDGE_FULL,0.01,PMC6592156:TEMPERATURE:47 °C:Rep2,0.8928571428571429,100.0
T250_OUTER_03,University of Edinburgh-led controlled human exposure study,SEQUENCE_RIDGE_FULL,0.01,PMC6592156:TEMPERATURE:47 °C:Rep3,0.8928571428571429,100.0
T250_OUTER_03,University of Edinburgh-led controlled human exposure study,SEQUENCE_RIDGE_FULL,0.01,PT_D1_16,0.6425304545837554,100.0
T250_OUTER_03,University of Edinburgh-led controlled human exposure study,SEQUENCE_RIDGE_FULL,0.01,PT_D1_18,0.9121593238215745,100.0
T250_OUTER_03,University of Edinburgh-led controlled human exposure study,SEQUENCE_RIDGE_FULL,0.01,PT_D1_20,0.5002164033860247,100.0
T250_OUTER_03,University of Edinburgh-led controlled human exposure study,SEQUENCE_RIDGE_FULL,0.01,PT_D1_23,0.7378185943161161,100.0
T250_OUTER_03,University of Edinburgh-led controlled human exposure study,SEQUENCE_RIDGE_FULL,0.01,PT_D1_33,0.587180674734059,100.0
T250_OUTER_03,University of Edinburgh-led controlled human exposure study,SEQUENCE_RIDGE_FULL,0.01,PT_D1_34,0.7807200583588266,100.0
T250_OUTER_03,University of Edinburgh-led controlled human exposure study,SEQUENCE_RIDGE_FULL,0.01,PT_D1_48,0.5828659631828564,100.0
T250_OUTER_03,University of Edinburgh-led controlled human exposure study,SEQUENCE_RIDGE_FULL,0.01,PT_D1_51,0.9831920802501751,100.0
T250_OUTER_03,University of Edinburgh-led controlled human exposure study,SEQUENCE_RIDGE_FULL,0.01,PT_D1_73,0.7289182663923712,100.0
T250_OUTER_03,University of Edinburgh-led controlled human exposure study,SEQUENCE_RIDGE_FULL,0.01,PT_D1_81,0.9759000729485332,100.0
T250_OUTER_03,University of Edinburgh-led controlled human exposure study,SEQUENCE_RIDGE_FULL,0.01,PT_D3_06,0.6831300510639733,100.0
T250_OUTER_03,University of Edinburgh-led controlled human exposure study,SEQUENCE_RIDGE_FULL,0.01,PT_D3_14,0.7807200583588266,100.0
T250_OUTER_03,University of Edinburgh-led controlled human exposure study,SEQUENCE_RIDGE_FULL,0.01,PT_D3_22,0.8108437164260031,100.0
T250_OUTER_03,University of Edinburgh-led controlled human exposure study,SEQUENCE_RIDGE_FULL,0.01,PT_D3_28,0.46381682852195877,100.0
T250_OUTER_03,University of Edinburgh-led controlled human exposure study,SEQUENCE_RIDGE_FULL,0.01,PT_D3_30,0.788009048074417,100.0
T250_OUTER_03,University of Edinburgh-led controlled human exposure study,SEQUENCE_RIDGE_FULL,0.01,PT_D3_37,0.9271050693011066,100.0
T250_OUTER_03,University of Edinburgh-led controlled human exposure study,SEQUENCE_RIDGE_FULL,0.01,PT_D3_41,0.8728715609439694,100.0
T250_OUTER_03,University of Edinburgh-led controlled human exposure study,SEQUENCE_RIDGE_FULL,0.01,PT_D3_42,0.6343350474165466,100.0
T250_OUTER_03,University of Edinburgh-led controlled human exposure study,SEQUENCE_RIDGE_FULL,0.01,PT_D3_85,0.9561828874675149,100.0
T250_OUTER_03,University of Edinburgh-led controlled human exposure study,SEQUENCE_RIDGE_FULL,0.01,PT_D3_96,0.9759000729485332,100.0
T250_OUTER_03,University of Edinburgh-led controlled human exposure study,SEQUENCE_RIDGE_FULL,0.01,R4_PXD060795_F1,0.7857142857142857,100.0
T250_OUTER_03,University of Edinburgh-led controlled human exposure study,SEQUENCE_RIDGE_FULL,0.01,R4_PXD060795_F2,0.7857142857142857,100.0
T250_OUTER_03,University of Edinburgh-led controlled human exposure study,SEQUENCE_RIDGE_FULL,0.01,R4_PXD060795_F3,0.7857142857142857,100.0
T250_OUTER_03,University of Edinburgh-led controlled human exposure study,SEQUENCE_RIDGE_FULL,0.01,R4_PXD060795_F7,0.8928571428571429,100.0
T250_OUTER_03,University of Edinburgh-led controlled human exposure study,SEQUENCE_RIDGE_FULL,0.01,R4_PXD060795_F8,0.9428571428571428,100.0
T250_OUTER_03,University of Edinburgh-led controlled human exposure study,SEQUENCE_RIDGE_FULL,0.01,R4_PXD060795_F9,0.9428571428571428,100.0
T250_OUTER_03,University of Edinburgh-led controlled human exposure study,SEQUENCE_RIDGE_FULL,0.01,T_D1_133,0.7807200583588266,100.0
T250_OUTER_03,University of Edinburgh-led controlled human exposure study,SEQUENCE_RIDGE_FULL,0.01,T_D1_138,0.5819143739626463,100.0
T250_OUTER_03,University of Edinburgh-led controlled human exposure study,SEQUENCE_RIDGE_FULL,0.01,T_D1_165,0.9759000729485332,100.0
T250_OUTER_03,University of Edinburgh-led controlled human exposure study,SEQUENCE_RIDGE_FULL,0.01,T_D1_173,0.8295150620062532,100.0
T250_OUTER_03,University of Edinburgh-led controlled human exposure study,SEQUENCE_RIDGE_FULL,0.01,T_D1_186,0.7119666788018509,100.0
T250_OUTER_03,University of Edinburgh-led controlled human exposure study,SEQUENCE_RIDGE_FULL,0.01,T_D3_119a,0.8355099778440249,100.0
T250_OUTER_03,University of Edinburgh-led controlled human exposure study,SEQUENCE_RIDGE_FULL,0.01,T_D3_119b,0.8523889672954195,100.0
T250_OUTER_03,University of Edinburgh-led controlled human exposure study,SEQUENCE_RIDGE_FULL,0.01,T_D3_155,0.7807200583588266,100.0
T250_OUTER_03,University of Edinburgh-led controlled human exposure study,SEQUENCE_RIDGE_FULL,0.01,T_D3_178,0.9759000729485332,100.0
T250_OUTER_03,University of Edinburgh-led controlled human exposure study,SEQUENCE_RIDGE_FULL,0.01,T_D3_198,0.650213213321002,100.0
T250_OUTER_03,University of Edinburgh-led controlled human exposure study,SEQUENCE_RIDGE_FULL,0.01,__MEAN__,0.781156176143726,100.0
T250_OUTER_03,University of Edinburgh-led controlled human exposure study,SEQUENCE_RIDGE_FULL,0.1,PMC6592156:PH:pH 4.9:Rep1,0.9,100.0
T250_OUTER_03,University of Edinburgh-led controlled human exposure study,SEQUENCE_RIDGE_FULL,0.1,PMC6592156:PH:pH 4.9:Rep2,0.8857142857142857,100.0
T250_OUTER_03,University of Edinburgh-led controlled human exposure study,SEQUENCE_RIDGE_FULL,0.1,PMC6592156:PH:pH 4.9:Rep3,0.8857142857142857,100.0
T250_OUTER_03,University of Edinburgh-led controlled human exposure study,SEQUENCE_RIDGE_FULL,0.1,PMC6592156:PH:pH 6.1:Rep1,0.6571428571428571,100.0
T250_OUTER_03,University of Edinburgh-led controlled human exposure study,SEQUENCE_RIDGE_FULL,0.1,PMC6592156:PH:pH 6.1:Rep2,0.7142857142857143,100.0
T250_OUTER_03,University of Edinburgh-led controlled human exposure study,SEQUENCE_RIDGE_FULL,0.1,PMC6592156:PH:pH 6.1:Rep3,0.7,100.0
T250_OUTER_03,University of Edinburgh-led controlled human exposure study,SEQUENCE_RIDGE_FULL,0.1,PMC6592156:PH:pH 6.8:Rep1,0.8571428571428571,100.0
T250_OUTER_03,University of Edinburgh-led controlled human exposure study,SEQUENCE_RIDGE_FULL,0.1,PMC6592156:PH:pH 6.8:Rep2,0.7142857142857143,100.0
T250_OUTER_03,University of Edinburgh-led controlled human exposure study,SEQUENCE_RIDGE_FULL,0.1,PMC6592156:PH:pH 6.8:Rep3,0.5714285714285714,100.0
T250_OUTER_03,University of Edinburgh-led controlled human exposure study,SEQUENCE_RIDGE_FULL,0.1,PMC6592156:PH:pH 7.7:Rep1,0.8857142857142857,100.0
T250_OUTER_03,University of Edinburgh-led controlled human exposure study,SEQUENCE_RIDGE_FULL,0.1,PMC6592156:PH:pH 7.7:Rep2,0.6428571428571429,100.0
T250_OUTER_03,University of Edinburgh-led controlled human exposure study,SEQUENCE_RIDGE_FULL,0.1,PMC6592156:PH:pH 7.7:Rep3,0.6428571428571429,100.0
T250_OUTER_03,University of Edinburgh-led controlled human exposure study,SEQUENCE_RIDGE_FULL,0.1,PMC6592156:PH:pH 8.9:Rep1,0.75,100.0
T250_OUTER_03,University of Edinburgh-led controlled human exposure study,SEQUENCE_RIDGE_FULL,0.1,PMC6592156:PH:pH 8.9:Rep2,0.7142857142857143,100.0
T250_OUTER_03,University of Edinburgh-led controlled human exposure study,SEQUENCE_RIDGE_FULL,0.1,PMC6592156:PH:pH 8.9:Rep3,0.8571428571428571,100.0
T250_OUTER_03,University of Edinburgh-led controlled human exposure study,SEQUENCE_RIDGE_FULL,0.1,PMC6592156:TEMPERATURE:17 °C:Rep1,0.7714285714285715,100.0
T250_OUTER_03,University of Edinburgh-led controlled human exposure study,SEQUENCE_RIDGE_FULL,0.1,PMC6592156:TEMPERATURE:17 °C:Rep2,0.6571428571428571,100.0
T250_OUTER_03,University of Edinburgh-led controlled human exposure study,SEQUENCE_RIDGE_FULL,0.1,PMC6592156:TEMPERATURE:17 °C:Rep3,0.6,100.0
T250_OUTER_03,University of Edinburgh-led controlled human exposure study,SEQUENCE_RIDGE_FULL,0.1,PMC6592156:TEMPERATURE:30 °C:Rep1,0.7142857142857143,100.0
T250_OUTER_03,University of Edinburgh-led controlled human exposure study,SEQUENCE_RIDGE_FULL,0.1,PMC6592156:TEMPERATURE:30 °C:Rep2,0.6,100.0
T250_OUTER_03,University of Edinburgh-led controlled human exposure study,SEQUENCE_RIDGE_FULL,0.1,PMC6592156:TEMPERATURE:30 °C:Rep3,0.8571428571428571,100.0
T250_OUTER_03,University of Edinburgh-led controlled human exposure study,SEQUENCE_RIDGE_FULL,0.1,PMC6592156:TEMPERATURE:4 °C:Rep1,0.8214285714285714,100.0
T250_OUTER_03,University of Edinburgh-led controlled human exposure study,SEQUENCE_RIDGE_FULL,0.1,PMC6592156:TEMPERATURE:4 °C:Rep2,0.8214285714285714,100.0
T250_OUTER_03,University of Edinburgh-led controlled human exposure study,SEQUENCE_RIDGE_FULL,0.1,PMC6592156:TEMPERATURE:4 °C:Rep3,0.7142857142857143,100.0
T250_OUTER_03,University of Edinburgh-led controlled human exposure study,SEQUENCE_RIDGE_FULL,0.1,PMC6592156:TEMPERATURE:41 °C:Rep1,0.8571428571428571,100.0
T250_OUTER_03,University of Edinburgh-led controlled human exposure study,SEQUENCE_RIDGE_FULL,0.1,PMC6592156:TEMPERATURE:41 °C:Rep2,0.8571428571428571,100.0
T250_OUTER_03,University of Edinburgh-led controlled human exposure study,SEQUENCE_RIDGE_FULL,0.1,PMC6592156:TEMPERATURE:41 °C:Rep3,0.8571428571428571,100.0
T250_OUTER_03,University of Edinburgh-led controlled human exposure study,SEQUENCE_RIDGE_FULL,0.1,PMC6592156:TEMPERATURE:47 °C:Rep1,0.8285714285714286,100.0
T250_OUTER_03,University of Edinburgh-led controlled human exposure study,SEQUENCE_RIDGE_FULL,0.1,PMC6592156:TEMPERATURE:47 °C:Rep2,0.8928571428571429,100.0
T250_OUTER_03,University of Edinburgh-led controlled human exposure study,SEQUENCE_RIDGE_FULL,0.1,PMC6592156:TEMPERATURE:47 °C:Rep3,0.8928571428571429,100.0
T250_OUTER_03,University of Edinburgh-led controlled human exposure study,SEQUENCE_RIDGE_FULL,0.1,PT_D1_16,0.6425304545837554,100.0
T250_OUTER_03,University of Edinburgh-led controlled human exposure study,SEQUENCE_RIDGE_FULL,0.1,PT_D1_18,0.9121593238215745,100.0
T250_OUTER_03,University of Edinburgh-led controlled human exposure study,SEQUENCE_RIDGE_FULL,0.1,PT_D1_20,0.47809144373375745,100.0
T250_OUTER_03,University of Edinburgh-led controlled human exposure study,SEQUENCE_RIDGE_FULL,0.1,PT_D1_23,0.7033935166085081,100.0
T250_OUTER_03,University of Edinburgh-led controlled human exposure study,SEQUENCE_RIDGE_FULL,0.1,PT_D1_33,0.58537673598634,100.0
T250_OUTER_03,University of Edinburgh-led controlled human exposure study,SEQUENCE_RIDGE_FULL,0.1,PT_D1_34,0.7807200583588266,100.0
T250_OUTER_03,University of Edinburgh-led controlled human exposure study,SEQUENCE_RIDGE_FULL,0.1,PT_D1_48,0.587180674734059,100.0
T250_OUTER_03,University of Edinburgh-led controlled human exposure study,SEQUENCE_RIDGE_FULL,0.1,PT_D1_51,0.9831920802501751,100.0
T250_OUTER_03,University of Edinburgh-led controlled human exposure study,SEQUENCE_RIDGE_FULL,0.1,PT_D1_73,0.7289182663923712,100.0
T250_OUTER_03,University of Edinburgh-led controlled human exposure study,SEQUENCE_RIDGE_FULL,0.1,PT_D1_81,0.9759000729485332,100.0
T250_OUTER_03,University of Edinburgh-led controlled human exposure study,SEQUENCE_RIDGE_FULL,0.1,PT_D3_06,0.6831300510639733,100.0
T250_OUTER_03,University of Edinburgh-led controlled human exposure study,SEQUENCE_RIDGE_FULL,0.1,PT_D3_14,0.7807200583588266,100.0
T250_OUTER_03,University of Edinburgh-led controlled human exposure study,SEQUENCE_RIDGE_FULL,0.1,PT_D3_22,0.8365019125713041,100.0
T250_OUTER_03,University of Edinburgh-led controlled human exposure study,SEQUENCE_RIDGE_FULL,0.1,PT_D3_28,0.44136741475237473,100.0
T250_OUTER_03,University of Edinburgh-led controlled human exposure study,SEQUENCE_RIDGE_FULL,0.1,PT_D3_30,0.788009048074417,100.0
T250_OUTER_03,University of Edinburgh-led controlled human exposure study,SEQUENCE_RIDGE_FULL,0.1,PT_D3_37,0.9271050693011066,100.0
T250_OUTER_03,University of Edinburgh-led controlled human exposure study,SEQUENCE_RIDGE_FULL,0.1,PT_D3_41,0.8728715609439694,100.0
T250_OUTER_03,University of Edinburgh-led controlled human exposure study,SEQUENCE_RIDGE_FULL,0.1,PT_D3_42,0.6343350474165466,100.0
T250_OUTER_03,University of Edinburgh-led controlled human exposure study,SEQUENCE_RIDGE_FULL,0.1,PT_D3_85,0.9561828874675149,100.0
T250_OUTER_03,University of Edinburgh-led controlled human exposure study,SEQUENCE_RIDGE_FULL,0.1,PT_D3_96,0.9759000729485332,100.0
T250_OUTER_03,University of Edinburgh-led controlled human exposure study,SEQUENCE_RIDGE_FULL,0.1,R4_PXD060795_F1,0.7857142857142857,100.0
T250_OUTER_03,University of Edinburgh-led controlled human exposure study,SEQUENCE_RIDGE_FULL,0.1,R4_PXD060795_F2,0.7857142857142857,100.0
T250_OUTER_03,University of Edinburgh-led controlled human exposure study,SEQUENCE_RIDGE_FULL,0.1,R4_PXD060795_F3,0.7857142857142857,100.0
T250_OUTER_03,University of Edinburgh-led controlled human exposure study,SEQUENCE_RIDGE_FULL,0.1,R4_PXD060795_F7,0.8928571428571429,100.0
T250_OUTER_03,University of Edinburgh-led controlled human exposure study,SEQUENCE_RIDGE_FULL,0.1,R4_PXD060795_F8,0.9428571428571428,100.0
T250_OUTER_03,University of Edinburgh-led controlled human exposure study,SEQUENCE_RIDGE_FULL,0.1,R4_PXD060795_F9,0.9428571428571428,100.0
T250_OUTER_03,University of Edinburgh-led controlled human exposure study,SEQUENCE_RIDGE_FULL,0.1,T_D1_133,0.7807200583588266,100.0
T250_OUTER_03,University of Edinburgh-led controlled human exposure study,SEQUENCE_RIDGE_FULL,0.1,T_D1_138,0.5455447255899809,100.0
T250_OUTER_03,University of Edinburgh-led controlled human exposure study,SEQUENCE_RIDGE_FULL,0.1,T_D1_165,0.9759000729485332,100.0
T250_OUTER_03,University of Edinburgh-led controlled human exposure study,SEQUENCE_RIDGE_FULL,0.1,T_D1_173,0.8295150620062532,100.0
T250_OUTER_03,University of Edinburgh-led controlled human exposure study,SEQUENCE_RIDGE_FULL,0.1,T_D1_186,0.7119666788018509,100.0
T250_OUTER_03,University of Edinburgh-led controlled human exposure study,SEQUENCE_RIDGE_FULL,0.1,T_D3_119a,0.847579379526013,100.0
T250_OUTER_03,University of Edinburgh-led controlled human exposure study,SEQUENCE_RIDGE_FULL,0.1,T_D3_119b,0.847579379526013,100.0
T250_OUTER_03,University of Edinburgh-led controlled human exposure study,SEQUENCE_RIDGE_FULL,0.1,T_D3_155,0.7807200583588266,100.0
T250_OUTER_03,University of Edinburgh-led controlled human exposure study,SEQUENCE_RIDGE_FULL,0.1,T_D3_178,0.9759000729485332,100.0
T250_OUTER_03,University of Edinburgh-led controlled human exposure study,SEQUENCE_RIDGE_FULL,0.1,T_D3_198,0.650213213321002,100.0
T250_OUTER_03,University of Edinburgh-led controlled human exposure study,SEQUENCE_RIDGE_FULL,0.1,__MEAN__,0.7799449592249266,100.0
T250_OUTER_03,University of Edinburgh-led controlled human exposure study,SEQUENCE_RIDGE_FULL,1.0,PMC6592156:PH:pH 4.9:Rep1,0.9,100.0
T250_OUTER_03,University of Edinburgh-led controlled human exposure study,SEQUENCE_RIDGE_FULL,1.0,PMC6592156:PH:pH 4.9:Rep2,0.8857142857142857,100.0
T250_OUTER_03,University of Edinburgh-led controlled human exposure study,SEQUENCE_RIDGE_FULL,1.0,PMC6592156:PH:pH 4.9:Rep3,0.8857142857142857,100.0
T250_OUTER_03,University of Edinburgh-led controlled human exposure study,SEQUENCE_RIDGE_FULL,1.0,PMC6592156:PH:pH 6.1:Rep1,0.6571428571428571,100.0
T250_OUTER_03,University of Edinburgh-led controlled human exposure study,SEQUENCE_RIDGE_FULL,1.0,PMC6592156:PH:pH 6.1:Rep2,0.7142857142857143,100.0
T250_OUTER_03,University of Edinburgh-led controlled human exposure study,SEQUENCE_RIDGE_FULL,1.0,PMC6592156:PH:pH 6.1:Rep3,0.7,100.0
T250_OUTER_03,University of Edinburgh-led controlled human exposure study,SEQUENCE_RIDGE_FULL,1.0,PMC6592156:PH:pH 6.8:Rep1,0.8571428571428571,100.0
T250_OUTER_03,University of Edinburgh-led controlled human exposure study,SEQUENCE_RIDGE_FULL,1.0,PMC6592156:PH:pH 6.8:Rep2,0.7142857142857143,100.0
T250_OUTER_03,University of Edinburgh-led controlled human exposure study,SEQUENCE_RIDGE_FULL,1.0,PMC6592156:PH:pH 6.8:Rep3,0.5714285714285714,100.0
T250_OUTER_03,University of Edinburgh-led controlled human exposure study,SEQUENCE_RIDGE_FULL,1.0,PMC6592156:PH:pH 7.7:Rep1,0.8857142857142857,100.0
T250_OUTER_03,University of Edinburgh-led controlled human exposure study,SEQUENCE_RIDGE_FULL,1.0,PMC6592156:PH:pH 7.7:Rep2,0.6428571428571429,100.0
T250_OUTER_03,University of Edinburgh-led controlled human exposure study,SEQUENCE_RIDGE_FULL,1.0,PMC6592156:PH:pH 7.7:Rep3,0.6428571428571429,100.0
T250_OUTER_03,University of Edinburgh-led controlled human exposure study,SEQUENCE_RIDGE_FULL,1.0,PMC6592156:PH:pH 8.9:Rep1,0.75,100.0
T250_OUTER_03,University of Edinburgh-led controlled human exposure study,SEQUENCE_RIDGE_FULL,1.0,PMC6592156:PH:pH 8.9:Rep2,0.7142857142857143,100.0
T250_OUTER_03,University of Edinburgh-led controlled human exposure study,SEQUENCE_RIDGE_FULL,1.0,PMC6592156:PH:pH 8.9:Rep3,0.8571428571428571,100.0
T250_OUTER_03,University of Edinburgh-led controlled human exposure study,SEQUENCE_RIDGE_FULL,1.0,PMC6592156:TEMPERATURE:17 °C:Rep1,0.7714285714285715,100.0
T250_OUTER_03,University of Edinburgh-led controlled human exposure study,SEQUENCE_RIDGE_FULL,1.0,PMC6592156:TEMPERATURE:17 °C:Rep2,0.6571428571428571,100.0
T250_OUTER_03,University of Edinburgh-led controlled human exposure study,SEQUENCE_RIDGE_FULL,1.0,PMC6592156:TEMPERATURE:17 °C:Rep3,0.6,100.0
T250_OUTER_03,University of Edinburgh-led controlled human exposure study,SEQUENCE_RIDGE_FULL,1.0,PMC6592156:TEMPERATURE:30 °C:Rep1,0.7714285714285715,100.0
T250_OUTER_03,University of Edinburgh-led controlled human exposure study,SEQUENCE_RIDGE_FULL,1.0,PMC6592156:TEMPERATURE:30 °C:Rep2,0.6,100.0
T250_OUTER_03,University of Edinburgh-led controlled human exposure study,SEQUENCE_RIDGE_FULL,1.0,PMC6592156:TEMPERATURE:30 °C:Rep3,0.8571428571428571,100.0
T250_OUTER_03,University of Edinburgh-led controlled human exposure study,SEQUENCE_RIDGE_FULL,1.0,PMC6592156:TEMPERATURE:4 °C:Rep1,0.8214285714285714,100.0
T250_OUTER_03,University of Edinburgh-led controlled human exposure study,SEQUENCE_RIDGE_FULL,1.0,PMC6592156:TEMPERATURE:4 °C:Rep2,0.8214285714285714,100.0
T250_OUTER_03,University of Edinburgh-led controlled human exposure study,SEQUENCE_RIDGE_FULL,1.0,PMC6592156:TEMPERATURE:4 °C:Rep3,0.7142857142857143,100.0
T250_OUTER_03,University of Edinburgh-led controlled human exposure study,SEQUENCE_RIDGE_FULL,1.0,PMC6592156:TEMPERATURE:41 °C:Rep1,0.8571428571428571,100.0
T250_OUTER_03,University of Edinburgh-led controlled human exposure study,SEQUENCE_RIDGE_FULL,1.0,PMC6592156:TEMPERATURE:41 °C:Rep2,0.8571428571428571,100.0
T250_OUTER_03,University of Edinburgh-led controlled human exposure study,SEQUENCE_RIDGE_FULL,1.0,PMC6592156:TEMPERATURE:41 °C:Rep3,0.8571428571428571,100.0
T250_OUTER_03,University of Edinburgh-led controlled human exposure study,SEQUENCE_RIDGE_FULL,1.0,PMC6592156:TEMPERATURE:47 °C:Rep1,0.8285714285714286,100.0
T250_OUTER_03,University of Edinburgh-led controlled human exposure study,SEQUENCE_RIDGE_FULL,1.0,PMC6592156:TEMPERATURE:47 °C:Rep2,0.8928571428571429,100.0
T250_OUTER_03,University of Edinburgh-led controlled human exposure study,SEQUENCE_RIDGE_FULL,1.0,PMC6592156:TEMPERATURE:47 °C:Rep3,0.8928571428571429,100.0
T250_OUTER_03,University of Edinburgh-led controlled human exposure study,SEQUENCE_RIDGE_FULL,1.0,PT_D1_16,0.6425304545837554,100.0
T250_OUTER_03,University of Edinburgh-led controlled human exposure study,SEQUENCE_RIDGE_FULL,1.0,PT_D1_18,0.9276336570439175,100.0
T250_OUTER_03,University of Edinburgh-led controlled human exposure study,SEQUENCE_RIDGE_FULL,1.0,PT_D1_20,0.46381682852195877,100.0
T250_OUTER_03,University of Edinburgh-led controlled human exposure study,SEQUENCE_RIDGE_FULL,1.0,PT_D1_23,0.7012325483169698,100.0
T250_OUTER_03,University of Edinburgh-led controlled human exposure study,SEQUENCE_RIDGE_FULL,1.0,PT_D1_33,0.587180674734059,100.0
T250_OUTER_03,University of Edinburgh-led controlled human exposure study,SEQUENCE_RIDGE_FULL,1.0,PT_D1_34,0.7807200583588266,100.0
T250_OUTER_03,University of Edinburgh-led controlled human exposure study,SEQUENCE_RIDGE_FULL,1.0,PT_D1_48,0.5828659631828564,100.0
T250_OUTER_03,University of Edinburgh-led controlled human exposure study,SEQUENCE_RIDGE_FULL,1.0,PT_D1_51,0.9831920802501751,100.0
T250_OUTER_03,University of Edinburgh-led controlled human exposure study,SEQUENCE_RIDGE_FULL,1.0,PT_D1_73,0.7289182663923712,100.0
T250_OUTER_03,University of Edinburgh-led controlled human exposure study,SEQUENCE_RIDGE_FULL,1.0,PT_D1_81,0.9759000729485332,100.0
T250_OUTER_03,University of Edinburgh-led controlled human exposure study,SEQUENCE_RIDGE_FULL,1.0,PT_D3_06,0.6831300510639733,100.0
T250_OUTER_03,University of Edinburgh-led controlled human exposure study,SEQUENCE_RIDGE_FULL,1.0,PT_D3_14,0.7807200583588266,100.0
T250_OUTER_03,University of Edinburgh-led controlled human exposure study,SEQUENCE_RIDGE_FULL,1.0,PT_D3_22,0.8627121404018641,100.0
T250_OUTER_03,University of Edinburgh-led controlled human exposure study,SEQUENCE_RIDGE_FULL,1.0,PT_D3_28,0.4058397249567139,100.0
T250_OUTER_03,University of Edinburgh-led controlled human exposure study,SEQUENCE_RIDGE_FULL,1.0,PT_D3_30,0.788009048074417,100.0
T250_OUTER_03,University of Edinburgh-led controlled human exposure study,SEQUENCE_RIDGE_FULL,1.0,PT_D3_37,0.9271050693011066,100.0
T250_OUTER_03,University of Edinburgh-led controlled human exposure study,SEQUENCE_RIDGE_FULL,1.0,PT_D3_41,0.8627121404018641,100.0
T250_OUTER_03,University of Edinburgh-led controlled human exposure study,SEQUENCE_RIDGE_FULL,1.0,PT_D3_42,0.6343350474165466,100.0
T250_OUTER_03,University of Edinburgh-led controlled human exposure study,SEQUENCE_RIDGE_FULL,1.0,PT_D3_85,0.9561828874675149,100.0
T250_OUTER_03,University of Edinburgh-led controlled human exposure study,SEQUENCE_RIDGE_FULL,1.0,PT_D3_96,0.9759000729485332,100.0
T250_OUTER_03,University of Edinburgh-led controlled human exposure study,SEQUENCE_RIDGE_FULL,1.0,R4_PXD060795_F1,0.7857142857142857,100.0
T250_OUTER_03,University of Edinburgh-led controlled human exposure study,SEQUENCE_RIDGE_FULL,1.0,R4_PXD060795_F2,0.7857142857142857,100.0
T250_OUTER_03,University of Edinburgh-led controlled human exposure study,SEQUENCE_RIDGE_FULL,1.0,R4_PXD060795_F3,0.7857142857142857,100.0
T250_OUTER_03,University of Edinburgh-led controlled human exposure study,SEQUENCE_RIDGE_FULL,1.0,R4_PXD060795_F7,0.8928571428571429,100.0
T250_OUTER_03,University of Edinburgh-led controlled human exposure study,SEQUENCE_RIDGE_FULL,1.0,R4_PXD060795_F8,0.9428571428571428,100.0
T250_OUTER_03,University of Edinburgh-led controlled human exposure study,SEQUENCE_RIDGE_FULL,1.0,R4_PXD060795_F9,0.9428571428571428,100.0
T250_OUTER_03,University of Edinburgh-led controlled human exposure study,SEQUENCE_RIDGE_FULL,1.0,T_D1_133,0.7807200583588266,100.0
T250_OUTER_03,University of Edinburgh-led controlled human exposure study,SEQUENCE_RIDGE_FULL,1.0,T_D1_138,0.5455447255899809,100.0
T250_OUTER_03,University of Edinburgh-led controlled human exposure study,SEQUENCE_RIDGE_FULL,1.0,T_D1_165,0.9759000729485332,100.0
T250_OUTER_03,University of Edinburgh-led controlled human exposure study,SEQUENCE_RIDGE_FULL,1.0,T_D1_173,0.8295150620062532,100.0
T250_OUTER_03,University of Edinburgh-led controlled human exposure study,SEQUENCE_RIDGE_FULL,1.0,T_D1_186,0.7119666788018509,100.0
T250_OUTER_03,University of Edinburgh-led controlled human exposure study,SEQUENCE_RIDGE_FULL,1.0,T_D3_119a,0.847579379526013,100.0
T250_OUTER_03,University of Edinburgh-led controlled human exposure study,SEQUENCE_RIDGE_FULL,1.0,T_D3_119b,0.847579379526013,100.0
T250_OUTER_03,University of Edinburgh-led controlled human exposure study,SEQUENCE_RIDGE_FULL,1.0,T_D3_155,0.7807200583588266,100.0
T250_OUTER_03,University of Edinburgh-led controlled human exposure study,SEQUENCE_RIDGE_FULL,1.0,T_D3_178,0.9759000729485332,100.0
T250_OUTER_03,University of Edinburgh-led controlled human exposure study,SEQUENCE_RIDGE_FULL,1.0,T_D3_198,0.650213213321002,100.0
T250_OUTER_03,University of Edinburgh-led controlled human exposure study,SEQUENCE_RIDGE_FULL,1.0,__MEAN__,0.7804630493999444,100.0
T250_OUTER_03,University of Edinburgh-led controlled human exposure study,SEQUENCE_RIDGE_FULL,10.0,PMC6592156:PH:pH 4.9:Rep1,1.0,100.0
T250_OUTER_03,University of Edinburgh-led controlled human exposure study,SEQUENCE_RIDGE_FULL,10.0,PMC6592156:PH:pH 4.9:Rep2,0.9428571428571428,100.0
T250_OUTER_03,University of Edinburgh-led controlled human exposure study,SEQUENCE_RIDGE_FULL,10.0,PMC6592156:PH:pH 4.9:Rep3,0.9428571428571428,100.0
T250_OUTER_03,University of Edinburgh-led controlled human exposure study,SEQUENCE_RIDGE_FULL,10.0,PMC6592156:PH:pH 6.1:Rep1,0.7714285714285715,100.0
T250_OUTER_03,University of Edinburgh-led controlled human exposure study,SEQUENCE_RIDGE_FULL,10.0,PMC6592156:PH:pH 6.1:Rep2,0.75,100.0
T250_OUTER_03,University of Edinburgh-led controlled human exposure study,SEQUENCE_RIDGE_FULL,10.0,PMC6592156:PH:pH 6.1:Rep3,0.9,100.0
T250_OUTER_03,University of Edinburgh-led controlled human exposure study,SEQUENCE_RIDGE_FULL,10.0,PMC6592156:PH:pH 6.8:Rep1,0.8928571428571429,100.0
T250_OUTER_03,University of Edinburgh-led controlled human exposure study,SEQUENCE_RIDGE_FULL,10.0,PMC6592156:PH:pH 6.8:Rep2,0.75,100.0
T250_OUTER_03,University of Edinburgh-led controlled human exposure study,SEQUENCE_RIDGE_FULL,10.0,PMC6592156:PH:pH 6.8:Rep3,0.6428571428571429,100.0
T250_OUTER_03,University of Edinburgh-led controlled human exposure study,SEQUENCE_RIDGE_FULL,10.0,PMC6592156:PH:pH 7.7:Rep1,0.9428571428571428,100.0
T250_OUTER_03,University of Edinburgh-led controlled human exposure study,SEQUENCE_RIDGE_FULL,10.0,PMC6592156:PH:pH 7.7:Rep2,0.7142857142857143,100.0
T250_OUTER_03,University of Edinburgh-led controlled human exposure study,SEQUENCE_RIDGE_FULL,10.0,PMC6592156:PH:pH 7.7:Rep3,0.7142857142857143,100.0
T250_OUTER_03,University of Edinburgh-led controlled human exposure study,SEQUENCE_RIDGE_FULL,10.0,PMC6592156:PH:pH 8.9:Rep1,0.7857142857142857,100.0
T250_OUTER_03,University of Edinburgh-led controlled human exposure study,SEQUENCE_RIDGE_FULL,10.0,PMC6592156:PH:pH 8.9:Rep2,0.75,100.0
T250_OUTER_03,University of Edinburgh-led controlled human exposure study,SEQUENCE_RIDGE_FULL,10.0,PMC6592156:PH:pH 8.9:Rep3,0.8928571428571429,100.0
T250_OUTER_03,University of Edinburgh-led controlled human exposure study,SEQUENCE_RIDGE_FULL,10.0,PMC6592156:TEMPERATURE:17 °C:Rep1,0.8285714285714286,100.0
T250_OUTER_03,University of Edinburgh-led controlled human exposure study,SEQUENCE_RIDGE_FULL,10.0,PMC6592156:TEMPERATURE:17 °C:Rep2,0.7714285714285715,100.0
T250_OUTER_03,University of Edinburgh-led controlled human exposure study,SEQUENCE_RIDGE_FULL,10.0,PMC6592156:TEMPERATURE:17 °C:Rep3,0.8,100.0
T250_OUTER_03,University of Edinburgh-led controlled human exposure study,SEQUENCE_RIDGE_FULL,10.0,PMC6592156:TEMPERATURE:30 °C:Rep1,0.8285714285714286,100.0
T250_OUTER_03,University of Edinburgh-led controlled human exposure study,SEQUENCE_RIDGE_FULL,10.0,PMC6592156:TEMPERATURE:30 °C:Rep2,0.8,100.0
T250_OUTER_03,University of Edinburgh-led controlled human exposure study,SEQUENCE_RIDGE_FULL,10.0,PMC6592156:TEMPERATURE:30 °C:Rep3,0.8928571428571429,100.0
T250_OUTER_03,University of Edinburgh-led controlled human exposure study,SEQUENCE_RIDGE_FULL,10.0,PMC6592156:TEMPERATURE:4 °C:Rep1,0.8571428571428571,100.0
T250_OUTER_03,University of Edinburgh-led controlled human exposure study,SEQUENCE_RIDGE_FULL,10.0,PMC6592156:TEMPERATURE:4 °C:Rep2,0.8571428571428571,100.0
T250_OUTER_03,University of Edinburgh-led controlled human exposure study,SEQUENCE_RIDGE_FULL,10.0,PMC6592156:TEMPERATURE:4 °C:Rep3,0.7714285714285715,100.0
T250_OUTER_03,University of Edinburgh-led controlled human exposure study,SEQUENCE_RIDGE_FULL,10.0,PMC6592156:TEMPERATURE:41 °C:Rep1,0.8928571428571429,100.0
T250_OUTER_03,University of Edinburgh-led controlled human exposure study,SEQUENCE_RIDGE_FULL,10.0,PMC6592156:TEMPERATURE:41 °C:Rep2,0.8928571428571429,100.0
T250_OUTER_03,University of Edinburgh-led controlled human exposure study,SEQUENCE_RIDGE_FULL,10.0,PMC6592156:TEMPERATURE:41 °C:Rep3,0.8928571428571429,100.0
T250_OUTER_03,University of Edinburgh-led controlled human exposure study,SEQUENCE_RIDGE_FULL,10.0,PMC6592156:TEMPERATURE:47 °C:Rep1,0.9428571428571428,100.0
T250_OUTER_03,University of Edinburgh-led controlled human exposure study,SEQUENCE_RIDGE_FULL,10.0,PMC6592156:TEMPERATURE:47 °C:Rep2,0.9642857142857143,100.0
T250_OUTER_03,University of Edinburgh-led controlled human exposure study,SEQUENCE_RIDGE_FULL,10.0,PMC6592156:TEMPERATURE:47 °C:Rep3,0.9642857142857143,100.0
T250_OUTER_03,University of Edinburgh-led controlled human exposure study,SEQUENCE_RIDGE_FULL,10.0,PT_D1_16,0.6425304545837554,100.0
T250_OUTER_03,University of Edinburgh-led controlled human exposure study,SEQUENCE_RIDGE_FULL,10.0,PT_D1_18,0.4058397249567139,100.0
T250_OUTER_03,University of Edinburgh-led controlled human exposure study,SEQUENCE_RIDGE_FULL,10.0,PT_D1_20,0.47809144373375745,100.0
T250_OUTER_03,University of Edinburgh-led controlled human exposure study,SEQUENCE_RIDGE_FULL,10.0,PT_D1_23,0.6605782590758164,100.0
T250_OUTER_03,University of Edinburgh-led controlled human exposure study,SEQUENCE_RIDGE_FULL,10.0,PT_D1_33,0.5321324864777409,100.0
T250_OUTER_03,University of Edinburgh-led controlled human exposure study,SEQUENCE_RIDGE_FULL,10.0,PT_D1_34,0.5855400437691199,100.0
T250_OUTER_03,University of Edinburgh-led controlled human exposure study,SEQUENCE_RIDGE_FULL,10.0,PT_D1_48,0.4923659639173309,100.0
T250_OUTER_03,University of Edinburgh-led controlled human exposure study,SEQUENCE_RIDGE_FULL,10.0,PT_D1_51,0.847579379526013,100.0
T250_OUTER_03,University of Edinburgh-led controlled human exposure study,SEQUENCE_RIDGE_FULL,10.0,PT_D1_73,0.5992041255245028,100.0
T250_OUTER_03,University of Edinburgh-led controlled human exposure study,SEQUENCE_RIDGE_FULL,10.0,PT_D1_81,0.7807200583588266,100.0
T250_OUTER_03,University of Edinburgh-led controlled human exposure study,SEQUENCE_RIDGE_FULL,10.0,PT_D3_06,0.6831300510639733,100.0
T250_OUTER_03,University of Edinburgh-led controlled human exposure study,SEQUENCE_RIDGE_FULL,10.0,PT_D3_14,0.5855400437691199,100.0
T250_OUTER_03,University of Edinburgh-led controlled human exposure study,SEQUENCE_RIDGE_FULL,10.0,PT_D3_22,0.5225437283634242,100.0
T250_OUTER_03,University of Edinburgh-led controlled human exposure study,SEQUENCE_RIDGE_FULL,10.0,PT_D3_28,0.46381682852195877,100.0
T250_OUTER_03,University of Edinburgh-led controlled human exposure study,SEQUENCE_RIDGE_FULL,10.0,PT_D3_30,0.6910233190806425,100.0
T250_OUTER_03,University of Edinburgh-led controlled human exposure study,SEQUENCE_RIDGE_FULL,10.0,PT_D3_37,0.7319250547113999,100.0
T250_OUTER_03,University of Edinburgh-led controlled human exposure study,SEQUENCE_RIDGE_FULL,10.0,PT_D3_41,0.5585812268712466,100.0
T250_OUTER_03,University of Edinburgh-led controlled human exposure study,SEQUENCE_RIDGE_FULL,10.0,PT_D3_42,0.6343350474165466,100.0
T250_OUTER_03,University of Edinburgh-led controlled human exposure study,SEQUENCE_RIDGE_FULL,10.0,PT_D3_85,0.47809144373375745,100.0
T250_OUTER_03,University of Edinburgh-led controlled human exposure study,SEQUENCE_RIDGE_FULL,10.0,PT_D3_96,0.7807200583588266,100.0
T250_OUTER_03,University of Edinburgh-led controlled human exposure study,SEQUENCE_RIDGE_FULL,10.0,R4_PXD060795_F1,0.8214285714285714,100.0
T250_OUTER_03,University of Edinburgh-led controlled human exposure study,SEQUENCE_RIDGE_FULL,10.0,R4_PXD060795_F2,0.8214285714285714,100.0
T250_OUTER_03,University of Edinburgh-led controlled human exposure study,SEQUENCE_RIDGE_FULL,10.0,R4_PXD060795_F3,0.8214285714285714,100.0
T250_OUTER_03,University of Edinburgh-led controlled human exposure study,SEQUENCE_RIDGE_FULL,10.0,R4_PXD060795_F7,0.8571428571428571,100.0
T250_OUTER_03,University of Edinburgh-led controlled human exposure study,SEQUENCE_RIDGE_FULL,10.0,R4_PXD060795_F8,0.8857142857142857,100.0
T250_OUTER_03,University of Edinburgh-led controlled human exposure study,SEQUENCE_RIDGE_FULL,10.0,R4_PXD060795_F9,0.9428571428571428,100.0
T250_OUTER_03,University of Edinburgh-led controlled human exposure study,SEQUENCE_RIDGE_FULL,10.0,T_D1_133,0.5855400437691199,100.0
T250_OUTER_03,University of Edinburgh-led controlled human exposure study,SEQUENCE_RIDGE_FULL,10.0,T_D1_138,0.5585812268712466,100.0
T250_OUTER_03,University of Edinburgh-led controlled human exposure study,SEQUENCE_RIDGE_FULL,10.0,T_D1_165,0.7807200583588266,100.0
T250_OUTER_03,University of Edinburgh-led controlled human exposure study,SEQUENCE_RIDGE_FULL,10.0,T_D1_173,0.9271050693011066,100.0
T250_OUTER_03,University of Edinburgh-led controlled human exposure study,SEQUENCE_RIDGE_FULL,10.0,T_D1_186,0.7119666788018509,100.0
T250_OUTER_03,University of Edinburgh-led controlled human exposure study,SEQUENCE_RIDGE_FULL,10.0,T_D3_119a,0.7119666788018509,100.0
T250_OUTER_03,University of Edinburgh-led controlled human exposure study,SEQUENCE_RIDGE_FULL,10.0,T_D3_119b,0.7119666788018509,100.0
T250_OUTER_03,University of Edinburgh-led controlled human exposure study,SEQUENCE_RIDGE_FULL,10.0,T_D3_155,0.5855400437691199,100.0
T250_OUTER_03,University of Edinburgh-led controlled human exposure study,SEQUENCE_RIDGE_FULL,10.0,T_D3_178,0.7807200583588266,100.0
T250_OUTER_03,University of Edinburgh-led controlled human exposure study,SEQUENCE_RIDGE_FULL,10.0,T_D3_198,0.5936729339017844,100.0
T250_OUTER_03,University of Edinburgh-led controlled human exposure study,SEQUENCE_RIDGE_FULL,10.0,__MEAN__,0.7515464880689402,100.0
T250_OUTER_03,University of Edinburgh-led controlled human exposure study,SEQUENCE_RIDGE_FULL,100.0,PMC6592156:PH:pH 4.9:Rep1,1.0,100.0
T250_OUTER_03,University of Edinburgh-led controlled human exposure study,SEQUENCE_RIDGE_FULL,100.0,PMC6592156:PH:pH 4.9:Rep2,0.9428571428571428,100.0
T250_OUTER_03,University of Edinburgh-led controlled human exposure study,SEQUENCE_RIDGE_FULL,100.0,PMC6592156:PH:pH 4.9:Rep3,0.9428571428571428,100.0
T250_OUTER_03,University of Edinburgh-led controlled human exposure study,SEQUENCE_RIDGE_FULL,100.0,PMC6592156:PH:pH 6.1:Rep1,0.7714285714285715,100.0
T250_OUTER_03,University of Edinburgh-led controlled human exposure study,SEQUENCE_RIDGE_FULL,100.0,PMC6592156:PH:pH 6.1:Rep2,0.75,100.0
T250_OUTER_03,University of Edinburgh-led controlled human exposure study,SEQUENCE_RIDGE_FULL,100.0,PMC6592156:PH:pH 6.1:Rep3,0.9,100.0
T250_OUTER_03,University of Edinburgh-led controlled human exposure study,SEQUENCE_RIDGE_FULL,100.0,PMC6592156:PH:pH 6.8:Rep1,0.8928571428571429,100.0
T250_OUTER_03,University of Edinburgh-led controlled human exposure study,SEQUENCE_RIDGE_FULL,100.0,PMC6592156:PH:pH 6.8:Rep2,0.75,100.0
T250_OUTER_03,University of Edinburgh-led controlled human exposure study,SEQUENCE_RIDGE_FULL,100.0,PMC6592156:PH:pH 6.8:Rep3,0.6428571428571429,100.0
T250_OUTER_03,University of Edinburgh-led controlled human exposure study,SEQUENCE_RIDGE_FULL,100.0,PMC6592156:PH:pH 7.7:Rep1,0.9428571428571428,100.0
T250_OUTER_03,University of Edinburgh-led controlled human exposure study,SEQUENCE_RIDGE_FULL,100.0,PMC6592156:PH:pH 7.7:Rep2,0.7142857142857143,100.0
T250_OUTER_03,University of Edinburgh-led controlled human exposure study,SEQUENCE_RIDGE_FULL,100.0,PMC6592156:PH:pH 7.7:Rep3,0.7142857142857143,100.0
T250_OUTER_03,University of Edinburgh-led controlled human exposure study,SEQUENCE_RIDGE_FULL,100.0,PMC6592156:PH:pH 8.9:Rep1,0.7857142857142857,100.0
T250_OUTER_03,University of Edinburgh-led controlled human exposure study,SEQUENCE_RIDGE_FULL,100.0,PMC6592156:PH:pH 8.9:Rep2,0.8214285714285714,100.0
T250_OUTER_03,University of Edinburgh-led controlled human exposure study,SEQUENCE_RIDGE_FULL,100.0,PMC6592156:PH:pH 8.9:Rep3,0.8928571428571429,100.0
T250_OUTER_03,University of Edinburgh-led controlled human exposure study,SEQUENCE_RIDGE_FULL,100.0,PMC6592156:TEMPERATURE:17 °C:Rep1,0.8285714285714286,100.0
T250_OUTER_03,University of Edinburgh-led controlled human exposure study,SEQUENCE_RIDGE_FULL,100.0,PMC6592156:TEMPERATURE:17 °C:Rep2,0.7714285714285715,100.0
T250_OUTER_03,University of Edinburgh-led controlled human exposure study,SEQUENCE_RIDGE_FULL,100.0,PMC6592156:TEMPERATURE:17 °C:Rep3,0.8,100.0
T250_OUTER_03,University of Edinburgh-led controlled human exposure study,SEQUENCE_RIDGE_FULL,100.0,PMC6592156:TEMPERATURE:30 °C:Rep1,0.8285714285714286,100.0
T250_OUTER_03,University of Edinburgh-led controlled human exposure study,SEQUENCE_RIDGE_FULL,100.0,PMC6592156:TEMPERATURE:30 °C:Rep2,0.8,100.0
T250_OUTER_03,University of Edinburgh-led controlled human exposure study,SEQUENCE_RIDGE_FULL,100.0,PMC6592156:TEMPERATURE:30 °C:Rep3,0.8928571428571429,100.0
T250_OUTER_03,University of Edinburgh-led controlled human exposure study,SEQUENCE_RIDGE_FULL,100.0,PMC6592156:TEMPERATURE:4 °C:Rep1,0.8571428571428571,100.0
T250_OUTER_03,University of Edinburgh-led controlled human exposure study,SEQUENCE_RIDGE_FULL,100.0,PMC6592156:TEMPERATURE:4 °C:Rep2,0.8571428571428571,100.0
T250_OUTER_03,University of Edinburgh-led controlled human exposure study,SEQUENCE_RIDGE_FULL,100.0,PMC6592156:TEMPERATURE:4 °C:Rep3,0.7714285714285715,100.0
T250_OUTER_03,University of Edinburgh-led controlled human exposure study,SEQUENCE_RIDGE_FULL,100.0,PMC6592156:TEMPERATURE:41 °C:Rep1,0.8928571428571429,100.0
T250_OUTER_03,University of Edinburgh-led controlled human exposure study,SEQUENCE_RIDGE_FULL,100.0,PMC6592156:TEMPERATURE:41 °C:Rep2,0.8928571428571429,100.0
T250_OUTER_03,University of Edinburgh-led controlled human exposure study,SEQUENCE_RIDGE_FULL,100.0,PMC6592156:TEMPERATURE:41 °C:Rep3,0.8928571428571429,100.0
T250_OUTER_03,University of Edinburgh-led controlled human exposure study,SEQUENCE_RIDGE_FULL,100.0,PMC6592156:TEMPERATURE:47 °C:Rep1,0.9428571428571428,100.0
T250_OUTER_03,University of Edinburgh-led controlled human exposure study,SEQUENCE_RIDGE_FULL,100.0,PMC6592156:TEMPERATURE:47 °C:Rep2,0.9642857142857143,100.0
T250_OUTER_03,University of Edinburgh-led controlled human exposure study,SEQUENCE_RIDGE_FULL,100.0,PMC6592156:TEMPERATURE:47 °C:Rep3,0.9642857142857143,100.0
T250_OUTER_03,University of Edinburgh-led controlled human exposure study,SEQUENCE_RIDGE_FULL,100.0,PT_D1_16,0.8365019125713041,100.0
T250_OUTER_03,University of Edinburgh-led controlled human exposure study,SEQUENCE_RIDGE_FULL,100.0,PT_D1_18,0.44136741475237473,100.0
T250_OUTER_03,University of Edinburgh-led controlled human exposure study,SEQUENCE_RIDGE_FULL,100.0,PT_D1_20,0.9710083124552245,100.0
T250_OUTER_03,University of Edinburgh-led controlled human exposure study,SEQUENCE_RIDGE_FULL,100.0,PT_D1_23,0.6605782590758164,100.0
T250_OUTER_03,University of Edinburgh-led controlled human exposure study,SEQUENCE_RIDGE_FULL,100.0,PT_D1_33,0.6219627819854863,100.0
T250_OUTER_03,University of Edinburgh-led controlled human exposure study,SEQUENCE_RIDGE_FULL,100.0,PT_D1_34,0.5855400437691199,100.0
T250_OUTER_03,University of Edinburgh-led controlled human exposure study,SEQUENCE_RIDGE_FULL,100.0,PT_D1_48,0.4846990641204806,100.0
T250_OUTER_03,University of Edinburgh-led controlled human exposure study,SEQUENCE_RIDGE_FULL,100.0,PT_D1_51,0.847579379526013,100.0
T250_OUTER_03,University of Edinburgh-led controlled human exposure study,SEQUENCE_RIDGE_FULL,100.0,PT_D1_73,0.5933055656682091,100.0
T250_OUTER_03,University of Edinburgh-led controlled human exposure study,SEQUENCE_RIDGE_FULL,100.0,PT_D1_81,0.7807200583588266,100.0
T250_OUTER_03,University of Edinburgh-led controlled human exposure study,SEQUENCE_RIDGE_FULL,100.0,PT_D3_06,0.6831300510639733,100.0
T250_OUTER_03,University of Edinburgh-led controlled human exposure study,SEQUENCE_RIDGE_FULL,100.0,PT_D3_14,0.5855400437691199,100.0
T250_OUTER_03,University of Edinburgh-led controlled human exposure study,SEQUENCE_RIDGE_FULL,100.0,PT_D3_22,0.5946187253790689,100.0
T250_OUTER_03,University of Edinburgh-led controlled human exposure study,SEQUENCE_RIDGE_FULL,100.0,PT_D3_28,0.9121593238215745,100.0
T250_OUTER_03,University of Edinburgh-led controlled human exposure study,SEQUENCE_RIDGE_FULL,100.0,PT_D3_30,0.6910233190806425,100.0
T250_OUTER_03,University of Edinburgh-led controlled human exposure study,SEQUENCE_RIDGE_FULL,100.0,PT_D3_37,0.7319250547113999,100.0
T250_OUTER_03,University of Edinburgh-led controlled human exposure study,SEQUENCE_RIDGE_FULL,100.0,PT_D3_41,0.5819143739626463,100.0
T250_OUTER_03,University of Edinburgh-led controlled human exposure study,SEQUENCE_RIDGE_FULL,100.0,PT_D3_42,0.8295150620062532,100.0
T250_OUTER_03,University of Edinburgh-led controlled human exposure study,SEQUENCE_RIDGE_FULL,100.0,PT_D3_85,0.47809144373375745,100.0
T250_OUTER_03,University of Edinburgh-led controlled human exposure study,SEQUENCE_RIDGE_FULL,100.0,PT_D3_96,0.7807200583588266,100.0
T250_OUTER_03,University of Edinburgh-led controlled human exposure study,SEQUENCE_RIDGE_FULL,100.0,R4_PXD060795_F1,0.9285714285714286,100.0
T250_OUTER_03,University of Edinburgh-led controlled human exposure study,SEQUENCE_RIDGE_FULL,100.0,R4_PXD060795_F2,0.9285714285714286,100.0
T250_OUTER_03,University of Edinburgh-led controlled human exposure study,SEQUENCE_RIDGE_FULL,100.0,R4_PXD060795_F3,0.9285714285714286,100.0
T250_OUTER_03,University of Edinburgh-led controlled human exposure study,SEQUENCE_RIDGE_FULL,100.0,R4_PXD060795_F7,0.9285714285714286,100.0
T250_OUTER_03,University of Edinburgh-led controlled human exposure study,SEQUENCE_RIDGE_FULL,100.0,R4_PXD060795_F8,0.8857142857142857,100.0
T250_OUTER_03,University of Edinburgh-led controlled human exposure study,SEQUENCE_RIDGE_FULL,100.0,R4_PXD060795_F9,0.9428571428571428,100.0
T250_OUTER_03,University of Edinburgh-led controlled human exposure study,SEQUENCE_RIDGE_FULL,100.0,T_D1_133,0.5855400437691199,100.0
T250_OUTER_03,University of Edinburgh-led controlled human exposure study,SEQUENCE_RIDGE_FULL,100.0,T_D1_138,0.8728715609439694,100.0
T250_OUTER_03,University of Edinburgh-led controlled human exposure study,SEQUENCE_RIDGE_FULL,100.0,T_D1_165,0.7807200583588266,100.0
T250_OUTER_03,University of Edinburgh-led controlled human exposure study,SEQUENCE_RIDGE_FULL,100.0,T_D1_173,0.9271050693011066,100.0
T250_OUTER_03,University of Edinburgh-led controlled human exposure study,SEQUENCE_RIDGE_FULL,100.0,T_D1_186,0.847579379526013,100.0
T250_OUTER_03,University of Edinburgh-led controlled human exposure study,SEQUENCE_RIDGE_FULL,100.0,T_D3_119a,0.7119666788018509,100.0
T250_OUTER_03,University of Edinburgh-led controlled human exposure study,SEQUENCE_RIDGE_FULL,100.0,T_D3_119b,0.7119666788018509,100.0
T250_OUTER_03,University of Edinburgh-led controlled human exposure study,SEQUENCE_RIDGE_FULL,100.0,T_D3_155,0.5855400437691199,100.0
T250_OUTER_03,University of Edinburgh-led controlled human exposure study,SEQUENCE_RIDGE_FULL,100.0,T_D3_178,0.7807200583588266,100.0
T250_OUTER_03,University of Edinburgh-led controlled human exposure study,SEQUENCE_RIDGE_FULL,100.0,T_D3_198,0.5936729339017844,100.0
T250_OUTER_03,University of Edinburgh-led controlled human exposure study,SEQUENCE_RIDGE_FULL,100.0,__MEAN__,0.7886949767877015,100.0
T250_OUTER_03,University of Edinburgh-led controlled human exposure study,SEQUENCE_RIDGE_COMPOSITION_ONLY,0.01,PMC6592156:PH:pH 4.9:Rep1,0.9,100.0
T250_OUTER_03,University of Edinburgh-led controlled human exposure study,SEQUENCE_RIDGE_COMPOSITION_ONLY,0.01,PMC6592156:PH:pH 4.9:Rep2,0.8857142857142857,100.0
T250_OUTER_03,University of Edinburgh-led controlled human exposure study,SEQUENCE_RIDGE_COMPOSITION_ONLY,0.01,PMC6592156:PH:pH 4.9:Rep3,0.8857142857142857,100.0
T250_OUTER_03,University of Edinburgh-led controlled human exposure study,SEQUENCE_RIDGE_COMPOSITION_ONLY,0.01,PMC6592156:PH:pH 6.1:Rep1,0.6571428571428571,100.0
T250_OUTER_03,University of Edinburgh-led controlled human exposure study,SEQUENCE_RIDGE_COMPOSITION_ONLY,0.01,PMC6592156:PH:pH 6.1:Rep2,0.7142857142857143,100.0
T250_OUTER_03,University of Edinburgh-led controlled human exposure study,SEQUENCE_RIDGE_COMPOSITION_ONLY,0.01,PMC6592156:PH:pH 6.1:Rep3,0.7,100.0
T250_OUTER_03,University of Edinburgh-led controlled human exposure study,SEQUENCE_RIDGE_COMPOSITION_ONLY,0.01,PMC6592156:PH:pH 6.8:Rep1,0.8571428571428571,100.0
T250_OUTER_03,University of Edinburgh-led controlled human exposure study,SEQUENCE_RIDGE_COMPOSITION_ONLY,0.01,PMC6592156:PH:pH 6.8:Rep2,0.7142857142857143,100.0
T250_OUTER_03,University of Edinburgh-led controlled human exposure study,SEQUENCE_RIDGE_COMPOSITION_ONLY,0.01,PMC6592156:PH:pH 6.8:Rep3,0.5714285714285714,100.0
T250_OUTER_03,University of Edinburgh-led controlled human exposure study,SEQUENCE_RIDGE_COMPOSITION_ONLY,0.01,PMC6592156:PH:pH 7.7:Rep1,0.8857142857142857,100.0
T250_OUTER_03,University of Edinburgh-led controlled human exposure study,SEQUENCE_RIDGE_COMPOSITION_ONLY,0.01,PMC6592156:PH:pH 7.7:Rep2,0.6428571428571429,100.0
T250_OUTER_03,University of Edinburgh-led controlled human exposure study,SEQUENCE_RIDGE_COMPOSITION_ONLY,0.01,PMC6592156:PH:pH 7.7:Rep3,0.6428571428571429,100.0
T250_OUTER_03,University of Edinburgh-led controlled human exposure study,SEQUENCE_RIDGE_COMPOSITION_ONLY,0.01,PMC6592156:PH:pH 8.9:Rep1,0.75,100.0
T250_OUTER_03,University of Edinburgh-led controlled human exposure study,SEQUENCE_RIDGE_COMPOSITION_ONLY,0.01,PMC6592156:PH:pH 8.9:Rep2,0.7142857142857143,100.0
T250_OUTER_03,University of Edinburgh-led controlled human exposure study,SEQUENCE_RIDGE_COMPOSITION_ONLY,0.01,PMC6592156:PH:pH 8.9:Rep3,0.8571428571428571,100.0
T250_OUTER_03,University of Edinburgh-led controlled human exposure study,SEQUENCE_RIDGE_COMPOSITION_ONLY,0.01,PMC6592156:TEMPERATURE:17 °C:Rep1,0.7714285714285715,100.0
T250_OUTER_03,University of Edinburgh-led controlled human exposure study,SEQUENCE_RIDGE_COMPOSITION_ONLY,0.01,PMC6592156:TEMPERATURE:17 °C:Rep2,0.6571428571428571,100.0
T250_OUTER_03,University of Edinburgh-led controlled human exposure study,SEQUENCE_RIDGE_COMPOSITION_ONLY,0.01,PMC6592156:TEMPERATURE:17 °C:Rep3,0.6,100.0
T250_OUTER_03,University of Edinburgh-led controlled human exposure study,SEQUENCE_RIDGE_COMPOSITION_ONLY,0.01,PMC6592156:TEMPERATURE:30 °C:Rep1,0.7142857142857143,100.0
T250_OUTER_03,University of Edinburgh-led controlled human exposure study,SEQUENCE_RIDGE_COMPOSITION_ONLY,0.01,PMC6592156:TEMPERATURE:30 °C:Rep2,0.6,100.0
T250_OUTER_03,University of Edinburgh-led controlled human exposure study,SEQUENCE_RIDGE_COMPOSITION_ONLY,0.01,PMC6592156:TEMPERATURE:30 °C:Rep3,0.8571428571428571,100.0
T250_OUTER_03,University of Edinburgh-led controlled human exposure study,SEQUENCE_RIDGE_COMPOSITION_ONLY,0.01,PMC6592156:TEMPERATURE:4 °C:Rep1,0.8214285714285714,100.0
T250_OUTER_03,University of Edinburgh-led controlled human exposure study,SEQUENCE_RIDGE_COMPOSITION_ONLY,0.01,PMC6592156:TEMPERATURE:4 °C:Rep2,0.8214285714285714,100.0
T250_OUTER_03,University of Edinburgh-led controlled human exposure study,SEQUENCE_RIDGE_COMPOSITION_ONLY,0.01,PMC6592156:TEMPERATURE:4 °C:Rep3,0.7142857142857143,100.0
T250_OUTER_03,University of Edinburgh-led controlled human exposure study,SEQUENCE_RIDGE_COMPOSITION_ONLY,0.01,PMC6592156:TEMPERATURE:41 °C:Rep1,0.8571428571428571,100.0
T250_OUTER_03,University of Edinburgh-led controlled human exposure study,SEQUENCE_RIDGE_COMPOSITION_ONLY,0.01,PMC6592156:TEMPERATURE:41 °C:Rep2,0.8571428571428571,100.0
T250_OUTER_03,University of Edinburgh-led controlled human exposure study,SEQUENCE_RIDGE_COMPOSITION_ONLY,0.01,PMC6592156:TEMPERATURE:41 °C:Rep3,0.8571428571428571,100.0
T250_OUTER_03,University of Edinburgh-led controlled human exposure study,SEQUENCE_RIDGE_COMPOSITION_ONLY,0.01,PMC6592156:TEMPERATURE:47 °C:Rep1,0.8285714285714286,100.0
T250_OUTER_03,University of Edinburgh-led controlled human exposure study,SEQUENCE_RIDGE_COMPOSITION_ONLY,0.01,PMC6592156:TEMPERATURE:47 °C:Rep2,0.8928571428571429,100.0
T250_OUTER_03,University of Edinburgh-led controlled human exposure study,SEQUENCE_RIDGE_COMPOSITION_ONLY,0.01,PMC6592156:TEMPERATURE:47 °C:Rep3,0.8928571428571429,100.0
T250_OUTER_03,University of Edinburgh-led controlled human exposure study,SEQUENCE_RIDGE_COMPOSITION_ONLY,0.01,PT_D1_16,0.6425304545837554,100.0
T250_OUTER_03,University of Edinburgh-led controlled human exposure study,SEQUENCE_RIDGE_COMPOSITION_ONLY,0.01,PT_D1_18,0.9121593238215745,100.0
T250_OUTER_03,University of Edinburgh-led controlled human exposure study,SEQUENCE_RIDGE_COMPOSITION_ONLY,0.01,PT_D1_20,0.47809144373375745,100.0
T250_OUTER_03,University of Edinburgh-led controlled human exposure study,SEQUENCE_RIDGE_COMPOSITION_ONLY,0.01,PT_D1_23,0.6850441205230688,100.0
T250_OUTER_03,University of Edinburgh-led controlled human exposure study,SEQUENCE_RIDGE_COMPOSITION_ONLY,0.01,PT_D1_33,0.5994136054576852,100.0
T250_OUTER_03,University of Edinburgh-led controlled human exposure study,SEQUENCE_RIDGE_COMPOSITION_ONLY,0.01,PT_D1_34,0.7807200583588266,100.0
T250_OUTER_03,University of Edinburgh-led controlled human exposure study,SEQUENCE_RIDGE_COMPOSITION_ONLY,0.01,PT_D1_48,0.5908391567007971,100.0
T250_OUTER_03,University of Edinburgh-led controlled human exposure study,SEQUENCE_RIDGE_COMPOSITION_ONLY,0.01,PT_D1_51,0.9831920802501751,100.0
T250_OUTER_03,University of Edinburgh-led controlled human exposure study,SEQUENCE_RIDGE_COMPOSITION_ONLY,0.01,PT_D1_73,0.7342360411356583,100.0
T250_OUTER_03,University of Edinburgh-led controlled human exposure study,SEQUENCE_RIDGE_COMPOSITION_ONLY,0.01,PT_D1_81,0.9759000729485332,100.0
T250_OUTER_03,University of Edinburgh-led controlled human exposure study,SEQUENCE_RIDGE_COMPOSITION_ONLY,0.01,PT_D3_06,0.6831300510639733,100.0
T250_OUTER_03,University of Edinburgh-led controlled human exposure study,SEQUENCE_RIDGE_COMPOSITION_ONLY,0.01,PT_D3_14,0.7807200583588266,100.0
T250_OUTER_03,University of Edinburgh-led controlled human exposure study,SEQUENCE_RIDGE_COMPOSITION_ONLY,0.01,PT_D3_22,0.8627121404018641,100.0
T250_OUTER_03,University of Edinburgh-led controlled human exposure study,SEQUENCE_RIDGE_COMPOSITION_ONLY,0.01,PT_D3_28,0.46381682852195877,100.0
T250_OUTER_03,University of Edinburgh-led controlled human exposure study,SEQUENCE_RIDGE_COMPOSITION_ONLY,0.01,PT_D3_30,0.788009048074417,100.0
T250_OUTER_03,University of Edinburgh-led controlled human exposure study,SEQUENCE_RIDGE_COMPOSITION_ONLY,0.01,PT_D3_37,0.9271050693011066,100.0
T250_OUTER_03,University of Edinburgh-led controlled human exposure study,SEQUENCE_RIDGE_COMPOSITION_ONLY,0.01,PT_D3_41,0.8365019125713041,100.0
T250_OUTER_03,University of Edinburgh-led controlled human exposure study,SEQUENCE_RIDGE_COMPOSITION_ONLY,0.01,PT_D3_42,0.6343350474165466,100.0
T250_OUTER_03,University of Edinburgh-led controlled human exposure study,SEQUENCE_RIDGE_COMPOSITION_ONLY,0.01,PT_D3_85,0.9561828874675149,100.0
T250_OUTER_03,University of Edinburgh-led controlled human exposure study,SEQUENCE_RIDGE_COMPOSITION_ONLY,0.01,PT_D3_96,0.9759000729485332,100.0
T250_OUTER_03,University of Edinburgh-led controlled human exposure study,SEQUENCE_RIDGE_COMPOSITION_ONLY,0.01,R4_PXD060795_F1,0.7857142857142857,100.0
T250_OUTER_03,University of Edinburgh-led controlled human exposure study,SEQUENCE_RIDGE_COMPOSITION_ONLY,0.01,R4_PXD060795_F2,0.7857142857142857,100.0
T250_OUTER_03,University of Edinburgh-led controlled human exposure study,SEQUENCE_RIDGE_COMPOSITION_ONLY,0.01,R4_PXD060795_F3,0.7857142857142857,100.0
T250_OUTER_03,University of Edinburgh-led controlled human exposure study,SEQUENCE_RIDGE_COMPOSITION_ONLY,0.01,R4_PXD060795_F7,0.8928571428571429,100.0
T250_OUTER_03,University of Edinburgh-led controlled human exposure study,SEQUENCE_RIDGE_COMPOSITION_ONLY,0.01,R4_PXD060795_F8,0.9428571428571428,100.0
T250_OUTER_03,University of Edinburgh-led controlled human exposure study,SEQUENCE_RIDGE_COMPOSITION_ONLY,0.01,R4_PXD060795_F9,0.9428571428571428,100.0
T250_OUTER_03,University of Edinburgh-led controlled human exposure study,SEQUENCE_RIDGE_COMPOSITION_ONLY,0.01,T_D1_133,0.7807200583588266,100.0
T250_OUTER_03,University of Edinburgh-led controlled human exposure study,SEQUENCE_RIDGE_COMPOSITION_ONLY,0.01,T_D1_138,0.5455447255899809,100.0
T250_OUTER_03,University of Edinburgh-led controlled human exposure study,SEQUENCE_RIDGE_COMPOSITION_ONLY,0.01,T_D1_165,0.9759000729485332,100.0
T250_OUTER_03,University of Edinburgh-led controlled human exposure study,SEQUENCE_RIDGE_COMPOSITION_ONLY,0.01,T_D1_173,0.8295150620062532,100.0
T250_OUTER_03,University of Edinburgh-led controlled human exposure study,SEQUENCE_RIDGE_COMPOSITION_ONLY,0.01,T_D1_186,0.7004780622328695,100.0
T250_OUTER_03,University of Edinburgh-led controlled human exposure study,SEQUENCE_RIDGE_COMPOSITION_ONLY,0.01,T_D3_119a,0.847579379526013,100.0
T250_OUTER_03,University of Edinburgh-led controlled human exposure study,SEQUENCE_RIDGE_COMPOSITION_ONLY,0.01,T_D3_119b,0.8355099778440249,100.0
T250_OUTER_03,University of Edinburgh-led controlled human exposure study,SEQUENCE_RIDGE_COMPOSITION_ONLY,0.01,T_D3_155,0.7807200583588266,100.0
T250_OUTER_03,University of Edinburgh-led controlled human exposure study,SEQUENCE_RIDGE_COMPOSITION_ONLY,0.01,T_D3_178,0.9759000729485332,100.0
T250_OUTER_03,University of Edinburgh-led controlled human exposure study,SEQUENCE_RIDGE_COMPOSITION_ONLY,0.01,T_D3_198,0.650213213321002,100.0
T250_OUTER_03,University of Edinburgh-led controlled human exposure study,SEQUENCE_RIDGE_COMPOSITION_ONLY,0.01,__MEAN__,0.7798448941502667,100.0
T250_OUTER_03,University of Edinburgh-led controlled human exposure study,SEQUENCE_RIDGE_COMPOSITION_ONLY,0.1,PMC6592156:PH:pH 4.9:Rep1,0.9,100.0
T250_OUTER_03,University of Edinburgh-led controlled human exposure study,SEQUENCE_RIDGE_COMPOSITION_ONLY,0.1,PMC6592156:PH:pH 4.9:Rep2,0.8857142857142857,100.0
T250_OUTER_03,University of Edinburgh-led controlled human exposure study,SEQUENCE_RIDGE_COMPOSITION_ONLY,0.1,PMC6592156:PH:pH 4.9:Rep3,0.8857142857142857,100.0
T250_OUTER_03,University of Edinburgh-led controlled human exposure study,SEQUENCE_RIDGE_COMPOSITION_ONLY,0.1,PMC6592156:PH:pH 6.1:Rep1,0.6571428571428571,100.0
T250_OUTER_03,University of Edinburgh-led controlled human exposure study,SEQUENCE_RIDGE_COMPOSITION_ONLY,0.1,PMC6592156:PH:pH 6.1:Rep2,0.7142857142857143,100.0
T250_OUTER_03,University of Edinburgh-led controlled human exposure study,SEQUENCE_RIDGE_COMPOSITION_ONLY,0.1,PMC6592156:PH:pH 6.1:Rep3,0.7,100.0
T250_OUTER_03,University of Edinburgh-led controlled human exposure study,SEQUENCE_RIDGE_COMPOSITION_ONLY,0.1,PMC6592156:PH:pH 6.8:Rep1,0.8571428571428571,100.0
T250_OUTER_03,University of Edinburgh-led controlled human exposure study,SEQUENCE_RIDGE_COMPOSITION_ONLY,0.1,PMC6592156:PH:pH 6.8:Rep2,0.7142857142857143,100.0
T250_OUTER_03,University of Edinburgh-led controlled human exposure study,SEQUENCE_RIDGE_COMPOSITION_ONLY,0.1,PMC6592156:PH:pH 6.8:Rep3,0.5714285714285714,100.0
T250_OUTER_03,University of Edinburgh-led controlled human exposure study,SEQUENCE_RIDGE_COMPOSITION_ONLY,0.1,PMC6592156:PH:pH 7.7:Rep1,0.8857142857142857,100.0
T250_OUTER_03,University of Edinburgh-led controlled human exposure study,SEQUENCE_RIDGE_COMPOSITION_ONLY,0.1,PMC6592156:PH:pH 7.7:Rep2,0.6428571428571429,100.0
T250_OUTER_03,University of Edinburgh-led controlled human exposure study,SEQUENCE_RIDGE_COMPOSITION_ONLY,0.1,PMC6592156:PH:pH 7.7:Rep3,0.6428571428571429,100.0
T250_OUTER_03,University of Edinburgh-led controlled human exposure study,SEQUENCE_RIDGE_COMPOSITION_ONLY,0.1,PMC6592156:PH:pH 8.9:Rep1,0.75,100.0
T250_OUTER_03,University of Edinburgh-led controlled human exposure study,SEQUENCE_RIDGE_COMPOSITION_ONLY,0.1,PMC6592156:PH:pH 8.9:Rep2,0.7142857142857143,100.0
T250_OUTER_03,University of Edinburgh-led controlled human exposure study,SEQUENCE_RIDGE_COMPOSITION_ONLY,0.1,PMC6592156:PH:pH 8.9:Rep3,0.8571428571428571,100.0
T250_OUTER_03,University of Edinburgh-led controlled human exposure study,SEQUENCE_RIDGE_COMPOSITION_ONLY,0.1,PMC6592156:TEMPERATURE:17 °C:Rep1,0.7714285714285715,100.0
T250_OUTER_03,University of Edinburgh-led controlled human exposure study,SEQUENCE_RIDGE_COMPOSITION_ONLY,0.1,PMC6592156:TEMPERATURE:17 °C:Rep2,0.6571428571428571,100.0
T250_OUTER_03,University of Edinburgh-led controlled human exposure study,SEQUENCE_RIDGE_COMPOSITION_ONLY,0.1,PMC6592156:TEMPERATURE:17 °C:Rep3,0.6,100.0
T250_OUTER_03,University of Edinburgh-led controlled human exposure study,SEQUENCE_RIDGE_COMPOSITION_ONLY,0.1,PMC6592156:TEMPERATURE:30 °C:Rep1,0.7142857142857143,100.0
T250_OUTER_03,University of Edinburgh-led controlled human exposure study,SEQUENCE_RIDGE_COMPOSITION_ONLY,0.1,PMC6592156:TEMPERATURE:30 °C:Rep2,0.6,100.0
T250_OUTER_03,University of Edinburgh-led controlled human exposure study,SEQUENCE_RIDGE_COMPOSITION_ONLY,0.1,PMC6592156:TEMPERATURE:30 °C:Rep3,0.8571428571428571,100.0
T250_OUTER_03,University of Edinburgh-led controlled human exposure study,SEQUENCE_RIDGE_COMPOSITION_ONLY,0.1,PMC6592156:TEMPERATURE:4 °C:Rep1,0.8214285714285714,100.0
T250_OUTER_03,University of Edinburgh-led controlled human exposure study,SEQUENCE_RIDGE_COMPOSITION_ONLY,0.1,PMC6592156:TEMPERATURE:4 °C:Rep2,0.8214285714285714,100.0
T250_OUTER_03,University of Edinburgh-led controlled human exposure study,SEQUENCE_RIDGE_COMPOSITION_ONLY,0.1,PMC6592156:TEMPERATURE:4 °C:Rep3,0.7142857142857143,100.0
T250_OUTER_03,University of Edinburgh-led controlled human exposure study,SEQUENCE_RIDGE_COMPOSITION_ONLY,0.1,PMC6592156:TEMPERATURE:41 °C:Rep1,0.8571428571428571,100.0
T250_OUTER_03,University of Edinburgh-led controlled human exposure study,SEQUENCE_RIDGE_COMPOSITION_ONLY,0.1,PMC6592156:TEMPERATURE:41 °C:Rep2,0.8571428571428571,100.0
T250_OUTER_03,University of Edinburgh-led controlled human exposure study,SEQUENCE_RIDGE_COMPOSITION_ONLY,0.1,PMC6592156:TEMPERATURE:41 °C:Rep3,0.8571428571428571,100.0
T250_OUTER_03,University of Edinburgh-led controlled human exposure study,SEQUENCE_RIDGE_COMPOSITION_ONLY,0.1,PMC6592156:TEMPERATURE:47 °C:Rep1,0.8285714285714286,100.0
T250_OUTER_03,University of Edinburgh-led controlled human exposure study,SEQUENCE_RIDGE_COMPOSITION_ONLY,0.1,PMC6592156:TEMPERATURE:47 °C:Rep2,0.8928571428571429,100.0
T250_OUTER_03,University of Edinburgh-led controlled human exposure study,SEQUENCE_RIDGE_COMPOSITION_ONLY,0.1,PMC6592156:TEMPERATURE:47 °C:Rep3,0.8928571428571429,100.0
T250_OUTER_03,University of Edinburgh-led controlled human exposure study,SEQUENCE_RIDGE_COMPOSITION_ONLY,0.1,PT_D1_16,0.6425304545837554,100.0
T250_OUTER_03,University of Edinburgh-led controlled human exposure study,SEQUENCE_RIDGE_COMPOSITION_ONLY,0.1,PT_D1_18,0.9121593238215745,100.0
T250_OUTER_03,University of Edinburgh-led controlled human exposure study,SEQUENCE_RIDGE_COMPOSITION_ONLY,0.1,PT_D1_20,0.47809144373375745,100.0
T250_OUTER_03,University of Edinburgh-led controlled human exposure study,SEQUENCE_RIDGE_COMPOSITION_ONLY,0.1,PT_D1_23,0.7156264473321343,100.0
T250_OUTER_03,University of Edinburgh-led controlled human exposure study,SEQUENCE_RIDGE_COMPOSITION_ONLY,0.1,PT_D1_33,0.587180674734059,100.0
T250_OUTER_03,University of Edinburgh-led controlled human exposure study,SEQUENCE_RIDGE_COMPOSITION_ONLY,0.1,PT_D1_34,0.7807200583588266,100.0
T250_OUTER_03,University of Edinburgh-led controlled human exposure study,SEQUENCE_RIDGE_COMPOSITION_ONLY,0.1,PT_D1_48,0.5908391567007971,100.0
T250_OUTER_03,University of Edinburgh-led controlled human exposure study,SEQUENCE_RIDGE_COMPOSITION_ONLY,0.1,PT_D1_51,0.9705418934551805,100.0
T250_OUTER_03,University of Edinburgh-led controlled human exposure study,SEQUENCE_RIDGE_COMPOSITION_ONLY,0.1,PT_D1_73,0.7289182663923712,100.0
T250_OUTER_03,University of Edinburgh-led controlled human exposure study,SEQUENCE_RIDGE_COMPOSITION_ONLY,0.1,PT_D1_81,0.9759000729485332,100.0
T250_OUTER_03,University of Edinburgh-led controlled human exposure study,SEQUENCE_RIDGE_COMPOSITION_ONLY,0.1,PT_D3_06,0.6831300510639733,100.0
T250_OUTER_03,University of Edinburgh-led controlled human exposure study,SEQUENCE_RIDGE_COMPOSITION_ONLY,0.1,PT_D3_14,0.7807200583588266,100.0
T250_OUTER_03,University of Edinburgh-led controlled human exposure study,SEQUENCE_RIDGE_COMPOSITION_ONLY,0.1,PT_D3_22,0.8728715609439694,100.0
T250_OUTER_03,University of Edinburgh-led controlled human exposure study,SEQUENCE_RIDGE_COMPOSITION_ONLY,0.1,PT_D3_28,0.44136741475237473,100.0
T250_OUTER_03,University of Edinburgh-led controlled human exposure study,SEQUENCE_RIDGE_COMPOSITION_ONLY,0.1,PT_D3_30,0.788009048074417,100.0
T250_OUTER_03,University of Edinburgh-led controlled human exposure study,SEQUENCE_RIDGE_COMPOSITION_ONLY,0.1,PT_D3_37,0.9271050693011066,100.0
T250_OUTER_03,University of Edinburgh-led controlled human exposure study,SEQUENCE_RIDGE_COMPOSITION_ONLY,0.1,PT_D3_41,0.8627121404018641,100.0
T250_OUTER_03,University of Edinburgh-led controlled human exposure study,SEQUENCE_RIDGE_COMPOSITION_ONLY,0.1,PT_D3_42,0.6343350474165466,100.0
T250_OUTER_03,University of Edinburgh-led controlled human exposure study,SEQUENCE_RIDGE_COMPOSITION_ONLY,0.1,PT_D3_85,0.9561828874675149,100.0
T250_OUTER_03,University of Edinburgh-led controlled human exposure study,SEQUENCE_RIDGE_COMPOSITION_ONLY,0.1,PT_D3_96,0.9759000729485332,100.0
T250_OUTER_03,University of Edinburgh-led controlled human exposure study,SEQUENCE_RIDGE_COMPOSITION_ONLY,0.1,R4_PXD060795_F1,0.7857142857142857,100.0
T250_OUTER_03,University of Edinburgh-led controlled human exposure study,SEQUENCE_RIDGE_COMPOSITION_ONLY,0.1,R4_PXD060795_F2,0.7857142857142857,100.0
T250_OUTER_03,University of Edinburgh-led controlled human exposure study,SEQUENCE_RIDGE_COMPOSITION_ONLY,0.1,R4_PXD060795_F3,0.7857142857142857,100.0
T250_OUTER_03,University of Edinburgh-led controlled human exposure study,SEQUENCE_RIDGE_COMPOSITION_ONLY,0.1,R4_PXD060795_F7,0.8928571428571429,100.0
T250_OUTER_03,University of Edinburgh-led controlled human exposure study,SEQUENCE_RIDGE_COMPOSITION_ONLY,0.1,R4_PXD060795_F8,0.9428571428571428,100.0
T250_OUTER_03,University of Edinburgh-led controlled human exposure study,SEQUENCE_RIDGE_COMPOSITION_ONLY,0.1,R4_PXD060795_F9,0.9428571428571428,100.0
T250_OUTER_03,University of Edinburgh-led controlled human exposure study,SEQUENCE_RIDGE_COMPOSITION_ONLY,0.1,T_D1_133,0.7807200583588266,100.0
T250_OUTER_03,University of Edinburgh-led controlled human exposure study,SEQUENCE_RIDGE_COMPOSITION_ONLY,0.1,T_D1_138,0.5225437283634242,100.0
T250_OUTER_03,University of Edinburgh-led controlled human exposure study,SEQUENCE_RIDGE_COMPOSITION_ONLY,0.1,T_D1_165,0.9759000729485332,100.0
T250_OUTER_03,University of Edinburgh-led controlled human exposure study,SEQUENCE_RIDGE_COMPOSITION_ONLY,0.1,T_D1_173,0.8295150620062532,100.0
T250_OUTER_03,University of Edinburgh-led controlled human exposure study,SEQUENCE_RIDGE_COMPOSITION_ONLY,0.1,T_D1_186,0.7119666788018509,100.0
T250_OUTER_03,University of Edinburgh-led controlled human exposure study,SEQUENCE_RIDGE_COMPOSITION_ONLY,0.1,T_D3_119a,0.8355099778440249,100.0
T250_OUTER_03,University of Edinburgh-led controlled human exposure study,SEQUENCE_RIDGE_COMPOSITION_ONLY,0.1,T_D3_119b,0.8523889672954195,100.0
T250_OUTER_03,University of Edinburgh-led controlled human exposure study,SEQUENCE_RIDGE_COMPOSITION_ONLY,0.1,T_D3_155,0.7807200583588266,100.0
T250_OUTER_03,University of Edinburgh-led controlled human exposure study,SEQUENCE_RIDGE_COMPOSITION_ONLY,0.1,T_D3_178,0.9759000729485332,100.0
T250_OUTER_03,University of Edinburgh-led controlled human exposure study,SEQUENCE_RIDGE_COMPOSITION_ONLY,0.1,T_D3_198,0.650213213321002,100.0
T250_OUTER_03,University of Edinburgh-led controlled human exposure study,SEQUENCE_RIDGE_COMPOSITION_ONLY,0.1,__MEAN__,0.779960028639086,100.0
T250_OUTER_03,University of Edinburgh-led controlled human exposure study,SEQUENCE_RIDGE_COMPOSITION_ONLY,1.0,PMC6592156:PH:pH 4.9:Rep1,0.9,100.0
T250_OUTER_03,University of Edinburgh-led controlled human exposure study,SEQUENCE_RIDGE_COMPOSITION_ONLY,1.0,PMC6592156:PH:pH 4.9:Rep2,0.8857142857142857,100.0
T250_OUTER_03,University of Edinburgh-led controlled human exposure study,SEQUENCE_RIDGE_COMPOSITION_ONLY,1.0,PMC6592156:PH:pH 4.9:Rep3,0.8857142857142857,100.0
T250_OUTER_03,University of Edinburgh-led controlled human exposure study,SEQUENCE_RIDGE_COMPOSITION_ONLY,1.0,PMC6592156:PH:pH 6.1:Rep1,0.6571428571428571,100.0
T250_OUTER_03,University of Edinburgh-led controlled human exposure study,SEQUENCE_RIDGE_COMPOSITION_ONLY,1.0,PMC6592156:PH:pH 6.1:Rep2,0.7142857142857143,100.0
T250_OUTER_03,University of Edinburgh-led controlled human exposure study,SEQUENCE_RIDGE_COMPOSITION_ONLY,1.0,PMC6592156:PH:pH 6.1:Rep3,0.7,100.0
T250_OUTER_03,University of Edinburgh-led controlled human exposure study,SEQUENCE_RIDGE_COMPOSITION_ONLY,1.0,PMC6592156:PH:pH 6.8:Rep1,0.8571428571428571,100.0
T250_OUTER_03,University of Edinburgh-led controlled human exposure study,SEQUENCE_RIDGE_COMPOSITION_ONLY,1.0,PMC6592156:PH:pH 6.8:Rep2,0.7142857142857143,100.0
T250_OUTER_03,University of Edinburgh-led controlled human exposure study,SEQUENCE_RIDGE_COMPOSITION_ONLY,1.0,PMC6592156:PH:pH 6.8:Rep3,0.5714285714285714,100.0
T250_OUTER_03,University of Edinburgh-led controlled human exposure study,SEQUENCE_RIDGE_COMPOSITION_ONLY,1.0,PMC6592156:PH:pH 7.7:Rep1,0.8857142857142857,100.0
T250_OUTER_03,University of Edinburgh-led controlled human exposure study,SEQUENCE_RIDGE_COMPOSITION_ONLY,1.0,PMC6592156:PH:pH 7.7:Rep2,0.6428571428571429,100.0
T250_OUTER_03,University of Edinburgh-led controlled human exposure study,SEQUENCE_RIDGE_COMPOSITION_ONLY,1.0,PMC6592156:PH:pH 7.7:Rep3,0.6428571428571429,100.0
T250_OUTER_03,University of Edinburgh-led controlled human exposure study,SEQUENCE_RIDGE_COMPOSITION_ONLY,1.0,PMC6592156:PH:pH 8.9:Rep1,0.75,100.0
T250_OUTER_03,University of Edinburgh-led controlled human exposure study,SEQUENCE_RIDGE_COMPOSITION_ONLY,1.0,PMC6592156:PH:pH 8.9:Rep2,0.7142857142857143,100.0
T250_OUTER_03,University of Edinburgh-led controlled human exposure study,SEQUENCE_RIDGE_COMPOSITION_ONLY,1.0,PMC6592156:PH:pH 8.9:Rep3,0.8571428571428571,100.0
T250_OUTER_03,University of Edinburgh-led controlled human exposure study,SEQUENCE_RIDGE_COMPOSITION_ONLY,1.0,PMC6592156:TEMPERATURE:17 °C:Rep1,0.7714285714285715,100.0
T250_OUTER_03,University of Edinburgh-led controlled human exposure study,SEQUENCE_RIDGE_COMPOSITION_ONLY,1.0,PMC6592156:TEMPERATURE:17 °C:Rep2,0.6571428571428571,100.0
T250_OUTER_03,University of Edinburgh-led controlled human exposure study,SEQUENCE_RIDGE_COMPOSITION_ONLY,1.0,PMC6592156:TEMPERATURE:17 °C:Rep3,0.6,100.0
T250_OUTER_03,University of Edinburgh-led controlled human exposure study,SEQUENCE_RIDGE_COMPOSITION_ONLY,1.0,PMC6592156:TEMPERATURE:30 °C:Rep1,0.7714285714285715,100.0
T250_OUTER_03,University of Edinburgh-led controlled human exposure study,SEQUENCE_RIDGE_COMPOSITION_ONLY,1.0,PMC6592156:TEMPERATURE:30 °C:Rep2,0.6,100.0
T250_OUTER_03,University of Edinburgh-led controlled human exposure study,SEQUENCE_RIDGE_COMPOSITION_ONLY,1.0,PMC6592156:TEMPERATURE:30 °C:Rep3,0.8571428571428571,100.0
T250_OUTER_03,University of Edinburgh-led controlled human exposure study,SEQUENCE_RIDGE_COMPOSITION_ONLY,1.0,PMC6592156:TEMPERATURE:4 °C:Rep1,0.8214285714285714,100.0
T250_OUTER_03,University of Edinburgh-led controlled human exposure study,SEQUENCE_RIDGE_COMPOSITION_ONLY,1.0,PMC6592156:TEMPERATURE:4 °C:Rep2,0.8214285714285714,100.0
T250_OUTER_03,University of Edinburgh-led controlled human exposure study,SEQUENCE_RIDGE_COMPOSITION_ONLY,1.0,PMC6592156:TEMPERATURE:4 °C:Rep3,0.7142857142857143,100.0
T250_OUTER_03,University of Edinburgh-led controlled human exposure study,SEQUENCE_RIDGE_COMPOSITION_ONLY,1.0,PMC6592156:TEMPERATURE:41 °C:Rep1,0.8571428571428571,100.0
T250_OUTER_03,University of Edinburgh-led controlled human exposure study,SEQUENCE_RIDGE_COMPOSITION_ONLY,1.0,PMC6592156:TEMPERATURE:41 °C:Rep2,0.8571428571428571,100.0
T250_OUTER_03,University of Edinburgh-led controlled human exposure study,SEQUENCE_RIDGE_COMPOSITION_ONLY,1.0,PMC6592156:TEMPERATURE:41 °C:Rep3,0.8571428571428571,100.0
T250_OUTER_03,University of Edinburgh-led controlled human exposure study,SEQUENCE_RIDGE_COMPOSITION_ONLY,1.0,PMC6592156:TEMPERATURE:47 °C:Rep1,0.8285714285714286,100.0
T250_OUTER_03,University of Edinburgh-led controlled human exposure study,SEQUENCE_RIDGE_COMPOSITION_ONLY,1.0,PMC6592156:TEMPERATURE:47 °C:Rep2,0.8928571428571429,100.0
T250_OUTER_03,University of Edinburgh-led controlled human exposure study,SEQUENCE_RIDGE_COMPOSITION_ONLY,1.0,PMC6592156:TEMPERATURE:47 °C:Rep3,0.9285714285714286,100.0
T250_OUTER_03,University of Edinburgh-led controlled human exposure study,SEQUENCE_RIDGE_COMPOSITION_ONLY,1.0,PT_D1_16,0.6425304545837554,100.0
T250_OUTER_03,University of Edinburgh-led controlled human exposure study,SEQUENCE_RIDGE_COMPOSITION_ONLY,1.0,PT_D1_18,0.9121593238215745,100.0
T250_OUTER_03,University of Edinburgh-led controlled human exposure study,SEQUENCE_RIDGE_COMPOSITION_ONLY,1.0,PT_D1_20,0.47809144373375745,100.0
T250_OUTER_03,University of Edinburgh-led controlled human exposure study,SEQUENCE_RIDGE_COMPOSITION_ONLY,1.0,PT_D1_23,0.7095099819703212,100.0
T250_OUTER_03,University of Edinburgh-led controlled human exposure study,SEQUENCE_RIDGE_COMPOSITION_ONLY,1.0,PT_D1_33,0.587180674734059,100.0
T250_OUTER_03,University of Edinburgh-led controlled human exposure study,SEQUENCE_RIDGE_COMPOSITION_ONLY,1.0,PT_D1_34,0.7807200583588266,100.0
T250_OUTER_03,University of Edinburgh-led controlled human exposure study,SEQUENCE_RIDGE_COMPOSITION_ONLY,1.0,PT_D1_48,0.5951368255656534,100.0
T250_OUTER_03,University of Edinburgh-led controlled human exposure study,SEQUENCE_RIDGE_COMPOSITION_ONLY,1.0,PT_D1_51,0.9874208829065749,100.0
T250_OUTER_03,University of Edinburgh-led controlled human exposure study,SEQUENCE_RIDGE_COMPOSITION_ONLY,1.0,PT_D1_73,0.7342360411356583,100.0
T250_OUTER_03,University of Edinburgh-led controlled human exposure study,SEQUENCE_RIDGE_COMPOSITION_ONLY,1.0,PT_D1_81,0.9759000729485332,100.0
T250_OUTER_03,University of Edinburgh-led controlled human exposure study,SEQUENCE_RIDGE_COMPOSITION_ONLY,1.0,PT_D3_06,0.6831300510639733,100.0
T250_OUTER_03,University of Edinburgh-led controlled human exposure study,SEQUENCE_RIDGE_COMPOSITION_ONLY,1.0,PT_D3_14,0.7807200583588266,100.0
T250_OUTER_03,University of Edinburgh-led controlled human exposure study,SEQUENCE_RIDGE_COMPOSITION_ONLY,1.0,PT_D3_22,0.8728715609439694,100.0
T250_OUTER_03,University of Edinburgh-led controlled human exposure study,SEQUENCE_RIDGE_COMPOSITION_ONLY,1.0,PT_D3_28,0.4058397249567139,100.0
T250_OUTER_03,University of Edinburgh-led controlled human exposure study,SEQUENCE_RIDGE_COMPOSITION_ONLY,1.0,PT_D3_30,0.788009048074417,100.0
T250_OUTER_03,University of Edinburgh-led controlled human exposure study,SEQUENCE_RIDGE_COMPOSITION_ONLY,1.0,PT_D3_37,0.9271050693011066,100.0
T250_OUTER_03,University of Edinburgh-led controlled human exposure study,SEQUENCE_RIDGE_COMPOSITION_ONLY,1.0,PT_D3_41,0.8728715609439694,100.0
T250_OUTER_03,University of Edinburgh-led controlled human exposure study,SEQUENCE_RIDGE_COMPOSITION_ONLY,1.0,PT_D3_42,0.6343350474165466,100.0
T250_OUTER_03,University of Edinburgh-led controlled human exposure study,SEQUENCE_RIDGE_COMPOSITION_ONLY,1.0,PT_D3_85,0.47809144373375745,100.0
T250_OUTER_03,University of Edinburgh-led controlled human exposure study,SEQUENCE_RIDGE_COMPOSITION_ONLY,1.0,PT_D3_96,0.9759000729485332,100.0
T250_OUTER_03,University of Edinburgh-led controlled human exposure study,SEQUENCE_RIDGE_COMPOSITION_ONLY,1.0,R4_PXD060795_F1,0.7857142857142857,100.0
T250_OUTER_03,University of Edinburgh-led controlled human exposure study,SEQUENCE_RIDGE_COMPOSITION_ONLY,1.0,R4_PXD060795_F2,0.7857142857142857,100.0
T250_OUTER_03,University of Edinburgh-led controlled human exposure study,SEQUENCE_RIDGE_COMPOSITION_ONLY,1.0,R4_PXD060795_F3,0.7857142857142857,100.0
T250_OUTER_03,University of Edinburgh-led controlled human exposure study,SEQUENCE_RIDGE_COMPOSITION_ONLY,1.0,R4_PXD060795_F7,0.8928571428571429,100.0
T250_OUTER_03,University of Edinburgh-led controlled human exposure study,SEQUENCE_RIDGE_COMPOSITION_ONLY,1.0,R4_PXD060795_F8,0.9428571428571428,100.0
T250_OUTER_03,University of Edinburgh-led controlled human exposure study,SEQUENCE_RIDGE_COMPOSITION_ONLY,1.0,R4_PXD060795_F9,0.9428571428571428,100.0
T250_OUTER_03,University of Edinburgh-led controlled human exposure study,SEQUENCE_RIDGE_COMPOSITION_ONLY,1.0,T_D1_133,0.7807200583588266,100.0
T250_OUTER_03,University of Edinburgh-led controlled human exposure study,SEQUENCE_RIDGE_COMPOSITION_ONLY,1.0,T_D1_138,0.5819143739626463,100.0
T250_OUTER_03,University of Edinburgh-led controlled human exposure study,SEQUENCE_RIDGE_COMPOSITION_ONLY,1.0,T_D1_165,0.9759000729485332,100.0
T250_OUTER_03,University of Edinburgh-led controlled human exposure study,SEQUENCE_RIDGE_COMPOSITION_ONLY,1.0,T_D1_173,0.8295150620062532,100.0
T250_OUTER_03,University of Edinburgh-led controlled human exposure study,SEQUENCE_RIDGE_COMPOSITION_ONLY,1.0,T_D1_186,0.7173570516842639,100.0
T250_OUTER_03,University of Edinburgh-led controlled human exposure study,SEQUENCE_RIDGE_COMPOSITION_ONLY,1.0,T_D3_119a,0.847579379526013,100.0
T250_OUTER_03,University of Edinburgh-led controlled human exposure study,SEQUENCE_RIDGE_COMPOSITION_ONLY,1.0,T_D3_119b,0.8523889672954195,100.0
T250_OUTER_03,University of Edinburgh-led controlled human exposure study,SEQUENCE_RIDGE_COMPOSITION_ONLY,1.0,T_D3_155,0.5855400437691199,100.0
T250_OUTER_03,University of Edinburgh-led controlled human exposure study,SEQUENCE_RIDGE_COMPOSITION_ONLY,1.0,T_D3_178,0.9759000729485332,100.0
T250_OUTER_03,University of Edinburgh-led controlled human exposure study,SEQUENCE_RIDGE_COMPOSITION_ONLY,1.0,T_D3_198,0.650213213321002,100.0
T250_OUTER_03,University of Edinburgh-led controlled human exposure study,SEQUENCE_RIDGE_COMPOSITION_ONLY,1.0,__MEAN__,0.7722543589897143,100.0
T250_OUTER_03,University of Edinburgh-led controlled human exposure study,SEQUENCE_RIDGE_COMPOSITION_ONLY,10.0,PMC6592156:PH:pH 4.9:Rep1,1.0,100.0
T250_OUTER_03,University of Edinburgh-led controlled human exposure study,SEQUENCE_RIDGE_COMPOSITION_ONLY,10.0,PMC6592156:PH:pH 4.9:Rep2,0.9428571428571428,100.0
T250_OUTER_03,University of Edinburgh-led controlled human exposure study,SEQUENCE_RIDGE_COMPOSITION_ONLY,10.0,PMC6592156:PH:pH 4.9:Rep3,0.9428571428571428,100.0
T250_OUTER_03,University of Edinburgh-led controlled human exposure study,SEQUENCE_RIDGE_COMPOSITION_ONLY,10.0,PMC6592156:PH:pH 6.1:Rep1,0.7714285714285715,100.0
T250_OUTER_03,University of Edinburgh-led controlled human exposure study,SEQUENCE_RIDGE_COMPOSITION_ONLY,10.0,PMC6592156:PH:pH 6.1:Rep2,0.75,100.0
T250_OUTER_03,University of Edinburgh-led controlled human exposure study,SEQUENCE_RIDGE_COMPOSITION_ONLY,10.0,PMC6592156:PH:pH 6.1:Rep3,0.9,100.0
T250_OUTER_03,University of Edinburgh-led controlled human exposure study,SEQUENCE_RIDGE_COMPOSITION_ONLY,10.0,PMC6592156:PH:pH 6.8:Rep1,0.8928571428571429,100.0
T250_OUTER_03,University of Edinburgh-led controlled human exposure study,SEQUENCE_RIDGE_COMPOSITION_ONLY,10.0,PMC6592156:PH:pH 6.8:Rep2,0.75,100.0
T250_OUTER_03,University of Edinburgh-led controlled human exposure study,SEQUENCE_RIDGE_COMPOSITION_ONLY,10.0,PMC6592156:PH:pH 6.8:Rep3,0.6428571428571429,100.0
T250_OUTER_03,University of Edinburgh-led controlled human exposure study,SEQUENCE_RIDGE_COMPOSITION_ONLY,10.0,PMC6592156:PH:pH 7.7:Rep1,0.9428571428571428,100.0
T250_OUTER_03,University of Edinburgh-led controlled human exposure study,SEQUENCE_RIDGE_COMPOSITION_ONLY,10.0,PMC6592156:PH:pH 7.7:Rep2,0.7142857142857143,100.0
T250_OUTER_03,University of Edinburgh-led controlled human exposure study,SEQUENCE_RIDGE_COMPOSITION_ONLY,10.0,PMC6592156:PH:pH 7.7:Rep3,0.7142857142857143,100.0
T250_OUTER_03,University of Edinburgh-led controlled human exposure study,SEQUENCE_RIDGE_COMPOSITION_ONLY,10.0,PMC6592156:PH:pH 8.9:Rep1,0.7857142857142857,100.0
T250_OUTER_03,University of Edinburgh-led controlled human exposure study,SEQUENCE_RIDGE_COMPOSITION_ONLY,10.0,PMC6592156:PH:pH 8.9:Rep2,0.8214285714285714,100.0
T250_OUTER_03,University of Edinburgh-led controlled human exposure study,SEQUENCE_RIDGE_COMPOSITION_ONLY,10.0,PMC6592156:PH:pH 8.9:Rep3,0.8928571428571429,100.0
T250_OUTER_03,University of Edinburgh-led controlled human exposure study,SEQUENCE_RIDGE_COMPOSITION_ONLY,10.0,PMC6592156:TEMPERATURE:17 °C:Rep1,0.8285714285714286,100.0
T250_OUTER_03,University of Edinburgh-led controlled human exposure study,SEQUENCE_RIDGE_COMPOSITION_ONLY,10.0,PMC6592156:TEMPERATURE:17 °C:Rep2,0.7714285714285715,100.0
T250_OUTER_03,University of Edinburgh-led controlled human exposure study,SEQUENCE_RIDGE_COMPOSITION_ONLY,10.0,PMC6592156:TEMPERATURE:17 °C:Rep3,0.8,100.0
T250_OUTER_03,University of Edinburgh-led controlled human exposure study,SEQUENCE_RIDGE_COMPOSITION_ONLY,10.0,PMC6592156:TEMPERATURE:30 °C:Rep1,0.8285714285714286,100.0
T250_OUTER_03,University of Edinburgh-led controlled human exposure study,SEQUENCE_RIDGE_COMPOSITION_ONLY,10.0,PMC6592156:TEMPERATURE:30 °C:Rep2,0.8,100.0
T250_OUTER_03,University of Edinburgh-led controlled human exposure study,SEQUENCE_RIDGE_COMPOSITION_ONLY,10.0,PMC6592156:TEMPERATURE:30 °C:Rep3,0.8928571428571429,100.0
T250_OUTER_03,University of Edinburgh-led controlled human exposure study,SEQUENCE_RIDGE_COMPOSITION_ONLY,10.0,PMC6592156:TEMPERATURE:4 °C:Rep1,0.8571428571428571,100.0
T250_OUTER_03,University of Edinburgh-led controlled human exposure study,SEQUENCE_RIDGE_COMPOSITION_ONLY,10.0,PMC6592156:TEMPERATURE:4 °C:Rep2,0.8571428571428571,100.0
T250_OUTER_03,University of Edinburgh-led controlled human exposure study,SEQUENCE_RIDGE_COMPOSITION_ONLY,10.0,PMC6592156:TEMPERATURE:4 °C:Rep3,0.7714285714285715,100.0
T250_OUTER_03,University of Edinburgh-led controlled human exposure study,SEQUENCE_RIDGE_COMPOSITION_ONLY,10.0,PMC6592156:TEMPERATURE:41 °C:Rep1,0.8928571428571429,100.0
T250_OUTER_03,University of Edinburgh-led controlled human exposure study,SEQUENCE_RIDGE_COMPOSITION_ONLY,10.0,PMC6592156:TEMPERATURE:41 °C:Rep2,0.8928571428571429,100.0
T250_OUTER_03,University of Edinburgh-led controlled human exposure study,SEQUENCE_RIDGE_COMPOSITION_ONLY,10.0,PMC6592156:TEMPERATURE:41 °C:Rep3,0.8928571428571429,100.0
T250_OUTER_03,University of Edinburgh-led controlled human exposure study,SEQUENCE_RIDGE_COMPOSITION_ONLY,10.0,PMC6592156:TEMPERATURE:47 °C:Rep1,0.9428571428571428,100.0
T250_OUTER_03,University of Edinburgh-led controlled human exposure study,SEQUENCE_RIDGE_COMPOSITION_ONLY,10.0,PMC6592156:TEMPERATURE:47 °C:Rep2,0.9642857142857143,100.0
T250_OUTER_03,University of Edinburgh-led controlled human exposure study,SEQUENCE_RIDGE_COMPOSITION_ONLY,10.0,PMC6592156:TEMPERATURE:47 °C:Rep3,0.9642857142857143,100.0
T250_OUTER_03,University of Edinburgh-led controlled human exposure study,SEQUENCE_RIDGE_COMPOSITION_ONLY,10.0,PT_D1_16,0.8365019125713041,100.0
T250_OUTER_03,University of Edinburgh-led controlled human exposure study,SEQUENCE_RIDGE_COMPOSITION_ONLY,10.0,PT_D1_18,0.4058397249567139,100.0
T250_OUTER_03,University of Edinburgh-led controlled human exposure study,SEQUENCE_RIDGE_COMPOSITION_ONLY,10.0,PT_D1_20,0.9276336570439175,100.0
T250_OUTER_03,University of Edinburgh-led controlled human exposure study,SEQUENCE_RIDGE_COMPOSITION_ONLY,10.0,PT_D1_23,0.642228862990377,100.0
T250_OUTER_03,University of Edinburgh-led controlled human exposure study,SEQUENCE_RIDGE_COMPOSITION_ONLY,10.0,PT_D1_33,0.6238794669049377,100.0
T250_OUTER_03,University of Edinburgh-led controlled human exposure study,SEQUENCE_RIDGE_COMPOSITION_ONLY,10.0,PT_D1_34,0.5855400437691199,100.0
T250_OUTER_03,University of Edinburgh-led controlled human exposure study,SEQUENCE_RIDGE_COMPOSITION_ONLY,10.0,PT_D1_48,0.49696992650327754,100.0
T250_OUTER_03,University of Edinburgh-led controlled human exposure study,SEQUENCE_RIDGE_COMPOSITION_ONLY,10.0,PT_D1_51,0.8355099778440249,100.0
T250_OUTER_03,University of Edinburgh-led controlled human exposure study,SEQUENCE_RIDGE_COMPOSITION_ONLY,10.0,PT_D1_73,0.5933055656682091,100.0
T250_OUTER_03,University of Edinburgh-led controlled human exposure study,SEQUENCE_RIDGE_COMPOSITION_ONLY,10.0,PT_D1_81,0.7807200583588266,100.0
T250_OUTER_03,University of Edinburgh-led controlled human exposure study,SEQUENCE_RIDGE_COMPOSITION_ONLY,10.0,PT_D3_06,0.6831300510639733,100.0
T250_OUTER_03,University of Edinburgh-led controlled human exposure study,SEQUENCE_RIDGE_COMPOSITION_ONLY,10.0,PT_D3_14,0.5855400437691199,100.0
T250_OUTER_03,University of Edinburgh-led controlled human exposure study,SEQUENCE_RIDGE_COMPOSITION_ONLY,10.0,PT_D3_22,0.5819143739626463,100.0
T250_OUTER_03,University of Edinburgh-led controlled human exposure study,SEQUENCE_RIDGE_COMPOSITION_ONLY,10.0,PT_D3_28,0.9121593238215745,100.0
T250_OUTER_03,University of Edinburgh-led controlled human exposure study,SEQUENCE_RIDGE_COMPOSITION_ONLY,10.0,PT_D3_30,0.6910233190806425,100.0
T250_OUTER_03,University of Edinburgh-led controlled human exposure study,SEQUENCE_RIDGE_COMPOSITION_ONLY,10.0,PT_D3_37,0.7319250547113999,100.0
T250_OUTER_03,University of Edinburgh-led controlled human exposure study,SEQUENCE_RIDGE_COMPOSITION_ONLY,10.0,PT_D3_41,0.5690229011161231,100.0
T250_OUTER_03,University of Edinburgh-led controlled human exposure study,SEQUENCE_RIDGE_COMPOSITION_ONLY,10.0,PT_D3_42,0.8295150620062532,100.0
T250_OUTER_03,University of Edinburgh-led controlled human exposure study,SEQUENCE_RIDGE_COMPOSITION_ONLY,10.0,PT_D3_85,0.47809144373375745,100.0
T250_OUTER_03,University of Edinburgh-led controlled human exposure study,SEQUENCE_RIDGE_COMPOSITION_ONLY,10.0,PT_D3_96,0.7807200583588266,100.0
T250_OUTER_03,University of Edinburgh-led controlled human exposure study,SEQUENCE_RIDGE_COMPOSITION_ONLY,10.0,R4_PXD060795_F1,0.9285714285714286,100.0
T250_OUTER_03,University of Edinburgh-led controlled human exposure study,SEQUENCE_RIDGE_COMPOSITION_ONLY,10.0,R4_PXD060795_F2,0.9285714285714286,100.0
T250_OUTER_03,University of Edinburgh-led controlled human exposure study,SEQUENCE_RIDGE_COMPOSITION_ONLY,10.0,R4_PXD060795_F3,0.9285714285714286,100.0
T250_OUTER_03,University of Edinburgh-led controlled human exposure study,SEQUENCE_RIDGE_COMPOSITION_ONLY,10.0,R4_PXD060795_F7,0.9285714285714286,100.0
T250_OUTER_03,University of Edinburgh-led controlled human exposure study,SEQUENCE_RIDGE_COMPOSITION_ONLY,10.0,R4_PXD060795_F8,0.8857142857142857,100.0
T250_OUTER_03,University of Edinburgh-led controlled human exposure study,SEQUENCE_RIDGE_COMPOSITION_ONLY,10.0,R4_PXD060795_F9,0.9428571428571428,100.0
T250_OUTER_03,University of Edinburgh-led controlled human exposure study,SEQUENCE_RIDGE_COMPOSITION_ONLY,10.0,T_D1_133,0.5855400437691199,100.0
T250_OUTER_03,University of Edinburgh-led controlled human exposure study,SEQUENCE_RIDGE_COMPOSITION_ONLY,10.0,T_D1_138,0.8108437164260031,100.0
T250_OUTER_03,University of Edinburgh-led controlled human exposure study,SEQUENCE_RIDGE_COMPOSITION_ONLY,10.0,T_D1_165,0.7807200583588266,100.0
T250_OUTER_03,University of Edinburgh-led controlled human exposure study,SEQUENCE_RIDGE_COMPOSITION_ONLY,10.0,T_D1_173,0.9271050693011066,100.0
T250_OUTER_03,University of Edinburgh-led controlled human exposure study,SEQUENCE_RIDGE_COMPOSITION_ONLY,10.0,T_D1_186,0.847579379526013,100.0
T250_OUTER_03,University of Edinburgh-led controlled human exposure study,SEQUENCE_RIDGE_COMPOSITION_ONLY,10.0,T_D3_119a,0.7119666788018509,100.0
T250_OUTER_03,University of Edinburgh-led controlled human exposure study,SEQUENCE_RIDGE_COMPOSITION_ONLY,10.0,T_D3_119b,0.7119666788018509,100.0
T250_OUTER_03,University of Edinburgh-led controlled human exposure study,SEQUENCE_RIDGE_COMPOSITION_ONLY,10.0,T_D3_155,0.5855400437691199,100.0
T250_OUTER_03,University of Edinburgh-led controlled human exposure study,SEQUENCE_RIDGE_COMPOSITION_ONLY,10.0,T_D3_178,0.7807200583588266,100.0
T250_OUTER_03,University of Edinburgh-led controlled human exposure study,SEQUENCE_RIDGE_COMPOSITION_ONLY,10.0,T_D3_198,0.5936729339017844,100.0
T250_OUTER_03,University of Edinburgh-led controlled human exposure study,SEQUENCE_RIDGE_COMPOSITION_ONLY,10.0,__MEAN__,0.7859259273262915,100.0
T250_OUTER_03,University of Edinburgh-led controlled human exposure study,SEQUENCE_RIDGE_COMPOSITION_ONLY,100.0,PMC6592156:PH:pH 4.9:Rep1,1.0,100.0
T250_OUTER_03,University of Edinburgh-led controlled human exposure study,SEQUENCE_RIDGE_COMPOSITION_ONLY,100.0,PMC6592156:PH:pH 4.9:Rep2,0.9428571428571428,100.0
T250_OUTER_03,University of Edinburgh-led controlled human exposure study,SEQUENCE_RIDGE_COMPOSITION_ONLY,100.0,PMC6592156:PH:pH 4.9:Rep3,0.9428571428571428,100.0
T250_OUTER_03,University of Edinburgh-led controlled human exposure study,SEQUENCE_RIDGE_COMPOSITION_ONLY,100.0,PMC6592156:PH:pH 6.1:Rep1,0.7714285714285715,100.0
T250_OUTER_03,University of Edinburgh-led controlled human exposure study,SEQUENCE_RIDGE_COMPOSITION_ONLY,100.0,PMC6592156:PH:pH 6.1:Rep2,0.75,100.0
T250_OUTER_03,University of Edinburgh-led controlled human exposure study,SEQUENCE_RIDGE_COMPOSITION_ONLY,100.0,PMC6592156:PH:pH 6.1:Rep3,0.9,100.0
T250_OUTER_03,University of Edinburgh-led controlled human exposure study,SEQUENCE_RIDGE_COMPOSITION_ONLY,100.0,PMC6592156:PH:pH 6.8:Rep1,0.8928571428571429,100.0
T250_OUTER_03,University of Edinburgh-led controlled human exposure study,SEQUENCE_RIDGE_COMPOSITION_ONLY,100.0,PMC6592156:PH:pH 6.8:Rep2,0.75,100.0
T250_OUTER_03,University of Edinburgh-led controlled human exposure study,SEQUENCE_RIDGE_COMPOSITION_ONLY,100.0,PMC6592156:PH:pH 6.8:Rep3,0.6428571428571429,100.0
T250_OUTER_03,University of Edinburgh-led controlled human exposure study,SEQUENCE_RIDGE_COMPOSITION_ONLY,100.0,PMC6592156:PH:pH 7.7:Rep1,0.9428571428571428,100.0
T250_OUTER_03,University of Edinburgh-led controlled human exposure study,SEQUENCE_RIDGE_COMPOSITION_ONLY,100.0,PMC6592156:PH:pH 7.7:Rep2,0.7142857142857143,100.0
T250_OUTER_03,University of Edinburgh-led controlled human exposure study,SEQUENCE_RIDGE_COMPOSITION_ONLY,100.0,PMC6592156:PH:pH 7.7:Rep3,0.7142857142857143,100.0
T250_OUTER_03,University of Edinburgh-led controlled human exposure study,SEQUENCE_RIDGE_COMPOSITION_ONLY,100.0,PMC6592156:PH:pH 8.9:Rep1,0.7857142857142857,100.0
T250_OUTER_03,University of Edinburgh-led controlled human exposure study,SEQUENCE_RIDGE_COMPOSITION_ONLY,100.0,PMC6592156:PH:pH 8.9:Rep2,0.8214285714285714,100.0
T250_OUTER_03,University of Edinburgh-led controlled human exposure study,SEQUENCE_RIDGE_COMPOSITION_ONLY,100.0,PMC6592156:PH:pH 8.9:Rep3,0.8928571428571429,100.0
T250_OUTER_03,University of Edinburgh-led controlled human exposure study,SEQUENCE_RIDGE_COMPOSITION_ONLY,100.0,PMC6592156:TEMPERATURE:17 °C:Rep1,0.8285714285714286,100.0
T250_OUTER_03,University of Edinburgh-led controlled human exposure study,SEQUENCE_RIDGE_COMPOSITION_ONLY,100.0,PMC6592156:TEMPERATURE:17 °C:Rep2,0.7714285714285715,100.0
T250_OUTER_03,University of Edinburgh-led controlled human exposure study,SEQUENCE_RIDGE_COMPOSITION_ONLY,100.0,PMC6592156:TEMPERATURE:17 °C:Rep3,0.8,100.0
T250_OUTER_03,University of Edinburgh-led controlled human exposure study,SEQUENCE_RIDGE_COMPOSITION_ONLY,100.0,PMC6592156:TEMPERATURE:30 °C:Rep1,0.8285714285714286,100.0
T250_OUTER_03,University of Edinburgh-led controlled human exposure study,SEQUENCE_RIDGE_COMPOSITION_ONLY,100.0,PMC6592156:TEMPERATURE:30 °C:Rep2,0.8,100.0
T250_OUTER_03,University of Edinburgh-led controlled human exposure study,SEQUENCE_RIDGE_COMPOSITION_ONLY,100.0,PMC6592156:TEMPERATURE:30 °C:Rep3,0.8928571428571429,100.0
T250_OUTER_03,University of Edinburgh-led controlled human exposure study,SEQUENCE_RIDGE_COMPOSITION_ONLY,100.0,PMC6592156:TEMPERATURE:4 °C:Rep1,0.8571428571428571,100.0
T250_OUTER_03,University of Edinburgh-led controlled human exposure study,SEQUENCE_RIDGE_COMPOSITION_ONLY,100.0,PMC6592156:TEMPERATURE:4 °C:Rep2,0.8571428571428571,100.0
T250_OUTER_03,University of Edinburgh-led controlled human exposure study,SEQUENCE_RIDGE_COMPOSITION_ONLY,100.0,PMC6592156:TEMPERATURE:4 °C:Rep3,0.7714285714285715,100.0
T250_OUTER_03,University of Edinburgh-led controlled human exposure study,SEQUENCE_RIDGE_COMPOSITION_ONLY,100.0,PMC6592156:TEMPERATURE:41 °C:Rep1,0.8928571428571429,100.0
T250_OUTER_03,University of Edinburgh-led controlled human exposure study,SEQUENCE_RIDGE_COMPOSITION_ONLY,100.0,PMC6592156:TEMPERATURE:41 °C:Rep2,0.8928571428571429,100.0
T250_OUTER_03,University of Edinburgh-led controlled human exposure study,SEQUENCE_RIDGE_COMPOSITION_ONLY,100.0,PMC6592156:TEMPERATURE:41 °C:Rep3,0.8928571428571429,100.0
T250_OUTER_03,University of Edinburgh-led controlled human exposure study,SEQUENCE_RIDGE_COMPOSITION_ONLY,100.0,PMC6592156:TEMPERATURE:47 °C:Rep1,0.9428571428571428,100.0
T250_OUTER_03,University of Edinburgh-led controlled human exposure study,SEQUENCE_RIDGE_COMPOSITION_ONLY,100.0,PMC6592156:TEMPERATURE:47 °C:Rep2,0.9642857142857143,100.0
T250_OUTER_03,University of Edinburgh-led controlled human exposure study,SEQUENCE_RIDGE_COMPOSITION_ONLY,100.0,PMC6592156:TEMPERATURE:47 °C:Rep3,0.9642857142857143,100.0
T250_OUTER_03,University of Edinburgh-led controlled human exposure study,SEQUENCE_RIDGE_COMPOSITION_ONLY,100.0,PT_D1_16,0.8365019125713041,100.0
T250_OUTER_03,University of Edinburgh-led controlled human exposure study,SEQUENCE_RIDGE_COMPOSITION_ONLY,100.0,PT_D1_18,0.44136741475237473,100.0
T250_OUTER_03,University of Edinburgh-led controlled human exposure study,SEQUENCE_RIDGE_COMPOSITION_ONLY,100.0,PT_D1_20,0.9121593238215745,100.0
T250_OUTER_03,University of Edinburgh-led controlled human exposure study,SEQUENCE_RIDGE_COMPOSITION_ONLY,100.0,PT_D1_23,0.6646465023178235,100.0
T250_OUTER_03,University of Edinburgh-led controlled human exposure study,SEQUENCE_RIDGE_COMPOSITION_ONLY,100.0,PT_D1_33,0.6319494127140443,100.0
T250_OUTER_03,University of Edinburgh-led controlled human exposure study,SEQUENCE_RIDGE_COMPOSITION_ONLY,100.0,PT_D1_34,0.5855400437691199,100.0
T250_OUTER_03,University of Edinburgh-led controlled human exposure study,SEQUENCE_RIDGE_COMPOSITION_ONLY,100.0,PT_D1_48,0.4846990641204806,100.0
T250_OUTER_03,University of Edinburgh-led controlled human exposure study,SEQUENCE_RIDGE_COMPOSITION_ONLY,100.0,PT_D1_51,0.847579379526013,100.0
T250_OUTER_03,University of Edinburgh-led controlled human exposure study,SEQUENCE_RIDGE_COMPOSITION_ONLY,100.0,PT_D1_73,0.5933055656682091,100.0
T250_OUTER_03,University of Edinburgh-led controlled human exposure study,SEQUENCE_RIDGE_COMPOSITION_ONLY,100.0,PT_D1_81,0.7807200583588266,100.0
T250_OUTER_03,University of Edinburgh-led controlled human exposure study,SEQUENCE_RIDGE_COMPOSITION_ONLY,100.0,PT_D3_06,0.6831300510639733,100.0
T250_OUTER_03,University of Edinburgh-led controlled human exposure study,SEQUENCE_RIDGE_COMPOSITION_ONLY,100.0,PT_D3_14,0.5855400437691199,100.0
T250_OUTER_03,University of Edinburgh-led controlled human exposure study,SEQUENCE_RIDGE_COMPOSITION_ONLY,100.0,PT_D3_22,0.5225437283634242,100.0
T250_OUTER_03,University of Edinburgh-led controlled human exposure study,SEQUENCE_RIDGE_COMPOSITION_ONLY,100.0,PT_D3_28,0.9276336570439175,100.0
T250_OUTER_03,University of Edinburgh-led controlled human exposure study,SEQUENCE_RIDGE_COMPOSITION_ONLY,100.0,PT_D3_30,0.6910233190806425,100.0
T250_OUTER_03,University of Edinburgh-led controlled human exposure study,SEQUENCE_RIDGE_COMPOSITION_ONLY,100.0,PT_D3_37,0.7319250547113999,100.0
T250_OUTER_03,University of Edinburgh-led controlled human exposure study,SEQUENCE_RIDGE_COMPOSITION_ONLY,100.0,PT_D3_41,0.5455447255899809,100.0
T250_OUTER_03,University of Edinburgh-led controlled human exposure study,SEQUENCE_RIDGE_COMPOSITION_ONLY,100.0,PT_D3_42,0.8295150620062532,100.0
T250_OUTER_03,University of Edinburgh-led controlled human exposure study,SEQUENCE_RIDGE_COMPOSITION_ONLY,100.0,PT_D3_85,0.47809144373375745,100.0
T250_OUTER_03,University of Edinburgh-led controlled human exposure study,SEQUENCE_RIDGE_COMPOSITION_ONLY,100.0,PT_D3_96,0.7807200583588266,100.0
T250_OUTER_03,University of Edinburgh-led controlled human exposure study,SEQUENCE_RIDGE_COMPOSITION_ONLY,100.0,R4_PXD060795_F1,0.9285714285714286,100.0
T250_OUTER_03,University of Edinburgh-led controlled human exposure study,SEQUENCE_RIDGE_COMPOSITION_ONLY,100.0,R4_PXD060795_F2,0.9285714285714286,100.0
T250_OUTER_03,University of Edinburgh-led controlled human exposure study,SEQUENCE_RIDGE_COMPOSITION_ONLY,100.0,R4_PXD060795_F3,0.9285714285714286,100.0
T250_OUTER_03,University of Edinburgh-led controlled human exposure study,SEQUENCE_RIDGE_COMPOSITION_ONLY,100.0,R4_PXD060795_F7,0.9285714285714286,100.0
T250_OUTER_03,University of Edinburgh-led controlled human exposure study,SEQUENCE_RIDGE_COMPOSITION_ONLY,100.0,R4_PXD060795_F8,0.8857142857142857,100.0
T250_OUTER_03,University of Edinburgh-led controlled human exposure study,SEQUENCE_RIDGE_COMPOSITION_ONLY,100.0,R4_PXD060795_F9,0.9428571428571428,100.0
T250_OUTER_03,University of Edinburgh-led controlled human exposure study,SEQUENCE_RIDGE_COMPOSITION_ONLY,100.0,T_D1_133,0.5855400437691199,100.0
T250_OUTER_03,University of Edinburgh-led controlled human exposure study,SEQUENCE_RIDGE_COMPOSITION_ONLY,100.0,T_D1_138,0.8728715609439694,100.0
T250_OUTER_03,University of Edinburgh-led controlled human exposure study,SEQUENCE_RIDGE_COMPOSITION_ONLY,100.0,T_D1_165,0.7807200583588266,100.0
T250_OUTER_03,University of Edinburgh-led controlled human exposure study,SEQUENCE_RIDGE_COMPOSITION_ONLY,100.0,T_D1_173,0.9271050693011066,100.0
T250_OUTER_03,University of Edinburgh-led controlled human exposure study,SEQUENCE_RIDGE_COMPOSITION_ONLY,100.0,T_D1_186,0.847579379526013,100.0
T250_OUTER_03,University of Edinburgh-led controlled human exposure study,SEQUENCE_RIDGE_COMPOSITION_ONLY,100.0,T_D3_119a,0.7173570516842639,100.0
T250_OUTER_03,University of Edinburgh-led controlled human exposure study,SEQUENCE_RIDGE_COMPOSITION_ONLY,100.0,T_D3_119b,0.7119666788018509,100.0
T250_OUTER_03,University of Edinburgh-led controlled human exposure study,SEQUENCE_RIDGE_COMPOSITION_ONLY,100.0,T_D3_155,0.5855400437691199,100.0
T250_OUTER_03,University of Edinburgh-led controlled human exposure study,SEQUENCE_RIDGE_COMPOSITION_ONLY,100.0,T_D3_178,0.7807200583588266,100.0
T250_OUTER_03,University of Edinburgh-led controlled human exposure study,SEQUENCE_RIDGE_COMPOSITION_ONLY,100.0,T_D3_198,0.5936729339017844,100.0
T250_OUTER_03,University of Edinburgh-led controlled human exposure study,SEQUENCE_RIDGE_COMPOSITION_ONLY,100.0,__MEAN__,0.7866893093036615,100.0
T250_OUTER_04,University of Southern Denmark / Russian Academy of Sciences study,SEQUENCE_RIDGE_FULL,0.01,PT_D1_16,0.788009048074417,1.0
T250_OUTER_04,University of Southern Denmark / Russian Academy of Sciences study,SEQUENCE_RIDGE_FULL,0.01,PT_D1_18,0.5002164033860247,1.0
T250_OUTER_04,University of Southern Denmark / Russian Academy of Sciences study,SEQUENCE_RIDGE_FULL,0.01,PT_D1_20,0.9561828874675149,1.0
T250_OUTER_04,University of Southern Denmark / Russian Academy of Sciences study,SEQUENCE_RIDGE_FULL,0.01,PT_D1_23,0.6646465023178235,1.0
T250_OUTER_04,University of Southern Denmark / Russian Academy of Sciences study,SEQUENCE_RIDGE_FULL,0.01,PT_D1_33,0.8405540732215929,1.0
T250_OUTER_04,University of Southern Denmark / Russian Academy of Sciences study,SEQUENCE_RIDGE_FULL,0.01,PT_D1_34,0.5855400437691199,1.0
T250_OUTER_04,University of Southern Denmark / Russian Academy of Sciences study,SEQUENCE_RIDGE_FULL,0.01,PT_D1_48,0.49696992650327754,1.0
T250_OUTER_04,University of Southern Denmark / Russian Academy of Sciences study,SEQUENCE_RIDGE_FULL,0.01,PT_D1_51,0.6780635036208105,1.0
T250_OUTER_04,University of Southern Denmark / Russian Academy of Sciences study,SEQUENCE_RIDGE_FULL,0.01,PT_D1_73,0.5933055656682091,1.0
T250_OUTER_04,University of Southern Denmark / Russian Academy of Sciences study,SEQUENCE_RIDGE_FULL,0.01,PT_D1_81,0.7807200583588266,1.0
T250_OUTER_04,University of Southern Denmark / Russian Academy of Sciences study,SEQUENCE_RIDGE_FULL,0.01,PT_D3_06,0.6831300510639733,1.0
T250_OUTER_04,University of Southern Denmark / Russian Academy of Sciences study,SEQUENCE_RIDGE_FULL,0.01,PT_D3_14,0.5855400437691199,1.0
T250_OUTER_04,University of Southern Denmark / Russian Academy of Sciences study,SEQUENCE_RIDGE_FULL,0.01,PT_D3_22,0.5455447255899809,1.0
T250_OUTER_04,University of Southern Denmark / Russian Academy of Sciences study,SEQUENCE_RIDGE_FULL,0.01,PT_D3_28,0.9710083124552245,1.0
T250_OUTER_04,University of Southern Denmark / Russian Academy of Sciences study,SEQUENCE_RIDGE_FULL,0.01,PT_D3_30,0.6425304545837554,1.0
T250_OUTER_04,University of Southern Denmark / Russian Academy of Sciences study,SEQUENCE_RIDGE_FULL,0.01,PT_D3_37,0.7319250547113999,1.0
T250_OUTER_04,University of Southern Denmark / Russian Academy of Sciences study,SEQUENCE_RIDGE_FULL,0.01,PT_D3_41,0.5690229011161231,1.0
T250_OUTER_04,University of Southern Denmark / Russian Academy of Sciences study,SEQUENCE_RIDGE_FULL,0.01,PT_D3_42,0.8295150620062532,1.0
T250_OUTER_04,University of Southern Denmark / Russian Academy of Sciences study,SEQUENCE_RIDGE_FULL,0.01,PT_D3_85,0.47809144373375745,1.0
T250_OUTER_04,University of Southern Denmark / Russian Academy of Sciences study,SEQUENCE_RIDGE_FULL,0.01,PT_D3_96,0.7807200583588266,1.0
T250_OUTER_04,University of Southern Denmark / Russian Academy of Sciences study,SEQUENCE_RIDGE_FULL,0.01,R4_EDINBURGH_SGO_20210324_6pm_KostarelosK_OkweloguE_EO10,0.8857142857142857,1.0
T250_OUTER_04,University of Southern Denmark / Russian Academy of Sciences study,SEQUENCE_RIDGE_FULL,0.01,R4_EDINBURGH_SGO_20210324_6pm_KostarelosK_OkweloguE_EO103,0.7714285714285715,1.0
T250_OUTER_04,University of Southern Denmark / Russian Academy of Sciences study,SEQUENCE_RIDGE_FULL,0.01,R4_EDINBURGH_SGO_20210324_6pm_KostarelosK_OkweloguE_EO105,0.8285714285714286,1.0
T250_OUTER_04,University of Southern Denmark / Russian Academy of Sciences study,SEQUENCE_RIDGE_FULL,0.01,R4_EDINBURGH_SGO_20210324_6pm_KostarelosK_OkweloguE_EO107,0.7714285714285715,1.0
T250_OUTER_04,University of Southern Denmark / Russian Academy of Sciences study,SEQUENCE_RIDGE_FULL,0.01,R4_EDINBURGH_SGO_20210324_6pm_KostarelosK_OkweloguE_EO113,0.9428571428571428,1.0
T250_OUTER_04,University of Southern Denmark / Russian Academy of Sciences study,SEQUENCE_RIDGE_FULL,0.01,R4_EDINBURGH_SGO_20210324_6pm_KostarelosK_OkweloguE_EO116,0.4,1.0
T250_OUTER_04,University of Southern Denmark / Russian Academy of Sciences study,SEQUENCE_RIDGE_FULL,0.01,R4_EDINBURGH_SGO_20210324_6pm_KostarelosK_OkweloguE_EO12,0.8,1.0
T250_OUTER_04,University of Southern Denmark / Russian Academy of Sciences study,SEQUENCE_RIDGE_FULL,0.01,R4_EDINBURGH_SGO_20210324_6pm_KostarelosK_OkweloguE_EO16,0.9,1.0
T250_OUTER_04,University of Southern Denmark / Russian Academy of Sciences study,SEQUENCE_RIDGE_FULL,0.01,R4_EDINBURGH_SGO_20210324_6pm_KostarelosK_OkweloguE_EO21,0.37142857142857144,1.0
T250_OUTER_04,University of Southern Denmark / Russian Academy of Sciences study,SEQUENCE_RIDGE_FULL,0.01,R4_EDINBURGH_SGO_20210324_6pm_KostarelosK_OkweloguE_EO24,0.9428571428571428,1.0
T250_OUTER_04,University of Southern Denmark / Russian Academy of Sciences study,SEQUENCE_RIDGE_FULL,0.01,R4_EDINBURGH_SGO_20210324_6pm_KostarelosK_OkweloguE_EO31,0.7142857142857143,1.0
T250_OUTER_04,University of Southern Denmark / Russian Academy of Sciences study,SEQUENCE_RIDGE_FULL,0.01,R4_EDINBURGH_SGO_20210324_6pm_KostarelosK_OkweloguE_EO34,0.14285714285714285,1.0
T250_OUTER_04,University of Southern Denmark / Russian Academy of Sciences study,SEQUENCE_RIDGE_FULL,0.01,R4_EDINBURGH_SGO_20210324_6pm_KostarelosK_OkweloguE_EO4,0.8857142857142857,1.0
T250_OUTER_04,University of Southern Denmark / Russian Academy of Sciences study,SEQUENCE_RIDGE_FULL,0.01,R4_EDINBURGH_SGO_20210324_6pm_KostarelosK_OkweloguE_EO43,0.6,1.0
T250_OUTER_04,University of Southern Denmark / Russian Academy of Sciences study,SEQUENCE_RIDGE_FULL,0.01,R4_EDINBURGH_SGO_20210324_6pm_KostarelosK_OkweloguE_EO52,0.7714285714285715,1.0
T250_OUTER_04,University of Southern Denmark / Russian Academy of Sciences study,SEQUENCE_RIDGE_FULL,0.01,R4_EDINBURGH_SGO_20210324_6pm_KostarelosK_OkweloguE_EO64,0.8857142857142857,1.0
T250_OUTER_04,University of Southern Denmark / Russian Academy of Sciences study,SEQUENCE_RIDGE_FULL,0.01,R4_EDINBURGH_SGO_20210324_6pm_KostarelosK_OkweloguE_EO66,0.8285714285714286,1.0
T250_OUTER_04,University of Southern Denmark / Russian Academy of Sciences study,SEQUENCE_RIDGE_FULL,0.01,R4_EDINBURGH_SGO_20210324_6pm_KostarelosK_OkweloguE_EO73,0.9428571428571428,1.0
T250_OUTER_04,University of Southern Denmark / Russian Academy of Sciences study,SEQUENCE_RIDGE_FULL,0.01,R4_EDINBURGH_SGO_20210324_6pm_KostarelosK_OkweloguE_EO83,0.9428571428571428,1.0
T250_OUTER_04,University of Southern Denmark / Russian Academy of Sciences study,SEQUENCE_RIDGE_FULL,0.01,R4_EDINBURGH_SGO_20210324_6pm_KostarelosK_OkweloguE_EO88,0.3,1.0
T250_OUTER_04,University of Southern Denmark / Russian Academy of Sciences study,SEQUENCE_RIDGE_FULL,0.01,R4_EDINBURGH_SGO_20210324_6pm_KostarelosK_OkweloguE_EO94,0.8285714285714286,1.0
T250_OUTER_04,University of Southern Denmark / Russian Academy of Sciences study,SEQUENCE_RIDGE_FULL,0.01,R4_EDINBURGH_SGO_20210324_6pm_KostarelosK_OkweloguE_EO96,0.9428571428571428,1.0
T250_OUTER_04,University of Southern Denmark / Russian Academy of Sciences study,SEQUENCE_RIDGE_FULL,0.01,R4_EDINBURGH_SGO_20210324_6pm_KostarelosK_OkweloguE_EO97,0.8285714285714286,1.0
T250_OUTER_04,University of Southern Denmark / Russian Academy of Sciences study,SEQUENCE_RIDGE_FULL,0.01,R4_EDINBURGH_USGO_20210324_6pm_KostarelosK_OkweloguE_EO106,0.8214285714285714,1.0
T250_OUTER_04,University of Southern Denmark / Russian Academy of Sciences study,SEQUENCE_RIDGE_FULL,0.01,R4_EDINBURGH_USGO_20210324_6pm_KostarelosK_OkweloguE_EO11,0.7857142857142857,1.0
T250_OUTER_04,University of Southern Denmark / Russian Academy of Sciences study,SEQUENCE_RIDGE_FULL,0.01,R4_EDINBURGH_USGO_20210324_6pm_KostarelosK_OkweloguE_EO111,0.7857142857142857,1.0
T250_OUTER_04,University of Southern Denmark / Russian Academy of Sciences study,SEQUENCE_RIDGE_FULL,0.01,R4_EDINBURGH_USGO_20210324_6pm_KostarelosK_OkweloguE_EO112,0.7142857142857143,1.0
T250_OUTER_04,University of Southern Denmark / Russian Academy of Sciences study,SEQUENCE_RIDGE_FULL,0.01,R4_EDINBURGH_USGO_20210324_6pm_KostarelosK_OkweloguE_EO115,0.8928571428571429,1.0
T250_OUTER_04,University of Southern Denmark / Russian Academy of Sciences study,SEQUENCE_RIDGE_FULL,0.01,R4_EDINBURGH_USGO_20210324_6pm_KostarelosK_OkweloguE_EO120,0.8928571428571429,1.0
T250_OUTER_04,University of Southern Denmark / Russian Academy of Sciences study,SEQUENCE_RIDGE_FULL,0.01,R4_EDINBURGH_USGO_20210324_6pm_KostarelosK_OkweloguE_EO121,0.5357142857142857,1.0
T250_OUTER_04,University of Southern Denmark / Russian Academy of Sciences study,SEQUENCE_RIDGE_FULL,0.01,R4_EDINBURGH_USGO_20210324_6pm_KostarelosK_OkweloguE_EO125,0.9642857142857143,1.0
T250_OUTER_04,University of Southern Denmark / Russian Academy of Sciences study,SEQUENCE_RIDGE_FULL,0.01,R4_EDINBURGH_USGO_20210324_6pm_KostarelosK_OkweloguE_EO126,0.7857142857142857,1.0
T250_OUTER_04,University of Southern Denmark / Russian Academy of Sciences study,SEQUENCE_RIDGE_FULL,0.01,R4_EDINBURGH_USGO_20210324_6pm_KostarelosK_OkweloguE_EO13,0.8285714285714286,1.0
T250_OUTER_04,University of Southern Denmark / Russian Academy of Sciences study,SEQUENCE_RIDGE_FULL,0.01,R4_EDINBURGH_USGO_20210324_6pm_KostarelosK_OkweloguE_EO26,0.7714285714285715,1.0
T250_OUTER_04,University of Southern Denmark / Russian Academy of Sciences study,SEQUENCE_RIDGE_FULL,0.01,R4_EDINBURGH_USGO_20210324_6pm_KostarelosK_OkweloguE_EO36,1.0,1.0
T250_OUTER_04,University of Southern Denmark / Russian Academy of Sciences study,SEQUENCE_RIDGE_FULL,0.01,R4_EDINBURGH_USGO_20210324_6pm_KostarelosK_OkweloguE_EO40,0.8857142857142857,1.0
T250_OUTER_04,University of Southern Denmark / Russian Academy of Sciences study,SEQUENCE_RIDGE_FULL,0.01,R4_EDINBURGH_USGO_20210324_6pm_KostarelosK_OkweloguE_EO42,0.9428571428571428,1.0
T250_OUTER_04,University of Southern Denmark / Russian Academy of Sciences study,SEQUENCE_RIDGE_FULL,0.01,R4_EDINBURGH_USGO_20210324_6pm_KostarelosK_OkweloguE_EO44,0.8285714285714286,1.0
T250_OUTER_04,University of Southern Denmark / Russian Academy of Sciences study,SEQUENCE_RIDGE_FULL,0.01,R4_EDINBURGH_USGO_20210324_6pm_KostarelosK_OkweloguE_EO5,0.8928571428571429,1.0
T250_OUTER_04,University of Southern Denmark / Russian Academy of Sciences study,SEQUENCE_RIDGE_FULL,0.01,R4_EDINBURGH_USGO_20210324_6pm_KostarelosK_OkweloguE_EO50,0.7857142857142857,1.0
T250_OUTER_04,University of Southern Denmark / Russian Academy of Sciences study,SEQUENCE_RIDGE_FULL,0.01,R4_EDINBURGH_USGO_20210324_6pm_KostarelosK_OkweloguE_EO53,0.7714285714285715,1.0
T250_OUTER_04,University of Southern Denmark / Russian Academy of Sciences study,SEQUENCE_RIDGE_FULL,0.01,R4_EDINBURGH_USGO_20210324_6pm_KostarelosK_OkweloguE_EO60,0.9428571428571428,1.0
T250_OUTER_04,University of Southern Denmark / Russian Academy of Sciences study,SEQUENCE_RIDGE_FULL,0.01,R4_EDINBURGH_USGO_20210324_6pm_KostarelosK_OkweloguE_EO62,0.25,1.0
T250_OUTER_04,University of Southern Denmark / Russian Academy of Sciences study,SEQUENCE_RIDGE_FULL,0.01,R4_EDINBURGH_USGO_20210324_6pm_KostarelosK_OkweloguE_EO69,0.8214285714285714,1.0
T250_OUTER_04,University of Southern Denmark / Russian Academy of Sciences study,SEQUENCE_RIDGE_FULL,0.01,R4_EDINBURGH_USGO_20210324_6pm_KostarelosK_OkweloguE_EO76,0.4642857142857143,1.0
T250_OUTER_04,University of Southern Denmark / Russian Academy of Sciences study,SEQUENCE_RIDGE_FULL,0.01,R4_EDINBURGH_USGO_20210324_6pm_KostarelosK_OkweloguE_EO77,0.7142857142857143,1.0
T250_OUTER_04,University of Southern Denmark / Russian Academy of Sciences study,SEQUENCE_RIDGE_FULL,0.01,R4_EDINBURGH_USGO_20210324_6pm_KostarelosK_OkweloguE_EO79,0.7142857142857143,1.0
T250_OUTER_04,University of Southern Denmark / Russian Academy of Sciences study,SEQUENCE_RIDGE_FULL,0.01,R4_EDINBURGH_USGO_20210324_6pm_KostarelosK_OkweloguE_EO86,0.9285714285714286,1.0
T250_OUTER_04,University of Southern Denmark / Russian Academy of Sciences study,SEQUENCE_RIDGE_FULL,0.01,R4_EDINBURGH_USGO_20210324_6pm_KostarelosK_OkweloguE_EO87,0.8214285714285714,1.0
T250_OUTER_04,University of Southern Denmark / Russian Academy of Sciences study,SEQUENCE_RIDGE_FULL,0.01,R4_PXD060795_F1,0.9285714285714286,1.0
T250_OUTER_04,University of Southern Denmark / Russian Academy of Sciences study,SEQUENCE_RIDGE_FULL,0.01,R4_PXD060795_F2,0.9285714285714286,1.0
T250_OUTER_04,University of Southern Denmark / Russian Academy of Sciences study,SEQUENCE_RIDGE_FULL,0.01,R4_PXD060795_F3,0.9285714285714286,1.0
T250_OUTER_04,University of Southern Denmark / Russian Academy of Sciences study,SEQUENCE_RIDGE_FULL,0.01,R4_PXD060795_F7,0.8214285714285714,1.0
T250_OUTER_04,University of Southern Denmark / Russian Academy of Sciences study,SEQUENCE_RIDGE_FULL,0.01,R4_PXD060795_F8,0.8857142857142857,1.0
T250_OUTER_04,University of Southern Denmark / Russian Academy of Sciences study,SEQUENCE_RIDGE_FULL,0.01,R4_PXD060795_F9,0.7714285714285715,1.0
T250_OUTER_04,University of Southern Denmark / Russian Academy of Sciences study,SEQUENCE_RIDGE_FULL,0.01,T_D1_133,0.5855400437691199,1.0
T250_OUTER_04,University of Southern Denmark / Russian Academy of Sciences study,SEQUENCE_RIDGE_FULL,0.01,T_D1_138,0.8468812149338254,1.0
T250_OUTER_04,University of Southern Denmark / Russian Academy of Sciences study,SEQUENCE_RIDGE_FULL,0.01,T_D1_165,0.7807200583588266,1.0
T250_OUTER_04,University of Southern Denmark / Russian Academy of Sciences study,SEQUENCE_RIDGE_FULL,0.01,T_D1_173,0.9271050693011066,1.0
T250_OUTER_04,University of Southern Denmark / Russian Academy of Sciences study,SEQUENCE_RIDGE_FULL,0.01,T_D1_186,0.6780635036208105,1.0
T250_OUTER_04,University of Southern Denmark / Russian Academy of Sciences study,SEQUENCE_RIDGE_FULL,0.01,T_D3_119a,0.5424508028966484,1.0
T250_OUTER_04,University of Southern Denmark / Russian Academy of Sciences study,SEQUENCE_RIDGE_FULL,0.01,T_D3_119b,0.5424508028966484,1.0
T250_OUTER_04,University of Southern Denmark / Russian Academy of Sciences study,SEQUENCE_RIDGE_FULL,0.01,T_D3_155,0.5855400437691199,1.0
T250_OUTER_04,University of Southern Denmark / Russian Academy of Sciences study,SEQUENCE_RIDGE_FULL,0.01,T_D3_178,0.7807200583588266,1.0
T250_OUTER_04,University of Southern Denmark / Russian Academy of Sciences study,SEQUENCE_RIDGE_FULL,0.01,T_D3_198,0.5229975846277625,1.0
T250_OUTER_04,University of Southern Denmark / Russian Academy of Sciences study,SEQUENCE_RIDGE_FULL,0.01,__MEAN__,0.7474049363296823,1.0
T250_OUTER_04,University of Southern Denmark / Russian Academy of Sciences study,SEQUENCE_RIDGE_FULL,0.1,PT_D1_16,0.788009048074417,1.0
T250_OUTER_04,University of Southern Denmark / Russian Academy of Sciences study,SEQUENCE_RIDGE_FULL,0.1,PT_D1_18,0.5002164033860247,1.0
T250_OUTER_04,University of Southern Denmark / Russian Academy of Sciences study,SEQUENCE_RIDGE_FULL,0.1,PT_D1_20,0.9710083124552245,1.0
T250_OUTER_04,University of Southern Denmark / Russian Academy of Sciences study,SEQUENCE_RIDGE_FULL,0.1,PT_D1_23,0.7095099819703212,1.0
T250_OUTER_04,University of Southern Denmark / Russian Academy of Sciences study,SEQUENCE_RIDGE_FULL,0.1,PT_D1_33,0.8292837093139817,1.0
T250_OUTER_04,University of Southern Denmark / Russian Academy of Sciences study,SEQUENCE_RIDGE_FULL,0.1,PT_D1_34,0.5855400437691199,1.0
T250_OUTER_04,University of Southern Denmark / Russian Academy of Sciences study,SEQUENCE_RIDGE_FULL,0.1,PT_D1_48,0.4846990641204806,1.0
T250_OUTER_04,University of Southern Denmark / Russian Academy of Sciences study,SEQUENCE_RIDGE_FULL,0.1,PT_D1_51,0.6780635036208105,1.0
T250_OUTER_04,University of Southern Denmark / Russian Academy of Sciences study,SEQUENCE_RIDGE_FULL,0.1,PT_D1_73,0.5933055656682091,1.0
T250_OUTER_04,University of Southern Denmark / Russian Academy of Sciences study,SEQUENCE_RIDGE_FULL,0.1,PT_D1_81,0.7807200583588266,1.0
T250_OUTER_04,University of Southern Denmark / Russian Academy of Sciences study,SEQUENCE_RIDGE_FULL,0.1,PT_D3_06,0.6831300510639733,1.0
T250_OUTER_04,University of Southern Denmark / Russian Academy of Sciences study,SEQUENCE_RIDGE_FULL,0.1,PT_D3_14,0.5855400437691199,1.0
T250_OUTER_04,University of Southern Denmark / Russian Academy of Sciences study,SEQUENCE_RIDGE_FULL,0.1,PT_D3_22,0.5225437283634242,1.0
T250_OUTER_04,University of Southern Denmark / Russian Academy of Sciences study,SEQUENCE_RIDGE_FULL,0.1,PT_D3_28,0.9710083124552245,1.0
T250_OUTER_04,University of Southern Denmark / Russian Academy of Sciences study,SEQUENCE_RIDGE_FULL,0.1,PT_D3_30,0.6425304545837554,1.0
T250_OUTER_04,University of Southern Denmark / Russian Academy of Sciences study,SEQUENCE_RIDGE_FULL,0.1,PT_D3_37,0.7319250547113999,1.0
T250_OUTER_04,University of Southern Denmark / Russian Academy of Sciences study,SEQUENCE_RIDGE_FULL,0.1,PT_D3_41,0.5946187253790689,1.0
T250_OUTER_04,University of Southern Denmark / Russian Academy of Sciences study,SEQUENCE_RIDGE_FULL,0.1,PT_D3_42,0.8295150620062532,1.0
T250_OUTER_04,University of Southern Denmark / Russian Academy of Sciences study,SEQUENCE_RIDGE_FULL,0.1,PT_D3_85,0.47809144373375745,1.0
T250_OUTER_04,University of Southern Denmark / Russian Academy of Sciences study,SEQUENCE_RIDGE_FULL,0.1,PT_D3_96,0.7807200583588266,1.0
T250_OUTER_04,University of Southern Denmark / Russian Academy of Sciences study,SEQUENCE_RIDGE_FULL,0.1,R4_EDINBURGH_SGO_20210324_6pm_KostarelosK_OkweloguE_EO10,0.8857142857142857,1.0
T250_OUTER_04,University of Southern Denmark / Russian Academy of Sciences study,SEQUENCE_RIDGE_FULL,0.1,R4_EDINBURGH_SGO_20210324_6pm_KostarelosK_OkweloguE_EO103,0.7714285714285715,1.0
T250_OUTER_04,University of Southern Denmark / Russian Academy of Sciences study,SEQUENCE_RIDGE_FULL,0.1,R4_EDINBURGH_SGO_20210324_6pm_KostarelosK_OkweloguE_EO105,0.8285714285714286,1.0
T250_OUTER_04,University of Southern Denmark / Russian Academy of Sciences study,SEQUENCE_RIDGE_FULL,0.1,R4_EDINBURGH_SGO_20210324_6pm_KostarelosK_OkweloguE_EO107,0.7714285714285715,1.0
T250_OUTER_04,University of Southern Denmark / Russian Academy of Sciences study,SEQUENCE_RIDGE_FULL,0.1,R4_EDINBURGH_SGO_20210324_6pm_KostarelosK_OkweloguE_EO113,0.9428571428571428,1.0
T250_OUTER_04,University of Southern Denmark / Russian Academy of Sciences study,SEQUENCE_RIDGE_FULL,0.1,R4_EDINBURGH_SGO_20210324_6pm_KostarelosK_OkweloguE_EO116,0.4,1.0
T250_OUTER_04,University of Southern Denmark / Russian Academy of Sciences study,SEQUENCE_RIDGE_FULL,0.1,R4_EDINBURGH_SGO_20210324_6pm_KostarelosK_OkweloguE_EO12,0.8,1.0
T250_OUTER_04,University of Southern Denmark / Russian Academy of Sciences study,SEQUENCE_RIDGE_FULL,0.1,R4_EDINBURGH_SGO_20210324_6pm_KostarelosK_OkweloguE_EO16,0.9,1.0
T250_OUTER_04,University of Southern Denmark / Russian Academy of Sciences study,SEQUENCE_RIDGE_FULL,0.1,R4_EDINBURGH_SGO_20210324_6pm_KostarelosK_OkweloguE_EO21,0.37142857142857144,1.0
T250_OUTER_04,University of Southern Denmark / Russian Academy of Sciences study,SEQUENCE_RIDGE_FULL,0.1,R4_EDINBURGH_SGO_20210324_6pm_KostarelosK_OkweloguE_EO24,0.9428571428571428,1.0
T250_OUTER_04,University of Southern Denmark / Russian Academy of Sciences study,SEQUENCE_RIDGE_FULL,0.1,R4_EDINBURGH_SGO_20210324_6pm_KostarelosK_OkweloguE_EO31,0.7142857142857143,1.0
T250_OUTER_04,University of Southern Denmark / Russian Academy of Sciences study,SEQUENCE_RIDGE_FULL,0.1,R4_EDINBURGH_SGO_20210324_6pm_KostarelosK_OkweloguE_EO34,0.14285714285714285,1.0
T250_OUTER_04,University of Southern Denmark / Russian Academy of Sciences study,SEQUENCE_RIDGE_FULL,0.1,R4_EDINBURGH_SGO_20210324_6pm_KostarelosK_OkweloguE_EO4,0.8857142857142857,1.0
T250_OUTER_04,University of Southern Denmark / Russian Academy of Sciences study,SEQUENCE_RIDGE_FULL,0.1,R4_EDINBURGH_SGO_20210324_6pm_KostarelosK_OkweloguE_EO43,0.6,1.0
T250_OUTER_04,University of Southern Denmark / Russian Academy of Sciences study,SEQUENCE_RIDGE_FULL,0.1,R4_EDINBURGH_SGO_20210324_6pm_KostarelosK_OkweloguE_EO52,0.7714285714285715,1.0
T250_OUTER_04,University of Southern Denmark / Russian Academy of Sciences study,SEQUENCE_RIDGE_FULL,0.1,R4_EDINBURGH_SGO_20210324_6pm_KostarelosK_OkweloguE_EO64,0.8857142857142857,1.0
T250_OUTER_04,University of Southern Denmark / Russian Academy of Sciences study,SEQUENCE_RIDGE_FULL,0.1,R4_EDINBURGH_SGO_20210324_6pm_KostarelosK_OkweloguE_EO66,0.8285714285714286,1.0
T250_OUTER_04,University of Southern Denmark / Russian Academy of Sciences study,SEQUENCE_RIDGE_FULL,0.1,R4_EDINBURGH_SGO_20210324_6pm_KostarelosK_OkweloguE_EO73,0.9428571428571428,1.0
T250_OUTER_04,University of Southern Denmark / Russian Academy of Sciences study,SEQUENCE_RIDGE_FULL,0.1,R4_EDINBURGH_SGO_20210324_6pm_KostarelosK_OkweloguE_EO83,0.9428571428571428,1.0
T250_OUTER_04,University of Southern Denmark / Russian Academy of Sciences study,SEQUENCE_RIDGE_FULL,0.1,R4_EDINBURGH_SGO_20210324_6pm_KostarelosK_OkweloguE_EO88,0.3,1.0
T250_OUTER_04,University of Southern Denmark / Russian Academy of Sciences study,SEQUENCE_RIDGE_FULL,0.1,R4_EDINBURGH_SGO_20210324_6pm_KostarelosK_OkweloguE_EO94,0.8285714285714286,1.0
T250_OUTER_04,University of Southern Denmark / Russian Academy of Sciences study,SEQUENCE_RIDGE_FULL,0.1,R4_EDINBURGH_SGO_20210324_6pm_KostarelosK_OkweloguE_EO96,0.9428571428571428,1.0
T250_OUTER_04,University of Southern Denmark / Russian Academy of Sciences study,SEQUENCE_RIDGE_FULL,0.1,R4_EDINBURGH_SGO_20210324_6pm_KostarelosK_OkweloguE_EO97,0.8285714285714286,1.0
T250_OUTER_04,University of Southern Denmark / Russian Academy of Sciences study,SEQUENCE_RIDGE_FULL,0.1,R4_EDINBURGH_USGO_20210324_6pm_KostarelosK_OkweloguE_EO106,0.8214285714285714,1.0
T250_OUTER_04,University of Southern Denmark / Russian Academy of Sciences study,SEQUENCE_RIDGE_FULL,0.1,R4_EDINBURGH_USGO_20210324_6pm_KostarelosK_OkweloguE_EO11,0.7857142857142857,1.0
T250_OUTER_04,University of Southern Denmark / Russian Academy of Sciences study,SEQUENCE_RIDGE_FULL,0.1,R4_EDINBURGH_USGO_20210324_6pm_KostarelosK_OkweloguE_EO111,0.7857142857142857,1.0
T250_OUTER_04,University of Southern Denmark / Russian Academy of Sciences study,SEQUENCE_RIDGE_FULL,0.1,R4_EDINBURGH_USGO_20210324_6pm_KostarelosK_OkweloguE_EO112,0.7142857142857143,1.0
T250_OUTER_04,University of Southern Denmark / Russian Academy of Sciences study,SEQUENCE_RIDGE_FULL,0.1,R4_EDINBURGH_USGO_20210324_6pm_KostarelosK_OkweloguE_EO115,0.8928571428571429,1.0
T250_OUTER_04,University of Southern Denmark / Russian Academy of Sciences study,SEQUENCE_RIDGE_FULL,0.1,R4_EDINBURGH_USGO_20210324_6pm_KostarelosK_OkweloguE_EO120,0.8928571428571429,1.0
T250_OUTER_04,University of Southern Denmark / Russian Academy of Sciences study,SEQUENCE_RIDGE_FULL,0.1,R4_EDINBURGH_USGO_20210324_6pm_KostarelosK_OkweloguE_EO121,0.5357142857142857,1.0
T250_OUTER_04,University of Southern Denmark / Russian Academy of Sciences study,SEQUENCE_RIDGE_FULL,0.1,R4_EDINBURGH_USGO_20210324_6pm_KostarelosK_OkweloguE_EO125,0.9642857142857143,1.0
T250_OUTER_04,University of Southern Denmark / Russian Academy of Sciences study,SEQUENCE_RIDGE_FULL,0.1,R4_EDINBURGH_USGO_20210324_6pm_KostarelosK_OkweloguE_EO126,0.7857142857142857,1.0
T250_OUTER_04,University of Southern Denmark / Russian Academy of Sciences study,SEQUENCE_RIDGE_FULL,0.1,R4_EDINBURGH_USGO_20210324_6pm_KostarelosK_OkweloguE_EO13,0.8285714285714286,1.0
T250_OUTER_04,University of Southern Denmark / Russian Academy of Sciences study,SEQUENCE_RIDGE_FULL,0.1,R4_EDINBURGH_USGO_20210324_6pm_KostarelosK_OkweloguE_EO26,0.7714285714285715,1.0
T250_OUTER_04,University of Southern Denmark / Russian Academy of Sciences study,SEQUENCE_RIDGE_FULL,0.1,R4_EDINBURGH_USGO_20210324_6pm_KostarelosK_OkweloguE_EO36,1.0,1.0
T250_OUTER_04,University of Southern Denmark / Russian Academy of Sciences study,SEQUENCE_RIDGE_FULL,0.1,R4_EDINBURGH_USGO_20210324_6pm_KostarelosK_OkweloguE_EO40,0.8857142857142857,1.0
T250_OUTER_04,University of Southern Denmark / Russian Academy of Sciences study,SEQUENCE_RIDGE_FULL,0.1,R4_EDINBURGH_USGO_20210324_6pm_KostarelosK_OkweloguE_EO42,0.9428571428571428,1.0
T250_OUTER_04,University of Southern Denmark / Russian Academy of Sciences study,SEQUENCE_RIDGE_FULL,0.1,R4_EDINBURGH_USGO_20210324_6pm_KostarelosK_OkweloguE_EO44,0.8285714285714286,1.0
T250_OUTER_04,University of Southern Denmark / Russian Academy of Sciences study,SEQUENCE_RIDGE_FULL,0.1,R4_EDINBURGH_USGO_20210324_6pm_KostarelosK_OkweloguE_EO5,0.8928571428571429,1.0
T250_OUTER_04,University of Southern Denmark / Russian Academy of Sciences study,SEQUENCE_RIDGE_FULL,0.1,R4_EDINBURGH_USGO_20210324_6pm_KostarelosK_OkweloguE_EO50,0.7857142857142857,1.0
T250_OUTER_04,University of Southern Denmark / Russian Academy of Sciences study,SEQUENCE_RIDGE_FULL,0.1,R4_EDINBURGH_USGO_20210324_6pm_KostarelosK_OkweloguE_EO53,0.7714285714285715,1.0
T250_OUTER_04,University of Southern Denmark / Russian Academy of Sciences study,SEQUENCE_RIDGE_FULL,0.1,R4_EDINBURGH_USGO_20210324_6pm_KostarelosK_OkweloguE_EO60,0.9428571428571428,1.0
T250_OUTER_04,University of Southern Denmark / Russian Academy of Sciences study,SEQUENCE_RIDGE_FULL,0.1,R4_EDINBURGH_USGO_20210324_6pm_KostarelosK_OkweloguE_EO62,0.25,1.0
T250_OUTER_04,University of Southern Denmark / Russian Academy of Sciences study,SEQUENCE_RIDGE_FULL,0.1,R4_EDINBURGH_USGO_20210324_6pm_KostarelosK_OkweloguE_EO69,0.8214285714285714,1.0
T250_OUTER_04,University of Southern Denmark / Russian Academy of Sciences study,SEQUENCE_RIDGE_FULL,0.1,R4_EDINBURGH_USGO_20210324_6pm_KostarelosK_OkweloguE_EO76,0.4642857142857143,1.0
T250_OUTER_04,University of Southern Denmark / Russian Academy of Sciences study,SEQUENCE_RIDGE_FULL,0.1,R4_EDINBURGH_USGO_20210324_6pm_KostarelosK_OkweloguE_EO77,0.7142857142857143,1.0
T250_OUTER_04,University of Southern Denmark / Russian Academy of Sciences study,SEQUENCE_RIDGE_FULL,0.1,R4_EDINBURGH_USGO_20210324_6pm_KostarelosK_OkweloguE_EO79,0.7142857142857143,1.0
T250_OUTER_04,University of Southern Denmark / Russian Academy of Sciences study,SEQUENCE_RIDGE_FULL,0.1,R4_EDINBURGH_USGO_20210324_6pm_KostarelosK_OkweloguE_EO86,0.9285714285714286,1.0
T250_OUTER_04,University of Southern Denmark / Russian Academy of Sciences study,SEQUENCE_RIDGE_FULL,0.1,R4_EDINBURGH_USGO_20210324_6pm_KostarelosK_OkweloguE_EO87,0.8214285714285714,1.0
T250_OUTER_04,University of Southern Denmark / Russian Academy of Sciences study,SEQUENCE_RIDGE_FULL,0.1,R4_PXD060795_F1,0.9285714285714286,1.0
T250_OUTER_04,University of Southern Denmark / Russian Academy of Sciences study,SEQUENCE_RIDGE_FULL,0.1,R4_PXD060795_F2,0.9285714285714286,1.0
T250_OUTER_04,University of Southern Denmark / Russian Academy of Sciences study,SEQUENCE_RIDGE_FULL,0.1,R4_PXD060795_F3,0.9285714285714286,1.0
T250_OUTER_04,University of Southern Denmark / Russian Academy of Sciences study,SEQUENCE_RIDGE_FULL,0.1,R4_PXD060795_F7,0.8214285714285714,1.0
T250_OUTER_04,University of Southern Denmark / Russian Academy of Sciences study,SEQUENCE_RIDGE_FULL,0.1,R4_PXD060795_F8,0.8857142857142857,1.0
T250_OUTER_04,University of Southern Denmark / Russian Academy of Sciences study,SEQUENCE_RIDGE_FULL,0.1,R4_PXD060795_F9,0.7714285714285715,1.0
T250_OUTER_04,University of Southern Denmark / Russian Academy of Sciences study,SEQUENCE_RIDGE_FULL,0.1,T_D1_133,0.5855400437691199,1.0
T250_OUTER_04,University of Southern Denmark / Russian Academy of Sciences study,SEQUENCE_RIDGE_FULL,0.1,T_D1_138,0.8627121404018641,1.0
T250_OUTER_04,University of Southern Denmark / Russian Academy of Sciences study,SEQUENCE_RIDGE_FULL,0.1,T_D1_165,0.7807200583588266,1.0
T250_OUTER_04,University of Southern Denmark / Russian Academy of Sciences study,SEQUENCE_RIDGE_FULL,0.1,T_D1_173,0.9271050693011066,1.0
T250_OUTER_04,University of Southern Denmark / Russian Academy of Sciences study,SEQUENCE_RIDGE_FULL,0.1,T_D1_186,0.6780635036208105,1.0
T250_OUTER_04,University of Southern Denmark / Russian Academy of Sciences study,SEQUENCE_RIDGE_FULL,0.1,T_D3_119a,0.5424508028966484,1.0
T250_OUTER_04,University of Southern Denmark / Russian Academy of Sciences study,SEQUENCE_RIDGE_FULL,0.1,T_D3_119b,0.5424508028966484,1.0
T250_OUTER_04,University of Southern Denmark / Russian Academy of Sciences study,SEQUENCE_RIDGE_FULL,0.1,T_D3_155,0.5855400437691199,1.0
T250_OUTER_04,University of Southern Denmark / Russian Academy of Sciences study,SEQUENCE_RIDGE_FULL,0.1,T_D3_178,0.7807200583588266,1.0
T250_OUTER_04,University of Southern Denmark / Russian Academy of Sciences study,SEQUENCE_RIDGE_FULL,0.1,T_D3_198,0.5229975846277625,1.0
T250_OUTER_04,University of Southern Denmark / Russian Academy of Sciences study,SEQUENCE_RIDGE_FULL,0.1,__MEAN__,0.7480469766926733,1.0
T250_OUTER_04,University of Southern Denmark / Russian Academy of Sciences study,SEQUENCE_RIDGE_FULL,1.0,PT_D1_16,0.788009048074417,1.0
T250_OUTER_04,University of Southern Denmark / Russian Academy of Sciences study,SEQUENCE_RIDGE_FULL,1.0,PT_D1_18,0.5217939320872036,1.0
T250_OUTER_04,University of Southern Denmark / Russian Academy of Sciences study,SEQUENCE_RIDGE_FULL,1.0,PT_D1_20,0.9561828874675149,1.0
T250_OUTER_04,University of Southern Denmark / Russian Academy of Sciences study,SEQUENCE_RIDGE_FULL,1.0,PT_D1_23,0.6605782590758164,1.0
T250_OUTER_04,University of Southern Denmark / Russian Academy of Sciences study,SEQUENCE_RIDGE_FULL,1.0,PT_D1_33,0.8501886852920228,1.0
T250_OUTER_04,University of Southern Denmark / Russian Academy of Sciences study,SEQUENCE_RIDGE_FULL,1.0,PT_D1_34,0.5855400437691199,1.0
T250_OUTER_04,University of Southern Denmark / Russian Academy of Sciences study,SEQUENCE_RIDGE_FULL,1.0,PT_D1_48,0.49696992650327754,1.0
T250_OUTER_04,University of Southern Denmark / Russian Academy of Sciences study,SEQUENCE_RIDGE_FULL,1.0,PT_D1_51,0.6780635036208105,1.0
T250_OUTER_04,University of Southern Denmark / Russian Academy of Sciences study,SEQUENCE_RIDGE_FULL,1.0,PT_D1_73,0.5933055656682091,1.0
T250_OUTER_04,University of Southern Denmark / Russian Academy of Sciences study,SEQUENCE_RIDGE_FULL,1.0,PT_D1_81,0.7807200583588266,1.0
T250_OUTER_04,University of Southern Denmark / Russian Academy of Sciences study,SEQUENCE_RIDGE_FULL,1.0,PT_D3_06,0.6831300510639733,1.0
T250_OUTER_04,University of Southern Denmark / Russian Academy of Sciences study,SEQUENCE_RIDGE_FULL,1.0,PT_D3_14,0.5855400437691199,1.0
T250_OUTER_04,University of Southern Denmark / Russian Academy of Sciences study,SEQUENCE_RIDGE_FULL,1.0,PT_D3_22,0.5946187253790689,1.0
T250_OUTER_04,University of Southern Denmark / Russian Academy of Sciences study,SEQUENCE_RIDGE_FULL,1.0,PT_D3_28,0.9856107606091623,1.0
T250_OUTER_04,University of Southern Denmark / Russian Academy of Sciences study,SEQUENCE_RIDGE_FULL,1.0,PT_D3_30,0.6425304545837554,1.0
T250_OUTER_04,University of Southern Denmark / Russian Academy of Sciences study,SEQUENCE_RIDGE_FULL,1.0,PT_D3_37,0.7319250547113999,1.0
T250_OUTER_04,University of Southern Denmark / Russian Academy of Sciences study,SEQUENCE_RIDGE_FULL,1.0,PT_D3_41,0.5690229011161231,1.0
T250_OUTER_04,University of Southern Denmark / Russian Academy of Sciences study,SEQUENCE_RIDGE_FULL,1.0,PT_D3_42,0.8295150620062532,1.0
T250_OUTER_04,University of Southern Denmark / Russian Academy of Sciences study,SEQUENCE_RIDGE_FULL,1.0,PT_D3_85,0.47809144373375745,1.0
T250_OUTER_04,University of Southern Denmark / Russian Academy of Sciences study,SEQUENCE_RIDGE_FULL,1.0,PT_D3_96,0.7807200583588266,1.0
T250_OUTER_04,University of Southern Denmark / Russian Academy of Sciences study,SEQUENCE_RIDGE_FULL,1.0,R4_EDINBURGH_SGO_20210324_6pm_KostarelosK_OkweloguE_EO10,0.8857142857142857,1.0
T250_OUTER_04,University of Southern Denmark / Russian Academy of Sciences study,SEQUENCE_RIDGE_FULL,1.0,R4_EDINBURGH_SGO_20210324_6pm_KostarelosK_OkweloguE_EO103,0.7714285714285715,1.0
T250_OUTER_04,University of Southern Denmark / Russian Academy of Sciences study,SEQUENCE_RIDGE_FULL,1.0,R4_EDINBURGH_SGO_20210324_6pm_KostarelosK_OkweloguE_EO105,0.8285714285714286,1.0
T250_OUTER_04,University of Southern Denmark / Russian Academy of Sciences study,SEQUENCE_RIDGE_FULL,1.0,R4_EDINBURGH_SGO_20210324_6pm_KostarelosK_OkweloguE_EO107,0.7714285714285715,1.0
T250_OUTER_04,University of Southern Denmark / Russian Academy of Sciences study,SEQUENCE_RIDGE_FULL,1.0,R4_EDINBURGH_SGO_20210324_6pm_KostarelosK_OkweloguE_EO113,0.9428571428571428,1.0
T250_OUTER_04,University of Southern Denmark / Russian Academy of Sciences study,SEQUENCE_RIDGE_FULL,1.0,R4_EDINBURGH_SGO_20210324_6pm_KostarelosK_OkweloguE_EO116,0.4,1.0
T250_OUTER_04,University of Southern Denmark / Russian Academy of Sciences study,SEQUENCE_RIDGE_FULL,1.0,R4_EDINBURGH_SGO_20210324_6pm_KostarelosK_OkweloguE_EO12,0.8,1.0
T250_OUTER_04,University of Southern Denmark / Russian Academy of Sciences study,SEQUENCE_RIDGE_FULL,1.0,R4_EDINBURGH_SGO_20210324_6pm_KostarelosK_OkweloguE_EO16,0.9,1.0
T250_OUTER_04,University of Southern Denmark / Russian Academy of Sciences study,SEQUENCE_RIDGE_FULL,1.0,R4_EDINBURGH_SGO_20210324_6pm_KostarelosK_OkweloguE_EO21,0.37142857142857144,1.0
T250_OUTER_04,University of Southern Denmark / Russian Academy of Sciences study,SEQUENCE_RIDGE_FULL,1.0,R4_EDINBURGH_SGO_20210324_6pm_KostarelosK_OkweloguE_EO24,0.9428571428571428,1.0
T250_OUTER_04,University of Southern Denmark / Russian Academy of Sciences study,SEQUENCE_RIDGE_FULL,1.0,R4_EDINBURGH_SGO_20210324_6pm_KostarelosK_OkweloguE_EO31,0.7142857142857143,1.0
T250_OUTER_04,University of Southern Denmark / Russian Academy of Sciences study,SEQUENCE_RIDGE_FULL,1.0,R4_EDINBURGH_SGO_20210324_6pm_KostarelosK_OkweloguE_EO34,0.14285714285714285,1.0
T250_OUTER_04,University of Southern Denmark / Russian Academy of Sciences study,SEQUENCE_RIDGE_FULL,1.0,R4_EDINBURGH_SGO_20210324_6pm_KostarelosK_OkweloguE_EO4,0.8857142857142857,1.0
T250_OUTER_04,University of Southern Denmark / Russian Academy of Sciences study,SEQUENCE_RIDGE_FULL,1.0,R4_EDINBURGH_SGO_20210324_6pm_KostarelosK_OkweloguE_EO43,0.6,1.0
T250_OUTER_04,University of Southern Denmark / Russian Academy of Sciences study,SEQUENCE_RIDGE_FULL,1.0,R4_EDINBURGH_SGO_20210324_6pm_KostarelosK_OkweloguE_EO52,0.7714285714285715,1.0
T250_OUTER_04,University of Southern Denmark / Russian Academy of Sciences study,SEQUENCE_RIDGE_FULL,1.0,R4_EDINBURGH_SGO_20210324_6pm_KostarelosK_OkweloguE_EO64,0.8857142857142857,1.0
T250_OUTER_04,University of Southern Denmark / Russian Academy of Sciences study,SEQUENCE_RIDGE_FULL,1.0,R4_EDINBURGH_SGO_20210324_6pm_KostarelosK_OkweloguE_EO66,0.8285714285714286,1.0
T250_OUTER_04,University of Southern Denmark / Russian Academy of Sciences study,SEQUENCE_RIDGE_FULL,1.0,R4_EDINBURGH_SGO_20210324_6pm_KostarelosK_OkweloguE_EO73,0.9428571428571428,1.0
T250_OUTER_04,University of Southern Denmark / Russian Academy of Sciences study,SEQUENCE_RIDGE_FULL,1.0,R4_EDINBURGH_SGO_20210324_6pm_KostarelosK_OkweloguE_EO83,0.9428571428571428,1.0
T250_OUTER_04,University of Southern Denmark / Russian Academy of Sciences study,SEQUENCE_RIDGE_FULL,1.0,R4_EDINBURGH_SGO_20210324_6pm_KostarelosK_OkweloguE_EO88,0.3,1.0
T250_OUTER_04,University of Southern Denmark / Russian Academy of Sciences study,SEQUENCE_RIDGE_FULL,1.0,R4_EDINBURGH_SGO_20210324_6pm_KostarelosK_OkweloguE_EO94,0.8285714285714286,1.0
T250_OUTER_04,University of Southern Denmark / Russian Academy of Sciences study,SEQUENCE_RIDGE_FULL,1.0,R4_EDINBURGH_SGO_20210324_6pm_KostarelosK_OkweloguE_EO96,0.9428571428571428,1.0
T250_OUTER_04,University of Southern Denmark / Russian Academy of Sciences study,SEQUENCE_RIDGE_FULL,1.0,R4_EDINBURGH_SGO_20210324_6pm_KostarelosK_OkweloguE_EO97,0.8285714285714286,1.0
T250_OUTER_04,University of Southern Denmark / Russian Academy of Sciences study,SEQUENCE_RIDGE_FULL,1.0,R4_EDINBURGH_USGO_20210324_6pm_KostarelosK_OkweloguE_EO106,0.8214285714285714,1.0
T250_OUTER_04,University of Southern Denmark / Russian Academy of Sciences study,SEQUENCE_RIDGE_FULL,1.0,R4_EDINBURGH_USGO_20210324_6pm_KostarelosK_OkweloguE_EO11,0.7857142857142857,1.0
T250_OUTER_04,University of Southern Denmark / Russian Academy of Sciences study,SEQUENCE_RIDGE_FULL,1.0,R4_EDINBURGH_USGO_20210324_6pm_KostarelosK_OkweloguE_EO111,0.7857142857142857,1.0
T250_OUTER_04,University of Southern Denmark / Russian Academy of Sciences study,SEQUENCE_RIDGE_FULL,1.0,R4_EDINBURGH_USGO_20210324_6pm_KostarelosK_OkweloguE_EO112,0.7142857142857143,1.0
T250_OUTER_04,University of Southern Denmark / Russian Academy of Sciences study,SEQUENCE_RIDGE_FULL,1.0,R4_EDINBURGH_USGO_20210324_6pm_KostarelosK_OkweloguE_EO115,0.8928571428571429,1.0
T250_OUTER_04,University of Southern Denmark / Russian Academy of Sciences study,SEQUENCE_RIDGE_FULL,1.0,R4_EDINBURGH_USGO_20210324_6pm_KostarelosK_OkweloguE_EO120,0.8928571428571429,1.0
T250_OUTER_04,University of Southern Denmark / Russian Academy of Sciences study,SEQUENCE_RIDGE_FULL,1.0,R4_EDINBURGH_USGO_20210324_6pm_KostarelosK_OkweloguE_EO121,0.5357142857142857,1.0
T250_OUTER_04,University of Southern Denmark / Russian Academy of Sciences study,SEQUENCE_RIDGE_FULL,1.0,R4_EDINBURGH_USGO_20210324_6pm_KostarelosK_OkweloguE_EO125,0.9642857142857143,1.0
T250_OUTER_04,University of Southern Denmark / Russian Academy of Sciences study,SEQUENCE_RIDGE_FULL,1.0,R4_EDINBURGH_USGO_20210324_6pm_KostarelosK_OkweloguE_EO126,0.7857142857142857,1.0
T250_OUTER_04,University of Southern Denmark / Russian Academy of Sciences study,SEQUENCE_RIDGE_FULL,1.0,R4_EDINBURGH_USGO_20210324_6pm_KostarelosK_OkweloguE_EO13,0.8285714285714286,1.0
T250_OUTER_04,University of Southern Denmark / Russian Academy of Sciences study,SEQUENCE_RIDGE_FULL,1.0,R4_EDINBURGH_USGO_20210324_6pm_KostarelosK_OkweloguE_EO26,0.7714285714285715,1.0
T250_OUTER_04,University of Southern Denmark / Russian Academy of Sciences study,SEQUENCE_RIDGE_FULL,1.0,R4_EDINBURGH_USGO_20210324_6pm_KostarelosK_OkweloguE_EO36,1.0,1.0
T250_OUTER_04,University of Southern Denmark / Russian Academy of Sciences study,SEQUENCE_RIDGE_FULL,1.0,R4_EDINBURGH_USGO_20210324_6pm_KostarelosK_OkweloguE_EO40,0.8857142857142857,1.0
T250_OUTER_04,University of Southern Denmark / Russian Academy of Sciences study,SEQUENCE_RIDGE_FULL,1.0,R4_EDINBURGH_USGO_20210324_6pm_KostarelosK_OkweloguE_EO42,0.9428571428571428,1.0
T250_OUTER_04,University of Southern Denmark / Russian Academy of Sciences study,SEQUENCE_RIDGE_FULL,1.0,R4_EDINBURGH_USGO_20210324_6pm_KostarelosK_OkweloguE_EO44,0.8285714285714286,1.0
T250_OUTER_04,University of Southern Denmark / Russian Academy of Sciences study,SEQUENCE_RIDGE_FULL,1.0,R4_EDINBURGH_USGO_20210324_6pm_KostarelosK_OkweloguE_EO5,0.8928571428571429,1.0
T250_OUTER_04,University of Southern Denmark / Russian Academy of Sciences study,SEQUENCE_RIDGE_FULL,1.0,R4_EDINBURGH_USGO_20210324_6pm_KostarelosK_OkweloguE_EO50,0.7857142857142857,1.0
T250_OUTER_04,University of Southern Denmark / Russian Academy of Sciences study,SEQUENCE_RIDGE_FULL,1.0,R4_EDINBURGH_USGO_20210324_6pm_KostarelosK_OkweloguE_EO53,0.7714285714285715,1.0
T250_OUTER_04,University of Southern Denmark / Russian Academy of Sciences study,SEQUENCE_RIDGE_FULL,1.0,R4_EDINBURGH_USGO_20210324_6pm_KostarelosK_OkweloguE_EO60,0.9428571428571428,1.0
T250_OUTER_04,University of Southern Denmark / Russian Academy of Sciences study,SEQUENCE_RIDGE_FULL,1.0,R4_EDINBURGH_USGO_20210324_6pm_KostarelosK_OkweloguE_EO62,0.25,1.0
T250_OUTER_04,University of Southern Denmark / Russian Academy of Sciences study,SEQUENCE_RIDGE_FULL,1.0,R4_EDINBURGH_USGO_20210324_6pm_KostarelosK_OkweloguE_EO69,0.8214285714285714,1.0
T250_OUTER_04,University of Southern Denmark / Russian Academy of Sciences study,SEQUENCE_RIDGE_FULL,1.0,R4_EDINBURGH_USGO_20210324_6pm_KostarelosK_OkweloguE_EO76,0.4642857142857143,1.0
T250_OUTER_04,University of Southern Denmark / Russian Academy of Sciences study,SEQUENCE_RIDGE_FULL,1.0,R4_EDINBURGH_USGO_20210324_6pm_KostarelosK_OkweloguE_EO77,0.7142857142857143,1.0
T250_OUTER_04,University of Southern Denmark / Russian Academy of Sciences study,SEQUENCE_RIDGE_FULL,1.0,R4_EDINBURGH_USGO_20210324_6pm_KostarelosK_OkweloguE_EO79,0.7142857142857143,1.0
T250_OUTER_04,University of Southern Denmark / Russian Academy of Sciences study,SEQUENCE_RIDGE_FULL,1.0,R4_EDINBURGH_USGO_20210324_6pm_KostarelosK_OkweloguE_EO86,0.9285714285714286,1.0
T250_OUTER_04,University of Southern Denmark / Russian Academy of Sciences study,SEQUENCE_RIDGE_FULL,1.0,R4_EDINBURGH_USGO_20210324_6pm_KostarelosK_OkweloguE_EO87,0.8214285714285714,1.0
T250_OUTER_04,University of Southern Denmark / Russian Academy of Sciences study,SEQUENCE_RIDGE_FULL,1.0,R4_PXD060795_F1,0.9285714285714286,1.0
T250_OUTER_04,University of Southern Denmark / Russian Academy of Sciences study,SEQUENCE_RIDGE_FULL,1.0,R4_PXD060795_F2,0.9285714285714286,1.0
T250_OUTER_04,University of Southern Denmark / Russian Academy of Sciences study,SEQUENCE_RIDGE_FULL,1.0,R4_PXD060795_F3,0.9285714285714286,1.0
T250_OUTER_04,University of Southern Denmark / Russian Academy of Sciences study,SEQUENCE_RIDGE_FULL,1.0,R4_PXD060795_F7,0.8214285714285714,1.0
T250_OUTER_04,University of Southern Denmark / Russian Academy of Sciences study,SEQUENCE_RIDGE_FULL,1.0,R4_PXD060795_F8,0.8857142857142857,1.0
T250_OUTER_04,University of Southern Denmark / Russian Academy of Sciences study,SEQUENCE_RIDGE_FULL,1.0,R4_PXD060795_F9,0.7714285714285715,1.0
T250_OUTER_04,University of Southern Denmark / Russian Academy of Sciences study,SEQUENCE_RIDGE_FULL,1.0,T_D1_133,0.5855400437691199,1.0
T250_OUTER_04,University of Southern Denmark / Russian Academy of Sciences study,SEQUENCE_RIDGE_FULL,1.0,T_D1_138,0.8829187134416477,1.0
T250_OUTER_04,University of Southern Denmark / Russian Academy of Sciences study,SEQUENCE_RIDGE_FULL,1.0,T_D1_165,0.7807200583588266,1.0
T250_OUTER_04,University of Southern Denmark / Russian Academy of Sciences study,SEQUENCE_RIDGE_FULL,1.0,T_D1_173,0.9271050693011066,1.0
T250_OUTER_04,University of Southern Denmark / Russian Academy of Sciences study,SEQUENCE_RIDGE_FULL,1.0,T_D1_186,0.6780635036208105,1.0
T250_OUTER_04,University of Southern Denmark / Russian Academy of Sciences study,SEQUENCE_RIDGE_FULL,1.0,T_D3_119a,0.5424508028966484,1.0
T250_OUTER_04,University of Southern Denmark / Russian Academy of Sciences study,SEQUENCE_RIDGE_FULL,1.0,T_D3_119b,0.5424508028966484,1.0
T250_OUTER_04,University of Southern Denmark / Russian Academy of Sciences study,SEQUENCE_RIDGE_FULL,1.0,T_D3_155,0.5855400437691199,1.0
T250_OUTER_04,University of Southern Denmark / Russian Academy of Sciences study,SEQUENCE_RIDGE_FULL,1.0,T_D3_178,0.7807200583588266,1.0
T250_OUTER_04,University of Southern Denmark / Russian Academy of Sciences study,SEQUENCE_RIDGE_FULL,1.0,T_D3_198,0.5229975846277625,1.0
T250_OUTER_04,University of Southern Denmark / Russian Academy of Sciences study,SEQUENCE_RIDGE_FULL,1.0,__MEAN__,0.7488973815529818,1.0
T250_OUTER_04,University of Southern Denmark / Russian Academy of Sciences study,SEQUENCE_RIDGE_FULL,10.0,PT_D1_16,0.788009048074417,1.0
T250_OUTER_04,University of Southern Denmark / Russian Academy of Sciences study,SEQUENCE_RIDGE_FULL,10.0,PT_D1_18,0.5002164033860247,1.0
T250_OUTER_04,University of Southern Denmark / Russian Academy of Sciences study,SEQUENCE_RIDGE_FULL,10.0,PT_D1_20,0.9710083124552245,1.0
T250_OUTER_04,University of Southern Denmark / Russian Academy of Sciences study,SEQUENCE_RIDGE_FULL,10.0,PT_D1_23,0.6646465023178235,1.0
T250_OUTER_04,University of Southern Denmark / Russian Academy of Sciences study,SEQUENCE_RIDGE_FULL,10.0,PT_D1_33,0.8318392892065836,1.0
T250_OUTER_04,University of Southern Denmark / Russian Academy of Sciences study,SEQUENCE_RIDGE_FULL,10.0,PT_D1_34,0.5855400437691199,1.0
T250_OUTER_04,University of Southern Denmark / Russian Academy of Sciences study,SEQUENCE_RIDGE_FULL,10.0,PT_D1_48,0.4923659639173309,1.0
T250_OUTER_04,University of Southern Denmark / Russian Academy of Sciences study,SEQUENCE_RIDGE_FULL,10.0,PT_D1_51,0.6780635036208105,1.0
T250_OUTER_04,University of Southern Denmark / Russian Academy of Sciences study,SEQUENCE_RIDGE_FULL,10.0,PT_D1_73,0.5933055656682091,1.0
T250_OUTER_04,University of Southern Denmark / Russian Academy of Sciences study,SEQUENCE_RIDGE_FULL,10.0,PT_D1_81,0.7807200583588266,1.0
T250_OUTER_04,University of Southern Denmark / Russian Academy of Sciences study,SEQUENCE_RIDGE_FULL,10.0,PT_D3_06,0.6831300510639733,1.0
T250_OUTER_04,University of Southern Denmark / Russian Academy of Sciences study,SEQUENCE_RIDGE_FULL,10.0,PT_D3_14,0.5855400437691199,1.0
T250_OUTER_04,University of Southern Denmark / Russian Academy of Sciences study,SEQUENCE_RIDGE_FULL,10.0,PT_D3_22,0.5455447255899809,1.0
T250_OUTER_04,University of Southern Denmark / Russian Academy of Sciences study,SEQUENCE_RIDGE_FULL,10.0,PT_D3_28,0.9710083124552245,1.0
T250_OUTER_04,University of Southern Denmark / Russian Academy of Sciences study,SEQUENCE_RIDGE_FULL,10.0,PT_D3_30,0.6425304545837554,1.0
T250_OUTER_04,University of Southern Denmark / Russian Academy of Sciences study,SEQUENCE_RIDGE_FULL,10.0,PT_D3_37,0.7319250547113999,1.0
T250_OUTER_04,University of Southern Denmark / Russian Academy of Sciences study,SEQUENCE_RIDGE_FULL,10.0,PT_D3_41,0.5455447255899809,1.0
T250_OUTER_04,University of Southern Denmark / Russian Academy of Sciences study,SEQUENCE_RIDGE_FULL,10.0,PT_D3_42,0.8295150620062532,1.0
T250_OUTER_04,University of Southern Denmark / Russian Academy of Sciences study,SEQUENCE_RIDGE_FULL,10.0,PT_D3_85,0.47809144373375745,1.0
T250_OUTER_04,University of Southern Denmark / Russian Academy of Sciences study,SEQUENCE_RIDGE_FULL,10.0,PT_D3_96,0.7807200583588266,1.0
T250_OUTER_04,University of Southern Denmark / Russian Academy of Sciences study,SEQUENCE_RIDGE_FULL,10.0,R4_EDINBURGH_SGO_20210324_6pm_KostarelosK_OkweloguE_EO10,0.8857142857142857,1.0
T250_OUTER_04,University of Southern Denmark / Russian Academy of Sciences study,SEQUENCE_RIDGE_FULL,10.0,R4_EDINBURGH_SGO_20210324_6pm_KostarelosK_OkweloguE_EO103,0.7714285714285715,1.0
T250_OUTER_04,University of Southern Denmark / Russian Academy of Sciences study,SEQUENCE_RIDGE_FULL,10.0,R4_EDINBURGH_SGO_20210324_6pm_KostarelosK_OkweloguE_EO105,0.8285714285714286,1.0
T250_OUTER_04,University of Southern Denmark / Russian Academy of Sciences study,SEQUENCE_RIDGE_FULL,10.0,R4_EDINBURGH_SGO_20210324_6pm_KostarelosK_OkweloguE_EO107,0.7714285714285715,1.0
T250_OUTER_04,University of Southern Denmark / Russian Academy of Sciences study,SEQUENCE_RIDGE_FULL,10.0,R4_EDINBURGH_SGO_20210324_6pm_KostarelosK_OkweloguE_EO113,0.9428571428571428,1.0
T250_OUTER_04,University of Southern Denmark / Russian Academy of Sciences study,SEQUENCE_RIDGE_FULL,10.0,R4_EDINBURGH_SGO_20210324_6pm_KostarelosK_OkweloguE_EO116,0.4,1.0
T250_OUTER_04,University of Southern Denmark / Russian Academy of Sciences study,SEQUENCE_RIDGE_FULL,10.0,R4_EDINBURGH_SGO_20210324_6pm_KostarelosK_OkweloguE_EO12,0.8,1.0
T250_OUTER_04,University of Southern Denmark / Russian Academy of Sciences study,SEQUENCE_RIDGE_FULL,10.0,R4_EDINBURGH_SGO_20210324_6pm_KostarelosK_OkweloguE_EO16,0.9,1.0
T250_OUTER_04,University of Southern Denmark / Russian Academy of Sciences study,SEQUENCE_RIDGE_FULL,10.0,R4_EDINBURGH_SGO_20210324_6pm_KostarelosK_OkweloguE_EO21,0.37142857142857144,1.0
T250_OUTER_04,University of Southern Denmark / Russian Academy of Sciences study,SEQUENCE_RIDGE_FULL,10.0,R4_EDINBURGH_SGO_20210324_6pm_KostarelosK_OkweloguE_EO24,0.9428571428571428,1.0
T250_OUTER_04,University of Southern Denmark / Russian Academy of Sciences study,SEQUENCE_RIDGE_FULL,10.0,R4_EDINBURGH_SGO_20210324_6pm_KostarelosK_OkweloguE_EO31,0.7142857142857143,1.0
T250_OUTER_04,University of Southern Denmark / Russian Academy of Sciences study,SEQUENCE_RIDGE_FULL,10.0,R4_EDINBURGH_SGO_20210324_6pm_KostarelosK_OkweloguE_EO34,0.14285714285714285,1.0
T250_OUTER_04,University of Southern Denmark / Russian Academy of Sciences study,SEQUENCE_RIDGE_FULL,10.0,R4_EDINBURGH_SGO_20210324_6pm_KostarelosK_OkweloguE_EO4,0.8857142857142857,1.0
T250_OUTER_04,University of Southern Denmark / Russian Academy of Sciences study,SEQUENCE_RIDGE_FULL,10.0,R4_EDINBURGH_SGO_20210324_6pm_KostarelosK_OkweloguE_EO43,0.6,1.0
T250_OUTER_04,University of Southern Denmark / Russian Academy of Sciences study,SEQUENCE_RIDGE_FULL,10.0,R4_EDINBURGH_SGO_20210324_6pm_KostarelosK_OkweloguE_EO52,0.7714285714285715,1.0
T250_OUTER_04,University of Southern Denmark / Russian Academy of Sciences study,SEQUENCE_RIDGE_FULL,10.0,R4_EDINBURGH_SGO_20210324_6pm_KostarelosK_OkweloguE_EO64,0.8857142857142857,1.0
T250_OUTER_04,University of Southern Denmark / Russian Academy of Sciences study,SEQUENCE_RIDGE_FULL,10.0,R4_EDINBURGH_SGO_20210324_6pm_KostarelosK_OkweloguE_EO66,0.8285714285714286,1.0
T250_OUTER_04,University of Southern Denmark / Russian Academy of Sciences study,SEQUENCE_RIDGE_FULL,10.0,R4_EDINBURGH_SGO_20210324_6pm_KostarelosK_OkweloguE_EO73,0.9428571428571428,1.0
T250_OUTER_04,University of Southern Denmark / Russian Academy of Sciences study,SEQUENCE_RIDGE_FULL,10.0,R4_EDINBURGH_SGO_20210324_6pm_KostarelosK_OkweloguE_EO83,0.9428571428571428,1.0
T250_OUTER_04,University of Southern Denmark / Russian Academy of Sciences study,SEQUENCE_RIDGE_FULL,10.0,R4_EDINBURGH_SGO_20210324_6pm_KostarelosK_OkweloguE_EO88,0.3,1.0
T250_OUTER_04,University of Southern Denmark / Russian Academy of Sciences study,SEQUENCE_RIDGE_FULL,10.0,R4_EDINBURGH_SGO_20210324_6pm_KostarelosK_OkweloguE_EO94,0.8285714285714286,1.0
T250_OUTER_04,University of Southern Denmark / Russian Academy of Sciences study,SEQUENCE_RIDGE_FULL,10.0,R4_EDINBURGH_SGO_20210324_6pm_KostarelosK_OkweloguE_EO96,0.9428571428571428,1.0
T250_OUTER_04,University of Southern Denmark / Russian Academy of Sciences study,SEQUENCE_RIDGE_FULL,10.0,R4_EDINBURGH_SGO_20210324_6pm_KostarelosK_OkweloguE_EO97,0.8285714285714286,1.0
T250_OUTER_04,University of Southern Denmark / Russian Academy of Sciences study,SEQUENCE_RIDGE_FULL,10.0,R4_EDINBURGH_USGO_20210324_6pm_KostarelosK_OkweloguE_EO106,0.8214285714285714,1.0
T250_OUTER_04,University of Southern Denmark / Russian Academy of Sciences study,SEQUENCE_RIDGE_FULL,10.0,R4_EDINBURGH_USGO_20210324_6pm_KostarelosK_OkweloguE_EO11,0.7857142857142857,1.0
T250_OUTER_04,University of Southern Denmark / Russian Academy of Sciences study,SEQUENCE_RIDGE_FULL,10.0,R4_EDINBURGH_USGO_20210324_6pm_KostarelosK_OkweloguE_EO111,0.7857142857142857,1.0
T250_OUTER_04,University of Southern Denmark / Russian Academy of Sciences study,SEQUENCE_RIDGE_FULL,10.0,R4_EDINBURGH_USGO_20210324_6pm_KostarelosK_OkweloguE_EO112,0.7142857142857143,1.0
T250_OUTER_04,University of Southern Denmark / Russian Academy of Sciences study,SEQUENCE_RIDGE_FULL,10.0,R4_EDINBURGH_USGO_20210324_6pm_KostarelosK_OkweloguE_EO115,0.8928571428571429,1.0
T250_OUTER_04,University of Southern Denmark / Russian Academy of Sciences study,SEQUENCE_RIDGE_FULL,10.0,R4_EDINBURGH_USGO_20210324_6pm_KostarelosK_OkweloguE_EO120,0.8928571428571429,1.0
T250_OUTER_04,University of Southern Denmark / Russian Academy of Sciences study,SEQUENCE_RIDGE_FULL,10.0,R4_EDINBURGH_USGO_20210324_6pm_KostarelosK_OkweloguE_EO121,0.5357142857142857,1.0
T250_OUTER_04,University of Southern Denmark / Russian Academy of Sciences study,SEQUENCE_RIDGE_FULL,10.0,R4_EDINBURGH_USGO_20210324_6pm_KostarelosK_OkweloguE_EO125,0.9642857142857143,1.0
T250_OUTER_04,University of Southern Denmark / Russian Academy of Sciences study,SEQUENCE_RIDGE_FULL,10.0,R4_EDINBURGH_USGO_20210324_6pm_KostarelosK_OkweloguE_EO126,0.7857142857142857,1.0
T250_OUTER_04,University of Southern Denmark / Russian Academy of Sciences study,SEQUENCE_RIDGE_FULL,10.0,R4_EDINBURGH_USGO_20210324_6pm_KostarelosK_OkweloguE_EO13,0.8285714285714286,1.0
T250_OUTER_04,University of Southern Denmark / Russian Academy of Sciences study,SEQUENCE_RIDGE_FULL,10.0,R4_EDINBURGH_USGO_20210324_6pm_KostarelosK_OkweloguE_EO26,0.7714285714285715,1.0
T250_OUTER_04,University of Southern Denmark / Russian Academy of Sciences study,SEQUENCE_RIDGE_FULL,10.0,R4_EDINBURGH_USGO_20210324_6pm_KostarelosK_OkweloguE_EO36,1.0,1.0
T250_OUTER_04,University of Southern Denmark / Russian Academy of Sciences study,SEQUENCE_RIDGE_FULL,10.0,R4_EDINBURGH_USGO_20210324_6pm_KostarelosK_OkweloguE_EO40,0.8857142857142857,1.0
T250_OUTER_04,University of Southern Denmark / Russian Academy of Sciences study,SEQUENCE_RIDGE_FULL,10.0,R4_EDINBURGH_USGO_20210324_6pm_KostarelosK_OkweloguE_EO42,0.9428571428571428,1.0
T250_OUTER_04,University of Southern Denmark / Russian Academy of Sciences study,SEQUENCE_RIDGE_FULL,10.0,R4_EDINBURGH_USGO_20210324_6pm_KostarelosK_OkweloguE_EO44,0.8285714285714286,1.0
T250_OUTER_04,University of Southern Denmark / Russian Academy of Sciences study,SEQUENCE_RIDGE_FULL,10.0,R4_EDINBURGH_USGO_20210324_6pm_KostarelosK_OkweloguE_EO5,0.8928571428571429,1.0
T250_OUTER_04,University of Southern Denmark / Russian Academy of Sciences study,SEQUENCE_RIDGE_FULL,10.0,R4_EDINBURGH_USGO_20210324_6pm_KostarelosK_OkweloguE_EO50,0.7857142857142857,1.0
T250_OUTER_04,University of Southern Denmark / Russian Academy of Sciences study,SEQUENCE_RIDGE_FULL,10.0,R4_EDINBURGH_USGO_20210324_6pm_KostarelosK_OkweloguE_EO53,0.7714285714285715,1.0
T250_OUTER_04,University of Southern Denmark / Russian Academy of Sciences study,SEQUENCE_RIDGE_FULL,10.0,R4_EDINBURGH_USGO_20210324_6pm_KostarelosK_OkweloguE_EO60,0.9428571428571428,1.0
T250_OUTER_04,University of Southern Denmark / Russian Academy of Sciences study,SEQUENCE_RIDGE_FULL,10.0,R4_EDINBURGH_USGO_20210324_6pm_KostarelosK_OkweloguE_EO62,0.25,1.0
T250_OUTER_04,University of Southern Denmark / Russian Academy of Sciences study,SEQUENCE_RIDGE_FULL,10.0,R4_EDINBURGH_USGO_20210324_6pm_KostarelosK_OkweloguE_EO69,0.8214285714285714,1.0
T250_OUTER_04,University of Southern Denmark / Russian Academy of Sciences study,SEQUENCE_RIDGE_FULL,10.0,R4_EDINBURGH_USGO_20210324_6pm_KostarelosK_OkweloguE_EO76,0.4642857142857143,1.0
T250_OUTER_04,University of Southern Denmark / Russian Academy of Sciences study,SEQUENCE_RIDGE_FULL,10.0,R4_EDINBURGH_USGO_20210324_6pm_KostarelosK_OkweloguE_EO77,0.7142857142857143,1.0
T250_OUTER_04,University of Southern Denmark / Russian Academy of Sciences study,SEQUENCE_RIDGE_FULL,10.0,R4_EDINBURGH_USGO_20210324_6pm_KostarelosK_OkweloguE_EO79,0.7142857142857143,1.0
T250_OUTER_04,University of Southern Denmark / Russian Academy of Sciences study,SEQUENCE_RIDGE_FULL,10.0,R4_EDINBURGH_USGO_20210324_6pm_KostarelosK_OkweloguE_EO86,0.9285714285714286,1.0
T250_OUTER_04,University of Southern Denmark / Russian Academy of Sciences study,SEQUENCE_RIDGE_FULL,10.0,R4_EDINBURGH_USGO_20210324_6pm_KostarelosK_OkweloguE_EO87,0.8214285714285714,1.0
T250_OUTER_04,University of Southern Denmark / Russian Academy of Sciences study,SEQUENCE_RIDGE_FULL,10.0,R4_PXD060795_F1,0.9285714285714286,1.0
T250_OUTER_04,University of Southern Denmark / Russian Academy of Sciences study,SEQUENCE_RIDGE_FULL,10.0,R4_PXD060795_F2,0.9285714285714286,1.0
T250_OUTER_04,University of Southern Denmark / Russian Academy of Sciences study,SEQUENCE_RIDGE_FULL,10.0,R4_PXD060795_F3,0.9285714285714286,1.0
T250_OUTER_04,University of Southern Denmark / Russian Academy of Sciences study,SEQUENCE_RIDGE_FULL,10.0,R4_PXD060795_F7,0.8214285714285714,1.0
T250_OUTER_04,University of Southern Denmark / Russian Academy of Sciences study,SEQUENCE_RIDGE_FULL,10.0,R4_PXD060795_F8,0.8857142857142857,1.0
T250_OUTER_04,University of Southern Denmark / Russian Academy of Sciences study,SEQUENCE_RIDGE_FULL,10.0,R4_PXD060795_F9,0.7714285714285715,1.0
T250_OUTER_04,University of Southern Denmark / Russian Academy of Sciences study,SEQUENCE_RIDGE_FULL,10.0,T_D1_133,0.5855400437691199,1.0
T250_OUTER_04,University of Southern Denmark / Russian Academy of Sciences study,SEQUENCE_RIDGE_FULL,10.0,T_D1_138,0.8365019125713041,1.0
T250_OUTER_04,University of Southern Denmark / Russian Academy of Sciences study,SEQUENCE_RIDGE_FULL,10.0,T_D1_165,0.7807200583588266,1.0
T250_OUTER_04,University of Southern Denmark / Russian Academy of Sciences study,SEQUENCE_RIDGE_FULL,10.0,T_D1_173,0.9271050693011066,1.0
T250_OUTER_04,University of Southern Denmark / Russian Academy of Sciences study,SEQUENCE_RIDGE_FULL,10.0,T_D1_186,0.6780635036208105,1.0
T250_OUTER_04,University of Southern Denmark / Russian Academy of Sciences study,SEQUENCE_RIDGE_FULL,10.0,T_D3_119a,0.5424508028966484,1.0
T250_OUTER_04,University of Southern Denmark / Russian Academy of Sciences study,SEQUENCE_RIDGE_FULL,10.0,T_D3_119b,0.5485671571703195,1.0
T250_OUTER_04,University of Southern Denmark / Russian Academy of Sciences study,SEQUENCE_RIDGE_FULL,10.0,T_D3_155,0.5855400437691199,1.0
T250_OUTER_04,University of Southern Denmark / Russian Academy of Sciences study,SEQUENCE_RIDGE_FULL,10.0,T_D3_178,0.7807200583588266,1.0
T250_OUTER_04,University of Southern Denmark / Russian Academy of Sciences study,SEQUENCE_RIDGE_FULL,10.0,T_D3_198,0.5229975846277625,1.0
T250_OUTER_04,University of Southern Denmark / Russian Academy of Sciences study,SEQUENCE_RIDGE_FULL,10.0,__MEAN__,0.7470962957975855,1.0
T250_OUTER_04,University of Southern Denmark / Russian Academy of Sciences study,SEQUENCE_RIDGE_FULL,100.0,PT_D1_16,0.788009048074417,1.0
T250_OUTER_04,University of Southern Denmark / Russian Academy of Sciences study,SEQUENCE_RIDGE_FULL,100.0,PT_D1_18,0.5002164033860247,1.0
T250_OUTER_04,University of Southern Denmark / Russian Academy of Sciences study,SEQUENCE_RIDGE_FULL,100.0,PT_D1_20,0.9561828874675149,1.0
T250_OUTER_04,University of Southern Denmark / Russian Academy of Sciences study,SEQUENCE_RIDGE_FULL,100.0,PT_D1_23,0.6871682934366307,1.0
T250_OUTER_04,University of Southern Denmark / Russian Academy of Sciences study,SEQUENCE_RIDGE_FULL,100.0,PT_D1_33,0.8405540732215929,1.0
T250_OUTER_04,University of Southern Denmark / Russian Academy of Sciences study,SEQUENCE_RIDGE_FULL,100.0,PT_D1_34,0.5855400437691199,1.0
T250_OUTER_04,University of Southern Denmark / Russian Academy of Sciences study,SEQUENCE_RIDGE_FULL,100.0,PT_D1_48,0.5015501596686753,1.0
T250_OUTER_04,University of Southern Denmark / Russian Academy of Sciences study,SEQUENCE_RIDGE_FULL,100.0,PT_D1_51,0.6780635036208105,1.0
T250_OUTER_04,University of Southern Denmark / Russian Academy of Sciences study,SEQUENCE_RIDGE_FULL,100.0,PT_D1_73,0.5933055656682091,1.0
T250_OUTER_04,University of Southern Denmark / Russian Academy of Sciences study,SEQUENCE_RIDGE_FULL,100.0,PT_D1_81,0.7807200583588266,1.0
T250_OUTER_04,University of Southern Denmark / Russian Academy of Sciences study,SEQUENCE_RIDGE_FULL,100.0,PT_D3_06,0.6831300510639733,1.0
T250_OUTER_04,University of Southern Denmark / Russian Academy of Sciences study,SEQUENCE_RIDGE_FULL,100.0,PT_D3_14,0.5855400437691199,1.0
T250_OUTER_04,University of Southern Denmark / Russian Academy of Sciences study,SEQUENCE_RIDGE_FULL,100.0,PT_D3_22,0.5455447255899809,1.0
T250_OUTER_04,University of Southern Denmark / Russian Academy of Sciences study,SEQUENCE_RIDGE_FULL,100.0,PT_D3_28,0.9710083124552245,1.0
T250_OUTER_04,University of Southern Denmark / Russian Academy of Sciences study,SEQUENCE_RIDGE_FULL,100.0,PT_D3_30,0.6425304545837554,1.0
T250_OUTER_04,University of Southern Denmark / Russian Academy of Sciences study,SEQUENCE_RIDGE_FULL,100.0,PT_D3_37,0.7319250547113999,1.0
T250_OUTER_04,University of Southern Denmark / Russian Academy of Sciences study,SEQUENCE_RIDGE_FULL,100.0,PT_D3_41,0.5819143739626463,1.0
T250_OUTER_04,University of Southern Denmark / Russian Academy of Sciences study,SEQUENCE_RIDGE_FULL,100.0,PT_D3_42,0.8295150620062532,1.0
T250_OUTER_04,University of Southern Denmark / Russian Academy of Sciences study,SEQUENCE_RIDGE_FULL,100.0,PT_D3_85,0.47809144373375745,1.0
T250_OUTER_04,University of Southern Denmark / Russian Academy of Sciences study,SEQUENCE_RIDGE_FULL,100.0,PT_D3_96,0.7807200583588266,1.0
T250_OUTER_04,University of Southern Denmark / Russian Academy of Sciences study,SEQUENCE_RIDGE_FULL,100.0,R4_EDINBURGH_SGO_20210324_6pm_KostarelosK_OkweloguE_EO10,0.8857142857142857,1.0
T250_OUTER_04,University of Southern Denmark / Russian Academy of Sciences study,SEQUENCE_RIDGE_FULL,100.0,R4_EDINBURGH_SGO_20210324_6pm_KostarelosK_OkweloguE_EO103,0.7714285714285715,1.0
T250_OUTER_04,University of Southern Denmark / Russian Academy of Sciences study,SEQUENCE_RIDGE_FULL,100.0,R4_EDINBURGH_SGO_20210324_6pm_KostarelosK_OkweloguE_EO105,0.8285714285714286,1.0
T250_OUTER_04,University of Southern Denmark / Russian Academy of Sciences study,SEQUENCE_RIDGE_FULL,100.0,R4_EDINBURGH_SGO_20210324_6pm_KostarelosK_OkweloguE_EO107,0.7714285714285715,1.0
T250_OUTER_04,University of Southern Denmark / Russian Academy of Sciences study,SEQUENCE_RIDGE_FULL,100.0,R4_EDINBURGH_SGO_20210324_6pm_KostarelosK_OkweloguE_EO113,0.9428571428571428,1.0
T250_OUTER_04,University of Southern Denmark / Russian Academy of Sciences study,SEQUENCE_RIDGE_FULL,100.0,R4_EDINBURGH_SGO_20210324_6pm_KostarelosK_OkweloguE_EO116,0.4,1.0
T250_OUTER_04,University of Southern Denmark / Russian Academy of Sciences study,SEQUENCE_RIDGE_FULL,100.0,R4_EDINBURGH_SGO_20210324_6pm_KostarelosK_OkweloguE_EO12,0.8,1.0
T250_OUTER_04,University of Southern Denmark / Russian Academy of Sciences study,SEQUENCE_RIDGE_FULL,100.0,R4_EDINBURGH_SGO_20210324_6pm_KostarelosK_OkweloguE_EO16,0.9,1.0
T250_OUTER_04,University of Southern Denmark / Russian Academy of Sciences study,SEQUENCE_RIDGE_FULL,100.0,R4_EDINBURGH_SGO_20210324_6pm_KostarelosK_OkweloguE_EO21,0.37142857142857144,1.0
T250_OUTER_04,University of Southern Denmark / Russian Academy of Sciences study,SEQUENCE_RIDGE_FULL,100.0,R4_EDINBURGH_SGO_20210324_6pm_KostarelosK_OkweloguE_EO24,0.9428571428571428,1.0
T250_OUTER_04,University of Southern Denmark / Russian Academy of Sciences study,SEQUENCE_RIDGE_FULL,100.0,R4_EDINBURGH_SGO_20210324_6pm_KostarelosK_OkweloguE_EO31,0.7142857142857143,1.0
T250_OUTER_04,University of Southern Denmark / Russian Academy of Sciences study,SEQUENCE_RIDGE_FULL,100.0,R4_EDINBURGH_SGO_20210324_6pm_KostarelosK_OkweloguE_EO34,0.14285714285714285,1.0
T250_OUTER_04,University of Southern Denmark / Russian Academy of Sciences study,SEQUENCE_RIDGE_FULL,100.0,R4_EDINBURGH_SGO_20210324_6pm_KostarelosK_OkweloguE_EO4,0.8857142857142857,1.0
T250_OUTER_04,University of Southern Denmark / Russian Academy of Sciences study,SEQUENCE_RIDGE_FULL,100.0,R4_EDINBURGH_SGO_20210324_6pm_KostarelosK_OkweloguE_EO43,0.6,1.0
T250_OUTER_04,University of Southern Denmark / Russian Academy of Sciences study,SEQUENCE_RIDGE_FULL,100.0,R4_EDINBURGH_SGO_20210324_6pm_KostarelosK_OkweloguE_EO52,0.7714285714285715,1.0
T250_OUTER_04,University of Southern Denmark / Russian Academy of Sciences study,SEQUENCE_RIDGE_FULL,100.0,R4_EDINBURGH_SGO_20210324_6pm_KostarelosK_OkweloguE_EO64,0.8857142857142857,1.0
T250_OUTER_04,University of Southern Denmark / Russian Academy of Sciences study,SEQUENCE_RIDGE_FULL,100.0,R4_EDINBURGH_SGO_20210324_6pm_KostarelosK_OkweloguE_EO66,0.8285714285714286,1.0
T250_OUTER_04,University of Southern Denmark / Russian Academy of Sciences study,SEQUENCE_RIDGE_FULL,100.0,R4_EDINBURGH_SGO_20210324_6pm_KostarelosK_OkweloguE_EO73,0.9428571428571428,1.0
T250_OUTER_04,University of Southern Denmark / Russian Academy of Sciences study,SEQUENCE_RIDGE_FULL,100.0,R4_EDINBURGH_SGO_20210324_6pm_KostarelosK_OkweloguE_EO83,0.9428571428571428,1.0
T250_OUTER_04,University of Southern Denmark / Russian Academy of Sciences study,SEQUENCE_RIDGE_FULL,100.0,R4_EDINBURGH_SGO_20210324_6pm_KostarelosK_OkweloguE_EO88,0.3,1.0
T250_OUTER_04,University of Southern Denmark / Russian Academy of Sciences study,SEQUENCE_RIDGE_FULL,100.0,R4_EDINBURGH_SGO_20210324_6pm_KostarelosK_OkweloguE_EO94,0.8285714285714286,1.0
T250_OUTER_04,University of Southern Denmark / Russian Academy of Sciences study,SEQUENCE_RIDGE_FULL,100.0,R4_EDINBURGH_SGO_20210324_6pm_KostarelosK_OkweloguE_EO96,0.9428571428571428,1.0
T250_OUTER_04,University of Southern Denmark / Russian Academy of Sciences study,SEQUENCE_RIDGE_FULL,100.0,R4_EDINBURGH_SGO_20210324_6pm_KostarelosK_OkweloguE_EO97,0.8285714285714286,1.0
T250_OUTER_04,University of Southern Denmark / Russian Academy of Sciences study,SEQUENCE_RIDGE_FULL,100.0,R4_EDINBURGH_USGO_20210324_6pm_KostarelosK_OkweloguE_EO106,0.8214285714285714,1.0
T250_OUTER_04,University of Southern Denmark / Russian Academy of Sciences study,SEQUENCE_RIDGE_FULL,100.0,R4_EDINBURGH_USGO_20210324_6pm_KostarelosK_OkweloguE_EO11,0.7857142857142857,1.0
T250_OUTER_04,University of Southern Denmark / Russian Academy of Sciences study,SEQUENCE_RIDGE_FULL,100.0,R4_EDINBURGH_USGO_20210324_6pm_KostarelosK_OkweloguE_EO111,0.7857142857142857,1.0
T250_OUTER_04,University of Southern Denmark / Russian Academy of Sciences study,SEQUENCE_RIDGE_FULL,100.0,R4_EDINBURGH_USGO_20210324_6pm_KostarelosK_OkweloguE_EO112,0.7142857142857143,1.0
T250_OUTER_04,University of Southern Denmark / Russian Academy of Sciences study,SEQUENCE_RIDGE_FULL,100.0,R4_EDINBURGH_USGO_20210324_6pm_KostarelosK_OkweloguE_EO115,0.8928571428571429,1.0
T250_OUTER_04,University of Southern Denmark / Russian Academy of Sciences study,SEQUENCE_RIDGE_FULL,100.0,R4_EDINBURGH_USGO_20210324_6pm_KostarelosK_OkweloguE_EO120,0.8928571428571429,1.0
T250_OUTER_04,University of Southern Denmark / Russian Academy of Sciences study,SEQUENCE_RIDGE_FULL,100.0,R4_EDINBURGH_USGO_20210324_6pm_KostarelosK_OkweloguE_EO121,0.5357142857142857,1.0
T250_OUTER_04,University of Southern Denmark / Russian Academy of Sciences study,SEQUENCE_RIDGE_FULL,100.0,R4_EDINBURGH_USGO_20210324_6pm_KostarelosK_OkweloguE_EO125,0.9642857142857143,1.0
T250_OUTER_04,University of Southern Denmark / Russian Academy of Sciences study,SEQUENCE_RIDGE_FULL,100.0,R4_EDINBURGH_USGO_20210324_6pm_KostarelosK_OkweloguE_EO126,0.7857142857142857,1.0
T250_OUTER_04,University of Southern Denmark / Russian Academy of Sciences study,SEQUENCE_RIDGE_FULL,100.0,R4_EDINBURGH_USGO_20210324_6pm_KostarelosK_OkweloguE_EO13,0.8285714285714286,1.0
T250_OUTER_04,University of Southern Denmark / Russian Academy of Sciences study,SEQUENCE_RIDGE_FULL,100.0,R4_EDINBURGH_USGO_20210324_6pm_KostarelosK_OkweloguE_EO26,0.7714285714285715,1.0
T250_OUTER_04,University of Southern Denmark / Russian Academy of Sciences study,SEQUENCE_RIDGE_FULL,100.0,R4_EDINBURGH_USGO_20210324_6pm_KostarelosK_OkweloguE_EO36,1.0,1.0
T250_OUTER_04,University of Southern Denmark / Russian Academy of Sciences study,SEQUENCE_RIDGE_FULL,100.0,R4_EDINBURGH_USGO_20210324_6pm_KostarelosK_OkweloguE_EO40,0.8857142857142857,1.0
T250_OUTER_04,University of Southern Denmark / Russian Academy of Sciences study,SEQUENCE_RIDGE_FULL,100.0,R4_EDINBURGH_USGO_20210324_6pm_KostarelosK_OkweloguE_EO42,0.9428571428571428,1.0
T250_OUTER_04,University of Southern Denmark / Russian Academy of Sciences study,SEQUENCE_RIDGE_FULL,100.0,R4_EDINBURGH_USGO_20210324_6pm_KostarelosK_OkweloguE_EO44,0.8285714285714286,1.0
T250_OUTER_04,University of Southern Denmark / Russian Academy of Sciences study,SEQUENCE_RIDGE_FULL,100.0,R4_EDINBURGH_USGO_20210324_6pm_KostarelosK_OkweloguE_EO5,0.8928571428571429,1.0
T250_OUTER_04,University of Southern Denmark / Russian Academy of Sciences study,SEQUENCE_RIDGE_FULL,100.0,R4_EDINBURGH_USGO_20210324_6pm_KostarelosK_OkweloguE_EO50,0.7857142857142857,1.0
T250_OUTER_04,University of Southern Denmark / Russian Academy of Sciences study,SEQUENCE_RIDGE_FULL,100.0,R4_EDINBURGH_USGO_20210324_6pm_KostarelosK_OkweloguE_EO53,0.7714285714285715,1.0
T250_OUTER_04,University of Southern Denmark / Russian Academy of Sciences study,SEQUENCE_RIDGE_FULL,100.0,R4_EDINBURGH_USGO_20210324_6pm_KostarelosK_OkweloguE_EO60,0.9428571428571428,1.0
T250_OUTER_04,University of Southern Denmark / Russian Academy of Sciences study,SEQUENCE_RIDGE_FULL,100.0,R4_EDINBURGH_USGO_20210324_6pm_KostarelosK_OkweloguE_EO62,0.25,1.0
T250_OUTER_04,University of Southern Denmark / Russian Academy of Sciences study,SEQUENCE_RIDGE_FULL,100.0,R4_EDINBURGH_USGO_20210324_6pm_KostarelosK_OkweloguE_EO69,0.8214285714285714,1.0
T250_OUTER_04,University of Southern Denmark / Russian Academy of Sciences study,SEQUENCE_RIDGE_FULL,100.0,R4_EDINBURGH_USGO_20210324_6pm_KostarelosK_OkweloguE_EO76,0.4642857142857143,1.0
T250_OUTER_04,University of Southern Denmark / Russian Academy of Sciences study,SEQUENCE_RIDGE_FULL,100.0,R4_EDINBURGH_USGO_20210324_6pm_KostarelosK_OkweloguE_EO77,0.7142857142857143,1.0
T250_OUTER_04,University of Southern Denmark / Russian Academy of Sciences study,SEQUENCE_RIDGE_FULL,100.0,R4_EDINBURGH_USGO_20210324_6pm_KostarelosK_OkweloguE_EO79,0.7142857142857143,1.0
T250_OUTER_04,University of Southern Denmark / Russian Academy of Sciences study,SEQUENCE_RIDGE_FULL,100.0,R4_EDINBURGH_USGO_20210324_6pm_KostarelosK_OkweloguE_EO86,0.9285714285714286,1.0
T250_OUTER_04,University of Southern Denmark / Russian Academy of Sciences study,SEQUENCE_RIDGE_FULL,100.0,R4_EDINBURGH_USGO_20210324_6pm_KostarelosK_OkweloguE_EO87,0.8214285714285714,1.0
T250_OUTER_04,University of Southern Denmark / Russian Academy of Sciences study,SEQUENCE_RIDGE_FULL,100.0,R4_PXD060795_F1,0.9285714285714286,1.0
T250_OUTER_04,University of Southern Denmark / Russian Academy of Sciences study,SEQUENCE_RIDGE_FULL,100.0,R4_PXD060795_F2,0.9285714285714286,1.0
T250_OUTER_04,University of Southern Denmark / Russian Academy of Sciences study,SEQUENCE_RIDGE_FULL,100.0,R4_PXD060795_F3,0.9285714285714286,1.0
T250_OUTER_04,University of Southern Denmark / Russian Academy of Sciences study,SEQUENCE_RIDGE_FULL,100.0,R4_PXD060795_F7,0.8214285714285714,1.0
T250_OUTER_04,University of Southern Denmark / Russian Academy of Sciences study,SEQUENCE_RIDGE_FULL,100.0,R4_PXD060795_F8,0.8857142857142857,1.0
T250_OUTER_04,University of Southern Denmark / Russian Academy of Sciences study,SEQUENCE_RIDGE_FULL,100.0,R4_PXD060795_F9,0.7714285714285715,1.0
T250_OUTER_04,University of Southern Denmark / Russian Academy of Sciences study,SEQUENCE_RIDGE_FULL,100.0,T_D1_133,0.5855400437691199,1.0
T250_OUTER_04,University of Southern Denmark / Russian Academy of Sciences study,SEQUENCE_RIDGE_FULL,100.0,T_D1_138,0.8627121404018641,1.0
T250_OUTER_04,University of Southern Denmark / Russian Academy of Sciences study,SEQUENCE_RIDGE_FULL,100.0,T_D1_165,0.7807200583588266,1.0
T250_OUTER_04,University of Southern Denmark / Russian Academy of Sciences study,SEQUENCE_RIDGE_FULL,100.0,T_D1_173,0.9271050693011066,1.0
T250_OUTER_04,University of Southern Denmark / Russian Academy of Sciences study,SEQUENCE_RIDGE_FULL,100.0,T_D1_186,0.6780635036208105,1.0
T250_OUTER_04,University of Southern Denmark / Russian Academy of Sciences study,SEQUENCE_RIDGE_FULL,100.0,T_D3_119a,0.5424508028966484,1.0
T250_OUTER_04,University of Southern Denmark / Russian Academy of Sciences study,SEQUENCE_RIDGE_FULL,100.0,T_D3_119b,0.5424508028966484,1.0
T250_OUTER_04,University of Southern Denmark / Russian Academy of Sciences study,SEQUENCE_RIDGE_FULL,100.0,T_D3_155,0.5855400437691199,1.0
T250_OUTER_04,University of Southern Denmark / Russian Academy of Sciences study,SEQUENCE_RIDGE_FULL,100.0,T_D3_178,0.7807200583588266,1.0
T250_OUTER_04,University of Southern Denmark / Russian Academy of Sciences study,SEQUENCE_RIDGE_FULL,100.0,T_D3_198,0.5229975846277625,1.0
T250_OUTER_04,University of Southern Denmark / Russian Academy of Sciences study,SEQUENCE_RIDGE_FULL,100.0,__MEAN__,0.748061694242609,1.0
T250_OUTER_04,University of Southern Denmark / Russian Academy of Sciences study,SEQUENCE_RIDGE_COMPOSITION_ONLY,0.01,PT_D1_16,0.788009048074417,0.01
T250_OUTER_04,University of Southern Denmark / Russian Academy of Sciences study,SEQUENCE_RIDGE_COMPOSITION_ONLY,0.01,PT_D1_18,0.5002164033860247,0.01
T250_OUTER_04,University of Southern Denmark / Russian Academy of Sciences study,SEQUENCE_RIDGE_COMPOSITION_ONLY,0.01,PT_D1_20,0.9856107606091623,0.01
T250_OUTER_04,University of Southern Denmark / Russian Academy of Sciences study,SEQUENCE_RIDGE_COMPOSITION_ONLY,0.01,PT_D1_23,0.6605782590758164,0.01
T250_OUTER_04,University of Southern Denmark / Russian Academy of Sciences study,SEQUENCE_RIDGE_COMPOSITION_ONLY,0.01,PT_D1_33,0.8318392892065836,0.01
T250_OUTER_04,University of Southern Denmark / Russian Academy of Sciences study,SEQUENCE_RIDGE_COMPOSITION_ONLY,0.01,PT_D1_34,0.5855400437691199,0.01
T250_OUTER_04,University of Southern Denmark / Russian Academy of Sciences study,SEQUENCE_RIDGE_COMPOSITION_ONLY,0.01,PT_D1_48,0.4923659639173309,0.01
T250_OUTER_04,University of Southern Denmark / Russian Academy of Sciences study,SEQUENCE_RIDGE_COMPOSITION_ONLY,0.01,PT_D1_51,0.6780635036208105,0.01
T250_OUTER_04,University of Southern Denmark / Russian Academy of Sciences study,SEQUENCE_RIDGE_COMPOSITION_ONLY,0.01,PT_D1_73,0.5933055656682091,0.01
T250_OUTER_04,University of Southern Denmark / Russian Academy of Sciences study,SEQUENCE_RIDGE_COMPOSITION_ONLY,0.01,PT_D1_81,0.7807200583588266,0.01
T250_OUTER_04,University of Southern Denmark / Russian Academy of Sciences study,SEQUENCE_RIDGE_COMPOSITION_ONLY,0.01,PT_D3_06,0.6831300510639733,0.01
T250_OUTER_04,University of Southern Denmark / Russian Academy of Sciences study,SEQUENCE_RIDGE_COMPOSITION_ONLY,0.01,PT_D3_14,0.5855400437691199,0.01
T250_OUTER_04,University of Southern Denmark / Russian Academy of Sciences study,SEQUENCE_RIDGE_COMPOSITION_ONLY,0.01,PT_D3_22,0.5690229011161231,0.01
T250_OUTER_04,University of Southern Denmark / Russian Academy of Sciences study,SEQUENCE_RIDGE_COMPOSITION_ONLY,0.01,PT_D3_28,0.9710083124552245,0.01
T250_OUTER_04,University of Southern Denmark / Russian Academy of Sciences study,SEQUENCE_RIDGE_COMPOSITION_ONLY,0.01,PT_D3_30,0.6425304545837554,0.01
T250_OUTER_04,University of Southern Denmark / Russian Academy of Sciences study,SEQUENCE_RIDGE_COMPOSITION_ONLY,0.01,PT_D3_37,0.7319250547113999,0.01
T250_OUTER_04,University of Southern Denmark / Russian Academy of Sciences study,SEQUENCE_RIDGE_COMPOSITION_ONLY,0.01,PT_D3_41,0.5225437283634242,0.01
T250_OUTER_04,University of Southern Denmark / Russian Academy of Sciences study,SEQUENCE_RIDGE_COMPOSITION_ONLY,0.01,PT_D3_42,0.8295150620062532,0.01
T250_OUTER_04,University of Southern Denmark / Russian Academy of Sciences study,SEQUENCE_RIDGE_COMPOSITION_ONLY,0.01,PT_D3_85,0.47809144373375745,0.01
T250_OUTER_04,University of Southern Denmark / Russian Academy of Sciences study,SEQUENCE_RIDGE_COMPOSITION_ONLY,0.01,PT_D3_96,0.7807200583588266,0.01
T250_OUTER_04,University of Southern Denmark / Russian Academy of Sciences study,SEQUENCE_RIDGE_COMPOSITION_ONLY,0.01,R4_EDINBURGH_SGO_20210324_6pm_KostarelosK_OkweloguE_EO10,0.8857142857142857,0.01
T250_OUTER_04,University of Southern Denmark / Russian Academy of Sciences study,SEQUENCE_RIDGE_COMPOSITION_ONLY,0.01,R4_EDINBURGH_SGO_20210324_6pm_KostarelosK_OkweloguE_EO103,0.7714285714285715,0.01
T250_OUTER_04,University of Southern Denmark / Russian Academy of Sciences study,SEQUENCE_RIDGE_COMPOSITION_ONLY,0.01,R4_EDINBURGH_SGO_20210324_6pm_KostarelosK_OkweloguE_EO105,0.8285714285714286,0.01
T250_OUTER_04,University of Southern Denmark / Russian Academy of Sciences study,SEQUENCE_RIDGE_COMPOSITION_ONLY,0.01,R4_EDINBURGH_SGO_20210324_6pm_KostarelosK_OkweloguE_EO107,0.7714285714285715,0.01
T250_OUTER_04,University of Southern Denmark / Russian Academy of Sciences study,SEQUENCE_RIDGE_COMPOSITION_ONLY,0.01,R4_EDINBURGH_SGO_20210324_6pm_KostarelosK_OkweloguE_EO113,0.9428571428571428,0.01
T250_OUTER_04,University of Southern Denmark / Russian Academy of Sciences study,SEQUENCE_RIDGE_COMPOSITION_ONLY,0.01,R4_EDINBURGH_SGO_20210324_6pm_KostarelosK_OkweloguE_EO116,0.4,0.01
T250_OUTER_04,University of Southern Denmark / Russian Academy of Sciences study,SEQUENCE_RIDGE_COMPOSITION_ONLY,0.01,R4_EDINBURGH_SGO_20210324_6pm_KostarelosK_OkweloguE_EO12,0.8,0.01
T250_OUTER_04,University of Southern Denmark / Russian Academy of Sciences study,SEQUENCE_RIDGE_COMPOSITION_ONLY,0.01,R4_EDINBURGH_SGO_20210324_6pm_KostarelosK_OkweloguE_EO16,0.9,0.01
T250_OUTER_04,University of Southern Denmark / Russian Academy of Sciences study,SEQUENCE_RIDGE_COMPOSITION_ONLY,0.01,R4_EDINBURGH_SGO_20210324_6pm_KostarelosK_OkweloguE_EO21,0.37142857142857144,0.01
T250_OUTER_04,University of Southern Denmark / Russian Academy of Sciences study,SEQUENCE_RIDGE_COMPOSITION_ONLY,0.01,R4_EDINBURGH_SGO_20210324_6pm_KostarelosK_OkweloguE_EO24,0.9428571428571428,0.01
T250_OUTER_04,University of Southern Denmark / Russian Academy of Sciences study,SEQUENCE_RIDGE_COMPOSITION_ONLY,0.01,R4_EDINBURGH_SGO_20210324_6pm_KostarelosK_OkweloguE_EO31,0.7142857142857143,0.01
T250_OUTER_04,University of Southern Denmark / Russian Academy of Sciences study,SEQUENCE_RIDGE_COMPOSITION_ONLY,0.01,R4_EDINBURGH_SGO_20210324_6pm_KostarelosK_OkweloguE_EO34,0.14285714285714285,0.01
T250_OUTER_04,University of Southern Denmark / Russian Academy of Sciences study,SEQUENCE_RIDGE_COMPOSITION_ONLY,0.01,R4_EDINBURGH_SGO_20210324_6pm_KostarelosK_OkweloguE_EO4,0.8857142857142857,0.01
T250_OUTER_04,University of Southern Denmark / Russian Academy of Sciences study,SEQUENCE_RIDGE_COMPOSITION_ONLY,0.01,R4_EDINBURGH_SGO_20210324_6pm_KostarelosK_OkweloguE_EO43,0.6,0.01
T250_OUTER_04,University of Southern Denmark / Russian Academy of Sciences study,SEQUENCE_RIDGE_COMPOSITION_ONLY,0.01,R4_EDINBURGH_SGO_20210324_6pm_KostarelosK_OkweloguE_EO52,0.7714285714285715,0.01
T250_OUTER_04,University of Southern Denmark / Russian Academy of Sciences study,SEQUENCE_RIDGE_COMPOSITION_ONLY,0.01,R4_EDINBURGH_SGO_20210324_6pm_KostarelosK_OkweloguE_EO64,0.8857142857142857,0.01
T250_OUTER_04,University of Southern Denmark / Russian Academy of Sciences study,SEQUENCE_RIDGE_COMPOSITION_ONLY,0.01,R4_EDINBURGH_SGO_20210324_6pm_KostarelosK_OkweloguE_EO66,0.8285714285714286,0.01
T250_OUTER_04,University of Southern Denmark / Russian Academy of Sciences study,SEQUENCE_RIDGE_COMPOSITION_ONLY,0.01,R4_EDINBURGH_SGO_20210324_6pm_KostarelosK_OkweloguE_EO73,0.9428571428571428,0.01
T250_OUTER_04,University of Southern Denmark / Russian Academy of Sciences study,SEQUENCE_RIDGE_COMPOSITION_ONLY,0.01,R4_EDINBURGH_SGO_20210324_6pm_KostarelosK_OkweloguE_EO83,0.9428571428571428,0.01
T250_OUTER_04,University of Southern Denmark / Russian Academy of Sciences study,SEQUENCE_RIDGE_COMPOSITION_ONLY,0.01,R4_EDINBURGH_SGO_20210324_6pm_KostarelosK_OkweloguE_EO88,0.3,0.01
T250_OUTER_04,University of Southern Denmark / Russian Academy of Sciences study,SEQUENCE_RIDGE_COMPOSITION_ONLY,0.01,R4_EDINBURGH_SGO_20210324_6pm_KostarelosK_OkweloguE_EO94,0.8285714285714286,0.01
T250_OUTER_04,University of Southern Denmark / Russian Academy of Sciences study,SEQUENCE_RIDGE_COMPOSITION_ONLY,0.01,R4_EDINBURGH_SGO_20210324_6pm_KostarelosK_OkweloguE_EO96,0.9428571428571428,0.01
T250_OUTER_04,University of Southern Denmark / Russian Academy of Sciences study,SEQUENCE_RIDGE_COMPOSITION_ONLY,0.01,R4_EDINBURGH_SGO_20210324_6pm_KostarelosK_OkweloguE_EO97,0.8285714285714286,0.01
T250_OUTER_04,University of Southern Denmark / Russian Academy of Sciences study,SEQUENCE_RIDGE_COMPOSITION_ONLY,0.01,R4_EDINBURGH_USGO_20210324_6pm_KostarelosK_OkweloguE_EO106,0.8214285714285714,0.01
T250_OUTER_04,University of Southern Denmark / Russian Academy of Sciences study,SEQUENCE_RIDGE_COMPOSITION_ONLY,0.01,R4_EDINBURGH_USGO_20210324_6pm_KostarelosK_OkweloguE_EO11,0.7857142857142857,0.01
T250_OUTER_04,University of Southern Denmark / Russian Academy of Sciences study,SEQUENCE_RIDGE_COMPOSITION_ONLY,0.01,R4_EDINBURGH_USGO_20210324_6pm_KostarelosK_OkweloguE_EO111,0.7857142857142857,0.01
T250_OUTER_04,University of Southern Denmark / Russian Academy of Sciences study,SEQUENCE_RIDGE_COMPOSITION_ONLY,0.01,R4_EDINBURGH_USGO_20210324_6pm_KostarelosK_OkweloguE_EO112,0.7142857142857143,0.01
T250_OUTER_04,University of Southern Denmark / Russian Academy of Sciences study,SEQUENCE_RIDGE_COMPOSITION_ONLY,0.01,R4_EDINBURGH_USGO_20210324_6pm_KostarelosK_OkweloguE_EO115,0.8928571428571429,0.01
T250_OUTER_04,University of Southern Denmark / Russian Academy of Sciences study,SEQUENCE_RIDGE_COMPOSITION_ONLY,0.01,R4_EDINBURGH_USGO_20210324_6pm_KostarelosK_OkweloguE_EO120,0.8928571428571429,0.01
T250_OUTER_04,University of Southern Denmark / Russian Academy of Sciences study,SEQUENCE_RIDGE_COMPOSITION_ONLY,0.01,R4_EDINBURGH_USGO_20210324_6pm_KostarelosK_OkweloguE_EO121,0.5357142857142857,0.01
T250_OUTER_04,University of Southern Denmark / Russian Academy of Sciences study,SEQUENCE_RIDGE_COMPOSITION_ONLY,0.01,R4_EDINBURGH_USGO_20210324_6pm_KostarelosK_OkweloguE_EO125,0.9642857142857143,0.01
T250_OUTER_04,University of Southern Denmark / Russian Academy of Sciences study,SEQUENCE_RIDGE_COMPOSITION_ONLY,0.01,R4_EDINBURGH_USGO_20210324_6pm_KostarelosK_OkweloguE_EO126,0.7857142857142857,0.01
T250_OUTER_04,University of Southern Denmark / Russian Academy of Sciences study,SEQUENCE_RIDGE_COMPOSITION_ONLY,0.01,R4_EDINBURGH_USGO_20210324_6pm_KostarelosK_OkweloguE_EO13,0.8285714285714286,0.01
T250_OUTER_04,University of Southern Denmark / Russian Academy of Sciences study,SEQUENCE_RIDGE_COMPOSITION_ONLY,0.01,R4_EDINBURGH_USGO_20210324_6pm_KostarelosK_OkweloguE_EO26,0.7714285714285715,0.01
T250_OUTER_04,University of Southern Denmark / Russian Academy of Sciences study,SEQUENCE_RIDGE_COMPOSITION_ONLY,0.01,R4_EDINBURGH_USGO_20210324_6pm_KostarelosK_OkweloguE_EO36,1.0,0.01
T250_OUTER_04,University of Southern Denmark / Russian Academy of Sciences study,SEQUENCE_RIDGE_COMPOSITION_ONLY,0.01,R4_EDINBURGH_USGO_20210324_6pm_KostarelosK_OkweloguE_EO40,0.8857142857142857,0.01
T250_OUTER_04,University of Southern Denmark / Russian Academy of Sciences study,SEQUENCE_RIDGE_COMPOSITION_ONLY,0.01,R4_EDINBURGH_USGO_20210324_6pm_KostarelosK_OkweloguE_EO42,0.9428571428571428,0.01
T250_OUTER_04,University of Southern Denmark / Russian Academy of Sciences study,SEQUENCE_RIDGE_COMPOSITION_ONLY,0.01,R4_EDINBURGH_USGO_20210324_6pm_KostarelosK_OkweloguE_EO44,0.8285714285714286,0.01
T250_OUTER_04,University of Southern Denmark / Russian Academy of Sciences study,SEQUENCE_RIDGE_COMPOSITION_ONLY,0.01,R4_EDINBURGH_USGO_20210324_6pm_KostarelosK_OkweloguE_EO5,0.8928571428571429,0.01
T250_OUTER_04,University of Southern Denmark / Russian Academy of Sciences study,SEQUENCE_RIDGE_COMPOSITION_ONLY,0.01,R4_EDINBURGH_USGO_20210324_6pm_KostarelosK_OkweloguE_EO50,0.7857142857142857,0.01
T250_OUTER_04,University of Southern Denmark / Russian Academy of Sciences study,SEQUENCE_RIDGE_COMPOSITION_ONLY,0.01,R4_EDINBURGH_USGO_20210324_6pm_KostarelosK_OkweloguE_EO53,0.7714285714285715,0.01
T250_OUTER_04,University of Southern Denmark / Russian Academy of Sciences study,SEQUENCE_RIDGE_COMPOSITION_ONLY,0.01,R4_EDINBURGH_USGO_20210324_6pm_KostarelosK_OkweloguE_EO60,0.9428571428571428,0.01
T250_OUTER_04,University of Southern Denmark / Russian Academy of Sciences study,SEQUENCE_RIDGE_COMPOSITION_ONLY,0.01,R4_EDINBURGH_USGO_20210324_6pm_KostarelosK_OkweloguE_EO62,0.25,0.01
T250_OUTER_04,University of Southern Denmark / Russian Academy of Sciences study,SEQUENCE_RIDGE_COMPOSITION_ONLY,0.01,R4_EDINBURGH_USGO_20210324_6pm_KostarelosK_OkweloguE_EO69,0.8214285714285714,0.01
T250_OUTER_04,University of Southern Denmark / Russian Academy of Sciences study,SEQUENCE_RIDGE_COMPOSITION_ONLY,0.01,R4_EDINBURGH_USGO_20210324_6pm_KostarelosK_OkweloguE_EO76,0.4642857142857143,0.01
T250_OUTER_04,University of Southern Denmark / Russian Academy of Sciences study,SEQUENCE_RIDGE_COMPOSITION_ONLY,0.01,R4_EDINBURGH_USGO_20210324_6pm_KostarelosK_OkweloguE_EO77,0.7142857142857143,0.01
T250_OUTER_04,University of Southern Denmark / Russian Academy of Sciences study,SEQUENCE_RIDGE_COMPOSITION_ONLY,0.01,R4_EDINBURGH_USGO_20210324_6pm_KostarelosK_OkweloguE_EO79,0.7142857142857143,0.01
T250_OUTER_04,University of Southern Denmark / Russian Academy of Sciences study,SEQUENCE_RIDGE_COMPOSITION_ONLY,0.01,R4_EDINBURGH_USGO_20210324_6pm_KostarelosK_OkweloguE_EO86,0.9285714285714286,0.01
T250_OUTER_04,University of Southern Denmark / Russian Academy of Sciences study,SEQUENCE_RIDGE_COMPOSITION_ONLY,0.01,R4_EDINBURGH_USGO_20210324_6pm_KostarelosK_OkweloguE_EO87,0.8214285714285714,0.01
T250_OUTER_04,University of Southern Denmark / Russian Academy of Sciences study,SEQUENCE_RIDGE_COMPOSITION_ONLY,0.01,R4_PXD060795_F1,0.9285714285714286,0.01
T250_OUTER_04,University of Southern Denmark / Russian Academy of Sciences study,SEQUENCE_RIDGE_COMPOSITION_ONLY,0.01,R4_PXD060795_F2,0.9285714285714286,0.01
T250_OUTER_04,University of Southern Denmark / Russian Academy of Sciences study,SEQUENCE_RIDGE_COMPOSITION_ONLY,0.01,R4_PXD060795_F3,0.9285714285714286,0.01
T250_OUTER_04,University of Southern Denmark / Russian Academy of Sciences study,SEQUENCE_RIDGE_COMPOSITION_ONLY,0.01,R4_PXD060795_F7,0.8214285714285714,0.01
T250_OUTER_04,University of Southern Denmark / Russian Academy of Sciences study,SEQUENCE_RIDGE_COMPOSITION_ONLY,0.01,R4_PXD060795_F8,0.8857142857142857,0.01
T250_OUTER_04,University of Southern Denmark / Russian Academy of Sciences study,SEQUENCE_RIDGE_COMPOSITION_ONLY,0.01,R4_PXD060795_F9,0.7714285714285715,0.01
T250_OUTER_04,University of Southern Denmark / Russian Academy of Sciences study,SEQUENCE_RIDGE_COMPOSITION_ONLY,0.01,T_D1_133,0.5855400437691199,0.01
T250_OUTER_04,University of Southern Denmark / Russian Academy of Sciences study,SEQUENCE_RIDGE_COMPOSITION_ONLY,0.01,T_D1_138,0.8627121404018641,0.01
T250_OUTER_04,University of Southern Denmark / Russian Academy of Sciences study,SEQUENCE_RIDGE_COMPOSITION_ONLY,0.01,T_D1_165,0.7807200583588266,0.01
T250_OUTER_04,University of Southern Denmark / Russian Academy of Sciences study,SEQUENCE_RIDGE_COMPOSITION_ONLY,0.01,T_D1_173,0.9271050693011066,0.01
T250_OUTER_04,University of Southern Denmark / Russian Academy of Sciences study,SEQUENCE_RIDGE_COMPOSITION_ONLY,0.01,T_D1_186,0.6780635036208105,0.01
T250_OUTER_04,University of Southern Denmark / Russian Academy of Sciences study,SEQUENCE_RIDGE_COMPOSITION_ONLY,0.01,T_D3_119a,0.5424508028966484,0.01
T250_OUTER_04,University of Southern Denmark / Russian Academy of Sciences study,SEQUENCE_RIDGE_COMPOSITION_ONLY,0.01,T_D3_119b,0.5485671571703195,0.01
T250_OUTER_04,University of Southern Denmark / Russian Academy of Sciences study,SEQUENCE_RIDGE_COMPOSITION_ONLY,0.01,T_D3_155,0.5855400437691199,0.01
T250_OUTER_04,University of Southern Denmark / Russian Academy of Sciences study,SEQUENCE_RIDGE_COMPOSITION_ONLY,0.01,T_D3_178,0.7807200583588266,0.01
T250_OUTER_04,University of Southern Denmark / Russian Academy of Sciences study,SEQUENCE_RIDGE_COMPOSITION_ONLY,0.01,T_D3_198,0.5229975846277625,0.01
T250_OUTER_04,University of Southern Denmark / Russian Academy of Sciences study,SEQUENCE_RIDGE_COMPOSITION_ONLY,0.01,__MEAN__,0.7475341971039628,0.01
T250_OUTER_04,University of Southern Denmark / Russian Academy of Sciences study,SEQUENCE_RIDGE_COMPOSITION_ONLY,0.1,PT_D1_16,0.788009048074417,0.01
T250_OUTER_04,University of Southern Denmark / Russian Academy of Sciences study,SEQUENCE_RIDGE_COMPOSITION_ONLY,0.1,PT_D1_18,0.46381682852195877,0.01
T250_OUTER_04,University of Southern Denmark / Russian Academy of Sciences study,SEQUENCE_RIDGE_COMPOSITION_ONLY,0.1,PT_D1_20,0.9276336570439175,0.01
T250_OUTER_04,University of Southern Denmark / Russian Academy of Sciences study,SEQUENCE_RIDGE_COMPOSITION_ONLY,0.1,PT_D1_23,0.7095099819703212,0.01
T250_OUTER_04,University of Southern Denmark / Russian Academy of Sciences study,SEQUENCE_RIDGE_COMPOSITION_ONLY,0.1,PT_D1_33,0.8536744066467459,0.01
T250_OUTER_04,University of Southern Denmark / Russian Academy of Sciences study,SEQUENCE_RIDGE_COMPOSITION_ONLY,0.1,PT_D1_34,0.5855400437691199,0.01
T250_OUTER_04,University of Southern Denmark / Russian Academy of Sciences study,SEQUENCE_RIDGE_COMPOSITION_ONLY,0.1,PT_D1_48,0.4770842982214229,0.01
T250_OUTER_04,University of Southern Denmark / Russian Academy of Sciences study,SEQUENCE_RIDGE_COMPOSITION_ONLY,0.1,PT_D1_51,0.6780635036208105,0.01
T250_OUTER_04,University of Southern Denmark / Russian Academy of Sciences study,SEQUENCE_RIDGE_COMPOSITION_ONLY,0.1,PT_D1_73,0.5933055656682091,0.01
T250_OUTER_04,University of Southern Denmark / Russian Academy of Sciences study,SEQUENCE_RIDGE_COMPOSITION_ONLY,0.1,PT_D1_81,0.7807200583588266,0.01
T250_OUTER_04,University of Southern Denmark / Russian Academy of Sciences study,SEQUENCE_RIDGE_COMPOSITION_ONLY,0.1,PT_D3_06,0.6831300510639733,0.01
T250_OUTER_04,University of Southern Denmark / Russian Academy of Sciences study,SEQUENCE_RIDGE_COMPOSITION_ONLY,0.1,PT_D3_14,0.5855400437691199,0.01
T250_OUTER_04,University of Southern Denmark / Russian Academy of Sciences study,SEQUENCE_RIDGE_COMPOSITION_ONLY,0.1,PT_D3_22,0.5225437283634242,0.01
T250_OUTER_04,University of Southern Denmark / Russian Academy of Sciences study,SEQUENCE_RIDGE_COMPOSITION_ONLY,0.1,PT_D3_28,0.9710083124552245,0.01
T250_OUTER_04,University of Southern Denmark / Russian Academy of Sciences study,SEQUENCE_RIDGE_COMPOSITION_ONLY,0.1,PT_D3_30,0.6425304545837554,0.01
T250_OUTER_04,University of Southern Denmark / Russian Academy of Sciences study,SEQUENCE_RIDGE_COMPOSITION_ONLY,0.1,PT_D3_37,0.7319250547113999,0.01
T250_OUTER_04,University of Southern Denmark / Russian Academy of Sciences study,SEQUENCE_RIDGE_COMPOSITION_ONLY,0.1,PT_D3_41,0.5690229011161231,0.01
T250_OUTER_04,University of Southern Denmark / Russian Academy of Sciences study,SEQUENCE_RIDGE_COMPOSITION_ONLY,0.1,PT_D3_42,0.8295150620062532,0.01
T250_OUTER_04,University of Southern Denmark / Russian Academy of Sciences study,SEQUENCE_RIDGE_COMPOSITION_ONLY,0.1,PT_D3_85,0.47809144373375745,0.01
T250_OUTER_04,University of Southern Denmark / Russian Academy of Sciences study,SEQUENCE_RIDGE_COMPOSITION_ONLY,0.1,PT_D3_96,0.7807200583588266,0.01
T250_OUTER_04,University of Southern Denmark / Russian Academy of Sciences study,SEQUENCE_RIDGE_COMPOSITION_ONLY,0.1,R4_EDINBURGH_SGO_20210324_6pm_KostarelosK_OkweloguE_EO10,0.8857142857142857,0.01
T250_OUTER_04,University of Southern Denmark / Russian Academy of Sciences study,SEQUENCE_RIDGE_COMPOSITION_ONLY,0.1,R4_EDINBURGH_SGO_20210324_6pm_KostarelosK_OkweloguE_EO103,0.7714285714285715,0.01
T250_OUTER_04,University of Southern Denmark / Russian Academy of Sciences study,SEQUENCE_RIDGE_COMPOSITION_ONLY,0.1,R4_EDINBURGH_SGO_20210324_6pm_KostarelosK_OkweloguE_EO105,0.8285714285714286,0.01
T250_OUTER_04,University of Southern Denmark / Russian Academy of Sciences study,SEQUENCE_RIDGE_COMPOSITION_ONLY,0.1,R4_EDINBURGH_SGO_20210324_6pm_KostarelosK_OkweloguE_EO107,0.7714285714285715,0.01
T250_OUTER_04,University of Southern Denmark / Russian Academy of Sciences study,SEQUENCE_RIDGE_COMPOSITION_ONLY,0.1,R4_EDINBURGH_SGO_20210324_6pm_KostarelosK_OkweloguE_EO113,0.9428571428571428,0.01
T250_OUTER_04,University of Southern Denmark / Russian Academy of Sciences study,SEQUENCE_RIDGE_COMPOSITION_ONLY,0.1,R4_EDINBURGH_SGO_20210324_6pm_KostarelosK_OkweloguE_EO116,0.4,0.01
T250_OUTER_04,University of Southern Denmark / Russian Academy of Sciences study,SEQUENCE_RIDGE_COMPOSITION_ONLY,0.1,R4_EDINBURGH_SGO_20210324_6pm_KostarelosK_OkweloguE_EO12,0.8,0.01
T250_OUTER_04,University of Southern Denmark / Russian Academy of Sciences study,SEQUENCE_RIDGE_COMPOSITION_ONLY,0.1,R4_EDINBURGH_SGO_20210324_6pm_KostarelosK_OkweloguE_EO16,0.9,0.01
T250_OUTER_04,University of Southern Denmark / Russian Academy of Sciences study,SEQUENCE_RIDGE_COMPOSITION_ONLY,0.1,R4_EDINBURGH_SGO_20210324_6pm_KostarelosK_OkweloguE_EO21,0.37142857142857144,0.01
T250_OUTER_04,University of Southern Denmark / Russian Academy of Sciences study,SEQUENCE_RIDGE_COMPOSITION_ONLY,0.1,R4_EDINBURGH_SGO_20210324_6pm_KostarelosK_OkweloguE_EO24,0.9428571428571428,0.01
T250_OUTER_04,University of Southern Denmark / Russian Academy of Sciences study,SEQUENCE_RIDGE_COMPOSITION_ONLY,0.1,R4_EDINBURGH_SGO_20210324_6pm_KostarelosK_OkweloguE_EO31,0.7142857142857143,0.01
T250_OUTER_04,University of Southern Denmark / Russian Academy of Sciences study,SEQUENCE_RIDGE_COMPOSITION_ONLY,0.1,R4_EDINBURGH_SGO_20210324_6pm_KostarelosK_OkweloguE_EO34,0.14285714285714285,0.01
T250_OUTER_04,University of Southern Denmark / Russian Academy of Sciences study,SEQUENCE_RIDGE_COMPOSITION_ONLY,0.1,R4_EDINBURGH_SGO_20210324_6pm_KostarelosK_OkweloguE_EO4,0.8857142857142857,0.01
T250_OUTER_04,University of Southern Denmark / Russian Academy of Sciences study,SEQUENCE_RIDGE_COMPOSITION_ONLY,0.1,R4_EDINBURGH_SGO_20210324_6pm_KostarelosK_OkweloguE_EO43,0.6,0.01
T250_OUTER_04,University of Southern Denmark / Russian Academy of Sciences study,SEQUENCE_RIDGE_COMPOSITION_ONLY,0.1,R4_EDINBURGH_SGO_20210324_6pm_KostarelosK_OkweloguE_EO52,0.7714285714285715,0.01
T250_OUTER_04,University of Southern Denmark / Russian Academy of Sciences study,SEQUENCE_RIDGE_COMPOSITION_ONLY,0.1,R4_EDINBURGH_SGO_20210324_6pm_KostarelosK_OkweloguE_EO64,0.8857142857142857,0.01
T250_OUTER_04,University of Southern Denmark / Russian Academy of Sciences study,SEQUENCE_RIDGE_COMPOSITION_ONLY,0.1,R4_EDINBURGH_SGO_20210324_6pm_KostarelosK_OkweloguE_EO66,0.8285714285714286,0.01
T250_OUTER_04,University of Southern Denmark / Russian Academy of Sciences study,SEQUENCE_RIDGE_COMPOSITION_ONLY,0.1,R4_EDINBURGH_SGO_20210324_6pm_KostarelosK_OkweloguE_EO73,0.9428571428571428,0.01
T250_OUTER_04,University of Southern Denmark / Russian Academy of Sciences study,SEQUENCE_RIDGE_COMPOSITION_ONLY,0.1,R4_EDINBURGH_SGO_20210324_6pm_KostarelosK_OkweloguE_EO83,0.9428571428571428,0.01
T250_OUTER_04,University of Southern Denmark / Russian Academy of Sciences study,SEQUENCE_RIDGE_COMPOSITION_ONLY,0.1,R4_EDINBURGH_SGO_20210324_6pm_KostarelosK_OkweloguE_EO88,0.3,0.01
T250_OUTER_04,University of Southern Denmark / Russian Academy of Sciences study,SEQUENCE_RIDGE_COMPOSITION_ONLY,0.1,R4_EDINBURGH_SGO_20210324_6pm_KostarelosK_OkweloguE_EO94,0.8285714285714286,0.01
T250_OUTER_04,University of Southern Denmark / Russian Academy of Sciences study,SEQUENCE_RIDGE_COMPOSITION_ONLY,0.1,R4_EDINBURGH_SGO_20210324_6pm_KostarelosK_OkweloguE_EO96,0.9428571428571428,0.01
T250_OUTER_04,University of Southern Denmark / Russian Academy of Sciences study,SEQUENCE_RIDGE_COMPOSITION_ONLY,0.1,R4_EDINBURGH_SGO_20210324_6pm_KostarelosK_OkweloguE_EO97,0.8285714285714286,0.01
T250_OUTER_04,University of Southern Denmark / Russian Academy of Sciences study,SEQUENCE_RIDGE_COMPOSITION_ONLY,0.1,R4_EDINBURGH_USGO_20210324_6pm_KostarelosK_OkweloguE_EO106,0.8214285714285714,0.01
T250_OUTER_04,University of Southern Denmark / Russian Academy of Sciences study,SEQUENCE_RIDGE_COMPOSITION_ONLY,0.1,R4_EDINBURGH_USGO_20210324_6pm_KostarelosK_OkweloguE_EO11,0.7857142857142857,0.01
T250_OUTER_04,University of Southern Denmark / Russian Academy of Sciences study,SEQUENCE_RIDGE_COMPOSITION_ONLY,0.1,R4_EDINBURGH_USGO_20210324_6pm_KostarelosK_OkweloguE_EO111,0.7857142857142857,0.01
T250_OUTER_04,University of Southern Denmark / Russian Academy of Sciences study,SEQUENCE_RIDGE_COMPOSITION_ONLY,0.1,R4_EDINBURGH_USGO_20210324_6pm_KostarelosK_OkweloguE_EO112,0.7142857142857143,0.01
T250_OUTER_04,University of Southern Denmark / Russian Academy of Sciences study,SEQUENCE_RIDGE_COMPOSITION_ONLY,0.1,R4_EDINBURGH_USGO_20210324_6pm_KostarelosK_OkweloguE_EO115,0.8928571428571429,0.01
T250_OUTER_04,University of Southern Denmark / Russian Academy of Sciences study,SEQUENCE_RIDGE_COMPOSITION_ONLY,0.1,R4_EDINBURGH_USGO_20210324_6pm_KostarelosK_OkweloguE_EO120,0.8928571428571429,0.01
T250_OUTER_04,University of Southern Denmark / Russian Academy of Sciences study,SEQUENCE_RIDGE_COMPOSITION_ONLY,0.1,R4_EDINBURGH_USGO_20210324_6pm_KostarelosK_OkweloguE_EO121,0.5357142857142857,0.01
T250_OUTER_04,University of Southern Denmark / Russian Academy of Sciences study,SEQUENCE_RIDGE_COMPOSITION_ONLY,0.1,R4_EDINBURGH_USGO_20210324_6pm_KostarelosK_OkweloguE_EO125,0.9642857142857143,0.01
T250_OUTER_04,University of Southern Denmark / Russian Academy of Sciences study,SEQUENCE_RIDGE_COMPOSITION_ONLY,0.1,R4_EDINBURGH_USGO_20210324_6pm_KostarelosK_OkweloguE_EO126,0.7857142857142857,0.01
T250_OUTER_04,University of Southern Denmark / Russian Academy of Sciences study,SEQUENCE_RIDGE_COMPOSITION_ONLY,0.1,R4_EDINBURGH_USGO_20210324_6pm_KostarelosK_OkweloguE_EO13,0.8285714285714286,0.01
T250_OUTER_04,University of Southern Denmark / Russian Academy of Sciences study,SEQUENCE_RIDGE_COMPOSITION_ONLY,0.1,R4_EDINBURGH_USGO_20210324_6pm_KostarelosK_OkweloguE_EO26,0.7714285714285715,0.01
T250_OUTER_04,University of Southern Denmark / Russian Academy of Sciences study,SEQUENCE_RIDGE_COMPOSITION_ONLY,0.1,R4_EDINBURGH_USGO_20210324_6pm_KostarelosK_OkweloguE_EO36,1.0,0.01
T250_OUTER_04,University of Southern Denmark / Russian Academy of Sciences study,SEQUENCE_RIDGE_COMPOSITION_ONLY,0.1,R4_EDINBURGH_USGO_20210324_6pm_KostarelosK_OkweloguE_EO40,0.8857142857142857,0.01
T250_OUTER_04,University of Southern Denmark / Russian Academy of Sciences study,SEQUENCE_RIDGE_COMPOSITION_ONLY,0.1,R4_EDINBURGH_USGO_20210324_6pm_KostarelosK_OkweloguE_EO42,0.9428571428571428,0.01
T250_OUTER_04,University of Southern Denmark / Russian Academy of Sciences study,SEQUENCE_RIDGE_COMPOSITION_ONLY,0.1,R4_EDINBURGH_USGO_20210324_6pm_KostarelosK_OkweloguE_EO44,0.8285714285714286,0.01
T250_OUTER_04,University of Southern Denmark / Russian Academy of Sciences study,SEQUENCE_RIDGE_COMPOSITION_ONLY,0.1,R4_EDINBURGH_USGO_20210324_6pm_KostarelosK_OkweloguE_EO5,0.8928571428571429,0.01
T250_OUTER_04,University of Southern Denmark / Russian Academy of Sciences study,SEQUENCE_RIDGE_COMPOSITION_ONLY,0.1,R4_EDINBURGH_USGO_20210324_6pm_KostarelosK_OkweloguE_EO50,0.7857142857142857,0.01
T250_OUTER_04,University of Southern Denmark / Russian Academy of Sciences study,SEQUENCE_RIDGE_COMPOSITION_ONLY,0.1,R4_EDINBURGH_USGO_20210324_6pm_KostarelosK_OkweloguE_EO53,0.7714285714285715,0.01
T250_OUTER_04,University of Southern Denmark / Russian Academy of Sciences study,SEQUENCE_RIDGE_COMPOSITION_ONLY,0.1,R4_EDINBURGH_USGO_20210324_6pm_KostarelosK_OkweloguE_EO60,0.9428571428571428,0.01
T250_OUTER_04,University of Southern Denmark / Russian Academy of Sciences study,SEQUENCE_RIDGE_COMPOSITION_ONLY,0.1,R4_EDINBURGH_USGO_20210324_6pm_KostarelosK_OkweloguE_EO62,0.25,0.01
T250_OUTER_04,University of Southern Denmark / Russian Academy of Sciences study,SEQUENCE_RIDGE_COMPOSITION_ONLY,0.1,R4_EDINBURGH_USGO_20210324_6pm_KostarelosK_OkweloguE_EO69,0.8214285714285714,0.01
T250_OUTER_04,University of Southern Denmark / Russian Academy of Sciences study,SEQUENCE_RIDGE_COMPOSITION_ONLY,0.1,R4_EDINBURGH_USGO_20210324_6pm_KostarelosK_OkweloguE_EO76,0.4642857142857143,0.01
T250_OUTER_04,University of Southern Denmark / Russian Academy of Sciences study,SEQUENCE_RIDGE_COMPOSITION_ONLY,0.1,R4_EDINBURGH_USGO_20210324_6pm_KostarelosK_OkweloguE_EO77,0.7142857142857143,0.01
T250_OUTER_04,University of Southern Denmark / Russian Academy of Sciences study,SEQUENCE_RIDGE_COMPOSITION_ONLY,0.1,R4_EDINBURGH_USGO_20210324_6pm_KostarelosK_OkweloguE_EO79,0.7142857142857143,0.01
T250_OUTER_04,University of Southern Denmark / Russian Academy of Sciences study,SEQUENCE_RIDGE_COMPOSITION_ONLY,0.1,R4_EDINBURGH_USGO_20210324_6pm_KostarelosK_OkweloguE_EO86,0.9285714285714286,0.01
T250_OUTER_04,University of Southern Denmark / Russian Academy of Sciences study,SEQUENCE_RIDGE_COMPOSITION_ONLY,0.1,R4_EDINBURGH_USGO_20210324_6pm_KostarelosK_OkweloguE_EO87,0.8214285714285714,0.01
T250_OUTER_04,University of Southern Denmark / Russian Academy of Sciences study,SEQUENCE_RIDGE_COMPOSITION_ONLY,0.1,R4_PXD060795_F1,0.9285714285714286,0.01
T250_OUTER_04,University of Southern Denmark / Russian Academy of Sciences study,SEQUENCE_RIDGE_COMPOSITION_ONLY,0.1,R4_PXD060795_F2,0.9285714285714286,0.01
T250_OUTER_04,University of Southern Denmark / Russian Academy of Sciences study,SEQUENCE_RIDGE_COMPOSITION_ONLY,0.1,R4_PXD060795_F3,0.9285714285714286,0.01
T250_OUTER_04,University of Southern Denmark / Russian Academy of Sciences study,SEQUENCE_RIDGE_COMPOSITION_ONLY,0.1,R4_PXD060795_F7,0.8214285714285714,0.01
T250_OUTER_04,University of Southern Denmark / Russian Academy of Sciences study,SEQUENCE_RIDGE_COMPOSITION_ONLY,0.1,R4_PXD060795_F8,0.8857142857142857,0.01
T250_OUTER_04,University of Southern Denmark / Russian Academy of Sciences study,SEQUENCE_RIDGE_COMPOSITION_ONLY,0.1,R4_PXD060795_F9,0.7714285714285715,0.01
T250_OUTER_04,University of Southern Denmark / Russian Academy of Sciences study,SEQUENCE_RIDGE_COMPOSITION_ONLY,0.1,T_D1_133,0.5855400437691199,0.01
T250_OUTER_04,University of Southern Denmark / Russian Academy of Sciences study,SEQUENCE_RIDGE_COMPOSITION_ONLY,0.1,T_D1_138,0.8829187134416477,0.01
T250_OUTER_04,University of Southern Denmark / Russian Academy of Sciences study,SEQUENCE_RIDGE_COMPOSITION_ONLY,0.1,T_D1_165,0.7807200583588266,0.01
T250_OUTER_04,University of Southern Denmark / Russian Academy of Sciences study,SEQUENCE_RIDGE_COMPOSITION_ONLY,0.1,T_D1_173,0.9271050693011066,0.01
T250_OUTER_04,University of Southern Denmark / Russian Academy of Sciences study,SEQUENCE_RIDGE_COMPOSITION_ONLY,0.1,T_D1_186,0.6780635036208105,0.01
T250_OUTER_04,University of Southern Denmark / Russian Academy of Sciences study,SEQUENCE_RIDGE_COMPOSITION_ONLY,0.1,T_D3_119a,0.5424508028966484,0.01
T250_OUTER_04,University of Southern Denmark / Russian Academy of Sciences study,SEQUENCE_RIDGE_COMPOSITION_ONLY,0.1,T_D3_119b,0.5424508028966484,0.01
T250_OUTER_04,University of Southern Denmark / Russian Academy of Sciences study,SEQUENCE_RIDGE_COMPOSITION_ONLY,0.1,T_D3_155,0.5855400437691199,0.01
T250_OUTER_04,University of Southern Denmark / Russian Academy of Sciences study,SEQUENCE_RIDGE_COMPOSITION_ONLY,0.1,T_D3_178,0.7807200583588266,0.01
T250_OUTER_04,University of Southern Denmark / Russian Academy of Sciences study,SEQUENCE_RIDGE_COMPOSITION_ONLY,0.1,T_D3_198,0.5229975846277625,0.01
T250_OUTER_04,University of Southern Denmark / Russian Academy of Sciences study,SEQUENCE_RIDGE_COMPOSITION_ONLY,0.1,__MEAN__,0.747242417280146,0.01
T250_OUTER_04,University of Southern Denmark / Russian Academy of Sciences study,SEQUENCE_RIDGE_COMPOSITION_ONLY,1.0,PT_D1_16,0.788009048074417,0.01
T250_OUTER_04,University of Southern Denmark / Russian Academy of Sciences study,SEQUENCE_RIDGE_COMPOSITION_ONLY,1.0,PT_D1_18,0.46381682852195877,0.01
T250_OUTER_04,University of Southern Denmark / Russian Academy of Sciences study,SEQUENCE_RIDGE_COMPOSITION_ONLY,1.0,PT_D1_20,0.9561828874675149,0.01
T250_OUTER_04,University of Southern Denmark / Russian Academy of Sciences study,SEQUENCE_RIDGE_COMPOSITION_ONLY,1.0,PT_D1_23,0.6605782590758164,0.01
T250_OUTER_04,University of Southern Denmark / Russian Academy of Sciences study,SEQUENCE_RIDGE_COMPOSITION_ONLY,1.0,PT_D1_33,0.8440722199302098,0.01
T250_OUTER_04,University of Southern Denmark / Russian Academy of Sciences study,SEQUENCE_RIDGE_COMPOSITION_ONLY,1.0,PT_D1_34,0.5855400437691199,0.01
T250_OUTER_04,University of Southern Denmark / Russian Academy of Sciences study,SEQUENCE_RIDGE_COMPOSITION_ONLY,1.0,PT_D1_48,0.4770842982214229,0.01
T250_OUTER_04,University of Southern Denmark / Russian Academy of Sciences study,SEQUENCE_RIDGE_COMPOSITION_ONLY,1.0,PT_D1_51,0.6780635036208105,0.01
T250_OUTER_04,University of Southern Denmark / Russian Academy of Sciences study,SEQUENCE_RIDGE_COMPOSITION_ONLY,1.0,PT_D1_73,0.5933055656682091,0.01
T250_OUTER_04,University of Southern Denmark / Russian Academy of Sciences study,SEQUENCE_RIDGE_COMPOSITION_ONLY,1.0,PT_D1_81,0.7807200583588266,0.01
T250_OUTER_04,University of Southern Denmark / Russian Academy of Sciences study,SEQUENCE_RIDGE_COMPOSITION_ONLY,1.0,PT_D3_06,0.6831300510639733,0.01
T250_OUTER_04,University of Southern Denmark / Russian Academy of Sciences study,SEQUENCE_RIDGE_COMPOSITION_ONLY,1.0,PT_D3_14,0.5855400437691199,0.01
T250_OUTER_04,University of Southern Denmark / Russian Academy of Sciences study,SEQUENCE_RIDGE_COMPOSITION_ONLY,1.0,PT_D3_22,0.5455447255899809,0.01
T250_OUTER_04,University of Southern Denmark / Russian Academy of Sciences study,SEQUENCE_RIDGE_COMPOSITION_ONLY,1.0,PT_D3_28,0.9710083124552245,0.01
T250_OUTER_04,University of Southern Denmark / Russian Academy of Sciences study,SEQUENCE_RIDGE_COMPOSITION_ONLY,1.0,PT_D3_30,0.6425304545837554,0.01
T250_OUTER_04,University of Southern Denmark / Russian Academy of Sciences study,SEQUENCE_RIDGE_COMPOSITION_ONLY,1.0,PT_D3_37,0.7319250547113999,0.01
T250_OUTER_04,University of Southern Denmark / Russian Academy of Sciences study,SEQUENCE_RIDGE_COMPOSITION_ONLY,1.0,PT_D3_41,0.5455447255899809,0.01
T250_OUTER_04,University of Southern Denmark / Russian Academy of Sciences study,SEQUENCE_RIDGE_COMPOSITION_ONLY,1.0,PT_D3_42,0.8295150620062532,0.01
T250_OUTER_04,University of Southern Denmark / Russian Academy of Sciences study,SEQUENCE_RIDGE_COMPOSITION_ONLY,1.0,PT_D3_85,0.47809144373375745,0.01
T250_OUTER_04,University of Southern Denmark / Russian Academy of Sciences study,SEQUENCE_RIDGE_COMPOSITION_ONLY,1.0,PT_D3_96,0.7807200583588266,0.01
T250_OUTER_04,University of Southern Denmark / Russian Academy of Sciences study,SEQUENCE_RIDGE_COMPOSITION_ONLY,1.0,R4_EDINBURGH_SGO_20210324_6pm_KostarelosK_OkweloguE_EO10,0.8857142857142857,0.01
T250_OUTER_04,University of Southern Denmark / Russian Academy of Sciences study,SEQUENCE_RIDGE_COMPOSITION_ONLY,1.0,R4_EDINBURGH_SGO_20210324_6pm_KostarelosK_OkweloguE_EO103,0.7714285714285715,0.01
T250_OUTER_04,University of Southern Denmark / Russian Academy of Sciences study,SEQUENCE_RIDGE_COMPOSITION_ONLY,1.0,R4_EDINBURGH_SGO_20210324_6pm_KostarelosK_OkweloguE_EO105,0.8285714285714286,0.01
T250_OUTER_04,University of Southern Denmark / Russian Academy of Sciences study,SEQUENCE_RIDGE_COMPOSITION_ONLY,1.0,R4_EDINBURGH_SGO_20210324_6pm_KostarelosK_OkweloguE_EO107,0.7714285714285715,0.01
T250_OUTER_04,University of Southern Denmark / Russian Academy of Sciences study,SEQUENCE_RIDGE_COMPOSITION_ONLY,1.0,R4_EDINBURGH_SGO_20210324_6pm_KostarelosK_OkweloguE_EO113,0.9428571428571428,0.01
T250_OUTER_04,University of Southern Denmark / Russian Academy of Sciences study,SEQUENCE_RIDGE_COMPOSITION_ONLY,1.0,R4_EDINBURGH_SGO_20210324_6pm_KostarelosK_OkweloguE_EO116,0.4,0.01
T250_OUTER_04,University of Southern Denmark / Russian Academy of Sciences study,SEQUENCE_RIDGE_COMPOSITION_ONLY,1.0,R4_EDINBURGH_SGO_20210324_6pm_KostarelosK_OkweloguE_EO12,0.8,0.01
T250_OUTER_04,University of Southern Denmark / Russian Academy of Sciences study,SEQUENCE_RIDGE_COMPOSITION_ONLY,1.0,R4_EDINBURGH_SGO_20210324_6pm_KostarelosK_OkweloguE_EO16,0.9,0.01
T250_OUTER_04,University of Southern Denmark / Russian Academy of Sciences study,SEQUENCE_RIDGE_COMPOSITION_ONLY,1.0,R4_EDINBURGH_SGO_20210324_6pm_KostarelosK_OkweloguE_EO21,0.37142857142857144,0.01
T250_OUTER_04,University of Southern Denmark / Russian Academy of Sciences study,SEQUENCE_RIDGE_COMPOSITION_ONLY,1.0,R4_EDINBURGH_SGO_20210324_6pm_KostarelosK_OkweloguE_EO24,0.9428571428571428,0.01
T250_OUTER_04,University of Southern Denmark / Russian Academy of Sciences study,SEQUENCE_RIDGE_COMPOSITION_ONLY,1.0,R4_EDINBURGH_SGO_20210324_6pm_KostarelosK_OkweloguE_EO31,0.7142857142857143,0.01
T250_OUTER_04,University of Southern Denmark / Russian Academy of Sciences study,SEQUENCE_RIDGE_COMPOSITION_ONLY,1.0,R4_EDINBURGH_SGO_20210324_6pm_KostarelosK_OkweloguE_EO34,0.14285714285714285,0.01
T250_OUTER_04,University of Southern Denmark / Russian Academy of Sciences study,SEQUENCE_RIDGE_COMPOSITION_ONLY,1.0,R4_EDINBURGH_SGO_20210324_6pm_KostarelosK_OkweloguE_EO4,0.8857142857142857,0.01
T250_OUTER_04,University of Southern Denmark / Russian Academy of Sciences study,SEQUENCE_RIDGE_COMPOSITION_ONLY,1.0,R4_EDINBURGH_SGO_20210324_6pm_KostarelosK_OkweloguE_EO43,0.6,0.01
T250_OUTER_04,University of Southern Denmark / Russian Academy of Sciences study,SEQUENCE_RIDGE_COMPOSITION_ONLY,1.0,R4_EDINBURGH_SGO_20210324_6pm_KostarelosK_OkweloguE_EO52,0.7714285714285715,0.01
T250_OUTER_04,University of Southern Denmark / Russian Academy of Sciences study,SEQUENCE_RIDGE_COMPOSITION_ONLY,1.0,R4_EDINBURGH_SGO_20210324_6pm_KostarelosK_OkweloguE_EO64,0.8857142857142857,0.01
T250_OUTER_04,University of Southern Denmark / Russian Academy of Sciences study,SEQUENCE_RIDGE_COMPOSITION_ONLY,1.0,R4_EDINBURGH_SGO_20210324_6pm_KostarelosK_OkweloguE_EO66,0.8285714285714286,0.01
T250_OUTER_04,University of Southern Denmark / Russian Academy of Sciences study,SEQUENCE_RIDGE_COMPOSITION_ONLY,1.0,R4_EDINBURGH_SGO_20210324_6pm_KostarelosK_OkweloguE_EO73,0.9428571428571428,0.01
T250_OUTER_04,University of Southern Denmark / Russian Academy of Sciences study,SEQUENCE_RIDGE_COMPOSITION_ONLY,1.0,R4_EDINBURGH_SGO_20210324_6pm_KostarelosK_OkweloguE_EO83,0.9428571428571428,0.01
T250_OUTER_04,University of Southern Denmark / Russian Academy of Sciences study,SEQUENCE_RIDGE_COMPOSITION_ONLY,1.0,R4_EDINBURGH_SGO_20210324_6pm_KostarelosK_OkweloguE_EO88,0.3,0.01
T250_OUTER_04,University of Southern Denmark / Russian Academy of Sciences study,SEQUENCE_RIDGE_COMPOSITION_ONLY,1.0,R4_EDINBURGH_SGO_20210324_6pm_KostarelosK_OkweloguE_EO94,0.8285714285714286,0.01
T250_OUTER_04,University of Southern Denmark / Russian Academy of Sciences study,SEQUENCE_RIDGE_COMPOSITION_ONLY,1.0,R4_EDINBURGH_SGO_20210324_6pm_KostarelosK_OkweloguE_EO96,0.9428571428571428,0.01
T250_OUTER_04,University of Southern Denmark / Russian Academy of Sciences study,SEQUENCE_RIDGE_COMPOSITION_ONLY,1.0,R4_EDINBURGH_SGO_20210324_6pm_KostarelosK_OkweloguE_EO97,0.8285714285714286,0.01
T250_OUTER_04,University of Southern Denmark / Russian Academy of Sciences study,SEQUENCE_RIDGE_COMPOSITION_ONLY,1.0,R4_EDINBURGH_USGO_20210324_6pm_KostarelosK_OkweloguE_EO106,0.8214285714285714,0.01
T250_OUTER_04,University of Southern Denmark / Russian Academy of Sciences study,SEQUENCE_RIDGE_COMPOSITION_ONLY,1.0,R4_EDINBURGH_USGO_20210324_6pm_KostarelosK_OkweloguE_EO11,0.7857142857142857,0.01
T250_OUTER_04,University of Southern Denmark / Russian Academy of Sciences study,SEQUENCE_RIDGE_COMPOSITION_ONLY,1.0,R4_EDINBURGH_USGO_20210324_6pm_KostarelosK_OkweloguE_EO111,0.7857142857142857,0.01
T250_OUTER_04,University of Southern Denmark / Russian Academy of Sciences study,SEQUENCE_RIDGE_COMPOSITION_ONLY,1.0,R4_EDINBURGH_USGO_20210324_6pm_KostarelosK_OkweloguE_EO112,0.7142857142857143,0.01
T250_OUTER_04,University of Southern Denmark / Russian Academy of Sciences study,SEQUENCE_RIDGE_COMPOSITION_ONLY,1.0,R4_EDINBURGH_USGO_20210324_6pm_KostarelosK_OkweloguE_EO115,0.8928571428571429,0.01
T250_OUTER_04,University of Southern Denmark / Russian Academy of Sciences study,SEQUENCE_RIDGE_COMPOSITION_ONLY,1.0,R4_EDINBURGH_USGO_20210324_6pm_KostarelosK_OkweloguE_EO120,0.8928571428571429,0.01
T250_OUTER_04,University of Southern Denmark / Russian Academy of Sciences study,SEQUENCE_RIDGE_COMPOSITION_ONLY,1.0,R4_EDINBURGH_USGO_20210324_6pm_KostarelosK_OkweloguE_EO121,0.5357142857142857,0.01
T250_OUTER_04,University of Southern Denmark / Russian Academy of Sciences study,SEQUENCE_RIDGE_COMPOSITION_ONLY,1.0,R4_EDINBURGH_USGO_20210324_6pm_KostarelosK_OkweloguE_EO125,0.9642857142857143,0.01
T250_OUTER_04,University of Southern Denmark / Russian Academy of Sciences study,SEQUENCE_RIDGE_COMPOSITION_ONLY,1.0,R4_EDINBURGH_USGO_20210324_6pm_KostarelosK_OkweloguE_EO126,0.7857142857142857,0.01
T250_OUTER_04,University of Southern Denmark / Russian Academy of Sciences study,SEQUENCE_RIDGE_COMPOSITION_ONLY,1.0,R4_EDINBURGH_USGO_20210324_6pm_KostarelosK_OkweloguE_EO13,0.8285714285714286,0.01
T250_OUTER_04,University of Southern Denmark / Russian Academy of Sciences study,SEQUENCE_RIDGE_COMPOSITION_ONLY,1.0,R4_EDINBURGH_USGO_20210324_6pm_KostarelosK_OkweloguE_EO26,0.7714285714285715,0.01
T250_OUTER_04,University of Southern Denmark / Russian Academy of Sciences study,SEQUENCE_RIDGE_COMPOSITION_ONLY,1.0,R4_EDINBURGH_USGO_20210324_6pm_KostarelosK_OkweloguE_EO36,1.0,0.01
T250_OUTER_04,University of Southern Denmark / Russian Academy of Sciences study,SEQUENCE_RIDGE_COMPOSITION_ONLY,1.0,R4_EDINBURGH_USGO_20210324_6pm_KostarelosK_OkweloguE_EO40,0.8857142857142857,0.01
T250_OUTER_04,University of Southern Denmark / Russian Academy of Sciences study,SEQUENCE_RIDGE_COMPOSITION_ONLY,1.0,R4_EDINBURGH_USGO_20210324_6pm_KostarelosK_OkweloguE_EO42,0.9428571428571428,0.01
T250_OUTER_04,University of Southern Denmark / Russian Academy of Sciences study,SEQUENCE_RIDGE_COMPOSITION_ONLY,1.0,R4_EDINBURGH_USGO_20210324_6pm_KostarelosK_OkweloguE_EO44,0.8285714285714286,0.01
T250_OUTER_04,University of Southern Denmark / Russian Academy of Sciences study,SEQUENCE_RIDGE_COMPOSITION_ONLY,1.0,R4_EDINBURGH_USGO_20210324_6pm_KostarelosK_OkweloguE_EO5,0.8928571428571429,0.01
T250_OUTER_04,University of Southern Denmark / Russian Academy of Sciences study,SEQUENCE_RIDGE_COMPOSITION_ONLY,1.0,R4_EDINBURGH_USGO_20210324_6pm_KostarelosK_OkweloguE_EO50,0.7857142857142857,0.01
T250_OUTER_04,University of Southern Denmark / Russian Academy of Sciences study,SEQUENCE_RIDGE_COMPOSITION_ONLY,1.0,R4_EDINBURGH_USGO_20210324_6pm_KostarelosK_OkweloguE_EO53,0.7714285714285715,0.01
T250_OUTER_04,University of Southern Denmark / Russian Academy of Sciences study,SEQUENCE_RIDGE_COMPOSITION_ONLY,1.0,R4_EDINBURGH_USGO_20210324_6pm_KostarelosK_OkweloguE_EO60,0.9428571428571428,0.01
T250_OUTER_04,University of Southern Denmark / Russian Academy of Sciences study,SEQUENCE_RIDGE_COMPOSITION_ONLY,1.0,R4_EDINBURGH_USGO_20210324_6pm_KostarelosK_OkweloguE_EO62,0.25,0.01
T250_OUTER_04,University of Southern Denmark / Russian Academy of Sciences study,SEQUENCE_RIDGE_COMPOSITION_ONLY,1.0,R4_EDINBURGH_USGO_20210324_6pm_KostarelosK_OkweloguE_EO69,0.8214285714285714,0.01
T250_OUTER_04,University of Southern Denmark / Russian Academy of Sciences study,SEQUENCE_RIDGE_COMPOSITION_ONLY,1.0,R4_EDINBURGH_USGO_20210324_6pm_KostarelosK_OkweloguE_EO76,0.4642857142857143,0.01
T250_OUTER_04,University of Southern Denmark / Russian Academy of Sciences study,SEQUENCE_RIDGE_COMPOSITION_ONLY,1.0,R4_EDINBURGH_USGO_20210324_6pm_KostarelosK_OkweloguE_EO77,0.7142857142857143,0.01
T250_OUTER_04,University of Southern Denmark / Russian Academy of Sciences study,SEQUENCE_RIDGE_COMPOSITION_ONLY,1.0,R4_EDINBURGH_USGO_20210324_6pm_KostarelosK_OkweloguE_EO79,0.7142857142857143,0.01
T250_OUTER_04,University of Southern Denmark / Russian Academy of Sciences study,SEQUENCE_RIDGE_COMPOSITION_ONLY,1.0,R4_EDINBURGH_USGO_20210324_6pm_KostarelosK_OkweloguE_EO86,0.9285714285714286,0.01
T250_OUTER_04,University of Southern Denmark / Russian Academy of Sciences study,SEQUENCE_RIDGE_COMPOSITION_ONLY,1.0,R4_EDINBURGH_USGO_20210324_6pm_KostarelosK_OkweloguE_EO87,0.8214285714285714,0.01
T250_OUTER_04,University of Southern Denmark / Russian Academy of Sciences study,SEQUENCE_RIDGE_COMPOSITION_ONLY,1.0,R4_PXD060795_F1,0.9285714285714286,0.01
T250_OUTER_04,University of Southern Denmark / Russian Academy of Sciences study,SEQUENCE_RIDGE_COMPOSITION_ONLY,1.0,R4_PXD060795_F2,0.9285714285714286,0.01
T250_OUTER_04,University of Southern Denmark / Russian Academy of Sciences study,SEQUENCE_RIDGE_COMPOSITION_ONLY,1.0,R4_PXD060795_F3,0.9285714285714286,0.01
T250_OUTER_04,University of Southern Denmark / Russian Academy of Sciences study,SEQUENCE_RIDGE_COMPOSITION_ONLY,1.0,R4_PXD060795_F7,0.8214285714285714,0.01
T250_OUTER_04,University of Southern Denmark / Russian Academy of Sciences study,SEQUENCE_RIDGE_COMPOSITION_ONLY,1.0,R4_PXD060795_F8,0.8857142857142857,0.01
T250_OUTER_04,University of Southern Denmark / Russian Academy of Sciences study,SEQUENCE_RIDGE_COMPOSITION_ONLY,1.0,R4_PXD060795_F9,0.7714285714285715,0.01
T250_OUTER_04,University of Southern Denmark / Russian Academy of Sciences study,SEQUENCE_RIDGE_COMPOSITION_ONLY,1.0,T_D1_133,0.5855400437691199,0.01
T250_OUTER_04,University of Southern Denmark / Russian Academy of Sciences study,SEQUENCE_RIDGE_COMPOSITION_ONLY,1.0,T_D1_138,0.8728715609439694,0.01
T250_OUTER_04,University of Southern Denmark / Russian Academy of Sciences study,SEQUENCE_RIDGE_COMPOSITION_ONLY,1.0,T_D1_165,0.7807200583588266,0.01
T250_OUTER_04,University of Southern Denmark / Russian Academy of Sciences study,SEQUENCE_RIDGE_COMPOSITION_ONLY,1.0,T_D1_173,0.9271050693011066,0.01
T250_OUTER_04,University of Southern Denmark / Russian Academy of Sciences study,SEQUENCE_RIDGE_COMPOSITION_ONLY,1.0,T_D1_186,0.6780635036208105,0.01
T250_OUTER_04,University of Southern Denmark / Russian Academy of Sciences study,SEQUENCE_RIDGE_COMPOSITION_ONLY,1.0,T_D3_119a,0.5424508028966484,0.01
T250_OUTER_04,University of Southern Denmark / Russian Academy of Sciences study,SEQUENCE_RIDGE_COMPOSITION_ONLY,1.0,T_D3_119b,0.5424508028966484,0.01
T250_OUTER_04,University of Southern Denmark / Russian Academy of Sciences study,SEQUENCE_RIDGE_COMPOSITION_ONLY,1.0,T_D3_155,0.5855400437691199,0.01
T250_OUTER_04,University of Southern Denmark / Russian Academy of Sciences study,SEQUENCE_RIDGE_COMPOSITION_ONLY,1.0,T_D3_178,0.7807200583588266,0.01
T250_OUTER_04,University of Southern Denmark / Russian Academy of Sciences study,SEQUENCE_RIDGE_COMPOSITION_ONLY,1.0,T_D3_198,0.5229975846277625,0.01
T250_OUTER_04,University of Southern Denmark / Russian Academy of Sciences study,SEQUENCE_RIDGE_COMPOSITION_ONLY,1.0,__MEAN__,0.7467658406920906,0.01
T250_OUTER_04,University of Southern Denmark / Russian Academy of Sciences study,SEQUENCE_RIDGE_COMPOSITION_ONLY,10.0,PT_D1_16,0.788009048074417,0.01
T250_OUTER_04,University of Southern Denmark / Russian Academy of Sciences study,SEQUENCE_RIDGE_COMPOSITION_ONLY,10.0,PT_D1_18,0.5002164033860247,0.01
T250_OUTER_04,University of Southern Denmark / Russian Academy of Sciences study,SEQUENCE_RIDGE_COMPOSITION_ONLY,10.0,PT_D1_20,0.9121593238215745,0.01
T250_OUTER_04,University of Southern Denmark / Russian Academy of Sciences study,SEQUENCE_RIDGE_COMPOSITION_ONLY,10.0,PT_D1_23,0.7095099819703212,0.01
T250_OUTER_04,University of Southern Denmark / Russian Academy of Sciences study,SEQUENCE_RIDGE_COMPOSITION_ONLY,10.0,PT_D1_33,0.8405540732215929,0.01
T250_OUTER_04,University of Southern Denmark / Russian Academy of Sciences study,SEQUENCE_RIDGE_COMPOSITION_ONLY,10.0,PT_D1_34,0.5855400437691199,0.01
T250_OUTER_04,University of Southern Denmark / Russian Academy of Sciences study,SEQUENCE_RIDGE_COMPOSITION_ONLY,10.0,PT_D1_48,0.4846990641204806,0.01
T250_OUTER_04,University of Southern Denmark / Russian Academy of Sciences study,SEQUENCE_RIDGE_COMPOSITION_ONLY,10.0,PT_D1_51,0.6780635036208105,0.01
T250_OUTER_04,University of Southern Denmark / Russian Academy of Sciences study,SEQUENCE_RIDGE_COMPOSITION_ONLY,10.0,PT_D1_73,0.5933055656682091,0.01
T250_OUTER_04,University of Southern Denmark / Russian Academy of Sciences study,SEQUENCE_RIDGE_COMPOSITION_ONLY,10.0,PT_D1_81,0.7807200583588266,0.01
T250_OUTER_04,University of Southern Denmark / Russian Academy of Sciences study,SEQUENCE_RIDGE_COMPOSITION_ONLY,10.0,PT_D3_06,0.6831300510639733,0.01
T250_OUTER_04,University of Southern Denmark / Russian Academy of Sciences study,SEQUENCE_RIDGE_COMPOSITION_ONLY,10.0,PT_D3_14,0.5855400437691199,0.01
T250_OUTER_04,University of Southern Denmark / Russian Academy of Sciences study,SEQUENCE_RIDGE_COMPOSITION_ONLY,10.0,PT_D3_22,0.5455447255899809,0.01
T250_OUTER_04,University of Southern Denmark / Russian Academy of Sciences study,SEQUENCE_RIDGE_COMPOSITION_ONLY,10.0,PT_D3_28,0.9276336570439175,0.01
T250_OUTER_04,University of Southern Denmark / Russian Academy of Sciences study,SEQUENCE_RIDGE_COMPOSITION_ONLY,10.0,PT_D3_30,0.6425304545837554,0.01
T250_OUTER_04,University of Southern Denmark / Russian Academy of Sciences study,SEQUENCE_RIDGE_COMPOSITION_ONLY,10.0,PT_D3_37,0.7319250547113999,0.01
T250_OUTER_04,University of Southern Denmark / Russian Academy of Sciences study,SEQUENCE_RIDGE_COMPOSITION_ONLY,10.0,PT_D3_41,0.5455447255899809,0.01
T250_OUTER_04,University of Southern Denmark / Russian Academy of Sciences study,SEQUENCE_RIDGE_COMPOSITION_ONLY,10.0,PT_D3_42,0.8295150620062532,0.01
T250_OUTER_04,University of Southern Denmark / Russian Academy of Sciences study,SEQUENCE_RIDGE_COMPOSITION_ONLY,10.0,PT_D3_85,0.47809144373375745,0.01
T250_OUTER_04,University of Southern Denmark / Russian Academy of Sciences study,SEQUENCE_RIDGE_COMPOSITION_ONLY,10.0,PT_D3_96,0.7807200583588266,0.01
T250_OUTER_04,University of Southern Denmark / Russian Academy of Sciences study,SEQUENCE_RIDGE_COMPOSITION_ONLY,10.0,R4_EDINBURGH_SGO_20210324_6pm_KostarelosK_OkweloguE_EO10,0.8857142857142857,0.01
T250_OUTER_04,University of Southern Denmark / Russian Academy of Sciences study,SEQUENCE_RIDGE_COMPOSITION_ONLY,10.0,R4_EDINBURGH_SGO_20210324_6pm_KostarelosK_OkweloguE_EO103,0.7714285714285715,0.01
T250_OUTER_04,University of Southern Denmark / Russian Academy of Sciences study,SEQUENCE_RIDGE_COMPOSITION_ONLY,10.0,R4_EDINBURGH_SGO_20210324_6pm_KostarelosK_OkweloguE_EO105,0.8285714285714286,0.01
T250_OUTER_04,University of Southern Denmark / Russian Academy of Sciences study,SEQUENCE_RIDGE_COMPOSITION_ONLY,10.0,R4_EDINBURGH_SGO_20210324_6pm_KostarelosK_OkweloguE_EO107,0.7714285714285715,0.01
T250_OUTER_04,University of Southern Denmark / Russian Academy of Sciences study,SEQUENCE_RIDGE_COMPOSITION_ONLY,10.0,R4_EDINBURGH_SGO_20210324_6pm_KostarelosK_OkweloguE_EO113,0.9428571428571428,0.01
T250_OUTER_04,University of Southern Denmark / Russian Academy of Sciences study,SEQUENCE_RIDGE_COMPOSITION_ONLY,10.0,R4_EDINBURGH_SGO_20210324_6pm_KostarelosK_OkweloguE_EO116,0.4,0.01
T250_OUTER_04,University of Southern Denmark / Russian Academy of Sciences study,SEQUENCE_RIDGE_COMPOSITION_ONLY,10.0,R4_EDINBURGH_SGO_20210324_6pm_KostarelosK_OkweloguE_EO12,0.8,0.01
T250_OUTER_04,University of Southern Denmark / Russian Academy of Sciences study,SEQUENCE_RIDGE_COMPOSITION_ONLY,10.0,R4_EDINBURGH_SGO_20210324_6pm_KostarelosK_OkweloguE_EO16,0.9,0.01
T250_OUTER_04,University of Southern Denmark / Russian Academy of Sciences study,SEQUENCE_RIDGE_COMPOSITION_ONLY,10.0,R4_EDINBURGH_SGO_20210324_6pm_KostarelosK_OkweloguE_EO21,0.37142857142857144,0.01
T250_OUTER_04,University of Southern Denmark / Russian Academy of Sciences study,SEQUENCE_RIDGE_COMPOSITION_ONLY,10.0,R4_EDINBURGH_SGO_20210324_6pm_KostarelosK_OkweloguE_EO24,0.9428571428571428,0.01
T250_OUTER_04,University of Southern Denmark / Russian Academy of Sciences study,SEQUENCE_RIDGE_COMPOSITION_ONLY,10.0,R4_EDINBURGH_SGO_20210324_6pm_KostarelosK_OkweloguE_EO31,0.7142857142857143,0.01
T250_OUTER_04,University of Southern Denmark / Russian Academy of Sciences study,SEQUENCE_RIDGE_COMPOSITION_ONLY,10.0,R4_EDINBURGH_SGO_20210324_6pm_KostarelosK_OkweloguE_EO34,0.14285714285714285,0.01
T250_OUTER_04,University of Southern Denmark / Russian Academy of Sciences study,SEQUENCE_RIDGE_COMPOSITION_ONLY,10.0,R4_EDINBURGH_SGO_20210324_6pm_KostarelosK_OkweloguE_EO4,0.8857142857142857,0.01
T250_OUTER_04,University of Southern Denmark / Russian Academy of Sciences study,SEQUENCE_RIDGE_COMPOSITION_ONLY,10.0,R4_EDINBURGH_SGO_20210324_6pm_KostarelosK_OkweloguE_EO43,0.6,0.01
T250_OUTER_04,University of Southern Denmark / Russian Academy of Sciences study,SEQUENCE_RIDGE_COMPOSITION_ONLY,10.0,R4_EDINBURGH_SGO_20210324_6pm_KostarelosK_OkweloguE_EO52,0.7714285714285715,0.01
T250_OUTER_04,University of Southern Denmark / Russian Academy of Sciences study,SEQUENCE_RIDGE_COMPOSITION_ONLY,10.0,R4_EDINBURGH_SGO_20210324_6pm_KostarelosK_OkweloguE_EO64,0.8857142857142857,0.01
T250_OUTER_04,University of Southern Denmark / Russian Academy of Sciences study,SEQUENCE_RIDGE_COMPOSITION_ONLY,10.0,R4_EDINBURGH_SGO_20210324_6pm_KostarelosK_OkweloguE_EO66,0.8285714285714286,0.01
T250_OUTER_04,University of Southern Denmark / Russian Academy of Sciences study,SEQUENCE_RIDGE_COMPOSITION_ONLY,10.0,R4_EDINBURGH_SGO_20210324_6pm_KostarelosK_OkweloguE_EO73,0.9428571428571428,0.01
T250_OUTER_04,University of Southern Denmark / Russian Academy of Sciences study,SEQUENCE_RIDGE_COMPOSITION_ONLY,10.0,R4_EDINBURGH_SGO_20210324_6pm_KostarelosK_OkweloguE_EO83,0.9428571428571428,0.01
T250_OUTER_04,University of Southern Denmark / Russian Academy of Sciences study,SEQUENCE_RIDGE_COMPOSITION_ONLY,10.0,R4_EDINBURGH_SGO_20210324_6pm_KostarelosK_OkweloguE_EO88,0.3,0.01
T250_OUTER_04,University of Southern Denmark / Russian Academy of Sciences study,SEQUENCE_RIDGE_COMPOSITION_ONLY,10.0,R4_EDINBURGH_SGO_20210324_6pm_KostarelosK_OkweloguE_EO94,0.8285714285714286,0.01
T250_OUTER_04,University of Southern Denmark / Russian Academy of Sciences study,SEQUENCE_RIDGE_COMPOSITION_ONLY,10.0,R4_EDINBURGH_SGO_20210324_6pm_KostarelosK_OkweloguE_EO96,0.9428571428571428,0.01
T250_OUTER_04,University of Southern Denmark / Russian Academy of Sciences study,SEQUENCE_RIDGE_COMPOSITION_ONLY,10.0,R4_EDINBURGH_SGO_20210324_6pm_KostarelosK_OkweloguE_EO97,0.8285714285714286,0.01
T250_OUTER_04,University of Southern Denmark / Russian Academy of Sciences study,SEQUENCE_RIDGE_COMPOSITION_ONLY,10.0,R4_EDINBURGH_USGO_20210324_6pm_KostarelosK_OkweloguE_EO106,0.8214285714285714,0.01
T250_OUTER_04,University of Southern Denmark / Russian Academy of Sciences study,SEQUENCE_RIDGE_COMPOSITION_ONLY,10.0,R4_EDINBURGH_USGO_20210324_6pm_KostarelosK_OkweloguE_EO11,0.7857142857142857,0.01
T250_OUTER_04,University of Southern Denmark / Russian Academy of Sciences study,SEQUENCE_RIDGE_COMPOSITION_ONLY,10.0,R4_EDINBURGH_USGO_20210324_6pm_KostarelosK_OkweloguE_EO111,0.7857142857142857,0.01
T250_OUTER_04,University of Southern Denmark / Russian Academy of Sciences study,SEQUENCE_RIDGE_COMPOSITION_ONLY,10.0,R4_EDINBURGH_USGO_20210324_6pm_KostarelosK_OkweloguE_EO112,0.7142857142857143,0.01
T250_OUTER_04,University of Southern Denmark / Russian Academy of Sciences study,SEQUENCE_RIDGE_COMPOSITION_ONLY,10.0,R4_EDINBURGH_USGO_20210324_6pm_KostarelosK_OkweloguE_EO115,0.8928571428571429,0.01
T250_OUTER_04,University of Southern Denmark / Russian Academy of Sciences study,SEQUENCE_RIDGE_COMPOSITION_ONLY,10.0,R4_EDINBURGH_USGO_20210324_6pm_KostarelosK_OkweloguE_EO120,0.8928571428571429,0.01
T250_OUTER_04,University of Southern Denmark / Russian Academy of Sciences study,SEQUENCE_RIDGE_COMPOSITION_ONLY,10.0,R4_EDINBURGH_USGO_20210324_6pm_KostarelosK_OkweloguE_EO121,0.5357142857142857,0.01
T250_OUTER_04,University of Southern Denmark / Russian Academy of Sciences study,SEQUENCE_RIDGE_COMPOSITION_ONLY,10.0,R4_EDINBURGH_USGO_20210324_6pm_KostarelosK_OkweloguE_EO125,0.9642857142857143,0.01
T250_OUTER_04,University of Southern Denmark / Russian Academy of Sciences study,SEQUENCE_RIDGE_COMPOSITION_ONLY,10.0,R4_EDINBURGH_USGO_20210324_6pm_KostarelosK_OkweloguE_EO126,0.7857142857142857,0.01
T250_OUTER_04,University of Southern Denmark / Russian Academy of Sciences study,SEQUENCE_RIDGE_COMPOSITION_ONLY,10.0,R4_EDINBURGH_USGO_20210324_6pm_KostarelosK_OkweloguE_EO13,0.8285714285714286,0.01
T250_OUTER_04,University of Southern Denmark / Russian Academy of Sciences study,SEQUENCE_RIDGE_COMPOSITION_ONLY,10.0,R4_EDINBURGH_USGO_20210324_6pm_KostarelosK_OkweloguE_EO26,0.7714285714285715,0.01
T250_OUTER_04,University of Southern Denmark / Russian Academy of Sciences study,SEQUENCE_RIDGE_COMPOSITION_ONLY,10.0,R4_EDINBURGH_USGO_20210324_6pm_KostarelosK_OkweloguE_EO36,1.0,0.01
T250_OUTER_04,University of Southern Denmark / Russian Academy of Sciences study,SEQUENCE_RIDGE_COMPOSITION_ONLY,10.0,R4_EDINBURGH_USGO_20210324_6pm_KostarelosK_OkweloguE_EO40,0.8857142857142857,0.01
T250_OUTER_04,University of Southern Denmark / Russian Academy of Sciences study,SEQUENCE_RIDGE_COMPOSITION_ONLY,10.0,R4_EDINBURGH_USGO_20210324_6pm_KostarelosK_OkweloguE_EO42,0.9428571428571428,0.01
T250_OUTER_04,University of Southern Denmark / Russian Academy of Sciences study,SEQUENCE_RIDGE_COMPOSITION_ONLY,10.0,R4_EDINBURGH_USGO_20210324_6pm_KostarelosK_OkweloguE_EO44,0.8285714285714286,0.01
T250_OUTER_04,University of Southern Denmark / Russian Academy of Sciences study,SEQUENCE_RIDGE_COMPOSITION_ONLY,10.0,R4_EDINBURGH_USGO_20210324_6pm_KostarelosK_OkweloguE_EO5,0.8928571428571429,0.01
T250_OUTER_04,University of Southern Denmark / Russian Academy of Sciences study,SEQUENCE_RIDGE_COMPOSITION_ONLY,10.0,R4_EDINBURGH_USGO_20210324_6pm_KostarelosK_OkweloguE_EO50,0.7857142857142857,0.01
T250_OUTER_04,University of Southern Denmark / Russian Academy of Sciences study,SEQUENCE_RIDGE_COMPOSITION_ONLY,10.0,R4_EDINBURGH_USGO_20210324_6pm_KostarelosK_OkweloguE_EO53,0.7714285714285715,0.01
T250_OUTER_04,University of Southern Denmark / Russian Academy of Sciences study,SEQUENCE_RIDGE_COMPOSITION_ONLY,10.0,R4_EDINBURGH_USGO_20210324_6pm_KostarelosK_OkweloguE_EO60,0.9428571428571428,0.01
T250_OUTER_04,University of Southern Denmark / Russian Academy of Sciences study,SEQUENCE_RIDGE_COMPOSITION_ONLY,10.0,R4_EDINBURGH_USGO_20210324_6pm_KostarelosK_OkweloguE_EO62,0.25,0.01
T250_OUTER_04,University of Southern Denmark / Russian Academy of Sciences study,SEQUENCE_RIDGE_COMPOSITION_ONLY,10.0,R4_EDINBURGH_USGO_20210324_6pm_KostarelosK_OkweloguE_EO69,0.8214285714285714,0.01
T250_OUTER_04,University of Southern Denmark / Russian Academy of Sciences study,SEQUENCE_RIDGE_COMPOSITION_ONLY,10.0,R4_EDINBURGH_USGO_20210324_6pm_KostarelosK_OkweloguE_EO76,0.4642857142857143,0.01
T250_OUTER_04,University of Southern Denmark / Russian Academy of Sciences study,SEQUENCE_RIDGE_COMPOSITION_ONLY,10.0,R4_EDINBURGH_USGO_20210324_6pm_KostarelosK_OkweloguE_EO77,0.7142857142857143,0.01
T250_OUTER_04,University of Southern Denmark / Russian Academy of Sciences study,SEQUENCE_RIDGE_COMPOSITION_ONLY,10.0,R4_EDINBURGH_USGO_20210324_6pm_KostarelosK_OkweloguE_EO79,0.7142857142857143,0.01
T250_OUTER_04,University of Southern Denmark / Russian Academy of Sciences study,SEQUENCE_RIDGE_COMPOSITION_ONLY,10.0,R4_EDINBURGH_USGO_20210324_6pm_KostarelosK_OkweloguE_EO86,0.9285714285714286,0.01
T250_OUTER_04,University of Southern Denmark / Russian Academy of Sciences study,SEQUENCE_RIDGE_COMPOSITION_ONLY,10.0,R4_EDINBURGH_USGO_20210324_6pm_KostarelosK_OkweloguE_EO87,0.8214285714285714,0.01
T250_OUTER_04,University of Southern Denmark / Russian Academy of Sciences study,SEQUENCE_RIDGE_COMPOSITION_ONLY,10.0,R4_PXD060795_F1,0.9285714285714286,0.01
T250_OUTER_04,University of Southern Denmark / Russian Academy of Sciences study,SEQUENCE_RIDGE_COMPOSITION_ONLY,10.0,R4_PXD060795_F2,0.9285714285714286,0.01
T250_OUTER_04,University of Southern Denmark / Russian Academy of Sciences study,SEQUENCE_RIDGE_COMPOSITION_ONLY,10.0,R4_PXD060795_F3,0.9285714285714286,0.01
T250_OUTER_04,University of Southern Denmark / Russian Academy of Sciences study,SEQUENCE_RIDGE_COMPOSITION_ONLY,10.0,R4_PXD060795_F7,0.8214285714285714,0.01
T250_OUTER_04,University of Southern Denmark / Russian Academy of Sciences study,SEQUENCE_RIDGE_COMPOSITION_ONLY,10.0,R4_PXD060795_F8,0.8857142857142857,0.01
T250_OUTER_04,University of Southern Denmark / Russian Academy of Sciences study,SEQUENCE_RIDGE_COMPOSITION_ONLY,10.0,R4_PXD060795_F9,0.7714285714285715,0.01
T250_OUTER_04,University of Southern Denmark / Russian Academy of Sciences study,SEQUENCE_RIDGE_COMPOSITION_ONLY,10.0,T_D1_133,0.5855400437691199,0.01
T250_OUTER_04,University of Southern Denmark / Russian Academy of Sciences study,SEQUENCE_RIDGE_COMPOSITION_ONLY,10.0,T_D1_138,0.8365019125713041,0.01
T250_OUTER_04,University of Southern Denmark / Russian Academy of Sciences study,SEQUENCE_RIDGE_COMPOSITION_ONLY,10.0,T_D1_165,0.7807200583588266,0.01
T250_OUTER_04,University of Southern Denmark / Russian Academy of Sciences study,SEQUENCE_RIDGE_COMPOSITION_ONLY,10.0,T_D1_173,0.9271050693011066,0.01
T250_OUTER_04,University of Southern Denmark / Russian Academy of Sciences study,SEQUENCE_RIDGE_COMPOSITION_ONLY,10.0,T_D1_186,0.6780635036208105,0.01
T250_OUTER_04,University of Southern Denmark / Russian Academy of Sciences study,SEQUENCE_RIDGE_COMPOSITION_ONLY,10.0,T_D3_119a,0.5424508028966484,0.01
T250_OUTER_04,University of Southern Denmark / Russian Academy of Sciences study,SEQUENCE_RIDGE_COMPOSITION_ONLY,10.0,T_D3_119b,0.5424508028966484,0.01
T250_OUTER_04,University of Southern Denmark / Russian Academy of Sciences study,SEQUENCE_RIDGE_COMPOSITION_ONLY,10.0,T_D3_155,0.5855400437691199,0.01
T250_OUTER_04,University of Southern Denmark / Russian Academy of Sciences study,SEQUENCE_RIDGE_COMPOSITION_ONLY,10.0,T_D3_178,0.7807200583588266,0.01
T250_OUTER_04,University of Southern Denmark / Russian Academy of Sciences study,SEQUENCE_RIDGE_COMPOSITION_ONLY,10.0,T_D3_198,0.5229975846277625,0.01
T250_OUTER_04,University of Southern Denmark / Russian Academy of Sciences study,SEQUENCE_RIDGE_COMPOSITION_ONLY,10.0,__MEAN__,0.7463618412746681,0.01
T250_OUTER_04,University of Southern Denmark / Russian Academy of Sciences study,SEQUENCE_RIDGE_COMPOSITION_ONLY,100.0,PT_D1_16,0.788009048074417,0.01
T250_OUTER_04,University of Southern Denmark / Russian Academy of Sciences study,SEQUENCE_RIDGE_COMPOSITION_ONLY,100.0,PT_D1_18,0.46381682852195877,0.01
T250_OUTER_04,University of Southern Denmark / Russian Academy of Sciences study,SEQUENCE_RIDGE_COMPOSITION_ONLY,100.0,PT_D1_20,0.8696565534786727,0.01
T250_OUTER_04,University of Southern Denmark / Russian Academy of Sciences study,SEQUENCE_RIDGE_COMPOSITION_ONLY,100.0,PT_D1_23,0.7012325483169698,0.01
T250_OUTER_04,University of Southern Denmark / Russian Academy of Sciences study,SEQUENCE_RIDGE_COMPOSITION_ONLY,100.0,PT_D1_33,0.8405540732215929,0.01
T250_OUTER_04,University of Southern Denmark / Russian Academy of Sciences study,SEQUENCE_RIDGE_COMPOSITION_ONLY,100.0,PT_D1_34,0.5855400437691199,0.01
T250_OUTER_04,University of Southern Denmark / Russian Academy of Sciences study,SEQUENCE_RIDGE_COMPOSITION_ONLY,100.0,PT_D1_48,0.4923659639173309,0.01
T250_OUTER_04,University of Southern Denmark / Russian Academy of Sciences study,SEQUENCE_RIDGE_COMPOSITION_ONLY,100.0,PT_D1_51,0.6780635036208105,0.01
T250_OUTER_04,University of Southern Denmark / Russian Academy of Sciences study,SEQUENCE_RIDGE_COMPOSITION_ONLY,100.0,PT_D1_73,0.5933055656682091,0.01
T250_OUTER_04,University of Southern Denmark / Russian Academy of Sciences study,SEQUENCE_RIDGE_COMPOSITION_ONLY,100.0,PT_D1_81,0.7807200583588266,0.01
T250_OUTER_04,University of Southern Denmark / Russian Academy of Sciences study,SEQUENCE_RIDGE_COMPOSITION_ONLY,100.0,PT_D3_06,0.6831300510639733,0.01
T250_OUTER_04,University of Southern Denmark / Russian Academy of Sciences study,SEQUENCE_RIDGE_COMPOSITION_ONLY,100.0,PT_D3_14,0.5855400437691199,0.01
T250_OUTER_04,University of Southern Denmark / Russian Academy of Sciences study,SEQUENCE_RIDGE_COMPOSITION_ONLY,100.0,PT_D3_22,0.5690229011161231,0.01
T250_OUTER_04,University of Southern Denmark / Russian Academy of Sciences study,SEQUENCE_RIDGE_COMPOSITION_ONLY,100.0,PT_D3_28,0.9856107606091623,0.01
T250_OUTER_04,University of Southern Denmark / Russian Academy of Sciences study,SEQUENCE_RIDGE_COMPOSITION_ONLY,100.0,PT_D3_30,0.6425304545837554,0.01
T250_OUTER_04,University of Southern Denmark / Russian Academy of Sciences study,SEQUENCE_RIDGE_COMPOSITION_ONLY,100.0,PT_D3_37,0.7319250547113999,0.01
T250_OUTER_04,University of Southern Denmark / Russian Academy of Sciences study,SEQUENCE_RIDGE_COMPOSITION_ONLY,100.0,PT_D3_41,0.5455447255899809,0.01
T250_OUTER_04,University of Southern Denmark / Russian Academy of Sciences study,SEQUENCE_RIDGE_COMPOSITION_ONLY,100.0,PT_D3_42,0.8295150620062532,0.01
T250_OUTER_04,University of Southern Denmark / Russian Academy of Sciences study,SEQUENCE_RIDGE_COMPOSITION_ONLY,100.0,PT_D3_85,0.47809144373375745,0.01
T250_OUTER_04,University of Southern Denmark / Russian Academy of Sciences study,SEQUENCE_RIDGE_COMPOSITION_ONLY,100.0,PT_D3_96,0.7807200583588266,0.01
T250_OUTER_04,University of Southern Denmark / Russian Academy of Sciences study,SEQUENCE_RIDGE_COMPOSITION_ONLY,100.0,R4_EDINBURGH_SGO_20210324_6pm_KostarelosK_OkweloguE_EO10,0.8857142857142857,0.01
T250_OUTER_04,University of Southern Denmark / Russian Academy of Sciences study,SEQUENCE_RIDGE_COMPOSITION_ONLY,100.0,R4_EDINBURGH_SGO_20210324_6pm_KostarelosK_OkweloguE_EO103,0.7714285714285715,0.01
T250_OUTER_04,University of Southern Denmark / Russian Academy of Sciences study,SEQUENCE_RIDGE_COMPOSITION_ONLY,100.0,R4_EDINBURGH_SGO_20210324_6pm_KostarelosK_OkweloguE_EO105,0.8285714285714286,0.01
T250_OUTER_04,University of Southern Denmark / Russian Academy of Sciences study,SEQUENCE_RIDGE_COMPOSITION_ONLY,100.0,R4_EDINBURGH_SGO_20210324_6pm_KostarelosK_OkweloguE_EO107,0.7714285714285715,0.01
T250_OUTER_04,University of Southern Denmark / Russian Academy of Sciences study,SEQUENCE_RIDGE_COMPOSITION_ONLY,100.0,R4_EDINBURGH_SGO_20210324_6pm_KostarelosK_OkweloguE_EO113,0.9428571428571428,0.01
T250_OUTER_04,University of Southern Denmark / Russian Academy of Sciences study,SEQUENCE_RIDGE_COMPOSITION_ONLY,100.0,R4_EDINBURGH_SGO_20210324_6pm_KostarelosK_OkweloguE_EO116,0.4,0.01
T250_OUTER_04,University of Southern Denmark / Russian Academy of Sciences study,SEQUENCE_RIDGE_COMPOSITION_ONLY,100.0,R4_EDINBURGH_SGO_20210324_6pm_KostarelosK_OkweloguE_EO12,0.8,0.01
T250_OUTER_04,University of Southern Denmark / Russian Academy of Sciences study,SEQUENCE_RIDGE_COMPOSITION_ONLY,100.0,R4_EDINBURGH_SGO_20210324_6pm_KostarelosK_OkweloguE_EO16,0.9,0.01
T250_OUTER_04,University of Southern Denmark / Russian Academy of Sciences study,SEQUENCE_RIDGE_COMPOSITION_ONLY,100.0,R4_EDINBURGH_SGO_20210324_6pm_KostarelosK_OkweloguE_EO21,0.37142857142857144,0.01
T250_OUTER_04,University of Southern Denmark / Russian Academy of Sciences study,SEQUENCE_RIDGE_COMPOSITION_ONLY,100.0,R4_EDINBURGH_SGO_20210324_6pm_KostarelosK_OkweloguE_EO24,0.9428571428571428,0.01
T250_OUTER_04,University of Southern Denmark / Russian Academy of Sciences study,SEQUENCE_RIDGE_COMPOSITION_ONLY,100.0,R4_EDINBURGH_SGO_20210324_6pm_KostarelosK_OkweloguE_EO31,0.7142857142857143,0.01
T250_OUTER_04,University of Southern Denmark / Russian Academy of Sciences study,SEQUENCE_RIDGE_COMPOSITION_ONLY,100.0,R4_EDINBURGH_SGO_20210324_6pm_KostarelosK_OkweloguE_EO34,0.14285714285714285,0.01
T250_OUTER_04,University of Southern Denmark / Russian Academy of Sciences study,SEQUENCE_RIDGE_COMPOSITION_ONLY,100.0,R4_EDINBURGH_SGO_20210324_6pm_KostarelosK_OkweloguE_EO4,0.8857142857142857,0.01
T250_OUTER_04,University of Southern Denmark / Russian Academy of Sciences study,SEQUENCE_RIDGE_COMPOSITION_ONLY,100.0,R4_EDINBURGH_SGO_20210324_6pm_KostarelosK_OkweloguE_EO43,0.6,0.01
T250_OUTER_04,University of Southern Denmark / Russian Academy of Sciences study,SEQUENCE_RIDGE_COMPOSITION_ONLY,100.0,R4_EDINBURGH_SGO_20210324_6pm_KostarelosK_OkweloguE_EO52,0.7714285714285715,0.01
T250_OUTER_04,University of Southern Denmark / Russian Academy of Sciences study,SEQUENCE_RIDGE_COMPOSITION_ONLY,100.0,R4_EDINBURGH_SGO_20210324_6pm_KostarelosK_OkweloguE_EO64,0.8857142857142857,0.01
T250_OUTER_04,University of Southern Denmark / Russian Academy of Sciences study,SEQUENCE_RIDGE_COMPOSITION_ONLY,100.0,R4_EDINBURGH_SGO_20210324_6pm_KostarelosK_OkweloguE_EO66,0.8285714285714286,0.01
T250_OUTER_04,University of Southern Denmark / Russian Academy of Sciences study,SEQUENCE_RIDGE_COMPOSITION_ONLY,100.0,R4_EDINBURGH_SGO_20210324_6pm_KostarelosK_OkweloguE_EO73,0.9428571428571428,0.01
T250_OUTER_04,University of Southern Denmark / Russian Academy of Sciences study,SEQUENCE_RIDGE_COMPOSITION_ONLY,100.0,R4_EDINBURGH_SGO_20210324_6pm_KostarelosK_OkweloguE_EO83,0.9428571428571428,0.01
T250_OUTER_04,University of Southern Denmark / Russian Academy of Sciences study,SEQUENCE_RIDGE_COMPOSITION_ONLY,100.0,R4_EDINBURGH_SGO_20210324_6pm_KostarelosK_OkweloguE_EO88,0.3,0.01
T250_OUTER_04,University of Southern Denmark / Russian Academy of Sciences study,SEQUENCE_RIDGE_COMPOSITION_ONLY,100.0,R4_EDINBURGH_SGO_20210324_6pm_KostarelosK_OkweloguE_EO94,0.8285714285714286,0.01
T250_OUTER_04,University of Southern Denmark / Russian Academy of Sciences study,SEQUENCE_RIDGE_COMPOSITION_ONLY,100.0,R4_EDINBURGH_SGO_20210324_6pm_KostarelosK_OkweloguE_EO96,0.9428571428571428,0.01
T250_OUTER_04,University of Southern Denmark / Russian Academy of Sciences study,SEQUENCE_RIDGE_COMPOSITION_ONLY,100.0,R4_EDINBURGH_SGO_20210324_6pm_KostarelosK_OkweloguE_EO97,0.8285714285714286,0.01
T250_OUTER_04,University of Southern Denmark / Russian Academy of Sciences study,SEQUENCE_RIDGE_COMPOSITION_ONLY,100.0,R4_EDINBURGH_USGO_20210324_6pm_KostarelosK_OkweloguE_EO106,0.8214285714285714,0.01
T250_OUTER_04,University of Southern Denmark / Russian Academy of Sciences study,SEQUENCE_RIDGE_COMPOSITION_ONLY,100.0,R4_EDINBURGH_USGO_20210324_6pm_KostarelosK_OkweloguE_EO11,0.7857142857142857,0.01
T250_OUTER_04,University of Southern Denmark / Russian Academy of Sciences study,SEQUENCE_RIDGE_COMPOSITION_ONLY,100.0,R4_EDINBURGH_USGO_20210324_6pm_KostarelosK_OkweloguE_EO111,0.7857142857142857,0.01
T250_OUTER_04,University of Southern Denmark / Russian Academy of Sciences study,SEQUENCE_RIDGE_COMPOSITION_ONLY,100.0,R4_EDINBURGH_USGO_20210324_6pm_KostarelosK_OkweloguE_EO112,0.7142857142857143,0.01
T250_OUTER_04,University of Southern Denmark / Russian Academy of Sciences study,SEQUENCE_RIDGE_COMPOSITION_ONLY,100.0,R4_EDINBURGH_USGO_20210324_6pm_KostarelosK_OkweloguE_EO115,0.8928571428571429,0.01
T250_OUTER_04,University of Southern Denmark / Russian Academy of Sciences study,SEQUENCE_RIDGE_COMPOSITION_ONLY,100.0,R4_EDINBURGH_USGO_20210324_6pm_KostarelosK_OkweloguE_EO120,0.8928571428571429,0.01
T250_OUTER_04,University of Southern Denmark / Russian Academy of Sciences study,SEQUENCE_RIDGE_COMPOSITION_ONLY,100.0,R4_EDINBURGH_USGO_20210324_6pm_KostarelosK_OkweloguE_EO121,0.5357142857142857,0.01
T250_OUTER_04,University of Southern Denmark / Russian Academy of Sciences study,SEQUENCE_RIDGE_COMPOSITION_ONLY,100.0,R4_EDINBURGH_USGO_20210324_6pm_KostarelosK_OkweloguE_EO125,0.9642857142857143,0.01
T250_OUTER_04,University of Southern Denmark / Russian Academy of Sciences study,SEQUENCE_RIDGE_COMPOSITION_ONLY,100.0,R4_EDINBURGH_USGO_20210324_6pm_KostarelosK_OkweloguE_EO126,0.7857142857142857,0.01
T250_OUTER_04,University of Southern Denmark / Russian Academy of Sciences study,SEQUENCE_RIDGE_COMPOSITION_ONLY,100.0,R4_EDINBURGH_USGO_20210324_6pm_KostarelosK_OkweloguE_EO13,0.8285714285714286,0.01
T250_OUTER_04,University of Southern Denmark / Russian Academy of Sciences study,SEQUENCE_RIDGE_COMPOSITION_ONLY,100.0,R4_EDINBURGH_USGO_20210324_6pm_KostarelosK_OkweloguE_EO26,0.7714285714285715,0.01
T250_OUTER_04,University of Southern Denmark / Russian Academy of Sciences study,SEQUENCE_RIDGE_COMPOSITION_ONLY,100.0,R4_EDINBURGH_USGO_20210324_6pm_KostarelosK_OkweloguE_EO36,1.0,0.01
T250_OUTER_04,University of Southern Denmark / Russian Academy of Sciences study,SEQUENCE_RIDGE_COMPOSITION_ONLY,100.0,R4_EDINBURGH_USGO_20210324_6pm_KostarelosK_OkweloguE_EO40,0.8857142857142857,0.01
T250_OUTER_04,University of Southern Denmark / Russian Academy of Sciences study,SEQUENCE_RIDGE_COMPOSITION_ONLY,100.0,R4_EDINBURGH_USGO_20210324_6pm_KostarelosK_OkweloguE_EO42,0.9428571428571428,0.01
T250_OUTER_04,University of Southern Denmark / Russian Academy of Sciences study,SEQUENCE_RIDGE_COMPOSITION_ONLY,100.0,R4_EDINBURGH_USGO_20210324_6pm_KostarelosK_OkweloguE_EO44,0.8285714285714286,0.01
T250_OUTER_04,University of Southern Denmark / Russian Academy of Sciences study,SEQUENCE_RIDGE_COMPOSITION_ONLY,100.0,R4_EDINBURGH_USGO_20210324_6pm_KostarelosK_OkweloguE_EO5,0.8928571428571429,0.01
T250_OUTER_04,University of Southern Denmark / Russian Academy of Sciences study,SEQUENCE_RIDGE_COMPOSITION_ONLY,100.0,R4_EDINBURGH_USGO_20210324_6pm_KostarelosK_OkweloguE_EO50,0.7857142857142857,0.01
T250_OUTER_04,University of Southern Denmark / Russian Academy of Sciences study,SEQUENCE_RIDGE_COMPOSITION_ONLY,100.0,R4_EDINBURGH_USGO_20210324_6pm_KostarelosK_OkweloguE_EO53,0.7714285714285715,0.01
T250_OUTER_04,University of Southern Denmark / Russian Academy of Sciences study,SEQUENCE_RIDGE_COMPOSITION_ONLY,100.0,R4_EDINBURGH_USGO_20210324_6pm_KostarelosK_OkweloguE_EO60,0.9428571428571428,0.01
T250_OUTER_04,University of Southern Denmark / Russian Academy of Sciences study,SEQUENCE_RIDGE_COMPOSITION_ONLY,100.0,R4_EDINBURGH_USGO_20210324_6pm_KostarelosK_OkweloguE_EO62,0.25,0.01
T250_OUTER_04,University of Southern Denmark / Russian Academy of Sciences study,SEQUENCE_RIDGE_COMPOSITION_ONLY,100.0,R4_EDINBURGH_USGO_20210324_6pm_KostarelosK_OkweloguE_EO69,0.8214285714285714,0.01
T250_OUTER_04,University of Southern Denmark / Russian Academy of Sciences study,SEQUENCE_RIDGE_COMPOSITION_ONLY,100.0,R4_EDINBURGH_USGO_20210324_6pm_KostarelosK_OkweloguE_EO76,0.4642857142857143,0.01
T250_OUTER_04,University of Southern Denmark / Russian Academy of Sciences study,SEQUENCE_RIDGE_COMPOSITION_ONLY,100.0,R4_EDINBURGH_USGO_20210324_6pm_KostarelosK_OkweloguE_EO77,0.7142857142857143,0.01
T250_OUTER_04,University of Southern Denmark / Russian Academy of Sciences study,SEQUENCE_RIDGE_COMPOSITION_ONLY,100.0,R4_EDINBURGH_USGO_20210324_6pm_KostarelosK_OkweloguE_EO79,0.7142857142857143,0.01
T250_OUTER_04,University of Southern Denmark / Russian Academy of Sciences study,SEQUENCE_RIDGE_COMPOSITION_ONLY,100.0,R4_EDINBURGH_USGO_20210324_6pm_KostarelosK_OkweloguE_EO86,0.9285714285714286,0.01
T250_OUTER_04,University of Southern Denmark / Russian Academy of Sciences study,SEQUENCE_RIDGE_COMPOSITION_ONLY,100.0,R4_EDINBURGH_USGO_20210324_6pm_KostarelosK_OkweloguE_EO87,0.8214285714285714,0.01
T250_OUTER_04,University of Southern Denmark / Russian Academy of Sciences study,SEQUENCE_RIDGE_COMPOSITION_ONLY,100.0,R4_PXD060795_F1,0.9285714285714286,0.01
T250_OUTER_04,University of Southern Denmark / Russian Academy of Sciences study,SEQUENCE_RIDGE_COMPOSITION_ONLY,100.0,R4_PXD060795_F2,0.9285714285714286,0.01
T250_OUTER_04,University of Southern Denmark / Russian Academy of Sciences study,SEQUENCE_RIDGE_COMPOSITION_ONLY,100.0,R4_PXD060795_F3,0.9285714285714286,0.01
T250_OUTER_04,University of Southern Denmark / Russian Academy of Sciences study,SEQUENCE_RIDGE_COMPOSITION_ONLY,100.0,R4_PXD060795_F7,0.8214285714285714,0.01
T250_OUTER_04,University of Southern Denmark / Russian Academy of Sciences study,SEQUENCE_RIDGE_COMPOSITION_ONLY,100.0,R4_PXD060795_F8,0.8857142857142857,0.01
T250_OUTER_04,University of Southern Denmark / Russian Academy of Sciences study,SEQUENCE_RIDGE_COMPOSITION_ONLY,100.0,R4_PXD060795_F9,0.7714285714285715,0.01
T250_OUTER_04,University of Southern Denmark / Russian Academy of Sciences study,SEQUENCE_RIDGE_COMPOSITION_ONLY,100.0,T_D1_133,0.5855400437691199,0.01
T250_OUTER_04,University of Southern Denmark / Russian Academy of Sciences study,SEQUENCE_RIDGE_COMPOSITION_ONLY,100.0,T_D1_138,0.8468812149338254,0.01
T250_OUTER_04,University of Southern Denmark / Russian Academy of Sciences study,SEQUENCE_RIDGE_COMPOSITION_ONLY,100.0,T_D1_165,0.7807200583588266,0.01
T250_OUTER_04,University of Southern Denmark / Russian Academy of Sciences study,SEQUENCE_RIDGE_COMPOSITION_ONLY,100.0,T_D1_173,0.9271050693011066,0.01
T250_OUTER_04,University of Southern Denmark / Russian Academy of Sciences study,SEQUENCE_RIDGE_COMPOSITION_ONLY,100.0,T_D1_186,0.6780635036208105,0.01
T250_OUTER_04,University of Southern Denmark / Russian Academy of Sciences study,SEQUENCE_RIDGE_COMPOSITION_ONLY,100.0,T_D3_119a,0.5424508028966484,0.01
T250_OUTER_04,University of Southern Denmark / Russian Academy of Sciences study,SEQUENCE_RIDGE_COMPOSITION_ONLY,100.0,T_D3_119b,0.5424508028966484,0.01
T250_OUTER_04,University of Southern Denmark / Russian Academy of Sciences study,SEQUENCE_RIDGE_COMPOSITION_ONLY,100.0,T_D3_155,0.5855400437691199,0.01
T250_OUTER_04,University of Southern Denmark / Russian Academy of Sciences study,SEQUENCE_RIDGE_COMPOSITION_ONLY,100.0,T_D3_178,0.7807200583588266,0.01
T250_OUTER_04,University of Southern Denmark / Russian Academy of Sciences study,SEQUENCE_RIDGE_COMPOSITION_ONLY,100.0,T_D3_198,0.5229975846277625,0.01
T250_OUTER_04,University of Southern Denmark / Russian Academy of Sciences study,SEQUENCE_RIDGE_COMPOSITION_ONLY,100.0,__MEAN__,0.7465068024792616,0.01
