model_id,measurement_batch_id,protein_count,spearman,mae,rmse,biological_unit_id,spearman_status
CONSTANT_TRAINING_MEAN,R4_PXD017052_NSCLC:001-0010_Healthy:SP-003,33,,0.2579795019555096,0.29785765734407454,001-0010,UNDEFINED_CONSTANT_PREDICTION
CONSTANT_TRAINING_MEAN,R4_PXD017052_NSCLC:001-0010_Healthy:SP-006,34,,0.25757575757575757,0.2975926003039589,001-0010,UNDEFINED_CONSTANT_PREDICTION
CONSTANT_TRAINING_MEAN,R4_PXD017052_NSCLC:001-0010_Healthy:SP-007,30,,0.25862068965517243,0.2987607356095315,001-0010,UNDEFINED_CONSTANT_PREDICTION
CONSTANT_TRAINING_MEAN,R4_PXD017052_NSCLC:001-0010_Healthy:SP-333,18,,0.2647058823529412,0.30547466715555033,001-0010,UNDEFINED_CONSTANT_PREDICTION
CONSTANT_TRAINING_MEAN,R4_PXD017052_NSCLC:001-0010_Healthy:SP-339,30,,0.25862068965517243,0.29876073560953154,001-0010,UNDEFINED_CONSTANT_PREDICTION
CONSTANT_TRAINING_MEAN,R4_PXD017052_NSCLC:001-0018_Early:SP-003,33,,0.2579795019555096,0.29785765734407454,001-0018,UNDEFINED_CONSTANT_PREDICTION
CONSTANT_TRAINING_MEAN,R4_PXD017052_NSCLC:001-0018_Early:SP-006,33,,0.2579795019555096,0.2978576573440746,001-0018,UNDEFINED_CONSTANT_PREDICTION
CONSTANT_TRAINING_MEAN,R4_PXD017052_NSCLC:001-0018_Early:SP-007,32,,0.25806451612903225,0.2981395558982208,001-0018,UNDEFINED_CONSTANT_PREDICTION
CONSTANT_TRAINING_MEAN,R4_PXD017052_NSCLC:001-0018_Early:SP-333,18,,0.2647058823529412,0.30547466715555033,001-0018,UNDEFINED_CONSTANT_PREDICTION
CONSTANT_TRAINING_MEAN,R4_PXD017052_NSCLC:001-0018_Early:SP-339,29,,0.2590801229148902,0.29910404821323927,001-0018,UNDEFINED_CONSTANT_PREDICTION
CONSTANT_TRAINING_MEAN,R4_PXD017052_NSCLC:001-0025_Healthy:SP-003,31,,0.2584943085332844,0.29843995419635483,001-0025,UNDEFINED_CONSTANT_PREDICTION
CONSTANT_TRAINING_MEAN,R4_PXD017052_NSCLC:001-0025_Healthy:SP-006,33,,0.2579795019555096,0.29785765734407454,001-0025,UNDEFINED_CONSTANT_PREDICTION
CONSTANT_TRAINING_MEAN,R4_PXD017052_NSCLC:001-0025_Healthy:SP-007,30,,0.2586206896551724,0.29876073560953154,001-0025,UNDEFINED_CONSTANT_PREDICTION
CONSTANT_TRAINING_MEAN,R4_PXD017052_NSCLC:001-0025_Healthy:SP-333,16,,0.2666666666666667,0.3076068299246262,001-0025,UNDEFINED_CONSTANT_PREDICTION
CONSTANT_TRAINING_MEAN,R4_PXD017052_NSCLC:001-0025_Healthy:SP-339,29,,0.2590801229148902,0.29910404821323927,001-0025,UNDEFINED_CONSTANT_PREDICTION
CONSTANT_TRAINING_MEAN,R4_PXD017052_NSCLC:001-0031_Healthy:SP-003,31,,0.2584943085332844,0.29843995419635483,001-0031,UNDEFINED_CONSTANT_PREDICTION
CONSTANT_TRAINING_MEAN,R4_PXD017052_NSCLC:001-0031_Healthy:SP-006,29,,0.25908012291489024,0.2991040482132393,001-0031,UNDEFINED_CONSTANT_PREDICTION
CONSTANT_TRAINING_MEAN,R4_PXD017052_NSCLC:001-0031_Healthy:SP-007,28,,0.25925925925925924,0.29947235299997166,001-0031,UNDEFINED_CONSTANT_PREDICTION
CONSTANT_TRAINING_MEAN,R4_PXD017052_NSCLC:001-0031_Healthy:SP-333,16,,0.26666666666666666,0.30760682992462623,001-0031,UNDEFINED_CONSTANT_PREDICTION
CONSTANT_TRAINING_MEAN,R4_PXD017052_NSCLC:001-0031_Healthy:SP-339,24,,0.2608695652173913,0.3012594023707161,001-0031,UNDEFINED_CONSTANT_PREDICTION
CONSTANT_TRAINING_MEAN,R4_PXD017052_NSCLC:001-0033_Healthy:SP-003,31,,0.2584943085332844,0.29843995419635483,001-0033,UNDEFINED_CONSTANT_PREDICTION
CONSTANT_TRAINING_MEAN,R4_PXD017052_NSCLC:001-0033_Healthy:SP-006,33,,0.2579795019555096,0.29785765734407454,001-0033,UNDEFINED_CONSTANT_PREDICTION
CONSTANT_TRAINING_MEAN,R4_PXD017052_NSCLC:001-0033_Healthy:SP-007,32,,0.25806451612903225,0.2981395558982208,001-0033,UNDEFINED_CONSTANT_PREDICTION
CONSTANT_TRAINING_MEAN,R4_PXD017052_NSCLC:001-0033_Healthy:SP-333,17,,0.26548962144304805,0.30647596540647926,001-0033,UNDEFINED_CONSTANT_PREDICTION
CONSTANT_TRAINING_MEAN,R4_PXD017052_NSCLC:001-0033_Healthy:SP-339,29,,0.25908012291489024,0.29910404821323927,001-0033,UNDEFINED_CONSTANT_PREDICTION
CONSTANT_TRAINING_MEAN,R4_PXD017052_NSCLC:001-0035_Healthy:SP-003,33,,0.2579795019555096,0.29785765734407454,001-0035,UNDEFINED_CONSTANT_PREDICTION
CONSTANT_TRAINING_MEAN,R4_PXD017052_NSCLC:001-0035_Healthy:SP-006,30,,0.25862068965517243,0.29876073560953154,001-0035,UNDEFINED_CONSTANT_PREDICTION
CONSTANT_TRAINING_MEAN,R4_PXD017052_NSCLC:001-0035_Healthy:SP-007,29,,0.25908012291489024,0.2991040482132393,001-0035,UNDEFINED_CONSTANT_PREDICTION
CONSTANT_TRAINING_MEAN,R4_PXD017052_NSCLC:001-0035_Healthy:SP-333,18,,0.2647058823529412,0.30547466715555033,001-0035,UNDEFINED_CONSTANT_PREDICTION
CONSTANT_TRAINING_MEAN,R4_PXD017052_NSCLC:001-0035_Healthy:SP-339,28,,0.2592592592592593,0.29947235299997166,001-0035,UNDEFINED_CONSTANT_PREDICTION
CONSTANT_TRAINING_MEAN,R4_PXD017052_NSCLC:001-0040_Early:SP-003,33,,0.2579795019555096,0.29785765734407454,001-0040,UNDEFINED_CONSTANT_PREDICTION
CONSTANT_TRAINING_MEAN,R4_PXD017052_NSCLC:001-0040_Early:SP-006,33,,0.2579795019555096,0.29785765734407454,001-0040,UNDEFINED_CONSTANT_PREDICTION
CONSTANT_TRAINING_MEAN,R4_PXD017052_NSCLC:001-0040_Early:SP-007,31,,0.25849430853328437,0.2984399541963548,001-0040,UNDEFINED_CONSTANT_PREDICTION
CONSTANT_TRAINING_MEAN,R4_PXD017052_NSCLC:001-0040_Early:SP-333,21,,0.262539217358658,0.30305805390799323,001-0040,UNDEFINED_CONSTANT_PREDICTION
CONSTANT_TRAINING_MEAN,R4_PXD017052_NSCLC:001-0040_Early:SP-339,28,,0.25925925925925924,0.29947235299997166,001-0040,UNDEFINED_CONSTANT_PREDICTION
CONSTANT_TRAINING_MEAN,R4_PXD017052_NSCLC:001-0041_Healthy:SP-003,32,,0.25806451612903225,0.2981395558982208,001-0041,UNDEFINED_CONSTANT_PREDICTION
CONSTANT_TRAINING_MEAN,R4_PXD017052_NSCLC:001-0041_Healthy:SP-006,31,,0.2584943085332844,0.2984399541963548,001-0041,UNDEFINED_CONSTANT_PREDICTION
CONSTANT_TRAINING_MEAN,R4_PXD017052_NSCLC:001-0041_Healthy:SP-007,31,,0.2584943085332844,0.2984399541963548,001-0041,UNDEFINED_CONSTANT_PREDICTION
CONSTANT_TRAINING_MEAN,R4_PXD017052_NSCLC:001-0041_Healthy:SP-333,16,,0.26666666666666666,0.3076068299246262,001-0041,UNDEFINED_CONSTANT_PREDICTION
CONSTANT_TRAINING_MEAN,R4_PXD017052_NSCLC:001-0041_Healthy:SP-339,29,,0.25908012291489024,0.29910404821323927,001-0041,UNDEFINED_CONSTANT_PREDICTION
CONSTANT_TRAINING_MEAN,R4_PXD017052_NSCLC:001-0044_Healthy:SP-003,32,,0.25806451612903225,0.2981395558982208,001-0044,UNDEFINED_CONSTANT_PREDICTION
CONSTANT_TRAINING_MEAN,R4_PXD017052_NSCLC:001-0044_Healthy:SP-006,34,,0.25757575757575757,0.29759260030395895,001-0044,UNDEFINED_CONSTANT_PREDICTION
CONSTANT_TRAINING_MEAN,R4_PXD017052_NSCLC:001-0044_Healthy:SP-007,26,,0.26,0.3002957165392698,001-0044,UNDEFINED_CONSTANT_PREDICTION
CONSTANT_TRAINING_MEAN,R4_PXD017052_NSCLC:001-0044_Healthy:SP-333,16,,0.26666666666666666,0.30760682992462623,001-0044,UNDEFINED_CONSTANT_PREDICTION
CONSTANT_TRAINING_MEAN,R4_PXD017052_NSCLC:001-0044_Healthy:SP-339,25,,0.2605329425812727,0.30075786797623644,001-0044,UNDEFINED_CONSTANT_PREDICTION
CONSTANT_TRAINING_MEAN,R4_PXD017052_NSCLC:001-0048_Early:SP-003,32,,0.25806451612903225,0.2981395558982208,001-0048,UNDEFINED_CONSTANT_PREDICTION
CONSTANT_TRAINING_MEAN,R4_PXD017052_NSCLC:001-0048_Early:SP-006,29,,0.25908012291489024,0.29910404821323927,001-0048,UNDEFINED_CONSTANT_PREDICTION
CONSTANT_TRAINING_MEAN,R4_PXD017052_NSCLC:001-0048_Early:SP-007,28,,0.25925925925925924,0.29947235299997166,001-0048,UNDEFINED_CONSTANT_PREDICTION
CONSTANT_TRAINING_MEAN,R4_PXD017052_NSCLC:001-0048_Early:SP-333,16,,0.26666666666666666,0.3076068299246262,001-0048,UNDEFINED_CONSTANT_PREDICTION
CONSTANT_TRAINING_MEAN,R4_PXD017052_NSCLC:001-0048_Early:SP-339,30,,0.25862068965517243,0.29876073560953154,001-0048,UNDEFINED_CONSTANT_PREDICTION
CONSTANT_TRAINING_MEAN,R4_PXD017052_NSCLC:001-0051_Healthy:SP-003,33,,0.2579795019555096,0.29785765734407454,001-0051,UNDEFINED_CONSTANT_PREDICTION
CONSTANT_TRAINING_MEAN,R4_PXD017052_NSCLC:001-0051_Healthy:SP-006,34,,0.25757575757575757,0.2975926003039589,001-0051,UNDEFINED_CONSTANT_PREDICTION
CONSTANT_TRAINING_MEAN,R4_PXD017052_NSCLC:001-0051_Healthy:SP-007,32,,0.25806451612903225,0.2981395558982208,001-0051,UNDEFINED_CONSTANT_PREDICTION
CONSTANT_TRAINING_MEAN,R4_PXD017052_NSCLC:001-0051_Healthy:SP-333,25,,0.2605329425812727,0.30075786797623644,001-0051,UNDEFINED_CONSTANT_PREDICTION
CONSTANT_TRAINING_MEAN,R4_PXD017052_NSCLC:001-0051_Healthy:SP-339,32,,0.25806451612903225,0.2981395558982208,001-0051,UNDEFINED_CONSTANT_PREDICTION
CONSTANT_TRAINING_MEAN,R4_PXD017052_NSCLC:001-0052_Healthy:SP-003,32,,0.25806451612903225,0.2981395558982208,001-0052,UNDEFINED_CONSTANT_PREDICTION
CONSTANT_TRAINING_MEAN,R4_PXD017052_NSCLC:001-0052_Healthy:SP-006,31,,0.2584943085332844,0.29843995419635483,001-0052,UNDEFINED_CONSTANT_PREDICTION
CONSTANT_TRAINING_MEAN,R4_PXD017052_NSCLC:001-0052_Healthy:SP-007,26,,0.26,0.3002957165392698,001-0052,UNDEFINED_CONSTANT_PREDICTION
CONSTANT_TRAINING_MEAN,R4_PXD017052_NSCLC:001-0052_Healthy:SP-333,15,,0.26755490430212103,0.30889417704114897,001-0052,UNDEFINED_CONSTANT_PREDICTION
CONSTANT_TRAINING_MEAN,R4_PXD017052_NSCLC:001-0052_Healthy:SP-339,27,,0.2597527246122895,0.2998684830311836,001-0052,UNDEFINED_CONSTANT_PREDICTION
CONSTANT_TRAINING_MEAN,R4_PXD017052_NSCLC:001-0057_Healthy:SP-003,32,,0.25806451612903225,0.2981395558982208,001-0057,UNDEFINED_CONSTANT_PREDICTION
CONSTANT_TRAINING_MEAN,R4_PXD017052_NSCLC:001-0057_Healthy:SP-006,33,,0.2579795019555096,0.29785765734407454,001-0057,UNDEFINED_CONSTANT_PREDICTION
CONSTANT_TRAINING_MEAN,R4_PXD017052_NSCLC:001-0057_Healthy:SP-007,29,,0.2590801229148902,0.29910404821323927,001-0057,UNDEFINED_CONSTANT_PREDICTION
CONSTANT_TRAINING_MEAN,R4_PXD017052_NSCLC:001-0057_Healthy:SP-333,17,,0.26548962144304805,0.30647596540647926,001-0057,UNDEFINED_CONSTANT_PREDICTION
CONSTANT_TRAINING_MEAN,R4_PXD017052_NSCLC:001-0057_Healthy:SP-339,28,,0.25925925925925924,0.29947235299997166,001-0057,UNDEFINED_CONSTANT_PREDICTION
CONSTANT_TRAINING_MEAN,R4_PXD017052_NSCLC:001-0060_Healthy:SP-003,31,,0.25849430853328437,0.2984399541963548,001-0060,UNDEFINED_CONSTANT_PREDICTION
CONSTANT_TRAINING_MEAN,R4_PXD017052_NSCLC:001-0060_Healthy:SP-006,34,,0.25757575757575757,0.29759260030395895,001-0060,UNDEFINED_CONSTANT_PREDICTION
CONSTANT_TRAINING_MEAN,R4_PXD017052_NSCLC:001-0060_Healthy:SP-007,27,,0.2597527246122895,0.2998684830311835,001-0060,UNDEFINED_CONSTANT_PREDICTION
CONSTANT_TRAINING_MEAN,R4_PXD017052_NSCLC:001-0060_Healthy:SP-333,14,,0.2692307692307692,0.31037294264429627,001-0060,UNDEFINED_CONSTANT_PREDICTION
CONSTANT_TRAINING_MEAN,R4_PXD017052_NSCLC:001-0060_Healthy:SP-339,30,,0.25862068965517243,0.29876073560953154,001-0060,UNDEFINED_CONSTANT_PREDICTION
CONSTANT_TRAINING_MEAN,R4_PXD017052_NSCLC:001-0061_Healthy:SP-003,31,,0.25849430853328437,0.29843995419635483,001-0061,UNDEFINED_CONSTANT_PREDICTION
CONSTANT_TRAINING_MEAN,R4_PXD017052_NSCLC:001-0061_Healthy:SP-006,28,,0.2592592592592593,0.29947235299997166,001-0061,UNDEFINED_CONSTANT_PREDICTION
CONSTANT_TRAINING_MEAN,R4_PXD017052_NSCLC:001-0061_Healthy:SP-007,24,,0.2608695652173913,0.3012594023707161,001-0061,UNDEFINED_CONSTANT_PREDICTION
CONSTANT_TRAINING_MEAN,R4_PXD017052_NSCLC:001-0061_Healthy:SP-333,13,,0.2702556588101397,0.31208931348903257,001-0061,UNDEFINED_CONSTANT_PREDICTION
CONSTANT_TRAINING_MEAN,R4_PXD017052_NSCLC:001-0061_Healthy:SP-339,20,,0.26315789473684215,0.30378081000900664,001-0061,UNDEFINED_CONSTANT_PREDICTION
CONSTANT_TRAINING_MEAN,R4_PXD017052_NSCLC:001-0062_Healthy:SP-003,31,,0.2584943085332844,0.2984399541963548,001-0062,UNDEFINED_CONSTANT_PREDICTION
CONSTANT_TRAINING_MEAN,R4_PXD017052_NSCLC:001-0062_Healthy:SP-006,34,,0.2575757575757575,0.2975926003039589,001-0062,UNDEFINED_CONSTANT_PREDICTION
CONSTANT_TRAINING_MEAN,R4_PXD017052_NSCLC:001-0062_Healthy:SP-007,31,,0.2584943085332844,0.29843995419635483,001-0062,UNDEFINED_CONSTANT_PREDICTION
CONSTANT_TRAINING_MEAN,R4_PXD017052_NSCLC:001-0062_Healthy:SP-333,14,,0.2692307692307692,0.31037294264429627,001-0062,UNDEFINED_CONSTANT_PREDICTION
CONSTANT_TRAINING_MEAN,R4_PXD017052_NSCLC:001-0062_Healthy:SP-339,23,,0.2614488506318181,0.30180558026803345,001-0062,UNDEFINED_CONSTANT_PREDICTION
CONSTANT_TRAINING_MEAN,R4_PXD017052_NSCLC:001-0066_Healthy:SP-003,33,,0.2579795019555096,0.29785765734407454,001-0066,UNDEFINED_CONSTANT_PREDICTION
CONSTANT_TRAINING_MEAN,R4_PXD017052_NSCLC:001-0066_Healthy:SP-006,34,,0.25757575757575757,0.2975926003039589,001-0066,UNDEFINED_CONSTANT_PREDICTION
CONSTANT_TRAINING_MEAN,R4_PXD017052_NSCLC:001-0066_Healthy:SP-007,26,,0.26,0.3002957165392698,001-0066,UNDEFINED_CONSTANT_PREDICTION
CONSTANT_TRAINING_MEAN,R4_PXD017052_NSCLC:001-0066_Healthy:SP-333,15,,0.2675549043021211,0.308894177041149,001-0066,UNDEFINED_CONSTANT_PREDICTION
CONSTANT_TRAINING_MEAN,R4_PXD017052_NSCLC:001-0066_Healthy:SP-339,29,,0.25908012291489024,0.29910404821323927,001-0066,UNDEFINED_CONSTANT_PREDICTION
CONSTANT_TRAINING_MEAN,R4_PXD017052_NSCLC:001-0068_Early:SP-003,31,,0.25849430853328437,0.29843995419635483,001-0068,UNDEFINED_CONSTANT_PREDICTION
CONSTANT_TRAINING_MEAN,R4_PXD017052_NSCLC:001-0068_Early:SP-006,28,,0.25925925925925924,0.29947235299997166,001-0068,UNDEFINED_CONSTANT_PREDICTION
CONSTANT_TRAINING_MEAN,R4_PXD017052_NSCLC:001-0068_Early:SP-007,21,,0.26253921735865793,0.30305805390799323,001-0068,UNDEFINED_CONSTANT_PREDICTION
CONSTANT_TRAINING_MEAN,R4_PXD017052_NSCLC:001-0068_Early:SP-333,14,,0.2692307692307692,0.31037294264429627,001-0068,UNDEFINED_CONSTANT_PREDICTION
CONSTANT_TRAINING_MEAN,R4_PXD017052_NSCLC:001-0068_Early:SP-339,21,,0.26253921735865793,0.30305805390799323,001-0068,UNDEFINED_CONSTANT_PREDICTION
CONSTANT_TRAINING_MEAN,R4_PXD017052_NSCLC:003-0004_Early:SP-003,17,,0.26548962144304805,0.30647596540647926,003-0004,UNDEFINED_CONSTANT_PREDICTION
CONSTANT_TRAINING_MEAN,R4_PXD017052_NSCLC:003-0004_Early:SP-006,14,,0.2692307692307692,0.31037294264429627,003-0004,UNDEFINED_CONSTANT_PREDICTION
CONSTANT_TRAINING_MEAN,R4_PXD017052_NSCLC:003-0004_Early:SP-007,12,,0.27272727272727276,0.3141056603384949,003-0004,UNDEFINED_CONSTANT_PREDICTION
CONSTANT_TRAINING_MEAN,R4_PXD017052_NSCLC:003-0006_Early:SP-003,32,,0.25806451612903225,0.2981395558982208,003-0006,UNDEFINED_CONSTANT_PREDICTION
CONSTANT_TRAINING_MEAN,R4_PXD017052_NSCLC:003-0006_Early:SP-006,25,,0.26053294258127263,0.3007578679762364,003-0006,UNDEFINED_CONSTANT_PREDICTION
CONSTANT_TRAINING_MEAN,R4_PXD017052_NSCLC:003-0006_Early:SP-007,28,,0.25925925925925924,0.29947235299997166,003-0006,UNDEFINED_CONSTANT_PREDICTION
CONSTANT_TRAINING_MEAN,R4_PXD017052_NSCLC:003-0006_Early:SP-333,16,,0.26666666666666666,0.30760682992462623,003-0006,UNDEFINED_CONSTANT_PREDICTION
CONSTANT_TRAINING_MEAN,R4_PXD017052_NSCLC:003-0006_Early:SP-339,29,,0.2590801229148902,0.29910404821323927,003-0006,UNDEFINED_CONSTANT_PREDICTION
CONSTANT_TRAINING_MEAN,R4_PXD017052_NSCLC:004-0003_Healthy:SP-003,33,,0.2579795019555096,0.29785765734407454,004-0003,UNDEFINED_CONSTANT_PREDICTION
CONSTANT_TRAINING_MEAN,R4_PXD017052_NSCLC:004-0003_Healthy:SP-006,23,,0.26144885063181805,0.30180558026803345,004-0003,UNDEFINED_CONSTANT_PREDICTION
CONSTANT_TRAINING_MEAN,R4_PXD017052_NSCLC:004-0003_Healthy:SP-007,29,,0.2590801229148902,0.29910404821323927,004-0003,UNDEFINED_CONSTANT_PREDICTION
CONSTANT_TRAINING_MEAN,R4_PXD017052_NSCLC:004-0003_Healthy:SP-333,18,,0.2647058823529412,0.30547466715555033,004-0003,UNDEFINED_CONSTANT_PREDICTION
CONSTANT_TRAINING_MEAN,R4_PXD017052_NSCLC:004-0003_Healthy:SP-339,30,,0.2586206896551724,0.29876073560953154,004-0003,UNDEFINED_CONSTANT_PREDICTION
CONSTANT_TRAINING_MEAN,R4_PXD017052_NSCLC:005-0002_Early:SP-003,30,,0.25862068965517243,0.29876073560953154,005-0002,UNDEFINED_CONSTANT_PREDICTION
CONSTANT_TRAINING_MEAN,R4_PXD017052_NSCLC:005-0002_Early:SP-006,27,,0.2597527246122895,0.2998684830311835,005-0002,UNDEFINED_CONSTANT_PREDICTION
CONSTANT_TRAINING_MEAN,R4_PXD017052_NSCLC:005-0002_Early:SP-007,23,,0.2614488506318181,0.30180558026803345,005-0002,UNDEFINED_CONSTANT_PREDICTION
CONSTANT_TRAINING_MEAN,R4_PXD017052_NSCLC:005-0002_Early:SP-333,13,,0.2702556588101397,0.31208931348903257,005-0002,UNDEFINED_CONSTANT_PREDICTION
CONSTANT_TRAINING_MEAN,R4_PXD017052_NSCLC:005-0002_Early:SP-339,22,,0.2619047619047619,0.3024026432451852,005-0002,UNDEFINED_CONSTANT_PREDICTION
CONSTANT_TRAINING_MEAN,R4_PXD017052_NSCLC:005-0018_Early:SP-003,33,,0.2579795019555096,0.29785765734407454,005-0018,UNDEFINED_CONSTANT_PREDICTION
CONSTANT_TRAINING_MEAN,R4_PXD017052_NSCLC:005-0018_Early:SP-006,33,,0.2579795019555096,0.29785765734407454,005-0018,UNDEFINED_CONSTANT_PREDICTION
CONSTANT_TRAINING_MEAN,R4_PXD017052_NSCLC:005-0018_Early:SP-007,32,,0.25806451612903225,0.2981395558982208,005-0018,UNDEFINED_CONSTANT_PREDICTION
CONSTANT_TRAINING_MEAN,R4_PXD017052_NSCLC:005-0018_Early:SP-333,30,,0.25862068965517243,0.29876073560953154,005-0018,UNDEFINED_CONSTANT_PREDICTION
CONSTANT_TRAINING_MEAN,R4_PXD017052_NSCLC:005-0018_Early:SP-339,31,,0.2584943085332844,0.2984399541963548,005-0018,UNDEFINED_CONSTANT_PREDICTION
CONSTANT_TRAINING_MEAN,R4_PXD017052_NSCLC:005-0019_Early:SP-003,32,,0.25806451612903225,0.2981395558982208,005-0019,UNDEFINED_CONSTANT_PREDICTION
CONSTANT_TRAINING_MEAN,R4_PXD017052_NSCLC:005-0019_Early:SP-006,30,,0.2586206896551724,0.29876073560953154,005-0019,UNDEFINED_CONSTANT_PREDICTION
CONSTANT_TRAINING_MEAN,R4_PXD017052_NSCLC:005-0019_Early:SP-007,29,,0.25908012291489024,0.29910404821323927,005-0019,UNDEFINED_CONSTANT_PREDICTION
CONSTANT_TRAINING_MEAN,R4_PXD017052_NSCLC:005-0019_Early:SP-333,16,,0.26666666666666666,0.3076068299246262,005-0019,UNDEFINED_CONSTANT_PREDICTION
CONSTANT_TRAINING_MEAN,R4_PXD017052_NSCLC:005-0019_Early:SP-339,27,,0.2597527246122895,0.2998684830311836,005-0019,UNDEFINED_CONSTANT_PREDICTION
CONSTANT_TRAINING_MEAN,R4_PXD017052_NSCLC:005-0020_Early:SP-003,23,,0.2614488506318181,0.30180558026803345,005-0020,UNDEFINED_CONSTANT_PREDICTION
CONSTANT_TRAINING_MEAN,R4_PXD017052_NSCLC:005-0020_Early:SP-006,21,,0.2625392173586579,0.30305805390799323,005-0020,UNDEFINED_CONSTANT_PREDICTION
CONSTANT_TRAINING_MEAN,R4_PXD017052_NSCLC:005-0020_Early:SP-007,16,,0.26666666666666666,0.3076068299246262,005-0020,UNDEFINED_CONSTANT_PREDICTION
CONSTANT_TRAINING_MEAN,R4_PXD017052_NSCLC:005-0020_Early:SP-333,11,,0.2739385058665288,0.31650832117313044,005-0020,UNDEFINED_CONSTANT_PREDICTION
CONSTANT_TRAINING_MEAN,R4_PXD017052_NSCLC:005-0020_Early:SP-339,11,,0.27393850586652874,0.31650832117313044,005-0020,UNDEFINED_CONSTANT_PREDICTION
CONSTANT_TRAINING_MEAN,R4_PXD017052_NSCLC:005-0024_Early:SP-003,31,,0.25849430853328437,0.29843995419635483,005-0024,UNDEFINED_CONSTANT_PREDICTION
CONSTANT_TRAINING_MEAN,R4_PXD017052_NSCLC:005-0024_Early:SP-006,28,,0.25925925925925924,0.29947235299997166,005-0024,UNDEFINED_CONSTANT_PREDICTION
CONSTANT_TRAINING_MEAN,R4_PXD017052_NSCLC:005-0024_Early:SP-007,20,,0.26315789473684215,0.30378081000900664,005-0024,UNDEFINED_CONSTANT_PREDICTION
CONSTANT_TRAINING_MEAN,R4_PXD017052_NSCLC:005-0024_Early:SP-333,11,,0.2739385058665288,0.3165083211731304,005-0024,UNDEFINED_CONSTANT_PREDICTION
CONSTANT_TRAINING_MEAN,R4_PXD017052_NSCLC:005-0024_Early:SP-339,23,,0.2614488506318181,0.30180558026803345,005-0024,UNDEFINED_CONSTANT_PREDICTION
CONSTANT_TRAINING_MEAN,R4_PXD017052_NSCLC:005-0029_Early:SP-003,33,,0.2579795019555096,0.29785765734407454,005-0029,UNDEFINED_CONSTANT_PREDICTION
CONSTANT_TRAINING_MEAN,R4_PXD017052_NSCLC:005-0029_Early:SP-006,33,,0.2579795019555096,0.29785765734407454,005-0029,UNDEFINED_CONSTANT_PREDICTION
CONSTANT_TRAINING_MEAN,R4_PXD017052_NSCLC:005-0029_Early:SP-007,28,,0.25925925925925924,0.29947235299997166,005-0029,UNDEFINED_CONSTANT_PREDICTION
CONSTANT_TRAINING_MEAN,R4_PXD017052_NSCLC:005-0029_Early:SP-333,14,,0.2692307692307692,0.31037294264429627,005-0029,UNDEFINED_CONSTANT_PREDICTION
CONSTANT_TRAINING_MEAN,R4_PXD017052_NSCLC:005-0029_Early:SP-339,30,,0.25862068965517243,0.2987607356095315,005-0029,UNDEFINED_CONSTANT_PREDICTION
CONSTANT_TRAINING_MEAN,R4_PXD017052_NSCLC:005-0032_Early:SP-003,32,,0.25806451612903225,0.2981395558982208,005-0032,UNDEFINED_CONSTANT_PREDICTION
CONSTANT_TRAINING_MEAN,R4_PXD017052_NSCLC:005-0032_Early:SP-006,32,,0.25806451612903225,0.2981395558982208,005-0032,UNDEFINED_CONSTANT_PREDICTION
CONSTANT_TRAINING_MEAN,R4_PXD017052_NSCLC:005-0032_Early:SP-007,29,,0.2590801229148902,0.29910404821323927,005-0032,UNDEFINED_CONSTANT_PREDICTION
CONSTANT_TRAINING_MEAN,R4_PXD017052_NSCLC:005-0032_Early:SP-333,18,,0.2647058823529412,0.30547466715555033,005-0032,UNDEFINED_CONSTANT_PREDICTION
CONSTANT_TRAINING_MEAN,R4_PXD017052_NSCLC:005-0032_Early:SP-339,29,,0.2590801229148902,0.29910404821323927,005-0032,UNDEFINED_CONSTANT_PREDICTION
CONSTANT_TRAINING_MEAN,R4_PXD017052_NSCLC:005-0033_Early:SP-003,31,,0.25849430853328437,0.29843995419635483,005-0033,UNDEFINED_CONSTANT_PREDICTION
CONSTANT_TRAINING_MEAN,R4_PXD017052_NSCLC:005-0033_Early:SP-006,34,,0.25757575757575757,0.2975926003039589,005-0033,UNDEFINED_CONSTANT_PREDICTION
CONSTANT_TRAINING_MEAN,R4_PXD017052_NSCLC:005-0033_Early:SP-007,27,,0.2597527246122895,0.2998684830311836,005-0033,UNDEFINED_CONSTANT_PREDICTION
CONSTANT_TRAINING_MEAN,R4_PXD017052_NSCLC:005-0033_Early:SP-333,16,,0.26666666666666666,0.3076068299246262,005-0033,UNDEFINED_CONSTANT_PREDICTION
CONSTANT_TRAINING_MEAN,R4_PXD017052_NSCLC:005-0033_Early:SP-339,25,,0.2605329425812727,0.3007578679762364,005-0033,UNDEFINED_CONSTANT_PREDICTION
CONSTANT_TRAINING_MEAN,R4_PXD017052_NSCLC:005-0041_Early:SP-003,33,,0.2579795019555096,0.29785765734407454,005-0041,UNDEFINED_CONSTANT_PREDICTION
CONSTANT_TRAINING_MEAN,R4_PXD017052_NSCLC:005-0041_Early:SP-006,32,,0.25806451612903225,0.2981395558982208,005-0041,UNDEFINED_CONSTANT_PREDICTION
CONSTANT_TRAINING_MEAN,R4_PXD017052_NSCLC:005-0041_Early:SP-007,31,,0.2584943085332844,0.2984399541963548,005-0041,UNDEFINED_CONSTANT_PREDICTION
CONSTANT_TRAINING_MEAN,R4_PXD017052_NSCLC:005-0041_Early:SP-333,17,,0.26548962144304805,0.30647596540647926,005-0041,UNDEFINED_CONSTANT_PREDICTION
CONSTANT_TRAINING_MEAN,R4_PXD017052_NSCLC:005-0041_Early:SP-339,31,,0.2584943085332844,0.29843995419635483,005-0041,UNDEFINED_CONSTANT_PREDICTION
CONSTANT_TRAINING_MEAN,R4_PXD017052_NSCLC:005-0051_Early:SP-003,32,,0.25806451612903225,0.2981395558982208,005-0051,UNDEFINED_CONSTANT_PREDICTION
CONSTANT_TRAINING_MEAN,R4_PXD017052_NSCLC:005-0051_Early:SP-006,30,,0.25862068965517243,0.29876073560953154,005-0051,UNDEFINED_CONSTANT_PREDICTION
CONSTANT_TRAINING_MEAN,R4_PXD017052_NSCLC:005-0051_Early:SP-007,29,,0.2590801229148902,0.29910404821323927,005-0051,UNDEFINED_CONSTANT_PREDICTION
CONSTANT_TRAINING_MEAN,R4_PXD017052_NSCLC:005-0051_Early:SP-333,21,,0.262539217358658,0.30305805390799323,005-0051,UNDEFINED_CONSTANT_PREDICTION
CONSTANT_TRAINING_MEAN,R4_PXD017052_NSCLC:005-0051_Early:SP-339,29,,0.25908012291489024,0.29910404821323927,005-0051,UNDEFINED_CONSTANT_PREDICTION
CONSTANT_TRAINING_MEAN,R4_PXD017052_NSCLC:005-0056_Early:SP-003,31,,0.2584943085332844,0.2984399541963548,005-0056,UNDEFINED_CONSTANT_PREDICTION
CONSTANT_TRAINING_MEAN,R4_PXD017052_NSCLC:005-0056_Early:SP-006,31,,0.2584943085332844,0.2984399541963548,005-0056,UNDEFINED_CONSTANT_PREDICTION
CONSTANT_TRAINING_MEAN,R4_PXD017052_NSCLC:005-0056_Early:SP-007,26,,0.26,0.3002957165392698,005-0056,UNDEFINED_CONSTANT_PREDICTION
CONSTANT_TRAINING_MEAN,R4_PXD017052_NSCLC:005-0056_Early:SP-333,14,,0.2692307692307693,0.31037294264429627,005-0056,UNDEFINED_CONSTANT_PREDICTION
CONSTANT_TRAINING_MEAN,R4_PXD017052_NSCLC:005-0056_Early:SP-339,18,,0.2647058823529412,0.30547466715555033,005-0056,UNDEFINED_CONSTANT_PREDICTION
CONSTANT_TRAINING_MEAN,R4_PXD017052_NSCLC:007-0003_Early:SP-003,31,,0.2584943085332844,0.29843995419635483,007-0003,UNDEFINED_CONSTANT_PREDICTION
CONSTANT_TRAINING_MEAN,R4_PXD017052_NSCLC:007-0003_Early:SP-006,25,,0.2605329425812727,0.3007578679762364,007-0003,UNDEFINED_CONSTANT_PREDICTION
CONSTANT_TRAINING_MEAN,R4_PXD017052_NSCLC:007-0003_Early:SP-007,29,,0.2590801229148902,0.29910404821323927,007-0003,UNDEFINED_CONSTANT_PREDICTION
CONSTANT_TRAINING_MEAN,R4_PXD017052_NSCLC:007-0003_Early:SP-333,15,,0.2675549043021211,0.30889417704114897,007-0003,UNDEFINED_CONSTANT_PREDICTION
CONSTANT_TRAINING_MEAN,R4_PXD017052_NSCLC:007-0003_Early:SP-339,28,,0.25925925925925924,0.29947235299997166,007-0003,UNDEFINED_CONSTANT_PREDICTION
CONSTANT_TRAINING_MEAN,R4_PXD017052_NSCLC:007-0012_Early:SP-003,33,,0.2579795019555096,0.29785765734407454,007-0012,UNDEFINED_CONSTANT_PREDICTION
CONSTANT_TRAINING_MEAN,R4_PXD017052_NSCLC:007-0012_Early:SP-006,34,,0.2575757575757575,0.2975926003039589,007-0012,UNDEFINED_CONSTANT_PREDICTION
CONSTANT_TRAINING_MEAN,R4_PXD017052_NSCLC:007-0012_Early:SP-007,32,,0.25806451612903225,0.2981395558982208,007-0012,UNDEFINED_CONSTANT_PREDICTION
CONSTANT_TRAINING_MEAN,R4_PXD017052_NSCLC:007-0012_Early:SP-333,18,,0.2647058823529412,0.30547466715555033,007-0012,UNDEFINED_CONSTANT_PREDICTION
CONSTANT_TRAINING_MEAN,R4_PXD017052_NSCLC:007-0012_Early:SP-339,29,,0.25908012291489024,0.29910404821323927,007-0012,UNDEFINED_CONSTANT_PREDICTION
CONSTANT_TRAINING_MEAN,R4_PXD017052_NSCLC:007-0015_Early:SP-003,32,,0.25806451612903225,0.2981395558982208,007-0015,UNDEFINED_CONSTANT_PREDICTION
CONSTANT_TRAINING_MEAN,R4_PXD017052_NSCLC:007-0015_Early:SP-006,32,,0.25806451612903225,0.2981395558982208,007-0015,UNDEFINED_CONSTANT_PREDICTION
CONSTANT_TRAINING_MEAN,R4_PXD017052_NSCLC:007-0015_Early:SP-007,31,,0.25849430853328437,0.29843995419635483,007-0015,UNDEFINED_CONSTANT_PREDICTION
CONSTANT_TRAINING_MEAN,R4_PXD017052_NSCLC:007-0015_Early:SP-333,16,,0.26666666666666666,0.30760682992462623,007-0015,UNDEFINED_CONSTANT_PREDICTION
CONSTANT_TRAINING_MEAN,R4_PXD017052_NSCLC:007-0015_Early:SP-339,29,,0.2590801229148902,0.2991040482132393,007-0015,UNDEFINED_CONSTANT_PREDICTION
CONSTANT_TRAINING_MEAN,R4_PXD017052_NSCLC:007-0017_Early:SP-003,33,,0.2579795019555096,0.29785765734407454,007-0017,UNDEFINED_CONSTANT_PREDICTION
CONSTANT_TRAINING_MEAN,R4_PXD017052_NSCLC:007-0017_Early:SP-006,32,,0.25806451612903225,0.2981395558982208,007-0017,UNDEFINED_CONSTANT_PREDICTION
CONSTANT_TRAINING_MEAN,R4_PXD017052_NSCLC:007-0017_Early:SP-007,30,,0.25862068965517243,0.29876073560953154,007-0017,UNDEFINED_CONSTANT_PREDICTION
CONSTANT_TRAINING_MEAN,R4_PXD017052_NSCLC:007-0017_Early:SP-333,28,,0.25925925925925924,0.29947235299997166,007-0017,UNDEFINED_CONSTANT_PREDICTION
CONSTANT_TRAINING_MEAN,R4_PXD017052_NSCLC:007-0017_Early:SP-339,28,,0.25925925925925924,0.29947235299997166,007-0017,UNDEFINED_CONSTANT_PREDICTION
CONSTANT_TRAINING_MEAN,R4_PXD017052_NSCLC:007-0024_Early:SP-003,29,,0.2590801229148902,0.29910404821323927,007-0024,UNDEFINED_CONSTANT_PREDICTION
CONSTANT_TRAINING_MEAN,R4_PXD017052_NSCLC:007-0024_Early:SP-006,22,,0.2619047619047619,0.30240264324518523,007-0024,UNDEFINED_CONSTANT_PREDICTION
CONSTANT_TRAINING_MEAN,R4_PXD017052_NSCLC:007-0024_Early:SP-007,25,,0.26053294258127263,0.3007578679762364,007-0024,UNDEFINED_CONSTANT_PREDICTION
CONSTANT_TRAINING_MEAN,R4_PXD017052_NSCLC:007-0024_Early:SP-333,16,,0.26666666666666666,0.30760682992462623,007-0024,UNDEFINED_CONSTANT_PREDICTION
CONSTANT_TRAINING_MEAN,R4_PXD017052_NSCLC:007-0024_Early:SP-339,29,,0.2590801229148902,0.29910404821323927,007-0024,UNDEFINED_CONSTANT_PREDICTION
CONSTANT_TRAINING_MEAN,R4_PXD017052_NSCLC:007-0025_Early:SP-003,32,,0.25806451612903225,0.2981395558982208,007-0025,UNDEFINED_CONSTANT_PREDICTION
CONSTANT_TRAINING_MEAN,R4_PXD017052_NSCLC:007-0025_Early:SP-006,33,,0.2579795019555096,0.2978576573440746,007-0025,UNDEFINED_CONSTANT_PREDICTION
CONSTANT_TRAINING_MEAN,R4_PXD017052_NSCLC:007-0025_Early:SP-007,30,,0.25862068965517243,0.29876073560953154,007-0025,UNDEFINED_CONSTANT_PREDICTION
CONSTANT_TRAINING_MEAN,R4_PXD017052_NSCLC:007-0025_Early:SP-333,20,,0.2631578947368421,0.30378081000900664,007-0025,UNDEFINED_CONSTANT_PREDICTION
CONSTANT_TRAINING_MEAN,R4_PXD017052_NSCLC:007-0025_Early:SP-339,29,,0.25908012291489024,0.29910404821323927,007-0025,UNDEFINED_CONSTANT_PREDICTION
CONSTANT_TRAINING_MEAN,R4_PXD017052_NSCLC:007-0026_Early:SP-003,32,,0.25806451612903225,0.2981395558982208,007-0026,UNDEFINED_CONSTANT_PREDICTION
CONSTANT_TRAINING_MEAN,R4_PXD017052_NSCLC:007-0026_Early:SP-006,33,,0.2579795019555096,0.29785765734407454,007-0026,UNDEFINED_CONSTANT_PREDICTION
CONSTANT_TRAINING_MEAN,R4_PXD017052_NSCLC:007-0026_Early:SP-007,30,,0.2586206896551724,0.29876073560953154,007-0026,UNDEFINED_CONSTANT_PREDICTION
CONSTANT_TRAINING_MEAN,R4_PXD017052_NSCLC:007-0026_Early:SP-333,14,,0.2692307692307692,0.31037294264429627,007-0026,UNDEFINED_CONSTANT_PREDICTION
CONSTANT_TRAINING_MEAN,R4_PXD017052_NSCLC:007-0026_Early:SP-339,25,,0.2605329425812727,0.30075786797623644,007-0026,UNDEFINED_CONSTANT_PREDICTION
CONSTANT_TRAINING_MEAN,R4_PXD017052_NSCLC:007-0027_Early:SP-003,32,,0.25806451612903225,0.2981395558982208,007-0027,UNDEFINED_CONSTANT_PREDICTION
CONSTANT_TRAINING_MEAN,R4_PXD017052_NSCLC:007-0027_Early:SP-006,34,,0.25757575757575757,0.2975926003039589,007-0027,UNDEFINED_CONSTANT_PREDICTION
CONSTANT_TRAINING_MEAN,R4_PXD017052_NSCLC:007-0027_Early:SP-007,28,,0.25925925925925924,0.29947235299997166,007-0027,UNDEFINED_CONSTANT_PREDICTION
CONSTANT_TRAINING_MEAN,R4_PXD017052_NSCLC:007-0027_Early:SP-333,16,,0.26666666666666666,0.3076068299246262,007-0027,UNDEFINED_CONSTANT_PREDICTION
CONSTANT_TRAINING_MEAN,R4_PXD017052_NSCLC:007-0027_Early:SP-339,27,,0.2597527246122895,0.2998684830311835,007-0027,UNDEFINED_CONSTANT_PREDICTION
CONSTANT_TRAINING_MEAN,R4_PXD017052_NSCLC:009-0006_Healthy:SP-003,32,,0.25806451612903225,0.2981395558982208,009-0006,UNDEFINED_CONSTANT_PREDICTION
CONSTANT_TRAINING_MEAN,R4_PXD017052_NSCLC:009-0006_Healthy:SP-006,33,,0.2579795019555096,0.29785765734407454,009-0006,UNDEFINED_CONSTANT_PREDICTION
CONSTANT_TRAINING_MEAN,R4_PXD017052_NSCLC:009-0006_Healthy:SP-007,32,,0.25806451612903225,0.2981395558982208,009-0006,UNDEFINED_CONSTANT_PREDICTION
CONSTANT_TRAINING_MEAN,R4_PXD017052_NSCLC:009-0006_Healthy:SP-333,28,,0.25925925925925924,0.29947235299997166,009-0006,UNDEFINED_CONSTANT_PREDICTION
CONSTANT_TRAINING_MEAN,R4_PXD017052_NSCLC:009-0006_Healthy:SP-339,32,,0.25806451612903225,0.2981395558982208,009-0006,UNDEFINED_CONSTANT_PREDICTION
CONSTANT_TRAINING_MEAN,R4_PXD017052_NSCLC:009-0008_Healthy:SP-003,33,,0.2579795019555096,0.29785765734407454,009-0008,UNDEFINED_CONSTANT_PREDICTION
CONSTANT_TRAINING_MEAN,R4_PXD017052_NSCLC:009-0008_Healthy:SP-006,34,,0.25757575757575757,0.2975926003039589,009-0008,UNDEFINED_CONSTANT_PREDICTION
CONSTANT_TRAINING_MEAN,R4_PXD017052_NSCLC:009-0008_Healthy:SP-007,32,,0.25806451612903225,0.2981395558982208,009-0008,UNDEFINED_CONSTANT_PREDICTION
CONSTANT_TRAINING_MEAN,R4_PXD017052_NSCLC:009-0008_Healthy:SP-333,30,,0.25862068965517243,0.29876073560953154,009-0008,UNDEFINED_CONSTANT_PREDICTION
CONSTANT_TRAINING_MEAN,R4_PXD017052_NSCLC:009-0008_Healthy:SP-339,31,,0.2584943085332844,0.29843995419635483,009-0008,UNDEFINED_CONSTANT_PREDICTION
CONSTANT_TRAINING_MEAN,R4_PXD017052_NSCLC:009-0011_Healthy:SP-003,33,,0.2579795019555096,0.29785765734407454,009-0011,UNDEFINED_CONSTANT_PREDICTION
CONSTANT_TRAINING_MEAN,R4_PXD017052_NSCLC:009-0011_Healthy:SP-006,33,,0.2579795019555096,0.2978576573440746,009-0011,UNDEFINED_CONSTANT_PREDICTION
CONSTANT_TRAINING_MEAN,R4_PXD017052_NSCLC:009-0011_Healthy:SP-007,32,,0.25806451612903225,0.2981395558982208,009-0011,UNDEFINED_CONSTANT_PREDICTION
CONSTANT_TRAINING_MEAN,R4_PXD017052_NSCLC:009-0011_Healthy:SP-333,23,,0.2614488506318181,0.30180558026803345,009-0011,UNDEFINED_CONSTANT_PREDICTION
CONSTANT_TRAINING_MEAN,R4_PXD017052_NSCLC:009-0011_Healthy:SP-339,29,,0.25908012291489024,0.29910404821323927,009-0011,UNDEFINED_CONSTANT_PREDICTION
CONSTANT_TRAINING_MEAN,R4_PXD017052_NSCLC:009-0016_Early:SP-003,33,,0.2579795019555096,0.29785765734407454,009-0016,UNDEFINED_CONSTANT_PREDICTION
CONSTANT_TRAINING_MEAN,R4_PXD017052_NSCLC:009-0016_Early:SP-006,31,,0.2584943085332844,0.29843995419635483,009-0016,UNDEFINED_CONSTANT_PREDICTION
CONSTANT_TRAINING_MEAN,R4_PXD017052_NSCLC:009-0016_Early:SP-007,23,,0.26144885063181805,0.30180558026803345,009-0016,UNDEFINED_CONSTANT_PREDICTION
CONSTANT_TRAINING_MEAN,R4_PXD017052_NSCLC:009-0016_Early:SP-333,23,,0.26144885063181805,0.30180558026803345,009-0016,UNDEFINED_CONSTANT_PREDICTION
CONSTANT_TRAINING_MEAN,R4_PXD017052_NSCLC:009-0016_Early:SP-339,28,,0.25925925925925924,0.29947235299997166,009-0016,UNDEFINED_CONSTANT_PREDICTION
CONSTANT_TRAINING_MEAN,R4_PXD017052_NSCLC:009-0017_Healthy:SP-003,33,,0.2579795019555096,0.29785765734407454,009-0017,UNDEFINED_CONSTANT_PREDICTION
CONSTANT_TRAINING_MEAN,R4_PXD017052_NSCLC:009-0017_Healthy:SP-006,34,,0.2575757575757575,0.2975926003039589,009-0017,UNDEFINED_CONSTANT_PREDICTION
CONSTANT_TRAINING_MEAN,R4_PXD017052_NSCLC:009-0017_Healthy:SP-007,32,,0.25806451612903225,0.2981395558982208,009-0017,UNDEFINED_CONSTANT_PREDICTION
CONSTANT_TRAINING_MEAN,R4_PXD017052_NSCLC:009-0017_Healthy:SP-333,26,,0.26,0.3002957165392698,009-0017,UNDEFINED_CONSTANT_PREDICTION
CONSTANT_TRAINING_MEAN,R4_PXD017052_NSCLC:009-0017_Healthy:SP-339,31,,0.2584943085332844,0.29843995419635483,009-0017,UNDEFINED_CONSTANT_PREDICTION
CONSTANT_TRAINING_MEAN,R4_PXD017052_NSCLC:009-0018_Healthy:SP-003,33,,0.2579795019555096,0.29785765734407454,009-0018,UNDEFINED_CONSTANT_PREDICTION
CONSTANT_TRAINING_MEAN,R4_PXD017052_NSCLC:009-0018_Healthy:SP-006,32,,0.25806451612903225,0.2981395558982208,009-0018,UNDEFINED_CONSTANT_PREDICTION
CONSTANT_TRAINING_MEAN,R4_PXD017052_NSCLC:009-0018_Healthy:SP-007,28,,0.25925925925925924,0.29947235299997166,009-0018,UNDEFINED_CONSTANT_PREDICTION
CONSTANT_TRAINING_MEAN,R4_PXD017052_NSCLC:009-0018_Healthy:SP-333,19,,0.2638591349753588,0.3045818608591557,009-0018,UNDEFINED_CONSTANT_PREDICTION
CONSTANT_TRAINING_MEAN,R4_PXD017052_NSCLC:009-0018_Healthy:SP-339,30,,0.25862068965517243,0.2987607356095316,009-0018,UNDEFINED_CONSTANT_PREDICTION
CONSTANT_TRAINING_MEAN,R4_PXD017052_NSCLC:009-0021_Healthy:SP-003,33,,0.2579795019555096,0.29785765734407454,009-0021,UNDEFINED_CONSTANT_PREDICTION
CONSTANT_TRAINING_MEAN,R4_PXD017052_NSCLC:009-0021_Healthy:SP-006,33,,0.2579795019555096,0.29785765734407454,009-0021,UNDEFINED_CONSTANT_PREDICTION
CONSTANT_TRAINING_MEAN,R4_PXD017052_NSCLC:009-0021_Healthy:SP-007,33,,0.2579795019555096,0.29785765734407454,009-0021,UNDEFINED_CONSTANT_PREDICTION
CONSTANT_TRAINING_MEAN,R4_PXD017052_NSCLC:009-0021_Healthy:SP-333,28,,0.25925925925925924,0.29947235299997166,009-0021,UNDEFINED_CONSTANT_PREDICTION
CONSTANT_TRAINING_MEAN,R4_PXD017052_NSCLC:009-0021_Healthy:SP-339,30,,0.25862068965517243,0.29876073560953154,009-0021,UNDEFINED_CONSTANT_PREDICTION
CONSTANT_TRAINING_MEAN,R4_PXD017052_NSCLC:009-0028_Healthy:SP-003,31,,0.2584943085332844,0.2984399541963548,009-0028,UNDEFINED_CONSTANT_PREDICTION
CONSTANT_TRAINING_MEAN,R4_PXD017052_NSCLC:009-0028_Healthy:SP-006,32,,0.25806451612903225,0.2981395558982208,009-0028,UNDEFINED_CONSTANT_PREDICTION
CONSTANT_TRAINING_MEAN,R4_PXD017052_NSCLC:009-0028_Healthy:SP-007,31,,0.2584943085332844,0.29843995419635483,009-0028,UNDEFINED_CONSTANT_PREDICTION
CONSTANT_TRAINING_MEAN,R4_PXD017052_NSCLC:009-0028_Healthy:SP-333,15,,0.2675549043021211,0.308894177041149,009-0028,UNDEFINED_CONSTANT_PREDICTION
CONSTANT_TRAINING_MEAN,R4_PXD017052_NSCLC:009-0028_Healthy:SP-339,28,,0.25925925925925924,0.29947235299997166,009-0028,UNDEFINED_CONSTANT_PREDICTION
CONSTANT_TRAINING_MEAN,R4_PXD017052_NSCLC:009-0029_Healthy:SP-003,32,,0.25806451612903225,0.2981395558982208,009-0029,UNDEFINED_CONSTANT_PREDICTION
CONSTANT_TRAINING_MEAN,R4_PXD017052_NSCLC:009-0029_Healthy:SP-006,32,,0.25806451612903225,0.2981395558982208,009-0029,UNDEFINED_CONSTANT_PREDICTION
CONSTANT_TRAINING_MEAN,R4_PXD017052_NSCLC:009-0029_Healthy:SP-007,32,,0.25806451612903225,0.2981395558982208,009-0029,UNDEFINED_CONSTANT_PREDICTION
CONSTANT_TRAINING_MEAN,R4_PXD017052_NSCLC:009-0029_Healthy:SP-333,22,,0.2619047619047619,0.3024026432451852,009-0029,UNDEFINED_CONSTANT_PREDICTION
CONSTANT_TRAINING_MEAN,R4_PXD017052_NSCLC:009-0029_Healthy:SP-339,28,,0.25925925925925924,0.29947235299997166,009-0029,UNDEFINED_CONSTANT_PREDICTION
CONSTANT_TRAINING_MEAN,R4_PXD017052_NSCLC:009-0031_Healthy:SP-003,32,,0.25806451612903225,0.2981395558982208,009-0031,UNDEFINED_CONSTANT_PREDICTION
CONSTANT_TRAINING_MEAN,R4_PXD017052_NSCLC:009-0031_Healthy:SP-006,34,,0.25757575757575757,0.2975926003039589,009-0031,UNDEFINED_CONSTANT_PREDICTION
CONSTANT_TRAINING_MEAN,R4_PXD017052_NSCLC:009-0031_Healthy:SP-007,31,,0.25849430853328437,0.2984399541963548,009-0031,UNDEFINED_CONSTANT_PREDICTION
CONSTANT_TRAINING_MEAN,R4_PXD017052_NSCLC:009-0031_Healthy:SP-333,24,,0.2608695652173913,0.3012594023707161,009-0031,UNDEFINED_CONSTANT_PREDICTION
CONSTANT_TRAINING_MEAN,R4_PXD017052_NSCLC:009-0031_Healthy:SP-339,32,,0.25806451612903225,0.2981395558982208,009-0031,UNDEFINED_CONSTANT_PREDICTION
CONSTANT_TRAINING_MEAN,R4_PXD017052_NSCLC:009-0036_Healthy:SP-003,29,,0.25908012291489013,0.29910404821323927,009-0036,UNDEFINED_CONSTANT_PREDICTION
CONSTANT_TRAINING_MEAN,R4_PXD017052_NSCLC:009-0036_Healthy:SP-006,29,,0.25908012291489024,0.29910404821323927,009-0036,UNDEFINED_CONSTANT_PREDICTION
CONSTANT_TRAINING_MEAN,R4_PXD017052_NSCLC:009-0036_Healthy:SP-007,24,,0.2608695652173913,0.3012594023707161,009-0036,UNDEFINED_CONSTANT_PREDICTION
CONSTANT_TRAINING_MEAN,R4_PXD017052_NSCLC:009-0036_Healthy:SP-333,15,,0.26755490430212103,0.30889417704114897,009-0036,UNDEFINED_CONSTANT_PREDICTION
CONSTANT_TRAINING_MEAN,R4_PXD017052_NSCLC:009-0036_Healthy:SP-339,14,,0.2692307692307692,0.31037294264429627,009-0036,UNDEFINED_CONSTANT_PREDICTION
CONSTANT_TRAINING_MEAN,R4_PXD017052_NSCLC:009-0037_Healthy:SP-003,31,,0.2584943085332844,0.29843995419635483,009-0037,UNDEFINED_CONSTANT_PREDICTION
CONSTANT_TRAINING_MEAN,R4_PXD017052_NSCLC:009-0037_Healthy:SP-006,26,,0.26,0.3002957165392698,009-0037,UNDEFINED_CONSTANT_PREDICTION
CONSTANT_TRAINING_MEAN,R4_PXD017052_NSCLC:009-0037_Healthy:SP-007,24,,0.2608695652173913,0.3012594023707161,009-0037,UNDEFINED_CONSTANT_PREDICTION
CONSTANT_TRAINING_MEAN,R4_PXD017052_NSCLC:009-0037_Healthy:SP-333,16,,0.26666666666666666,0.30760682992462623,009-0037,UNDEFINED_CONSTANT_PREDICTION
CONSTANT_TRAINING_MEAN,R4_PXD017052_NSCLC:009-0037_Healthy:SP-339,26,,0.26,0.3002957165392698,009-0037,UNDEFINED_CONSTANT_PREDICTION
CONSTANT_TRAINING_MEAN,R4_PXD017052_NSCLC:009-0039_Healthy:SP-003,30,,0.2586206896551724,0.2987607356095315,009-0039,UNDEFINED_CONSTANT_PREDICTION
CONSTANT_TRAINING_MEAN,R4_PXD017052_NSCLC:009-0039_Healthy:SP-006,32,,0.25806451612903225,0.2981395558982208,009-0039,UNDEFINED_CONSTANT_PREDICTION
CONSTANT_TRAINING_MEAN,R4_PXD017052_NSCLC:009-0039_Healthy:SP-007,29,,0.2590801229148902,0.29910404821323927,009-0039,UNDEFINED_CONSTANT_PREDICTION
CONSTANT_TRAINING_MEAN,R4_PXD017052_NSCLC:009-0039_Healthy:SP-333,19,,0.26385913497535873,0.3045818608591557,009-0039,UNDEFINED_CONSTANT_PREDICTION
CONSTANT_TRAINING_MEAN,R4_PXD017052_NSCLC:009-0039_Healthy:SP-339,24,,0.2608695652173913,0.3012594023707161,009-0039,UNDEFINED_CONSTANT_PREDICTION
CONSTANT_TRAINING_MEAN,R4_PXD017052_NSCLC:009-0048_Healthy:SP-003,32,,0.25806451612903225,0.2981395558982208,009-0048,UNDEFINED_CONSTANT_PREDICTION
CONSTANT_TRAINING_MEAN,R4_PXD017052_NSCLC:009-0048_Healthy:SP-006,34,,0.2575757575757576,0.2975926003039589,009-0048,UNDEFINED_CONSTANT_PREDICTION
CONSTANT_TRAINING_MEAN,R4_PXD017052_NSCLC:009-0048_Healthy:SP-007,30,,0.2586206896551724,0.29876073560953154,009-0048,UNDEFINED_CONSTANT_PREDICTION
CONSTANT_TRAINING_MEAN,R4_PXD017052_NSCLC:009-0048_Healthy:SP-333,30,,0.25862068965517243,0.29876073560953154,009-0048,UNDEFINED_CONSTANT_PREDICTION
CONSTANT_TRAINING_MEAN,R4_PXD017052_NSCLC:009-0048_Healthy:SP-339,32,,0.25806451612903225,0.2981395558982208,009-0048,UNDEFINED_CONSTANT_PREDICTION
CONSTANT_TRAINING_MEAN,R4_PXD017052_NSCLC:010-0003_Early:SP-003,11,,0.27393850586652874,0.31650832117313044,010-0003,UNDEFINED_CONSTANT_PREDICTION
CONSTANT_TRAINING_MEAN,R4_PXD017052_NSCLC:010-0003_Early:SP-006,14,,0.2692307692307692,0.31037294264429627,010-0003,UNDEFINED_CONSTANT_PREDICTION
CONSTANT_TRAINING_MEAN,R4_PXD017052_NSCLC:010-0036_Early:SP-003,20,,0.26315789473684215,0.30378081000900664,010-0036,UNDEFINED_CONSTANT_PREDICTION
CONSTANT_TRAINING_MEAN,R4_PXD017052_NSCLC:010-0036_Early:SP-007,17,,0.26548962144304805,0.30647596540647926,010-0036,UNDEFINED_CONSTANT_PREDICTION
CONSTANT_TRAINING_MEAN,R4_PXD017052_NSCLC:010-0036_Early:SP-339,11,,0.2739385058665288,0.3165083211731304,010-0036,UNDEFINED_CONSTANT_PREDICTION
CONSTANT_TRAINING_MEAN,R4_PXD017052_NSCLC:010-0037_Early:SP-003,11,,0.27393850586652874,0.31650832117313044,010-0037,UNDEFINED_CONSTANT_PREDICTION
CONSTANT_TRAINING_MEAN,R4_PXD017052_NSCLC:010-0037_Early:SP-006,12,,0.27272727272727276,0.31410566033849496,010-0037,UNDEFINED_CONSTANT_PREDICTION
CONSTANT_TRAINING_MEAN,R4_PXD017052_NSCLC:010-0037_Early:SP-007,10,,0.2777777777777778,0.31942036444736166,010-0037,UNDEFINED_CONSTANT_PREDICTION
CONSTANT_TRAINING_MEAN,R4_PXD017052_NSCLC:010-0040_Early:SP-003,23,,0.26144885063181805,0.30180558026803345,010-0040,UNDEFINED_CONSTANT_PREDICTION
CONSTANT_TRAINING_MEAN,R4_PXD017052_NSCLC:010-0040_Early:SP-006,13,,0.2702556588101397,0.3120893134890326,010-0040,UNDEFINED_CONSTANT_PREDICTION
CONSTANT_TRAINING_MEAN,R4_PXD017052_NSCLC:010-0040_Early:SP-007,14,,0.2692307692307692,0.31037294264429627,010-0040,UNDEFINED_CONSTANT_PREDICTION
CONSTANT_TRAINING_MEAN,R4_PXD017052_NSCLC:010-0040_Early:SP-339,12,,0.2727272727272727,0.3141056603384949,010-0040,UNDEFINED_CONSTANT_PREDICTION
CONSTANT_TRAINING_MEAN,R4_PXD017052_NSCLC:010-0041_Early:SP-003,24,,0.2608695652173913,0.3012594023707161,010-0041,UNDEFINED_CONSTANT_PREDICTION
CONSTANT_TRAINING_MEAN,R4_PXD017052_NSCLC:010-0041_Early:SP-006,17,,0.26548962144304805,0.30647596540647926,010-0041,UNDEFINED_CONSTANT_PREDICTION
CONSTANT_TRAINING_MEAN,R4_PXD017052_NSCLC:010-0041_Early:SP-007,15,,0.26755490430212103,0.308894177041149,010-0041,UNDEFINED_CONSTANT_PREDICTION
CONSTANT_TRAINING_MEAN,R4_PXD017052_NSCLC:010-0041_Early:SP-339,14,,0.2692307692307693,0.31037294264429627,010-0041,UNDEFINED_CONSTANT_PREDICTION
CONSTANT_TRAINING_MEAN,R4_PXD017052_NSCLC:010-0045_Early:SP-003,15,,0.2675549043021211,0.308894177041149,010-0045,UNDEFINED_CONSTANT_PREDICTION
CONSTANT_TRAINING_MEAN,R4_PXD017052_NSCLC:010-0045_Early:SP-006,15,,0.2675549043021211,0.308894177041149,010-0045,UNDEFINED_CONSTANT_PREDICTION
CONSTANT_TRAINING_MEAN,R4_PXD017052_NSCLC:010-0045_Early:SP-333,12,,0.2727272727272727,0.3141056603384949,010-0045,UNDEFINED_CONSTANT_PREDICTION
CONSTANT_TRAINING_MEAN,R4_PXD017052_NSCLC:010-0047_Early:SP-003,15,,0.2675549043021211,0.308894177041149,010-0047,UNDEFINED_CONSTANT_PREDICTION
CONSTANT_TRAINING_MEAN,R4_PXD017052_NSCLC:010-0047_Early:SP-007,11,,0.27393850586652874,0.31650832117313044,010-0047,UNDEFINED_CONSTANT_PREDICTION
CONSTANT_TRAINING_MEAN,R4_PXD017052_NSCLC:010-0048_Early:SP-003,14,,0.2692307692307692,0.31037294264429627,010-0048,UNDEFINED_CONSTANT_PREDICTION
CONSTANT_TRAINING_MEAN,R4_PXD017052_NSCLC:010-0048_Early:SP-006,10,,0.2777777777777778,0.3194203644473616,010-0048,UNDEFINED_CONSTANT_PREDICTION
CONSTANT_TRAINING_MEAN,R4_PXD017052_NSCLC:010-0051_Early:SP-003,19,,0.2638591349753588,0.3045818608591556,010-0051,UNDEFINED_CONSTANT_PREDICTION
CONSTANT_TRAINING_MEAN,R4_PXD017052_NSCLC:010-0051_Early:SP-006,18,,0.2647058823529411,0.30547466715555033,010-0051,UNDEFINED_CONSTANT_PREDICTION
CONSTANT_TRAINING_MEAN,R4_PXD017052_NSCLC:010-0051_Early:SP-007,10,,0.2777777777777778,0.31942036444736166,010-0051,UNDEFINED_CONSTANT_PREDICTION
CONSTANT_TRAINING_MEAN,R4_PXD017052_NSCLC:010-0051_Early:SP-333,11,,0.27393850586652874,0.31650832117313044,010-0051,UNDEFINED_CONSTANT_PREDICTION
CONSTANT_TRAINING_MEAN,R4_PXD017052_NSCLC:010-0051_Early:SP-339,13,,0.2702556588101397,0.3120893134890327,010-0051,UNDEFINED_CONSTANT_PREDICTION
CONSTANT_TRAINING_MEAN,R4_PXD017052_NSCLC:010-0052_Early:SP-003,18,,0.2647058823529412,0.30547466715555033,010-0052,UNDEFINED_CONSTANT_PREDICTION
CONSTANT_TRAINING_MEAN,R4_PXD017052_NSCLC:010-0052_Early:SP-006,13,,0.2702556588101397,0.3120893134890326,010-0052,UNDEFINED_CONSTANT_PREDICTION
CONSTANT_TRAINING_MEAN,R4_PXD017052_NSCLC:010-0052_Early:SP-007,11,,0.27393850586652874,0.3165083211731304,010-0052,UNDEFINED_CONSTANT_PREDICTION
CONSTANT_TRAINING_MEAN,R4_PXD017052_NSCLC:010-0056_Early:SP-003,18,,0.2647058823529412,0.30547466715555033,010-0056,UNDEFINED_CONSTANT_PREDICTION
CONSTANT_TRAINING_MEAN,R4_PXD017052_NSCLC:010-0056_Early:SP-006,18,,0.2647058823529411,0.3054746671555503,010-0056,UNDEFINED_CONSTANT_PREDICTION
CONSTANT_TRAINING_MEAN,R4_PXD017052_NSCLC:010-0056_Early:SP-007,12,,0.2727272727272727,0.3141056603384949,010-0056,UNDEFINED_CONSTANT_PREDICTION
CONSTANT_TRAINING_MEAN,R4_PXD017052_NSCLC:010-0056_Early:SP-339,11,,0.2739385058665288,0.3165083211731304,010-0056,UNDEFINED_CONSTANT_PREDICTION
CONSTANT_TRAINING_MEAN,R4_PXD017052_NSCLC:011-0002_Early:SP-003,33,,0.2579795019555096,0.29785765734407454,011-0002,UNDEFINED_CONSTANT_PREDICTION
CONSTANT_TRAINING_MEAN,R4_PXD017052_NSCLC:011-0002_Early:SP-006,34,,0.2575757575757576,0.2975926003039589,011-0002,UNDEFINED_CONSTANT_PREDICTION
CONSTANT_TRAINING_MEAN,R4_PXD017052_NSCLC:011-0002_Early:SP-007,32,,0.25806451612903225,0.2981395558982208,011-0002,UNDEFINED_CONSTANT_PREDICTION
CONSTANT_TRAINING_MEAN,R4_PXD017052_NSCLC:011-0002_Early:SP-333,24,,0.2608695652173913,0.3012594023707161,011-0002,UNDEFINED_CONSTANT_PREDICTION
CONSTANT_TRAINING_MEAN,R4_PXD017052_NSCLC:011-0002_Early:SP-339,30,,0.25862068965517243,0.29876073560953154,011-0002,UNDEFINED_CONSTANT_PREDICTION
CONSTANT_TRAINING_MEAN,R4_PXD017052_NSCLC:011-0007_Early:SP-003,33,,0.2579795019555096,0.29785765734407454,011-0007,UNDEFINED_CONSTANT_PREDICTION
CONSTANT_TRAINING_MEAN,R4_PXD017052_NSCLC:011-0007_Early:SP-006,33,,0.2579795019555096,0.29785765734407454,011-0007,UNDEFINED_CONSTANT_PREDICTION
CONSTANT_TRAINING_MEAN,R4_PXD017052_NSCLC:011-0007_Early:SP-007,33,,0.2579795019555096,0.29785765734407454,011-0007,UNDEFINED_CONSTANT_PREDICTION
CONSTANT_TRAINING_MEAN,R4_PXD017052_NSCLC:011-0007_Early:SP-333,21,,0.262539217358658,0.30305805390799323,011-0007,UNDEFINED_CONSTANT_PREDICTION
CONSTANT_TRAINING_MEAN,R4_PXD017052_NSCLC:011-0007_Early:SP-339,29,,0.2590801229148902,0.29910404821323927,011-0007,UNDEFINED_CONSTANT_PREDICTION
CONSTANT_TRAINING_MEAN,R4_PXD017052_NSCLC:013-0006_Early:SP-003,33,,0.2579795019555096,0.29785765734407454,013-0006,UNDEFINED_CONSTANT_PREDICTION
CONSTANT_TRAINING_MEAN,R4_PXD017052_NSCLC:013-0006_Early:SP-006,33,,0.2579795019555096,0.29785765734407454,013-0006,UNDEFINED_CONSTANT_PREDICTION
CONSTANT_TRAINING_MEAN,R4_PXD017052_NSCLC:013-0006_Early:SP-007,30,,0.2586206896551724,0.29876073560953154,013-0006,UNDEFINED_CONSTANT_PREDICTION
CONSTANT_TRAINING_MEAN,R4_PXD017052_NSCLC:013-0006_Early:SP-333,10,,0.2777777777777778,0.3194203644473616,013-0006,UNDEFINED_CONSTANT_PREDICTION
CONSTANT_TRAINING_MEAN,R4_PXD017052_NSCLC:013-0006_Early:SP-339,30,,0.25862068965517243,0.29876073560953154,013-0006,UNDEFINED_CONSTANT_PREDICTION
CONSTANT_TRAINING_MEAN,R4_PXD017052_NSCLC:013-0008_Early:SP-003,32,,0.25806451612903225,0.2981395558982208,013-0008,UNDEFINED_CONSTANT_PREDICTION
CONSTANT_TRAINING_MEAN,R4_PXD017052_NSCLC:013-0008_Early:SP-006,34,,0.2575757575757576,0.2975926003039589,013-0008,UNDEFINED_CONSTANT_PREDICTION
CONSTANT_TRAINING_MEAN,R4_PXD017052_NSCLC:013-0008_Early:SP-007,31,,0.2584943085332844,0.29843995419635483,013-0008,UNDEFINED_CONSTANT_PREDICTION
CONSTANT_TRAINING_MEAN,R4_PXD017052_NSCLC:013-0008_Early:SP-333,18,,0.2647058823529412,0.30547466715555033,013-0008,UNDEFINED_CONSTANT_PREDICTION
CONSTANT_TRAINING_MEAN,R4_PXD017052_NSCLC:013-0008_Early:SP-339,29,,0.2590801229148902,0.29910404821323927,013-0008,UNDEFINED_CONSTANT_PREDICTION
CONSTANT_TRAINING_MEAN,R4_PXD017052_NSCLC:013-0021_Early:SP-003,33,,0.2579795019555096,0.29785765734407454,013-0021,UNDEFINED_CONSTANT_PREDICTION
CONSTANT_TRAINING_MEAN,R4_PXD017052_NSCLC:013-0021_Early:SP-006,34,,0.25757575757575757,0.2975926003039589,013-0021,UNDEFINED_CONSTANT_PREDICTION
CONSTANT_TRAINING_MEAN,R4_PXD017052_NSCLC:013-0021_Early:SP-007,32,,0.25806451612903225,0.2981395558982208,013-0021,UNDEFINED_CONSTANT_PREDICTION
CONSTANT_TRAINING_MEAN,R4_PXD017052_NSCLC:013-0021_Early:SP-333,33,,0.2579795019555096,0.29785765734407454,013-0021,UNDEFINED_CONSTANT_PREDICTION
CONSTANT_TRAINING_MEAN,R4_PXD017052_NSCLC:013-0021_Early:SP-339,31,,0.2584943085332844,0.2984399541963548,013-0021,UNDEFINED_CONSTANT_PREDICTION
CONSTANT_TRAINING_MEAN,R4_PXD017052_NSCLC:013-0032_Early:SP-003,33,,0.2579795019555096,0.29785765734407454,013-0032,UNDEFINED_CONSTANT_PREDICTION
CONSTANT_TRAINING_MEAN,R4_PXD017052_NSCLC:013-0032_Early:SP-006,33,,0.2579795019555096,0.29785765734407454,013-0032,UNDEFINED_CONSTANT_PREDICTION
CONSTANT_TRAINING_MEAN,R4_PXD017052_NSCLC:013-0032_Early:SP-007,33,,0.2579795019555096,0.29785765734407454,013-0032,UNDEFINED_CONSTANT_PREDICTION
CONSTANT_TRAINING_MEAN,R4_PXD017052_NSCLC:013-0032_Early:SP-333,30,,0.2586206896551724,0.29876073560953154,013-0032,UNDEFINED_CONSTANT_PREDICTION
CONSTANT_TRAINING_MEAN,R4_PXD017052_NSCLC:013-0032_Early:SP-339,32,,0.25806451612903225,0.2981395558982208,013-0032,UNDEFINED_CONSTANT_PREDICTION
CONSTANT_TRAINING_MEAN,R4_PXD017052_NSCLC:014-0024_Healthy:SP-003,30,,0.2586206896551724,0.29876073560953154,014-0024,UNDEFINED_CONSTANT_PREDICTION
CONSTANT_TRAINING_MEAN,R4_PXD017052_NSCLC:014-0024_Healthy:SP-006,30,,0.25862068965517243,0.2987607356095316,014-0024,UNDEFINED_CONSTANT_PREDICTION
CONSTANT_TRAINING_MEAN,R4_PXD017052_NSCLC:014-0024_Healthy:SP-007,28,,0.25925925925925924,0.29947235299997166,014-0024,UNDEFINED_CONSTANT_PREDICTION
CONSTANT_TRAINING_MEAN,R4_PXD017052_NSCLC:014-0024_Healthy:SP-333,14,,0.2692307692307692,0.31037294264429627,014-0024,UNDEFINED_CONSTANT_PREDICTION
CONSTANT_TRAINING_MEAN,R4_PXD017052_NSCLC:014-0024_Healthy:SP-339,20,,0.26315789473684215,0.30378081000900664,014-0024,UNDEFINED_CONSTANT_PREDICTION
CONSTANT_TRAINING_MEAN,R4_PXD017052_NSCLC:014-0032_Healthy:SP-003,30,,0.2586206896551724,0.29876073560953154,014-0032,UNDEFINED_CONSTANT_PREDICTION
CONSTANT_TRAINING_MEAN,R4_PXD017052_NSCLC:014-0032_Healthy:SP-006,25,,0.26053294258127263,0.3007578679762364,014-0032,UNDEFINED_CONSTANT_PREDICTION
CONSTANT_TRAINING_MEAN,R4_PXD017052_NSCLC:014-0032_Healthy:SP-007,24,,0.2608695652173913,0.3012594023707161,014-0032,UNDEFINED_CONSTANT_PREDICTION
CONSTANT_TRAINING_MEAN,R4_PXD017052_NSCLC:014-0032_Healthy:SP-333,13,,0.2702556588101397,0.3120893134890326,014-0032,UNDEFINED_CONSTANT_PREDICTION
CONSTANT_TRAINING_MEAN,R4_PXD017052_NSCLC:014-0032_Healthy:SP-339,24,,0.2608695652173913,0.3012594023707161,014-0032,UNDEFINED_CONSTANT_PREDICTION
CONSTANT_TRAINING_MEAN,R4_PXD017052_NSCLC:014-0036_Healthy:SP-003,31,,0.25849430853328437,0.2984399541963548,014-0036,UNDEFINED_CONSTANT_PREDICTION
CONSTANT_TRAINING_MEAN,R4_PXD017052_NSCLC:014-0036_Healthy:SP-006,31,,0.2584943085332844,0.2984399541963548,014-0036,UNDEFINED_CONSTANT_PREDICTION
CONSTANT_TRAINING_MEAN,R4_PXD017052_NSCLC:014-0036_Healthy:SP-007,28,,0.25925925925925924,0.29947235299997166,014-0036,UNDEFINED_CONSTANT_PREDICTION
CONSTANT_TRAINING_MEAN,R4_PXD017052_NSCLC:014-0036_Healthy:SP-333,15,,0.26755490430212103,0.308894177041149,014-0036,UNDEFINED_CONSTANT_PREDICTION
CONSTANT_TRAINING_MEAN,R4_PXD017052_NSCLC:014-0036_Healthy:SP-339,26,,0.26,0.3002957165392698,014-0036,UNDEFINED_CONSTANT_PREDICTION
CONSTANT_TRAINING_MEAN,R4_PXD017052_NSCLC:014-0037_Healthy:SP-003,29,,0.25908012291489024,0.29910404821323927,014-0037,UNDEFINED_CONSTANT_PREDICTION
CONSTANT_TRAINING_MEAN,R4_PXD017052_NSCLC:014-0037_Healthy:SP-006,29,,0.25908012291489024,0.29910404821323927,014-0037,UNDEFINED_CONSTANT_PREDICTION
CONSTANT_TRAINING_MEAN,R4_PXD017052_NSCLC:014-0037_Healthy:SP-007,24,,0.2608695652173913,0.3012594023707161,014-0037,UNDEFINED_CONSTANT_PREDICTION
CONSTANT_TRAINING_MEAN,R4_PXD017052_NSCLC:014-0037_Healthy:SP-333,11,,0.27393850586652874,0.31650832117313044,014-0037,UNDEFINED_CONSTANT_PREDICTION
CONSTANT_TRAINING_MEAN,R4_PXD017052_NSCLC:014-0037_Healthy:SP-339,23,,0.26144885063181805,0.30180558026803345,014-0037,UNDEFINED_CONSTANT_PREDICTION
CONSTANT_TRAINING_MEAN,R4_PXD017052_NSCLC:014-0038_Healthy:SP-003,31,,0.2584943085332844,0.2984399541963548,014-0038,UNDEFINED_CONSTANT_PREDICTION
CONSTANT_TRAINING_MEAN,R4_PXD017052_NSCLC:014-0038_Healthy:SP-006,34,,0.25757575757575757,0.2975926003039589,014-0038,UNDEFINED_CONSTANT_PREDICTION
CONSTANT_TRAINING_MEAN,R4_PXD017052_NSCLC:014-0038_Healthy:SP-007,26,,0.26,0.3002957165392698,014-0038,UNDEFINED_CONSTANT_PREDICTION
CONSTANT_TRAINING_MEAN,R4_PXD017052_NSCLC:014-0038_Healthy:SP-333,21,,0.26253921735865793,0.30305805390799323,014-0038,UNDEFINED_CONSTANT_PREDICTION
CONSTANT_TRAINING_MEAN,R4_PXD017052_NSCLC:014-0038_Healthy:SP-339,25,,0.2605329425812727,0.3007578679762364,014-0038,UNDEFINED_CONSTANT_PREDICTION
CONSTANT_TRAINING_MEAN,R4_PXD017052_NSCLC:014-0041_Healthy:SP-003,30,,0.25862068965517243,0.2987607356095316,014-0041,UNDEFINED_CONSTANT_PREDICTION
CONSTANT_TRAINING_MEAN,R4_PXD017052_NSCLC:014-0041_Healthy:SP-006,31,,0.2584943085332844,0.29843995419635483,014-0041,UNDEFINED_CONSTANT_PREDICTION
CONSTANT_TRAINING_MEAN,R4_PXD017052_NSCLC:014-0041_Healthy:SP-007,19,,0.2638591349753588,0.3045818608591557,014-0041,UNDEFINED_CONSTANT_PREDICTION
CONSTANT_TRAINING_MEAN,R4_PXD017052_NSCLC:014-0041_Healthy:SP-333,23,,0.26144885063181816,0.30180558026803345,014-0041,UNDEFINED_CONSTANT_PREDICTION
CONSTANT_TRAINING_MEAN,R4_PXD017052_NSCLC:014-0041_Healthy:SP-339,22,,0.2619047619047619,0.3024026432451852,014-0041,UNDEFINED_CONSTANT_PREDICTION
CONSTANT_TRAINING_MEAN,R4_PXD017052_NSCLC:014-0049_Healthy:SP-003,30,,0.25862068965517243,0.29876073560953154,014-0049,UNDEFINED_CONSTANT_PREDICTION
CONSTANT_TRAINING_MEAN,R4_PXD017052_NSCLC:014-0049_Healthy:SP-006,32,,0.2580645161290322,0.2981395558982208,014-0049,UNDEFINED_CONSTANT_PREDICTION
CONSTANT_TRAINING_MEAN,R4_PXD017052_NSCLC:014-0049_Healthy:SP-007,24,,0.2608695652173913,0.3012594023707161,014-0049,UNDEFINED_CONSTANT_PREDICTION
CONSTANT_TRAINING_MEAN,R4_PXD017052_NSCLC:014-0049_Healthy:SP-333,15,,0.2675549043021211,0.308894177041149,014-0049,UNDEFINED_CONSTANT_PREDICTION
CONSTANT_TRAINING_MEAN,R4_PXD017052_NSCLC:014-0049_Healthy:SP-339,24,,0.2608695652173913,0.3012594023707161,014-0049,UNDEFINED_CONSTANT_PREDICTION
CONSTANT_TRAINING_MEAN,R4_PXD017052_NSCLC:014-0052_Healthy:SP-003,30,,0.2586206896551724,0.29876073560953154,014-0052,UNDEFINED_CONSTANT_PREDICTION
CONSTANT_TRAINING_MEAN,R4_PXD017052_NSCLC:014-0052_Healthy:SP-006,28,,0.25925925925925924,0.2994723529999717,014-0052,UNDEFINED_CONSTANT_PREDICTION
CONSTANT_TRAINING_MEAN,R4_PXD017052_NSCLC:014-0052_Healthy:SP-007,27,,0.2597527246122895,0.2998684830311835,014-0052,UNDEFINED_CONSTANT_PREDICTION
CONSTANT_TRAINING_MEAN,R4_PXD017052_NSCLC:014-0052_Healthy:SP-333,12,,0.2727272727272727,0.31410566033849496,014-0052,UNDEFINED_CONSTANT_PREDICTION
CONSTANT_TRAINING_MEAN,R4_PXD017052_NSCLC:014-0052_Healthy:SP-339,19,,0.2638591349753588,0.3045818608591557,014-0052,UNDEFINED_CONSTANT_PREDICTION
CONSTANT_TRAINING_MEAN,R4_PXD017052_NSCLC:014-0065_Healthy:SP-003,27,,0.25975272461228943,0.2998684830311835,014-0065,UNDEFINED_CONSTANT_PREDICTION
CONSTANT_TRAINING_MEAN,R4_PXD017052_NSCLC:014-0065_Healthy:SP-006,32,,0.25806451612903225,0.2981395558982208,014-0065,UNDEFINED_CONSTANT_PREDICTION
CONSTANT_TRAINING_MEAN,R4_PXD017052_NSCLC:014-0065_Healthy:SP-007,21,,0.2625392173586579,0.30305805390799323,014-0065,UNDEFINED_CONSTANT_PREDICTION
CONSTANT_TRAINING_MEAN,R4_PXD017052_NSCLC:014-0065_Healthy:SP-333,13,,0.27025565881013974,0.3120893134890326,014-0065,UNDEFINED_CONSTANT_PREDICTION
CONSTANT_TRAINING_MEAN,R4_PXD017052_NSCLC:014-0065_Healthy:SP-339,12,,0.27272727272727276,0.3141056603384949,014-0065,UNDEFINED_CONSTANT_PREDICTION
CONSTANT_TRAINING_MEAN,R4_PXD017052_NSCLC:014-0066_Healthy:SP-003,31,,0.25849430853328437,0.29843995419635483,014-0066,UNDEFINED_CONSTANT_PREDICTION
CONSTANT_TRAINING_MEAN,R4_PXD017052_NSCLC:014-0066_Healthy:SP-006,32,,0.25806451612903225,0.2981395558982208,014-0066,UNDEFINED_CONSTANT_PREDICTION
CONSTANT_TRAINING_MEAN,R4_PXD017052_NSCLC:014-0066_Healthy:SP-007,29,,0.2590801229148902,0.2991040482132393,014-0066,UNDEFINED_CONSTANT_PREDICTION
CONSTANT_TRAINING_MEAN,R4_PXD017052_NSCLC:014-0066_Healthy:SP-333,16,,0.26666666666666666,0.3076068299246262,014-0066,UNDEFINED_CONSTANT_PREDICTION
CONSTANT_TRAINING_MEAN,R4_PXD017052_NSCLC:014-0066_Healthy:SP-339,28,,0.25925925925925924,0.29947235299997166,014-0066,UNDEFINED_CONSTANT_PREDICTION
CONSTANT_TRAINING_MEAN,R4_PXD017052_NSCLC:014-0068_Healthy:SP-003,33,,0.2579795019555096,0.29785765734407454,014-0068,UNDEFINED_CONSTANT_PREDICTION
CONSTANT_TRAINING_MEAN,R4_PXD017052_NSCLC:014-0068_Healthy:SP-006,33,,0.2579795019555096,0.29785765734407454,014-0068,UNDEFINED_CONSTANT_PREDICTION
CONSTANT_TRAINING_MEAN,R4_PXD017052_NSCLC:014-0068_Healthy:SP-007,28,,0.25925925925925924,0.2994723529999717,014-0068,UNDEFINED_CONSTANT_PREDICTION
CONSTANT_TRAINING_MEAN,R4_PXD017052_NSCLC:014-0068_Healthy:SP-333,15,,0.2675549043021211,0.308894177041149,014-0068,UNDEFINED_CONSTANT_PREDICTION
CONSTANT_TRAINING_MEAN,R4_PXD017052_NSCLC:014-0068_Healthy:SP-339,18,,0.2647058823529412,0.30547466715555033,014-0068,UNDEFINED_CONSTANT_PREDICTION
CONSTANT_TRAINING_MEAN,R4_PXD017052_NSCLC:015-0005_Early:SP-003,32,,0.25806451612903225,0.2981395558982208,015-0005,UNDEFINED_CONSTANT_PREDICTION
CONSTANT_TRAINING_MEAN,R4_PXD017052_NSCLC:015-0005_Early:SP-006,34,,0.25757575757575757,0.2975926003039589,015-0005,UNDEFINED_CONSTANT_PREDICTION
CONSTANT_TRAINING_MEAN,R4_PXD017052_NSCLC:015-0005_Early:SP-007,30,,0.2586206896551724,0.29876073560953154,015-0005,UNDEFINED_CONSTANT_PREDICTION
CONSTANT_TRAINING_MEAN,R4_PXD017052_NSCLC:015-0005_Early:SP-333,19,,0.26385913497535873,0.3045818608591557,015-0005,UNDEFINED_CONSTANT_PREDICTION
CONSTANT_TRAINING_MEAN,R4_PXD017052_NSCLC:015-0005_Early:SP-339,29,,0.2590801229148902,0.29910404821323927,015-0005,UNDEFINED_CONSTANT_PREDICTION
CONSTANT_TRAINING_MEAN,R4_PXD017052_NSCLC:015-0007_Early:SP-003,33,,0.2579795019555096,0.29785765734407454,015-0007,UNDEFINED_CONSTANT_PREDICTION
CONSTANT_TRAINING_MEAN,R4_PXD017052_NSCLC:015-0007_Early:SP-006,32,,0.25806451612903225,0.2981395558982208,015-0007,UNDEFINED_CONSTANT_PREDICTION
CONSTANT_TRAINING_MEAN,R4_PXD017052_NSCLC:015-0007_Early:SP-007,24,,0.2608695652173913,0.3012594023707161,015-0007,UNDEFINED_CONSTANT_PREDICTION
CONSTANT_TRAINING_MEAN,R4_PXD017052_NSCLC:015-0007_Early:SP-333,13,,0.2702556588101397,0.3120893134890326,015-0007,UNDEFINED_CONSTANT_PREDICTION
CONSTANT_TRAINING_MEAN,R4_PXD017052_NSCLC:015-0007_Early:SP-339,28,,0.25925925925925924,0.29947235299997166,015-0007,UNDEFINED_CONSTANT_PREDICTION
CONSTANT_TRAINING_MEAN,R4_PXD017052_NSCLC:017-0071_Early:SP-003,10,,0.2777777777777778,0.31942036444736166,017-0071,UNDEFINED_CONSTANT_PREDICTION
CONSTANT_TRAINING_MEAN,R4_PXD017052_NSCLC:017-0071_Early:SP-006,13,,0.2702556588101397,0.3120893134890327,017-0071,UNDEFINED_CONSTANT_PREDICTION
CONSTANT_TRAINING_MEAN,R4_PXD017052_NSCLC:018-0004_Early:SP-003,33,,0.2579795019555096,0.29785765734407454,018-0004,UNDEFINED_CONSTANT_PREDICTION
CONSTANT_TRAINING_MEAN,R4_PXD017052_NSCLC:018-0004_Early:SP-006,34,,0.25757575757575757,0.2975926003039589,018-0004,UNDEFINED_CONSTANT_PREDICTION
CONSTANT_TRAINING_MEAN,R4_PXD017052_NSCLC:018-0004_Early:SP-007,30,,0.25862068965517243,0.29876073560953154,018-0004,UNDEFINED_CONSTANT_PREDICTION
CONSTANT_TRAINING_MEAN,R4_PXD017052_NSCLC:018-0004_Early:SP-333,25,,0.26053294258127263,0.30075786797623644,018-0004,UNDEFINED_CONSTANT_PREDICTION
CONSTANT_TRAINING_MEAN,R4_PXD017052_NSCLC:018-0004_Early:SP-339,30,,0.2586206896551724,0.29876073560953154,018-0004,UNDEFINED_CONSTANT_PREDICTION
CONSTANT_TRAINING_MEAN,R4_PXD017052_NSCLC:019-0003_Early:SP-003,13,,0.2702556588101397,0.3120893134890327,019-0003,UNDEFINED_CONSTANT_PREDICTION
CONSTANT_TRAINING_MEAN,R4_PXD017052_NSCLC:019-0003_Early:SP-006,17,,0.26548962144304805,0.30647596540647926,019-0003,UNDEFINED_CONSTANT_PREDICTION
CONSTANT_TRAINING_MEAN,R4_PXD017052_NSCLC:020-0004_Healthy:SP-003,32,,0.25806451612903225,0.2981395558982208,020-0004,UNDEFINED_CONSTANT_PREDICTION
CONSTANT_TRAINING_MEAN,R4_PXD017052_NSCLC:020-0004_Healthy:SP-006,33,,0.2579795019555096,0.29785765734407454,020-0004,UNDEFINED_CONSTANT_PREDICTION
CONSTANT_TRAINING_MEAN,R4_PXD017052_NSCLC:020-0004_Healthy:SP-007,32,,0.25806451612903225,0.2981395558982208,020-0004,UNDEFINED_CONSTANT_PREDICTION
CONSTANT_TRAINING_MEAN,R4_PXD017052_NSCLC:020-0004_Healthy:SP-333,13,,0.2702556588101397,0.31208931348903257,020-0004,UNDEFINED_CONSTANT_PREDICTION
CONSTANT_TRAINING_MEAN,R4_PXD017052_NSCLC:020-0004_Healthy:SP-339,30,,0.2586206896551724,0.29876073560953154,020-0004,UNDEFINED_CONSTANT_PREDICTION
CONSTANT_TRAINING_MEAN,R4_PXD017052_NSCLC:020-0006_Healthy:SP-003,33,,0.2579795019555096,0.29785765734407454,020-0006,UNDEFINED_CONSTANT_PREDICTION
CONSTANT_TRAINING_MEAN,R4_PXD017052_NSCLC:020-0006_Healthy:SP-006,33,,0.2579795019555096,0.29785765734407454,020-0006,UNDEFINED_CONSTANT_PREDICTION
CONSTANT_TRAINING_MEAN,R4_PXD017052_NSCLC:020-0006_Healthy:SP-007,29,,0.2590801229148902,0.2991040482132393,020-0006,UNDEFINED_CONSTANT_PREDICTION
CONSTANT_TRAINING_MEAN,R4_PXD017052_NSCLC:020-0006_Healthy:SP-333,17,,0.26548962144304805,0.30647596540647926,020-0006,UNDEFINED_CONSTANT_PREDICTION
CONSTANT_TRAINING_MEAN,R4_PXD017052_NSCLC:020-0006_Healthy:SP-339,27,,0.2597527246122895,0.2998684830311835,020-0006,UNDEFINED_CONSTANT_PREDICTION
CONSTANT_TRAINING_MEAN,R4_PXD017052_NSCLC:020-0007_Healthy:SP-003,32,,0.25806451612903225,0.2981395558982208,020-0007,UNDEFINED_CONSTANT_PREDICTION
CONSTANT_TRAINING_MEAN,R4_PXD017052_NSCLC:020-0007_Healthy:SP-006,33,,0.2579795019555096,0.29785765734407454,020-0007,UNDEFINED_CONSTANT_PREDICTION
CONSTANT_TRAINING_MEAN,R4_PXD017052_NSCLC:020-0007_Healthy:SP-007,28,,0.25925925925925924,0.29947235299997166,020-0007,UNDEFINED_CONSTANT_PREDICTION
CONSTANT_TRAINING_MEAN,R4_PXD017052_NSCLC:020-0007_Healthy:SP-333,17,,0.26548962144304805,0.30647596540647926,020-0007,UNDEFINED_CONSTANT_PREDICTION
CONSTANT_TRAINING_MEAN,R4_PXD017052_NSCLC:020-0007_Healthy:SP-339,28,,0.25925925925925924,0.29947235299997166,020-0007,UNDEFINED_CONSTANT_PREDICTION
CONSTANT_TRAINING_MEAN,R4_PXD017052_NSCLC:020-0011_Healthy:SP-003,32,,0.25806451612903225,0.2981395558982208,020-0011,UNDEFINED_CONSTANT_PREDICTION
CONSTANT_TRAINING_MEAN,R4_PXD017052_NSCLC:020-0011_Healthy:SP-006,29,,0.25908012291489024,0.2991040482132393,020-0011,UNDEFINED_CONSTANT_PREDICTION
CONSTANT_TRAINING_MEAN,R4_PXD017052_NSCLC:020-0011_Healthy:SP-007,28,,0.25925925925925924,0.29947235299997166,020-0011,UNDEFINED_CONSTANT_PREDICTION
CONSTANT_TRAINING_MEAN,R4_PXD017052_NSCLC:020-0011_Healthy:SP-333,15,,0.2675549043021211,0.308894177041149,020-0011,UNDEFINED_CONSTANT_PREDICTION
CONSTANT_TRAINING_MEAN,R4_PXD017052_NSCLC:020-0011_Healthy:SP-339,26,,0.26,0.3002957165392698,020-0011,UNDEFINED_CONSTANT_PREDICTION
CONSTANT_TRAINING_MEAN,R4_PXD017052_NSCLC:020-0014_Healthy:SP-003,28,,0.25925925925925924,0.2994723529999717,020-0014,UNDEFINED_CONSTANT_PREDICTION
CONSTANT_TRAINING_MEAN,R4_PXD017052_NSCLC:020-0014_Healthy:SP-006,24,,0.2608695652173913,0.3012594023707161,020-0014,UNDEFINED_CONSTANT_PREDICTION
CONSTANT_TRAINING_MEAN,R4_PXD017052_NSCLC:020-0014_Healthy:SP-007,19,,0.2638591349753588,0.3045818608591557,020-0014,UNDEFINED_CONSTANT_PREDICTION
CONSTANT_TRAINING_MEAN,R4_PXD017052_NSCLC:020-0014_Healthy:SP-333,10,,0.2777777777777778,0.3194203644473616,020-0014,UNDEFINED_CONSTANT_PREDICTION
CONSTANT_TRAINING_MEAN,R4_PXD017052_NSCLC:020-0014_Healthy:SP-339,14,,0.2692307692307693,0.31037294264429627,020-0014,UNDEFINED_CONSTANT_PREDICTION
CONSTANT_TRAINING_MEAN,R4_PXD017052_NSCLC:020-0015_Healthy:SP-003,33,,0.2579795019555096,0.29785765734407454,020-0015,UNDEFINED_CONSTANT_PREDICTION
CONSTANT_TRAINING_MEAN,R4_PXD017052_NSCLC:020-0015_Healthy:SP-006,33,,0.2579795019555096,0.29785765734407454,020-0015,UNDEFINED_CONSTANT_PREDICTION
CONSTANT_TRAINING_MEAN,R4_PXD017052_NSCLC:020-0015_Healthy:SP-007,29,,0.25908012291489024,0.29910404821323927,020-0015,UNDEFINED_CONSTANT_PREDICTION
CONSTANT_TRAINING_MEAN,R4_PXD017052_NSCLC:020-0015_Healthy:SP-333,25,,0.2605329425812727,0.3007578679762364,020-0015,UNDEFINED_CONSTANT_PREDICTION
CONSTANT_TRAINING_MEAN,R4_PXD017052_NSCLC:020-0015_Healthy:SP-339,29,,0.2590801229148902,0.29910404821323927,020-0015,UNDEFINED_CONSTANT_PREDICTION
CONSTANT_TRAINING_MEAN,R4_PXD017052_NSCLC:020-0016_Healthy:SP-003,32,,0.25806451612903225,0.2981395558982208,020-0016,UNDEFINED_CONSTANT_PREDICTION
CONSTANT_TRAINING_MEAN,R4_PXD017052_NSCLC:020-0016_Healthy:SP-006,33,,0.2579795019555096,0.29785765734407454,020-0016,UNDEFINED_CONSTANT_PREDICTION
CONSTANT_TRAINING_MEAN,R4_PXD017052_NSCLC:020-0016_Healthy:SP-007,25,,0.2605329425812727,0.3007578679762364,020-0016,UNDEFINED_CONSTANT_PREDICTION
CONSTANT_TRAINING_MEAN,R4_PXD017052_NSCLC:020-0016_Healthy:SP-333,14,,0.2692307692307692,0.31037294264429627,020-0016,UNDEFINED_CONSTANT_PREDICTION
CONSTANT_TRAINING_MEAN,R4_PXD017052_NSCLC:020-0016_Healthy:SP-339,23,,0.26144885063181805,0.30180558026803345,020-0016,UNDEFINED_CONSTANT_PREDICTION
CONSTANT_TRAINING_MEAN,R4_PXD017052_NSCLC:020-0017_Healthy:SP-003,29,,0.2590801229148902,0.29910404821323927,020-0017,UNDEFINED_CONSTANT_PREDICTION
CONSTANT_TRAINING_MEAN,R4_PXD017052_NSCLC:020-0017_Healthy:SP-006,21,,0.26253921735865793,0.30305805390799323,020-0017,UNDEFINED_CONSTANT_PREDICTION
CONSTANT_TRAINING_MEAN,R4_PXD017052_NSCLC:020-0017_Healthy:SP-007,25,,0.2605329425812727,0.3007578679762364,020-0017,UNDEFINED_CONSTANT_PREDICTION
CONSTANT_TRAINING_MEAN,R4_PXD017052_NSCLC:020-0017_Healthy:SP-333,11,,0.27393850586652874,0.31650832117313044,020-0017,UNDEFINED_CONSTANT_PREDICTION
CONSTANT_TRAINING_MEAN,R4_PXD017052_NSCLC:020-0017_Healthy:SP-339,19,,0.2638591349753588,0.3045818608591557,020-0017,UNDEFINED_CONSTANT_PREDICTION
CONSTANT_TRAINING_MEAN,R4_PXD017052_NSCLC:020-0019_Healthy:SP-003,25,,0.2605329425812727,0.3007578679762364,020-0019,UNDEFINED_CONSTANT_PREDICTION
CONSTANT_TRAINING_MEAN,R4_PXD017052_NSCLC:020-0019_Healthy:SP-006,24,,0.2608695652173913,0.3012594023707161,020-0019,UNDEFINED_CONSTANT_PREDICTION
CONSTANT_TRAINING_MEAN,R4_PXD017052_NSCLC:020-0019_Healthy:SP-007,20,,0.2631578947368421,0.30378081000900664,020-0019,UNDEFINED_CONSTANT_PREDICTION
CONSTANT_TRAINING_MEAN,R4_PXD017052_NSCLC:020-0029_Healthy:SP-003,32,,0.25806451612903225,0.2981395558982208,020-0029,UNDEFINED_CONSTANT_PREDICTION
CONSTANT_TRAINING_MEAN,R4_PXD017052_NSCLC:020-0029_Healthy:SP-006,30,,0.25862068965517243,0.2987607356095316,020-0029,UNDEFINED_CONSTANT_PREDICTION
CONSTANT_TRAINING_MEAN,R4_PXD017052_NSCLC:020-0029_Healthy:SP-007,30,,0.2586206896551724,0.29876073560953154,020-0029,UNDEFINED_CONSTANT_PREDICTION
CONSTANT_TRAINING_MEAN,R4_PXD017052_NSCLC:020-0029_Healthy:SP-333,17,,0.26548962144304805,0.30647596540647926,020-0029,UNDEFINED_CONSTANT_PREDICTION
CONSTANT_TRAINING_MEAN,R4_PXD017052_NSCLC:020-0029_Healthy:SP-339,28,,0.25925925925925924,0.2994723529999717,020-0029,UNDEFINED_CONSTANT_PREDICTION
CONSTANT_TRAINING_MEAN,R4_PXD017052_NSCLC:020-0032_Healthy:SP-003,32,,0.25806451612903225,0.2981395558982208,020-0032,UNDEFINED_CONSTANT_PREDICTION
CONSTANT_TRAINING_MEAN,R4_PXD017052_NSCLC:020-0032_Healthy:SP-006,28,,0.25925925925925924,0.2994723529999717,020-0032,UNDEFINED_CONSTANT_PREDICTION
CONSTANT_TRAINING_MEAN,R4_PXD017052_NSCLC:020-0032_Healthy:SP-007,27,,0.25975272461228943,0.2998684830311836,020-0032,UNDEFINED_CONSTANT_PREDICTION
CONSTANT_TRAINING_MEAN,R4_PXD017052_NSCLC:020-0032_Healthy:SP-333,14,,0.2692307692307693,0.31037294264429627,020-0032,UNDEFINED_CONSTANT_PREDICTION
CONSTANT_TRAINING_MEAN,R4_PXD017052_NSCLC:020-0032_Healthy:SP-339,28,,0.25925925925925924,0.29947235299997166,020-0032,UNDEFINED_CONSTANT_PREDICTION
CONSTANT_TRAINING_MEAN,R4_PXD017052_NSCLC:020-0034_Healthy:SP-003,31,,0.2584943085332844,0.29843995419635483,020-0034,UNDEFINED_CONSTANT_PREDICTION
CONSTANT_TRAINING_MEAN,R4_PXD017052_NSCLC:020-0034_Healthy:SP-006,30,,0.2586206896551724,0.29876073560953154,020-0034,UNDEFINED_CONSTANT_PREDICTION
CONSTANT_TRAINING_MEAN,R4_PXD017052_NSCLC:020-0034_Healthy:SP-007,27,,0.2597527246122895,0.2998684830311836,020-0034,UNDEFINED_CONSTANT_PREDICTION
CONSTANT_TRAINING_MEAN,R4_PXD017052_NSCLC:020-0034_Healthy:SP-333,10,,0.2777777777777778,0.31942036444736166,020-0034,UNDEFINED_CONSTANT_PREDICTION
CONSTANT_TRAINING_MEAN,R4_PXD017052_NSCLC:020-0034_Healthy:SP-339,26,,0.26,0.3002957165392698,020-0034,UNDEFINED_CONSTANT_PREDICTION
CONSTANT_TRAINING_MEAN,R4_PXD017052_NSCLC:020-0035_Healthy:SP-003,32,,0.25806451612903225,0.2981395558982208,020-0035,UNDEFINED_CONSTANT_PREDICTION
CONSTANT_TRAINING_MEAN,R4_PXD017052_NSCLC:020-0035_Healthy:SP-006,25,,0.2605329425812727,0.3007578679762364,020-0035,UNDEFINED_CONSTANT_PREDICTION
CONSTANT_TRAINING_MEAN,R4_PXD017052_NSCLC:020-0035_Healthy:SP-007,27,,0.25975272461228954,0.2998684830311835,020-0035,UNDEFINED_CONSTANT_PREDICTION
CONSTANT_TRAINING_MEAN,R4_PXD017052_NSCLC:020-0035_Healthy:SP-333,10,,0.2777777777777778,0.3194203644473616,020-0035,UNDEFINED_CONSTANT_PREDICTION
CONSTANT_TRAINING_MEAN,R4_PXD017052_NSCLC:020-0035_Healthy:SP-339,21,,0.26253921735865793,0.30305805390799323,020-0035,UNDEFINED_CONSTANT_PREDICTION
CONSTANT_TRAINING_MEAN,R4_PXD017052_NSCLC:020-0036_Healthy:SP-003,33,,0.2579795019555096,0.29785765734407454,020-0036,UNDEFINED_CONSTANT_PREDICTION
CONSTANT_TRAINING_MEAN,R4_PXD017052_NSCLC:020-0036_Healthy:SP-006,32,,0.25806451612903225,0.2981395558982208,020-0036,UNDEFINED_CONSTANT_PREDICTION
CONSTANT_TRAINING_MEAN,R4_PXD017052_NSCLC:020-0036_Healthy:SP-007,27,,0.2597527246122895,0.2998684830311835,020-0036,UNDEFINED_CONSTANT_PREDICTION
CONSTANT_TRAINING_MEAN,R4_PXD017052_NSCLC:020-0036_Healthy:SP-333,16,,0.26666666666666666,0.30760682992462623,020-0036,UNDEFINED_CONSTANT_PREDICTION
CONSTANT_TRAINING_MEAN,R4_PXD017052_NSCLC:020-0036_Healthy:SP-339,31,,0.2584943085332844,0.29843995419635483,020-0036,UNDEFINED_CONSTANT_PREDICTION
CONSTANT_TRAINING_MEAN,R4_PXD017052_NSCLC:020-0037_Healthy:SP-003,27,,0.2597527246122895,0.2998684830311835,020-0037,UNDEFINED_CONSTANT_PREDICTION
CONSTANT_TRAINING_MEAN,R4_PXD017052_NSCLC:020-0037_Healthy:SP-006,29,,0.25908012291489024,0.29910404821323927,020-0037,UNDEFINED_CONSTANT_PREDICTION
CONSTANT_TRAINING_MEAN,R4_PXD017052_NSCLC:020-0037_Healthy:SP-007,24,,0.2608695652173913,0.3012594023707161,020-0037,UNDEFINED_CONSTANT_PREDICTION
CONSTANT_TRAINING_MEAN,R4_PXD017052_NSCLC:020-0037_Healthy:SP-339,13,,0.2702556588101397,0.3120893134890326,020-0037,UNDEFINED_CONSTANT_PREDICTION
CONSTANT_TRAINING_MEAN,R4_PXD017052_NSCLC:020-0038_Healthy:SP-003,30,,0.25862068965517243,0.29876073560953154,020-0038,UNDEFINED_CONSTANT_PREDICTION
CONSTANT_TRAINING_MEAN,R4_PXD017052_NSCLC:020-0038_Healthy:SP-006,28,,0.25925925925925924,0.29947235299997166,020-0038,UNDEFINED_CONSTANT_PREDICTION
CONSTANT_TRAINING_MEAN,R4_PXD017052_NSCLC:020-0038_Healthy:SP-007,23,,0.2614488506318181,0.30180558026803345,020-0038,UNDEFINED_CONSTANT_PREDICTION
CONSTANT_TRAINING_MEAN,R4_PXD017052_NSCLC:020-0038_Healthy:SP-333,15,,0.2675549043021211,0.30889417704114897,020-0038,UNDEFINED_CONSTANT_PREDICTION
CONSTANT_TRAINING_MEAN,R4_PXD017052_NSCLC:020-0038_Healthy:SP-339,25,,0.2605329425812727,0.3007578679762364,020-0038,UNDEFINED_CONSTANT_PREDICTION
CONSTANT_TRAINING_MEAN,R4_PXD017052_NSCLC:020-0039_Healthy:SP-003,31,,0.2584943085332844,0.29843995419635483,020-0039,UNDEFINED_CONSTANT_PREDICTION
CONSTANT_TRAINING_MEAN,R4_PXD017052_NSCLC:020-0039_Healthy:SP-006,29,,0.25908012291489024,0.29910404821323927,020-0039,UNDEFINED_CONSTANT_PREDICTION
CONSTANT_TRAINING_MEAN,R4_PXD017052_NSCLC:020-0039_Healthy:SP-007,23,,0.2614488506318181,0.30180558026803345,020-0039,UNDEFINED_CONSTANT_PREDICTION
CONSTANT_TRAINING_MEAN,R4_PXD017052_NSCLC:020-0039_Healthy:SP-339,12,,0.2727272727272727,0.3141056603384949,020-0039,UNDEFINED_CONSTANT_PREDICTION
CONSTANT_TRAINING_MEAN,R4_PXD017052_NSCLC:020-0040_Healthy:SP-003,21,,0.2625392173586579,0.30305805390799323,020-0040,UNDEFINED_CONSTANT_PREDICTION
CONSTANT_TRAINING_MEAN,R4_PXD017052_NSCLC:020-0040_Healthy:SP-006,17,,0.26548962144304805,0.30647596540647926,020-0040,UNDEFINED_CONSTANT_PREDICTION
CONSTANT_TRAINING_MEAN,R4_PXD017052_NSCLC:020-0040_Healthy:SP-007,23,,0.2614488506318181,0.30180558026803345,020-0040,UNDEFINED_CONSTANT_PREDICTION
CONSTANT_TRAINING_MEAN,R4_PXD017052_NSCLC:020-0040_Healthy:SP-339,14,,0.2692307692307692,0.31037294264429627,020-0040,UNDEFINED_CONSTANT_PREDICTION
CONSTANT_TRAINING_MEAN,R4_PXD017052_NSCLC:020-0042_Healthy:SP-003,32,,0.25806451612903225,0.2981395558982208,020-0042,UNDEFINED_CONSTANT_PREDICTION
CONSTANT_TRAINING_MEAN,R4_PXD017052_NSCLC:020-0042_Healthy:SP-006,31,,0.25849430853328437,0.29843995419635483,020-0042,UNDEFINED_CONSTANT_PREDICTION
CONSTANT_TRAINING_MEAN,R4_PXD017052_NSCLC:020-0042_Healthy:SP-007,30,,0.25862068965517243,0.29876073560953154,020-0042,UNDEFINED_CONSTANT_PREDICTION
CONSTANT_TRAINING_MEAN,R4_PXD017052_NSCLC:020-0042_Healthy:SP-333,15,,0.26755490430212103,0.30889417704114897,020-0042,UNDEFINED_CONSTANT_PREDICTION
CONSTANT_TRAINING_MEAN,R4_PXD017052_NSCLC:020-0042_Healthy:SP-339,27,,0.2597527246122895,0.2998684830311836,020-0042,UNDEFINED_CONSTANT_PREDICTION
CONSTANT_TRAINING_MEAN,R4_PXD017052_NSCLC:020-0044_Healthy:SP-003,31,,0.2584943085332844,0.2984399541963548,020-0044,UNDEFINED_CONSTANT_PREDICTION
CONSTANT_TRAINING_MEAN,R4_PXD017052_NSCLC:020-0044_Healthy:SP-006,31,,0.2584943085332844,0.29843995419635483,020-0044,UNDEFINED_CONSTANT_PREDICTION
CONSTANT_TRAINING_MEAN,R4_PXD017052_NSCLC:020-0044_Healthy:SP-007,29,,0.25908012291489024,0.29910404821323927,020-0044,UNDEFINED_CONSTANT_PREDICTION
CONSTANT_TRAINING_MEAN,R4_PXD017052_NSCLC:020-0044_Healthy:SP-333,15,,0.2675549043021211,0.308894177041149,020-0044,UNDEFINED_CONSTANT_PREDICTION
CONSTANT_TRAINING_MEAN,R4_PXD017052_NSCLC:020-0044_Healthy:SP-339,28,,0.2592592592592592,0.29947235299997166,020-0044,UNDEFINED_CONSTANT_PREDICTION
CONSTANT_TRAINING_MEAN,R4_PXD017052_NSCLC:020-0055_Healthy:SP-003,32,,0.25806451612903225,0.2981395558982208,020-0055,UNDEFINED_CONSTANT_PREDICTION
CONSTANT_TRAINING_MEAN,R4_PXD017052_NSCLC:020-0055_Healthy:SP-006,30,,0.2586206896551724,0.2987607356095316,020-0055,UNDEFINED_CONSTANT_PREDICTION
CONSTANT_TRAINING_MEAN,R4_PXD017052_NSCLC:020-0055_Healthy:SP-007,28,,0.25925925925925924,0.29947235299997166,020-0055,UNDEFINED_CONSTANT_PREDICTION
CONSTANT_TRAINING_MEAN,R4_PXD017052_NSCLC:020-0055_Healthy:SP-333,23,,0.2614488506318181,0.30180558026803345,020-0055,UNDEFINED_CONSTANT_PREDICTION
CONSTANT_TRAINING_MEAN,R4_PXD017052_NSCLC:020-0055_Healthy:SP-339,29,,0.25908012291489024,0.29910404821323927,020-0055,UNDEFINED_CONSTANT_PREDICTION
CONSTANT_TRAINING_MEAN,R4_PXD017052_NSCLC:020-0057_Healthy:SP-003,33,,0.2579795019555096,0.29785765734407454,020-0057,UNDEFINED_CONSTANT_PREDICTION
CONSTANT_TRAINING_MEAN,R4_PXD017052_NSCLC:020-0057_Healthy:SP-006,33,,0.2579795019555096,0.29785765734407454,020-0057,UNDEFINED_CONSTANT_PREDICTION
CONSTANT_TRAINING_MEAN,R4_PXD017052_NSCLC:020-0057_Healthy:SP-007,31,,0.2584943085332844,0.29843995419635483,020-0057,UNDEFINED_CONSTANT_PREDICTION
CONSTANT_TRAINING_MEAN,R4_PXD017052_NSCLC:020-0057_Healthy:SP-333,21,,0.2625392173586579,0.30305805390799323,020-0057,UNDEFINED_CONSTANT_PREDICTION
CONSTANT_TRAINING_MEAN,R4_PXD017052_NSCLC:020-0057_Healthy:SP-339,31,,0.2584943085332844,0.2984399541963548,020-0057,UNDEFINED_CONSTANT_PREDICTION
CONSTANT_TRAINING_MEAN,R4_PXD017052_NSCLC:020-0058_Healthy:SP-003,32,,0.25806451612903225,0.2981395558982208,020-0058,UNDEFINED_CONSTANT_PREDICTION
CONSTANT_TRAINING_MEAN,R4_PXD017052_NSCLC:020-0058_Healthy:SP-006,33,,0.2579795019555096,0.29785765734407454,020-0058,UNDEFINED_CONSTANT_PREDICTION
CONSTANT_TRAINING_MEAN,R4_PXD017052_NSCLC:020-0058_Healthy:SP-007,30,,0.25862068965517243,0.2987607356095316,020-0058,UNDEFINED_CONSTANT_PREDICTION
CONSTANT_TRAINING_MEAN,R4_PXD017052_NSCLC:020-0058_Healthy:SP-333,14,,0.2692307692307692,0.31037294264429627,020-0058,UNDEFINED_CONSTANT_PREDICTION
CONSTANT_TRAINING_MEAN,R4_PXD017052_NSCLC:020-0058_Healthy:SP-339,25,,0.2605329425812727,0.3007578679762364,020-0058,UNDEFINED_CONSTANT_PREDICTION
CONSTANT_TRAINING_MEAN,R4_PXD017052_NSCLC:020-0061_Healthy:SP-003,32,,0.25806451612903225,0.2981395558982208,020-0061,UNDEFINED_CONSTANT_PREDICTION
CONSTANT_TRAINING_MEAN,R4_PXD017052_NSCLC:020-0061_Healthy:SP-006,31,,0.2584943085332844,0.29843995419635483,020-0061,UNDEFINED_CONSTANT_PREDICTION
CONSTANT_TRAINING_MEAN,R4_PXD017052_NSCLC:020-0061_Healthy:SP-007,26,,0.26,0.3002957165392698,020-0061,UNDEFINED_CONSTANT_PREDICTION
CONSTANT_TRAINING_MEAN,R4_PXD017052_NSCLC:020-0061_Healthy:SP-333,16,,0.26666666666666666,0.3076068299246262,020-0061,UNDEFINED_CONSTANT_PREDICTION
CONSTANT_TRAINING_MEAN,R4_PXD017052_NSCLC:020-0061_Healthy:SP-339,25,,0.2605329425812727,0.30075786797623644,020-0061,UNDEFINED_CONSTANT_PREDICTION
CONSTANT_TRAINING_MEAN,R4_PXD017052_NSCLC:020-0069_Healthy:SP-003,30,,0.2586206896551724,0.29876073560953154,020-0069,UNDEFINED_CONSTANT_PREDICTION
CONSTANT_TRAINING_MEAN,R4_PXD017052_NSCLC:020-0069_Healthy:SP-006,32,,0.25806451612903225,0.2981395558982208,020-0069,UNDEFINED_CONSTANT_PREDICTION
CONSTANT_TRAINING_MEAN,R4_PXD017052_NSCLC:020-0069_Healthy:SP-007,21,,0.2625392173586579,0.30305805390799323,020-0069,UNDEFINED_CONSTANT_PREDICTION
CONSTANT_TRAINING_MEAN,R4_PXD017052_NSCLC:020-0069_Healthy:SP-333,10,,0.2777777777777778,0.31942036444736166,020-0069,UNDEFINED_CONSTANT_PREDICTION
CONSTANT_TRAINING_MEAN,R4_PXD017052_NSCLC:020-0069_Healthy:SP-339,24,,0.2608695652173913,0.3012594023707161,020-0069,UNDEFINED_CONSTANT_PREDICTION
CONSTANT_TRAINING_MEAN,R4_PXD017052_NSCLC:020-0071_Healthy:SP-003,32,,0.25806451612903225,0.2981395558982208,020-0071,UNDEFINED_CONSTANT_PREDICTION
CONSTANT_TRAINING_MEAN,R4_PXD017052_NSCLC:020-0071_Healthy:SP-006,33,,0.2579795019555096,0.29785765734407454,020-0071,UNDEFINED_CONSTANT_PREDICTION
CONSTANT_TRAINING_MEAN,R4_PXD017052_NSCLC:020-0071_Healthy:SP-007,28,,0.25925925925925924,0.29947235299997166,020-0071,UNDEFINED_CONSTANT_PREDICTION
CONSTANT_TRAINING_MEAN,R4_PXD017052_NSCLC:020-0071_Healthy:SP-333,14,,0.2692307692307692,0.31037294264429627,020-0071,UNDEFINED_CONSTANT_PREDICTION
CONSTANT_TRAINING_MEAN,R4_PXD017052_NSCLC:020-0071_Healthy:SP-339,28,,0.2592592592592593,0.29947235299997166,020-0071,UNDEFINED_CONSTANT_PREDICTION
CONSTANT_TRAINING_MEAN,R4_PXD017052_NSCLC:020-0072_Healthy:SP-003,33,,0.2579795019555096,0.29785765734407454,020-0072,UNDEFINED_CONSTANT_PREDICTION
CONSTANT_TRAINING_MEAN,R4_PXD017052_NSCLC:020-0072_Healthy:SP-006,34,,0.25757575757575757,0.2975926003039589,020-0072,UNDEFINED_CONSTANT_PREDICTION
CONSTANT_TRAINING_MEAN,R4_PXD017052_NSCLC:020-0072_Healthy:SP-007,29,,0.25908012291489024,0.29910404821323927,020-0072,UNDEFINED_CONSTANT_PREDICTION
CONSTANT_TRAINING_MEAN,R4_PXD017052_NSCLC:020-0072_Healthy:SP-333,16,,0.26666666666666666,0.3076068299246262,020-0072,UNDEFINED_CONSTANT_PREDICTION
CONSTANT_TRAINING_MEAN,R4_PXD017052_NSCLC:020-0072_Healthy:SP-339,27,,0.2597527246122895,0.2998684830311835,020-0072,UNDEFINED_CONSTANT_PREDICTION
CONSTANT_TRAINING_MEAN,R4_PXD017052_NSCLC:020-0073_Healthy:SP-003,21,,0.2625392173586579,0.30305805390799323,020-0073,UNDEFINED_CONSTANT_PREDICTION
CONSTANT_TRAINING_MEAN,R4_PXD017052_NSCLC:020-0073_Healthy:SP-006,25,,0.2605329425812727,0.3007578679762364,020-0073,UNDEFINED_CONSTANT_PREDICTION
CONSTANT_TRAINING_MEAN,R4_PXD017052_NSCLC:020-0073_Healthy:SP-007,20,,0.2631578947368421,0.30378081000900664,020-0073,UNDEFINED_CONSTANT_PREDICTION
CONSTANT_TRAINING_MEAN,R4_PXD017052_NSCLC:020-0073_Healthy:SP-333,11,,0.27393850586652874,0.31650832117313044,020-0073,UNDEFINED_CONSTANT_PREDICTION
CONSTANT_TRAINING_MEAN,R4_PXD017052_NSCLC:020-0073_Healthy:SP-339,13,,0.2702556588101397,0.3120893134890327,020-0073,UNDEFINED_CONSTANT_PREDICTION
CONSTANT_TRAINING_MEAN,R4_PXD017052_NSCLC:020-0075_Healthy:SP-003,32,,0.25806451612903225,0.2981395558982208,020-0075,UNDEFINED_CONSTANT_PREDICTION
CONSTANT_TRAINING_MEAN,R4_PXD017052_NSCLC:020-0075_Healthy:SP-006,34,,0.25757575757575757,0.29759260030395895,020-0075,UNDEFINED_CONSTANT_PREDICTION
CONSTANT_TRAINING_MEAN,R4_PXD017052_NSCLC:020-0075_Healthy:SP-007,29,,0.25908012291489024,0.29910404821323927,020-0075,UNDEFINED_CONSTANT_PREDICTION
CONSTANT_TRAINING_MEAN,R4_PXD017052_NSCLC:020-0075_Healthy:SP-333,20,,0.26315789473684215,0.30378081000900664,020-0075,UNDEFINED_CONSTANT_PREDICTION
CONSTANT_TRAINING_MEAN,R4_PXD017052_NSCLC:020-0075_Healthy:SP-339,31,,0.25849430853328437,0.29843995419635483,020-0075,UNDEFINED_CONSTANT_PREDICTION
CONSTANT_TRAINING_MEAN,R4_PXD017052_NSCLC:020-0076_Healthy:SP-003,32,,0.25806451612903225,0.2981395558982208,020-0076,UNDEFINED_CONSTANT_PREDICTION
CONSTANT_TRAINING_MEAN,R4_PXD017052_NSCLC:020-0076_Healthy:SP-006,32,,0.25806451612903225,0.2981395558982208,020-0076,UNDEFINED_CONSTANT_PREDICTION
CONSTANT_TRAINING_MEAN,R4_PXD017052_NSCLC:020-0076_Healthy:SP-007,30,,0.25862068965517243,0.29876073560953154,020-0076,UNDEFINED_CONSTANT_PREDICTION
CONSTANT_TRAINING_MEAN,R4_PXD017052_NSCLC:020-0076_Healthy:SP-333,21,,0.26253921735865793,0.30305805390799323,020-0076,UNDEFINED_CONSTANT_PREDICTION
CONSTANT_TRAINING_MEAN,R4_PXD017052_NSCLC:020-0076_Healthy:SP-339,30,,0.25862068965517243,0.29876073560953154,020-0076,UNDEFINED_CONSTANT_PREDICTION
CONSTANT_TRAINING_MEAN,R4_PXD017052_NSCLC:020-0085_Healthy:SP-003,32,,0.25806451612903225,0.2981395558982208,020-0085,UNDEFINED_CONSTANT_PREDICTION
CONSTANT_TRAINING_MEAN,R4_PXD017052_NSCLC:020-0085_Healthy:SP-006,33,,0.2579795019555096,0.29785765734407454,020-0085,UNDEFINED_CONSTANT_PREDICTION
CONSTANT_TRAINING_MEAN,R4_PXD017052_NSCLC:020-0085_Healthy:SP-007,32,,0.25806451612903225,0.2981395558982208,020-0085,UNDEFINED_CONSTANT_PREDICTION
CONSTANT_TRAINING_MEAN,R4_PXD017052_NSCLC:020-0085_Healthy:SP-333,22,,0.2619047619047619,0.30240264324518523,020-0085,UNDEFINED_CONSTANT_PREDICTION
CONSTANT_TRAINING_MEAN,R4_PXD017052_NSCLC:020-0085_Healthy:SP-339,30,,0.25862068965517243,0.29876073560953154,020-0085,UNDEFINED_CONSTANT_PREDICTION
CONSTANT_TRAINING_MEAN,R4_PXD017052_NSCLC:020-0086_Healthy:SP-003,33,,0.2579795019555096,0.29785765734407454,020-0086,UNDEFINED_CONSTANT_PREDICTION
CONSTANT_TRAINING_MEAN,R4_PXD017052_NSCLC:020-0086_Healthy:SP-006,33,,0.2579795019555096,0.29785765734407454,020-0086,UNDEFINED_CONSTANT_PREDICTION
CONSTANT_TRAINING_MEAN,R4_PXD017052_NSCLC:020-0086_Healthy:SP-007,32,,0.25806451612903225,0.2981395558982208,020-0086,UNDEFINED_CONSTANT_PREDICTION
CONSTANT_TRAINING_MEAN,R4_PXD017052_NSCLC:020-0086_Healthy:SP-333,19,,0.2638591349753588,0.3045818608591557,020-0086,UNDEFINED_CONSTANT_PREDICTION
CONSTANT_TRAINING_MEAN,R4_PXD017052_NSCLC:020-0086_Healthy:SP-339,31,,0.25849430853328437,0.29843995419635483,020-0086,UNDEFINED_CONSTANT_PREDICTION
CONSTANT_TRAINING_MEAN,R4_PXD017052_NSCLC:020-0087_Healthy:SP-003,30,,0.2586206896551724,0.29876073560953154,020-0087,UNDEFINED_CONSTANT_PREDICTION
CONSTANT_TRAINING_MEAN,R4_PXD017052_NSCLC:020-0087_Healthy:SP-006,29,,0.25908012291489024,0.29910404821323927,020-0087,UNDEFINED_CONSTANT_PREDICTION
CONSTANT_TRAINING_MEAN,R4_PXD017052_NSCLC:020-0087_Healthy:SP-007,27,,0.2597527246122895,0.2998684830311835,020-0087,UNDEFINED_CONSTANT_PREDICTION
CONSTANT_TRAINING_MEAN,R4_PXD017052_NSCLC:020-0087_Healthy:SP-333,13,,0.2702556588101397,0.3120893134890326,020-0087,UNDEFINED_CONSTANT_PREDICTION
CONSTANT_TRAINING_MEAN,R4_PXD017052_NSCLC:020-0087_Healthy:SP-339,14,,0.2692307692307692,0.31037294264429627,020-0087,UNDEFINED_CONSTANT_PREDICTION
CONSTANT_TRAINING_MEAN,R4_PXD017052_NSCLC:020-0088_Healthy:SP-003,33,,0.2579795019555096,0.29785765734407454,020-0088,UNDEFINED_CONSTANT_PREDICTION
CONSTANT_TRAINING_MEAN,R4_PXD017052_NSCLC:020-0088_Healthy:SP-006,33,,0.2579795019555096,0.29785765734407454,020-0088,UNDEFINED_CONSTANT_PREDICTION
CONSTANT_TRAINING_MEAN,R4_PXD017052_NSCLC:020-0088_Healthy:SP-007,29,,0.25908012291489024,0.29910404821323927,020-0088,UNDEFINED_CONSTANT_PREDICTION
CONSTANT_TRAINING_MEAN,R4_PXD017052_NSCLC:020-0088_Healthy:SP-333,28,,0.25925925925925924,0.29947235299997166,020-0088,UNDEFINED_CONSTANT_PREDICTION
CONSTANT_TRAINING_MEAN,R4_PXD017052_NSCLC:020-0088_Healthy:SP-339,29,,0.2590801229148902,0.29910404821323927,020-0088,UNDEFINED_CONSTANT_PREDICTION
CONSTANT_TRAINING_MEAN,R4_PXD017052_NSCLC:020-0090_Healthy:SP-003,31,,0.2584943085332844,0.2984399541963548,020-0090,UNDEFINED_CONSTANT_PREDICTION
CONSTANT_TRAINING_MEAN,R4_PXD017052_NSCLC:020-0090_Healthy:SP-006,29,,0.25908012291489024,0.29910404821323927,020-0090,UNDEFINED_CONSTANT_PREDICTION
CONSTANT_TRAINING_MEAN,R4_PXD017052_NSCLC:020-0090_Healthy:SP-007,23,,0.26144885063181816,0.30180558026803345,020-0090,UNDEFINED_CONSTANT_PREDICTION
CONSTANT_TRAINING_MEAN,R4_PXD017052_NSCLC:020-0090_Healthy:SP-333,14,,0.2692307692307692,0.31037294264429627,020-0090,UNDEFINED_CONSTANT_PREDICTION
CONSTANT_TRAINING_MEAN,R4_PXD017052_NSCLC:020-0090_Healthy:SP-339,18,,0.2647058823529412,0.30547466715555033,020-0090,UNDEFINED_CONSTANT_PREDICTION
CONSTANT_TRAINING_MEAN,R4_PXD017052_NSCLC:020-0091_Healthy:SP-003,29,,0.2590801229148902,0.29910404821323927,020-0091,UNDEFINED_CONSTANT_PREDICTION
CONSTANT_TRAINING_MEAN,R4_PXD017052_NSCLC:020-0091_Healthy:SP-006,21,,0.2625392173586579,0.30305805390799323,020-0091,UNDEFINED_CONSTANT_PREDICTION
CONSTANT_TRAINING_MEAN,R4_PXD017052_NSCLC:020-0091_Healthy:SP-007,20,,0.26315789473684215,0.30378081000900664,020-0091,UNDEFINED_CONSTANT_PREDICTION
CONSTANT_TRAINING_MEAN,R4_PXD017052_NSCLC:020-0091_Healthy:SP-333,12,,0.27272727272727276,0.3141056603384949,020-0091,UNDEFINED_CONSTANT_PREDICTION
CONSTANT_TRAINING_MEAN,R4_PXD017052_NSCLC:020-0091_Healthy:SP-339,17,,0.26548962144304805,0.30647596540647926,020-0091,UNDEFINED_CONSTANT_PREDICTION
CONSTANT_TRAINING_MEAN,R4_PXD017052_NSCLC:020-0092_Healthy:SP-003,32,,0.25806451612903225,0.2981395558982208,020-0092,UNDEFINED_CONSTANT_PREDICTION
CONSTANT_TRAINING_MEAN,R4_PXD017052_NSCLC:020-0092_Healthy:SP-006,32,,0.25806451612903225,0.2981395558982208,020-0092,UNDEFINED_CONSTANT_PREDICTION
CONSTANT_TRAINING_MEAN,R4_PXD017052_NSCLC:020-0092_Healthy:SP-007,27,,0.2597527246122895,0.2998684830311835,020-0092,UNDEFINED_CONSTANT_PREDICTION
CONSTANT_TRAINING_MEAN,R4_PXD017052_NSCLC:020-0092_Healthy:SP-333,13,,0.27025565881013974,0.3120893134890326,020-0092,UNDEFINED_CONSTANT_PREDICTION
CONSTANT_TRAINING_MEAN,R4_PXD017052_NSCLC:020-0092_Healthy:SP-339,23,,0.26144885063181805,0.30180558026803345,020-0092,UNDEFINED_CONSTANT_PREDICTION
CONSTANT_TRAINING_MEAN,R4_PXD017052_NSCLC:020-0096_Healthy:SP-003,32,,0.25806451612903225,0.2981395558982208,020-0096,UNDEFINED_CONSTANT_PREDICTION
CONSTANT_TRAINING_MEAN,R4_PXD017052_NSCLC:020-0096_Healthy:SP-006,34,,0.2575757575757575,0.2975926003039589,020-0096,UNDEFINED_CONSTANT_PREDICTION
CONSTANT_TRAINING_MEAN,R4_PXD017052_NSCLC:020-0096_Healthy:SP-007,31,,0.2584943085332844,0.29843995419635483,020-0096,UNDEFINED_CONSTANT_PREDICTION
CONSTANT_TRAINING_MEAN,R4_PXD017052_NSCLC:020-0096_Healthy:SP-333,18,,0.2647058823529412,0.30547466715555033,020-0096,UNDEFINED_CONSTANT_PREDICTION
CONSTANT_TRAINING_MEAN,R4_PXD017052_NSCLC:020-0096_Healthy:SP-339,30,,0.2586206896551724,0.29876073560953154,020-0096,UNDEFINED_CONSTANT_PREDICTION
CONSTANT_TRAINING_MEAN,R4_PXD017052_NSCLC:020-0097_Healthy:SP-003,32,,0.25806451612903225,0.2981395558982208,020-0097,UNDEFINED_CONSTANT_PREDICTION
CONSTANT_TRAINING_MEAN,R4_PXD017052_NSCLC:020-0097_Healthy:SP-006,32,,0.25806451612903225,0.2981395558982208,020-0097,UNDEFINED_CONSTANT_PREDICTION
CONSTANT_TRAINING_MEAN,R4_PXD017052_NSCLC:020-0097_Healthy:SP-007,29,,0.25908012291489024,0.29910404821323927,020-0097,UNDEFINED_CONSTANT_PREDICTION
CONSTANT_TRAINING_MEAN,R4_PXD017052_NSCLC:020-0097_Healthy:SP-333,23,,0.2614488506318181,0.30180558026803345,020-0097,UNDEFINED_CONSTANT_PREDICTION
CONSTANT_TRAINING_MEAN,R4_PXD017052_NSCLC:020-0097_Healthy:SP-339,27,,0.2597527246122895,0.2998684830311835,020-0097,UNDEFINED_CONSTANT_PREDICTION
CONSTANT_TRAINING_MEAN,R4_PXD017052_NSCLC:020-0099_Healthy:SP-003,33,,0.2579795019555096,0.29785765734407454,020-0099,UNDEFINED_CONSTANT_PREDICTION
CONSTANT_TRAINING_MEAN,R4_PXD017052_NSCLC:020-0099_Healthy:SP-006,23,,0.2614488506318181,0.30180558026803345,020-0099,UNDEFINED_CONSTANT_PREDICTION
CONSTANT_TRAINING_MEAN,R4_PXD017052_NSCLC:020-0099_Healthy:SP-007,28,,0.25925925925925924,0.2994723529999717,020-0099,UNDEFINED_CONSTANT_PREDICTION
CONSTANT_TRAINING_MEAN,R4_PXD017052_NSCLC:020-0099_Healthy:SP-333,20,,0.26315789473684215,0.30378081000900664,020-0099,UNDEFINED_CONSTANT_PREDICTION
CONSTANT_TRAINING_MEAN,R4_PXD017052_NSCLC:020-0099_Healthy:SP-339,30,,0.2586206896551724,0.29876073560953154,020-0099,UNDEFINED_CONSTANT_PREDICTION
CONSTANT_TRAINING_MEAN,R4_PXD017052_NSCLC:020-0100_Healthy:SP-003,30,,0.2586206896551724,0.29876073560953154,020-0100,UNDEFINED_CONSTANT_PREDICTION
CONSTANT_TRAINING_MEAN,R4_PXD017052_NSCLC:020-0100_Healthy:SP-006,29,,0.2590801229148902,0.29910404821323927,020-0100,UNDEFINED_CONSTANT_PREDICTION
CONSTANT_TRAINING_MEAN,R4_PXD017052_NSCLC:020-0100_Healthy:SP-007,21,,0.26253921735865793,0.30305805390799323,020-0100,UNDEFINED_CONSTANT_PREDICTION
CONSTANT_TRAINING_MEAN,R4_PXD017052_NSCLC:020-0100_Healthy:SP-339,15,,0.2675549043021211,0.308894177041149,020-0100,UNDEFINED_CONSTANT_PREDICTION
CONSTANT_TRAINING_MEAN,R4_PXD017052_NSCLC:021-0002_Early:SP-003,27,,0.2597527246122895,0.2998684830311835,021-0002,UNDEFINED_CONSTANT_PREDICTION
CONSTANT_TRAINING_MEAN,R4_PXD017052_NSCLC:021-0002_Early:SP-006,20,,0.2631578947368421,0.30378081000900664,021-0002,UNDEFINED_CONSTANT_PREDICTION
CONSTANT_TRAINING_MEAN,R4_PXD017052_NSCLC:021-0002_Early:SP-007,14,,0.2692307692307692,0.31037294264429627,021-0002,UNDEFINED_CONSTANT_PREDICTION
CONSTANT_TRAINING_MEAN,R4_PXD017052_NSCLC:021-0002_Early:SP-333,11,,0.27393850586652874,0.3165083211731304,021-0002,UNDEFINED_CONSTANT_PREDICTION
CONSTANT_TRAINING_MEAN,R4_PXD017052_NSCLC:021-0004_Early:SP-003,21,,0.2625392173586579,0.30305805390799323,021-0004,UNDEFINED_CONSTANT_PREDICTION
CONSTANT_TRAINING_MEAN,R4_PXD017052_NSCLC:021-0004_Early:SP-006,20,,0.26315789473684215,0.30378081000900664,021-0004,UNDEFINED_CONSTANT_PREDICTION
CONSTANT_TRAINING_MEAN,R4_PXD017052_NSCLC:021-0004_Early:SP-007,13,,0.2702556588101397,0.3120893134890326,021-0004,UNDEFINED_CONSTANT_PREDICTION
CONSTANT_TRAINING_MEAN,R4_PXD017052_NSCLC:021-0004_Early:SP-339,12,,0.27272727272727276,0.31410566033849496,021-0004,UNDEFINED_CONSTANT_PREDICTION
CONSTANT_TRAINING_MEAN,R4_PXD017052_NSCLC:022-0004_Early:SP-003,30,,0.2586206896551724,0.29876073560953154,022-0004,UNDEFINED_CONSTANT_PREDICTION
CONSTANT_TRAINING_MEAN,R4_PXD017052_NSCLC:022-0004_Early:SP-006,28,,0.25925925925925924,0.29947235299997166,022-0004,UNDEFINED_CONSTANT_PREDICTION
CONSTANT_TRAINING_MEAN,R4_PXD017052_NSCLC:022-0004_Early:SP-007,24,,0.2608695652173913,0.3012594023707161,022-0004,UNDEFINED_CONSTANT_PREDICTION
CONSTANT_TRAINING_MEAN,R4_PXD017052_NSCLC:022-0004_Early:SP-333,10,,0.27777777777777773,0.3194203644473616,022-0004,UNDEFINED_CONSTANT_PREDICTION
CONSTANT_TRAINING_MEAN,R4_PXD017052_NSCLC:022-0004_Early:SP-339,11,,0.27393850586652874,0.31650832117313044,022-0004,UNDEFINED_CONSTANT_PREDICTION
CONSTANT_TRAINING_MEAN,R4_PXD017052_NSCLC:022-0010_Early:SP-003,22,,0.2619047619047619,0.3024026432451852,022-0010,UNDEFINED_CONSTANT_PREDICTION
CONSTANT_TRAINING_MEAN,R4_PXD017052_NSCLC:022-0010_Early:SP-006,21,,0.2625392173586579,0.30305805390799323,022-0010,UNDEFINED_CONSTANT_PREDICTION
CONSTANT_TRAINING_MEAN,R4_PXD017052_NSCLC:022-0010_Early:SP-007,14,,0.2692307692307692,0.31037294264429627,022-0010,UNDEFINED_CONSTANT_PREDICTION
CONSTANT_TRAINING_MEAN,R4_PXD017052_NSCLC:022-0010_Early:SP-339,11,,0.27393850586652874,0.31650832117313044,022-0010,UNDEFINED_CONSTANT_PREDICTION
CONSTANT_TRAINING_MEAN,R4_PXD017052_NSCLC:022-0011_Early:SP-003,31,,0.25849430853328437,0.29843995419635483,022-0011,UNDEFINED_CONSTANT_PREDICTION
CONSTANT_TRAINING_MEAN,R4_PXD017052_NSCLC:022-0011_Early:SP-006,30,,0.25862068965517243,0.29876073560953154,022-0011,UNDEFINED_CONSTANT_PREDICTION
CONSTANT_TRAINING_MEAN,R4_PXD017052_NSCLC:022-0011_Early:SP-007,27,,0.2597527246122895,0.2998684830311835,022-0011,UNDEFINED_CONSTANT_PREDICTION
CONSTANT_TRAINING_MEAN,R4_PXD017052_NSCLC:022-0011_Early:SP-333,17,,0.26548962144304805,0.30647596540647926,022-0011,UNDEFINED_CONSTANT_PREDICTION
CONSTANT_TRAINING_MEAN,R4_PXD017052_NSCLC:022-0011_Early:SP-339,25,,0.2605329425812727,0.3007578679762364,022-0011,UNDEFINED_CONSTANT_PREDICTION
CONSTANT_TRAINING_MEAN,R4_PXD017052_NSCLC:022-0013_Early:SP-003,29,,0.2590801229148902,0.29910404821323927,022-0013,UNDEFINED_CONSTANT_PREDICTION
CONSTANT_TRAINING_MEAN,R4_PXD017052_NSCLC:022-0013_Early:SP-006,27,,0.25975272461228954,0.2998684830311836,022-0013,UNDEFINED_CONSTANT_PREDICTION
CONSTANT_TRAINING_MEAN,R4_PXD017052_NSCLC:022-0013_Early:SP-007,17,,0.26548962144304805,0.30647596540647926,022-0013,UNDEFINED_CONSTANT_PREDICTION
CONSTANT_TRAINING_MEAN,R4_PXD017052_NSCLC:022-0013_Early:SP-333,13,,0.2702556588101397,0.31208931348903257,022-0013,UNDEFINED_CONSTANT_PREDICTION
CONSTANT_TRAINING_MEAN,R4_PXD017052_NSCLC:022-0013_Early:SP-339,19,,0.2638591349753588,0.3045818608591557,022-0013,UNDEFINED_CONSTANT_PREDICTION
CONSTANT_TRAINING_MEAN,R4_PXD017052_NSCLC:022-0014_Early:SP-003,31,,0.2584943085332844,0.29843995419635483,022-0014,UNDEFINED_CONSTANT_PREDICTION
CONSTANT_TRAINING_MEAN,R4_PXD017052_NSCLC:022-0014_Early:SP-006,23,,0.26144885063181805,0.30180558026803345,022-0014,UNDEFINED_CONSTANT_PREDICTION
CONSTANT_TRAINING_MEAN,R4_PXD017052_NSCLC:022-0014_Early:SP-007,23,,0.2614488506318181,0.30180558026803345,022-0014,UNDEFINED_CONSTANT_PREDICTION
CONSTANT_TRAINING_MEAN,R4_PXD017052_NSCLC:022-0014_Early:SP-333,12,,0.2727272727272727,0.3141056603384949,022-0014,UNDEFINED_CONSTANT_PREDICTION
CONSTANT_TRAINING_MEAN,R4_PXD017052_NSCLC:022-0014_Early:SP-339,14,,0.2692307692307692,0.31037294264429627,022-0014,UNDEFINED_CONSTANT_PREDICTION
CONSTANT_TRAINING_MEAN,R4_PXD017052_NSCLC:022-0017_Early:SP-003,28,,0.2592592592592593,0.29947235299997166,022-0017,UNDEFINED_CONSTANT_PREDICTION
CONSTANT_TRAINING_MEAN,R4_PXD017052_NSCLC:022-0017_Early:SP-006,27,,0.2597527246122895,0.2998684830311835,022-0017,UNDEFINED_CONSTANT_PREDICTION
CONSTANT_TRAINING_MEAN,R4_PXD017052_NSCLC:022-0017_Early:SP-007,22,,0.2619047619047619,0.3024026432451852,022-0017,UNDEFINED_CONSTANT_PREDICTION
CONSTANT_TRAINING_MEAN,R4_PXD017052_NSCLC:022-0017_Early:SP-339,16,,0.2666666666666667,0.3076068299246262,022-0017,UNDEFINED_CONSTANT_PREDICTION
CONSTANT_TRAINING_MEAN,R4_PXD017052_NSCLC:023-0001_Early:SP-003,32,,0.25806451612903225,0.2981395558982208,023-0001,UNDEFINED_CONSTANT_PREDICTION
CONSTANT_TRAINING_MEAN,R4_PXD017052_NSCLC:023-0001_Early:SP-006,31,,0.2584943085332844,0.29843995419635483,023-0001,UNDEFINED_CONSTANT_PREDICTION
CONSTANT_TRAINING_MEAN,R4_PXD017052_NSCLC:023-0001_Early:SP-007,27,,0.2597527246122895,0.2998684830311835,023-0001,UNDEFINED_CONSTANT_PREDICTION
CONSTANT_TRAINING_MEAN,R4_PXD017052_NSCLC:023-0001_Early:SP-333,16,,0.26666666666666666,0.3076068299246262,023-0001,UNDEFINED_CONSTANT_PREDICTION
CONSTANT_TRAINING_MEAN,R4_PXD017052_NSCLC:023-0001_Early:SP-339,28,,0.25925925925925924,0.29947235299997166,023-0001,UNDEFINED_CONSTANT_PREDICTION
CONSTANT_TRAINING_MEAN,R4_PXD017052_NSCLC:023-0004_Early:SP-003,16,,0.26666666666666666,0.3076068299246262,023-0004,UNDEFINED_CONSTANT_PREDICTION
CONSTANT_TRAINING_MEAN,R4_PXD017052_NSCLC:023-0004_Early:SP-006,17,,0.26548962144304805,0.30647596540647926,023-0004,UNDEFINED_CONSTANT_PREDICTION
CONSTANT_TRAINING_MEAN,R4_PXD017052_NSCLC:023-0004_Early:SP-007,15,,0.26755490430212103,0.308894177041149,023-0004,UNDEFINED_CONSTANT_PREDICTION
CONSTANT_TRAINING_MEAN,R4_PXD017052_NSCLC:023-0004_Early:SP-333,11,,0.2739385058665288,0.3165083211731304,023-0004,UNDEFINED_CONSTANT_PREDICTION
CONSTANT_TRAINING_MEAN,R4_PXD017052_NSCLC:024-0001_Early:SP-003,30,,0.2586206896551724,0.29876073560953154,024-0001,UNDEFINED_CONSTANT_PREDICTION
CONSTANT_TRAINING_MEAN,R4_PXD017052_NSCLC:024-0001_Early:SP-006,30,,0.25862068965517243,0.2987607356095316,024-0001,UNDEFINED_CONSTANT_PREDICTION
CONSTANT_TRAINING_MEAN,R4_PXD017052_NSCLC:024-0001_Early:SP-007,25,,0.26053294258127263,0.3007578679762364,024-0001,UNDEFINED_CONSTANT_PREDICTION
CONSTANT_TRAINING_MEAN,R4_PXD017052_NSCLC:024-0001_Early:SP-333,15,,0.2675549043021211,0.308894177041149,024-0001,UNDEFINED_CONSTANT_PREDICTION
CONSTANT_TRAINING_MEAN,R4_PXD017052_NSCLC:024-0001_Early:SP-339,17,,0.26548962144304805,0.30647596540647926,024-0001,UNDEFINED_CONSTANT_PREDICTION
CONSTANT_TRAINING_MEAN,R4_PXD017052_NSCLC:029-0004_Early:SP-003,32,,0.25806451612903225,0.2981395558982208,029-0004,UNDEFINED_CONSTANT_PREDICTION
CONSTANT_TRAINING_MEAN,R4_PXD017052_NSCLC:029-0004_Early:SP-006,34,,0.2575757575757575,0.2975926003039589,029-0004,UNDEFINED_CONSTANT_PREDICTION
CONSTANT_TRAINING_MEAN,R4_PXD017052_NSCLC:029-0004_Early:SP-007,32,,0.25806451612903225,0.2981395558982208,029-0004,UNDEFINED_CONSTANT_PREDICTION
CONSTANT_TRAINING_MEAN,R4_PXD017052_NSCLC:029-0004_Early:SP-333,18,,0.2647058823529411,0.30547466715555033,029-0004,UNDEFINED_CONSTANT_PREDICTION
CONSTANT_TRAINING_MEAN,R4_PXD017052_NSCLC:029-0004_Early:SP-339,29,,0.25908012291489024,0.29910404821323927,029-0004,UNDEFINED_CONSTANT_PREDICTION
CONSTANT_TRAINING_MEAN,R4_PXD017052_NSCLC:029-0005_Early:SP-003,33,,0.2579795019555096,0.29785765734407454,029-0005,UNDEFINED_CONSTANT_PREDICTION
CONSTANT_TRAINING_MEAN,R4_PXD017052_NSCLC:029-0005_Early:SP-006,34,,0.2575757575757576,0.2975926003039589,029-0005,UNDEFINED_CONSTANT_PREDICTION
CONSTANT_TRAINING_MEAN,R4_PXD017052_NSCLC:029-0005_Early:SP-007,32,,0.25806451612903225,0.2981395558982208,029-0005,UNDEFINED_CONSTANT_PREDICTION
CONSTANT_TRAINING_MEAN,R4_PXD017052_NSCLC:029-0005_Early:SP-333,22,,0.26190476190476186,0.3024026432451852,029-0005,UNDEFINED_CONSTANT_PREDICTION
CONSTANT_TRAINING_MEAN,R4_PXD017052_NSCLC:029-0005_Early:SP-339,30,,0.25862068965517243,0.29876073560953154,029-0005,UNDEFINED_CONSTANT_PREDICTION
SEQUENCE_RIDGE_FULL,R4_PXD017052_NSCLC:001-0010_Healthy:SP-003,33,-0.02874331550802139,0.26806232685967357,0.3112327615241797,001-0010,DEFINED
SEQUENCE_RIDGE_FULL,R4_PXD017052_NSCLC:001-0010_Healthy:SP-006,34,0.21008403361344538,0.256655028200253,0.2929583987456517,001-0010,DEFINED
SEQUENCE_RIDGE_FULL,R4_PXD017052_NSCLC:001-0010_Healthy:SP-007,30,0.4006674082313682,0.2474713102458244,0.27852954325216855,001-0010,DEFINED
SEQUENCE_RIDGE_FULL,R4_PXD017052_NSCLC:001-0010_Healthy:SP-333,18,0.05263157894736842,0.2607654302274864,0.3123102338606861,001-0010,DEFINED
SEQUENCE_RIDGE_FULL,R4_PXD017052_NSCLC:001-0010_Healthy:SP-339,30,0.04382647385984427,0.2699298286814791,0.3070388826621699,001-0010,DEFINED
SEQUENCE_RIDGE_FULL,R4_PXD017052_NSCLC:001-0018_Early:SP-003,33,-0.07252673796791444,0.26995626625361296,0.31456212439534326,001-0018,DEFINED
SEQUENCE_RIDGE_FULL,R4_PXD017052_NSCLC:001-0018_Early:SP-006,33,0.15307486631016043,0.2550447795042389,0.295274826832913,001-0018,DEFINED
SEQUENCE_RIDGE_FULL,R4_PXD017052_NSCLC:001-0018_Early:SP-007,32,0.29838709677419356,0.2477976301737721,0.28617010995707526,001-0018,DEFINED
SEQUENCE_RIDGE_FULL,R4_PXD017052_NSCLC:001-0018_Early:SP-333,18,-0.14963880288957687,0.27674618565868564,0.3269492781012669,001-0018,DEFINED
SEQUENCE_RIDGE_FULL,R4_PXD017052_NSCLC:001-0018_Early:SP-339,29,-0.025123152709359605,0.2749191869477824,0.3129623538758012,001-0018,DEFINED
SEQUENCE_RIDGE_FULL,R4_PXD017052_NSCLC:001-0025_Healthy:SP-003,31,0.15645161290322582,0.25323498874799416,0.2979398869797258,001-0025,DEFINED
SEQUENCE_RIDGE_FULL,R4_PXD017052_NSCLC:001-0025_Healthy:SP-006,33,0.30414438502673796,0.24997256548493646,0.2843412314648265,001-0025,DEFINED
SEQUENCE_RIDGE_FULL,R4_PXD017052_NSCLC:001-0025_Healthy:SP-007,30,0.307230255839822,0.23862752400115678,0.2853342796992984,001-0025,DEFINED
SEQUENCE_RIDGE_FULL,R4_PXD017052_NSCLC:001-0025_Healthy:SP-333,16,0.041176470588235294,0.2514999987621013,0.3107311252098318,001-0025,DEFINED
SEQUENCE_RIDGE_FULL,R4_PXD017052_NSCLC:001-0025_Healthy:SP-339,29,0.09408866995073892,0.26184752655168775,0.3040448112184431,001-0025,DEFINED
SEQUENCE_RIDGE_FULL,R4_PXD017052_NSCLC:001-0031_Healthy:SP-003,31,-0.10725806451612903,0.27352689409554903,0.3179477456763504,001-0031,DEFINED
SEQUENCE_RIDGE_FULL,R4_PXD017052_NSCLC:001-0031_Healthy:SP-006,29,0.17192118226600986,0.25702207974162267,0.2958939546520894,001-0031,DEFINED
SEQUENCE_RIDGE_FULL,R4_PXD017052_NSCLC:001-0031_Healthy:SP-007,28,0.3065134099616858,0.25228872153599874,0.28846293743456203,001-0031,DEFINED
SEQUENCE_RIDGE_FULL,R4_PXD017052_NSCLC:001-0031_Healthy:SP-333,16,-0.2,0.2682514247097444,0.33305682823264987,001-0031,DEFINED
SEQUENCE_RIDGE_FULL,R4_PXD017052_NSCLC:001-0031_Healthy:SP-339,24,-0.019130434782608695,0.2704120950957957,0.3120255182011653,001-0031,DEFINED
SEQUENCE_RIDGE_FULL,R4_PXD017052_NSCLC:001-0033_Healthy:SP-003,31,-0.05846774193548387,0.2754749847840431,0.3144822029901588,001-0033,DEFINED
SEQUENCE_RIDGE_FULL,R4_PXD017052_NSCLC:001-0033_Healthy:SP-006,33,0.16878342245989306,0.2557170002275626,0.2956983277377384,001-0033,DEFINED
SEQUENCE_RIDGE_FULL,R4_PXD017052_NSCLC:001-0033_Healthy:SP-007,32,0.2467008797653959,0.24727819619465347,0.28886860012126936,001-0033,DEFINED
SEQUENCE_RIDGE_FULL,R4_PXD017052_NSCLC:001-0033_Healthy:SP-333,17,0.061274509803921566,0.2595415436585664,0.307892352507027,001-0033,DEFINED
SEQUENCE_RIDGE_FULL,R4_PXD017052_NSCLC:001-0033_Healthy:SP-339,29,0.017733990147783252,0.27223150276961045,0.31028752624345546,001-0033,DEFINED
SEQUENCE_RIDGE_FULL,R4_PXD017052_NSCLC:001-0035_Healthy:SP-003,33,-0.004010695187165776,0.26103412112183627,0.3076534178194398,001-0035,DEFINED
SEQUENCE_RIDGE_FULL,R4_PXD017052_NSCLC:001-0035_Healthy:SP-006,30,0.1296996662958843,0.25843748281050644,0.3000517681936563,001-0035,DEFINED
SEQUENCE_RIDGE_FULL,R4_PXD017052_NSCLC:001-0035_Healthy:SP-007,29,0.38275862068965516,0.24961965739289974,0.2801332917192727,001-0035,DEFINED
SEQUENCE_RIDGE_FULL,R4_PXD017052_NSCLC:001-0035_Healthy:SP-333,18,-0.2218782249742002,0.2795598114656703,0.3321230762517139,001-0035,DEFINED
SEQUENCE_RIDGE_FULL,R4_PXD017052_NSCLC:001-0035_Healthy:SP-339,28,0.10837438423645321,0.2645543669500933,0.3028236897311434,001-0035,DEFINED
SEQUENCE_RIDGE_FULL,R4_PXD017052_NSCLC:001-0040_Early:SP-003,33,-0.06450534759358288,0.267086096958967,0.3131084710153424,001-0040,DEFINED
SEQUENCE_RIDGE_FULL,R4_PXD017052_NSCLC:001-0040_Early:SP-006,33,0.12366310160427807,0.25560174956438203,0.2983901530091554,001-0040,DEFINED
SEQUENCE_RIDGE_FULL,R4_PXD017052_NSCLC:001-0040_Early:SP-007,31,0.23870967741935484,0.24270607805073527,0.29051342674058694,001-0040,DEFINED
SEQUENCE_RIDGE_FULL,R4_PXD017052_NSCLC:001-0040_Early:SP-333,21,-0.04285714285714286,0.2711260682015534,0.3150425830345179,001-0040,DEFINED
SEQUENCE_RIDGE_FULL,R4_PXD017052_NSCLC:001-0040_Early:SP-339,28,0.05090311986863711,0.2636581545882438,0.30694152955543336,001-0040,DEFINED
SEQUENCE_RIDGE_FULL,R4_PXD017052_NSCLC:001-0041_Healthy:SP-003,32,0.08760997067448681,0.25895627218428596,0.3030052200974231,001-0041,DEFINED
SEQUENCE_RIDGE_FULL,R4_PXD017052_NSCLC:001-0041_Healthy:SP-006,31,0.2060483870967742,0.25204308079978727,0.2933424828065962,001-0041,DEFINED
SEQUENCE_RIDGE_FULL,R4_PXD017052_NSCLC:001-0041_Healthy:SP-007,31,0.27419354838709675,0.25096341127524563,0.289101701064736,001-0041,DEFINED
SEQUENCE_RIDGE_FULL,R4_PXD017052_NSCLC:001-0041_Healthy:SP-333,16,0.11764705882352941,0.26533212349897606,0.3093881906277097,001-0041,DEFINED
SEQUENCE_RIDGE_FULL,R4_PXD017052_NSCLC:001-0041_Healthy:SP-339,29,-0.020689655172413793,0.26202200651513174,0.3114759206283278,001-0041,DEFINED
SEQUENCE_RIDGE_FULL,R4_PXD017052_NSCLC:001-0044_Healthy:SP-003,32,-0.13343108504398826,0.2774252868439264,0.31832898558089895,001-0044,DEFINED
SEQUENCE_RIDGE_FULL,R4_PXD017052_NSCLC:001-0044_Healthy:SP-006,34,0.16485867074102367,0.24970332972667808,0.2943794608321237,001-0044,DEFINED
SEQUENCE_RIDGE_FULL,R4_PXD017052_NSCLC:001-0044_Healthy:SP-007,26,0.25811965811965815,0.254704731252719,0.2931401041217261,001-0044,DEFINED
SEQUENCE_RIDGE_FULL,R4_PXD017052_NSCLC:001-0044_Healthy:SP-333,16,0.2088235294117647,0.2704704979940432,0.3011061071659413,001-0044,DEFINED
SEQUENCE_RIDGE_FULL,R4_PXD017052_NSCLC:001-0044_Healthy:SP-339,25,0.008461538461538461,0.2566388415794498,0.3081250024701609,001-0044,DEFINED
SEQUENCE_RIDGE_FULL,R4_PXD017052_NSCLC:001-0048_Early:SP-003,32,0.009164222873900294,0.26298452130876826,0.3089323783135763,001-0048,DEFINED
SEQUENCE_RIDGE_FULL,R4_PXD017052_NSCLC:001-0048_Early:SP-006,29,0.1206896551724138,0.263208879480448,0.29990938169149955,001-0048,DEFINED
SEQUENCE_RIDGE_FULL,R4_PXD017052_NSCLC:001-0048_Early:SP-007,28,0.3464696223316913,0.25150323716736567,0.28477254373083233,001-0048,DEFINED
SEQUENCE_RIDGE_FULL,R4_PXD017052_NSCLC:001-0048_Early:SP-333,16,-0.20294117647058824,0.268779393492436,0.33062696149856147,001-0048,DEFINED
SEQUENCE_RIDGE_FULL,R4_PXD017052_NSCLC:001-0048_Early:SP-339,30,0.040266963292547274,0.2642527201960363,0.3062858077771395,001-0048,DEFINED
SEQUENCE_RIDGE_FULL,R4_PXD017052_NSCLC:001-0051_Healthy:SP-003,33,-0.22192513368983957,0.27502845869763554,0.3240936274483591,001-0051,DEFINED
SEQUENCE_RIDGE_FULL,R4_PXD017052_NSCLC:001-0051_Healthy:SP-006,34,0.2030557677616501,0.2465818210637745,0.2920009125673821,001-0051,DEFINED
SEQUENCE_RIDGE_FULL,R4_PXD017052_NSCLC:001-0051_Healthy:SP-007,32,0.11656891495601172,0.2607336012155037,0.3011767829637759,001-0051,DEFINED
SEQUENCE_RIDGE_FULL,R4_PXD017052_NSCLC:001-0051_Healthy:SP-333,25,0.05,0.2691827003309501,0.31096489240536884,001-0051,DEFINED
SEQUENCE_RIDGE_FULL,R4_PXD017052_NSCLC:001-0051_Healthy:SP-339,32,-0.2789589442815249,0.2859040206996163,0.328161650219332,001-0051,DEFINED
SEQUENCE_RIDGE_FULL,R4_PXD017052_NSCLC:001-0052_Healthy:SP-003,32,-0.018328445747800588,0.267318588275666,0.3108027092123568,001-0052,DEFINED
SEQUENCE_RIDGE_FULL,R4_PXD017052_NSCLC:001-0052_Healthy:SP-006,31,0.12217741935483871,0.25835393900660875,0.29803423663462525,001-0052,DEFINED
SEQUENCE_RIDGE_FULL,R4_PXD017052_NSCLC:001-0052_Healthy:SP-007,26,0.3401709401709402,0.2455994266530127,0.2847860678636,001-0052,DEFINED
SEQUENCE_RIDGE_FULL,R4_PXD017052_NSCLC:001-0052_Healthy:SP-333,15,0.05,0.27041967572475467,0.3133923246234699,001-0052,DEFINED
SEQUENCE_RIDGE_FULL,R4_PXD017052_NSCLC:001-0052_Healthy:SP-339,27,0.03540903540903541,0.24731708136837596,0.3077855602576264,001-0052,DEFINED
SEQUENCE_RIDGE_FULL,R4_PXD017052_NSCLC:001-0057_Healthy:SP-003,32,0.010997067448680353,0.2710134874200036,0.30884295360440256,001-0057,DEFINED
SEQUENCE_RIDGE_FULL,R4_PXD017052_NSCLC:001-0057_Healthy:SP-006,33,0.16644385026737968,0.25580803958045717,0.29469396375418333,001-0057,DEFINED
SEQUENCE_RIDGE_FULL,R4_PXD017052_NSCLC:001-0057_Healthy:SP-007,29,0.09704433497536946,0.2577029607873697,0.30269851893391964,001-0057,DEFINED
SEQUENCE_RIDGE_FULL,R4_PXD017052_NSCLC:001-0057_Healthy:SP-333,17,-0.3137254901960784,0.28144937000436343,0.33525977303311166,001-0057,DEFINED
SEQUENCE_RIDGE_FULL,R4_PXD017052_NSCLC:001-0057_Healthy:SP-339,28,0.019704433497536946,0.25873747429879496,0.3068247544352425,001-0057,DEFINED
SEQUENCE_RIDGE_FULL,R4_PXD017052_NSCLC:001-0060_Healthy:SP-003,31,0.05685483870967742,0.25708213264894675,0.3047732118083614,001-0060,DEFINED
SEQUENCE_RIDGE_FULL,R4_PXD017052_NSCLC:001-0060_Healthy:SP-006,34,0.25255920550038197,0.24964974370145085,0.2882699979770302,001-0060,DEFINED
SEQUENCE_RIDGE_FULL,R4_PXD017052_NSCLC:001-0060_Healthy:SP-007,27,0.30158730158730157,0.25542073313932373,0.2899047540084705,001-0060,DEFINED
SEQUENCE_RIDGE_FULL,R4_PXD017052_NSCLC:001-0060_Healthy:SP-333,14,0.07252747252747253,0.29264750230764147,0.3147448228860329,001-0060,DEFINED
SEQUENCE_RIDGE_FULL,R4_PXD017052_NSCLC:001-0060_Healthy:SP-339,30,0.11279199110122358,0.2593228259066284,0.29887927485476706,001-0060,DEFINED
SEQUENCE_RIDGE_FULL,R4_PXD017052_NSCLC:001-0061_Healthy:SP-003,31,0.13951612903225807,0.257138177045132,0.29929520552684596,001-0061,DEFINED
SEQUENCE_RIDGE_FULL,R4_PXD017052_NSCLC:001-0061_Healthy:SP-006,28,0.20415982484948003,0.255895714625128,0.29697568408445923,001-0061,DEFINED
SEQUENCE_RIDGE_FULL,R4_PXD017052_NSCLC:001-0061_Healthy:SP-007,24,0.23217391304347826,0.25687174733907786,0.29774504213762343,001-0061,DEFINED
SEQUENCE_RIDGE_FULL,R4_PXD017052_NSCLC:001-0061_Healthy:SP-333,13,0.13186813186813187,0.2697161991905655,0.30784175276909326,001-0061,DEFINED
SEQUENCE_RIDGE_FULL,R4_PXD017052_NSCLC:001-0061_Healthy:SP-339,20,0.016541353383458645,0.2722292306318278,0.31546425322678756,001-0061,DEFINED
SEQUENCE_RIDGE_FULL,R4_PXD017052_NSCLC:001-0062_Healthy:SP-003,31,-0.032661290322580645,0.2657403275827664,0.3117766320696847,001-0062,DEFINED
SEQUENCE_RIDGE_FULL,R4_PXD017052_NSCLC:001-0062_Healthy:SP-006,34,0.2348357524828113,0.24590087977607245,0.29036972099962366,001-0062,DEFINED
SEQUENCE_RIDGE_FULL,R4_PXD017052_NSCLC:001-0062_Healthy:SP-007,31,0.18508064516129033,0.24610237995789708,0.29495200590673276,001-0062,DEFINED
SEQUENCE_RIDGE_FULL,R4_PXD017052_NSCLC:001-0062_Healthy:SP-333,14,-0.3010989010989011,0.2939483034956782,0.3415328077944224,001-0062,DEFINED
SEQUENCE_RIDGE_FULL,R4_PXD017052_NSCLC:001-0062_Healthy:SP-339,23,0.16699604743083005,0.25576746083726076,0.30073636811330257,001-0062,DEFINED
SEQUENCE_RIDGE_FULL,R4_PXD017052_NSCLC:001-0066_Healthy:SP-003,33,0.06684491978609626,0.2585926298899766,0.30334094540233825,001-0066,DEFINED
SEQUENCE_RIDGE_FULL,R4_PXD017052_NSCLC:001-0066_Healthy:SP-006,34,0.2831168831168831,0.24711732377498202,0.2851091249091119,001-0066,DEFINED
SEQUENCE_RIDGE_FULL,R4_PXD017052_NSCLC:001-0066_Healthy:SP-007,26,0.3531623931623932,0.2615330747664012,0.2856320287799257,001-0066,DEFINED
SEQUENCE_RIDGE_FULL,R4_PXD017052_NSCLC:001-0066_Healthy:SP-333,15,0.06785714285714285,0.2720838879343544,0.31537473413037714,001-0066,DEFINED
SEQUENCE_RIDGE_FULL,R4_PXD017052_NSCLC:001-0066_Healthy:SP-339,29,-0.1374384236453202,0.27435746573959396,0.32288988649394557,001-0066,DEFINED
SEQUENCE_RIDGE_FULL,R4_PXD017052_NSCLC:001-0068_Early:SP-003,31,0.03508064516129032,0.2665063162613385,0.3082104780831388,001-0068,DEFINED
SEQUENCE_RIDGE_FULL,R4_PXD017052_NSCLC:001-0068_Early:SP-006,28,0.07827038861521621,0.25890465523305467,0.3044648894079966,001-0068,DEFINED
SEQUENCE_RIDGE_FULL,R4_PXD017052_NSCLC:001-0068_Early:SP-007,21,0.43896103896103894,0.2350664314494215,0.27729309529264773,001-0068,DEFINED
SEQUENCE_RIDGE_FULL,R4_PXD017052_NSCLC:001-0068_Early:SP-333,14,0.23956043956043957,0.26171748798179634,0.3029410375424436,001-0068,DEFINED
SEQUENCE_RIDGE_FULL,R4_PXD017052_NSCLC:001-0068_Early:SP-339,21,0.1961038961038961,0.2527791802357933,0.29909928787892953,001-0068,DEFINED
SEQUENCE_RIDGE_FULL,R4_PXD017052_NSCLC:003-0004_Early:SP-003,17,-0.3284313725490196,0.2870374348186106,0.338689163064372,003-0004,DEFINED
SEQUENCE_RIDGE_FULL,R4_PXD017052_NSCLC:003-0004_Early:SP-006,14,0.367032967032967,0.2583141024753581,0.2956107888671364,003-0004,DEFINED
SEQUENCE_RIDGE_FULL,R4_PXD017052_NSCLC:003-0004_Early:SP-007,12,-0.06293706293706294,0.2830168093713552,0.32501202689836695,003-0004,DEFINED
SEQUENCE_RIDGE_FULL,R4_PXD017052_NSCLC:003-0006_Early:SP-003,32,0.11070381231671554,0.2664959586330962,0.30154434243133965,003-0006,DEFINED
SEQUENCE_RIDGE_FULL,R4_PXD017052_NSCLC:003-0006_Early:SP-006,25,0.27384615384615385,0.24434129186920983,0.290262892410883,003-0006,DEFINED
SEQUENCE_RIDGE_FULL,R4_PXD017052_NSCLC:003-0006_Early:SP-007,28,0.240831964969896,0.25286979906016005,0.294324486238555,003-0006,DEFINED
SEQUENCE_RIDGE_FULL,R4_PXD017052_NSCLC:003-0006_Early:SP-333,16,-0.3088235294117647,0.2931931719055746,0.3373646049909439,003-0006,DEFINED
SEQUENCE_RIDGE_FULL,R4_PXD017052_NSCLC:003-0006_Early:SP-339,29,0.05123152709359606,0.2686953581021424,0.30664821643244844,003-0006,DEFINED
SEQUENCE_RIDGE_FULL,R4_PXD017052_NSCLC:004-0003_Healthy:SP-003,33,0.023729946524064172,0.25584201929601014,0.307021256541393,004-0003,DEFINED
SEQUENCE_RIDGE_FULL,R4_PXD017052_NSCLC:004-0003_Healthy:SP-006,23,0.12450592885375494,0.2721485431246412,0.306820605257439,004-0003,DEFINED
SEQUENCE_RIDGE_FULL,R4_PXD017052_NSCLC:004-0003_Healthy:SP-007,29,0.43399014778325123,0.24025371810315438,0.2754623370370818,004-0003,DEFINED
SEQUENCE_RIDGE_FULL,R4_PXD017052_NSCLC:004-0003_Healthy:SP-333,18,0.08565531475748193,0.26274407468406025,0.30982673570481023,004-0003,DEFINED
SEQUENCE_RIDGE_FULL,R4_PXD017052_NSCLC:004-0003_Healthy:SP-339,30,0.0878754171301446,0.2543476796722872,0.3002954743876685,004-0003,DEFINED
SEQUENCE_RIDGE_FULL,R4_PXD017052_NSCLC:005-0002_Early:SP-003,30,0.08743047830923248,0.263951081339753,0.30423258589972935,005-0002,DEFINED
SEQUENCE_RIDGE_FULL,R4_PXD017052_NSCLC:005-0002_Early:SP-006,27,0.20146520146520147,0.25628237836680595,0.2961625367649759,005-0002,DEFINED
SEQUENCE_RIDGE_FULL,R4_PXD017052_NSCLC:005-0002_Early:SP-007,23,0.4841897233201581,0.23213646373664196,0.2733361601255533,005-0002,DEFINED
SEQUENCE_RIDGE_FULL,R4_PXD017052_NSCLC:005-0002_Early:SP-333,13,0.16483516483516483,0.25488798922689154,0.30958102347224564,005-0002,DEFINED
SEQUENCE_RIDGE_FULL,R4_PXD017052_NSCLC:005-0002_Early:SP-339,22,0.06380575945793338,0.26072674181552347,0.30684411677115253,005-0002,DEFINED
SEQUENCE_RIDGE_FULL,R4_PXD017052_NSCLC:005-0018_Early:SP-003,33,0.02072192513368984,0.2642744480717948,0.3070048740880166,005-0018,DEFINED
SEQUENCE_RIDGE_FULL,R4_PXD017052_NSCLC:005-0018_Early:SP-006,33,0.17814171122994651,0.2539141001865178,0.2937722997695858,005-0018,DEFINED
SEQUENCE_RIDGE_FULL,R4_PXD017052_NSCLC:005-0018_Early:SP-007,32,0.30058651026392963,0.2458601999796931,0.28544790482692184,005-0018,DEFINED
SEQUENCE_RIDGE_FULL,R4_PXD017052_NSCLC:005-0018_Early:SP-333,30,0.08031145717463849,0.25812215187337034,0.30427016511751803,005-0018,DEFINED
SEQUENCE_RIDGE_FULL,R4_PXD017052_NSCLC:005-0018_Early:SP-339,31,0.10685483870967742,0.2617814752146808,0.3013853622492018,005-0018,DEFINED
SEQUENCE_RIDGE_FULL,R4_PXD017052_NSCLC:005-0019_Early:SP-003,32,0.02346041055718475,0.2713544249350784,0.3082293683314338,005-0019,DEFINED
SEQUENCE_RIDGE_FULL,R4_PXD017052_NSCLC:005-0019_Early:SP-006,30,0.1817575083426029,0.2556020673397679,0.2949681270746168,005-0019,DEFINED
SEQUENCE_RIDGE_FULL,R4_PXD017052_NSCLC:005-0019_Early:SP-007,29,0.15024630541871922,0.26260976792161883,0.29817597774440086,005-0019,DEFINED
SEQUENCE_RIDGE_FULL,R4_PXD017052_NSCLC:005-0019_Early:SP-333,16,0.17647058823529413,0.2646334352088464,0.3039475449183893,005-0019,DEFINED
SEQUENCE_RIDGE_FULL,R4_PXD017052_NSCLC:005-0019_Early:SP-339,27,-0.11843711843711843,0.2637324582705067,0.31934517953938063,005-0019,DEFINED
SEQUENCE_RIDGE_FULL,R4_PXD017052_NSCLC:005-0020_Early:SP-003,23,-0.09782608695652174,0.26639212712965277,0.31830260466519344,005-0020,DEFINED
SEQUENCE_RIDGE_FULL,R4_PXD017052_NSCLC:005-0020_Early:SP-006,21,0.34025974025974026,0.24259297186674159,0.29070725951577303,005-0020,DEFINED
SEQUENCE_RIDGE_FULL,R4_PXD017052_NSCLC:005-0020_Early:SP-007,16,0.09411764705882353,0.264592165703191,0.31126381341912995,005-0020,DEFINED
SEQUENCE_RIDGE_FULL,R4_PXD017052_NSCLC:005-0020_Early:SP-333,11,-0.08181818181818182,0.29976257003933915,0.3439366734651715,005-0020,DEFINED
SEQUENCE_RIDGE_FULL,R4_PXD017052_NSCLC:005-0020_Early:SP-339,11,-0.5181818181818182,0.3252408780594934,0.35541430796431356,005-0020,DEFINED
SEQUENCE_RIDGE_FULL,R4_PXD017052_NSCLC:005-0024_Early:SP-003,31,0.032661290322580645,0.2723781259224348,0.30783924148731723,005-0024,DEFINED
SEQUENCE_RIDGE_FULL,R4_PXD017052_NSCLC:005-0024_Early:SP-006,28,-0.004378762999452655,0.26103711580883854,0.31010443549422334,005-0024,DEFINED
SEQUENCE_RIDGE_FULL,R4_PXD017052_NSCLC:005-0024_Early:SP-007,20,0.04661654135338346,0.2677132724738722,0.3130416482229821,005-0024,DEFINED
SEQUENCE_RIDGE_FULL,R4_PXD017052_NSCLC:005-0024_Early:SP-333,11,-0.33636363636363636,0.322333331978867,0.35599369537839937,005-0024,DEFINED
SEQUENCE_RIDGE_FULL,R4_PXD017052_NSCLC:005-0024_Early:SP-339,23,-0.07312252964426877,0.2707892747085253,0.3154225160603537,005-0024,DEFINED
SEQUENCE_RIDGE_FULL,R4_PXD017052_NSCLC:005-0029_Early:SP-003,33,0.09157754010695188,0.2583863398739015,0.30136736950705456,005-0029,DEFINED
SEQUENCE_RIDGE_FULL,R4_PXD017052_NSCLC:005-0029_Early:SP-006,33,0.19953208556149732,0.2499762688432537,0.29290320945999204,005-0029,DEFINED
SEQUENCE_RIDGE_FULL,R4_PXD017052_NSCLC:005-0029_Early:SP-007,28,0.2977558839627805,0.2423981167739814,0.28804162474983164,005-0029,DEFINED
SEQUENCE_RIDGE_FULL,R4_PXD017052_NSCLC:005-0029_Early:SP-333,14,0.18681318681318682,0.27583997763063417,0.3039108249736551,005-0029,DEFINED
SEQUENCE_RIDGE_FULL,R4_PXD017052_NSCLC:005-0029_Early:SP-339,30,-0.0020022246941045607,0.2703029550129485,0.3104473112038585,005-0029,DEFINED
SEQUENCE_RIDGE_FULL,R4_PXD017052_NSCLC:005-0032_Early:SP-003,32,0.05865102639296188,0.2673542906024059,0.3057063666077527,005-0032,DEFINED
SEQUENCE_RIDGE_FULL,R4_PXD017052_NSCLC:005-0032_Early:SP-006,32,0.22287390029325513,0.25553835905725825,0.2915743101321213,005-0032,DEFINED
SEQUENCE_RIDGE_FULL,R4_PXD017052_NSCLC:005-0032_Early:SP-007,29,0.07783251231527094,0.2624826242801685,0.3048058596716307,005-0032,DEFINED
SEQUENCE_RIDGE_FULL,R4_PXD017052_NSCLC:005-0032_Early:SP-333,18,-0.19298245614035087,0.27121067941152033,0.3277739131602948,005-0032,DEFINED
SEQUENCE_RIDGE_FULL,R4_PXD017052_NSCLC:005-0032_Early:SP-339,29,0.09014778325123153,0.25498138865520736,0.30184498174677865,005-0032,DEFINED
SEQUENCE_RIDGE_FULL,R4_PXD017052_NSCLC:005-0033_Early:SP-003,31,0.0016129032258064516,0.2754749847840431,0.31028387910563976,005-0033,DEFINED
SEQUENCE_RIDGE_FULL,R4_PXD017052_NSCLC:005-0033_Early:SP-006,34,0.21466768525592056,0.24899455978902646,0.29139619767263125,005-0033,DEFINED
SEQUENCE_RIDGE_FULL,R4_PXD017052_NSCLC:005-0033_Early:SP-007,27,0.3235653235653236,0.25138093811969064,0.2882358176565495,005-0033,DEFINED
SEQUENCE_RIDGE_FULL,R4_PXD017052_NSCLC:005-0033_Early:SP-333,16,0.08235294117647059,0.27457648236734844,0.31057373107933756,005-0033,DEFINED
SEQUENCE_RIDGE_FULL,R4_PXD017052_NSCLC:005-0033_Early:SP-339,25,-0.018461538461538463,0.270558713132497,0.31474407326400294,005-0033,DEFINED
SEQUENCE_RIDGE_FULL,R4_PXD017052_NSCLC:005-0041_Early:SP-003,33,0.07987967914438503,0.25459846108602274,0.30237978039094743,005-0041,DEFINED
SEQUENCE_RIDGE_FULL,R4_PXD017052_NSCLC:005-0041_Early:SP-006,32,0.23570381231671556,0.2535222300250002,0.2901033640126799,005-0041,DEFINED
SEQUENCE_RIDGE_FULL,R4_PXD017052_NSCLC:005-0041_Early:SP-007,31,0.29879032258064514,0.25288264550625456,0.2857784241474912,005-0041,DEFINED
SEQUENCE_RIDGE_FULL,R4_PXD017052_NSCLC:005-0041_Early:SP-333,17,0.20098039215686275,0.25237498907791095,0.2978335080386729,005-0041,DEFINED
SEQUENCE_RIDGE_FULL,R4_PXD017052_NSCLC:005-0041_Early:SP-339,31,0.04032258064516129,0.2743471011312074,0.3067733119950052,005-0041,DEFINED
SEQUENCE_RIDGE_FULL,R4_PXD017052_NSCLC:005-0051_Early:SP-003,32,-0.015395894428152493,0.2705282166976124,0.3104516916428228,005-0051,DEFINED
SEQUENCE_RIDGE_FULL,R4_PXD017052_NSCLC:005-0051_Early:SP-006,30,0.07586206896551724,0.25582892433830406,0.302860476439407,005-0051,DEFINED
SEQUENCE_RIDGE_FULL,R4_PXD017052_NSCLC:005-0051_Early:SP-007,29,0.341871921182266,0.25239139046975506,0.2838171334140099,005-0051,DEFINED
SEQUENCE_RIDGE_FULL,R4_PXD017052_NSCLC:005-0051_Early:SP-333,21,0.05064935064935065,0.2587457154358602,0.30964154369865177,005-0051,DEFINED
SEQUENCE_RIDGE_FULL,R4_PXD017052_NSCLC:005-0051_Early:SP-339,29,0.029064039408866996,0.26823183233886805,0.30904862790972076,005-0051,DEFINED
SEQUENCE_RIDGE_FULL,R4_PXD017052_NSCLC:005-0056_Early:SP-003,31,0.04717741935483871,0.2611821575219613,0.30596492423856675,005-0056,DEFINED
SEQUENCE_RIDGE_FULL,R4_PXD017052_NSCLC:005-0056_Early:SP-006,31,0.1875,0.25224484363675803,0.2938325561749337,005-0056,DEFINED
SEQUENCE_RIDGE_FULL,R4_PXD017052_NSCLC:005-0056_Early:SP-007,26,0.26564102564102565,0.2548885383266529,0.2910388092384773,005-0056,DEFINED
SEQUENCE_RIDGE_FULL,R4_PXD017052_NSCLC:005-0056_Early:SP-333,14,-0.25274725274725274,0.28645703393758126,0.3341399373873914,005-0056,DEFINED
SEQUENCE_RIDGE_FULL,R4_PXD017052_NSCLC:005-0056_Early:SP-339,18,0.09184726522187822,0.26205980767996206,0.3059715676990326,005-0056,DEFINED
SEQUENCE_RIDGE_FULL,R4_PXD017052_NSCLC:007-0003_Early:SP-003,31,-0.06330645161290323,0.272880281447948,0.3152128638552597,007-0003,DEFINED
SEQUENCE_RIDGE_FULL,R4_PXD017052_NSCLC:007-0003_Early:SP-006,25,-0.06538461538461539,0.26752222750608984,0.3159722015860832,007-0003,DEFINED
SEQUENCE_RIDGE_FULL,R4_PXD017052_NSCLC:007-0003_Early:SP-007,29,0.4857142857142857,0.23442203446352788,0.27002235960246657,007-0003,DEFINED
SEQUENCE_RIDGE_FULL,R4_PXD017052_NSCLC:007-0003_Early:SP-333,15,-0.15357142857142858,0.28009796756675726,0.32611357788749856,007-0003,DEFINED
SEQUENCE_RIDGE_FULL,R4_PXD017052_NSCLC:007-0003_Early:SP-339,28,-0.21729611384783798,0.28219949356377877,0.32827541715584074,007-0003,DEFINED
SEQUENCE_RIDGE_FULL,R4_PXD017052_NSCLC:007-0012_Early:SP-003,33,-0.01036096256684492,0.2670428991534265,0.30904466152350285,007-0012,DEFINED
SEQUENCE_RIDGE_FULL,R4_PXD017052_NSCLC:007-0012_Early:SP-006,34,0.25928189457601225,0.24881463494227396,0.2875947855915492,007-0012,DEFINED
SEQUENCE_RIDGE_FULL,R4_PXD017052_NSCLC:007-0012_Early:SP-007,32,0.29142228739002934,0.24552832614996056,0.28646533463346463,007-0012,DEFINED
SEQUENCE_RIDGE_FULL,R4_PXD017052_NSCLC:007-0012_Early:SP-333,18,0.22807017543859648,0.2566046433321251,0.29748127415446773,007-0012,DEFINED
SEQUENCE_RIDGE_FULL,R4_PXD017052_NSCLC:007-0012_Early:SP-339,29,-0.25517241379310346,0.2955691331619347,0.3297138348137786,007-0012,DEFINED
SEQUENCE_RIDGE_FULL,R4_PXD017052_NSCLC:007-0015_Early:SP-003,32,0.02346041055718475,0.2713544249350784,0.3084375474279545,007-0015,DEFINED
SEQUENCE_RIDGE_FULL,R4_PXD017052_NSCLC:007-0015_Early:SP-006,32,0.20747800586510265,0.2488029149602888,0.292469114592887,007-0015,DEFINED
SEQUENCE_RIDGE_FULL,R4_PXD017052_NSCLC:007-0015_Early:SP-007,31,0.3959677419354839,0.24450827147713763,0.279369721810519,007-0015,DEFINED
SEQUENCE_RIDGE_FULL,R4_PXD017052_NSCLC:007-0015_Early:SP-333,16,0.21764705882352942,0.26749151282888706,0.30265601947196275,007-0015,DEFINED
SEQUENCE_RIDGE_FULL,R4_PXD017052_NSCLC:007-0015_Early:SP-339,29,-0.1876847290640394,0.2754996990102634,0.3252655490624076,007-0015,DEFINED
SEQUENCE_RIDGE_FULL,R4_PXD017052_NSCLC:007-0017_Early:SP-003,33,-0.04044117647058824,0.2635576531930995,0.3126637748320215,007-0017,DEFINED
SEQUENCE_RIDGE_FULL,R4_PXD017052_NSCLC:007-0017_Early:SP-006,32,0.20857771260997068,0.2456289888650823,0.2921192532854622,007-0017,DEFINED
SEQUENCE_RIDGE_FULL,R4_PXD017052_NSCLC:007-0017_Early:SP-007,30,0.39888765294771966,0.25350538759035396,0.2781011928942981,007-0017,DEFINED
SEQUENCE_RIDGE_FULL,R4_PXD017052_NSCLC:007-0017_Early:SP-333,28,-0.09304871373836891,0.26986533374170196,0.31697477619959463,007-0017,DEFINED
SEQUENCE_RIDGE_FULL,R4_PXD017052_NSCLC:007-0017_Early:SP-339,28,-0.06458675424192666,0.2792625730940926,0.3178668792768637,007-0017,DEFINED
SEQUENCE_RIDGE_FULL,R4_PXD017052_NSCLC:007-0024_Early:SP-003,29,-0.03842364532019704,0.2748862683913344,0.3136239514247614,007-0024,DEFINED
SEQUENCE_RIDGE_FULL,R4_PXD017052_NSCLC:007-0024_Early:SP-006,22,0.1981931112365895,0.25839554164936196,0.2996407001725856,007-0024,DEFINED
SEQUENCE_RIDGE_FULL,R4_PXD017052_NSCLC:007-0024_Early:SP-007,25,0.15846153846153846,0.2615023390507949,0.3004600704263226,007-0024,DEFINED
SEQUENCE_RIDGE_FULL,R4_PXD017052_NSCLC:007-0024_Early:SP-333,16,0.2088235294117647,0.25620495172654423,0.2989974416669524,007-0024,DEFINED
SEQUENCE_RIDGE_FULL,R4_PXD017052_NSCLC:007-0024_Early:SP-339,29,-0.011330049261083743,0.27190053715603496,0.31265647832311466,007-0024,DEFINED
SEQUENCE_RIDGE_FULL,R4_PXD017052_NSCLC:007-0025_Early:SP-003,32,0.07991202346041056,0.269232071564624,0.30341579272508695,007-0025,DEFINED
SEQUENCE_RIDGE_FULL,R4_PXD017052_NSCLC:007-0025_Early:SP-006,33,0.19318181818181818,0.25685138290360093,0.2927549569692275,007-0025,DEFINED
SEQUENCE_RIDGE_FULL,R4_PXD017052_NSCLC:007-0025_Early:SP-007,30,0.2453837597330367,0.2549038983811464,0.28886594999507786,007-0025,DEFINED
SEQUENCE_RIDGE_FULL,R4_PXD017052_NSCLC:007-0025_Early:SP-333,20,-0.058646616541353384,0.27856121572342774,0.3197075557900251,007-0025,DEFINED
SEQUENCE_RIDGE_FULL,R4_PXD017052_NSCLC:007-0025_Early:SP-339,29,0.10344827586206896,0.26811292931476216,0.30395929403747085,007-0025,DEFINED
SEQUENCE_RIDGE_FULL,R4_PXD017052_NSCLC:007-0026_Early:SP-003,32,0.051319648093841645,0.26732216687056226,0.30616298336246617,007-0026,DEFINED
SEQUENCE_RIDGE_FULL,R4_PXD017052_NSCLC:007-0026_Early:SP-006,33,0.3195187165775401,0.24434828402044081,0.28239859623088254,007-0026,DEFINED
SEQUENCE_RIDGE_FULL,R4_PXD017052_NSCLC:007-0026_Early:SP-007,30,0.20934371523915463,0.2569943285336004,0.2926747451081823,007-0026,DEFINED
SEQUENCE_RIDGE_FULL,R4_PXD017052_NSCLC:007-0026_Early:SP-333,14,-0.002197802197802198,0.28130945520536077,0.31445509859687065,007-0026,DEFINED
SEQUENCE_RIDGE_FULL,R4_PXD017052_NSCLC:007-0026_Early:SP-339,25,-0.19076923076923077,0.288915383879722,0.3290371131838215,007-0026,DEFINED
SEQUENCE_RIDGE_FULL,R4_PXD017052_NSCLC:007-0027_Early:SP-003,32,0.050219941348973604,0.26986312558304226,0.3064910166171706,007-0027,DEFINED
SEQUENCE_RIDGE_FULL,R4_PXD017052_NSCLC:007-0027_Early:SP-006,34,0.30267379679144385,0.24367663412575985,0.2831319455339687,007-0027,DEFINED
SEQUENCE_RIDGE_FULL,R4_PXD017052_NSCLC:007-0027_Early:SP-007,28,0.42090859332238645,0.2510635805714251,0.2777512601221283,007-0027,DEFINED
SEQUENCE_RIDGE_FULL,R4_PXD017052_NSCLC:007-0027_Early:SP-333,16,-0.15588235294117647,0.27443617892050665,0.32644286908269243,007-0027,DEFINED
SEQUENCE_RIDGE_FULL,R4_PXD017052_NSCLC:007-0027_Early:SP-339,27,-0.021367521367521368,0.27322189438458744,0.31563347947639503,007-0027,DEFINED
SEQUENCE_RIDGE_FULL,R4_PXD017052_NSCLC:009-0006_Healthy:SP-003,32,-0.1744868035190616,0.27764827976660433,0.3226579479553706,009-0006,DEFINED
SEQUENCE_RIDGE_FULL,R4_PXD017052_NSCLC:009-0006_Healthy:SP-006,33,0.1393716577540107,0.24907411319230463,0.29672387214839774,009-0006,DEFINED
SEQUENCE_RIDGE_FULL,R4_PXD017052_NSCLC:009-0006_Healthy:SP-007,32,0.3379765395894428,0.25189922066878834,0.281990374105233,009-0006,DEFINED
SEQUENCE_RIDGE_FULL,R4_PXD017052_NSCLC:009-0006_Healthy:SP-333,28,0.08538587848932677,0.2656008959486172,0.30618948946974334,009-0006,DEFINED
SEQUENCE_RIDGE_FULL,R4_PXD017052_NSCLC:009-0006_Healthy:SP-339,32,-0.2217741935483871,0.28445730141514813,0.32526092744386315,009-0006,DEFINED
SEQUENCE_RIDGE_FULL,R4_PXD017052_NSCLC:009-0008_Healthy:SP-003,33,-0.0678475935828877,0.26995626625361296,0.31410230570224595,009-0008,DEFINED
SEQUENCE_RIDGE_FULL,R4_PXD017052_NSCLC:009-0008_Healthy:SP-006,34,0.2427807486631016,0.24873606221379968,0.2889405766448604,009-0008,DEFINED
SEQUENCE_RIDGE_FULL,R4_PXD017052_NSCLC:009-0008_Healthy:SP-007,32,0.27749266862170086,0.25068636461727123,0.28656065302932116,009-0008,DEFINED
SEQUENCE_RIDGE_FULL,R4_PXD017052_NSCLC:009-0008_Healthy:SP-333,30,-0.053615127919911014,0.26744716384850403,0.31427744275944913,009-0008,DEFINED
SEQUENCE_RIDGE_FULL,R4_PXD017052_NSCLC:009-0008_Healthy:SP-339,31,-0.04596774193548387,0.2764846690035535,0.3138197613705793,009-0008,DEFINED
SEQUENCE_RIDGE_FULL,R4_PXD017052_NSCLC:009-0011_Healthy:SP-003,33,-0.2306149732620321,0.2724432813982591,0.32574060127181576,009-0011,DEFINED
SEQUENCE_RIDGE_FULL,R4_PXD017052_NSCLC:009-0011_Healthy:SP-006,33,0.32419786096256686,0.24817641253242026,0.28241231986192844,009-0011,DEFINED
SEQUENCE_RIDGE_FULL,R4_PXD017052_NSCLC:009-0011_Healthy:SP-007,32,0.2536656891495601,0.2612691452354695,0.29154157921933793,009-0011,DEFINED
SEQUENCE_RIDGE_FULL,R4_PXD017052_NSCLC:009-0011_Healthy:SP-333,23,0.004940711462450593,0.2660404680836906,0.3177116433244934,009-0011,DEFINED
SEQUENCE_RIDGE_FULL,R4_PXD017052_NSCLC:009-0011_Healthy:SP-339,29,-0.28620689655172415,0.28777533435746233,0.33063115680988286,009-0011,DEFINED
SEQUENCE_RIDGE_FULL,R4_PXD017052_NSCLC:009-0016_Early:SP-003,33,0.0518048128342246,0.26806232685967357,0.30533433839334184,009-0016,DEFINED
SEQUENCE_RIDGE_FULL,R4_PXD017052_NSCLC:009-0016_Early:SP-006,31,0.19274193548387097,0.2506139073140916,0.29324496240828885,009-0016,DEFINED
SEQUENCE_RIDGE_FULL,R4_PXD017052_NSCLC:009-0016_Early:SP-007,23,0.2381422924901186,0.25586570864792,0.29296108916205954,009-0016,DEFINED
SEQUENCE_RIDGE_FULL,R4_PXD017052_NSCLC:009-0016_Early:SP-333,23,0.003952569169960474,0.26388404682216055,0.3145091295184724,009-0016,DEFINED
SEQUENCE_RIDGE_FULL,R4_PXD017052_NSCLC:009-0016_Early:SP-339,28,0.06951286261631089,0.26582262100216586,0.30618213340385847,009-0016,DEFINED
SEQUENCE_RIDGE_FULL,R4_PXD017052_NSCLC:009-0017_Healthy:SP-003,33,-0.125,0.27154280771350964,0.31794473056636424,009-0017,DEFINED
SEQUENCE_RIDGE_FULL,R4_PXD017052_NSCLC:009-0017_Healthy:SP-006,34,0.27028265851795263,0.23563920717197218,0.2863832028952056,009-0017,DEFINED
SEQUENCE_RIDGE_FULL,R4_PXD017052_NSCLC:009-0017_Healthy:SP-007,32,0.3522727272727273,0.25189922066878834,0.2810801007963325,009-0017,DEFINED
SEQUENCE_RIDGE_FULL,R4_PXD017052_NSCLC:009-0017_Healthy:SP-333,26,-0.14051282051282052,0.2798439889283555,0.32285704330086307,009-0017,DEFINED
SEQUENCE_RIDGE_FULL,R4_PXD017052_NSCLC:009-0017_Healthy:SP-339,31,-0.18588709677419354,0.27703899806967947,0.32336639262175476,009-0017,DEFINED
SEQUENCE_RIDGE_FULL,R4_PXD017052_NSCLC:009-0018_Healthy:SP-003,33,0.04378342245989305,0.25679397830080447,0.30426390042534757,009-0018,DEFINED
SEQUENCE_RIDGE_FULL,R4_PXD017052_NSCLC:009-0018_Healthy:SP-006,32,0.2467008797653959,0.25052131980398445,0.2880761568535423,009-0018,DEFINED
SEQUENCE_RIDGE_FULL,R4_PXD017052_NSCLC:009-0018_Healthy:SP-007,28,-0.0060207991242474,0.2747745746930027,0.31066194167494393,009-0018,DEFINED
SEQUENCE_RIDGE_FULL,R4_PXD017052_NSCLC:009-0018_Healthy:SP-333,19,0.017543859649122806,0.2630480035557112,0.3111722853582419,009-0018,DEFINED
SEQUENCE_RIDGE_FULL,R4_PXD017052_NSCLC:009-0018_Healthy:SP-339,30,0.09499443826473859,0.2573971016633851,0.3015836324431763,009-0018,DEFINED
SEQUENCE_RIDGE_FULL,R4_PXD017052_NSCLC:009-0021_Healthy:SP-003,33,-0.13669786096256684,0.26995626625361296,0.3196012027648543,009-0021,DEFINED
SEQUENCE_RIDGE_FULL,R4_PXD017052_NSCLC:009-0021_Healthy:SP-006,33,0.1714572192513369,0.2509643492279268,0.2942993443940269,009-0021,DEFINED
SEQUENCE_RIDGE_FULL,R4_PXD017052_NSCLC:009-0021_Healthy:SP-007,33,0.3104946524064171,0.2535258969139328,0.2836293624969678,009-0021,DEFINED
SEQUENCE_RIDGE_FULL,R4_PXD017052_NSCLC:009-0021_Healthy:SP-333,28,-0.058018609742747675,0.27637969617911146,0.31568742420595014,009-0021,DEFINED
SEQUENCE_RIDGE_FULL,R4_PXD017052_NSCLC:009-0021_Healthy:SP-339,30,-0.08342602892102335,0.282225123545118,0.31740656204221207,009-0021,DEFINED
SEQUENCE_RIDGE_FULL,R4_PXD017052_NSCLC:009-0028_Healthy:SP-003,31,-0.0810483870967742,0.26922581882673186,0.31571193998414426,009-0028,DEFINED
SEQUENCE_RIDGE_FULL,R4_PXD017052_NSCLC:009-0028_Healthy:SP-006,32,0.2320381231671554,0.249824897515813,0.2902292077267803,009-0028,DEFINED
SEQUENCE_RIDGE_FULL,R4_PXD017052_NSCLC:009-0028_Healthy:SP-007,31,0.26733870967741935,0.24053867853158878,0.28824761911890573,009-0028,DEFINED
SEQUENCE_RIDGE_FULL,R4_PXD017052_NSCLC:009-0028_Healthy:SP-333,15,-0.5964285714285714,0.3084871912388508,0.35419650348965553,009-0028,DEFINED
SEQUENCE_RIDGE_FULL,R4_PXD017052_NSCLC:009-0028_Healthy:SP-339,28,0.028461959496442254,0.2690548870458833,0.3094211062157621,009-0028,DEFINED
SEQUENCE_RIDGE_FULL,R4_PXD017052_NSCLC:009-0029_Healthy:SP-003,32,-0.053885630498533725,0.2713544249350784,0.314698454554392,009-0029,DEFINED
SEQUENCE_RIDGE_FULL,R4_PXD017052_NSCLC:009-0029_Healthy:SP-006,32,0.27749266862170086,0.248429717647689,0.28670129068188027,009-0029,DEFINED
SEQUENCE_RIDGE_FULL,R4_PXD017052_NSCLC:009-0029_Healthy:SP-007,32,0.24633431085043989,0.25172400803652134,0.29054220034189826,009-0029,DEFINED
SEQUENCE_RIDGE_FULL,R4_PXD017052_NSCLC:009-0029_Healthy:SP-333,22,0.20722755505364202,0.26078458134570365,0.29988958031421337,009-0029,DEFINED
SEQUENCE_RIDGE_FULL,R4_PXD017052_NSCLC:009-0029_Healthy:SP-339,28,-0.19157088122605365,0.2805865695216652,0.32650681436603224,009-0029,DEFINED
SEQUENCE_RIDGE_FULL,R4_PXD017052_NSCLC:009-0031_Healthy:SP-003,32,-0.17558651026392963,0.2825472618072984,0.3227258305496846,009-0031,DEFINED
SEQUENCE_RIDGE_FULL,R4_PXD017052_NSCLC:009-0031_Healthy:SP-006,34,0.25469824293353704,0.23943960029184186,0.28750589276979444,009-0031,DEFINED
SEQUENCE_RIDGE_FULL,R4_PXD017052_NSCLC:009-0031_Healthy:SP-007,31,0.43951612903225806,0.2417279971287031,0.2758781550811748,009-0031,DEFINED
SEQUENCE_RIDGE_FULL,R4_PXD017052_NSCLC:009-0031_Healthy:SP-333,24,-0.008695652173913044,0.27497933718281775,0.3161292585297856,009-0031,DEFINED
SEQUENCE_RIDGE_FULL,R4_PXD017052_NSCLC:009-0031_Healthy:SP-339,32,-0.15689149560117302,0.28508139105704655,0.32034334164309497,009-0031,DEFINED
SEQUENCE_RIDGE_FULL,R4_PXD017052_NSCLC:009-0036_Healthy:SP-003,29,-0.07635467980295567,0.2685383842810595,0.31808907602613057,009-0036,DEFINED
SEQUENCE_RIDGE_FULL,R4_PXD017052_NSCLC:009-0036_Healthy:SP-006,29,0.14433497536945813,0.25662294005258135,0.2998057067697747,009-0036,DEFINED
SEQUENCE_RIDGE_FULL,R4_PXD017052_NSCLC:009-0036_Healthy:SP-007,24,0.3869565217391304,0.24657829253603947,0.2837859433587683,009-0036,DEFINED
SEQUENCE_RIDGE_FULL,R4_PXD017052_NSCLC:009-0036_Healthy:SP-333,15,0.42857142857142855,0.2309900157875782,0.28195915936095817,009-0036,DEFINED
SEQUENCE_RIDGE_FULL,R4_PXD017052_NSCLC:009-0036_Healthy:SP-339,14,0.054945054945054944,0.2714107325303302,0.3201005387412556,009-0036,DEFINED
SEQUENCE_RIDGE_FULL,R4_PXD017052_NSCLC:009-0037_Healthy:SP-003,31,-0.06774193548387097,0.27549078276872796,0.3159678605287812,009-0037,DEFINED
SEQUENCE_RIDGE_FULL,R4_PXD017052_NSCLC:009-0037_Healthy:SP-006,26,0.12,0.24567205609881734,0.3024526953086897,009-0037,DEFINED
SEQUENCE_RIDGE_FULL,R4_PXD017052_NSCLC:009-0037_Healthy:SP-007,24,0.2808695652173913,0.24920148186767854,0.29088838667458344,009-0037,DEFINED
SEQUENCE_RIDGE_FULL,R4_PXD017052_NSCLC:009-0037_Healthy:SP-333,16,0.020588235294117647,0.2667740042985398,0.3128951997781434,009-0037,DEFINED
SEQUENCE_RIDGE_FULL,R4_PXD017052_NSCLC:009-0037_Healthy:SP-339,26,0.0570940170940171,0.26299258232991957,0.3106772484305515,009-0037,DEFINED
SEQUENCE_RIDGE_FULL,R4_PXD017052_NSCLC:009-0039_Healthy:SP-003,30,-0.18976640711902112,0.2792981254044051,0.324334247350009,009-0039,DEFINED
SEQUENCE_RIDGE_FULL,R4_PXD017052_NSCLC:009-0039_Healthy:SP-006,32,0.03702346041055719,0.2637121273433379,0.3051397759419173,009-0039,DEFINED
SEQUENCE_RIDGE_FULL,R4_PXD017052_NSCLC:009-0039_Healthy:SP-007,29,0.3,0.25514652806810195,0.2870716153967475,009-0039,DEFINED
SEQUENCE_RIDGE_FULL,R4_PXD017052_NSCLC:009-0039_Healthy:SP-333,19,-0.07719298245614035,0.2690591061566777,0.3214118000591092,009-0039,DEFINED
SEQUENCE_RIDGE_FULL,R4_PXD017052_NSCLC:009-0039_Healthy:SP-339,24,-0.04173913043478261,0.271664401521974,0.3142790339347241,009-0039,DEFINED
SEQUENCE_RIDGE_FULL,R4_PXD017052_NSCLC:009-0048_Healthy:SP-003,32,-0.021994134897360705,0.2720626885801476,0.31240340531360405,009-0048,DEFINED
SEQUENCE_RIDGE_FULL,R4_PXD017052_NSCLC:009-0048_Healthy:SP-006,34,0.21894576012223071,0.24718358171794882,0.29058899144047795,009-0048,DEFINED
SEQUENCE_RIDGE_FULL,R4_PXD017052_NSCLC:009-0048_Healthy:SP-007,30,0.296551724137931,0.25155606562572774,0.2864559277492655,009-0048,DEFINED
SEQUENCE_RIDGE_FULL,R4_PXD017052_NSCLC:009-0048_Healthy:SP-333,30,0.0407119021134594,0.2609452127568991,0.30704249538848194,009-0048,DEFINED
SEQUENCE_RIDGE_FULL,R4_PXD017052_NSCLC:009-0048_Healthy:SP-339,32,-0.04325513196480939,0.26709064045601505,0.3127683570703795,009-0048,DEFINED
SEQUENCE_RIDGE_FULL,R4_PXD017052_NSCLC:010-0003_Early:SP-003,11,-0.6272727272727273,0.31966514597887363,0.37067365192295,010-0003,DEFINED
SEQUENCE_RIDGE_FULL,R4_PXD017052_NSCLC:010-0003_Early:SP-006,14,0.1956043956043956,0.26191269597727057,0.30690064683626594,010-0003,DEFINED
SEQUENCE_RIDGE_FULL,R4_PXD017052_NSCLC:010-0036_Early:SP-003,20,-0.22406015037593985,0.2758371369993804,0.33097487391304714,010-0036,DEFINED
SEQUENCE_RIDGE_FULL,R4_PXD017052_NSCLC:010-0036_Early:SP-007,17,0.42892156862745096,0.24736740756944342,0.28416855003019775,010-0036,DEFINED
SEQUENCE_RIDGE_FULL,R4_PXD017052_NSCLC:010-0036_Early:SP-339,11,-0.2636363636363636,0.31421753212904213,0.35451632159202967,010-0036,DEFINED
SEQUENCE_RIDGE_FULL,R4_PXD017052_NSCLC:010-0037_Early:SP-003,11,-0.42727272727272725,0.304753083555576,0.35491939548550755,010-0037,DEFINED
SEQUENCE_RIDGE_FULL,R4_PXD017052_NSCLC:010-0037_Early:SP-006,12,0.03496503496503497,0.28119719207406996,0.3157590059151092,010-0037,DEFINED
SEQUENCE_RIDGE_FULL,R4_PXD017052_NSCLC:010-0037_Early:SP-007,10,0.12727272727272726,0.2848923366343087,0.31700375399168557,010-0037,DEFINED
SEQUENCE_RIDGE_FULL,R4_PXD017052_NSCLC:010-0040_Early:SP-003,23,-0.2984189723320158,0.2841983305660941,0.33223246249711924,010-0040,DEFINED
SEQUENCE_RIDGE_FULL,R4_PXD017052_NSCLC:010-0040_Early:SP-006,13,-0.02197802197802198,0.27587091391860263,0.31930982184183754,010-0040,DEFINED
SEQUENCE_RIDGE_FULL,R4_PXD017052_NSCLC:010-0040_Early:SP-007,14,0.11208791208791209,0.27856770764988,0.3124391519934388,010-0040,DEFINED
SEQUENCE_RIDGE_FULL,R4_PXD017052_NSCLC:010-0040_Early:SP-339,12,-0.3146853146853147,0.30308306303797566,0.34485075925468395,010-0040,DEFINED
SEQUENCE_RIDGE_FULL,R4_PXD017052_NSCLC:010-0041_Early:SP-003,24,-0.15391304347826087,0.2705578663144794,0.32209455574973694,010-0041,DEFINED
SEQUENCE_RIDGE_FULL,R4_PXD017052_NSCLC:010-0041_Early:SP-006,17,0.11274509803921569,0.2734373163525336,0.3120499654484732,010-0041,DEFINED
SEQUENCE_RIDGE_FULL,R4_PXD017052_NSCLC:010-0041_Early:SP-007,15,-0.05714285714285714,0.2660526615263165,0.3236022070912537,010-0041,DEFINED
SEQUENCE_RIDGE_FULL,R4_PXD017052_NSCLC:010-0041_Early:SP-339,14,-0.44175824175824174,0.32536016712133675,0.3554776117471596,010-0041,DEFINED
SEQUENCE_RIDGE_FULL,R4_PXD017052_NSCLC:010-0045_Early:SP-003,15,-0.5821428571428572,0.31176723670450784,0.3548085970381929,010-0045,DEFINED
SEQUENCE_RIDGE_FULL,R4_PXD017052_NSCLC:010-0045_Early:SP-006,15,0.025,0.28099989643021445,0.31871987066942364,010-0045,DEFINED
SEQUENCE_RIDGE_FULL,R4_PXD017052_NSCLC:010-0045_Early:SP-333,12,-0.09090909090909091,0.2921100718878103,0.33298646970868495,010-0045,DEFINED
SEQUENCE_RIDGE_FULL,R4_PXD017052_NSCLC:010-0047_Early:SP-003,15,-0.45357142857142857,0.3063716444159821,0.3524706704091695,010-0047,DEFINED
SEQUENCE_RIDGE_FULL,R4_PXD017052_NSCLC:010-0047_Early:SP-007,11,0.33636363636363636,0.2594593856238812,0.3051222885983043,010-0047,DEFINED
SEQUENCE_RIDGE_FULL,R4_PXD017052_NSCLC:010-0048_Early:SP-003,14,-0.578021978021978,0.2912062211469267,0.35851084894826724,010-0048,DEFINED
SEQUENCE_RIDGE_FULL,R4_PXD017052_NSCLC:010-0048_Early:SP-006,10,0.5515151515151515,0.2705868775197345,0.2914168120987502,010-0048,DEFINED
SEQUENCE_RIDGE_FULL,R4_PXD017052_NSCLC:010-0051_Early:SP-003,19,-0.23859649122807017,0.27873174666438355,0.33071040461696044,010-0051,DEFINED
SEQUENCE_RIDGE_FULL,R4_PXD017052_NSCLC:010-0051_Early:SP-006,18,0.24664602683178535,0.24498195030083447,0.29979958342729107,010-0051,DEFINED
SEQUENCE_RIDGE_FULL,R4_PXD017052_NSCLC:010-0051_Early:SP-007,10,0.296969696969697,0.2848735193306428,0.3066472912541239,010-0051,DEFINED
SEQUENCE_RIDGE_FULL,R4_PXD017052_NSCLC:010-0051_Early:SP-333,11,-0.05454545454545454,0.2722624538824961,0.32837883372636617,010-0051,DEFINED
SEQUENCE_RIDGE_FULL,R4_PXD017052_NSCLC:010-0051_Early:SP-339,13,-0.22527472527472528,0.2934842637704341,0.3362921762704142,010-0051,DEFINED
SEQUENCE_RIDGE_FULL,R4_PXD017052_NSCLC:010-0052_Early:SP-003,18,-0.21775025799793601,0.2842712020673997,0.3320374050554522,010-0052,DEFINED
SEQUENCE_RIDGE_FULL,R4_PXD017052_NSCLC:010-0052_Early:SP-006,13,0.1978021978021978,0.27298865931818705,0.3110667996772072,010-0052,DEFINED
SEQUENCE_RIDGE_FULL,R4_PXD017052_NSCLC:010-0052_Early:SP-007,11,0.17272727272727273,0.288303385191323,0.31353835356579574,010-0052,DEFINED
SEQUENCE_RIDGE_FULL,R4_PXD017052_NSCLC:010-0056_Early:SP-003,18,-0.14963880288957687,0.29373371601711423,0.32626846225872785,010-0056,DEFINED
SEQUENCE_RIDGE_FULL,R4_PXD017052_NSCLC:010-0056_Early:SP-006,18,0.20330237358101136,0.24823470660276362,0.3022582039362774,010-0056,DEFINED
SEQUENCE_RIDGE_FULL,R4_PXD017052_NSCLC:010-0056_Early:SP-007,12,0.18181818181818182,0.2698357906046546,0.30705834781610314,010-0056,DEFINED
SEQUENCE_RIDGE_FULL,R4_PXD017052_NSCLC:010-0056_Early:SP-339,11,-0.4727272727272727,0.30634932605715454,0.35068624198289017,010-0056,DEFINED
SEQUENCE_RIDGE_FULL,R4_PXD017052_NSCLC:011-0002_Early:SP-003,33,-0.0106951871657754,0.2638896861525496,0.30916278343478715,011-0002,DEFINED
SEQUENCE_RIDGE_FULL,R4_PXD017052_NSCLC:011-0002_Early:SP-006,34,0.23422459893048128,0.24970332972667808,0.28966883841925406,011-0002,DEFINED
SEQUENCE_RIDGE_FULL,R4_PXD017052_NSCLC:011-0002_Early:SP-007,32,0.31341642228739003,0.24067014485222854,0.285591286317846,011-0002,DEFINED
SEQUENCE_RIDGE_FULL,R4_PXD017052_NSCLC:011-0002_Early:SP-333,24,-0.06,0.27573191400242264,0.3172809194676857,011-0002,DEFINED
SEQUENCE_RIDGE_FULL,R4_PXD017052_NSCLC:011-0002_Early:SP-339,30,0.011345939933259178,0.26012651670963394,0.3084058568567913,011-0002,DEFINED
SEQUENCE_RIDGE_FULL,R4_PXD017052_NSCLC:011-0007_Early:SP-003,33,0.017379679144385027,0.2634177768717677,0.3080684408239751,011-0007,DEFINED
SEQUENCE_RIDGE_FULL,R4_PXD017052_NSCLC:011-0007_Early:SP-006,33,0.17346256684491979,0.2539103968282006,0.29431402902194653,011-0007,DEFINED
SEQUENCE_RIDGE_FULL,R4_PXD017052_NSCLC:011-0007_Early:SP-007,33,0.17078877005347592,0.2541844432848024,0.29442726976436323,011-0007,DEFINED
SEQUENCE_RIDGE_FULL,R4_PXD017052_NSCLC:011-0007_Early:SP-333,21,0.1974025974025974,0.2643833577702494,0.3006446976339634,011-0007,DEFINED
SEQUENCE_RIDGE_FULL,R4_PXD017052_NSCLC:011-0007_Early:SP-339,29,0.0561576354679803,0.26817134597780595,0.3072801766136818,011-0007,DEFINED
SEQUENCE_RIDGE_FULL,R4_PXD017052_NSCLC:013-0006_Early:SP-003,33,-0.06751336898395723,0.26995626625361296,0.3149426633231054,013-0006,DEFINED
SEQUENCE_RIDGE_FULL,R4_PXD017052_NSCLC:013-0006_Early:SP-006,33,0.20020053475935828,0.24898281938019853,0.29181203018032636,013-0006,DEFINED
SEQUENCE_RIDGE_FULL,R4_PXD017052_NSCLC:013-0006_Early:SP-007,30,0.23959955506117908,0.25948810595123767,0.29045985323495843,013-0006,DEFINED
SEQUENCE_RIDGE_FULL,R4_PXD017052_NSCLC:013-0006_Early:SP-333,10,0.44242424242424244,0.26010391504223224,0.30008180233727316,013-0006,DEFINED
SEQUENCE_RIDGE_FULL,R4_PXD017052_NSCLC:013-0006_Early:SP-339,30,0.07007786429365963,0.26404609655568095,0.3067445311650922,013-0006,DEFINED
SEQUENCE_RIDGE_FULL,R4_PXD017052_NSCLC:013-0008_Early:SP-003,32,0.006964809384164223,0.2713544249350784,0.30962961443271886,013-0008,DEFINED
SEQUENCE_RIDGE_FULL,R4_PXD017052_NSCLC:013-0008_Early:SP-006,34,0.23575248281130634,0.24927819651269872,0.28917605008516983,013-0008,DEFINED
SEQUENCE_RIDGE_FULL,R4_PXD017052_NSCLC:013-0008_Early:SP-007,31,0.2754032258064516,0.24754194949558161,0.28658432002065165,013-0008,DEFINED
SEQUENCE_RIDGE_FULL,R4_PXD017052_NSCLC:013-0008_Early:SP-333,18,0.11042311661506708,0.26732688782606157,0.30662179325358224,013-0008,DEFINED
SEQUENCE_RIDGE_FULL,R4_PXD017052_NSCLC:013-0008_Early:SP-339,29,0.08719211822660099,0.2606912595160986,0.30632084721503183,013-0008,DEFINED
SEQUENCE_RIDGE_FULL,R4_PXD017052_NSCLC:013-0021_Early:SP-003,33,-0.020053475935828877,0.263774435489369,0.3098163271829789,013-0021,DEFINED
SEQUENCE_RIDGE_FULL,R4_PXD017052_NSCLC:013-0021_Early:SP-006,34,0.2739495798319328,0.24786721250715496,0.28644837286753655,013-0021,DEFINED
SEQUENCE_RIDGE_FULL,R4_PXD017052_NSCLC:013-0021_Early:SP-007,32,0.3321114369501466,0.2493853715822097,0.2825662093352972,013-0021,DEFINED
SEQUENCE_RIDGE_FULL,R4_PXD017052_NSCLC:013-0021_Early:SP-333,33,0.07954545454545454,0.2570752335878424,0.30233829546658164,013-0021,DEFINED
SEQUENCE_RIDGE_FULL,R4_PXD017052_NSCLC:013-0021_Early:SP-339,31,-0.017741935483870968,0.27434710113120747,0.31057176246711354,013-0021,DEFINED
SEQUENCE_RIDGE_FULL,R4_PXD017052_NSCLC:013-0032_Early:SP-003,33,-0.10828877005347594,0.27114390304905156,0.316573523019627,013-0032,DEFINED
SEQUENCE_RIDGE_FULL,R4_PXD017052_NSCLC:013-0032_Early:SP-006,33,0.11463903743315508,0.2574956889583214,0.29953526951853426,013-0032,DEFINED
SEQUENCE_RIDGE_FULL,R4_PXD017052_NSCLC:013-0032_Early:SP-007,33,0.23796791443850268,0.25054503671058587,0.28995110073750013,013-0032,DEFINED
SEQUENCE_RIDGE_FULL,R4_PXD017052_NSCLC:013-0032_Early:SP-333,30,0.018909899888765295,0.2615216809190699,0.30886708443977395,013-0032,DEFINED
SEQUENCE_RIDGE_FULL,R4_PXD017052_NSCLC:013-0032_Early:SP-339,32,-0.10263929618768329,0.2751551565850473,0.31639278278906524,013-0032,DEFINED
SEQUENCE_RIDGE_FULL,R4_PXD017052_NSCLC:014-0024_Healthy:SP-003,30,-0.002447163515016685,0.27131316606344746,0.31142387441836034,014-0024,DEFINED
SEQUENCE_RIDGE_FULL,R4_PXD017052_NSCLC:014-0024_Healthy:SP-006,30,0.1296996662958843,0.25341268305263825,0.29980773991226733,014-0024,DEFINED
SEQUENCE_RIDGE_FULL,R4_PXD017052_NSCLC:014-0024_Healthy:SP-007,28,0.27805145046524354,0.24994556268780438,0.29011019718017295,014-0024,DEFINED
SEQUENCE_RIDGE_FULL,R4_PXD017052_NSCLC:014-0024_Healthy:SP-333,14,-0.17362637362637362,0.28437091446741875,0.33118562341780844,014-0024,DEFINED
SEQUENCE_RIDGE_FULL,R4_PXD017052_NSCLC:014-0024_Healthy:SP-339,20,0.37293233082706767,0.24289383953503085,0.28700851587840354,014-0024,DEFINED
SEQUENCE_RIDGE_FULL,R4_PXD017052_NSCLC:014-0032_Healthy:SP-003,30,-0.06562847608453838,0.27131316606344735,0.3149918640021731,014-0032,DEFINED
SEQUENCE_RIDGE_FULL,R4_PXD017052_NSCLC:014-0032_Healthy:SP-006,25,0.20384615384615384,0.25108872038203,0.29750068102044425,014-0032,DEFINED
SEQUENCE_RIDGE_FULL,R4_PXD017052_NSCLC:014-0032_Healthy:SP-007,24,0.3834782608695652,0.2517138153234813,0.28168235908607925,014-0032,DEFINED
SEQUENCE_RIDGE_FULL,R4_PXD017052_NSCLC:014-0032_Healthy:SP-333,13,-0.38461538461538464,0.2916976446814083,0.3440283626160405,014-0032,DEFINED
SEQUENCE_RIDGE_FULL,R4_PXD017052_NSCLC:014-0032_Healthy:SP-339,24,-0.05391304347826087,0.2649608563697355,0.31567306783054316,014-0032,DEFINED
SEQUENCE_RIDGE_FULL,R4_PXD017052_NSCLC:014-0036_Healthy:SP-003,31,-0.041935483870967745,0.26978430805959563,0.314025315715326,014-0036,DEFINED
SEQUENCE_RIDGE_FULL,R4_PXD017052_NSCLC:014-0036_Healthy:SP-006,31,0.2028225806451613,0.25567940758151786,0.29382213188896134,014-0036,DEFINED
SEQUENCE_RIDGE_FULL,R4_PXD017052_NSCLC:014-0036_Healthy:SP-007,28,0.44608648056923916,0.2422390591936097,0.27678383769010567,014-0036,DEFINED
SEQUENCE_RIDGE_FULL,R4_PXD017052_NSCLC:014-0036_Healthy:SP-333,15,0.2857142857142857,0.2497455055971653,0.2954324967594711,014-0036,DEFINED
SEQUENCE_RIDGE_FULL,R4_PXD017052_NSCLC:014-0036_Healthy:SP-339,26,-0.08102564102564103,0.2850575807601727,0.3210869418875344,014-0036,DEFINED
SEQUENCE_RIDGE_FULL,R4_PXD017052_NSCLC:014-0037_Healthy:SP-003,29,-0.019704433497536946,0.26518655168945493,0.3112514611424989,014-0037,DEFINED
SEQUENCE_RIDGE_FULL,R4_PXD017052_NSCLC:014-0037_Healthy:SP-006,29,0.10098522167487685,0.25457525114999674,0.3023878982035162,014-0037,DEFINED
SEQUENCE_RIDGE_FULL,R4_PXD017052_NSCLC:014-0037_Healthy:SP-007,24,0.21739130434782608,0.2685017447605049,0.2955527980229257,014-0037,DEFINED
SEQUENCE_RIDGE_FULL,R4_PXD017052_NSCLC:014-0037_Healthy:SP-333,11,0.23636363636363636,0.2766684435449559,0.3075380453707704,014-0037,DEFINED
SEQUENCE_RIDGE_FULL,R4_PXD017052_NSCLC:014-0037_Healthy:SP-339,23,-0.16600790513833993,0.27075791103019836,0.3217205115519078,014-0037,DEFINED
SEQUENCE_RIDGE_FULL,R4_PXD017052_NSCLC:014-0038_Healthy:SP-003,31,0.07419354838709677,0.26408363526228684,0.3047321278256366,014-0038,DEFINED
SEQUENCE_RIDGE_FULL,R4_PXD017052_NSCLC:014-0038_Healthy:SP-006,34,0.2745607333842628,0.24660635767968653,0.28577424719643874,014-0038,DEFINED
SEQUENCE_RIDGE_FULL,R4_PXD017052_NSCLC:014-0038_Healthy:SP-007,26,0.3251282051282051,0.25026155212295625,0.2893307476282658,014-0038,DEFINED
SEQUENCE_RIDGE_FULL,R4_PXD017052_NSCLC:014-0038_Healthy:SP-333,21,-0.1961038961038961,0.28324977786839034,0.32680749535080783,014-0038,DEFINED
SEQUENCE_RIDGE_FULL,R4_PXD017052_NSCLC:014-0038_Healthy:SP-339,25,0.25076923076923074,0.24307771143231183,0.2902253157702812,014-0038,DEFINED
SEQUENCE_RIDGE_FULL,R4_PXD017052_NSCLC:014-0041_Healthy:SP-003,30,0.026028921023359287,0.2649093598801505,0.30842300261527644,014-0041,DEFINED
SEQUENCE_RIDGE_FULL,R4_PXD017052_NSCLC:014-0041_Healthy:SP-006,31,0.3185483870967742,0.24366263574015518,0.2835876990957138,014-0041,DEFINED
SEQUENCE_RIDGE_FULL,R4_PXD017052_NSCLC:014-0041_Healthy:SP-007,19,0.35964912280701755,0.24089047291360507,0.2852456966216216,014-0041,DEFINED
SEQUENCE_RIDGE_FULL,R4_PXD017052_NSCLC:014-0041_Healthy:SP-333,23,0.08399209486166008,0.26838459264857345,0.30606363274348597,014-0041,DEFINED
SEQUENCE_RIDGE_FULL,R4_PXD017052_NSCLC:014-0041_Healthy:SP-339,22,0.08074534161490683,0.26569061633746416,0.30613212032646037,014-0041,DEFINED
SEQUENCE_RIDGE_FULL,R4_PXD017052_NSCLC:014-0049_Healthy:SP-003,30,0.053170189098998885,0.27341431794233656,0.3073023519600096,014-0049,DEFINED
SEQUENCE_RIDGE_FULL,R4_PXD017052_NSCLC:014-0049_Healthy:SP-006,32,0.22434017595307917,0.25068322948512267,0.29059714166758593,014-0049,DEFINED
SEQUENCE_RIDGE_FULL,R4_PXD017052_NSCLC:014-0049_Healthy:SP-007,24,0.32956521739130434,0.25673733014841954,0.2860081385794162,014-0049,DEFINED
SEQUENCE_RIDGE_FULL,R4_PXD017052_NSCLC:014-0049_Healthy:SP-333,15,0.21071428571428572,0.2541557905163222,0.2984557015484421,014-0049,DEFINED
SEQUENCE_RIDGE_FULL,R4_PXD017052_NSCLC:014-0049_Healthy:SP-339,24,0.11565217391304349,0.25391960346412507,0.3038614067778117,014-0049,DEFINED
SEQUENCE_RIDGE_FULL,R4_PXD017052_NSCLC:014-0052_Healthy:SP-003,30,-0.017575083426028922,0.27101037121527927,0.3119393763878365,014-0052,DEFINED
SEQUENCE_RIDGE_FULL,R4_PXD017052_NSCLC:014-0052_Healthy:SP-006,28,0.05966064586754242,0.26630882906305486,0.30509401659337637,014-0052,DEFINED
SEQUENCE_RIDGE_FULL,R4_PXD017052_NSCLC:014-0052_Healthy:SP-007,27,0.25274725274725274,0.2549467066956559,0.2925911877482676,014-0052,DEFINED
SEQUENCE_RIDGE_FULL,R4_PXD017052_NSCLC:014-0052_Healthy:SP-333,12,-0.3776223776223776,0.30901190864968925,0.34709948892337456,014-0052,DEFINED
SEQUENCE_RIDGE_FULL,R4_PXD017052_NSCLC:014-0052_Healthy:SP-339,19,0.04912280701754386,0.26518227481253775,0.31269912457977495,014-0052,DEFINED
SEQUENCE_RIDGE_FULL,R4_PXD017052_NSCLC:014-0065_Healthy:SP-003,27,-0.018925518925518924,0.25813430132862175,0.31191297947113267,014-0065,DEFINED
SEQUENCE_RIDGE_FULL,R4_PXD017052_NSCLC:014-0065_Healthy:SP-006,32,0.1282991202346041,0.2582005214958408,0.2996722651223936,014-0065,DEFINED
SEQUENCE_RIDGE_FULL,R4_PXD017052_NSCLC:014-0065_Healthy:SP-007,21,0.18441558441558442,0.2588633370142882,0.2996024319391955,014-0065,DEFINED
SEQUENCE_RIDGE_FULL,R4_PXD017052_NSCLC:014-0065_Healthy:SP-333,13,-0.09340659340659341,0.27680360370621937,0.32656911221111884,014-0065,DEFINED
SEQUENCE_RIDGE_FULL,R4_PXD017052_NSCLC:014-0065_Healthy:SP-339,12,0.006993006993006993,0.27195150288672826,0.3267599910831083,014-0065,DEFINED
SEQUENCE_RIDGE_FULL,R4_PXD017052_NSCLC:014-0066_Healthy:SP-003,31,-0.03669354838709677,0.27789841519512437,0.3133548939045538,014-0066,DEFINED
SEQUENCE_RIDGE_FULL,R4_PXD017052_NSCLC:014-0066_Healthy:SP-006,32,0.24230205278592376,0.24646381498657405,0.2895155385581553,014-0066,DEFINED
SEQUENCE_RIDGE_FULL,R4_PXD017052_NSCLC:014-0066_Healthy:SP-007,29,0.4103448275862069,0.23994063305455784,0.27956087494294585,014-0066,DEFINED
SEQUENCE_RIDGE_FULL,R4_PXD017052_NSCLC:014-0066_Healthy:SP-333,16,-0.0058823529411764705,0.2686336007561679,0.3182020275283239,014-0066,DEFINED
SEQUENCE_RIDGE_FULL,R4_PXD017052_NSCLC:014-0066_Healthy:SP-339,28,-0.12205801860974275,0.268917616116426,0.3211092068779577,014-0066,DEFINED
SEQUENCE_RIDGE_FULL,R4_PXD017052_NSCLC:014-0068_Healthy:SP-003,33,-0.04177807486631016,0.26995626625361296,0.31178617729248637,014-0068,DEFINED
SEQUENCE_RIDGE_FULL,R4_PXD017052_NSCLC:014-0068_Healthy:SP-006,33,0.1641042780748663,0.25404336770683794,0.2957975557326532,014-0068,DEFINED
SEQUENCE_RIDGE_FULL,R4_PXD017052_NSCLC:014-0068_Healthy:SP-007,28,0.37821565407772306,0.24341816527582408,0.28251225786770295,014-0068,DEFINED
SEQUENCE_RIDGE_FULL,R4_PXD017052_NSCLC:014-0068_Healthy:SP-333,15,0.08214285714285714,0.26102327190317703,0.30915885099533025,014-0068,DEFINED
SEQUENCE_RIDGE_FULL,R4_PXD017052_NSCLC:014-0068_Healthy:SP-339,18,0.08565531475748193,0.26469459756300967,0.3118544227063656,014-0068,DEFINED
SEQUENCE_RIDGE_FULL,R4_PXD017052_NSCLC:015-0005_Early:SP-003,32,0.10960410557184751,0.26447982960083816,0.3012747372162527,015-0005,DEFINED
SEQUENCE_RIDGE_FULL,R4_PXD017052_NSCLC:015-0005_Early:SP-006,34,0.24950343773873185,0.2505971661365699,0.28883380788886853,015-0005,DEFINED
SEQUENCE_RIDGE_FULL,R4_PXD017052_NSCLC:015-0005_Early:SP-007,30,0.3352614015572859,0.24702539580184446,0.28412071765688957,015-0005,DEFINED
SEQUENCE_RIDGE_FULL,R4_PXD017052_NSCLC:015-0005_Early:SP-333,19,0.12280701754385964,0.2616893940242204,0.3063709684027992,015-0005,DEFINED
SEQUENCE_RIDGE_FULL,R4_PXD017052_NSCLC:015-0005_Early:SP-339,29,0.13349753694581282,0.26348788079406366,0.3024865553704014,015-0005,DEFINED
SEQUENCE_RIDGE_FULL,R4_PXD017052_NSCLC:015-0007_Early:SP-003,33,0.06149732620320856,0.2653150341904579,0.30423122024194316,015-0007,DEFINED
SEQUENCE_RIDGE_FULL,R4_PXD017052_NSCLC:015-0007_Early:SP-006,32,0.187683284457478,0.2515049123787504,0.29282004108570414,015-0007,DEFINED
SEQUENCE_RIDGE_FULL,R4_PXD017052_NSCLC:015-0007_Early:SP-007,24,0.23304347826086957,0.26147395978908494,0.2917398746410514,015-0007,DEFINED
SEQUENCE_RIDGE_FULL,R4_PXD017052_NSCLC:015-0007_Early:SP-333,13,0.01098901098901099,0.28194690001976713,0.321940481258491,015-0007,DEFINED
SEQUENCE_RIDGE_FULL,R4_PXD017052_NSCLC:015-0007_Early:SP-339,28,0.06294471811713191,0.2690243542893335,0.3076976700463405,015-0007,DEFINED
SEQUENCE_RIDGE_FULL,R4_PXD017052_NSCLC:017-0071_Early:SP-003,10,-0.6727272727272727,0.3221514184012589,0.3758285108666844,017-0071,DEFINED
SEQUENCE_RIDGE_FULL,R4_PXD017052_NSCLC:017-0071_Early:SP-006,13,-0.25274725274725274,0.30976225989184125,0.3406836027245774,017-0071,DEFINED
SEQUENCE_RIDGE_FULL,R4_PXD017052_NSCLC:018-0004_Early:SP-003,33,-0.21858288770053477,0.2774281594229841,0.32497643027784,018-0004,DEFINED
SEQUENCE_RIDGE_FULL,R4_PXD017052_NSCLC:018-0004_Early:SP-006,34,0.14194041252864784,0.25477903040380223,0.29652174456256597,018-0004,DEFINED
SEQUENCE_RIDGE_FULL,R4_PXD017052_NSCLC:018-0004_Early:SP-007,30,0.18309232480533927,0.2583369564689889,0.29447399919818334,018-0004,DEFINED
SEQUENCE_RIDGE_FULL,R4_PXD017052_NSCLC:018-0004_Early:SP-333,25,0.04230769230769231,0.25675073177077457,0.3110228423234315,018-0004,DEFINED
SEQUENCE_RIDGE_FULL,R4_PXD017052_NSCLC:018-0004_Early:SP-339,30,-0.1546162402669633,0.27839653194595365,0.3217416743669879,018-0004,DEFINED
SEQUENCE_RIDGE_FULL,R4_PXD017052_NSCLC:019-0003_Early:SP-003,13,-0.43956043956043955,0.3107496659914388,0.3582584133290236,019-0003,DEFINED
SEQUENCE_RIDGE_FULL,R4_PXD017052_NSCLC:019-0003_Early:SP-006,17,0.041666666666666664,0.2713411982697772,0.31493242901762564,019-0003,DEFINED
SEQUENCE_RIDGE_FULL,R4_PXD017052_NSCLC:020-0004_Healthy:SP-003,32,0.07881231671554252,0.255594875329036,0.30265927778249674,020-0004,DEFINED
SEQUENCE_RIDGE_FULL,R4_PXD017052_NSCLC:020-0004_Healthy:SP-006,33,0.1824866310160428,0.2521317080974417,0.2937679228665929,020-0004,DEFINED
SEQUENCE_RIDGE_FULL,R4_PXD017052_NSCLC:020-0004_Healthy:SP-007,32,0.2829912023460411,0.24476759973855333,0.2872501308223506,020-0004,DEFINED
SEQUENCE_RIDGE_FULL,R4_PXD017052_NSCLC:020-0004_Healthy:SP-333,13,0.06593406593406594,0.276058655639952,0.3133826858197135,020-0004,DEFINED
SEQUENCE_RIDGE_FULL,R4_PXD017052_NSCLC:020-0004_Healthy:SP-339,30,0.0055617352614015575,0.26570525386352317,0.3095947745807496,020-0004,DEFINED
SEQUENCE_RIDGE_FULL,R4_PXD017052_NSCLC:020-0006_Healthy:SP-003,33,-0.12266042780748664,0.26415919740861427,0.3170503722023892,020-0006,DEFINED
SEQUENCE_RIDGE_FULL,R4_PXD017052_NSCLC:020-0006_Healthy:SP-006,33,0.21524064171122995,0.2539103968282006,0.29194739824926347,020-0006,DEFINED
SEQUENCE_RIDGE_FULL,R4_PXD017052_NSCLC:020-0006_Healthy:SP-007,29,0.3019704433497537,0.25887832816866263,0.2866767323779639,020-0006,DEFINED
SEQUENCE_RIDGE_FULL,R4_PXD017052_NSCLC:020-0006_Healthy:SP-333,17,-0.10294117647058823,0.2684625866390889,0.32160991831081176,020-0006,DEFINED
SEQUENCE_RIDGE_FULL,R4_PXD017052_NSCLC:020-0006_Healthy:SP-339,27,0.054945054945054944,0.26207265101660643,0.30666392026923056,020-0006,DEFINED
SEQUENCE_RIDGE_FULL,R4_PXD017052_NSCLC:020-0007_Healthy:SP-003,32,0.03812316715542522,0.2658713617813707,0.3064809789151373,020-0007,DEFINED
SEQUENCE_RIDGE_FULL,R4_PXD017052_NSCLC:020-0007_Healthy:SP-006,33,0.1854946524064171,0.25315084011029954,0.2928643682829031,020-0007,DEFINED
SEQUENCE_RIDGE_FULL,R4_PXD017052_NSCLC:020-0007_Healthy:SP-007,28,0.2545155993431856,0.2491547501361979,0.29302324903939386,020-0007,DEFINED
SEQUENCE_RIDGE_FULL,R4_PXD017052_NSCLC:020-0007_Healthy:SP-333,17,0.031862745098039214,0.2582234008283806,0.3108643225740832,020-0007,DEFINED
SEQUENCE_RIDGE_FULL,R4_PXD017052_NSCLC:020-0007_Healthy:SP-339,28,0.00875752599890531,0.2689065975380421,0.31037388936168997,020-0007,DEFINED
SEQUENCE_RIDGE_FULL,R4_PXD017052_NSCLC:020-0011_Healthy:SP-003,32,0.03409090909090909,0.259782480421752,0.3071616518892093,020-0011,DEFINED
SEQUENCE_RIDGE_FULL,R4_PXD017052_NSCLC:020-0011_Healthy:SP-006,29,0.10492610837438424,0.2615222676278034,0.3041078868731332,020-0011,DEFINED
SEQUENCE_RIDGE_FULL,R4_PXD017052_NSCLC:020-0011_Healthy:SP-007,28,0.1297208538587849,0.26578731489213336,0.30140504490805853,020-0011,DEFINED
SEQUENCE_RIDGE_FULL,R4_PXD017052_NSCLC:020-0011_Healthy:SP-333,15,0.05357142857142857,0.2620823198251097,0.31283308683631,020-0011,DEFINED
SEQUENCE_RIDGE_FULL,R4_PXD017052_NSCLC:020-0011_Healthy:SP-339,26,0.041367521367521365,0.266699872625071,0.3082971407501756,020-0011,DEFINED
SEQUENCE_RIDGE_FULL,R4_PXD017052_NSCLC:020-0014_Healthy:SP-003,28,-0.07170224411603722,0.25988218876692615,0.31598950657529495,020-0014,DEFINED
SEQUENCE_RIDGE_FULL,R4_PXD017052_NSCLC:020-0014_Healthy:SP-006,24,0.07217391304347825,0.26617214127283745,0.30752559338195806,020-0014,DEFINED
SEQUENCE_RIDGE_FULL,R4_PXD017052_NSCLC:020-0014_Healthy:SP-007,19,0.5807017543859649,0.2333778492005904,0.26322845356176033,020-0014,DEFINED
SEQUENCE_RIDGE_FULL,R4_PXD017052_NSCLC:020-0014_Healthy:SP-333,10,-0.12727272727272726,0.30720394899188164,0.336620954481263,020-0014,DEFINED
SEQUENCE_RIDGE_FULL,R4_PXD017052_NSCLC:020-0014_Healthy:SP-339,14,-0.11648351648351649,0.27854465930064876,0.3253052271018279,020-0014,DEFINED
SEQUENCE_RIDGE_FULL,R4_PXD017052_NSCLC:020-0015_Healthy:SP-003,33,-0.030080213903743314,0.2638896861525496,0.3106321508233487,020-0015,DEFINED
SEQUENCE_RIDGE_FULL,R4_PXD017052_NSCLC:020-0015_Healthy:SP-006,33,0.15975935828877005,0.25580433622214,0.2946613663129582,020-0015,DEFINED
SEQUENCE_RIDGE_FULL,R4_PXD017052_NSCLC:020-0015_Healthy:SP-007,29,0.2881773399014778,0.26279247612778495,0.2895732351427602,020-0015,DEFINED
SEQUENCE_RIDGE_FULL,R4_PXD017052_NSCLC:020-0015_Healthy:SP-333,25,-0.04,0.28186417903475786,0.31695725478428877,020-0015,DEFINED
SEQUENCE_RIDGE_FULL,R4_PXD017052_NSCLC:020-0015_Healthy:SP-339,29,0.10394088669950739,0.2631868209403779,0.3035438473185704,020-0015,DEFINED
SEQUENCE_RIDGE_FULL,R4_PXD017052_NSCLC:020-0016_Healthy:SP-003,32,-0.08834310850439883,0.27135442493507844,0.3159798773996868,020-0016,DEFINED
SEQUENCE_RIDGE_FULL,R4_PXD017052_NSCLC:020-0016_Healthy:SP-006,33,0.20320855614973263,0.25275517881389875,0.29281316105860006,020-0016,DEFINED
SEQUENCE_RIDGE_FULL,R4_PXD017052_NSCLC:020-0016_Healthy:SP-007,25,0.27307692307692305,0.25070083957766043,0.29180247685819277,020-0016,DEFINED
SEQUENCE_RIDGE_FULL,R4_PXD017052_NSCLC:020-0016_Healthy:SP-333,14,-0.006593406593406593,0.26336763493842497,0.3169179925671745,020-0016,DEFINED
SEQUENCE_RIDGE_FULL,R4_PXD017052_NSCLC:020-0016_Healthy:SP-339,23,0.03557312252964427,0.26310405112357094,0.3123052724052458,020-0016,DEFINED
SEQUENCE_RIDGE_FULL,R4_PXD017052_NSCLC:020-0017_Healthy:SP-003,29,-0.07832512315270936,0.2671079926031044,0.314498230504467,020-0017,DEFINED
SEQUENCE_RIDGE_FULL,R4_PXD017052_NSCLC:020-0017_Healthy:SP-006,21,0.23766233766233766,0.25355474015562673,0.2961150004542812,020-0017,DEFINED
SEQUENCE_RIDGE_FULL,R4_PXD017052_NSCLC:020-0017_Healthy:SP-007,25,0.33076923076923076,0.24464670578901962,0.28695856240855355,020-0017,DEFINED
SEQUENCE_RIDGE_FULL,R4_PXD017052_NSCLC:020-0017_Healthy:SP-333,11,-0.02727272727272727,0.2954377787328296,0.3337035964477496,020-0017,DEFINED
SEQUENCE_RIDGE_FULL,R4_PXD017052_NSCLC:020-0017_Healthy:SP-339,19,-0.008771929824561403,0.28243556260890224,0.31296997017408285,020-0017,DEFINED
SEQUENCE_RIDGE_FULL,R4_PXD017052_NSCLC:020-0019_Healthy:SP-003,25,-0.07846153846153846,0.2588441540920913,0.31589268891059,020-0019,DEFINED
SEQUENCE_RIDGE_FULL,R4_PXD017052_NSCLC:020-0019_Healthy:SP-006,24,0.19043478260869565,0.256689887393683,0.298402188632398,020-0019,DEFINED
SEQUENCE_RIDGE_FULL,R4_PXD017052_NSCLC:020-0019_Healthy:SP-007,20,0.14736842105263157,0.2589754676108993,0.29994532708070193,020-0019,DEFINED
SEQUENCE_RIDGE_FULL,R4_PXD017052_NSCLC:020-0029_Healthy:SP-003,32,-0.014296187683284457,0.27135442493507844,0.3110831206043108,020-0029,DEFINED
SEQUENCE_RIDGE_FULL,R4_PXD017052_NSCLC:020-0029_Healthy:SP-006,30,0.04516129032258064,0.26535171395168383,0.30540606786184726,020-0029,DEFINED
SEQUENCE_RIDGE_FULL,R4_PXD017052_NSCLC:020-0029_Healthy:SP-007,30,0.32146829810901,0.25366802272602235,0.28534914546019713,020-0029,DEFINED
SEQUENCE_RIDGE_FULL,R4_PXD017052_NSCLC:020-0029_Healthy:SP-333,17,0.27450980392156865,0.26139579379412564,0.2954845914689365,020-0029,DEFINED
SEQUENCE_RIDGE_FULL,R4_PXD017052_NSCLC:020-0029_Healthy:SP-339,28,-0.07936507936507936,0.2834775078050772,0.3193547323297005,020-0029,DEFINED
SEQUENCE_RIDGE_FULL,R4_PXD017052_NSCLC:020-0032_Healthy:SP-003,32,-0.0846774193548387,0.2653060378383042,0.31566377592405087,020-0032,DEFINED
SEQUENCE_RIDGE_FULL,R4_PXD017052_NSCLC:020-0032_Healthy:SP-006,28,0.1330049261083744,0.25474983222885206,0.29902662474796576,020-0032,DEFINED
SEQUENCE_RIDGE_FULL,R4_PXD017052_NSCLC:020-0032_Healthy:SP-007,27,0.4194139194139194,0.24281074099800243,0.27671901269265947,020-0032,DEFINED
SEQUENCE_RIDGE_FULL,R4_PXD017052_NSCLC:020-0032_Healthy:SP-333,14,0.08571428571428572,0.2728159660888055,0.3102285998888751,020-0032,DEFINED
SEQUENCE_RIDGE_FULL,R4_PXD017052_NSCLC:020-0032_Healthy:SP-339,28,-0.07827038861521621,0.27157849896470715,0.3174178405403947,020-0032,DEFINED
SEQUENCE_RIDGE_FULL,R4_PXD017052_NSCLC:020-0034_Healthy:SP-003,31,-0.018145161290322582,0.27047891151327347,0.31116922922892304,020-0034,DEFINED
SEQUENCE_RIDGE_FULL,R4_PXD017052_NSCLC:020-0034_Healthy:SP-006,30,0.10344827586206896,0.2634176822204064,0.30161268991729984,020-0034,DEFINED
SEQUENCE_RIDGE_FULL,R4_PXD017052_NSCLC:020-0034_Healthy:SP-007,27,0.20573870573870573,0.2541008553130081,0.29445452974830694,020-0034,DEFINED
SEQUENCE_RIDGE_FULL,R4_PXD017052_NSCLC:020-0034_Healthy:SP-333,10,-0.6121212121212121,0.31030526502657174,0.3632312714547224,020-0034,DEFINED
SEQUENCE_RIDGE_FULL,R4_PXD017052_NSCLC:020-0034_Healthy:SP-339,26,-0.024273504273504273,0.26670645863030223,0.312238596782956,020-0034,DEFINED
SEQUENCE_RIDGE_FULL,R4_PXD017052_NSCLC:020-0035_Healthy:SP-003,32,0.07551319648093842,0.25675267239198446,0.3036999501925007,020-0035,DEFINED
SEQUENCE_RIDGE_FULL,R4_PXD017052_NSCLC:020-0035_Healthy:SP-006,25,0.03769230769230769,0.26501627821800605,0.3073069669839014,020-0035,DEFINED
SEQUENCE_RIDGE_FULL,R4_PXD017052_NSCLC:020-0035_Healthy:SP-007,27,0.2686202686202686,0.2468954618764308,0.29006000760567036,020-0035,DEFINED
SEQUENCE_RIDGE_FULL,R4_PXD017052_NSCLC:020-0035_Healthy:SP-333,10,-0.01818181818181818,0.3031959836326087,0.32838682206563874,020-0035,DEFINED
SEQUENCE_RIDGE_FULL,R4_PXD017052_NSCLC:020-0035_Healthy:SP-339,21,-0.01948051948051948,0.2714545410656143,0.3172542727117039,020-0035,DEFINED
SEQUENCE_RIDGE_FULL,R4_PXD017052_NSCLC:020-0036_Healthy:SP-003,33,0.00267379679144385,0.2698410155904325,0.3093885400450901,020-0036,DEFINED
SEQUENCE_RIDGE_FULL,R4_PXD017052_NSCLC:020-0036_Healthy:SP-006,32,0.21004398826979473,0.25269935851738073,0.29220965620218065,020-0036,DEFINED
SEQUENCE_RIDGE_FULL,R4_PXD017052_NSCLC:020-0036_Healthy:SP-007,27,0.2594627594627595,0.25909375459745837,0.29152869357460554,020-0036,DEFINED
SEQUENCE_RIDGE_FULL,R4_PXD017052_NSCLC:020-0036_Healthy:SP-333,16,-0.05,0.27877214104156395,0.31997853317342584,020-0036,DEFINED
SEQUENCE_RIDGE_FULL,R4_PXD017052_NSCLC:020-0036_Healthy:SP-339,31,-0.0020161290322580645,0.2661156071272009,0.31109968457999604,020-0036,DEFINED
SEQUENCE_RIDGE_FULL,R4_PXD017052_NSCLC:020-0037_Healthy:SP-003,27,-0.20573870573870573,0.27551548743966037,0.32436712381086047,020-0037,DEFINED
SEQUENCE_RIDGE_FULL,R4_PXD017052_NSCLC:020-0037_Healthy:SP-006,29,0.26157635467980295,0.2586311998746589,0.29257976868629815,020-0037,DEFINED
SEQUENCE_RIDGE_FULL,R4_PXD017052_NSCLC:020-0037_Healthy:SP-007,24,0.1956521739130435,0.26299183235329765,0.2998317915804651,020-0037,DEFINED
SEQUENCE_RIDGE_FULL,R4_PXD017052_NSCLC:020-0037_Healthy:SP-339,13,-0.13736263736263737,0.289682050277111,0.331772778345936,020-0037,DEFINED
SEQUENCE_RIDGE_FULL,R4_PXD017052_NSCLC:020-0038_Healthy:SP-003,30,-0.13058954393770855,0.2737804584343257,0.3193585640030278,020-0038,DEFINED
SEQUENCE_RIDGE_FULL,R4_PXD017052_NSCLC:020-0038_Healthy:SP-006,28,0.03284072249589491,0.27197395443487365,0.3077724602947674,020-0038,DEFINED
SEQUENCE_RIDGE_FULL,R4_PXD017052_NSCLC:020-0038_Healthy:SP-007,23,0.2845849802371542,0.25941559454912605,0.2896599090176757,020-0038,DEFINED
SEQUENCE_RIDGE_FULL,R4_PXD017052_NSCLC:020-0038_Healthy:SP-333,15,-0.20357142857142857,0.28181843673885504,0.33176706032589726,020-0038,DEFINED
SEQUENCE_RIDGE_FULL,R4_PXD017052_NSCLC:020-0038_Healthy:SP-339,25,0.0876923076923077,0.25887593662918407,0.3046352677991964,020-0038,DEFINED
SEQUENCE_RIDGE_FULL,R4_PXD017052_NSCLC:020-0039_Healthy:SP-003,31,0.0016129032258064516,0.2702869505082763,0.30946898821862306,020-0039,DEFINED
SEQUENCE_RIDGE_FULL,R4_PXD017052_NSCLC:020-0039_Healthy:SP-006,29,0.034975369458128076,0.26719973731688923,0.3080526750496748,020-0039,DEFINED
SEQUENCE_RIDGE_FULL,R4_PXD017052_NSCLC:020-0039_Healthy:SP-007,23,0.2490118577075099,0.25984259112792585,0.2934062499193891,020-0039,DEFINED
SEQUENCE_RIDGE_FULL,R4_PXD017052_NSCLC:020-0039_Healthy:SP-339,12,-0.20279720279720279,0.28952187080020675,0.33746844335250337,020-0039,DEFINED
SEQUENCE_RIDGE_FULL,R4_PXD017052_NSCLC:020-0040_Healthy:SP-003,21,-0.18441558441558442,0.2725669225057034,0.3283517254695131,020-0040,DEFINED
SEQUENCE_RIDGE_FULL,R4_PXD017052_NSCLC:020-0040_Healthy:SP-006,17,0.27450980392156865,0.2490260717858871,0.29708080748478394,020-0040,DEFINED
SEQUENCE_RIDGE_FULL,R4_PXD017052_NSCLC:020-0040_Healthy:SP-007,23,0.1324110671936759,0.2651594512121714,0.30188342854727235,020-0040,DEFINED
SEQUENCE_RIDGE_FULL,R4_PXD017052_NSCLC:020-0040_Healthy:SP-339,14,-0.41098901098901097,0.2998225166935028,0.35302377917414923,020-0040,DEFINED
SEQUENCE_RIDGE_FULL,R4_PXD017052_NSCLC:020-0042_Healthy:SP-003,32,0.02126099706744868,0.27052821669761234,0.30844259800522167,020-0042,DEFINED
SEQUENCE_RIDGE_FULL,R4_PXD017052_NSCLC:020-0042_Healthy:SP-006,31,0.12782258064516128,0.2622042574790975,0.2992833683700864,020-0042,DEFINED
SEQUENCE_RIDGE_FULL,R4_PXD017052_NSCLC:020-0042_Healthy:SP-007,30,0.35617352614015574,0.25131167062413023,0.28377070065414833,020-0042,DEFINED
SEQUENCE_RIDGE_FULL,R4_PXD017052_NSCLC:020-0042_Healthy:SP-333,15,0.25,0.2515066066258104,0.29757867711734004,020-0042,DEFINED
SEQUENCE_RIDGE_FULL,R4_PXD017052_NSCLC:020-0042_Healthy:SP-339,27,-0.13675213675213677,0.2723674697271608,0.3229131035199192,020-0042,DEFINED
SEQUENCE_RIDGE_FULL,R4_PXD017052_NSCLC:020-0044_Healthy:SP-003,31,0.09798387096774193,0.2559470127283758,0.30208739268974,020-0044,DEFINED
SEQUENCE_RIDGE_FULL,R4_PXD017052_NSCLC:020-0044_Healthy:SP-006,31,0.2439516129032258,0.2545696884030429,0.2897922764215303,020-0044,DEFINED
SEQUENCE_RIDGE_FULL,R4_PXD017052_NSCLC:020-0044_Healthy:SP-007,29,0.2438423645320197,0.2580360594581932,0.29285018449444195,020-0044,DEFINED
SEQUENCE_RIDGE_FULL,R4_PXD017052_NSCLC:020-0044_Healthy:SP-333,15,-0.18571428571428572,0.2960998137354661,0.3349604121572196,020-0044,DEFINED
SEQUENCE_RIDGE_FULL,R4_PXD017052_NSCLC:020-0044_Healthy:SP-339,28,0.2200328407224959,0.2517510587086624,0.2918352957821861,020-0044,DEFINED
SEQUENCE_RIDGE_FULL,R4_PXD017052_NSCLC:020-0055_Healthy:SP-003,32,-0.1528592375366569,0.2725651424519049,0.321060332174803,020-0055,DEFINED
SEQUENCE_RIDGE_FULL,R4_PXD017052_NSCLC:020-0055_Healthy:SP-006,30,0.12880978865406006,0.24621495963267007,0.2980516426015654,020-0055,DEFINED
SEQUENCE_RIDGE_FULL,R4_PXD017052_NSCLC:020-0055_Healthy:SP-007,28,0.4608648056923919,0.24650199579519524,0.2726963666064159,020-0055,DEFINED
SEQUENCE_RIDGE_FULL,R4_PXD017052_NSCLC:020-0055_Healthy:SP-333,23,-0.16205533596837945,0.2804092198358142,0.3247087179465298,020-0055,DEFINED
SEQUENCE_RIDGE_FULL,R4_PXD017052_NSCLC:020-0055_Healthy:SP-339,29,-0.09556650246305419,0.27715161339214583,0.3189684583307459,020-0055,DEFINED
SEQUENCE_RIDGE_FULL,R4_PXD017052_NSCLC:020-0057_Healthy:SP-003,33,0.06483957219251336,0.25649240047996213,0.3031825755910732,020-0057,DEFINED
SEQUENCE_RIDGE_FULL,R4_PXD017052_NSCLC:020-0057_Healthy:SP-006,33,0.22259358288770054,0.2538551869840271,0.2907746942244426,020-0057,DEFINED
SEQUENCE_RIDGE_FULL,R4_PXD017052_NSCLC:020-0057_Healthy:SP-007,31,0.22983870967741934,0.24794134621855304,0.29194898396728597,020-0057,DEFINED
SEQUENCE_RIDGE_FULL,R4_PXD017052_NSCLC:020-0057_Healthy:SP-333,21,0.06883116883116883,0.2631764008076276,0.3087016960156342,020-0057,DEFINED
SEQUENCE_RIDGE_FULL,R4_PXD017052_NSCLC:020-0057_Healthy:SP-339,31,0.0967741935483871,0.2638858875808705,0.30174345724041973,020-0057,DEFINED
SEQUENCE_RIDGE_FULL,R4_PXD017052_NSCLC:020-0058_Healthy:SP-003,32,-0.038856304985337244,0.2612291997062201,0.31034399629940596,020-0058,DEFINED
SEQUENCE_RIDGE_FULL,R4_PXD017052_NSCLC:020-0058_Healthy:SP-006,33,0.24398395721925134,0.25031302563628166,0.2896202902522156,020-0058,DEFINED
SEQUENCE_RIDGE_FULL,R4_PXD017052_NSCLC:020-0058_Healthy:SP-007,30,-0.014905450500556174,0.27055906239482064,0.31212307818907137,020-0058,DEFINED
SEQUENCE_RIDGE_FULL,R4_PXD017052_NSCLC:020-0058_Healthy:SP-333,14,-0.4945054945054945,0.30415248244184784,0.3529464760489476,020-0058,DEFINED
SEQUENCE_RIDGE_FULL,R4_PXD017052_NSCLC:020-0058_Healthy:SP-339,25,-0.046153846153846156,0.27229382697828375,0.3167132854749023,020-0058,DEFINED
SEQUENCE_RIDGE_FULL,R4_PXD017052_NSCLC:020-0061_Healthy:SP-003,32,-0.15212609970674487,0.2740531884265254,0.32050903317213547,020-0061,DEFINED
SEQUENCE_RIDGE_FULL,R4_PXD017052_NSCLC:020-0061_Healthy:SP-006,31,0.08064516129032258,0.2588223812921083,0.30082192592012136,020-0061,DEFINED
SEQUENCE_RIDGE_FULL,R4_PXD017052_NSCLC:020-0061_Healthy:SP-007,26,0.2841025641025641,0.24657718593027955,0.2903389945374679,020-0061,DEFINED
SEQUENCE_RIDGE_FULL,R4_PXD017052_NSCLC:020-0061_Healthy:SP-333,16,0.11470588235294117,0.2613444261310286,0.3097684326255036,020-0061,DEFINED
SEQUENCE_RIDGE_FULL,R4_PXD017052_NSCLC:020-0061_Healthy:SP-339,25,-0.2792307692307692,0.2977054363646154,0.33473355837161317,020-0061,DEFINED
SEQUENCE_RIDGE_FULL,R4_PXD017052_NSCLC:020-0069_Healthy:SP-003,30,0.006896551724137931,0.26715174101392075,0.30994724553157155,020-0069,DEFINED
SEQUENCE_RIDGE_FULL,R4_PXD017052_NSCLC:020-0069_Healthy:SP-006,32,0.3453079178885631,0.2462392609437039,0.2818126084429124,020-0069,DEFINED
SEQUENCE_RIDGE_FULL,R4_PXD017052_NSCLC:020-0069_Healthy:SP-007,21,0.42727272727272725,0.23942172343269214,0.27868957358981206,020-0069,DEFINED
SEQUENCE_RIDGE_FULL,R4_PXD017052_NSCLC:020-0069_Healthy:SP-333,10,-0.1393939393939394,0.3031959836326087,0.33832763916384584,020-0069,DEFINED
SEQUENCE_RIDGE_FULL,R4_PXD017052_NSCLC:020-0069_Healthy:SP-339,24,0.25043478260869567,0.2397528812211033,0.2931859018461319,020-0069,DEFINED
SEQUENCE_RIDGE_FULL,R4_PXD017052_NSCLC:020-0071_Healthy:SP-003,32,0.1217008797653959,0.25750478002309773,0.3000008658033227,020-0071,DEFINED
SEQUENCE_RIDGE_FULL,R4_PXD017052_NSCLC:020-0071_Healthy:SP-006,33,0.2857620320855615,0.2480246155034563,0.2862992362836152,020-0071,DEFINED
SEQUENCE_RIDGE_FULL,R4_PXD017052_NSCLC:020-0071_Healthy:SP-007,28,0.13355227148330598,0.2561282425250332,0.3002285420660484,020-0071,DEFINED
SEQUENCE_RIDGE_FULL,R4_PXD017052_NSCLC:020-0071_Healthy:SP-333,14,0.015384615384615385,0.2926475023076414,0.3177472889032651,020-0071,DEFINED
SEQUENCE_RIDGE_FULL,R4_PXD017052_NSCLC:020-0071_Healthy:SP-339,28,-0.00875752599890531,0.2732984663742502,0.31242392027616406,020-0071,DEFINED
SEQUENCE_RIDGE_FULL,R4_PXD017052_NSCLC:020-0072_Healthy:SP-003,33,-0.05213903743315508,0.26747848484046194,0.3116436129048391,020-0072,DEFINED
SEQUENCE_RIDGE_FULL,R4_PXD017052_NSCLC:020-0072_Healthy:SP-006,34,0.28372803666921315,0.24545916532005574,0.2859738036888684,020-0072,DEFINED
SEQUENCE_RIDGE_FULL,R4_PXD017052_NSCLC:020-0072_Healthy:SP-007,29,0.10344827586206896,0.26417024327250427,0.3027216854771082,020-0072,DEFINED
SEQUENCE_RIDGE_FULL,R4_PXD017052_NSCLC:020-0072_Healthy:SP-333,16,-0.18235294117647058,0.2682649030133496,0.32909741615000737,020-0072,DEFINED
SEQUENCE_RIDGE_FULL,R4_PXD017052_NSCLC:020-0072_Healthy:SP-339,27,0.1752136752136752,0.2574714248993194,0.2982201030153646,020-0072,DEFINED
SEQUENCE_RIDGE_FULL,R4_PXD017052_NSCLC:020-0073_Healthy:SP-003,21,-0.13376623376623376,0.2704036795790592,0.32267841520790225,020-0073,DEFINED
SEQUENCE_RIDGE_FULL,R4_PXD017052_NSCLC:020-0073_Healthy:SP-006,25,0.14692307692307693,0.2613428149129069,0.30114455958639563,020-0073,DEFINED
SEQUENCE_RIDGE_FULL,R4_PXD017052_NSCLC:020-0073_Healthy:SP-007,20,0.16390977443609023,0.25706001481280777,0.301669666662258,020-0073,DEFINED
SEQUENCE_RIDGE_FULL,R4_PXD017052_NSCLC:020-0073_Healthy:SP-333,11,0.3181818181818182,0.24830573791980248,0.30226578953461625,020-0073,DEFINED
SEQUENCE_RIDGE_FULL,R4_PXD017052_NSCLC:020-0073_Healthy:SP-339,13,-0.04945054945054945,0.27885966468811774,0.3339802010598735,020-0073,DEFINED
SEQUENCE_RIDGE_FULL,R4_PXD017052_NSCLC:020-0075_Healthy:SP-003,32,0.015029325513196481,0.2596304701233987,0.30836870032483416,020-0075,DEFINED
SEQUENCE_RIDGE_FULL,R4_PXD017052_NSCLC:020-0075_Healthy:SP-006,34,0.2131398013750955,0.2479207985323822,0.29177038281877593,020-0075,DEFINED
SEQUENCE_RIDGE_FULL,R4_PXD017052_NSCLC:020-0075_Healthy:SP-007,29,0.3044334975369458,0.2522011206621794,0.2875852617042538,020-0075,DEFINED
SEQUENCE_RIDGE_FULL,R4_PXD017052_NSCLC:020-0075_Healthy:SP-333,20,-0.02706766917293233,0.27892955283500187,0.3163848889160475,020-0075,DEFINED
SEQUENCE_RIDGE_FULL,R4_PXD017052_NSCLC:020-0075_Healthy:SP-339,31,-0.008064516129032258,0.2628957562137583,0.30818846793846144,020-0075,DEFINED
SEQUENCE_RIDGE_FULL,R4_PXD017052_NSCLC:020-0076_Healthy:SP-003,32,0.0186950146627566,0.2664992953629428,0.30813587735118003,020-0076,DEFINED
SEQUENCE_RIDGE_FULL,R4_PXD017052_NSCLC:020-0076_Healthy:SP-006,32,0.21627565982404692,0.25184102654807106,0.29089756383051674,020-0076,DEFINED
SEQUENCE_RIDGE_FULL,R4_PXD017052_NSCLC:020-0076_Healthy:SP-007,30,0.34060066740823136,0.2478229263000073,0.28276198243495204,020-0076,DEFINED
SEQUENCE_RIDGE_FULL,R4_PXD017052_NSCLC:020-0076_Healthy:SP-333,21,0.05584415584415584,0.2758116427147228,0.3118279200539599,020-0076,DEFINED
SEQUENCE_RIDGE_FULL,R4_PXD017052_NSCLC:020-0076_Healthy:SP-339,30,-0.05806451612903226,0.2736852466268241,0.3149540438333401,020-0076,DEFINED
SEQUENCE_RIDGE_FULL,R4_PXD017052_NSCLC:020-0085_Healthy:SP-003,32,0.04288856304985337,0.26447982960083816,0.30597359909997496,020-0085,DEFINED
SEQUENCE_RIDGE_FULL,R4_PXD017052_NSCLC:020-0085_Healthy:SP-006,33,0.1711229946524064,0.25554283636189135,0.29508326999780343,020-0085,DEFINED
SEQUENCE_RIDGE_FULL,R4_PXD017052_NSCLC:020-0085_Healthy:SP-007,32,0.28775659824046923,0.2458601999796931,0.2865542907940186,020-0085,DEFINED
SEQUENCE_RIDGE_FULL,R4_PXD017052_NSCLC:020-0085_Healthy:SP-333,22,0.2230378317334839,0.2578652212837002,0.29834568984122267,020-0085,DEFINED
SEQUENCE_RIDGE_FULL,R4_PXD017052_NSCLC:020-0085_Healthy:SP-339,30,0.05717463848720801,0.26992982868147913,0.3059687479130395,020-0085,DEFINED
SEQUENCE_RIDGE_FULL,R4_PXD017052_NSCLC:020-0086_Healthy:SP-003,33,0.03542780748663102,0.26963472557435736,0.30685970174635246,020-0086,DEFINED
SEQUENCE_RIDGE_FULL,R4_PXD017052_NSCLC:020-0086_Healthy:SP-006,33,0.23963903743315507,0.24997256548493646,0.28914521120214653,020-0086,DEFINED
SEQUENCE_RIDGE_FULL,R4_PXD017052_NSCLC:020-0086_Healthy:SP-007,32,0.2925219941348974,0.248956519000535,0.2860001851804087,020-0086,DEFINED
SEQUENCE_RIDGE_FULL,R4_PXD017052_NSCLC:020-0086_Healthy:SP-333,19,0.24912280701754386,0.24945601004259008,0.29532334770510704,020-0086,DEFINED
SEQUENCE_RIDGE_FULL,R4_PXD017052_NSCLC:020-0086_Healthy:SP-339,31,-0.022983870967741935,0.27289205993148613,0.31130101822137185,020-0086,DEFINED
SEQUENCE_RIDGE_FULL,R4_PXD017052_NSCLC:020-0087_Healthy:SP-003,30,0.04471635150166852,0.2652868964242172,0.3072282236608593,020-0087,DEFINED
SEQUENCE_RIDGE_FULL,R4_PXD017052_NSCLC:020-0087_Healthy:SP-006,29,0.23251231527093597,0.25695188020370135,0.291934076368417,020-0087,DEFINED
SEQUENCE_RIDGE_FULL,R4_PXD017052_NSCLC:020-0087_Healthy:SP-007,27,0.2844932844932845,0.2513631476904401,0.2908057188292507,020-0087,DEFINED
SEQUENCE_RIDGE_FULL,R4_PXD017052_NSCLC:020-0087_Healthy:SP-333,13,-0.07142857142857142,0.27373380942570985,0.32386005517985256,020-0087,DEFINED
SEQUENCE_RIDGE_FULL,R4_PXD017052_NSCLC:020-0087_Healthy:SP-339,14,0.041758241758241756,0.2618699147892155,0.3170937314824536,020-0087,DEFINED
SEQUENCE_RIDGE_FULL,R4_PXD017052_NSCLC:020-0088_Healthy:SP-003,33,0.03342245989304813,0.25806049115714697,0.30600679326818775,020-0088,DEFINED
SEQUENCE_RIDGE_FULL,R4_PXD017052_NSCLC:020-0088_Healthy:SP-006,33,0.2510026737967914,0.25187140749382575,0.2891426216966776,020-0088,DEFINED
SEQUENCE_RIDGE_FULL,R4_PXD017052_NSCLC:020-0088_Healthy:SP-007,29,0.3443349753694581,0.2525258853043637,0.284585807650618,020-0088,DEFINED
SEQUENCE_RIDGE_FULL,R4_PXD017052_NSCLC:020-0088_Healthy:SP-333,28,0.12862616310892172,0.26094796607288906,0.3013904442111935,020-0088,DEFINED
SEQUENCE_RIDGE_FULL,R4_PXD017052_NSCLC:020-0088_Healthy:SP-339,29,0.14433497536945813,0.2641561946185494,0.29940571560347745,020-0088,DEFINED
SEQUENCE_RIDGE_FULL,R4_PXD017052_NSCLC:020-0090_Healthy:SP-003,31,0.053629032258064514,0.25368060583012,0.30512456884183925,020-0090,DEFINED
SEQUENCE_RIDGE_FULL,R4_PXD017052_NSCLC:020-0090_Healthy:SP-006,29,0.1438423645320197,0.262961927358489,0.299216595846492,020-0090,DEFINED
SEQUENCE_RIDGE_FULL,R4_PXD017052_NSCLC:020-0090_Healthy:SP-007,23,0.22529644268774704,0.25161585950436105,0.29808155682626647,020-0090,DEFINED
SEQUENCE_RIDGE_FULL,R4_PXD017052_NSCLC:020-0090_Healthy:SP-333,14,0.21318681318681318,0.2730557488154825,0.3054837799879192,020-0090,DEFINED
SEQUENCE_RIDGE_FULL,R4_PXD017052_NSCLC:020-0090_Healthy:SP-339,18,0.10835913312693499,0.25686030253317016,0.30674055731075656,020-0090,DEFINED
SEQUENCE_RIDGE_FULL,R4_PXD017052_NSCLC:020-0091_Healthy:SP-003,29,0.027586206896551724,0.2566217686788225,0.307321274338662,020-0091,DEFINED
SEQUENCE_RIDGE_FULL,R4_PXD017052_NSCLC:020-0091_Healthy:SP-006,21,0.24805194805194805,0.2612172390944231,0.29651121016934706,020-0091,DEFINED
SEQUENCE_RIDGE_FULL,R4_PXD017052_NSCLC:020-0091_Healthy:SP-007,20,0.26917293233082706,0.2517346997739268,0.2913264993871932,020-0091,DEFINED
SEQUENCE_RIDGE_FULL,R4_PXD017052_NSCLC:020-0091_Healthy:SP-333,12,-0.2867132867132867,0.2973713000998746,0.3488924734627674,020-0091,DEFINED
SEQUENCE_RIDGE_FULL,R4_PXD017052_NSCLC:020-0091_Healthy:SP-339,17,-0.07107843137254902,0.2702749814435257,0.3207580633329507,020-0091,DEFINED
SEQUENCE_RIDGE_FULL,R4_PXD017052_NSCLC:020-0092_Healthy:SP-003,32,-0.008064516129032258,0.26731310318522006,0.31109626416547503,020-0092,DEFINED
SEQUENCE_RIDGE_FULL,R4_PXD017052_NSCLC:020-0092_Healthy:SP-006,32,0.17851906158357772,0.2501863942486555,0.2935695305934435,020-0092,DEFINED
SEQUENCE_RIDGE_FULL,R4_PXD017052_NSCLC:020-0092_Healthy:SP-007,27,0.11660561660561661,0.2636862645521933,0.30147631211038545,020-0092,DEFINED
SEQUENCE_RIDGE_FULL,R4_PXD017052_NSCLC:020-0092_Healthy:SP-333,13,-0.2802197802197802,0.28517717545449195,0.3365986507021845,020-0092,DEFINED
SEQUENCE_RIDGE_FULL,R4_PXD017052_NSCLC:020-0092_Healthy:SP-339,23,0.18972332015810275,0.2505318217992121,0.2991120305269726,020-0092,DEFINED
SEQUENCE_RIDGE_FULL,R4_PXD017052_NSCLC:020-0096_Healthy:SP-003,32,-0.004765395894428153,0.2650046592810601,0.30951744371701645,020-0096,DEFINED
SEQUENCE_RIDGE_FULL,R4_PXD017052_NSCLC:020-0096_Healthy:SP-006,34,0.2904507257448434,0.24830366884697863,0.28519216311166823,020-0096,DEFINED
SEQUENCE_RIDGE_FULL,R4_PXD017052_NSCLC:020-0096_Healthy:SP-007,31,0.2532258064516129,0.2550554587428328,0.28917913242304877,020-0096,DEFINED
SEQUENCE_RIDGE_FULL,R4_PXD017052_NSCLC:020-0096_Healthy:SP-333,18,0.17647058823529413,0.24899609294216082,0.302445829112372,020-0096,DEFINED
SEQUENCE_RIDGE_FULL,R4_PXD017052_NSCLC:020-0096_Healthy:SP-339,30,-0.0055617352614015575,0.27287073055287814,0.31162692621133276,020-0096,DEFINED
SEQUENCE_RIDGE_FULL,R4_PXD017052_NSCLC:020-0097_Healthy:SP-003,32,0.06744868035190615,0.26266531195432063,0.30425702761391915,020-0097,DEFINED
SEQUENCE_RIDGE_FULL,R4_PXD017052_NSCLC:020-0097_Healthy:SP-006,32,0.22360703812316715,0.25068322948512267,0.29146131069634806,020-0097,DEFINED
SEQUENCE_RIDGE_FULL,R4_PXD017052_NSCLC:020-0097_Healthy:SP-007,29,0.38029556650246304,0.24764821973450754,0.282116963906311,020-0097,DEFINED
SEQUENCE_RIDGE_FULL,R4_PXD017052_NSCLC:020-0097_Healthy:SP-333,23,0.0029644268774703555,0.2691815274580003,0.3128672225827292,020-0097,DEFINED
SEQUENCE_RIDGE_FULL,R4_PXD017052_NSCLC:020-0097_Healthy:SP-339,27,0.115995115995116,0.26217849221626216,0.3028754058829343,020-0097,DEFINED
SEQUENCE_RIDGE_FULL,R4_PXD017052_NSCLC:020-0099_Healthy:SP-003,33,0.03643048128342246,0.26406815805571976,0.3062712993530814,020-0099,DEFINED
SEQUENCE_RIDGE_FULL,R4_PXD017052_NSCLC:020-0099_Healthy:SP-006,23,0.33794466403162055,0.25111060179308864,0.2888023270566943,020-0099,DEFINED
SEQUENCE_RIDGE_FULL,R4_PXD017052_NSCLC:020-0099_Healthy:SP-007,28,0.34428024083196496,0.2472221281305606,0.2847454100597389,020-0099,DEFINED
SEQUENCE_RIDGE_FULL,R4_PXD017052_NSCLC:020-0099_Healthy:SP-333,20,-0.22556390977443608,0.27468231868536847,0.3276169488455309,020-0099,DEFINED
SEQUENCE_RIDGE_FULL,R4_PXD017052_NSCLC:020-0099_Healthy:SP-339,30,0.0985539488320356,0.261747170644698,0.3028345611614563,020-0099,DEFINED
SEQUENCE_RIDGE_FULL,R4_PXD017052_NSCLC:020-0100_Healthy:SP-003,30,-0.08120133481646273,0.2730355484759892,0.31609660053234745,020-0100,DEFINED
SEQUENCE_RIDGE_FULL,R4_PXD017052_NSCLC:020-0100_Healthy:SP-006,29,0.14334975369458128,0.2539554447422735,0.3003342434871706,020-0100,DEFINED
SEQUENCE_RIDGE_FULL,R4_PXD017052_NSCLC:020-0100_Healthy:SP-007,21,0.17402597402597403,0.2515655305173666,0.3028667620970754,020-0100,DEFINED
SEQUENCE_RIDGE_FULL,R4_PXD017052_NSCLC:020-0100_Healthy:SP-339,15,-0.039285714285714285,0.2639587950818901,0.3186621804100606,020-0100,DEFINED
SEQUENCE_RIDGE_FULL,R4_PXD017052_NSCLC:021-0002_Early:SP-003,27,-0.08913308913308914,0.26357452293069333,0.3159957245685177,021-0002,DEFINED
SEQUENCE_RIDGE_FULL,R4_PXD017052_NSCLC:021-0002_Early:SP-006,20,0.21954887218045113,0.24780208175425583,0.29955438412327046,021-0002,DEFINED
SEQUENCE_RIDGE_FULL,R4_PXD017052_NSCLC:021-0002_Early:SP-007,14,0.08131868131868132,0.28551733210480107,0.3170718285375941,021-0002,DEFINED
SEQUENCE_RIDGE_FULL,R4_PXD017052_NSCLC:021-0002_Early:SP-333,11,0.19090909090909092,0.2770765575232945,0.31479700788233217,021-0002,DEFINED
SEQUENCE_RIDGE_FULL,R4_PXD017052_NSCLC:021-0004_Early:SP-003,21,-0.18051948051948052,0.28063909323411507,0.32700316114385486,021-0004,DEFINED
SEQUENCE_RIDGE_FULL,R4_PXD017052_NSCLC:021-0004_Early:SP-006,20,0.0481203007518797,0.26061224779915587,0.3123634575373404,021-0004,DEFINED
SEQUENCE_RIDGE_FULL,R4_PXD017052_NSCLC:021-0004_Early:SP-007,13,0.10989010989010989,0.27102783665621555,0.31211074879215717,021-0004,DEFINED
SEQUENCE_RIDGE_FULL,R4_PXD017052_NSCLC:021-0004_Early:SP-339,12,0.21678321678321677,0.2840577432528059,0.310794032631859,021-0004,DEFINED
SEQUENCE_RIDGE_FULL,R4_PXD017052_NSCLC:022-0004_Early:SP-003,30,-0.014905450500556174,0.27435692659649646,0.3121399031467348,022-0004,DEFINED
SEQUENCE_RIDGE_FULL,R4_PXD017052_NSCLC:022-0004_Early:SP-006,28,0.23864258347016967,0.253453344376539,0.2928858096332069,022-0004,DEFINED
SEQUENCE_RIDGE_FULL,R4_PXD017052_NSCLC:022-0004_Early:SP-007,24,0.38173913043478264,0.24062225764128894,0.28370053842785337,022-0004,DEFINED
SEQUENCE_RIDGE_FULL,R4_PXD017052_NSCLC:022-0004_Early:SP-333,10,-0.09090909090909091,0.3031959836326087,0.33336834898951573,022-0004,DEFINED
SEQUENCE_RIDGE_FULL,R4_PXD017052_NSCLC:022-0004_Early:SP-339,11,-0.3181818181818182,0.29796629779525063,0.35348255392318734,022-0004,DEFINED
SEQUENCE_RIDGE_FULL,R4_PXD017052_NSCLC:022-0010_Early:SP-003,22,-0.365330321852061,0.2825367887393982,0.3365301129429713,022-0010,DEFINED
SEQUENCE_RIDGE_FULL,R4_PXD017052_NSCLC:022-0010_Early:SP-006,21,0.34805194805194806,0.2364178778689684,0.291045623801863,022-0010,DEFINED
SEQUENCE_RIDGE_FULL,R4_PXD017052_NSCLC:022-0010_Early:SP-007,14,0.42417582417582417,0.23424942190260703,0.2856233162782899,022-0010,DEFINED
SEQUENCE_RIDGE_FULL,R4_PXD017052_NSCLC:022-0010_Early:SP-339,11,0.33636363636363636,0.24695308636822233,0.3049871027286488,022-0010,DEFINED
SEQUENCE_RIDGE_FULL,R4_PXD017052_NSCLC:022-0011_Early:SP-003,31,-0.04395161290322581,0.27013904943000683,0.3134409810311088,022-0011,DEFINED
SEQUENCE_RIDGE_FULL,R4_PXD017052_NSCLC:022-0011_Early:SP-006,30,0.09187986651835373,0.26853330707136813,0.3023445535369544,022-0011,DEFINED
SEQUENCE_RIDGE_FULL,R4_PXD017052_NSCLC:022-0011_Early:SP-007,27,0.23992673992673993,0.2486112762304827,0.2932057764986602,022-0011,DEFINED
SEQUENCE_RIDGE_FULL,R4_PXD017052_NSCLC:022-0011_Early:SP-333,17,-0.0857843137254902,0.2753693214959202,0.3204935682904022,022-0011,DEFINED
SEQUENCE_RIDGE_FULL,R4_PXD017052_NSCLC:022-0011_Early:SP-339,25,-0.018461538461538463,0.26695828064084004,0.3112015209819138,022-0011,DEFINED
SEQUENCE_RIDGE_FULL,R4_PXD017052_NSCLC:022-0013_Early:SP-003,29,-0.06699507389162561,0.2793957796477424,0.31793897811861194,022-0013,DEFINED
SEQUENCE_RIDGE_FULL,R4_PXD017052_NSCLC:022-0013_Early:SP-006,27,0.14590964590964592,0.255015658379649,0.30110331970064336,022-0013,DEFINED
SEQUENCE_RIDGE_FULL,R4_PXD017052_NSCLC:022-0013_Early:SP-007,17,0.2818627450980392,0.25455741087278466,0.29329562769600065,022-0013,DEFINED
SEQUENCE_RIDGE_FULL,R4_PXD017052_NSCLC:022-0013_Early:SP-333,13,-0.4010989010989011,0.31463737685633525,0.34825084136656964,022-0013,DEFINED
SEQUENCE_RIDGE_FULL,R4_PXD017052_NSCLC:022-0013_Early:SP-339,19,-0.021052631578947368,0.2750634317040055,0.3162645899045583,022-0013,DEFINED
SEQUENCE_RIDGE_FULL,R4_PXD017052_NSCLC:022-0014_Early:SP-003,31,0.11129032258064517,0.26965831940084795,0.3024271635137735,022-0014,DEFINED
SEQUENCE_RIDGE_FULL,R4_PXD017052_NSCLC:022-0014_Early:SP-006,23,0.3142292490118577,0.2540696945191386,0.29080116609065787,022-0014,DEFINED
SEQUENCE_RIDGE_FULL,R4_PXD017052_NSCLC:022-0014_Early:SP-007,23,0.31719367588932806,0.23918922031675088,0.2875166966905991,022-0014,DEFINED
SEQUENCE_RIDGE_FULL,R4_PXD017052_NSCLC:022-0014_Early:SP-333,12,-0.34265734265734266,0.30695013924899084,0.34582105819149356,022-0014,DEFINED
SEQUENCE_RIDGE_FULL,R4_PXD017052_NSCLC:022-0014_Early:SP-339,14,0.23516483516483516,0.26481308464108483,0.3073503776222195,022-0014,DEFINED
SEQUENCE_RIDGE_FULL,R4_PXD017052_NSCLC:022-0017_Early:SP-003,28,0.07060755336617405,0.25948146581045944,0.3040618210891482,022-0017,DEFINED
SEQUENCE_RIDGE_FULL,R4_PXD017052_NSCLC:022-0017_Early:SP-006,27,0.19352869352869354,0.2558535317281423,0.2976697938496494,022-0017,DEFINED
SEQUENCE_RIDGE_FULL,R4_PXD017052_NSCLC:022-0017_Early:SP-007,22,0.3145115753811406,0.25012307280828366,0.287316425510472,022-0017,DEFINED
SEQUENCE_RIDGE_FULL,R4_PXD017052_NSCLC:022-0017_Early:SP-339,16,0.23823529411764705,0.2467276974289332,0.29937506803103014,022-0017,DEFINED
SEQUENCE_RIDGE_FULL,R4_PXD017052_NSCLC:023-0001_Early:SP-003,32,0.1345307917888563,0.2629918669786486,0.3000736503958921,023-0001,DEFINED
SEQUENCE_RIDGE_FULL,R4_PXD017052_NSCLC:023-0001_Early:SP-006,31,0.21088709677419354,0.252363776267474,0.2932942418888038,023-0001,DEFINED
SEQUENCE_RIDGE_FULL,R4_PXD017052_NSCLC:023-0001_Early:SP-007,27,0.17277167277167277,0.2675933885382465,0.2987618198008318,023-0001,DEFINED
SEQUENCE_RIDGE_FULL,R4_PXD017052_NSCLC:023-0001_Early:SP-333,16,-0.11764705882352941,0.274472115202418,0.3221991246675438,023-0001,DEFINED
SEQUENCE_RIDGE_FULL,R4_PXD017052_NSCLC:023-0001_Early:SP-339,28,0.08538587848932677,0.2693630022139964,0.30712116484589586,023-0001,DEFINED
SEQUENCE_RIDGE_FULL,R4_PXD017052_NSCLC:023-0004_Early:SP-003,16,-0.14411764705882352,0.2997199780369111,0.32845170266895163,023-0004,DEFINED
SEQUENCE_RIDGE_FULL,R4_PXD017052_NSCLC:023-0004_Early:SP-006,17,0.15196078431372548,0.2595042527961449,0.30656707553073864,023-0004,DEFINED
SEQUENCE_RIDGE_FULL,R4_PXD017052_NSCLC:023-0004_Early:SP-007,15,-0.16428571428571428,0.2886132252792476,0.33153228945310353,023-0004,DEFINED
SEQUENCE_RIDGE_FULL,R4_PXD017052_NSCLC:023-0004_Early:SP-333,11,0.3181818181818182,0.2462974740260879,0.30465507017529037,023-0004,DEFINED
SEQUENCE_RIDGE_FULL,R4_PXD017052_NSCLC:024-0001_Early:SP-003,30,0.09187986651835373,0.26235323688630446,0.3044622536245007,024-0001,DEFINED
SEQUENCE_RIDGE_FULL,R4_PXD017052_NSCLC:024-0001_Early:SP-006,30,0.0914349276974416,0.26196165363075136,0.3024911154272017,024-0001,DEFINED
SEQUENCE_RIDGE_FULL,R4_PXD017052_NSCLC:024-0001_Early:SP-007,25,0.40615384615384614,0.2483120556653956,0.2815475125879392,024-0001,DEFINED
SEQUENCE_RIDGE_FULL,R4_PXD017052_NSCLC:024-0001_Early:SP-333,15,-0.4035714285714286,0.2996900033690905,0.3453161309328483,024-0001,DEFINED
SEQUENCE_RIDGE_FULL,R4_PXD017052_NSCLC:024-0001_Early:SP-339,17,0.2696078431372549,0.2530279831886964,0.2993892218665156,024-0001,DEFINED
SEQUENCE_RIDGE_FULL,R4_PXD017052_NSCLC:029-0004_Early:SP-003,32,0.004398826979472141,0.2637751795284374,0.30880420240779355,029-0004,DEFINED
SEQUENCE_RIDGE_FULL,R4_PXD017052_NSCLC:029-0004_Early:SP-006,34,0.28342245989304815,0.24970332972667802,0.28581877170112757,029-0004,DEFINED
SEQUENCE_RIDGE_FULL,R4_PXD017052_NSCLC:029-0004_Early:SP-007,32,0.3629032258064516,0.2530257765410662,0.2804852150691105,029-0004,DEFINED
SEQUENCE_RIDGE_FULL,R4_PXD017052_NSCLC:029-0004_Early:SP-333,18,-0.0196078431372549,0.2707629138917129,0.3151985893753424,029-0004,DEFINED
SEQUENCE_RIDGE_FULL,R4_PXD017052_NSCLC:029-0004_Early:SP-339,29,0.015270935960591134,0.26973594134533113,0.31102251497982386,029-0004,DEFINED
SEQUENCE_RIDGE_FULL,R4_PXD017052_NSCLC:029-0005_Early:SP-003,33,-0.00267379679144385,0.26016132524634317,0.3085131243476985,029-0005,DEFINED
SEQUENCE_RIDGE_FULL,R4_PXD017052_NSCLC:029-0005_Early:SP-006,34,0.24430863254392665,0.24970332972667808,0.28854643385420325,029-0005,DEFINED
SEQUENCE_RIDGE_FULL,R4_PXD017052_NSCLC:029-0005_Early:SP-007,32,0.2664956011730205,0.2530257765410663,0.28821219693778866,029-0005,DEFINED
SEQUENCE_RIDGE_FULL,R4_PXD017052_NSCLC:029-0005_Early:SP-333,22,-0.03670242800677583,0.2783095977865509,0.3180054531187146,029-0005,DEFINED
SEQUENCE_RIDGE_FULL,R4_PXD017052_NSCLC:029-0005_Early:SP-339,30,-0.06206896551724138,0.28003136912275,0.3155675988952291,029-0005,DEFINED
SEQUENCE_RIDGE_COMPOSITION_ONLY,R4_PXD017052_NSCLC:001-0010_Healthy:SP-003,33,-0.029745989304812835,0.2727191595831462,0.31655816873548204,001-0010,DEFINED
SEQUENCE_RIDGE_COMPOSITION_ONLY,R4_PXD017052_NSCLC:001-0010_Healthy:SP-006,34,0.20091673032849502,0.2585594663573501,0.29647796505261714,001-0010,DEFINED
SEQUENCE_RIDGE_COMPOSITION_ONLY,R4_PXD017052_NSCLC:001-0010_Healthy:SP-007,30,0.3481646273637375,0.25385439524662184,0.28455588456021047,001-0010,DEFINED
SEQUENCE_RIDGE_COMPOSITION_ONLY,R4_PXD017052_NSCLC:001-0010_Healthy:SP-333,18,0.12693498452012383,0.2584462121760789,0.31206797942804376,001-0010,DEFINED
SEQUENCE_RIDGE_COMPOSITION_ONLY,R4_PXD017052_NSCLC:001-0010_Healthy:SP-339,30,-0.006006674082313682,0.27489007547967187,0.3133152722138208,001-0010,DEFINED
SEQUENCE_RIDGE_COMPOSITION_ONLY,R4_PXD017052_NSCLC:001-0018_Early:SP-003,33,-0.08856951871657753,0.2754707597820637,0.3205085247889393,001-0018,DEFINED
SEQUENCE_RIDGE_COMPOSITION_ONLY,R4_PXD017052_NSCLC:001-0018_Early:SP-006,33,0.11731283422459893,0.26284520292926716,0.30195441589910993,001-0018,DEFINED
SEQUENCE_RIDGE_COMPOSITION_ONLY,R4_PXD017052_NSCLC:001-0018_Early:SP-007,32,0.23607038123167157,0.25379271188941116,0.29301279636572447,001-0018,DEFINED
SEQUENCE_RIDGE_COMPOSITION_ONLY,R4_PXD017052_NSCLC:001-0018_Early:SP-333,18,-0.09391124871001032,0.27470671839645483,0.3249422002224033,001-0018,DEFINED
SEQUENCE_RIDGE_COMPOSITION_ONLY,R4_PXD017052_NSCLC:001-0018_Early:SP-339,29,-0.08916256157635467,0.2819264803323094,0.320206261421329,001-0018,DEFINED
SEQUENCE_RIDGE_COMPOSITION_ONLY,R4_PXD017052_NSCLC:001-0025_Healthy:SP-003,31,0.10846774193548388,0.2609542915139631,0.30540397574663775,001-0025,DEFINED
SEQUENCE_RIDGE_COMPOSITION_ONLY,R4_PXD017052_NSCLC:001-0025_Healthy:SP-006,33,0.2820855614973262,0.2536302851510053,0.28958659727225483,001-0025,DEFINED
SEQUENCE_RIDGE_COMPOSITION_ONLY,R4_PXD017052_NSCLC:001-0025_Healthy:SP-007,30,0.24315906562847608,0.24676812435548,0.2926629099842244,001-0025,DEFINED
SEQUENCE_RIDGE_COMPOSITION_ONLY,R4_PXD017052_NSCLC:001-0025_Healthy:SP-333,16,0.07941176470588235,0.2615483132783029,0.31323079766165096,001-0025,DEFINED
SEQUENCE_RIDGE_COMPOSITION_ONLY,R4_PXD017052_NSCLC:001-0025_Healthy:SP-339,29,0.03694581280788178,0.2658408882082571,0.3112338650999417,001-0025,DEFINED
SEQUENCE_RIDGE_COMPOSITION_ONLY,R4_PXD017052_NSCLC:001-0031_Healthy:SP-003,31,-0.1439516129032258,0.2780599554463164,0.32491568910171564,001-0031,DEFINED
SEQUENCE_RIDGE_COMPOSITION_ONLY,R4_PXD017052_NSCLC:001-0031_Healthy:SP-006,29,0.1807881773399015,0.2586418876036246,0.2964054725544084,001-0031,DEFINED
SEQUENCE_RIDGE_COMPOSITION_ONLY,R4_PXD017052_NSCLC:001-0031_Healthy:SP-007,28,0.20744389709906952,0.2575883930657945,0.29683091336455025,001-0031,DEFINED
SEQUENCE_RIDGE_COMPOSITION_ONLY,R4_PXD017052_NSCLC:001-0031_Healthy:SP-333,16,-0.10294117647058823,0.2677355657537928,0.3310707139911164,001-0031,DEFINED
SEQUENCE_RIDGE_COMPOSITION_ONLY,R4_PXD017052_NSCLC:001-0031_Healthy:SP-339,24,-0.07304347826086957,0.27772008581526014,0.3179676277756521,001-0031,DEFINED
SEQUENCE_RIDGE_COMPOSITION_ONLY,R4_PXD017052_NSCLC:001-0033_Healthy:SP-003,31,-0.06935483870967742,0.28091970234935937,0.31949852725022165,001-0033,DEFINED
SEQUENCE_RIDGE_COMPOSITION_ONLY,R4_PXD017052_NSCLC:001-0033_Healthy:SP-006,33,0.1627673796791444,0.2607376820072654,0.2997777491619068,001-0033,DEFINED
SEQUENCE_RIDGE_COMPOSITION_ONLY,R4_PXD017052_NSCLC:001-0033_Healthy:SP-007,32,0.25806451612903225,0.25019952958805225,0.29104582431487647,001-0033,DEFINED
SEQUENCE_RIDGE_COMPOSITION_ONLY,R4_PXD017052_NSCLC:001-0033_Healthy:SP-333,17,0.14705882352941177,0.2585130168883717,0.309409809914017,001-0033,DEFINED
SEQUENCE_RIDGE_COMPOSITION_ONLY,R4_PXD017052_NSCLC:001-0033_Healthy:SP-339,29,-0.022167487684729065,0.27642583547699123,0.3156810420916647,001-0033,DEFINED
SEQUENCE_RIDGE_COMPOSITION_ONLY,R4_PXD017052_NSCLC:001-0035_Healthy:SP-003,33,0.03208556149732621,0.261235041306494,0.3106025117739925,001-0035,DEFINED
SEQUENCE_RIDGE_COMPOSITION_ONLY,R4_PXD017052_NSCLC:001-0035_Healthy:SP-006,30,0.11546162402669632,0.26178653267796764,0.3042983151607188,001-0035,DEFINED
SEQUENCE_RIDGE_COMPOSITION_ONLY,R4_PXD017052_NSCLC:001-0035_Healthy:SP-007,29,0.30295566502463056,0.25628594574079994,0.286723453277464,001-0035,DEFINED
SEQUENCE_RIDGE_COMPOSITION_ONLY,R4_PXD017052_NSCLC:001-0035_Healthy:SP-333,18,-0.13312693498452013,0.27350792123794854,0.3308101414360565,001-0035,DEFINED
SEQUENCE_RIDGE_COMPOSITION_ONLY,R4_PXD017052_NSCLC:001-0035_Healthy:SP-339,28,0.07115489874110564,0.2700098291498908,0.3094337250606905,001-0035,DEFINED
SEQUENCE_RIDGE_COMPOSITION_ONLY,R4_PXD017052_NSCLC:001-0040_Early:SP-003,33,-0.04478609625668449,0.27052925235810577,0.3171388125556413,001-0040,DEFINED
SEQUENCE_RIDGE_COMPOSITION_ONLY,R4_PXD017052_NSCLC:001-0040_Early:SP-006,33,0.12901069518716576,0.25988100971818573,0.3022481867204831,001-0040,DEFINED
SEQUENCE_RIDGE_COMPOSITION_ONLY,R4_PXD017052_NSCLC:001-0040_Early:SP-007,31,0.21411290322580645,0.24933271014891945,0.2961665772666344,001-0040,DEFINED
SEQUENCE_RIDGE_COMPOSITION_ONLY,R4_PXD017052_NSCLC:001-0040_Early:SP-333,21,0.011688311688311689,0.2743528042981128,0.31620450237697284,001-0040,DEFINED
SEQUENCE_RIDGE_COMPOSITION_ONLY,R4_PXD017052_NSCLC:001-0040_Early:SP-339,28,-0.0005473453749315818,0.2696942019959547,0.31374177182357454,001-0040,DEFINED
SEQUENCE_RIDGE_COMPOSITION_ONLY,R4_PXD017052_NSCLC:001-0041_Healthy:SP-003,32,0.04655425219941349,0.2635140297482267,0.3100075809918025,001-0041,DEFINED
SEQUENCE_RIDGE_COMPOSITION_ONLY,R4_PXD017052_NSCLC:001-0041_Healthy:SP-006,31,0.1721774193548387,0.2580091259442266,0.2983106024139428,001-0041,DEFINED
SEQUENCE_RIDGE_COMPOSITION_ONLY,R4_PXD017052_NSCLC:001-0041_Healthy:SP-007,31,0.20483870967741935,0.25598855640326135,0.2964525922046711,001-0041,DEFINED
SEQUENCE_RIDGE_COMPOSITION_ONLY,R4_PXD017052_NSCLC:001-0041_Healthy:SP-333,16,0.1588235294117647,0.273596443412603,0.3136745340640301,001-0041,DEFINED
SEQUENCE_RIDGE_COMPOSITION_ONLY,R4_PXD017052_NSCLC:001-0041_Healthy:SP-339,29,-0.030541871921182268,0.2673591745132052,0.31544269558329613,001-0041,DEFINED
SEQUENCE_RIDGE_COMPOSITION_ONLY,R4_PXD017052_NSCLC:001-0044_Healthy:SP-003,32,-0.11473607038123167,0.2799254886557817,0.32255105154393854,001-0044,DEFINED
SEQUENCE_RIDGE_COMPOSITION_ONLY,R4_PXD017052_NSCLC:001-0044_Healthy:SP-006,34,0.15294117647058825,0.2561051996756412,0.29934623998376464,001-0044,DEFINED
SEQUENCE_RIDGE_COMPOSITION_ONLY,R4_PXD017052_NSCLC:001-0044_Healthy:SP-007,26,0.19247863247863248,0.2591040866017712,0.3005249751454742,001-0044,DEFINED
SEQUENCE_RIDGE_COMPOSITION_ONLY,R4_PXD017052_NSCLC:001-0044_Healthy:SP-333,16,0.31176470588235294,0.26904830575188865,0.29870939092802723,001-0044,DEFINED
SEQUENCE_RIDGE_COMPOSITION_ONLY,R4_PXD017052_NSCLC:001-0044_Healthy:SP-339,25,0.01,0.26425136552059364,0.3137390623033581,001-0044,DEFINED
SEQUENCE_RIDGE_COMPOSITION_ONLY,R4_PXD017052_NSCLC:001-0048_Early:SP-003,32,-0.015029325513196481,0.26775200872326793,0.3153066664478195,001-0048,DEFINED
SEQUENCE_RIDGE_COMPOSITION_ONLY,R4_PXD017052_NSCLC:001-0048_Early:SP-006,29,0.07881773399014778,0.2684794903493816,0.3055154858643285,001-0048,DEFINED
SEQUENCE_RIDGE_COMPOSITION_ONLY,R4_PXD017052_NSCLC:001-0048_Early:SP-007,28,0.2939244663382594,0.25584924685334254,0.2898036257518169,001-0048,DEFINED
SEQUENCE_RIDGE_COMPOSITION_ONLY,R4_PXD017052_NSCLC:001-0048_Early:SP-333,16,-0.12352941176470589,0.2635437845074951,0.32991770203316495,001-0048,DEFINED
SEQUENCE_RIDGE_COMPOSITION_ONLY,R4_PXD017052_NSCLC:001-0048_Early:SP-339,30,-0.004226918798665183,0.27057226939550455,0.31466421983623205,001-0048,DEFINED
SEQUENCE_RIDGE_COMPOSITION_ONLY,R4_PXD017052_NSCLC:001-0051_Healthy:SP-003,33,-0.1768048128342246,0.2777540396426522,0.3272298768401061,001-0051,DEFINED
SEQUENCE_RIDGE_COMPOSITION_ONLY,R4_PXD017052_NSCLC:001-0051_Healthy:SP-006,34,0.2055003819709702,0.2525401372870494,0.2961176297332301,001-0051,DEFINED
SEQUENCE_RIDGE_COMPOSITION_ONLY,R4_PXD017052_NSCLC:001-0051_Healthy:SP-007,32,0.08284457478005865,0.26346581763385024,0.30614796509177805,001-0051,DEFINED
SEQUENCE_RIDGE_COMPOSITION_ONLY,R4_PXD017052_NSCLC:001-0051_Healthy:SP-333,25,0.07461538461538461,0.2689872092913148,0.31053248225589736,001-0051,DEFINED
SEQUENCE_RIDGE_COMPOSITION_ONLY,R4_PXD017052_NSCLC:001-0051_Healthy:SP-339,32,-0.25476539589442815,0.2864509273209298,0.3323628652611557,001-0051,DEFINED
SEQUENCE_RIDGE_COMPOSITION_ONLY,R4_PXD017052_NSCLC:001-0052_Healthy:SP-003,32,-0.036656891495601175,0.27089037420088175,0.3161149387983042,001-0052,DEFINED
SEQUENCE_RIDGE_COMPOSITION_ONLY,R4_PXD017052_NSCLC:001-0052_Healthy:SP-006,31,0.12298387096774194,0.26424934951980833,0.3020195252360604,001-0052,DEFINED
SEQUENCE_RIDGE_COMPOSITION_ONLY,R4_PXD017052_NSCLC:001-0052_Healthy:SP-007,26,0.28478632478632476,0.25337117526466824,0.29127603445445577,001-0052,DEFINED
SEQUENCE_RIDGE_COMPOSITION_ONLY,R4_PXD017052_NSCLC:001-0052_Healthy:SP-333,15,0.10357142857142858,0.27778816936173245,0.3173578375735925,001-0052,DEFINED
SEQUENCE_RIDGE_COMPOSITION_ONLY,R4_PXD017052_NSCLC:001-0052_Healthy:SP-339,27,0.05555555555555555,0.24957105605330676,0.30919347590854523,001-0052,DEFINED
SEQUENCE_RIDGE_COMPOSITION_ONLY,R4_PXD017052_NSCLC:001-0057_Healthy:SP-003,32,0.004765395894428153,0.2746493405764553,0.3132342846043173,001-0057,DEFINED
SEQUENCE_RIDGE_COMPOSITION_ONLY,R4_PXD017052_NSCLC:001-0057_Healthy:SP-006,33,0.14204545454545456,0.26115188782335524,0.2999433451039659,001-0057,DEFINED
SEQUENCE_RIDGE_COMPOSITION_ONLY,R4_PXD017052_NSCLC:001-0057_Healthy:SP-007,29,0.07586206896551724,0.2617484801854644,0.3077598616774965,001-0057,DEFINED
SEQUENCE_RIDGE_COMPOSITION_ONLY,R4_PXD017052_NSCLC:001-0057_Healthy:SP-333,17,-0.2818627450980392,0.2876926103268863,0.3369370182333982,001-0057,DEFINED
SEQUENCE_RIDGE_COMPOSITION_ONLY,R4_PXD017052_NSCLC:001-0057_Healthy:SP-339,28,-0.037219485495347565,0.26463436431732695,0.31351192967421904,001-0057,DEFINED
SEQUENCE_RIDGE_COMPOSITION_ONLY,R4_PXD017052_NSCLC:001-0060_Healthy:SP-003,31,0.03064516129032258,0.26279569616028053,0.30988711083427284,001-0060,DEFINED
SEQUENCE_RIDGE_COMPOSITION_ONLY,R4_PXD017052_NSCLC:001-0060_Healthy:SP-006,34,0.2183346065699007,0.25515414452662843,0.294451611251418,001-0060,DEFINED
SEQUENCE_RIDGE_COMPOSITION_ONLY,R4_PXD017052_NSCLC:001-0060_Healthy:SP-007,27,0.2271062271062271,0.26010563955265514,0.2958711585216553,001-0060,DEFINED
SEQUENCE_RIDGE_COMPOSITION_ONLY,R4_PXD017052_NSCLC:001-0060_Healthy:SP-333,14,0.1076923076923077,0.30210264132327175,0.31977056199917836,001-0060,DEFINED
SEQUENCE_RIDGE_COMPOSITION_ONLY,R4_PXD017052_NSCLC:001-0060_Healthy:SP-339,30,0.05539488320355951,0.2649738608663797,0.3061520658383817,001-0060,DEFINED
SEQUENCE_RIDGE_COMPOSITION_ONLY,R4_PXD017052_NSCLC:001-0061_Healthy:SP-003,31,0.10483870967741936,0.260734445022777,0.3046426420114927,001-0061,DEFINED
SEQUENCE_RIDGE_COMPOSITION_ONLY,R4_PXD017052_NSCLC:001-0061_Healthy:SP-006,28,0.1625615763546798,0.26241904096030877,0.3007206825188574,001-0061,DEFINED
SEQUENCE_RIDGE_COMPOSITION_ONLY,R4_PXD017052_NSCLC:001-0061_Healthy:SP-007,24,0.16521739130434782,0.26162049989097635,0.3023898321848591,001-0061,DEFINED
SEQUENCE_RIDGE_COMPOSITION_ONLY,R4_PXD017052_NSCLC:001-0061_Healthy:SP-333,13,0.15384615384615385,0.284309317466949,0.31392727647353025,001-0061,DEFINED
SEQUENCE_RIDGE_COMPOSITION_ONLY,R4_PXD017052_NSCLC:001-0061_Healthy:SP-339,20,0.006015037593984963,0.27718614636664535,0.3215447222495055,001-0061,DEFINED
SEQUENCE_RIDGE_COMPOSITION_ONLY,R4_PXD017052_NSCLC:001-0062_Healthy:SP-003,31,-0.038306451612903226,0.2696115477345018,0.31569741612185953,001-0062,DEFINED
SEQUENCE_RIDGE_COMPOSITION_ONLY,R4_PXD017052_NSCLC:001-0062_Healthy:SP-006,34,0.21680672268907564,0.25247535093703943,0.29478875171763896,001-0062,DEFINED
SEQUENCE_RIDGE_COMPOSITION_ONLY,R4_PXD017052_NSCLC:001-0062_Healthy:SP-007,31,0.12661290322580646,0.2522926059674598,0.3012891802207349,001-0062,DEFINED
SEQUENCE_RIDGE_COMPOSITION_ONLY,R4_PXD017052_NSCLC:001-0062_Healthy:SP-333,14,-0.2835164835164835,0.2996046015288753,0.3443484724149742,001-0062,DEFINED
SEQUENCE_RIDGE_COMPOSITION_ONLY,R4_PXD017052_NSCLC:001-0062_Healthy:SP-339,23,0.0533596837944664,0.26607672573438673,0.31127814738123627,001-0062,DEFINED
SEQUENCE_RIDGE_COMPOSITION_ONLY,R4_PXD017052_NSCLC:001-0066_Healthy:SP-003,33,0.030080213903743314,0.2632494626134492,0.3104503729145704,001-0066,DEFINED
SEQUENCE_RIDGE_COMPOSITION_ONLY,R4_PXD017052_NSCLC:001-0066_Healthy:SP-006,34,0.2424751718869366,0.25470362859690404,0.2916379585428601,001-0066,DEFINED
SEQUENCE_RIDGE_COMPOSITION_ONLY,R4_PXD017052_NSCLC:001-0066_Healthy:SP-007,26,0.24444444444444444,0.26856425058200306,0.29282224759369135,001-0066,DEFINED
SEQUENCE_RIDGE_COMPOSITION_ONLY,R4_PXD017052_NSCLC:001-0066_Healthy:SP-333,15,0.06428571428571428,0.278204106513817,0.31755190778050474,001-0066,DEFINED
SEQUENCE_RIDGE_COMPOSITION_ONLY,R4_PXD017052_NSCLC:001-0066_Healthy:SP-339,29,-0.16748768472906403,0.276903569166284,0.32749148443678205,001-0066,DEFINED
SEQUENCE_RIDGE_COMPOSITION_ONLY,R4_PXD017052_NSCLC:001-0068_Early:SP-003,31,0.004435483870967742,0.27255488097993325,0.3132300424318211,001-0068,DEFINED
SEQUENCE_RIDGE_COMPOSITION_ONLY,R4_PXD017052_NSCLC:001-0068_Early:SP-006,28,0.09523809523809523,0.2636730576733905,0.30575758442742756,001-0068,DEFINED
SEQUENCE_RIDGE_COMPOSITION_ONLY,R4_PXD017052_NSCLC:001-0068_Early:SP-007,21,0.2714285714285714,0.2420535548275194,0.2900939341981156,001-0068,DEFINED
SEQUENCE_RIDGE_COMPOSITION_ONLY,R4_PXD017052_NSCLC:001-0068_Early:SP-333,14,0.23076923076923078,0.2731805554366795,0.3086790329880882,001-0068,DEFINED
SEQUENCE_RIDGE_COMPOSITION_ONLY,R4_PXD017052_NSCLC:001-0068_Early:SP-339,21,0.1038961038961039,0.25789753981579794,0.3077359255641558,001-0068,DEFINED
SEQUENCE_RIDGE_COMPOSITION_ONLY,R4_PXD017052_NSCLC:003-0004_Early:SP-003,17,-0.30637254901960786,0.2886701747473821,0.33897940391696585,003-0004,DEFINED
SEQUENCE_RIDGE_COMPOSITION_ONLY,R4_PXD017052_NSCLC:003-0004_Early:SP-006,14,0.13406593406593406,0.2690034936529571,0.3088324030605002,003-0004,DEFINED
SEQUENCE_RIDGE_COMPOSITION_ONLY,R4_PXD017052_NSCLC:003-0004_Early:SP-007,12,-0.08391608391608392,0.2861209107004356,0.32627748864505696,003-0004,DEFINED
SEQUENCE_RIDGE_COMPOSITION_ONLY,R4_PXD017052_NSCLC:003-0006_Early:SP-003,32,0.08174486803519061,0.27061708251193917,0.30679534744193016,003-0006,DEFINED
SEQUENCE_RIDGE_COMPOSITION_ONLY,R4_PXD017052_NSCLC:003-0006_Early:SP-006,25,0.1946153846153846,0.24915643948541746,0.2951311585767923,003-0006,DEFINED
SEQUENCE_RIDGE_COMPOSITION_ONLY,R4_PXD017052_NSCLC:003-0006_Early:SP-007,28,0.18281335522714834,0.2544198345723671,0.29659322846562813,003-0006,DEFINED
SEQUENCE_RIDGE_COMPOSITION_ONLY,R4_PXD017052_NSCLC:003-0006_Early:SP-333,16,-0.27941176470588236,0.3000156190467197,0.33874201593187003,003-0006,DEFINED
SEQUENCE_RIDGE_COMPOSITION_ONLY,R4_PXD017052_NSCLC:003-0006_Early:SP-339,29,0.027093596059113302,0.2711591625633884,0.31099535184947813,003-0006,DEFINED
SEQUENCE_RIDGE_COMPOSITION_ONLY,R4_PXD017052_NSCLC:004-0003_Healthy:SP-003,33,-0.008355614973262033,0.2608129264654152,0.3135591724184184,004-0003,DEFINED
SEQUENCE_RIDGE_COMPOSITION_ONLY,R4_PXD017052_NSCLC:004-0003_Healthy:SP-006,23,0.07806324110671936,0.27381042065888306,0.30878173293433453,004-0003,DEFINED
SEQUENCE_RIDGE_COMPOSITION_ONLY,R4_PXD017052_NSCLC:004-0003_Healthy:SP-007,29,0.36305418719211824,0.24865231886409833,0.28386136841194587,004-0003,DEFINED
SEQUENCE_RIDGE_COMPOSITION_ONLY,R4_PXD017052_NSCLC:004-0003_Healthy:SP-333,18,0.1867905056759546,0.2607944714260071,0.3068790256130083,004-0003,DEFINED
SEQUENCE_RIDGE_COMPOSITION_ONLY,R4_PXD017052_NSCLC:004-0003_Healthy:SP-339,30,0.08209121245828699,0.25894761747385087,0.3044406683207106,004-0003,DEFINED
SEQUENCE_RIDGE_COMPOSITION_ONLY,R4_PXD017052_NSCLC:005-0002_Early:SP-003,30,0.014460511679644048,0.2680210468402136,0.31059253034792883,005-0002,DEFINED
SEQUENCE_RIDGE_COMPOSITION_ONLY,R4_PXD017052_NSCLC:005-0002_Early:SP-006,27,0.10256410256410256,0.26186622885893157,0.3023156524164235,005-0002,DEFINED
SEQUENCE_RIDGE_COMPOSITION_ONLY,R4_PXD017052_NSCLC:005-0002_Early:SP-007,23,0.39031620553359686,0.24001852766218196,0.2790769832365444,005-0002,DEFINED
SEQUENCE_RIDGE_COMPOSITION_ONLY,R4_PXD017052_NSCLC:005-0002_Early:SP-333,13,0.14285714285714285,0.2692576241520945,0.31530228548648137,005-0002,DEFINED
SEQUENCE_RIDGE_COMPOSITION_ONLY,R4_PXD017052_NSCLC:005-0002_Early:SP-339,22,-0.05815923207227555,0.27230243024239154,0.31721380721169085,005-0002,DEFINED
SEQUENCE_RIDGE_COMPOSITION_ONLY,R4_PXD017052_NSCLC:005-0018_Early:SP-003,33,0.02540106951871658,0.2691464179808388,0.311215886853122,005-0018,DEFINED
SEQUENCE_RIDGE_COMPOSITION_ONLY,R4_PXD017052_NSCLC:005-0018_Early:SP-006,33,0.1751336898395722,0.25988100971818573,0.29777260912888404,005-0018,DEFINED
SEQUENCE_RIDGE_COMPOSITION_ONLY,R4_PXD017052_NSCLC:005-0018_Early:SP-007,32,0.2532991202346041,0.252340216655795,0.29148777941722126,005-0018,DEFINED
SEQUENCE_RIDGE_COMPOSITION_ONLY,R4_PXD017052_NSCLC:005-0018_Early:SP-333,30,0.07630700778642936,0.25934917787940953,0.3052607365652606,005-0018,DEFINED
SEQUENCE_RIDGE_COMPOSITION_ONLY,R4_PXD017052_NSCLC:005-0018_Early:SP-339,31,0.04879032258064516,0.2679966582049291,0.30958441284425176,005-0018,DEFINED
SEQUENCE_RIDGE_COMPOSITION_ONLY,R4_PXD017052_NSCLC:005-0019_Early:SP-003,32,-0.005865102639296188,0.2768063156286594,0.3142746742122711,005-0019,DEFINED
SEQUENCE_RIDGE_COMPOSITION_ONLY,R4_PXD017052_NSCLC:005-0019_Early:SP-006,30,0.12436040044493882,0.26319310460043516,0.3024743115014354,005-0019,DEFINED
SEQUENCE_RIDGE_COMPOSITION_ONLY,R4_PXD017052_NSCLC:005-0019_Early:SP-007,29,0.11625615763546798,0.2666239716761453,0.3028157686456653,005-0019,DEFINED
SEQUENCE_RIDGE_COMPOSITION_ONLY,R4_PXD017052_NSCLC:005-0019_Early:SP-333,16,0.2676470588235294,0.26492019028232006,0.30584500791745706,005-0019,DEFINED
SEQUENCE_RIDGE_COMPOSITION_ONLY,R4_PXD017052_NSCLC:005-0019_Early:SP-339,27,-0.115995115995116,0.26671928752758195,0.32157895122902314,005-0019,DEFINED
SEQUENCE_RIDGE_COMPOSITION_ONLY,R4_PXD017052_NSCLC:005-0020_Early:SP-003,23,-0.17588932806324112,0.2741133554906897,0.32627591101525877,005-0020,DEFINED
SEQUENCE_RIDGE_COMPOSITION_ONLY,R4_PXD017052_NSCLC:005-0020_Early:SP-006,21,0.22987012987012986,0.24600971328396523,0.29653640297249895,005-0020,DEFINED
SEQUENCE_RIDGE_COMPOSITION_ONLY,R4_PXD017052_NSCLC:005-0020_Early:SP-007,16,-0.08235294117647059,0.2751357786481371,0.31647248920281107,005-0020,DEFINED
SEQUENCE_RIDGE_COMPOSITION_ONLY,R4_PXD017052_NSCLC:005-0020_Early:SP-333,11,-0.09090909090909091,0.29302183125474685,0.33986077250481395,005-0020,DEFINED
SEQUENCE_RIDGE_COMPOSITION_ONLY,R4_PXD017052_NSCLC:005-0020_Early:SP-339,11,-0.5272727272727272,0.3250107071549333,0.36098770612959014,005-0020,DEFINED
SEQUENCE_RIDGE_COMPOSITION_ONLY,R4_PXD017052_NSCLC:005-0024_Early:SP-003,31,-0.016935483870967744,0.27945532787000565,0.3137237422915947,005-0024,DEFINED
SEQUENCE_RIDGE_COMPOSITION_ONLY,R4_PXD017052_NSCLC:005-0024_Early:SP-006,28,-0.0180623973727422,0.26007121112531795,0.3129840039301605,005-0024,DEFINED
SEQUENCE_RIDGE_COMPOSITION_ONLY,R4_PXD017052_NSCLC:005-0024_Early:SP-007,20,0.06015037593984962,0.2651791905722665,0.307953497821673,005-0024,DEFINED
SEQUENCE_RIDGE_COMPOSITION_ONLY,R4_PXD017052_NSCLC:005-0024_Early:SP-333,11,-0.2727272727272727,0.32405370395875915,0.35819179494062764,005-0024,DEFINED
SEQUENCE_RIDGE_COMPOSITION_ONLY,R4_PXD017052_NSCLC:005-0024_Early:SP-339,23,-0.2183794466403162,0.2780312724492527,0.3262276624679204,005-0024,DEFINED
SEQUENCE_RIDGE_COMPOSITION_ONLY,R4_PXD017052_NSCLC:005-0029_Early:SP-003,33,0.08355614973262032,0.2624283212100594,0.30609007251040377,005-0029,DEFINED
SEQUENCE_RIDGE_COMPOSITION_ONLY,R4_PXD017052_NSCLC:005-0029_Early:SP-006,33,0.18983957219251338,0.2536302851510053,0.2975023004313592,005-0029,DEFINED
SEQUENCE_RIDGE_COMPOSITION_ONLY,R4_PXD017052_NSCLC:005-0029_Early:SP-007,28,0.28078817733990147,0.24156412366453178,0.2883497963346165,005-0029,DEFINED
SEQUENCE_RIDGE_COMPOSITION_ONLY,R4_PXD017052_NSCLC:005-0029_Early:SP-333,14,0.18681318681318682,0.28147727029958786,0.30779287235795033,005-0029,DEFINED
SEQUENCE_RIDGE_COMPOSITION_ONLY,R4_PXD017052_NSCLC:005-0029_Early:SP-339,30,-0.06295884315906562,0.2750975643737415,0.31632824324358877,005-0029,DEFINED
SEQUENCE_RIDGE_COMPOSITION_ONLY,R4_PXD017052_NSCLC:005-0032_Early:SP-003,32,0.04142228739002932,0.2685068288033977,0.3104347694106502,005-0032,DEFINED
SEQUENCE_RIDGE_COMPOSITION_ONLY,R4_PXD017052_NSCLC:005-0032_Early:SP-006,32,0.17705278592375367,0.25898611150488354,0.2974549243330287,005-0032,DEFINED
SEQUENCE_RIDGE_COMPOSITION_ONLY,R4_PXD017052_NSCLC:005-0032_Early:SP-007,29,0.06600985221674877,0.25998327486695266,0.3079384939027839,005-0032,DEFINED
SEQUENCE_RIDGE_COMPOSITION_ONLY,R4_PXD017052_NSCLC:005-0032_Early:SP-333,18,-0.12899896800825594,0.2711957054742648,0.32900281695426803,005-0032,DEFINED
SEQUENCE_RIDGE_COMPOSITION_ONLY,R4_PXD017052_NSCLC:005-0032_Early:SP-339,29,0.04827586206896552,0.26099193491431144,0.30806809014022357,005-0032,DEFINED
SEQUENCE_RIDGE_COMPOSITION_ONLY,R4_PXD017052_NSCLC:005-0033_Early:SP-003,31,-0.018145161290322582,0.28091970234935937,0.3151249293264819,005-0033,DEFINED
SEQUENCE_RIDGE_COMPOSITION_ONLY,R4_PXD017052_NSCLC:005-0033_Early:SP-006,34,0.19663865546218487,0.2553630152521065,0.2965995390253285,005-0033,DEFINED
SEQUENCE_RIDGE_COMPOSITION_ONLY,R4_PXD017052_NSCLC:005-0033_Early:SP-007,27,0.27350427350427353,0.2539717635042593,0.2908754153784233,005-0033,DEFINED
SEQUENCE_RIDGE_COMPOSITION_ONLY,R4_PXD017052_NSCLC:005-0033_Early:SP-333,16,0.18235294117647058,0.2766163680885202,0.3067424338062115,005-0033,DEFINED
SEQUENCE_RIDGE_COMPOSITION_ONLY,R4_PXD017052_NSCLC:005-0033_Early:SP-339,25,-0.040769230769230766,0.2749525692675925,0.3182370623718009,005-0033,DEFINED
SEQUENCE_RIDGE_COMPOSITION_ONLY,R4_PXD017052_NSCLC:005-0041_Early:SP-003,33,0.0661764705882353,0.2582558913899543,0.30787784315940603,005-0041,DEFINED
SEQUENCE_RIDGE_COMPOSITION_ONLY,R4_PXD017052_NSCLC:005-0041_Early:SP-006,32,0.22250733137829912,0.2569699824726255,0.2941767823977255,005-0041,DEFINED
SEQUENCE_RIDGE_COMPOSITION_ONLY,R4_PXD017052_NSCLC:005-0041_Early:SP-007,31,0.2153225806451613,0.259082023642857,0.29469219207957137,005-0041,DEFINED
SEQUENCE_RIDGE_COMPOSITION_ONLY,R4_PXD017052_NSCLC:005-0041_Early:SP-333,17,0.2181372549019608,0.2571728275043155,0.30070217282398215,005-0041,DEFINED
SEQUENCE_RIDGE_COMPOSITION_ONLY,R4_PXD017052_NSCLC:005-0041_Early:SP-339,31,-0.03346774193548387,0.2803087683332259,0.3161557411226486,005-0041,DEFINED
SEQUENCE_RIDGE_COMPOSITION_ONLY,R4_PXD017052_NSCLC:005-0051_Early:SP-003,32,-0.02346041055718475,0.2746493405764553,0.31523763895809215,005-0051,DEFINED
SEQUENCE_RIDGE_COMPOSITION_ONLY,R4_PXD017052_NSCLC:005-0051_Early:SP-006,30,0.07897664071190211,0.2601990879027147,0.3068685442263741,005-0051,DEFINED
SEQUENCE_RIDGE_COMPOSITION_ONLY,R4_PXD017052_NSCLC:005-0051_Early:SP-007,29,0.2896551724137931,0.2534102005751403,0.2877686930972878,005-0051,DEFINED
SEQUENCE_RIDGE_COMPOSITION_ONLY,R4_PXD017052_NSCLC:005-0051_Early:SP-333,21,0.1,0.25835198228657386,0.3105909060899849,005-0051,DEFINED
SEQUENCE_RIDGE_COMPOSITION_ONLY,R4_PXD017052_NSCLC:005-0051_Early:SP-339,29,-0.033497536945812804,0.27354150111231024,0.31543073301131513,005-0051,DEFINED
SEQUENCE_RIDGE_COMPOSITION_ONLY,R4_PXD017052_NSCLC:005-0056_Early:SP-003,31,0.034274193548387094,0.26531047246568457,0.31030197123095754,005-0056,DEFINED
SEQUENCE_RIDGE_COMPOSITION_ONLY,R4_PXD017052_NSCLC:005-0056_Early:SP-006,31,0.16169354838709676,0.25873854004721086,0.2987644827721043,005-0056,DEFINED
SEQUENCE_RIDGE_COMPOSITION_ONLY,R4_PXD017052_NSCLC:005-0056_Early:SP-007,26,0.21435897435897436,0.2611117558357525,0.29639313551004143,005-0056,DEFINED
SEQUENCE_RIDGE_COMPOSITION_ONLY,R4_PXD017052_NSCLC:005-0056_Early:SP-333,14,-0.16043956043956045,0.29329888311834484,0.3360268821864871,005-0056,DEFINED
SEQUENCE_RIDGE_COMPOSITION_ONLY,R4_PXD017052_NSCLC:005-0056_Early:SP-339,18,0.017543859649122806,0.2686064798908652,0.31425008199261006,005-0056,DEFINED
SEQUENCE_RIDGE_COMPOSITION_ONLY,R4_PXD017052_NSCLC:007-0003_Early:SP-003,31,-0.06895161290322581,0.2759327321555966,0.31950072503950017,007-0003,DEFINED
SEQUENCE_RIDGE_COMPOSITION_ONLY,R4_PXD017052_NSCLC:007-0003_Early:SP-006,25,-0.05,0.26760003308128444,0.31344710191427566,007-0003,DEFINED
SEQUENCE_RIDGE_COMPOSITION_ONLY,R4_PXD017052_NSCLC:007-0003_Early:SP-007,29,0.41182266009852214,0.23663430274833974,0.2745302825003195,007-0003,DEFINED
SEQUENCE_RIDGE_COMPOSITION_ONLY,R4_PXD017052_NSCLC:007-0003_Early:SP-333,15,-0.06785714285714285,0.28599880225076,0.32436878886041404,007-0003,DEFINED
SEQUENCE_RIDGE_COMPOSITION_ONLY,R4_PXD017052_NSCLC:007-0003_Early:SP-339,28,-0.24192665571975916,0.284918479702528,0.3315322379972158,007-0003,DEFINED
SEQUENCE_RIDGE_COMPOSITION_ONLY,R4_PXD017052_NSCLC:007-0012_Early:SP-003,33,-0.023061497326203207,0.2729342967687176,0.31421013333235565,007-0012,DEFINED
SEQUENCE_RIDGE_COMPOSITION_ONLY,R4_PXD017052_NSCLC:007-0012_Early:SP-006,34,0.22536287242169595,0.25299864638051645,0.29288310259591244,007-0012,DEFINED
SEQUENCE_RIDGE_COMPOSITION_ONLY,R4_PXD017052_NSCLC:007-0012_Early:SP-007,32,0.2280058651026393,0.25129165737455605,0.2939176588182345,007-0012,DEFINED
SEQUENCE_RIDGE_COMPOSITION_ONLY,R4_PXD017052_NSCLC:007-0012_Early:SP-333,18,0.30030959752321984,0.25591263778625567,0.2972434214684541,007-0012,DEFINED
SEQUENCE_RIDGE_COMPOSITION_ONLY,R4_PXD017052_NSCLC:007-0012_Early:SP-339,29,-0.22660098522167488,0.2949312668910668,0.3310703232768629,007-0012,DEFINED
SEQUENCE_RIDGE_COMPOSITION_ONLY,R4_PXD017052_NSCLC:007-0015_Early:SP-003,32,0.016129032258064516,0.27647886376545994,0.3125051805436059,007-0015,DEFINED
SEQUENCE_RIDGE_COMPOSITION_ONLY,R4_PXD017052_NSCLC:007-0015_Early:SP-006,32,0.20417888563049855,0.2549712893519771,0.29601769499471214,007-0015,DEFINED
SEQUENCE_RIDGE_COMPOSITION_ONLY,R4_PXD017052_NSCLC:007-0015_Early:SP-007,31,0.3528225806451613,0.25076530668716945,0.2829867994464119,007-0015,DEFINED
SEQUENCE_RIDGE_COMPOSITION_ONLY,R4_PXD017052_NSCLC:007-0015_Early:SP-333,16,0.2676470588235294,0.26792800726960875,0.30357277395650234,007-0015,DEFINED
SEQUENCE_RIDGE_COMPOSITION_ONLY,R4_PXD017052_NSCLC:007-0015_Early:SP-339,29,-0.22660098522167488,0.2805993723125637,0.3301041841414082,007-0015,DEFINED
SEQUENCE_RIDGE_COMPOSITION_ONLY,R4_PXD017052_NSCLC:007-0017_Early:SP-003,33,-0.035093582887700536,0.2706677525464514,0.3170323577998571,007-0017,DEFINED
SEQUENCE_RIDGE_COMPOSITION_ONLY,R4_PXD017052_NSCLC:007-0017_Early:SP-006,32,0.20124633431085043,0.250939031287461,0.29585264998497934,007-0017,DEFINED
SEQUENCE_RIDGE_COMPOSITION_ONLY,R4_PXD017052_NSCLC:007-0017_Early:SP-007,30,0.39933259176863184,0.2561671642392968,0.2785944441300994,007-0017,DEFINED
SEQUENCE_RIDGE_COMPOSITION_ONLY,R4_PXD017052_NSCLC:007-0017_Early:SP-333,28,-0.07936507936507936,0.27093643607282614,0.31722147276349305,007-0017,DEFINED
SEQUENCE_RIDGE_COMPOSITION_ONLY,R4_PXD017052_NSCLC:007-0017_Early:SP-339,28,-0.12479474548440066,0.28445142843270665,0.3226731000634827,007-0017,DEFINED
SEQUENCE_RIDGE_COMPOSITION_ONLY,R4_PXD017052_NSCLC:007-0024_Early:SP-003,29,-0.06847290640394088,0.2774076195024535,0.31882420646281934,007-0024,DEFINED
SEQUENCE_RIDGE_COMPOSITION_ONLY,R4_PXD017052_NSCLC:007-0024_Early:SP-006,22,0.15753811405985318,0.2605985044213417,0.2995659802387765,007-0024,DEFINED
SEQUENCE_RIDGE_COMPOSITION_ONLY,R4_PXD017052_NSCLC:007-0024_Early:SP-007,25,0.052307692307692305,0.263859691600337,0.30394898341765264,007-0024,DEFINED
SEQUENCE_RIDGE_COMPOSITION_ONLY,R4_PXD017052_NSCLC:007-0024_Early:SP-333,16,0.21764705882352942,0.2622111128865076,0.3028729381557933,007-0024,DEFINED
SEQUENCE_RIDGE_COMPOSITION_ONLY,R4_PXD017052_NSCLC:007-0024_Early:SP-339,29,-0.059113300492610835,0.2757587626322708,0.3180607446201303,007-0024,DEFINED
SEQUENCE_RIDGE_COMPOSITION_ONLY,R4_PXD017052_NSCLC:007-0025_Early:SP-003,32,0.04325513196480939,0.2756296554396934,0.3094633955064663,007-0025,DEFINED
SEQUENCE_RIDGE_COMPOSITION_ONLY,R4_PXD017052_NSCLC:007-0025_Early:SP-006,33,0.15808823529411764,0.2613644808355191,0.29836419653584284,007-0025,DEFINED
SEQUENCE_RIDGE_COMPOSITION_ONLY,R4_PXD017052_NSCLC:007-0025_Early:SP-007,30,0.16974416017797553,0.26136137922591723,0.29820657114998184,007-0025,DEFINED
SEQUENCE_RIDGE_COMPOSITION_ONLY,R4_PXD017052_NSCLC:007-0025_Early:SP-333,20,-0.004511278195488722,0.27795858658921635,0.32038316282198476,007-0025,DEFINED
SEQUENCE_RIDGE_COMPOSITION_ONLY,R4_PXD017052_NSCLC:007-0025_Early:SP-339,29,-0.007881773399014778,0.2737212662218148,0.31363901052531984,007-0025,DEFINED
SEQUENCE_RIDGE_COMPOSITION_ONLY,R4_PXD017052_NSCLC:007-0026_Early:SP-003,32,0.0373900293255132,0.2724466057009438,0.31090026363405815,007-0026,DEFINED
SEQUENCE_RIDGE_COMPOSITION_ONLY,R4_PXD017052_NSCLC:007-0026_Early:SP-006,33,0.3201871657754011,0.24862525694475887,0.28549337350380827,007-0026,DEFINED
SEQUENCE_RIDGE_COMPOSITION_ONLY,R4_PXD017052_NSCLC:007-0026_Early:SP-007,30,0.1724137931034483,0.2566513698420337,0.2972971436851741,007-0026,DEFINED
SEQUENCE_RIDGE_COMPOSITION_ONLY,R4_PXD017052_NSCLC:007-0026_Early:SP-333,14,0.14285714285714285,0.2764170394799805,0.3114430188676561,007-0026,DEFINED
SEQUENCE_RIDGE_COMPOSITION_ONLY,R4_PXD017052_NSCLC:007-0026_Early:SP-339,25,-0.22846153846153847,0.2928070513348984,0.3331796765942115,007-0026,DEFINED
SEQUENCE_RIDGE_COMPOSITION_ONLY,R4_PXD017052_NSCLC:007-0027_Early:SP-003,32,0.005498533724340176,0.2757516499617211,0.31308932863590044,007-0027,DEFINED
SEQUENCE_RIDGE_COMPOSITION_ONLY,R4_PXD017052_NSCLC:007-0027_Early:SP-006,34,0.25958747135217725,0.25020031469437876,0.28977701989161125,007-0027,DEFINED
SEQUENCE_RIDGE_COMPOSITION_ONLY,R4_PXD017052_NSCLC:007-0027_Early:SP-007,28,0.3585112205801861,0.25562490834996504,0.2824479456534349,007-0027,DEFINED
SEQUENCE_RIDGE_COMPOSITION_ONLY,R4_PXD017052_NSCLC:007-0027_Early:SP-333,16,-0.12941176470588237,0.2797072017311606,0.32709146784730025,007-0027,DEFINED
SEQUENCE_RIDGE_COMPOSITION_ONLY,R4_PXD017052_NSCLC:007-0027_Early:SP-339,27,-0.0989010989010989,0.27797732435209277,0.3216030143518782,007-0027,DEFINED
SEQUENCE_RIDGE_COMPOSITION_ONLY,R4_PXD017052_NSCLC:009-0006_Healthy:SP-003,32,-0.14112903225806453,0.28114815593611847,0.3253880281397412,009-0006,DEFINED
SEQUENCE_RIDGE_COMPOSITION_ONLY,R4_PXD017052_NSCLC:009-0006_Healthy:SP-006,33,0.16844919786096257,0.2546149300477773,0.2986761685530993,009-0006,DEFINED
SEQUENCE_RIDGE_COMPOSITION_ONLY,R4_PXD017052_NSCLC:009-0006_Healthy:SP-007,32,0.31085043988269795,0.2574112872107154,0.28607546331570793,009-0006,DEFINED
SEQUENCE_RIDGE_COMPOSITION_ONLY,R4_PXD017052_NSCLC:009-0006_Healthy:SP-333,28,0.12588943623426382,0.2628596239520135,0.30299104397432275,009-0006,DEFINED
SEQUENCE_RIDGE_COMPOSITION_ONLY,R4_PXD017052_NSCLC:009-0006_Healthy:SP-339,32,-0.20711143695014664,0.28852829929372736,0.3289906659050895,009-0006,DEFINED
SEQUENCE_RIDGE_COMPOSITION_ONLY,R4_PXD017052_NSCLC:009-0008_Healthy:SP-003,33,-0.058823529411764705,0.2754707597820637,0.318390876658795,009-0008,DEFINED
SEQUENCE_RIDGE_COMPOSITION_ONLY,R4_PXD017052_NSCLC:009-0008_Healthy:SP-006,34,0.2287242169595111,0.2527476231458455,0.29348913076885735,009-0008,DEFINED
SEQUENCE_RIDGE_COMPOSITION_ONLY,R4_PXD017052_NSCLC:009-0008_Healthy:SP-007,32,0.22947214076246333,0.2570981957618429,0.2928603595343206,009-0008,DEFINED
SEQUENCE_RIDGE_COMPOSITION_ONLY,R4_PXD017052_NSCLC:009-0008_Healthy:SP-333,30,-0.03937708565072302,0.2690015246196606,0.3151017725999074,009-0008,DEFINED
SEQUENCE_RIDGE_COMPOSITION_ONLY,R4_PXD017052_NSCLC:009-0008_Healthy:SP-339,31,-0.06854838709677419,0.28096326378904035,0.31924626454566096,009-0008,DEFINED
SEQUENCE_RIDGE_COMPOSITION_ONLY,R4_PXD017052_NSCLC:009-0011_Healthy:SP-003,33,-0.2018716577540107,0.27872147215987975,0.32973302941123056,009-0011,DEFINED
SEQUENCE_RIDGE_COMPOSITION_ONLY,R4_PXD017052_NSCLC:009-0011_Healthy:SP-006,33,0.30213903743315507,0.25487716753135725,0.28752013325100373,009-0011,DEFINED
SEQUENCE_RIDGE_COMPOSITION_ONLY,R4_PXD017052_NSCLC:009-0011_Healthy:SP-007,32,0.24266862170087977,0.2621504677251215,0.29211623053463714,009-0011,DEFINED
SEQUENCE_RIDGE_COMPOSITION_ONLY,R4_PXD017052_NSCLC:009-0011_Healthy:SP-333,23,0.029644268774703556,0.26584733419558265,0.31533895728630834,009-0011,DEFINED
SEQUENCE_RIDGE_COMPOSITION_ONLY,R4_PXD017052_NSCLC:009-0011_Healthy:SP-339,29,-0.2044334975369458,0.28519970771179404,0.3295453194350381,009-0011,DEFINED
SEQUENCE_RIDGE_COMPOSITION_ONLY,R4_PXD017052_NSCLC:009-0016_Early:SP-003,33,0.034759358288770054,0.2727191595831462,0.31068064084809455,009-0016,DEFINED
SEQUENCE_RIDGE_COMPOSITION_ONLY,R4_PXD017052_NSCLC:009-0016_Early:SP-006,31,0.15080645161290324,0.2542716786970892,0.2991813323853834,009-0016,DEFINED
SEQUENCE_RIDGE_COMPOSITION_ONLY,R4_PXD017052_NSCLC:009-0016_Early:SP-007,23,0.23023715415019763,0.255533773940629,0.2918778536355283,009-0016,DEFINED
SEQUENCE_RIDGE_COMPOSITION_ONLY,R4_PXD017052_NSCLC:009-0016_Early:SP-333,23,-0.05533596837944664,0.271777071992814,0.31909309524148155,009-0016,DEFINED
SEQUENCE_RIDGE_COMPOSITION_ONLY,R4_PXD017052_NSCLC:009-0016_Early:SP-339,28,-0.018609742747673783,0.27105745164670597,0.31314119849451894,009-0016,DEFINED
SEQUENCE_RIDGE_COMPOSITION_ONLY,R4_PXD017052_NSCLC:009-0017_Healthy:SP-003,33,-0.11998663101604277,0.2775798363615745,0.32281977904093306,009-0017,DEFINED
SEQUENCE_RIDGE_COMPOSITION_ONLY,R4_PXD017052_NSCLC:009-0017_Healthy:SP-006,34,0.27883880825057294,0.23797620709006856,0.28917120136709645,009-0017,DEFINED
SEQUENCE_RIDGE_COMPOSITION_ONLY,R4_PXD017052_NSCLC:009-0017_Healthy:SP-007,32,0.31708211143695014,0.2574112872107154,0.2858315894442389,009-0017,DEFINED
SEQUENCE_RIDGE_COMPOSITION_ONLY,R4_PXD017052_NSCLC:009-0017_Healthy:SP-333,26,-0.11316239316239317,0.2771315043021764,0.32237656964637645,009-0017,DEFINED
SEQUENCE_RIDGE_COMPOSITION_ONLY,R4_PXD017052_NSCLC:009-0017_Healthy:SP-339,31,-0.18508064516129033,0.28079080620465047,0.32825682417817803,009-0017,DEFINED
SEQUENCE_RIDGE_COMPOSITION_ONLY,R4_PXD017052_NSCLC:009-0018_Healthy:SP-003,33,0.05915775401069519,0.26056962278736334,0.3079161954075563,009-0018,DEFINED
SEQUENCE_RIDGE_COMPOSITION_ONLY,R4_PXD017052_NSCLC:009-0018_Healthy:SP-006,32,0.23313782991202345,0.25756589259425466,0.2929029465161831,009-0018,DEFINED
SEQUENCE_RIDGE_COMPOSITION_ONLY,R4_PXD017052_NSCLC:009-0018_Healthy:SP-007,28,-0.04433497536945813,0.2766040200488617,0.31591096127902313,009-0018,DEFINED
SEQUENCE_RIDGE_COMPOSITION_ONLY,R4_PXD017052_NSCLC:009-0018_Healthy:SP-333,19,0.06842105263157895,0.26642177713021303,0.3111063566190208,009-0018,DEFINED
SEQUENCE_RIDGE_COMPOSITION_ONLY,R4_PXD017052_NSCLC:009-0018_Healthy:SP-339,30,0.064293659621802,0.2628824991857367,0.30693880658749156,009-0018,DEFINED
SEQUENCE_RIDGE_COMPOSITION_ONLY,R4_PXD017052_NSCLC:009-0021_Healthy:SP-003,33,-0.12433155080213903,0.27638097408392187,0.32379984497277486,009-0021,DEFINED
SEQUENCE_RIDGE_COMPOSITION_ONLY,R4_PXD017052_NSCLC:009-0021_Healthy:SP-006,33,0.17647058823529413,0.2550291358638672,0.2974116961924097,009-0021,DEFINED
SEQUENCE_RIDGE_COMPOSITION_ONLY,R4_PXD017052_NSCLC:009-0021_Healthy:SP-007,33,0.28509358288770054,0.2579424350770587,0.28815857798811056,009-0021,DEFINED
SEQUENCE_RIDGE_COMPOSITION_ONLY,R4_PXD017052_NSCLC:009-0021_Healthy:SP-333,28,-0.0421455938697318,0.27637078557603656,0.3152072240797755,009-0021,DEFINED
SEQUENCE_RIDGE_COMPOSITION_ONLY,R4_PXD017052_NSCLC:009-0021_Healthy:SP-339,30,-0.10834260289210233,0.28560024993709504,0.32208952820037945,009-0021,DEFINED
SEQUENCE_RIDGE_COMPOSITION_ONLY,R4_PXD017052_NSCLC:009-0028_Healthy:SP-003,31,-0.11491935483870967,0.2737588801774992,0.32201895680720316,009-0028,DEFINED
SEQUENCE_RIDGE_COMPOSITION_ONLY,R4_PXD017052_NSCLC:009-0028_Healthy:SP-006,32,0.19281524926686217,0.2568875866835979,0.29623153596133767,009-0028,DEFINED
SEQUENCE_RIDGE_COMPOSITION_ONLY,R4_PXD017052_NSCLC:009-0028_Healthy:SP-007,31,0.19919354838709677,0.2486836114097427,0.2964834677963385,009-0028,DEFINED
SEQUENCE_RIDGE_COMPOSITION_ONLY,R4_PXD017052_NSCLC:009-0028_Healthy:SP-333,15,-0.5321428571428571,0.3155892293947536,0.3568378530321574,009-0028,DEFINED
SEQUENCE_RIDGE_COMPOSITION_ONLY,R4_PXD017052_NSCLC:009-0028_Healthy:SP-339,28,-0.07827038861521621,0.27306500123241567,0.3190143754718355,009-0028,DEFINED
SEQUENCE_RIDGE_COMPOSITION_ONLY,R4_PXD017052_NSCLC:009-0029_Healthy:SP-003,32,-0.04252199413489736,0.27647886376545994,0.31793663345603657,009-0029,DEFINED
SEQUENCE_RIDGE_COMPOSITION_ONLY,R4_PXD017052_NSCLC:009-0029_Healthy:SP-006,32,0.2437683284457478,0.252955160319719,0.292689037867893,009-0029,DEFINED
SEQUENCE_RIDGE_COMPOSITION_ONLY,R4_PXD017052_NSCLC:009-0029_Healthy:SP-007,32,0.218475073313783,0.25645087699594826,0.29466701134951057,009-0029,DEFINED
SEQUENCE_RIDGE_COMPOSITION_ONLY,R4_PXD017052_NSCLC:009-0029_Healthy:SP-333,22,0.20722755505364202,0.2640942001444403,0.30267290904582356,009-0029,DEFINED
SEQUENCE_RIDGE_COMPOSITION_ONLY,R4_PXD017052_NSCLC:009-0029_Healthy:SP-339,28,-0.16529830322933772,0.28245604935100965,0.3286085213402219,009-0029,DEFINED
SEQUENCE_RIDGE_COMPOSITION_ONLY,R4_PXD017052_NSCLC:009-0031_Healthy:SP-003,32,-0.14552785923753667,0.2864279512901553,0.32574884413727917,009-0031,DEFINED
SEQUENCE_RIDGE_COMPOSITION_ONLY,R4_PXD017052_NSCLC:009-0031_Healthy:SP-006,34,0.25500381970970204,0.23960777401151762,0.2908878237188025,009-0031,DEFINED
SEQUENCE_RIDGE_COMPOSITION_ONLY,R4_PXD017052_NSCLC:009-0031_Healthy:SP-007,31,0.3935483870967742,0.24562781279627083,0.2793244557073025,009-0031,DEFINED
SEQUENCE_RIDGE_COMPOSITION_ONLY,R4_PXD017052_NSCLC:009-0031_Healthy:SP-333,24,0.025217391304347827,0.27077707257078987,0.3141088620949643,009-0031,DEFINED
SEQUENCE_RIDGE_COMPOSITION_ONLY,R4_PXD017052_NSCLC:009-0031_Healthy:SP-339,32,-0.14149560117302054,0.28852829929372736,0.32400441913607875,009-0031,DEFINED
SEQUENCE_RIDGE_COMPOSITION_ONLY,R4_PXD017052_NSCLC:009-0036_Healthy:SP-003,29,-0.11330049261083744,0.2717918455717556,0.3228886797166524,009-0036,DEFINED
SEQUENCE_RIDGE_COMPOSITION_ONLY,R4_PXD017052_NSCLC:009-0036_Healthy:SP-006,29,0.10837438423645321,0.2610234832151316,0.3040149910375556,009-0036,DEFINED
SEQUENCE_RIDGE_COMPOSITION_ONLY,R4_PXD017052_NSCLC:009-0036_Healthy:SP-007,24,0.26521739130434785,0.25241931126707556,0.29357035448484053,009-0036,DEFINED
SEQUENCE_RIDGE_COMPOSITION_ONLY,R4_PXD017052_NSCLC:009-0036_Healthy:SP-333,15,0.4357142857142857,0.23821526170791138,0.2839427346506341,009-0036,DEFINED
SEQUENCE_RIDGE_COMPOSITION_ONLY,R4_PXD017052_NSCLC:009-0036_Healthy:SP-339,14,0.02857142857142857,0.26994018248232987,0.32269256182827105,009-0036,DEFINED
SEQUENCE_RIDGE_COMPOSITION_ONLY,R4_PXD017052_NSCLC:009-0037_Healthy:SP-003,31,-0.12298387096774194,0.28145034627007,0.32349300757105603,009-0037,DEFINED
SEQUENCE_RIDGE_COMPOSITION_ONLY,R4_PXD017052_NSCLC:009-0037_Healthy:SP-006,26,0.13572649572649573,0.2468353461965283,0.303139714037262,009-0037,DEFINED
SEQUENCE_RIDGE_COMPOSITION_ONLY,R4_PXD017052_NSCLC:009-0037_Healthy:SP-007,24,0.18521739130434783,0.2554382602626683,0.29820451984330554,009-0037,DEFINED
SEQUENCE_RIDGE_COMPOSITION_ONLY,R4_PXD017052_NSCLC:009-0037_Healthy:SP-333,16,0.1411764705882353,0.2594478444717508,0.31085242496600624,009-0037,DEFINED
SEQUENCE_RIDGE_COMPOSITION_ONLY,R4_PXD017052_NSCLC:009-0037_Healthy:SP-339,26,0.005811965811965812,0.26817304663855046,0.31542602994850705,009-0037,DEFINED
SEQUENCE_RIDGE_COMPOSITION_ONLY,R4_PXD017052_NSCLC:009-0039_Healthy:SP-003,30,-0.196440489432703,0.28207042515784114,0.3273962545210629,009-0039,DEFINED
SEQUENCE_RIDGE_COMPOSITION_ONLY,R4_PXD017052_NSCLC:009-0039_Healthy:SP-006,32,0.04435483870967742,0.26327283051678957,0.3071917823851265,009-0039,DEFINED
SEQUENCE_RIDGE_COMPOSITION_ONLY,R4_PXD017052_NSCLC:009-0039_Healthy:SP-007,29,0.2827586206896552,0.25605165521462014,0.2892490538807828,009-0039,DEFINED
SEQUENCE_RIDGE_COMPOSITION_ONLY,R4_PXD017052_NSCLC:009-0039_Healthy:SP-333,19,-0.07719298245614035,0.27387128877355055,0.3216492725969868,009-0039,DEFINED
SEQUENCE_RIDGE_COMPOSITION_ONLY,R4_PXD017052_NSCLC:009-0039_Healthy:SP-339,24,-0.10521739130434783,0.2784859154072583,0.3216015934470963,009-0039,DEFINED
SEQUENCE_RIDGE_COMPOSITION_ONLY,R4_PXD017052_NSCLC:009-0048_Healthy:SP-003,32,-0.04948680351906158,0.27647886376545994,0.31863212188981554,009-0048,DEFINED
SEQUENCE_RIDGE_COMPOSITION_ONLY,R4_PXD017052_NSCLC:009-0048_Healthy:SP-006,34,0.173414820473644,0.25536144424504187,0.29772503323933724,009-0048,DEFINED
SEQUENCE_RIDGE_COMPOSITION_ONLY,R4_PXD017052_NSCLC:009-0048_Healthy:SP-007,30,0.2378197997775306,0.2563584314489963,0.29234058300632115,009-0048,DEFINED
SEQUENCE_RIDGE_COMPOSITION_ONLY,R4_PXD017052_NSCLC:009-0048_Healthy:SP-333,30,0.035372636262513905,0.26199073567984443,0.3094750494868729,009-0048,DEFINED
SEQUENCE_RIDGE_COMPOSITION_ONLY,R4_PXD017052_NSCLC:009-0048_Healthy:SP-339,32,-0.0780791788856305,0.2726476887154215,0.3192075838749463,009-0048,DEFINED
SEQUENCE_RIDGE_COMPOSITION_ONLY,R4_PXD017052_NSCLC:010-0003_Early:SP-003,11,-0.6818181818181818,0.32969314301002955,0.38142381653989843,010-0003,DEFINED
SEQUENCE_RIDGE_COMPOSITION_ONLY,R4_PXD017052_NSCLC:010-0003_Early:SP-006,14,0.14725274725274726,0.26329790241365936,0.3091569023947361,010-0003,DEFINED
SEQUENCE_RIDGE_COMPOSITION_ONLY,R4_PXD017052_NSCLC:010-0036_Early:SP-003,20,-0.2736842105263158,0.28303341460923415,0.3362138205051763,010-0036,DEFINED
SEQUENCE_RIDGE_COMPOSITION_ONLY,R4_PXD017052_NSCLC:010-0036_Early:SP-007,17,0.19607843137254902,0.25551800763641547,0.2950623726947798,010-0036,DEFINED
SEQUENCE_RIDGE_COMPOSITION_ONLY,R4_PXD017052_NSCLC:010-0036_Early:SP-339,11,-0.38181818181818183,0.31842893638258524,0.35983583176312256,010-0036,DEFINED
SEQUENCE_RIDGE_COMPOSITION_ONLY,R4_PXD017052_NSCLC:010-0037_Early:SP-003,11,-0.5727272727272728,0.31449843058966254,0.3680897982892774,010-0037,DEFINED
SEQUENCE_RIDGE_COMPOSITION_ONLY,R4_PXD017052_NSCLC:010-0037_Early:SP-006,12,0.04195804195804196,0.2868013771379323,0.3182992246443032,010-0037,DEFINED
SEQUENCE_RIDGE_COMPOSITION_ONLY,R4_PXD017052_NSCLC:010-0037_Early:SP-007,10,0.10303030303030303,0.2881990593084076,0.3158159262584794,010-0037,DEFINED
SEQUENCE_RIDGE_COMPOSITION_ONLY,R4_PXD017052_NSCLC:010-0040_Early:SP-003,23,-0.3942687747035573,0.29070819441522766,0.3383613495758739,010-0040,DEFINED
SEQUENCE_RIDGE_COMPOSITION_ONLY,R4_PXD017052_NSCLC:010-0040_Early:SP-006,13,0.005494505494505495,0.2747618969130157,0.3148246499263835,010-0040,DEFINED
SEQUENCE_RIDGE_COMPOSITION_ONLY,R4_PXD017052_NSCLC:010-0040_Early:SP-007,14,-0.0989010989010989,0.28878433608047177,0.32159447602748464,010-0040,DEFINED
SEQUENCE_RIDGE_COMPOSITION_ONLY,R4_PXD017052_NSCLC:010-0040_Early:SP-339,12,-0.4195804195804196,0.3127064228643155,0.35852243418506874,010-0040,DEFINED
SEQUENCE_RIDGE_COMPOSITION_ONLY,R4_PXD017052_NSCLC:010-0041_Early:SP-003,24,-0.24521739130434783,0.2793498394551894,0.32911106831207876,010-0041,DEFINED
SEQUENCE_RIDGE_COMPOSITION_ONLY,R4_PXD017052_NSCLC:010-0041_Early:SP-006,17,-0.007352941176470588,0.2796624023102139,0.3172678847879391,010-0041,DEFINED
SEQUENCE_RIDGE_COMPOSITION_ONLY,R4_PXD017052_NSCLC:010-0041_Early:SP-007,15,-0.10714285714285714,0.2694185559321711,0.32583484187421347,010-0041,DEFINED
SEQUENCE_RIDGE_COMPOSITION_ONLY,R4_PXD017052_NSCLC:010-0041_Early:SP-339,14,-0.47692307692307695,0.3300618069329966,0.3591234283886387,010-0041,DEFINED
SEQUENCE_RIDGE_COMPOSITION_ONLY,R4_PXD017052_NSCLC:010-0045_Early:SP-003,15,-0.6142857142857143,0.3171540621848937,0.3610546941113163,010-0045,DEFINED
SEQUENCE_RIDGE_COMPOSITION_ONLY,R4_PXD017052_NSCLC:010-0045_Early:SP-006,15,-0.014285714285714285,0.28398168787288186,0.31896218376137553,010-0045,DEFINED
SEQUENCE_RIDGE_COMPOSITION_ONLY,R4_PXD017052_NSCLC:010-0045_Early:SP-333,12,-0.006993006993006993,0.2897493439889195,0.3293739771301924,010-0045,DEFINED
SEQUENCE_RIDGE_COMPOSITION_ONLY,R4_PXD017052_NSCLC:010-0047_Early:SP-003,15,-0.4714285714285714,0.3164833828914937,0.36138188240880614,010-0047,DEFINED
SEQUENCE_RIDGE_COMPOSITION_ONLY,R4_PXD017052_NSCLC:010-0047_Early:SP-007,11,0.18181818181818182,0.2618923024721369,0.30817679465828174,010-0047,DEFINED
SEQUENCE_RIDGE_COMPOSITION_ONLY,R4_PXD017052_NSCLC:010-0048_Early:SP-003,14,-0.6835164835164835,0.3035425214617238,0.36756643359631747,010-0048,DEFINED
SEQUENCE_RIDGE_COMPOSITION_ONLY,R4_PXD017052_NSCLC:010-0048_Early:SP-006,10,0.4303030303030303,0.2717823073920532,0.2919601442115282,010-0048,DEFINED
SEQUENCE_RIDGE_COMPOSITION_ONLY,R4_PXD017052_NSCLC:010-0051_Early:SP-003,19,-0.3824561403508772,0.29168675863466376,0.3422379745425524,010-0051,DEFINED
SEQUENCE_RIDGE_COMPOSITION_ONLY,R4_PXD017052_NSCLC:010-0051_Early:SP-006,18,0.13106295149638802,0.24891820271013831,0.30543982995149643,010-0051,DEFINED
SEQUENCE_RIDGE_COMPOSITION_ONLY,R4_PXD017052_NSCLC:010-0051_Early:SP-007,10,0.15151515151515152,0.2909432236602855,0.31159795960615516,010-0051,DEFINED
SEQUENCE_RIDGE_COMPOSITION_ONLY,R4_PXD017052_NSCLC:010-0051_Early:SP-333,11,-0.07272727272727272,0.28073205245686206,0.33669072948101186,010-0051,DEFINED
SEQUENCE_RIDGE_COMPOSITION_ONLY,R4_PXD017052_NSCLC:010-0051_Early:SP-339,13,-0.3076923076923077,0.29838557739768423,0.34763216511866696,010-0051,DEFINED
SEQUENCE_RIDGE_COMPOSITION_ONLY,R4_PXD017052_NSCLC:010-0052_Early:SP-003,18,-0.37874097007223945,0.29737126096791344,0.3448900933423913,010-0052,DEFINED
SEQUENCE_RIDGE_COMPOSITION_ONLY,R4_PXD017052_NSCLC:010-0052_Early:SP-006,13,0.027472527472527472,0.2830649241748724,0.32131083674929706,010-0052,DEFINED
SEQUENCE_RIDGE_COMPOSITION_ONLY,R4_PXD017052_NSCLC:010-0052_Early:SP-007,11,0.045454545454545456,0.2955065346533267,0.32043093983413456,010-0052,DEFINED
SEQUENCE_RIDGE_COMPOSITION_ONLY,R4_PXD017052_NSCLC:010-0056_Early:SP-003,18,-0.18472652218782248,0.29398726796288666,0.32726745597881807,010-0056,DEFINED
SEQUENCE_RIDGE_COMPOSITION_ONLY,R4_PXD017052_NSCLC:010-0056_Early:SP-006,18,0.15376676986584106,0.25155275858326925,0.30229190130477845,010-0056,DEFINED
SEQUENCE_RIDGE_COMPOSITION_ONLY,R4_PXD017052_NSCLC:010-0056_Early:SP-007,12,0.21678321678321677,0.27119382555619587,0.30556578250247635,010-0056,DEFINED
SEQUENCE_RIDGE_COMPOSITION_ONLY,R4_PXD017052_NSCLC:010-0056_Early:SP-339,11,-0.4636363636363636,0.3103256699669562,0.35272241590277426,010-0056,DEFINED
SEQUENCE_RIDGE_COMPOSITION_ONLY,R4_PXD017052_NSCLC:011-0002_Early:SP-003,33,-0.009692513368983958,0.267037341401328,0.3138413072024373,011-0002,DEFINED
SEQUENCE_RIDGE_COMPOSITION_ONLY,R4_PXD017052_NSCLC:011-0002_Early:SP-006,34,0.21711229946524063,0.25610519967564116,0.2943678419715896,011-0002,DEFINED
SEQUENCE_RIDGE_COMPOSITION_ONLY,R4_PXD017052_NSCLC:011-0002_Early:SP-007,32,0.25733137829912023,0.24699875239182328,0.29262283031510206,011-0002,DEFINED
SEQUENCE_RIDGE_COMPOSITION_ONLY,R4_PXD017052_NSCLC:011-0002_Early:SP-333,24,-0.006956521739130435,0.2736201227561697,0.3151328611404621,011-0002,DEFINED
SEQUENCE_RIDGE_COMPOSITION_ONLY,R4_PXD017052_NSCLC:011-0002_Early:SP-339,30,-0.05050055617352614,0.26918542261019063,0.3176210636071929,011-0002,DEFINED
SEQUENCE_RIDGE_COMPOSITION_ONLY,R4_PXD017052_NSCLC:011-0007_Early:SP-003,33,0.01270053475935829,0.26717713282082417,0.3132332723736653,011-0007,DEFINED
SEQUENCE_RIDGE_COMPOSITION_ONLY,R4_PXD017052_NSCLC:011-0007_Early:SP-006,33,0.16711229946524064,0.25988100971818573,0.29829612760223284,011-0007,DEFINED
SEQUENCE_RIDGE_COMPOSITION_ONLY,R4_PXD017052_NSCLC:011-0007_Early:SP-007,33,0.13770053475935828,0.26008526800011866,0.3001851431340617,011-0007,DEFINED
SEQUENCE_RIDGE_COMPOSITION_ONLY,R4_PXD017052_NSCLC:011-0007_Early:SP-333,21,0.24285714285714285,0.26243039224980413,0.29992082017944544,011-0007,DEFINED
SEQUENCE_RIDGE_COMPOSITION_ONLY,R4_PXD017052_NSCLC:011-0007_Early:SP-339,29,-0.033497536945812804,0.275147463548138,0.31669305878939435,011-0007,DEFINED
SEQUENCE_RIDGE_COMPOSITION_ONLY,R4_PXD017052_NSCLC:013-0006_Early:SP-003,33,-0.07185828877005347,0.274828236162657,0.3198423788664542,013-0006,DEFINED
SEQUENCE_RIDGE_COMPOSITION_ONLY,R4_PXD017052_NSCLC:013-0006_Early:SP-006,33,0.1821524064171123,0.25420545028706976,0.29668854310419873,013-0006,DEFINED
SEQUENCE_RIDGE_COMPOSITION_ONLY,R4_PXD017052_NSCLC:013-0006_Early:SP-007,30,0.1946607341490545,0.26575200098524093,0.29361729573028555,013-0006,DEFINED
SEQUENCE_RIDGE_COMPOSITION_ONLY,R4_PXD017052_NSCLC:013-0006_Early:SP-333,10,0.45454545454545453,0.2552357717220627,0.2933998914526515,013-0006,DEFINED
SEQUENCE_RIDGE_COMPOSITION_ONLY,R4_PXD017052_NSCLC:013-0006_Early:SP-339,30,0.01668520578420467,0.26955365458966457,0.3123571893041297,013-0006,DEFINED
SEQUENCE_RIDGE_COMPOSITION_ONLY,R4_PXD017052_NSCLC:013-0008_Early:SP-003,32,-0.01466275659824047,0.27647886376545994,0.3149642983596898,013-0008,DEFINED
SEQUENCE_RIDGE_COMPOSITION_ONLY,R4_PXD017052_NSCLC:013-0008_Early:SP-006,34,0.19847211611917495,0.25714710144947933,0.2959663419617293,013-0008,DEFINED
SEQUENCE_RIDGE_COMPOSITION_ONLY,R4_PXD017052_NSCLC:013-0008_Early:SP-007,31,0.2375,0.2527588961113524,0.2914051222294629,013-0008,DEFINED
SEQUENCE_RIDGE_COMPOSITION_ONLY,R4_PXD017052_NSCLC:013-0008_Early:SP-333,18,0.22807017543859648,0.26169998683202655,0.30169379047016365,013-0008,DEFINED
SEQUENCE_RIDGE_COMPOSITION_ONLY,R4_PXD017052_NSCLC:013-0008_Early:SP-339,29,-0.00935960591133005,0.2660177337037381,0.3142196305841481,013-0008,DEFINED
SEQUENCE_RIDGE_COMPOSITION_ONLY,R4_PXD017052_NSCLC:013-0021_Early:SP-003,33,-0.012032085561497326,0.26789500220630613,0.3142697399752428,013-0021,DEFINED
SEQUENCE_RIDGE_COMPOSITION_ONLY,R4_PXD017052_NSCLC:013-0021_Early:SP-006,34,0.2617265087853323,0.25299552037037487,0.2905231912409984,013-0021,DEFINED
SEQUENCE_RIDGE_COMPOSITION_ONLY,R4_PXD017052_NSCLC:013-0021_Early:SP-007,32,0.2994868035190616,0.2536565823915026,0.2876368552769342,013-0021,DEFINED
SEQUENCE_RIDGE_COMPOSITION_ONLY,R4_PXD017052_NSCLC:013-0021_Early:SP-333,33,0.06851604278074866,0.2598227447040828,0.3063128238090155,013-0021,DEFINED
SEQUENCE_RIDGE_COMPOSITION_ONLY,R4_PXD017052_NSCLC:013-0021_Early:SP-339,31,-0.049193548387096775,0.2803087683332259,0.31754923820178377,013-0021,DEFINED
SEQUENCE_RIDGE_COMPOSITION_ONLY,R4_PXD017052_NSCLC:013-0032_Early:SP-003,33,-0.10327540106951871,0.2735768203881243,0.32149672633082443,013-0032,DEFINED
SEQUENCE_RIDGE_COMPOSITION_ONLY,R4_PXD017052_NSCLC:013-0032_Early:SP-006,33,0.12299465240641712,0.26115188782335524,0.3025676294539716,013-0032,DEFINED
SEQUENCE_RIDGE_COMPOSITION_ONLY,R4_PXD017052_NSCLC:013-0032_Early:SP-007,33,0.20989304812834225,0.2552328160666872,0.2952520557981612,013-0032,DEFINED
SEQUENCE_RIDGE_COMPOSITION_ONLY,R4_PXD017052_NSCLC:013-0032_Early:SP-333,30,0.01935483870967742,0.2632518604298796,0.3104958947252467,013-0032,DEFINED
SEQUENCE_RIDGE_COMPOSITION_ONLY,R4_PXD017052_NSCLC:013-0032_Early:SP-339,32,-0.12609970674486803,0.28071220484445375,0.3227949077085399,013-0032,DEFINED
SEQUENCE_RIDGE_COMPOSITION_ONLY,R4_PXD017052_NSCLC:014-0024_Healthy:SP-003,30,-0.026918798665183537,0.27606972391758394,0.3154346638692974,014-0024,DEFINED
SEQUENCE_RIDGE_COMPOSITION_ONLY,R4_PXD017052_NSCLC:014-0024_Healthy:SP-006,30,0.08476084538375973,0.25807751626190645,0.3063567092910128,014-0024,DEFINED
SEQUENCE_RIDGE_COMPOSITION_ONLY,R4_PXD017052_NSCLC:014-0024_Healthy:SP-007,28,0.3065134099616858,0.24657480429488307,0.2876645119840908,014-0024,DEFINED
SEQUENCE_RIDGE_COMPOSITION_ONLY,R4_PXD017052_NSCLC:014-0024_Healthy:SP-333,14,-0.13406593406593406,0.2913891039019706,0.3344121028780401,014-0024,DEFINED
SEQUENCE_RIDGE_COMPOSITION_ONLY,R4_PXD017052_NSCLC:014-0024_Healthy:SP-339,20,0.2586466165413534,0.2458656122871476,0.293816033997061,014-0024,DEFINED
SEQUENCE_RIDGE_COMPOSITION_ONLY,R4_PXD017052_NSCLC:014-0032_Healthy:SP-003,30,-0.13370411568409343,0.2760697239175839,0.3213732933982442,014-0032,DEFINED
SEQUENCE_RIDGE_COMPOSITION_ONLY,R4_PXD017052_NSCLC:014-0032_Healthy:SP-006,25,0.17076923076923076,0.25436797466068295,0.29880391364095954,014-0032,DEFINED
SEQUENCE_RIDGE_COMPOSITION_ONLY,R4_PXD017052_NSCLC:014-0032_Healthy:SP-007,24,0.2782608695652174,0.2534488105043009,0.2898185055521674,014-0032,DEFINED
SEQUENCE_RIDGE_COMPOSITION_ONLY,R4_PXD017052_NSCLC:014-0032_Healthy:SP-333,13,-0.31868131868131866,0.3008626271220117,0.3457970742197106,014-0032,DEFINED
SEQUENCE_RIDGE_COMPOSITION_ONLY,R4_PXD017052_NSCLC:014-0032_Healthy:SP-339,24,-0.09565217391304348,0.27036530862988634,0.321127783207377,014-0032,DEFINED
SEQUENCE_RIDGE_COMPOSITION_ONLY,R4_PXD017052_NSCLC:014-0036_Healthy:SP-003,31,-0.025,0.27391262300331903,0.3159965179719677,014-0036,DEFINED
SEQUENCE_RIDGE_COMPOSITION_ONLY,R4_PXD017052_NSCLC:014-0036_Healthy:SP-006,31,0.20201612903225807,0.25946216160016755,0.295783820747011,014-0036,DEFINED
SEQUENCE_RIDGE_COMPOSITION_ONLY,R4_PXD017052_NSCLC:014-0036_Healthy:SP-007,28,0.3716475095785441,0.24393276461872504,0.28070337676857054,014-0036,DEFINED
SEQUENCE_RIDGE_COMPOSITION_ONLY,R4_PXD017052_NSCLC:014-0036_Healthy:SP-333,15,0.3464285714285714,0.25520843433172674,0.2939102684660077,014-0036,DEFINED
SEQUENCE_RIDGE_COMPOSITION_ONLY,R4_PXD017052_NSCLC:014-0036_Healthy:SP-339,26,-0.12205128205128205,0.28922522726157074,0.32490460460380094,014-0036,DEFINED
SEQUENCE_RIDGE_COMPOSITION_ONLY,R4_PXD017052_NSCLC:014-0037_Healthy:SP-003,29,-0.07733990147783251,0.2720786033354202,0.3182677796482468,014-0037,DEFINED
SEQUENCE_RIDGE_COMPOSITION_ONLY,R4_PXD017052_NSCLC:014-0037_Healthy:SP-006,29,0.04729064039408867,0.26271450941961727,0.3077116347097385,014-0037,DEFINED
SEQUENCE_RIDGE_COMPOSITION_ONLY,R4_PXD017052_NSCLC:014-0037_Healthy:SP-007,24,0.15478260869565216,0.27462038983301196,0.30034842347567287,014-0037,DEFINED
SEQUENCE_RIDGE_COMPOSITION_ONLY,R4_PXD017052_NSCLC:014-0037_Healthy:SP-333,11,0.20909090909090908,0.2877367050796114,0.31581304097434076,014-0037,DEFINED
SEQUENCE_RIDGE_COMPOSITION_ONLY,R4_PXD017052_NSCLC:014-0037_Healthy:SP-339,23,-0.1324110671936759,0.27576849045276874,0.32271181232852764,014-0037,DEFINED
SEQUENCE_RIDGE_COMPOSITION_ONLY,R4_PXD017052_NSCLC:014-0038_Healthy:SP-003,31,0.05887096774193548,0.2671010635663163,0.30816565799194817,014-0038,DEFINED
SEQUENCE_RIDGE_COMPOSITION_ONLY,R4_PXD017052_NSCLC:014-0038_Healthy:SP-006,34,0.2397249809014515,0.2555479082772664,0.2921273662732958,014-0038,DEFINED
SEQUENCE_RIDGE_COMPOSITION_ONLY,R4_PXD017052_NSCLC:014-0038_Healthy:SP-007,26,0.20957264957264957,0.2584628128463554,0.29633611417755196,014-0038,DEFINED
SEQUENCE_RIDGE_COMPOSITION_ONLY,R4_PXD017052_NSCLC:014-0038_Healthy:SP-333,21,-0.22857142857142856,0.2886561855725758,0.3296469475647587,014-0038,DEFINED
SEQUENCE_RIDGE_COMPOSITION_ONLY,R4_PXD017052_NSCLC:014-0038_Healthy:SP-339,25,0.18846153846153846,0.24702363668409383,0.2964280981686608,014-0038,DEFINED
SEQUENCE_RIDGE_COMPOSITION_ONLY,R4_PXD017052_NSCLC:014-0041_Healthy:SP-003,30,-0.026028921023359287,0.2698011679845221,0.3152611057653296,014-0041,DEFINED
SEQUENCE_RIDGE_COMPOSITION_ONLY,R4_PXD017052_NSCLC:014-0041_Healthy:SP-006,31,0.2584677419354839,0.2533655413269857,0.28947670733691516,014-0041,DEFINED
SEQUENCE_RIDGE_COMPOSITION_ONLY,R4_PXD017052_NSCLC:014-0041_Healthy:SP-007,19,0.18947368421052632,0.2489355334489223,0.29532461374707997,014-0041,DEFINED
SEQUENCE_RIDGE_COMPOSITION_ONLY,R4_PXD017052_NSCLC:014-0041_Healthy:SP-333,23,-0.025691699604743084,0.2793573887834858,0.3136692449916475,014-0041,DEFINED
SEQUENCE_RIDGE_COMPOSITION_ONLY,R4_PXD017052_NSCLC:014-0041_Healthy:SP-339,22,0.014116318464144552,0.27190106867439945,0.31260017297112275,014-0041,DEFINED
SEQUENCE_RIDGE_COMPOSITION_ONLY,R4_PXD017052_NSCLC:014-0049_Healthy:SP-003,30,0.03492769744160178,0.2771640033126241,0.3108619094777031,014-0049,DEFINED
SEQUENCE_RIDGE_COMPOSITION_ONLY,R4_PXD017052_NSCLC:014-0049_Healthy:SP-006,32,0.19134897360703812,0.2568875866835979,0.2963058912427074,014-0049,DEFINED
SEQUENCE_RIDGE_COMPOSITION_ONLY,R4_PXD017052_NSCLC:014-0049_Healthy:SP-007,24,0.2252173913043478,0.26485512967860014,0.2947057166248414,014-0049,DEFINED
SEQUENCE_RIDGE_COMPOSITION_ONLY,R4_PXD017052_NSCLC:014-0049_Healthy:SP-333,15,0.18571428571428572,0.2673363074831302,0.30410759615109223,014-0049,DEFINED
SEQUENCE_RIDGE_COMPOSITION_ONLY,R4_PXD017052_NSCLC:014-0049_Healthy:SP-339,24,0.0391304347826087,0.25679236811649736,0.3099712028752116,014-0049,DEFINED
SEQUENCE_RIDGE_COMPOSITION_ONLY,R4_PXD017052_NSCLC:014-0052_Healthy:SP-003,30,-0.059844271412680755,0.27470744434310024,0.31764264701319656,014-0052,DEFINED
SEQUENCE_RIDGE_COMPOSITION_ONLY,R4_PXD017052_NSCLC:014-0052_Healthy:SP-006,28,0.05199781061850027,0.26925842567785113,0.30815877204890213,014-0052,DEFINED
SEQUENCE_RIDGE_COMPOSITION_ONLY,R4_PXD017052_NSCLC:014-0052_Healthy:SP-007,27,0.18376068376068377,0.2603460215805727,0.2974756847097053,014-0052,DEFINED
SEQUENCE_RIDGE_COMPOSITION_ONLY,R4_PXD017052_NSCLC:014-0052_Healthy:SP-333,12,-0.22377622377622378,0.3136985297433126,0.34822552445925015,014-0052,DEFINED
SEQUENCE_RIDGE_COMPOSITION_ONLY,R4_PXD017052_NSCLC:014-0052_Healthy:SP-339,19,0.056140350877192984,0.26213311744508333,0.31480740283836683,014-0052,DEFINED
SEQUENCE_RIDGE_COMPOSITION_ONLY,R4_PXD017052_NSCLC:014-0065_Healthy:SP-003,27,-0.023809523809523808,0.26256065024885733,0.3158030991190462,014-0065,DEFINED
SEQUENCE_RIDGE_COMPOSITION_ONLY,R4_PXD017052_NSCLC:014-0065_Healthy:SP-006,32,0.12390029325513197,0.2620434779640208,0.3029786992718355,014-0065,DEFINED
SEQUENCE_RIDGE_COMPOSITION_ONLY,R4_PXD017052_NSCLC:014-0065_Healthy:SP-007,21,0.08311688311688312,0.25981836765915584,0.3037066423171886,014-0065,DEFINED
SEQUENCE_RIDGE_COMPOSITION_ONLY,R4_PXD017052_NSCLC:014-0065_Healthy:SP-333,13,-0.06043956043956044,0.2860475942503792,0.3276455477248811,014-0065,DEFINED
SEQUENCE_RIDGE_COMPOSITION_ONLY,R4_PXD017052_NSCLC:014-0065_Healthy:SP-339,12,-0.08391608391608392,0.27011104235945577,0.32753074466859244,014-0065,DEFINED
SEQUENCE_RIDGE_COMPOSITION_ONLY,R4_PXD017052_NSCLC:014-0066_Healthy:SP-003,31,-0.07822580645161291,0.28360088390447863,0.3190840289516456,014-0066,DEFINED
SEQUENCE_RIDGE_COMPOSITION_ONLY,R4_PXD017052_NSCLC:014-0066_Healthy:SP-006,32,0.20967741935483872,0.24975066304394042,0.29599648140616014,014-0066,DEFINED
SEQUENCE_RIDGE_COMPOSITION_ONLY,R4_PXD017052_NSCLC:014-0066_Healthy:SP-007,29,0.3522167487684729,0.24055452311828307,0.28260453483164855,014-0066,DEFINED
SEQUENCE_RIDGE_COMPOSITION_ONLY,R4_PXD017052_NSCLC:014-0066_Healthy:SP-333,16,0.029411764705882353,0.2682972869115028,0.3191718115438989,014-0066,DEFINED
SEQUENCE_RIDGE_COMPOSITION_ONLY,R4_PXD017052_NSCLC:014-0066_Healthy:SP-339,28,-0.16803503010399562,0.2775932933651465,0.32589180119835737,014-0066,DEFINED
SEQUENCE_RIDGE_COMPOSITION_ONLY,R4_PXD017052_NSCLC:014-0068_Healthy:SP-003,33,-0.042446524064171126,0.2754707597820637,0.3169508087784442,014-0068,DEFINED
SEQUENCE_RIDGE_COMPOSITION_ONLY,R4_PXD017052_NSCLC:014-0068_Healthy:SP-006,33,0.1627673796791444,0.2567951026501141,0.2997703889695277,014-0068,DEFINED
SEQUENCE_RIDGE_COMPOSITION_ONLY,R4_PXD017052_NSCLC:014-0068_Healthy:SP-007,28,0.3278598795840175,0.24510765844923124,0.28705146362818135,014-0068,DEFINED
SEQUENCE_RIDGE_COMPOSITION_ONLY,R4_PXD017052_NSCLC:014-0068_Healthy:SP-333,15,0.13214285714285715,0.2662023365975162,0.31047075698678955,014-0068,DEFINED
SEQUENCE_RIDGE_COMPOSITION_ONLY,R4_PXD017052_NSCLC:014-0068_Healthy:SP-339,18,0.054695562435500514,0.2630391441193907,0.31554794476576364,014-0068,DEFINED
SEQUENCE_RIDGE_COMPOSITION_ONLY,R4_PXD017052_NSCLC:015-0005_Early:SP-003,32,0.08357771260997067,0.2686009534796811,0.3066492666885674,015-0005,DEFINED
SEQUENCE_RIDGE_COMPOSITION_ONLY,R4_PXD017052_NSCLC:015-0005_Early:SP-006,34,0.21283422459893048,0.2547811775748124,0.2948254627015891,015-0005,DEFINED
SEQUENCE_RIDGE_COMPOSITION_ONLY,R4_PXD017052_NSCLC:015-0005_Early:SP-007,30,0.2778642936596218,0.25373801385368505,0.2884358204385293,015-0005,DEFINED
SEQUENCE_RIDGE_COMPOSITION_ONLY,R4_PXD017052_NSCLC:015-0005_Early:SP-333,19,0.1631578947368421,0.25886508875305625,0.30431057572392894,015-0005,DEFINED
SEQUENCE_RIDGE_COMPOSITION_ONLY,R4_PXD017052_NSCLC:015-0005_Early:SP-339,29,0.042364532019704436,0.26992182170883694,0.3095087893326597,015-0005,DEFINED
SEQUENCE_RIDGE_COMPOSITION_ONLY,R4_PXD017052_NSCLC:015-0007_Early:SP-003,33,0.023061497326203207,0.26888609180054324,0.3109103555452236,015-0007,DEFINED
SEQUENCE_RIDGE_COMPOSITION_ONLY,R4_PXD017052_NSCLC:015-0007_Early:SP-006,32,0.1532258064516129,0.25934343995243003,0.29956273438132364,015-0007,DEFINED
SEQUENCE_RIDGE_COMPOSITION_ONLY,R4_PXD017052_NSCLC:015-0007_Early:SP-007,24,0.24,0.26413305321381725,0.2929744477158887,015-0007,DEFINED
SEQUENCE_RIDGE_COMPOSITION_ONLY,R4_PXD017052_NSCLC:015-0007_Early:SP-333,13,0.054945054945054944,0.28981886213360897,0.3244386246038293,015-0007,DEFINED
SEQUENCE_RIDGE_COMPOSITION_ONLY,R4_PXD017052_NSCLC:015-0007_Early:SP-339,28,-0.05747126436781609,0.2755832992757031,0.3170936386402648,015-0007,DEFINED
SEQUENCE_RIDGE_COMPOSITION_ONLY,R4_PXD017052_NSCLC:017-0071_Early:SP-003,10,-0.7333333333333333,0.3333048833473983,0.38610536250225397,017-0071,DEFINED
SEQUENCE_RIDGE_COMPOSITION_ONLY,R4_PXD017052_NSCLC:017-0071_Early:SP-006,13,-0.34065934065934067,0.3180104059704375,0.3449711125992158,017-0071,DEFINED
SEQUENCE_RIDGE_COMPOSITION_ONLY,R4_PXD017052_NSCLC:018-0004_Early:SP-003,33,-0.20320855614973263,0.2826370375971137,0.32912783021170416,018-0004,DEFINED
SEQUENCE_RIDGE_COMPOSITION_ONLY,R4_PXD017052_NSCLC:018-0004_Early:SP-006,34,0.11871657754010695,0.259980861301959,0.3020332993620293,018-0004,DEFINED
SEQUENCE_RIDGE_COMPOSITION_ONLY,R4_PXD017052_NSCLC:018-0004_Early:SP-007,30,0.12169076751946607,0.26188773037937485,0.29839901079609255,018-0004,DEFINED
SEQUENCE_RIDGE_COMPOSITION_ONLY,R4_PXD017052_NSCLC:018-0004_Early:SP-333,25,0.07692307692307693,0.2552185530633138,0.30930634920333067,018-0004,DEFINED
SEQUENCE_RIDGE_COMPOSITION_ONLY,R4_PXD017052_NSCLC:018-0004_Early:SP-339,30,-0.18487208008898776,0.2841426987212785,0.32763212007399467,018-0004,DEFINED
SEQUENCE_RIDGE_COMPOSITION_ONLY,R4_PXD017052_NSCLC:019-0003_Early:SP-003,13,-0.4230769230769231,0.3117478373173957,0.3569670530739025,019-0003,DEFINED
SEQUENCE_RIDGE_COMPOSITION_ONLY,R4_PXD017052_NSCLC:019-0003_Early:SP-006,17,-0.03431372549019608,0.27356857067188955,0.3171854810794978,019-0003,DEFINED
SEQUENCE_RIDGE_COMPOSITION_ONLY,R4_PXD017052_NSCLC:020-0004_Healthy:SP-003,32,0.05865102639296188,0.25916705896190356,0.30860918479708455,020-0004,DEFINED
SEQUENCE_RIDGE_COMPOSITION_ONLY,R4_PXD017052_NSCLC:020-0004_Healthy:SP-006,33,0.15942513368983957,0.2594668039020958,0.29951391094459395,020-0004,DEFINED
SEQUENCE_RIDGE_COMPOSITION_ONLY,R4_PXD017052_NSCLC:020-0004_Healthy:SP-007,32,0.250733137829912,0.24655503164853965,0.2927622933416501,020-0004,DEFINED
SEQUENCE_RIDGE_COMPOSITION_ONLY,R4_PXD017052_NSCLC:020-0004_Healthy:SP-333,13,0.2032967032967033,0.28182619353439786,0.31333378636428233,020-0004,DEFINED
SEQUENCE_RIDGE_COMPOSITION_ONLY,R4_PXD017052_NSCLC:020-0004_Healthy:SP-339,30,-0.08832035595105674,0.2713295989091852,0.3190258947803097,020-0004,DEFINED
SEQUENCE_RIDGE_COMPOSITION_ONLY,R4_PXD017052_NSCLC:020-0006_Healthy:SP-003,33,-0.1300133689839572,0.2697889416002455,0.32327743026159,020-0006,DEFINED
SEQUENCE_RIDGE_COMPOSITION_ONLY,R4_PXD017052_NSCLC:020-0006_Healthy:SP-006,33,0.20755347593582887,0.25988100971818573,0.2959206638105279,020-0006,DEFINED
SEQUENCE_RIDGE_COMPOSITION_ONLY,R4_PXD017052_NSCLC:020-0006_Healthy:SP-007,29,0.28029556650246307,0.26008710238819005,0.29008868029387175,020-0006,DEFINED
SEQUENCE_RIDGE_COMPOSITION_ONLY,R4_PXD017052_NSCLC:020-0006_Healthy:SP-333,17,0.022058823529411766,0.2701936814683435,0.3178255399006369,020-0006,DEFINED
SEQUENCE_RIDGE_COMPOSITION_ONLY,R4_PXD017052_NSCLC:020-0006_Healthy:SP-339,27,0.026251526251526252,0.26855432786558037,0.31124544901335516,020-0006,DEFINED
SEQUENCE_RIDGE_COMPOSITION_ONLY,R4_PXD017052_NSCLC:020-0007_Healthy:SP-003,32,0.023826979472140762,0.2695485867988023,0.3112866620635419,020-0007,DEFINED
SEQUENCE_RIDGE_COMPOSITION_ONLY,R4_PXD017052_NSCLC:020-0007_Healthy:SP-006,33,0.1590909090909091,0.26095126353532777,0.2984988260686423,020-0007,DEFINED
SEQUENCE_RIDGE_COMPOSITION_ONLY,R4_PXD017052_NSCLC:020-0007_Healthy:SP-007,28,0.19813902572523262,0.2529090511943363,0.29842737601415403,020-0007,DEFINED
SEQUENCE_RIDGE_COMPOSITION_ONLY,R4_PXD017052_NSCLC:020-0007_Healthy:SP-333,17,0.09558823529411764,0.25950205645629,0.3120319299887925,020-0007,DEFINED
SEQUENCE_RIDGE_COMPOSITION_ONLY,R4_PXD017052_NSCLC:020-0007_Healthy:SP-339,28,-0.06294471811713191,0.27498520728695997,0.3171368996883255,020-0007,DEFINED
SEQUENCE_RIDGE_COMPOSITION_ONLY,R4_PXD017052_NSCLC:020-0011_Healthy:SP-003,32,-0.0032991202346041057,0.26534355293723133,0.3136304638209646,020-0011,DEFINED
SEQUENCE_RIDGE_COMPOSITION_ONLY,R4_PXD017052_NSCLC:020-0011_Healthy:SP-006,29,0.07536945812807881,0.2640707068199353,0.3086470084794757,020-0011,DEFINED
SEQUENCE_RIDGE_COMPOSITION_ONLY,R4_PXD017052_NSCLC:020-0011_Healthy:SP-007,28,0.14340448823207444,0.26357703155363293,0.302584502419713,020-0011,DEFINED
SEQUENCE_RIDGE_COMPOSITION_ONLY,R4_PXD017052_NSCLC:020-0011_Healthy:SP-333,15,0.1357142857142857,0.26840486565839444,0.3150074412844037,020-0011,DEFINED
SEQUENCE_RIDGE_COMPOSITION_ONLY,R4_PXD017052_NSCLC:020-0011_Healthy:SP-339,26,-0.003076923076923077,0.2749762446649914,0.3151639038438212,020-0011,DEFINED
SEQUENCE_RIDGE_COMPOSITION_ONLY,R4_PXD017052_NSCLC:020-0014_Healthy:SP-003,28,-0.09304871373836891,0.2666896741423112,0.321573695395286,020-0014,DEFINED
SEQUENCE_RIDGE_COMPOSITION_ONLY,R4_PXD017052_NSCLC:020-0014_Healthy:SP-006,24,-0.008695652173913044,0.27384183559638103,0.31327654698341756,020-0014,DEFINED
SEQUENCE_RIDGE_COMPOSITION_ONLY,R4_PXD017052_NSCLC:020-0014_Healthy:SP-007,19,0.5350877192982456,0.23226159751450356,0.2673368079003998,020-0014,DEFINED
SEQUENCE_RIDGE_COMPOSITION_ONLY,R4_PXD017052_NSCLC:020-0014_Healthy:SP-333,10,-0.10303030303030303,0.3180943982815655,0.3444376757496958,020-0014,DEFINED
SEQUENCE_RIDGE_COMPOSITION_ONLY,R4_PXD017052_NSCLC:020-0014_Healthy:SP-339,14,-0.07692307692307693,0.2747321384661115,0.32604762040145235,020-0014,DEFINED
SEQUENCE_RIDGE_COMPOSITION_ONLY,R4_PXD017052_NSCLC:020-0015_Healthy:SP-003,33,-0.028409090909090908,0.26789500220630613,0.3159559188800514,020-0015,DEFINED
SEQUENCE_RIDGE_COMPOSITION_ONLY,R4_PXD017052_NSCLC:020-0015_Healthy:SP-006,33,0.13502673796791445,0.2617749491121251,0.3007247670205587,020-0015,DEFINED
SEQUENCE_RIDGE_COMPOSITION_ONLY,R4_PXD017052_NSCLC:020-0015_Healthy:SP-007,29,0.22512315270935962,0.26451483327356046,0.2952749372736021,020-0015,DEFINED
SEQUENCE_RIDGE_COMPOSITION_ONLY,R4_PXD017052_NSCLC:020-0015_Healthy:SP-333,25,-0.02846153846153846,0.28092368527059824,0.3164329151878609,020-0015,DEFINED
SEQUENCE_RIDGE_COMPOSITION_ONLY,R4_PXD017052_NSCLC:020-0015_Healthy:SP-339,29,0.019704433497536946,0.26879515784743063,0.3114353489432227,020-0015,DEFINED
SEQUENCE_RIDGE_COMPOSITION_ONLY,R4_PXD017052_NSCLC:020-0016_Healthy:SP-003,32,-0.0967741935483871,0.27647886376545994,0.3210631080319709,020-0016,DEFINED
SEQUENCE_RIDGE_COMPOSITION_ONLY,R4_PXD017052_NSCLC:020-0016_Healthy:SP-006,33,0.18683155080213903,0.25813390227957117,0.29803321254187337,020-0016,DEFINED
SEQUENCE_RIDGE_COMPOSITION_ONLY,R4_PXD017052_NSCLC:020-0016_Healthy:SP-007,25,0.19538461538461538,0.2515925815233124,0.2980917457570967,020-0016,DEFINED
SEQUENCE_RIDGE_COMPOSITION_ONLY,R4_PXD017052_NSCLC:020-0016_Healthy:SP-333,14,0.07252747252747253,0.27003583594772,0.3174862011289949,020-0016,DEFINED
SEQUENCE_RIDGE_COMPOSITION_ONLY,R4_PXD017052_NSCLC:020-0016_Healthy:SP-339,23,-0.06818181818181818,0.27121068528339576,0.32152124250410125,020-0016,DEFINED
SEQUENCE_RIDGE_COMPOSITION_ONLY,R4_PXD017052_NSCLC:020-0017_Healthy:SP-003,29,-0.09064039408866995,0.27160431471207425,0.31902303250155073,020-0017,DEFINED
SEQUENCE_RIDGE_COMPOSITION_ONLY,R4_PXD017052_NSCLC:020-0017_Healthy:SP-006,21,0.24805194805194805,0.2524234882771008,0.29521845096001653,020-0017,DEFINED
SEQUENCE_RIDGE_COMPOSITION_ONLY,R4_PXD017052_NSCLC:020-0017_Healthy:SP-007,25,0.22538461538461538,0.2460626092738341,0.29427896427620415,020-0017,DEFINED
SEQUENCE_RIDGE_COMPOSITION_ONLY,R4_PXD017052_NSCLC:020-0017_Healthy:SP-333,11,-0.07272727272727272,0.30523534890908555,0.34010467474914013,020-0017,DEFINED
SEQUENCE_RIDGE_COMPOSITION_ONLY,R4_PXD017052_NSCLC:020-0017_Healthy:SP-339,19,-0.054385964912280704,0.29168852132946277,0.3239296036040693,020-0017,DEFINED
SEQUENCE_RIDGE_COMPOSITION_ONLY,R4_PXD017052_NSCLC:020-0019_Healthy:SP-003,25,-0.12153846153846154,0.2625565356419521,0.3212157630251891,020-0019,DEFINED
SEQUENCE_RIDGE_COMPOSITION_ONLY,R4_PXD017052_NSCLC:020-0019_Healthy:SP-006,24,0.08956521739130435,0.2630955155402042,0.3066349444386049,020-0019,DEFINED
SEQUENCE_RIDGE_COMPOSITION_ONLY,R4_PXD017052_NSCLC:020-0019_Healthy:SP-007,20,0.12481203007518797,0.26068255397218,0.3013083514348667,020-0019,DEFINED
SEQUENCE_RIDGE_COMPOSITION_ONLY,R4_PXD017052_NSCLC:020-0029_Healthy:SP-003,32,-0.032991202346041054,0.27647886376545994,0.316924339643751,020-0029,DEFINED
SEQUENCE_RIDGE_COMPOSITION_ONLY,R4_PXD017052_NSCLC:020-0029_Healthy:SP-006,30,0.0046718576195773085,0.2713341737998528,0.3109387925714376,020-0029,DEFINED
SEQUENCE_RIDGE_COMPOSITION_ONLY,R4_PXD017052_NSCLC:020-0029_Healthy:SP-007,30,0.3054505005561735,0.2576328444612906,0.2879740023847633,020-0029,DEFINED
SEQUENCE_RIDGE_COMPOSITION_ONLY,R4_PXD017052_NSCLC:020-0029_Healthy:SP-333,17,0.37254901960784315,0.2610578671578014,0.2941297338745899,020-0029,DEFINED
SEQUENCE_RIDGE_COMPOSITION_ONLY,R4_PXD017052_NSCLC:020-0029_Healthy:SP-339,28,-0.16365626710454298,0.28816450135803245,0.32757245870749024,020-0029,DEFINED
SEQUENCE_RIDGE_COMPOSITION_ONLY,R4_PXD017052_NSCLC:020-0032_Healthy:SP-003,32,-0.10483870967741936,0.27043047666868575,0.3221990936395524,020-0032,DEFINED
SEQUENCE_RIDGE_COMPOSITION_ONLY,R4_PXD017052_NSCLC:020-0032_Healthy:SP-006,28,0.10892172961138478,0.2591770617936771,0.30307506991875155,020-0032,DEFINED
SEQUENCE_RIDGE_COMPOSITION_ONLY,R4_PXD017052_NSCLC:020-0032_Healthy:SP-007,27,0.34065934065934067,0.24485830975250109,0.28435941551469657,020-0032,DEFINED
SEQUENCE_RIDGE_COMPOSITION_ONLY,R4_PXD017052_NSCLC:020-0032_Healthy:SP-333,14,0.2043956043956044,0.2711241545705759,0.30978485261839106,020-0032,DEFINED
SEQUENCE_RIDGE_COMPOSITION_ONLY,R4_PXD017052_NSCLC:020-0032_Healthy:SP-339,28,-0.07060755336617405,0.27217255538769297,0.31914034738958486,020-0032,DEFINED
SEQUENCE_RIDGE_COMPOSITION_ONLY,R4_PXD017052_NSCLC:020-0034_Healthy:SP-003,31,-0.03306451612903226,0.2719748207370315,0.31511172969032697,020-0034,DEFINED
SEQUENCE_RIDGE_COMPOSITION_ONLY,R4_PXD017052_NSCLC:020-0034_Healthy:SP-006,30,0.07052280311457175,0.2672840721071674,0.3057836741441353,020-0034,DEFINED
SEQUENCE_RIDGE_COMPOSITION_ONLY,R4_PXD017052_NSCLC:020-0034_Healthy:SP-007,27,0.13675213675213677,0.25587913311689253,0.30109142851118587,020-0034,DEFINED
SEQUENCE_RIDGE_COMPOSITION_ONLY,R4_PXD017052_NSCLC:020-0034_Healthy:SP-333,10,-0.5151515151515151,0.32027429099207283,0.3658044687065951,020-0034,DEFINED
SEQUENCE_RIDGE_COMPOSITION_ONLY,R4_PXD017052_NSCLC:020-0034_Healthy:SP-339,26,-0.09333333333333334,0.27180044280997906,0.3180745373748951,020-0034,DEFINED
SEQUENCE_RIDGE_COMPOSITION_ONLY,R4_PXD017052_NSCLC:020-0035_Healthy:SP-003,32,0.053885630498533725,0.2620323963199282,0.308950868997391,020-0035,DEFINED
SEQUENCE_RIDGE_COMPOSITION_ONLY,R4_PXD017052_NSCLC:020-0035_Healthy:SP-006,25,0.046153846153846156,0.2680309781626877,0.31040206845390034,020-0035,DEFINED
SEQUENCE_RIDGE_COMPOSITION_ONLY,R4_PXD017052_NSCLC:020-0035_Healthy:SP-007,27,0.23443223443223443,0.25080974103197157,0.29433440005489686,020-0035,DEFINED
SEQUENCE_RIDGE_COMPOSITION_ONLY,R4_PXD017052_NSCLC:020-0035_Healthy:SP-333,10,0.05454545454545454,0.314334889078392,0.3328447582309709,020-0035,DEFINED
SEQUENCE_RIDGE_COMPOSITION_ONLY,R4_PXD017052_NSCLC:020-0035_Healthy:SP-339,21,-0.08181818181818182,0.2759737911749069,0.32269092124250287,020-0035,DEFINED
SEQUENCE_RIDGE_COMPOSITION_ONLY,R4_PXD017052_NSCLC:020-0036_Healthy:SP-003,33,-0.00768716577540107,0.2754707597820637,0.3147342299316302,020-0036,DEFINED
SEQUENCE_RIDGE_COMPOSITION_ONLY,R4_PXD017052_NSCLC:020-0036_Healthy:SP-006,32,0.1840175953079179,0.258903715715856,0.2977005912659626,020-0036,DEFINED
SEQUENCE_RIDGE_COMPOSITION_ONLY,R4_PXD017052_NSCLC:020-0036_Healthy:SP-007,27,0.17032967032967034,0.2639291180430063,0.2982222463193506,020-0036,DEFINED
SEQUENCE_RIDGE_COMPOSITION_ONLY,R4_PXD017052_NSCLC:020-0036_Healthy:SP-333,16,0.09117647058823529,0.2753753325554094,0.317818855302887,020-0036,DEFINED
SEQUENCE_RIDGE_COMPOSITION_ONLY,R4_PXD017052_NSCLC:020-0036_Healthy:SP-339,31,-0.03951612903225806,0.27112766400116073,0.3161423676396178,020-0036,DEFINED
SEQUENCE_RIDGE_COMPOSITION_ONLY,R4_PXD017052_NSCLC:020-0037_Healthy:SP-003,27,-0.24236874236874237,0.28220530291813184,0.33080196104361476,020-0037,DEFINED
SEQUENCE_RIDGE_COMPOSITION_ONLY,R4_PXD017052_NSCLC:020-0037_Healthy:SP-006,29,0.2,0.2629181216024849,0.2977855997555079,020-0037,DEFINED
SEQUENCE_RIDGE_COMPOSITION_ONLY,R4_PXD017052_NSCLC:020-0037_Healthy:SP-007,24,0.07130434782608695,0.26983176715353274,0.3078940639585064,020-0037,DEFINED
SEQUENCE_RIDGE_COMPOSITION_ONLY,R4_PXD017052_NSCLC:020-0037_Healthy:SP-339,13,-0.24175824175824176,0.29929634080572143,0.34262041090504614,020-0037,DEFINED
SEQUENCE_RIDGE_COMPOSITION_ONLY,R4_PXD017052_NSCLC:020-0038_Healthy:SP-003,30,-0.14972191323692993,0.27831616653222396,0.3227541269318599,020-0038,DEFINED
SEQUENCE_RIDGE_COMPOSITION_ONLY,R4_PXD017052_NSCLC:020-0038_Healthy:SP-006,28,0.013683634373289545,0.2760522925274266,0.31020032686891985,020-0038,DEFINED
SEQUENCE_RIDGE_COMPOSITION_ONLY,R4_PXD017052_NSCLC:020-0038_Healthy:SP-007,23,0.20355731225296442,0.2667544673266917,0.2953709280623795,020-0038,DEFINED
SEQUENCE_RIDGE_COMPOSITION_ONLY,R4_PXD017052_NSCLC:020-0038_Healthy:SP-333,15,-0.18214285714285713,0.2895928780965302,0.33334267591547595,020-0038,DEFINED
SEQUENCE_RIDGE_COMPOSITION_ONLY,R4_PXD017052_NSCLC:020-0038_Healthy:SP-339,25,0.05153846153846154,0.26002617039249176,0.3074942437674053,020-0038,DEFINED
SEQUENCE_RIDGE_COMPOSITION_ONLY,R4_PXD017052_NSCLC:020-0039_Healthy:SP-003,31,-0.046370967741935484,0.2751759326077519,0.31535702266040777,020-0039,DEFINED
SEQUENCE_RIDGE_COMPOSITION_ONLY,R4_PXD017052_NSCLC:020-0039_Healthy:SP-006,29,-0.00541871921182266,0.2723835594093016,0.31245156820957243,020-0039,DEFINED
SEQUENCE_RIDGE_COMPOSITION_ONLY,R4_PXD017052_NSCLC:020-0039_Healthy:SP-007,23,0.2124505928853755,0.2616028788623685,0.29722190674156584,020-0039,DEFINED
SEQUENCE_RIDGE_COMPOSITION_ONLY,R4_PXD017052_NSCLC:020-0039_Healthy:SP-339,12,-0.2867132867132867,0.2979478895361303,0.34802853461949557,020-0039,DEFINED
SEQUENCE_RIDGE_COMPOSITION_ONLY,R4_PXD017052_NSCLC:020-0040_Healthy:SP-003,21,-0.22207792207792207,0.2779671231454115,0.33382317939601464,020-0040,DEFINED
SEQUENCE_RIDGE_COMPOSITION_ONLY,R4_PXD017052_NSCLC:020-0040_Healthy:SP-006,17,0.2181372549019608,0.25247333651786286,0.30099215587066114,020-0040,DEFINED
SEQUENCE_RIDGE_COMPOSITION_ONLY,R4_PXD017052_NSCLC:020-0040_Healthy:SP-007,23,0.02865612648221344,0.2717692252621281,0.31056990211865265,020-0040,DEFINED
SEQUENCE_RIDGE_COMPOSITION_ONLY,R4_PXD017052_NSCLC:020-0040_Healthy:SP-339,14,-0.4857142857142857,0.30846521635176893,0.36212376256538237,020-0040,DEFINED
SEQUENCE_RIDGE_COMPOSITION_ONLY,R4_PXD017052_NSCLC:020-0042_Healthy:SP-003,32,0.006598240469208211,0.2746493405764553,0.31322636037078627,020-0042,DEFINED
SEQUENCE_RIDGE_COMPOSITION_ONLY,R4_PXD017052_NSCLC:020-0042_Healthy:SP-006,31,0.12419354838709677,0.2684933219175447,0.3035112008451348,020-0042,DEFINED
SEQUENCE_RIDGE_COMPOSITION_ONLY,R4_PXD017052_NSCLC:020-0042_Healthy:SP-007,30,0.3139043381535039,0.2575305334121235,0.2888234522841529,020-0042,DEFINED
SEQUENCE_RIDGE_COMPOSITION_ONLY,R4_PXD017052_NSCLC:020-0042_Healthy:SP-333,15,0.3464285714285714,0.2547731184677023,0.298870401284937,020-0042,DEFINED
SEQUENCE_RIDGE_COMPOSITION_ONLY,R4_PXD017052_NSCLC:020-0042_Healthy:SP-339,27,-0.1398046398046398,0.27821347120874607,0.32646067932435247,020-0042,DEFINED
SEQUENCE_RIDGE_COMPOSITION_ONLY,R4_PXD017052_NSCLC:020-0044_Healthy:SP-003,31,0.06370967741935483,0.26146492576702585,0.3073734862049459,020-0044,DEFINED
SEQUENCE_RIDGE_COMPOSITION_ONLY,R4_PXD017052_NSCLC:020-0044_Healthy:SP-006,31,0.18387096774193548,0.26023367106482465,0.296431536101897,020-0044,DEFINED
SEQUENCE_RIDGE_COMPOSITION_ONLY,R4_PXD017052_NSCLC:020-0044_Healthy:SP-007,29,0.20738916256157636,0.26248350201847176,0.29666104216891775,020-0044,DEFINED
SEQUENCE_RIDGE_COMPOSITION_ONLY,R4_PXD017052_NSCLC:020-0044_Healthy:SP-333,15,-0.17142857142857143,0.3028965449438621,0.33985700231592375,020-0044,DEFINED
SEQUENCE_RIDGE_COMPOSITION_ONLY,R4_PXD017052_NSCLC:020-0044_Healthy:SP-339,28,0.1291735084838533,0.2574231529717773,0.3006038465050381,020-0044,DEFINED
SEQUENCE_RIDGE_COMPOSITION_ONLY,R4_PXD017052_NSCLC:020-0055_Healthy:SP-003,32,-0.16202346041055718,0.27882244466091755,0.3266407478794384,020-0055,DEFINED
SEQUENCE_RIDGE_COMPOSITION_ONLY,R4_PXD017052_NSCLC:020-0055_Healthy:SP-006,30,0.1439377085650723,0.24964624971349547,0.29936435956551793,020-0055,DEFINED
SEQUENCE_RIDGE_COMPOSITION_ONLY,R4_PXD017052_NSCLC:020-0055_Healthy:SP-007,28,0.3705528188286809,0.2511983066448767,0.27932480795609355,020-0055,DEFINED
SEQUENCE_RIDGE_COMPOSITION_ONLY,R4_PXD017052_NSCLC:020-0055_Healthy:SP-333,23,-0.0691699604743083,0.2761596916203972,0.3200646590772155,020-0055,DEFINED
SEQUENCE_RIDGE_COMPOSITION_ONLY,R4_PXD017052_NSCLC:020-0055_Healthy:SP-339,29,-0.11921182266009853,0.28010908199947393,0.3229755490253587,020-0055,DEFINED
SEQUENCE_RIDGE_COMPOSITION_ONLY,R4_PXD017052_NSCLC:020-0057_Healthy:SP-003,33,0.05113636363636364,0.25967672101114186,0.3087022031376133,020-0057,DEFINED
SEQUENCE_RIDGE_COMPOSITION_ONLY,R4_PXD017052_NSCLC:020-0057_Healthy:SP-006,33,0.2088903743315508,0.2607376820072654,0.29527011197042874,020-0057,DEFINED
SEQUENCE_RIDGE_COMPOSITION_ONLY,R4_PXD017052_NSCLC:020-0057_Healthy:SP-007,31,0.17419354838709677,0.2520433133709249,0.29868915027160964,020-0057,DEFINED
SEQUENCE_RIDGE_COMPOSITION_ONLY,R4_PXD017052_NSCLC:020-0057_Healthy:SP-333,21,0.11688311688311688,0.26345972969829035,0.31005217759644976,020-0057,DEFINED
SEQUENCE_RIDGE_COMPOSITION_ONLY,R4_PXD017052_NSCLC:020-0057_Healthy:SP-339,31,0.027419354838709678,0.27055356649415574,0.3095151279178614,020-0057,DEFINED
SEQUENCE_RIDGE_COMPOSITION_ONLY,R4_PXD017052_NSCLC:020-0058_Healthy:SP-003,32,0.014296187683284457,0.26326618096443366,0.31132598402866685,020-0058,DEFINED
SEQUENCE_RIDGE_COMPOSITION_ONLY,R4_PXD017052_NSCLC:020-0058_Healthy:SP-006,33,0.2162433155080214,0.25280578097071416,0.2946899463025792,020-0058,DEFINED
SEQUENCE_RIDGE_COMPOSITION_ONLY,R4_PXD017052_NSCLC:020-0058_Healthy:SP-007,30,0.002447163515016685,0.2699033249107406,0.31328061795793216,020-0058,DEFINED
SEQUENCE_RIDGE_COMPOSITION_ONLY,R4_PXD017052_NSCLC:020-0058_Healthy:SP-333,14,-0.4197802197802198,0.31207409941015085,0.3553267631304943,020-0058,DEFINED
SEQUENCE_RIDGE_COMPOSITION_ONLY,R4_PXD017052_NSCLC:020-0058_Healthy:SP-339,25,-0.11923076923076924,0.2754191111929742,0.3234175347841314,020-0058,DEFINED
SEQUENCE_RIDGE_COMPOSITION_ONLY,R4_PXD017052_NSCLC:020-0061_Healthy:SP-003,32,-0.13343108504398826,0.2801668543961639,0.3231985505869926,020-0061,DEFINED
SEQUENCE_RIDGE_COMPOSITION_ONLY,R4_PXD017052_NSCLC:020-0061_Healthy:SP-006,31,0.03870967741935484,0.2636035836646034,0.30719680499369006,020-0061,DEFINED
SEQUENCE_RIDGE_COMPOSITION_ONLY,R4_PXD017052_NSCLC:020-0061_Healthy:SP-007,26,0.24376068376068377,0.24589227673303468,0.2922051057861245,020-0061,DEFINED
SEQUENCE_RIDGE_COMPOSITION_ONLY,R4_PXD017052_NSCLC:020-0061_Healthy:SP-333,16,0.19705882352941176,0.25740329244077165,0.31065485178705643,020-0061,DEFINED
SEQUENCE_RIDGE_COMPOSITION_ONLY,R4_PXD017052_NSCLC:020-0061_Healthy:SP-339,25,-0.2653846153846154,0.30143862978749264,0.3366951765116113,020-0061,DEFINED
SEQUENCE_RIDGE_COMPOSITION_ONLY,R4_PXD017052_NSCLC:020-0069_Healthy:SP-003,30,-0.05005561735261402,0.2713671689816459,0.31615757816648177,020-0069,DEFINED
SEQUENCE_RIDGE_COMPOSITION_ONLY,R4_PXD017052_NSCLC:020-0069_Healthy:SP-006,32,0.29802052785923755,0.25285030513033835,0.2872649686238088,020-0069,DEFINED
SEQUENCE_RIDGE_COMPOSITION_ONLY,R4_PXD017052_NSCLC:020-0069_Healthy:SP-007,21,0.3064935064935065,0.24673361776475702,0.28703007336053316,020-0069,DEFINED
SEQUENCE_RIDGE_COMPOSITION_ONLY,R4_PXD017052_NSCLC:020-0069_Healthy:SP-333,10,-0.09090909090909091,0.3143348890783921,0.34504653334845226,020-0069,DEFINED
SEQUENCE_RIDGE_COMPOSITION_ONLY,R4_PXD017052_NSCLC:020-0069_Healthy:SP-339,24,0.18782608695652173,0.23987490846086357,0.2987390190747591,020-0069,DEFINED
SEQUENCE_RIDGE_COMPOSITION_ONLY,R4_PXD017052_NSCLC:020-0071_Healthy:SP-003,32,0.09420821114369501,0.26319931702641974,0.3053202514680065,020-0071,DEFINED
SEQUENCE_RIDGE_COMPOSITION_ONLY,R4_PXD017052_NSCLC:020-0071_Healthy:SP-006,33,0.259024064171123,0.2526477352488459,0.29101836929082214,020-0071,DEFINED
SEQUENCE_RIDGE_COMPOSITION_ONLY,R4_PXD017052_NSCLC:020-0071_Healthy:SP-007,28,0.07717569786535304,0.2630993655467399,0.3072483775063203,020-0071,DEFINED
SEQUENCE_RIDGE_COMPOSITION_ONLY,R4_PXD017052_NSCLC:020-0071_Healthy:SP-333,14,0.03736263736263736,0.30210264132327175,0.3237419098953527,020-0071,DEFINED
SEQUENCE_RIDGE_COMPOSITION_ONLY,R4_PXD017052_NSCLC:020-0071_Healthy:SP-339,28,-0.08921729611384784,0.27969676492399975,0.3195468934588884,020-0071,DEFINED
SEQUENCE_RIDGE_COMPOSITION_ONLY,R4_PXD017052_NSCLC:020-0072_Healthy:SP-003,33,-0.07586898395721925,0.2735316313934002,0.3182230480263538,020-0072,DEFINED
SEQUENCE_RIDGE_COMPOSITION_ONLY,R4_PXD017052_NSCLC:020-0072_Healthy:SP-006,34,0.24400305576776166,0.25376537708297053,0.2924885269211793,020-0072,DEFINED
SEQUENCE_RIDGE_COMPOSITION_ONLY,R4_PXD017052_NSCLC:020-0072_Healthy:SP-007,29,0.07389162561576355,0.2672710703851239,0.30821243451412034,020-0072,DEFINED
SEQUENCE_RIDGE_COMPOSITION_ONLY,R4_PXD017052_NSCLC:020-0072_Healthy:SP-333,16,-0.13529411764705881,0.26931962519456254,0.32998701722203444,020-0072,DEFINED
SEQUENCE_RIDGE_COMPOSITION_ONLY,R4_PXD017052_NSCLC:020-0072_Healthy:SP-339,27,0.18192918192918192,0.25706918497210374,0.2987655260133462,020-0072,DEFINED
SEQUENCE_RIDGE_COMPOSITION_ONLY,R4_PXD017052_NSCLC:020-0073_Healthy:SP-003,21,-0.22207792207792207,0.2756914777690378,0.33000622289423137,020-0073,DEFINED
SEQUENCE_RIDGE_COMPOSITION_ONLY,R4_PXD017052_NSCLC:020-0073_Healthy:SP-006,25,0.055384615384615386,0.26783338516641453,0.30849050770580133,020-0073,DEFINED
SEQUENCE_RIDGE_COMPOSITION_ONLY,R4_PXD017052_NSCLC:020-0073_Healthy:SP-007,20,0.09323308270676692,0.26049725598925644,0.30547361387118926,020-0073,DEFINED
SEQUENCE_RIDGE_COMPOSITION_ONLY,R4_PXD017052_NSCLC:020-0073_Healthy:SP-333,11,0.22727272727272727,0.2609012960762405,0.3073543477863503,020-0073,DEFINED
SEQUENCE_RIDGE_COMPOSITION_ONLY,R4_PXD017052_NSCLC:020-0073_Healthy:SP-339,13,-0.15384615384615385,0.2858114857955227,0.3413017346273131,020-0073,DEFINED
SEQUENCE_RIDGE_COMPOSITION_ONLY,R4_PXD017052_NSCLC:020-0075_Healthy:SP-003,32,0.028958944281524925,0.26570152807588,0.31205550256296544,020-0075,DEFINED
SEQUENCE_RIDGE_COMPOSITION_ONLY,R4_PXD017052_NSCLC:020-0075_Healthy:SP-006,34,0.19052711993888463,0.2529179713924666,0.297158330036027,020-0075,DEFINED
SEQUENCE_RIDGE_COMPOSITION_ONLY,R4_PXD017052_NSCLC:020-0075_Healthy:SP-007,29,0.2399014778325123,0.25648010499541934,0.2943077924885387,020-0075,DEFINED
SEQUENCE_RIDGE_COMPOSITION_ONLY,R4_PXD017052_NSCLC:020-0075_Healthy:SP-333,20,0.05263157894736842,0.27408267489862714,0.3159423524878162,020-0075,DEFINED
SEQUENCE_RIDGE_COMPOSITION_ONLY,R4_PXD017052_NSCLC:020-0075_Healthy:SP-339,31,-0.03508064516129032,0.27030451324624016,0.3153101947437538,020-0075,DEFINED
SEQUENCE_RIDGE_COMPOSITION_ONLY,R4_PXD017052_NSCLC:020-0076_Healthy:SP-003,32,0.0007331378299120235,0.2722700852356329,0.31384866528828276,020-0076,DEFINED
SEQUENCE_RIDGE_COMPOSITION_ONLY,R4_PXD017052_NSCLC:020-0076_Healthy:SP-006,32,0.19648093841642228,0.25890371571585596,0.2960172069809418,020-0076,DEFINED
SEQUENCE_RIDGE_COMPOSITION_ONLY,R4_PXD017052_NSCLC:020-0076_Healthy:SP-007,30,0.2903225806451613,0.25331204543909924,0.28955707882598036,020-0076,DEFINED
SEQUENCE_RIDGE_COMPOSITION_ONLY,R4_PXD017052_NSCLC:020-0076_Healthy:SP-333,21,0.08441558441558442,0.27441777304058684,0.3122911794204838,020-0076,DEFINED
SEQUENCE_RIDGE_COMPOSITION_ONLY,R4_PXD017052_NSCLC:020-0076_Healthy:SP-339,30,-0.07408231368186874,0.27737229518793854,0.3199711371144062,020-0076,DEFINED
SEQUENCE_RIDGE_COMPOSITION_ONLY,R4_PXD017052_NSCLC:020-0085_Healthy:SP-003,32,0.030058651026392963,0.26976787418617265,0.31083837673530057,020-0085,DEFINED
SEQUENCE_RIDGE_COMPOSITION_ONLY,R4_PXD017052_NSCLC:020-0085_Healthy:SP-006,33,0.1607620320855615,0.2607376820072654,0.2996853937182781,020-0085,DEFINED
SEQUENCE_RIDGE_COMPOSITION_ONLY,R4_PXD017052_NSCLC:020-0085_Healthy:SP-007,32,0.23020527859237536,0.25234021665579504,0.29418657284846783,020-0085,DEFINED
SEQUENCE_RIDGE_COMPOSITION_ONLY,R4_PXD017052_NSCLC:020-0085_Healthy:SP-333,22,0.23207227555053642,0.2591396593116314,0.30038289329874335,020-0085,DEFINED
SEQUENCE_RIDGE_COMPOSITION_ONLY,R4_PXD017052_NSCLC:020-0085_Healthy:SP-339,30,0.022914349276974416,0.274890075479672,0.312562294392217,020-0085,DEFINED
SEQUENCE_RIDGE_COMPOSITION_ONLY,R4_PXD017052_NSCLC:020-0086_Healthy:SP-003,33,0.012032085561497326,0.2735768203881243,0.31271440858074545,020-0086,DEFINED
SEQUENCE_RIDGE_COMPOSITION_ONLY,R4_PXD017052_NSCLC:020-0086_Healthy:SP-006,33,0.21557486631016043,0.25448794595598334,0.2945660182352599,020-0086,DEFINED
SEQUENCE_RIDGE_COMPOSITION_ONLY,R4_PXD017052_NSCLC:020-0086_Healthy:SP-007,32,0.25183284457478006,0.2513823616123301,0.29139845400353676,020-0086,DEFINED
SEQUENCE_RIDGE_COMPOSITION_ONLY,R4_PXD017052_NSCLC:020-0086_Healthy:SP-333,19,0.3719298245614035,0.2453004779931176,0.2921736948370028,020-0086,DEFINED
SEQUENCE_RIDGE_COMPOSITION_ONLY,R4_PXD017052_NSCLC:020-0086_Healthy:SP-339,31,-0.07620967741935483,0.2781287806461381,0.31846762934704737,020-0086,DEFINED
SEQUENCE_RIDGE_COMPOSITION_ONLY,R4_PXD017052_NSCLC:020-0087_Healthy:SP-003,30,-0.002447163515016685,0.2707381644443166,0.3124621874697573,020-0087,DEFINED
SEQUENCE_RIDGE_COMPOSITION_ONLY,R4_PXD017052_NSCLC:020-0087_Healthy:SP-006,29,0.23103448275862068,0.259251383334123,0.2934618336489608,020-0087,DEFINED
SEQUENCE_RIDGE_COMPOSITION_ONLY,R4_PXD017052_NSCLC:020-0087_Healthy:SP-007,27,0.19291819291819293,0.25412562296650854,0.2984306715702068,020-0087,DEFINED
SEQUENCE_RIDGE_COMPOSITION_ONLY,R4_PXD017052_NSCLC:020-0087_Healthy:SP-333,13,-0.038461538461538464,0.28430931746694893,0.3271896802095645,020-0087,DEFINED
SEQUENCE_RIDGE_COMPOSITION_ONLY,R4_PXD017052_NSCLC:020-0087_Healthy:SP-339,14,-0.09010989010989011,0.2706798804130001,0.3306890751888395,020-0087,DEFINED
SEQUENCE_RIDGE_COMPOSITION_ONLY,R4_PXD017052_NSCLC:020-0088_Healthy:SP-003,33,0.030080213903743314,0.2596013752450666,0.31104223287999183,020-0088,DEFINED
SEQUENCE_RIDGE_COMPOSITION_ONLY,R4_PXD017052_NSCLC:020-0088_Healthy:SP-006,33,0.2286096256684492,0.25643561403672466,0.29387812074822023,020-0088,DEFINED
SEQUENCE_RIDGE_COMPOSITION_ONLY,R4_PXD017052_NSCLC:020-0088_Healthy:SP-007,29,0.29014778325123153,0.2591390220020482,0.28984620470269146,020-0088,DEFINED
SEQUENCE_RIDGE_COMPOSITION_ONLY,R4_PXD017052_NSCLC:020-0088_Healthy:SP-333,28,0.14668856048166393,0.26381361461058134,0.3032139704404404,020-0088,DEFINED
SEQUENCE_RIDGE_COMPOSITION_ONLY,R4_PXD017052_NSCLC:020-0088_Healthy:SP-339,29,0.0896551724137931,0.27055923858808373,0.3066451194140861,020-0088,DEFINED
SEQUENCE_RIDGE_COMPOSITION_ONLY,R4_PXD017052_NSCLC:020-0090_Healthy:SP-003,31,0.055645161290322584,0.2575492219528116,0.3083562646126007,020-0090,DEFINED
SEQUENCE_RIDGE_COMPOSITION_ONLY,R4_PXD017052_NSCLC:020-0090_Healthy:SP-006,29,0.12413793103448276,0.2662372260671642,0.3023266633456355,020-0090,DEFINED
SEQUENCE_RIDGE_COMPOSITION_ONLY,R4_PXD017052_NSCLC:020-0090_Healthy:SP-007,23,0.1907114624505929,0.24918021306789823,0.2987147462883952,020-0090,DEFINED
SEQUENCE_RIDGE_COMPOSITION_ONLY,R4_PXD017052_NSCLC:020-0090_Healthy:SP-333,14,0.22637362637362637,0.2774119879846565,0.3089792661857621,020-0090,DEFINED
SEQUENCE_RIDGE_COMPOSITION_ONLY,R4_PXD017052_NSCLC:020-0090_Healthy:SP-339,18,0.021671826625386997,0.26009841773437903,0.31474888993104055,020-0090,DEFINED
SEQUENCE_RIDGE_COMPOSITION_ONLY,R4_PXD017052_NSCLC:020-0091_Healthy:SP-003,29,-0.010344827586206896,0.26058666368599626,0.31177399468163813,020-0091,DEFINED
SEQUENCE_RIDGE_COMPOSITION_ONLY,R4_PXD017052_NSCLC:020-0091_Healthy:SP-006,21,0.22207792207792207,0.26429682842518654,0.2987861632261732,020-0091,DEFINED
SEQUENCE_RIDGE_COMPOSITION_ONLY,R4_PXD017052_NSCLC:020-0091_Healthy:SP-007,20,0.16842105263157894,0.25845985718504494,0.2991760114042267,020-0091,DEFINED
SEQUENCE_RIDGE_COMPOSITION_ONLY,R4_PXD017052_NSCLC:020-0091_Healthy:SP-333,12,-0.25874125874125875,0.29884912340814124,0.3491938815224535,020-0091,DEFINED
SEQUENCE_RIDGE_COMPOSITION_ONLY,R4_PXD017052_NSCLC:020-0091_Healthy:SP-339,17,-0.20833333333333334,0.27620099903925854,0.3314265236478836,020-0091,DEFINED
SEQUENCE_RIDGE_COMPOSITION_ONLY,R4_PXD017052_NSCLC:020-0092_Healthy:SP-003,32,-0.00843108504398827,0.2723725646259806,0.31500326718277366,020-0092,DEFINED
SEQUENCE_RIDGE_COMPOSITION_ONLY,R4_PXD017052_NSCLC:020-0092_Healthy:SP-006,32,0.16385630498533724,0.25572628402730746,0.29865690087541275,020-0092,DEFINED
SEQUENCE_RIDGE_COMPOSITION_ONLY,R4_PXD017052_NSCLC:020-0092_Healthy:SP-007,27,0.08974358974358974,0.2655565567695405,0.3072984992771473,020-0092,DEFINED
SEQUENCE_RIDGE_COMPOSITION_ONLY,R4_PXD017052_NSCLC:020-0092_Healthy:SP-333,13,-0.18681318681318682,0.2932386838295692,0.33891641584831433,020-0092,DEFINED
SEQUENCE_RIDGE_COMPOSITION_ONLY,R4_PXD017052_NSCLC:020-0092_Healthy:SP-339,23,0.12055335968379446,0.25562143067295034,0.30568968210347697,020-0092,DEFINED
SEQUENCE_RIDGE_COMPOSITION_ONLY,R4_PXD017052_NSCLC:020-0096_Healthy:SP-003,32,-0.050586510263929615,0.26956241684500093,0.3167537063418068,020-0096,DEFINED
SEQUENCE_RIDGE_COMPOSITION_ONLY,R4_PXD017052_NSCLC:020-0096_Healthy:SP-006,34,0.2565317035905271,0.25384292606087877,0.29090801052525417,020-0096,DEFINED
SEQUENCE_RIDGE_COMPOSITION_ONLY,R4_PXD017052_NSCLC:020-0096_Healthy:SP-007,31,0.22741935483870968,0.2544585664170793,0.29365050381993685,020-0096,DEFINED
SEQUENCE_RIDGE_COMPOSITION_ONLY,R4_PXD017052_NSCLC:020-0096_Healthy:SP-333,18,0.2714138286893705,0.24604756314084864,0.30085136101741256,020-0096,DEFINED
SEQUENCE_RIDGE_COMPOSITION_ONLY,R4_PXD017052_NSCLC:020-0096_Healthy:SP-339,30,-0.08743047830923248,0.2770818659807922,0.3187062247101489,020-0096,DEFINED
SEQUENCE_RIDGE_COMPOSITION_ONLY,R4_PXD017052_NSCLC:020-0097_Healthy:SP-003,32,0.06524926686217009,0.2673458519232908,0.3083385329589739,020-0097,DEFINED
SEQUENCE_RIDGE_COMPOSITION_ONLY,R4_PXD017052_NSCLC:020-0097_Healthy:SP-006,32,0.20307917888563048,0.2568875866835979,0.2965630943784899,020-0097,DEFINED
SEQUENCE_RIDGE_COMPOSITION_ONLY,R4_PXD017052_NSCLC:020-0097_Healthy:SP-007,29,0.29802955665024633,0.25400758618024,0.2894089142464202,020-0097,DEFINED
SEQUENCE_RIDGE_COMPOSITION_ONLY,R4_PXD017052_NSCLC:020-0097_Healthy:SP-333,23,0.018774703557312252,0.27050301155020934,0.31372589599878065,020-0097,DEFINED
SEQUENCE_RIDGE_COMPOSITION_ONLY,R4_PXD017052_NSCLC:020-0097_Healthy:SP-339,27,0.045177045177045176,0.2664372213910783,0.309046456818396,020-0097,DEFINED
SEQUENCE_RIDGE_COMPOSITION_ONLY,R4_PXD017052_NSCLC:020-0099_Healthy:SP-003,33,0.014037433155080214,0.267037341401328,0.31232802616075356,020-0099,DEFINED
SEQUENCE_RIDGE_COMPOSITION_ONLY,R4_PXD017052_NSCLC:020-0099_Healthy:SP-006,23,0.31126482213438733,0.25033526128516753,0.28882841740303855,020-0099,DEFINED
SEQUENCE_RIDGE_COMPOSITION_ONLY,R4_PXD017052_NSCLC:020-0099_Healthy:SP-007,28,0.25068418171866447,0.2533747292583756,0.2925773011000188,020-0099,DEFINED
SEQUENCE_RIDGE_COMPOSITION_ONLY,R4_PXD017052_NSCLC:020-0099_Healthy:SP-333,20,-0.09323308270676692,0.2704555740486545,0.324311339587852,020-0099,DEFINED
SEQUENCE_RIDGE_COMPOSITION_ONLY,R4_PXD017052_NSCLC:020-0099_Healthy:SP-339,30,0.03670745272525028,0.2688553620098478,0.3104092371925629,020-0099,DEFINED
SEQUENCE_RIDGE_COMPOSITION_ONLY,R4_PXD017052_NSCLC:020-0100_Healthy:SP-003,30,-0.0914349276974416,0.276273590826863,0.3193160077694894,020-0100,DEFINED
SEQUENCE_RIDGE_COMPOSITION_ONLY,R4_PXD017052_NSCLC:020-0100_Healthy:SP-006,29,0.11330049261083744,0.2580250766666819,0.30367434781122904,020-0100,DEFINED
SEQUENCE_RIDGE_COMPOSITION_ONLY,R4_PXD017052_NSCLC:020-0100_Healthy:SP-007,21,0.04155844155844156,0.25912745604951876,0.3136017813502017,020-0100,DEFINED
SEQUENCE_RIDGE_COMPOSITION_ONLY,R4_PXD017052_NSCLC:020-0100_Healthy:SP-339,15,-0.14642857142857144,0.2730212318364046,0.32943595618530763,020-0100,DEFINED
SEQUENCE_RIDGE_COMPOSITION_ONLY,R4_PXD017052_NSCLC:021-0002_Early:SP-003,27,-0.11538461538461539,0.26758771095245787,0.320772194264347,021-0002,DEFINED
SEQUENCE_RIDGE_COMPOSITION_ONLY,R4_PXD017052_NSCLC:021-0002_Early:SP-006,20,0.12180451127819548,0.24985183315728715,0.3060959221588727,021-0002,DEFINED
SEQUENCE_RIDGE_COMPOSITION_ONLY,R4_PXD017052_NSCLC:021-0002_Early:SP-007,14,-0.054945054945054944,0.28789173964814235,0.3195990608374874,021-0002,DEFINED
SEQUENCE_RIDGE_COMPOSITION_ONLY,R4_PXD017052_NSCLC:021-0002_Early:SP-333,11,0.13636363636363635,0.28621334229443285,0.32251626111464526,021-0002,DEFINED
SEQUENCE_RIDGE_COMPOSITION_ONLY,R4_PXD017052_NSCLC:021-0004_Early:SP-003,21,-0.21818181818181817,0.2817859118435959,0.33136755490553355,021-0004,DEFINED
SEQUENCE_RIDGE_COMPOSITION_ONLY,R4_PXD017052_NSCLC:021-0004_Early:SP-006,20,0.01804511278195489,0.25877044824439405,0.31246408605328496,021-0004,DEFINED
SEQUENCE_RIDGE_COMPOSITION_ONLY,R4_PXD017052_NSCLC:021-0004_Early:SP-007,13,0.02197802197802198,0.2792259305394436,0.31676556099637104,021-0004,DEFINED
SEQUENCE_RIDGE_COMPOSITION_ONLY,R4_PXD017052_NSCLC:021-0004_Early:SP-339,12,0.14685314685314685,0.2850170701652154,0.31597020271386,021-0004,DEFINED
SEQUENCE_RIDGE_COMPOSITION_ONLY,R4_PXD017052_NSCLC:022-0004_Early:SP-003,30,-0.06651835372636263,0.2804111501976575,0.3175801032154815,022-0004,DEFINED
SEQUENCE_RIDGE_COMPOSITION_ONLY,R4_PXD017052_NSCLC:022-0004_Early:SP-006,28,0.20306513409961685,0.2587170002003073,0.29554616140153545,022-0004,DEFINED
SEQUENCE_RIDGE_COMPOSITION_ONLY,R4_PXD017052_NSCLC:022-0004_Early:SP-007,24,0.331304347826087,0.2396411158845524,0.2863000648578147,022-0004,DEFINED
SEQUENCE_RIDGE_COMPOSITION_ONLY,R4_PXD017052_NSCLC:022-0004_Early:SP-333,10,-0.10303030303030303,0.314334889078392,0.3413778482264914,022-0004,DEFINED
SEQUENCE_RIDGE_COMPOSITION_ONLY,R4_PXD017052_NSCLC:022-0004_Early:SP-339,11,-0.20909090909090908,0.2983692763174913,0.3552956411622878,022-0004,DEFINED
SEQUENCE_RIDGE_COMPOSITION_ONLY,R4_PXD017052_NSCLC:022-0010_Early:SP-003,22,-0.46809712027103334,0.2878968646447997,0.34436331477400023,022-0010,DEFINED
SEQUENCE_RIDGE_COMPOSITION_ONLY,R4_PXD017052_NSCLC:022-0010_Early:SP-006,21,0.2623376623376623,0.24249886131272674,0.2943625416977046,022-0010,DEFINED
SEQUENCE_RIDGE_COMPOSITION_ONLY,R4_PXD017052_NSCLC:022-0010_Early:SP-007,14,0.34065934065934067,0.2380160833518807,0.2869949331585512,022-0010,DEFINED
SEQUENCE_RIDGE_COMPOSITION_ONLY,R4_PXD017052_NSCLC:022-0010_Early:SP-339,11,0.2636363636363636,0.24998789855231862,0.3079694784429238,022-0010,DEFINED
SEQUENCE_RIDGE_COMPOSITION_ONLY,R4_PXD017052_NSCLC:022-0011_Early:SP-003,31,-0.0939516129032258,0.2733215073251642,0.32019710487624203,022-0011,DEFINED
SEQUENCE_RIDGE_COMPOSITION_ONLY,R4_PXD017052_NSCLC:022-0011_Early:SP-006,30,0.035372636262513905,0.2708447211983132,0.30907670524519903,022-0011,DEFINED
SEQUENCE_RIDGE_COMPOSITION_ONLY,R4_PXD017052_NSCLC:022-0011_Early:SP-007,27,0.19719169719169719,0.24934155933191185,0.29613919475170886,022-0011,DEFINED
SEQUENCE_RIDGE_COMPOSITION_ONLY,R4_PXD017052_NSCLC:022-0011_Early:SP-333,17,-0.056372549019607844,0.28219772736450005,0.3246150767786831,022-0011,DEFINED
SEQUENCE_RIDGE_COMPOSITION_ONLY,R4_PXD017052_NSCLC:022-0011_Early:SP-339,25,-0.06846153846153846,0.2724671681798362,0.31739289965902373,022-0011,DEFINED
SEQUENCE_RIDGE_COMPOSITION_ONLY,R4_PXD017052_NSCLC:022-0013_Early:SP-003,29,-0.15714285714285714,0.2890745090259027,0.3265549156535247,022-0013,DEFINED
SEQUENCE_RIDGE_COMPOSITION_ONLY,R4_PXD017052_NSCLC:022-0013_Early:SP-006,27,0.09584859584859586,0.26086837177109035,0.305692578369857,022-0013,DEFINED
SEQUENCE_RIDGE_COMPOSITION_ONLY,R4_PXD017052_NSCLC:022-0013_Early:SP-007,17,0.25735294117647056,0.2558438981230313,0.2921659562642956,022-0013,DEFINED
SEQUENCE_RIDGE_COMPOSITION_ONLY,R4_PXD017052_NSCLC:022-0013_Early:SP-333,13,-0.32967032967032966,0.318348472009578,0.3514967469007213,022-0013,DEFINED
SEQUENCE_RIDGE_COMPOSITION_ONLY,R4_PXD017052_NSCLC:022-0013_Early:SP-339,19,-0.07368421052631578,0.2808711104673891,0.3210189355361949,022-0013,DEFINED
SEQUENCE_RIDGE_COMPOSITION_ONLY,R4_PXD017052_NSCLC:022-0014_Early:SP-003,31,0.01975806451612903,0.2760168326325133,0.3108672850150034,022-0014,DEFINED
SEQUENCE_RIDGE_COMPOSITION_ONLY,R4_PXD017052_NSCLC:022-0014_Early:SP-006,23,0.30237154150197626,0.25614206123166083,0.29176293489462035,022-0014,DEFINED
SEQUENCE_RIDGE_COMPOSITION_ONLY,R4_PXD017052_NSCLC:022-0014_Early:SP-007,23,0.2776679841897233,0.2394834229453768,0.2909087043826379,022-0014,DEFINED
SEQUENCE_RIDGE_COMPOSITION_ONLY,R4_PXD017052_NSCLC:022-0014_Early:SP-333,12,-0.3006993006993007,0.30974722448662945,0.34753218937501146,022-0014,DEFINED
SEQUENCE_RIDGE_COMPOSITION_ONLY,R4_PXD017052_NSCLC:022-0014_Early:SP-339,14,0.0945054945054945,0.26961459026603773,0.31352614164503423,022-0014,DEFINED
SEQUENCE_RIDGE_COMPOSITION_ONLY,R4_PXD017052_NSCLC:022-0017_Early:SP-003,28,-0.004378762999452655,0.2632135916824596,0.31140901754206396,022-0017,DEFINED
SEQUENCE_RIDGE_COMPOSITION_ONLY,R4_PXD017052_NSCLC:022-0017_Early:SP-006,27,0.17216117216117216,0.25861520860563875,0.2996846222662832,022-0017,DEFINED
SEQUENCE_RIDGE_COMPOSITION_ONLY,R4_PXD017052_NSCLC:022-0017_Early:SP-007,22,0.2727272727272727,0.2526738490061235,0.28963892383085976,022-0017,DEFINED
SEQUENCE_RIDGE_COMPOSITION_ONLY,R4_PXD017052_NSCLC:022-0017_Early:SP-339,16,0.2,0.24899427299514398,0.30321477424361964,022-0017,DEFINED
SEQUENCE_RIDGE_COMPOSITION_ONLY,R4_PXD017052_NSCLC:023-0001_Early:SP-003,32,0.08504398826979472,0.26919929053643654,0.3074248465114643,023-0001,DEFINED
SEQUENCE_RIDGE_COMPOSITION_ONLY,R4_PXD017052_NSCLC:023-0001_Early:SP-006,31,0.1596774193548387,0.25648237450706063,0.299969243236111,023-0001,DEFINED
SEQUENCE_RIDGE_COMPOSITION_ONLY,R4_PXD017052_NSCLC:023-0001_Early:SP-007,27,0.1227106227106227,0.2713012271026108,0.3027875916708151,023-0001,DEFINED
SEQUENCE_RIDGE_COMPOSITION_ONLY,R4_PXD017052_NSCLC:023-0001_Early:SP-333,16,-0.09705882352941177,0.2781790803348434,0.32610586115284296,023-0001,DEFINED
SEQUENCE_RIDGE_COMPOSITION_ONLY,R4_PXD017052_NSCLC:023-0001_Early:SP-339,28,-0.034482758620689655,0.2765410586435758,0.31623622601714774,023-0001,DEFINED
SEQUENCE_RIDGE_COMPOSITION_ONLY,R4_PXD017052_NSCLC:023-0004_Early:SP-003,16,-0.2676470588235294,0.304740401962721,0.33662718485741,023-0004,DEFINED
SEQUENCE_RIDGE_COMPOSITION_ONLY,R4_PXD017052_NSCLC:023-0004_Early:SP-006,17,0.07598039215686274,0.2601013366875287,0.30788398498375824,023-0004,DEFINED
SEQUENCE_RIDGE_COMPOSITION_ONLY,R4_PXD017052_NSCLC:023-0004_Early:SP-007,15,-0.24642857142857144,0.2902898853116161,0.33448426702740824,023-0004,DEFINED
SEQUENCE_RIDGE_COMPOSITION_ONLY,R4_PXD017052_NSCLC:023-0004_Early:SP-333,11,0.34545454545454546,0.2508311313060623,0.3066107128561181,023-0004,DEFINED
SEQUENCE_RIDGE_COMPOSITION_ONLY,R4_PXD017052_NSCLC:024-0001_Early:SP-003,30,0.010011123470522803,0.2687991972127748,0.31148611126215375,024-0001,DEFINED
SEQUENCE_RIDGE_COMPOSITION_ONLY,R4_PXD017052_NSCLC:024-0001_Early:SP-006,30,0.03403781979977753,0.26897017019814734,0.31014871164890406,024-0001,DEFINED
SEQUENCE_RIDGE_COMPOSITION_ONLY,R4_PXD017052_NSCLC:024-0001_Early:SP-007,25,0.2753846153846154,0.25405904317424616,0.28990797696458576,024-0001,DEFINED
SEQUENCE_RIDGE_COMPOSITION_ONLY,R4_PXD017052_NSCLC:024-0001_Early:SP-333,15,-0.4107142857142857,0.3068875611528347,0.3490177033531204,024-0001,DEFINED
SEQUENCE_RIDGE_COMPOSITION_ONLY,R4_PXD017052_NSCLC:024-0001_Early:SP-339,17,0.14215686274509803,0.25724246281447244,0.3086965867865607,024-0001,DEFINED
SEQUENCE_RIDGE_COMPOSITION_ONLY,R4_PXD017052_NSCLC:029-0004_Early:SP-003,32,0.002932551319648094,0.2684143476364277,0.3136786676888442,029-0004,DEFINED
SEQUENCE_RIDGE_COMPOSITION_ONLY,R4_PXD017052_NSCLC:029-0004_Early:SP-006,34,0.2641711229946524,0.2561051996756412,0.29067775517937045,029-0004,DEFINED
SEQUENCE_RIDGE_COMPOSITION_ONLY,R4_PXD017052_NSCLC:029-0004_Early:SP-007,32,0.29508797653958946,0.26030490108419,0.28816978798084203,029-0004,DEFINED
SEQUENCE_RIDGE_COMPOSITION_ONLY,R4_PXD017052_NSCLC:029-0004_Early:SP-333,18,0.0608875128998968,0.26892868971212924,0.315781974767896,029-0004,DEFINED
SEQUENCE_RIDGE_COMPOSITION_ONLY,R4_PXD017052_NSCLC:029-0004_Early:SP-339,29,-0.0034482758620689655,0.2732284137779823,0.314685591102476,029-0004,DEFINED
SEQUENCE_RIDGE_COMPOSITION_ONLY,R4_PXD017052_NSCLC:029-0005_Early:SP-003,33,-0.007352941176470588,0.2649453218927686,0.313866190406967,029-0005,DEFINED
SEQUENCE_RIDGE_COMPOSITION_ONLY,R4_PXD017052_NSCLC:029-0005_Early:SP-006,34,0.21252864782276548,0.25432440962480485,0.29414067325646176,029-0005,DEFINED
SEQUENCE_RIDGE_COMPOSITION_ONLY,R4_PXD017052_NSCLC:029-0005_Early:SP-007,32,0.2126099706744868,0.26030490108419,0.29611636070297626,029-0005,DEFINED
SEQUENCE_RIDGE_COMPOSITION_ONLY,R4_PXD017052_NSCLC:029-0005_Early:SP-333,22,0.03557312252964427,0.2746048910022489,0.31555735828039,029-0005,DEFINED
SEQUENCE_RIDGE_COMPOSITION_ONLY,R4_PXD017052_NSCLC:029-0005_Early:SP-339,30,-0.09187986651835373,0.2834591077571937,0.32133192256926435,029-0005,DEFINED
