source_id,laboratory_anchor,source_asset_id,source_row,source_column,source_coordinate,source_sample,canonical_accession,source_identifier,measurement_batch_id,biological_unit_id,cohort_label,timepoint,technical_replicate_id,author_numeric_value,author_value_state,rank_target_eligible
PXD064962_UCD_EVENT,University College Dublin / Conway Institute,protein_groups,51,LFQ intensity PT_D1_16_1_S1-A1_6641,LFQ intensity PT_D1_16_1_S1-A1_6641:51,PT_D1_16_1_S1-A1_6641,Q04695,CON__Q04695;Q04695;CON__P19001;CON__Q9C075;CON__Q99PS0;Q9C075,PT_D1_16,PT_D1_16,PRETERM,D1,1,202.93,POSITIVE,true
PXD064962_UCD_EVENT,University College Dublin / Conway Institute,protein_groups,51,LFQ intensity PT_D1_16_2_S1-B1_6642,LFQ intensity PT_D1_16_2_S1-B1_6642:51,PT_D1_16_2_S1-B1_6642,Q04695,CON__Q04695;Q04695;CON__P19001;CON__Q9C075;CON__Q99PS0;Q9C075,PT_D1_16,PT_D1_16,PRETERM,D1,2,171.1,POSITIVE,true
PXD064962_UCD_EVENT,University College Dublin / Conway Institute,protein_groups,51,LFQ intensity PT_D1_18_1_S1-C1_6657,LFQ intensity PT_D1_18_1_S1-C1_6657:51,PT_D1_18_1_S1-C1_6657,Q04695,CON__Q04695;Q04695;CON__P19001;CON__Q9C075;CON__Q99PS0;Q9C075,PT_D1_18,PT_D1_18,PRETERM,D1,1,0.0,EXPLICIT_ZERO,false
PXD064962_UCD_EVENT,University College Dublin / Conway Institute,protein_groups,51,LFQ intensity PT_D1_18_2_S1-D1_6658,LFQ intensity PT_D1_18_2_S1-D1_6658:51,PT_D1_18_2_S1-D1_6658,Q04695,CON__Q04695;Q04695;CON__P19001;CON__Q9C075;CON__Q99PS0;Q9C075,PT_D1_18,PT_D1_18,PRETERM,D1,2,0.0,EXPLICIT_ZERO,false
PXD064962_UCD_EVENT,University College Dublin / Conway Institute,protein_groups,51,LFQ intensity PT_D1_20_1_S1-E1_6673,LFQ intensity PT_D1_20_1_S1-E1_6673:51,PT_D1_20_1_S1-E1_6673,Q04695,CON__Q04695;Q04695;CON__P19001;CON__Q9C075;CON__Q99PS0;Q9C075,PT_D1_20,PT_D1_20,PRETERM,D1,1,0.0,EXPLICIT_ZERO,false
PXD064962_UCD_EVENT,University College Dublin / Conway Institute,protein_groups,51,LFQ intensity PT_D1_20_2_S1-F1_6674,LFQ intensity PT_D1_20_2_S1-F1_6674:51,PT_D1_20_2_S1-F1_6674,Q04695,CON__Q04695;Q04695;CON__P19001;CON__Q9C075;CON__Q99PS0;Q9C075,PT_D1_20,PT_D1_20,PRETERM,D1,2,0.0,EXPLICIT_ZERO,false
PXD064962_UCD_EVENT,University College Dublin / Conway Institute,protein_groups,51,LFQ intensity PT_D1_23_1_S1-G1_6687,LFQ intensity PT_D1_23_1_S1-G1_6687:51,PT_D1_23_1_S1-G1_6687,Q04695,CON__Q04695;Q04695;CON__P19001;CON__Q9C075;CON__Q99PS0;Q9C075,PT_D1_23,PT_D1_23,PRETERM,D1,1,134.34,POSITIVE,true
PXD064962_UCD_EVENT,University College Dublin / Conway Institute,protein_groups,51,LFQ intensity PT_D1_23_2_S1-H1_6688,LFQ intensity PT_D1_23_2_S1-H1_6688:51,PT_D1_23_2_S1-H1_6688,Q04695,CON__Q04695;Q04695;CON__P19001;CON__Q9C075;CON__Q99PS0;Q9C075,PT_D1_23,PT_D1_23,PRETERM,D1,2,0.0,EXPLICIT_ZERO,false
PXD064962_UCD_EVENT,University College Dublin / Conway Institute,protein_groups,51,LFQ intensity PT_D1_33_1_S1-A2_6643,LFQ intensity PT_D1_33_1_S1-A2_6643:51,PT_D1_33_1_S1-A2_6643,Q04695,CON__Q04695;Q04695;CON__P19001;CON__Q9C075;CON__Q99PS0;Q9C075,PT_D1_33,PT_D1_33,PRETERM,D1,1,619.37,POSITIVE,true
PXD064962_UCD_EVENT,University College Dublin / Conway Institute,protein_groups,51,LFQ intensity PT_D1_33_2_S1-B2_6644,LFQ intensity PT_D1_33_2_S1-B2_6644:51,PT_D1_33_2_S1-B2_6644,Q04695,CON__Q04695;Q04695;CON__P19001;CON__Q9C075;CON__Q99PS0;Q9C075,PT_D1_33,PT_D1_33,PRETERM,D1,2,184.47,POSITIVE,true
PXD064962_UCD_EVENT,University College Dublin / Conway Institute,protein_groups,51,LFQ intensity PT_D1_34_1_S1-C2_6659,LFQ intensity PT_D1_34_1_S1-C2_6659:51,PT_D1_34_1_S1-C2_6659,Q04695,CON__Q04695;Q04695;CON__P19001;CON__Q9C075;CON__Q99PS0;Q9C075,PT_D1_34,PT_D1_34,PRETERM,D1,1,327.44,POSITIVE,true
PXD064962_UCD_EVENT,University College Dublin / Conway Institute,protein_groups,51,LFQ intensity PT_D1_34_2_S1-D2_6660,LFQ intensity PT_D1_34_2_S1-D2_6660:51,PT_D1_34_2_S1-D2_6660,Q04695,CON__Q04695;Q04695;CON__P19001;CON__Q9C075;CON__Q99PS0;Q9C075,PT_D1_34,PT_D1_34,PRETERM,D1,2,369.94,POSITIVE,true
PXD064962_UCD_EVENT,University College Dublin / Conway Institute,protein_groups,51,LFQ intensity PT_D1_48_1_S1-E2_6675,LFQ intensity PT_D1_48_1_S1-E2_6675:51,PT_D1_48_1_S1-E2_6675,Q04695,CON__Q04695;Q04695;CON__P19001;CON__Q9C075;CON__Q99PS0;Q9C075,PT_D1_48,PT_D1_48,PRETERM,D1,1,249.32,POSITIVE,true
PXD064962_UCD_EVENT,University College Dublin / Conway Institute,protein_groups,51,LFQ intensity PT_D1_48_2_S1-F2_6676,LFQ intensity PT_D1_48_2_S1-F2_6676:51,PT_D1_48_2_S1-F2_6676,Q04695,CON__Q04695;Q04695;CON__P19001;CON__Q9C075;CON__Q99PS0;Q9C075,PT_D1_48,PT_D1_48,PRETERM,D1,2,253.4,POSITIVE,true
PXD064962_UCD_EVENT,University College Dublin / Conway Institute,protein_groups,51,LFQ intensity PT_D1_51_1_S1-G2_6689,LFQ intensity PT_D1_51_1_S1-G2_6689:51,PT_D1_51_1_S1-G2_6689,Q04695,CON__Q04695;Q04695;CON__P19001;CON__Q9C075;CON__Q99PS0;Q9C075,PT_D1_51,PT_D1_51,PRETERM,D1,1,367.55,POSITIVE,true
PXD064962_UCD_EVENT,University College Dublin / Conway Institute,protein_groups,51,LFQ intensity PT_D1_51_2_S1-H2_6690,LFQ intensity PT_D1_51_2_S1-H2_6690:51,PT_D1_51_2_S1-H2_6690,Q04695,CON__Q04695;Q04695;CON__P19001;CON__Q9C075;CON__Q99PS0;Q9C075,PT_D1_51,PT_D1_51,PRETERM,D1,2,360.27,POSITIVE,true
PXD064962_UCD_EVENT,University College Dublin / Conway Institute,protein_groups,51,LFQ intensity PT_D1_73_1_S1-A3_6645,LFQ intensity PT_D1_73_1_S1-A3_6645:51,PT_D1_73_1_S1-A3_6645,Q04695,CON__Q04695;Q04695;CON__P19001;CON__Q9C075;CON__Q99PS0;Q9C075,PT_D1_73,PT_D1_73,PRETERM,D1,1,363.42,POSITIVE,true
PXD064962_UCD_EVENT,University College Dublin / Conway Institute,protein_groups,51,LFQ intensity PT_D1_73_2_S1-B3_6646,LFQ intensity PT_D1_73_2_S1-B3_6646:51,PT_D1_73_2_S1-B3_6646,Q04695,CON__Q04695;Q04695;CON__P19001;CON__Q9C075;CON__Q99PS0;Q9C075,PT_D1_73,PT_D1_73,PRETERM,D1,2,518.21,POSITIVE,true
PXD064962_UCD_EVENT,University College Dublin / Conway Institute,protein_groups,51,LFQ intensity PT_D1_81_1_S1-C3_6661,LFQ intensity PT_D1_81_1_S1-C3_6661:51,PT_D1_81_1_S1-C3_6661,Q04695,CON__Q04695;Q04695;CON__P19001;CON__Q9C075;CON__Q99PS0;Q9C075,PT_D1_81,PT_D1_81,PRETERM,D1,1,0.0,EXPLICIT_ZERO,false
PXD064962_UCD_EVENT,University College Dublin / Conway Institute,protein_groups,51,LFQ intensity PT_D1_81_2_S1-D3_6662,LFQ intensity PT_D1_81_2_S1-D3_6662:51,PT_D1_81_2_S1-D3_6662,Q04695,CON__Q04695;Q04695;CON__P19001;CON__Q9C075;CON__Q99PS0;Q9C075,PT_D1_81,PT_D1_81,PRETERM,D1,2,0.0,EXPLICIT_ZERO,false
PXD064962_UCD_EVENT,University College Dublin / Conway Institute,protein_groups,51,LFQ intensity PT_D3_06_1_S1-E5_6681,LFQ intensity PT_D3_06_1_S1-E5_6681:51,PT_D3_06_1_S1-E5_6681,Q04695,CON__Q04695;Q04695;CON__P19001;CON__Q9C075;CON__Q99PS0;Q9C075,PT_D3_06,PT_D3_06,PRETERM,D3,1,326.64,POSITIVE,true
PXD064962_UCD_EVENT,University College Dublin / Conway Institute,protein_groups,51,LFQ intensity PT_D3_06_2_S1-F5_6682,LFQ intensity PT_D3_06_2_S1-F5_6682:51,PT_D3_06_2_S1-F5_6682,Q04695,CON__Q04695;Q04695;CON__P19001;CON__Q9C075;CON__Q99PS0;Q9C075,PT_D3_06,PT_D3_06,PRETERM,D3,2,409.69,POSITIVE,true
PXD064962_UCD_EVENT,University College Dublin / Conway Institute,protein_groups,51,LFQ intensity PT_D3_14_1_S1-C5_6665,LFQ intensity PT_D3_14_1_S1-C5_6665:51,PT_D3_14_1_S1-C5_6665,Q04695,CON__Q04695;Q04695;CON__P19001;CON__Q9C075;CON__Q99PS0;Q9C075,PT_D3_14,PT_D3_14,PRETERM,D3,1,421.29,POSITIVE,true
PXD064962_UCD_EVENT,University College Dublin / Conway Institute,protein_groups,51,LFQ intensity PT_D3_14_2_S1-D5_6666,LFQ intensity PT_D3_14_2_S1-D5_6666:51,PT_D3_14_2_S1-D5_6666,Q04695,CON__Q04695;Q04695;CON__P19001;CON__Q9C075;CON__Q99PS0;Q9C075,PT_D3_14,PT_D3_14,PRETERM,D3,2,247.29,POSITIVE,true
PXD064962_UCD_EVENT,University College Dublin / Conway Institute,protein_groups,51,LFQ intensity PT_D3_22_1_S1-C4_6663,LFQ intensity PT_D3_22_1_S1-C4_6663:51,PT_D3_22_1_S1-C4_6663,Q04695,CON__Q04695;Q04695;CON__P19001;CON__Q9C075;CON__Q99PS0;Q9C075,PT_D3_22,PT_D3_22,PRETERM,D3,1,0.0,EXPLICIT_ZERO,false
PXD064962_UCD_EVENT,University College Dublin / Conway Institute,protein_groups,51,LFQ intensity PT_D3_22_2_S1-D4_6664,LFQ intensity PT_D3_22_2_S1-D4_6664:51,PT_D3_22_2_S1-D4_6664,Q04695,CON__Q04695;Q04695;CON__P19001;CON__Q9C075;CON__Q99PS0;Q9C075,PT_D3_22,PT_D3_22,PRETERM,D3,2,228.32,POSITIVE,true
PXD064962_UCD_EVENT,University College Dublin / Conway Institute,protein_groups,51,LFQ intensity PT_D3_28_1_S1-A5_6649,LFQ intensity PT_D3_28_1_S1-A5_6649:51,PT_D3_28_1_S1-A5_6649,Q04695,CON__Q04695;Q04695;CON__P19001;CON__Q9C075;CON__Q99PS0;Q9C075,PT_D3_28,PT_D3_28,PRETERM,D3,1,277.32,POSITIVE,true
PXD064962_UCD_EVENT,University College Dublin / Conway Institute,protein_groups,51,LFQ intensity PT_D3_28_2_S1-B5_6650,LFQ intensity PT_D3_28_2_S1-B5_6650:51,PT_D3_28_2_S1-B5_6650,Q04695,CON__Q04695;Q04695;CON__P19001;CON__Q9C075;CON__Q99PS0;Q9C075,PT_D3_28,PT_D3_28,PRETERM,D3,2,257.56,POSITIVE,true
PXD064962_UCD_EVENT,University College Dublin / Conway Institute,protein_groups,51,LFQ intensity PT_D3_30_1_S1-E3_6677,LFQ intensity PT_D3_30_1_S1-E3_6677:51,PT_D3_30_1_S1-E3_6677,Q04695,CON__Q04695;Q04695;CON__P19001;CON__Q9C075;CON__Q99PS0;Q9C075,PT_D3_30,PT_D3_30,PRETERM,D3,1,215.04,POSITIVE,true
PXD064962_UCD_EVENT,University College Dublin / Conway Institute,protein_groups,51,LFQ intensity PT_D3_30_2_S1-F3_6678,LFQ intensity PT_D3_30_2_S1-F3_6678:51,PT_D3_30_2_S1-F3_6678,Q04695,CON__Q04695;Q04695;CON__P19001;CON__Q9C075;CON__Q99PS0;Q9C075,PT_D3_30,PT_D3_30,PRETERM,D3,2,294.01,POSITIVE,true
PXD064962_UCD_EVENT,University College Dublin / Conway Institute,protein_groups,51,LFQ intensity PT_D3_37_1_S1-G5_6695,LFQ intensity PT_D3_37_1_S1-G5_6695:51,PT_D3_37_1_S1-G5_6695,Q04695,CON__Q04695;Q04695;CON__P19001;CON__Q9C075;CON__Q99PS0;Q9C075,PT_D3_37,PT_D3_37,PRETERM,D3,1,227.47,POSITIVE,true
PXD064962_UCD_EVENT,University College Dublin / Conway Institute,protein_groups,51,LFQ intensity PT_D3_37_2_S1-H5_6696,LFQ intensity PT_D3_37_2_S1-H5_6696:51,PT_D3_37_2_S1-H5_6696,Q04695,CON__Q04695;Q04695;CON__P19001;CON__Q9C075;CON__Q99PS0;Q9C075,PT_D3_37,PT_D3_37,PRETERM,D3,2,223.79,POSITIVE,true
PXD064962_UCD_EVENT,University College Dublin / Conway Institute,protein_groups,51,LFQ intensity PT_D3_41_1_S1-G3_6691,LFQ intensity PT_D3_41_1_S1-G3_6691:51,PT_D3_41_1_S1-G3_6691,Q04695,CON__Q04695;Q04695;CON__P19001;CON__Q9C075;CON__Q99PS0;Q9C075,PT_D3_41,PT_D3_41,PRETERM,D3,1,1813500.0,POSITIVE,true
PXD064962_UCD_EVENT,University College Dublin / Conway Institute,protein_groups,51,LFQ intensity PT_D3_41_2_S1-H3_6692,LFQ intensity PT_D3_41_2_S1-H3_6692:51,PT_D3_41_2_S1-H3_6692,Q04695,CON__Q04695;Q04695;CON__P19001;CON__Q9C075;CON__Q99PS0;Q9C075,PT_D3_41,PT_D3_41,PRETERM,D3,2,1701800.0,POSITIVE,true
PXD064962_UCD_EVENT,University College Dublin / Conway Institute,protein_groups,51,LFQ intensity PT_D3_42_1_S1-G4_6693,LFQ intensity PT_D3_42_1_S1-G4_6693:51,PT_D3_42_1_S1-G4_6693,Q04695,CON__Q04695;Q04695;CON__P19001;CON__Q9C075;CON__Q99PS0;Q9C075,PT_D3_42,PT_D3_42,PRETERM,D3,1,260.0,POSITIVE,true
PXD064962_UCD_EVENT,University College Dublin / Conway Institute,protein_groups,51,LFQ intensity PT_D3_42_2_S1-H4_6694,LFQ intensity PT_D3_42_2_S1-H4_6694:51,PT_D3_42_2_S1-H4_6694,Q04695,CON__Q04695;Q04695;CON__P19001;CON__Q9C075;CON__Q99PS0;Q9C075,PT_D3_42,PT_D3_42,PRETERM,D3,2,351.39,POSITIVE,true
PXD064962_UCD_EVENT,University College Dublin / Conway Institute,protein_groups,51,LFQ intensity PT_D3_85_1_S1-E4_6679,LFQ intensity PT_D3_85_1_S1-E4_6679:51,PT_D3_85_1_S1-E4_6679,Q04695,CON__Q04695;Q04695;CON__P19001;CON__Q9C075;CON__Q99PS0;Q9C075,PT_D3_85,PT_D3_85,PRETERM,D3,1,208.81,POSITIVE,true
PXD064962_UCD_EVENT,University College Dublin / Conway Institute,protein_groups,51,LFQ intensity PT_D3_85_2_S1-F4_6680,LFQ intensity PT_D3_85_2_S1-F4_6680:51,PT_D3_85_2_S1-F4_6680,Q04695,CON__Q04695;Q04695;CON__P19001;CON__Q9C075;CON__Q99PS0;Q9C075,PT_D3_85,PT_D3_85,PRETERM,D3,2,314.58,POSITIVE,true
PXD064962_UCD_EVENT,University College Dublin / Conway Institute,protein_groups,51,LFQ intensity PT_D3_96_1_S1-A4_6647,LFQ intensity PT_D3_96_1_S1-A4_6647:51,PT_D3_96_1_S1-A4_6647,Q04695,CON__Q04695;Q04695;CON__P19001;CON__Q9C075;CON__Q99PS0;Q9C075,PT_D3_96,PT_D3_96,PRETERM,D3,1,462.34,POSITIVE,true
PXD064962_UCD_EVENT,University College Dublin / Conway Institute,protein_groups,51,LFQ intensity PT_D3_96_2_S1-B4_6648,LFQ intensity PT_D3_96_2_S1-B4_6648:51,PT_D3_96_2_S1-B4_6648,Q04695,CON__Q04695;Q04695;CON__P19001;CON__Q9C075;CON__Q99PS0;Q9C075,PT_D3_96,PT_D3_96,PRETERM,D3,2,332.47,POSITIVE,true
PXD064962_UCD_EVENT,University College Dublin / Conway Institute,protein_groups,51,LFQ intensity T_D1_133_1_S1-A6_6651,LFQ intensity T_D1_133_1_S1-A6_6651:51,T_D1_133_1_S1-A6_6651,Q04695,CON__Q04695;Q04695;CON__P19001;CON__Q9C075;CON__Q99PS0;Q9C075,T_D1_133,T_D1_133,TERM,D1,1,258.92,POSITIVE,true
PXD064962_UCD_EVENT,University College Dublin / Conway Institute,protein_groups,51,LFQ intensity T_D1_133_2_S1-B6_6652,LFQ intensity T_D1_133_2_S1-B6_6652:51,T_D1_133_2_S1-B6_6652,Q04695,CON__Q04695;Q04695;CON__P19001;CON__Q9C075;CON__Q99PS0;Q9C075,T_D1_133,T_D1_133,TERM,D1,2,188.76,POSITIVE,true
PXD064962_UCD_EVENT,University College Dublin / Conway Institute,protein_groups,51,LFQ intensity T_D1_138_1_S1-G6_6697,LFQ intensity T_D1_138_1_S1-G6_6697:51,T_D1_138_1_S1-G6_6697,Q04695,CON__Q04695;Q04695;CON__P19001;CON__Q9C075;CON__Q99PS0;Q9C075,T_D1_138,T_D1_138,TERM,D1,1,433.1,POSITIVE,true
PXD064962_UCD_EVENT,University College Dublin / Conway Institute,protein_groups,51,LFQ intensity T_D1_138_2_S1-H6_6698,LFQ intensity T_D1_138_2_S1-H6_6698:51,T_D1_138_2_S1-H6_6698,Q04695,CON__Q04695;Q04695;CON__P19001;CON__Q9C075;CON__Q99PS0;Q9C075,T_D1_138,T_D1_138,TERM,D1,2,277.17,POSITIVE,true
PXD064962_UCD_EVENT,University College Dublin / Conway Institute,protein_groups,51,LFQ intensity T_D1_165_1_S1-A7_6653,LFQ intensity T_D1_165_1_S1-A7_6653:51,T_D1_165_1_S1-A7_6653,Q04695,CON__Q04695;Q04695;CON__P19001;CON__Q9C075;CON__Q99PS0;Q9C075,T_D1_165,T_D1_165,TERM,D1,1,960.8,POSITIVE,true
PXD064962_UCD_EVENT,University College Dublin / Conway Institute,protein_groups,51,LFQ intensity T_D1_165_2_S1-B7_6654,LFQ intensity T_D1_165_2_S1-B7_6654:51,T_D1_165_2_S1-B7_6654,Q04695,CON__Q04695;Q04695;CON__P19001;CON__Q9C075;CON__Q99PS0;Q9C075,T_D1_165,T_D1_165,TERM,D1,2,472.65,POSITIVE,true
PXD064962_UCD_EVENT,University College Dublin / Conway Institute,protein_groups,51,LFQ intensity T_D1_173_1_S1-E6_6683,LFQ intensity T_D1_173_1_S1-E6_6683:51,T_D1_173_1_S1-E6_6683,Q04695,CON__Q04695;Q04695;CON__P19001;CON__Q9C075;CON__Q99PS0;Q9C075,T_D1_173,T_D1_173,TERM,D1,1,0.0,EXPLICIT_ZERO,false
PXD064962_UCD_EVENT,University College Dublin / Conway Institute,protein_groups,51,LFQ intensity T_D1_173_2_S1-F6_6684,LFQ intensity T_D1_173_2_S1-F6_6684:51,T_D1_173_2_S1-F6_6684,Q04695,CON__Q04695;Q04695;CON__P19001;CON__Q9C075;CON__Q99PS0;Q9C075,T_D1_173,T_D1_173,TERM,D1,2,557.6,POSITIVE,true
PXD064962_UCD_EVENT,University College Dublin / Conway Institute,protein_groups,51,LFQ intensity T_D1_186_1_S1-C6_6667,LFQ intensity T_D1_186_1_S1-C6_6667:51,T_D1_186_1_S1-C6_6667,Q04695,CON__Q04695;Q04695;CON__P19001;CON__Q9C075;CON__Q99PS0;Q9C075,T_D1_186,T_D1_186,TERM,D1,1,185.76,POSITIVE,true
PXD064962_UCD_EVENT,University College Dublin / Conway Institute,protein_groups,51,LFQ intensity T_D1_186_2_S1-D6_6668,LFQ intensity T_D1_186_2_S1-D6_6668:51,T_D1_186_2_S1-D6_6668,Q04695,CON__Q04695;Q04695;CON__P19001;CON__Q9C075;CON__Q99PS0;Q9C075,T_D1_186,T_D1_186,TERM,D1,2,112.11,POSITIVE,true
PXD064962_UCD_EVENT,University College Dublin / Conway Institute,protein_groups,51,LFQ intensity T_D3_119a_1_S1-E7_6685,LFQ intensity T_D3_119a_1_S1-E7_6685:51,T_D3_119a_1_S1-E7_6685,Q04695,CON__Q04695;Q04695;CON__P19001;CON__Q9C075;CON__Q99PS0;Q9C075,T_D3_119a,T_D3_119a,TERM,D3,1,565.79,POSITIVE,true
PXD064962_UCD_EVENT,University College Dublin / Conway Institute,protein_groups,51,LFQ intensity T_D3_119a_2_S1-F7_6686,LFQ intensity T_D3_119a_2_S1-F7_6686:51,T_D3_119a_2_S1-F7_6686,Q04695,CON__Q04695;Q04695;CON__P19001;CON__Q9C075;CON__Q99PS0;Q9C075,T_D3_119a,T_D3_119a,TERM,D3,2,156.42,POSITIVE,true
PXD064962_UCD_EVENT,University College Dublin / Conway Institute,protein_groups,51,LFQ intensity T_D3_119b_1_S1-A8_6655,LFQ intensity T_D3_119b_1_S1-A8_6655:51,T_D3_119b_1_S1-A8_6655,Q04695,CON__Q04695;Q04695;CON__P19001;CON__Q9C075;CON__Q99PS0;Q9C075,T_D3_119b,T_D3_119b,TERM,D3,1,273.06,POSITIVE,true
PXD064962_UCD_EVENT,University College Dublin / Conway Institute,protein_groups,51,LFQ intensity T_D3_119b_2_S1-B8_6656,LFQ intensity T_D3_119b_2_S1-B8_6656:51,T_D3_119b_2_S1-B8_6656,Q04695,CON__Q04695;Q04695;CON__P19001;CON__Q9C075;CON__Q99PS0;Q9C075,T_D3_119b,T_D3_119b,TERM,D3,2,114.2,POSITIVE,true
PXD064962_UCD_EVENT,University College Dublin / Conway Institute,protein_groups,51,LFQ intensity T_D3_155_1_S1-G7_6699,LFQ intensity T_D3_155_1_S1-G7_6699:51,T_D3_155_1_S1-G7_6699,Q04695,CON__Q04695;Q04695;CON__P19001;CON__Q9C075;CON__Q99PS0;Q9C075,T_D3_155,T_D3_155,TERM,D3,1,0.0,EXPLICIT_ZERO,false
PXD064962_UCD_EVENT,University College Dublin / Conway Institute,protein_groups,51,LFQ intensity T_D3_155_2_S1-H7_6700,LFQ intensity T_D3_155_2_S1-H7_6700:51,T_D3_155_2_S1-H7_6700,Q04695,CON__Q04695;Q04695;CON__P19001;CON__Q9C075;CON__Q99PS0;Q9C075,T_D3_155,T_D3_155,TERM,D3,2,0.0,EXPLICIT_ZERO,false
PXD064962_UCD_EVENT,University College Dublin / Conway Institute,protein_groups,51,LFQ intensity T_D3_178_1_S1-C7_6669,LFQ intensity T_D3_178_1_S1-C7_6669:51,T_D3_178_1_S1-C7_6669,Q04695,CON__Q04695;Q04695;CON__P19001;CON__Q9C075;CON__Q99PS0;Q9C075,T_D3_178,T_D3_178,TERM,D3,1,111.01,POSITIVE,true
PXD064962_UCD_EVENT,University College Dublin / Conway Institute,protein_groups,51,LFQ intensity T_D3_178_2_S1-D7_6670,LFQ intensity T_D3_178_2_S1-D7_6670:51,T_D3_178_2_S1-D7_6670,Q04695,CON__Q04695;Q04695;CON__P19001;CON__Q9C075;CON__Q99PS0;Q9C075,T_D3_178,T_D3_178,TERM,D3,2,169.49,POSITIVE,true
PXD064962_UCD_EVENT,University College Dublin / Conway Institute,protein_groups,51,LFQ intensity T_D3_198_1_S1-C8_6671,LFQ intensity T_D3_198_1_S1-C8_6671:51,T_D3_198_1_S1-C8_6671,Q04695,CON__Q04695;Q04695;CON__P19001;CON__Q9C075;CON__Q99PS0;Q9C075,T_D3_198,T_D3_198,TERM,D3,1,4926500.0,POSITIVE,true
PXD064962_UCD_EVENT,University College Dublin / Conway Institute,protein_groups,51,LFQ intensity T_D3_198_2_S1-D8_6672,LFQ intensity T_D3_198_2_S1-D8_6672:51,T_D3_198_2_S1-D8_6672,Q04695,CON__Q04695;Q04695;CON__P19001;CON__Q9C075;CON__Q99PS0;Q9C075,T_D3_198,T_D3_198,TERM,D3,2,5077700.0,POSITIVE,true
PXD064962_UCD_EVENT,University College Dublin / Conway Institute,protein_groups,149,LFQ intensity PT_D1_16_1_S1-A1_6641,LFQ intensity PT_D1_16_1_S1-A1_6641:149,PT_D1_16_1_S1-A1_6641,P04004,P04004;CON__Q3ZBS7,PT_D1_16,PT_D1_16,PRETERM,D1,1,2924100.0,POSITIVE,true
PXD064962_UCD_EVENT,University College Dublin / Conway Institute,protein_groups,149,LFQ intensity PT_D1_16_2_S1-B1_6642,LFQ intensity PT_D1_16_2_S1-B1_6642:149,PT_D1_16_2_S1-B1_6642,P04004,P04004;CON__Q3ZBS7,PT_D1_16,PT_D1_16,PRETERM,D1,2,2918300.0,POSITIVE,true
PXD064962_UCD_EVENT,University College Dublin / Conway Institute,protein_groups,149,LFQ intensity PT_D1_18_1_S1-C1_6657,LFQ intensity PT_D1_18_1_S1-C1_6657:149,PT_D1_18_1_S1-C1_6657,P04004,P04004;CON__Q3ZBS7,PT_D1_18,PT_D1_18,PRETERM,D1,1,1559500.0,POSITIVE,true
PXD064962_UCD_EVENT,University College Dublin / Conway Institute,protein_groups,149,LFQ intensity PT_D1_18_2_S1-D1_6658,LFQ intensity PT_D1_18_2_S1-D1_6658:149,PT_D1_18_2_S1-D1_6658,P04004,P04004;CON__Q3ZBS7,PT_D1_18,PT_D1_18,PRETERM,D1,2,1514000.0,POSITIVE,true
PXD064962_UCD_EVENT,University College Dublin / Conway Institute,protein_groups,149,LFQ intensity PT_D1_20_1_S1-E1_6673,LFQ intensity PT_D1_20_1_S1-E1_6673:149,PT_D1_20_1_S1-E1_6673,P04004,P04004;CON__Q3ZBS7,PT_D1_20,PT_D1_20,PRETERM,D1,1,2677400.0,POSITIVE,true
PXD064962_UCD_EVENT,University College Dublin / Conway Institute,protein_groups,149,LFQ intensity PT_D1_20_2_S1-F1_6674,LFQ intensity PT_D1_20_2_S1-F1_6674:149,PT_D1_20_2_S1-F1_6674,P04004,P04004;CON__Q3ZBS7,PT_D1_20,PT_D1_20,PRETERM,D1,2,2818200.0,POSITIVE,true
PXD064962_UCD_EVENT,University College Dublin / Conway Institute,protein_groups,149,LFQ intensity PT_D1_23_1_S1-G1_6687,LFQ intensity PT_D1_23_1_S1-G1_6687:149,PT_D1_23_1_S1-G1_6687,P04004,P04004;CON__Q3ZBS7,PT_D1_23,PT_D1_23,PRETERM,D1,1,1728400.0,POSITIVE,true
PXD064962_UCD_EVENT,University College Dublin / Conway Institute,protein_groups,149,LFQ intensity PT_D1_23_2_S1-H1_6688,LFQ intensity PT_D1_23_2_S1-H1_6688:149,PT_D1_23_2_S1-H1_6688,P04004,P04004;CON__Q3ZBS7,PT_D1_23,PT_D1_23,PRETERM,D1,2,1710900.0,POSITIVE,true
PXD064962_UCD_EVENT,University College Dublin / Conway Institute,protein_groups,149,LFQ intensity PT_D1_33_1_S1-A2_6643,LFQ intensity PT_D1_33_1_S1-A2_6643:149,PT_D1_33_1_S1-A2_6643,P04004,P04004;CON__Q3ZBS7,PT_D1_33,PT_D1_33,PRETERM,D1,1,2332600.0,POSITIVE,true
PXD064962_UCD_EVENT,University College Dublin / Conway Institute,protein_groups,149,LFQ intensity PT_D1_33_2_S1-B2_6644,LFQ intensity PT_D1_33_2_S1-B2_6644:149,PT_D1_33_2_S1-B2_6644,P04004,P04004;CON__Q3ZBS7,PT_D1_33,PT_D1_33,PRETERM,D1,2,1807600.0,POSITIVE,true
PXD064962_UCD_EVENT,University College Dublin / Conway Institute,protein_groups,149,LFQ intensity PT_D1_34_1_S1-C2_6659,LFQ intensity PT_D1_34_1_S1-C2_6659:149,PT_D1_34_1_S1-C2_6659,P04004,P04004;CON__Q3ZBS7,PT_D1_34,PT_D1_34,PRETERM,D1,1,2117800.0,POSITIVE,true
PXD064962_UCD_EVENT,University College Dublin / Conway Institute,protein_groups,149,LFQ intensity PT_D1_34_2_S1-D2_6660,LFQ intensity PT_D1_34_2_S1-D2_6660:149,PT_D1_34_2_S1-D2_6660,P04004,P04004;CON__Q3ZBS7,PT_D1_34,PT_D1_34,PRETERM,D1,2,2157400.0,POSITIVE,true
PXD064962_UCD_EVENT,University College Dublin / Conway Institute,protein_groups,149,LFQ intensity PT_D1_48_1_S1-E2_6675,LFQ intensity PT_D1_48_1_S1-E2_6675:149,PT_D1_48_1_S1-E2_6675,P04004,P04004;CON__Q3ZBS7,PT_D1_48,PT_D1_48,PRETERM,D1,1,1740100.0,POSITIVE,true
PXD064962_UCD_EVENT,University College Dublin / Conway Institute,protein_groups,149,LFQ intensity PT_D1_48_2_S1-F2_6676,LFQ intensity PT_D1_48_2_S1-F2_6676:149,PT_D1_48_2_S1-F2_6676,P04004,P04004;CON__Q3ZBS7,PT_D1_48,PT_D1_48,PRETERM,D1,2,1794300.0,POSITIVE,true
PXD064962_UCD_EVENT,University College Dublin / Conway Institute,protein_groups,149,LFQ intensity PT_D1_51_1_S1-G2_6689,LFQ intensity PT_D1_51_1_S1-G2_6689:149,PT_D1_51_1_S1-G2_6689,P04004,P04004;CON__Q3ZBS7,PT_D1_51,PT_D1_51,PRETERM,D1,1,2164900.0,POSITIVE,true
PXD064962_UCD_EVENT,University College Dublin / Conway Institute,protein_groups,149,LFQ intensity PT_D1_51_2_S1-H2_6690,LFQ intensity PT_D1_51_2_S1-H2_6690:149,PT_D1_51_2_S1-H2_6690,P04004,P04004;CON__Q3ZBS7,PT_D1_51,PT_D1_51,PRETERM,D1,2,2113800.0,POSITIVE,true
PXD064962_UCD_EVENT,University College Dublin / Conway Institute,protein_groups,149,LFQ intensity PT_D1_73_1_S1-A3_6645,LFQ intensity PT_D1_73_1_S1-A3_6645:149,PT_D1_73_1_S1-A3_6645,P04004,P04004;CON__Q3ZBS7,PT_D1_73,PT_D1_73,PRETERM,D1,1,3262100.0,POSITIVE,true
PXD064962_UCD_EVENT,University College Dublin / Conway Institute,protein_groups,149,LFQ intensity PT_D1_73_2_S1-B3_6646,LFQ intensity PT_D1_73_2_S1-B3_6646:149,PT_D1_73_2_S1-B3_6646,P04004,P04004;CON__Q3ZBS7,PT_D1_73,PT_D1_73,PRETERM,D1,2,3251000.0,POSITIVE,true
PXD064962_UCD_EVENT,University College Dublin / Conway Institute,protein_groups,149,LFQ intensity PT_D1_81_1_S1-C3_6661,LFQ intensity PT_D1_81_1_S1-C3_6661:149,PT_D1_81_1_S1-C3_6661,P04004,P04004;CON__Q3ZBS7,PT_D1_81,PT_D1_81,PRETERM,D1,1,2346700.0,POSITIVE,true
PXD064962_UCD_EVENT,University College Dublin / Conway Institute,protein_groups,149,LFQ intensity PT_D1_81_2_S1-D3_6662,LFQ intensity PT_D1_81_2_S1-D3_6662:149,PT_D1_81_2_S1-D3_6662,P04004,P04004;CON__Q3ZBS7,PT_D1_81,PT_D1_81,PRETERM,D1,2,2325000.0,POSITIVE,true
PXD064962_UCD_EVENT,University College Dublin / Conway Institute,protein_groups,149,LFQ intensity PT_D3_06_1_S1-E5_6681,LFQ intensity PT_D3_06_1_S1-E5_6681:149,PT_D3_06_1_S1-E5_6681,P04004,P04004;CON__Q3ZBS7,PT_D3_06,PT_D3_06,PRETERM,D3,1,2930700.0,POSITIVE,true
PXD064962_UCD_EVENT,University College Dublin / Conway Institute,protein_groups,149,LFQ intensity PT_D3_06_2_S1-F5_6682,LFQ intensity PT_D3_06_2_S1-F5_6682:149,PT_D3_06_2_S1-F5_6682,P04004,P04004;CON__Q3ZBS7,PT_D3_06,PT_D3_06,PRETERM,D3,2,2569100.0,POSITIVE,true
PXD064962_UCD_EVENT,University College Dublin / Conway Institute,protein_groups,149,LFQ intensity PT_D3_14_1_S1-C5_6665,LFQ intensity PT_D3_14_1_S1-C5_6665:149,PT_D3_14_1_S1-C5_6665,P04004,P04004;CON__Q3ZBS7,PT_D3_14,PT_D3_14,PRETERM,D3,1,2201100.0,POSITIVE,true
PXD064962_UCD_EVENT,University College Dublin / Conway Institute,protein_groups,149,LFQ intensity PT_D3_14_2_S1-D5_6666,LFQ intensity PT_D3_14_2_S1-D5_6666:149,PT_D3_14_2_S1-D5_6666,P04004,P04004;CON__Q3ZBS7,PT_D3_14,PT_D3_14,PRETERM,D3,2,1689800.0,POSITIVE,true
PXD064962_UCD_EVENT,University College Dublin / Conway Institute,protein_groups,149,LFQ intensity PT_D3_22_1_S1-C4_6663,LFQ intensity PT_D3_22_1_S1-C4_6663:149,PT_D3_22_1_S1-C4_6663,P04004,P04004;CON__Q3ZBS7,PT_D3_22,PT_D3_22,PRETERM,D3,1,2217800.0,POSITIVE,true
PXD064962_UCD_EVENT,University College Dublin / Conway Institute,protein_groups,149,LFQ intensity PT_D3_22_2_S1-D4_6664,LFQ intensity PT_D3_22_2_S1-D4_6664:149,PT_D3_22_2_S1-D4_6664,P04004,P04004;CON__Q3ZBS7,PT_D3_22,PT_D3_22,PRETERM,D3,2,1958500.0,POSITIVE,true
PXD064962_UCD_EVENT,University College Dublin / Conway Institute,protein_groups,149,LFQ intensity PT_D3_28_1_S1-A5_6649,LFQ intensity PT_D3_28_1_S1-A5_6649:149,PT_D3_28_1_S1-A5_6649,P04004,P04004;CON__Q3ZBS7,PT_D3_28,PT_D3_28,PRETERM,D3,1,2207500.0,POSITIVE,true
PXD064962_UCD_EVENT,University College Dublin / Conway Institute,protein_groups,149,LFQ intensity PT_D3_28_2_S1-B5_6650,LFQ intensity PT_D3_28_2_S1-B5_6650:149,PT_D3_28_2_S1-B5_6650,P04004,P04004;CON__Q3ZBS7,PT_D3_28,PT_D3_28,PRETERM,D3,2,2324100.0,POSITIVE,true
PXD064962_UCD_EVENT,University College Dublin / Conway Institute,protein_groups,149,LFQ intensity PT_D3_30_1_S1-E3_6677,LFQ intensity PT_D3_30_1_S1-E3_6677:149,PT_D3_30_1_S1-E3_6677,P04004,P04004;CON__Q3ZBS7,PT_D3_30,PT_D3_30,PRETERM,D3,1,2779400.0,POSITIVE,true
PXD064962_UCD_EVENT,University College Dublin / Conway Institute,protein_groups,149,LFQ intensity PT_D3_30_2_S1-F3_6678,LFQ intensity PT_D3_30_2_S1-F3_6678:149,PT_D3_30_2_S1-F3_6678,P04004,P04004;CON__Q3ZBS7,PT_D3_30,PT_D3_30,PRETERM,D3,2,2447700.0,POSITIVE,true
PXD064962_UCD_EVENT,University College Dublin / Conway Institute,protein_groups,149,LFQ intensity PT_D3_37_1_S1-G5_6695,LFQ intensity PT_D3_37_1_S1-G5_6695:149,PT_D3_37_1_S1-G5_6695,P04004,P04004;CON__Q3ZBS7,PT_D3_37,PT_D3_37,PRETERM,D3,1,1774100.0,POSITIVE,true
PXD064962_UCD_EVENT,University College Dublin / Conway Institute,protein_groups,149,LFQ intensity PT_D3_37_2_S1-H5_6696,LFQ intensity PT_D3_37_2_S1-H5_6696:149,PT_D3_37_2_S1-H5_6696,P04004,P04004;CON__Q3ZBS7,PT_D3_37,PT_D3_37,PRETERM,D3,2,2476300.0,POSITIVE,true
PXD064962_UCD_EVENT,University College Dublin / Conway Institute,protein_groups,149,LFQ intensity PT_D3_41_1_S1-G3_6691,LFQ intensity PT_D3_41_1_S1-G3_6691:149,PT_D3_41_1_S1-G3_6691,P04004,P04004;CON__Q3ZBS7,PT_D3_41,PT_D3_41,PRETERM,D3,1,2331300.0,POSITIVE,true
PXD064962_UCD_EVENT,University College Dublin / Conway Institute,protein_groups,149,LFQ intensity PT_D3_41_2_S1-H3_6692,LFQ intensity PT_D3_41_2_S1-H3_6692:149,PT_D3_41_2_S1-H3_6692,P04004,P04004;CON__Q3ZBS7,PT_D3_41,PT_D3_41,PRETERM,D3,2,2618300.0,POSITIVE,true
PXD064962_UCD_EVENT,University College Dublin / Conway Institute,protein_groups,149,LFQ intensity PT_D3_42_1_S1-G4_6693,LFQ intensity PT_D3_42_1_S1-G4_6693:149,PT_D3_42_1_S1-G4_6693,P04004,P04004;CON__Q3ZBS7,PT_D3_42,PT_D3_42,PRETERM,D3,1,2779500.0,POSITIVE,true
PXD064962_UCD_EVENT,University College Dublin / Conway Institute,protein_groups,149,LFQ intensity PT_D3_42_2_S1-H4_6694,LFQ intensity PT_D3_42_2_S1-H4_6694:149,PT_D3_42_2_S1-H4_6694,P04004,P04004;CON__Q3ZBS7,PT_D3_42,PT_D3_42,PRETERM,D3,2,2630700.0,POSITIVE,true
PXD064962_UCD_EVENT,University College Dublin / Conway Institute,protein_groups,149,LFQ intensity PT_D3_85_1_S1-E4_6679,LFQ intensity PT_D3_85_1_S1-E4_6679:149,PT_D3_85_1_S1-E4_6679,P04004,P04004;CON__Q3ZBS7,PT_D3_85,PT_D3_85,PRETERM,D3,1,2660800.0,POSITIVE,true
PXD064962_UCD_EVENT,University College Dublin / Conway Institute,protein_groups,149,LFQ intensity PT_D3_85_2_S1-F4_6680,LFQ intensity PT_D3_85_2_S1-F4_6680:149,PT_D3_85_2_S1-F4_6680,P04004,P04004;CON__Q3ZBS7,PT_D3_85,PT_D3_85,PRETERM,D3,2,2682500.0,POSITIVE,true
PXD064962_UCD_EVENT,University College Dublin / Conway Institute,protein_groups,149,LFQ intensity PT_D3_96_1_S1-A4_6647,LFQ intensity PT_D3_96_1_S1-A4_6647:149,PT_D3_96_1_S1-A4_6647,P04004,P04004;CON__Q3ZBS7,PT_D3_96,PT_D3_96,PRETERM,D3,1,2625100.0,POSITIVE,true
PXD064962_UCD_EVENT,University College Dublin / Conway Institute,protein_groups,149,LFQ intensity PT_D3_96_2_S1-B4_6648,LFQ intensity PT_D3_96_2_S1-B4_6648:149,PT_D3_96_2_S1-B4_6648,P04004,P04004;CON__Q3ZBS7,PT_D3_96,PT_D3_96,PRETERM,D3,2,2307300.0,POSITIVE,true
PXD064962_UCD_EVENT,University College Dublin / Conway Institute,protein_groups,149,LFQ intensity T_D1_133_1_S1-A6_6651,LFQ intensity T_D1_133_1_S1-A6_6651:149,T_D1_133_1_S1-A6_6651,P04004,P04004;CON__Q3ZBS7,T_D1_133,T_D1_133,TERM,D1,1,2701900.0,POSITIVE,true
PXD064962_UCD_EVENT,University College Dublin / Conway Institute,protein_groups,149,LFQ intensity T_D1_133_2_S1-B6_6652,LFQ intensity T_D1_133_2_S1-B6_6652:149,T_D1_133_2_S1-B6_6652,P04004,P04004;CON__Q3ZBS7,T_D1_133,T_D1_133,TERM,D1,2,2784500.0,POSITIVE,true
PXD064962_UCD_EVENT,University College Dublin / Conway Institute,protein_groups,149,LFQ intensity T_D1_138_1_S1-G6_6697,LFQ intensity T_D1_138_1_S1-G6_6697:149,T_D1_138_1_S1-G6_6697,P04004,P04004;CON__Q3ZBS7,T_D1_138,T_D1_138,TERM,D1,1,2788500.0,POSITIVE,true
PXD064962_UCD_EVENT,University College Dublin / Conway Institute,protein_groups,149,LFQ intensity T_D1_138_2_S1-H6_6698,LFQ intensity T_D1_138_2_S1-H6_6698:149,T_D1_138_2_S1-H6_6698,P04004,P04004;CON__Q3ZBS7,T_D1_138,T_D1_138,TERM,D1,2,2875400.0,POSITIVE,true
PXD064962_UCD_EVENT,University College Dublin / Conway Institute,protein_groups,149,LFQ intensity T_D1_165_1_S1-A7_6653,LFQ intensity T_D1_165_1_S1-A7_6653:149,T_D1_165_1_S1-A7_6653,P04004,P04004;CON__Q3ZBS7,T_D1_165,T_D1_165,TERM,D1,1,2840000.0,POSITIVE,true
PXD064962_UCD_EVENT,University College Dublin / Conway Institute,protein_groups,149,LFQ intensity T_D1_165_2_S1-B7_6654,LFQ intensity T_D1_165_2_S1-B7_6654:149,T_D1_165_2_S1-B7_6654,P04004,P04004;CON__Q3ZBS7,T_D1_165,T_D1_165,TERM,D1,2,2811000.0,POSITIVE,true
PXD064962_UCD_EVENT,University College Dublin / Conway Institute,protein_groups,149,LFQ intensity T_D1_173_1_S1-E6_6683,LFQ intensity T_D1_173_1_S1-E6_6683:149,T_D1_173_1_S1-E6_6683,P04004,P04004;CON__Q3ZBS7,T_D1_173,T_D1_173,TERM,D1,1,2849900.0,POSITIVE,true
PXD064962_UCD_EVENT,University College Dublin / Conway Institute,protein_groups,149,LFQ intensity T_D1_173_2_S1-F6_6684,LFQ intensity T_D1_173_2_S1-F6_6684:149,T_D1_173_2_S1-F6_6684,P04004,P04004;CON__Q3ZBS7,T_D1_173,T_D1_173,TERM,D1,2,3026700.0,POSITIVE,true
PXD064962_UCD_EVENT,University College Dublin / Conway Institute,protein_groups,149,LFQ intensity T_D1_186_1_S1-C6_6667,LFQ intensity T_D1_186_1_S1-C6_6667:149,T_D1_186_1_S1-C6_6667,P04004,P04004;CON__Q3ZBS7,T_D1_186,T_D1_186,TERM,D1,1,2859800.0,POSITIVE,true
PXD064962_UCD_EVENT,University College Dublin / Conway Institute,protein_groups,149,LFQ intensity T_D1_186_2_S1-D6_6668,LFQ intensity T_D1_186_2_S1-D6_6668:149,T_D1_186_2_S1-D6_6668,P04004,P04004;CON__Q3ZBS7,T_D1_186,T_D1_186,TERM,D1,2,2837900.0,POSITIVE,true
PXD064962_UCD_EVENT,University College Dublin / Conway Institute,protein_groups,149,LFQ intensity T_D3_119a_1_S1-E7_6685,LFQ intensity T_D3_119a_1_S1-E7_6685:149,T_D3_119a_1_S1-E7_6685,P04004,P04004;CON__Q3ZBS7,T_D3_119a,T_D3_119a,TERM,D3,1,2113100.0,POSITIVE,true
PXD064962_UCD_EVENT,University College Dublin / Conway Institute,protein_groups,149,LFQ intensity T_D3_119a_2_S1-F7_6686,LFQ intensity T_D3_119a_2_S1-F7_6686:149,T_D3_119a_2_S1-F7_6686,P04004,P04004;CON__Q3ZBS7,T_D3_119a,T_D3_119a,TERM,D3,2,2145000.0,POSITIVE,true
PXD064962_UCD_EVENT,University College Dublin / Conway Institute,protein_groups,149,LFQ intensity T_D3_119b_1_S1-A8_6655,LFQ intensity T_D3_119b_1_S1-A8_6655:149,T_D3_119b_1_S1-A8_6655,P04004,P04004;CON__Q3ZBS7,T_D3_119b,T_D3_119b,TERM,D3,1,2311900.0,POSITIVE,true
PXD064962_UCD_EVENT,University College Dublin / Conway Institute,protein_groups,149,LFQ intensity T_D3_119b_2_S1-B8_6656,LFQ intensity T_D3_119b_2_S1-B8_6656:149,T_D3_119b_2_S1-B8_6656,P04004,P04004;CON__Q3ZBS7,T_D3_119b,T_D3_119b,TERM,D3,2,2283600.0,POSITIVE,true
PXD064962_UCD_EVENT,University College Dublin / Conway Institute,protein_groups,149,LFQ intensity T_D3_155_1_S1-G7_6699,LFQ intensity T_D3_155_1_S1-G7_6699:149,T_D3_155_1_S1-G7_6699,P04004,P04004;CON__Q3ZBS7,T_D3_155,T_D3_155,TERM,D3,1,1656700.0,POSITIVE,true
PXD064962_UCD_EVENT,University College Dublin / Conway Institute,protein_groups,149,LFQ intensity T_D3_155_2_S1-H7_6700,LFQ intensity T_D3_155_2_S1-H7_6700:149,T_D3_155_2_S1-H7_6700,P04004,P04004;CON__Q3ZBS7,T_D3_155,T_D3_155,TERM,D3,2,1674100.0,POSITIVE,true
PXD064962_UCD_EVENT,University College Dublin / Conway Institute,protein_groups,149,LFQ intensity T_D3_178_1_S1-C7_6669,LFQ intensity T_D3_178_1_S1-C7_6669:149,T_D3_178_1_S1-C7_6669,P04004,P04004;CON__Q3ZBS7,T_D3_178,T_D3_178,TERM,D3,1,2281400.0,POSITIVE,true
PXD064962_UCD_EVENT,University College Dublin / Conway Institute,protein_groups,149,LFQ intensity T_D3_178_2_S1-D7_6670,LFQ intensity T_D3_178_2_S1-D7_6670:149,T_D3_178_2_S1-D7_6670,P04004,P04004;CON__Q3ZBS7,T_D3_178,T_D3_178,TERM,D3,2,2220900.0,POSITIVE,true
PXD064962_UCD_EVENT,University College Dublin / Conway Institute,protein_groups,149,LFQ intensity T_D3_198_1_S1-C8_6671,LFQ intensity T_D3_198_1_S1-C8_6671:149,T_D3_198_1_S1-C8_6671,P04004,P04004;CON__Q3ZBS7,T_D3_198,T_D3_198,TERM,D3,1,1835800.0,POSITIVE,true
PXD064962_UCD_EVENT,University College Dublin / Conway Institute,protein_groups,149,LFQ intensity T_D3_198_2_S1-D8_6672,LFQ intensity T_D3_198_2_S1-D8_6672:149,T_D3_198_2_S1-D8_6672,P04004,P04004;CON__Q3ZBS7,T_D3_198,T_D3_198,TERM,D3,2,1667700.0,POSITIVE,true
PXD064962_UCD_EVENT,University College Dublin / Conway Institute,protein_groups,160,LFQ intensity PT_D1_16_1_S1-A1_6641,LFQ intensity PT_D1_16_1_S1-A1_6641:160,PT_D1_16_1_S1-A1_6641,P04264,P04264;CON__P04264;CON__Q6IFZ6;CON__H-INV:HIT000016045;CON__Q9H552,PT_D1_16,PT_D1_16,PRETERM,D1,1,60159.0,POSITIVE,true
PXD064962_UCD_EVENT,University College Dublin / Conway Institute,protein_groups,160,LFQ intensity PT_D1_16_2_S1-B1_6642,LFQ intensity PT_D1_16_2_S1-B1_6642:160,PT_D1_16_2_S1-B1_6642,P04264,P04264;CON__P04264;CON__Q6IFZ6;CON__H-INV:HIT000016045;CON__Q9H552,PT_D1_16,PT_D1_16,PRETERM,D1,2,55700.0,POSITIVE,true
PXD064962_UCD_EVENT,University College Dublin / Conway Institute,protein_groups,160,LFQ intensity PT_D1_18_1_S1-C1_6657,LFQ intensity PT_D1_18_1_S1-C1_6657:160,PT_D1_18_1_S1-C1_6657,P04264,P04264;CON__P04264;CON__Q6IFZ6;CON__H-INV:HIT000016045;CON__Q9H552,PT_D1_18,PT_D1_18,PRETERM,D1,1,60432.0,POSITIVE,true
PXD064962_UCD_EVENT,University College Dublin / Conway Institute,protein_groups,160,LFQ intensity PT_D1_18_2_S1-D1_6658,LFQ intensity PT_D1_18_2_S1-D1_6658:160,PT_D1_18_2_S1-D1_6658,P04264,P04264;CON__P04264;CON__Q6IFZ6;CON__H-INV:HIT000016045;CON__Q9H552,PT_D1_18,PT_D1_18,PRETERM,D1,2,71933.0,POSITIVE,true
PXD064962_UCD_EVENT,University College Dublin / Conway Institute,protein_groups,160,LFQ intensity PT_D1_20_1_S1-E1_6673,LFQ intensity PT_D1_20_1_S1-E1_6673:160,PT_D1_20_1_S1-E1_6673,P04264,P04264;CON__P04264;CON__Q6IFZ6;CON__H-INV:HIT000016045;CON__Q9H552,PT_D1_20,PT_D1_20,PRETERM,D1,1,113970.0,POSITIVE,true
PXD064962_UCD_EVENT,University College Dublin / Conway Institute,protein_groups,160,LFQ intensity PT_D1_20_2_S1-F1_6674,LFQ intensity PT_D1_20_2_S1-F1_6674:160,PT_D1_20_2_S1-F1_6674,P04264,P04264;CON__P04264;CON__Q6IFZ6;CON__H-INV:HIT000016045;CON__Q9H552,PT_D1_20,PT_D1_20,PRETERM,D1,2,135410.0,POSITIVE,true
PXD064962_UCD_EVENT,University College Dublin / Conway Institute,protein_groups,160,LFQ intensity PT_D1_23_1_S1-G1_6687,LFQ intensity PT_D1_23_1_S1-G1_6687:160,PT_D1_23_1_S1-G1_6687,P04264,P04264;CON__P04264;CON__Q6IFZ6;CON__H-INV:HIT000016045;CON__Q9H552,PT_D1_23,PT_D1_23,PRETERM,D1,1,238380.0,POSITIVE,true
PXD064962_UCD_EVENT,University College Dublin / Conway Institute,protein_groups,160,LFQ intensity PT_D1_23_2_S1-H1_6688,LFQ intensity PT_D1_23_2_S1-H1_6688:160,PT_D1_23_2_S1-H1_6688,P04264,P04264;CON__P04264;CON__Q6IFZ6;CON__H-INV:HIT000016045;CON__Q9H552,PT_D1_23,PT_D1_23,PRETERM,D1,2,153890.0,POSITIVE,true
PXD064962_UCD_EVENT,University College Dublin / Conway Institute,protein_groups,160,LFQ intensity PT_D1_33_1_S1-A2_6643,LFQ intensity PT_D1_33_1_S1-A2_6643:160,PT_D1_33_1_S1-A2_6643,P04264,P04264;CON__P04264;CON__Q6IFZ6;CON__H-INV:HIT000016045;CON__Q9H552,PT_D1_33,PT_D1_33,PRETERM,D1,1,407610.0,POSITIVE,true
PXD064962_UCD_EVENT,University College Dublin / Conway Institute,protein_groups,160,LFQ intensity PT_D1_33_2_S1-B2_6644,LFQ intensity PT_D1_33_2_S1-B2_6644:160,PT_D1_33_2_S1-B2_6644,P04264,P04264;CON__P04264;CON__Q6IFZ6;CON__H-INV:HIT000016045;CON__Q9H552,PT_D1_33,PT_D1_33,PRETERM,D1,2,319930.0,POSITIVE,true
PXD064962_UCD_EVENT,University College Dublin / Conway Institute,protein_groups,160,LFQ intensity PT_D1_34_1_S1-C2_6659,LFQ intensity PT_D1_34_1_S1-C2_6659:160,PT_D1_34_1_S1-C2_6659,P04264,P04264;CON__P04264;CON__Q6IFZ6;CON__H-INV:HIT000016045;CON__Q9H552,PT_D1_34,PT_D1_34,PRETERM,D1,1,247330.0,POSITIVE,true
PXD064962_UCD_EVENT,University College Dublin / Conway Institute,protein_groups,160,LFQ intensity PT_D1_34_2_S1-D2_6660,LFQ intensity PT_D1_34_2_S1-D2_6660:160,PT_D1_34_2_S1-D2_6660,P04264,P04264;CON__P04264;CON__Q6IFZ6;CON__H-INV:HIT000016045;CON__Q9H552,PT_D1_34,PT_D1_34,PRETERM,D1,2,288640.0,POSITIVE,true
PXD064962_UCD_EVENT,University College Dublin / Conway Institute,protein_groups,160,LFQ intensity PT_D1_48_1_S1-E2_6675,LFQ intensity PT_D1_48_1_S1-E2_6675:160,PT_D1_48_1_S1-E2_6675,P04264,P04264;CON__P04264;CON__Q6IFZ6;CON__H-INV:HIT000016045;CON__Q9H552,PT_D1_48,PT_D1_48,PRETERM,D1,1,450510.0,POSITIVE,true
PXD064962_UCD_EVENT,University College Dublin / Conway Institute,protein_groups,160,LFQ intensity PT_D1_48_2_S1-F2_6676,LFQ intensity PT_D1_48_2_S1-F2_6676:160,PT_D1_48_2_S1-F2_6676,P04264,P04264;CON__P04264;CON__Q6IFZ6;CON__H-INV:HIT000016045;CON__Q9H552,PT_D1_48,PT_D1_48,PRETERM,D1,2,412380.0,POSITIVE,true
PXD064962_UCD_EVENT,University College Dublin / Conway Institute,protein_groups,160,LFQ intensity PT_D1_51_1_S1-G2_6689,LFQ intensity PT_D1_51_1_S1-G2_6689:160,PT_D1_51_1_S1-G2_6689,P04264,P04264;CON__P04264;CON__Q6IFZ6;CON__H-INV:HIT000016045;CON__Q9H552,PT_D1_51,PT_D1_51,PRETERM,D1,1,557030.0,POSITIVE,true
PXD064962_UCD_EVENT,University College Dublin / Conway Institute,protein_groups,160,LFQ intensity PT_D1_51_2_S1-H2_6690,LFQ intensity PT_D1_51_2_S1-H2_6690:160,PT_D1_51_2_S1-H2_6690,P04264,P04264;CON__P04264;CON__Q6IFZ6;CON__H-INV:HIT000016045;CON__Q9H552,PT_D1_51,PT_D1_51,PRETERM,D1,2,546570.0,POSITIVE,true
PXD064962_UCD_EVENT,University College Dublin / Conway Institute,protein_groups,160,LFQ intensity PT_D1_73_1_S1-A3_6645,LFQ intensity PT_D1_73_1_S1-A3_6645:160,PT_D1_73_1_S1-A3_6645,P04264,P04264;CON__P04264;CON__Q6IFZ6;CON__H-INV:HIT000016045;CON__Q9H552,PT_D1_73,PT_D1_73,PRETERM,D1,1,550830.0,POSITIVE,true
PXD064962_UCD_EVENT,University College Dublin / Conway Institute,protein_groups,160,LFQ intensity PT_D1_73_2_S1-B3_6646,LFQ intensity PT_D1_73_2_S1-B3_6646:160,PT_D1_73_2_S1-B3_6646,P04264,P04264;CON__P04264;CON__Q6IFZ6;CON__H-INV:HIT000016045;CON__Q9H552,PT_D1_73,PT_D1_73,PRETERM,D1,2,619720.0,POSITIVE,true
PXD064962_UCD_EVENT,University College Dublin / Conway Institute,protein_groups,160,LFQ intensity PT_D1_81_1_S1-C3_6661,LFQ intensity PT_D1_81_1_S1-C3_6661:160,PT_D1_81_1_S1-C3_6661,P04264,P04264;CON__P04264;CON__Q6IFZ6;CON__H-INV:HIT000016045;CON__Q9H552,PT_D1_81,PT_D1_81,PRETERM,D1,1,56744.0,POSITIVE,true
PXD064962_UCD_EVENT,University College Dublin / Conway Institute,protein_groups,160,LFQ intensity PT_D1_81_2_S1-D3_6662,LFQ intensity PT_D1_81_2_S1-D3_6662:160,PT_D1_81_2_S1-D3_6662,P04264,P04264;CON__P04264;CON__Q6IFZ6;CON__H-INV:HIT000016045;CON__Q9H552,PT_D1_81,PT_D1_81,PRETERM,D1,2,36425.0,POSITIVE,true
PXD064962_UCD_EVENT,University College Dublin / Conway Institute,protein_groups,160,LFQ intensity PT_D3_06_1_S1-E5_6681,LFQ intensity PT_D3_06_1_S1-E5_6681:160,PT_D3_06_1_S1-E5_6681,P04264,P04264;CON__P04264;CON__Q6IFZ6;CON__H-INV:HIT000016045;CON__Q9H552,PT_D3_06,PT_D3_06,PRETERM,D3,1,521600.0,POSITIVE,true
PXD064962_UCD_EVENT,University College Dublin / Conway Institute,protein_groups,160,LFQ intensity PT_D3_06_2_S1-F5_6682,LFQ intensity PT_D3_06_2_S1-F5_6682:160,PT_D3_06_2_S1-F5_6682,P04264,P04264;CON__P04264;CON__Q6IFZ6;CON__H-INV:HIT000016045;CON__Q9H552,PT_D3_06,PT_D3_06,PRETERM,D3,2,519130.0,POSITIVE,true
PXD064962_UCD_EVENT,University College Dublin / Conway Institute,protein_groups,160,LFQ intensity PT_D3_14_1_S1-C5_6665,LFQ intensity PT_D3_14_1_S1-C5_6665:160,PT_D3_14_1_S1-C5_6665,P04264,P04264;CON__P04264;CON__Q6IFZ6;CON__H-INV:HIT000016045;CON__Q9H552,PT_D3_14,PT_D3_14,PRETERM,D3,1,253050.0,POSITIVE,true
PXD064962_UCD_EVENT,University College Dublin / Conway Institute,protein_groups,160,LFQ intensity PT_D3_14_2_S1-D5_6666,LFQ intensity PT_D3_14_2_S1-D5_6666:160,PT_D3_14_2_S1-D5_6666,P04264,P04264;CON__P04264;CON__Q6IFZ6;CON__H-INV:HIT000016045;CON__Q9H552,PT_D3_14,PT_D3_14,PRETERM,D3,2,247690.0,POSITIVE,true
PXD064962_UCD_EVENT,University College Dublin / Conway Institute,protein_groups,160,LFQ intensity PT_D3_22_1_S1-C4_6663,LFQ intensity PT_D3_22_1_S1-C4_6663:160,PT_D3_22_1_S1-C4_6663,P04264,P04264;CON__P04264;CON__Q6IFZ6;CON__H-INV:HIT000016045;CON__Q9H552,PT_D3_22,PT_D3_22,PRETERM,D3,1,52722.0,POSITIVE,true
PXD064962_UCD_EVENT,University College Dublin / Conway Institute,protein_groups,160,LFQ intensity PT_D3_22_2_S1-D4_6664,LFQ intensity PT_D3_22_2_S1-D4_6664:160,PT_D3_22_2_S1-D4_6664,P04264,P04264;CON__P04264;CON__Q6IFZ6;CON__H-INV:HIT000016045;CON__Q9H552,PT_D3_22,PT_D3_22,PRETERM,D3,2,52468.0,POSITIVE,true
PXD064962_UCD_EVENT,University College Dublin / Conway Institute,protein_groups,160,LFQ intensity PT_D3_28_1_S1-A5_6649,LFQ intensity PT_D3_28_1_S1-A5_6649:160,PT_D3_28_1_S1-A5_6649,P04264,P04264;CON__P04264;CON__Q6IFZ6;CON__H-INV:HIT000016045;CON__Q9H552,PT_D3_28,PT_D3_28,PRETERM,D3,1,402630.0,POSITIVE,true
PXD064962_UCD_EVENT,University College Dublin / Conway Institute,protein_groups,160,LFQ intensity PT_D3_28_2_S1-B5_6650,LFQ intensity PT_D3_28_2_S1-B5_6650:160,PT_D3_28_2_S1-B5_6650,P04264,P04264;CON__P04264;CON__Q6IFZ6;CON__H-INV:HIT000016045;CON__Q9H552,PT_D3_28,PT_D3_28,PRETERM,D3,2,384740.0,POSITIVE,true
PXD064962_UCD_EVENT,University College Dublin / Conway Institute,protein_groups,160,LFQ intensity PT_D3_30_1_S1-E3_6677,LFQ intensity PT_D3_30_1_S1-E3_6677:160,PT_D3_30_1_S1-E3_6677,P04264,P04264;CON__P04264;CON__Q6IFZ6;CON__H-INV:HIT000016045;CON__Q9H552,PT_D3_30,PT_D3_30,PRETERM,D3,1,270120.0,POSITIVE,true
PXD064962_UCD_EVENT,University College Dublin / Conway Institute,protein_groups,160,LFQ intensity PT_D3_30_2_S1-F3_6678,LFQ intensity PT_D3_30_2_S1-F3_6678:160,PT_D3_30_2_S1-F3_6678,P04264,P04264;CON__P04264;CON__Q6IFZ6;CON__H-INV:HIT000016045;CON__Q9H552,PT_D3_30,PT_D3_30,PRETERM,D3,2,278350.0,POSITIVE,true
PXD064962_UCD_EVENT,University College Dublin / Conway Institute,protein_groups,160,LFQ intensity PT_D3_37_1_S1-G5_6695,LFQ intensity PT_D3_37_1_S1-G5_6695:160,PT_D3_37_1_S1-G5_6695,P04264,P04264;CON__P04264;CON__Q6IFZ6;CON__H-INV:HIT000016045;CON__Q9H552,PT_D3_37,PT_D3_37,PRETERM,D3,1,273440.0,POSITIVE,true
PXD064962_UCD_EVENT,University College Dublin / Conway Institute,protein_groups,160,LFQ intensity PT_D3_37_2_S1-H5_6696,LFQ intensity PT_D3_37_2_S1-H5_6696:160,PT_D3_37_2_S1-H5_6696,P04264,P04264;CON__P04264;CON__Q6IFZ6;CON__H-INV:HIT000016045;CON__Q9H552,PT_D3_37,PT_D3_37,PRETERM,D3,2,274280.0,POSITIVE,true
PXD064962_UCD_EVENT,University College Dublin / Conway Institute,protein_groups,160,LFQ intensity PT_D3_41_1_S1-G3_6691,LFQ intensity PT_D3_41_1_S1-G3_6691:160,PT_D3_41_1_S1-G3_6691,P04264,P04264;CON__P04264;CON__Q6IFZ6;CON__H-INV:HIT000016045;CON__Q9H552,PT_D3_41,PT_D3_41,PRETERM,D3,1,171650.0,POSITIVE,true
PXD064962_UCD_EVENT,University College Dublin / Conway Institute,protein_groups,160,LFQ intensity PT_D3_41_2_S1-H3_6692,LFQ intensity PT_D3_41_2_S1-H3_6692:160,PT_D3_41_2_S1-H3_6692,P04264,P04264;CON__P04264;CON__Q6IFZ6;CON__H-INV:HIT000016045;CON__Q9H552,PT_D3_41,PT_D3_41,PRETERM,D3,2,132590.0,POSITIVE,true
PXD064962_UCD_EVENT,University College Dublin / Conway Institute,protein_groups,160,LFQ intensity PT_D3_42_1_S1-G4_6693,LFQ intensity PT_D3_42_1_S1-G4_6693:160,PT_D3_42_1_S1-G4_6693,P04264,P04264;CON__P04264;CON__Q6IFZ6;CON__H-INV:HIT000016045;CON__Q9H552,PT_D3_42,PT_D3_42,PRETERM,D3,1,271580.0,POSITIVE,true
PXD064962_UCD_EVENT,University College Dublin / Conway Institute,protein_groups,160,LFQ intensity PT_D3_42_2_S1-H4_6694,LFQ intensity PT_D3_42_2_S1-H4_6694:160,PT_D3_42_2_S1-H4_6694,P04264,P04264;CON__P04264;CON__Q6IFZ6;CON__H-INV:HIT000016045;CON__Q9H552,PT_D3_42,PT_D3_42,PRETERM,D3,2,310730.0,POSITIVE,true
PXD064962_UCD_EVENT,University College Dublin / Conway Institute,protein_groups,160,LFQ intensity PT_D3_85_1_S1-E4_6679,LFQ intensity PT_D3_85_1_S1-E4_6679:160,PT_D3_85_1_S1-E4_6679,P04264,P04264;CON__P04264;CON__Q6IFZ6;CON__H-INV:HIT000016045;CON__Q9H552,PT_D3_85,PT_D3_85,PRETERM,D3,1,230900.0,POSITIVE,true
PXD064962_UCD_EVENT,University College Dublin / Conway Institute,protein_groups,160,LFQ intensity PT_D3_85_2_S1-F4_6680,LFQ intensity PT_D3_85_2_S1-F4_6680:160,PT_D3_85_2_S1-F4_6680,P04264,P04264;CON__P04264;CON__Q6IFZ6;CON__H-INV:HIT000016045;CON__Q9H552,PT_D3_85,PT_D3_85,PRETERM,D3,2,238490.0,POSITIVE,true
PXD064962_UCD_EVENT,University College Dublin / Conway Institute,protein_groups,160,LFQ intensity PT_D3_96_1_S1-A4_6647,LFQ intensity PT_D3_96_1_S1-A4_6647:160,PT_D3_96_1_S1-A4_6647,P04264,P04264;CON__P04264;CON__Q6IFZ6;CON__H-INV:HIT000016045;CON__Q9H552,PT_D3_96,PT_D3_96,PRETERM,D3,1,486780.0,POSITIVE,true
PXD064962_UCD_EVENT,University College Dublin / Conway Institute,protein_groups,160,LFQ intensity PT_D3_96_2_S1-B4_6648,LFQ intensity PT_D3_96_2_S1-B4_6648:160,PT_D3_96_2_S1-B4_6648,P04264,P04264;CON__P04264;CON__Q6IFZ6;CON__H-INV:HIT000016045;CON__Q9H552,PT_D3_96,PT_D3_96,PRETERM,D3,2,520780.0,POSITIVE,true
PXD064962_UCD_EVENT,University College Dublin / Conway Institute,protein_groups,160,LFQ intensity T_D1_133_1_S1-A6_6651,LFQ intensity T_D1_133_1_S1-A6_6651:160,T_D1_133_1_S1-A6_6651,P04264,P04264;CON__P04264;CON__Q6IFZ6;CON__H-INV:HIT000016045;CON__Q9H552,T_D1_133,T_D1_133,TERM,D1,1,305980.0,POSITIVE,true
PXD064962_UCD_EVENT,University College Dublin / Conway Institute,protein_groups,160,LFQ intensity T_D1_133_2_S1-B6_6652,LFQ intensity T_D1_133_2_S1-B6_6652:160,T_D1_133_2_S1-B6_6652,P04264,P04264;CON__P04264;CON__Q6IFZ6;CON__H-INV:HIT000016045;CON__Q9H552,T_D1_133,T_D1_133,TERM,D1,2,346130.0,POSITIVE,true
PXD064962_UCD_EVENT,University College Dublin / Conway Institute,protein_groups,160,LFQ intensity T_D1_138_1_S1-G6_6697,LFQ intensity T_D1_138_1_S1-G6_6697:160,T_D1_138_1_S1-G6_6697,P04264,P04264;CON__P04264;CON__Q6IFZ6;CON__H-INV:HIT000016045;CON__Q9H552,T_D1_138,T_D1_138,TERM,D1,1,238610.0,POSITIVE,true
PXD064962_UCD_EVENT,University College Dublin / Conway Institute,protein_groups,160,LFQ intensity T_D1_138_2_S1-H6_6698,LFQ intensity T_D1_138_2_S1-H6_6698:160,T_D1_138_2_S1-H6_6698,P04264,P04264;CON__P04264;CON__Q6IFZ6;CON__H-INV:HIT000016045;CON__Q9H552,T_D1_138,T_D1_138,TERM,D1,2,234930.0,POSITIVE,true
PXD064962_UCD_EVENT,University College Dublin / Conway Institute,protein_groups,160,LFQ intensity T_D1_165_1_S1-A7_6653,LFQ intensity T_D1_165_1_S1-A7_6653:160,T_D1_165_1_S1-A7_6653,P04264,P04264;CON__P04264;CON__Q6IFZ6;CON__H-INV:HIT000016045;CON__Q9H552,T_D1_165,T_D1_165,TERM,D1,1,715490.0,POSITIVE,true
PXD064962_UCD_EVENT,University College Dublin / Conway Institute,protein_groups,160,LFQ intensity T_D1_165_2_S1-B7_6654,LFQ intensity T_D1_165_2_S1-B7_6654:160,T_D1_165_2_S1-B7_6654,P04264,P04264;CON__P04264;CON__Q6IFZ6;CON__H-INV:HIT000016045;CON__Q9H552,T_D1_165,T_D1_165,TERM,D1,2,671450.0,POSITIVE,true
PXD064962_UCD_EVENT,University College Dublin / Conway Institute,protein_groups,160,LFQ intensity T_D1_173_1_S1-E6_6683,LFQ intensity T_D1_173_1_S1-E6_6683:160,T_D1_173_1_S1-E6_6683,P04264,P04264;CON__P04264;CON__Q6IFZ6;CON__H-INV:HIT000016045;CON__Q9H552,T_D1_173,T_D1_173,TERM,D1,1,131640.0,POSITIVE,true
PXD064962_UCD_EVENT,University College Dublin / Conway Institute,protein_groups,160,LFQ intensity T_D1_173_2_S1-F6_6684,LFQ intensity T_D1_173_2_S1-F6_6684:160,T_D1_173_2_S1-F6_6684,P04264,P04264;CON__P04264;CON__Q6IFZ6;CON__H-INV:HIT000016045;CON__Q9H552,T_D1_173,T_D1_173,TERM,D1,2,143950.0,POSITIVE,true
PXD064962_UCD_EVENT,University College Dublin / Conway Institute,protein_groups,160,LFQ intensity T_D1_186_1_S1-C6_6667,LFQ intensity T_D1_186_1_S1-C6_6667:160,T_D1_186_1_S1-C6_6667,P04264,P04264;CON__P04264;CON__Q6IFZ6;CON__H-INV:HIT000016045;CON__Q9H552,T_D1_186,T_D1_186,TERM,D1,1,279170.0,POSITIVE,true
PXD064962_UCD_EVENT,University College Dublin / Conway Institute,protein_groups,160,LFQ intensity T_D1_186_2_S1-D6_6668,LFQ intensity T_D1_186_2_S1-D6_6668:160,T_D1_186_2_S1-D6_6668,P04264,P04264;CON__P04264;CON__Q6IFZ6;CON__H-INV:HIT000016045;CON__Q9H552,T_D1_186,T_D1_186,TERM,D1,2,296430.0,POSITIVE,true
PXD064962_UCD_EVENT,University College Dublin / Conway Institute,protein_groups,160,LFQ intensity T_D3_119a_1_S1-E7_6685,LFQ intensity T_D3_119a_1_S1-E7_6685:160,T_D3_119a_1_S1-E7_6685,P04264,P04264;CON__P04264;CON__Q6IFZ6;CON__H-INV:HIT000016045;CON__Q9H552,T_D3_119a,T_D3_119a,TERM,D3,1,726480.0,POSITIVE,true
PXD064962_UCD_EVENT,University College Dublin / Conway Institute,protein_groups,160,LFQ intensity T_D3_119a_2_S1-F7_6686,LFQ intensity T_D3_119a_2_S1-F7_6686:160,T_D3_119a_2_S1-F7_6686,P04264,P04264;CON__P04264;CON__Q6IFZ6;CON__H-INV:HIT000016045;CON__Q9H552,T_D3_119a,T_D3_119a,TERM,D3,2,924580.0,POSITIVE,true
PXD064962_UCD_EVENT,University College Dublin / Conway Institute,protein_groups,160,LFQ intensity T_D3_119b_1_S1-A8_6655,LFQ intensity T_D3_119b_1_S1-A8_6655:160,T_D3_119b_1_S1-A8_6655,P04264,P04264;CON__P04264;CON__Q6IFZ6;CON__H-INV:HIT000016045;CON__Q9H552,T_D3_119b,T_D3_119b,TERM,D3,1,353660.0,POSITIVE,true
PXD064962_UCD_EVENT,University College Dublin / Conway Institute,protein_groups,160,LFQ intensity T_D3_119b_2_S1-B8_6656,LFQ intensity T_D3_119b_2_S1-B8_6656:160,T_D3_119b_2_S1-B8_6656,P04264,P04264;CON__P04264;CON__Q6IFZ6;CON__H-INV:HIT000016045;CON__Q9H552,T_D3_119b,T_D3_119b,TERM,D3,2,346460.0,POSITIVE,true
PXD064962_UCD_EVENT,University College Dublin / Conway Institute,protein_groups,160,LFQ intensity T_D3_155_1_S1-G7_6699,LFQ intensity T_D3_155_1_S1-G7_6699:160,T_D3_155_1_S1-G7_6699,P04264,P04264;CON__P04264;CON__Q6IFZ6;CON__H-INV:HIT000016045;CON__Q9H552,T_D3_155,T_D3_155,TERM,D3,1,29761.0,POSITIVE,true
PXD064962_UCD_EVENT,University College Dublin / Conway Institute,protein_groups,160,LFQ intensity T_D3_155_2_S1-H7_6700,LFQ intensity T_D3_155_2_S1-H7_6700:160,T_D3_155_2_S1-H7_6700,P04264,P04264;CON__P04264;CON__Q6IFZ6;CON__H-INV:HIT000016045;CON__Q9H552,T_D3_155,T_D3_155,TERM,D3,2,37228.0,POSITIVE,true
PXD064962_UCD_EVENT,University College Dublin / Conway Institute,protein_groups,160,LFQ intensity T_D3_178_1_S1-C7_6669,LFQ intensity T_D3_178_1_S1-C7_6669:160,T_D3_178_1_S1-C7_6669,P04264,P04264;CON__P04264;CON__Q6IFZ6;CON__H-INV:HIT000016045;CON__Q9H552,T_D3_178,T_D3_178,TERM,D3,1,244810.0,POSITIVE,true
PXD064962_UCD_EVENT,University College Dublin / Conway Institute,protein_groups,160,LFQ intensity T_D3_178_2_S1-D7_6670,LFQ intensity T_D3_178_2_S1-D7_6670:160,T_D3_178_2_S1-D7_6670,P04264,P04264;CON__P04264;CON__Q6IFZ6;CON__H-INV:HIT000016045;CON__Q9H552,T_D3_178,T_D3_178,TERM,D3,2,246870.0,POSITIVE,true
PXD064962_UCD_EVENT,University College Dublin / Conway Institute,protein_groups,160,LFQ intensity T_D3_198_1_S1-C8_6671,LFQ intensity T_D3_198_1_S1-C8_6671:160,T_D3_198_1_S1-C8_6671,P04264,P04264;CON__P04264;CON__Q6IFZ6;CON__H-INV:HIT000016045;CON__Q9H552,T_D3_198,T_D3_198,TERM,D3,1,805870.0,POSITIVE,true
PXD064962_UCD_EVENT,University College Dublin / Conway Institute,protein_groups,160,LFQ intensity T_D3_198_2_S1-D8_6672,LFQ intensity T_D3_198_2_S1-D8_6672:160,T_D3_198_2_S1-D8_6672,P04264,P04264;CON__P04264;CON__Q6IFZ6;CON__H-INV:HIT000016045;CON__Q9H552,T_D3_198,T_D3_198,TERM,D3,2,735660.0,POSITIVE,true
PXD064962_UCD_EVENT,University College Dublin / Conway Institute,protein_groups,173,LFQ intensity PT_D1_16_1_S1-A1_6641,LFQ intensity PT_D1_16_1_S1-A1_6641:173,PT_D1_16_1_S1-A1_6641,P05556,P05556,PT_D1_16,PT_D1_16,PRETERM,D1,1,0.0,EXPLICIT_ZERO,false
PXD064962_UCD_EVENT,University College Dublin / Conway Institute,protein_groups,173,LFQ intensity PT_D1_16_2_S1-B1_6642,LFQ intensity PT_D1_16_2_S1-B1_6642:173,PT_D1_16_2_S1-B1_6642,P05556,P05556,PT_D1_16,PT_D1_16,PRETERM,D1,2,0.0,EXPLICIT_ZERO,false
PXD064962_UCD_EVENT,University College Dublin / Conway Institute,protein_groups,173,LFQ intensity PT_D1_18_1_S1-C1_6657,LFQ intensity PT_D1_18_1_S1-C1_6657:173,PT_D1_18_1_S1-C1_6657,P05556,P05556,PT_D1_18,PT_D1_18,PRETERM,D1,1,0.0,EXPLICIT_ZERO,false
PXD064962_UCD_EVENT,University College Dublin / Conway Institute,protein_groups,173,LFQ intensity PT_D1_18_2_S1-D1_6658,LFQ intensity PT_D1_18_2_S1-D1_6658:173,PT_D1_18_2_S1-D1_6658,P05556,P05556,PT_D1_18,PT_D1_18,PRETERM,D1,2,0.0,EXPLICIT_ZERO,false
PXD064962_UCD_EVENT,University College Dublin / Conway Institute,protein_groups,173,LFQ intensity PT_D1_20_1_S1-E1_6673,LFQ intensity PT_D1_20_1_S1-E1_6673:173,PT_D1_20_1_S1-E1_6673,P05556,P05556,PT_D1_20,PT_D1_20,PRETERM,D1,1,0.0,EXPLICIT_ZERO,false
PXD064962_UCD_EVENT,University College Dublin / Conway Institute,protein_groups,173,LFQ intensity PT_D1_20_2_S1-F1_6674,LFQ intensity PT_D1_20_2_S1-F1_6674:173,PT_D1_20_2_S1-F1_6674,P05556,P05556,PT_D1_20,PT_D1_20,PRETERM,D1,2,0.0,EXPLICIT_ZERO,false
PXD064962_UCD_EVENT,University College Dublin / Conway Institute,protein_groups,173,LFQ intensity PT_D1_23_1_S1-G1_6687,LFQ intensity PT_D1_23_1_S1-G1_6687:173,PT_D1_23_1_S1-G1_6687,P05556,P05556,PT_D1_23,PT_D1_23,PRETERM,D1,1,21134.0,POSITIVE,true
PXD064962_UCD_EVENT,University College Dublin / Conway Institute,protein_groups,173,LFQ intensity PT_D1_23_2_S1-H1_6688,LFQ intensity PT_D1_23_2_S1-H1_6688:173,PT_D1_23_2_S1-H1_6688,P05556,P05556,PT_D1_23,PT_D1_23,PRETERM,D1,2,0.0,EXPLICIT_ZERO,false
PXD064962_UCD_EVENT,University College Dublin / Conway Institute,protein_groups,173,LFQ intensity PT_D1_33_1_S1-A2_6643,LFQ intensity PT_D1_33_1_S1-A2_6643:173,PT_D1_33_1_S1-A2_6643,P05556,P05556,PT_D1_33,PT_D1_33,PRETERM,D1,1,0.0,EXPLICIT_ZERO,false
PXD064962_UCD_EVENT,University College Dublin / Conway Institute,protein_groups,173,LFQ intensity PT_D1_33_2_S1-B2_6644,LFQ intensity PT_D1_33_2_S1-B2_6644:173,PT_D1_33_2_S1-B2_6644,P05556,P05556,PT_D1_33,PT_D1_33,PRETERM,D1,2,28827.0,POSITIVE,true
PXD064962_UCD_EVENT,University College Dublin / Conway Institute,protein_groups,173,LFQ intensity PT_D1_34_1_S1-C2_6659,LFQ intensity PT_D1_34_1_S1-C2_6659:173,PT_D1_34_1_S1-C2_6659,P05556,P05556,PT_D1_34,PT_D1_34,PRETERM,D1,1,0.0,EXPLICIT_ZERO,false
PXD064962_UCD_EVENT,University College Dublin / Conway Institute,protein_groups,173,LFQ intensity PT_D1_34_2_S1-D2_6660,LFQ intensity PT_D1_34_2_S1-D2_6660:173,PT_D1_34_2_S1-D2_6660,P05556,P05556,PT_D1_34,PT_D1_34,PRETERM,D1,2,0.0,EXPLICIT_ZERO,false
PXD064962_UCD_EVENT,University College Dublin / Conway Institute,protein_groups,173,LFQ intensity PT_D1_48_1_S1-E2_6675,LFQ intensity PT_D1_48_1_S1-E2_6675:173,PT_D1_48_1_S1-E2_6675,P05556,P05556,PT_D1_48,PT_D1_48,PRETERM,D1,1,0.0,EXPLICIT_ZERO,false
PXD064962_UCD_EVENT,University College Dublin / Conway Institute,protein_groups,173,LFQ intensity PT_D1_48_2_S1-F2_6676,LFQ intensity PT_D1_48_2_S1-F2_6676:173,PT_D1_48_2_S1-F2_6676,P05556,P05556,PT_D1_48,PT_D1_48,PRETERM,D1,2,0.0,EXPLICIT_ZERO,false
PXD064962_UCD_EVENT,University College Dublin / Conway Institute,protein_groups,173,LFQ intensity PT_D1_51_1_S1-G2_6689,LFQ intensity PT_D1_51_1_S1-G2_6689:173,PT_D1_51_1_S1-G2_6689,P05556,P05556,PT_D1_51,PT_D1_51,PRETERM,D1,1,0.0,EXPLICIT_ZERO,false
PXD064962_UCD_EVENT,University College Dublin / Conway Institute,protein_groups,173,LFQ intensity PT_D1_51_2_S1-H2_6690,LFQ intensity PT_D1_51_2_S1-H2_6690:173,PT_D1_51_2_S1-H2_6690,P05556,P05556,PT_D1_51,PT_D1_51,PRETERM,D1,2,0.0,EXPLICIT_ZERO,false
PXD064962_UCD_EVENT,University College Dublin / Conway Institute,protein_groups,173,LFQ intensity PT_D1_73_1_S1-A3_6645,LFQ intensity PT_D1_73_1_S1-A3_6645:173,PT_D1_73_1_S1-A3_6645,P05556,P05556,PT_D1_73,PT_D1_73,PRETERM,D1,1,0.0,EXPLICIT_ZERO,false
PXD064962_UCD_EVENT,University College Dublin / Conway Institute,protein_groups,173,LFQ intensity PT_D1_73_2_S1-B3_6646,LFQ intensity PT_D1_73_2_S1-B3_6646:173,PT_D1_73_2_S1-B3_6646,P05556,P05556,PT_D1_73,PT_D1_73,PRETERM,D1,2,0.0,EXPLICIT_ZERO,false
PXD064962_UCD_EVENT,University College Dublin / Conway Institute,protein_groups,173,LFQ intensity PT_D1_81_1_S1-C3_6661,LFQ intensity PT_D1_81_1_S1-C3_6661:173,PT_D1_81_1_S1-C3_6661,P05556,P05556,PT_D1_81,PT_D1_81,PRETERM,D1,1,0.0,EXPLICIT_ZERO,false
PXD064962_UCD_EVENT,University College Dublin / Conway Institute,protein_groups,173,LFQ intensity PT_D1_81_2_S1-D3_6662,LFQ intensity PT_D1_81_2_S1-D3_6662:173,PT_D1_81_2_S1-D3_6662,P05556,P05556,PT_D1_81,PT_D1_81,PRETERM,D1,2,0.0,EXPLICIT_ZERO,false
PXD064962_UCD_EVENT,University College Dublin / Conway Institute,protein_groups,173,LFQ intensity PT_D3_06_1_S1-E5_6681,LFQ intensity PT_D3_06_1_S1-E5_6681:173,PT_D3_06_1_S1-E5_6681,P05556,P05556,PT_D3_06,PT_D3_06,PRETERM,D3,1,0.0,EXPLICIT_ZERO,false
PXD064962_UCD_EVENT,University College Dublin / Conway Institute,protein_groups,173,LFQ intensity PT_D3_06_2_S1-F5_6682,LFQ intensity PT_D3_06_2_S1-F5_6682:173,PT_D3_06_2_S1-F5_6682,P05556,P05556,PT_D3_06,PT_D3_06,PRETERM,D3,2,0.0,EXPLICIT_ZERO,false
PXD064962_UCD_EVENT,University College Dublin / Conway Institute,protein_groups,173,LFQ intensity PT_D3_14_1_S1-C5_6665,LFQ intensity PT_D3_14_1_S1-C5_6665:173,PT_D3_14_1_S1-C5_6665,P05556,P05556,PT_D3_14,PT_D3_14,PRETERM,D3,1,0.0,EXPLICIT_ZERO,false
PXD064962_UCD_EVENT,University College Dublin / Conway Institute,protein_groups,173,LFQ intensity PT_D3_14_2_S1-D5_6666,LFQ intensity PT_D3_14_2_S1-D5_6666:173,PT_D3_14_2_S1-D5_6666,P05556,P05556,PT_D3_14,PT_D3_14,PRETERM,D3,2,0.0,EXPLICIT_ZERO,false
PXD064962_UCD_EVENT,University College Dublin / Conway Institute,protein_groups,173,LFQ intensity PT_D3_22_1_S1-C4_6663,LFQ intensity PT_D3_22_1_S1-C4_6663:173,PT_D3_22_1_S1-C4_6663,P05556,P05556,PT_D3_22,PT_D3_22,PRETERM,D3,1,0.0,EXPLICIT_ZERO,false
PXD064962_UCD_EVENT,University College Dublin / Conway Institute,protein_groups,173,LFQ intensity PT_D3_22_2_S1-D4_6664,LFQ intensity PT_D3_22_2_S1-D4_6664:173,PT_D3_22_2_S1-D4_6664,P05556,P05556,PT_D3_22,PT_D3_22,PRETERM,D3,2,0.0,EXPLICIT_ZERO,false
PXD064962_UCD_EVENT,University College Dublin / Conway Institute,protein_groups,173,LFQ intensity PT_D3_28_1_S1-A5_6649,LFQ intensity PT_D3_28_1_S1-A5_6649:173,PT_D3_28_1_S1-A5_6649,P05556,P05556,PT_D3_28,PT_D3_28,PRETERM,D3,1,0.0,EXPLICIT_ZERO,false
PXD064962_UCD_EVENT,University College Dublin / Conway Institute,protein_groups,173,LFQ intensity PT_D3_28_2_S1-B5_6650,LFQ intensity PT_D3_28_2_S1-B5_6650:173,PT_D3_28_2_S1-B5_6650,P05556,P05556,PT_D3_28,PT_D3_28,PRETERM,D3,2,0.0,EXPLICIT_ZERO,false
PXD064962_UCD_EVENT,University College Dublin / Conway Institute,protein_groups,173,LFQ intensity PT_D3_30_1_S1-E3_6677,LFQ intensity PT_D3_30_1_S1-E3_6677:173,PT_D3_30_1_S1-E3_6677,P05556,P05556,PT_D3_30,PT_D3_30,PRETERM,D3,1,0.0,EXPLICIT_ZERO,false
PXD064962_UCD_EVENT,University College Dublin / Conway Institute,protein_groups,173,LFQ intensity PT_D3_30_2_S1-F3_6678,LFQ intensity PT_D3_30_2_S1-F3_6678:173,PT_D3_30_2_S1-F3_6678,P05556,P05556,PT_D3_30,PT_D3_30,PRETERM,D3,2,0.0,EXPLICIT_ZERO,false
PXD064962_UCD_EVENT,University College Dublin / Conway Institute,protein_groups,173,LFQ intensity PT_D3_37_1_S1-G5_6695,LFQ intensity PT_D3_37_1_S1-G5_6695:173,PT_D3_37_1_S1-G5_6695,P05556,P05556,PT_D3_37,PT_D3_37,PRETERM,D3,1,0.0,EXPLICIT_ZERO,false
PXD064962_UCD_EVENT,University College Dublin / Conway Institute,protein_groups,173,LFQ intensity PT_D3_37_2_S1-H5_6696,LFQ intensity PT_D3_37_2_S1-H5_6696:173,PT_D3_37_2_S1-H5_6696,P05556,P05556,PT_D3_37,PT_D3_37,PRETERM,D3,2,0.0,EXPLICIT_ZERO,false
PXD064962_UCD_EVENT,University College Dublin / Conway Institute,protein_groups,173,LFQ intensity PT_D3_41_1_S1-G3_6691,LFQ intensity PT_D3_41_1_S1-G3_6691:173,PT_D3_41_1_S1-G3_6691,P05556,P05556,PT_D3_41,PT_D3_41,PRETERM,D3,1,0.0,EXPLICIT_ZERO,false
PXD064962_UCD_EVENT,University College Dublin / Conway Institute,protein_groups,173,LFQ intensity PT_D3_41_2_S1-H3_6692,LFQ intensity PT_D3_41_2_S1-H3_6692:173,PT_D3_41_2_S1-H3_6692,P05556,P05556,PT_D3_41,PT_D3_41,PRETERM,D3,2,0.0,EXPLICIT_ZERO,false
PXD064962_UCD_EVENT,University College Dublin / Conway Institute,protein_groups,173,LFQ intensity PT_D3_42_1_S1-G4_6693,LFQ intensity PT_D3_42_1_S1-G4_6693:173,PT_D3_42_1_S1-G4_6693,P05556,P05556,PT_D3_42,PT_D3_42,PRETERM,D3,1,0.0,EXPLICIT_ZERO,false
PXD064962_UCD_EVENT,University College Dublin / Conway Institute,protein_groups,173,LFQ intensity PT_D3_42_2_S1-H4_6694,LFQ intensity PT_D3_42_2_S1-H4_6694:173,PT_D3_42_2_S1-H4_6694,P05556,P05556,PT_D3_42,PT_D3_42,PRETERM,D3,2,0.0,EXPLICIT_ZERO,false
PXD064962_UCD_EVENT,University College Dublin / Conway Institute,protein_groups,173,LFQ intensity PT_D3_85_1_S1-E4_6679,LFQ intensity PT_D3_85_1_S1-E4_6679:173,PT_D3_85_1_S1-E4_6679,P05556,P05556,PT_D3_85,PT_D3_85,PRETERM,D3,1,0.0,EXPLICIT_ZERO,false
PXD064962_UCD_EVENT,University College Dublin / Conway Institute,protein_groups,173,LFQ intensity PT_D3_85_2_S1-F4_6680,LFQ intensity PT_D3_85_2_S1-F4_6680:173,PT_D3_85_2_S1-F4_6680,P05556,P05556,PT_D3_85,PT_D3_85,PRETERM,D3,2,0.0,EXPLICIT_ZERO,false
PXD064962_UCD_EVENT,University College Dublin / Conway Institute,protein_groups,173,LFQ intensity PT_D3_96_1_S1-A4_6647,LFQ intensity PT_D3_96_1_S1-A4_6647:173,PT_D3_96_1_S1-A4_6647,P05556,P05556,PT_D3_96,PT_D3_96,PRETERM,D3,1,0.0,EXPLICIT_ZERO,false
PXD064962_UCD_EVENT,University College Dublin / Conway Institute,protein_groups,173,LFQ intensity PT_D3_96_2_S1-B4_6648,LFQ intensity PT_D3_96_2_S1-B4_6648:173,PT_D3_96_2_S1-B4_6648,P05556,P05556,PT_D3_96,PT_D3_96,PRETERM,D3,2,0.0,EXPLICIT_ZERO,false
PXD064962_UCD_EVENT,University College Dublin / Conway Institute,protein_groups,173,LFQ intensity T_D1_133_1_S1-A6_6651,LFQ intensity T_D1_133_1_S1-A6_6651:173,T_D1_133_1_S1-A6_6651,P05556,P05556,T_D1_133,T_D1_133,TERM,D1,1,0.0,EXPLICIT_ZERO,false
PXD064962_UCD_EVENT,University College Dublin / Conway Institute,protein_groups,173,LFQ intensity T_D1_133_2_S1-B6_6652,LFQ intensity T_D1_133_2_S1-B6_6652:173,T_D1_133_2_S1-B6_6652,P05556,P05556,T_D1_133,T_D1_133,TERM,D1,2,0.0,EXPLICIT_ZERO,false
PXD064962_UCD_EVENT,University College Dublin / Conway Institute,protein_groups,173,LFQ intensity T_D1_138_1_S1-G6_6697,LFQ intensity T_D1_138_1_S1-G6_6697:173,T_D1_138_1_S1-G6_6697,P05556,P05556,T_D1_138,T_D1_138,TERM,D1,1,0.0,EXPLICIT_ZERO,false
PXD064962_UCD_EVENT,University College Dublin / Conway Institute,protein_groups,173,LFQ intensity T_D1_138_2_S1-H6_6698,LFQ intensity T_D1_138_2_S1-H6_6698:173,T_D1_138_2_S1-H6_6698,P05556,P05556,T_D1_138,T_D1_138,TERM,D1,2,0.0,EXPLICIT_ZERO,false
PXD064962_UCD_EVENT,University College Dublin / Conway Institute,protein_groups,173,LFQ intensity T_D1_165_1_S1-A7_6653,LFQ intensity T_D1_165_1_S1-A7_6653:173,T_D1_165_1_S1-A7_6653,P05556,P05556,T_D1_165,T_D1_165,TERM,D1,1,0.0,EXPLICIT_ZERO,false
PXD064962_UCD_EVENT,University College Dublin / Conway Institute,protein_groups,173,LFQ intensity T_D1_165_2_S1-B7_6654,LFQ intensity T_D1_165_2_S1-B7_6654:173,T_D1_165_2_S1-B7_6654,P05556,P05556,T_D1_165,T_D1_165,TERM,D1,2,0.0,EXPLICIT_ZERO,false
PXD064962_UCD_EVENT,University College Dublin / Conway Institute,protein_groups,173,LFQ intensity T_D1_173_1_S1-E6_6683,LFQ intensity T_D1_173_1_S1-E6_6683:173,T_D1_173_1_S1-E6_6683,P05556,P05556,T_D1_173,T_D1_173,TERM,D1,1,0.0,EXPLICIT_ZERO,false
PXD064962_UCD_EVENT,University College Dublin / Conway Institute,protein_groups,173,LFQ intensity T_D1_173_2_S1-F6_6684,LFQ intensity T_D1_173_2_S1-F6_6684:173,T_D1_173_2_S1-F6_6684,P05556,P05556,T_D1_173,T_D1_173,TERM,D1,2,0.0,EXPLICIT_ZERO,false
PXD064962_UCD_EVENT,University College Dublin / Conway Institute,protein_groups,173,LFQ intensity T_D1_186_1_S1-C6_6667,LFQ intensity T_D1_186_1_S1-C6_6667:173,T_D1_186_1_S1-C6_6667,P05556,P05556,T_D1_186,T_D1_186,TERM,D1,1,0.0,EXPLICIT_ZERO,false
PXD064962_UCD_EVENT,University College Dublin / Conway Institute,protein_groups,173,LFQ intensity T_D1_186_2_S1-D6_6668,LFQ intensity T_D1_186_2_S1-D6_6668:173,T_D1_186_2_S1-D6_6668,P05556,P05556,T_D1_186,T_D1_186,TERM,D1,2,0.0,EXPLICIT_ZERO,false
PXD064962_UCD_EVENT,University College Dublin / Conway Institute,protein_groups,173,LFQ intensity T_D3_119a_1_S1-E7_6685,LFQ intensity T_D3_119a_1_S1-E7_6685:173,T_D3_119a_1_S1-E7_6685,P05556,P05556,T_D3_119a,T_D3_119a,TERM,D3,1,0.0,EXPLICIT_ZERO,false
PXD064962_UCD_EVENT,University College Dublin / Conway Institute,protein_groups,173,LFQ intensity T_D3_119a_2_S1-F7_6686,LFQ intensity T_D3_119a_2_S1-F7_6686:173,T_D3_119a_2_S1-F7_6686,P05556,P05556,T_D3_119a,T_D3_119a,TERM,D3,2,0.0,EXPLICIT_ZERO,false
PXD064962_UCD_EVENT,University College Dublin / Conway Institute,protein_groups,173,LFQ intensity T_D3_119b_1_S1-A8_6655,LFQ intensity T_D3_119b_1_S1-A8_6655:173,T_D3_119b_1_S1-A8_6655,P05556,P05556,T_D3_119b,T_D3_119b,TERM,D3,1,0.0,EXPLICIT_ZERO,false
PXD064962_UCD_EVENT,University College Dublin / Conway Institute,protein_groups,173,LFQ intensity T_D3_119b_2_S1-B8_6656,LFQ intensity T_D3_119b_2_S1-B8_6656:173,T_D3_119b_2_S1-B8_6656,P05556,P05556,T_D3_119b,T_D3_119b,TERM,D3,2,0.0,EXPLICIT_ZERO,false
PXD064962_UCD_EVENT,University College Dublin / Conway Institute,protein_groups,173,LFQ intensity T_D3_155_1_S1-G7_6699,LFQ intensity T_D3_155_1_S1-G7_6699:173,T_D3_155_1_S1-G7_6699,P05556,P05556,T_D3_155,T_D3_155,TERM,D3,1,0.0,EXPLICIT_ZERO,false
PXD064962_UCD_EVENT,University College Dublin / Conway Institute,protein_groups,173,LFQ intensity T_D3_155_2_S1-H7_6700,LFQ intensity T_D3_155_2_S1-H7_6700:173,T_D3_155_2_S1-H7_6700,P05556,P05556,T_D3_155,T_D3_155,TERM,D3,2,0.0,EXPLICIT_ZERO,false
PXD064962_UCD_EVENT,University College Dublin / Conway Institute,protein_groups,173,LFQ intensity T_D3_178_1_S1-C7_6669,LFQ intensity T_D3_178_1_S1-C7_6669:173,T_D3_178_1_S1-C7_6669,P05556,P05556,T_D3_178,T_D3_178,TERM,D3,1,0.0,EXPLICIT_ZERO,false
PXD064962_UCD_EVENT,University College Dublin / Conway Institute,protein_groups,173,LFQ intensity T_D3_178_2_S1-D7_6670,LFQ intensity T_D3_178_2_S1-D7_6670:173,T_D3_178_2_S1-D7_6670,P05556,P05556,T_D3_178,T_D3_178,TERM,D3,2,0.0,EXPLICIT_ZERO,false
PXD064962_UCD_EVENT,University College Dublin / Conway Institute,protein_groups,173,LFQ intensity T_D3_198_1_S1-C8_6671,LFQ intensity T_D3_198_1_S1-C8_6671:173,T_D3_198_1_S1-C8_6671,P05556,P05556,T_D3_198,T_D3_198,TERM,D3,1,0.0,EXPLICIT_ZERO,false
PXD064962_UCD_EVENT,University College Dublin / Conway Institute,protein_groups,173,LFQ intensity T_D3_198_2_S1-D8_6672,LFQ intensity T_D3_198_2_S1-D8_6672:173,T_D3_198_2_S1-D8_6672,P05556,P05556,T_D3_198,T_D3_198,TERM,D3,2,0.0,EXPLICIT_ZERO,false
PXD064962_UCD_EVENT,University College Dublin / Conway Institute,protein_groups,178,LFQ intensity PT_D1_16_1_S1-A1_6641,LFQ intensity PT_D1_16_1_S1-A1_6641:178,PT_D1_16_1_S1-A1_6641,P06396,P06396;CON__Q3SX14,PT_D1_16,PT_D1_16,PRETERM,D1,1,1262300.0,POSITIVE,true
PXD064962_UCD_EVENT,University College Dublin / Conway Institute,protein_groups,178,LFQ intensity PT_D1_16_2_S1-B1_6642,LFQ intensity PT_D1_16_2_S1-B1_6642:178,PT_D1_16_2_S1-B1_6642,P06396,P06396;CON__Q3SX14,PT_D1_16,PT_D1_16,PRETERM,D1,2,1206300.0,POSITIVE,true
PXD064962_UCD_EVENT,University College Dublin / Conway Institute,protein_groups,178,LFQ intensity PT_D1_18_1_S1-C1_6657,LFQ intensity PT_D1_18_1_S1-C1_6657:178,PT_D1_18_1_S1-C1_6657,P06396,P06396;CON__Q3SX14,PT_D1_18,PT_D1_18,PRETERM,D1,1,2413000.0,POSITIVE,true
PXD064962_UCD_EVENT,University College Dublin / Conway Institute,protein_groups,178,LFQ intensity PT_D1_18_2_S1-D1_6658,LFQ intensity PT_D1_18_2_S1-D1_6658:178,PT_D1_18_2_S1-D1_6658,P06396,P06396;CON__Q3SX14,PT_D1_18,PT_D1_18,PRETERM,D1,2,2437400.0,POSITIVE,true
PXD064962_UCD_EVENT,University College Dublin / Conway Institute,protein_groups,178,LFQ intensity PT_D1_20_1_S1-E1_6673,LFQ intensity PT_D1_20_1_S1-E1_6673:178,PT_D1_20_1_S1-E1_6673,P06396,P06396;CON__Q3SX14,PT_D1_20,PT_D1_20,PRETERM,D1,1,2257000.0,POSITIVE,true
PXD064962_UCD_EVENT,University College Dublin / Conway Institute,protein_groups,178,LFQ intensity PT_D1_20_2_S1-F1_6674,LFQ intensity PT_D1_20_2_S1-F1_6674:178,PT_D1_20_2_S1-F1_6674,P06396,P06396;CON__Q3SX14,PT_D1_20,PT_D1_20,PRETERM,D1,2,2468700.0,POSITIVE,true
PXD064962_UCD_EVENT,University College Dublin / Conway Institute,protein_groups,178,LFQ intensity PT_D1_23_1_S1-G1_6687,LFQ intensity PT_D1_23_1_S1-G1_6687:178,PT_D1_23_1_S1-G1_6687,P06396,P06396;CON__Q3SX14,PT_D1_23,PT_D1_23,PRETERM,D1,1,1839400.0,POSITIVE,true
PXD064962_UCD_EVENT,University College Dublin / Conway Institute,protein_groups,178,LFQ intensity PT_D1_23_2_S1-H1_6688,LFQ intensity PT_D1_23_2_S1-H1_6688:178,PT_D1_23_2_S1-H1_6688,P06396,P06396;CON__Q3SX14,PT_D1_23,PT_D1_23,PRETERM,D1,2,1786200.0,POSITIVE,true
PXD064962_UCD_EVENT,University College Dublin / Conway Institute,protein_groups,178,LFQ intensity PT_D1_33_1_S1-A2_6643,LFQ intensity PT_D1_33_1_S1-A2_6643:178,PT_D1_33_1_S1-A2_6643,P06396,P06396;CON__Q3SX14,PT_D1_33,PT_D1_33,PRETERM,D1,1,2283900.0,POSITIVE,true
PXD064962_UCD_EVENT,University College Dublin / Conway Institute,protein_groups,178,LFQ intensity PT_D1_33_2_S1-B2_6644,LFQ intensity PT_D1_33_2_S1-B2_6644:178,PT_D1_33_2_S1-B2_6644,P06396,P06396;CON__Q3SX14,PT_D1_33,PT_D1_33,PRETERM,D1,2,2380200.0,POSITIVE,true
PXD064962_UCD_EVENT,University College Dublin / Conway Institute,protein_groups,178,LFQ intensity PT_D1_34_1_S1-C2_6659,LFQ intensity PT_D1_34_1_S1-C2_6659:178,PT_D1_34_1_S1-C2_6659,P06396,P06396;CON__Q3SX14,PT_D1_34,PT_D1_34,PRETERM,D1,1,2682600.0,POSITIVE,true
PXD064962_UCD_EVENT,University College Dublin / Conway Institute,protein_groups,178,LFQ intensity PT_D1_34_2_S1-D2_6660,LFQ intensity PT_D1_34_2_S1-D2_6660:178,PT_D1_34_2_S1-D2_6660,P06396,P06396;CON__Q3SX14,PT_D1_34,PT_D1_34,PRETERM,D1,2,2594000.0,POSITIVE,true
PXD064962_UCD_EVENT,University College Dublin / Conway Institute,protein_groups,178,LFQ intensity PT_D1_48_1_S1-E2_6675,LFQ intensity PT_D1_48_1_S1-E2_6675:178,PT_D1_48_1_S1-E2_6675,P06396,P06396;CON__Q3SX14,PT_D1_48,PT_D1_48,PRETERM,D1,1,2237000.0,POSITIVE,true
PXD064962_UCD_EVENT,University College Dublin / Conway Institute,protein_groups,178,LFQ intensity PT_D1_48_2_S1-F2_6676,LFQ intensity PT_D1_48_2_S1-F2_6676:178,PT_D1_48_2_S1-F2_6676,P06396,P06396;CON__Q3SX14,PT_D1_48,PT_D1_48,PRETERM,D1,2,2321100.0,POSITIVE,true
PXD064962_UCD_EVENT,University College Dublin / Conway Institute,protein_groups,178,LFQ intensity PT_D1_51_1_S1-G2_6689,LFQ intensity PT_D1_51_1_S1-G2_6689:178,PT_D1_51_1_S1-G2_6689,P06396,P06396;CON__Q3SX14,PT_D1_51,PT_D1_51,PRETERM,D1,1,2200300.0,POSITIVE,true
PXD064962_UCD_EVENT,University College Dublin / Conway Institute,protein_groups,178,LFQ intensity PT_D1_51_2_S1-H2_6690,LFQ intensity PT_D1_51_2_S1-H2_6690:178,PT_D1_51_2_S1-H2_6690,P06396,P06396;CON__Q3SX14,PT_D1_51,PT_D1_51,PRETERM,D1,2,2369600.0,POSITIVE,true
PXD064962_UCD_EVENT,University College Dublin / Conway Institute,protein_groups,178,LFQ intensity PT_D1_73_1_S1-A3_6645,LFQ intensity PT_D1_73_1_S1-A3_6645:178,PT_D1_73_1_S1-A3_6645,P06396,P06396;CON__Q3SX14,PT_D1_73,PT_D1_73,PRETERM,D1,1,3334800.0,POSITIVE,true
PXD064962_UCD_EVENT,University College Dublin / Conway Institute,protein_groups,178,LFQ intensity PT_D1_73_2_S1-B3_6646,LFQ intensity PT_D1_73_2_S1-B3_6646:178,PT_D1_73_2_S1-B3_6646,P06396,P06396;CON__Q3SX14,PT_D1_73,PT_D1_73,PRETERM,D1,2,3272000.0,POSITIVE,true
PXD064962_UCD_EVENT,University College Dublin / Conway Institute,protein_groups,178,LFQ intensity PT_D1_81_1_S1-C3_6661,LFQ intensity PT_D1_81_1_S1-C3_6661:178,PT_D1_81_1_S1-C3_6661,P06396,P06396;CON__Q3SX14,PT_D1_81,PT_D1_81,PRETERM,D1,1,3119400.0,POSITIVE,true
PXD064962_UCD_EVENT,University College Dublin / Conway Institute,protein_groups,178,LFQ intensity PT_D1_81_2_S1-D3_6662,LFQ intensity PT_D1_81_2_S1-D3_6662:178,PT_D1_81_2_S1-D3_6662,P06396,P06396;CON__Q3SX14,PT_D1_81,PT_D1_81,PRETERM,D1,2,2934500.0,POSITIVE,true
PXD064962_UCD_EVENT,University College Dublin / Conway Institute,protein_groups,178,LFQ intensity PT_D3_06_1_S1-E5_6681,LFQ intensity PT_D3_06_1_S1-E5_6681:178,PT_D3_06_1_S1-E5_6681,P06396,P06396;CON__Q3SX14,PT_D3_06,PT_D3_06,PRETERM,D3,1,2618100.0,POSITIVE,true
PXD064962_UCD_EVENT,University College Dublin / Conway Institute,protein_groups,178,LFQ intensity PT_D3_06_2_S1-F5_6682,LFQ intensity PT_D3_06_2_S1-F5_6682:178,PT_D3_06_2_S1-F5_6682,P06396,P06396;CON__Q3SX14,PT_D3_06,PT_D3_06,PRETERM,D3,2,2770800.0,POSITIVE,true
PXD064962_UCD_EVENT,University College Dublin / Conway Institute,protein_groups,178,LFQ intensity PT_D3_14_1_S1-C5_6665,LFQ intensity PT_D3_14_1_S1-C5_6665:178,PT_D3_14_1_S1-C5_6665,P06396,P06396;CON__Q3SX14,PT_D3_14,PT_D3_14,PRETERM,D3,1,3581100.0,POSITIVE,true
PXD064962_UCD_EVENT,University College Dublin / Conway Institute,protein_groups,178,LFQ intensity PT_D3_14_2_S1-D5_6666,LFQ intensity PT_D3_14_2_S1-D5_6666:178,PT_D3_14_2_S1-D5_6666,P06396,P06396;CON__Q3SX14,PT_D3_14,PT_D3_14,PRETERM,D3,2,3661900.0,POSITIVE,true
PXD064962_UCD_EVENT,University College Dublin / Conway Institute,protein_groups,178,LFQ intensity PT_D3_22_1_S1-C4_6663,LFQ intensity PT_D3_22_1_S1-C4_6663:178,PT_D3_22_1_S1-C4_6663,P06396,P06396;CON__Q3SX14,PT_D3_22,PT_D3_22,PRETERM,D3,1,2432300.0,POSITIVE,true
PXD064962_UCD_EVENT,University College Dublin / Conway Institute,protein_groups,178,LFQ intensity PT_D3_22_2_S1-D4_6664,LFQ intensity PT_D3_22_2_S1-D4_6664:178,PT_D3_22_2_S1-D4_6664,P06396,P06396;CON__Q3SX14,PT_D3_22,PT_D3_22,PRETERM,D3,2,2536700.0,POSITIVE,true
PXD064962_UCD_EVENT,University College Dublin / Conway Institute,protein_groups,178,LFQ intensity PT_D3_28_1_S1-A5_6649,LFQ intensity PT_D3_28_1_S1-A5_6649:178,PT_D3_28_1_S1-A5_6649,P06396,P06396;CON__Q3SX14,PT_D3_28,PT_D3_28,PRETERM,D3,1,1901100.0,POSITIVE,true
PXD064962_UCD_EVENT,University College Dublin / Conway Institute,protein_groups,178,LFQ intensity PT_D3_28_2_S1-B5_6650,LFQ intensity PT_D3_28_2_S1-B5_6650:178,PT_D3_28_2_S1-B5_6650,P06396,P06396;CON__Q3SX14,PT_D3_28,PT_D3_28,PRETERM,D3,2,1815500.0,POSITIVE,true
PXD064962_UCD_EVENT,University College Dublin / Conway Institute,protein_groups,178,LFQ intensity PT_D3_30_1_S1-E3_6677,LFQ intensity PT_D3_30_1_S1-E3_6677:178,PT_D3_30_1_S1-E3_6677,P06396,P06396;CON__Q3SX14,PT_D3_30,PT_D3_30,PRETERM,D3,1,2688500.0,POSITIVE,true
PXD064962_UCD_EVENT,University College Dublin / Conway Institute,protein_groups,178,LFQ intensity PT_D3_30_2_S1-F3_6678,LFQ intensity PT_D3_30_2_S1-F3_6678:178,PT_D3_30_2_S1-F3_6678,P06396,P06396;CON__Q3SX14,PT_D3_30,PT_D3_30,PRETERM,D3,2,2845700.0,POSITIVE,true
PXD064962_UCD_EVENT,University College Dublin / Conway Institute,protein_groups,178,LFQ intensity PT_D3_37_1_S1-G5_6695,LFQ intensity PT_D3_37_1_S1-G5_6695:178,PT_D3_37_1_S1-G5_6695,P06396,P06396;CON__Q3SX14,PT_D3_37,PT_D3_37,PRETERM,D3,1,3736400.0,POSITIVE,true
PXD064962_UCD_EVENT,University College Dublin / Conway Institute,protein_groups,178,LFQ intensity PT_D3_37_2_S1-H5_6696,LFQ intensity PT_D3_37_2_S1-H5_6696:178,PT_D3_37_2_S1-H5_6696,P06396,P06396;CON__Q3SX14,PT_D3_37,PT_D3_37,PRETERM,D3,2,3611300.0,POSITIVE,true
PXD064962_UCD_EVENT,University College Dublin / Conway Institute,protein_groups,178,LFQ intensity PT_D3_41_1_S1-G3_6691,LFQ intensity PT_D3_41_1_S1-G3_6691:178,PT_D3_41_1_S1-G3_6691,P06396,P06396;CON__Q3SX14,PT_D3_41,PT_D3_41,PRETERM,D3,1,3368500.0,POSITIVE,true
PXD064962_UCD_EVENT,University College Dublin / Conway Institute,protein_groups,178,LFQ intensity PT_D3_41_2_S1-H3_6692,LFQ intensity PT_D3_41_2_S1-H3_6692:178,PT_D3_41_2_S1-H3_6692,P06396,P06396;CON__Q3SX14,PT_D3_41,PT_D3_41,PRETERM,D3,2,3797900.0,POSITIVE,true
PXD064962_UCD_EVENT,University College Dublin / Conway Institute,protein_groups,178,LFQ intensity PT_D3_42_1_S1-G4_6693,LFQ intensity PT_D3_42_1_S1-G4_6693:178,PT_D3_42_1_S1-G4_6693,P06396,P06396;CON__Q3SX14,PT_D3_42,PT_D3_42,PRETERM,D3,1,2465200.0,POSITIVE,true
PXD064962_UCD_EVENT,University College Dublin / Conway Institute,protein_groups,178,LFQ intensity PT_D3_42_2_S1-H4_6694,LFQ intensity PT_D3_42_2_S1-H4_6694:178,PT_D3_42_2_S1-H4_6694,P06396,P06396;CON__Q3SX14,PT_D3_42,PT_D3_42,PRETERM,D3,2,2548100.0,POSITIVE,true
PXD064962_UCD_EVENT,University College Dublin / Conway Institute,protein_groups,178,LFQ intensity PT_D3_85_1_S1-E4_6679,LFQ intensity PT_D3_85_1_S1-E4_6679:178,PT_D3_85_1_S1-E4_6679,P06396,P06396;CON__Q3SX14,PT_D3_85,PT_D3_85,PRETERM,D3,1,3111200.0,POSITIVE,true
PXD064962_UCD_EVENT,University College Dublin / Conway Institute,protein_groups,178,LFQ intensity PT_D3_85_2_S1-F4_6680,LFQ intensity PT_D3_85_2_S1-F4_6680:178,PT_D3_85_2_S1-F4_6680,P06396,P06396;CON__Q3SX14,PT_D3_85,PT_D3_85,PRETERM,D3,2,3360000.0,POSITIVE,true
PXD064962_UCD_EVENT,University College Dublin / Conway Institute,protein_groups,178,LFQ intensity PT_D3_96_1_S1-A4_6647,LFQ intensity PT_D3_96_1_S1-A4_6647:178,PT_D3_96_1_S1-A4_6647,P06396,P06396;CON__Q3SX14,PT_D3_96,PT_D3_96,PRETERM,D3,1,2919600.0,POSITIVE,true
PXD064962_UCD_EVENT,University College Dublin / Conway Institute,protein_groups,178,LFQ intensity PT_D3_96_2_S1-B4_6648,LFQ intensity PT_D3_96_2_S1-B4_6648:178,PT_D3_96_2_S1-B4_6648,P06396,P06396;CON__Q3SX14,PT_D3_96,PT_D3_96,PRETERM,D3,2,3366200.0,POSITIVE,true
PXD064962_UCD_EVENT,University College Dublin / Conway Institute,protein_groups,178,LFQ intensity T_D1_133_1_S1-A6_6651,LFQ intensity T_D1_133_1_S1-A6_6651:178,T_D1_133_1_S1-A6_6651,P06396,P06396;CON__Q3SX14,T_D1_133,T_D1_133,TERM,D1,1,2932700.0,POSITIVE,true
PXD064962_UCD_EVENT,University College Dublin / Conway Institute,protein_groups,178,LFQ intensity T_D1_133_2_S1-B6_6652,LFQ intensity T_D1_133_2_S1-B6_6652:178,T_D1_133_2_S1-B6_6652,P06396,P06396;CON__Q3SX14,T_D1_133,T_D1_133,TERM,D1,2,3016800.0,POSITIVE,true
PXD064962_UCD_EVENT,University College Dublin / Conway Institute,protein_groups,178,LFQ intensity T_D1_138_1_S1-G6_6697,LFQ intensity T_D1_138_1_S1-G6_6697:178,T_D1_138_1_S1-G6_6697,P06396,P06396;CON__Q3SX14,T_D1_138,T_D1_138,TERM,D1,1,2756200.0,POSITIVE,true
PXD064962_UCD_EVENT,University College Dublin / Conway Institute,protein_groups,178,LFQ intensity T_D1_138_2_S1-H6_6698,LFQ intensity T_D1_138_2_S1-H6_6698:178,T_D1_138_2_S1-H6_6698,P06396,P06396;CON__Q3SX14,T_D1_138,T_D1_138,TERM,D1,2,2604200.0,POSITIVE,true
PXD064962_UCD_EVENT,University College Dublin / Conway Institute,protein_groups,178,LFQ intensity T_D1_165_1_S1-A7_6653,LFQ intensity T_D1_165_1_S1-A7_6653:178,T_D1_165_1_S1-A7_6653,P06396,P06396;CON__Q3SX14,T_D1_165,T_D1_165,TERM,D1,1,3216900.0,POSITIVE,true
PXD064962_UCD_EVENT,University College Dublin / Conway Institute,protein_groups,178,LFQ intensity T_D1_165_2_S1-B7_6654,LFQ intensity T_D1_165_2_S1-B7_6654:178,T_D1_165_2_S1-B7_6654,P06396,P06396;CON__Q3SX14,T_D1_165,T_D1_165,TERM,D1,2,3130300.0,POSITIVE,true
PXD064962_UCD_EVENT,University College Dublin / Conway Institute,protein_groups,178,LFQ intensity T_D1_173_1_S1-E6_6683,LFQ intensity T_D1_173_1_S1-E6_6683:178,T_D1_173_1_S1-E6_6683,P06396,P06396;CON__Q3SX14,T_D1_173,T_D1_173,TERM,D1,1,2919300.0,POSITIVE,true
PXD064962_UCD_EVENT,University College Dublin / Conway Institute,protein_groups,178,LFQ intensity T_D1_173_2_S1-F6_6684,LFQ intensity T_D1_173_2_S1-F6_6684:178,T_D1_173_2_S1-F6_6684,P06396,P06396;CON__Q3SX14,T_D1_173,T_D1_173,TERM,D1,2,2622700.0,POSITIVE,true
PXD064962_UCD_EVENT,University College Dublin / Conway Institute,protein_groups,178,LFQ intensity T_D1_186_1_S1-C6_6667,LFQ intensity T_D1_186_1_S1-C6_6667:178,T_D1_186_1_S1-C6_6667,P06396,P06396;CON__Q3SX14,T_D1_186,T_D1_186,TERM,D1,1,2331300.0,POSITIVE,true
PXD064962_UCD_EVENT,University College Dublin / Conway Institute,protein_groups,178,LFQ intensity T_D1_186_2_S1-D6_6668,LFQ intensity T_D1_186_2_S1-D6_6668:178,T_D1_186_2_S1-D6_6668,P06396,P06396;CON__Q3SX14,T_D1_186,T_D1_186,TERM,D1,2,2300000.0,POSITIVE,true
PXD064962_UCD_EVENT,University College Dublin / Conway Institute,protein_groups,178,LFQ intensity T_D3_119a_1_S1-E7_6685,LFQ intensity T_D3_119a_1_S1-E7_6685:178,T_D3_119a_1_S1-E7_6685,P06396,P06396;CON__Q3SX14,T_D3_119a,T_D3_119a,TERM,D3,1,2462800.0,POSITIVE,true
PXD064962_UCD_EVENT,University College Dublin / Conway Institute,protein_groups,178,LFQ intensity T_D3_119a_2_S1-F7_6686,LFQ intensity T_D3_119a_2_S1-F7_6686:178,T_D3_119a_2_S1-F7_6686,P06396,P06396;CON__Q3SX14,T_D3_119a,T_D3_119a,TERM,D3,2,2361800.0,POSITIVE,true
PXD064962_UCD_EVENT,University College Dublin / Conway Institute,protein_groups,178,LFQ intensity T_D3_119b_1_S1-A8_6655,LFQ intensity T_D3_119b_1_S1-A8_6655:178,T_D3_119b_1_S1-A8_6655,P06396,P06396;CON__Q3SX14,T_D3_119b,T_D3_119b,TERM,D3,1,2387300.0,POSITIVE,true
PXD064962_UCD_EVENT,University College Dublin / Conway Institute,protein_groups,178,LFQ intensity T_D3_119b_2_S1-B8_6656,LFQ intensity T_D3_119b_2_S1-B8_6656:178,T_D3_119b_2_S1-B8_6656,P06396,P06396;CON__Q3SX14,T_D3_119b,T_D3_119b,TERM,D3,2,2361600.0,POSITIVE,true
PXD064962_UCD_EVENT,University College Dublin / Conway Institute,protein_groups,178,LFQ intensity T_D3_155_1_S1-G7_6699,LFQ intensity T_D3_155_1_S1-G7_6699:178,T_D3_155_1_S1-G7_6699,P06396,P06396;CON__Q3SX14,T_D3_155,T_D3_155,TERM,D3,1,2316500.0,POSITIVE,true
PXD064962_UCD_EVENT,University College Dublin / Conway Institute,protein_groups,178,LFQ intensity T_D3_155_2_S1-H7_6700,LFQ intensity T_D3_155_2_S1-H7_6700:178,T_D3_155_2_S1-H7_6700,P06396,P06396;CON__Q3SX14,T_D3_155,T_D3_155,TERM,D3,2,2328800.0,POSITIVE,true
PXD064962_UCD_EVENT,University College Dublin / Conway Institute,protein_groups,178,LFQ intensity T_D3_178_1_S1-C7_6669,LFQ intensity T_D3_178_1_S1-C7_6669:178,T_D3_178_1_S1-C7_6669,P06396,P06396;CON__Q3SX14,T_D3_178,T_D3_178,TERM,D3,1,2430600.0,POSITIVE,true
PXD064962_UCD_EVENT,University College Dublin / Conway Institute,protein_groups,178,LFQ intensity T_D3_178_2_S1-D7_6670,LFQ intensity T_D3_178_2_S1-D7_6670:178,T_D3_178_2_S1-D7_6670,P06396,P06396;CON__Q3SX14,T_D3_178,T_D3_178,TERM,D3,2,2583600.0,POSITIVE,true
PXD064962_UCD_EVENT,University College Dublin / Conway Institute,protein_groups,178,LFQ intensity T_D3_198_1_S1-C8_6671,LFQ intensity T_D3_198_1_S1-C8_6671:178,T_D3_198_1_S1-C8_6671,P06396,P06396;CON__Q3SX14,T_D3_198,T_D3_198,TERM,D3,1,2539200.0,POSITIVE,true
PXD064962_UCD_EVENT,University College Dublin / Conway Institute,protein_groups,178,LFQ intensity T_D3_198_2_S1-D8_6672,LFQ intensity T_D3_198_2_S1-D8_6672:178,T_D3_198_2_S1-D8_6672,P06396,P06396;CON__Q3SX14,T_D3_198,T_D3_198,TERM,D3,2,2138300.0,POSITIVE,true
PXD064962_UCD_EVENT,University College Dublin / Conway Institute,protein_groups,179,LFQ intensity PT_D1_16_1_S1-A1_6641,LFQ intensity PT_D1_16_1_S1-A1_6641:179,PT_D1_16_1_S1-A1_6641,P06576,P06576,PT_D1_16,PT_D1_16,PRETERM,D1,1,0.0,EXPLICIT_ZERO,false
PXD064962_UCD_EVENT,University College Dublin / Conway Institute,protein_groups,179,LFQ intensity PT_D1_16_2_S1-B1_6642,LFQ intensity PT_D1_16_2_S1-B1_6642:179,PT_D1_16_2_S1-B1_6642,P06576,P06576,PT_D1_16,PT_D1_16,PRETERM,D1,2,0.0,EXPLICIT_ZERO,false
PXD064962_UCD_EVENT,University College Dublin / Conway Institute,protein_groups,179,LFQ intensity PT_D1_18_1_S1-C1_6657,LFQ intensity PT_D1_18_1_S1-C1_6657:179,PT_D1_18_1_S1-C1_6657,P06576,P06576,PT_D1_18,PT_D1_18,PRETERM,D1,1,0.0,EXPLICIT_ZERO,false
PXD064962_UCD_EVENT,University College Dublin / Conway Institute,protein_groups,179,LFQ intensity PT_D1_18_2_S1-D1_6658,LFQ intensity PT_D1_18_2_S1-D1_6658:179,PT_D1_18_2_S1-D1_6658,P06576,P06576,PT_D1_18,PT_D1_18,PRETERM,D1,2,0.0,EXPLICIT_ZERO,false
PXD064962_UCD_EVENT,University College Dublin / Conway Institute,protein_groups,179,LFQ intensity PT_D1_20_1_S1-E1_6673,LFQ intensity PT_D1_20_1_S1-E1_6673:179,PT_D1_20_1_S1-E1_6673,P06576,P06576,PT_D1_20,PT_D1_20,PRETERM,D1,1,0.0,EXPLICIT_ZERO,false
PXD064962_UCD_EVENT,University College Dublin / Conway Institute,protein_groups,179,LFQ intensity PT_D1_20_2_S1-F1_6674,LFQ intensity PT_D1_20_2_S1-F1_6674:179,PT_D1_20_2_S1-F1_6674,P06576,P06576,PT_D1_20,PT_D1_20,PRETERM,D1,2,0.0,EXPLICIT_ZERO,false
PXD064962_UCD_EVENT,University College Dublin / Conway Institute,protein_groups,179,LFQ intensity PT_D1_23_1_S1-G1_6687,LFQ intensity PT_D1_23_1_S1-G1_6687:179,PT_D1_23_1_S1-G1_6687,P06576,P06576,PT_D1_23,PT_D1_23,PRETERM,D1,1,0.0,EXPLICIT_ZERO,false
PXD064962_UCD_EVENT,University College Dublin / Conway Institute,protein_groups,179,LFQ intensity PT_D1_23_2_S1-H1_6688,LFQ intensity PT_D1_23_2_S1-H1_6688:179,PT_D1_23_2_S1-H1_6688,P06576,P06576,PT_D1_23,PT_D1_23,PRETERM,D1,2,0.0,EXPLICIT_ZERO,false
PXD064962_UCD_EVENT,University College Dublin / Conway Institute,protein_groups,179,LFQ intensity PT_D1_33_1_S1-A2_6643,LFQ intensity PT_D1_33_1_S1-A2_6643:179,PT_D1_33_1_S1-A2_6643,P06576,P06576,PT_D1_33,PT_D1_33,PRETERM,D1,1,0.0,EXPLICIT_ZERO,false
PXD064962_UCD_EVENT,University College Dublin / Conway Institute,protein_groups,179,LFQ intensity PT_D1_33_2_S1-B2_6644,LFQ intensity PT_D1_33_2_S1-B2_6644:179,PT_D1_33_2_S1-B2_6644,P06576,P06576,PT_D1_33,PT_D1_33,PRETERM,D1,2,0.0,EXPLICIT_ZERO,false
PXD064962_UCD_EVENT,University College Dublin / Conway Institute,protein_groups,179,LFQ intensity PT_D1_34_1_S1-C2_6659,LFQ intensity PT_D1_34_1_S1-C2_6659:179,PT_D1_34_1_S1-C2_6659,P06576,P06576,PT_D1_34,PT_D1_34,PRETERM,D1,1,0.0,EXPLICIT_ZERO,false
PXD064962_UCD_EVENT,University College Dublin / Conway Institute,protein_groups,179,LFQ intensity PT_D1_34_2_S1-D2_6660,LFQ intensity PT_D1_34_2_S1-D2_6660:179,PT_D1_34_2_S1-D2_6660,P06576,P06576,PT_D1_34,PT_D1_34,PRETERM,D1,2,0.0,EXPLICIT_ZERO,false
PXD064962_UCD_EVENT,University College Dublin / Conway Institute,protein_groups,179,LFQ intensity PT_D1_48_1_S1-E2_6675,LFQ intensity PT_D1_48_1_S1-E2_6675:179,PT_D1_48_1_S1-E2_6675,P06576,P06576,PT_D1_48,PT_D1_48,PRETERM,D1,1,0.0,EXPLICIT_ZERO,false
PXD064962_UCD_EVENT,University College Dublin / Conway Institute,protein_groups,179,LFQ intensity PT_D1_48_2_S1-F2_6676,LFQ intensity PT_D1_48_2_S1-F2_6676:179,PT_D1_48_2_S1-F2_6676,P06576,P06576,PT_D1_48,PT_D1_48,PRETERM,D1,2,0.0,EXPLICIT_ZERO,false
PXD064962_UCD_EVENT,University College Dublin / Conway Institute,protein_groups,179,LFQ intensity PT_D1_51_1_S1-G2_6689,LFQ intensity PT_D1_51_1_S1-G2_6689:179,PT_D1_51_1_S1-G2_6689,P06576,P06576,PT_D1_51,PT_D1_51,PRETERM,D1,1,0.0,EXPLICIT_ZERO,false
PXD064962_UCD_EVENT,University College Dublin / Conway Institute,protein_groups,179,LFQ intensity PT_D1_51_2_S1-H2_6690,LFQ intensity PT_D1_51_2_S1-H2_6690:179,PT_D1_51_2_S1-H2_6690,P06576,P06576,PT_D1_51,PT_D1_51,PRETERM,D1,2,0.0,EXPLICIT_ZERO,false
PXD064962_UCD_EVENT,University College Dublin / Conway Institute,protein_groups,179,LFQ intensity PT_D1_73_1_S1-A3_6645,LFQ intensity PT_D1_73_1_S1-A3_6645:179,PT_D1_73_1_S1-A3_6645,P06576,P06576,PT_D1_73,PT_D1_73,PRETERM,D1,1,0.0,EXPLICIT_ZERO,false
PXD064962_UCD_EVENT,University College Dublin / Conway Institute,protein_groups,179,LFQ intensity PT_D1_73_2_S1-B3_6646,LFQ intensity PT_D1_73_2_S1-B3_6646:179,PT_D1_73_2_S1-B3_6646,P06576,P06576,PT_D1_73,PT_D1_73,PRETERM,D1,2,0.0,EXPLICIT_ZERO,false
PXD064962_UCD_EVENT,University College Dublin / Conway Institute,protein_groups,179,LFQ intensity PT_D1_81_1_S1-C3_6661,LFQ intensity PT_D1_81_1_S1-C3_6661:179,PT_D1_81_1_S1-C3_6661,P06576,P06576,PT_D1_81,PT_D1_81,PRETERM,D1,1,0.0,EXPLICIT_ZERO,false
PXD064962_UCD_EVENT,University College Dublin / Conway Institute,protein_groups,179,LFQ intensity PT_D1_81_2_S1-D3_6662,LFQ intensity PT_D1_81_2_S1-D3_6662:179,PT_D1_81_2_S1-D3_6662,P06576,P06576,PT_D1_81,PT_D1_81,PRETERM,D1,2,0.0,EXPLICIT_ZERO,false
PXD064962_UCD_EVENT,University College Dublin / Conway Institute,protein_groups,179,LFQ intensity PT_D3_06_1_S1-E5_6681,LFQ intensity PT_D3_06_1_S1-E5_6681:179,PT_D3_06_1_S1-E5_6681,P06576,P06576,PT_D3_06,PT_D3_06,PRETERM,D3,1,0.0,EXPLICIT_ZERO,false
PXD064962_UCD_EVENT,University College Dublin / Conway Institute,protein_groups,179,LFQ intensity PT_D3_06_2_S1-F5_6682,LFQ intensity PT_D3_06_2_S1-F5_6682:179,PT_D3_06_2_S1-F5_6682,P06576,P06576,PT_D3_06,PT_D3_06,PRETERM,D3,2,0.0,EXPLICIT_ZERO,false
PXD064962_UCD_EVENT,University College Dublin / Conway Institute,protein_groups,179,LFQ intensity PT_D3_14_1_S1-C5_6665,LFQ intensity PT_D3_14_1_S1-C5_6665:179,PT_D3_14_1_S1-C5_6665,P06576,P06576,PT_D3_14,PT_D3_14,PRETERM,D3,1,0.0,EXPLICIT_ZERO,false
PXD064962_UCD_EVENT,University College Dublin / Conway Institute,protein_groups,179,LFQ intensity PT_D3_14_2_S1-D5_6666,LFQ intensity PT_D3_14_2_S1-D5_6666:179,PT_D3_14_2_S1-D5_6666,P06576,P06576,PT_D3_14,PT_D3_14,PRETERM,D3,2,0.0,EXPLICIT_ZERO,false
PXD064962_UCD_EVENT,University College Dublin / Conway Institute,protein_groups,179,LFQ intensity PT_D3_22_1_S1-C4_6663,LFQ intensity PT_D3_22_1_S1-C4_6663:179,PT_D3_22_1_S1-C4_6663,P06576,P06576,PT_D3_22,PT_D3_22,PRETERM,D3,1,0.0,EXPLICIT_ZERO,false
PXD064962_UCD_EVENT,University College Dublin / Conway Institute,protein_groups,179,LFQ intensity PT_D3_22_2_S1-D4_6664,LFQ intensity PT_D3_22_2_S1-D4_6664:179,PT_D3_22_2_S1-D4_6664,P06576,P06576,PT_D3_22,PT_D3_22,PRETERM,D3,2,0.0,EXPLICIT_ZERO,false
PXD064962_UCD_EVENT,University College Dublin / Conway Institute,protein_groups,179,LFQ intensity PT_D3_28_1_S1-A5_6649,LFQ intensity PT_D3_28_1_S1-A5_6649:179,PT_D3_28_1_S1-A5_6649,P06576,P06576,PT_D3_28,PT_D3_28,PRETERM,D3,1,0.0,EXPLICIT_ZERO,false
PXD064962_UCD_EVENT,University College Dublin / Conway Institute,protein_groups,179,LFQ intensity PT_D3_28_2_S1-B5_6650,LFQ intensity PT_D3_28_2_S1-B5_6650:179,PT_D3_28_2_S1-B5_6650,P06576,P06576,PT_D3_28,PT_D3_28,PRETERM,D3,2,0.0,EXPLICIT_ZERO,false
PXD064962_UCD_EVENT,University College Dublin / Conway Institute,protein_groups,179,LFQ intensity PT_D3_30_1_S1-E3_6677,LFQ intensity PT_D3_30_1_S1-E3_6677:179,PT_D3_30_1_S1-E3_6677,P06576,P06576,PT_D3_30,PT_D3_30,PRETERM,D3,1,0.0,EXPLICIT_ZERO,false
PXD064962_UCD_EVENT,University College Dublin / Conway Institute,protein_groups,179,LFQ intensity PT_D3_30_2_S1-F3_6678,LFQ intensity PT_D3_30_2_S1-F3_6678:179,PT_D3_30_2_S1-F3_6678,P06576,P06576,PT_D3_30,PT_D3_30,PRETERM,D3,2,0.0,EXPLICIT_ZERO,false
PXD064962_UCD_EVENT,University College Dublin / Conway Institute,protein_groups,179,LFQ intensity PT_D3_37_1_S1-G5_6695,LFQ intensity PT_D3_37_1_S1-G5_6695:179,PT_D3_37_1_S1-G5_6695,P06576,P06576,PT_D3_37,PT_D3_37,PRETERM,D3,1,0.0,EXPLICIT_ZERO,false
PXD064962_UCD_EVENT,University College Dublin / Conway Institute,protein_groups,179,LFQ intensity PT_D3_37_2_S1-H5_6696,LFQ intensity PT_D3_37_2_S1-H5_6696:179,PT_D3_37_2_S1-H5_6696,P06576,P06576,PT_D3_37,PT_D3_37,PRETERM,D3,2,0.0,EXPLICIT_ZERO,false
PXD064962_UCD_EVENT,University College Dublin / Conway Institute,protein_groups,179,LFQ intensity PT_D3_41_1_S1-G3_6691,LFQ intensity PT_D3_41_1_S1-G3_6691:179,PT_D3_41_1_S1-G3_6691,P06576,P06576,PT_D3_41,PT_D3_41,PRETERM,D3,1,59566.0,POSITIVE,true
PXD064962_UCD_EVENT,University College Dublin / Conway Institute,protein_groups,179,LFQ intensity PT_D3_41_2_S1-H3_6692,LFQ intensity PT_D3_41_2_S1-H3_6692:179,PT_D3_41_2_S1-H3_6692,P06576,P06576,PT_D3_41,PT_D3_41,PRETERM,D3,2,53962.0,POSITIVE,true
PXD064962_UCD_EVENT,University College Dublin / Conway Institute,protein_groups,179,LFQ intensity PT_D3_42_1_S1-G4_6693,LFQ intensity PT_D3_42_1_S1-G4_6693:179,PT_D3_42_1_S1-G4_6693,P06576,P06576,PT_D3_42,PT_D3_42,PRETERM,D3,1,0.0,EXPLICIT_ZERO,false
PXD064962_UCD_EVENT,University College Dublin / Conway Institute,protein_groups,179,LFQ intensity PT_D3_42_2_S1-H4_6694,LFQ intensity PT_D3_42_2_S1-H4_6694:179,PT_D3_42_2_S1-H4_6694,P06576,P06576,PT_D3_42,PT_D3_42,PRETERM,D3,2,0.0,EXPLICIT_ZERO,false
PXD064962_UCD_EVENT,University College Dublin / Conway Institute,protein_groups,179,LFQ intensity PT_D3_85_1_S1-E4_6679,LFQ intensity PT_D3_85_1_S1-E4_6679:179,PT_D3_85_1_S1-E4_6679,P06576,P06576,PT_D3_85,PT_D3_85,PRETERM,D3,1,0.0,EXPLICIT_ZERO,false
PXD064962_UCD_EVENT,University College Dublin / Conway Institute,protein_groups,179,LFQ intensity PT_D3_85_2_S1-F4_6680,LFQ intensity PT_D3_85_2_S1-F4_6680:179,PT_D3_85_2_S1-F4_6680,P06576,P06576,PT_D3_85,PT_D3_85,PRETERM,D3,2,0.0,EXPLICIT_ZERO,false
PXD064962_UCD_EVENT,University College Dublin / Conway Institute,protein_groups,179,LFQ intensity PT_D3_96_1_S1-A4_6647,LFQ intensity PT_D3_96_1_S1-A4_6647:179,PT_D3_96_1_S1-A4_6647,P06576,P06576,PT_D3_96,PT_D3_96,PRETERM,D3,1,0.0,EXPLICIT_ZERO,false
PXD064962_UCD_EVENT,University College Dublin / Conway Institute,protein_groups,179,LFQ intensity PT_D3_96_2_S1-B4_6648,LFQ intensity PT_D3_96_2_S1-B4_6648:179,PT_D3_96_2_S1-B4_6648,P06576,P06576,PT_D3_96,PT_D3_96,PRETERM,D3,2,0.0,EXPLICIT_ZERO,false
PXD064962_UCD_EVENT,University College Dublin / Conway Institute,protein_groups,179,LFQ intensity T_D1_133_1_S1-A6_6651,LFQ intensity T_D1_133_1_S1-A6_6651:179,T_D1_133_1_S1-A6_6651,P06576,P06576,T_D1_133,T_D1_133,TERM,D1,1,0.0,EXPLICIT_ZERO,false
PXD064962_UCD_EVENT,University College Dublin / Conway Institute,protein_groups,179,LFQ intensity T_D1_133_2_S1-B6_6652,LFQ intensity T_D1_133_2_S1-B6_6652:179,T_D1_133_2_S1-B6_6652,P06576,P06576,T_D1_133,T_D1_133,TERM,D1,2,0.0,EXPLICIT_ZERO,false
PXD064962_UCD_EVENT,University College Dublin / Conway Institute,protein_groups,179,LFQ intensity T_D1_138_1_S1-G6_6697,LFQ intensity T_D1_138_1_S1-G6_6697:179,T_D1_138_1_S1-G6_6697,P06576,P06576,T_D1_138,T_D1_138,TERM,D1,1,0.0,EXPLICIT_ZERO,false
PXD064962_UCD_EVENT,University College Dublin / Conway Institute,protein_groups,179,LFQ intensity T_D1_138_2_S1-H6_6698,LFQ intensity T_D1_138_2_S1-H6_6698:179,T_D1_138_2_S1-H6_6698,P06576,P06576,T_D1_138,T_D1_138,TERM,D1,2,0.0,EXPLICIT_ZERO,false
PXD064962_UCD_EVENT,University College Dublin / Conway Institute,protein_groups,179,LFQ intensity T_D1_165_1_S1-A7_6653,LFQ intensity T_D1_165_1_S1-A7_6653:179,T_D1_165_1_S1-A7_6653,P06576,P06576,T_D1_165,T_D1_165,TERM,D1,1,0.0,EXPLICIT_ZERO,false
PXD064962_UCD_EVENT,University College Dublin / Conway Institute,protein_groups,179,LFQ intensity T_D1_165_2_S1-B7_6654,LFQ intensity T_D1_165_2_S1-B7_6654:179,T_D1_165_2_S1-B7_6654,P06576,P06576,T_D1_165,T_D1_165,TERM,D1,2,0.0,EXPLICIT_ZERO,false
PXD064962_UCD_EVENT,University College Dublin / Conway Institute,protein_groups,179,LFQ intensity T_D1_173_1_S1-E6_6683,LFQ intensity T_D1_173_1_S1-E6_6683:179,T_D1_173_1_S1-E6_6683,P06576,P06576,T_D1_173,T_D1_173,TERM,D1,1,0.0,EXPLICIT_ZERO,false
PXD064962_UCD_EVENT,University College Dublin / Conway Institute,protein_groups,179,LFQ intensity T_D1_173_2_S1-F6_6684,LFQ intensity T_D1_173_2_S1-F6_6684:179,T_D1_173_2_S1-F6_6684,P06576,P06576,T_D1_173,T_D1_173,TERM,D1,2,0.0,EXPLICIT_ZERO,false
PXD064962_UCD_EVENT,University College Dublin / Conway Institute,protein_groups,179,LFQ intensity T_D1_186_1_S1-C6_6667,LFQ intensity T_D1_186_1_S1-C6_6667:179,T_D1_186_1_S1-C6_6667,P06576,P06576,T_D1_186,T_D1_186,TERM,D1,1,0.0,EXPLICIT_ZERO,false
PXD064962_UCD_EVENT,University College Dublin / Conway Institute,protein_groups,179,LFQ intensity T_D1_186_2_S1-D6_6668,LFQ intensity T_D1_186_2_S1-D6_6668:179,T_D1_186_2_S1-D6_6668,P06576,P06576,T_D1_186,T_D1_186,TERM,D1,2,0.0,EXPLICIT_ZERO,false
PXD064962_UCD_EVENT,University College Dublin / Conway Institute,protein_groups,179,LFQ intensity T_D3_119a_1_S1-E7_6685,LFQ intensity T_D3_119a_1_S1-E7_6685:179,T_D3_119a_1_S1-E7_6685,P06576,P06576,T_D3_119a,T_D3_119a,TERM,D3,1,0.0,EXPLICIT_ZERO,false
PXD064962_UCD_EVENT,University College Dublin / Conway Institute,protein_groups,179,LFQ intensity T_D3_119a_2_S1-F7_6686,LFQ intensity T_D3_119a_2_S1-F7_6686:179,T_D3_119a_2_S1-F7_6686,P06576,P06576,T_D3_119a,T_D3_119a,TERM,D3,2,0.0,EXPLICIT_ZERO,false
PXD064962_UCD_EVENT,University College Dublin / Conway Institute,protein_groups,179,LFQ intensity T_D3_119b_1_S1-A8_6655,LFQ intensity T_D3_119b_1_S1-A8_6655:179,T_D3_119b_1_S1-A8_6655,P06576,P06576,T_D3_119b,T_D3_119b,TERM,D3,1,0.0,EXPLICIT_ZERO,false
PXD064962_UCD_EVENT,University College Dublin / Conway Institute,protein_groups,179,LFQ intensity T_D3_119b_2_S1-B8_6656,LFQ intensity T_D3_119b_2_S1-B8_6656:179,T_D3_119b_2_S1-B8_6656,P06576,P06576,T_D3_119b,T_D3_119b,TERM,D3,2,0.0,EXPLICIT_ZERO,false
PXD064962_UCD_EVENT,University College Dublin / Conway Institute,protein_groups,179,LFQ intensity T_D3_155_1_S1-G7_6699,LFQ intensity T_D3_155_1_S1-G7_6699:179,T_D3_155_1_S1-G7_6699,P06576,P06576,T_D3_155,T_D3_155,TERM,D3,1,0.0,EXPLICIT_ZERO,false
PXD064962_UCD_EVENT,University College Dublin / Conway Institute,protein_groups,179,LFQ intensity T_D3_155_2_S1-H7_6700,LFQ intensity T_D3_155_2_S1-H7_6700:179,T_D3_155_2_S1-H7_6700,P06576,P06576,T_D3_155,T_D3_155,TERM,D3,2,0.0,EXPLICIT_ZERO,false
PXD064962_UCD_EVENT,University College Dublin / Conway Institute,protein_groups,179,LFQ intensity T_D3_178_1_S1-C7_6669,LFQ intensity T_D3_178_1_S1-C7_6669:179,T_D3_178_1_S1-C7_6669,P06576,P06576,T_D3_178,T_D3_178,TERM,D3,1,0.0,EXPLICIT_ZERO,false
PXD064962_UCD_EVENT,University College Dublin / Conway Institute,protein_groups,179,LFQ intensity T_D3_178_2_S1-D7_6670,LFQ intensity T_D3_178_2_S1-D7_6670:179,T_D3_178_2_S1-D7_6670,P06576,P06576,T_D3_178,T_D3_178,TERM,D3,2,0.0,EXPLICIT_ZERO,false
PXD064962_UCD_EVENT,University College Dublin / Conway Institute,protein_groups,179,LFQ intensity T_D3_198_1_S1-C8_6671,LFQ intensity T_D3_198_1_S1-C8_6671:179,T_D3_198_1_S1-C8_6671,P06576,P06576,T_D3_198,T_D3_198,TERM,D3,1,125190.0,POSITIVE,true
PXD064962_UCD_EVENT,University College Dublin / Conway Institute,protein_groups,179,LFQ intensity T_D3_198_2_S1-D8_6672,LFQ intensity T_D3_198_2_S1-D8_6672:179,T_D3_198_2_S1-D8_6672,P06576,P06576,T_D3_198,T_D3_198,TERM,D3,2,86516.0,POSITIVE,true
PXD064962_UCD_EVENT,University College Dublin / Conway Institute,protein_groups,193,LFQ intensity PT_D1_16_1_S1-A1_6641,LFQ intensity PT_D1_16_1_S1-A1_6641:193,PT_D1_16_1_S1-A1_6641,Q9H4B7,P07437;Q9BVA1;Q13885;P68371;Q13509;CON__ENSEMBL:ENSBTAP00000025008;Q3ZCM7;P04350;A6NNZ2;Q9BUF5;Q9H4B7,PT_D1_16,PT_D1_16,PRETERM,D1,1,0.0,EXPLICIT_ZERO,false
PXD064962_UCD_EVENT,University College Dublin / Conway Institute,protein_groups,193,LFQ intensity PT_D1_16_2_S1-B1_6642,LFQ intensity PT_D1_16_2_S1-B1_6642:193,PT_D1_16_2_S1-B1_6642,Q9H4B7,P07437;Q9BVA1;Q13885;P68371;Q13509;CON__ENSEMBL:ENSBTAP00000025008;Q3ZCM7;P04350;A6NNZ2;Q9BUF5;Q9H4B7,PT_D1_16,PT_D1_16,PRETERM,D1,2,0.0,EXPLICIT_ZERO,false
PXD064962_UCD_EVENT,University College Dublin / Conway Institute,protein_groups,193,LFQ intensity PT_D1_18_1_S1-C1_6657,LFQ intensity PT_D1_18_1_S1-C1_6657:193,PT_D1_18_1_S1-C1_6657,Q9H4B7,P07437;Q9BVA1;Q13885;P68371;Q13509;CON__ENSEMBL:ENSBTAP00000025008;Q3ZCM7;P04350;A6NNZ2;Q9BUF5;Q9H4B7,PT_D1_18,PT_D1_18,PRETERM,D1,1,0.0,EXPLICIT_ZERO,false
PXD064962_UCD_EVENT,University College Dublin / Conway Institute,protein_groups,193,LFQ intensity PT_D1_18_2_S1-D1_6658,LFQ intensity PT_D1_18_2_S1-D1_6658:193,PT_D1_18_2_S1-D1_6658,Q9H4B7,P07437;Q9BVA1;Q13885;P68371;Q13509;CON__ENSEMBL:ENSBTAP00000025008;Q3ZCM7;P04350;A6NNZ2;Q9BUF5;Q9H4B7,PT_D1_18,PT_D1_18,PRETERM,D1,2,0.0,EXPLICIT_ZERO,false
PXD064962_UCD_EVENT,University College Dublin / Conway Institute,protein_groups,193,LFQ intensity PT_D1_20_1_S1-E1_6673,LFQ intensity PT_D1_20_1_S1-E1_6673:193,PT_D1_20_1_S1-E1_6673,Q9H4B7,P07437;Q9BVA1;Q13885;P68371;Q13509;CON__ENSEMBL:ENSBTAP00000025008;Q3ZCM7;P04350;A6NNZ2;Q9BUF5;Q9H4B7,PT_D1_20,PT_D1_20,PRETERM,D1,1,0.0,EXPLICIT_ZERO,false
PXD064962_UCD_EVENT,University College Dublin / Conway Institute,protein_groups,193,LFQ intensity PT_D1_20_2_S1-F1_6674,LFQ intensity PT_D1_20_2_S1-F1_6674:193,PT_D1_20_2_S1-F1_6674,Q9H4B7,P07437;Q9BVA1;Q13885;P68371;Q13509;CON__ENSEMBL:ENSBTAP00000025008;Q3ZCM7;P04350;A6NNZ2;Q9BUF5;Q9H4B7,PT_D1_20,PT_D1_20,PRETERM,D1,2,0.0,EXPLICIT_ZERO,false
PXD064962_UCD_EVENT,University College Dublin / Conway Institute,protein_groups,193,LFQ intensity PT_D1_23_1_S1-G1_6687,LFQ intensity PT_D1_23_1_S1-G1_6687:193,PT_D1_23_1_S1-G1_6687,Q9H4B7,P07437;Q9BVA1;Q13885;P68371;Q13509;CON__ENSEMBL:ENSBTAP00000025008;Q3ZCM7;P04350;A6NNZ2;Q9BUF5;Q9H4B7,PT_D1_23,PT_D1_23,PRETERM,D1,1,0.0,EXPLICIT_ZERO,false
PXD064962_UCD_EVENT,University College Dublin / Conway Institute,protein_groups,193,LFQ intensity PT_D1_23_2_S1-H1_6688,LFQ intensity PT_D1_23_2_S1-H1_6688:193,PT_D1_23_2_S1-H1_6688,Q9H4B7,P07437;Q9BVA1;Q13885;P68371;Q13509;CON__ENSEMBL:ENSBTAP00000025008;Q3ZCM7;P04350;A6NNZ2;Q9BUF5;Q9H4B7,PT_D1_23,PT_D1_23,PRETERM,D1,2,0.0,EXPLICIT_ZERO,false
PXD064962_UCD_EVENT,University College Dublin / Conway Institute,protein_groups,193,LFQ intensity PT_D1_33_1_S1-A2_6643,LFQ intensity PT_D1_33_1_S1-A2_6643:193,PT_D1_33_1_S1-A2_6643,Q9H4B7,P07437;Q9BVA1;Q13885;P68371;Q13509;CON__ENSEMBL:ENSBTAP00000025008;Q3ZCM7;P04350;A6NNZ2;Q9BUF5;Q9H4B7,PT_D1_33,PT_D1_33,PRETERM,D1,1,0.0,EXPLICIT_ZERO,false
PXD064962_UCD_EVENT,University College Dublin / Conway Institute,protein_groups,193,LFQ intensity PT_D1_33_2_S1-B2_6644,LFQ intensity PT_D1_33_2_S1-B2_6644:193,PT_D1_33_2_S1-B2_6644,Q9H4B7,P07437;Q9BVA1;Q13885;P68371;Q13509;CON__ENSEMBL:ENSBTAP00000025008;Q3ZCM7;P04350;A6NNZ2;Q9BUF5;Q9H4B7,PT_D1_33,PT_D1_33,PRETERM,D1,2,0.0,EXPLICIT_ZERO,false
PXD064962_UCD_EVENT,University College Dublin / Conway Institute,protein_groups,193,LFQ intensity PT_D1_34_1_S1-C2_6659,LFQ intensity PT_D1_34_1_S1-C2_6659:193,PT_D1_34_1_S1-C2_6659,Q9H4B7,P07437;Q9BVA1;Q13885;P68371;Q13509;CON__ENSEMBL:ENSBTAP00000025008;Q3ZCM7;P04350;A6NNZ2;Q9BUF5;Q9H4B7,PT_D1_34,PT_D1_34,PRETERM,D1,1,0.0,EXPLICIT_ZERO,false
PXD064962_UCD_EVENT,University College Dublin / Conway Institute,protein_groups,193,LFQ intensity PT_D1_34_2_S1-D2_6660,LFQ intensity PT_D1_34_2_S1-D2_6660:193,PT_D1_34_2_S1-D2_6660,Q9H4B7,P07437;Q9BVA1;Q13885;P68371;Q13509;CON__ENSEMBL:ENSBTAP00000025008;Q3ZCM7;P04350;A6NNZ2;Q9BUF5;Q9H4B7,PT_D1_34,PT_D1_34,PRETERM,D1,2,0.0,EXPLICIT_ZERO,false
PXD064962_UCD_EVENT,University College Dublin / Conway Institute,protein_groups,193,LFQ intensity PT_D1_48_1_S1-E2_6675,LFQ intensity PT_D1_48_1_S1-E2_6675:193,PT_D1_48_1_S1-E2_6675,Q9H4B7,P07437;Q9BVA1;Q13885;P68371;Q13509;CON__ENSEMBL:ENSBTAP00000025008;Q3ZCM7;P04350;A6NNZ2;Q9BUF5;Q9H4B7,PT_D1_48,PT_D1_48,PRETERM,D1,1,0.0,EXPLICIT_ZERO,false
PXD064962_UCD_EVENT,University College Dublin / Conway Institute,protein_groups,193,LFQ intensity PT_D1_48_2_S1-F2_6676,LFQ intensity PT_D1_48_2_S1-F2_6676:193,PT_D1_48_2_S1-F2_6676,Q9H4B7,P07437;Q9BVA1;Q13885;P68371;Q13509;CON__ENSEMBL:ENSBTAP00000025008;Q3ZCM7;P04350;A6NNZ2;Q9BUF5;Q9H4B7,PT_D1_48,PT_D1_48,PRETERM,D1,2,0.0,EXPLICIT_ZERO,false
PXD064962_UCD_EVENT,University College Dublin / Conway Institute,protein_groups,193,LFQ intensity PT_D1_51_1_S1-G2_6689,LFQ intensity PT_D1_51_1_S1-G2_6689:193,PT_D1_51_1_S1-G2_6689,Q9H4B7,P07437;Q9BVA1;Q13885;P68371;Q13509;CON__ENSEMBL:ENSBTAP00000025008;Q3ZCM7;P04350;A6NNZ2;Q9BUF5;Q9H4B7,PT_D1_51,PT_D1_51,PRETERM,D1,1,0.0,EXPLICIT_ZERO,false
PXD064962_UCD_EVENT,University College Dublin / Conway Institute,protein_groups,193,LFQ intensity PT_D1_51_2_S1-H2_6690,LFQ intensity PT_D1_51_2_S1-H2_6690:193,PT_D1_51_2_S1-H2_6690,Q9H4B7,P07437;Q9BVA1;Q13885;P68371;Q13509;CON__ENSEMBL:ENSBTAP00000025008;Q3ZCM7;P04350;A6NNZ2;Q9BUF5;Q9H4B7,PT_D1_51,PT_D1_51,PRETERM,D1,2,0.0,EXPLICIT_ZERO,false
PXD064962_UCD_EVENT,University College Dublin / Conway Institute,protein_groups,193,LFQ intensity PT_D1_73_1_S1-A3_6645,LFQ intensity PT_D1_73_1_S1-A3_6645:193,PT_D1_73_1_S1-A3_6645,Q9H4B7,P07437;Q9BVA1;Q13885;P68371;Q13509;CON__ENSEMBL:ENSBTAP00000025008;Q3ZCM7;P04350;A6NNZ2;Q9BUF5;Q9H4B7,PT_D1_73,PT_D1_73,PRETERM,D1,1,0.0,EXPLICIT_ZERO,false
PXD064962_UCD_EVENT,University College Dublin / Conway Institute,protein_groups,193,LFQ intensity PT_D1_73_2_S1-B3_6646,LFQ intensity PT_D1_73_2_S1-B3_6646:193,PT_D1_73_2_S1-B3_6646,Q9H4B7,P07437;Q9BVA1;Q13885;P68371;Q13509;CON__ENSEMBL:ENSBTAP00000025008;Q3ZCM7;P04350;A6NNZ2;Q9BUF5;Q9H4B7,PT_D1_73,PT_D1_73,PRETERM,D1,2,0.0,EXPLICIT_ZERO,false
PXD064962_UCD_EVENT,University College Dublin / Conway Institute,protein_groups,193,LFQ intensity PT_D1_81_1_S1-C3_6661,LFQ intensity PT_D1_81_1_S1-C3_6661:193,PT_D1_81_1_S1-C3_6661,Q9H4B7,P07437;Q9BVA1;Q13885;P68371;Q13509;CON__ENSEMBL:ENSBTAP00000025008;Q3ZCM7;P04350;A6NNZ2;Q9BUF5;Q9H4B7,PT_D1_81,PT_D1_81,PRETERM,D1,1,0.0,EXPLICIT_ZERO,false
PXD064962_UCD_EVENT,University College Dublin / Conway Institute,protein_groups,193,LFQ intensity PT_D1_81_2_S1-D3_6662,LFQ intensity PT_D1_81_2_S1-D3_6662:193,PT_D1_81_2_S1-D3_6662,Q9H4B7,P07437;Q9BVA1;Q13885;P68371;Q13509;CON__ENSEMBL:ENSBTAP00000025008;Q3ZCM7;P04350;A6NNZ2;Q9BUF5;Q9H4B7,PT_D1_81,PT_D1_81,PRETERM,D1,2,0.0,EXPLICIT_ZERO,false
PXD064962_UCD_EVENT,University College Dublin / Conway Institute,protein_groups,193,LFQ intensity PT_D3_06_1_S1-E5_6681,LFQ intensity PT_D3_06_1_S1-E5_6681:193,PT_D3_06_1_S1-E5_6681,Q9H4B7,P07437;Q9BVA1;Q13885;P68371;Q13509;CON__ENSEMBL:ENSBTAP00000025008;Q3ZCM7;P04350;A6NNZ2;Q9BUF5;Q9H4B7,PT_D3_06,PT_D3_06,PRETERM,D3,1,0.0,EXPLICIT_ZERO,false
PXD064962_UCD_EVENT,University College Dublin / Conway Institute,protein_groups,193,LFQ intensity PT_D3_06_2_S1-F5_6682,LFQ intensity PT_D3_06_2_S1-F5_6682:193,PT_D3_06_2_S1-F5_6682,Q9H4B7,P07437;Q9BVA1;Q13885;P68371;Q13509;CON__ENSEMBL:ENSBTAP00000025008;Q3ZCM7;P04350;A6NNZ2;Q9BUF5;Q9H4B7,PT_D3_06,PT_D3_06,PRETERM,D3,2,0.0,EXPLICIT_ZERO,false
PXD064962_UCD_EVENT,University College Dublin / Conway Institute,protein_groups,193,LFQ intensity PT_D3_14_1_S1-C5_6665,LFQ intensity PT_D3_14_1_S1-C5_6665:193,PT_D3_14_1_S1-C5_6665,Q9H4B7,P07437;Q9BVA1;Q13885;P68371;Q13509;CON__ENSEMBL:ENSBTAP00000025008;Q3ZCM7;P04350;A6NNZ2;Q9BUF5;Q9H4B7,PT_D3_14,PT_D3_14,PRETERM,D3,1,0.0,EXPLICIT_ZERO,false
PXD064962_UCD_EVENT,University College Dublin / Conway Institute,protein_groups,193,LFQ intensity PT_D3_14_2_S1-D5_6666,LFQ intensity PT_D3_14_2_S1-D5_6666:193,PT_D3_14_2_S1-D5_6666,Q9H4B7,P07437;Q9BVA1;Q13885;P68371;Q13509;CON__ENSEMBL:ENSBTAP00000025008;Q3ZCM7;P04350;A6NNZ2;Q9BUF5;Q9H4B7,PT_D3_14,PT_D3_14,PRETERM,D3,2,0.0,EXPLICIT_ZERO,false
PXD064962_UCD_EVENT,University College Dublin / Conway Institute,protein_groups,193,LFQ intensity PT_D3_22_1_S1-C4_6663,LFQ intensity PT_D3_22_1_S1-C4_6663:193,PT_D3_22_1_S1-C4_6663,Q9H4B7,P07437;Q9BVA1;Q13885;P68371;Q13509;CON__ENSEMBL:ENSBTAP00000025008;Q3ZCM7;P04350;A6NNZ2;Q9BUF5;Q9H4B7,PT_D3_22,PT_D3_22,PRETERM,D3,1,0.0,EXPLICIT_ZERO,false
PXD064962_UCD_EVENT,University College Dublin / Conway Institute,protein_groups,193,LFQ intensity PT_D3_22_2_S1-D4_6664,LFQ intensity PT_D3_22_2_S1-D4_6664:193,PT_D3_22_2_S1-D4_6664,Q9H4B7,P07437;Q9BVA1;Q13885;P68371;Q13509;CON__ENSEMBL:ENSBTAP00000025008;Q3ZCM7;P04350;A6NNZ2;Q9BUF5;Q9H4B7,PT_D3_22,PT_D3_22,PRETERM,D3,2,0.0,EXPLICIT_ZERO,false
PXD064962_UCD_EVENT,University College Dublin / Conway Institute,protein_groups,193,LFQ intensity PT_D3_28_1_S1-A5_6649,LFQ intensity PT_D3_28_1_S1-A5_6649:193,PT_D3_28_1_S1-A5_6649,Q9H4B7,P07437;Q9BVA1;Q13885;P68371;Q13509;CON__ENSEMBL:ENSBTAP00000025008;Q3ZCM7;P04350;A6NNZ2;Q9BUF5;Q9H4B7,PT_D3_28,PT_D3_28,PRETERM,D3,1,0.0,EXPLICIT_ZERO,false
PXD064962_UCD_EVENT,University College Dublin / Conway Institute,protein_groups,193,LFQ intensity PT_D3_28_2_S1-B5_6650,LFQ intensity PT_D3_28_2_S1-B5_6650:193,PT_D3_28_2_S1-B5_6650,Q9H4B7,P07437;Q9BVA1;Q13885;P68371;Q13509;CON__ENSEMBL:ENSBTAP00000025008;Q3ZCM7;P04350;A6NNZ2;Q9BUF5;Q9H4B7,PT_D3_28,PT_D3_28,PRETERM,D3,2,0.0,EXPLICIT_ZERO,false
PXD064962_UCD_EVENT,University College Dublin / Conway Institute,protein_groups,193,LFQ intensity PT_D3_30_1_S1-E3_6677,LFQ intensity PT_D3_30_1_S1-E3_6677:193,PT_D3_30_1_S1-E3_6677,Q9H4B7,P07437;Q9BVA1;Q13885;P68371;Q13509;CON__ENSEMBL:ENSBTAP00000025008;Q3ZCM7;P04350;A6NNZ2;Q9BUF5;Q9H4B7,PT_D3_30,PT_D3_30,PRETERM,D3,1,0.0,EXPLICIT_ZERO,false
PXD064962_UCD_EVENT,University College Dublin / Conway Institute,protein_groups,193,LFQ intensity PT_D3_30_2_S1-F3_6678,LFQ intensity PT_D3_30_2_S1-F3_6678:193,PT_D3_30_2_S1-F3_6678,Q9H4B7,P07437;Q9BVA1;Q13885;P68371;Q13509;CON__ENSEMBL:ENSBTAP00000025008;Q3ZCM7;P04350;A6NNZ2;Q9BUF5;Q9H4B7,PT_D3_30,PT_D3_30,PRETERM,D3,2,0.0,EXPLICIT_ZERO,false
PXD064962_UCD_EVENT,University College Dublin / Conway Institute,protein_groups,193,LFQ intensity PT_D3_37_1_S1-G5_6695,LFQ intensity PT_D3_37_1_S1-G5_6695:193,PT_D3_37_1_S1-G5_6695,Q9H4B7,P07437;Q9BVA1;Q13885;P68371;Q13509;CON__ENSEMBL:ENSBTAP00000025008;Q3ZCM7;P04350;A6NNZ2;Q9BUF5;Q9H4B7,PT_D3_37,PT_D3_37,PRETERM,D3,1,0.0,EXPLICIT_ZERO,false
PXD064962_UCD_EVENT,University College Dublin / Conway Institute,protein_groups,193,LFQ intensity PT_D3_37_2_S1-H5_6696,LFQ intensity PT_D3_37_2_S1-H5_6696:193,PT_D3_37_2_S1-H5_6696,Q9H4B7,P07437;Q9BVA1;Q13885;P68371;Q13509;CON__ENSEMBL:ENSBTAP00000025008;Q3ZCM7;P04350;A6NNZ2;Q9BUF5;Q9H4B7,PT_D3_37,PT_D3_37,PRETERM,D3,2,0.0,EXPLICIT_ZERO,false
PXD064962_UCD_EVENT,University College Dublin / Conway Institute,protein_groups,193,LFQ intensity PT_D3_41_1_S1-G3_6691,LFQ intensity PT_D3_41_1_S1-G3_6691:193,PT_D3_41_1_S1-G3_6691,Q9H4B7,P07437;Q9BVA1;Q13885;P68371;Q13509;CON__ENSEMBL:ENSBTAP00000025008;Q3ZCM7;P04350;A6NNZ2;Q9BUF5;Q9H4B7,PT_D3_41,PT_D3_41,PRETERM,D3,1,0.0,EXPLICIT_ZERO,false
PXD064962_UCD_EVENT,University College Dublin / Conway Institute,protein_groups,193,LFQ intensity PT_D3_41_2_S1-H3_6692,LFQ intensity PT_D3_41_2_S1-H3_6692:193,PT_D3_41_2_S1-H3_6692,Q9H4B7,P07437;Q9BVA1;Q13885;P68371;Q13509;CON__ENSEMBL:ENSBTAP00000025008;Q3ZCM7;P04350;A6NNZ2;Q9BUF5;Q9H4B7,PT_D3_41,PT_D3_41,PRETERM,D3,2,0.0,EXPLICIT_ZERO,false
PXD064962_UCD_EVENT,University College Dublin / Conway Institute,protein_groups,193,LFQ intensity PT_D3_42_1_S1-G4_6693,LFQ intensity PT_D3_42_1_S1-G4_6693:193,PT_D3_42_1_S1-G4_6693,Q9H4B7,P07437;Q9BVA1;Q13885;P68371;Q13509;CON__ENSEMBL:ENSBTAP00000025008;Q3ZCM7;P04350;A6NNZ2;Q9BUF5;Q9H4B7,PT_D3_42,PT_D3_42,PRETERM,D3,1,0.0,EXPLICIT_ZERO,false
PXD064962_UCD_EVENT,University College Dublin / Conway Institute,protein_groups,193,LFQ intensity PT_D3_42_2_S1-H4_6694,LFQ intensity PT_D3_42_2_S1-H4_6694:193,PT_D3_42_2_S1-H4_6694,Q9H4B7,P07437;Q9BVA1;Q13885;P68371;Q13509;CON__ENSEMBL:ENSBTAP00000025008;Q3ZCM7;P04350;A6NNZ2;Q9BUF5;Q9H4B7,PT_D3_42,PT_D3_42,PRETERM,D3,2,0.0,EXPLICIT_ZERO,false
PXD064962_UCD_EVENT,University College Dublin / Conway Institute,protein_groups,193,LFQ intensity PT_D3_85_1_S1-E4_6679,LFQ intensity PT_D3_85_1_S1-E4_6679:193,PT_D3_85_1_S1-E4_6679,Q9H4B7,P07437;Q9BVA1;Q13885;P68371;Q13509;CON__ENSEMBL:ENSBTAP00000025008;Q3ZCM7;P04350;A6NNZ2;Q9BUF5;Q9H4B7,PT_D3_85,PT_D3_85,PRETERM,D3,1,0.0,EXPLICIT_ZERO,false
PXD064962_UCD_EVENT,University College Dublin / Conway Institute,protein_groups,193,LFQ intensity PT_D3_85_2_S1-F4_6680,LFQ intensity PT_D3_85_2_S1-F4_6680:193,PT_D3_85_2_S1-F4_6680,Q9H4B7,P07437;Q9BVA1;Q13885;P68371;Q13509;CON__ENSEMBL:ENSBTAP00000025008;Q3ZCM7;P04350;A6NNZ2;Q9BUF5;Q9H4B7,PT_D3_85,PT_D3_85,PRETERM,D3,2,0.0,EXPLICIT_ZERO,false
PXD064962_UCD_EVENT,University College Dublin / Conway Institute,protein_groups,193,LFQ intensity PT_D3_96_1_S1-A4_6647,LFQ intensity PT_D3_96_1_S1-A4_6647:193,PT_D3_96_1_S1-A4_6647,Q9H4B7,P07437;Q9BVA1;Q13885;P68371;Q13509;CON__ENSEMBL:ENSBTAP00000025008;Q3ZCM7;P04350;A6NNZ2;Q9BUF5;Q9H4B7,PT_D3_96,PT_D3_96,PRETERM,D3,1,0.0,EXPLICIT_ZERO,false
PXD064962_UCD_EVENT,University College Dublin / Conway Institute,protein_groups,193,LFQ intensity PT_D3_96_2_S1-B4_6648,LFQ intensity PT_D3_96_2_S1-B4_6648:193,PT_D3_96_2_S1-B4_6648,Q9H4B7,P07437;Q9BVA1;Q13885;P68371;Q13509;CON__ENSEMBL:ENSBTAP00000025008;Q3ZCM7;P04350;A6NNZ2;Q9BUF5;Q9H4B7,PT_D3_96,PT_D3_96,PRETERM,D3,2,0.0,EXPLICIT_ZERO,false
PXD064962_UCD_EVENT,University College Dublin / Conway Institute,protein_groups,193,LFQ intensity T_D1_133_1_S1-A6_6651,LFQ intensity T_D1_133_1_S1-A6_6651:193,T_D1_133_1_S1-A6_6651,Q9H4B7,P07437;Q9BVA1;Q13885;P68371;Q13509;CON__ENSEMBL:ENSBTAP00000025008;Q3ZCM7;P04350;A6NNZ2;Q9BUF5;Q9H4B7,T_D1_133,T_D1_133,TERM,D1,1,0.0,EXPLICIT_ZERO,false
PXD064962_UCD_EVENT,University College Dublin / Conway Institute,protein_groups,193,LFQ intensity T_D1_133_2_S1-B6_6652,LFQ intensity T_D1_133_2_S1-B6_6652:193,T_D1_133_2_S1-B6_6652,Q9H4B7,P07437;Q9BVA1;Q13885;P68371;Q13509;CON__ENSEMBL:ENSBTAP00000025008;Q3ZCM7;P04350;A6NNZ2;Q9BUF5;Q9H4B7,T_D1_133,T_D1_133,TERM,D1,2,0.0,EXPLICIT_ZERO,false
PXD064962_UCD_EVENT,University College Dublin / Conway Institute,protein_groups,193,LFQ intensity T_D1_138_1_S1-G6_6697,LFQ intensity T_D1_138_1_S1-G6_6697:193,T_D1_138_1_S1-G6_6697,Q9H4B7,P07437;Q9BVA1;Q13885;P68371;Q13509;CON__ENSEMBL:ENSBTAP00000025008;Q3ZCM7;P04350;A6NNZ2;Q9BUF5;Q9H4B7,T_D1_138,T_D1_138,TERM,D1,1,0.0,EXPLICIT_ZERO,false
PXD064962_UCD_EVENT,University College Dublin / Conway Institute,protein_groups,193,LFQ intensity T_D1_138_2_S1-H6_6698,LFQ intensity T_D1_138_2_S1-H6_6698:193,T_D1_138_2_S1-H6_6698,Q9H4B7,P07437;Q9BVA1;Q13885;P68371;Q13509;CON__ENSEMBL:ENSBTAP00000025008;Q3ZCM7;P04350;A6NNZ2;Q9BUF5;Q9H4B7,T_D1_138,T_D1_138,TERM,D1,2,0.0,EXPLICIT_ZERO,false
PXD064962_UCD_EVENT,University College Dublin / Conway Institute,protein_groups,193,LFQ intensity T_D1_165_1_S1-A7_6653,LFQ intensity T_D1_165_1_S1-A7_6653:193,T_D1_165_1_S1-A7_6653,Q9H4B7,P07437;Q9BVA1;Q13885;P68371;Q13509;CON__ENSEMBL:ENSBTAP00000025008;Q3ZCM7;P04350;A6NNZ2;Q9BUF5;Q9H4B7,T_D1_165,T_D1_165,TERM,D1,1,0.0,EXPLICIT_ZERO,false
PXD064962_UCD_EVENT,University College Dublin / Conway Institute,protein_groups,193,LFQ intensity T_D1_165_2_S1-B7_6654,LFQ intensity T_D1_165_2_S1-B7_6654:193,T_D1_165_2_S1-B7_6654,Q9H4B7,P07437;Q9BVA1;Q13885;P68371;Q13509;CON__ENSEMBL:ENSBTAP00000025008;Q3ZCM7;P04350;A6NNZ2;Q9BUF5;Q9H4B7,T_D1_165,T_D1_165,TERM,D1,2,0.0,EXPLICIT_ZERO,false
PXD064962_UCD_EVENT,University College Dublin / Conway Institute,protein_groups,193,LFQ intensity T_D1_173_1_S1-E6_6683,LFQ intensity T_D1_173_1_S1-E6_6683:193,T_D1_173_1_S1-E6_6683,Q9H4B7,P07437;Q9BVA1;Q13885;P68371;Q13509;CON__ENSEMBL:ENSBTAP00000025008;Q3ZCM7;P04350;A6NNZ2;Q9BUF5;Q9H4B7,T_D1_173,T_D1_173,TERM,D1,1,0.0,EXPLICIT_ZERO,false
PXD064962_UCD_EVENT,University College Dublin / Conway Institute,protein_groups,193,LFQ intensity T_D1_173_2_S1-F6_6684,LFQ intensity T_D1_173_2_S1-F6_6684:193,T_D1_173_2_S1-F6_6684,Q9H4B7,P07437;Q9BVA1;Q13885;P68371;Q13509;CON__ENSEMBL:ENSBTAP00000025008;Q3ZCM7;P04350;A6NNZ2;Q9BUF5;Q9H4B7,T_D1_173,T_D1_173,TERM,D1,2,0.0,EXPLICIT_ZERO,false
PXD064962_UCD_EVENT,University College Dublin / Conway Institute,protein_groups,193,LFQ intensity T_D1_186_1_S1-C6_6667,LFQ intensity T_D1_186_1_S1-C6_6667:193,T_D1_186_1_S1-C6_6667,Q9H4B7,P07437;Q9BVA1;Q13885;P68371;Q13509;CON__ENSEMBL:ENSBTAP00000025008;Q3ZCM7;P04350;A6NNZ2;Q9BUF5;Q9H4B7,T_D1_186,T_D1_186,TERM,D1,1,0.0,EXPLICIT_ZERO,false
PXD064962_UCD_EVENT,University College Dublin / Conway Institute,protein_groups,193,LFQ intensity T_D1_186_2_S1-D6_6668,LFQ intensity T_D1_186_2_S1-D6_6668:193,T_D1_186_2_S1-D6_6668,Q9H4B7,P07437;Q9BVA1;Q13885;P68371;Q13509;CON__ENSEMBL:ENSBTAP00000025008;Q3ZCM7;P04350;A6NNZ2;Q9BUF5;Q9H4B7,T_D1_186,T_D1_186,TERM,D1,2,0.0,EXPLICIT_ZERO,false
PXD064962_UCD_EVENT,University College Dublin / Conway Institute,protein_groups,193,LFQ intensity T_D3_119a_1_S1-E7_6685,LFQ intensity T_D3_119a_1_S1-E7_6685:193,T_D3_119a_1_S1-E7_6685,Q9H4B7,P07437;Q9BVA1;Q13885;P68371;Q13509;CON__ENSEMBL:ENSBTAP00000025008;Q3ZCM7;P04350;A6NNZ2;Q9BUF5;Q9H4B7,T_D3_119a,T_D3_119a,TERM,D3,1,0.0,EXPLICIT_ZERO,false
PXD064962_UCD_EVENT,University College Dublin / Conway Institute,protein_groups,193,LFQ intensity T_D3_119a_2_S1-F7_6686,LFQ intensity T_D3_119a_2_S1-F7_6686:193,T_D3_119a_2_S1-F7_6686,Q9H4B7,P07437;Q9BVA1;Q13885;P68371;Q13509;CON__ENSEMBL:ENSBTAP00000025008;Q3ZCM7;P04350;A6NNZ2;Q9BUF5;Q9H4B7,T_D3_119a,T_D3_119a,TERM,D3,2,0.0,EXPLICIT_ZERO,false
PXD064962_UCD_EVENT,University College Dublin / Conway Institute,protein_groups,193,LFQ intensity T_D3_119b_1_S1-A8_6655,LFQ intensity T_D3_119b_1_S1-A8_6655:193,T_D3_119b_1_S1-A8_6655,Q9H4B7,P07437;Q9BVA1;Q13885;P68371;Q13509;CON__ENSEMBL:ENSBTAP00000025008;Q3ZCM7;P04350;A6NNZ2;Q9BUF5;Q9H4B7,T_D3_119b,T_D3_119b,TERM,D3,1,0.0,EXPLICIT_ZERO,false
PXD064962_UCD_EVENT,University College Dublin / Conway Institute,protein_groups,193,LFQ intensity T_D3_119b_2_S1-B8_6656,LFQ intensity T_D3_119b_2_S1-B8_6656:193,T_D3_119b_2_S1-B8_6656,Q9H4B7,P07437;Q9BVA1;Q13885;P68371;Q13509;CON__ENSEMBL:ENSBTAP00000025008;Q3ZCM7;P04350;A6NNZ2;Q9BUF5;Q9H4B7,T_D3_119b,T_D3_119b,TERM,D3,2,0.0,EXPLICIT_ZERO,false
PXD064962_UCD_EVENT,University College Dublin / Conway Institute,protein_groups,193,LFQ intensity T_D3_155_1_S1-G7_6699,LFQ intensity T_D3_155_1_S1-G7_6699:193,T_D3_155_1_S1-G7_6699,Q9H4B7,P07437;Q9BVA1;Q13885;P68371;Q13509;CON__ENSEMBL:ENSBTAP00000025008;Q3ZCM7;P04350;A6NNZ2;Q9BUF5;Q9H4B7,T_D3_155,T_D3_155,TERM,D3,1,0.0,EXPLICIT_ZERO,false
PXD064962_UCD_EVENT,University College Dublin / Conway Institute,protein_groups,193,LFQ intensity T_D3_155_2_S1-H7_6700,LFQ intensity T_D3_155_2_S1-H7_6700:193,T_D3_155_2_S1-H7_6700,Q9H4B7,P07437;Q9BVA1;Q13885;P68371;Q13509;CON__ENSEMBL:ENSBTAP00000025008;Q3ZCM7;P04350;A6NNZ2;Q9BUF5;Q9H4B7,T_D3_155,T_D3_155,TERM,D3,2,0.0,EXPLICIT_ZERO,false
PXD064962_UCD_EVENT,University College Dublin / Conway Institute,protein_groups,193,LFQ intensity T_D3_178_1_S1-C7_6669,LFQ intensity T_D3_178_1_S1-C7_6669:193,T_D3_178_1_S1-C7_6669,Q9H4B7,P07437;Q9BVA1;Q13885;P68371;Q13509;CON__ENSEMBL:ENSBTAP00000025008;Q3ZCM7;P04350;A6NNZ2;Q9BUF5;Q9H4B7,T_D3_178,T_D3_178,TERM,D3,1,0.0,EXPLICIT_ZERO,false
PXD064962_UCD_EVENT,University College Dublin / Conway Institute,protein_groups,193,LFQ intensity T_D3_178_2_S1-D7_6670,LFQ intensity T_D3_178_2_S1-D7_6670:193,T_D3_178_2_S1-D7_6670,Q9H4B7,P07437;Q9BVA1;Q13885;P68371;Q13509;CON__ENSEMBL:ENSBTAP00000025008;Q3ZCM7;P04350;A6NNZ2;Q9BUF5;Q9H4B7,T_D3_178,T_D3_178,TERM,D3,2,0.0,EXPLICIT_ZERO,false
PXD064962_UCD_EVENT,University College Dublin / Conway Institute,protein_groups,193,LFQ intensity T_D3_198_1_S1-C8_6671,LFQ intensity T_D3_198_1_S1-C8_6671:193,T_D3_198_1_S1-C8_6671,Q9H4B7,P07437;Q9BVA1;Q13885;P68371;Q13509;CON__ENSEMBL:ENSBTAP00000025008;Q3ZCM7;P04350;A6NNZ2;Q9BUF5;Q9H4B7,T_D3_198,T_D3_198,TERM,D3,1,45398.0,POSITIVE,true
PXD064962_UCD_EVENT,University College Dublin / Conway Institute,protein_groups,193,LFQ intensity T_D3_198_2_S1-D8_6672,LFQ intensity T_D3_198_2_S1-D8_6672:193,T_D3_198_2_S1-D8_6672,Q9H4B7,P07437;Q9BVA1;Q13885;P68371;Q13509;CON__ENSEMBL:ENSBTAP00000025008;Q3ZCM7;P04350;A6NNZ2;Q9BUF5;Q9H4B7,T_D3_198,T_D3_198,TERM,D3,2,27477.0,POSITIVE,true
PXD064962_UCD_EVENT,University College Dublin / Conway Institute,protein_groups,202,LFQ intensity PT_D1_16_1_S1-A1_6641,LFQ intensity PT_D1_16_1_S1-A1_6641:202,PT_D1_16_1_S1-A1_6641,P07996,P07996;CON__Q28194;P35442,PT_D1_16,PT_D1_16,PRETERM,D1,1,5532.2,POSITIVE,true
PXD064962_UCD_EVENT,University College Dublin / Conway Institute,protein_groups,202,LFQ intensity PT_D1_16_2_S1-B1_6642,LFQ intensity PT_D1_16_2_S1-B1_6642:202,PT_D1_16_2_S1-B1_6642,P07996,P07996;CON__Q28194;P35442,PT_D1_16,PT_D1_16,PRETERM,D1,2,0.0,EXPLICIT_ZERO,false
PXD064962_UCD_EVENT,University College Dublin / Conway Institute,protein_groups,202,LFQ intensity PT_D1_18_1_S1-C1_6657,LFQ intensity PT_D1_18_1_S1-C1_6657:202,PT_D1_18_1_S1-C1_6657,P07996,P07996;CON__Q28194;P35442,PT_D1_18,PT_D1_18,PRETERM,D1,1,0.0,EXPLICIT_ZERO,false
PXD064962_UCD_EVENT,University College Dublin / Conway Institute,protein_groups,202,LFQ intensity PT_D1_18_2_S1-D1_6658,LFQ intensity PT_D1_18_2_S1-D1_6658:202,PT_D1_18_2_S1-D1_6658,P07996,P07996;CON__Q28194;P35442,PT_D1_18,PT_D1_18,PRETERM,D1,2,0.0,EXPLICIT_ZERO,false
PXD064962_UCD_EVENT,University College Dublin / Conway Institute,protein_groups,202,LFQ intensity PT_D1_20_1_S1-E1_6673,LFQ intensity PT_D1_20_1_S1-E1_6673:202,PT_D1_20_1_S1-E1_6673,P07996,P07996;CON__Q28194;P35442,PT_D1_20,PT_D1_20,PRETERM,D1,1,0.0,EXPLICIT_ZERO,false
PXD064962_UCD_EVENT,University College Dublin / Conway Institute,protein_groups,202,LFQ intensity PT_D1_20_2_S1-F1_6674,LFQ intensity PT_D1_20_2_S1-F1_6674:202,PT_D1_20_2_S1-F1_6674,P07996,P07996;CON__Q28194;P35442,PT_D1_20,PT_D1_20,PRETERM,D1,2,0.0,EXPLICIT_ZERO,false
PXD064962_UCD_EVENT,University College Dublin / Conway Institute,protein_groups,202,LFQ intensity PT_D1_23_1_S1-G1_6687,LFQ intensity PT_D1_23_1_S1-G1_6687:202,PT_D1_23_1_S1-G1_6687,P07996,P07996;CON__Q28194;P35442,PT_D1_23,PT_D1_23,PRETERM,D1,1,14811.0,POSITIVE,true
PXD064962_UCD_EVENT,University College Dublin / Conway Institute,protein_groups,202,LFQ intensity PT_D1_23_2_S1-H1_6688,LFQ intensity PT_D1_23_2_S1-H1_6688:202,PT_D1_23_2_S1-H1_6688,P07996,P07996;CON__Q28194;P35442,PT_D1_23,PT_D1_23,PRETERM,D1,2,0.0,EXPLICIT_ZERO,false
PXD064962_UCD_EVENT,University College Dublin / Conway Institute,protein_groups,202,LFQ intensity PT_D1_33_1_S1-A2_6643,LFQ intensity PT_D1_33_1_S1-A2_6643:202,PT_D1_33_1_S1-A2_6643,P07996,P07996;CON__Q28194;P35442,PT_D1_33,PT_D1_33,PRETERM,D1,1,0.0,EXPLICIT_ZERO,false
PXD064962_UCD_EVENT,University College Dublin / Conway Institute,protein_groups,202,LFQ intensity PT_D1_33_2_S1-B2_6644,LFQ intensity PT_D1_33_2_S1-B2_6644:202,PT_D1_33_2_S1-B2_6644,P07996,P07996;CON__Q28194;P35442,PT_D1_33,PT_D1_33,PRETERM,D1,2,22476.0,POSITIVE,true
PXD064962_UCD_EVENT,University College Dublin / Conway Institute,protein_groups,202,LFQ intensity PT_D1_34_1_S1-C2_6659,LFQ intensity PT_D1_34_1_S1-C2_6659:202,PT_D1_34_1_S1-C2_6659,P07996,P07996;CON__Q28194;P35442,PT_D1_34,PT_D1_34,PRETERM,D1,1,6358.1,POSITIVE,true
PXD064962_UCD_EVENT,University College Dublin / Conway Institute,protein_groups,202,LFQ intensity PT_D1_34_2_S1-D2_6660,LFQ intensity PT_D1_34_2_S1-D2_6660:202,PT_D1_34_2_S1-D2_6660,P07996,P07996;CON__Q28194;P35442,PT_D1_34,PT_D1_34,PRETERM,D1,2,9598.1,POSITIVE,true
PXD064962_UCD_EVENT,University College Dublin / Conway Institute,protein_groups,202,LFQ intensity PT_D1_48_1_S1-E2_6675,LFQ intensity PT_D1_48_1_S1-E2_6675:202,PT_D1_48_1_S1-E2_6675,P07996,P07996;CON__Q28194;P35442,PT_D1_48,PT_D1_48,PRETERM,D1,1,18627.0,POSITIVE,true
PXD064962_UCD_EVENT,University College Dublin / Conway Institute,protein_groups,202,LFQ intensity PT_D1_48_2_S1-F2_6676,LFQ intensity PT_D1_48_2_S1-F2_6676:202,PT_D1_48_2_S1-F2_6676,P07996,P07996;CON__Q28194;P35442,PT_D1_48,PT_D1_48,PRETERM,D1,2,16778.0,POSITIVE,true
PXD064962_UCD_EVENT,University College Dublin / Conway Institute,protein_groups,202,LFQ intensity PT_D1_51_1_S1-G2_6689,LFQ intensity PT_D1_51_1_S1-G2_6689:202,PT_D1_51_1_S1-G2_6689,P07996,P07996;CON__Q28194;P35442,PT_D1_51,PT_D1_51,PRETERM,D1,1,118410.0,POSITIVE,true
PXD064962_UCD_EVENT,University College Dublin / Conway Institute,protein_groups,202,LFQ intensity PT_D1_51_2_S1-H2_6690,LFQ intensity PT_D1_51_2_S1-H2_6690:202,PT_D1_51_2_S1-H2_6690,P07996,P07996;CON__Q28194;P35442,PT_D1_51,PT_D1_51,PRETERM,D1,2,59381.0,POSITIVE,true
PXD064962_UCD_EVENT,University College Dublin / Conway Institute,protein_groups,202,LFQ intensity PT_D1_73_1_S1-A3_6645,LFQ intensity PT_D1_73_1_S1-A3_6645:202,PT_D1_73_1_S1-A3_6645,P07996,P07996;CON__Q28194;P35442,PT_D1_73,PT_D1_73,PRETERM,D1,1,16343.0,POSITIVE,true
PXD064962_UCD_EVENT,University College Dublin / Conway Institute,protein_groups,202,LFQ intensity PT_D1_73_2_S1-B3_6646,LFQ intensity PT_D1_73_2_S1-B3_6646:202,PT_D1_73_2_S1-B3_6646,P07996,P07996;CON__Q28194;P35442,PT_D1_73,PT_D1_73,PRETERM,D1,2,17572.0,POSITIVE,true
PXD064962_UCD_EVENT,University College Dublin / Conway Institute,protein_groups,202,LFQ intensity PT_D1_81_1_S1-C3_6661,LFQ intensity PT_D1_81_1_S1-C3_6661:202,PT_D1_81_1_S1-C3_6661,P07996,P07996;CON__Q28194;P35442,PT_D1_81,PT_D1_81,PRETERM,D1,1,132010.0,POSITIVE,true
PXD064962_UCD_EVENT,University College Dublin / Conway Institute,protein_groups,202,LFQ intensity PT_D1_81_2_S1-D3_6662,LFQ intensity PT_D1_81_2_S1-D3_6662:202,PT_D1_81_2_S1-D3_6662,P07996,P07996;CON__Q28194;P35442,PT_D1_81,PT_D1_81,PRETERM,D1,2,110660.0,POSITIVE,true
PXD064962_UCD_EVENT,University College Dublin / Conway Institute,protein_groups,202,LFQ intensity PT_D3_06_1_S1-E5_6681,LFQ intensity PT_D3_06_1_S1-E5_6681:202,PT_D3_06_1_S1-E5_6681,P07996,P07996;CON__Q28194;P35442,PT_D3_06,PT_D3_06,PRETERM,D3,1,21580.0,POSITIVE,true
PXD064962_UCD_EVENT,University College Dublin / Conway Institute,protein_groups,202,LFQ intensity PT_D3_06_2_S1-F5_6682,LFQ intensity PT_D3_06_2_S1-F5_6682:202,PT_D3_06_2_S1-F5_6682,P07996,P07996;CON__Q28194;P35442,PT_D3_06,PT_D3_06,PRETERM,D3,2,14777.0,POSITIVE,true
PXD064962_UCD_EVENT,University College Dublin / Conway Institute,protein_groups,202,LFQ intensity PT_D3_14_1_S1-C5_6665,LFQ intensity PT_D3_14_1_S1-C5_6665:202,PT_D3_14_1_S1-C5_6665,P07996,P07996;CON__Q28194;P35442,PT_D3_14,PT_D3_14,PRETERM,D3,1,22552.0,POSITIVE,true
PXD064962_UCD_EVENT,University College Dublin / Conway Institute,protein_groups,202,LFQ intensity PT_D3_14_2_S1-D5_6666,LFQ intensity PT_D3_14_2_S1-D5_6666:202,PT_D3_14_2_S1-D5_6666,P07996,P07996;CON__Q28194;P35442,PT_D3_14,PT_D3_14,PRETERM,D3,2,21223.0,POSITIVE,true
PXD064962_UCD_EVENT,University College Dublin / Conway Institute,protein_groups,202,LFQ intensity PT_D3_22_1_S1-C4_6663,LFQ intensity PT_D3_22_1_S1-C4_6663:202,PT_D3_22_1_S1-C4_6663,P07996,P07996;CON__Q28194;P35442,PT_D3_22,PT_D3_22,PRETERM,D3,1,0.0,EXPLICIT_ZERO,false
PXD064962_UCD_EVENT,University College Dublin / Conway Institute,protein_groups,202,LFQ intensity PT_D3_22_2_S1-D4_6664,LFQ intensity PT_D3_22_2_S1-D4_6664:202,PT_D3_22_2_S1-D4_6664,P07996,P07996;CON__Q28194;P35442,PT_D3_22,PT_D3_22,PRETERM,D3,2,20723.0,POSITIVE,true
PXD064962_UCD_EVENT,University College Dublin / Conway Institute,protein_groups,202,LFQ intensity PT_D3_28_1_S1-A5_6649,LFQ intensity PT_D3_28_1_S1-A5_6649:202,PT_D3_28_1_S1-A5_6649,P07996,P07996;CON__Q28194;P35442,PT_D3_28,PT_D3_28,PRETERM,D3,1,0.0,EXPLICIT_ZERO,false
PXD064962_UCD_EVENT,University College Dublin / Conway Institute,protein_groups,202,LFQ intensity PT_D3_28_2_S1-B5_6650,LFQ intensity PT_D3_28_2_S1-B5_6650:202,PT_D3_28_2_S1-B5_6650,P07996,P07996;CON__Q28194;P35442,PT_D3_28,PT_D3_28,PRETERM,D3,2,0.0,EXPLICIT_ZERO,false
PXD064962_UCD_EVENT,University College Dublin / Conway Institute,protein_groups,202,LFQ intensity PT_D3_30_1_S1-E3_6677,LFQ intensity PT_D3_30_1_S1-E3_6677:202,PT_D3_30_1_S1-E3_6677,P07996,P07996;CON__Q28194;P35442,PT_D3_30,PT_D3_30,PRETERM,D3,1,14552.0,POSITIVE,true
PXD064962_UCD_EVENT,University College Dublin / Conway Institute,protein_groups,202,LFQ intensity PT_D3_30_2_S1-F3_6678,LFQ intensity PT_D3_30_2_S1-F3_6678:202,PT_D3_30_2_S1-F3_6678,P07996,P07996;CON__Q28194;P35442,PT_D3_30,PT_D3_30,PRETERM,D3,2,0.0,EXPLICIT_ZERO,false
PXD064962_UCD_EVENT,University College Dublin / Conway Institute,protein_groups,202,LFQ intensity PT_D3_37_1_S1-G5_6695,LFQ intensity PT_D3_37_1_S1-G5_6695:202,PT_D3_37_1_S1-G5_6695,P07996,P07996;CON__Q28194;P35442,PT_D3_37,PT_D3_37,PRETERM,D3,1,109660.0,POSITIVE,true
PXD064962_UCD_EVENT,University College Dublin / Conway Institute,protein_groups,202,LFQ intensity PT_D3_37_2_S1-H5_6696,LFQ intensity PT_D3_37_2_S1-H5_6696:202,PT_D3_37_2_S1-H5_6696,P07996,P07996;CON__Q28194;P35442,PT_D3_37,PT_D3_37,PRETERM,D3,2,66581.0,POSITIVE,true
PXD064962_UCD_EVENT,University College Dublin / Conway Institute,protein_groups,202,LFQ intensity PT_D3_41_1_S1-G3_6691,LFQ intensity PT_D3_41_1_S1-G3_6691:202,PT_D3_41_1_S1-G3_6691,P07996,P07996;CON__Q28194;P35442,PT_D3_41,PT_D3_41,PRETERM,D3,1,11991.0,POSITIVE,true
PXD064962_UCD_EVENT,University College Dublin / Conway Institute,protein_groups,202,LFQ intensity PT_D3_41_2_S1-H3_6692,LFQ intensity PT_D3_41_2_S1-H3_6692:202,PT_D3_41_2_S1-H3_6692,P07996,P07996;CON__Q28194;P35442,PT_D3_41,PT_D3_41,PRETERM,D3,2,0.0,EXPLICIT_ZERO,false
PXD064962_UCD_EVENT,University College Dublin / Conway Institute,protein_groups,202,LFQ intensity PT_D3_42_1_S1-G4_6693,LFQ intensity PT_D3_42_1_S1-G4_6693:202,PT_D3_42_1_S1-G4_6693,P07996,P07996;CON__Q28194;P35442,PT_D3_42,PT_D3_42,PRETERM,D3,1,40703.0,POSITIVE,true
PXD064962_UCD_EVENT,University College Dublin / Conway Institute,protein_groups,202,LFQ intensity PT_D3_42_2_S1-H4_6694,LFQ intensity PT_D3_42_2_S1-H4_6694:202,PT_D3_42_2_S1-H4_6694,P07996,P07996;CON__Q28194;P35442,PT_D3_42,PT_D3_42,PRETERM,D3,2,89160.0,POSITIVE,true
PXD064962_UCD_EVENT,University College Dublin / Conway Institute,protein_groups,202,LFQ intensity PT_D3_85_1_S1-E4_6679,LFQ intensity PT_D3_85_1_S1-E4_6679:202,PT_D3_85_1_S1-E4_6679,P07996,P07996;CON__Q28194;P35442,PT_D3_85,PT_D3_85,PRETERM,D3,1,0.0,EXPLICIT_ZERO,false
PXD064962_UCD_EVENT,University College Dublin / Conway Institute,protein_groups,202,LFQ intensity PT_D3_85_2_S1-F4_6680,LFQ intensity PT_D3_85_2_S1-F4_6680:202,PT_D3_85_2_S1-F4_6680,P07996,P07996;CON__Q28194;P35442,PT_D3_85,PT_D3_85,PRETERM,D3,2,0.0,EXPLICIT_ZERO,false
PXD064962_UCD_EVENT,University College Dublin / Conway Institute,protein_groups,202,LFQ intensity PT_D3_96_1_S1-A4_6647,LFQ intensity PT_D3_96_1_S1-A4_6647:202,PT_D3_96_1_S1-A4_6647,P07996,P07996;CON__Q28194;P35442,PT_D3_96,PT_D3_96,PRETERM,D3,1,100140.0,POSITIVE,true
PXD064962_UCD_EVENT,University College Dublin / Conway Institute,protein_groups,202,LFQ intensity PT_D3_96_2_S1-B4_6648,LFQ intensity PT_D3_96_2_S1-B4_6648:202,PT_D3_96_2_S1-B4_6648,P07996,P07996;CON__Q28194;P35442,PT_D3_96,PT_D3_96,PRETERM,D3,2,79934.0,POSITIVE,true
PXD064962_UCD_EVENT,University College Dublin / Conway Institute,protein_groups,202,LFQ intensity T_D1_133_1_S1-A6_6651,LFQ intensity T_D1_133_1_S1-A6_6651:202,T_D1_133_1_S1-A6_6651,P07996,P07996;CON__Q28194;P35442,T_D1_133,T_D1_133,TERM,D1,1,26021.0,POSITIVE,true
PXD064962_UCD_EVENT,University College Dublin / Conway Institute,protein_groups,202,LFQ intensity T_D1_133_2_S1-B6_6652,LFQ intensity T_D1_133_2_S1-B6_6652:202,T_D1_133_2_S1-B6_6652,P07996,P07996;CON__Q28194;P35442,T_D1_133,T_D1_133,TERM,D1,2,30548.0,POSITIVE,true
PXD064962_UCD_EVENT,University College Dublin / Conway Institute,protein_groups,202,LFQ intensity T_D1_138_1_S1-G6_6697,LFQ intensity T_D1_138_1_S1-G6_6697:202,T_D1_138_1_S1-G6_6697,P07996,P07996;CON__Q28194;P35442,T_D1_138,T_D1_138,TERM,D1,1,21472.0,POSITIVE,true
PXD064962_UCD_EVENT,University College Dublin / Conway Institute,protein_groups,202,LFQ intensity T_D1_138_2_S1-H6_6698,LFQ intensity T_D1_138_2_S1-H6_6698:202,T_D1_138_2_S1-H6_6698,P07996,P07996;CON__Q28194;P35442,T_D1_138,T_D1_138,TERM,D1,2,0.0,EXPLICIT_ZERO,false
PXD064962_UCD_EVENT,University College Dublin / Conway Institute,protein_groups,202,LFQ intensity T_D1_165_1_S1-A7_6653,LFQ intensity T_D1_165_1_S1-A7_6653:202,T_D1_165_1_S1-A7_6653,P07996,P07996;CON__Q28194;P35442,T_D1_165,T_D1_165,TERM,D1,1,141440.0,POSITIVE,true
PXD064962_UCD_EVENT,University College Dublin / Conway Institute,protein_groups,202,LFQ intensity T_D1_165_2_S1-B7_6654,LFQ intensity T_D1_165_2_S1-B7_6654:202,T_D1_165_2_S1-B7_6654,P07996,P07996;CON__Q28194;P35442,T_D1_165,T_D1_165,TERM,D1,2,121650.0,POSITIVE,true
PXD064962_UCD_EVENT,University College Dublin / Conway Institute,protein_groups,202,LFQ intensity T_D1_173_1_S1-E6_6683,LFQ intensity T_D1_173_1_S1-E6_6683:202,T_D1_173_1_S1-E6_6683,P07996,P07996;CON__Q28194;P35442,T_D1_173,T_D1_173,TERM,D1,1,348210.0,POSITIVE,true
PXD064962_UCD_EVENT,University College Dublin / Conway Institute,protein_groups,202,LFQ intensity T_D1_173_2_S1-F6_6684,LFQ intensity T_D1_173_2_S1-F6_6684:202,T_D1_173_2_S1-F6_6684,P07996,P07996;CON__Q28194;P35442,T_D1_173,T_D1_173,TERM,D1,2,392970.0,POSITIVE,true
PXD064962_UCD_EVENT,University College Dublin / Conway Institute,protein_groups,202,LFQ intensity T_D1_186_1_S1-C6_6667,LFQ intensity T_D1_186_1_S1-C6_6667:202,T_D1_186_1_S1-C6_6667,P07996,P07996;CON__Q28194;P35442,T_D1_186,T_D1_186,TERM,D1,1,32044.0,POSITIVE,true
PXD064962_UCD_EVENT,University College Dublin / Conway Institute,protein_groups,202,LFQ intensity T_D1_186_2_S1-D6_6668,LFQ intensity T_D1_186_2_S1-D6_6668:202,T_D1_186_2_S1-D6_6668,P07996,P07996;CON__Q28194;P35442,T_D1_186,T_D1_186,TERM,D1,2,35982.0,POSITIVE,true
PXD064962_UCD_EVENT,University College Dublin / Conway Institute,protein_groups,202,LFQ intensity T_D3_119a_1_S1-E7_6685,LFQ intensity T_D3_119a_1_S1-E7_6685:202,T_D3_119a_1_S1-E7_6685,P07996,P07996;CON__Q28194;P35442,T_D3_119a,T_D3_119a,TERM,D3,1,20484.0,POSITIVE,true
PXD064962_UCD_EVENT,University College Dublin / Conway Institute,protein_groups,202,LFQ intensity T_D3_119a_2_S1-F7_6686,LFQ intensity T_D3_119a_2_S1-F7_6686:202,T_D3_119a_2_S1-F7_6686,P07996,P07996;CON__Q28194;P35442,T_D3_119a,T_D3_119a,TERM,D3,2,20558.0,POSITIVE,true
PXD064962_UCD_EVENT,University College Dublin / Conway Institute,protein_groups,202,LFQ intensity T_D3_119b_1_S1-A8_6655,LFQ intensity T_D3_119b_1_S1-A8_6655:202,T_D3_119b_1_S1-A8_6655,P07996,P07996;CON__Q28194;P35442,T_D3_119b,T_D3_119b,TERM,D3,1,41767.0,POSITIVE,true
PXD064962_UCD_EVENT,University College Dublin / Conway Institute,protein_groups,202,LFQ intensity T_D3_119b_2_S1-B8_6656,LFQ intensity T_D3_119b_2_S1-B8_6656:202,T_D3_119b_2_S1-B8_6656,P07996,P07996;CON__Q28194;P35442,T_D3_119b,T_D3_119b,TERM,D3,2,38637.0,POSITIVE,true
PXD064962_UCD_EVENT,University College Dublin / Conway Institute,protein_groups,202,LFQ intensity T_D3_155_1_S1-G7_6699,LFQ intensity T_D3_155_1_S1-G7_6699:202,T_D3_155_1_S1-G7_6699,P07996,P07996;CON__Q28194;P35442,T_D3_155,T_D3_155,TERM,D3,1,22058.0,POSITIVE,true
PXD064962_UCD_EVENT,University College Dublin / Conway Institute,protein_groups,202,LFQ intensity T_D3_155_2_S1-H7_6700,LFQ intensity T_D3_155_2_S1-H7_6700:202,T_D3_155_2_S1-H7_6700,P07996,P07996;CON__Q28194;P35442,T_D3_155,T_D3_155,TERM,D3,2,21035.0,POSITIVE,true
PXD064962_UCD_EVENT,University College Dublin / Conway Institute,protein_groups,202,LFQ intensity T_D3_178_1_S1-C7_6669,LFQ intensity T_D3_178_1_S1-C7_6669:202,T_D3_178_1_S1-C7_6669,P07996,P07996;CON__Q28194;P35442,T_D3_178,T_D3_178,TERM,D3,1,78124.0,POSITIVE,true
PXD064962_UCD_EVENT,University College Dublin / Conway Institute,protein_groups,202,LFQ intensity T_D3_178_2_S1-D7_6670,LFQ intensity T_D3_178_2_S1-D7_6670:202,T_D3_178_2_S1-D7_6670,P07996,P07996;CON__Q28194;P35442,T_D3_178,T_D3_178,TERM,D3,2,40119.0,POSITIVE,true
PXD064962_UCD_EVENT,University College Dublin / Conway Institute,protein_groups,202,LFQ intensity T_D3_198_1_S1-C8_6671,LFQ intensity T_D3_198_1_S1-C8_6671:202,T_D3_198_1_S1-C8_6671,P07996,P07996;CON__Q28194;P35442,T_D3_198,T_D3_198,TERM,D3,1,55557.0,POSITIVE,true
PXD064962_UCD_EVENT,University College Dublin / Conway Institute,protein_groups,202,LFQ intensity T_D3_198_2_S1-D8_6672,LFQ intensity T_D3_198_2_S1-D8_6672:202,T_D3_198_2_S1-D8_6672,P07996,P07996;CON__Q28194;P35442,T_D3_198,T_D3_198,TERM,D3,2,21519.0,POSITIVE,true
PXD064962_UCD_EVENT,University College Dublin / Conway Institute,protein_groups,229,LFQ intensity PT_D1_16_1_S1-A1_6641,LFQ intensity PT_D1_16_1_S1-A1_6641:229,PT_D1_16_1_S1-A1_6641,P11021,P11021,PT_D1_16,PT_D1_16,PRETERM,D1,1,33763.0,POSITIVE,true
PXD064962_UCD_EVENT,University College Dublin / Conway Institute,protein_groups,229,LFQ intensity PT_D1_16_2_S1-B1_6642,LFQ intensity PT_D1_16_2_S1-B1_6642:229,PT_D1_16_2_S1-B1_6642,P11021,P11021,PT_D1_16,PT_D1_16,PRETERM,D1,2,0.0,EXPLICIT_ZERO,false
PXD064962_UCD_EVENT,University College Dublin / Conway Institute,protein_groups,229,LFQ intensity PT_D1_18_1_S1-C1_6657,LFQ intensity PT_D1_18_1_S1-C1_6657:229,PT_D1_18_1_S1-C1_6657,P11021,P11021,PT_D1_18,PT_D1_18,PRETERM,D1,1,70461.0,POSITIVE,true
PXD064962_UCD_EVENT,University College Dublin / Conway Institute,protein_groups,229,LFQ intensity PT_D1_18_2_S1-D1_6658,LFQ intensity PT_D1_18_2_S1-D1_6658:229,PT_D1_18_2_S1-D1_6658,P11021,P11021,PT_D1_18,PT_D1_18,PRETERM,D1,2,112490.0,POSITIVE,true
PXD064962_UCD_EVENT,University College Dublin / Conway Institute,protein_groups,229,LFQ intensity PT_D1_20_1_S1-E1_6673,LFQ intensity PT_D1_20_1_S1-E1_6673:229,PT_D1_20_1_S1-E1_6673,P11021,P11021,PT_D1_20,PT_D1_20,PRETERM,D1,1,0.0,EXPLICIT_ZERO,false
PXD064962_UCD_EVENT,University College Dublin / Conway Institute,protein_groups,229,LFQ intensity PT_D1_20_2_S1-F1_6674,LFQ intensity PT_D1_20_2_S1-F1_6674:229,PT_D1_20_2_S1-F1_6674,P11021,P11021,PT_D1_20,PT_D1_20,PRETERM,D1,2,0.0,EXPLICIT_ZERO,false
PXD064962_UCD_EVENT,University College Dublin / Conway Institute,protein_groups,229,LFQ intensity PT_D1_23_1_S1-G1_6687,LFQ intensity PT_D1_23_1_S1-G1_6687:229,PT_D1_23_1_S1-G1_6687,P11021,P11021,PT_D1_23,PT_D1_23,PRETERM,D1,1,0.0,EXPLICIT_ZERO,false
PXD064962_UCD_EVENT,University College Dublin / Conway Institute,protein_groups,229,LFQ intensity PT_D1_23_2_S1-H1_6688,LFQ intensity PT_D1_23_2_S1-H1_6688:229,PT_D1_23_2_S1-H1_6688,P11021,P11021,PT_D1_23,PT_D1_23,PRETERM,D1,2,35489.0,POSITIVE,true
PXD064962_UCD_EVENT,University College Dublin / Conway Institute,protein_groups,229,LFQ intensity PT_D1_33_1_S1-A2_6643,LFQ intensity PT_D1_33_1_S1-A2_6643:229,PT_D1_33_1_S1-A2_6643,P11021,P11021,PT_D1_33,PT_D1_33,PRETERM,D1,1,0.0,EXPLICIT_ZERO,false
PXD064962_UCD_EVENT,University College Dublin / Conway Institute,protein_groups,229,LFQ intensity PT_D1_33_2_S1-B2_6644,LFQ intensity PT_D1_33_2_S1-B2_6644:229,PT_D1_33_2_S1-B2_6644,P11021,P11021,PT_D1_33,PT_D1_33,PRETERM,D1,2,0.0,EXPLICIT_ZERO,false
PXD064962_UCD_EVENT,University College Dublin / Conway Institute,protein_groups,229,LFQ intensity PT_D1_34_1_S1-C2_6659,LFQ intensity PT_D1_34_1_S1-C2_6659:229,PT_D1_34_1_S1-C2_6659,P11021,P11021,PT_D1_34,PT_D1_34,PRETERM,D1,1,0.0,EXPLICIT_ZERO,false
PXD064962_UCD_EVENT,University College Dublin / Conway Institute,protein_groups,229,LFQ intensity PT_D1_34_2_S1-D2_6660,LFQ intensity PT_D1_34_2_S1-D2_6660:229,PT_D1_34_2_S1-D2_6660,P11021,P11021,PT_D1_34,PT_D1_34,PRETERM,D1,2,0.0,EXPLICIT_ZERO,false
PXD064962_UCD_EVENT,University College Dublin / Conway Institute,protein_groups,229,LFQ intensity PT_D1_48_1_S1-E2_6675,LFQ intensity PT_D1_48_1_S1-E2_6675:229,PT_D1_48_1_S1-E2_6675,P11021,P11021,PT_D1_48,PT_D1_48,PRETERM,D1,1,0.0,EXPLICIT_ZERO,false
PXD064962_UCD_EVENT,University College Dublin / Conway Institute,protein_groups,229,LFQ intensity PT_D1_48_2_S1-F2_6676,LFQ intensity PT_D1_48_2_S1-F2_6676:229,PT_D1_48_2_S1-F2_6676,P11021,P11021,PT_D1_48,PT_D1_48,PRETERM,D1,2,0.0,EXPLICIT_ZERO,false
PXD064962_UCD_EVENT,University College Dublin / Conway Institute,protein_groups,229,LFQ intensity PT_D1_51_1_S1-G2_6689,LFQ intensity PT_D1_51_1_S1-G2_6689:229,PT_D1_51_1_S1-G2_6689,P11021,P11021,PT_D1_51,PT_D1_51,PRETERM,D1,1,39848.0,POSITIVE,true
PXD064962_UCD_EVENT,University College Dublin / Conway Institute,protein_groups,229,LFQ intensity PT_D1_51_2_S1-H2_6690,LFQ intensity PT_D1_51_2_S1-H2_6690:229,PT_D1_51_2_S1-H2_6690,P11021,P11021,PT_D1_51,PT_D1_51,PRETERM,D1,2,20722.0,POSITIVE,true
PXD064962_UCD_EVENT,University College Dublin / Conway Institute,protein_groups,229,LFQ intensity PT_D1_73_1_S1-A3_6645,LFQ intensity PT_D1_73_1_S1-A3_6645:229,PT_D1_73_1_S1-A3_6645,P11021,P11021,PT_D1_73,PT_D1_73,PRETERM,D1,1,0.0,EXPLICIT_ZERO,false
PXD064962_UCD_EVENT,University College Dublin / Conway Institute,protein_groups,229,LFQ intensity PT_D1_73_2_S1-B3_6646,LFQ intensity PT_D1_73_2_S1-B3_6646:229,PT_D1_73_2_S1-B3_6646,P11021,P11021,PT_D1_73,PT_D1_73,PRETERM,D1,2,0.0,EXPLICIT_ZERO,false
PXD064962_UCD_EVENT,University College Dublin / Conway Institute,protein_groups,229,LFQ intensity PT_D1_81_1_S1-C3_6661,LFQ intensity PT_D1_81_1_S1-C3_6661:229,PT_D1_81_1_S1-C3_6661,P11021,P11021,PT_D1_81,PT_D1_81,PRETERM,D1,1,11572.0,POSITIVE,true
PXD064962_UCD_EVENT,University College Dublin / Conway Institute,protein_groups,229,LFQ intensity PT_D1_81_2_S1-D3_6662,LFQ intensity PT_D1_81_2_S1-D3_6662:229,PT_D1_81_2_S1-D3_6662,P11021,P11021,PT_D1_81,PT_D1_81,PRETERM,D1,2,0.0,EXPLICIT_ZERO,false
PXD064962_UCD_EVENT,University College Dublin / Conway Institute,protein_groups,229,LFQ intensity PT_D3_06_1_S1-E5_6681,LFQ intensity PT_D3_06_1_S1-E5_6681:229,PT_D3_06_1_S1-E5_6681,P11021,P11021,PT_D3_06,PT_D3_06,PRETERM,D3,1,46868.0,POSITIVE,true
PXD064962_UCD_EVENT,University College Dublin / Conway Institute,protein_groups,229,LFQ intensity PT_D3_06_2_S1-F5_6682,LFQ intensity PT_D3_06_2_S1-F5_6682:229,PT_D3_06_2_S1-F5_6682,P11021,P11021,PT_D3_06,PT_D3_06,PRETERM,D3,2,48687.0,POSITIVE,true
PXD064962_UCD_EVENT,University College Dublin / Conway Institute,protein_groups,229,LFQ intensity PT_D3_14_1_S1-C5_6665,LFQ intensity PT_D3_14_1_S1-C5_6665:229,PT_D3_14_1_S1-C5_6665,P11021,P11021,PT_D3_14,PT_D3_14,PRETERM,D3,1,37455.0,POSITIVE,true
PXD064962_UCD_EVENT,University College Dublin / Conway Institute,protein_groups,229,LFQ intensity PT_D3_14_2_S1-D5_6666,LFQ intensity PT_D3_14_2_S1-D5_6666:229,PT_D3_14_2_S1-D5_6666,P11021,P11021,PT_D3_14,PT_D3_14,PRETERM,D3,2,34772.0,POSITIVE,true
PXD064962_UCD_EVENT,University College Dublin / Conway Institute,protein_groups,229,LFQ intensity PT_D3_22_1_S1-C4_6663,LFQ intensity PT_D3_22_1_S1-C4_6663:229,PT_D3_22_1_S1-C4_6663,P11021,P11021,PT_D3_22,PT_D3_22,PRETERM,D3,1,0.0,EXPLICIT_ZERO,false
PXD064962_UCD_EVENT,University College Dublin / Conway Institute,protein_groups,229,LFQ intensity PT_D3_22_2_S1-D4_6664,LFQ intensity PT_D3_22_2_S1-D4_6664:229,PT_D3_22_2_S1-D4_6664,P11021,P11021,PT_D3_22,PT_D3_22,PRETERM,D3,2,41269.0,POSITIVE,true
PXD064962_UCD_EVENT,University College Dublin / Conway Institute,protein_groups,229,LFQ intensity PT_D3_28_1_S1-A5_6649,LFQ intensity PT_D3_28_1_S1-A5_6649:229,PT_D3_28_1_S1-A5_6649,P11021,P11021,PT_D3_28,PT_D3_28,PRETERM,D3,1,51193.0,POSITIVE,true
PXD064962_UCD_EVENT,University College Dublin / Conway Institute,protein_groups,229,LFQ intensity PT_D3_28_2_S1-B5_6650,LFQ intensity PT_D3_28_2_S1-B5_6650:229,PT_D3_28_2_S1-B5_6650,P11021,P11021,PT_D3_28,PT_D3_28,PRETERM,D3,2,0.0,EXPLICIT_ZERO,false
PXD064962_UCD_EVENT,University College Dublin / Conway Institute,protein_groups,229,LFQ intensity PT_D3_30_1_S1-E3_6677,LFQ intensity PT_D3_30_1_S1-E3_6677:229,PT_D3_30_1_S1-E3_6677,P11021,P11021,PT_D3_30,PT_D3_30,PRETERM,D3,1,0.0,EXPLICIT_ZERO,false
PXD064962_UCD_EVENT,University College Dublin / Conway Institute,protein_groups,229,LFQ intensity PT_D3_30_2_S1-F3_6678,LFQ intensity PT_D3_30_2_S1-F3_6678:229,PT_D3_30_2_S1-F3_6678,P11021,P11021,PT_D3_30,PT_D3_30,PRETERM,D3,2,45365.0,POSITIVE,true
PXD064962_UCD_EVENT,University College Dublin / Conway Institute,protein_groups,229,LFQ intensity PT_D3_37_1_S1-G5_6695,LFQ intensity PT_D3_37_1_S1-G5_6695:229,PT_D3_37_1_S1-G5_6695,P11021,P11021,PT_D3_37,PT_D3_37,PRETERM,D3,1,0.0,EXPLICIT_ZERO,false
PXD064962_UCD_EVENT,University College Dublin / Conway Institute,protein_groups,229,LFQ intensity PT_D3_37_2_S1-H5_6696,LFQ intensity PT_D3_37_2_S1-H5_6696:229,PT_D3_37_2_S1-H5_6696,P11021,P11021,PT_D3_37,PT_D3_37,PRETERM,D3,2,0.0,EXPLICIT_ZERO,false
PXD064962_UCD_EVENT,University College Dublin / Conway Institute,protein_groups,229,LFQ intensity PT_D3_41_1_S1-G3_6691,LFQ intensity PT_D3_41_1_S1-G3_6691:229,PT_D3_41_1_S1-G3_6691,P11021,P11021,PT_D3_41,PT_D3_41,PRETERM,D3,1,50842.0,POSITIVE,true
PXD064962_UCD_EVENT,University College Dublin / Conway Institute,protein_groups,229,LFQ intensity PT_D3_41_2_S1-H3_6692,LFQ intensity PT_D3_41_2_S1-H3_6692:229,PT_D3_41_2_S1-H3_6692,P11021,P11021,PT_D3_41,PT_D3_41,PRETERM,D3,2,45463.0,POSITIVE,true
PXD064962_UCD_EVENT,University College Dublin / Conway Institute,protein_groups,229,LFQ intensity PT_D3_42_1_S1-G4_6693,LFQ intensity PT_D3_42_1_S1-G4_6693:229,PT_D3_42_1_S1-G4_6693,P11021,P11021,PT_D3_42,PT_D3_42,PRETERM,D3,1,0.0,EXPLICIT_ZERO,false
PXD064962_UCD_EVENT,University College Dublin / Conway Institute,protein_groups,229,LFQ intensity PT_D3_42_2_S1-H4_6694,LFQ intensity PT_D3_42_2_S1-H4_6694:229,PT_D3_42_2_S1-H4_6694,P11021,P11021,PT_D3_42,PT_D3_42,PRETERM,D3,2,0.0,EXPLICIT_ZERO,false
PXD064962_UCD_EVENT,University College Dublin / Conway Institute,protein_groups,229,LFQ intensity PT_D3_85_1_S1-E4_6679,LFQ intensity PT_D3_85_1_S1-E4_6679:229,PT_D3_85_1_S1-E4_6679,P11021,P11021,PT_D3_85,PT_D3_85,PRETERM,D3,1,45069.0,POSITIVE,true
PXD064962_UCD_EVENT,University College Dublin / Conway Institute,protein_groups,229,LFQ intensity PT_D3_85_2_S1-F4_6680,LFQ intensity PT_D3_85_2_S1-F4_6680:229,PT_D3_85_2_S1-F4_6680,P11021,P11021,PT_D3_85,PT_D3_85,PRETERM,D3,2,0.0,EXPLICIT_ZERO,false
PXD064962_UCD_EVENT,University College Dublin / Conway Institute,protein_groups,229,LFQ intensity PT_D3_96_1_S1-A4_6647,LFQ intensity PT_D3_96_1_S1-A4_6647:229,PT_D3_96_1_S1-A4_6647,P11021,P11021,PT_D3_96,PT_D3_96,PRETERM,D3,1,0.0,EXPLICIT_ZERO,false
PXD064962_UCD_EVENT,University College Dublin / Conway Institute,protein_groups,229,LFQ intensity PT_D3_96_2_S1-B4_6648,LFQ intensity PT_D3_96_2_S1-B4_6648:229,PT_D3_96_2_S1-B4_6648,P11021,P11021,PT_D3_96,PT_D3_96,PRETERM,D3,2,0.0,EXPLICIT_ZERO,false
PXD064962_UCD_EVENT,University College Dublin / Conway Institute,protein_groups,229,LFQ intensity T_D1_133_1_S1-A6_6651,LFQ intensity T_D1_133_1_S1-A6_6651:229,T_D1_133_1_S1-A6_6651,P11021,P11021,T_D1_133,T_D1_133,TERM,D1,1,19923.0,POSITIVE,true
PXD064962_UCD_EVENT,University College Dublin / Conway Institute,protein_groups,229,LFQ intensity T_D1_133_2_S1-B6_6652,LFQ intensity T_D1_133_2_S1-B6_6652:229,T_D1_133_2_S1-B6_6652,P11021,P11021,T_D1_133,T_D1_133,TERM,D1,2,0.0,EXPLICIT_ZERO,false
PXD064962_UCD_EVENT,University College Dublin / Conway Institute,protein_groups,229,LFQ intensity T_D1_138_1_S1-G6_6697,LFQ intensity T_D1_138_1_S1-G6_6697:229,T_D1_138_1_S1-G6_6697,P11021,P11021,T_D1_138,T_D1_138,TERM,D1,1,0.0,EXPLICIT_ZERO,false
PXD064962_UCD_EVENT,University College Dublin / Conway Institute,protein_groups,229,LFQ intensity T_D1_138_2_S1-H6_6698,LFQ intensity T_D1_138_2_S1-H6_6698:229,T_D1_138_2_S1-H6_6698,P11021,P11021,T_D1_138,T_D1_138,TERM,D1,2,0.0,EXPLICIT_ZERO,false
PXD064962_UCD_EVENT,University College Dublin / Conway Institute,protein_groups,229,LFQ intensity T_D1_165_1_S1-A7_6653,LFQ intensity T_D1_165_1_S1-A7_6653:229,T_D1_165_1_S1-A7_6653,P11021,P11021,T_D1_165,T_D1_165,TERM,D1,1,0.0,EXPLICIT_ZERO,false
PXD064962_UCD_EVENT,University College Dublin / Conway Institute,protein_groups,229,LFQ intensity T_D1_165_2_S1-B7_6654,LFQ intensity T_D1_165_2_S1-B7_6654:229,T_D1_165_2_S1-B7_6654,P11021,P11021,T_D1_165,T_D1_165,TERM,D1,2,36490.0,POSITIVE,true
PXD064962_UCD_EVENT,University College Dublin / Conway Institute,protein_groups,229,LFQ intensity T_D1_173_1_S1-E6_6683,LFQ intensity T_D1_173_1_S1-E6_6683:229,T_D1_173_1_S1-E6_6683,P11021,P11021,T_D1_173,T_D1_173,TERM,D1,1,14965.0,POSITIVE,true
PXD064962_UCD_EVENT,University College Dublin / Conway Institute,protein_groups,229,LFQ intensity T_D1_173_2_S1-F6_6684,LFQ intensity T_D1_173_2_S1-F6_6684:229,T_D1_173_2_S1-F6_6684,P11021,P11021,T_D1_173,T_D1_173,TERM,D1,2,0.0,EXPLICIT_ZERO,false
PXD064962_UCD_EVENT,University College Dublin / Conway Institute,protein_groups,229,LFQ intensity T_D1_186_1_S1-C6_6667,LFQ intensity T_D1_186_1_S1-C6_6667:229,T_D1_186_1_S1-C6_6667,P11021,P11021,T_D1_186,T_D1_186,TERM,D1,1,0.0,EXPLICIT_ZERO,false
PXD064962_UCD_EVENT,University College Dublin / Conway Institute,protein_groups,229,LFQ intensity T_D1_186_2_S1-D6_6668,LFQ intensity T_D1_186_2_S1-D6_6668:229,T_D1_186_2_S1-D6_6668,P11021,P11021,T_D1_186,T_D1_186,TERM,D1,2,0.0,EXPLICIT_ZERO,false
PXD064962_UCD_EVENT,University College Dublin / Conway Institute,protein_groups,229,LFQ intensity T_D3_119a_1_S1-E7_6685,LFQ intensity T_D3_119a_1_S1-E7_6685:229,T_D3_119a_1_S1-E7_6685,P11021,P11021,T_D3_119a,T_D3_119a,TERM,D3,1,0.0,EXPLICIT_ZERO,false
PXD064962_UCD_EVENT,University College Dublin / Conway Institute,protein_groups,229,LFQ intensity T_D3_119a_2_S1-F7_6686,LFQ intensity T_D3_119a_2_S1-F7_6686:229,T_D3_119a_2_S1-F7_6686,P11021,P11021,T_D3_119a,T_D3_119a,TERM,D3,2,0.0,EXPLICIT_ZERO,false
PXD064962_UCD_EVENT,University College Dublin / Conway Institute,protein_groups,229,LFQ intensity T_D3_119b_1_S1-A8_6655,LFQ intensity T_D3_119b_1_S1-A8_6655:229,T_D3_119b_1_S1-A8_6655,P11021,P11021,T_D3_119b,T_D3_119b,TERM,D3,1,0.0,EXPLICIT_ZERO,false
PXD064962_UCD_EVENT,University College Dublin / Conway Institute,protein_groups,229,LFQ intensity T_D3_119b_2_S1-B8_6656,LFQ intensity T_D3_119b_2_S1-B8_6656:229,T_D3_119b_2_S1-B8_6656,P11021,P11021,T_D3_119b,T_D3_119b,TERM,D3,2,33973.0,POSITIVE,true
PXD064962_UCD_EVENT,University College Dublin / Conway Institute,protein_groups,229,LFQ intensity T_D3_155_1_S1-G7_6699,LFQ intensity T_D3_155_1_S1-G7_6699:229,T_D3_155_1_S1-G7_6699,P11021,P11021,T_D3_155,T_D3_155,TERM,D3,1,34517.0,POSITIVE,true
PXD064962_UCD_EVENT,University College Dublin / Conway Institute,protein_groups,229,LFQ intensity T_D3_155_2_S1-H7_6700,LFQ intensity T_D3_155_2_S1-H7_6700:229,T_D3_155_2_S1-H7_6700,P11021,P11021,T_D3_155,T_D3_155,TERM,D3,2,26264.0,POSITIVE,true
PXD064962_UCD_EVENT,University College Dublin / Conway Institute,protein_groups,229,LFQ intensity T_D3_178_1_S1-C7_6669,LFQ intensity T_D3_178_1_S1-C7_6669:229,T_D3_178_1_S1-C7_6669,P11021,P11021,T_D3_178,T_D3_178,TERM,D3,1,0.0,EXPLICIT_ZERO,false
PXD064962_UCD_EVENT,University College Dublin / Conway Institute,protein_groups,229,LFQ intensity T_D3_178_2_S1-D7_6670,LFQ intensity T_D3_178_2_S1-D7_6670:229,T_D3_178_2_S1-D7_6670,P11021,P11021,T_D3_178,T_D3_178,TERM,D3,2,0.0,EXPLICIT_ZERO,false
PXD064962_UCD_EVENT,University College Dublin / Conway Institute,protein_groups,229,LFQ intensity T_D3_198_1_S1-C8_6671,LFQ intensity T_D3_198_1_S1-C8_6671:229,T_D3_198_1_S1-C8_6671,P11021,P11021,T_D3_198,T_D3_198,TERM,D3,1,75700.0,POSITIVE,true
PXD064962_UCD_EVENT,University College Dublin / Conway Institute,protein_groups,229,LFQ intensity T_D3_198_2_S1-D8_6672,LFQ intensity T_D3_198_2_S1-D8_6672:229,T_D3_198_2_S1-D8_6672,P11021,P11021,T_D3_198,T_D3_198,TERM,D3,2,0.0,EXPLICIT_ZERO,false
PXD064962_UCD_EVENT,University College Dublin / Conway Institute,protein_groups,241,LFQ intensity PT_D1_16_1_S1-A1_6641,LFQ intensity PT_D1_16_1_S1-A1_6641:241,PT_D1_16_1_S1-A1_6641,P13796,P13796;P13797,PT_D1_16,PT_D1_16,PRETERM,D1,1,0.0,EXPLICIT_ZERO,false
PXD064962_UCD_EVENT,University College Dublin / Conway Institute,protein_groups,241,LFQ intensity PT_D1_16_2_S1-B1_6642,LFQ intensity PT_D1_16_2_S1-B1_6642:241,PT_D1_16_2_S1-B1_6642,P13796,P13796;P13797,PT_D1_16,PT_D1_16,PRETERM,D1,2,0.0,EXPLICIT_ZERO,false
PXD064962_UCD_EVENT,University College Dublin / Conway Institute,protein_groups,241,LFQ intensity PT_D1_18_1_S1-C1_6657,LFQ intensity PT_D1_18_1_S1-C1_6657:241,PT_D1_18_1_S1-C1_6657,P13796,P13796;P13797,PT_D1_18,PT_D1_18,PRETERM,D1,1,0.0,EXPLICIT_ZERO,false
PXD064962_UCD_EVENT,University College Dublin / Conway Institute,protein_groups,241,LFQ intensity PT_D1_18_2_S1-D1_6658,LFQ intensity PT_D1_18_2_S1-D1_6658:241,PT_D1_18_2_S1-D1_6658,P13796,P13796;P13797,PT_D1_18,PT_D1_18,PRETERM,D1,2,0.0,EXPLICIT_ZERO,false
PXD064962_UCD_EVENT,University College Dublin / Conway Institute,protein_groups,241,LFQ intensity PT_D1_20_1_S1-E1_6673,LFQ intensity PT_D1_20_1_S1-E1_6673:241,PT_D1_20_1_S1-E1_6673,P13796,P13796;P13797,PT_D1_20,PT_D1_20,PRETERM,D1,1,0.0,EXPLICIT_ZERO,false
PXD064962_UCD_EVENT,University College Dublin / Conway Institute,protein_groups,241,LFQ intensity PT_D1_20_2_S1-F1_6674,LFQ intensity PT_D1_20_2_S1-F1_6674:241,PT_D1_20_2_S1-F1_6674,P13796,P13796;P13797,PT_D1_20,PT_D1_20,PRETERM,D1,2,23536.0,POSITIVE,true
PXD064962_UCD_EVENT,University College Dublin / Conway Institute,protein_groups,241,LFQ intensity PT_D1_23_1_S1-G1_6687,LFQ intensity PT_D1_23_1_S1-G1_6687:241,PT_D1_23_1_S1-G1_6687,P13796,P13796;P13797,PT_D1_23,PT_D1_23,PRETERM,D1,1,0.0,EXPLICIT_ZERO,false
PXD064962_UCD_EVENT,University College Dublin / Conway Institute,protein_groups,241,LFQ intensity PT_D1_23_2_S1-H1_6688,LFQ intensity PT_D1_23_2_S1-H1_6688:241,PT_D1_23_2_S1-H1_6688,P13796,P13796;P13797,PT_D1_23,PT_D1_23,PRETERM,D1,2,0.0,EXPLICIT_ZERO,false
PXD064962_UCD_EVENT,University College Dublin / Conway Institute,protein_groups,241,LFQ intensity PT_D1_33_1_S1-A2_6643,LFQ intensity PT_D1_33_1_S1-A2_6643:241,PT_D1_33_1_S1-A2_6643,P13796,P13796;P13797,PT_D1_33,PT_D1_33,PRETERM,D1,1,0.0,EXPLICIT_ZERO,false
PXD064962_UCD_EVENT,University College Dublin / Conway Institute,protein_groups,241,LFQ intensity PT_D1_33_2_S1-B2_6644,LFQ intensity PT_D1_33_2_S1-B2_6644:241,PT_D1_33_2_S1-B2_6644,P13796,P13796;P13797,PT_D1_33,PT_D1_33,PRETERM,D1,2,0.0,EXPLICIT_ZERO,false
PXD064962_UCD_EVENT,University College Dublin / Conway Institute,protein_groups,241,LFQ intensity PT_D1_34_1_S1-C2_6659,LFQ intensity PT_D1_34_1_S1-C2_6659:241,PT_D1_34_1_S1-C2_6659,P13796,P13796;P13797,PT_D1_34,PT_D1_34,PRETERM,D1,1,0.0,EXPLICIT_ZERO,false
PXD064962_UCD_EVENT,University College Dublin / Conway Institute,protein_groups,241,LFQ intensity PT_D1_34_2_S1-D2_6660,LFQ intensity PT_D1_34_2_S1-D2_6660:241,PT_D1_34_2_S1-D2_6660,P13796,P13796;P13797,PT_D1_34,PT_D1_34,PRETERM,D1,2,0.0,EXPLICIT_ZERO,false
PXD064962_UCD_EVENT,University College Dublin / Conway Institute,protein_groups,241,LFQ intensity PT_D1_48_1_S1-E2_6675,LFQ intensity PT_D1_48_1_S1-E2_6675:241,PT_D1_48_1_S1-E2_6675,P13796,P13796;P13797,PT_D1_48,PT_D1_48,PRETERM,D1,1,0.0,EXPLICIT_ZERO,false
PXD064962_UCD_EVENT,University College Dublin / Conway Institute,protein_groups,241,LFQ intensity PT_D1_48_2_S1-F2_6676,LFQ intensity PT_D1_48_2_S1-F2_6676:241,PT_D1_48_2_S1-F2_6676,P13796,P13796;P13797,PT_D1_48,PT_D1_48,PRETERM,D1,2,0.0,EXPLICIT_ZERO,false
PXD064962_UCD_EVENT,University College Dublin / Conway Institute,protein_groups,241,LFQ intensity PT_D1_51_1_S1-G2_6689,LFQ intensity PT_D1_51_1_S1-G2_6689:241,PT_D1_51_1_S1-G2_6689,P13796,P13796;P13797,PT_D1_51,PT_D1_51,PRETERM,D1,1,0.0,EXPLICIT_ZERO,false
PXD064962_UCD_EVENT,University College Dublin / Conway Institute,protein_groups,241,LFQ intensity PT_D1_51_2_S1-H2_6690,LFQ intensity PT_D1_51_2_S1-H2_6690:241,PT_D1_51_2_S1-H2_6690,P13796,P13796;P13797,PT_D1_51,PT_D1_51,PRETERM,D1,2,0.0,EXPLICIT_ZERO,false
PXD064962_UCD_EVENT,University College Dublin / Conway Institute,protein_groups,241,LFQ intensity PT_D1_73_1_S1-A3_6645,LFQ intensity PT_D1_73_1_S1-A3_6645:241,PT_D1_73_1_S1-A3_6645,P13796,P13796;P13797,PT_D1_73,PT_D1_73,PRETERM,D1,1,16199.0,POSITIVE,true
PXD064962_UCD_EVENT,University College Dublin / Conway Institute,protein_groups,241,LFQ intensity PT_D1_73_2_S1-B3_6646,LFQ intensity PT_D1_73_2_S1-B3_6646:241,PT_D1_73_2_S1-B3_6646,P13796,P13796;P13797,PT_D1_73,PT_D1_73,PRETERM,D1,2,0.0,EXPLICIT_ZERO,false
PXD064962_UCD_EVENT,University College Dublin / Conway Institute,protein_groups,241,LFQ intensity PT_D1_81_1_S1-C3_6661,LFQ intensity PT_D1_81_1_S1-C3_6661:241,PT_D1_81_1_S1-C3_6661,P13796,P13796;P13797,PT_D1_81,PT_D1_81,PRETERM,D1,1,0.0,EXPLICIT_ZERO,false
PXD064962_UCD_EVENT,University College Dublin / Conway Institute,protein_groups,241,LFQ intensity PT_D1_81_2_S1-D3_6662,LFQ intensity PT_D1_81_2_S1-D3_6662:241,PT_D1_81_2_S1-D3_6662,P13796,P13796;P13797,PT_D1_81,PT_D1_81,PRETERM,D1,2,0.0,EXPLICIT_ZERO,false
PXD064962_UCD_EVENT,University College Dublin / Conway Institute,protein_groups,241,LFQ intensity PT_D3_06_1_S1-E5_6681,LFQ intensity PT_D3_06_1_S1-E5_6681:241,PT_D3_06_1_S1-E5_6681,P13796,P13796;P13797,PT_D3_06,PT_D3_06,PRETERM,D3,1,8609.9,POSITIVE,true
PXD064962_UCD_EVENT,University College Dublin / Conway Institute,protein_groups,241,LFQ intensity PT_D3_06_2_S1-F5_6682,LFQ intensity PT_D3_06_2_S1-F5_6682:241,PT_D3_06_2_S1-F5_6682,P13796,P13796;P13797,PT_D3_06,PT_D3_06,PRETERM,D3,2,0.0,EXPLICIT_ZERO,false
PXD064962_UCD_EVENT,University College Dublin / Conway Institute,protein_groups,241,LFQ intensity PT_D3_14_1_S1-C5_6665,LFQ intensity PT_D3_14_1_S1-C5_6665:241,PT_D3_14_1_S1-C5_6665,P13796,P13796;P13797,PT_D3_14,PT_D3_14,PRETERM,D3,1,137310.0,POSITIVE,true
PXD064962_UCD_EVENT,University College Dublin / Conway Institute,protein_groups,241,LFQ intensity PT_D3_14_2_S1-D5_6666,LFQ intensity PT_D3_14_2_S1-D5_6666:241,PT_D3_14_2_S1-D5_6666,P13796,P13796;P13797,PT_D3_14,PT_D3_14,PRETERM,D3,2,146440.0,POSITIVE,true
PXD064962_UCD_EVENT,University College Dublin / Conway Institute,protein_groups,241,LFQ intensity PT_D3_22_1_S1-C4_6663,LFQ intensity PT_D3_22_1_S1-C4_6663:241,PT_D3_22_1_S1-C4_6663,P13796,P13796;P13797,PT_D3_22,PT_D3_22,PRETERM,D3,1,12805.0,POSITIVE,true
PXD064962_UCD_EVENT,University College Dublin / Conway Institute,protein_groups,241,LFQ intensity PT_D3_22_2_S1-D4_6664,LFQ intensity PT_D3_22_2_S1-D4_6664:241,PT_D3_22_2_S1-D4_6664,P13796,P13796;P13797,PT_D3_22,PT_D3_22,PRETERM,D3,2,0.0,EXPLICIT_ZERO,false
PXD064962_UCD_EVENT,University College Dublin / Conway Institute,protein_groups,241,LFQ intensity PT_D3_28_1_S1-A5_6649,LFQ intensity PT_D3_28_1_S1-A5_6649:241,PT_D3_28_1_S1-A5_6649,P13796,P13796;P13797,PT_D3_28,PT_D3_28,PRETERM,D3,1,0.0,EXPLICIT_ZERO,false
PXD064962_UCD_EVENT,University College Dublin / Conway Institute,protein_groups,241,LFQ intensity PT_D3_28_2_S1-B5_6650,LFQ intensity PT_D3_28_2_S1-B5_6650:241,PT_D3_28_2_S1-B5_6650,P13796,P13796;P13797,PT_D3_28,PT_D3_28,PRETERM,D3,2,0.0,EXPLICIT_ZERO,false
PXD064962_UCD_EVENT,University College Dublin / Conway Institute,protein_groups,241,LFQ intensity PT_D3_30_1_S1-E3_6677,LFQ intensity PT_D3_30_1_S1-E3_6677:241,PT_D3_30_1_S1-E3_6677,P13796,P13796;P13797,PT_D3_30,PT_D3_30,PRETERM,D3,1,0.0,EXPLICIT_ZERO,false
PXD064962_UCD_EVENT,University College Dublin / Conway Institute,protein_groups,241,LFQ intensity PT_D3_30_2_S1-F3_6678,LFQ intensity PT_D3_30_2_S1-F3_6678:241,PT_D3_30_2_S1-F3_6678,P13796,P13796;P13797,PT_D3_30,PT_D3_30,PRETERM,D3,2,0.0,EXPLICIT_ZERO,false
PXD064962_UCD_EVENT,University College Dublin / Conway Institute,protein_groups,241,LFQ intensity PT_D3_37_1_S1-G5_6695,LFQ intensity PT_D3_37_1_S1-G5_6695:241,PT_D3_37_1_S1-G5_6695,P13796,P13796;P13797,PT_D3_37,PT_D3_37,PRETERM,D3,1,0.0,EXPLICIT_ZERO,false
PXD064962_UCD_EVENT,University College Dublin / Conway Institute,protein_groups,241,LFQ intensity PT_D3_37_2_S1-H5_6696,LFQ intensity PT_D3_37_2_S1-H5_6696:241,PT_D3_37_2_S1-H5_6696,P13796,P13796;P13797,PT_D3_37,PT_D3_37,PRETERM,D3,2,0.0,EXPLICIT_ZERO,false
PXD064962_UCD_EVENT,University College Dublin / Conway Institute,protein_groups,241,LFQ intensity PT_D3_41_1_S1-G3_6691,LFQ intensity PT_D3_41_1_S1-G3_6691:241,PT_D3_41_1_S1-G3_6691,P13796,P13796;P13797,PT_D3_41,PT_D3_41,PRETERM,D3,1,19226.0,POSITIVE,true
PXD064962_UCD_EVENT,University College Dublin / Conway Institute,protein_groups,241,LFQ intensity PT_D3_41_2_S1-H3_6692,LFQ intensity PT_D3_41_2_S1-H3_6692:241,PT_D3_41_2_S1-H3_6692,P13796,P13796;P13797,PT_D3_41,PT_D3_41,PRETERM,D3,2,0.0,EXPLICIT_ZERO,false
PXD064962_UCD_EVENT,University College Dublin / Conway Institute,protein_groups,241,LFQ intensity PT_D3_42_1_S1-G4_6693,LFQ intensity PT_D3_42_1_S1-G4_6693:241,PT_D3_42_1_S1-G4_6693,P13796,P13796;P13797,PT_D3_42,PT_D3_42,PRETERM,D3,1,8755.4,POSITIVE,true
PXD064962_UCD_EVENT,University College Dublin / Conway Institute,protein_groups,241,LFQ intensity PT_D3_42_2_S1-H4_6694,LFQ intensity PT_D3_42_2_S1-H4_6694:241,PT_D3_42_2_S1-H4_6694,P13796,P13796;P13797,PT_D3_42,PT_D3_42,PRETERM,D3,2,0.0,EXPLICIT_ZERO,false
PXD064962_UCD_EVENT,University College Dublin / Conway Institute,protein_groups,241,LFQ intensity PT_D3_85_1_S1-E4_6679,LFQ intensity PT_D3_85_1_S1-E4_6679:241,PT_D3_85_1_S1-E4_6679,P13796,P13796;P13797,PT_D3_85,PT_D3_85,PRETERM,D3,1,22336.0,POSITIVE,true
PXD064962_UCD_EVENT,University College Dublin / Conway Institute,protein_groups,241,LFQ intensity PT_D3_85_2_S1-F4_6680,LFQ intensity PT_D3_85_2_S1-F4_6680:241,PT_D3_85_2_S1-F4_6680,P13796,P13796;P13797,PT_D3_85,PT_D3_85,PRETERM,D3,2,0.0,EXPLICIT_ZERO,false
PXD064962_UCD_EVENT,University College Dublin / Conway Institute,protein_groups,241,LFQ intensity PT_D3_96_1_S1-A4_6647,LFQ intensity PT_D3_96_1_S1-A4_6647:241,PT_D3_96_1_S1-A4_6647,P13796,P13796;P13797,PT_D3_96,PT_D3_96,PRETERM,D3,1,16121.0,POSITIVE,true
PXD064962_UCD_EVENT,University College Dublin / Conway Institute,protein_groups,241,LFQ intensity PT_D3_96_2_S1-B4_6648,LFQ intensity PT_D3_96_2_S1-B4_6648:241,PT_D3_96_2_S1-B4_6648,P13796,P13796;P13797,PT_D3_96,PT_D3_96,PRETERM,D3,2,16397.0,POSITIVE,true
PXD064962_UCD_EVENT,University College Dublin / Conway Institute,protein_groups,241,LFQ intensity T_D1_133_1_S1-A6_6651,LFQ intensity T_D1_133_1_S1-A6_6651:241,T_D1_133_1_S1-A6_6651,P13796,P13796;P13797,T_D1_133,T_D1_133,TERM,D1,1,22214.0,POSITIVE,true
PXD064962_UCD_EVENT,University College Dublin / Conway Institute,protein_groups,241,LFQ intensity T_D1_133_2_S1-B6_6652,LFQ intensity T_D1_133_2_S1-B6_6652:241,T_D1_133_2_S1-B6_6652,P13796,P13796;P13797,T_D1_133,T_D1_133,TERM,D1,2,23376.0,POSITIVE,true
PXD064962_UCD_EVENT,University College Dublin / Conway Institute,protein_groups,241,LFQ intensity T_D1_138_1_S1-G6_6697,LFQ intensity T_D1_138_1_S1-G6_6697:241,T_D1_138_1_S1-G6_6697,P13796,P13796;P13797,T_D1_138,T_D1_138,TERM,D1,1,26586.0,POSITIVE,true
PXD064962_UCD_EVENT,University College Dublin / Conway Institute,protein_groups,241,LFQ intensity T_D1_138_2_S1-H6_6698,LFQ intensity T_D1_138_2_S1-H6_6698:241,T_D1_138_2_S1-H6_6698,P13796,P13796;P13797,T_D1_138,T_D1_138,TERM,D1,2,0.0,EXPLICIT_ZERO,false
PXD064962_UCD_EVENT,University College Dublin / Conway Institute,protein_groups,241,LFQ intensity T_D1_165_1_S1-A7_6653,LFQ intensity T_D1_165_1_S1-A7_6653:241,T_D1_165_1_S1-A7_6653,P13796,P13796;P13797,T_D1_165,T_D1_165,TERM,D1,1,0.0,EXPLICIT_ZERO,false
PXD064962_UCD_EVENT,University College Dublin / Conway Institute,protein_groups,241,LFQ intensity T_D1_165_2_S1-B7_6654,LFQ intensity T_D1_165_2_S1-B7_6654:241,T_D1_165_2_S1-B7_6654,P13796,P13796;P13797,T_D1_165,T_D1_165,TERM,D1,2,17951.0,POSITIVE,true
PXD064962_UCD_EVENT,University College Dublin / Conway Institute,protein_groups,241,LFQ intensity T_D1_173_1_S1-E6_6683,LFQ intensity T_D1_173_1_S1-E6_6683:241,T_D1_173_1_S1-E6_6683,P13796,P13796;P13797,T_D1_173,T_D1_173,TERM,D1,1,13264.0,POSITIVE,true
PXD064962_UCD_EVENT,University College Dublin / Conway Institute,protein_groups,241,LFQ intensity T_D1_173_2_S1-F6_6684,LFQ intensity T_D1_173_2_S1-F6_6684:241,T_D1_173_2_S1-F6_6684,P13796,P13796;P13797,T_D1_173,T_D1_173,TERM,D1,2,12390.0,POSITIVE,true
PXD064962_UCD_EVENT,University College Dublin / Conway Institute,protein_groups,241,LFQ intensity T_D1_186_1_S1-C6_6667,LFQ intensity T_D1_186_1_S1-C6_6667:241,T_D1_186_1_S1-C6_6667,P13796,P13796;P13797,T_D1_186,T_D1_186,TERM,D1,1,0.0,EXPLICIT_ZERO,false
PXD064962_UCD_EVENT,University College Dublin / Conway Institute,protein_groups,241,LFQ intensity T_D1_186_2_S1-D6_6668,LFQ intensity T_D1_186_2_S1-D6_6668:241,T_D1_186_2_S1-D6_6668,P13796,P13796;P13797,T_D1_186,T_D1_186,TERM,D1,2,0.0,EXPLICIT_ZERO,false
PXD064962_UCD_EVENT,University College Dublin / Conway Institute,protein_groups,241,LFQ intensity T_D3_119a_1_S1-E7_6685,LFQ intensity T_D3_119a_1_S1-E7_6685:241,T_D3_119a_1_S1-E7_6685,P13796,P13796;P13797,T_D3_119a,T_D3_119a,TERM,D3,1,15837.0,POSITIVE,true
PXD064962_UCD_EVENT,University College Dublin / Conway Institute,protein_groups,241,LFQ intensity T_D3_119a_2_S1-F7_6686,LFQ intensity T_D3_119a_2_S1-F7_6686:241,T_D3_119a_2_S1-F7_6686,P13796,P13796;P13797,T_D3_119a,T_D3_119a,TERM,D3,2,0.0,EXPLICIT_ZERO,false
PXD064962_UCD_EVENT,University College Dublin / Conway Institute,protein_groups,241,LFQ intensity T_D3_119b_1_S1-A8_6655,LFQ intensity T_D3_119b_1_S1-A8_6655:241,T_D3_119b_1_S1-A8_6655,P13796,P13796;P13797,T_D3_119b,T_D3_119b,TERM,D3,1,0.0,EXPLICIT_ZERO,false
PXD064962_UCD_EVENT,University College Dublin / Conway Institute,protein_groups,241,LFQ intensity T_D3_119b_2_S1-B8_6656,LFQ intensity T_D3_119b_2_S1-B8_6656:241,T_D3_119b_2_S1-B8_6656,P13796,P13796;P13797,T_D3_119b,T_D3_119b,TERM,D3,2,0.0,EXPLICIT_ZERO,false
PXD064962_UCD_EVENT,University College Dublin / Conway Institute,protein_groups,241,LFQ intensity T_D3_155_1_S1-G7_6699,LFQ intensity T_D3_155_1_S1-G7_6699:241,T_D3_155_1_S1-G7_6699,P13796,P13796;P13797,T_D3_155,T_D3_155,TERM,D3,1,0.0,EXPLICIT_ZERO,false
PXD064962_UCD_EVENT,University College Dublin / Conway Institute,protein_groups,241,LFQ intensity T_D3_155_2_S1-H7_6700,LFQ intensity T_D3_155_2_S1-H7_6700:241,T_D3_155_2_S1-H7_6700,P13796,P13796;P13797,T_D3_155,T_D3_155,TERM,D3,2,0.0,EXPLICIT_ZERO,false
PXD064962_UCD_EVENT,University College Dublin / Conway Institute,protein_groups,241,LFQ intensity T_D3_178_1_S1-C7_6669,LFQ intensity T_D3_178_1_S1-C7_6669:241,T_D3_178_1_S1-C7_6669,P13796,P13796;P13797,T_D3_178,T_D3_178,TERM,D3,1,0.0,EXPLICIT_ZERO,false
PXD064962_UCD_EVENT,University College Dublin / Conway Institute,protein_groups,241,LFQ intensity T_D3_178_2_S1-D7_6670,LFQ intensity T_D3_178_2_S1-D7_6670:241,T_D3_178_2_S1-D7_6670,P13796,P13796;P13797,T_D3_178,T_D3_178,TERM,D3,2,0.0,EXPLICIT_ZERO,false
PXD064962_UCD_EVENT,University College Dublin / Conway Institute,protein_groups,241,LFQ intensity T_D3_198_1_S1-C8_6671,LFQ intensity T_D3_198_1_S1-C8_6671:241,T_D3_198_1_S1-C8_6671,P13796,P13796;P13797,T_D3_198,T_D3_198,TERM,D3,1,7955.5,POSITIVE,true
PXD064962_UCD_EVENT,University College Dublin / Conway Institute,protein_groups,241,LFQ intensity T_D3_198_2_S1-D8_6672,LFQ intensity T_D3_198_2_S1-D8_6672:241,T_D3_198_2_S1-D8_6672,P13796,P13796;P13797,T_D3_198,T_D3_198,TERM,D3,2,20516.0,POSITIVE,true
PXD064962_UCD_EVENT,University College Dublin / Conway Institute,protein_groups,274,LFQ intensity PT_D1_16_1_S1-A1_6641,LFQ intensity PT_D1_16_1_S1-A1_6641:274,PT_D1_16_1_S1-A1_6641,P26038,P26038;P35241;P15311,PT_D1_16,PT_D1_16,PRETERM,D1,1,0.0,EXPLICIT_ZERO,false
PXD064962_UCD_EVENT,University College Dublin / Conway Institute,protein_groups,274,LFQ intensity PT_D1_16_2_S1-B1_6642,LFQ intensity PT_D1_16_2_S1-B1_6642:274,PT_D1_16_2_S1-B1_6642,P26038,P26038;P35241;P15311,PT_D1_16,PT_D1_16,PRETERM,D1,2,22241.0,POSITIVE,true
PXD064962_UCD_EVENT,University College Dublin / Conway Institute,protein_groups,274,LFQ intensity PT_D1_18_1_S1-C1_6657,LFQ intensity PT_D1_18_1_S1-C1_6657:274,PT_D1_18_1_S1-C1_6657,P26038,P26038;P35241;P15311,PT_D1_18,PT_D1_18,PRETERM,D1,1,0.0,EXPLICIT_ZERO,false
PXD064962_UCD_EVENT,University College Dublin / Conway Institute,protein_groups,274,LFQ intensity PT_D1_18_2_S1-D1_6658,LFQ intensity PT_D1_18_2_S1-D1_6658:274,PT_D1_18_2_S1-D1_6658,P26038,P26038;P35241;P15311,PT_D1_18,PT_D1_18,PRETERM,D1,2,165720.0,POSITIVE,true
PXD064962_UCD_EVENT,University College Dublin / Conway Institute,protein_groups,274,LFQ intensity PT_D1_20_1_S1-E1_6673,LFQ intensity PT_D1_20_1_S1-E1_6673:274,PT_D1_20_1_S1-E1_6673,P26038,P26038;P35241;P15311,PT_D1_20,PT_D1_20,PRETERM,D1,1,0.0,EXPLICIT_ZERO,false
PXD064962_UCD_EVENT,University College Dublin / Conway Institute,protein_groups,274,LFQ intensity PT_D1_20_2_S1-F1_6674,LFQ intensity PT_D1_20_2_S1-F1_6674:274,PT_D1_20_2_S1-F1_6674,P26038,P26038;P35241;P15311,PT_D1_20,PT_D1_20,PRETERM,D1,2,0.0,EXPLICIT_ZERO,false
PXD064962_UCD_EVENT,University College Dublin / Conway Institute,protein_groups,274,LFQ intensity PT_D1_23_1_S1-G1_6687,LFQ intensity PT_D1_23_1_S1-G1_6687:274,PT_D1_23_1_S1-G1_6687,P26038,P26038;P35241;P15311,PT_D1_23,PT_D1_23,PRETERM,D1,1,18411.0,POSITIVE,true
PXD064962_UCD_EVENT,University College Dublin / Conway Institute,protein_groups,274,LFQ intensity PT_D1_23_2_S1-H1_6688,LFQ intensity PT_D1_23_2_S1-H1_6688:274,PT_D1_23_2_S1-H1_6688,P26038,P26038;P35241;P15311,PT_D1_23,PT_D1_23,PRETERM,D1,2,60157.0,POSITIVE,true
PXD064962_UCD_EVENT,University College Dublin / Conway Institute,protein_groups,274,LFQ intensity PT_D1_33_1_S1-A2_6643,LFQ intensity PT_D1_33_1_S1-A2_6643:274,PT_D1_33_1_S1-A2_6643,P26038,P26038;P35241;P15311,PT_D1_33,PT_D1_33,PRETERM,D1,1,80093.0,POSITIVE,true
PXD064962_UCD_EVENT,University College Dublin / Conway Institute,protein_groups,274,LFQ intensity PT_D1_33_2_S1-B2_6644,LFQ intensity PT_D1_33_2_S1-B2_6644:274,PT_D1_33_2_S1-B2_6644,P26038,P26038;P35241;P15311,PT_D1_33,PT_D1_33,PRETERM,D1,2,79926.0,POSITIVE,true
PXD064962_UCD_EVENT,University College Dublin / Conway Institute,protein_groups,274,LFQ intensity PT_D1_34_1_S1-C2_6659,LFQ intensity PT_D1_34_1_S1-C2_6659:274,PT_D1_34_1_S1-C2_6659,P26038,P26038;P35241;P15311,PT_D1_34,PT_D1_34,PRETERM,D1,1,0.0,EXPLICIT_ZERO,false
PXD064962_UCD_EVENT,University College Dublin / Conway Institute,protein_groups,274,LFQ intensity PT_D1_34_2_S1-D2_6660,LFQ intensity PT_D1_34_2_S1-D2_6660:274,PT_D1_34_2_S1-D2_6660,P26038,P26038;P35241;P15311,PT_D1_34,PT_D1_34,PRETERM,D1,2,0.0,EXPLICIT_ZERO,false
PXD064962_UCD_EVENT,University College Dublin / Conway Institute,protein_groups,274,LFQ intensity PT_D1_48_1_S1-E2_6675,LFQ intensity PT_D1_48_1_S1-E2_6675:274,PT_D1_48_1_S1-E2_6675,P26038,P26038;P35241;P15311,PT_D1_48,PT_D1_48,PRETERM,D1,1,0.0,EXPLICIT_ZERO,false
PXD064962_UCD_EVENT,University College Dublin / Conway Institute,protein_groups,274,LFQ intensity PT_D1_48_2_S1-F2_6676,LFQ intensity PT_D1_48_2_S1-F2_6676:274,PT_D1_48_2_S1-F2_6676,P26038,P26038;P35241;P15311,PT_D1_48,PT_D1_48,PRETERM,D1,2,0.0,EXPLICIT_ZERO,false
PXD064962_UCD_EVENT,University College Dublin / Conway Institute,protein_groups,274,LFQ intensity PT_D1_51_1_S1-G2_6689,LFQ intensity PT_D1_51_1_S1-G2_6689:274,PT_D1_51_1_S1-G2_6689,P26038,P26038;P35241;P15311,PT_D1_51,PT_D1_51,PRETERM,D1,1,22913.0,POSITIVE,true
PXD064962_UCD_EVENT,University College Dublin / Conway Institute,protein_groups,274,LFQ intensity PT_D1_51_2_S1-H2_6690,LFQ intensity PT_D1_51_2_S1-H2_6690:274,PT_D1_51_2_S1-H2_6690,P26038,P26038;P35241;P15311,PT_D1_51,PT_D1_51,PRETERM,D1,2,0.0,EXPLICIT_ZERO,false
PXD064962_UCD_EVENT,University College Dublin / Conway Institute,protein_groups,274,LFQ intensity PT_D1_73_1_S1-A3_6645,LFQ intensity PT_D1_73_1_S1-A3_6645:274,PT_D1_73_1_S1-A3_6645,P26038,P26038;P35241;P15311,PT_D1_73,PT_D1_73,PRETERM,D1,1,24308.0,POSITIVE,true
PXD064962_UCD_EVENT,University College Dublin / Conway Institute,protein_groups,274,LFQ intensity PT_D1_73_2_S1-B3_6646,LFQ intensity PT_D1_73_2_S1-B3_6646:274,PT_D1_73_2_S1-B3_6646,P26038,P26038;P35241;P15311,PT_D1_73,PT_D1_73,PRETERM,D1,2,0.0,EXPLICIT_ZERO,false
PXD064962_UCD_EVENT,University College Dublin / Conway Institute,protein_groups,274,LFQ intensity PT_D1_81_1_S1-C3_6661,LFQ intensity PT_D1_81_1_S1-C3_6661:274,PT_D1_81_1_S1-C3_6661,P26038,P26038;P35241;P15311,PT_D1_81,PT_D1_81,PRETERM,D1,1,0.0,EXPLICIT_ZERO,false
PXD064962_UCD_EVENT,University College Dublin / Conway Institute,protein_groups,274,LFQ intensity PT_D1_81_2_S1-D3_6662,LFQ intensity PT_D1_81_2_S1-D3_6662:274,PT_D1_81_2_S1-D3_6662,P26038,P26038;P35241;P15311,PT_D1_81,PT_D1_81,PRETERM,D1,2,0.0,EXPLICIT_ZERO,false
PXD064962_UCD_EVENT,University College Dublin / Conway Institute,protein_groups,274,LFQ intensity PT_D3_06_1_S1-E5_6681,LFQ intensity PT_D3_06_1_S1-E5_6681:274,PT_D3_06_1_S1-E5_6681,P26038,P26038;P35241;P15311,PT_D3_06,PT_D3_06,PRETERM,D3,1,0.0,EXPLICIT_ZERO,false
PXD064962_UCD_EVENT,University College Dublin / Conway Institute,protein_groups,274,LFQ intensity PT_D3_06_2_S1-F5_6682,LFQ intensity PT_D3_06_2_S1-F5_6682:274,PT_D3_06_2_S1-F5_6682,P26038,P26038;P35241;P15311,PT_D3_06,PT_D3_06,PRETERM,D3,2,0.0,EXPLICIT_ZERO,false
PXD064962_UCD_EVENT,University College Dublin / Conway Institute,protein_groups,274,LFQ intensity PT_D3_14_1_S1-C5_6665,LFQ intensity PT_D3_14_1_S1-C5_6665:274,PT_D3_14_1_S1-C5_6665,P26038,P26038;P35241;P15311,PT_D3_14,PT_D3_14,PRETERM,D3,1,0.0,EXPLICIT_ZERO,false
PXD064962_UCD_EVENT,University College Dublin / Conway Institute,protein_groups,274,LFQ intensity PT_D3_14_2_S1-D5_6666,LFQ intensity PT_D3_14_2_S1-D5_6666:274,PT_D3_14_2_S1-D5_6666,P26038,P26038;P35241;P15311,PT_D3_14,PT_D3_14,PRETERM,D3,2,0.0,EXPLICIT_ZERO,false
PXD064962_UCD_EVENT,University College Dublin / Conway Institute,protein_groups,274,LFQ intensity PT_D3_22_1_S1-C4_6663,LFQ intensity PT_D3_22_1_S1-C4_6663:274,PT_D3_22_1_S1-C4_6663,P26038,P26038;P35241;P15311,PT_D3_22,PT_D3_22,PRETERM,D3,1,0.0,EXPLICIT_ZERO,false
PXD064962_UCD_EVENT,University College Dublin / Conway Institute,protein_groups,274,LFQ intensity PT_D3_22_2_S1-D4_6664,LFQ intensity PT_D3_22_2_S1-D4_6664:274,PT_D3_22_2_S1-D4_6664,P26038,P26038;P35241;P15311,PT_D3_22,PT_D3_22,PRETERM,D3,2,0.0,EXPLICIT_ZERO,false
PXD064962_UCD_EVENT,University College Dublin / Conway Institute,protein_groups,274,LFQ intensity PT_D3_28_1_S1-A5_6649,LFQ intensity PT_D3_28_1_S1-A5_6649:274,PT_D3_28_1_S1-A5_6649,P26038,P26038;P35241;P15311,PT_D3_28,PT_D3_28,PRETERM,D3,1,19718.0,POSITIVE,true
PXD064962_UCD_EVENT,University College Dublin / Conway Institute,protein_groups,274,LFQ intensity PT_D3_28_2_S1-B5_6650,LFQ intensity PT_D3_28_2_S1-B5_6650:274,PT_D3_28_2_S1-B5_6650,P26038,P26038;P35241;P15311,PT_D3_28,PT_D3_28,PRETERM,D3,2,0.0,EXPLICIT_ZERO,false
PXD064962_UCD_EVENT,University College Dublin / Conway Institute,protein_groups,274,LFQ intensity PT_D3_30_1_S1-E3_6677,LFQ intensity PT_D3_30_1_S1-E3_6677:274,PT_D3_30_1_S1-E3_6677,P26038,P26038;P35241;P15311,PT_D3_30,PT_D3_30,PRETERM,D3,1,0.0,EXPLICIT_ZERO,false
PXD064962_UCD_EVENT,University College Dublin / Conway Institute,protein_groups,274,LFQ intensity PT_D3_30_2_S1-F3_6678,LFQ intensity PT_D3_30_2_S1-F3_6678:274,PT_D3_30_2_S1-F3_6678,P26038,P26038;P35241;P15311,PT_D3_30,PT_D3_30,PRETERM,D3,2,24599.0,POSITIVE,true
PXD064962_UCD_EVENT,University College Dublin / Conway Institute,protein_groups,274,LFQ intensity PT_D3_37_1_S1-G5_6695,LFQ intensity PT_D3_37_1_S1-G5_6695:274,PT_D3_37_1_S1-G5_6695,P26038,P26038;P35241;P15311,PT_D3_37,PT_D3_37,PRETERM,D3,1,0.0,EXPLICIT_ZERO,false
PXD064962_UCD_EVENT,University College Dublin / Conway Institute,protein_groups,274,LFQ intensity PT_D3_37_2_S1-H5_6696,LFQ intensity PT_D3_37_2_S1-H5_6696:274,PT_D3_37_2_S1-H5_6696,P26038,P26038;P35241;P15311,PT_D3_37,PT_D3_37,PRETERM,D3,2,0.0,EXPLICIT_ZERO,false
PXD064962_UCD_EVENT,University College Dublin / Conway Institute,protein_groups,274,LFQ intensity PT_D3_41_1_S1-G3_6691,LFQ intensity PT_D3_41_1_S1-G3_6691:274,PT_D3_41_1_S1-G3_6691,P26038,P26038;P35241;P15311,PT_D3_41,PT_D3_41,PRETERM,D3,1,0.0,EXPLICIT_ZERO,false
PXD064962_UCD_EVENT,University College Dublin / Conway Institute,protein_groups,274,LFQ intensity PT_D3_41_2_S1-H3_6692,LFQ intensity PT_D3_41_2_S1-H3_6692:274,PT_D3_41_2_S1-H3_6692,P26038,P26038;P35241;P15311,PT_D3_41,PT_D3_41,PRETERM,D3,2,0.0,EXPLICIT_ZERO,false
PXD064962_UCD_EVENT,University College Dublin / Conway Institute,protein_groups,274,LFQ intensity PT_D3_42_1_S1-G4_6693,LFQ intensity PT_D3_42_1_S1-G4_6693:274,PT_D3_42_1_S1-G4_6693,P26038,P26038;P35241;P15311,PT_D3_42,PT_D3_42,PRETERM,D3,1,0.0,EXPLICIT_ZERO,false
PXD064962_UCD_EVENT,University College Dublin / Conway Institute,protein_groups,274,LFQ intensity PT_D3_42_2_S1-H4_6694,LFQ intensity PT_D3_42_2_S1-H4_6694:274,PT_D3_42_2_S1-H4_6694,P26038,P26038;P35241;P15311,PT_D3_42,PT_D3_42,PRETERM,D3,2,0.0,EXPLICIT_ZERO,false
PXD064962_UCD_EVENT,University College Dublin / Conway Institute,protein_groups,274,LFQ intensity PT_D3_85_1_S1-E4_6679,LFQ intensity PT_D3_85_1_S1-E4_6679:274,PT_D3_85_1_S1-E4_6679,P26038,P26038;P35241;P15311,PT_D3_85,PT_D3_85,PRETERM,D3,1,0.0,EXPLICIT_ZERO,false
PXD064962_UCD_EVENT,University College Dublin / Conway Institute,protein_groups,274,LFQ intensity PT_D3_85_2_S1-F4_6680,LFQ intensity PT_D3_85_2_S1-F4_6680:274,PT_D3_85_2_S1-F4_6680,P26038,P26038;P35241;P15311,PT_D3_85,PT_D3_85,PRETERM,D3,2,0.0,EXPLICIT_ZERO,false
PXD064962_UCD_EVENT,University College Dublin / Conway Institute,protein_groups,274,LFQ intensity PT_D3_96_1_S1-A4_6647,LFQ intensity PT_D3_96_1_S1-A4_6647:274,PT_D3_96_1_S1-A4_6647,P26038,P26038;P35241;P15311,PT_D3_96,PT_D3_96,PRETERM,D3,1,0.0,EXPLICIT_ZERO,false
PXD064962_UCD_EVENT,University College Dublin / Conway Institute,protein_groups,274,LFQ intensity PT_D3_96_2_S1-B4_6648,LFQ intensity PT_D3_96_2_S1-B4_6648:274,PT_D3_96_2_S1-B4_6648,P26038,P26038;P35241;P15311,PT_D3_96,PT_D3_96,PRETERM,D3,2,0.0,EXPLICIT_ZERO,false
PXD064962_UCD_EVENT,University College Dublin / Conway Institute,protein_groups,274,LFQ intensity T_D1_133_1_S1-A6_6651,LFQ intensity T_D1_133_1_S1-A6_6651:274,T_D1_133_1_S1-A6_6651,P26038,P26038;P35241;P15311,T_D1_133,T_D1_133,TERM,D1,1,0.0,EXPLICIT_ZERO,false
PXD064962_UCD_EVENT,University College Dublin / Conway Institute,protein_groups,274,LFQ intensity T_D1_133_2_S1-B6_6652,LFQ intensity T_D1_133_2_S1-B6_6652:274,T_D1_133_2_S1-B6_6652,P26038,P26038;P35241;P15311,T_D1_133,T_D1_133,TERM,D1,2,0.0,EXPLICIT_ZERO,false
PXD064962_UCD_EVENT,University College Dublin / Conway Institute,protein_groups,274,LFQ intensity T_D1_138_1_S1-G6_6697,LFQ intensity T_D1_138_1_S1-G6_6697:274,T_D1_138_1_S1-G6_6697,P26038,P26038;P35241;P15311,T_D1_138,T_D1_138,TERM,D1,1,0.0,EXPLICIT_ZERO,false
PXD064962_UCD_EVENT,University College Dublin / Conway Institute,protein_groups,274,LFQ intensity T_D1_138_2_S1-H6_6698,LFQ intensity T_D1_138_2_S1-H6_6698:274,T_D1_138_2_S1-H6_6698,P26038,P26038;P35241;P15311,T_D1_138,T_D1_138,TERM,D1,2,0.0,EXPLICIT_ZERO,false
PXD064962_UCD_EVENT,University College Dublin / Conway Institute,protein_groups,274,LFQ intensity T_D1_165_1_S1-A7_6653,LFQ intensity T_D1_165_1_S1-A7_6653:274,T_D1_165_1_S1-A7_6653,P26038,P26038;P35241;P15311,T_D1_165,T_D1_165,TERM,D1,1,0.0,EXPLICIT_ZERO,false
PXD064962_UCD_EVENT,University College Dublin / Conway Institute,protein_groups,274,LFQ intensity T_D1_165_2_S1-B7_6654,LFQ intensity T_D1_165_2_S1-B7_6654:274,T_D1_165_2_S1-B7_6654,P26038,P26038;P35241;P15311,T_D1_165,T_D1_165,TERM,D1,2,0.0,EXPLICIT_ZERO,false
PXD064962_UCD_EVENT,University College Dublin / Conway Institute,protein_groups,274,LFQ intensity T_D1_173_1_S1-E6_6683,LFQ intensity T_D1_173_1_S1-E6_6683:274,T_D1_173_1_S1-E6_6683,P26038,P26038;P35241;P15311,T_D1_173,T_D1_173,TERM,D1,1,0.0,EXPLICIT_ZERO,false
PXD064962_UCD_EVENT,University College Dublin / Conway Institute,protein_groups,274,LFQ intensity T_D1_173_2_S1-F6_6684,LFQ intensity T_D1_173_2_S1-F6_6684:274,T_D1_173_2_S1-F6_6684,P26038,P26038;P35241;P15311,T_D1_173,T_D1_173,TERM,D1,2,0.0,EXPLICIT_ZERO,false
PXD064962_UCD_EVENT,University College Dublin / Conway Institute,protein_groups,274,LFQ intensity T_D1_186_1_S1-C6_6667,LFQ intensity T_D1_186_1_S1-C6_6667:274,T_D1_186_1_S1-C6_6667,P26038,P26038;P35241;P15311,T_D1_186,T_D1_186,TERM,D1,1,0.0,EXPLICIT_ZERO,false
PXD064962_UCD_EVENT,University College Dublin / Conway Institute,protein_groups,274,LFQ intensity T_D1_186_2_S1-D6_6668,LFQ intensity T_D1_186_2_S1-D6_6668:274,T_D1_186_2_S1-D6_6668,P26038,P26038;P35241;P15311,T_D1_186,T_D1_186,TERM,D1,2,25642.0,POSITIVE,true
PXD064962_UCD_EVENT,University College Dublin / Conway Institute,protein_groups,274,LFQ intensity T_D3_119a_1_S1-E7_6685,LFQ intensity T_D3_119a_1_S1-E7_6685:274,T_D3_119a_1_S1-E7_6685,P26038,P26038;P35241;P15311,T_D3_119a,T_D3_119a,TERM,D3,1,0.0,EXPLICIT_ZERO,false
PXD064962_UCD_EVENT,University College Dublin / Conway Institute,protein_groups,274,LFQ intensity T_D3_119a_2_S1-F7_6686,LFQ intensity T_D3_119a_2_S1-F7_6686:274,T_D3_119a_2_S1-F7_6686,P26038,P26038;P35241;P15311,T_D3_119a,T_D3_119a,TERM,D3,2,14402.0,POSITIVE,true
PXD064962_UCD_EVENT,University College Dublin / Conway Institute,protein_groups,274,LFQ intensity T_D3_119b_1_S1-A8_6655,LFQ intensity T_D3_119b_1_S1-A8_6655:274,T_D3_119b_1_S1-A8_6655,P26038,P26038;P35241;P15311,T_D3_119b,T_D3_119b,TERM,D3,1,0.0,EXPLICIT_ZERO,false
PXD064962_UCD_EVENT,University College Dublin / Conway Institute,protein_groups,274,LFQ intensity T_D3_119b_2_S1-B8_6656,LFQ intensity T_D3_119b_2_S1-B8_6656:274,T_D3_119b_2_S1-B8_6656,P26038,P26038;P35241;P15311,T_D3_119b,T_D3_119b,TERM,D3,2,20637.0,POSITIVE,true
PXD064962_UCD_EVENT,University College Dublin / Conway Institute,protein_groups,274,LFQ intensity T_D3_155_1_S1-G7_6699,LFQ intensity T_D3_155_1_S1-G7_6699:274,T_D3_155_1_S1-G7_6699,P26038,P26038;P35241;P15311,T_D3_155,T_D3_155,TERM,D3,1,0.0,EXPLICIT_ZERO,false
PXD064962_UCD_EVENT,University College Dublin / Conway Institute,protein_groups,274,LFQ intensity T_D3_155_2_S1-H7_6700,LFQ intensity T_D3_155_2_S1-H7_6700:274,T_D3_155_2_S1-H7_6700,P26038,P26038;P35241;P15311,T_D3_155,T_D3_155,TERM,D3,2,0.0,EXPLICIT_ZERO,false
PXD064962_UCD_EVENT,University College Dublin / Conway Institute,protein_groups,274,LFQ intensity T_D3_178_1_S1-C7_6669,LFQ intensity T_D3_178_1_S1-C7_6669:274,T_D3_178_1_S1-C7_6669,P26038,P26038;P35241;P15311,T_D3_178,T_D3_178,TERM,D3,1,0.0,EXPLICIT_ZERO,false
PXD064962_UCD_EVENT,University College Dublin / Conway Institute,protein_groups,274,LFQ intensity T_D3_178_2_S1-D7_6670,LFQ intensity T_D3_178_2_S1-D7_6670:274,T_D3_178_2_S1-D7_6670,P26038,P26038;P35241;P15311,T_D3_178,T_D3_178,TERM,D3,2,0.0,EXPLICIT_ZERO,false
PXD064962_UCD_EVENT,University College Dublin / Conway Institute,protein_groups,274,LFQ intensity T_D3_198_1_S1-C8_6671,LFQ intensity T_D3_198_1_S1-C8_6671:274,T_D3_198_1_S1-C8_6671,P26038,P26038;P35241;P15311,T_D3_198,T_D3_198,TERM,D3,1,24917.0,POSITIVE,true
PXD064962_UCD_EVENT,University College Dublin / Conway Institute,protein_groups,274,LFQ intensity T_D3_198_2_S1-D8_6672,LFQ intensity T_D3_198_2_S1-D8_6672:274,T_D3_198_2_S1-D8_6672,P26038,P26038;P35241;P15311,T_D3_198,T_D3_198,TERM,D3,2,17130.0,POSITIVE,true
PXD064962_UCD_EVENT,University College Dublin / Conway Institute,protein_groups,278,LFQ intensity PT_D1_16_1_S1-A1_6641,LFQ intensity PT_D1_16_1_S1-A1_6641:278,PT_D1_16_1_S1-A1_6641,P27348,P27348;P31946,PT_D1_16,PT_D1_16,PRETERM,D1,1,0.0,EXPLICIT_ZERO,false
PXD064962_UCD_EVENT,University College Dublin / Conway Institute,protein_groups,278,LFQ intensity PT_D1_16_2_S1-B1_6642,LFQ intensity PT_D1_16_2_S1-B1_6642:278,PT_D1_16_2_S1-B1_6642,P27348,P27348;P31946,PT_D1_16,PT_D1_16,PRETERM,D1,2,0.0,EXPLICIT_ZERO,false
PXD064962_UCD_EVENT,University College Dublin / Conway Institute,protein_groups,278,LFQ intensity PT_D1_18_1_S1-C1_6657,LFQ intensity PT_D1_18_1_S1-C1_6657:278,PT_D1_18_1_S1-C1_6657,P27348,P27348;P31946,PT_D1_18,PT_D1_18,PRETERM,D1,1,0.0,EXPLICIT_ZERO,false
PXD064962_UCD_EVENT,University College Dublin / Conway Institute,protein_groups,278,LFQ intensity PT_D1_18_2_S1-D1_6658,LFQ intensity PT_D1_18_2_S1-D1_6658:278,PT_D1_18_2_S1-D1_6658,P27348,P27348;P31946,PT_D1_18,PT_D1_18,PRETERM,D1,2,0.0,EXPLICIT_ZERO,false
PXD064962_UCD_EVENT,University College Dublin / Conway Institute,protein_groups,278,LFQ intensity PT_D1_20_1_S1-E1_6673,LFQ intensity PT_D1_20_1_S1-E1_6673:278,PT_D1_20_1_S1-E1_6673,P27348,P27348;P31946,PT_D1_20,PT_D1_20,PRETERM,D1,1,0.0,EXPLICIT_ZERO,false
PXD064962_UCD_EVENT,University College Dublin / Conway Institute,protein_groups,278,LFQ intensity PT_D1_20_2_S1-F1_6674,LFQ intensity PT_D1_20_2_S1-F1_6674:278,PT_D1_20_2_S1-F1_6674,P27348,P27348;P31946,PT_D1_20,PT_D1_20,PRETERM,D1,2,0.0,EXPLICIT_ZERO,false
PXD064962_UCD_EVENT,University College Dublin / Conway Institute,protein_groups,278,LFQ intensity PT_D1_23_1_S1-G1_6687,LFQ intensity PT_D1_23_1_S1-G1_6687:278,PT_D1_23_1_S1-G1_6687,P27348,P27348;P31946,PT_D1_23,PT_D1_23,PRETERM,D1,1,0.0,EXPLICIT_ZERO,false
PXD064962_UCD_EVENT,University College Dublin / Conway Institute,protein_groups,278,LFQ intensity PT_D1_23_2_S1-H1_6688,LFQ intensity PT_D1_23_2_S1-H1_6688:278,PT_D1_23_2_S1-H1_6688,P27348,P27348;P31946,PT_D1_23,PT_D1_23,PRETERM,D1,2,0.0,EXPLICIT_ZERO,false
PXD064962_UCD_EVENT,University College Dublin / Conway Institute,protein_groups,278,LFQ intensity PT_D1_33_1_S1-A2_6643,LFQ intensity PT_D1_33_1_S1-A2_6643:278,PT_D1_33_1_S1-A2_6643,P27348,P27348;P31946,PT_D1_33,PT_D1_33,PRETERM,D1,1,0.0,EXPLICIT_ZERO,false
PXD064962_UCD_EVENT,University College Dublin / Conway Institute,protein_groups,278,LFQ intensity PT_D1_33_2_S1-B2_6644,LFQ intensity PT_D1_33_2_S1-B2_6644:278,PT_D1_33_2_S1-B2_6644,P27348,P27348;P31946,PT_D1_33,PT_D1_33,PRETERM,D1,2,0.0,EXPLICIT_ZERO,false
PXD064962_UCD_EVENT,University College Dublin / Conway Institute,protein_groups,278,LFQ intensity PT_D1_34_1_S1-C2_6659,LFQ intensity PT_D1_34_1_S1-C2_6659:278,PT_D1_34_1_S1-C2_6659,P27348,P27348;P31946,PT_D1_34,PT_D1_34,PRETERM,D1,1,0.0,EXPLICIT_ZERO,false
PXD064962_UCD_EVENT,University College Dublin / Conway Institute,protein_groups,278,LFQ intensity PT_D1_34_2_S1-D2_6660,LFQ intensity PT_D1_34_2_S1-D2_6660:278,PT_D1_34_2_S1-D2_6660,P27348,P27348;P31946,PT_D1_34,PT_D1_34,PRETERM,D1,2,0.0,EXPLICIT_ZERO,false
PXD064962_UCD_EVENT,University College Dublin / Conway Institute,protein_groups,278,LFQ intensity PT_D1_48_1_S1-E2_6675,LFQ intensity PT_D1_48_1_S1-E2_6675:278,PT_D1_48_1_S1-E2_6675,P27348,P27348;P31946,PT_D1_48,PT_D1_48,PRETERM,D1,1,0.0,EXPLICIT_ZERO,false
PXD064962_UCD_EVENT,University College Dublin / Conway Institute,protein_groups,278,LFQ intensity PT_D1_48_2_S1-F2_6676,LFQ intensity PT_D1_48_2_S1-F2_6676:278,PT_D1_48_2_S1-F2_6676,P27348,P27348;P31946,PT_D1_48,PT_D1_48,PRETERM,D1,2,0.0,EXPLICIT_ZERO,false
PXD064962_UCD_EVENT,University College Dublin / Conway Institute,protein_groups,278,LFQ intensity PT_D1_51_1_S1-G2_6689,LFQ intensity PT_D1_51_1_S1-G2_6689:278,PT_D1_51_1_S1-G2_6689,P27348,P27348;P31946,PT_D1_51,PT_D1_51,PRETERM,D1,1,0.0,EXPLICIT_ZERO,false
PXD064962_UCD_EVENT,University College Dublin / Conway Institute,protein_groups,278,LFQ intensity PT_D1_51_2_S1-H2_6690,LFQ intensity PT_D1_51_2_S1-H2_6690:278,PT_D1_51_2_S1-H2_6690,P27348,P27348;P31946,PT_D1_51,PT_D1_51,PRETERM,D1,2,0.0,EXPLICIT_ZERO,false
PXD064962_UCD_EVENT,University College Dublin / Conway Institute,protein_groups,278,LFQ intensity PT_D1_73_1_S1-A3_6645,LFQ intensity PT_D1_73_1_S1-A3_6645:278,PT_D1_73_1_S1-A3_6645,P27348,P27348;P31946,PT_D1_73,PT_D1_73,PRETERM,D1,1,0.0,EXPLICIT_ZERO,false
PXD064962_UCD_EVENT,University College Dublin / Conway Institute,protein_groups,278,LFQ intensity PT_D1_73_2_S1-B3_6646,LFQ intensity PT_D1_73_2_S1-B3_6646:278,PT_D1_73_2_S1-B3_6646,P27348,P27348;P31946,PT_D1_73,PT_D1_73,PRETERM,D1,2,0.0,EXPLICIT_ZERO,false
PXD064962_UCD_EVENT,University College Dublin / Conway Institute,protein_groups,278,LFQ intensity PT_D1_81_1_S1-C3_6661,LFQ intensity PT_D1_81_1_S1-C3_6661:278,PT_D1_81_1_S1-C3_6661,P27348,P27348;P31946,PT_D1_81,PT_D1_81,PRETERM,D1,1,0.0,EXPLICIT_ZERO,false
PXD064962_UCD_EVENT,University College Dublin / Conway Institute,protein_groups,278,LFQ intensity PT_D1_81_2_S1-D3_6662,LFQ intensity PT_D1_81_2_S1-D3_6662:278,PT_D1_81_2_S1-D3_6662,P27348,P27348;P31946,PT_D1_81,PT_D1_81,PRETERM,D1,2,0.0,EXPLICIT_ZERO,false
PXD064962_UCD_EVENT,University College Dublin / Conway Institute,protein_groups,278,LFQ intensity PT_D3_06_1_S1-E5_6681,LFQ intensity PT_D3_06_1_S1-E5_6681:278,PT_D3_06_1_S1-E5_6681,P27348,P27348;P31946,PT_D3_06,PT_D3_06,PRETERM,D3,1,0.0,EXPLICIT_ZERO,false
PXD064962_UCD_EVENT,University College Dublin / Conway Institute,protein_groups,278,LFQ intensity PT_D3_06_2_S1-F5_6682,LFQ intensity PT_D3_06_2_S1-F5_6682:278,PT_D3_06_2_S1-F5_6682,P27348,P27348;P31946,PT_D3_06,PT_D3_06,PRETERM,D3,2,0.0,EXPLICIT_ZERO,false
PXD064962_UCD_EVENT,University College Dublin / Conway Institute,protein_groups,278,LFQ intensity PT_D3_14_1_S1-C5_6665,LFQ intensity PT_D3_14_1_S1-C5_6665:278,PT_D3_14_1_S1-C5_6665,P27348,P27348;P31946,PT_D3_14,PT_D3_14,PRETERM,D3,1,0.0,EXPLICIT_ZERO,false
PXD064962_UCD_EVENT,University College Dublin / Conway Institute,protein_groups,278,LFQ intensity PT_D3_14_2_S1-D5_6666,LFQ intensity PT_D3_14_2_S1-D5_6666:278,PT_D3_14_2_S1-D5_6666,P27348,P27348;P31946,PT_D3_14,PT_D3_14,PRETERM,D3,2,0.0,EXPLICIT_ZERO,false
PXD064962_UCD_EVENT,University College Dublin / Conway Institute,protein_groups,278,LFQ intensity PT_D3_22_1_S1-C4_6663,LFQ intensity PT_D3_22_1_S1-C4_6663:278,PT_D3_22_1_S1-C4_6663,P27348,P27348;P31946,PT_D3_22,PT_D3_22,PRETERM,D3,1,0.0,EXPLICIT_ZERO,false
PXD064962_UCD_EVENT,University College Dublin / Conway Institute,protein_groups,278,LFQ intensity PT_D3_22_2_S1-D4_6664,LFQ intensity PT_D3_22_2_S1-D4_6664:278,PT_D3_22_2_S1-D4_6664,P27348,P27348;P31946,PT_D3_22,PT_D3_22,PRETERM,D3,2,0.0,EXPLICIT_ZERO,false
PXD064962_UCD_EVENT,University College Dublin / Conway Institute,protein_groups,278,LFQ intensity PT_D3_28_1_S1-A5_6649,LFQ intensity PT_D3_28_1_S1-A5_6649:278,PT_D3_28_1_S1-A5_6649,P27348,P27348;P31946,PT_D3_28,PT_D3_28,PRETERM,D3,1,0.0,EXPLICIT_ZERO,false
PXD064962_UCD_EVENT,University College Dublin / Conway Institute,protein_groups,278,LFQ intensity PT_D3_28_2_S1-B5_6650,LFQ intensity PT_D3_28_2_S1-B5_6650:278,PT_D3_28_2_S1-B5_6650,P27348,P27348;P31946,PT_D3_28,PT_D3_28,PRETERM,D3,2,0.0,EXPLICIT_ZERO,false
PXD064962_UCD_EVENT,University College Dublin / Conway Institute,protein_groups,278,LFQ intensity PT_D3_30_1_S1-E3_6677,LFQ intensity PT_D3_30_1_S1-E3_6677:278,PT_D3_30_1_S1-E3_6677,P27348,P27348;P31946,PT_D3_30,PT_D3_30,PRETERM,D3,1,0.0,EXPLICIT_ZERO,false
PXD064962_UCD_EVENT,University College Dublin / Conway Institute,protein_groups,278,LFQ intensity PT_D3_30_2_S1-F3_6678,LFQ intensity PT_D3_30_2_S1-F3_6678:278,PT_D3_30_2_S1-F3_6678,P27348,P27348;P31946,PT_D3_30,PT_D3_30,PRETERM,D3,2,0.0,EXPLICIT_ZERO,false
PXD064962_UCD_EVENT,University College Dublin / Conway Institute,protein_groups,278,LFQ intensity PT_D3_37_1_S1-G5_6695,LFQ intensity PT_D3_37_1_S1-G5_6695:278,PT_D3_37_1_S1-G5_6695,P27348,P27348;P31946,PT_D3_37,PT_D3_37,PRETERM,D3,1,0.0,EXPLICIT_ZERO,false
PXD064962_UCD_EVENT,University College Dublin / Conway Institute,protein_groups,278,LFQ intensity PT_D3_37_2_S1-H5_6696,LFQ intensity PT_D3_37_2_S1-H5_6696:278,PT_D3_37_2_S1-H5_6696,P27348,P27348;P31946,PT_D3_37,PT_D3_37,PRETERM,D3,2,0.0,EXPLICIT_ZERO,false
PXD064962_UCD_EVENT,University College Dublin / Conway Institute,protein_groups,278,LFQ intensity PT_D3_41_1_S1-G3_6691,LFQ intensity PT_D3_41_1_S1-G3_6691:278,PT_D3_41_1_S1-G3_6691,P27348,P27348;P31946,PT_D3_41,PT_D3_41,PRETERM,D3,1,0.0,EXPLICIT_ZERO,false
PXD064962_UCD_EVENT,University College Dublin / Conway Institute,protein_groups,278,LFQ intensity PT_D3_41_2_S1-H3_6692,LFQ intensity PT_D3_41_2_S1-H3_6692:278,PT_D3_41_2_S1-H3_6692,P27348,P27348;P31946,PT_D3_41,PT_D3_41,PRETERM,D3,2,0.0,EXPLICIT_ZERO,false
PXD064962_UCD_EVENT,University College Dublin / Conway Institute,protein_groups,278,LFQ intensity PT_D3_42_1_S1-G4_6693,LFQ intensity PT_D3_42_1_S1-G4_6693:278,PT_D3_42_1_S1-G4_6693,P27348,P27348;P31946,PT_D3_42,PT_D3_42,PRETERM,D3,1,0.0,EXPLICIT_ZERO,false
PXD064962_UCD_EVENT,University College Dublin / Conway Institute,protein_groups,278,LFQ intensity PT_D3_42_2_S1-H4_6694,LFQ intensity PT_D3_42_2_S1-H4_6694:278,PT_D3_42_2_S1-H4_6694,P27348,P27348;P31946,PT_D3_42,PT_D3_42,PRETERM,D3,2,0.0,EXPLICIT_ZERO,false
PXD064962_UCD_EVENT,University College Dublin / Conway Institute,protein_groups,278,LFQ intensity PT_D3_85_1_S1-E4_6679,LFQ intensity PT_D3_85_1_S1-E4_6679:278,PT_D3_85_1_S1-E4_6679,P27348,P27348;P31946,PT_D3_85,PT_D3_85,PRETERM,D3,1,0.0,EXPLICIT_ZERO,false
PXD064962_UCD_EVENT,University College Dublin / Conway Institute,protein_groups,278,LFQ intensity PT_D3_85_2_S1-F4_6680,LFQ intensity PT_D3_85_2_S1-F4_6680:278,PT_D3_85_2_S1-F4_6680,P27348,P27348;P31946,PT_D3_85,PT_D3_85,PRETERM,D3,2,0.0,EXPLICIT_ZERO,false
PXD064962_UCD_EVENT,University College Dublin / Conway Institute,protein_groups,278,LFQ intensity PT_D3_96_1_S1-A4_6647,LFQ intensity PT_D3_96_1_S1-A4_6647:278,PT_D3_96_1_S1-A4_6647,P27348,P27348;P31946,PT_D3_96,PT_D3_96,PRETERM,D3,1,0.0,EXPLICIT_ZERO,false
PXD064962_UCD_EVENT,University College Dublin / Conway Institute,protein_groups,278,LFQ intensity PT_D3_96_2_S1-B4_6648,LFQ intensity PT_D3_96_2_S1-B4_6648:278,PT_D3_96_2_S1-B4_6648,P27348,P27348;P31946,PT_D3_96,PT_D3_96,PRETERM,D3,2,0.0,EXPLICIT_ZERO,false
PXD064962_UCD_EVENT,University College Dublin / Conway Institute,protein_groups,278,LFQ intensity T_D1_133_1_S1-A6_6651,LFQ intensity T_D1_133_1_S1-A6_6651:278,T_D1_133_1_S1-A6_6651,P27348,P27348;P31946,T_D1_133,T_D1_133,TERM,D1,1,0.0,EXPLICIT_ZERO,false
PXD064962_UCD_EVENT,University College Dublin / Conway Institute,protein_groups,278,LFQ intensity T_D1_133_2_S1-B6_6652,LFQ intensity T_D1_133_2_S1-B6_6652:278,T_D1_133_2_S1-B6_6652,P27348,P27348;P31946,T_D1_133,T_D1_133,TERM,D1,2,0.0,EXPLICIT_ZERO,false
PXD064962_UCD_EVENT,University College Dublin / Conway Institute,protein_groups,278,LFQ intensity T_D1_138_1_S1-G6_6697,LFQ intensity T_D1_138_1_S1-G6_6697:278,T_D1_138_1_S1-G6_6697,P27348,P27348;P31946,T_D1_138,T_D1_138,TERM,D1,1,0.0,EXPLICIT_ZERO,false
PXD064962_UCD_EVENT,University College Dublin / Conway Institute,protein_groups,278,LFQ intensity T_D1_138_2_S1-H6_6698,LFQ intensity T_D1_138_2_S1-H6_6698:278,T_D1_138_2_S1-H6_6698,P27348,P27348;P31946,T_D1_138,T_D1_138,TERM,D1,2,0.0,EXPLICIT_ZERO,false
PXD064962_UCD_EVENT,University College Dublin / Conway Institute,protein_groups,278,LFQ intensity T_D1_165_1_S1-A7_6653,LFQ intensity T_D1_165_1_S1-A7_6653:278,T_D1_165_1_S1-A7_6653,P27348,P27348;P31946,T_D1_165,T_D1_165,TERM,D1,1,0.0,EXPLICIT_ZERO,false
PXD064962_UCD_EVENT,University College Dublin / Conway Institute,protein_groups,278,LFQ intensity T_D1_165_2_S1-B7_6654,LFQ intensity T_D1_165_2_S1-B7_6654:278,T_D1_165_2_S1-B7_6654,P27348,P27348;P31946,T_D1_165,T_D1_165,TERM,D1,2,0.0,EXPLICIT_ZERO,false
PXD064962_UCD_EVENT,University College Dublin / Conway Institute,protein_groups,278,LFQ intensity T_D1_173_1_S1-E6_6683,LFQ intensity T_D1_173_1_S1-E6_6683:278,T_D1_173_1_S1-E6_6683,P27348,P27348;P31946,T_D1_173,T_D1_173,TERM,D1,1,0.0,EXPLICIT_ZERO,false
PXD064962_UCD_EVENT,University College Dublin / Conway Institute,protein_groups,278,LFQ intensity T_D1_173_2_S1-F6_6684,LFQ intensity T_D1_173_2_S1-F6_6684:278,T_D1_173_2_S1-F6_6684,P27348,P27348;P31946,T_D1_173,T_D1_173,TERM,D1,2,0.0,EXPLICIT_ZERO,false
PXD064962_UCD_EVENT,University College Dublin / Conway Institute,protein_groups,278,LFQ intensity T_D1_186_1_S1-C6_6667,LFQ intensity T_D1_186_1_S1-C6_6667:278,T_D1_186_1_S1-C6_6667,P27348,P27348;P31946,T_D1_186,T_D1_186,TERM,D1,1,0.0,EXPLICIT_ZERO,false
PXD064962_UCD_EVENT,University College Dublin / Conway Institute,protein_groups,278,LFQ intensity T_D1_186_2_S1-D6_6668,LFQ intensity T_D1_186_2_S1-D6_6668:278,T_D1_186_2_S1-D6_6668,P27348,P27348;P31946,T_D1_186,T_D1_186,TERM,D1,2,0.0,EXPLICIT_ZERO,false
PXD064962_UCD_EVENT,University College Dublin / Conway Institute,protein_groups,278,LFQ intensity T_D3_119a_1_S1-E7_6685,LFQ intensity T_D3_119a_1_S1-E7_6685:278,T_D3_119a_1_S1-E7_6685,P27348,P27348;P31946,T_D3_119a,T_D3_119a,TERM,D3,1,0.0,EXPLICIT_ZERO,false
PXD064962_UCD_EVENT,University College Dublin / Conway Institute,protein_groups,278,LFQ intensity T_D3_119a_2_S1-F7_6686,LFQ intensity T_D3_119a_2_S1-F7_6686:278,T_D3_119a_2_S1-F7_6686,P27348,P27348;P31946,T_D3_119a,T_D3_119a,TERM,D3,2,0.0,EXPLICIT_ZERO,false
PXD064962_UCD_EVENT,University College Dublin / Conway Institute,protein_groups,278,LFQ intensity T_D3_119b_1_S1-A8_6655,LFQ intensity T_D3_119b_1_S1-A8_6655:278,T_D3_119b_1_S1-A8_6655,P27348,P27348;P31946,T_D3_119b,T_D3_119b,TERM,D3,1,0.0,EXPLICIT_ZERO,false
PXD064962_UCD_EVENT,University College Dublin / Conway Institute,protein_groups,278,LFQ intensity T_D3_119b_2_S1-B8_6656,LFQ intensity T_D3_119b_2_S1-B8_6656:278,T_D3_119b_2_S1-B8_6656,P27348,P27348;P31946,T_D3_119b,T_D3_119b,TERM,D3,2,0.0,EXPLICIT_ZERO,false
PXD064962_UCD_EVENT,University College Dublin / Conway Institute,protein_groups,278,LFQ intensity T_D3_155_1_S1-G7_6699,LFQ intensity T_D3_155_1_S1-G7_6699:278,T_D3_155_1_S1-G7_6699,P27348,P27348;P31946,T_D3_155,T_D3_155,TERM,D3,1,0.0,EXPLICIT_ZERO,false
PXD064962_UCD_EVENT,University College Dublin / Conway Institute,protein_groups,278,LFQ intensity T_D3_155_2_S1-H7_6700,LFQ intensity T_D3_155_2_S1-H7_6700:278,T_D3_155_2_S1-H7_6700,P27348,P27348;P31946,T_D3_155,T_D3_155,TERM,D3,2,0.0,EXPLICIT_ZERO,false
PXD064962_UCD_EVENT,University College Dublin / Conway Institute,protein_groups,278,LFQ intensity T_D3_178_1_S1-C7_6669,LFQ intensity T_D3_178_1_S1-C7_6669:278,T_D3_178_1_S1-C7_6669,P27348,P27348;P31946,T_D3_178,T_D3_178,TERM,D3,1,0.0,EXPLICIT_ZERO,false
PXD064962_UCD_EVENT,University College Dublin / Conway Institute,protein_groups,278,LFQ intensity T_D3_178_2_S1-D7_6670,LFQ intensity T_D3_178_2_S1-D7_6670:278,T_D3_178_2_S1-D7_6670,P27348,P27348;P31946,T_D3_178,T_D3_178,TERM,D3,2,0.0,EXPLICIT_ZERO,false
PXD064962_UCD_EVENT,University College Dublin / Conway Institute,protein_groups,278,LFQ intensity T_D3_198_1_S1-C8_6671,LFQ intensity T_D3_198_1_S1-C8_6671:278,T_D3_198_1_S1-C8_6671,P27348,P27348;P31946,T_D3_198,T_D3_198,TERM,D3,1,0.0,EXPLICIT_ZERO,false
PXD064962_UCD_EVENT,University College Dublin / Conway Institute,protein_groups,278,LFQ intensity T_D3_198_2_S1-D8_6672,LFQ intensity T_D3_198_2_S1-D8_6672:278,T_D3_198_2_S1-D8_6672,P27348,P27348;P31946,T_D3_198,T_D3_198,TERM,D3,2,0.0,EXPLICIT_ZERO,false
PXD064962_UCD_EVENT,University College Dublin / Conway Institute,protein_groups,283,LFQ intensity PT_D1_16_1_S1-A1_6641,LFQ intensity PT_D1_16_1_S1-A1_6641:283,PT_D1_16_1_S1-A1_6641,P30041,P30041,PT_D1_16,PT_D1_16,PRETERM,D1,1,27928.0,POSITIVE,true
PXD064962_UCD_EVENT,University College Dublin / Conway Institute,protein_groups,283,LFQ intensity PT_D1_16_2_S1-B1_6642,LFQ intensity PT_D1_16_2_S1-B1_6642:283,PT_D1_16_2_S1-B1_6642,P30041,P30041,PT_D1_16,PT_D1_16,PRETERM,D1,2,30802.0,POSITIVE,true
PXD064962_UCD_EVENT,University College Dublin / Conway Institute,protein_groups,283,LFQ intensity PT_D1_18_1_S1-C1_6657,LFQ intensity PT_D1_18_1_S1-C1_6657:283,PT_D1_18_1_S1-C1_6657,P30041,P30041,PT_D1_18,PT_D1_18,PRETERM,D1,1,37034.0,POSITIVE,true
PXD064962_UCD_EVENT,University College Dublin / Conway Institute,protein_groups,283,LFQ intensity PT_D1_18_2_S1-D1_6658,LFQ intensity PT_D1_18_2_S1-D1_6658:283,PT_D1_18_2_S1-D1_6658,P30041,P30041,PT_D1_18,PT_D1_18,PRETERM,D1,2,24882.0,POSITIVE,true
PXD064962_UCD_EVENT,University College Dublin / Conway Institute,protein_groups,283,LFQ intensity PT_D1_20_1_S1-E1_6673,LFQ intensity PT_D1_20_1_S1-E1_6673:283,PT_D1_20_1_S1-E1_6673,P30041,P30041,PT_D1_20,PT_D1_20,PRETERM,D1,1,36111.0,POSITIVE,true
PXD064962_UCD_EVENT,University College Dublin / Conway Institute,protein_groups,283,LFQ intensity PT_D1_20_2_S1-F1_6674,LFQ intensity PT_D1_20_2_S1-F1_6674:283,PT_D1_20_2_S1-F1_6674,P30041,P30041,PT_D1_20,PT_D1_20,PRETERM,D1,2,27420.0,POSITIVE,true
PXD064962_UCD_EVENT,University College Dublin / Conway Institute,protein_groups,283,LFQ intensity PT_D1_23_1_S1-G1_6687,LFQ intensity PT_D1_23_1_S1-G1_6687:283,PT_D1_23_1_S1-G1_6687,P30041,P30041,PT_D1_23,PT_D1_23,PRETERM,D1,1,0.0,EXPLICIT_ZERO,false
PXD064962_UCD_EVENT,University College Dublin / Conway Institute,protein_groups,283,LFQ intensity PT_D1_23_2_S1-H1_6688,LFQ intensity PT_D1_23_2_S1-H1_6688:283,PT_D1_23_2_S1-H1_6688,P30041,P30041,PT_D1_23,PT_D1_23,PRETERM,D1,2,0.0,EXPLICIT_ZERO,false
PXD064962_UCD_EVENT,University College Dublin / Conway Institute,protein_groups,283,LFQ intensity PT_D1_33_1_S1-A2_6643,LFQ intensity PT_D1_33_1_S1-A2_6643:283,PT_D1_33_1_S1-A2_6643,P30041,P30041,PT_D1_33,PT_D1_33,PRETERM,D1,1,27971.0,POSITIVE,true
PXD064962_UCD_EVENT,University College Dublin / Conway Institute,protein_groups,283,LFQ intensity PT_D1_33_2_S1-B2_6644,LFQ intensity PT_D1_33_2_S1-B2_6644:283,PT_D1_33_2_S1-B2_6644,P30041,P30041,PT_D1_33,PT_D1_33,PRETERM,D1,2,0.0,EXPLICIT_ZERO,false
PXD064962_UCD_EVENT,University College Dublin / Conway Institute,protein_groups,283,LFQ intensity PT_D1_34_1_S1-C2_6659,LFQ intensity PT_D1_34_1_S1-C2_6659:283,PT_D1_34_1_S1-C2_6659,P30041,P30041,PT_D1_34,PT_D1_34,PRETERM,D1,1,0.0,EXPLICIT_ZERO,false
PXD064962_UCD_EVENT,University College Dublin / Conway Institute,protein_groups,283,LFQ intensity PT_D1_34_2_S1-D2_6660,LFQ intensity PT_D1_34_2_S1-D2_6660:283,PT_D1_34_2_S1-D2_6660,P30041,P30041,PT_D1_34,PT_D1_34,PRETERM,D1,2,0.0,EXPLICIT_ZERO,false
PXD064962_UCD_EVENT,University College Dublin / Conway Institute,protein_groups,283,LFQ intensity PT_D1_48_1_S1-E2_6675,LFQ intensity PT_D1_48_1_S1-E2_6675:283,PT_D1_48_1_S1-E2_6675,P30041,P30041,PT_D1_48,PT_D1_48,PRETERM,D1,1,60763.0,POSITIVE,true
PXD064962_UCD_EVENT,University College Dublin / Conway Institute,protein_groups,283,LFQ intensity PT_D1_48_2_S1-F2_6676,LFQ intensity PT_D1_48_2_S1-F2_6676:283,PT_D1_48_2_S1-F2_6676,P30041,P30041,PT_D1_48,PT_D1_48,PRETERM,D1,2,166930.0,POSITIVE,true
PXD064962_UCD_EVENT,University College Dublin / Conway Institute,protein_groups,283,LFQ intensity PT_D1_51_1_S1-G2_6689,LFQ intensity PT_D1_51_1_S1-G2_6689:283,PT_D1_51_1_S1-G2_6689,P30041,P30041,PT_D1_51,PT_D1_51,PRETERM,D1,1,37424.0,POSITIVE,true
PXD064962_UCD_EVENT,University College Dublin / Conway Institute,protein_groups,283,LFQ intensity PT_D1_51_2_S1-H2_6690,LFQ intensity PT_D1_51_2_S1-H2_6690:283,PT_D1_51_2_S1-H2_6690,P30041,P30041,PT_D1_51,PT_D1_51,PRETERM,D1,2,34047.0,POSITIVE,true
PXD064962_UCD_EVENT,University College Dublin / Conway Institute,protein_groups,283,LFQ intensity PT_D1_73_1_S1-A3_6645,LFQ intensity PT_D1_73_1_S1-A3_6645:283,PT_D1_73_1_S1-A3_6645,P30041,P30041,PT_D1_73,PT_D1_73,PRETERM,D1,1,0.0,EXPLICIT_ZERO,false
PXD064962_UCD_EVENT,University College Dublin / Conway Institute,protein_groups,283,LFQ intensity PT_D1_73_2_S1-B3_6646,LFQ intensity PT_D1_73_2_S1-B3_6646:283,PT_D1_73_2_S1-B3_6646,P30041,P30041,PT_D1_73,PT_D1_73,PRETERM,D1,2,0.0,EXPLICIT_ZERO,false
PXD064962_UCD_EVENT,University College Dublin / Conway Institute,protein_groups,283,LFQ intensity PT_D1_81_1_S1-C3_6661,LFQ intensity PT_D1_81_1_S1-C3_6661:283,PT_D1_81_1_S1-C3_6661,P30041,P30041,PT_D1_81,PT_D1_81,PRETERM,D1,1,105120.0,POSITIVE,true
PXD064962_UCD_EVENT,University College Dublin / Conway Institute,protein_groups,283,LFQ intensity PT_D1_81_2_S1-D3_6662,LFQ intensity PT_D1_81_2_S1-D3_6662:283,PT_D1_81_2_S1-D3_6662,P30041,P30041,PT_D1_81,PT_D1_81,PRETERM,D1,2,51166.0,POSITIVE,true
PXD064962_UCD_EVENT,University College Dublin / Conway Institute,protein_groups,283,LFQ intensity PT_D3_06_1_S1-E5_6681,LFQ intensity PT_D3_06_1_S1-E5_6681:283,PT_D3_06_1_S1-E5_6681,P30041,P30041,PT_D3_06,PT_D3_06,PRETERM,D3,1,0.0,EXPLICIT_ZERO,false
PXD064962_UCD_EVENT,University College Dublin / Conway Institute,protein_groups,283,LFQ intensity PT_D3_06_2_S1-F5_6682,LFQ intensity PT_D3_06_2_S1-F5_6682:283,PT_D3_06_2_S1-F5_6682,P30041,P30041,PT_D3_06,PT_D3_06,PRETERM,D3,2,0.0,EXPLICIT_ZERO,false
PXD064962_UCD_EVENT,University College Dublin / Conway Institute,protein_groups,283,LFQ intensity PT_D3_14_1_S1-C5_6665,LFQ intensity PT_D3_14_1_S1-C5_6665:283,PT_D3_14_1_S1-C5_6665,P30041,P30041,PT_D3_14,PT_D3_14,PRETERM,D3,1,0.0,EXPLICIT_ZERO,false
PXD064962_UCD_EVENT,University College Dublin / Conway Institute,protein_groups,283,LFQ intensity PT_D3_14_2_S1-D5_6666,LFQ intensity PT_D3_14_2_S1-D5_6666:283,PT_D3_14_2_S1-D5_6666,P30041,P30041,PT_D3_14,PT_D3_14,PRETERM,D3,2,0.0,EXPLICIT_ZERO,false
PXD064962_UCD_EVENT,University College Dublin / Conway Institute,protein_groups,283,LFQ intensity PT_D3_22_1_S1-C4_6663,LFQ intensity PT_D3_22_1_S1-C4_6663:283,PT_D3_22_1_S1-C4_6663,P30041,P30041,PT_D3_22,PT_D3_22,PRETERM,D3,1,0.0,EXPLICIT_ZERO,false
PXD064962_UCD_EVENT,University College Dublin / Conway Institute,protein_groups,283,LFQ intensity PT_D3_22_2_S1-D4_6664,LFQ intensity PT_D3_22_2_S1-D4_6664:283,PT_D3_22_2_S1-D4_6664,P30041,P30041,PT_D3_22,PT_D3_22,PRETERM,D3,2,0.0,EXPLICIT_ZERO,false
PXD064962_UCD_EVENT,University College Dublin / Conway Institute,protein_groups,283,LFQ intensity PT_D3_28_1_S1-A5_6649,LFQ intensity PT_D3_28_1_S1-A5_6649:283,PT_D3_28_1_S1-A5_6649,P30041,P30041,PT_D3_28,PT_D3_28,PRETERM,D3,1,33628.0,POSITIVE,true
PXD064962_UCD_EVENT,University College Dublin / Conway Institute,protein_groups,283,LFQ intensity PT_D3_28_2_S1-B5_6650,LFQ intensity PT_D3_28_2_S1-B5_6650:283,PT_D3_28_2_S1-B5_6650,P30041,P30041,PT_D3_28,PT_D3_28,PRETERM,D3,2,0.0,EXPLICIT_ZERO,false
PXD064962_UCD_EVENT,University College Dublin / Conway Institute,protein_groups,283,LFQ intensity PT_D3_30_1_S1-E3_6677,LFQ intensity PT_D3_30_1_S1-E3_6677:283,PT_D3_30_1_S1-E3_6677,P30041,P30041,PT_D3_30,PT_D3_30,PRETERM,D3,1,25097.0,POSITIVE,true
PXD064962_UCD_EVENT,University College Dublin / Conway Institute,protein_groups,283,LFQ intensity PT_D3_30_2_S1-F3_6678,LFQ intensity PT_D3_30_2_S1-F3_6678:283,PT_D3_30_2_S1-F3_6678,P30041,P30041,PT_D3_30,PT_D3_30,PRETERM,D3,2,0.0,EXPLICIT_ZERO,false
PXD064962_UCD_EVENT,University College Dublin / Conway Institute,protein_groups,283,LFQ intensity PT_D3_37_1_S1-G5_6695,LFQ intensity PT_D3_37_1_S1-G5_6695:283,PT_D3_37_1_S1-G5_6695,P30041,P30041,PT_D3_37,PT_D3_37,PRETERM,D3,1,0.0,EXPLICIT_ZERO,false
PXD064962_UCD_EVENT,University College Dublin / Conway Institute,protein_groups,283,LFQ intensity PT_D3_37_2_S1-H5_6696,LFQ intensity PT_D3_37_2_S1-H5_6696:283,PT_D3_37_2_S1-H5_6696,P30041,P30041,PT_D3_37,PT_D3_37,PRETERM,D3,2,17817.0,POSITIVE,true
PXD064962_UCD_EVENT,University College Dublin / Conway Institute,protein_groups,283,LFQ intensity PT_D3_41_1_S1-G3_6691,LFQ intensity PT_D3_41_1_S1-G3_6691:283,PT_D3_41_1_S1-G3_6691,P30041,P30041,PT_D3_41,PT_D3_41,PRETERM,D3,1,0.0,EXPLICIT_ZERO,false
PXD064962_UCD_EVENT,University College Dublin / Conway Institute,protein_groups,283,LFQ intensity PT_D3_41_2_S1-H3_6692,LFQ intensity PT_D3_41_2_S1-H3_6692:283,PT_D3_41_2_S1-H3_6692,P30041,P30041,PT_D3_41,PT_D3_41,PRETERM,D3,2,0.0,EXPLICIT_ZERO,false
PXD064962_UCD_EVENT,University College Dublin / Conway Institute,protein_groups,283,LFQ intensity PT_D3_42_1_S1-G4_6693,LFQ intensity PT_D3_42_1_S1-G4_6693:283,PT_D3_42_1_S1-G4_6693,P30041,P30041,PT_D3_42,PT_D3_42,PRETERM,D3,1,8432.1,POSITIVE,true
PXD064962_UCD_EVENT,University College Dublin / Conway Institute,protein_groups,283,LFQ intensity PT_D3_42_2_S1-H4_6694,LFQ intensity PT_D3_42_2_S1-H4_6694:283,PT_D3_42_2_S1-H4_6694,P30041,P30041,PT_D3_42,PT_D3_42,PRETERM,D3,2,0.0,EXPLICIT_ZERO,false
PXD064962_UCD_EVENT,University College Dublin / Conway Institute,protein_groups,283,LFQ intensity PT_D3_85_1_S1-E4_6679,LFQ intensity PT_D3_85_1_S1-E4_6679:283,PT_D3_85_1_S1-E4_6679,P30041,P30041,PT_D3_85,PT_D3_85,PRETERM,D3,1,0.0,EXPLICIT_ZERO,false
PXD064962_UCD_EVENT,University College Dublin / Conway Institute,protein_groups,283,LFQ intensity PT_D3_85_2_S1-F4_6680,LFQ intensity PT_D3_85_2_S1-F4_6680:283,PT_D3_85_2_S1-F4_6680,P30041,P30041,PT_D3_85,PT_D3_85,PRETERM,D3,2,0.0,EXPLICIT_ZERO,false
PXD064962_UCD_EVENT,University College Dublin / Conway Institute,protein_groups,283,LFQ intensity PT_D3_96_1_S1-A4_6647,LFQ intensity PT_D3_96_1_S1-A4_6647:283,PT_D3_96_1_S1-A4_6647,P30041,P30041,PT_D3_96,PT_D3_96,PRETERM,D3,1,0.0,EXPLICIT_ZERO,false
PXD064962_UCD_EVENT,University College Dublin / Conway Institute,protein_groups,283,LFQ intensity PT_D3_96_2_S1-B4_6648,LFQ intensity PT_D3_96_2_S1-B4_6648:283,PT_D3_96_2_S1-B4_6648,P30041,P30041,PT_D3_96,PT_D3_96,PRETERM,D3,2,0.0,EXPLICIT_ZERO,false
PXD064962_UCD_EVENT,University College Dublin / Conway Institute,protein_groups,283,LFQ intensity T_D1_133_1_S1-A6_6651,LFQ intensity T_D1_133_1_S1-A6_6651:283,T_D1_133_1_S1-A6_6651,P30041,P30041,T_D1_133,T_D1_133,TERM,D1,1,18077.0,POSITIVE,true
PXD064962_UCD_EVENT,University College Dublin / Conway Institute,protein_groups,283,LFQ intensity T_D1_133_2_S1-B6_6652,LFQ intensity T_D1_133_2_S1-B6_6652:283,T_D1_133_2_S1-B6_6652,P30041,P30041,T_D1_133,T_D1_133,TERM,D1,2,0.0,EXPLICIT_ZERO,false
PXD064962_UCD_EVENT,University College Dublin / Conway Institute,protein_groups,283,LFQ intensity T_D1_138_1_S1-G6_6697,LFQ intensity T_D1_138_1_S1-G6_6697:283,T_D1_138_1_S1-G6_6697,P30041,P30041,T_D1_138,T_D1_138,TERM,D1,1,0.0,EXPLICIT_ZERO,false
PXD064962_UCD_EVENT,University College Dublin / Conway Institute,protein_groups,283,LFQ intensity T_D1_138_2_S1-H6_6698,LFQ intensity T_D1_138_2_S1-H6_6698:283,T_D1_138_2_S1-H6_6698,P30041,P30041,T_D1_138,T_D1_138,TERM,D1,2,35661.0,POSITIVE,true
PXD064962_UCD_EVENT,University College Dublin / Conway Institute,protein_groups,283,LFQ intensity T_D1_165_1_S1-A7_6653,LFQ intensity T_D1_165_1_S1-A7_6653:283,T_D1_165_1_S1-A7_6653,P30041,P30041,T_D1_165,T_D1_165,TERM,D1,1,0.0,EXPLICIT_ZERO,false
PXD064962_UCD_EVENT,University College Dublin / Conway Institute,protein_groups,283,LFQ intensity T_D1_165_2_S1-B7_6654,LFQ intensity T_D1_165_2_S1-B7_6654:283,T_D1_165_2_S1-B7_6654,P30041,P30041,T_D1_165,T_D1_165,TERM,D1,2,0.0,EXPLICIT_ZERO,false
PXD064962_UCD_EVENT,University College Dublin / Conway Institute,protein_groups,283,LFQ intensity T_D1_173_1_S1-E6_6683,LFQ intensity T_D1_173_1_S1-E6_6683:283,T_D1_173_1_S1-E6_6683,P30041,P30041,T_D1_173,T_D1_173,TERM,D1,1,0.0,EXPLICIT_ZERO,false
PXD064962_UCD_EVENT,University College Dublin / Conway Institute,protein_groups,283,LFQ intensity T_D1_173_2_S1-F6_6684,LFQ intensity T_D1_173_2_S1-F6_6684:283,T_D1_173_2_S1-F6_6684,P30041,P30041,T_D1_173,T_D1_173,TERM,D1,2,18815.0,POSITIVE,true
PXD064962_UCD_EVENT,University College Dublin / Conway Institute,protein_groups,283,LFQ intensity T_D1_186_1_S1-C6_6667,LFQ intensity T_D1_186_1_S1-C6_6667:283,T_D1_186_1_S1-C6_6667,P30041,P30041,T_D1_186,T_D1_186,TERM,D1,1,28765.0,POSITIVE,true
PXD064962_UCD_EVENT,University College Dublin / Conway Institute,protein_groups,283,LFQ intensity T_D1_186_2_S1-D6_6668,LFQ intensity T_D1_186_2_S1-D6_6668:283,T_D1_186_2_S1-D6_6668,P30041,P30041,T_D1_186,T_D1_186,TERM,D1,2,0.0,EXPLICIT_ZERO,false
PXD064962_UCD_EVENT,University College Dublin / Conway Institute,protein_groups,283,LFQ intensity T_D3_119a_1_S1-E7_6685,LFQ intensity T_D3_119a_1_S1-E7_6685:283,T_D3_119a_1_S1-E7_6685,P30041,P30041,T_D3_119a,T_D3_119a,TERM,D3,1,0.0,EXPLICIT_ZERO,false
PXD064962_UCD_EVENT,University College Dublin / Conway Institute,protein_groups,283,LFQ intensity T_D3_119a_2_S1-F7_6686,LFQ intensity T_D3_119a_2_S1-F7_6686:283,T_D3_119a_2_S1-F7_6686,P30041,P30041,T_D3_119a,T_D3_119a,TERM,D3,2,0.0,EXPLICIT_ZERO,false
PXD064962_UCD_EVENT,University College Dublin / Conway Institute,protein_groups,283,LFQ intensity T_D3_119b_1_S1-A8_6655,LFQ intensity T_D3_119b_1_S1-A8_6655:283,T_D3_119b_1_S1-A8_6655,P30041,P30041,T_D3_119b,T_D3_119b,TERM,D3,1,13016.0,POSITIVE,true
PXD064962_UCD_EVENT,University College Dublin / Conway Institute,protein_groups,283,LFQ intensity T_D3_119b_2_S1-B8_6656,LFQ intensity T_D3_119b_2_S1-B8_6656:283,T_D3_119b_2_S1-B8_6656,P30041,P30041,T_D3_119b,T_D3_119b,TERM,D3,2,25518.0,POSITIVE,true
PXD064962_UCD_EVENT,University College Dublin / Conway Institute,protein_groups,283,LFQ intensity T_D3_155_1_S1-G7_6699,LFQ intensity T_D3_155_1_S1-G7_6699:283,T_D3_155_1_S1-G7_6699,P30041,P30041,T_D3_155,T_D3_155,TERM,D3,1,0.0,EXPLICIT_ZERO,false
PXD064962_UCD_EVENT,University College Dublin / Conway Institute,protein_groups,283,LFQ intensity T_D3_155_2_S1-H7_6700,LFQ intensity T_D3_155_2_S1-H7_6700:283,T_D3_155_2_S1-H7_6700,P30041,P30041,T_D3_155,T_D3_155,TERM,D3,2,0.0,EXPLICIT_ZERO,false
PXD064962_UCD_EVENT,University College Dublin / Conway Institute,protein_groups,283,LFQ intensity T_D3_178_1_S1-C7_6669,LFQ intensity T_D3_178_1_S1-C7_6669:283,T_D3_178_1_S1-C7_6669,P30041,P30041,T_D3_178,T_D3_178,TERM,D3,1,31571.0,POSITIVE,true
PXD064962_UCD_EVENT,University College Dublin / Conway Institute,protein_groups,283,LFQ intensity T_D3_178_2_S1-D7_6670,LFQ intensity T_D3_178_2_S1-D7_6670:283,T_D3_178_2_S1-D7_6670,P30041,P30041,T_D3_178,T_D3_178,TERM,D3,2,25158.0,POSITIVE,true
PXD064962_UCD_EVENT,University College Dublin / Conway Institute,protein_groups,283,LFQ intensity T_D3_198_1_S1-C8_6671,LFQ intensity T_D3_198_1_S1-C8_6671:283,T_D3_198_1_S1-C8_6671,P30041,P30041,T_D3_198,T_D3_198,TERM,D3,1,0.0,EXPLICIT_ZERO,false
PXD064962_UCD_EVENT,University College Dublin / Conway Institute,protein_groups,283,LFQ intensity T_D3_198_2_S1-D8_6672,LFQ intensity T_D3_198_2_S1-D8_6672:283,T_D3_198_2_S1-D8_6672,P30041,P30041,T_D3_198,T_D3_198,TERM,D3,2,0.0,EXPLICIT_ZERO,false
PXD064962_UCD_EVENT,University College Dublin / Conway Institute,protein_groups,309,LFQ intensity PT_D1_16_1_S1-A1_6641,LFQ intensity PT_D1_16_1_S1-A1_6641:309,PT_D1_16_1_S1-A1_6641,P05023,P54707;P13637;P50993;P05023;Q13733,PT_D1_16,PT_D1_16,PRETERM,D1,1,0.0,EXPLICIT_ZERO,false
PXD064962_UCD_EVENT,University College Dublin / Conway Institute,protein_groups,309,LFQ intensity PT_D1_16_2_S1-B1_6642,LFQ intensity PT_D1_16_2_S1-B1_6642:309,PT_D1_16_2_S1-B1_6642,P05023,P54707;P13637;P50993;P05023;Q13733,PT_D1_16,PT_D1_16,PRETERM,D1,2,0.0,EXPLICIT_ZERO,false
PXD064962_UCD_EVENT,University College Dublin / Conway Institute,protein_groups,309,LFQ intensity PT_D1_18_1_S1-C1_6657,LFQ intensity PT_D1_18_1_S1-C1_6657:309,PT_D1_18_1_S1-C1_6657,P05023,P54707;P13637;P50993;P05023;Q13733,PT_D1_18,PT_D1_18,PRETERM,D1,1,0.0,EXPLICIT_ZERO,false
PXD064962_UCD_EVENT,University College Dublin / Conway Institute,protein_groups,309,LFQ intensity PT_D1_18_2_S1-D1_6658,LFQ intensity PT_D1_18_2_S1-D1_6658:309,PT_D1_18_2_S1-D1_6658,P05023,P54707;P13637;P50993;P05023;Q13733,PT_D1_18,PT_D1_18,PRETERM,D1,2,0.0,EXPLICIT_ZERO,false
PXD064962_UCD_EVENT,University College Dublin / Conway Institute,protein_groups,309,LFQ intensity PT_D1_20_1_S1-E1_6673,LFQ intensity PT_D1_20_1_S1-E1_6673:309,PT_D1_20_1_S1-E1_6673,P05023,P54707;P13637;P50993;P05023;Q13733,PT_D1_20,PT_D1_20,PRETERM,D1,1,0.0,EXPLICIT_ZERO,false
PXD064962_UCD_EVENT,University College Dublin / Conway Institute,protein_groups,309,LFQ intensity PT_D1_20_2_S1-F1_6674,LFQ intensity PT_D1_20_2_S1-F1_6674:309,PT_D1_20_2_S1-F1_6674,P05023,P54707;P13637;P50993;P05023;Q13733,PT_D1_20,PT_D1_20,PRETERM,D1,2,0.0,EXPLICIT_ZERO,false
PXD064962_UCD_EVENT,University College Dublin / Conway Institute,protein_groups,309,LFQ intensity PT_D1_23_1_S1-G1_6687,LFQ intensity PT_D1_23_1_S1-G1_6687:309,PT_D1_23_1_S1-G1_6687,P05023,P54707;P13637;P50993;P05023;Q13733,PT_D1_23,PT_D1_23,PRETERM,D1,1,0.0,EXPLICIT_ZERO,false
PXD064962_UCD_EVENT,University College Dublin / Conway Institute,protein_groups,309,LFQ intensity PT_D1_23_2_S1-H1_6688,LFQ intensity PT_D1_23_2_S1-H1_6688:309,PT_D1_23_2_S1-H1_6688,P05023,P54707;P13637;P50993;P05023;Q13733,PT_D1_23,PT_D1_23,PRETERM,D1,2,0.0,EXPLICIT_ZERO,false
PXD064962_UCD_EVENT,University College Dublin / Conway Institute,protein_groups,309,LFQ intensity PT_D1_33_1_S1-A2_6643,LFQ intensity PT_D1_33_1_S1-A2_6643:309,PT_D1_33_1_S1-A2_6643,P05023,P54707;P13637;P50993;P05023;Q13733,PT_D1_33,PT_D1_33,PRETERM,D1,1,0.0,EXPLICIT_ZERO,false
PXD064962_UCD_EVENT,University College Dublin / Conway Institute,protein_groups,309,LFQ intensity PT_D1_33_2_S1-B2_6644,LFQ intensity PT_D1_33_2_S1-B2_6644:309,PT_D1_33_2_S1-B2_6644,P05023,P54707;P13637;P50993;P05023;Q13733,PT_D1_33,PT_D1_33,PRETERM,D1,2,0.0,EXPLICIT_ZERO,false
PXD064962_UCD_EVENT,University College Dublin / Conway Institute,protein_groups,309,LFQ intensity PT_D1_34_1_S1-C2_6659,LFQ intensity PT_D1_34_1_S1-C2_6659:309,PT_D1_34_1_S1-C2_6659,P05023,P54707;P13637;P50993;P05023;Q13733,PT_D1_34,PT_D1_34,PRETERM,D1,1,0.0,EXPLICIT_ZERO,false
PXD064962_UCD_EVENT,University College Dublin / Conway Institute,protein_groups,309,LFQ intensity PT_D1_34_2_S1-D2_6660,LFQ intensity PT_D1_34_2_S1-D2_6660:309,PT_D1_34_2_S1-D2_6660,P05023,P54707;P13637;P50993;P05023;Q13733,PT_D1_34,PT_D1_34,PRETERM,D1,2,0.0,EXPLICIT_ZERO,false
PXD064962_UCD_EVENT,University College Dublin / Conway Institute,protein_groups,309,LFQ intensity PT_D1_48_1_S1-E2_6675,LFQ intensity PT_D1_48_1_S1-E2_6675:309,PT_D1_48_1_S1-E2_6675,P05023,P54707;P13637;P50993;P05023;Q13733,PT_D1_48,PT_D1_48,PRETERM,D1,1,0.0,EXPLICIT_ZERO,false
PXD064962_UCD_EVENT,University College Dublin / Conway Institute,protein_groups,309,LFQ intensity PT_D1_48_2_S1-F2_6676,LFQ intensity PT_D1_48_2_S1-F2_6676:309,PT_D1_48_2_S1-F2_6676,P05023,P54707;P13637;P50993;P05023;Q13733,PT_D1_48,PT_D1_48,PRETERM,D1,2,0.0,EXPLICIT_ZERO,false
PXD064962_UCD_EVENT,University College Dublin / Conway Institute,protein_groups,309,LFQ intensity PT_D1_51_1_S1-G2_6689,LFQ intensity PT_D1_51_1_S1-G2_6689:309,PT_D1_51_1_S1-G2_6689,P05023,P54707;P13637;P50993;P05023;Q13733,PT_D1_51,PT_D1_51,PRETERM,D1,1,0.0,EXPLICIT_ZERO,false
PXD064962_UCD_EVENT,University College Dublin / Conway Institute,protein_groups,309,LFQ intensity PT_D1_51_2_S1-H2_6690,LFQ intensity PT_D1_51_2_S1-H2_6690:309,PT_D1_51_2_S1-H2_6690,P05023,P54707;P13637;P50993;P05023;Q13733,PT_D1_51,PT_D1_51,PRETERM,D1,2,0.0,EXPLICIT_ZERO,false
PXD064962_UCD_EVENT,University College Dublin / Conway Institute,protein_groups,309,LFQ intensity PT_D1_73_1_S1-A3_6645,LFQ intensity PT_D1_73_1_S1-A3_6645:309,PT_D1_73_1_S1-A3_6645,P05023,P54707;P13637;P50993;P05023;Q13733,PT_D1_73,PT_D1_73,PRETERM,D1,1,0.0,EXPLICIT_ZERO,false
PXD064962_UCD_EVENT,University College Dublin / Conway Institute,protein_groups,309,LFQ intensity PT_D1_73_2_S1-B3_6646,LFQ intensity PT_D1_73_2_S1-B3_6646:309,PT_D1_73_2_S1-B3_6646,P05023,P54707;P13637;P50993;P05023;Q13733,PT_D1_73,PT_D1_73,PRETERM,D1,2,0.0,EXPLICIT_ZERO,false
PXD064962_UCD_EVENT,University College Dublin / Conway Institute,protein_groups,309,LFQ intensity PT_D1_81_1_S1-C3_6661,LFQ intensity PT_D1_81_1_S1-C3_6661:309,PT_D1_81_1_S1-C3_6661,P05023,P54707;P13637;P50993;P05023;Q13733,PT_D1_81,PT_D1_81,PRETERM,D1,1,0.0,EXPLICIT_ZERO,false
PXD064962_UCD_EVENT,University College Dublin / Conway Institute,protein_groups,309,LFQ intensity PT_D1_81_2_S1-D3_6662,LFQ intensity PT_D1_81_2_S1-D3_6662:309,PT_D1_81_2_S1-D3_6662,P05023,P54707;P13637;P50993;P05023;Q13733,PT_D1_81,PT_D1_81,PRETERM,D1,2,0.0,EXPLICIT_ZERO,false
PXD064962_UCD_EVENT,University College Dublin / Conway Institute,protein_groups,309,LFQ intensity PT_D3_06_1_S1-E5_6681,LFQ intensity PT_D3_06_1_S1-E5_6681:309,PT_D3_06_1_S1-E5_6681,P05023,P54707;P13637;P50993;P05023;Q13733,PT_D3_06,PT_D3_06,PRETERM,D3,1,0.0,EXPLICIT_ZERO,false
PXD064962_UCD_EVENT,University College Dublin / Conway Institute,protein_groups,309,LFQ intensity PT_D3_06_2_S1-F5_6682,LFQ intensity PT_D3_06_2_S1-F5_6682:309,PT_D3_06_2_S1-F5_6682,P05023,P54707;P13637;P50993;P05023;Q13733,PT_D3_06,PT_D3_06,PRETERM,D3,2,0.0,EXPLICIT_ZERO,false
PXD064962_UCD_EVENT,University College Dublin / Conway Institute,protein_groups,309,LFQ intensity PT_D3_14_1_S1-C5_6665,LFQ intensity PT_D3_14_1_S1-C5_6665:309,PT_D3_14_1_S1-C5_6665,P05023,P54707;P13637;P50993;P05023;Q13733,PT_D3_14,PT_D3_14,PRETERM,D3,1,0.0,EXPLICIT_ZERO,false
PXD064962_UCD_EVENT,University College Dublin / Conway Institute,protein_groups,309,LFQ intensity PT_D3_14_2_S1-D5_6666,LFQ intensity PT_D3_14_2_S1-D5_6666:309,PT_D3_14_2_S1-D5_6666,P05023,P54707;P13637;P50993;P05023;Q13733,PT_D3_14,PT_D3_14,PRETERM,D3,2,0.0,EXPLICIT_ZERO,false
PXD064962_UCD_EVENT,University College Dublin / Conway Institute,protein_groups,309,LFQ intensity PT_D3_22_1_S1-C4_6663,LFQ intensity PT_D3_22_1_S1-C4_6663:309,PT_D3_22_1_S1-C4_6663,P05023,P54707;P13637;P50993;P05023;Q13733,PT_D3_22,PT_D3_22,PRETERM,D3,1,0.0,EXPLICIT_ZERO,false
PXD064962_UCD_EVENT,University College Dublin / Conway Institute,protein_groups,309,LFQ intensity PT_D3_22_2_S1-D4_6664,LFQ intensity PT_D3_22_2_S1-D4_6664:309,PT_D3_22_2_S1-D4_6664,P05023,P54707;P13637;P50993;P05023;Q13733,PT_D3_22,PT_D3_22,PRETERM,D3,2,0.0,EXPLICIT_ZERO,false
PXD064962_UCD_EVENT,University College Dublin / Conway Institute,protein_groups,309,LFQ intensity PT_D3_28_1_S1-A5_6649,LFQ intensity PT_D3_28_1_S1-A5_6649:309,PT_D3_28_1_S1-A5_6649,P05023,P54707;P13637;P50993;P05023;Q13733,PT_D3_28,PT_D3_28,PRETERM,D3,1,0.0,EXPLICIT_ZERO,false
PXD064962_UCD_EVENT,University College Dublin / Conway Institute,protein_groups,309,LFQ intensity PT_D3_28_2_S1-B5_6650,LFQ intensity PT_D3_28_2_S1-B5_6650:309,PT_D3_28_2_S1-B5_6650,P05023,P54707;P13637;P50993;P05023;Q13733,PT_D3_28,PT_D3_28,PRETERM,D3,2,0.0,EXPLICIT_ZERO,false
PXD064962_UCD_EVENT,University College Dublin / Conway Institute,protein_groups,309,LFQ intensity PT_D3_30_1_S1-E3_6677,LFQ intensity PT_D3_30_1_S1-E3_6677:309,PT_D3_30_1_S1-E3_6677,P05023,P54707;P13637;P50993;P05023;Q13733,PT_D3_30,PT_D3_30,PRETERM,D3,1,0.0,EXPLICIT_ZERO,false
PXD064962_UCD_EVENT,University College Dublin / Conway Institute,protein_groups,309,LFQ intensity PT_D3_30_2_S1-F3_6678,LFQ intensity PT_D3_30_2_S1-F3_6678:309,PT_D3_30_2_S1-F3_6678,P05023,P54707;P13637;P50993;P05023;Q13733,PT_D3_30,PT_D3_30,PRETERM,D3,2,0.0,EXPLICIT_ZERO,false
PXD064962_UCD_EVENT,University College Dublin / Conway Institute,protein_groups,309,LFQ intensity PT_D3_37_1_S1-G5_6695,LFQ intensity PT_D3_37_1_S1-G5_6695:309,PT_D3_37_1_S1-G5_6695,P05023,P54707;P13637;P50993;P05023;Q13733,PT_D3_37,PT_D3_37,PRETERM,D3,1,0.0,EXPLICIT_ZERO,false
PXD064962_UCD_EVENT,University College Dublin / Conway Institute,protein_groups,309,LFQ intensity PT_D3_37_2_S1-H5_6696,LFQ intensity PT_D3_37_2_S1-H5_6696:309,PT_D3_37_2_S1-H5_6696,P05023,P54707;P13637;P50993;P05023;Q13733,PT_D3_37,PT_D3_37,PRETERM,D3,2,0.0,EXPLICIT_ZERO,false
PXD064962_UCD_EVENT,University College Dublin / Conway Institute,protein_groups,309,LFQ intensity PT_D3_41_1_S1-G3_6691,LFQ intensity PT_D3_41_1_S1-G3_6691:309,PT_D3_41_1_S1-G3_6691,P05023,P54707;P13637;P50993;P05023;Q13733,PT_D3_41,PT_D3_41,PRETERM,D3,1,0.0,EXPLICIT_ZERO,false
PXD064962_UCD_EVENT,University College Dublin / Conway Institute,protein_groups,309,LFQ intensity PT_D3_41_2_S1-H3_6692,LFQ intensity PT_D3_41_2_S1-H3_6692:309,PT_D3_41_2_S1-H3_6692,P05023,P54707;P13637;P50993;P05023;Q13733,PT_D3_41,PT_D3_41,PRETERM,D3,2,0.0,EXPLICIT_ZERO,false
PXD064962_UCD_EVENT,University College Dublin / Conway Institute,protein_groups,309,LFQ intensity PT_D3_42_1_S1-G4_6693,LFQ intensity PT_D3_42_1_S1-G4_6693:309,PT_D3_42_1_S1-G4_6693,P05023,P54707;P13637;P50993;P05023;Q13733,PT_D3_42,PT_D3_42,PRETERM,D3,1,0.0,EXPLICIT_ZERO,false
PXD064962_UCD_EVENT,University College Dublin / Conway Institute,protein_groups,309,LFQ intensity PT_D3_42_2_S1-H4_6694,LFQ intensity PT_D3_42_2_S1-H4_6694:309,PT_D3_42_2_S1-H4_6694,P05023,P54707;P13637;P50993;P05023;Q13733,PT_D3_42,PT_D3_42,PRETERM,D3,2,0.0,EXPLICIT_ZERO,false
PXD064962_UCD_EVENT,University College Dublin / Conway Institute,protein_groups,309,LFQ intensity PT_D3_85_1_S1-E4_6679,LFQ intensity PT_D3_85_1_S1-E4_6679:309,PT_D3_85_1_S1-E4_6679,P05023,P54707;P13637;P50993;P05023;Q13733,PT_D3_85,PT_D3_85,PRETERM,D3,1,0.0,EXPLICIT_ZERO,false
PXD064962_UCD_EVENT,University College Dublin / Conway Institute,protein_groups,309,LFQ intensity PT_D3_85_2_S1-F4_6680,LFQ intensity PT_D3_85_2_S1-F4_6680:309,PT_D3_85_2_S1-F4_6680,P05023,P54707;P13637;P50993;P05023;Q13733,PT_D3_85,PT_D3_85,PRETERM,D3,2,0.0,EXPLICIT_ZERO,false
PXD064962_UCD_EVENT,University College Dublin / Conway Institute,protein_groups,309,LFQ intensity PT_D3_96_1_S1-A4_6647,LFQ intensity PT_D3_96_1_S1-A4_6647:309,PT_D3_96_1_S1-A4_6647,P05023,P54707;P13637;P50993;P05023;Q13733,PT_D3_96,PT_D3_96,PRETERM,D3,1,0.0,EXPLICIT_ZERO,false
PXD064962_UCD_EVENT,University College Dublin / Conway Institute,protein_groups,309,LFQ intensity PT_D3_96_2_S1-B4_6648,LFQ intensity PT_D3_96_2_S1-B4_6648:309,PT_D3_96_2_S1-B4_6648,P05023,P54707;P13637;P50993;P05023;Q13733,PT_D3_96,PT_D3_96,PRETERM,D3,2,0.0,EXPLICIT_ZERO,false
PXD064962_UCD_EVENT,University College Dublin / Conway Institute,protein_groups,309,LFQ intensity T_D1_133_1_S1-A6_6651,LFQ intensity T_D1_133_1_S1-A6_6651:309,T_D1_133_1_S1-A6_6651,P05023,P54707;P13637;P50993;P05023;Q13733,T_D1_133,T_D1_133,TERM,D1,1,0.0,EXPLICIT_ZERO,false
PXD064962_UCD_EVENT,University College Dublin / Conway Institute,protein_groups,309,LFQ intensity T_D1_133_2_S1-B6_6652,LFQ intensity T_D1_133_2_S1-B6_6652:309,T_D1_133_2_S1-B6_6652,P05023,P54707;P13637;P50993;P05023;Q13733,T_D1_133,T_D1_133,TERM,D1,2,0.0,EXPLICIT_ZERO,false
PXD064962_UCD_EVENT,University College Dublin / Conway Institute,protein_groups,309,LFQ intensity T_D1_138_1_S1-G6_6697,LFQ intensity T_D1_138_1_S1-G6_6697:309,T_D1_138_1_S1-G6_6697,P05023,P54707;P13637;P50993;P05023;Q13733,T_D1_138,T_D1_138,TERM,D1,1,0.0,EXPLICIT_ZERO,false
PXD064962_UCD_EVENT,University College Dublin / Conway Institute,protein_groups,309,LFQ intensity T_D1_138_2_S1-H6_6698,LFQ intensity T_D1_138_2_S1-H6_6698:309,T_D1_138_2_S1-H6_6698,P05023,P54707;P13637;P50993;P05023;Q13733,T_D1_138,T_D1_138,TERM,D1,2,0.0,EXPLICIT_ZERO,false
PXD064962_UCD_EVENT,University College Dublin / Conway Institute,protein_groups,309,LFQ intensity T_D1_165_1_S1-A7_6653,LFQ intensity T_D1_165_1_S1-A7_6653:309,T_D1_165_1_S1-A7_6653,P05023,P54707;P13637;P50993;P05023;Q13733,T_D1_165,T_D1_165,TERM,D1,1,0.0,EXPLICIT_ZERO,false
PXD064962_UCD_EVENT,University College Dublin / Conway Institute,protein_groups,309,LFQ intensity T_D1_165_2_S1-B7_6654,LFQ intensity T_D1_165_2_S1-B7_6654:309,T_D1_165_2_S1-B7_6654,P05023,P54707;P13637;P50993;P05023;Q13733,T_D1_165,T_D1_165,TERM,D1,2,0.0,EXPLICIT_ZERO,false
PXD064962_UCD_EVENT,University College Dublin / Conway Institute,protein_groups,309,LFQ intensity T_D1_173_1_S1-E6_6683,LFQ intensity T_D1_173_1_S1-E6_6683:309,T_D1_173_1_S1-E6_6683,P05023,P54707;P13637;P50993;P05023;Q13733,T_D1_173,T_D1_173,TERM,D1,1,0.0,EXPLICIT_ZERO,false
PXD064962_UCD_EVENT,University College Dublin / Conway Institute,protein_groups,309,LFQ intensity T_D1_173_2_S1-F6_6684,LFQ intensity T_D1_173_2_S1-F6_6684:309,T_D1_173_2_S1-F6_6684,P05023,P54707;P13637;P50993;P05023;Q13733,T_D1_173,T_D1_173,TERM,D1,2,0.0,EXPLICIT_ZERO,false
PXD064962_UCD_EVENT,University College Dublin / Conway Institute,protein_groups,309,LFQ intensity T_D1_186_1_S1-C6_6667,LFQ intensity T_D1_186_1_S1-C6_6667:309,T_D1_186_1_S1-C6_6667,P05023,P54707;P13637;P50993;P05023;Q13733,T_D1_186,T_D1_186,TERM,D1,1,0.0,EXPLICIT_ZERO,false
PXD064962_UCD_EVENT,University College Dublin / Conway Institute,protein_groups,309,LFQ intensity T_D1_186_2_S1-D6_6668,LFQ intensity T_D1_186_2_S1-D6_6668:309,T_D1_186_2_S1-D6_6668,P05023,P54707;P13637;P50993;P05023;Q13733,T_D1_186,T_D1_186,TERM,D1,2,0.0,EXPLICIT_ZERO,false
PXD064962_UCD_EVENT,University College Dublin / Conway Institute,protein_groups,309,LFQ intensity T_D3_119a_1_S1-E7_6685,LFQ intensity T_D3_119a_1_S1-E7_6685:309,T_D3_119a_1_S1-E7_6685,P05023,P54707;P13637;P50993;P05023;Q13733,T_D3_119a,T_D3_119a,TERM,D3,1,0.0,EXPLICIT_ZERO,false
PXD064962_UCD_EVENT,University College Dublin / Conway Institute,protein_groups,309,LFQ intensity T_D3_119a_2_S1-F7_6686,LFQ intensity T_D3_119a_2_S1-F7_6686:309,T_D3_119a_2_S1-F7_6686,P05023,P54707;P13637;P50993;P05023;Q13733,T_D3_119a,T_D3_119a,TERM,D3,2,0.0,EXPLICIT_ZERO,false
PXD064962_UCD_EVENT,University College Dublin / Conway Institute,protein_groups,309,LFQ intensity T_D3_119b_1_S1-A8_6655,LFQ intensity T_D3_119b_1_S1-A8_6655:309,T_D3_119b_1_S1-A8_6655,P05023,P54707;P13637;P50993;P05023;Q13733,T_D3_119b,T_D3_119b,TERM,D3,1,0.0,EXPLICIT_ZERO,false
PXD064962_UCD_EVENT,University College Dublin / Conway Institute,protein_groups,309,LFQ intensity T_D3_119b_2_S1-B8_6656,LFQ intensity T_D3_119b_2_S1-B8_6656:309,T_D3_119b_2_S1-B8_6656,P05023,P54707;P13637;P50993;P05023;Q13733,T_D3_119b,T_D3_119b,TERM,D3,2,0.0,EXPLICIT_ZERO,false
PXD064962_UCD_EVENT,University College Dublin / Conway Institute,protein_groups,309,LFQ intensity T_D3_155_1_S1-G7_6699,LFQ intensity T_D3_155_1_S1-G7_6699:309,T_D3_155_1_S1-G7_6699,P05023,P54707;P13637;P50993;P05023;Q13733,T_D3_155,T_D3_155,TERM,D3,1,0.0,EXPLICIT_ZERO,false
PXD064962_UCD_EVENT,University College Dublin / Conway Institute,protein_groups,309,LFQ intensity T_D3_155_2_S1-H7_6700,LFQ intensity T_D3_155_2_S1-H7_6700:309,T_D3_155_2_S1-H7_6700,P05023,P54707;P13637;P50993;P05023;Q13733,T_D3_155,T_D3_155,TERM,D3,2,0.0,EXPLICIT_ZERO,false
PXD064962_UCD_EVENT,University College Dublin / Conway Institute,protein_groups,309,LFQ intensity T_D3_178_1_S1-C7_6669,LFQ intensity T_D3_178_1_S1-C7_6669:309,T_D3_178_1_S1-C7_6669,P05023,P54707;P13637;P50993;P05023;Q13733,T_D3_178,T_D3_178,TERM,D3,1,0.0,EXPLICIT_ZERO,false
PXD064962_UCD_EVENT,University College Dublin / Conway Institute,protein_groups,309,LFQ intensity T_D3_178_2_S1-D7_6670,LFQ intensity T_D3_178_2_S1-D7_6670:309,T_D3_178_2_S1-D7_6670,P05023,P54707;P13637;P50993;P05023;Q13733,T_D3_178,T_D3_178,TERM,D3,2,0.0,EXPLICIT_ZERO,false
PXD064962_UCD_EVENT,University College Dublin / Conway Institute,protein_groups,309,LFQ intensity T_D3_198_1_S1-C8_6671,LFQ intensity T_D3_198_1_S1-C8_6671:309,T_D3_198_1_S1-C8_6671,P05023,P54707;P13637;P50993;P05023;Q13733,T_D3_198,T_D3_198,TERM,D3,1,0.0,EXPLICIT_ZERO,false
PXD064962_UCD_EVENT,University College Dublin / Conway Institute,protein_groups,309,LFQ intensity T_D3_198_2_S1-D8_6672,LFQ intensity T_D3_198_2_S1-D8_6672:309,T_D3_198_2_S1-D8_6672,P05023,P54707;P13637;P50993;P05023;Q13733,T_D3_198,T_D3_198,TERM,D3,2,0.0,EXPLICIT_ZERO,false
PXD064962_UCD_EVENT,University College Dublin / Conway Institute,protein_groups,313,LFQ intensity PT_D1_16_1_S1-A1_6641,LFQ intensity PT_D1_16_1_S1-A1_6641:313,PT_D1_16_1_S1-A1_6641,P60174,P60174,PT_D1_16,PT_D1_16,PRETERM,D1,1,0.0,EXPLICIT_ZERO,false
PXD064962_UCD_EVENT,University College Dublin / Conway Institute,protein_groups,313,LFQ intensity PT_D1_16_2_S1-B1_6642,LFQ intensity PT_D1_16_2_S1-B1_6642:313,PT_D1_16_2_S1-B1_6642,P60174,P60174,PT_D1_16,PT_D1_16,PRETERM,D1,2,0.0,EXPLICIT_ZERO,false
PXD064962_UCD_EVENT,University College Dublin / Conway Institute,protein_groups,313,LFQ intensity PT_D1_18_1_S1-C1_6657,LFQ intensity PT_D1_18_1_S1-C1_6657:313,PT_D1_18_1_S1-C1_6657,P60174,P60174,PT_D1_18,PT_D1_18,PRETERM,D1,1,0.0,EXPLICIT_ZERO,false
PXD064962_UCD_EVENT,University College Dublin / Conway Institute,protein_groups,313,LFQ intensity PT_D1_18_2_S1-D1_6658,LFQ intensity PT_D1_18_2_S1-D1_6658:313,PT_D1_18_2_S1-D1_6658,P60174,P60174,PT_D1_18,PT_D1_18,PRETERM,D1,2,0.0,EXPLICIT_ZERO,false
PXD064962_UCD_EVENT,University College Dublin / Conway Institute,protein_groups,313,LFQ intensity PT_D1_20_1_S1-E1_6673,LFQ intensity PT_D1_20_1_S1-E1_6673:313,PT_D1_20_1_S1-E1_6673,P60174,P60174,PT_D1_20,PT_D1_20,PRETERM,D1,1,0.0,EXPLICIT_ZERO,false
PXD064962_UCD_EVENT,University College Dublin / Conway Institute,protein_groups,313,LFQ intensity PT_D1_20_2_S1-F1_6674,LFQ intensity PT_D1_20_2_S1-F1_6674:313,PT_D1_20_2_S1-F1_6674,P60174,P60174,PT_D1_20,PT_D1_20,PRETERM,D1,2,0.0,EXPLICIT_ZERO,false
PXD064962_UCD_EVENT,University College Dublin / Conway Institute,protein_groups,313,LFQ intensity PT_D1_23_1_S1-G1_6687,LFQ intensity PT_D1_23_1_S1-G1_6687:313,PT_D1_23_1_S1-G1_6687,P60174,P60174,PT_D1_23,PT_D1_23,PRETERM,D1,1,0.0,EXPLICIT_ZERO,false
PXD064962_UCD_EVENT,University College Dublin / Conway Institute,protein_groups,313,LFQ intensity PT_D1_23_2_S1-H1_6688,LFQ intensity PT_D1_23_2_S1-H1_6688:313,PT_D1_23_2_S1-H1_6688,P60174,P60174,PT_D1_23,PT_D1_23,PRETERM,D1,2,0.0,EXPLICIT_ZERO,false
PXD064962_UCD_EVENT,University College Dublin / Conway Institute,protein_groups,313,LFQ intensity PT_D1_33_1_S1-A2_6643,LFQ intensity PT_D1_33_1_S1-A2_6643:313,PT_D1_33_1_S1-A2_6643,P60174,P60174,PT_D1_33,PT_D1_33,PRETERM,D1,1,0.0,EXPLICIT_ZERO,false
PXD064962_UCD_EVENT,University College Dublin / Conway Institute,protein_groups,313,LFQ intensity PT_D1_33_2_S1-B2_6644,LFQ intensity PT_D1_33_2_S1-B2_6644:313,PT_D1_33_2_S1-B2_6644,P60174,P60174,PT_D1_33,PT_D1_33,PRETERM,D1,2,0.0,EXPLICIT_ZERO,false
PXD064962_UCD_EVENT,University College Dublin / Conway Institute,protein_groups,313,LFQ intensity PT_D1_34_1_S1-C2_6659,LFQ intensity PT_D1_34_1_S1-C2_6659:313,PT_D1_34_1_S1-C2_6659,P60174,P60174,PT_D1_34,PT_D1_34,PRETERM,D1,1,0.0,EXPLICIT_ZERO,false
PXD064962_UCD_EVENT,University College Dublin / Conway Institute,protein_groups,313,LFQ intensity PT_D1_34_2_S1-D2_6660,LFQ intensity PT_D1_34_2_S1-D2_6660:313,PT_D1_34_2_S1-D2_6660,P60174,P60174,PT_D1_34,PT_D1_34,PRETERM,D1,2,0.0,EXPLICIT_ZERO,false
PXD064962_UCD_EVENT,University College Dublin / Conway Institute,protein_groups,313,LFQ intensity PT_D1_48_1_S1-E2_6675,LFQ intensity PT_D1_48_1_S1-E2_6675:313,PT_D1_48_1_S1-E2_6675,P60174,P60174,PT_D1_48,PT_D1_48,PRETERM,D1,1,58681.0,POSITIVE,true
PXD064962_UCD_EVENT,University College Dublin / Conway Institute,protein_groups,313,LFQ intensity PT_D1_48_2_S1-F2_6676,LFQ intensity PT_D1_48_2_S1-F2_6676:313,PT_D1_48_2_S1-F2_6676,P60174,P60174,PT_D1_48,PT_D1_48,PRETERM,D1,2,49193.0,POSITIVE,true
PXD064962_UCD_EVENT,University College Dublin / Conway Institute,protein_groups,313,LFQ intensity PT_D1_51_1_S1-G2_6689,LFQ intensity PT_D1_51_1_S1-G2_6689:313,PT_D1_51_1_S1-G2_6689,P60174,P60174,PT_D1_51,PT_D1_51,PRETERM,D1,1,0.0,EXPLICIT_ZERO,false
PXD064962_UCD_EVENT,University College Dublin / Conway Institute,protein_groups,313,LFQ intensity PT_D1_51_2_S1-H2_6690,LFQ intensity PT_D1_51_2_S1-H2_6690:313,PT_D1_51_2_S1-H2_6690,P60174,P60174,PT_D1_51,PT_D1_51,PRETERM,D1,2,0.0,EXPLICIT_ZERO,false
PXD064962_UCD_EVENT,University College Dublin / Conway Institute,protein_groups,313,LFQ intensity PT_D1_73_1_S1-A3_6645,LFQ intensity PT_D1_73_1_S1-A3_6645:313,PT_D1_73_1_S1-A3_6645,P60174,P60174,PT_D1_73,PT_D1_73,PRETERM,D1,1,0.0,EXPLICIT_ZERO,false
PXD064962_UCD_EVENT,University College Dublin / Conway Institute,protein_groups,313,LFQ intensity PT_D1_73_2_S1-B3_6646,LFQ intensity PT_D1_73_2_S1-B3_6646:313,PT_D1_73_2_S1-B3_6646,P60174,P60174,PT_D1_73,PT_D1_73,PRETERM,D1,2,0.0,EXPLICIT_ZERO,false
PXD064962_UCD_EVENT,University College Dublin / Conway Institute,protein_groups,313,LFQ intensity PT_D1_81_1_S1-C3_6661,LFQ intensity PT_D1_81_1_S1-C3_6661:313,PT_D1_81_1_S1-C3_6661,P60174,P60174,PT_D1_81,PT_D1_81,PRETERM,D1,1,0.0,EXPLICIT_ZERO,false
PXD064962_UCD_EVENT,University College Dublin / Conway Institute,protein_groups,313,LFQ intensity PT_D1_81_2_S1-D3_6662,LFQ intensity PT_D1_81_2_S1-D3_6662:313,PT_D1_81_2_S1-D3_6662,P60174,P60174,PT_D1_81,PT_D1_81,PRETERM,D1,2,0.0,EXPLICIT_ZERO,false
PXD064962_UCD_EVENT,University College Dublin / Conway Institute,protein_groups,313,LFQ intensity PT_D3_06_1_S1-E5_6681,LFQ intensity PT_D3_06_1_S1-E5_6681:313,PT_D3_06_1_S1-E5_6681,P60174,P60174,PT_D3_06,PT_D3_06,PRETERM,D3,1,0.0,EXPLICIT_ZERO,false
PXD064962_UCD_EVENT,University College Dublin / Conway Institute,protein_groups,313,LFQ intensity PT_D3_06_2_S1-F5_6682,LFQ intensity PT_D3_06_2_S1-F5_6682:313,PT_D3_06_2_S1-F5_6682,P60174,P60174,PT_D3_06,PT_D3_06,PRETERM,D3,2,0.0,EXPLICIT_ZERO,false
PXD064962_UCD_EVENT,University College Dublin / Conway Institute,protein_groups,313,LFQ intensity PT_D3_14_1_S1-C5_6665,LFQ intensity PT_D3_14_1_S1-C5_6665:313,PT_D3_14_1_S1-C5_6665,P60174,P60174,PT_D3_14,PT_D3_14,PRETERM,D3,1,0.0,EXPLICIT_ZERO,false
PXD064962_UCD_EVENT,University College Dublin / Conway Institute,protein_groups,313,LFQ intensity PT_D3_14_2_S1-D5_6666,LFQ intensity PT_D3_14_2_S1-D5_6666:313,PT_D3_14_2_S1-D5_6666,P60174,P60174,PT_D3_14,PT_D3_14,PRETERM,D3,2,0.0,EXPLICIT_ZERO,false
PXD064962_UCD_EVENT,University College Dublin / Conway Institute,protein_groups,313,LFQ intensity PT_D3_22_1_S1-C4_6663,LFQ intensity PT_D3_22_1_S1-C4_6663:313,PT_D3_22_1_S1-C4_6663,P60174,P60174,PT_D3_22,PT_D3_22,PRETERM,D3,1,0.0,EXPLICIT_ZERO,false
PXD064962_UCD_EVENT,University College Dublin / Conway Institute,protein_groups,313,LFQ intensity PT_D3_22_2_S1-D4_6664,LFQ intensity PT_D3_22_2_S1-D4_6664:313,PT_D3_22_2_S1-D4_6664,P60174,P60174,PT_D3_22,PT_D3_22,PRETERM,D3,2,0.0,EXPLICIT_ZERO,false
PXD064962_UCD_EVENT,University College Dublin / Conway Institute,protein_groups,313,LFQ intensity PT_D3_28_1_S1-A5_6649,LFQ intensity PT_D3_28_1_S1-A5_6649:313,PT_D3_28_1_S1-A5_6649,P60174,P60174,PT_D3_28,PT_D3_28,PRETERM,D3,1,0.0,EXPLICIT_ZERO,false
PXD064962_UCD_EVENT,University College Dublin / Conway Institute,protein_groups,313,LFQ intensity PT_D3_28_2_S1-B5_6650,LFQ intensity PT_D3_28_2_S1-B5_6650:313,PT_D3_28_2_S1-B5_6650,P60174,P60174,PT_D3_28,PT_D3_28,PRETERM,D3,2,0.0,EXPLICIT_ZERO,false
PXD064962_UCD_EVENT,University College Dublin / Conway Institute,protein_groups,313,LFQ intensity PT_D3_30_1_S1-E3_6677,LFQ intensity PT_D3_30_1_S1-E3_6677:313,PT_D3_30_1_S1-E3_6677,P60174,P60174,PT_D3_30,PT_D3_30,PRETERM,D3,1,0.0,EXPLICIT_ZERO,false
PXD064962_UCD_EVENT,University College Dublin / Conway Institute,protein_groups,313,LFQ intensity PT_D3_30_2_S1-F3_6678,LFQ intensity PT_D3_30_2_S1-F3_6678:313,PT_D3_30_2_S1-F3_6678,P60174,P60174,PT_D3_30,PT_D3_30,PRETERM,D3,2,0.0,EXPLICIT_ZERO,false
PXD064962_UCD_EVENT,University College Dublin / Conway Institute,protein_groups,313,LFQ intensity PT_D3_37_1_S1-G5_6695,LFQ intensity PT_D3_37_1_S1-G5_6695:313,PT_D3_37_1_S1-G5_6695,P60174,P60174,PT_D3_37,PT_D3_37,PRETERM,D3,1,0.0,EXPLICIT_ZERO,false
PXD064962_UCD_EVENT,University College Dublin / Conway Institute,protein_groups,313,LFQ intensity PT_D3_37_2_S1-H5_6696,LFQ intensity PT_D3_37_2_S1-H5_6696:313,PT_D3_37_2_S1-H5_6696,P60174,P60174,PT_D3_37,PT_D3_37,PRETERM,D3,2,0.0,EXPLICIT_ZERO,false
PXD064962_UCD_EVENT,University College Dublin / Conway Institute,protein_groups,313,LFQ intensity PT_D3_41_1_S1-G3_6691,LFQ intensity PT_D3_41_1_S1-G3_6691:313,PT_D3_41_1_S1-G3_6691,P60174,P60174,PT_D3_41,PT_D3_41,PRETERM,D3,1,0.0,EXPLICIT_ZERO,false
PXD064962_UCD_EVENT,University College Dublin / Conway Institute,protein_groups,313,LFQ intensity PT_D3_41_2_S1-H3_6692,LFQ intensity PT_D3_41_2_S1-H3_6692:313,PT_D3_41_2_S1-H3_6692,P60174,P60174,PT_D3_41,PT_D3_41,PRETERM,D3,2,0.0,EXPLICIT_ZERO,false
PXD064962_UCD_EVENT,University College Dublin / Conway Institute,protein_groups,313,LFQ intensity PT_D3_42_1_S1-G4_6693,LFQ intensity PT_D3_42_1_S1-G4_6693:313,PT_D3_42_1_S1-G4_6693,P60174,P60174,PT_D3_42,PT_D3_42,PRETERM,D3,1,0.0,EXPLICIT_ZERO,false
PXD064962_UCD_EVENT,University College Dublin / Conway Institute,protein_groups,313,LFQ intensity PT_D3_42_2_S1-H4_6694,LFQ intensity PT_D3_42_2_S1-H4_6694:313,PT_D3_42_2_S1-H4_6694,P60174,P60174,PT_D3_42,PT_D3_42,PRETERM,D3,2,0.0,EXPLICIT_ZERO,false
PXD064962_UCD_EVENT,University College Dublin / Conway Institute,protein_groups,313,LFQ intensity PT_D3_85_1_S1-E4_6679,LFQ intensity PT_D3_85_1_S1-E4_6679:313,PT_D3_85_1_S1-E4_6679,P60174,P60174,PT_D3_85,PT_D3_85,PRETERM,D3,1,0.0,EXPLICIT_ZERO,false
PXD064962_UCD_EVENT,University College Dublin / Conway Institute,protein_groups,313,LFQ intensity PT_D3_85_2_S1-F4_6680,LFQ intensity PT_D3_85_2_S1-F4_6680:313,PT_D3_85_2_S1-F4_6680,P60174,P60174,PT_D3_85,PT_D3_85,PRETERM,D3,2,0.0,EXPLICIT_ZERO,false
PXD064962_UCD_EVENT,University College Dublin / Conway Institute,protein_groups,313,LFQ intensity PT_D3_96_1_S1-A4_6647,LFQ intensity PT_D3_96_1_S1-A4_6647:313,PT_D3_96_1_S1-A4_6647,P60174,P60174,PT_D3_96,PT_D3_96,PRETERM,D3,1,0.0,EXPLICIT_ZERO,false
PXD064962_UCD_EVENT,University College Dublin / Conway Institute,protein_groups,313,LFQ intensity PT_D3_96_2_S1-B4_6648,LFQ intensity PT_D3_96_2_S1-B4_6648:313,PT_D3_96_2_S1-B4_6648,P60174,P60174,PT_D3_96,PT_D3_96,PRETERM,D3,2,0.0,EXPLICIT_ZERO,false
PXD064962_UCD_EVENT,University College Dublin / Conway Institute,protein_groups,313,LFQ intensity T_D1_133_1_S1-A6_6651,LFQ intensity T_D1_133_1_S1-A6_6651:313,T_D1_133_1_S1-A6_6651,P60174,P60174,T_D1_133,T_D1_133,TERM,D1,1,0.0,EXPLICIT_ZERO,false
PXD064962_UCD_EVENT,University College Dublin / Conway Institute,protein_groups,313,LFQ intensity T_D1_133_2_S1-B6_6652,LFQ intensity T_D1_133_2_S1-B6_6652:313,T_D1_133_2_S1-B6_6652,P60174,P60174,T_D1_133,T_D1_133,TERM,D1,2,0.0,EXPLICIT_ZERO,false
PXD064962_UCD_EVENT,University College Dublin / Conway Institute,protein_groups,313,LFQ intensity T_D1_138_1_S1-G6_6697,LFQ intensity T_D1_138_1_S1-G6_6697:313,T_D1_138_1_S1-G6_6697,P60174,P60174,T_D1_138,T_D1_138,TERM,D1,1,0.0,EXPLICIT_ZERO,false
PXD064962_UCD_EVENT,University College Dublin / Conway Institute,protein_groups,313,LFQ intensity T_D1_138_2_S1-H6_6698,LFQ intensity T_D1_138_2_S1-H6_6698:313,T_D1_138_2_S1-H6_6698,P60174,P60174,T_D1_138,T_D1_138,TERM,D1,2,0.0,EXPLICIT_ZERO,false
PXD064962_UCD_EVENT,University College Dublin / Conway Institute,protein_groups,313,LFQ intensity T_D1_165_1_S1-A7_6653,LFQ intensity T_D1_165_1_S1-A7_6653:313,T_D1_165_1_S1-A7_6653,P60174,P60174,T_D1_165,T_D1_165,TERM,D1,1,0.0,EXPLICIT_ZERO,false
PXD064962_UCD_EVENT,University College Dublin / Conway Institute,protein_groups,313,LFQ intensity T_D1_165_2_S1-B7_6654,LFQ intensity T_D1_165_2_S1-B7_6654:313,T_D1_165_2_S1-B7_6654,P60174,P60174,T_D1_165,T_D1_165,TERM,D1,2,0.0,EXPLICIT_ZERO,false
PXD064962_UCD_EVENT,University College Dublin / Conway Institute,protein_groups,313,LFQ intensity T_D1_173_1_S1-E6_6683,LFQ intensity T_D1_173_1_S1-E6_6683:313,T_D1_173_1_S1-E6_6683,P60174,P60174,T_D1_173,T_D1_173,TERM,D1,1,0.0,EXPLICIT_ZERO,false
PXD064962_UCD_EVENT,University College Dublin / Conway Institute,protein_groups,313,LFQ intensity T_D1_173_2_S1-F6_6684,LFQ intensity T_D1_173_2_S1-F6_6684:313,T_D1_173_2_S1-F6_6684,P60174,P60174,T_D1_173,T_D1_173,TERM,D1,2,0.0,EXPLICIT_ZERO,false
PXD064962_UCD_EVENT,University College Dublin / Conway Institute,protein_groups,313,LFQ intensity T_D1_186_1_S1-C6_6667,LFQ intensity T_D1_186_1_S1-C6_6667:313,T_D1_186_1_S1-C6_6667,P60174,P60174,T_D1_186,T_D1_186,TERM,D1,1,0.0,EXPLICIT_ZERO,false
PXD064962_UCD_EVENT,University College Dublin / Conway Institute,protein_groups,313,LFQ intensity T_D1_186_2_S1-D6_6668,LFQ intensity T_D1_186_2_S1-D6_6668:313,T_D1_186_2_S1-D6_6668,P60174,P60174,T_D1_186,T_D1_186,TERM,D1,2,0.0,EXPLICIT_ZERO,false
PXD064962_UCD_EVENT,University College Dublin / Conway Institute,protein_groups,313,LFQ intensity T_D3_119a_1_S1-E7_6685,LFQ intensity T_D3_119a_1_S1-E7_6685:313,T_D3_119a_1_S1-E7_6685,P60174,P60174,T_D3_119a,T_D3_119a,TERM,D3,1,0.0,EXPLICIT_ZERO,false
PXD064962_UCD_EVENT,University College Dublin / Conway Institute,protein_groups,313,LFQ intensity T_D3_119a_2_S1-F7_6686,LFQ intensity T_D3_119a_2_S1-F7_6686:313,T_D3_119a_2_S1-F7_6686,P60174,P60174,T_D3_119a,T_D3_119a,TERM,D3,2,0.0,EXPLICIT_ZERO,false
PXD064962_UCD_EVENT,University College Dublin / Conway Institute,protein_groups,313,LFQ intensity T_D3_119b_1_S1-A8_6655,LFQ intensity T_D3_119b_1_S1-A8_6655:313,T_D3_119b_1_S1-A8_6655,P60174,P60174,T_D3_119b,T_D3_119b,TERM,D3,1,0.0,EXPLICIT_ZERO,false
PXD064962_UCD_EVENT,University College Dublin / Conway Institute,protein_groups,313,LFQ intensity T_D3_119b_2_S1-B8_6656,LFQ intensity T_D3_119b_2_S1-B8_6656:313,T_D3_119b_2_S1-B8_6656,P60174,P60174,T_D3_119b,T_D3_119b,TERM,D3,2,0.0,EXPLICIT_ZERO,false
PXD064962_UCD_EVENT,University College Dublin / Conway Institute,protein_groups,313,LFQ intensity T_D3_155_1_S1-G7_6699,LFQ intensity T_D3_155_1_S1-G7_6699:313,T_D3_155_1_S1-G7_6699,P60174,P60174,T_D3_155,T_D3_155,TERM,D3,1,0.0,EXPLICIT_ZERO,false
PXD064962_UCD_EVENT,University College Dublin / Conway Institute,protein_groups,313,LFQ intensity T_D3_155_2_S1-H7_6700,LFQ intensity T_D3_155_2_S1-H7_6700:313,T_D3_155_2_S1-H7_6700,P60174,P60174,T_D3_155,T_D3_155,TERM,D3,2,0.0,EXPLICIT_ZERO,false
PXD064962_UCD_EVENT,University College Dublin / Conway Institute,protein_groups,313,LFQ intensity T_D3_178_1_S1-C7_6669,LFQ intensity T_D3_178_1_S1-C7_6669:313,T_D3_178_1_S1-C7_6669,P60174,P60174,T_D3_178,T_D3_178,TERM,D3,1,0.0,EXPLICIT_ZERO,false
PXD064962_UCD_EVENT,University College Dublin / Conway Institute,protein_groups,313,LFQ intensity T_D3_178_2_S1-D7_6670,LFQ intensity T_D3_178_2_S1-D7_6670:313,T_D3_178_2_S1-D7_6670,P60174,P60174,T_D3_178,T_D3_178,TERM,D3,2,0.0,EXPLICIT_ZERO,false
PXD064962_UCD_EVENT,University College Dublin / Conway Institute,protein_groups,313,LFQ intensity T_D3_198_1_S1-C8_6671,LFQ intensity T_D3_198_1_S1-C8_6671:313,T_D3_198_1_S1-C8_6671,P60174,P60174,T_D3_198,T_D3_198,TERM,D3,1,34018.0,POSITIVE,true
PXD064962_UCD_EVENT,University College Dublin / Conway Institute,protein_groups,313,LFQ intensity T_D3_198_2_S1-D8_6672,LFQ intensity T_D3_198_2_S1-D8_6672:313,T_D3_198_2_S1-D8_6672,P60174,P60174,T_D3_198,T_D3_198,TERM,D3,2,32525.0,POSITIVE,true
PXD064962_UCD_EVENT,University College Dublin / Conway Institute,protein_groups,318,LFQ intensity PT_D1_16_1_S1-A1_6641,LFQ intensity PT_D1_16_1_S1-A1_6641:318,PT_D1_16_1_S1-A1_6641,P61981,P62258;Q04917;P61981,PT_D1_16,PT_D1_16,PRETERM,D1,1,0.0,EXPLICIT_ZERO,false
PXD064962_UCD_EVENT,University College Dublin / Conway Institute,protein_groups,318,LFQ intensity PT_D1_16_2_S1-B1_6642,LFQ intensity PT_D1_16_2_S1-B1_6642:318,PT_D1_16_2_S1-B1_6642,P61981,P62258;Q04917;P61981,PT_D1_16,PT_D1_16,PRETERM,D1,2,0.0,EXPLICIT_ZERO,false
PXD064962_UCD_EVENT,University College Dublin / Conway Institute,protein_groups,318,LFQ intensity PT_D1_18_1_S1-C1_6657,LFQ intensity PT_D1_18_1_S1-C1_6657:318,PT_D1_18_1_S1-C1_6657,P61981,P62258;Q04917;P61981,PT_D1_18,PT_D1_18,PRETERM,D1,1,0.0,EXPLICIT_ZERO,false
PXD064962_UCD_EVENT,University College Dublin / Conway Institute,protein_groups,318,LFQ intensity PT_D1_18_2_S1-D1_6658,LFQ intensity PT_D1_18_2_S1-D1_6658:318,PT_D1_18_2_S1-D1_6658,P61981,P62258;Q04917;P61981,PT_D1_18,PT_D1_18,PRETERM,D1,2,0.0,EXPLICIT_ZERO,false
PXD064962_UCD_EVENT,University College Dublin / Conway Institute,protein_groups,318,LFQ intensity PT_D1_20_1_S1-E1_6673,LFQ intensity PT_D1_20_1_S1-E1_6673:318,PT_D1_20_1_S1-E1_6673,P61981,P62258;Q04917;P61981,PT_D1_20,PT_D1_20,PRETERM,D1,1,0.0,EXPLICIT_ZERO,false
PXD064962_UCD_EVENT,University College Dublin / Conway Institute,protein_groups,318,LFQ intensity PT_D1_20_2_S1-F1_6674,LFQ intensity PT_D1_20_2_S1-F1_6674:318,PT_D1_20_2_S1-F1_6674,P61981,P62258;Q04917;P61981,PT_D1_20,PT_D1_20,PRETERM,D1,2,0.0,EXPLICIT_ZERO,false
PXD064962_UCD_EVENT,University College Dublin / Conway Institute,protein_groups,318,LFQ intensity PT_D1_23_1_S1-G1_6687,LFQ intensity PT_D1_23_1_S1-G1_6687:318,PT_D1_23_1_S1-G1_6687,P61981,P62258;Q04917;P61981,PT_D1_23,PT_D1_23,PRETERM,D1,1,0.0,EXPLICIT_ZERO,false
PXD064962_UCD_EVENT,University College Dublin / Conway Institute,protein_groups,318,LFQ intensity PT_D1_23_2_S1-H1_6688,LFQ intensity PT_D1_23_2_S1-H1_6688:318,PT_D1_23_2_S1-H1_6688,P61981,P62258;Q04917;P61981,PT_D1_23,PT_D1_23,PRETERM,D1,2,0.0,EXPLICIT_ZERO,false
PXD064962_UCD_EVENT,University College Dublin / Conway Institute,protein_groups,318,LFQ intensity PT_D1_33_1_S1-A2_6643,LFQ intensity PT_D1_33_1_S1-A2_6643:318,PT_D1_33_1_S1-A2_6643,P61981,P62258;Q04917;P61981,PT_D1_33,PT_D1_33,PRETERM,D1,1,0.0,EXPLICIT_ZERO,false
PXD064962_UCD_EVENT,University College Dublin / Conway Institute,protein_groups,318,LFQ intensity PT_D1_33_2_S1-B2_6644,LFQ intensity PT_D1_33_2_S1-B2_6644:318,PT_D1_33_2_S1-B2_6644,P61981,P62258;Q04917;P61981,PT_D1_33,PT_D1_33,PRETERM,D1,2,0.0,EXPLICIT_ZERO,false
PXD064962_UCD_EVENT,University College Dublin / Conway Institute,protein_groups,318,LFQ intensity PT_D1_34_1_S1-C2_6659,LFQ intensity PT_D1_34_1_S1-C2_6659:318,PT_D1_34_1_S1-C2_6659,P61981,P62258;Q04917;P61981,PT_D1_34,PT_D1_34,PRETERM,D1,1,0.0,EXPLICIT_ZERO,false
PXD064962_UCD_EVENT,University College Dublin / Conway Institute,protein_groups,318,LFQ intensity PT_D1_34_2_S1-D2_6660,LFQ intensity PT_D1_34_2_S1-D2_6660:318,PT_D1_34_2_S1-D2_6660,P61981,P62258;Q04917;P61981,PT_D1_34,PT_D1_34,PRETERM,D1,2,0.0,EXPLICIT_ZERO,false
PXD064962_UCD_EVENT,University College Dublin / Conway Institute,protein_groups,318,LFQ intensity PT_D1_48_1_S1-E2_6675,LFQ intensity PT_D1_48_1_S1-E2_6675:318,PT_D1_48_1_S1-E2_6675,P61981,P62258;Q04917;P61981,PT_D1_48,PT_D1_48,PRETERM,D1,1,0.0,EXPLICIT_ZERO,false
PXD064962_UCD_EVENT,University College Dublin / Conway Institute,protein_groups,318,LFQ intensity PT_D1_48_2_S1-F2_6676,LFQ intensity PT_D1_48_2_S1-F2_6676:318,PT_D1_48_2_S1-F2_6676,P61981,P62258;Q04917;P61981,PT_D1_48,PT_D1_48,PRETERM,D1,2,0.0,EXPLICIT_ZERO,false
PXD064962_UCD_EVENT,University College Dublin / Conway Institute,protein_groups,318,LFQ intensity PT_D1_51_1_S1-G2_6689,LFQ intensity PT_D1_51_1_S1-G2_6689:318,PT_D1_51_1_S1-G2_6689,P61981,P62258;Q04917;P61981,PT_D1_51,PT_D1_51,PRETERM,D1,1,0.0,EXPLICIT_ZERO,false
PXD064962_UCD_EVENT,University College Dublin / Conway Institute,protein_groups,318,LFQ intensity PT_D1_51_2_S1-H2_6690,LFQ intensity PT_D1_51_2_S1-H2_6690:318,PT_D1_51_2_S1-H2_6690,P61981,P62258;Q04917;P61981,PT_D1_51,PT_D1_51,PRETERM,D1,2,0.0,EXPLICIT_ZERO,false
PXD064962_UCD_EVENT,University College Dublin / Conway Institute,protein_groups,318,LFQ intensity PT_D1_73_1_S1-A3_6645,LFQ intensity PT_D1_73_1_S1-A3_6645:318,PT_D1_73_1_S1-A3_6645,P61981,P62258;Q04917;P61981,PT_D1_73,PT_D1_73,PRETERM,D1,1,0.0,EXPLICIT_ZERO,false
PXD064962_UCD_EVENT,University College Dublin / Conway Institute,protein_groups,318,LFQ intensity PT_D1_73_2_S1-B3_6646,LFQ intensity PT_D1_73_2_S1-B3_6646:318,PT_D1_73_2_S1-B3_6646,P61981,P62258;Q04917;P61981,PT_D1_73,PT_D1_73,PRETERM,D1,2,0.0,EXPLICIT_ZERO,false
PXD064962_UCD_EVENT,University College Dublin / Conway Institute,protein_groups,318,LFQ intensity PT_D1_81_1_S1-C3_6661,LFQ intensity PT_D1_81_1_S1-C3_6661:318,PT_D1_81_1_S1-C3_6661,P61981,P62258;Q04917;P61981,PT_D1_81,PT_D1_81,PRETERM,D1,1,0.0,EXPLICIT_ZERO,false
PXD064962_UCD_EVENT,University College Dublin / Conway Institute,protein_groups,318,LFQ intensity PT_D1_81_2_S1-D3_6662,LFQ intensity PT_D1_81_2_S1-D3_6662:318,PT_D1_81_2_S1-D3_6662,P61981,P62258;Q04917;P61981,PT_D1_81,PT_D1_81,PRETERM,D1,2,0.0,EXPLICIT_ZERO,false
PXD064962_UCD_EVENT,University College Dublin / Conway Institute,protein_groups,318,LFQ intensity PT_D3_06_1_S1-E5_6681,LFQ intensity PT_D3_06_1_S1-E5_6681:318,PT_D3_06_1_S1-E5_6681,P61981,P62258;Q04917;P61981,PT_D3_06,PT_D3_06,PRETERM,D3,1,0.0,EXPLICIT_ZERO,false
PXD064962_UCD_EVENT,University College Dublin / Conway Institute,protein_groups,318,LFQ intensity PT_D3_06_2_S1-F5_6682,LFQ intensity PT_D3_06_2_S1-F5_6682:318,PT_D3_06_2_S1-F5_6682,P61981,P62258;Q04917;P61981,PT_D3_06,PT_D3_06,PRETERM,D3,2,0.0,EXPLICIT_ZERO,false
PXD064962_UCD_EVENT,University College Dublin / Conway Institute,protein_groups,318,LFQ intensity PT_D3_14_1_S1-C5_6665,LFQ intensity PT_D3_14_1_S1-C5_6665:318,PT_D3_14_1_S1-C5_6665,P61981,P62258;Q04917;P61981,PT_D3_14,PT_D3_14,PRETERM,D3,1,0.0,EXPLICIT_ZERO,false
PXD064962_UCD_EVENT,University College Dublin / Conway Institute,protein_groups,318,LFQ intensity PT_D3_14_2_S1-D5_6666,LFQ intensity PT_D3_14_2_S1-D5_6666:318,PT_D3_14_2_S1-D5_6666,P61981,P62258;Q04917;P61981,PT_D3_14,PT_D3_14,PRETERM,D3,2,0.0,EXPLICIT_ZERO,false
PXD064962_UCD_EVENT,University College Dublin / Conway Institute,protein_groups,318,LFQ intensity PT_D3_22_1_S1-C4_6663,LFQ intensity PT_D3_22_1_S1-C4_6663:318,PT_D3_22_1_S1-C4_6663,P61981,P62258;Q04917;P61981,PT_D3_22,PT_D3_22,PRETERM,D3,1,0.0,EXPLICIT_ZERO,false
PXD064962_UCD_EVENT,University College Dublin / Conway Institute,protein_groups,318,LFQ intensity PT_D3_22_2_S1-D4_6664,LFQ intensity PT_D3_22_2_S1-D4_6664:318,PT_D3_22_2_S1-D4_6664,P61981,P62258;Q04917;P61981,PT_D3_22,PT_D3_22,PRETERM,D3,2,0.0,EXPLICIT_ZERO,false
PXD064962_UCD_EVENT,University College Dublin / Conway Institute,protein_groups,318,LFQ intensity PT_D3_28_1_S1-A5_6649,LFQ intensity PT_D3_28_1_S1-A5_6649:318,PT_D3_28_1_S1-A5_6649,P61981,P62258;Q04917;P61981,PT_D3_28,PT_D3_28,PRETERM,D3,1,0.0,EXPLICIT_ZERO,false
PXD064962_UCD_EVENT,University College Dublin / Conway Institute,protein_groups,318,LFQ intensity PT_D3_28_2_S1-B5_6650,LFQ intensity PT_D3_28_2_S1-B5_6650:318,PT_D3_28_2_S1-B5_6650,P61981,P62258;Q04917;P61981,PT_D3_28,PT_D3_28,PRETERM,D3,2,0.0,EXPLICIT_ZERO,false
PXD064962_UCD_EVENT,University College Dublin / Conway Institute,protein_groups,318,LFQ intensity PT_D3_30_1_S1-E3_6677,LFQ intensity PT_D3_30_1_S1-E3_6677:318,PT_D3_30_1_S1-E3_6677,P61981,P62258;Q04917;P61981,PT_D3_30,PT_D3_30,PRETERM,D3,1,0.0,EXPLICIT_ZERO,false
PXD064962_UCD_EVENT,University College Dublin / Conway Institute,protein_groups,318,LFQ intensity PT_D3_30_2_S1-F3_6678,LFQ intensity PT_D3_30_2_S1-F3_6678:318,PT_D3_30_2_S1-F3_6678,P61981,P62258;Q04917;P61981,PT_D3_30,PT_D3_30,PRETERM,D3,2,0.0,EXPLICIT_ZERO,false
PXD064962_UCD_EVENT,University College Dublin / Conway Institute,protein_groups,318,LFQ intensity PT_D3_37_1_S1-G5_6695,LFQ intensity PT_D3_37_1_S1-G5_6695:318,PT_D3_37_1_S1-G5_6695,P61981,P62258;Q04917;P61981,PT_D3_37,PT_D3_37,PRETERM,D3,1,0.0,EXPLICIT_ZERO,false
PXD064962_UCD_EVENT,University College Dublin / Conway Institute,protein_groups,318,LFQ intensity PT_D3_37_2_S1-H5_6696,LFQ intensity PT_D3_37_2_S1-H5_6696:318,PT_D3_37_2_S1-H5_6696,P61981,P62258;Q04917;P61981,PT_D3_37,PT_D3_37,PRETERM,D3,2,0.0,EXPLICIT_ZERO,false
PXD064962_UCD_EVENT,University College Dublin / Conway Institute,protein_groups,318,LFQ intensity PT_D3_41_1_S1-G3_6691,LFQ intensity PT_D3_41_1_S1-G3_6691:318,PT_D3_41_1_S1-G3_6691,P61981,P62258;Q04917;P61981,PT_D3_41,PT_D3_41,PRETERM,D3,1,0.0,EXPLICIT_ZERO,false
PXD064962_UCD_EVENT,University College Dublin / Conway Institute,protein_groups,318,LFQ intensity PT_D3_41_2_S1-H3_6692,LFQ intensity PT_D3_41_2_S1-H3_6692:318,PT_D3_41_2_S1-H3_6692,P61981,P62258;Q04917;P61981,PT_D3_41,PT_D3_41,PRETERM,D3,2,0.0,EXPLICIT_ZERO,false
PXD064962_UCD_EVENT,University College Dublin / Conway Institute,protein_groups,318,LFQ intensity PT_D3_42_1_S1-G4_6693,LFQ intensity PT_D3_42_1_S1-G4_6693:318,PT_D3_42_1_S1-G4_6693,P61981,P62258;Q04917;P61981,PT_D3_42,PT_D3_42,PRETERM,D3,1,0.0,EXPLICIT_ZERO,false
PXD064962_UCD_EVENT,University College Dublin / Conway Institute,protein_groups,318,LFQ intensity PT_D3_42_2_S1-H4_6694,LFQ intensity PT_D3_42_2_S1-H4_6694:318,PT_D3_42_2_S1-H4_6694,P61981,P62258;Q04917;P61981,PT_D3_42,PT_D3_42,PRETERM,D3,2,0.0,EXPLICIT_ZERO,false
PXD064962_UCD_EVENT,University College Dublin / Conway Institute,protein_groups,318,LFQ intensity PT_D3_85_1_S1-E4_6679,LFQ intensity PT_D3_85_1_S1-E4_6679:318,PT_D3_85_1_S1-E4_6679,P61981,P62258;Q04917;P61981,PT_D3_85,PT_D3_85,PRETERM,D3,1,0.0,EXPLICIT_ZERO,false
PXD064962_UCD_EVENT,University College Dublin / Conway Institute,protein_groups,318,LFQ intensity PT_D3_85_2_S1-F4_6680,LFQ intensity PT_D3_85_2_S1-F4_6680:318,PT_D3_85_2_S1-F4_6680,P61981,P62258;Q04917;P61981,PT_D3_85,PT_D3_85,PRETERM,D3,2,0.0,EXPLICIT_ZERO,false
PXD064962_UCD_EVENT,University College Dublin / Conway Institute,protein_groups,318,LFQ intensity PT_D3_96_1_S1-A4_6647,LFQ intensity PT_D3_96_1_S1-A4_6647:318,PT_D3_96_1_S1-A4_6647,P61981,P62258;Q04917;P61981,PT_D3_96,PT_D3_96,PRETERM,D3,1,0.0,EXPLICIT_ZERO,false
PXD064962_UCD_EVENT,University College Dublin / Conway Institute,protein_groups,318,LFQ intensity PT_D3_96_2_S1-B4_6648,LFQ intensity PT_D3_96_2_S1-B4_6648:318,PT_D3_96_2_S1-B4_6648,P61981,P62258;Q04917;P61981,PT_D3_96,PT_D3_96,PRETERM,D3,2,0.0,EXPLICIT_ZERO,false
PXD064962_UCD_EVENT,University College Dublin / Conway Institute,protein_groups,318,LFQ intensity T_D1_133_1_S1-A6_6651,LFQ intensity T_D1_133_1_S1-A6_6651:318,T_D1_133_1_S1-A6_6651,P61981,P62258;Q04917;P61981,T_D1_133,T_D1_133,TERM,D1,1,0.0,EXPLICIT_ZERO,false
PXD064962_UCD_EVENT,University College Dublin / Conway Institute,protein_groups,318,LFQ intensity T_D1_133_2_S1-B6_6652,LFQ intensity T_D1_133_2_S1-B6_6652:318,T_D1_133_2_S1-B6_6652,P61981,P62258;Q04917;P61981,T_D1_133,T_D1_133,TERM,D1,2,0.0,EXPLICIT_ZERO,false
PXD064962_UCD_EVENT,University College Dublin / Conway Institute,protein_groups,318,LFQ intensity T_D1_138_1_S1-G6_6697,LFQ intensity T_D1_138_1_S1-G6_6697:318,T_D1_138_1_S1-G6_6697,P61981,P62258;Q04917;P61981,T_D1_138,T_D1_138,TERM,D1,1,0.0,EXPLICIT_ZERO,false
PXD064962_UCD_EVENT,University College Dublin / Conway Institute,protein_groups,318,LFQ intensity T_D1_138_2_S1-H6_6698,LFQ intensity T_D1_138_2_S1-H6_6698:318,T_D1_138_2_S1-H6_6698,P61981,P62258;Q04917;P61981,T_D1_138,T_D1_138,TERM,D1,2,0.0,EXPLICIT_ZERO,false
PXD064962_UCD_EVENT,University College Dublin / Conway Institute,protein_groups,318,LFQ intensity T_D1_165_1_S1-A7_6653,LFQ intensity T_D1_165_1_S1-A7_6653:318,T_D1_165_1_S1-A7_6653,P61981,P62258;Q04917;P61981,T_D1_165,T_D1_165,TERM,D1,1,0.0,EXPLICIT_ZERO,false
PXD064962_UCD_EVENT,University College Dublin / Conway Institute,protein_groups,318,LFQ intensity T_D1_165_2_S1-B7_6654,LFQ intensity T_D1_165_2_S1-B7_6654:318,T_D1_165_2_S1-B7_6654,P61981,P62258;Q04917;P61981,T_D1_165,T_D1_165,TERM,D1,2,0.0,EXPLICIT_ZERO,false
PXD064962_UCD_EVENT,University College Dublin / Conway Institute,protein_groups,318,LFQ intensity T_D1_173_1_S1-E6_6683,LFQ intensity T_D1_173_1_S1-E6_6683:318,T_D1_173_1_S1-E6_6683,P61981,P62258;Q04917;P61981,T_D1_173,T_D1_173,TERM,D1,1,0.0,EXPLICIT_ZERO,false
PXD064962_UCD_EVENT,University College Dublin / Conway Institute,protein_groups,318,LFQ intensity T_D1_173_2_S1-F6_6684,LFQ intensity T_D1_173_2_S1-F6_6684:318,T_D1_173_2_S1-F6_6684,P61981,P62258;Q04917;P61981,T_D1_173,T_D1_173,TERM,D1,2,0.0,EXPLICIT_ZERO,false
PXD064962_UCD_EVENT,University College Dublin / Conway Institute,protein_groups,318,LFQ intensity T_D1_186_1_S1-C6_6667,LFQ intensity T_D1_186_1_S1-C6_6667:318,T_D1_186_1_S1-C6_6667,P61981,P62258;Q04917;P61981,T_D1_186,T_D1_186,TERM,D1,1,0.0,EXPLICIT_ZERO,false
PXD064962_UCD_EVENT,University College Dublin / Conway Institute,protein_groups,318,LFQ intensity T_D1_186_2_S1-D6_6668,LFQ intensity T_D1_186_2_S1-D6_6668:318,T_D1_186_2_S1-D6_6668,P61981,P62258;Q04917;P61981,T_D1_186,T_D1_186,TERM,D1,2,0.0,EXPLICIT_ZERO,false
PXD064962_UCD_EVENT,University College Dublin / Conway Institute,protein_groups,318,LFQ intensity T_D3_119a_1_S1-E7_6685,LFQ intensity T_D3_119a_1_S1-E7_6685:318,T_D3_119a_1_S1-E7_6685,P61981,P62258;Q04917;P61981,T_D3_119a,T_D3_119a,TERM,D3,1,0.0,EXPLICIT_ZERO,false
PXD064962_UCD_EVENT,University College Dublin / Conway Institute,protein_groups,318,LFQ intensity T_D3_119a_2_S1-F7_6686,LFQ intensity T_D3_119a_2_S1-F7_6686:318,T_D3_119a_2_S1-F7_6686,P61981,P62258;Q04917;P61981,T_D3_119a,T_D3_119a,TERM,D3,2,0.0,EXPLICIT_ZERO,false
PXD064962_UCD_EVENT,University College Dublin / Conway Institute,protein_groups,318,LFQ intensity T_D3_119b_1_S1-A8_6655,LFQ intensity T_D3_119b_1_S1-A8_6655:318,T_D3_119b_1_S1-A8_6655,P61981,P62258;Q04917;P61981,T_D3_119b,T_D3_119b,TERM,D3,1,0.0,EXPLICIT_ZERO,false
PXD064962_UCD_EVENT,University College Dublin / Conway Institute,protein_groups,318,LFQ intensity T_D3_119b_2_S1-B8_6656,LFQ intensity T_D3_119b_2_S1-B8_6656:318,T_D3_119b_2_S1-B8_6656,P61981,P62258;Q04917;P61981,T_D3_119b,T_D3_119b,TERM,D3,2,0.0,EXPLICIT_ZERO,false
PXD064962_UCD_EVENT,University College Dublin / Conway Institute,protein_groups,318,LFQ intensity T_D3_155_1_S1-G7_6699,LFQ intensity T_D3_155_1_S1-G7_6699:318,T_D3_155_1_S1-G7_6699,P61981,P62258;Q04917;P61981,T_D3_155,T_D3_155,TERM,D3,1,0.0,EXPLICIT_ZERO,false
PXD064962_UCD_EVENT,University College Dublin / Conway Institute,protein_groups,318,LFQ intensity T_D3_155_2_S1-H7_6700,LFQ intensity T_D3_155_2_S1-H7_6700:318,T_D3_155_2_S1-H7_6700,P61981,P62258;Q04917;P61981,T_D3_155,T_D3_155,TERM,D3,2,0.0,EXPLICIT_ZERO,false
PXD064962_UCD_EVENT,University College Dublin / Conway Institute,protein_groups,318,LFQ intensity T_D3_178_1_S1-C7_6669,LFQ intensity T_D3_178_1_S1-C7_6669:318,T_D3_178_1_S1-C7_6669,P61981,P62258;Q04917;P61981,T_D3_178,T_D3_178,TERM,D3,1,0.0,EXPLICIT_ZERO,false
PXD064962_UCD_EVENT,University College Dublin / Conway Institute,protein_groups,318,LFQ intensity T_D3_178_2_S1-D7_6670,LFQ intensity T_D3_178_2_S1-D7_6670:318,T_D3_178_2_S1-D7_6670,P61981,P62258;Q04917;P61981,T_D3_178,T_D3_178,TERM,D3,2,0.0,EXPLICIT_ZERO,false
PXD064962_UCD_EVENT,University College Dublin / Conway Institute,protein_groups,318,LFQ intensity T_D3_198_1_S1-C8_6671,LFQ intensity T_D3_198_1_S1-C8_6671:318,T_D3_198_1_S1-C8_6671,P61981,P62258;Q04917;P61981,T_D3_198,T_D3_198,TERM,D3,1,0.0,EXPLICIT_ZERO,false
PXD064962_UCD_EVENT,University College Dublin / Conway Institute,protein_groups,318,LFQ intensity T_D3_198_2_S1-D8_6672,LFQ intensity T_D3_198_2_S1-D8_6672:318,T_D3_198_2_S1-D8_6672,P61981,P62258;Q04917;P61981,T_D3_198,T_D3_198,TERM,D3,2,0.0,EXPLICIT_ZERO,false
PXD064962_UCD_EVENT,University College Dublin / Conway Institute,protein_groups,322,LFQ intensity PT_D1_16_1_S1-A1_6641,LFQ intensity PT_D1_16_1_S1-A1_6641:322,PT_D1_16_1_S1-A1_6641,P09493,P67936;P06753;CON__Q3SX28;P07951;P09493,PT_D1_16,PT_D1_16,PRETERM,D1,1,3240.4,POSITIVE,true
PXD064962_UCD_EVENT,University College Dublin / Conway Institute,protein_groups,322,LFQ intensity PT_D1_16_2_S1-B1_6642,LFQ intensity PT_D1_16_2_S1-B1_6642:322,PT_D1_16_2_S1-B1_6642,P09493,P67936;P06753;CON__Q3SX28;P07951;P09493,PT_D1_16,PT_D1_16,PRETERM,D1,2,3241.2,POSITIVE,true
PXD064962_UCD_EVENT,University College Dublin / Conway Institute,protein_groups,322,LFQ intensity PT_D1_18_1_S1-C1_6657,LFQ intensity PT_D1_18_1_S1-C1_6657:322,PT_D1_18_1_S1-C1_6657,P09493,P67936;P06753;CON__Q3SX28;P07951;P09493,PT_D1_18,PT_D1_18,PRETERM,D1,1,5463.0,POSITIVE,true
PXD064962_UCD_EVENT,University College Dublin / Conway Institute,protein_groups,322,LFQ intensity PT_D1_18_2_S1-D1_6658,LFQ intensity PT_D1_18_2_S1-D1_6658:322,PT_D1_18_2_S1-D1_6658,P09493,P67936;P06753;CON__Q3SX28;P07951;P09493,PT_D1_18,PT_D1_18,PRETERM,D1,2,0.0,EXPLICIT_ZERO,false
PXD064962_UCD_EVENT,University College Dublin / Conway Institute,protein_groups,322,LFQ intensity PT_D1_20_1_S1-E1_6673,LFQ intensity PT_D1_20_1_S1-E1_6673:322,PT_D1_20_1_S1-E1_6673,P09493,P67936;P06753;CON__Q3SX28;P07951;P09493,PT_D1_20,PT_D1_20,PRETERM,D1,1,6148.3,POSITIVE,true
PXD064962_UCD_EVENT,University College Dublin / Conway Institute,protein_groups,322,LFQ intensity PT_D1_20_2_S1-F1_6674,LFQ intensity PT_D1_20_2_S1-F1_6674:322,PT_D1_20_2_S1-F1_6674,P09493,P67936;P06753;CON__Q3SX28;P07951;P09493,PT_D1_20,PT_D1_20,PRETERM,D1,2,0.0,EXPLICIT_ZERO,false
PXD064962_UCD_EVENT,University College Dublin / Conway Institute,protein_groups,322,LFQ intensity PT_D1_23_1_S1-G1_6687,LFQ intensity PT_D1_23_1_S1-G1_6687:322,PT_D1_23_1_S1-G1_6687,P09493,P67936;P06753;CON__Q3SX28;P07951;P09493,PT_D1_23,PT_D1_23,PRETERM,D1,1,0.0,EXPLICIT_ZERO,false
PXD064962_UCD_EVENT,University College Dublin / Conway Institute,protein_groups,322,LFQ intensity PT_D1_23_2_S1-H1_6688,LFQ intensity PT_D1_23_2_S1-H1_6688:322,PT_D1_23_2_S1-H1_6688,P09493,P67936;P06753;CON__Q3SX28;P07951;P09493,PT_D1_23,PT_D1_23,PRETERM,D1,2,2400.3,POSITIVE,true
PXD064962_UCD_EVENT,University College Dublin / Conway Institute,protein_groups,322,LFQ intensity PT_D1_33_1_S1-A2_6643,LFQ intensity PT_D1_33_1_S1-A2_6643:322,PT_D1_33_1_S1-A2_6643,P09493,P67936;P06753;CON__Q3SX28;P07951;P09493,PT_D1_33,PT_D1_33,PRETERM,D1,1,5385.9,POSITIVE,true
PXD064962_UCD_EVENT,University College Dublin / Conway Institute,protein_groups,322,LFQ intensity PT_D1_33_2_S1-B2_6644,LFQ intensity PT_D1_33_2_S1-B2_6644:322,PT_D1_33_2_S1-B2_6644,P09493,P67936;P06753;CON__Q3SX28;P07951;P09493,PT_D1_33,PT_D1_33,PRETERM,D1,2,3718.3,POSITIVE,true
PXD064962_UCD_EVENT,University College Dublin / Conway Institute,protein_groups,322,LFQ intensity PT_D1_34_1_S1-C2_6659,LFQ intensity PT_D1_34_1_S1-C2_6659:322,PT_D1_34_1_S1-C2_6659,P09493,P67936;P06753;CON__Q3SX28;P07951;P09493,PT_D1_34,PT_D1_34,PRETERM,D1,1,3361.2,POSITIVE,true
PXD064962_UCD_EVENT,University College Dublin / Conway Institute,protein_groups,322,LFQ intensity PT_D1_34_2_S1-D2_6660,LFQ intensity PT_D1_34_2_S1-D2_6660:322,PT_D1_34_2_S1-D2_6660,P09493,P67936;P06753;CON__Q3SX28;P07951;P09493,PT_D1_34,PT_D1_34,PRETERM,D1,2,0.0,EXPLICIT_ZERO,false
PXD064962_UCD_EVENT,University College Dublin / Conway Institute,protein_groups,322,LFQ intensity PT_D1_48_1_S1-E2_6675,LFQ intensity PT_D1_48_1_S1-E2_6675:322,PT_D1_48_1_S1-E2_6675,P09493,P67936;P06753;CON__Q3SX28;P07951;P09493,PT_D1_48,PT_D1_48,PRETERM,D1,1,6062.0,POSITIVE,true
PXD064962_UCD_EVENT,University College Dublin / Conway Institute,protein_groups,322,LFQ intensity PT_D1_48_2_S1-F2_6676,LFQ intensity PT_D1_48_2_S1-F2_6676:322,PT_D1_48_2_S1-F2_6676,P09493,P67936;P06753;CON__Q3SX28;P07951;P09493,PT_D1_48,PT_D1_48,PRETERM,D1,2,5136.3,POSITIVE,true
PXD064962_UCD_EVENT,University College Dublin / Conway Institute,protein_groups,322,LFQ intensity PT_D1_51_1_S1-G2_6689,LFQ intensity PT_D1_51_1_S1-G2_6689:322,PT_D1_51_1_S1-G2_6689,P09493,P67936;P06753;CON__Q3SX28;P07951;P09493,PT_D1_51,PT_D1_51,PRETERM,D1,1,0.0,EXPLICIT_ZERO,false
PXD064962_UCD_EVENT,University College Dublin / Conway Institute,protein_groups,322,LFQ intensity PT_D1_51_2_S1-H2_6690,LFQ intensity PT_D1_51_2_S1-H2_6690:322,PT_D1_51_2_S1-H2_6690,P09493,P67936;P06753;CON__Q3SX28;P07951;P09493,PT_D1_51,PT_D1_51,PRETERM,D1,2,0.0,EXPLICIT_ZERO,false
PXD064962_UCD_EVENT,University College Dublin / Conway Institute,protein_groups,322,LFQ intensity PT_D1_73_1_S1-A3_6645,LFQ intensity PT_D1_73_1_S1-A3_6645:322,PT_D1_73_1_S1-A3_6645,P09493,P67936;P06753;CON__Q3SX28;P07951;P09493,PT_D1_73,PT_D1_73,PRETERM,D1,1,4482.6,POSITIVE,true
PXD064962_UCD_EVENT,University College Dublin / Conway Institute,protein_groups,322,LFQ intensity PT_D1_73_2_S1-B3_6646,LFQ intensity PT_D1_73_2_S1-B3_6646:322,PT_D1_73_2_S1-B3_6646,P09493,P67936;P06753;CON__Q3SX28;P07951;P09493,PT_D1_73,PT_D1_73,PRETERM,D1,2,4411.5,POSITIVE,true
PXD064962_UCD_EVENT,University College Dublin / Conway Institute,protein_groups,322,LFQ intensity PT_D1_81_1_S1-C3_6661,LFQ intensity PT_D1_81_1_S1-C3_6661:322,PT_D1_81_1_S1-C3_6661,P09493,P67936;P06753;CON__Q3SX28;P07951;P09493,PT_D1_81,PT_D1_81,PRETERM,D1,1,4225.4,POSITIVE,true
PXD064962_UCD_EVENT,University College Dublin / Conway Institute,protein_groups,322,LFQ intensity PT_D1_81_2_S1-D3_6662,LFQ intensity PT_D1_81_2_S1-D3_6662:322,PT_D1_81_2_S1-D3_6662,P09493,P67936;P06753;CON__Q3SX28;P07951;P09493,PT_D1_81,PT_D1_81,PRETERM,D1,2,5741.8,POSITIVE,true
PXD064962_UCD_EVENT,University College Dublin / Conway Institute,protein_groups,322,LFQ intensity PT_D3_06_1_S1-E5_6681,LFQ intensity PT_D3_06_1_S1-E5_6681:322,PT_D3_06_1_S1-E5_6681,P09493,P67936;P06753;CON__Q3SX28;P07951;P09493,PT_D3_06,PT_D3_06,PRETERM,D3,1,0.0,EXPLICIT_ZERO,false
PXD064962_UCD_EVENT,University College Dublin / Conway Institute,protein_groups,322,LFQ intensity PT_D3_06_2_S1-F5_6682,LFQ intensity PT_D3_06_2_S1-F5_6682:322,PT_D3_06_2_S1-F5_6682,P09493,P67936;P06753;CON__Q3SX28;P07951;P09493,PT_D3_06,PT_D3_06,PRETERM,D3,2,0.0,EXPLICIT_ZERO,false
PXD064962_UCD_EVENT,University College Dublin / Conway Institute,protein_groups,322,LFQ intensity PT_D3_14_1_S1-C5_6665,LFQ intensity PT_D3_14_1_S1-C5_6665:322,PT_D3_14_1_S1-C5_6665,P09493,P67936;P06753;CON__Q3SX28;P07951;P09493,PT_D3_14,PT_D3_14,PRETERM,D3,1,0.0,EXPLICIT_ZERO,false
PXD064962_UCD_EVENT,University College Dublin / Conway Institute,protein_groups,322,LFQ intensity PT_D3_14_2_S1-D5_6666,LFQ intensity PT_D3_14_2_S1-D5_6666:322,PT_D3_14_2_S1-D5_6666,P09493,P67936;P06753;CON__Q3SX28;P07951;P09493,PT_D3_14,PT_D3_14,PRETERM,D3,2,0.0,EXPLICIT_ZERO,false
PXD064962_UCD_EVENT,University College Dublin / Conway Institute,protein_groups,322,LFQ intensity PT_D3_22_1_S1-C4_6663,LFQ intensity PT_D3_22_1_S1-C4_6663:322,PT_D3_22_1_S1-C4_6663,P09493,P67936;P06753;CON__Q3SX28;P07951;P09493,PT_D3_22,PT_D3_22,PRETERM,D3,1,5629.5,POSITIVE,true
PXD064962_UCD_EVENT,University College Dublin / Conway Institute,protein_groups,322,LFQ intensity PT_D3_22_2_S1-D4_6664,LFQ intensity PT_D3_22_2_S1-D4_6664:322,PT_D3_22_2_S1-D4_6664,P09493,P67936;P06753;CON__Q3SX28;P07951;P09493,PT_D3_22,PT_D3_22,PRETERM,D3,2,0.0,EXPLICIT_ZERO,false
PXD064962_UCD_EVENT,University College Dublin / Conway Institute,protein_groups,322,LFQ intensity PT_D3_28_1_S1-A5_6649,LFQ intensity PT_D3_28_1_S1-A5_6649:322,PT_D3_28_1_S1-A5_6649,P09493,P67936;P06753;CON__Q3SX28;P07951;P09493,PT_D3_28,PT_D3_28,PRETERM,D3,1,0.0,EXPLICIT_ZERO,false
PXD064962_UCD_EVENT,University College Dublin / Conway Institute,protein_groups,322,LFQ intensity PT_D3_28_2_S1-B5_6650,LFQ intensity PT_D3_28_2_S1-B5_6650:322,PT_D3_28_2_S1-B5_6650,P09493,P67936;P06753;CON__Q3SX28;P07951;P09493,PT_D3_28,PT_D3_28,PRETERM,D3,2,3701.3,POSITIVE,true
PXD064962_UCD_EVENT,University College Dublin / Conway Institute,protein_groups,322,LFQ intensity PT_D3_30_1_S1-E3_6677,LFQ intensity PT_D3_30_1_S1-E3_6677:322,PT_D3_30_1_S1-E3_6677,P09493,P67936;P06753;CON__Q3SX28;P07951;P09493,PT_D3_30,PT_D3_30,PRETERM,D3,1,0.0,EXPLICIT_ZERO,false
PXD064962_UCD_EVENT,University College Dublin / Conway Institute,protein_groups,322,LFQ intensity PT_D3_30_2_S1-F3_6678,LFQ intensity PT_D3_30_2_S1-F3_6678:322,PT_D3_30_2_S1-F3_6678,P09493,P67936;P06753;CON__Q3SX28;P07951;P09493,PT_D3_30,PT_D3_30,PRETERM,D3,2,0.0,EXPLICIT_ZERO,false
PXD064962_UCD_EVENT,University College Dublin / Conway Institute,protein_groups,322,LFQ intensity PT_D3_37_1_S1-G5_6695,LFQ intensity PT_D3_37_1_S1-G5_6695:322,PT_D3_37_1_S1-G5_6695,P09493,P67936;P06753;CON__Q3SX28;P07951;P09493,PT_D3_37,PT_D3_37,PRETERM,D3,1,0.0,EXPLICIT_ZERO,false
PXD064962_UCD_EVENT,University College Dublin / Conway Institute,protein_groups,322,LFQ intensity PT_D3_37_2_S1-H5_6696,LFQ intensity PT_D3_37_2_S1-H5_6696:322,PT_D3_37_2_S1-H5_6696,P09493,P67936;P06753;CON__Q3SX28;P07951;P09493,PT_D3_37,PT_D3_37,PRETERM,D3,2,2635.0,POSITIVE,true
PXD064962_UCD_EVENT,University College Dublin / Conway Institute,protein_groups,322,LFQ intensity PT_D3_41_1_S1-G3_6691,LFQ intensity PT_D3_41_1_S1-G3_6691:322,PT_D3_41_1_S1-G3_6691,P09493,P67936;P06753;CON__Q3SX28;P07951;P09493,PT_D3_41,PT_D3_41,PRETERM,D3,1,74385.0,POSITIVE,true
PXD064962_UCD_EVENT,University College Dublin / Conway Institute,protein_groups,322,LFQ intensity PT_D3_41_2_S1-H3_6692,LFQ intensity PT_D3_41_2_S1-H3_6692:322,PT_D3_41_2_S1-H3_6692,P09493,P67936;P06753;CON__Q3SX28;P07951;P09493,PT_D3_41,PT_D3_41,PRETERM,D3,2,60731.0,POSITIVE,true
PXD064962_UCD_EVENT,University College Dublin / Conway Institute,protein_groups,322,LFQ intensity PT_D3_42_1_S1-G4_6693,LFQ intensity PT_D3_42_1_S1-G4_6693:322,PT_D3_42_1_S1-G4_6693,P09493,P67936;P06753;CON__Q3SX28;P07951;P09493,PT_D3_42,PT_D3_42,PRETERM,D3,1,0.0,EXPLICIT_ZERO,false
PXD064962_UCD_EVENT,University College Dublin / Conway Institute,protein_groups,322,LFQ intensity PT_D3_42_2_S1-H4_6694,LFQ intensity PT_D3_42_2_S1-H4_6694:322,PT_D3_42_2_S1-H4_6694,P09493,P67936;P06753;CON__Q3SX28;P07951;P09493,PT_D3_42,PT_D3_42,PRETERM,D3,2,0.0,EXPLICIT_ZERO,false
PXD064962_UCD_EVENT,University College Dublin / Conway Institute,protein_groups,322,LFQ intensity PT_D3_85_1_S1-E4_6679,LFQ intensity PT_D3_85_1_S1-E4_6679:322,PT_D3_85_1_S1-E4_6679,P09493,P67936;P06753;CON__Q3SX28;P07951;P09493,PT_D3_85,PT_D3_85,PRETERM,D3,1,0.0,EXPLICIT_ZERO,false
PXD064962_UCD_EVENT,University College Dublin / Conway Institute,protein_groups,322,LFQ intensity PT_D3_85_2_S1-F4_6680,LFQ intensity PT_D3_85_2_S1-F4_6680:322,PT_D3_85_2_S1-F4_6680,P09493,P67936;P06753;CON__Q3SX28;P07951;P09493,PT_D3_85,PT_D3_85,PRETERM,D3,2,0.0,EXPLICIT_ZERO,false
PXD064962_UCD_EVENT,University College Dublin / Conway Institute,protein_groups,322,LFQ intensity PT_D3_96_1_S1-A4_6647,LFQ intensity PT_D3_96_1_S1-A4_6647:322,PT_D3_96_1_S1-A4_6647,P09493,P67936;P06753;CON__Q3SX28;P07951;P09493,PT_D3_96,PT_D3_96,PRETERM,D3,1,3825.7,POSITIVE,true
PXD064962_UCD_EVENT,University College Dublin / Conway Institute,protein_groups,322,LFQ intensity PT_D3_96_2_S1-B4_6648,LFQ intensity PT_D3_96_2_S1-B4_6648:322,PT_D3_96_2_S1-B4_6648,P09493,P67936;P06753;CON__Q3SX28;P07951;P09493,PT_D3_96,PT_D3_96,PRETERM,D3,2,0.0,EXPLICIT_ZERO,false
PXD064962_UCD_EVENT,University College Dublin / Conway Institute,protein_groups,322,LFQ intensity T_D1_133_1_S1-A6_6651,LFQ intensity T_D1_133_1_S1-A6_6651:322,T_D1_133_1_S1-A6_6651,P09493,P67936;P06753;CON__Q3SX28;P07951;P09493,T_D1_133,T_D1_133,TERM,D1,1,0.0,EXPLICIT_ZERO,false
PXD064962_UCD_EVENT,University College Dublin / Conway Institute,protein_groups,322,LFQ intensity T_D1_133_2_S1-B6_6652,LFQ intensity T_D1_133_2_S1-B6_6652:322,T_D1_133_2_S1-B6_6652,P09493,P67936;P06753;CON__Q3SX28;P07951;P09493,T_D1_133,T_D1_133,TERM,D1,2,0.0,EXPLICIT_ZERO,false
PXD064962_UCD_EVENT,University College Dublin / Conway Institute,protein_groups,322,LFQ intensity T_D1_138_1_S1-G6_6697,LFQ intensity T_D1_138_1_S1-G6_6697:322,T_D1_138_1_S1-G6_6697,P09493,P67936;P06753;CON__Q3SX28;P07951;P09493,T_D1_138,T_D1_138,TERM,D1,1,5503.6,POSITIVE,true
PXD064962_UCD_EVENT,University College Dublin / Conway Institute,protein_groups,322,LFQ intensity T_D1_138_2_S1-H6_6698,LFQ intensity T_D1_138_2_S1-H6_6698:322,T_D1_138_2_S1-H6_6698,P09493,P67936;P06753;CON__Q3SX28;P07951;P09493,T_D1_138,T_D1_138,TERM,D1,2,5209.3,POSITIVE,true
PXD064962_UCD_EVENT,University College Dublin / Conway Institute,protein_groups,322,LFQ intensity T_D1_165_1_S1-A7_6653,LFQ intensity T_D1_165_1_S1-A7_6653:322,T_D1_165_1_S1-A7_6653,P09493,P67936;P06753;CON__Q3SX28;P07951;P09493,T_D1_165,T_D1_165,TERM,D1,1,1460.2,POSITIVE,true
PXD064962_UCD_EVENT,University College Dublin / Conway Institute,protein_groups,322,LFQ intensity T_D1_165_2_S1-B7_6654,LFQ intensity T_D1_165_2_S1-B7_6654:322,T_D1_165_2_S1-B7_6654,P09493,P67936;P06753;CON__Q3SX28;P07951;P09493,T_D1_165,T_D1_165,TERM,D1,2,0.0,EXPLICIT_ZERO,false
PXD064962_UCD_EVENT,University College Dublin / Conway Institute,protein_groups,322,LFQ intensity T_D1_173_1_S1-E6_6683,LFQ intensity T_D1_173_1_S1-E6_6683:322,T_D1_173_1_S1-E6_6683,P09493,P67936;P06753;CON__Q3SX28;P07951;P09493,T_D1_173,T_D1_173,TERM,D1,1,0.0,EXPLICIT_ZERO,false
PXD064962_UCD_EVENT,University College Dublin / Conway Institute,protein_groups,322,LFQ intensity T_D1_173_2_S1-F6_6684,LFQ intensity T_D1_173_2_S1-F6_6684:322,T_D1_173_2_S1-F6_6684,P09493,P67936;P06753;CON__Q3SX28;P07951;P09493,T_D1_173,T_D1_173,TERM,D1,2,0.0,EXPLICIT_ZERO,false
PXD064962_UCD_EVENT,University College Dublin / Conway Institute,protein_groups,322,LFQ intensity T_D1_186_1_S1-C6_6667,LFQ intensity T_D1_186_1_S1-C6_6667:322,T_D1_186_1_S1-C6_6667,P09493,P67936;P06753;CON__Q3SX28;P07951;P09493,T_D1_186,T_D1_186,TERM,D1,1,0.0,EXPLICIT_ZERO,false
PXD064962_UCD_EVENT,University College Dublin / Conway Institute,protein_groups,322,LFQ intensity T_D1_186_2_S1-D6_6668,LFQ intensity T_D1_186_2_S1-D6_6668:322,T_D1_186_2_S1-D6_6668,P09493,P67936;P06753;CON__Q3SX28;P07951;P09493,T_D1_186,T_D1_186,TERM,D1,2,0.0,EXPLICIT_ZERO,false
PXD064962_UCD_EVENT,University College Dublin / Conway Institute,protein_groups,322,LFQ intensity T_D3_119a_1_S1-E7_6685,LFQ intensity T_D3_119a_1_S1-E7_6685:322,T_D3_119a_1_S1-E7_6685,P09493,P67936;P06753;CON__Q3SX28;P07951;P09493,T_D3_119a,T_D3_119a,TERM,D3,1,0.0,EXPLICIT_ZERO,false
PXD064962_UCD_EVENT,University College Dublin / Conway Institute,protein_groups,322,LFQ intensity T_D3_119a_2_S1-F7_6686,LFQ intensity T_D3_119a_2_S1-F7_6686:322,T_D3_119a_2_S1-F7_6686,P09493,P67936;P06753;CON__Q3SX28;P07951;P09493,T_D3_119a,T_D3_119a,TERM,D3,2,0.0,EXPLICIT_ZERO,false
PXD064962_UCD_EVENT,University College Dublin / Conway Institute,protein_groups,322,LFQ intensity T_D3_119b_1_S1-A8_6655,LFQ intensity T_D3_119b_1_S1-A8_6655:322,T_D3_119b_1_S1-A8_6655,P09493,P67936;P06753;CON__Q3SX28;P07951;P09493,T_D3_119b,T_D3_119b,TERM,D3,1,0.0,EXPLICIT_ZERO,false
PXD064962_UCD_EVENT,University College Dublin / Conway Institute,protein_groups,322,LFQ intensity T_D3_119b_2_S1-B8_6656,LFQ intensity T_D3_119b_2_S1-B8_6656:322,T_D3_119b_2_S1-B8_6656,P09493,P67936;P06753;CON__Q3SX28;P07951;P09493,T_D3_119b,T_D3_119b,TERM,D3,2,0.0,EXPLICIT_ZERO,false
PXD064962_UCD_EVENT,University College Dublin / Conway Institute,protein_groups,322,LFQ intensity T_D3_155_1_S1-G7_6699,LFQ intensity T_D3_155_1_S1-G7_6699:322,T_D3_155_1_S1-G7_6699,P09493,P67936;P06753;CON__Q3SX28;P07951;P09493,T_D3_155,T_D3_155,TERM,D3,1,0.0,EXPLICIT_ZERO,false
PXD064962_UCD_EVENT,University College Dublin / Conway Institute,protein_groups,322,LFQ intensity T_D3_155_2_S1-H7_6700,LFQ intensity T_D3_155_2_S1-H7_6700:322,T_D3_155_2_S1-H7_6700,P09493,P67936;P06753;CON__Q3SX28;P07951;P09493,T_D3_155,T_D3_155,TERM,D3,2,0.0,EXPLICIT_ZERO,false
PXD064962_UCD_EVENT,University College Dublin / Conway Institute,protein_groups,322,LFQ intensity T_D3_178_1_S1-C7_6669,LFQ intensity T_D3_178_1_S1-C7_6669:322,T_D3_178_1_S1-C7_6669,P09493,P67936;P06753;CON__Q3SX28;P07951;P09493,T_D3_178,T_D3_178,TERM,D3,1,0.0,EXPLICIT_ZERO,false
PXD064962_UCD_EVENT,University College Dublin / Conway Institute,protein_groups,322,LFQ intensity T_D3_178_2_S1-D7_6670,LFQ intensity T_D3_178_2_S1-D7_6670:322,T_D3_178_2_S1-D7_6670,P09493,P67936;P06753;CON__Q3SX28;P07951;P09493,T_D3_178,T_D3_178,TERM,D3,2,6379.6,POSITIVE,true
PXD064962_UCD_EVENT,University College Dublin / Conway Institute,protein_groups,322,LFQ intensity T_D3_198_1_S1-C8_6671,LFQ intensity T_D3_198_1_S1-C8_6671:322,T_D3_198_1_S1-C8_6671,P09493,P67936;P06753;CON__Q3SX28;P07951;P09493,T_D3_198,T_D3_198,TERM,D3,1,78890.0,POSITIVE,true
PXD064962_UCD_EVENT,University College Dublin / Conway Institute,protein_groups,322,LFQ intensity T_D3_198_2_S1-D8_6672,LFQ intensity T_D3_198_2_S1-D8_6672:322,T_D3_198_2_S1-D8_6672,P09493,P67936;P06753;CON__Q3SX28;P07951;P09493,T_D3_198,T_D3_198,TERM,D3,2,82556.0,POSITIVE,true
PXD064962_UCD_EVENT,University College Dublin / Conway Institute,protein_groups,325,LFQ intensity PT_D1_16_1_S1-A1_6641,LFQ intensity PT_D1_16_1_S1-A1_6641:325,PT_D1_16_1_S1-A1_6641,P68363,P68366;Q9BQE3;Q71U36;P68363;P0DPH8;P0DPH7;Q9NY65;Q6PEY2,PT_D1_16,PT_D1_16,PRETERM,D1,1,0.0,EXPLICIT_ZERO,false
PXD064962_UCD_EVENT,University College Dublin / Conway Institute,protein_groups,325,LFQ intensity PT_D1_16_1_S1-A1_6641,LFQ intensity PT_D1_16_1_S1-A1_6641:325,PT_D1_16_1_S1-A1_6641,P68366,P68366;Q9BQE3;Q71U36;P68363;P0DPH8;P0DPH7;Q9NY65;Q6PEY2,PT_D1_16,PT_D1_16,PRETERM,D1,1,0.0,EXPLICIT_ZERO,false
PXD064962_UCD_EVENT,University College Dublin / Conway Institute,protein_groups,325,LFQ intensity PT_D1_16_1_S1-A1_6641,LFQ intensity PT_D1_16_1_S1-A1_6641:325,PT_D1_16_1_S1-A1_6641,Q9NY65,P68366;Q9BQE3;Q71U36;P68363;P0DPH8;P0DPH7;Q9NY65;Q6PEY2,PT_D1_16,PT_D1_16,PRETERM,D1,1,0.0,EXPLICIT_ZERO,false
PXD064962_UCD_EVENT,University College Dublin / Conway Institute,protein_groups,325,LFQ intensity PT_D1_16_2_S1-B1_6642,LFQ intensity PT_D1_16_2_S1-B1_6642:325,PT_D1_16_2_S1-B1_6642,P68363,P68366;Q9BQE3;Q71U36;P68363;P0DPH8;P0DPH7;Q9NY65;Q6PEY2,PT_D1_16,PT_D1_16,PRETERM,D1,2,0.0,EXPLICIT_ZERO,false
PXD064962_UCD_EVENT,University College Dublin / Conway Institute,protein_groups,325,LFQ intensity PT_D1_16_2_S1-B1_6642,LFQ intensity PT_D1_16_2_S1-B1_6642:325,PT_D1_16_2_S1-B1_6642,P68366,P68366;Q9BQE3;Q71U36;P68363;P0DPH8;P0DPH7;Q9NY65;Q6PEY2,PT_D1_16,PT_D1_16,PRETERM,D1,2,0.0,EXPLICIT_ZERO,false
PXD064962_UCD_EVENT,University College Dublin / Conway Institute,protein_groups,325,LFQ intensity PT_D1_16_2_S1-B1_6642,LFQ intensity PT_D1_16_2_S1-B1_6642:325,PT_D1_16_2_S1-B1_6642,Q9NY65,P68366;Q9BQE3;Q71U36;P68363;P0DPH8;P0DPH7;Q9NY65;Q6PEY2,PT_D1_16,PT_D1_16,PRETERM,D1,2,0.0,EXPLICIT_ZERO,false
PXD064962_UCD_EVENT,University College Dublin / Conway Institute,protein_groups,325,LFQ intensity PT_D1_18_1_S1-C1_6657,LFQ intensity PT_D1_18_1_S1-C1_6657:325,PT_D1_18_1_S1-C1_6657,P68363,P68366;Q9BQE3;Q71U36;P68363;P0DPH8;P0DPH7;Q9NY65;Q6PEY2,PT_D1_18,PT_D1_18,PRETERM,D1,1,0.0,EXPLICIT_ZERO,false
PXD064962_UCD_EVENT,University College Dublin / Conway Institute,protein_groups,325,LFQ intensity PT_D1_18_1_S1-C1_6657,LFQ intensity PT_D1_18_1_S1-C1_6657:325,PT_D1_18_1_S1-C1_6657,P68366,P68366;Q9BQE3;Q71U36;P68363;P0DPH8;P0DPH7;Q9NY65;Q6PEY2,PT_D1_18,PT_D1_18,PRETERM,D1,1,0.0,EXPLICIT_ZERO,false
PXD064962_UCD_EVENT,University College Dublin / Conway Institute,protein_groups,325,LFQ intensity PT_D1_18_1_S1-C1_6657,LFQ intensity PT_D1_18_1_S1-C1_6657:325,PT_D1_18_1_S1-C1_6657,Q9NY65,P68366;Q9BQE3;Q71U36;P68363;P0DPH8;P0DPH7;Q9NY65;Q6PEY2,PT_D1_18,PT_D1_18,PRETERM,D1,1,0.0,EXPLICIT_ZERO,false
PXD064962_UCD_EVENT,University College Dublin / Conway Institute,protein_groups,325,LFQ intensity PT_D1_18_2_S1-D1_6658,LFQ intensity PT_D1_18_2_S1-D1_6658:325,PT_D1_18_2_S1-D1_6658,P68363,P68366;Q9BQE3;Q71U36;P68363;P0DPH8;P0DPH7;Q9NY65;Q6PEY2,PT_D1_18,PT_D1_18,PRETERM,D1,2,0.0,EXPLICIT_ZERO,false
PXD064962_UCD_EVENT,University College Dublin / Conway Institute,protein_groups,325,LFQ intensity PT_D1_18_2_S1-D1_6658,LFQ intensity PT_D1_18_2_S1-D1_6658:325,PT_D1_18_2_S1-D1_6658,P68366,P68366;Q9BQE3;Q71U36;P68363;P0DPH8;P0DPH7;Q9NY65;Q6PEY2,PT_D1_18,PT_D1_18,PRETERM,D1,2,0.0,EXPLICIT_ZERO,false
PXD064962_UCD_EVENT,University College Dublin / Conway Institute,protein_groups,325,LFQ intensity PT_D1_18_2_S1-D1_6658,LFQ intensity PT_D1_18_2_S1-D1_6658:325,PT_D1_18_2_S1-D1_6658,Q9NY65,P68366;Q9BQE3;Q71U36;P68363;P0DPH8;P0DPH7;Q9NY65;Q6PEY2,PT_D1_18,PT_D1_18,PRETERM,D1,2,0.0,EXPLICIT_ZERO,false
PXD064962_UCD_EVENT,University College Dublin / Conway Institute,protein_groups,325,LFQ intensity PT_D1_20_1_S1-E1_6673,LFQ intensity PT_D1_20_1_S1-E1_6673:325,PT_D1_20_1_S1-E1_6673,P68363,P68366;Q9BQE3;Q71U36;P68363;P0DPH8;P0DPH7;Q9NY65;Q6PEY2,PT_D1_20,PT_D1_20,PRETERM,D1,1,0.0,EXPLICIT_ZERO,false
PXD064962_UCD_EVENT,University College Dublin / Conway Institute,protein_groups,325,LFQ intensity PT_D1_20_1_S1-E1_6673,LFQ intensity PT_D1_20_1_S1-E1_6673:325,PT_D1_20_1_S1-E1_6673,P68366,P68366;Q9BQE3;Q71U36;P68363;P0DPH8;P0DPH7;Q9NY65;Q6PEY2,PT_D1_20,PT_D1_20,PRETERM,D1,1,0.0,EXPLICIT_ZERO,false
PXD064962_UCD_EVENT,University College Dublin / Conway Institute,protein_groups,325,LFQ intensity PT_D1_20_1_S1-E1_6673,LFQ intensity PT_D1_20_1_S1-E1_6673:325,PT_D1_20_1_S1-E1_6673,Q9NY65,P68366;Q9BQE3;Q71U36;P68363;P0DPH8;P0DPH7;Q9NY65;Q6PEY2,PT_D1_20,PT_D1_20,PRETERM,D1,1,0.0,EXPLICIT_ZERO,false
PXD064962_UCD_EVENT,University College Dublin / Conway Institute,protein_groups,325,LFQ intensity PT_D1_20_2_S1-F1_6674,LFQ intensity PT_D1_20_2_S1-F1_6674:325,PT_D1_20_2_S1-F1_6674,P68363,P68366;Q9BQE3;Q71U36;P68363;P0DPH8;P0DPH7;Q9NY65;Q6PEY2,PT_D1_20,PT_D1_20,PRETERM,D1,2,0.0,EXPLICIT_ZERO,false
PXD064962_UCD_EVENT,University College Dublin / Conway Institute,protein_groups,325,LFQ intensity PT_D1_20_2_S1-F1_6674,LFQ intensity PT_D1_20_2_S1-F1_6674:325,PT_D1_20_2_S1-F1_6674,P68366,P68366;Q9BQE3;Q71U36;P68363;P0DPH8;P0DPH7;Q9NY65;Q6PEY2,PT_D1_20,PT_D1_20,PRETERM,D1,2,0.0,EXPLICIT_ZERO,false
PXD064962_UCD_EVENT,University College Dublin / Conway Institute,protein_groups,325,LFQ intensity PT_D1_20_2_S1-F1_6674,LFQ intensity PT_D1_20_2_S1-F1_6674:325,PT_D1_20_2_S1-F1_6674,Q9NY65,P68366;Q9BQE3;Q71U36;P68363;P0DPH8;P0DPH7;Q9NY65;Q6PEY2,PT_D1_20,PT_D1_20,PRETERM,D1,2,0.0,EXPLICIT_ZERO,false
PXD064962_UCD_EVENT,University College Dublin / Conway Institute,protein_groups,325,LFQ intensity PT_D1_23_1_S1-G1_6687,LFQ intensity PT_D1_23_1_S1-G1_6687:325,PT_D1_23_1_S1-G1_6687,P68363,P68366;Q9BQE3;Q71U36;P68363;P0DPH8;P0DPH7;Q9NY65;Q6PEY2,PT_D1_23,PT_D1_23,PRETERM,D1,1,0.0,EXPLICIT_ZERO,false
PXD064962_UCD_EVENT,University College Dublin / Conway Institute,protein_groups,325,LFQ intensity PT_D1_23_1_S1-G1_6687,LFQ intensity PT_D1_23_1_S1-G1_6687:325,PT_D1_23_1_S1-G1_6687,P68366,P68366;Q9BQE3;Q71U36;P68363;P0DPH8;P0DPH7;Q9NY65;Q6PEY2,PT_D1_23,PT_D1_23,PRETERM,D1,1,0.0,EXPLICIT_ZERO,false
PXD064962_UCD_EVENT,University College Dublin / Conway Institute,protein_groups,325,LFQ intensity PT_D1_23_1_S1-G1_6687,LFQ intensity PT_D1_23_1_S1-G1_6687:325,PT_D1_23_1_S1-G1_6687,Q9NY65,P68366;Q9BQE3;Q71U36;P68363;P0DPH8;P0DPH7;Q9NY65;Q6PEY2,PT_D1_23,PT_D1_23,PRETERM,D1,1,0.0,EXPLICIT_ZERO,false
PXD064962_UCD_EVENT,University College Dublin / Conway Institute,protein_groups,325,LFQ intensity PT_D1_23_2_S1-H1_6688,LFQ intensity PT_D1_23_2_S1-H1_6688:325,PT_D1_23_2_S1-H1_6688,P68363,P68366;Q9BQE3;Q71U36;P68363;P0DPH8;P0DPH7;Q9NY65;Q6PEY2,PT_D1_23,PT_D1_23,PRETERM,D1,2,0.0,EXPLICIT_ZERO,false
PXD064962_UCD_EVENT,University College Dublin / Conway Institute,protein_groups,325,LFQ intensity PT_D1_23_2_S1-H1_6688,LFQ intensity PT_D1_23_2_S1-H1_6688:325,PT_D1_23_2_S1-H1_6688,P68366,P68366;Q9BQE3;Q71U36;P68363;P0DPH8;P0DPH7;Q9NY65;Q6PEY2,PT_D1_23,PT_D1_23,PRETERM,D1,2,0.0,EXPLICIT_ZERO,false
PXD064962_UCD_EVENT,University College Dublin / Conway Institute,protein_groups,325,LFQ intensity PT_D1_23_2_S1-H1_6688,LFQ intensity PT_D1_23_2_S1-H1_6688:325,PT_D1_23_2_S1-H1_6688,Q9NY65,P68366;Q9BQE3;Q71U36;P68363;P0DPH8;P0DPH7;Q9NY65;Q6PEY2,PT_D1_23,PT_D1_23,PRETERM,D1,2,0.0,EXPLICIT_ZERO,false
PXD064962_UCD_EVENT,University College Dublin / Conway Institute,protein_groups,325,LFQ intensity PT_D1_33_1_S1-A2_6643,LFQ intensity PT_D1_33_1_S1-A2_6643:325,PT_D1_33_1_S1-A2_6643,P68363,P68366;Q9BQE3;Q71U36;P68363;P0DPH8;P0DPH7;Q9NY65;Q6PEY2,PT_D1_33,PT_D1_33,PRETERM,D1,1,0.0,EXPLICIT_ZERO,false
PXD064962_UCD_EVENT,University College Dublin / Conway Institute,protein_groups,325,LFQ intensity PT_D1_33_1_S1-A2_6643,LFQ intensity PT_D1_33_1_S1-A2_6643:325,PT_D1_33_1_S1-A2_6643,P68366,P68366;Q9BQE3;Q71U36;P68363;P0DPH8;P0DPH7;Q9NY65;Q6PEY2,PT_D1_33,PT_D1_33,PRETERM,D1,1,0.0,EXPLICIT_ZERO,false
PXD064962_UCD_EVENT,University College Dublin / Conway Institute,protein_groups,325,LFQ intensity PT_D1_33_1_S1-A2_6643,LFQ intensity PT_D1_33_1_S1-A2_6643:325,PT_D1_33_1_S1-A2_6643,Q9NY65,P68366;Q9BQE3;Q71U36;P68363;P0DPH8;P0DPH7;Q9NY65;Q6PEY2,PT_D1_33,PT_D1_33,PRETERM,D1,1,0.0,EXPLICIT_ZERO,false
PXD064962_UCD_EVENT,University College Dublin / Conway Institute,protein_groups,325,LFQ intensity PT_D1_33_2_S1-B2_6644,LFQ intensity PT_D1_33_2_S1-B2_6644:325,PT_D1_33_2_S1-B2_6644,P68363,P68366;Q9BQE3;Q71U36;P68363;P0DPH8;P0DPH7;Q9NY65;Q6PEY2,PT_D1_33,PT_D1_33,PRETERM,D1,2,0.0,EXPLICIT_ZERO,false
PXD064962_UCD_EVENT,University College Dublin / Conway Institute,protein_groups,325,LFQ intensity PT_D1_33_2_S1-B2_6644,LFQ intensity PT_D1_33_2_S1-B2_6644:325,PT_D1_33_2_S1-B2_6644,P68366,P68366;Q9BQE3;Q71U36;P68363;P0DPH8;P0DPH7;Q9NY65;Q6PEY2,PT_D1_33,PT_D1_33,PRETERM,D1,2,0.0,EXPLICIT_ZERO,false
PXD064962_UCD_EVENT,University College Dublin / Conway Institute,protein_groups,325,LFQ intensity PT_D1_33_2_S1-B2_6644,LFQ intensity PT_D1_33_2_S1-B2_6644:325,PT_D1_33_2_S1-B2_6644,Q9NY65,P68366;Q9BQE3;Q71U36;P68363;P0DPH8;P0DPH7;Q9NY65;Q6PEY2,PT_D1_33,PT_D1_33,PRETERM,D1,2,0.0,EXPLICIT_ZERO,false
PXD064962_UCD_EVENT,University College Dublin / Conway Institute,protein_groups,325,LFQ intensity PT_D1_34_1_S1-C2_6659,LFQ intensity PT_D1_34_1_S1-C2_6659:325,PT_D1_34_1_S1-C2_6659,P68363,P68366;Q9BQE3;Q71U36;P68363;P0DPH8;P0DPH7;Q9NY65;Q6PEY2,PT_D1_34,PT_D1_34,PRETERM,D1,1,0.0,EXPLICIT_ZERO,false
PXD064962_UCD_EVENT,University College Dublin / Conway Institute,protein_groups,325,LFQ intensity PT_D1_34_1_S1-C2_6659,LFQ intensity PT_D1_34_1_S1-C2_6659:325,PT_D1_34_1_S1-C2_6659,P68366,P68366;Q9BQE3;Q71U36;P68363;P0DPH8;P0DPH7;Q9NY65;Q6PEY2,PT_D1_34,PT_D1_34,PRETERM,D1,1,0.0,EXPLICIT_ZERO,false
PXD064962_UCD_EVENT,University College Dublin / Conway Institute,protein_groups,325,LFQ intensity PT_D1_34_1_S1-C2_6659,LFQ intensity PT_D1_34_1_S1-C2_6659:325,PT_D1_34_1_S1-C2_6659,Q9NY65,P68366;Q9BQE3;Q71U36;P68363;P0DPH8;P0DPH7;Q9NY65;Q6PEY2,PT_D1_34,PT_D1_34,PRETERM,D1,1,0.0,EXPLICIT_ZERO,false
PXD064962_UCD_EVENT,University College Dublin / Conway Institute,protein_groups,325,LFQ intensity PT_D1_34_2_S1-D2_6660,LFQ intensity PT_D1_34_2_S1-D2_6660:325,PT_D1_34_2_S1-D2_6660,P68363,P68366;Q9BQE3;Q71U36;P68363;P0DPH8;P0DPH7;Q9NY65;Q6PEY2,PT_D1_34,PT_D1_34,PRETERM,D1,2,0.0,EXPLICIT_ZERO,false
PXD064962_UCD_EVENT,University College Dublin / Conway Institute,protein_groups,325,LFQ intensity PT_D1_34_2_S1-D2_6660,LFQ intensity PT_D1_34_2_S1-D2_6660:325,PT_D1_34_2_S1-D2_6660,P68366,P68366;Q9BQE3;Q71U36;P68363;P0DPH8;P0DPH7;Q9NY65;Q6PEY2,PT_D1_34,PT_D1_34,PRETERM,D1,2,0.0,EXPLICIT_ZERO,false
PXD064962_UCD_EVENT,University College Dublin / Conway Institute,protein_groups,325,LFQ intensity PT_D1_34_2_S1-D2_6660,LFQ intensity PT_D1_34_2_S1-D2_6660:325,PT_D1_34_2_S1-D2_6660,Q9NY65,P68366;Q9BQE3;Q71U36;P68363;P0DPH8;P0DPH7;Q9NY65;Q6PEY2,PT_D1_34,PT_D1_34,PRETERM,D1,2,0.0,EXPLICIT_ZERO,false
PXD064962_UCD_EVENT,University College Dublin / Conway Institute,protein_groups,325,LFQ intensity PT_D1_48_1_S1-E2_6675,LFQ intensity PT_D1_48_1_S1-E2_6675:325,PT_D1_48_1_S1-E2_6675,P68363,P68366;Q9BQE3;Q71U36;P68363;P0DPH8;P0DPH7;Q9NY65;Q6PEY2,PT_D1_48,PT_D1_48,PRETERM,D1,1,0.0,EXPLICIT_ZERO,false
PXD064962_UCD_EVENT,University College Dublin / Conway Institute,protein_groups,325,LFQ intensity PT_D1_48_1_S1-E2_6675,LFQ intensity PT_D1_48_1_S1-E2_6675:325,PT_D1_48_1_S1-E2_6675,P68366,P68366;Q9BQE3;Q71U36;P68363;P0DPH8;P0DPH7;Q9NY65;Q6PEY2,PT_D1_48,PT_D1_48,PRETERM,D1,1,0.0,EXPLICIT_ZERO,false
PXD064962_UCD_EVENT,University College Dublin / Conway Institute,protein_groups,325,LFQ intensity PT_D1_48_1_S1-E2_6675,LFQ intensity PT_D1_48_1_S1-E2_6675:325,PT_D1_48_1_S1-E2_6675,Q9NY65,P68366;Q9BQE3;Q71U36;P68363;P0DPH8;P0DPH7;Q9NY65;Q6PEY2,PT_D1_48,PT_D1_48,PRETERM,D1,1,0.0,EXPLICIT_ZERO,false
PXD064962_UCD_EVENT,University College Dublin / Conway Institute,protein_groups,325,LFQ intensity PT_D1_48_2_S1-F2_6676,LFQ intensity PT_D1_48_2_S1-F2_6676:325,PT_D1_48_2_S1-F2_6676,P68363,P68366;Q9BQE3;Q71U36;P68363;P0DPH8;P0DPH7;Q9NY65;Q6PEY2,PT_D1_48,PT_D1_48,PRETERM,D1,2,0.0,EXPLICIT_ZERO,false
PXD064962_UCD_EVENT,University College Dublin / Conway Institute,protein_groups,325,LFQ intensity PT_D1_48_2_S1-F2_6676,LFQ intensity PT_D1_48_2_S1-F2_6676:325,PT_D1_48_2_S1-F2_6676,P68366,P68366;Q9BQE3;Q71U36;P68363;P0DPH8;P0DPH7;Q9NY65;Q6PEY2,PT_D1_48,PT_D1_48,PRETERM,D1,2,0.0,EXPLICIT_ZERO,false
PXD064962_UCD_EVENT,University College Dublin / Conway Institute,protein_groups,325,LFQ intensity PT_D1_48_2_S1-F2_6676,LFQ intensity PT_D1_48_2_S1-F2_6676:325,PT_D1_48_2_S1-F2_6676,Q9NY65,P68366;Q9BQE3;Q71U36;P68363;P0DPH8;P0DPH7;Q9NY65;Q6PEY2,PT_D1_48,PT_D1_48,PRETERM,D1,2,0.0,EXPLICIT_ZERO,false
PXD064962_UCD_EVENT,University College Dublin / Conway Institute,protein_groups,325,LFQ intensity PT_D1_51_1_S1-G2_6689,LFQ intensity PT_D1_51_1_S1-G2_6689:325,PT_D1_51_1_S1-G2_6689,P68363,P68366;Q9BQE3;Q71U36;P68363;P0DPH8;P0DPH7;Q9NY65;Q6PEY2,PT_D1_51,PT_D1_51,PRETERM,D1,1,0.0,EXPLICIT_ZERO,false
PXD064962_UCD_EVENT,University College Dublin / Conway Institute,protein_groups,325,LFQ intensity PT_D1_51_1_S1-G2_6689,LFQ intensity PT_D1_51_1_S1-G2_6689:325,PT_D1_51_1_S1-G2_6689,P68366,P68366;Q9BQE3;Q71U36;P68363;P0DPH8;P0DPH7;Q9NY65;Q6PEY2,PT_D1_51,PT_D1_51,PRETERM,D1,1,0.0,EXPLICIT_ZERO,false
PXD064962_UCD_EVENT,University College Dublin / Conway Institute,protein_groups,325,LFQ intensity PT_D1_51_1_S1-G2_6689,LFQ intensity PT_D1_51_1_S1-G2_6689:325,PT_D1_51_1_S1-G2_6689,Q9NY65,P68366;Q9BQE3;Q71U36;P68363;P0DPH8;P0DPH7;Q9NY65;Q6PEY2,PT_D1_51,PT_D1_51,PRETERM,D1,1,0.0,EXPLICIT_ZERO,false
PXD064962_UCD_EVENT,University College Dublin / Conway Institute,protein_groups,325,LFQ intensity PT_D1_51_2_S1-H2_6690,LFQ intensity PT_D1_51_2_S1-H2_6690:325,PT_D1_51_2_S1-H2_6690,P68363,P68366;Q9BQE3;Q71U36;P68363;P0DPH8;P0DPH7;Q9NY65;Q6PEY2,PT_D1_51,PT_D1_51,PRETERM,D1,2,0.0,EXPLICIT_ZERO,false
PXD064962_UCD_EVENT,University College Dublin / Conway Institute,protein_groups,325,LFQ intensity PT_D1_51_2_S1-H2_6690,LFQ intensity PT_D1_51_2_S1-H2_6690:325,PT_D1_51_2_S1-H2_6690,P68366,P68366;Q9BQE3;Q71U36;P68363;P0DPH8;P0DPH7;Q9NY65;Q6PEY2,PT_D1_51,PT_D1_51,PRETERM,D1,2,0.0,EXPLICIT_ZERO,false
PXD064962_UCD_EVENT,University College Dublin / Conway Institute,protein_groups,325,LFQ intensity PT_D1_51_2_S1-H2_6690,LFQ intensity PT_D1_51_2_S1-H2_6690:325,PT_D1_51_2_S1-H2_6690,Q9NY65,P68366;Q9BQE3;Q71U36;P68363;P0DPH8;P0DPH7;Q9NY65;Q6PEY2,PT_D1_51,PT_D1_51,PRETERM,D1,2,0.0,EXPLICIT_ZERO,false
PXD064962_UCD_EVENT,University College Dublin / Conway Institute,protein_groups,325,LFQ intensity PT_D1_73_1_S1-A3_6645,LFQ intensity PT_D1_73_1_S1-A3_6645:325,PT_D1_73_1_S1-A3_6645,P68363,P68366;Q9BQE3;Q71U36;P68363;P0DPH8;P0DPH7;Q9NY65;Q6PEY2,PT_D1_73,PT_D1_73,PRETERM,D1,1,0.0,EXPLICIT_ZERO,false
PXD064962_UCD_EVENT,University College Dublin / Conway Institute,protein_groups,325,LFQ intensity PT_D1_73_1_S1-A3_6645,LFQ intensity PT_D1_73_1_S1-A3_6645:325,PT_D1_73_1_S1-A3_6645,P68366,P68366;Q9BQE3;Q71U36;P68363;P0DPH8;P0DPH7;Q9NY65;Q6PEY2,PT_D1_73,PT_D1_73,PRETERM,D1,1,0.0,EXPLICIT_ZERO,false
PXD064962_UCD_EVENT,University College Dublin / Conway Institute,protein_groups,325,LFQ intensity PT_D1_73_1_S1-A3_6645,LFQ intensity PT_D1_73_1_S1-A3_6645:325,PT_D1_73_1_S1-A3_6645,Q9NY65,P68366;Q9BQE3;Q71U36;P68363;P0DPH8;P0DPH7;Q9NY65;Q6PEY2,PT_D1_73,PT_D1_73,PRETERM,D1,1,0.0,EXPLICIT_ZERO,false
PXD064962_UCD_EVENT,University College Dublin / Conway Institute,protein_groups,325,LFQ intensity PT_D1_73_2_S1-B3_6646,LFQ intensity PT_D1_73_2_S1-B3_6646:325,PT_D1_73_2_S1-B3_6646,P68363,P68366;Q9BQE3;Q71U36;P68363;P0DPH8;P0DPH7;Q9NY65;Q6PEY2,PT_D1_73,PT_D1_73,PRETERM,D1,2,0.0,EXPLICIT_ZERO,false
PXD064962_UCD_EVENT,University College Dublin / Conway Institute,protein_groups,325,LFQ intensity PT_D1_73_2_S1-B3_6646,LFQ intensity PT_D1_73_2_S1-B3_6646:325,PT_D1_73_2_S1-B3_6646,P68366,P68366;Q9BQE3;Q71U36;P68363;P0DPH8;P0DPH7;Q9NY65;Q6PEY2,PT_D1_73,PT_D1_73,PRETERM,D1,2,0.0,EXPLICIT_ZERO,false
PXD064962_UCD_EVENT,University College Dublin / Conway Institute,protein_groups,325,LFQ intensity PT_D1_73_2_S1-B3_6646,LFQ intensity PT_D1_73_2_S1-B3_6646:325,PT_D1_73_2_S1-B3_6646,Q9NY65,P68366;Q9BQE3;Q71U36;P68363;P0DPH8;P0DPH7;Q9NY65;Q6PEY2,PT_D1_73,PT_D1_73,PRETERM,D1,2,0.0,EXPLICIT_ZERO,false
PXD064962_UCD_EVENT,University College Dublin / Conway Institute,protein_groups,325,LFQ intensity PT_D1_81_1_S1-C3_6661,LFQ intensity PT_D1_81_1_S1-C3_6661:325,PT_D1_81_1_S1-C3_6661,P68363,P68366;Q9BQE3;Q71U36;P68363;P0DPH8;P0DPH7;Q9NY65;Q6PEY2,PT_D1_81,PT_D1_81,PRETERM,D1,1,0.0,EXPLICIT_ZERO,false
PXD064962_UCD_EVENT,University College Dublin / Conway Institute,protein_groups,325,LFQ intensity PT_D1_81_1_S1-C3_6661,LFQ intensity PT_D1_81_1_S1-C3_6661:325,PT_D1_81_1_S1-C3_6661,P68366,P68366;Q9BQE3;Q71U36;P68363;P0DPH8;P0DPH7;Q9NY65;Q6PEY2,PT_D1_81,PT_D1_81,PRETERM,D1,1,0.0,EXPLICIT_ZERO,false
PXD064962_UCD_EVENT,University College Dublin / Conway Institute,protein_groups,325,LFQ intensity PT_D1_81_1_S1-C3_6661,LFQ intensity PT_D1_81_1_S1-C3_6661:325,PT_D1_81_1_S1-C3_6661,Q9NY65,P68366;Q9BQE3;Q71U36;P68363;P0DPH8;P0DPH7;Q9NY65;Q6PEY2,PT_D1_81,PT_D1_81,PRETERM,D1,1,0.0,EXPLICIT_ZERO,false
PXD064962_UCD_EVENT,University College Dublin / Conway Institute,protein_groups,325,LFQ intensity PT_D1_81_2_S1-D3_6662,LFQ intensity PT_D1_81_2_S1-D3_6662:325,PT_D1_81_2_S1-D3_6662,P68363,P68366;Q9BQE3;Q71U36;P68363;P0DPH8;P0DPH7;Q9NY65;Q6PEY2,PT_D1_81,PT_D1_81,PRETERM,D1,2,0.0,EXPLICIT_ZERO,false
PXD064962_UCD_EVENT,University College Dublin / Conway Institute,protein_groups,325,LFQ intensity PT_D1_81_2_S1-D3_6662,LFQ intensity PT_D1_81_2_S1-D3_6662:325,PT_D1_81_2_S1-D3_6662,P68366,P68366;Q9BQE3;Q71U36;P68363;P0DPH8;P0DPH7;Q9NY65;Q6PEY2,PT_D1_81,PT_D1_81,PRETERM,D1,2,0.0,EXPLICIT_ZERO,false
PXD064962_UCD_EVENT,University College Dublin / Conway Institute,protein_groups,325,LFQ intensity PT_D1_81_2_S1-D3_6662,LFQ intensity PT_D1_81_2_S1-D3_6662:325,PT_D1_81_2_S1-D3_6662,Q9NY65,P68366;Q9BQE3;Q71U36;P68363;P0DPH8;P0DPH7;Q9NY65;Q6PEY2,PT_D1_81,PT_D1_81,PRETERM,D1,2,0.0,EXPLICIT_ZERO,false
PXD064962_UCD_EVENT,University College Dublin / Conway Institute,protein_groups,325,LFQ intensity PT_D3_06_1_S1-E5_6681,LFQ intensity PT_D3_06_1_S1-E5_6681:325,PT_D3_06_1_S1-E5_6681,P68363,P68366;Q9BQE3;Q71U36;P68363;P0DPH8;P0DPH7;Q9NY65;Q6PEY2,PT_D3_06,PT_D3_06,PRETERM,D3,1,0.0,EXPLICIT_ZERO,false
PXD064962_UCD_EVENT,University College Dublin / Conway Institute,protein_groups,325,LFQ intensity PT_D3_06_1_S1-E5_6681,LFQ intensity PT_D3_06_1_S1-E5_6681:325,PT_D3_06_1_S1-E5_6681,P68366,P68366;Q9BQE3;Q71U36;P68363;P0DPH8;P0DPH7;Q9NY65;Q6PEY2,PT_D3_06,PT_D3_06,PRETERM,D3,1,0.0,EXPLICIT_ZERO,false
PXD064962_UCD_EVENT,University College Dublin / Conway Institute,protein_groups,325,LFQ intensity PT_D3_06_1_S1-E5_6681,LFQ intensity PT_D3_06_1_S1-E5_6681:325,PT_D3_06_1_S1-E5_6681,Q9NY65,P68366;Q9BQE3;Q71U36;P68363;P0DPH8;P0DPH7;Q9NY65;Q6PEY2,PT_D3_06,PT_D3_06,PRETERM,D3,1,0.0,EXPLICIT_ZERO,false
PXD064962_UCD_EVENT,University College Dublin / Conway Institute,protein_groups,325,LFQ intensity PT_D3_06_2_S1-F5_6682,LFQ intensity PT_D3_06_2_S1-F5_6682:325,PT_D3_06_2_S1-F5_6682,P68363,P68366;Q9BQE3;Q71U36;P68363;P0DPH8;P0DPH7;Q9NY65;Q6PEY2,PT_D3_06,PT_D3_06,PRETERM,D3,2,0.0,EXPLICIT_ZERO,false
PXD064962_UCD_EVENT,University College Dublin / Conway Institute,protein_groups,325,LFQ intensity PT_D3_06_2_S1-F5_6682,LFQ intensity PT_D3_06_2_S1-F5_6682:325,PT_D3_06_2_S1-F5_6682,P68366,P68366;Q9BQE3;Q71U36;P68363;P0DPH8;P0DPH7;Q9NY65;Q6PEY2,PT_D3_06,PT_D3_06,PRETERM,D3,2,0.0,EXPLICIT_ZERO,false
PXD064962_UCD_EVENT,University College Dublin / Conway Institute,protein_groups,325,LFQ intensity PT_D3_06_2_S1-F5_6682,LFQ intensity PT_D3_06_2_S1-F5_6682:325,PT_D3_06_2_S1-F5_6682,Q9NY65,P68366;Q9BQE3;Q71U36;P68363;P0DPH8;P0DPH7;Q9NY65;Q6PEY2,PT_D3_06,PT_D3_06,PRETERM,D3,2,0.0,EXPLICIT_ZERO,false
PXD064962_UCD_EVENT,University College Dublin / Conway Institute,protein_groups,325,LFQ intensity PT_D3_14_1_S1-C5_6665,LFQ intensity PT_D3_14_1_S1-C5_6665:325,PT_D3_14_1_S1-C5_6665,P68363,P68366;Q9BQE3;Q71U36;P68363;P0DPH8;P0DPH7;Q9NY65;Q6PEY2,PT_D3_14,PT_D3_14,PRETERM,D3,1,0.0,EXPLICIT_ZERO,false
PXD064962_UCD_EVENT,University College Dublin / Conway Institute,protein_groups,325,LFQ intensity PT_D3_14_1_S1-C5_6665,LFQ intensity PT_D3_14_1_S1-C5_6665:325,PT_D3_14_1_S1-C5_6665,P68366,P68366;Q9BQE3;Q71U36;P68363;P0DPH8;P0DPH7;Q9NY65;Q6PEY2,PT_D3_14,PT_D3_14,PRETERM,D3,1,0.0,EXPLICIT_ZERO,false
PXD064962_UCD_EVENT,University College Dublin / Conway Institute,protein_groups,325,LFQ intensity PT_D3_14_1_S1-C5_6665,LFQ intensity PT_D3_14_1_S1-C5_6665:325,PT_D3_14_1_S1-C5_6665,Q9NY65,P68366;Q9BQE3;Q71U36;P68363;P0DPH8;P0DPH7;Q9NY65;Q6PEY2,PT_D3_14,PT_D3_14,PRETERM,D3,1,0.0,EXPLICIT_ZERO,false
PXD064962_UCD_EVENT,University College Dublin / Conway Institute,protein_groups,325,LFQ intensity PT_D3_14_2_S1-D5_6666,LFQ intensity PT_D3_14_2_S1-D5_6666:325,PT_D3_14_2_S1-D5_6666,P68363,P68366;Q9BQE3;Q71U36;P68363;P0DPH8;P0DPH7;Q9NY65;Q6PEY2,PT_D3_14,PT_D3_14,PRETERM,D3,2,0.0,EXPLICIT_ZERO,false
PXD064962_UCD_EVENT,University College Dublin / Conway Institute,protein_groups,325,LFQ intensity PT_D3_14_2_S1-D5_6666,LFQ intensity PT_D3_14_2_S1-D5_6666:325,PT_D3_14_2_S1-D5_6666,P68366,P68366;Q9BQE3;Q71U36;P68363;P0DPH8;P0DPH7;Q9NY65;Q6PEY2,PT_D3_14,PT_D3_14,PRETERM,D3,2,0.0,EXPLICIT_ZERO,false
PXD064962_UCD_EVENT,University College Dublin / Conway Institute,protein_groups,325,LFQ intensity PT_D3_14_2_S1-D5_6666,LFQ intensity PT_D3_14_2_S1-D5_6666:325,PT_D3_14_2_S1-D5_6666,Q9NY65,P68366;Q9BQE3;Q71U36;P68363;P0DPH8;P0DPH7;Q9NY65;Q6PEY2,PT_D3_14,PT_D3_14,PRETERM,D3,2,0.0,EXPLICIT_ZERO,false
PXD064962_UCD_EVENT,University College Dublin / Conway Institute,protein_groups,325,LFQ intensity PT_D3_22_1_S1-C4_6663,LFQ intensity PT_D3_22_1_S1-C4_6663:325,PT_D3_22_1_S1-C4_6663,P68363,P68366;Q9BQE3;Q71U36;P68363;P0DPH8;P0DPH7;Q9NY65;Q6PEY2,PT_D3_22,PT_D3_22,PRETERM,D3,1,0.0,EXPLICIT_ZERO,false
PXD064962_UCD_EVENT,University College Dublin / Conway Institute,protein_groups,325,LFQ intensity PT_D3_22_1_S1-C4_6663,LFQ intensity PT_D3_22_1_S1-C4_6663:325,PT_D3_22_1_S1-C4_6663,P68366,P68366;Q9BQE3;Q71U36;P68363;P0DPH8;P0DPH7;Q9NY65;Q6PEY2,PT_D3_22,PT_D3_22,PRETERM,D3,1,0.0,EXPLICIT_ZERO,false
PXD064962_UCD_EVENT,University College Dublin / Conway Institute,protein_groups,325,LFQ intensity PT_D3_22_1_S1-C4_6663,LFQ intensity PT_D3_22_1_S1-C4_6663:325,PT_D3_22_1_S1-C4_6663,Q9NY65,P68366;Q9BQE3;Q71U36;P68363;P0DPH8;P0DPH7;Q9NY65;Q6PEY2,PT_D3_22,PT_D3_22,PRETERM,D3,1,0.0,EXPLICIT_ZERO,false
PXD064962_UCD_EVENT,University College Dublin / Conway Institute,protein_groups,325,LFQ intensity PT_D3_22_2_S1-D4_6664,LFQ intensity PT_D3_22_2_S1-D4_6664:325,PT_D3_22_2_S1-D4_6664,P68363,P68366;Q9BQE3;Q71U36;P68363;P0DPH8;P0DPH7;Q9NY65;Q6PEY2,PT_D3_22,PT_D3_22,PRETERM,D3,2,0.0,EXPLICIT_ZERO,false
PXD064962_UCD_EVENT,University College Dublin / Conway Institute,protein_groups,325,LFQ intensity PT_D3_22_2_S1-D4_6664,LFQ intensity PT_D3_22_2_S1-D4_6664:325,PT_D3_22_2_S1-D4_6664,P68366,P68366;Q9BQE3;Q71U36;P68363;P0DPH8;P0DPH7;Q9NY65;Q6PEY2,PT_D3_22,PT_D3_22,PRETERM,D3,2,0.0,EXPLICIT_ZERO,false
PXD064962_UCD_EVENT,University College Dublin / Conway Institute,protein_groups,325,LFQ intensity PT_D3_22_2_S1-D4_6664,LFQ intensity PT_D3_22_2_S1-D4_6664:325,PT_D3_22_2_S1-D4_6664,Q9NY65,P68366;Q9BQE3;Q71U36;P68363;P0DPH8;P0DPH7;Q9NY65;Q6PEY2,PT_D3_22,PT_D3_22,PRETERM,D3,2,0.0,EXPLICIT_ZERO,false
PXD064962_UCD_EVENT,University College Dublin / Conway Institute,protein_groups,325,LFQ intensity PT_D3_28_1_S1-A5_6649,LFQ intensity PT_D3_28_1_S1-A5_6649:325,PT_D3_28_1_S1-A5_6649,P68363,P68366;Q9BQE3;Q71U36;P68363;P0DPH8;P0DPH7;Q9NY65;Q6PEY2,PT_D3_28,PT_D3_28,PRETERM,D3,1,0.0,EXPLICIT_ZERO,false
PXD064962_UCD_EVENT,University College Dublin / Conway Institute,protein_groups,325,LFQ intensity PT_D3_28_1_S1-A5_6649,LFQ intensity PT_D3_28_1_S1-A5_6649:325,PT_D3_28_1_S1-A5_6649,P68366,P68366;Q9BQE3;Q71U36;P68363;P0DPH8;P0DPH7;Q9NY65;Q6PEY2,PT_D3_28,PT_D3_28,PRETERM,D3,1,0.0,EXPLICIT_ZERO,false
PXD064962_UCD_EVENT,University College Dublin / Conway Institute,protein_groups,325,LFQ intensity PT_D3_28_1_S1-A5_6649,LFQ intensity PT_D3_28_1_S1-A5_6649:325,PT_D3_28_1_S1-A5_6649,Q9NY65,P68366;Q9BQE3;Q71U36;P68363;P0DPH8;P0DPH7;Q9NY65;Q6PEY2,PT_D3_28,PT_D3_28,PRETERM,D3,1,0.0,EXPLICIT_ZERO,false
PXD064962_UCD_EVENT,University College Dublin / Conway Institute,protein_groups,325,LFQ intensity PT_D3_28_2_S1-B5_6650,LFQ intensity PT_D3_28_2_S1-B5_6650:325,PT_D3_28_2_S1-B5_6650,P68363,P68366;Q9BQE3;Q71U36;P68363;P0DPH8;P0DPH7;Q9NY65;Q6PEY2,PT_D3_28,PT_D3_28,PRETERM,D3,2,0.0,EXPLICIT_ZERO,false
PXD064962_UCD_EVENT,University College Dublin / Conway Institute,protein_groups,325,LFQ intensity PT_D3_28_2_S1-B5_6650,LFQ intensity PT_D3_28_2_S1-B5_6650:325,PT_D3_28_2_S1-B5_6650,P68366,P68366;Q9BQE3;Q71U36;P68363;P0DPH8;P0DPH7;Q9NY65;Q6PEY2,PT_D3_28,PT_D3_28,PRETERM,D3,2,0.0,EXPLICIT_ZERO,false
PXD064962_UCD_EVENT,University College Dublin / Conway Institute,protein_groups,325,LFQ intensity PT_D3_28_2_S1-B5_6650,LFQ intensity PT_D3_28_2_S1-B5_6650:325,PT_D3_28_2_S1-B5_6650,Q9NY65,P68366;Q9BQE3;Q71U36;P68363;P0DPH8;P0DPH7;Q9NY65;Q6PEY2,PT_D3_28,PT_D3_28,PRETERM,D3,2,0.0,EXPLICIT_ZERO,false
PXD064962_UCD_EVENT,University College Dublin / Conway Institute,protein_groups,325,LFQ intensity PT_D3_30_1_S1-E3_6677,LFQ intensity PT_D3_30_1_S1-E3_6677:325,PT_D3_30_1_S1-E3_6677,P68363,P68366;Q9BQE3;Q71U36;P68363;P0DPH8;P0DPH7;Q9NY65;Q6PEY2,PT_D3_30,PT_D3_30,PRETERM,D3,1,0.0,EXPLICIT_ZERO,false
PXD064962_UCD_EVENT,University College Dublin / Conway Institute,protein_groups,325,LFQ intensity PT_D3_30_1_S1-E3_6677,LFQ intensity PT_D3_30_1_S1-E3_6677:325,PT_D3_30_1_S1-E3_6677,P68366,P68366;Q9BQE3;Q71U36;P68363;P0DPH8;P0DPH7;Q9NY65;Q6PEY2,PT_D3_30,PT_D3_30,PRETERM,D3,1,0.0,EXPLICIT_ZERO,false
PXD064962_UCD_EVENT,University College Dublin / Conway Institute,protein_groups,325,LFQ intensity PT_D3_30_1_S1-E3_6677,LFQ intensity PT_D3_30_1_S1-E3_6677:325,PT_D3_30_1_S1-E3_6677,Q9NY65,P68366;Q9BQE3;Q71U36;P68363;P0DPH8;P0DPH7;Q9NY65;Q6PEY2,PT_D3_30,PT_D3_30,PRETERM,D3,1,0.0,EXPLICIT_ZERO,false
PXD064962_UCD_EVENT,University College Dublin / Conway Institute,protein_groups,325,LFQ intensity PT_D3_30_2_S1-F3_6678,LFQ intensity PT_D3_30_2_S1-F3_6678:325,PT_D3_30_2_S1-F3_6678,P68363,P68366;Q9BQE3;Q71U36;P68363;P0DPH8;P0DPH7;Q9NY65;Q6PEY2,PT_D3_30,PT_D3_30,PRETERM,D3,2,0.0,EXPLICIT_ZERO,false
PXD064962_UCD_EVENT,University College Dublin / Conway Institute,protein_groups,325,LFQ intensity PT_D3_30_2_S1-F3_6678,LFQ intensity PT_D3_30_2_S1-F3_6678:325,PT_D3_30_2_S1-F3_6678,P68366,P68366;Q9BQE3;Q71U36;P68363;P0DPH8;P0DPH7;Q9NY65;Q6PEY2,PT_D3_30,PT_D3_30,PRETERM,D3,2,0.0,EXPLICIT_ZERO,false
PXD064962_UCD_EVENT,University College Dublin / Conway Institute,protein_groups,325,LFQ intensity PT_D3_30_2_S1-F3_6678,LFQ intensity PT_D3_30_2_S1-F3_6678:325,PT_D3_30_2_S1-F3_6678,Q9NY65,P68366;Q9BQE3;Q71U36;P68363;P0DPH8;P0DPH7;Q9NY65;Q6PEY2,PT_D3_30,PT_D3_30,PRETERM,D3,2,0.0,EXPLICIT_ZERO,false
PXD064962_UCD_EVENT,University College Dublin / Conway Institute,protein_groups,325,LFQ intensity PT_D3_37_1_S1-G5_6695,LFQ intensity PT_D3_37_1_S1-G5_6695:325,PT_D3_37_1_S1-G5_6695,P68363,P68366;Q9BQE3;Q71U36;P68363;P0DPH8;P0DPH7;Q9NY65;Q6PEY2,PT_D3_37,PT_D3_37,PRETERM,D3,1,0.0,EXPLICIT_ZERO,false
PXD064962_UCD_EVENT,University College Dublin / Conway Institute,protein_groups,325,LFQ intensity PT_D3_37_1_S1-G5_6695,LFQ intensity PT_D3_37_1_S1-G5_6695:325,PT_D3_37_1_S1-G5_6695,P68366,P68366;Q9BQE3;Q71U36;P68363;P0DPH8;P0DPH7;Q9NY65;Q6PEY2,PT_D3_37,PT_D3_37,PRETERM,D3,1,0.0,EXPLICIT_ZERO,false
PXD064962_UCD_EVENT,University College Dublin / Conway Institute,protein_groups,325,LFQ intensity PT_D3_37_1_S1-G5_6695,LFQ intensity PT_D3_37_1_S1-G5_6695:325,PT_D3_37_1_S1-G5_6695,Q9NY65,P68366;Q9BQE3;Q71U36;P68363;P0DPH8;P0DPH7;Q9NY65;Q6PEY2,PT_D3_37,PT_D3_37,PRETERM,D3,1,0.0,EXPLICIT_ZERO,false
PXD064962_UCD_EVENT,University College Dublin / Conway Institute,protein_groups,325,LFQ intensity PT_D3_37_2_S1-H5_6696,LFQ intensity PT_D3_37_2_S1-H5_6696:325,PT_D3_37_2_S1-H5_6696,P68363,P68366;Q9BQE3;Q71U36;P68363;P0DPH8;P0DPH7;Q9NY65;Q6PEY2,PT_D3_37,PT_D3_37,PRETERM,D3,2,0.0,EXPLICIT_ZERO,false
PXD064962_UCD_EVENT,University College Dublin / Conway Institute,protein_groups,325,LFQ intensity PT_D3_37_2_S1-H5_6696,LFQ intensity PT_D3_37_2_S1-H5_6696:325,PT_D3_37_2_S1-H5_6696,P68366,P68366;Q9BQE3;Q71U36;P68363;P0DPH8;P0DPH7;Q9NY65;Q6PEY2,PT_D3_37,PT_D3_37,PRETERM,D3,2,0.0,EXPLICIT_ZERO,false
PXD064962_UCD_EVENT,University College Dublin / Conway Institute,protein_groups,325,LFQ intensity PT_D3_37_2_S1-H5_6696,LFQ intensity PT_D3_37_2_S1-H5_6696:325,PT_D3_37_2_S1-H5_6696,Q9NY65,P68366;Q9BQE3;Q71U36;P68363;P0DPH8;P0DPH7;Q9NY65;Q6PEY2,PT_D3_37,PT_D3_37,PRETERM,D3,2,0.0,EXPLICIT_ZERO,false
PXD064962_UCD_EVENT,University College Dublin / Conway Institute,protein_groups,325,LFQ intensity PT_D3_41_1_S1-G3_6691,LFQ intensity PT_D3_41_1_S1-G3_6691:325,PT_D3_41_1_S1-G3_6691,P68363,P68366;Q9BQE3;Q71U36;P68363;P0DPH8;P0DPH7;Q9NY65;Q6PEY2,PT_D3_41,PT_D3_41,PRETERM,D3,1,0.0,EXPLICIT_ZERO,false
PXD064962_UCD_EVENT,University College Dublin / Conway Institute,protein_groups,325,LFQ intensity PT_D3_41_1_S1-G3_6691,LFQ intensity PT_D3_41_1_S1-G3_6691:325,PT_D3_41_1_S1-G3_6691,P68366,P68366;Q9BQE3;Q71U36;P68363;P0DPH8;P0DPH7;Q9NY65;Q6PEY2,PT_D3_41,PT_D3_41,PRETERM,D3,1,0.0,EXPLICIT_ZERO,false
PXD064962_UCD_EVENT,University College Dublin / Conway Institute,protein_groups,325,LFQ intensity PT_D3_41_1_S1-G3_6691,LFQ intensity PT_D3_41_1_S1-G3_6691:325,PT_D3_41_1_S1-G3_6691,Q9NY65,P68366;Q9BQE3;Q71U36;P68363;P0DPH8;P0DPH7;Q9NY65;Q6PEY2,PT_D3_41,PT_D3_41,PRETERM,D3,1,0.0,EXPLICIT_ZERO,false
PXD064962_UCD_EVENT,University College Dublin / Conway Institute,protein_groups,325,LFQ intensity PT_D3_41_2_S1-H3_6692,LFQ intensity PT_D3_41_2_S1-H3_6692:325,PT_D3_41_2_S1-H3_6692,P68363,P68366;Q9BQE3;Q71U36;P68363;P0DPH8;P0DPH7;Q9NY65;Q6PEY2,PT_D3_41,PT_D3_41,PRETERM,D3,2,0.0,EXPLICIT_ZERO,false
PXD064962_UCD_EVENT,University College Dublin / Conway Institute,protein_groups,325,LFQ intensity PT_D3_41_2_S1-H3_6692,LFQ intensity PT_D3_41_2_S1-H3_6692:325,PT_D3_41_2_S1-H3_6692,P68366,P68366;Q9BQE3;Q71U36;P68363;P0DPH8;P0DPH7;Q9NY65;Q6PEY2,PT_D3_41,PT_D3_41,PRETERM,D3,2,0.0,EXPLICIT_ZERO,false
PXD064962_UCD_EVENT,University College Dublin / Conway Institute,protein_groups,325,LFQ intensity PT_D3_41_2_S1-H3_6692,LFQ intensity PT_D3_41_2_S1-H3_6692:325,PT_D3_41_2_S1-H3_6692,Q9NY65,P68366;Q9BQE3;Q71U36;P68363;P0DPH8;P0DPH7;Q9NY65;Q6PEY2,PT_D3_41,PT_D3_41,PRETERM,D3,2,0.0,EXPLICIT_ZERO,false
PXD064962_UCD_EVENT,University College Dublin / Conway Institute,protein_groups,325,LFQ intensity PT_D3_42_1_S1-G4_6693,LFQ intensity PT_D3_42_1_S1-G4_6693:325,PT_D3_42_1_S1-G4_6693,P68363,P68366;Q9BQE3;Q71U36;P68363;P0DPH8;P0DPH7;Q9NY65;Q6PEY2,PT_D3_42,PT_D3_42,PRETERM,D3,1,0.0,EXPLICIT_ZERO,false
PXD064962_UCD_EVENT,University College Dublin / Conway Institute,protein_groups,325,LFQ intensity PT_D3_42_1_S1-G4_6693,LFQ intensity PT_D3_42_1_S1-G4_6693:325,PT_D3_42_1_S1-G4_6693,P68366,P68366;Q9BQE3;Q71U36;P68363;P0DPH8;P0DPH7;Q9NY65;Q6PEY2,PT_D3_42,PT_D3_42,PRETERM,D3,1,0.0,EXPLICIT_ZERO,false
PXD064962_UCD_EVENT,University College Dublin / Conway Institute,protein_groups,325,LFQ intensity PT_D3_42_1_S1-G4_6693,LFQ intensity PT_D3_42_1_S1-G4_6693:325,PT_D3_42_1_S1-G4_6693,Q9NY65,P68366;Q9BQE3;Q71U36;P68363;P0DPH8;P0DPH7;Q9NY65;Q6PEY2,PT_D3_42,PT_D3_42,PRETERM,D3,1,0.0,EXPLICIT_ZERO,false
PXD064962_UCD_EVENT,University College Dublin / Conway Institute,protein_groups,325,LFQ intensity PT_D3_42_2_S1-H4_6694,LFQ intensity PT_D3_42_2_S1-H4_6694:325,PT_D3_42_2_S1-H4_6694,P68363,P68366;Q9BQE3;Q71U36;P68363;P0DPH8;P0DPH7;Q9NY65;Q6PEY2,PT_D3_42,PT_D3_42,PRETERM,D3,2,0.0,EXPLICIT_ZERO,false
PXD064962_UCD_EVENT,University College Dublin / Conway Institute,protein_groups,325,LFQ intensity PT_D3_42_2_S1-H4_6694,LFQ intensity PT_D3_42_2_S1-H4_6694:325,PT_D3_42_2_S1-H4_6694,P68366,P68366;Q9BQE3;Q71U36;P68363;P0DPH8;P0DPH7;Q9NY65;Q6PEY2,PT_D3_42,PT_D3_42,PRETERM,D3,2,0.0,EXPLICIT_ZERO,false
PXD064962_UCD_EVENT,University College Dublin / Conway Institute,protein_groups,325,LFQ intensity PT_D3_42_2_S1-H4_6694,LFQ intensity PT_D3_42_2_S1-H4_6694:325,PT_D3_42_2_S1-H4_6694,Q9NY65,P68366;Q9BQE3;Q71U36;P68363;P0DPH8;P0DPH7;Q9NY65;Q6PEY2,PT_D3_42,PT_D3_42,PRETERM,D3,2,0.0,EXPLICIT_ZERO,false
PXD064962_UCD_EVENT,University College Dublin / Conway Institute,protein_groups,325,LFQ intensity PT_D3_85_1_S1-E4_6679,LFQ intensity PT_D3_85_1_S1-E4_6679:325,PT_D3_85_1_S1-E4_6679,P68363,P68366;Q9BQE3;Q71U36;P68363;P0DPH8;P0DPH7;Q9NY65;Q6PEY2,PT_D3_85,PT_D3_85,PRETERM,D3,1,0.0,EXPLICIT_ZERO,false
PXD064962_UCD_EVENT,University College Dublin / Conway Institute,protein_groups,325,LFQ intensity PT_D3_85_1_S1-E4_6679,LFQ intensity PT_D3_85_1_S1-E4_6679:325,PT_D3_85_1_S1-E4_6679,P68366,P68366;Q9BQE3;Q71U36;P68363;P0DPH8;P0DPH7;Q9NY65;Q6PEY2,PT_D3_85,PT_D3_85,PRETERM,D3,1,0.0,EXPLICIT_ZERO,false
PXD064962_UCD_EVENT,University College Dublin / Conway Institute,protein_groups,325,LFQ intensity PT_D3_85_1_S1-E4_6679,LFQ intensity PT_D3_85_1_S1-E4_6679:325,PT_D3_85_1_S1-E4_6679,Q9NY65,P68366;Q9BQE3;Q71U36;P68363;P0DPH8;P0DPH7;Q9NY65;Q6PEY2,PT_D3_85,PT_D3_85,PRETERM,D3,1,0.0,EXPLICIT_ZERO,false
PXD064962_UCD_EVENT,University College Dublin / Conway Institute,protein_groups,325,LFQ intensity PT_D3_85_2_S1-F4_6680,LFQ intensity PT_D3_85_2_S1-F4_6680:325,PT_D3_85_2_S1-F4_6680,P68363,P68366;Q9BQE3;Q71U36;P68363;P0DPH8;P0DPH7;Q9NY65;Q6PEY2,PT_D3_85,PT_D3_85,PRETERM,D3,2,0.0,EXPLICIT_ZERO,false
PXD064962_UCD_EVENT,University College Dublin / Conway Institute,protein_groups,325,LFQ intensity PT_D3_85_2_S1-F4_6680,LFQ intensity PT_D3_85_2_S1-F4_6680:325,PT_D3_85_2_S1-F4_6680,P68366,P68366;Q9BQE3;Q71U36;P68363;P0DPH8;P0DPH7;Q9NY65;Q6PEY2,PT_D3_85,PT_D3_85,PRETERM,D3,2,0.0,EXPLICIT_ZERO,false
PXD064962_UCD_EVENT,University College Dublin / Conway Institute,protein_groups,325,LFQ intensity PT_D3_85_2_S1-F4_6680,LFQ intensity PT_D3_85_2_S1-F4_6680:325,PT_D3_85_2_S1-F4_6680,Q9NY65,P68366;Q9BQE3;Q71U36;P68363;P0DPH8;P0DPH7;Q9NY65;Q6PEY2,PT_D3_85,PT_D3_85,PRETERM,D3,2,0.0,EXPLICIT_ZERO,false
PXD064962_UCD_EVENT,University College Dublin / Conway Institute,protein_groups,325,LFQ intensity PT_D3_96_1_S1-A4_6647,LFQ intensity PT_D3_96_1_S1-A4_6647:325,PT_D3_96_1_S1-A4_6647,P68363,P68366;Q9BQE3;Q71U36;P68363;P0DPH8;P0DPH7;Q9NY65;Q6PEY2,PT_D3_96,PT_D3_96,PRETERM,D3,1,0.0,EXPLICIT_ZERO,false
PXD064962_UCD_EVENT,University College Dublin / Conway Institute,protein_groups,325,LFQ intensity PT_D3_96_1_S1-A4_6647,LFQ intensity PT_D3_96_1_S1-A4_6647:325,PT_D3_96_1_S1-A4_6647,P68366,P68366;Q9BQE3;Q71U36;P68363;P0DPH8;P0DPH7;Q9NY65;Q6PEY2,PT_D3_96,PT_D3_96,PRETERM,D3,1,0.0,EXPLICIT_ZERO,false
PXD064962_UCD_EVENT,University College Dublin / Conway Institute,protein_groups,325,LFQ intensity PT_D3_96_1_S1-A4_6647,LFQ intensity PT_D3_96_1_S1-A4_6647:325,PT_D3_96_1_S1-A4_6647,Q9NY65,P68366;Q9BQE3;Q71U36;P68363;P0DPH8;P0DPH7;Q9NY65;Q6PEY2,PT_D3_96,PT_D3_96,PRETERM,D3,1,0.0,EXPLICIT_ZERO,false
PXD064962_UCD_EVENT,University College Dublin / Conway Institute,protein_groups,325,LFQ intensity PT_D3_96_2_S1-B4_6648,LFQ intensity PT_D3_96_2_S1-B4_6648:325,PT_D3_96_2_S1-B4_6648,P68363,P68366;Q9BQE3;Q71U36;P68363;P0DPH8;P0DPH7;Q9NY65;Q6PEY2,PT_D3_96,PT_D3_96,PRETERM,D3,2,0.0,EXPLICIT_ZERO,false
PXD064962_UCD_EVENT,University College Dublin / Conway Institute,protein_groups,325,LFQ intensity PT_D3_96_2_S1-B4_6648,LFQ intensity PT_D3_96_2_S1-B4_6648:325,PT_D3_96_2_S1-B4_6648,P68366,P68366;Q9BQE3;Q71U36;P68363;P0DPH8;P0DPH7;Q9NY65;Q6PEY2,PT_D3_96,PT_D3_96,PRETERM,D3,2,0.0,EXPLICIT_ZERO,false
PXD064962_UCD_EVENT,University College Dublin / Conway Institute,protein_groups,325,LFQ intensity PT_D3_96_2_S1-B4_6648,LFQ intensity PT_D3_96_2_S1-B4_6648:325,PT_D3_96_2_S1-B4_6648,Q9NY65,P68366;Q9BQE3;Q71U36;P68363;P0DPH8;P0DPH7;Q9NY65;Q6PEY2,PT_D3_96,PT_D3_96,PRETERM,D3,2,0.0,EXPLICIT_ZERO,false
PXD064962_UCD_EVENT,University College Dublin / Conway Institute,protein_groups,325,LFQ intensity T_D1_133_1_S1-A6_6651,LFQ intensity T_D1_133_1_S1-A6_6651:325,T_D1_133_1_S1-A6_6651,P68363,P68366;Q9BQE3;Q71U36;P68363;P0DPH8;P0DPH7;Q9NY65;Q6PEY2,T_D1_133,T_D1_133,TERM,D1,1,0.0,EXPLICIT_ZERO,false
PXD064962_UCD_EVENT,University College Dublin / Conway Institute,protein_groups,325,LFQ intensity T_D1_133_1_S1-A6_6651,LFQ intensity T_D1_133_1_S1-A6_6651:325,T_D1_133_1_S1-A6_6651,P68366,P68366;Q9BQE3;Q71U36;P68363;P0DPH8;P0DPH7;Q9NY65;Q6PEY2,T_D1_133,T_D1_133,TERM,D1,1,0.0,EXPLICIT_ZERO,false
PXD064962_UCD_EVENT,University College Dublin / Conway Institute,protein_groups,325,LFQ intensity T_D1_133_1_S1-A6_6651,LFQ intensity T_D1_133_1_S1-A6_6651:325,T_D1_133_1_S1-A6_6651,Q9NY65,P68366;Q9BQE3;Q71U36;P68363;P0DPH8;P0DPH7;Q9NY65;Q6PEY2,T_D1_133,T_D1_133,TERM,D1,1,0.0,EXPLICIT_ZERO,false
PXD064962_UCD_EVENT,University College Dublin / Conway Institute,protein_groups,325,LFQ intensity T_D1_133_2_S1-B6_6652,LFQ intensity T_D1_133_2_S1-B6_6652:325,T_D1_133_2_S1-B6_6652,P68363,P68366;Q9BQE3;Q71U36;P68363;P0DPH8;P0DPH7;Q9NY65;Q6PEY2,T_D1_133,T_D1_133,TERM,D1,2,0.0,EXPLICIT_ZERO,false
PXD064962_UCD_EVENT,University College Dublin / Conway Institute,protein_groups,325,LFQ intensity T_D1_133_2_S1-B6_6652,LFQ intensity T_D1_133_2_S1-B6_6652:325,T_D1_133_2_S1-B6_6652,P68366,P68366;Q9BQE3;Q71U36;P68363;P0DPH8;P0DPH7;Q9NY65;Q6PEY2,T_D1_133,T_D1_133,TERM,D1,2,0.0,EXPLICIT_ZERO,false
PXD064962_UCD_EVENT,University College Dublin / Conway Institute,protein_groups,325,LFQ intensity T_D1_133_2_S1-B6_6652,LFQ intensity T_D1_133_2_S1-B6_6652:325,T_D1_133_2_S1-B6_6652,Q9NY65,P68366;Q9BQE3;Q71U36;P68363;P0DPH8;P0DPH7;Q9NY65;Q6PEY2,T_D1_133,T_D1_133,TERM,D1,2,0.0,EXPLICIT_ZERO,false
PXD064962_UCD_EVENT,University College Dublin / Conway Institute,protein_groups,325,LFQ intensity T_D1_138_1_S1-G6_6697,LFQ intensity T_D1_138_1_S1-G6_6697:325,T_D1_138_1_S1-G6_6697,P68363,P68366;Q9BQE3;Q71U36;P68363;P0DPH8;P0DPH7;Q9NY65;Q6PEY2,T_D1_138,T_D1_138,TERM,D1,1,0.0,EXPLICIT_ZERO,false
PXD064962_UCD_EVENT,University College Dublin / Conway Institute,protein_groups,325,LFQ intensity T_D1_138_1_S1-G6_6697,LFQ intensity T_D1_138_1_S1-G6_6697:325,T_D1_138_1_S1-G6_6697,P68366,P68366;Q9BQE3;Q71U36;P68363;P0DPH8;P0DPH7;Q9NY65;Q6PEY2,T_D1_138,T_D1_138,TERM,D1,1,0.0,EXPLICIT_ZERO,false
PXD064962_UCD_EVENT,University College Dublin / Conway Institute,protein_groups,325,LFQ intensity T_D1_138_1_S1-G6_6697,LFQ intensity T_D1_138_1_S1-G6_6697:325,T_D1_138_1_S1-G6_6697,Q9NY65,P68366;Q9BQE3;Q71U36;P68363;P0DPH8;P0DPH7;Q9NY65;Q6PEY2,T_D1_138,T_D1_138,TERM,D1,1,0.0,EXPLICIT_ZERO,false
PXD064962_UCD_EVENT,University College Dublin / Conway Institute,protein_groups,325,LFQ intensity T_D1_138_2_S1-H6_6698,LFQ intensity T_D1_138_2_S1-H6_6698:325,T_D1_138_2_S1-H6_6698,P68363,P68366;Q9BQE3;Q71U36;P68363;P0DPH8;P0DPH7;Q9NY65;Q6PEY2,T_D1_138,T_D1_138,TERM,D1,2,0.0,EXPLICIT_ZERO,false
PXD064962_UCD_EVENT,University College Dublin / Conway Institute,protein_groups,325,LFQ intensity T_D1_138_2_S1-H6_6698,LFQ intensity T_D1_138_2_S1-H6_6698:325,T_D1_138_2_S1-H6_6698,P68366,P68366;Q9BQE3;Q71U36;P68363;P0DPH8;P0DPH7;Q9NY65;Q6PEY2,T_D1_138,T_D1_138,TERM,D1,2,0.0,EXPLICIT_ZERO,false
PXD064962_UCD_EVENT,University College Dublin / Conway Institute,protein_groups,325,LFQ intensity T_D1_138_2_S1-H6_6698,LFQ intensity T_D1_138_2_S1-H6_6698:325,T_D1_138_2_S1-H6_6698,Q9NY65,P68366;Q9BQE3;Q71U36;P68363;P0DPH8;P0DPH7;Q9NY65;Q6PEY2,T_D1_138,T_D1_138,TERM,D1,2,0.0,EXPLICIT_ZERO,false
PXD064962_UCD_EVENT,University College Dublin / Conway Institute,protein_groups,325,LFQ intensity T_D1_165_1_S1-A7_6653,LFQ intensity T_D1_165_1_S1-A7_6653:325,T_D1_165_1_S1-A7_6653,P68363,P68366;Q9BQE3;Q71U36;P68363;P0DPH8;P0DPH7;Q9NY65;Q6PEY2,T_D1_165,T_D1_165,TERM,D1,1,0.0,EXPLICIT_ZERO,false
PXD064962_UCD_EVENT,University College Dublin / Conway Institute,protein_groups,325,LFQ intensity T_D1_165_1_S1-A7_6653,LFQ intensity T_D1_165_1_S1-A7_6653:325,T_D1_165_1_S1-A7_6653,P68366,P68366;Q9BQE3;Q71U36;P68363;P0DPH8;P0DPH7;Q9NY65;Q6PEY2,T_D1_165,T_D1_165,TERM,D1,1,0.0,EXPLICIT_ZERO,false
PXD064962_UCD_EVENT,University College Dublin / Conway Institute,protein_groups,325,LFQ intensity T_D1_165_1_S1-A7_6653,LFQ intensity T_D1_165_1_S1-A7_6653:325,T_D1_165_1_S1-A7_6653,Q9NY65,P68366;Q9BQE3;Q71U36;P68363;P0DPH8;P0DPH7;Q9NY65;Q6PEY2,T_D1_165,T_D1_165,TERM,D1,1,0.0,EXPLICIT_ZERO,false
PXD064962_UCD_EVENT,University College Dublin / Conway Institute,protein_groups,325,LFQ intensity T_D1_165_2_S1-B7_6654,LFQ intensity T_D1_165_2_S1-B7_6654:325,T_D1_165_2_S1-B7_6654,P68363,P68366;Q9BQE3;Q71U36;P68363;P0DPH8;P0DPH7;Q9NY65;Q6PEY2,T_D1_165,T_D1_165,TERM,D1,2,0.0,EXPLICIT_ZERO,false
PXD064962_UCD_EVENT,University College Dublin / Conway Institute,protein_groups,325,LFQ intensity T_D1_165_2_S1-B7_6654,LFQ intensity T_D1_165_2_S1-B7_6654:325,T_D1_165_2_S1-B7_6654,P68366,P68366;Q9BQE3;Q71U36;P68363;P0DPH8;P0DPH7;Q9NY65;Q6PEY2,T_D1_165,T_D1_165,TERM,D1,2,0.0,EXPLICIT_ZERO,false
PXD064962_UCD_EVENT,University College Dublin / Conway Institute,protein_groups,325,LFQ intensity T_D1_165_2_S1-B7_6654,LFQ intensity T_D1_165_2_S1-B7_6654:325,T_D1_165_2_S1-B7_6654,Q9NY65,P68366;Q9BQE3;Q71U36;P68363;P0DPH8;P0DPH7;Q9NY65;Q6PEY2,T_D1_165,T_D1_165,TERM,D1,2,0.0,EXPLICIT_ZERO,false
PXD064962_UCD_EVENT,University College Dublin / Conway Institute,protein_groups,325,LFQ intensity T_D1_173_1_S1-E6_6683,LFQ intensity T_D1_173_1_S1-E6_6683:325,T_D1_173_1_S1-E6_6683,P68363,P68366;Q9BQE3;Q71U36;P68363;P0DPH8;P0DPH7;Q9NY65;Q6PEY2,T_D1_173,T_D1_173,TERM,D1,1,0.0,EXPLICIT_ZERO,false
PXD064962_UCD_EVENT,University College Dublin / Conway Institute,protein_groups,325,LFQ intensity T_D1_173_1_S1-E6_6683,LFQ intensity T_D1_173_1_S1-E6_6683:325,T_D1_173_1_S1-E6_6683,P68366,P68366;Q9BQE3;Q71U36;P68363;P0DPH8;P0DPH7;Q9NY65;Q6PEY2,T_D1_173,T_D1_173,TERM,D1,1,0.0,EXPLICIT_ZERO,false
PXD064962_UCD_EVENT,University College Dublin / Conway Institute,protein_groups,325,LFQ intensity T_D1_173_1_S1-E6_6683,LFQ intensity T_D1_173_1_S1-E6_6683:325,T_D1_173_1_S1-E6_6683,Q9NY65,P68366;Q9BQE3;Q71U36;P68363;P0DPH8;P0DPH7;Q9NY65;Q6PEY2,T_D1_173,T_D1_173,TERM,D1,1,0.0,EXPLICIT_ZERO,false
PXD064962_UCD_EVENT,University College Dublin / Conway Institute,protein_groups,325,LFQ intensity T_D1_173_2_S1-F6_6684,LFQ intensity T_D1_173_2_S1-F6_6684:325,T_D1_173_2_S1-F6_6684,P68363,P68366;Q9BQE3;Q71U36;P68363;P0DPH8;P0DPH7;Q9NY65;Q6PEY2,T_D1_173,T_D1_173,TERM,D1,2,0.0,EXPLICIT_ZERO,false
PXD064962_UCD_EVENT,University College Dublin / Conway Institute,protein_groups,325,LFQ intensity T_D1_173_2_S1-F6_6684,LFQ intensity T_D1_173_2_S1-F6_6684:325,T_D1_173_2_S1-F6_6684,P68366,P68366;Q9BQE3;Q71U36;P68363;P0DPH8;P0DPH7;Q9NY65;Q6PEY2,T_D1_173,T_D1_173,TERM,D1,2,0.0,EXPLICIT_ZERO,false
PXD064962_UCD_EVENT,University College Dublin / Conway Institute,protein_groups,325,LFQ intensity T_D1_173_2_S1-F6_6684,LFQ intensity T_D1_173_2_S1-F6_6684:325,T_D1_173_2_S1-F6_6684,Q9NY65,P68366;Q9BQE3;Q71U36;P68363;P0DPH8;P0DPH7;Q9NY65;Q6PEY2,T_D1_173,T_D1_173,TERM,D1,2,0.0,EXPLICIT_ZERO,false
PXD064962_UCD_EVENT,University College Dublin / Conway Institute,protein_groups,325,LFQ intensity T_D1_186_1_S1-C6_6667,LFQ intensity T_D1_186_1_S1-C6_6667:325,T_D1_186_1_S1-C6_6667,P68363,P68366;Q9BQE3;Q71U36;P68363;P0DPH8;P0DPH7;Q9NY65;Q6PEY2,T_D1_186,T_D1_186,TERM,D1,1,0.0,EXPLICIT_ZERO,false
PXD064962_UCD_EVENT,University College Dublin / Conway Institute,protein_groups,325,LFQ intensity T_D1_186_1_S1-C6_6667,LFQ intensity T_D1_186_1_S1-C6_6667:325,T_D1_186_1_S1-C6_6667,P68366,P68366;Q9BQE3;Q71U36;P68363;P0DPH8;P0DPH7;Q9NY65;Q6PEY2,T_D1_186,T_D1_186,TERM,D1,1,0.0,EXPLICIT_ZERO,false
PXD064962_UCD_EVENT,University College Dublin / Conway Institute,protein_groups,325,LFQ intensity T_D1_186_1_S1-C6_6667,LFQ intensity T_D1_186_1_S1-C6_6667:325,T_D1_186_1_S1-C6_6667,Q9NY65,P68366;Q9BQE3;Q71U36;P68363;P0DPH8;P0DPH7;Q9NY65;Q6PEY2,T_D1_186,T_D1_186,TERM,D1,1,0.0,EXPLICIT_ZERO,false
PXD064962_UCD_EVENT,University College Dublin / Conway Institute,protein_groups,325,LFQ intensity T_D1_186_2_S1-D6_6668,LFQ intensity T_D1_186_2_S1-D6_6668:325,T_D1_186_2_S1-D6_6668,P68363,P68366;Q9BQE3;Q71U36;P68363;P0DPH8;P0DPH7;Q9NY65;Q6PEY2,T_D1_186,T_D1_186,TERM,D1,2,0.0,EXPLICIT_ZERO,false
PXD064962_UCD_EVENT,University College Dublin / Conway Institute,protein_groups,325,LFQ intensity T_D1_186_2_S1-D6_6668,LFQ intensity T_D1_186_2_S1-D6_6668:325,T_D1_186_2_S1-D6_6668,P68366,P68366;Q9BQE3;Q71U36;P68363;P0DPH8;P0DPH7;Q9NY65;Q6PEY2,T_D1_186,T_D1_186,TERM,D1,2,0.0,EXPLICIT_ZERO,false
PXD064962_UCD_EVENT,University College Dublin / Conway Institute,protein_groups,325,LFQ intensity T_D1_186_2_S1-D6_6668,LFQ intensity T_D1_186_2_S1-D6_6668:325,T_D1_186_2_S1-D6_6668,Q9NY65,P68366;Q9BQE3;Q71U36;P68363;P0DPH8;P0DPH7;Q9NY65;Q6PEY2,T_D1_186,T_D1_186,TERM,D1,2,0.0,EXPLICIT_ZERO,false
PXD064962_UCD_EVENT,University College Dublin / Conway Institute,protein_groups,325,LFQ intensity T_D3_119a_1_S1-E7_6685,LFQ intensity T_D3_119a_1_S1-E7_6685:325,T_D3_119a_1_S1-E7_6685,P68363,P68366;Q9BQE3;Q71U36;P68363;P0DPH8;P0DPH7;Q9NY65;Q6PEY2,T_D3_119a,T_D3_119a,TERM,D3,1,0.0,EXPLICIT_ZERO,false
PXD064962_UCD_EVENT,University College Dublin / Conway Institute,protein_groups,325,LFQ intensity T_D3_119a_1_S1-E7_6685,LFQ intensity T_D3_119a_1_S1-E7_6685:325,T_D3_119a_1_S1-E7_6685,P68366,P68366;Q9BQE3;Q71U36;P68363;P0DPH8;P0DPH7;Q9NY65;Q6PEY2,T_D3_119a,T_D3_119a,TERM,D3,1,0.0,EXPLICIT_ZERO,false
PXD064962_UCD_EVENT,University College Dublin / Conway Institute,protein_groups,325,LFQ intensity T_D3_119a_1_S1-E7_6685,LFQ intensity T_D3_119a_1_S1-E7_6685:325,T_D3_119a_1_S1-E7_6685,Q9NY65,P68366;Q9BQE3;Q71U36;P68363;P0DPH8;P0DPH7;Q9NY65;Q6PEY2,T_D3_119a,T_D3_119a,TERM,D3,1,0.0,EXPLICIT_ZERO,false
PXD064962_UCD_EVENT,University College Dublin / Conway Institute,protein_groups,325,LFQ intensity T_D3_119a_2_S1-F7_6686,LFQ intensity T_D3_119a_2_S1-F7_6686:325,T_D3_119a_2_S1-F7_6686,P68363,P68366;Q9BQE3;Q71U36;P68363;P0DPH8;P0DPH7;Q9NY65;Q6PEY2,T_D3_119a,T_D3_119a,TERM,D3,2,0.0,EXPLICIT_ZERO,false
PXD064962_UCD_EVENT,University College Dublin / Conway Institute,protein_groups,325,LFQ intensity T_D3_119a_2_S1-F7_6686,LFQ intensity T_D3_119a_2_S1-F7_6686:325,T_D3_119a_2_S1-F7_6686,P68366,P68366;Q9BQE3;Q71U36;P68363;P0DPH8;P0DPH7;Q9NY65;Q6PEY2,T_D3_119a,T_D3_119a,TERM,D3,2,0.0,EXPLICIT_ZERO,false
PXD064962_UCD_EVENT,University College Dublin / Conway Institute,protein_groups,325,LFQ intensity T_D3_119a_2_S1-F7_6686,LFQ intensity T_D3_119a_2_S1-F7_6686:325,T_D3_119a_2_S1-F7_6686,Q9NY65,P68366;Q9BQE3;Q71U36;P68363;P0DPH8;P0DPH7;Q9NY65;Q6PEY2,T_D3_119a,T_D3_119a,TERM,D3,2,0.0,EXPLICIT_ZERO,false
PXD064962_UCD_EVENT,University College Dublin / Conway Institute,protein_groups,325,LFQ intensity T_D3_119b_1_S1-A8_6655,LFQ intensity T_D3_119b_1_S1-A8_6655:325,T_D3_119b_1_S1-A8_6655,P68363,P68366;Q9BQE3;Q71U36;P68363;P0DPH8;P0DPH7;Q9NY65;Q6PEY2,T_D3_119b,T_D3_119b,TERM,D3,1,0.0,EXPLICIT_ZERO,false
PXD064962_UCD_EVENT,University College Dublin / Conway Institute,protein_groups,325,LFQ intensity T_D3_119b_1_S1-A8_6655,LFQ intensity T_D3_119b_1_S1-A8_6655:325,T_D3_119b_1_S1-A8_6655,P68366,P68366;Q9BQE3;Q71U36;P68363;P0DPH8;P0DPH7;Q9NY65;Q6PEY2,T_D3_119b,T_D3_119b,TERM,D3,1,0.0,EXPLICIT_ZERO,false
PXD064962_UCD_EVENT,University College Dublin / Conway Institute,protein_groups,325,LFQ intensity T_D3_119b_1_S1-A8_6655,LFQ intensity T_D3_119b_1_S1-A8_6655:325,T_D3_119b_1_S1-A8_6655,Q9NY65,P68366;Q9BQE3;Q71U36;P68363;P0DPH8;P0DPH7;Q9NY65;Q6PEY2,T_D3_119b,T_D3_119b,TERM,D3,1,0.0,EXPLICIT_ZERO,false
PXD064962_UCD_EVENT,University College Dublin / Conway Institute,protein_groups,325,LFQ intensity T_D3_119b_2_S1-B8_6656,LFQ intensity T_D3_119b_2_S1-B8_6656:325,T_D3_119b_2_S1-B8_6656,P68363,P68366;Q9BQE3;Q71U36;P68363;P0DPH8;P0DPH7;Q9NY65;Q6PEY2,T_D3_119b,T_D3_119b,TERM,D3,2,0.0,EXPLICIT_ZERO,false
PXD064962_UCD_EVENT,University College Dublin / Conway Institute,protein_groups,325,LFQ intensity T_D3_119b_2_S1-B8_6656,LFQ intensity T_D3_119b_2_S1-B8_6656:325,T_D3_119b_2_S1-B8_6656,P68366,P68366;Q9BQE3;Q71U36;P68363;P0DPH8;P0DPH7;Q9NY65;Q6PEY2,T_D3_119b,T_D3_119b,TERM,D3,2,0.0,EXPLICIT_ZERO,false
PXD064962_UCD_EVENT,University College Dublin / Conway Institute,protein_groups,325,LFQ intensity T_D3_119b_2_S1-B8_6656,LFQ intensity T_D3_119b_2_S1-B8_6656:325,T_D3_119b_2_S1-B8_6656,Q9NY65,P68366;Q9BQE3;Q71U36;P68363;P0DPH8;P0DPH7;Q9NY65;Q6PEY2,T_D3_119b,T_D3_119b,TERM,D3,2,0.0,EXPLICIT_ZERO,false
PXD064962_UCD_EVENT,University College Dublin / Conway Institute,protein_groups,325,LFQ intensity T_D3_155_1_S1-G7_6699,LFQ intensity T_D3_155_1_S1-G7_6699:325,T_D3_155_1_S1-G7_6699,P68363,P68366;Q9BQE3;Q71U36;P68363;P0DPH8;P0DPH7;Q9NY65;Q6PEY2,T_D3_155,T_D3_155,TERM,D3,1,0.0,EXPLICIT_ZERO,false
PXD064962_UCD_EVENT,University College Dublin / Conway Institute,protein_groups,325,LFQ intensity T_D3_155_1_S1-G7_6699,LFQ intensity T_D3_155_1_S1-G7_6699:325,T_D3_155_1_S1-G7_6699,P68366,P68366;Q9BQE3;Q71U36;P68363;P0DPH8;P0DPH7;Q9NY65;Q6PEY2,T_D3_155,T_D3_155,TERM,D3,1,0.0,EXPLICIT_ZERO,false
PXD064962_UCD_EVENT,University College Dublin / Conway Institute,protein_groups,325,LFQ intensity T_D3_155_1_S1-G7_6699,LFQ intensity T_D3_155_1_S1-G7_6699:325,T_D3_155_1_S1-G7_6699,Q9NY65,P68366;Q9BQE3;Q71U36;P68363;P0DPH8;P0DPH7;Q9NY65;Q6PEY2,T_D3_155,T_D3_155,TERM,D3,1,0.0,EXPLICIT_ZERO,false
PXD064962_UCD_EVENT,University College Dublin / Conway Institute,protein_groups,325,LFQ intensity T_D3_155_2_S1-H7_6700,LFQ intensity T_D3_155_2_S1-H7_6700:325,T_D3_155_2_S1-H7_6700,P68363,P68366;Q9BQE3;Q71U36;P68363;P0DPH8;P0DPH7;Q9NY65;Q6PEY2,T_D3_155,T_D3_155,TERM,D3,2,0.0,EXPLICIT_ZERO,false
PXD064962_UCD_EVENT,University College Dublin / Conway Institute,protein_groups,325,LFQ intensity T_D3_155_2_S1-H7_6700,LFQ intensity T_D3_155_2_S1-H7_6700:325,T_D3_155_2_S1-H7_6700,P68366,P68366;Q9BQE3;Q71U36;P68363;P0DPH8;P0DPH7;Q9NY65;Q6PEY2,T_D3_155,T_D3_155,TERM,D3,2,0.0,EXPLICIT_ZERO,false
PXD064962_UCD_EVENT,University College Dublin / Conway Institute,protein_groups,325,LFQ intensity T_D3_155_2_S1-H7_6700,LFQ intensity T_D3_155_2_S1-H7_6700:325,T_D3_155_2_S1-H7_6700,Q9NY65,P68366;Q9BQE3;Q71U36;P68363;P0DPH8;P0DPH7;Q9NY65;Q6PEY2,T_D3_155,T_D3_155,TERM,D3,2,0.0,EXPLICIT_ZERO,false
PXD064962_UCD_EVENT,University College Dublin / Conway Institute,protein_groups,325,LFQ intensity T_D3_178_1_S1-C7_6669,LFQ intensity T_D3_178_1_S1-C7_6669:325,T_D3_178_1_S1-C7_6669,P68363,P68366;Q9BQE3;Q71U36;P68363;P0DPH8;P0DPH7;Q9NY65;Q6PEY2,T_D3_178,T_D3_178,TERM,D3,1,0.0,EXPLICIT_ZERO,false
PXD064962_UCD_EVENT,University College Dublin / Conway Institute,protein_groups,325,LFQ intensity T_D3_178_1_S1-C7_6669,LFQ intensity T_D3_178_1_S1-C7_6669:325,T_D3_178_1_S1-C7_6669,P68366,P68366;Q9BQE3;Q71U36;P68363;P0DPH8;P0DPH7;Q9NY65;Q6PEY2,T_D3_178,T_D3_178,TERM,D3,1,0.0,EXPLICIT_ZERO,false
PXD064962_UCD_EVENT,University College Dublin / Conway Institute,protein_groups,325,LFQ intensity T_D3_178_1_S1-C7_6669,LFQ intensity T_D3_178_1_S1-C7_6669:325,T_D3_178_1_S1-C7_6669,Q9NY65,P68366;Q9BQE3;Q71U36;P68363;P0DPH8;P0DPH7;Q9NY65;Q6PEY2,T_D3_178,T_D3_178,TERM,D3,1,0.0,EXPLICIT_ZERO,false
PXD064962_UCD_EVENT,University College Dublin / Conway Institute,protein_groups,325,LFQ intensity T_D3_178_2_S1-D7_6670,LFQ intensity T_D3_178_2_S1-D7_6670:325,T_D3_178_2_S1-D7_6670,P68363,P68366;Q9BQE3;Q71U36;P68363;P0DPH8;P0DPH7;Q9NY65;Q6PEY2,T_D3_178,T_D3_178,TERM,D3,2,0.0,EXPLICIT_ZERO,false
PXD064962_UCD_EVENT,University College Dublin / Conway Institute,protein_groups,325,LFQ intensity T_D3_178_2_S1-D7_6670,LFQ intensity T_D3_178_2_S1-D7_6670:325,T_D3_178_2_S1-D7_6670,P68366,P68366;Q9BQE3;Q71U36;P68363;P0DPH8;P0DPH7;Q9NY65;Q6PEY2,T_D3_178,T_D3_178,TERM,D3,2,0.0,EXPLICIT_ZERO,false
PXD064962_UCD_EVENT,University College Dublin / Conway Institute,protein_groups,325,LFQ intensity T_D3_178_2_S1-D7_6670,LFQ intensity T_D3_178_2_S1-D7_6670:325,T_D3_178_2_S1-D7_6670,Q9NY65,P68366;Q9BQE3;Q71U36;P68363;P0DPH8;P0DPH7;Q9NY65;Q6PEY2,T_D3_178,T_D3_178,TERM,D3,2,0.0,EXPLICIT_ZERO,false
PXD064962_UCD_EVENT,University College Dublin / Conway Institute,protein_groups,325,LFQ intensity T_D3_198_1_S1-C8_6671,LFQ intensity T_D3_198_1_S1-C8_6671:325,T_D3_198_1_S1-C8_6671,P68363,P68366;Q9BQE3;Q71U36;P68363;P0DPH8;P0DPH7;Q9NY65;Q6PEY2,T_D3_198,T_D3_198,TERM,D3,1,0.0,EXPLICIT_ZERO,false
PXD064962_UCD_EVENT,University College Dublin / Conway Institute,protein_groups,325,LFQ intensity T_D3_198_1_S1-C8_6671,LFQ intensity T_D3_198_1_S1-C8_6671:325,T_D3_198_1_S1-C8_6671,P68366,P68366;Q9BQE3;Q71U36;P68363;P0DPH8;P0DPH7;Q9NY65;Q6PEY2,T_D3_198,T_D3_198,TERM,D3,1,0.0,EXPLICIT_ZERO,false
PXD064962_UCD_EVENT,University College Dublin / Conway Institute,protein_groups,325,LFQ intensity T_D3_198_1_S1-C8_6671,LFQ intensity T_D3_198_1_S1-C8_6671:325,T_D3_198_1_S1-C8_6671,Q9NY65,P68366;Q9BQE3;Q71U36;P68363;P0DPH8;P0DPH7;Q9NY65;Q6PEY2,T_D3_198,T_D3_198,TERM,D3,1,0.0,EXPLICIT_ZERO,false
PXD064962_UCD_EVENT,University College Dublin / Conway Institute,protein_groups,325,LFQ intensity T_D3_198_2_S1-D8_6672,LFQ intensity T_D3_198_2_S1-D8_6672:325,T_D3_198_2_S1-D8_6672,P68363,P68366;Q9BQE3;Q71U36;P68363;P0DPH8;P0DPH7;Q9NY65;Q6PEY2,T_D3_198,T_D3_198,TERM,D3,2,0.0,EXPLICIT_ZERO,false
PXD064962_UCD_EVENT,University College Dublin / Conway Institute,protein_groups,325,LFQ intensity T_D3_198_2_S1-D8_6672,LFQ intensity T_D3_198_2_S1-D8_6672:325,T_D3_198_2_S1-D8_6672,P68366,P68366;Q9BQE3;Q71U36;P68363;P0DPH8;P0DPH7;Q9NY65;Q6PEY2,T_D3_198,T_D3_198,TERM,D3,2,0.0,EXPLICIT_ZERO,false
PXD064962_UCD_EVENT,University College Dublin / Conway Institute,protein_groups,325,LFQ intensity T_D3_198_2_S1-D8_6672,LFQ intensity T_D3_198_2_S1-D8_6672:325,T_D3_198_2_S1-D8_6672,Q9NY65,P68366;Q9BQE3;Q71U36;P68363;P0DPH8;P0DPH7;Q9NY65;Q6PEY2,T_D3_198,T_D3_198,TERM,D3,2,0.0,EXPLICIT_ZERO,false
PXD064962_UCD_EVENT,University College Dublin / Conway Institute,protein_groups,385,LFQ intensity PT_D1_16_1_S1-A1_6641,LFQ intensity PT_D1_16_1_S1-A1_6641:385,PT_D1_16_1_S1-A1_6641,Q9HDC9,Q9HDC9,PT_D1_16,PT_D1_16,PRETERM,D1,1,52658.0,POSITIVE,true
PXD064962_UCD_EVENT,University College Dublin / Conway Institute,protein_groups,385,LFQ intensity PT_D1_16_2_S1-B1_6642,LFQ intensity PT_D1_16_2_S1-B1_6642:385,PT_D1_16_2_S1-B1_6642,Q9HDC9,Q9HDC9,PT_D1_16,PT_D1_16,PRETERM,D1,2,60546.0,POSITIVE,true
PXD064962_UCD_EVENT,University College Dublin / Conway Institute,protein_groups,385,LFQ intensity PT_D1_18_1_S1-C1_6657,LFQ intensity PT_D1_18_1_S1-C1_6657:385,PT_D1_18_1_S1-C1_6657,Q9HDC9,Q9HDC9,PT_D1_18,PT_D1_18,PRETERM,D1,1,22975.0,POSITIVE,true
PXD064962_UCD_EVENT,University College Dublin / Conway Institute,protein_groups,385,LFQ intensity PT_D1_18_2_S1-D1_6658,LFQ intensity PT_D1_18_2_S1-D1_6658:385,PT_D1_18_2_S1-D1_6658,Q9HDC9,Q9HDC9,PT_D1_18,PT_D1_18,PRETERM,D1,2,0.0,EXPLICIT_ZERO,false
PXD064962_UCD_EVENT,University College Dublin / Conway Institute,protein_groups,385,LFQ intensity PT_D1_20_1_S1-E1_6673,LFQ intensity PT_D1_20_1_S1-E1_6673:385,PT_D1_20_1_S1-E1_6673,Q9HDC9,Q9HDC9,PT_D1_20,PT_D1_20,PRETERM,D1,1,30191.0,POSITIVE,true
PXD064962_UCD_EVENT,University College Dublin / Conway Institute,protein_groups,385,LFQ intensity PT_D1_20_2_S1-F1_6674,LFQ intensity PT_D1_20_2_S1-F1_6674:385,PT_D1_20_2_S1-F1_6674,Q9HDC9,Q9HDC9,PT_D1_20,PT_D1_20,PRETERM,D1,2,29473.0,POSITIVE,true
PXD064962_UCD_EVENT,University College Dublin / Conway Institute,protein_groups,385,LFQ intensity PT_D1_23_1_S1-G1_6687,LFQ intensity PT_D1_23_1_S1-G1_6687:385,PT_D1_23_1_S1-G1_6687,Q9HDC9,Q9HDC9,PT_D1_23,PT_D1_23,PRETERM,D1,1,28294.0,POSITIVE,true
PXD064962_UCD_EVENT,University College Dublin / Conway Institute,protein_groups,385,LFQ intensity PT_D1_23_2_S1-H1_6688,LFQ intensity PT_D1_23_2_S1-H1_6688:385,PT_D1_23_2_S1-H1_6688,Q9HDC9,Q9HDC9,PT_D1_23,PT_D1_23,PRETERM,D1,2,24597.0,POSITIVE,true
PXD064962_UCD_EVENT,University College Dublin / Conway Institute,protein_groups,385,LFQ intensity PT_D1_33_1_S1-A2_6643,LFQ intensity PT_D1_33_1_S1-A2_6643:385,PT_D1_33_1_S1-A2_6643,Q9HDC9,Q9HDC9,PT_D1_33,PT_D1_33,PRETERM,D1,1,38841.0,POSITIVE,true
PXD064962_UCD_EVENT,University College Dublin / Conway Institute,protein_groups,385,LFQ intensity PT_D1_33_2_S1-B2_6644,LFQ intensity PT_D1_33_2_S1-B2_6644:385,PT_D1_33_2_S1-B2_6644,Q9HDC9,Q9HDC9,PT_D1_33,PT_D1_33,PRETERM,D1,2,42701.0,POSITIVE,true
PXD064962_UCD_EVENT,University College Dublin / Conway Institute,protein_groups,385,LFQ intensity PT_D1_34_1_S1-C2_6659,LFQ intensity PT_D1_34_1_S1-C2_6659:385,PT_D1_34_1_S1-C2_6659,Q9HDC9,Q9HDC9,PT_D1_34,PT_D1_34,PRETERM,D1,1,14298.0,POSITIVE,true
PXD064962_UCD_EVENT,University College Dublin / Conway Institute,protein_groups,385,LFQ intensity PT_D1_34_2_S1-D2_6660,LFQ intensity PT_D1_34_2_S1-D2_6660:385,PT_D1_34_2_S1-D2_6660,Q9HDC9,Q9HDC9,PT_D1_34,PT_D1_34,PRETERM,D1,2,43049.0,POSITIVE,true
PXD064962_UCD_EVENT,University College Dublin / Conway Institute,protein_groups,385,LFQ intensity PT_D1_48_1_S1-E2_6675,LFQ intensity PT_D1_48_1_S1-E2_6675:385,PT_D1_48_1_S1-E2_6675,Q9HDC9,Q9HDC9,PT_D1_48,PT_D1_48,PRETERM,D1,1,38684.0,POSITIVE,true
PXD064962_UCD_EVENT,University College Dublin / Conway Institute,protein_groups,385,LFQ intensity PT_D1_48_2_S1-F2_6676,LFQ intensity PT_D1_48_2_S1-F2_6676:385,PT_D1_48_2_S1-F2_6676,Q9HDC9,Q9HDC9,PT_D1_48,PT_D1_48,PRETERM,D1,2,18962.0,POSITIVE,true
PXD064962_UCD_EVENT,University College Dublin / Conway Institute,protein_groups,385,LFQ intensity PT_D1_51_1_S1-G2_6689,LFQ intensity PT_D1_51_1_S1-G2_6689:385,PT_D1_51_1_S1-G2_6689,Q9HDC9,Q9HDC9,PT_D1_51,PT_D1_51,PRETERM,D1,1,40593.0,POSITIVE,true
PXD064962_UCD_EVENT,University College Dublin / Conway Institute,protein_groups,385,LFQ intensity PT_D1_51_2_S1-H2_6690,LFQ intensity PT_D1_51_2_S1-H2_6690:385,PT_D1_51_2_S1-H2_6690,Q9HDC9,Q9HDC9,PT_D1_51,PT_D1_51,PRETERM,D1,2,38624.0,POSITIVE,true
PXD064962_UCD_EVENT,University College Dublin / Conway Institute,protein_groups,385,LFQ intensity PT_D1_73_1_S1-A3_6645,LFQ intensity PT_D1_73_1_S1-A3_6645:385,PT_D1_73_1_S1-A3_6645,Q9HDC9,Q9HDC9,PT_D1_73,PT_D1_73,PRETERM,D1,1,31259.0,POSITIVE,true
PXD064962_UCD_EVENT,University College Dublin / Conway Institute,protein_groups,385,LFQ intensity PT_D1_73_2_S1-B3_6646,LFQ intensity PT_D1_73_2_S1-B3_6646:385,PT_D1_73_2_S1-B3_6646,Q9HDC9,Q9HDC9,PT_D1_73,PT_D1_73,PRETERM,D1,2,42058.0,POSITIVE,true
PXD064962_UCD_EVENT,University College Dublin / Conway Institute,protein_groups,385,LFQ intensity PT_D1_81_1_S1-C3_6661,LFQ intensity PT_D1_81_1_S1-C3_6661:385,PT_D1_81_1_S1-C3_6661,Q9HDC9,Q9HDC9,PT_D1_81,PT_D1_81,PRETERM,D1,1,50151.0,POSITIVE,true
PXD064962_UCD_EVENT,University College Dublin / Conway Institute,protein_groups,385,LFQ intensity PT_D1_81_2_S1-D3_6662,LFQ intensity PT_D1_81_2_S1-D3_6662:385,PT_D1_81_2_S1-D3_6662,Q9HDC9,Q9HDC9,PT_D1_81,PT_D1_81,PRETERM,D1,2,61841.0,POSITIVE,true
PXD064962_UCD_EVENT,University College Dublin / Conway Institute,protein_groups,385,LFQ intensity PT_D3_06_1_S1-E5_6681,LFQ intensity PT_D3_06_1_S1-E5_6681:385,PT_D3_06_1_S1-E5_6681,Q9HDC9,Q9HDC9,PT_D3_06,PT_D3_06,PRETERM,D3,1,63952.0,POSITIVE,true
PXD064962_UCD_EVENT,University College Dublin / Conway Institute,protein_groups,385,LFQ intensity PT_D3_06_2_S1-F5_6682,LFQ intensity PT_D3_06_2_S1-F5_6682:385,PT_D3_06_2_S1-F5_6682,Q9HDC9,Q9HDC9,PT_D3_06,PT_D3_06,PRETERM,D3,2,61047.0,POSITIVE,true
PXD064962_UCD_EVENT,University College Dublin / Conway Institute,protein_groups,385,LFQ intensity PT_D3_14_1_S1-C5_6665,LFQ intensity PT_D3_14_1_S1-C5_6665:385,PT_D3_14_1_S1-C5_6665,Q9HDC9,Q9HDC9,PT_D3_14,PT_D3_14,PRETERM,D3,1,78631.0,POSITIVE,true
PXD064962_UCD_EVENT,University College Dublin / Conway Institute,protein_groups,385,LFQ intensity PT_D3_14_2_S1-D5_6666,LFQ intensity PT_D3_14_2_S1-D5_6666:385,PT_D3_14_2_S1-D5_6666,Q9HDC9,Q9HDC9,PT_D3_14,PT_D3_14,PRETERM,D3,2,62745.0,POSITIVE,true
PXD064962_UCD_EVENT,University College Dublin / Conway Institute,protein_groups,385,LFQ intensity PT_D3_22_1_S1-C4_6663,LFQ intensity PT_D3_22_1_S1-C4_6663:385,PT_D3_22_1_S1-C4_6663,Q9HDC9,Q9HDC9,PT_D3_22,PT_D3_22,PRETERM,D3,1,47553.0,POSITIVE,true
PXD064962_UCD_EVENT,University College Dublin / Conway Institute,protein_groups,385,LFQ intensity PT_D3_22_2_S1-D4_6664,LFQ intensity PT_D3_22_2_S1-D4_6664:385,PT_D3_22_2_S1-D4_6664,Q9HDC9,Q9HDC9,PT_D3_22,PT_D3_22,PRETERM,D3,2,48098.0,POSITIVE,true
PXD064962_UCD_EVENT,University College Dublin / Conway Institute,protein_groups,385,LFQ intensity PT_D3_28_1_S1-A5_6649,LFQ intensity PT_D3_28_1_S1-A5_6649:385,PT_D3_28_1_S1-A5_6649,Q9HDC9,Q9HDC9,PT_D3_28,PT_D3_28,PRETERM,D3,1,15408.0,POSITIVE,true
PXD064962_UCD_EVENT,University College Dublin / Conway Institute,protein_groups,385,LFQ intensity PT_D3_28_2_S1-B5_6650,LFQ intensity PT_D3_28_2_S1-B5_6650:385,PT_D3_28_2_S1-B5_6650,Q9HDC9,Q9HDC9,PT_D3_28,PT_D3_28,PRETERM,D3,2,0.0,EXPLICIT_ZERO,false
PXD064962_UCD_EVENT,University College Dublin / Conway Institute,protein_groups,385,LFQ intensity PT_D3_30_1_S1-E3_6677,LFQ intensity PT_D3_30_1_S1-E3_6677:385,PT_D3_30_1_S1-E3_6677,Q9HDC9,Q9HDC9,PT_D3_30,PT_D3_30,PRETERM,D3,1,49050.0,POSITIVE,true
PXD064962_UCD_EVENT,University College Dublin / Conway Institute,protein_groups,385,LFQ intensity PT_D3_30_2_S1-F3_6678,LFQ intensity PT_D3_30_2_S1-F3_6678:385,PT_D3_30_2_S1-F3_6678,Q9HDC9,Q9HDC9,PT_D3_30,PT_D3_30,PRETERM,D3,2,63481.0,POSITIVE,true
PXD064962_UCD_EVENT,University College Dublin / Conway Institute,protein_groups,385,LFQ intensity PT_D3_37_1_S1-G5_6695,LFQ intensity PT_D3_37_1_S1-G5_6695:385,PT_D3_37_1_S1-G5_6695,Q9HDC9,Q9HDC9,PT_D3_37,PT_D3_37,PRETERM,D3,1,78456.0,POSITIVE,true
PXD064962_UCD_EVENT,University College Dublin / Conway Institute,protein_groups,385,LFQ intensity PT_D3_37_2_S1-H5_6696,LFQ intensity PT_D3_37_2_S1-H5_6696:385,PT_D3_37_2_S1-H5_6696,Q9HDC9,Q9HDC9,PT_D3_37,PT_D3_37,PRETERM,D3,2,57798.0,POSITIVE,true
PXD064962_UCD_EVENT,University College Dublin / Conway Institute,protein_groups,385,LFQ intensity PT_D3_41_1_S1-G3_6691,LFQ intensity PT_D3_41_1_S1-G3_6691:385,PT_D3_41_1_S1-G3_6691,Q9HDC9,Q9HDC9,PT_D3_41,PT_D3_41,PRETERM,D3,1,46614.0,POSITIVE,true
PXD064962_UCD_EVENT,University College Dublin / Conway Institute,protein_groups,385,LFQ intensity PT_D3_41_2_S1-H3_6692,LFQ intensity PT_D3_41_2_S1-H3_6692:385,PT_D3_41_2_S1-H3_6692,Q9HDC9,Q9HDC9,PT_D3_41,PT_D3_41,PRETERM,D3,2,42832.0,POSITIVE,true
PXD064962_UCD_EVENT,University College Dublin / Conway Institute,protein_groups,385,LFQ intensity PT_D3_42_1_S1-G4_6693,LFQ intensity PT_D3_42_1_S1-G4_6693:385,PT_D3_42_1_S1-G4_6693,Q9HDC9,Q9HDC9,PT_D3_42,PT_D3_42,PRETERM,D3,1,121910.0,POSITIVE,true
PXD064962_UCD_EVENT,University College Dublin / Conway Institute,protein_groups,385,LFQ intensity PT_D3_42_2_S1-H4_6694,LFQ intensity PT_D3_42_2_S1-H4_6694:385,PT_D3_42_2_S1-H4_6694,Q9HDC9,Q9HDC9,PT_D3_42,PT_D3_42,PRETERM,D3,2,76997.0,POSITIVE,true
PXD064962_UCD_EVENT,University College Dublin / Conway Institute,protein_groups,385,LFQ intensity PT_D3_85_1_S1-E4_6679,LFQ intensity PT_D3_85_1_S1-E4_6679:385,PT_D3_85_1_S1-E4_6679,Q9HDC9,Q9HDC9,PT_D3_85,PT_D3_85,PRETERM,D3,1,42401.0,POSITIVE,true
PXD064962_UCD_EVENT,University College Dublin / Conway Institute,protein_groups,385,LFQ intensity PT_D3_85_2_S1-F4_6680,LFQ intensity PT_D3_85_2_S1-F4_6680:385,PT_D3_85_2_S1-F4_6680,Q9HDC9,Q9HDC9,PT_D3_85,PT_D3_85,PRETERM,D3,2,70721.0,POSITIVE,true
PXD064962_UCD_EVENT,University College Dublin / Conway Institute,protein_groups,385,LFQ intensity PT_D3_96_1_S1-A4_6647,LFQ intensity PT_D3_96_1_S1-A4_6647:385,PT_D3_96_1_S1-A4_6647,Q9HDC9,Q9HDC9,PT_D3_96,PT_D3_96,PRETERM,D3,1,42437.0,POSITIVE,true
PXD064962_UCD_EVENT,University College Dublin / Conway Institute,protein_groups,385,LFQ intensity PT_D3_96_2_S1-B4_6648,LFQ intensity PT_D3_96_2_S1-B4_6648:385,PT_D3_96_2_S1-B4_6648,Q9HDC9,Q9HDC9,PT_D3_96,PT_D3_96,PRETERM,D3,2,43773.0,POSITIVE,true
PXD064962_UCD_EVENT,University College Dublin / Conway Institute,protein_groups,385,LFQ intensity T_D1_133_1_S1-A6_6651,LFQ intensity T_D1_133_1_S1-A6_6651:385,T_D1_133_1_S1-A6_6651,Q9HDC9,Q9HDC9,T_D1_133,T_D1_133,TERM,D1,1,37807.0,POSITIVE,true
PXD064962_UCD_EVENT,University College Dublin / Conway Institute,protein_groups,385,LFQ intensity T_D1_133_2_S1-B6_6652,LFQ intensity T_D1_133_2_S1-B6_6652:385,T_D1_133_2_S1-B6_6652,Q9HDC9,Q9HDC9,T_D1_133,T_D1_133,TERM,D1,2,37931.0,POSITIVE,true
PXD064962_UCD_EVENT,University College Dublin / Conway Institute,protein_groups,385,LFQ intensity T_D1_138_1_S1-G6_6697,LFQ intensity T_D1_138_1_S1-G6_6697:385,T_D1_138_1_S1-G6_6697,Q9HDC9,Q9HDC9,T_D1_138,T_D1_138,TERM,D1,1,60025.0,POSITIVE,true
PXD064962_UCD_EVENT,University College Dublin / Conway Institute,protein_groups,385,LFQ intensity T_D1_138_2_S1-H6_6698,LFQ intensity T_D1_138_2_S1-H6_6698:385,T_D1_138_2_S1-H6_6698,Q9HDC9,Q9HDC9,T_D1_138,T_D1_138,TERM,D1,2,50337.0,POSITIVE,true
PXD064962_UCD_EVENT,University College Dublin / Conway Institute,protein_groups,385,LFQ intensity T_D1_165_1_S1-A7_6653,LFQ intensity T_D1_165_1_S1-A7_6653:385,T_D1_165_1_S1-A7_6653,Q9HDC9,Q9HDC9,T_D1_165,T_D1_165,TERM,D1,1,64283.0,POSITIVE,true
PXD064962_UCD_EVENT,University College Dublin / Conway Institute,protein_groups,385,LFQ intensity T_D1_165_2_S1-B7_6654,LFQ intensity T_D1_165_2_S1-B7_6654:385,T_D1_165_2_S1-B7_6654,Q9HDC9,Q9HDC9,T_D1_165,T_D1_165,TERM,D1,2,42348.0,POSITIVE,true
PXD064962_UCD_EVENT,University College Dublin / Conway Institute,protein_groups,385,LFQ intensity T_D1_173_1_S1-E6_6683,LFQ intensity T_D1_173_1_S1-E6_6683:385,T_D1_173_1_S1-E6_6683,Q9HDC9,Q9HDC9,T_D1_173,T_D1_173,TERM,D1,1,57857.0,POSITIVE,true
PXD064962_UCD_EVENT,University College Dublin / Conway Institute,protein_groups,385,LFQ intensity T_D1_173_2_S1-F6_6684,LFQ intensity T_D1_173_2_S1-F6_6684:385,T_D1_173_2_S1-F6_6684,Q9HDC9,Q9HDC9,T_D1_173,T_D1_173,TERM,D1,2,54324.0,POSITIVE,true
PXD064962_UCD_EVENT,University College Dublin / Conway Institute,protein_groups,385,LFQ intensity T_D1_186_1_S1-C6_6667,LFQ intensity T_D1_186_1_S1-C6_6667:385,T_D1_186_1_S1-C6_6667,Q9HDC9,Q9HDC9,T_D1_186,T_D1_186,TERM,D1,1,57706.0,POSITIVE,true
PXD064962_UCD_EVENT,University College Dublin / Conway Institute,protein_groups,385,LFQ intensity T_D1_186_2_S1-D6_6668,LFQ intensity T_D1_186_2_S1-D6_6668:385,T_D1_186_2_S1-D6_6668,Q9HDC9,Q9HDC9,T_D1_186,T_D1_186,TERM,D1,2,50964.0,POSITIVE,true
PXD064962_UCD_EVENT,University College Dublin / Conway Institute,protein_groups,385,LFQ intensity T_D3_119a_1_S1-E7_6685,LFQ intensity T_D3_119a_1_S1-E7_6685:385,T_D3_119a_1_S1-E7_6685,Q9HDC9,Q9HDC9,T_D3_119a,T_D3_119a,TERM,D3,1,82916.0,POSITIVE,true
PXD064962_UCD_EVENT,University College Dublin / Conway Institute,protein_groups,385,LFQ intensity T_D3_119a_2_S1-F7_6686,LFQ intensity T_D3_119a_2_S1-F7_6686:385,T_D3_119a_2_S1-F7_6686,Q9HDC9,Q9HDC9,T_D3_119a,T_D3_119a,TERM,D3,2,79003.0,POSITIVE,true
PXD064962_UCD_EVENT,University College Dublin / Conway Institute,protein_groups,385,LFQ intensity T_D3_119b_1_S1-A8_6655,LFQ intensity T_D3_119b_1_S1-A8_6655:385,T_D3_119b_1_S1-A8_6655,Q9HDC9,Q9HDC9,T_D3_119b,T_D3_119b,TERM,D3,1,57727.0,POSITIVE,true
PXD064962_UCD_EVENT,University College Dublin / Conway Institute,protein_groups,385,LFQ intensity T_D3_119b_2_S1-B8_6656,LFQ intensity T_D3_119b_2_S1-B8_6656:385,T_D3_119b_2_S1-B8_6656,Q9HDC9,Q9HDC9,T_D3_119b,T_D3_119b,TERM,D3,2,50293.0,POSITIVE,true
PXD064962_UCD_EVENT,University College Dublin / Conway Institute,protein_groups,385,LFQ intensity T_D3_155_1_S1-G7_6699,LFQ intensity T_D3_155_1_S1-G7_6699:385,T_D3_155_1_S1-G7_6699,Q9HDC9,Q9HDC9,T_D3_155,T_D3_155,TERM,D3,1,34475.0,POSITIVE,true
PXD064962_UCD_EVENT,University College Dublin / Conway Institute,protein_groups,385,LFQ intensity T_D3_155_2_S1-H7_6700,LFQ intensity T_D3_155_2_S1-H7_6700:385,T_D3_155_2_S1-H7_6700,Q9HDC9,Q9HDC9,T_D3_155,T_D3_155,TERM,D3,2,35342.0,POSITIVE,true
PXD064962_UCD_EVENT,University College Dublin / Conway Institute,protein_groups,385,LFQ intensity T_D3_178_1_S1-C7_6669,LFQ intensity T_D3_178_1_S1-C7_6669:385,T_D3_178_1_S1-C7_6669,Q9HDC9,Q9HDC9,T_D3_178,T_D3_178,TERM,D3,1,34240.0,POSITIVE,true
PXD064962_UCD_EVENT,University College Dublin / Conway Institute,protein_groups,385,LFQ intensity T_D3_178_2_S1-D7_6670,LFQ intensity T_D3_178_2_S1-D7_6670:385,T_D3_178_2_S1-D7_6670,Q9HDC9,Q9HDC9,T_D3_178,T_D3_178,TERM,D3,2,33853.0,POSITIVE,true
PXD064962_UCD_EVENT,University College Dublin / Conway Institute,protein_groups,385,LFQ intensity T_D3_198_1_S1-C8_6671,LFQ intensity T_D3_198_1_S1-C8_6671:385,T_D3_198_1_S1-C8_6671,Q9HDC9,Q9HDC9,T_D3_198,T_D3_198,TERM,D3,1,23350.0,POSITIVE,true
PXD064962_UCD_EVENT,University College Dublin / Conway Institute,protein_groups,385,LFQ intensity T_D3_198_2_S1-D8_6672,LFQ intensity T_D3_198_2_S1-D8_6672:385,T_D3_198_2_S1-D8_6672,Q9HDC9,Q9HDC9,T_D3_198,T_D3_198,TERM,D3,2,22795.0,POSITIVE,true
