source_id,canonical_accession,source_identifier,source_analysis_unit_id,source_asset_id,source_worksheet,source_row,source_coordinate
PXD017052_SEER_BROAD,Q04695,CON__Q04695;Q04695;F5GWP8;CON__Q9QWL7;CON__P19001,PXD017052:Sheet1:159:EXP18102_X1066_A_MSB37240A,supplementary_data_2_lfq,Sheet1,159,Sheet1!BO159
PXD017052_SEER_BROAD,Q04695,CON__Q04695;Q04695;F5GWP8;CON__Q9QWL7;CON__P19001,PXD017052:Sheet1:159:EXP18102_X1067_A_MSB37241A,supplementary_data_2_lfq,Sheet1,159,Sheet1!BP159
PXD017052_SEER_BROAD,Q04695,CON__Q04695;Q04695;F5GWP8;CON__Q9QWL7;CON__P19001,PXD017052:Sheet1:159:EXP18102_X1068_A_MSB37242A,supplementary_data_2_lfq,Sheet1,159,Sheet1!BQ159
PXD017052_SEER_BROAD,Q04695,CON__Q04695;Q04695;F5GWP8;CON__Q9QWL7;CON__P19001,PXD017052:Sheet1:159:EXP18102_X1108_A_MSB37282A,supplementary_data_2_lfq,Sheet1,159,Sheet1!BR159
PXD017052_SEER_BROAD,Q04695,CON__Q04695;Q04695;F5GWP8;CON__Q9QWL7;CON__P19001,PXD017052:Sheet1:159:EXP18102_X1109_A_MSB37283A,supplementary_data_2_lfq,Sheet1,159,Sheet1!BS159
PXD017052_SEER_BROAD,Q04695,CON__Q04695;Q04695;F5GWP8;CON__Q9QWL7;CON__P19001,PXD017052:Sheet1:159:EXP18102_X1110_B_MSB37284B,supplementary_data_2_lfq,Sheet1,159,Sheet1!BT159
PXD017052_SEER_BROAD,Q04695,CON__Q04695;Q04695;F5GWP8;CON__Q9QWL7;CON__P19001,PXD017052:Sheet1:159:EXP18102_X1114_A_MSB37288A,supplementary_data_2_lfq,Sheet1,159,Sheet1!BU159
PXD017052_SEER_BROAD,Q04695,CON__Q04695;Q04695;F5GWP8;CON__Q9QWL7;CON__P19001,PXD017052:Sheet1:159:EXP18102_X1115_A_MSB37289A,supplementary_data_2_lfq,Sheet1,159,Sheet1!BV159
PXD017052_SEER_BROAD,Q04695,CON__Q04695;Q04695;F5GWP8;CON__Q9QWL7;CON__P19001,PXD017052:Sheet1:159:EXP18102_X1116_A_MSB37290A,supplementary_data_2_lfq,Sheet1,159,Sheet1!BW159
PXD017052_SEER_BROAD,Q9NQC3,F8W914;Q9NQC3-2;Q9NQC3-5;Q9NQC3;Q9NQC3-4;Q9NQC3-6,PXD017052:Sheet1:218:EXP18102_X1066_A_MSB37240A,supplementary_data_2_lfq,Sheet1,218,Sheet1!BO218
PXD017052_SEER_BROAD,Q9NQC3,F8W914;Q9NQC3-2;Q9NQC3-5;Q9NQC3;Q9NQC3-4;Q9NQC3-6,PXD017052:Sheet1:218:EXP18102_X1067_A_MSB37241A,supplementary_data_2_lfq,Sheet1,218,Sheet1!BP218
PXD017052_SEER_BROAD,Q9NQC3,F8W914;Q9NQC3-2;Q9NQC3-5;Q9NQC3;Q9NQC3-4;Q9NQC3-6,PXD017052:Sheet1:218:EXP18102_X1068_A_MSB37242A,supplementary_data_2_lfq,Sheet1,218,Sheet1!BQ218
PXD017052_SEER_BROAD,Q9NQC3,F8W914;Q9NQC3-2;Q9NQC3-5;Q9NQC3;Q9NQC3-4;Q9NQC3-6,PXD017052:Sheet1:218:EXP18102_X1108_A_MSB37282A,supplementary_data_2_lfq,Sheet1,218,Sheet1!BR218
PXD017052_SEER_BROAD,Q9NQC3,F8W914;Q9NQC3-2;Q9NQC3-5;Q9NQC3;Q9NQC3-4;Q9NQC3-6,PXD017052:Sheet1:218:EXP18102_X1109_A_MSB37283A,supplementary_data_2_lfq,Sheet1,218,Sheet1!BS218
PXD017052_SEER_BROAD,Q9NQC3,F8W914;Q9NQC3-2;Q9NQC3-5;Q9NQC3;Q9NQC3-4;Q9NQC3-6,PXD017052:Sheet1:218:EXP18102_X1110_B_MSB37284B,supplementary_data_2_lfq,Sheet1,218,Sheet1!BT218
PXD017052_SEER_BROAD,Q9NQC3,F8W914;Q9NQC3-2;Q9NQC3-5;Q9NQC3;Q9NQC3-4;Q9NQC3-6,PXD017052:Sheet1:218:EXP18102_X1114_A_MSB37288A,supplementary_data_2_lfq,Sheet1,218,Sheet1!BU218
PXD017052_SEER_BROAD,Q9NQC3,F8W914;Q9NQC3-2;Q9NQC3-5;Q9NQC3;Q9NQC3-4;Q9NQC3-6,PXD017052:Sheet1:218:EXP18102_X1115_A_MSB37289A,supplementary_data_2_lfq,Sheet1,218,Sheet1!BV218
PXD017052_SEER_BROAD,Q9NQC3,F8W914;Q9NQC3-2;Q9NQC3-5;Q9NQC3;Q9NQC3-4;Q9NQC3-6,PXD017052:Sheet1:218:EXP18102_X1116_A_MSB37290A,supplementary_data_2_lfq,Sheet1,218,Sheet1!BW218
PXD017052_SEER_BROAD,O00151,O00151,PXD017052:Sheet1:256:EXP18102_X1066_A_MSB37240A,supplementary_data_2_lfq,Sheet1,256,Sheet1!BO256
PXD017052_SEER_BROAD,O00151,O00151,PXD017052:Sheet1:256:EXP18102_X1067_A_MSB37241A,supplementary_data_2_lfq,Sheet1,256,Sheet1!BP256
PXD017052_SEER_BROAD,O00151,O00151,PXD017052:Sheet1:256:EXP18102_X1068_A_MSB37242A,supplementary_data_2_lfq,Sheet1,256,Sheet1!BQ256
PXD017052_SEER_BROAD,O00151,O00151,PXD017052:Sheet1:256:EXP18102_X1108_A_MSB37282A,supplementary_data_2_lfq,Sheet1,256,Sheet1!BR256
PXD017052_SEER_BROAD,O00151,O00151,PXD017052:Sheet1:256:EXP18102_X1109_A_MSB37283A,supplementary_data_2_lfq,Sheet1,256,Sheet1!BS256
PXD017052_SEER_BROAD,O00151,O00151,PXD017052:Sheet1:256:EXP18102_X1110_B_MSB37284B,supplementary_data_2_lfq,Sheet1,256,Sheet1!BT256
PXD017052_SEER_BROAD,O00151,O00151,PXD017052:Sheet1:256:EXP18102_X1114_A_MSB37288A,supplementary_data_2_lfq,Sheet1,256,Sheet1!BU256
PXD017052_SEER_BROAD,O00151,O00151,PXD017052:Sheet1:256:EXP18102_X1115_A_MSB37289A,supplementary_data_2_lfq,Sheet1,256,Sheet1!BV256
PXD017052_SEER_BROAD,O00151,O00151,PXD017052:Sheet1:256:EXP18102_X1116_A_MSB37290A,supplementary_data_2_lfq,Sheet1,256,Sheet1!BW256
PXD017052_SEER_BROAD,O00187,O00187;O00187-2,PXD017052:Sheet1:257:EXP18102_X1066_A_MSB37240A,supplementary_data_2_lfq,Sheet1,257,Sheet1!BO257
PXD017052_SEER_BROAD,O00187,O00187;O00187-2,PXD017052:Sheet1:257:EXP18102_X1067_A_MSB37241A,supplementary_data_2_lfq,Sheet1,257,Sheet1!BP257
PXD017052_SEER_BROAD,O00187,O00187;O00187-2,PXD017052:Sheet1:257:EXP18102_X1068_A_MSB37242A,supplementary_data_2_lfq,Sheet1,257,Sheet1!BQ257
PXD017052_SEER_BROAD,O00187,O00187;O00187-2,PXD017052:Sheet1:257:EXP18102_X1108_A_MSB37282A,supplementary_data_2_lfq,Sheet1,257,Sheet1!BR257
PXD017052_SEER_BROAD,O00187,O00187;O00187-2,PXD017052:Sheet1:257:EXP18102_X1109_A_MSB37283A,supplementary_data_2_lfq,Sheet1,257,Sheet1!BS257
PXD017052_SEER_BROAD,O00187,O00187;O00187-2,PXD017052:Sheet1:257:EXP18102_X1110_B_MSB37284B,supplementary_data_2_lfq,Sheet1,257,Sheet1!BT257
PXD017052_SEER_BROAD,O00187,O00187;O00187-2,PXD017052:Sheet1:257:EXP18102_X1114_A_MSB37288A,supplementary_data_2_lfq,Sheet1,257,Sheet1!BU257
PXD017052_SEER_BROAD,O00187,O00187;O00187-2,PXD017052:Sheet1:257:EXP18102_X1115_A_MSB37289A,supplementary_data_2_lfq,Sheet1,257,Sheet1!BV257
PXD017052_SEER_BROAD,O00187,O00187;O00187-2,PXD017052:Sheet1:257:EXP18102_X1116_A_MSB37290A,supplementary_data_2_lfq,Sheet1,257,Sheet1!BW257
PXD017052_SEER_BROAD,O00264,O00264,PXD017052:Sheet1:259:EXP18102_X1066_A_MSB37240A,supplementary_data_2_lfq,Sheet1,259,Sheet1!BO259
PXD017052_SEER_BROAD,O00264,O00264,PXD017052:Sheet1:259:EXP18102_X1067_A_MSB37241A,supplementary_data_2_lfq,Sheet1,259,Sheet1!BP259
PXD017052_SEER_BROAD,O00264,O00264,PXD017052:Sheet1:259:EXP18102_X1068_A_MSB37242A,supplementary_data_2_lfq,Sheet1,259,Sheet1!BQ259
PXD017052_SEER_BROAD,O00264,O00264,PXD017052:Sheet1:259:EXP18102_X1108_A_MSB37282A,supplementary_data_2_lfq,Sheet1,259,Sheet1!BR259
PXD017052_SEER_BROAD,O00264,O00264,PXD017052:Sheet1:259:EXP18102_X1109_A_MSB37283A,supplementary_data_2_lfq,Sheet1,259,Sheet1!BS259
PXD017052_SEER_BROAD,O00264,O00264,PXD017052:Sheet1:259:EXP18102_X1110_B_MSB37284B,supplementary_data_2_lfq,Sheet1,259,Sheet1!BT259
PXD017052_SEER_BROAD,O00264,O00264,PXD017052:Sheet1:259:EXP18102_X1114_A_MSB37288A,supplementary_data_2_lfq,Sheet1,259,Sheet1!BU259
PXD017052_SEER_BROAD,O00264,O00264,PXD017052:Sheet1:259:EXP18102_X1115_A_MSB37289A,supplementary_data_2_lfq,Sheet1,259,Sheet1!BV259
PXD017052_SEER_BROAD,O00264,O00264,PXD017052:Sheet1:259:EXP18102_X1116_A_MSB37290A,supplementary_data_2_lfq,Sheet1,259,Sheet1!BW259
PXD017052_SEER_BROAD,O00299,O00299,PXD017052:Sheet1:260:EXP18102_X1066_A_MSB37240A,supplementary_data_2_lfq,Sheet1,260,Sheet1!BO260
PXD017052_SEER_BROAD,O00299,O00299,PXD017052:Sheet1:260:EXP18102_X1067_A_MSB37241A,supplementary_data_2_lfq,Sheet1,260,Sheet1!BP260
PXD017052_SEER_BROAD,O00299,O00299,PXD017052:Sheet1:260:EXP18102_X1068_A_MSB37242A,supplementary_data_2_lfq,Sheet1,260,Sheet1!BQ260
PXD017052_SEER_BROAD,O00299,O00299,PXD017052:Sheet1:260:EXP18102_X1108_A_MSB37282A,supplementary_data_2_lfq,Sheet1,260,Sheet1!BR260
PXD017052_SEER_BROAD,O00299,O00299,PXD017052:Sheet1:260:EXP18102_X1109_A_MSB37283A,supplementary_data_2_lfq,Sheet1,260,Sheet1!BS260
PXD017052_SEER_BROAD,O00299,O00299,PXD017052:Sheet1:260:EXP18102_X1110_B_MSB37284B,supplementary_data_2_lfq,Sheet1,260,Sheet1!BT260
PXD017052_SEER_BROAD,O00299,O00299,PXD017052:Sheet1:260:EXP18102_X1114_A_MSB37288A,supplementary_data_2_lfq,Sheet1,260,Sheet1!BU260
PXD017052_SEER_BROAD,O00299,O00299,PXD017052:Sheet1:260:EXP18102_X1115_A_MSB37289A,supplementary_data_2_lfq,Sheet1,260,Sheet1!BV260
PXD017052_SEER_BROAD,O00299,O00299,PXD017052:Sheet1:260:EXP18102_X1116_A_MSB37290A,supplementary_data_2_lfq,Sheet1,260,Sheet1!BW260
PXD017052_SEER_BROAD,O00410,O00410-2;O00410;O00410-3,PXD017052:Sheet1:262:EXP18102_X1066_A_MSB37240A,supplementary_data_2_lfq,Sheet1,262,Sheet1!BO262
PXD017052_SEER_BROAD,O00410,O00410-2;O00410;O00410-3,PXD017052:Sheet1:262:EXP18102_X1067_A_MSB37241A,supplementary_data_2_lfq,Sheet1,262,Sheet1!BP262
PXD017052_SEER_BROAD,O00410,O00410-2;O00410;O00410-3,PXD017052:Sheet1:262:EXP18102_X1068_A_MSB37242A,supplementary_data_2_lfq,Sheet1,262,Sheet1!BQ262
PXD017052_SEER_BROAD,O00410,O00410-2;O00410;O00410-3,PXD017052:Sheet1:262:EXP18102_X1108_A_MSB37282A,supplementary_data_2_lfq,Sheet1,262,Sheet1!BR262
PXD017052_SEER_BROAD,O00410,O00410-2;O00410;O00410-3,PXD017052:Sheet1:262:EXP18102_X1109_A_MSB37283A,supplementary_data_2_lfq,Sheet1,262,Sheet1!BS262
PXD017052_SEER_BROAD,O00410,O00410-2;O00410;O00410-3,PXD017052:Sheet1:262:EXP18102_X1110_B_MSB37284B,supplementary_data_2_lfq,Sheet1,262,Sheet1!BT262
PXD017052_SEER_BROAD,O00410,O00410-2;O00410;O00410-3,PXD017052:Sheet1:262:EXP18102_X1114_A_MSB37288A,supplementary_data_2_lfq,Sheet1,262,Sheet1!BU262
PXD017052_SEER_BROAD,O00410,O00410-2;O00410;O00410-3,PXD017052:Sheet1:262:EXP18102_X1115_A_MSB37289A,supplementary_data_2_lfq,Sheet1,262,Sheet1!BV262
PXD017052_SEER_BROAD,O00410,O00410-2;O00410;O00410-3,PXD017052:Sheet1:262:EXP18102_X1116_A_MSB37290A,supplementary_data_2_lfq,Sheet1,262,Sheet1!BW262
PXD017052_SEER_BROAD,O15145,O15145,PXD017052:Sheet1:269:EXP18102_X1066_A_MSB37240A,supplementary_data_2_lfq,Sheet1,269,Sheet1!BO269
PXD017052_SEER_BROAD,O15145,O15145,PXD017052:Sheet1:269:EXP18102_X1067_A_MSB37241A,supplementary_data_2_lfq,Sheet1,269,Sheet1!BP269
PXD017052_SEER_BROAD,O15145,O15145,PXD017052:Sheet1:269:EXP18102_X1068_A_MSB37242A,supplementary_data_2_lfq,Sheet1,269,Sheet1!BQ269
PXD017052_SEER_BROAD,O15145,O15145,PXD017052:Sheet1:269:EXP18102_X1108_A_MSB37282A,supplementary_data_2_lfq,Sheet1,269,Sheet1!BR269
PXD017052_SEER_BROAD,O15145,O15145,PXD017052:Sheet1:269:EXP18102_X1109_A_MSB37283A,supplementary_data_2_lfq,Sheet1,269,Sheet1!BS269
PXD017052_SEER_BROAD,O15145,O15145,PXD017052:Sheet1:269:EXP18102_X1110_B_MSB37284B,supplementary_data_2_lfq,Sheet1,269,Sheet1!BT269
PXD017052_SEER_BROAD,O15145,O15145,PXD017052:Sheet1:269:EXP18102_X1114_A_MSB37288A,supplementary_data_2_lfq,Sheet1,269,Sheet1!BU269
PXD017052_SEER_BROAD,O15145,O15145,PXD017052:Sheet1:269:EXP18102_X1115_A_MSB37289A,supplementary_data_2_lfq,Sheet1,269,Sheet1!BV269
PXD017052_SEER_BROAD,O15145,O15145,PXD017052:Sheet1:269:EXP18102_X1116_A_MSB37290A,supplementary_data_2_lfq,Sheet1,269,Sheet1!BW269
PXD017052_SEER_BROAD,O75083,O75083;O75083-3,PXD017052:Sheet1:293:EXP18102_X1066_A_MSB37240A,supplementary_data_2_lfq,Sheet1,293,Sheet1!BO293
PXD017052_SEER_BROAD,O75083,O75083;O75083-3,PXD017052:Sheet1:293:EXP18102_X1067_A_MSB37241A,supplementary_data_2_lfq,Sheet1,293,Sheet1!BP293
PXD017052_SEER_BROAD,O75083,O75083;O75083-3,PXD017052:Sheet1:293:EXP18102_X1068_A_MSB37242A,supplementary_data_2_lfq,Sheet1,293,Sheet1!BQ293
PXD017052_SEER_BROAD,O75083,O75083;O75083-3,PXD017052:Sheet1:293:EXP18102_X1108_A_MSB37282A,supplementary_data_2_lfq,Sheet1,293,Sheet1!BR293
PXD017052_SEER_BROAD,O75083,O75083;O75083-3,PXD017052:Sheet1:293:EXP18102_X1109_A_MSB37283A,supplementary_data_2_lfq,Sheet1,293,Sheet1!BS293
PXD017052_SEER_BROAD,O75083,O75083;O75083-3,PXD017052:Sheet1:293:EXP18102_X1110_B_MSB37284B,supplementary_data_2_lfq,Sheet1,293,Sheet1!BT293
PXD017052_SEER_BROAD,O75083,O75083;O75083-3,PXD017052:Sheet1:293:EXP18102_X1114_A_MSB37288A,supplementary_data_2_lfq,Sheet1,293,Sheet1!BU293
PXD017052_SEER_BROAD,O75083,O75083;O75083-3,PXD017052:Sheet1:293:EXP18102_X1115_A_MSB37289A,supplementary_data_2_lfq,Sheet1,293,Sheet1!BV293
PXD017052_SEER_BROAD,O75083,O75083;O75083-3,PXD017052:Sheet1:293:EXP18102_X1116_A_MSB37290A,supplementary_data_2_lfq,Sheet1,293,Sheet1!BW293
PXD017052_SEER_BROAD,O75531,O75531,PXD017052:Sheet1:294:EXP18102_X1066_A_MSB37240A,supplementary_data_2_lfq,Sheet1,294,Sheet1!BO294
PXD017052_SEER_BROAD,O75531,O75531,PXD017052:Sheet1:294:EXP18102_X1067_A_MSB37241A,supplementary_data_2_lfq,Sheet1,294,Sheet1!BP294
PXD017052_SEER_BROAD,O75531,O75531,PXD017052:Sheet1:294:EXP18102_X1068_A_MSB37242A,supplementary_data_2_lfq,Sheet1,294,Sheet1!BQ294
PXD017052_SEER_BROAD,O75531,O75531,PXD017052:Sheet1:294:EXP18102_X1108_A_MSB37282A,supplementary_data_2_lfq,Sheet1,294,Sheet1!BR294
PXD017052_SEER_BROAD,O75531,O75531,PXD017052:Sheet1:294:EXP18102_X1109_A_MSB37283A,supplementary_data_2_lfq,Sheet1,294,Sheet1!BS294
PXD017052_SEER_BROAD,O75531,O75531,PXD017052:Sheet1:294:EXP18102_X1110_B_MSB37284B,supplementary_data_2_lfq,Sheet1,294,Sheet1!BT294
PXD017052_SEER_BROAD,O75531,O75531,PXD017052:Sheet1:294:EXP18102_X1114_A_MSB37288A,supplementary_data_2_lfq,Sheet1,294,Sheet1!BU294
PXD017052_SEER_BROAD,O75531,O75531,PXD017052:Sheet1:294:EXP18102_X1115_A_MSB37289A,supplementary_data_2_lfq,Sheet1,294,Sheet1!BV294
PXD017052_SEER_BROAD,O75531,O75531,PXD017052:Sheet1:294:EXP18102_X1116_A_MSB37290A,supplementary_data_2_lfq,Sheet1,294,Sheet1!BW294
PXD017052_SEER_BROAD,P00387,P00387-2;P00387;P00387-3,PXD017052:Sheet1:306:EXP18102_X1066_A_MSB37240A,supplementary_data_2_lfq,Sheet1,306,Sheet1!BO306
PXD017052_SEER_BROAD,P00387,P00387-2;P00387;P00387-3,PXD017052:Sheet1:306:EXP18102_X1067_A_MSB37241A,supplementary_data_2_lfq,Sheet1,306,Sheet1!BP306
PXD017052_SEER_BROAD,P00387,P00387-2;P00387;P00387-3,PXD017052:Sheet1:306:EXP18102_X1068_A_MSB37242A,supplementary_data_2_lfq,Sheet1,306,Sheet1!BQ306
PXD017052_SEER_BROAD,P00387,P00387-2;P00387;P00387-3,PXD017052:Sheet1:306:EXP18102_X1108_A_MSB37282A,supplementary_data_2_lfq,Sheet1,306,Sheet1!BR306
PXD017052_SEER_BROAD,P00387,P00387-2;P00387;P00387-3,PXD017052:Sheet1:306:EXP18102_X1109_A_MSB37283A,supplementary_data_2_lfq,Sheet1,306,Sheet1!BS306
PXD017052_SEER_BROAD,P00387,P00387-2;P00387;P00387-3,PXD017052:Sheet1:306:EXP18102_X1110_B_MSB37284B,supplementary_data_2_lfq,Sheet1,306,Sheet1!BT306
PXD017052_SEER_BROAD,P00387,P00387-2;P00387;P00387-3,PXD017052:Sheet1:306:EXP18102_X1114_A_MSB37288A,supplementary_data_2_lfq,Sheet1,306,Sheet1!BU306
PXD017052_SEER_BROAD,P00387,P00387-2;P00387;P00387-3,PXD017052:Sheet1:306:EXP18102_X1115_A_MSB37289A,supplementary_data_2_lfq,Sheet1,306,Sheet1!BV306
PXD017052_SEER_BROAD,P00387,P00387-2;P00387;P00387-3,PXD017052:Sheet1:306:EXP18102_X1116_A_MSB37290A,supplementary_data_2_lfq,Sheet1,306,Sheet1!BW306
PXD017052_SEER_BROAD,P00403,P00403,PXD017052:Sheet1:307:EXP18102_X1066_A_MSB37240A,supplementary_data_2_lfq,Sheet1,307,Sheet1!BO307
PXD017052_SEER_BROAD,P00403,P00403,PXD017052:Sheet1:307:EXP18102_X1067_A_MSB37241A,supplementary_data_2_lfq,Sheet1,307,Sheet1!BP307
PXD017052_SEER_BROAD,P00403,P00403,PXD017052:Sheet1:307:EXP18102_X1068_A_MSB37242A,supplementary_data_2_lfq,Sheet1,307,Sheet1!BQ307
PXD017052_SEER_BROAD,P00403,P00403,PXD017052:Sheet1:307:EXP18102_X1108_A_MSB37282A,supplementary_data_2_lfq,Sheet1,307,Sheet1!BR307
PXD017052_SEER_BROAD,P00403,P00403,PXD017052:Sheet1:307:EXP18102_X1109_A_MSB37283A,supplementary_data_2_lfq,Sheet1,307,Sheet1!BS307
PXD017052_SEER_BROAD,P00403,P00403,PXD017052:Sheet1:307:EXP18102_X1110_B_MSB37284B,supplementary_data_2_lfq,Sheet1,307,Sheet1!BT307
PXD017052_SEER_BROAD,P00403,P00403,PXD017052:Sheet1:307:EXP18102_X1114_A_MSB37288A,supplementary_data_2_lfq,Sheet1,307,Sheet1!BU307
PXD017052_SEER_BROAD,P00403,P00403,PXD017052:Sheet1:307:EXP18102_X1115_A_MSB37289A,supplementary_data_2_lfq,Sheet1,307,Sheet1!BV307
PXD017052_SEER_BROAD,P00403,P00403,PXD017052:Sheet1:307:EXP18102_X1116_A_MSB37290A,supplementary_data_2_lfq,Sheet1,307,Sheet1!BW307
PXD017052_SEER_BROAD,P01275,P01275,PXD017052:Sheet1:330:EXP18102_X1066_A_MSB37240A,supplementary_data_2_lfq,Sheet1,330,Sheet1!BO330
PXD017052_SEER_BROAD,P01275,P01275,PXD017052:Sheet1:330:EXP18102_X1067_A_MSB37241A,supplementary_data_2_lfq,Sheet1,330,Sheet1!BP330
PXD017052_SEER_BROAD,P01275,P01275,PXD017052:Sheet1:330:EXP18102_X1068_A_MSB37242A,supplementary_data_2_lfq,Sheet1,330,Sheet1!BQ330
PXD017052_SEER_BROAD,P01275,P01275,PXD017052:Sheet1:330:EXP18102_X1108_A_MSB37282A,supplementary_data_2_lfq,Sheet1,330,Sheet1!BR330
PXD017052_SEER_BROAD,P01275,P01275,PXD017052:Sheet1:330:EXP18102_X1109_A_MSB37283A,supplementary_data_2_lfq,Sheet1,330,Sheet1!BS330
PXD017052_SEER_BROAD,P01275,P01275,PXD017052:Sheet1:330:EXP18102_X1110_B_MSB37284B,supplementary_data_2_lfq,Sheet1,330,Sheet1!BT330
PXD017052_SEER_BROAD,P01275,P01275,PXD017052:Sheet1:330:EXP18102_X1114_A_MSB37288A,supplementary_data_2_lfq,Sheet1,330,Sheet1!BU330
PXD017052_SEER_BROAD,P01275,P01275,PXD017052:Sheet1:330:EXP18102_X1115_A_MSB37289A,supplementary_data_2_lfq,Sheet1,330,Sheet1!BV330
PXD017052_SEER_BROAD,P01275,P01275,PXD017052:Sheet1:330:EXP18102_X1116_A_MSB37290A,supplementary_data_2_lfq,Sheet1,330,Sheet1!BW330
PXD017052_SEER_BROAD,P04004,P04004;CON__Q3ZBS7,PXD017052:Sheet1:381:EXP18102_X1066_A_MSB37240A,supplementary_data_2_lfq,Sheet1,381,Sheet1!BO381
PXD017052_SEER_BROAD,P04004,P04004;CON__Q3ZBS7,PXD017052:Sheet1:381:EXP18102_X1067_A_MSB37241A,supplementary_data_2_lfq,Sheet1,381,Sheet1!BP381
PXD017052_SEER_BROAD,P04004,P04004;CON__Q3ZBS7,PXD017052:Sheet1:381:EXP18102_X1068_A_MSB37242A,supplementary_data_2_lfq,Sheet1,381,Sheet1!BQ381
PXD017052_SEER_BROAD,P04004,P04004;CON__Q3ZBS7,PXD017052:Sheet1:381:EXP18102_X1108_A_MSB37282A,supplementary_data_2_lfq,Sheet1,381,Sheet1!BR381
PXD017052_SEER_BROAD,P04004,P04004;CON__Q3ZBS7,PXD017052:Sheet1:381:EXP18102_X1109_A_MSB37283A,supplementary_data_2_lfq,Sheet1,381,Sheet1!BS381
PXD017052_SEER_BROAD,P04004,P04004;CON__Q3ZBS7,PXD017052:Sheet1:381:EXP18102_X1110_B_MSB37284B,supplementary_data_2_lfq,Sheet1,381,Sheet1!BT381
PXD017052_SEER_BROAD,P04004,P04004;CON__Q3ZBS7,PXD017052:Sheet1:381:EXP18102_X1114_A_MSB37288A,supplementary_data_2_lfq,Sheet1,381,Sheet1!BU381
PXD017052_SEER_BROAD,P04004,P04004;CON__Q3ZBS7,PXD017052:Sheet1:381:EXP18102_X1115_A_MSB37289A,supplementary_data_2_lfq,Sheet1,381,Sheet1!BV381
PXD017052_SEER_BROAD,P04004,P04004;CON__Q3ZBS7,PXD017052:Sheet1:381:EXP18102_X1116_A_MSB37290A,supplementary_data_2_lfq,Sheet1,381,Sheet1!BW381
PXD017052_SEER_BROAD,P04264,P04264;CON__P04264,PXD017052:Sheet1:389:EXP18102_X1066_A_MSB37240A,supplementary_data_2_lfq,Sheet1,389,Sheet1!BO389
PXD017052_SEER_BROAD,P04264,P04264;CON__P04264,PXD017052:Sheet1:389:EXP18102_X1067_A_MSB37241A,supplementary_data_2_lfq,Sheet1,389,Sheet1!BP389
PXD017052_SEER_BROAD,P04264,P04264;CON__P04264,PXD017052:Sheet1:389:EXP18102_X1068_A_MSB37242A,supplementary_data_2_lfq,Sheet1,389,Sheet1!BQ389
PXD017052_SEER_BROAD,P04264,P04264;CON__P04264,PXD017052:Sheet1:389:EXP18102_X1108_A_MSB37282A,supplementary_data_2_lfq,Sheet1,389,Sheet1!BR389
PXD017052_SEER_BROAD,P04264,P04264;CON__P04264,PXD017052:Sheet1:389:EXP18102_X1109_A_MSB37283A,supplementary_data_2_lfq,Sheet1,389,Sheet1!BS389
PXD017052_SEER_BROAD,P04264,P04264;CON__P04264,PXD017052:Sheet1:389:EXP18102_X1110_B_MSB37284B,supplementary_data_2_lfq,Sheet1,389,Sheet1!BT389
PXD017052_SEER_BROAD,P04264,P04264;CON__P04264,PXD017052:Sheet1:389:EXP18102_X1114_A_MSB37288A,supplementary_data_2_lfq,Sheet1,389,Sheet1!BU389
PXD017052_SEER_BROAD,P04264,P04264;CON__P04264,PXD017052:Sheet1:389:EXP18102_X1115_A_MSB37289A,supplementary_data_2_lfq,Sheet1,389,Sheet1!BV389
PXD017052_SEER_BROAD,P04264,P04264;CON__P04264,PXD017052:Sheet1:389:EXP18102_X1116_A_MSB37290A,supplementary_data_2_lfq,Sheet1,389,Sheet1!BW389
PXD017052_SEER_BROAD,P04844,P04844-2;P04844,PXD017052:Sheet1:394:EXP18102_X1066_A_MSB37240A,supplementary_data_2_lfq,Sheet1,394,Sheet1!BO394
PXD017052_SEER_BROAD,P04844,P04844-2;P04844,PXD017052:Sheet1:394:EXP18102_X1067_A_MSB37241A,supplementary_data_2_lfq,Sheet1,394,Sheet1!BP394
PXD017052_SEER_BROAD,P04844,P04844-2;P04844,PXD017052:Sheet1:394:EXP18102_X1068_A_MSB37242A,supplementary_data_2_lfq,Sheet1,394,Sheet1!BQ394
PXD017052_SEER_BROAD,P04844,P04844-2;P04844,PXD017052:Sheet1:394:EXP18102_X1108_A_MSB37282A,supplementary_data_2_lfq,Sheet1,394,Sheet1!BR394
PXD017052_SEER_BROAD,P04844,P04844-2;P04844,PXD017052:Sheet1:394:EXP18102_X1109_A_MSB37283A,supplementary_data_2_lfq,Sheet1,394,Sheet1!BS394
PXD017052_SEER_BROAD,P04844,P04844-2;P04844,PXD017052:Sheet1:394:EXP18102_X1110_B_MSB37284B,supplementary_data_2_lfq,Sheet1,394,Sheet1!BT394
PXD017052_SEER_BROAD,P04844,P04844-2;P04844,PXD017052:Sheet1:394:EXP18102_X1114_A_MSB37288A,supplementary_data_2_lfq,Sheet1,394,Sheet1!BU394
PXD017052_SEER_BROAD,P04844,P04844-2;P04844,PXD017052:Sheet1:394:EXP18102_X1115_A_MSB37289A,supplementary_data_2_lfq,Sheet1,394,Sheet1!BV394
PXD017052_SEER_BROAD,P04844,P04844-2;P04844,PXD017052:Sheet1:394:EXP18102_X1116_A_MSB37290A,supplementary_data_2_lfq,Sheet1,394,Sheet1!BW394
PXD017052_SEER_BROAD,P05023,P05023-2;P05023-4;P05023,PXD017052:Sheet1:396:EXP18102_X1066_A_MSB37240A,supplementary_data_2_lfq,Sheet1,396,Sheet1!BO396
PXD017052_SEER_BROAD,P05023,P05023-2;P05023-4;P05023,PXD017052:Sheet1:396:EXP18102_X1067_A_MSB37241A,supplementary_data_2_lfq,Sheet1,396,Sheet1!BP396
PXD017052_SEER_BROAD,P05023,P05023-2;P05023-4;P05023,PXD017052:Sheet1:396:EXP18102_X1068_A_MSB37242A,supplementary_data_2_lfq,Sheet1,396,Sheet1!BQ396
PXD017052_SEER_BROAD,P05023,P05023-2;P05023-4;P05023,PXD017052:Sheet1:396:EXP18102_X1108_A_MSB37282A,supplementary_data_2_lfq,Sheet1,396,Sheet1!BR396
PXD017052_SEER_BROAD,P05023,P05023-2;P05023-4;P05023,PXD017052:Sheet1:396:EXP18102_X1109_A_MSB37283A,supplementary_data_2_lfq,Sheet1,396,Sheet1!BS396
PXD017052_SEER_BROAD,P05023,P05023-2;P05023-4;P05023,PXD017052:Sheet1:396:EXP18102_X1110_B_MSB37284B,supplementary_data_2_lfq,Sheet1,396,Sheet1!BT396
PXD017052_SEER_BROAD,P05023,P05023-2;P05023-4;P05023,PXD017052:Sheet1:396:EXP18102_X1114_A_MSB37288A,supplementary_data_2_lfq,Sheet1,396,Sheet1!BU396
PXD017052_SEER_BROAD,P05023,P05023-2;P05023-4;P05023,PXD017052:Sheet1:396:EXP18102_X1115_A_MSB37289A,supplementary_data_2_lfq,Sheet1,396,Sheet1!BV396
PXD017052_SEER_BROAD,P05023,P05023-2;P05023-4;P05023,PXD017052:Sheet1:396:EXP18102_X1116_A_MSB37290A,supplementary_data_2_lfq,Sheet1,396,Sheet1!BW396
PXD017052_SEER_BROAD,P05556,P05556;P05556-2;P05556-5;P05556-4;P05556-3,PXD017052:Sheet1:407:EXP18102_X1066_A_MSB37240A,supplementary_data_2_lfq,Sheet1,407,Sheet1!BO407
PXD017052_SEER_BROAD,P05556,P05556;P05556-2;P05556-5;P05556-4;P05556-3,PXD017052:Sheet1:407:EXP18102_X1067_A_MSB37241A,supplementary_data_2_lfq,Sheet1,407,Sheet1!BP407
PXD017052_SEER_BROAD,P05556,P05556;P05556-2;P05556-5;P05556-4;P05556-3,PXD017052:Sheet1:407:EXP18102_X1068_A_MSB37242A,supplementary_data_2_lfq,Sheet1,407,Sheet1!BQ407
PXD017052_SEER_BROAD,P05556,P05556;P05556-2;P05556-5;P05556-4;P05556-3,PXD017052:Sheet1:407:EXP18102_X1108_A_MSB37282A,supplementary_data_2_lfq,Sheet1,407,Sheet1!BR407
PXD017052_SEER_BROAD,P05556,P05556;P05556-2;P05556-5;P05556-4;P05556-3,PXD017052:Sheet1:407:EXP18102_X1109_A_MSB37283A,supplementary_data_2_lfq,Sheet1,407,Sheet1!BS407
PXD017052_SEER_BROAD,P05556,P05556;P05556-2;P05556-5;P05556-4;P05556-3,PXD017052:Sheet1:407:EXP18102_X1110_B_MSB37284B,supplementary_data_2_lfq,Sheet1,407,Sheet1!BT407
PXD017052_SEER_BROAD,P05556,P05556;P05556-2;P05556-5;P05556-4;P05556-3,PXD017052:Sheet1:407:EXP18102_X1114_A_MSB37288A,supplementary_data_2_lfq,Sheet1,407,Sheet1!BU407
PXD017052_SEER_BROAD,P05556,P05556;P05556-2;P05556-5;P05556-4;P05556-3,PXD017052:Sheet1:407:EXP18102_X1115_A_MSB37289A,supplementary_data_2_lfq,Sheet1,407,Sheet1!BV407
PXD017052_SEER_BROAD,P05556,P05556;P05556-2;P05556-5;P05556-4;P05556-3,PXD017052:Sheet1:407:EXP18102_X1116_A_MSB37290A,supplementary_data_2_lfq,Sheet1,407,Sheet1!BW407
PXD017052_SEER_BROAD,P06396,P06396-2,PXD017052:Sheet1:413:EXP18102_X1066_A_MSB37240A,supplementary_data_2_lfq,Sheet1,413,Sheet1!BO413
PXD017052_SEER_BROAD,P06396,P06396-2,PXD017052:Sheet1:413:EXP18102_X1067_A_MSB37241A,supplementary_data_2_lfq,Sheet1,413,Sheet1!BP413
PXD017052_SEER_BROAD,P06396,P06396-2,PXD017052:Sheet1:413:EXP18102_X1068_A_MSB37242A,supplementary_data_2_lfq,Sheet1,413,Sheet1!BQ413
PXD017052_SEER_BROAD,P06396,P06396-2,PXD017052:Sheet1:413:EXP18102_X1108_A_MSB37282A,supplementary_data_2_lfq,Sheet1,413,Sheet1!BR413
PXD017052_SEER_BROAD,P06396,P06396-2,PXD017052:Sheet1:413:EXP18102_X1109_A_MSB37283A,supplementary_data_2_lfq,Sheet1,413,Sheet1!BS413
PXD017052_SEER_BROAD,P06396,P06396-2,PXD017052:Sheet1:413:EXP18102_X1110_B_MSB37284B,supplementary_data_2_lfq,Sheet1,413,Sheet1!BT413
PXD017052_SEER_BROAD,P06396,P06396-2,PXD017052:Sheet1:413:EXP18102_X1114_A_MSB37288A,supplementary_data_2_lfq,Sheet1,413,Sheet1!BU413
PXD017052_SEER_BROAD,P06396,P06396-2,PXD017052:Sheet1:413:EXP18102_X1115_A_MSB37289A,supplementary_data_2_lfq,Sheet1,413,Sheet1!BV413
PXD017052_SEER_BROAD,P06396,P06396-2,PXD017052:Sheet1:413:EXP18102_X1116_A_MSB37290A,supplementary_data_2_lfq,Sheet1,413,Sheet1!BW413
PXD017052_SEER_BROAD,P06576,P06576,PXD017052:Sheet1:414:EXP18102_X1066_A_MSB37240A,supplementary_data_2_lfq,Sheet1,414,Sheet1!BO414
PXD017052_SEER_BROAD,P06576,P06576,PXD017052:Sheet1:414:EXP18102_X1067_A_MSB37241A,supplementary_data_2_lfq,Sheet1,414,Sheet1!BP414
PXD017052_SEER_BROAD,P06576,P06576,PXD017052:Sheet1:414:EXP18102_X1068_A_MSB37242A,supplementary_data_2_lfq,Sheet1,414,Sheet1!BQ414
PXD017052_SEER_BROAD,P06576,P06576,PXD017052:Sheet1:414:EXP18102_X1108_A_MSB37282A,supplementary_data_2_lfq,Sheet1,414,Sheet1!BR414
PXD017052_SEER_BROAD,P06576,P06576,PXD017052:Sheet1:414:EXP18102_X1109_A_MSB37283A,supplementary_data_2_lfq,Sheet1,414,Sheet1!BS414
PXD017052_SEER_BROAD,P06576,P06576,PXD017052:Sheet1:414:EXP18102_X1110_B_MSB37284B,supplementary_data_2_lfq,Sheet1,414,Sheet1!BT414
PXD017052_SEER_BROAD,P06576,P06576,PXD017052:Sheet1:414:EXP18102_X1114_A_MSB37288A,supplementary_data_2_lfq,Sheet1,414,Sheet1!BU414
PXD017052_SEER_BROAD,P06576,P06576,PXD017052:Sheet1:414:EXP18102_X1115_A_MSB37289A,supplementary_data_2_lfq,Sheet1,414,Sheet1!BV414
PXD017052_SEER_BROAD,P06576,P06576,PXD017052:Sheet1:414:EXP18102_X1116_A_MSB37290A,supplementary_data_2_lfq,Sheet1,414,Sheet1!BW414
PXD017052_SEER_BROAD,P07996,P07996;P07996-2;CON__Q28194,PXD017052:Sheet1:430:EXP18102_X1066_A_MSB37240A,supplementary_data_2_lfq,Sheet1,430,Sheet1!BO430
PXD017052_SEER_BROAD,P07996,P07996;P07996-2;CON__Q28194,PXD017052:Sheet1:430:EXP18102_X1067_A_MSB37241A,supplementary_data_2_lfq,Sheet1,430,Sheet1!BP430
PXD017052_SEER_BROAD,P07996,P07996;P07996-2;CON__Q28194,PXD017052:Sheet1:430:EXP18102_X1068_A_MSB37242A,supplementary_data_2_lfq,Sheet1,430,Sheet1!BQ430
PXD017052_SEER_BROAD,P07996,P07996;P07996-2;CON__Q28194,PXD017052:Sheet1:430:EXP18102_X1108_A_MSB37282A,supplementary_data_2_lfq,Sheet1,430,Sheet1!BR430
PXD017052_SEER_BROAD,P07996,P07996;P07996-2;CON__Q28194,PXD017052:Sheet1:430:EXP18102_X1109_A_MSB37283A,supplementary_data_2_lfq,Sheet1,430,Sheet1!BS430
PXD017052_SEER_BROAD,P07996,P07996;P07996-2;CON__Q28194,PXD017052:Sheet1:430:EXP18102_X1110_B_MSB37284B,supplementary_data_2_lfq,Sheet1,430,Sheet1!BT430
PXD017052_SEER_BROAD,P07996,P07996;P07996-2;CON__Q28194,PXD017052:Sheet1:430:EXP18102_X1114_A_MSB37288A,supplementary_data_2_lfq,Sheet1,430,Sheet1!BU430
PXD017052_SEER_BROAD,P07996,P07996;P07996-2;CON__Q28194,PXD017052:Sheet1:430:EXP18102_X1115_A_MSB37289A,supplementary_data_2_lfq,Sheet1,430,Sheet1!BV430
PXD017052_SEER_BROAD,P07996,P07996;P07996-2;CON__Q28194,PXD017052:Sheet1:430:EXP18102_X1116_A_MSB37290A,supplementary_data_2_lfq,Sheet1,430,Sheet1!BW430
PXD017052_SEER_BROAD,P09493,P09493-8;P09493-7;P09493-6,PXD017052:Sheet1:446:EXP18102_X1066_A_MSB37240A,supplementary_data_2_lfq,Sheet1,446,Sheet1!BO446
PXD017052_SEER_BROAD,P09493,P09493-8;P09493-7;P09493-6,PXD017052:Sheet1:446:EXP18102_X1067_A_MSB37241A,supplementary_data_2_lfq,Sheet1,446,Sheet1!BP446
PXD017052_SEER_BROAD,P09493,P09493-8;P09493-7;P09493-6,PXD017052:Sheet1:446:EXP18102_X1068_A_MSB37242A,supplementary_data_2_lfq,Sheet1,446,Sheet1!BQ446
PXD017052_SEER_BROAD,P09493,P09493-8;P09493-7;P09493-6,PXD017052:Sheet1:446:EXP18102_X1108_A_MSB37282A,supplementary_data_2_lfq,Sheet1,446,Sheet1!BR446
PXD017052_SEER_BROAD,P09493,P09493-8;P09493-7;P09493-6,PXD017052:Sheet1:446:EXP18102_X1109_A_MSB37283A,supplementary_data_2_lfq,Sheet1,446,Sheet1!BS446
PXD017052_SEER_BROAD,P09493,P09493-8;P09493-7;P09493-6,PXD017052:Sheet1:446:EXP18102_X1110_B_MSB37284B,supplementary_data_2_lfq,Sheet1,446,Sheet1!BT446
PXD017052_SEER_BROAD,P09493,P09493-8;P09493-7;P09493-6,PXD017052:Sheet1:446:EXP18102_X1114_A_MSB37288A,supplementary_data_2_lfq,Sheet1,446,Sheet1!BU446
PXD017052_SEER_BROAD,P09493,P09493-8;P09493-7;P09493-6,PXD017052:Sheet1:446:EXP18102_X1115_A_MSB37289A,supplementary_data_2_lfq,Sheet1,446,Sheet1!BV446
PXD017052_SEER_BROAD,P09493,P09493-8;P09493-7;P09493-6,PXD017052:Sheet1:446:EXP18102_X1116_A_MSB37290A,supplementary_data_2_lfq,Sheet1,446,Sheet1!BW446
PXD017052_SEER_BROAD,P10599,P10599-2;P10599,PXD017052:Sheet1:458:EXP18102_X1066_A_MSB37240A,supplementary_data_2_lfq,Sheet1,458,Sheet1!BO458
PXD017052_SEER_BROAD,P10599,P10599-2;P10599,PXD017052:Sheet1:458:EXP18102_X1067_A_MSB37241A,supplementary_data_2_lfq,Sheet1,458,Sheet1!BP458
PXD017052_SEER_BROAD,P10599,P10599-2;P10599,PXD017052:Sheet1:458:EXP18102_X1068_A_MSB37242A,supplementary_data_2_lfq,Sheet1,458,Sheet1!BQ458
PXD017052_SEER_BROAD,P10599,P10599-2;P10599,PXD017052:Sheet1:458:EXP18102_X1108_A_MSB37282A,supplementary_data_2_lfq,Sheet1,458,Sheet1!BR458
PXD017052_SEER_BROAD,P10599,P10599-2;P10599,PXD017052:Sheet1:458:EXP18102_X1109_A_MSB37283A,supplementary_data_2_lfq,Sheet1,458,Sheet1!BS458
PXD017052_SEER_BROAD,P10599,P10599-2;P10599,PXD017052:Sheet1:458:EXP18102_X1110_B_MSB37284B,supplementary_data_2_lfq,Sheet1,458,Sheet1!BT458
PXD017052_SEER_BROAD,P10599,P10599-2;P10599,PXD017052:Sheet1:458:EXP18102_X1114_A_MSB37288A,supplementary_data_2_lfq,Sheet1,458,Sheet1!BU458
PXD017052_SEER_BROAD,P10599,P10599-2;P10599,PXD017052:Sheet1:458:EXP18102_X1115_A_MSB37289A,supplementary_data_2_lfq,Sheet1,458,Sheet1!BV458
PXD017052_SEER_BROAD,P10599,P10599-2;P10599,PXD017052:Sheet1:458:EXP18102_X1116_A_MSB37290A,supplementary_data_2_lfq,Sheet1,458,Sheet1!BW458
PXD017052_SEER_BROAD,P10644,P10644-2;P10644,PXD017052:Sheet1:460:EXP18102_X1066_A_MSB37240A,supplementary_data_2_lfq,Sheet1,460,Sheet1!BO460
PXD017052_SEER_BROAD,P10644,P10644-2;P10644,PXD017052:Sheet1:460:EXP18102_X1067_A_MSB37241A,supplementary_data_2_lfq,Sheet1,460,Sheet1!BP460
PXD017052_SEER_BROAD,P10644,P10644-2;P10644,PXD017052:Sheet1:460:EXP18102_X1068_A_MSB37242A,supplementary_data_2_lfq,Sheet1,460,Sheet1!BQ460
PXD017052_SEER_BROAD,P10644,P10644-2;P10644,PXD017052:Sheet1:460:EXP18102_X1108_A_MSB37282A,supplementary_data_2_lfq,Sheet1,460,Sheet1!BR460
PXD017052_SEER_BROAD,P10644,P10644-2;P10644,PXD017052:Sheet1:460:EXP18102_X1109_A_MSB37283A,supplementary_data_2_lfq,Sheet1,460,Sheet1!BS460
PXD017052_SEER_BROAD,P10644,P10644-2;P10644,PXD017052:Sheet1:460:EXP18102_X1110_B_MSB37284B,supplementary_data_2_lfq,Sheet1,460,Sheet1!BT460
PXD017052_SEER_BROAD,P10644,P10644-2;P10644,PXD017052:Sheet1:460:EXP18102_X1114_A_MSB37288A,supplementary_data_2_lfq,Sheet1,460,Sheet1!BU460
PXD017052_SEER_BROAD,P10644,P10644-2;P10644,PXD017052:Sheet1:460:EXP18102_X1115_A_MSB37289A,supplementary_data_2_lfq,Sheet1,460,Sheet1!BV460
PXD017052_SEER_BROAD,P10644,P10644-2;P10644,PXD017052:Sheet1:460:EXP18102_X1116_A_MSB37290A,supplementary_data_2_lfq,Sheet1,460,Sheet1!BW460
PXD017052_SEER_BROAD,P10809,P10809;P10809-2,PXD017052:Sheet1:462:EXP18102_X1066_A_MSB37240A,supplementary_data_2_lfq,Sheet1,462,Sheet1!BO462
PXD017052_SEER_BROAD,P10809,P10809;P10809-2,PXD017052:Sheet1:462:EXP18102_X1067_A_MSB37241A,supplementary_data_2_lfq,Sheet1,462,Sheet1!BP462
PXD017052_SEER_BROAD,P10809,P10809;P10809-2,PXD017052:Sheet1:462:EXP18102_X1068_A_MSB37242A,supplementary_data_2_lfq,Sheet1,462,Sheet1!BQ462
PXD017052_SEER_BROAD,P10809,P10809;P10809-2,PXD017052:Sheet1:462:EXP18102_X1108_A_MSB37282A,supplementary_data_2_lfq,Sheet1,462,Sheet1!BR462
PXD017052_SEER_BROAD,P10809,P10809;P10809-2,PXD017052:Sheet1:462:EXP18102_X1109_A_MSB37283A,supplementary_data_2_lfq,Sheet1,462,Sheet1!BS462
PXD017052_SEER_BROAD,P10809,P10809;P10809-2,PXD017052:Sheet1:462:EXP18102_X1110_B_MSB37284B,supplementary_data_2_lfq,Sheet1,462,Sheet1!BT462
PXD017052_SEER_BROAD,P10809,P10809;P10809-2,PXD017052:Sheet1:462:EXP18102_X1114_A_MSB37288A,supplementary_data_2_lfq,Sheet1,462,Sheet1!BU462
PXD017052_SEER_BROAD,P10809,P10809;P10809-2,PXD017052:Sheet1:462:EXP18102_X1115_A_MSB37289A,supplementary_data_2_lfq,Sheet1,462,Sheet1!BV462
PXD017052_SEER_BROAD,P10809,P10809;P10809-2,PXD017052:Sheet1:462:EXP18102_X1116_A_MSB37290A,supplementary_data_2_lfq,Sheet1,462,Sheet1!BW462
PXD017052_SEER_BROAD,P11021,P11021,PXD017052:Sheet1:464:EXP18102_X1066_A_MSB37240A,supplementary_data_2_lfq,Sheet1,464,Sheet1!BO464
PXD017052_SEER_BROAD,P11021,P11021,PXD017052:Sheet1:464:EXP18102_X1067_A_MSB37241A,supplementary_data_2_lfq,Sheet1,464,Sheet1!BP464
PXD017052_SEER_BROAD,P11021,P11021,PXD017052:Sheet1:464:EXP18102_X1068_A_MSB37242A,supplementary_data_2_lfq,Sheet1,464,Sheet1!BQ464
PXD017052_SEER_BROAD,P11021,P11021,PXD017052:Sheet1:464:EXP18102_X1108_A_MSB37282A,supplementary_data_2_lfq,Sheet1,464,Sheet1!BR464
PXD017052_SEER_BROAD,P11021,P11021,PXD017052:Sheet1:464:EXP18102_X1109_A_MSB37283A,supplementary_data_2_lfq,Sheet1,464,Sheet1!BS464
PXD017052_SEER_BROAD,P11021,P11021,PXD017052:Sheet1:464:EXP18102_X1110_B_MSB37284B,supplementary_data_2_lfq,Sheet1,464,Sheet1!BT464
PXD017052_SEER_BROAD,P11021,P11021,PXD017052:Sheet1:464:EXP18102_X1114_A_MSB37288A,supplementary_data_2_lfq,Sheet1,464,Sheet1!BU464
PXD017052_SEER_BROAD,P11021,P11021,PXD017052:Sheet1:464:EXP18102_X1115_A_MSB37289A,supplementary_data_2_lfq,Sheet1,464,Sheet1!BV464
PXD017052_SEER_BROAD,P11021,P11021,PXD017052:Sheet1:464:EXP18102_X1116_A_MSB37290A,supplementary_data_2_lfq,Sheet1,464,Sheet1!BW464
PXD017052_SEER_BROAD,P11166,P11166,PXD017052:Sheet1:467:EXP18102_X1066_A_MSB37240A,supplementary_data_2_lfq,Sheet1,467,Sheet1!BO467
PXD017052_SEER_BROAD,P11166,P11166,PXD017052:Sheet1:467:EXP18102_X1067_A_MSB37241A,supplementary_data_2_lfq,Sheet1,467,Sheet1!BP467
PXD017052_SEER_BROAD,P11166,P11166,PXD017052:Sheet1:467:EXP18102_X1068_A_MSB37242A,supplementary_data_2_lfq,Sheet1,467,Sheet1!BQ467
PXD017052_SEER_BROAD,P11166,P11166,PXD017052:Sheet1:467:EXP18102_X1108_A_MSB37282A,supplementary_data_2_lfq,Sheet1,467,Sheet1!BR467
PXD017052_SEER_BROAD,P11166,P11166,PXD017052:Sheet1:467:EXP18102_X1109_A_MSB37283A,supplementary_data_2_lfq,Sheet1,467,Sheet1!BS467
PXD017052_SEER_BROAD,P11166,P11166,PXD017052:Sheet1:467:EXP18102_X1110_B_MSB37284B,supplementary_data_2_lfq,Sheet1,467,Sheet1!BT467
PXD017052_SEER_BROAD,P11166,P11166,PXD017052:Sheet1:467:EXP18102_X1114_A_MSB37288A,supplementary_data_2_lfq,Sheet1,467,Sheet1!BU467
PXD017052_SEER_BROAD,P11166,P11166,PXD017052:Sheet1:467:EXP18102_X1115_A_MSB37289A,supplementary_data_2_lfq,Sheet1,467,Sheet1!BV467
PXD017052_SEER_BROAD,P11166,P11166,PXD017052:Sheet1:467:EXP18102_X1116_A_MSB37290A,supplementary_data_2_lfq,Sheet1,467,Sheet1!BW467
PXD017052_SEER_BROAD,P11413,P11413;P11413-3;P11413-2,PXD017052:Sheet1:472:EXP18102_X1066_A_MSB37240A,supplementary_data_2_lfq,Sheet1,472,Sheet1!BO472
PXD017052_SEER_BROAD,P11413,P11413;P11413-3;P11413-2,PXD017052:Sheet1:472:EXP18102_X1067_A_MSB37241A,supplementary_data_2_lfq,Sheet1,472,Sheet1!BP472
PXD017052_SEER_BROAD,P11413,P11413;P11413-3;P11413-2,PXD017052:Sheet1:472:EXP18102_X1068_A_MSB37242A,supplementary_data_2_lfq,Sheet1,472,Sheet1!BQ472
PXD017052_SEER_BROAD,P11413,P11413;P11413-3;P11413-2,PXD017052:Sheet1:472:EXP18102_X1108_A_MSB37282A,supplementary_data_2_lfq,Sheet1,472,Sheet1!BR472
PXD017052_SEER_BROAD,P11413,P11413;P11413-3;P11413-2,PXD017052:Sheet1:472:EXP18102_X1109_A_MSB37283A,supplementary_data_2_lfq,Sheet1,472,Sheet1!BS472
PXD017052_SEER_BROAD,P11413,P11413;P11413-3;P11413-2,PXD017052:Sheet1:472:EXP18102_X1110_B_MSB37284B,supplementary_data_2_lfq,Sheet1,472,Sheet1!BT472
PXD017052_SEER_BROAD,P11413,P11413;P11413-3;P11413-2,PXD017052:Sheet1:472:EXP18102_X1114_A_MSB37288A,supplementary_data_2_lfq,Sheet1,472,Sheet1!BU472
PXD017052_SEER_BROAD,P11413,P11413;P11413-3;P11413-2,PXD017052:Sheet1:472:EXP18102_X1115_A_MSB37289A,supplementary_data_2_lfq,Sheet1,472,Sheet1!BV472
PXD017052_SEER_BROAD,P11413,P11413;P11413-3;P11413-2,PXD017052:Sheet1:472:EXP18102_X1116_A_MSB37290A,supplementary_data_2_lfq,Sheet1,472,Sheet1!BW472
PXD017052_SEER_BROAD,P13796,P13796;P13796-2,PXD017052:Sheet1:482:EXP18102_X1066_A_MSB37240A,supplementary_data_2_lfq,Sheet1,482,Sheet1!BO482
PXD017052_SEER_BROAD,P13796,P13796;P13796-2,PXD017052:Sheet1:482:EXP18102_X1067_A_MSB37241A,supplementary_data_2_lfq,Sheet1,482,Sheet1!BP482
PXD017052_SEER_BROAD,P13796,P13796;P13796-2,PXD017052:Sheet1:482:EXP18102_X1068_A_MSB37242A,supplementary_data_2_lfq,Sheet1,482,Sheet1!BQ482
PXD017052_SEER_BROAD,P13796,P13796;P13796-2,PXD017052:Sheet1:482:EXP18102_X1108_A_MSB37282A,supplementary_data_2_lfq,Sheet1,482,Sheet1!BR482
PXD017052_SEER_BROAD,P13796,P13796;P13796-2,PXD017052:Sheet1:482:EXP18102_X1109_A_MSB37283A,supplementary_data_2_lfq,Sheet1,482,Sheet1!BS482
PXD017052_SEER_BROAD,P13796,P13796;P13796-2,PXD017052:Sheet1:482:EXP18102_X1110_B_MSB37284B,supplementary_data_2_lfq,Sheet1,482,Sheet1!BT482
PXD017052_SEER_BROAD,P13796,P13796;P13796-2,PXD017052:Sheet1:482:EXP18102_X1114_A_MSB37288A,supplementary_data_2_lfq,Sheet1,482,Sheet1!BU482
PXD017052_SEER_BROAD,P13796,P13796;P13796-2,PXD017052:Sheet1:482:EXP18102_X1115_A_MSB37289A,supplementary_data_2_lfq,Sheet1,482,Sheet1!BV482
PXD017052_SEER_BROAD,P13796,P13796;P13796-2,PXD017052:Sheet1:482:EXP18102_X1116_A_MSB37290A,supplementary_data_2_lfq,Sheet1,482,Sheet1!BW482
PXD017052_SEER_BROAD,P14868,P14868-2;P14868,PXD017052:Sheet1:489:EXP18102_X1066_A_MSB37240A,supplementary_data_2_lfq,Sheet1,489,Sheet1!BO489
PXD017052_SEER_BROAD,P14868,P14868-2;P14868,PXD017052:Sheet1:489:EXP18102_X1067_A_MSB37241A,supplementary_data_2_lfq,Sheet1,489,Sheet1!BP489
PXD017052_SEER_BROAD,P14868,P14868-2;P14868,PXD017052:Sheet1:489:EXP18102_X1068_A_MSB37242A,supplementary_data_2_lfq,Sheet1,489,Sheet1!BQ489
PXD017052_SEER_BROAD,P14868,P14868-2;P14868,PXD017052:Sheet1:489:EXP18102_X1108_A_MSB37282A,supplementary_data_2_lfq,Sheet1,489,Sheet1!BR489
PXD017052_SEER_BROAD,P14868,P14868-2;P14868,PXD017052:Sheet1:489:EXP18102_X1109_A_MSB37283A,supplementary_data_2_lfq,Sheet1,489,Sheet1!BS489
PXD017052_SEER_BROAD,P14868,P14868-2;P14868,PXD017052:Sheet1:489:EXP18102_X1110_B_MSB37284B,supplementary_data_2_lfq,Sheet1,489,Sheet1!BT489
PXD017052_SEER_BROAD,P14868,P14868-2;P14868,PXD017052:Sheet1:489:EXP18102_X1114_A_MSB37288A,supplementary_data_2_lfq,Sheet1,489,Sheet1!BU489
PXD017052_SEER_BROAD,P14868,P14868-2;P14868,PXD017052:Sheet1:489:EXP18102_X1115_A_MSB37289A,supplementary_data_2_lfq,Sheet1,489,Sheet1!BV489
PXD017052_SEER_BROAD,P14868,P14868-2;P14868,PXD017052:Sheet1:489:EXP18102_X1116_A_MSB37290A,supplementary_data_2_lfq,Sheet1,489,Sheet1!BW489
PXD017052_SEER_BROAD,P15531,P15531;P15531-2,PXD017052:Sheet1:491:EXP18102_X1066_A_MSB37240A,supplementary_data_2_lfq,Sheet1,491,Sheet1!BO491
PXD017052_SEER_BROAD,P15531,P15531;P15531-2,PXD017052:Sheet1:491:EXP18102_X1067_A_MSB37241A,supplementary_data_2_lfq,Sheet1,491,Sheet1!BP491
PXD017052_SEER_BROAD,P15531,P15531;P15531-2,PXD017052:Sheet1:491:EXP18102_X1068_A_MSB37242A,supplementary_data_2_lfq,Sheet1,491,Sheet1!BQ491
PXD017052_SEER_BROAD,P15531,P15531;P15531-2,PXD017052:Sheet1:491:EXP18102_X1108_A_MSB37282A,supplementary_data_2_lfq,Sheet1,491,Sheet1!BR491
PXD017052_SEER_BROAD,P15531,P15531;P15531-2,PXD017052:Sheet1:491:EXP18102_X1109_A_MSB37283A,supplementary_data_2_lfq,Sheet1,491,Sheet1!BS491
PXD017052_SEER_BROAD,P15531,P15531;P15531-2,PXD017052:Sheet1:491:EXP18102_X1110_B_MSB37284B,supplementary_data_2_lfq,Sheet1,491,Sheet1!BT491
PXD017052_SEER_BROAD,P15531,P15531;P15531-2,PXD017052:Sheet1:491:EXP18102_X1114_A_MSB37288A,supplementary_data_2_lfq,Sheet1,491,Sheet1!BU491
PXD017052_SEER_BROAD,P15531,P15531;P15531-2,PXD017052:Sheet1:491:EXP18102_X1115_A_MSB37289A,supplementary_data_2_lfq,Sheet1,491,Sheet1!BV491
PXD017052_SEER_BROAD,P15531,P15531;P15531-2,PXD017052:Sheet1:491:EXP18102_X1116_A_MSB37290A,supplementary_data_2_lfq,Sheet1,491,Sheet1!BW491
PXD017052_SEER_BROAD,P16615,P16615-5;P16615-2;P16615-3;P16615;P16615-4,PXD017052:Sheet1:496:EXP18102_X1066_A_MSB37240A,supplementary_data_2_lfq,Sheet1,496,Sheet1!BO496
PXD017052_SEER_BROAD,P16615,P16615-5;P16615-2;P16615-3;P16615;P16615-4,PXD017052:Sheet1:496:EXP18102_X1067_A_MSB37241A,supplementary_data_2_lfq,Sheet1,496,Sheet1!BP496
PXD017052_SEER_BROAD,P16615,P16615-5;P16615-2;P16615-3;P16615;P16615-4,PXD017052:Sheet1:496:EXP18102_X1068_A_MSB37242A,supplementary_data_2_lfq,Sheet1,496,Sheet1!BQ496
PXD017052_SEER_BROAD,P16615,P16615-5;P16615-2;P16615-3;P16615;P16615-4,PXD017052:Sheet1:496:EXP18102_X1108_A_MSB37282A,supplementary_data_2_lfq,Sheet1,496,Sheet1!BR496
PXD017052_SEER_BROAD,P16615,P16615-5;P16615-2;P16615-3;P16615;P16615-4,PXD017052:Sheet1:496:EXP18102_X1109_A_MSB37283A,supplementary_data_2_lfq,Sheet1,496,Sheet1!BS496
PXD017052_SEER_BROAD,P16615,P16615-5;P16615-2;P16615-3;P16615;P16615-4,PXD017052:Sheet1:496:EXP18102_X1110_B_MSB37284B,supplementary_data_2_lfq,Sheet1,496,Sheet1!BT496
PXD017052_SEER_BROAD,P16615,P16615-5;P16615-2;P16615-3;P16615;P16615-4,PXD017052:Sheet1:496:EXP18102_X1114_A_MSB37288A,supplementary_data_2_lfq,Sheet1,496,Sheet1!BU496
PXD017052_SEER_BROAD,P16615,P16615-5;P16615-2;P16615-3;P16615;P16615-4,PXD017052:Sheet1:496:EXP18102_X1115_A_MSB37289A,supplementary_data_2_lfq,Sheet1,496,Sheet1!BV496
PXD017052_SEER_BROAD,P16615,P16615-5;P16615-2;P16615-3;P16615;P16615-4,PXD017052:Sheet1:496:EXP18102_X1116_A_MSB37290A,supplementary_data_2_lfq,Sheet1,496,Sheet1!BW496
PXD017052_SEER_BROAD,P19367,P19367-4;P19367-2;P19367;P19367-3,PXD017052:Sheet1:507:EXP18102_X1066_A_MSB37240A,supplementary_data_2_lfq,Sheet1,507,Sheet1!BO507
PXD017052_SEER_BROAD,P19367,P19367-4;P19367-2;P19367;P19367-3,PXD017052:Sheet1:507:EXP18102_X1067_A_MSB37241A,supplementary_data_2_lfq,Sheet1,507,Sheet1!BP507
PXD017052_SEER_BROAD,P19367,P19367-4;P19367-2;P19367;P19367-3,PXD017052:Sheet1:507:EXP18102_X1068_A_MSB37242A,supplementary_data_2_lfq,Sheet1,507,Sheet1!BQ507
PXD017052_SEER_BROAD,P19367,P19367-4;P19367-2;P19367;P19367-3,PXD017052:Sheet1:507:EXP18102_X1108_A_MSB37282A,supplementary_data_2_lfq,Sheet1,507,Sheet1!BR507
PXD017052_SEER_BROAD,P19367,P19367-4;P19367-2;P19367;P19367-3,PXD017052:Sheet1:507:EXP18102_X1109_A_MSB37283A,supplementary_data_2_lfq,Sheet1,507,Sheet1!BS507
PXD017052_SEER_BROAD,P19367,P19367-4;P19367-2;P19367;P19367-3,PXD017052:Sheet1:507:EXP18102_X1110_B_MSB37284B,supplementary_data_2_lfq,Sheet1,507,Sheet1!BT507
PXD017052_SEER_BROAD,P19367,P19367-4;P19367-2;P19367;P19367-3,PXD017052:Sheet1:507:EXP18102_X1114_A_MSB37288A,supplementary_data_2_lfq,Sheet1,507,Sheet1!BU507
PXD017052_SEER_BROAD,P19367,P19367-4;P19367-2;P19367;P19367-3,PXD017052:Sheet1:507:EXP18102_X1115_A_MSB37289A,supplementary_data_2_lfq,Sheet1,507,Sheet1!BV507
PXD017052_SEER_BROAD,P19367,P19367-4;P19367-2;P19367;P19367-3,PXD017052:Sheet1:507:EXP18102_X1116_A_MSB37290A,supplementary_data_2_lfq,Sheet1,507,Sheet1!BW507
PXD017052_SEER_BROAD,P20645,P20645,PXD017052:Sheet1:512:EXP18102_X1066_A_MSB37240A,supplementary_data_2_lfq,Sheet1,512,Sheet1!BO512
PXD017052_SEER_BROAD,P20645,P20645,PXD017052:Sheet1:512:EXP18102_X1067_A_MSB37241A,supplementary_data_2_lfq,Sheet1,512,Sheet1!BP512
PXD017052_SEER_BROAD,P20645,P20645,PXD017052:Sheet1:512:EXP18102_X1068_A_MSB37242A,supplementary_data_2_lfq,Sheet1,512,Sheet1!BQ512
PXD017052_SEER_BROAD,P20645,P20645,PXD017052:Sheet1:512:EXP18102_X1108_A_MSB37282A,supplementary_data_2_lfq,Sheet1,512,Sheet1!BR512
PXD017052_SEER_BROAD,P20645,P20645,PXD017052:Sheet1:512:EXP18102_X1109_A_MSB37283A,supplementary_data_2_lfq,Sheet1,512,Sheet1!BS512
PXD017052_SEER_BROAD,P20645,P20645,PXD017052:Sheet1:512:EXP18102_X1110_B_MSB37284B,supplementary_data_2_lfq,Sheet1,512,Sheet1!BT512
PXD017052_SEER_BROAD,P20645,P20645,PXD017052:Sheet1:512:EXP18102_X1114_A_MSB37288A,supplementary_data_2_lfq,Sheet1,512,Sheet1!BU512
PXD017052_SEER_BROAD,P20645,P20645,PXD017052:Sheet1:512:EXP18102_X1115_A_MSB37289A,supplementary_data_2_lfq,Sheet1,512,Sheet1!BV512
PXD017052_SEER_BROAD,P20645,P20645,PXD017052:Sheet1:512:EXP18102_X1116_A_MSB37290A,supplementary_data_2_lfq,Sheet1,512,Sheet1!BW512
PXD017052_SEER_BROAD,P21796,P21796,PXD017052:Sheet1:517:EXP18102_X1066_A_MSB37240A,supplementary_data_2_lfq,Sheet1,517,Sheet1!BO517
PXD017052_SEER_BROAD,P21796,P21796,PXD017052:Sheet1:517:EXP18102_X1067_A_MSB37241A,supplementary_data_2_lfq,Sheet1,517,Sheet1!BP517
PXD017052_SEER_BROAD,P21796,P21796,PXD017052:Sheet1:517:EXP18102_X1068_A_MSB37242A,supplementary_data_2_lfq,Sheet1,517,Sheet1!BQ517
PXD017052_SEER_BROAD,P21796,P21796,PXD017052:Sheet1:517:EXP18102_X1108_A_MSB37282A,supplementary_data_2_lfq,Sheet1,517,Sheet1!BR517
PXD017052_SEER_BROAD,P21796,P21796,PXD017052:Sheet1:517:EXP18102_X1109_A_MSB37283A,supplementary_data_2_lfq,Sheet1,517,Sheet1!BS517
PXD017052_SEER_BROAD,P21796,P21796,PXD017052:Sheet1:517:EXP18102_X1110_B_MSB37284B,supplementary_data_2_lfq,Sheet1,517,Sheet1!BT517
PXD017052_SEER_BROAD,P21796,P21796,PXD017052:Sheet1:517:EXP18102_X1114_A_MSB37288A,supplementary_data_2_lfq,Sheet1,517,Sheet1!BU517
PXD017052_SEER_BROAD,P21796,P21796,PXD017052:Sheet1:517:EXP18102_X1115_A_MSB37289A,supplementary_data_2_lfq,Sheet1,517,Sheet1!BV517
PXD017052_SEER_BROAD,P21796,P21796,PXD017052:Sheet1:517:EXP18102_X1116_A_MSB37290A,supplementary_data_2_lfq,Sheet1,517,Sheet1!BW517
PXD017052_SEER_BROAD,P23284,P23284,PXD017052:Sheet1:524:EXP18102_X1066_A_MSB37240A,supplementary_data_2_lfq,Sheet1,524,Sheet1!BO524
PXD017052_SEER_BROAD,P23284,P23284,PXD017052:Sheet1:524:EXP18102_X1067_A_MSB37241A,supplementary_data_2_lfq,Sheet1,524,Sheet1!BP524
PXD017052_SEER_BROAD,P23284,P23284,PXD017052:Sheet1:524:EXP18102_X1068_A_MSB37242A,supplementary_data_2_lfq,Sheet1,524,Sheet1!BQ524
PXD017052_SEER_BROAD,P23284,P23284,PXD017052:Sheet1:524:EXP18102_X1108_A_MSB37282A,supplementary_data_2_lfq,Sheet1,524,Sheet1!BR524
PXD017052_SEER_BROAD,P23284,P23284,PXD017052:Sheet1:524:EXP18102_X1109_A_MSB37283A,supplementary_data_2_lfq,Sheet1,524,Sheet1!BS524
PXD017052_SEER_BROAD,P23284,P23284,PXD017052:Sheet1:524:EXP18102_X1110_B_MSB37284B,supplementary_data_2_lfq,Sheet1,524,Sheet1!BT524
PXD017052_SEER_BROAD,P23284,P23284,PXD017052:Sheet1:524:EXP18102_X1114_A_MSB37288A,supplementary_data_2_lfq,Sheet1,524,Sheet1!BU524
PXD017052_SEER_BROAD,P23284,P23284,PXD017052:Sheet1:524:EXP18102_X1115_A_MSB37289A,supplementary_data_2_lfq,Sheet1,524,Sheet1!BV524
PXD017052_SEER_BROAD,P23284,P23284,PXD017052:Sheet1:524:EXP18102_X1116_A_MSB37290A,supplementary_data_2_lfq,Sheet1,524,Sheet1!BW524
PXD017052_SEER_BROAD,P24844,P24844;P24844-2,PXD017052:Sheet1:530:EXP18102_X1066_A_MSB37240A,supplementary_data_2_lfq,Sheet1,530,Sheet1!BO530
PXD017052_SEER_BROAD,P24844,P24844;P24844-2,PXD017052:Sheet1:530:EXP18102_X1067_A_MSB37241A,supplementary_data_2_lfq,Sheet1,530,Sheet1!BP530
PXD017052_SEER_BROAD,P24844,P24844;P24844-2,PXD017052:Sheet1:530:EXP18102_X1068_A_MSB37242A,supplementary_data_2_lfq,Sheet1,530,Sheet1!BQ530
PXD017052_SEER_BROAD,P24844,P24844;P24844-2,PXD017052:Sheet1:530:EXP18102_X1108_A_MSB37282A,supplementary_data_2_lfq,Sheet1,530,Sheet1!BR530
PXD017052_SEER_BROAD,P24844,P24844;P24844-2,PXD017052:Sheet1:530:EXP18102_X1109_A_MSB37283A,supplementary_data_2_lfq,Sheet1,530,Sheet1!BS530
PXD017052_SEER_BROAD,P24844,P24844;P24844-2,PXD017052:Sheet1:530:EXP18102_X1110_B_MSB37284B,supplementary_data_2_lfq,Sheet1,530,Sheet1!BT530
PXD017052_SEER_BROAD,P24844,P24844;P24844-2,PXD017052:Sheet1:530:EXP18102_X1114_A_MSB37288A,supplementary_data_2_lfq,Sheet1,530,Sheet1!BU530
PXD017052_SEER_BROAD,P24844,P24844;P24844-2,PXD017052:Sheet1:530:EXP18102_X1115_A_MSB37289A,supplementary_data_2_lfq,Sheet1,530,Sheet1!BV530
PXD017052_SEER_BROAD,P24844,P24844;P24844-2,PXD017052:Sheet1:530:EXP18102_X1116_A_MSB37290A,supplementary_data_2_lfq,Sheet1,530,Sheet1!BW530
PXD017052_SEER_BROAD,P26038,P26038,PXD017052:Sheet1:538:EXP18102_X1066_A_MSB37240A,supplementary_data_2_lfq,Sheet1,538,Sheet1!BO538
PXD017052_SEER_BROAD,P26038,P26038,PXD017052:Sheet1:538:EXP18102_X1067_A_MSB37241A,supplementary_data_2_lfq,Sheet1,538,Sheet1!BP538
PXD017052_SEER_BROAD,P26038,P26038,PXD017052:Sheet1:538:EXP18102_X1068_A_MSB37242A,supplementary_data_2_lfq,Sheet1,538,Sheet1!BQ538
PXD017052_SEER_BROAD,P26038,P26038,PXD017052:Sheet1:538:EXP18102_X1108_A_MSB37282A,supplementary_data_2_lfq,Sheet1,538,Sheet1!BR538
PXD017052_SEER_BROAD,P26038,P26038,PXD017052:Sheet1:538:EXP18102_X1109_A_MSB37283A,supplementary_data_2_lfq,Sheet1,538,Sheet1!BS538
PXD017052_SEER_BROAD,P26038,P26038,PXD017052:Sheet1:538:EXP18102_X1110_B_MSB37284B,supplementary_data_2_lfq,Sheet1,538,Sheet1!BT538
PXD017052_SEER_BROAD,P26038,P26038,PXD017052:Sheet1:538:EXP18102_X1114_A_MSB37288A,supplementary_data_2_lfq,Sheet1,538,Sheet1!BU538
PXD017052_SEER_BROAD,P26038,P26038,PXD017052:Sheet1:538:EXP18102_X1115_A_MSB37289A,supplementary_data_2_lfq,Sheet1,538,Sheet1!BV538
PXD017052_SEER_BROAD,P26038,P26038,PXD017052:Sheet1:538:EXP18102_X1116_A_MSB37290A,supplementary_data_2_lfq,Sheet1,538,Sheet1!BW538
PXD017052_SEER_BROAD,P26641,P26641;P26641-2,PXD017052:Sheet1:540:EXP18102_X1066_A_MSB37240A,supplementary_data_2_lfq,Sheet1,540,Sheet1!BO540
PXD017052_SEER_BROAD,P26641,P26641;P26641-2,PXD017052:Sheet1:540:EXP18102_X1067_A_MSB37241A,supplementary_data_2_lfq,Sheet1,540,Sheet1!BP540
PXD017052_SEER_BROAD,P26641,P26641;P26641-2,PXD017052:Sheet1:540:EXP18102_X1068_A_MSB37242A,supplementary_data_2_lfq,Sheet1,540,Sheet1!BQ540
PXD017052_SEER_BROAD,P26641,P26641;P26641-2,PXD017052:Sheet1:540:EXP18102_X1108_A_MSB37282A,supplementary_data_2_lfq,Sheet1,540,Sheet1!BR540
PXD017052_SEER_BROAD,P26641,P26641;P26641-2,PXD017052:Sheet1:540:EXP18102_X1109_A_MSB37283A,supplementary_data_2_lfq,Sheet1,540,Sheet1!BS540
PXD017052_SEER_BROAD,P26641,P26641;P26641-2,PXD017052:Sheet1:540:EXP18102_X1110_B_MSB37284B,supplementary_data_2_lfq,Sheet1,540,Sheet1!BT540
PXD017052_SEER_BROAD,P26641,P26641;P26641-2,PXD017052:Sheet1:540:EXP18102_X1114_A_MSB37288A,supplementary_data_2_lfq,Sheet1,540,Sheet1!BU540
PXD017052_SEER_BROAD,P26641,P26641;P26641-2,PXD017052:Sheet1:540:EXP18102_X1115_A_MSB37289A,supplementary_data_2_lfq,Sheet1,540,Sheet1!BV540
PXD017052_SEER_BROAD,P26641,P26641;P26641-2,PXD017052:Sheet1:540:EXP18102_X1116_A_MSB37290A,supplementary_data_2_lfq,Sheet1,540,Sheet1!BW540
PXD017052_SEER_BROAD,P27348,P27348,PXD017052:Sheet1:543:EXP18102_X1066_A_MSB37240A,supplementary_data_2_lfq,Sheet1,543,Sheet1!BO543
PXD017052_SEER_BROAD,P27348,P27348,PXD017052:Sheet1:543:EXP18102_X1067_A_MSB37241A,supplementary_data_2_lfq,Sheet1,543,Sheet1!BP543
PXD017052_SEER_BROAD,P27348,P27348,PXD017052:Sheet1:543:EXP18102_X1068_A_MSB37242A,supplementary_data_2_lfq,Sheet1,543,Sheet1!BQ543
PXD017052_SEER_BROAD,P27348,P27348,PXD017052:Sheet1:543:EXP18102_X1108_A_MSB37282A,supplementary_data_2_lfq,Sheet1,543,Sheet1!BR543
PXD017052_SEER_BROAD,P27348,P27348,PXD017052:Sheet1:543:EXP18102_X1109_A_MSB37283A,supplementary_data_2_lfq,Sheet1,543,Sheet1!BS543
PXD017052_SEER_BROAD,P27348,P27348,PXD017052:Sheet1:543:EXP18102_X1110_B_MSB37284B,supplementary_data_2_lfq,Sheet1,543,Sheet1!BT543
PXD017052_SEER_BROAD,P27348,P27348,PXD017052:Sheet1:543:EXP18102_X1114_A_MSB37288A,supplementary_data_2_lfq,Sheet1,543,Sheet1!BU543
PXD017052_SEER_BROAD,P27348,P27348,PXD017052:Sheet1:543:EXP18102_X1115_A_MSB37289A,supplementary_data_2_lfq,Sheet1,543,Sheet1!BV543
PXD017052_SEER_BROAD,P27348,P27348,PXD017052:Sheet1:543:EXP18102_X1116_A_MSB37290A,supplementary_data_2_lfq,Sheet1,543,Sheet1!BW543
PXD017052_SEER_BROAD,P27797,P27797,PXD017052:Sheet1:544:EXP18102_X1066_A_MSB37240A,supplementary_data_2_lfq,Sheet1,544,Sheet1!BO544
PXD017052_SEER_BROAD,P27797,P27797,PXD017052:Sheet1:544:EXP18102_X1067_A_MSB37241A,supplementary_data_2_lfq,Sheet1,544,Sheet1!BP544
PXD017052_SEER_BROAD,P27797,P27797,PXD017052:Sheet1:544:EXP18102_X1068_A_MSB37242A,supplementary_data_2_lfq,Sheet1,544,Sheet1!BQ544
PXD017052_SEER_BROAD,P27797,P27797,PXD017052:Sheet1:544:EXP18102_X1108_A_MSB37282A,supplementary_data_2_lfq,Sheet1,544,Sheet1!BR544
PXD017052_SEER_BROAD,P27797,P27797,PXD017052:Sheet1:544:EXP18102_X1109_A_MSB37283A,supplementary_data_2_lfq,Sheet1,544,Sheet1!BS544
PXD017052_SEER_BROAD,P27797,P27797,PXD017052:Sheet1:544:EXP18102_X1110_B_MSB37284B,supplementary_data_2_lfq,Sheet1,544,Sheet1!BT544
PXD017052_SEER_BROAD,P27797,P27797,PXD017052:Sheet1:544:EXP18102_X1114_A_MSB37288A,supplementary_data_2_lfq,Sheet1,544,Sheet1!BU544
PXD017052_SEER_BROAD,P27797,P27797,PXD017052:Sheet1:544:EXP18102_X1115_A_MSB37289A,supplementary_data_2_lfq,Sheet1,544,Sheet1!BV544
PXD017052_SEER_BROAD,P27797,P27797,PXD017052:Sheet1:544:EXP18102_X1116_A_MSB37290A,supplementary_data_2_lfq,Sheet1,544,Sheet1!BW544
PXD017052_SEER_BROAD,P28066,P28066;P28066-2,PXD017052:Sheet1:547:EXP18102_X1066_A_MSB37240A,supplementary_data_2_lfq,Sheet1,547,Sheet1!BO547
PXD017052_SEER_BROAD,P28066,P28066;P28066-2,PXD017052:Sheet1:547:EXP18102_X1067_A_MSB37241A,supplementary_data_2_lfq,Sheet1,547,Sheet1!BP547
PXD017052_SEER_BROAD,P28066,P28066;P28066-2,PXD017052:Sheet1:547:EXP18102_X1068_A_MSB37242A,supplementary_data_2_lfq,Sheet1,547,Sheet1!BQ547
PXD017052_SEER_BROAD,P28066,P28066;P28066-2,PXD017052:Sheet1:547:EXP18102_X1108_A_MSB37282A,supplementary_data_2_lfq,Sheet1,547,Sheet1!BR547
PXD017052_SEER_BROAD,P28066,P28066;P28066-2,PXD017052:Sheet1:547:EXP18102_X1109_A_MSB37283A,supplementary_data_2_lfq,Sheet1,547,Sheet1!BS547
PXD017052_SEER_BROAD,P28066,P28066;P28066-2,PXD017052:Sheet1:547:EXP18102_X1110_B_MSB37284B,supplementary_data_2_lfq,Sheet1,547,Sheet1!BT547
PXD017052_SEER_BROAD,P28066,P28066;P28066-2,PXD017052:Sheet1:547:EXP18102_X1114_A_MSB37288A,supplementary_data_2_lfq,Sheet1,547,Sheet1!BU547
PXD017052_SEER_BROAD,P28066,P28066;P28066-2,PXD017052:Sheet1:547:EXP18102_X1115_A_MSB37289A,supplementary_data_2_lfq,Sheet1,547,Sheet1!BV547
PXD017052_SEER_BROAD,P28066,P28066;P28066-2,PXD017052:Sheet1:547:EXP18102_X1116_A_MSB37290A,supplementary_data_2_lfq,Sheet1,547,Sheet1!BW547
PXD017052_SEER_BROAD,P28070,P28070,PXD017052:Sheet1:548:EXP18102_X1066_A_MSB37240A,supplementary_data_2_lfq,Sheet1,548,Sheet1!BO548
PXD017052_SEER_BROAD,P28070,P28070,PXD017052:Sheet1:548:EXP18102_X1067_A_MSB37241A,supplementary_data_2_lfq,Sheet1,548,Sheet1!BP548
PXD017052_SEER_BROAD,P28070,P28070,PXD017052:Sheet1:548:EXP18102_X1068_A_MSB37242A,supplementary_data_2_lfq,Sheet1,548,Sheet1!BQ548
PXD017052_SEER_BROAD,P28070,P28070,PXD017052:Sheet1:548:EXP18102_X1108_A_MSB37282A,supplementary_data_2_lfq,Sheet1,548,Sheet1!BR548
PXD017052_SEER_BROAD,P28070,P28070,PXD017052:Sheet1:548:EXP18102_X1109_A_MSB37283A,supplementary_data_2_lfq,Sheet1,548,Sheet1!BS548
PXD017052_SEER_BROAD,P28070,P28070,PXD017052:Sheet1:548:EXP18102_X1110_B_MSB37284B,supplementary_data_2_lfq,Sheet1,548,Sheet1!BT548
PXD017052_SEER_BROAD,P28070,P28070,PXD017052:Sheet1:548:EXP18102_X1114_A_MSB37288A,supplementary_data_2_lfq,Sheet1,548,Sheet1!BU548
PXD017052_SEER_BROAD,P28070,P28070,PXD017052:Sheet1:548:EXP18102_X1115_A_MSB37289A,supplementary_data_2_lfq,Sheet1,548,Sheet1!BV548
PXD017052_SEER_BROAD,P28070,P28070,PXD017052:Sheet1:548:EXP18102_X1116_A_MSB37290A,supplementary_data_2_lfq,Sheet1,548,Sheet1!BW548
PXD017052_SEER_BROAD,P30041,P30041,PXD017052:Sheet1:551:EXP18102_X1066_A_MSB37240A,supplementary_data_2_lfq,Sheet1,551,Sheet1!BO551
PXD017052_SEER_BROAD,P30041,P30041,PXD017052:Sheet1:551:EXP18102_X1067_A_MSB37241A,supplementary_data_2_lfq,Sheet1,551,Sheet1!BP551
PXD017052_SEER_BROAD,P30041,P30041,PXD017052:Sheet1:551:EXP18102_X1068_A_MSB37242A,supplementary_data_2_lfq,Sheet1,551,Sheet1!BQ551
PXD017052_SEER_BROAD,P30041,P30041,PXD017052:Sheet1:551:EXP18102_X1108_A_MSB37282A,supplementary_data_2_lfq,Sheet1,551,Sheet1!BR551
PXD017052_SEER_BROAD,P30041,P30041,PXD017052:Sheet1:551:EXP18102_X1109_A_MSB37283A,supplementary_data_2_lfq,Sheet1,551,Sheet1!BS551
PXD017052_SEER_BROAD,P30041,P30041,PXD017052:Sheet1:551:EXP18102_X1110_B_MSB37284B,supplementary_data_2_lfq,Sheet1,551,Sheet1!BT551
PXD017052_SEER_BROAD,P30041,P30041,PXD017052:Sheet1:551:EXP18102_X1114_A_MSB37288A,supplementary_data_2_lfq,Sheet1,551,Sheet1!BU551
PXD017052_SEER_BROAD,P30041,P30041,PXD017052:Sheet1:551:EXP18102_X1115_A_MSB37289A,supplementary_data_2_lfq,Sheet1,551,Sheet1!BV551
PXD017052_SEER_BROAD,P30041,P30041,PXD017052:Sheet1:551:EXP18102_X1116_A_MSB37290A,supplementary_data_2_lfq,Sheet1,551,Sheet1!BW551
PXD017052_SEER_BROAD,P30044,P30044-2;P30044-3;P30044;P30044-4,PXD017052:Sheet1:553:EXP18102_X1066_A_MSB37240A,supplementary_data_2_lfq,Sheet1,553,Sheet1!BO553
PXD017052_SEER_BROAD,P30044,P30044-2;P30044-3;P30044;P30044-4,PXD017052:Sheet1:553:EXP18102_X1067_A_MSB37241A,supplementary_data_2_lfq,Sheet1,553,Sheet1!BP553
PXD017052_SEER_BROAD,P30044,P30044-2;P30044-3;P30044;P30044-4,PXD017052:Sheet1:553:EXP18102_X1068_A_MSB37242A,supplementary_data_2_lfq,Sheet1,553,Sheet1!BQ553
PXD017052_SEER_BROAD,P30044,P30044-2;P30044-3;P30044;P30044-4,PXD017052:Sheet1:553:EXP18102_X1108_A_MSB37282A,supplementary_data_2_lfq,Sheet1,553,Sheet1!BR553
PXD017052_SEER_BROAD,P30044,P30044-2;P30044-3;P30044;P30044-4,PXD017052:Sheet1:553:EXP18102_X1109_A_MSB37283A,supplementary_data_2_lfq,Sheet1,553,Sheet1!BS553
PXD017052_SEER_BROAD,P30044,P30044-2;P30044-3;P30044;P30044-4,PXD017052:Sheet1:553:EXP18102_X1110_B_MSB37284B,supplementary_data_2_lfq,Sheet1,553,Sheet1!BT553
PXD017052_SEER_BROAD,P30044,P30044-2;P30044-3;P30044;P30044-4,PXD017052:Sheet1:553:EXP18102_X1114_A_MSB37288A,supplementary_data_2_lfq,Sheet1,553,Sheet1!BU553
PXD017052_SEER_BROAD,P30044,P30044-2;P30044-3;P30044;P30044-4,PXD017052:Sheet1:553:EXP18102_X1115_A_MSB37289A,supplementary_data_2_lfq,Sheet1,553,Sheet1!BV553
PXD017052_SEER_BROAD,P30044,P30044-2;P30044-3;P30044;P30044-4,PXD017052:Sheet1:553:EXP18102_X1116_A_MSB37290A,supplementary_data_2_lfq,Sheet1,553,Sheet1!BW553
PXD017052_SEER_BROAD,P30048,P30048-2;P30048,PXD017052:Sheet1:554:EXP18102_X1066_A_MSB37240A,supplementary_data_2_lfq,Sheet1,554,Sheet1!BO554
PXD017052_SEER_BROAD,P30048,P30048-2;P30048,PXD017052:Sheet1:554:EXP18102_X1067_A_MSB37241A,supplementary_data_2_lfq,Sheet1,554,Sheet1!BP554
PXD017052_SEER_BROAD,P30048,P30048-2;P30048,PXD017052:Sheet1:554:EXP18102_X1068_A_MSB37242A,supplementary_data_2_lfq,Sheet1,554,Sheet1!BQ554
PXD017052_SEER_BROAD,P30048,P30048-2;P30048,PXD017052:Sheet1:554:EXP18102_X1108_A_MSB37282A,supplementary_data_2_lfq,Sheet1,554,Sheet1!BR554
PXD017052_SEER_BROAD,P30048,P30048-2;P30048,PXD017052:Sheet1:554:EXP18102_X1109_A_MSB37283A,supplementary_data_2_lfq,Sheet1,554,Sheet1!BS554
PXD017052_SEER_BROAD,P30048,P30048-2;P30048,PXD017052:Sheet1:554:EXP18102_X1110_B_MSB37284B,supplementary_data_2_lfq,Sheet1,554,Sheet1!BT554
PXD017052_SEER_BROAD,P30048,P30048-2;P30048,PXD017052:Sheet1:554:EXP18102_X1114_A_MSB37288A,supplementary_data_2_lfq,Sheet1,554,Sheet1!BU554
PXD017052_SEER_BROAD,P30048,P30048-2;P30048,PXD017052:Sheet1:554:EXP18102_X1115_A_MSB37289A,supplementary_data_2_lfq,Sheet1,554,Sheet1!BV554
PXD017052_SEER_BROAD,P30048,P30048-2;P30048,PXD017052:Sheet1:554:EXP18102_X1116_A_MSB37290A,supplementary_data_2_lfq,Sheet1,554,Sheet1!BW554
PXD017052_SEER_BROAD,P30101,P30101,PXD017052:Sheet1:555:EXP18102_X1066_A_MSB37240A,supplementary_data_2_lfq,Sheet1,555,Sheet1!BO555
PXD017052_SEER_BROAD,P30101,P30101,PXD017052:Sheet1:555:EXP18102_X1067_A_MSB37241A,supplementary_data_2_lfq,Sheet1,555,Sheet1!BP555
PXD017052_SEER_BROAD,P30101,P30101,PXD017052:Sheet1:555:EXP18102_X1068_A_MSB37242A,supplementary_data_2_lfq,Sheet1,555,Sheet1!BQ555
PXD017052_SEER_BROAD,P30101,P30101,PXD017052:Sheet1:555:EXP18102_X1108_A_MSB37282A,supplementary_data_2_lfq,Sheet1,555,Sheet1!BR555
PXD017052_SEER_BROAD,P30101,P30101,PXD017052:Sheet1:555:EXP18102_X1109_A_MSB37283A,supplementary_data_2_lfq,Sheet1,555,Sheet1!BS555
PXD017052_SEER_BROAD,P30101,P30101,PXD017052:Sheet1:555:EXP18102_X1110_B_MSB37284B,supplementary_data_2_lfq,Sheet1,555,Sheet1!BT555
PXD017052_SEER_BROAD,P30101,P30101,PXD017052:Sheet1:555:EXP18102_X1114_A_MSB37288A,supplementary_data_2_lfq,Sheet1,555,Sheet1!BU555
PXD017052_SEER_BROAD,P30101,P30101,PXD017052:Sheet1:555:EXP18102_X1115_A_MSB37289A,supplementary_data_2_lfq,Sheet1,555,Sheet1!BV555
PXD017052_SEER_BROAD,P30101,P30101,PXD017052:Sheet1:555:EXP18102_X1116_A_MSB37290A,supplementary_data_2_lfq,Sheet1,555,Sheet1!BW555
PXD017052_SEER_BROAD,P37802,P37802;P37802-2,PXD017052:Sheet1:573:EXP18102_X1066_A_MSB37240A,supplementary_data_2_lfq,Sheet1,573,Sheet1!BO573
PXD017052_SEER_BROAD,P37802,P37802;P37802-2,PXD017052:Sheet1:573:EXP18102_X1067_A_MSB37241A,supplementary_data_2_lfq,Sheet1,573,Sheet1!BP573
PXD017052_SEER_BROAD,P37802,P37802;P37802-2,PXD017052:Sheet1:573:EXP18102_X1068_A_MSB37242A,supplementary_data_2_lfq,Sheet1,573,Sheet1!BQ573
PXD017052_SEER_BROAD,P37802,P37802;P37802-2,PXD017052:Sheet1:573:EXP18102_X1108_A_MSB37282A,supplementary_data_2_lfq,Sheet1,573,Sheet1!BR573
PXD017052_SEER_BROAD,P37802,P37802;P37802-2,PXD017052:Sheet1:573:EXP18102_X1109_A_MSB37283A,supplementary_data_2_lfq,Sheet1,573,Sheet1!BS573
PXD017052_SEER_BROAD,P37802,P37802;P37802-2,PXD017052:Sheet1:573:EXP18102_X1110_B_MSB37284B,supplementary_data_2_lfq,Sheet1,573,Sheet1!BT573
PXD017052_SEER_BROAD,P37802,P37802;P37802-2,PXD017052:Sheet1:573:EXP18102_X1114_A_MSB37288A,supplementary_data_2_lfq,Sheet1,573,Sheet1!BU573
PXD017052_SEER_BROAD,P37802,P37802;P37802-2,PXD017052:Sheet1:573:EXP18102_X1115_A_MSB37289A,supplementary_data_2_lfq,Sheet1,573,Sheet1!BV573
PXD017052_SEER_BROAD,P37802,P37802;P37802-2,PXD017052:Sheet1:573:EXP18102_X1116_A_MSB37290A,supplementary_data_2_lfq,Sheet1,573,Sheet1!BW573
PXD017052_SEER_BROAD,P38646,P38646,PXD017052:Sheet1:574:EXP18102_X1066_A_MSB37240A,supplementary_data_2_lfq,Sheet1,574,Sheet1!BO574
PXD017052_SEER_BROAD,P38646,P38646,PXD017052:Sheet1:574:EXP18102_X1067_A_MSB37241A,supplementary_data_2_lfq,Sheet1,574,Sheet1!BP574
PXD017052_SEER_BROAD,P38646,P38646,PXD017052:Sheet1:574:EXP18102_X1068_A_MSB37242A,supplementary_data_2_lfq,Sheet1,574,Sheet1!BQ574
PXD017052_SEER_BROAD,P38646,P38646,PXD017052:Sheet1:574:EXP18102_X1108_A_MSB37282A,supplementary_data_2_lfq,Sheet1,574,Sheet1!BR574
PXD017052_SEER_BROAD,P38646,P38646,PXD017052:Sheet1:574:EXP18102_X1109_A_MSB37283A,supplementary_data_2_lfq,Sheet1,574,Sheet1!BS574
PXD017052_SEER_BROAD,P38646,P38646,PXD017052:Sheet1:574:EXP18102_X1110_B_MSB37284B,supplementary_data_2_lfq,Sheet1,574,Sheet1!BT574
PXD017052_SEER_BROAD,P38646,P38646,PXD017052:Sheet1:574:EXP18102_X1114_A_MSB37288A,supplementary_data_2_lfq,Sheet1,574,Sheet1!BU574
PXD017052_SEER_BROAD,P38646,P38646,PXD017052:Sheet1:574:EXP18102_X1115_A_MSB37289A,supplementary_data_2_lfq,Sheet1,574,Sheet1!BV574
PXD017052_SEER_BROAD,P38646,P38646,PXD017052:Sheet1:574:EXP18102_X1116_A_MSB37290A,supplementary_data_2_lfq,Sheet1,574,Sheet1!BW574
PXD017052_SEER_BROAD,P45880,P45880-2;P45880;P45880-1,PXD017052:Sheet1:584:EXP18102_X1066_A_MSB37240A,supplementary_data_2_lfq,Sheet1,584,Sheet1!BO584
PXD017052_SEER_BROAD,P45880,P45880-2;P45880;P45880-1,PXD017052:Sheet1:584:EXP18102_X1067_A_MSB37241A,supplementary_data_2_lfq,Sheet1,584,Sheet1!BP584
PXD017052_SEER_BROAD,P45880,P45880-2;P45880;P45880-1,PXD017052:Sheet1:584:EXP18102_X1068_A_MSB37242A,supplementary_data_2_lfq,Sheet1,584,Sheet1!BQ584
PXD017052_SEER_BROAD,P45880,P45880-2;P45880;P45880-1,PXD017052:Sheet1:584:EXP18102_X1108_A_MSB37282A,supplementary_data_2_lfq,Sheet1,584,Sheet1!BR584
PXD017052_SEER_BROAD,P45880,P45880-2;P45880;P45880-1,PXD017052:Sheet1:584:EXP18102_X1109_A_MSB37283A,supplementary_data_2_lfq,Sheet1,584,Sheet1!BS584
PXD017052_SEER_BROAD,P45880,P45880-2;P45880;P45880-1,PXD017052:Sheet1:584:EXP18102_X1110_B_MSB37284B,supplementary_data_2_lfq,Sheet1,584,Sheet1!BT584
PXD017052_SEER_BROAD,P45880,P45880-2;P45880;P45880-1,PXD017052:Sheet1:584:EXP18102_X1114_A_MSB37288A,supplementary_data_2_lfq,Sheet1,584,Sheet1!BU584
PXD017052_SEER_BROAD,P45880,P45880-2;P45880;P45880-1,PXD017052:Sheet1:584:EXP18102_X1115_A_MSB37289A,supplementary_data_2_lfq,Sheet1,584,Sheet1!BV584
PXD017052_SEER_BROAD,P45880,P45880-2;P45880;P45880-1,PXD017052:Sheet1:584:EXP18102_X1116_A_MSB37290A,supplementary_data_2_lfq,Sheet1,584,Sheet1!BW584
PXD017052_SEER_BROAD,P49411,P49411,PXD017052:Sheet1:592:EXP18102_X1066_A_MSB37240A,supplementary_data_2_lfq,Sheet1,592,Sheet1!BO592
PXD017052_SEER_BROAD,P49411,P49411,PXD017052:Sheet1:592:EXP18102_X1067_A_MSB37241A,supplementary_data_2_lfq,Sheet1,592,Sheet1!BP592
PXD017052_SEER_BROAD,P49411,P49411,PXD017052:Sheet1:592:EXP18102_X1068_A_MSB37242A,supplementary_data_2_lfq,Sheet1,592,Sheet1!BQ592
PXD017052_SEER_BROAD,P49411,P49411,PXD017052:Sheet1:592:EXP18102_X1108_A_MSB37282A,supplementary_data_2_lfq,Sheet1,592,Sheet1!BR592
PXD017052_SEER_BROAD,P49411,P49411,PXD017052:Sheet1:592:EXP18102_X1109_A_MSB37283A,supplementary_data_2_lfq,Sheet1,592,Sheet1!BS592
PXD017052_SEER_BROAD,P49411,P49411,PXD017052:Sheet1:592:EXP18102_X1110_B_MSB37284B,supplementary_data_2_lfq,Sheet1,592,Sheet1!BT592
PXD017052_SEER_BROAD,P49411,P49411,PXD017052:Sheet1:592:EXP18102_X1114_A_MSB37288A,supplementary_data_2_lfq,Sheet1,592,Sheet1!BU592
PXD017052_SEER_BROAD,P49411,P49411,PXD017052:Sheet1:592:EXP18102_X1115_A_MSB37289A,supplementary_data_2_lfq,Sheet1,592,Sheet1!BV592
PXD017052_SEER_BROAD,P49411,P49411,PXD017052:Sheet1:592:EXP18102_X1116_A_MSB37290A,supplementary_data_2_lfq,Sheet1,592,Sheet1!BW592
PXD017052_SEER_BROAD,P50990,P50990;P50990-2;P50990-3,PXD017052:Sheet1:602:EXP18102_X1066_A_MSB37240A,supplementary_data_2_lfq,Sheet1,602,Sheet1!BO602
PXD017052_SEER_BROAD,P50990,P50990;P50990-2;P50990-3,PXD017052:Sheet1:602:EXP18102_X1067_A_MSB37241A,supplementary_data_2_lfq,Sheet1,602,Sheet1!BP602
PXD017052_SEER_BROAD,P50990,P50990;P50990-2;P50990-3,PXD017052:Sheet1:602:EXP18102_X1068_A_MSB37242A,supplementary_data_2_lfq,Sheet1,602,Sheet1!BQ602
PXD017052_SEER_BROAD,P50990,P50990;P50990-2;P50990-3,PXD017052:Sheet1:602:EXP18102_X1108_A_MSB37282A,supplementary_data_2_lfq,Sheet1,602,Sheet1!BR602
PXD017052_SEER_BROAD,P50990,P50990;P50990-2;P50990-3,PXD017052:Sheet1:602:EXP18102_X1109_A_MSB37283A,supplementary_data_2_lfq,Sheet1,602,Sheet1!BS602
PXD017052_SEER_BROAD,P50990,P50990;P50990-2;P50990-3,PXD017052:Sheet1:602:EXP18102_X1110_B_MSB37284B,supplementary_data_2_lfq,Sheet1,602,Sheet1!BT602
PXD017052_SEER_BROAD,P50990,P50990;P50990-2;P50990-3,PXD017052:Sheet1:602:EXP18102_X1114_A_MSB37288A,supplementary_data_2_lfq,Sheet1,602,Sheet1!BU602
PXD017052_SEER_BROAD,P50990,P50990;P50990-2;P50990-3,PXD017052:Sheet1:602:EXP18102_X1115_A_MSB37289A,supplementary_data_2_lfq,Sheet1,602,Sheet1!BV602
PXD017052_SEER_BROAD,P50990,P50990;P50990-2;P50990-3,PXD017052:Sheet1:602:EXP18102_X1116_A_MSB37290A,supplementary_data_2_lfq,Sheet1,602,Sheet1!BW602
PXD017052_SEER_BROAD,P50991,P50991;P50991-2,PXD017052:Sheet1:603:EXP18102_X1066_A_MSB37240A,supplementary_data_2_lfq,Sheet1,603,Sheet1!BO603
PXD017052_SEER_BROAD,P50991,P50991;P50991-2,PXD017052:Sheet1:603:EXP18102_X1067_A_MSB37241A,supplementary_data_2_lfq,Sheet1,603,Sheet1!BP603
PXD017052_SEER_BROAD,P50991,P50991;P50991-2,PXD017052:Sheet1:603:EXP18102_X1068_A_MSB37242A,supplementary_data_2_lfq,Sheet1,603,Sheet1!BQ603
PXD017052_SEER_BROAD,P50991,P50991;P50991-2,PXD017052:Sheet1:603:EXP18102_X1108_A_MSB37282A,supplementary_data_2_lfq,Sheet1,603,Sheet1!BR603
PXD017052_SEER_BROAD,P50991,P50991;P50991-2,PXD017052:Sheet1:603:EXP18102_X1109_A_MSB37283A,supplementary_data_2_lfq,Sheet1,603,Sheet1!BS603
PXD017052_SEER_BROAD,P50991,P50991;P50991-2,PXD017052:Sheet1:603:EXP18102_X1110_B_MSB37284B,supplementary_data_2_lfq,Sheet1,603,Sheet1!BT603
PXD017052_SEER_BROAD,P50991,P50991;P50991-2,PXD017052:Sheet1:603:EXP18102_X1114_A_MSB37288A,supplementary_data_2_lfq,Sheet1,603,Sheet1!BU603
PXD017052_SEER_BROAD,P50991,P50991;P50991-2,PXD017052:Sheet1:603:EXP18102_X1115_A_MSB37289A,supplementary_data_2_lfq,Sheet1,603,Sheet1!BV603
PXD017052_SEER_BROAD,P50991,P50991;P50991-2,PXD017052:Sheet1:603:EXP18102_X1116_A_MSB37290A,supplementary_data_2_lfq,Sheet1,603,Sheet1!BW603
PXD017052_SEER_BROAD,P50995,P50995-2;P50995,PXD017052:Sheet1:604:EXP18102_X1066_A_MSB37240A,supplementary_data_2_lfq,Sheet1,604,Sheet1!BO604
PXD017052_SEER_BROAD,P50995,P50995-2;P50995,PXD017052:Sheet1:604:EXP18102_X1067_A_MSB37241A,supplementary_data_2_lfq,Sheet1,604,Sheet1!BP604
PXD017052_SEER_BROAD,P50995,P50995-2;P50995,PXD017052:Sheet1:604:EXP18102_X1068_A_MSB37242A,supplementary_data_2_lfq,Sheet1,604,Sheet1!BQ604
PXD017052_SEER_BROAD,P50995,P50995-2;P50995,PXD017052:Sheet1:604:EXP18102_X1108_A_MSB37282A,supplementary_data_2_lfq,Sheet1,604,Sheet1!BR604
PXD017052_SEER_BROAD,P50995,P50995-2;P50995,PXD017052:Sheet1:604:EXP18102_X1109_A_MSB37283A,supplementary_data_2_lfq,Sheet1,604,Sheet1!BS604
PXD017052_SEER_BROAD,P50995,P50995-2;P50995,PXD017052:Sheet1:604:EXP18102_X1110_B_MSB37284B,supplementary_data_2_lfq,Sheet1,604,Sheet1!BT604
PXD017052_SEER_BROAD,P50995,P50995-2;P50995,PXD017052:Sheet1:604:EXP18102_X1114_A_MSB37288A,supplementary_data_2_lfq,Sheet1,604,Sheet1!BU604
PXD017052_SEER_BROAD,P50995,P50995-2;P50995,PXD017052:Sheet1:604:EXP18102_X1115_A_MSB37289A,supplementary_data_2_lfq,Sheet1,604,Sheet1!BV604
PXD017052_SEER_BROAD,P50995,P50995-2;P50995,PXD017052:Sheet1:604:EXP18102_X1116_A_MSB37290A,supplementary_data_2_lfq,Sheet1,604,Sheet1!BW604
PXD017052_SEER_BROAD,P52907,P52907,PXD017052:Sheet1:609:EXP18102_X1066_A_MSB37240A,supplementary_data_2_lfq,Sheet1,609,Sheet1!BO609
PXD017052_SEER_BROAD,P52907,P52907,PXD017052:Sheet1:609:EXP18102_X1067_A_MSB37241A,supplementary_data_2_lfq,Sheet1,609,Sheet1!BP609
PXD017052_SEER_BROAD,P52907,P52907,PXD017052:Sheet1:609:EXP18102_X1068_A_MSB37242A,supplementary_data_2_lfq,Sheet1,609,Sheet1!BQ609
PXD017052_SEER_BROAD,P52907,P52907,PXD017052:Sheet1:609:EXP18102_X1108_A_MSB37282A,supplementary_data_2_lfq,Sheet1,609,Sheet1!BR609
PXD017052_SEER_BROAD,P52907,P52907,PXD017052:Sheet1:609:EXP18102_X1109_A_MSB37283A,supplementary_data_2_lfq,Sheet1,609,Sheet1!BS609
PXD017052_SEER_BROAD,P52907,P52907,PXD017052:Sheet1:609:EXP18102_X1110_B_MSB37284B,supplementary_data_2_lfq,Sheet1,609,Sheet1!BT609
PXD017052_SEER_BROAD,P52907,P52907,PXD017052:Sheet1:609:EXP18102_X1114_A_MSB37288A,supplementary_data_2_lfq,Sheet1,609,Sheet1!BU609
PXD017052_SEER_BROAD,P52907,P52907,PXD017052:Sheet1:609:EXP18102_X1115_A_MSB37289A,supplementary_data_2_lfq,Sheet1,609,Sheet1!BV609
PXD017052_SEER_BROAD,P52907,P52907,PXD017052:Sheet1:609:EXP18102_X1116_A_MSB37290A,supplementary_data_2_lfq,Sheet1,609,Sheet1!BW609
PXD017052_SEER_BROAD,P53396,P53396-3;P53396-2;P53396,PXD017052:Sheet1:610:EXP18102_X1066_A_MSB37240A,supplementary_data_2_lfq,Sheet1,610,Sheet1!BO610
PXD017052_SEER_BROAD,P53396,P53396-3;P53396-2;P53396,PXD017052:Sheet1:610:EXP18102_X1067_A_MSB37241A,supplementary_data_2_lfq,Sheet1,610,Sheet1!BP610
PXD017052_SEER_BROAD,P53396,P53396-3;P53396-2;P53396,PXD017052:Sheet1:610:EXP18102_X1068_A_MSB37242A,supplementary_data_2_lfq,Sheet1,610,Sheet1!BQ610
PXD017052_SEER_BROAD,P53396,P53396-3;P53396-2;P53396,PXD017052:Sheet1:610:EXP18102_X1108_A_MSB37282A,supplementary_data_2_lfq,Sheet1,610,Sheet1!BR610
PXD017052_SEER_BROAD,P53396,P53396-3;P53396-2;P53396,PXD017052:Sheet1:610:EXP18102_X1109_A_MSB37283A,supplementary_data_2_lfq,Sheet1,610,Sheet1!BS610
PXD017052_SEER_BROAD,P53396,P53396-3;P53396-2;P53396,PXD017052:Sheet1:610:EXP18102_X1110_B_MSB37284B,supplementary_data_2_lfq,Sheet1,610,Sheet1!BT610
PXD017052_SEER_BROAD,P53396,P53396-3;P53396-2;P53396,PXD017052:Sheet1:610:EXP18102_X1114_A_MSB37288A,supplementary_data_2_lfq,Sheet1,610,Sheet1!BU610
PXD017052_SEER_BROAD,P53396,P53396-3;P53396-2;P53396,PXD017052:Sheet1:610:EXP18102_X1115_A_MSB37289A,supplementary_data_2_lfq,Sheet1,610,Sheet1!BV610
PXD017052_SEER_BROAD,P53396,P53396-3;P53396-2;P53396,PXD017052:Sheet1:610:EXP18102_X1116_A_MSB37290A,supplementary_data_2_lfq,Sheet1,610,Sheet1!BW610
PXD017052_SEER_BROAD,P55072,P55072,PXD017052:Sheet1:614:EXP18102_X1066_A_MSB37240A,supplementary_data_2_lfq,Sheet1,614,Sheet1!BO614
PXD017052_SEER_BROAD,P55072,P55072,PXD017052:Sheet1:614:EXP18102_X1067_A_MSB37241A,supplementary_data_2_lfq,Sheet1,614,Sheet1!BP614
PXD017052_SEER_BROAD,P55072,P55072,PXD017052:Sheet1:614:EXP18102_X1068_A_MSB37242A,supplementary_data_2_lfq,Sheet1,614,Sheet1!BQ614
PXD017052_SEER_BROAD,P55072,P55072,PXD017052:Sheet1:614:EXP18102_X1108_A_MSB37282A,supplementary_data_2_lfq,Sheet1,614,Sheet1!BR614
PXD017052_SEER_BROAD,P55072,P55072,PXD017052:Sheet1:614:EXP18102_X1109_A_MSB37283A,supplementary_data_2_lfq,Sheet1,614,Sheet1!BS614
PXD017052_SEER_BROAD,P55072,P55072,PXD017052:Sheet1:614:EXP18102_X1110_B_MSB37284B,supplementary_data_2_lfq,Sheet1,614,Sheet1!BT614
PXD017052_SEER_BROAD,P55072,P55072,PXD017052:Sheet1:614:EXP18102_X1114_A_MSB37288A,supplementary_data_2_lfq,Sheet1,614,Sheet1!BU614
PXD017052_SEER_BROAD,P55072,P55072,PXD017052:Sheet1:614:EXP18102_X1115_A_MSB37289A,supplementary_data_2_lfq,Sheet1,614,Sheet1!BV614
PXD017052_SEER_BROAD,P55072,P55072,PXD017052:Sheet1:614:EXP18102_X1116_A_MSB37290A,supplementary_data_2_lfq,Sheet1,614,Sheet1!BW614
PXD017052_SEER_BROAD,P60174,P60174-4;P60174-1;P60174,PXD017052:Sheet1:619:EXP18102_X1066_A_MSB37240A,supplementary_data_2_lfq,Sheet1,619,Sheet1!BO619
PXD017052_SEER_BROAD,P60174,P60174-4;P60174-1;P60174,PXD017052:Sheet1:619:EXP18102_X1067_A_MSB37241A,supplementary_data_2_lfq,Sheet1,619,Sheet1!BP619
PXD017052_SEER_BROAD,P60174,P60174-4;P60174-1;P60174,PXD017052:Sheet1:619:EXP18102_X1068_A_MSB37242A,supplementary_data_2_lfq,Sheet1,619,Sheet1!BQ619
PXD017052_SEER_BROAD,P60174,P60174-4;P60174-1;P60174,PXD017052:Sheet1:619:EXP18102_X1108_A_MSB37282A,supplementary_data_2_lfq,Sheet1,619,Sheet1!BR619
PXD017052_SEER_BROAD,P60174,P60174-4;P60174-1;P60174,PXD017052:Sheet1:619:EXP18102_X1109_A_MSB37283A,supplementary_data_2_lfq,Sheet1,619,Sheet1!BS619
PXD017052_SEER_BROAD,P60174,P60174-4;P60174-1;P60174,PXD017052:Sheet1:619:EXP18102_X1110_B_MSB37284B,supplementary_data_2_lfq,Sheet1,619,Sheet1!BT619
PXD017052_SEER_BROAD,P60174,P60174-4;P60174-1;P60174,PXD017052:Sheet1:619:EXP18102_X1114_A_MSB37288A,supplementary_data_2_lfq,Sheet1,619,Sheet1!BU619
PXD017052_SEER_BROAD,P60174,P60174-4;P60174-1;P60174,PXD017052:Sheet1:619:EXP18102_X1115_A_MSB37289A,supplementary_data_2_lfq,Sheet1,619,Sheet1!BV619
PXD017052_SEER_BROAD,P60174,P60174-4;P60174-1;P60174,PXD017052:Sheet1:619:EXP18102_X1116_A_MSB37290A,supplementary_data_2_lfq,Sheet1,619,Sheet1!BW619
PXD017052_SEER_BROAD,P61006,P61006;P61006-2,PXD017052:Sheet1:623:EXP18102_X1066_A_MSB37240A,supplementary_data_2_lfq,Sheet1,623,Sheet1!BO623
PXD017052_SEER_BROAD,P61006,P61006;P61006-2,PXD017052:Sheet1:623:EXP18102_X1067_A_MSB37241A,supplementary_data_2_lfq,Sheet1,623,Sheet1!BP623
PXD017052_SEER_BROAD,P61006,P61006;P61006-2,PXD017052:Sheet1:623:EXP18102_X1068_A_MSB37242A,supplementary_data_2_lfq,Sheet1,623,Sheet1!BQ623
PXD017052_SEER_BROAD,P61006,P61006;P61006-2,PXD017052:Sheet1:623:EXP18102_X1108_A_MSB37282A,supplementary_data_2_lfq,Sheet1,623,Sheet1!BR623
PXD017052_SEER_BROAD,P61006,P61006;P61006-2,PXD017052:Sheet1:623:EXP18102_X1109_A_MSB37283A,supplementary_data_2_lfq,Sheet1,623,Sheet1!BS623
PXD017052_SEER_BROAD,P61006,P61006;P61006-2,PXD017052:Sheet1:623:EXP18102_X1110_B_MSB37284B,supplementary_data_2_lfq,Sheet1,623,Sheet1!BT623
PXD017052_SEER_BROAD,P61006,P61006;P61006-2,PXD017052:Sheet1:623:EXP18102_X1114_A_MSB37288A,supplementary_data_2_lfq,Sheet1,623,Sheet1!BU623
PXD017052_SEER_BROAD,P61006,P61006;P61006-2,PXD017052:Sheet1:623:EXP18102_X1115_A_MSB37289A,supplementary_data_2_lfq,Sheet1,623,Sheet1!BV623
PXD017052_SEER_BROAD,P61006,P61006;P61006-2,PXD017052:Sheet1:623:EXP18102_X1116_A_MSB37290A,supplementary_data_2_lfq,Sheet1,623,Sheet1!BW623
PXD017052_SEER_BROAD,P61026,P61026,PXD017052:Sheet1:624:EXP18102_X1066_A_MSB37240A,supplementary_data_2_lfq,Sheet1,624,Sheet1!BO624
PXD017052_SEER_BROAD,P61026,P61026,PXD017052:Sheet1:624:EXP18102_X1067_A_MSB37241A,supplementary_data_2_lfq,Sheet1,624,Sheet1!BP624
PXD017052_SEER_BROAD,P61026,P61026,PXD017052:Sheet1:624:EXP18102_X1068_A_MSB37242A,supplementary_data_2_lfq,Sheet1,624,Sheet1!BQ624
PXD017052_SEER_BROAD,P61026,P61026,PXD017052:Sheet1:624:EXP18102_X1108_A_MSB37282A,supplementary_data_2_lfq,Sheet1,624,Sheet1!BR624
PXD017052_SEER_BROAD,P61026,P61026,PXD017052:Sheet1:624:EXP18102_X1109_A_MSB37283A,supplementary_data_2_lfq,Sheet1,624,Sheet1!BS624
PXD017052_SEER_BROAD,P61026,P61026,PXD017052:Sheet1:624:EXP18102_X1110_B_MSB37284B,supplementary_data_2_lfq,Sheet1,624,Sheet1!BT624
PXD017052_SEER_BROAD,P61026,P61026,PXD017052:Sheet1:624:EXP18102_X1114_A_MSB37288A,supplementary_data_2_lfq,Sheet1,624,Sheet1!BU624
PXD017052_SEER_BROAD,P61026,P61026,PXD017052:Sheet1:624:EXP18102_X1115_A_MSB37289A,supplementary_data_2_lfq,Sheet1,624,Sheet1!BV624
PXD017052_SEER_BROAD,P61026,P61026,PXD017052:Sheet1:624:EXP18102_X1116_A_MSB37290A,supplementary_data_2_lfq,Sheet1,624,Sheet1!BW624
PXD017052_SEER_BROAD,P61106,P61106,PXD017052:Sheet1:625:EXP18102_X1066_A_MSB37240A,supplementary_data_2_lfq,Sheet1,625,Sheet1!BO625
PXD017052_SEER_BROAD,P61106,P61106,PXD017052:Sheet1:625:EXP18102_X1067_A_MSB37241A,supplementary_data_2_lfq,Sheet1,625,Sheet1!BP625
PXD017052_SEER_BROAD,P61106,P61106,PXD017052:Sheet1:625:EXP18102_X1068_A_MSB37242A,supplementary_data_2_lfq,Sheet1,625,Sheet1!BQ625
PXD017052_SEER_BROAD,P61106,P61106,PXD017052:Sheet1:625:EXP18102_X1108_A_MSB37282A,supplementary_data_2_lfq,Sheet1,625,Sheet1!BR625
PXD017052_SEER_BROAD,P61106,P61106,PXD017052:Sheet1:625:EXP18102_X1109_A_MSB37283A,supplementary_data_2_lfq,Sheet1,625,Sheet1!BS625
PXD017052_SEER_BROAD,P61106,P61106,PXD017052:Sheet1:625:EXP18102_X1110_B_MSB37284B,supplementary_data_2_lfq,Sheet1,625,Sheet1!BT625
PXD017052_SEER_BROAD,P61106,P61106,PXD017052:Sheet1:625:EXP18102_X1114_A_MSB37288A,supplementary_data_2_lfq,Sheet1,625,Sheet1!BU625
PXD017052_SEER_BROAD,P61106,P61106,PXD017052:Sheet1:625:EXP18102_X1115_A_MSB37289A,supplementary_data_2_lfq,Sheet1,625,Sheet1!BV625
PXD017052_SEER_BROAD,P61106,P61106,PXD017052:Sheet1:625:EXP18102_X1116_A_MSB37290A,supplementary_data_2_lfq,Sheet1,625,Sheet1!BW625
PXD017052_SEER_BROAD,P61978,P61978-3;P61978;P61978-2,PXD017052:Sheet1:629:EXP18102_X1066_A_MSB37240A,supplementary_data_2_lfq,Sheet1,629,Sheet1!BO629
PXD017052_SEER_BROAD,P61978,P61978-3;P61978;P61978-2,PXD017052:Sheet1:629:EXP18102_X1067_A_MSB37241A,supplementary_data_2_lfq,Sheet1,629,Sheet1!BP629
PXD017052_SEER_BROAD,P61978,P61978-3;P61978;P61978-2,PXD017052:Sheet1:629:EXP18102_X1068_A_MSB37242A,supplementary_data_2_lfq,Sheet1,629,Sheet1!BQ629
PXD017052_SEER_BROAD,P61978,P61978-3;P61978;P61978-2,PXD017052:Sheet1:629:EXP18102_X1108_A_MSB37282A,supplementary_data_2_lfq,Sheet1,629,Sheet1!BR629
PXD017052_SEER_BROAD,P61978,P61978-3;P61978;P61978-2,PXD017052:Sheet1:629:EXP18102_X1109_A_MSB37283A,supplementary_data_2_lfq,Sheet1,629,Sheet1!BS629
PXD017052_SEER_BROAD,P61978,P61978-3;P61978;P61978-2,PXD017052:Sheet1:629:EXP18102_X1110_B_MSB37284B,supplementary_data_2_lfq,Sheet1,629,Sheet1!BT629
PXD017052_SEER_BROAD,P61978,P61978-3;P61978;P61978-2,PXD017052:Sheet1:629:EXP18102_X1114_A_MSB37288A,supplementary_data_2_lfq,Sheet1,629,Sheet1!BU629
PXD017052_SEER_BROAD,P61978,P61978-3;P61978;P61978-2,PXD017052:Sheet1:629:EXP18102_X1115_A_MSB37289A,supplementary_data_2_lfq,Sheet1,629,Sheet1!BV629
PXD017052_SEER_BROAD,P61978,P61978-3;P61978;P61978-2,PXD017052:Sheet1:629:EXP18102_X1116_A_MSB37290A,supplementary_data_2_lfq,Sheet1,629,Sheet1!BW629
PXD017052_SEER_BROAD,P61981,P61981,PXD017052:Sheet1:630:EXP18102_X1066_A_MSB37240A,supplementary_data_2_lfq,Sheet1,630,Sheet1!BO630
PXD017052_SEER_BROAD,P61981,P61981,PXD017052:Sheet1:630:EXP18102_X1067_A_MSB37241A,supplementary_data_2_lfq,Sheet1,630,Sheet1!BP630
PXD017052_SEER_BROAD,P61981,P61981,PXD017052:Sheet1:630:EXP18102_X1068_A_MSB37242A,supplementary_data_2_lfq,Sheet1,630,Sheet1!BQ630
PXD017052_SEER_BROAD,P61981,P61981,PXD017052:Sheet1:630:EXP18102_X1108_A_MSB37282A,supplementary_data_2_lfq,Sheet1,630,Sheet1!BR630
PXD017052_SEER_BROAD,P61981,P61981,PXD017052:Sheet1:630:EXP18102_X1109_A_MSB37283A,supplementary_data_2_lfq,Sheet1,630,Sheet1!BS630
PXD017052_SEER_BROAD,P61981,P61981,PXD017052:Sheet1:630:EXP18102_X1110_B_MSB37284B,supplementary_data_2_lfq,Sheet1,630,Sheet1!BT630
PXD017052_SEER_BROAD,P61981,P61981,PXD017052:Sheet1:630:EXP18102_X1114_A_MSB37288A,supplementary_data_2_lfq,Sheet1,630,Sheet1!BU630
PXD017052_SEER_BROAD,P61981,P61981,PXD017052:Sheet1:630:EXP18102_X1115_A_MSB37289A,supplementary_data_2_lfq,Sheet1,630,Sheet1!BV630
PXD017052_SEER_BROAD,P61981,P61981,PXD017052:Sheet1:630:EXP18102_X1116_A_MSB37290A,supplementary_data_2_lfq,Sheet1,630,Sheet1!BW630
PXD017052_SEER_BROAD,P62330,P62330,PXD017052:Sheet1:633:EXP18102_X1066_A_MSB37240A,supplementary_data_2_lfq,Sheet1,633,Sheet1!BO633
PXD017052_SEER_BROAD,P62330,P62330,PXD017052:Sheet1:633:EXP18102_X1067_A_MSB37241A,supplementary_data_2_lfq,Sheet1,633,Sheet1!BP633
PXD017052_SEER_BROAD,P62330,P62330,PXD017052:Sheet1:633:EXP18102_X1068_A_MSB37242A,supplementary_data_2_lfq,Sheet1,633,Sheet1!BQ633
PXD017052_SEER_BROAD,P62330,P62330,PXD017052:Sheet1:633:EXP18102_X1108_A_MSB37282A,supplementary_data_2_lfq,Sheet1,633,Sheet1!BR633
PXD017052_SEER_BROAD,P62330,P62330,PXD017052:Sheet1:633:EXP18102_X1109_A_MSB37283A,supplementary_data_2_lfq,Sheet1,633,Sheet1!BS633
PXD017052_SEER_BROAD,P62330,P62330,PXD017052:Sheet1:633:EXP18102_X1110_B_MSB37284B,supplementary_data_2_lfq,Sheet1,633,Sheet1!BT633
PXD017052_SEER_BROAD,P62330,P62330,PXD017052:Sheet1:633:EXP18102_X1114_A_MSB37288A,supplementary_data_2_lfq,Sheet1,633,Sheet1!BU633
PXD017052_SEER_BROAD,P62330,P62330,PXD017052:Sheet1:633:EXP18102_X1115_A_MSB37289A,supplementary_data_2_lfq,Sheet1,633,Sheet1!BV633
PXD017052_SEER_BROAD,P62330,P62330,PXD017052:Sheet1:633:EXP18102_X1116_A_MSB37290A,supplementary_data_2_lfq,Sheet1,633,Sheet1!BW633
PXD017052_SEER_BROAD,P62805,P62805,PXD017052:Sheet1:634:EXP18102_X1066_A_MSB37240A,supplementary_data_2_lfq,Sheet1,634,Sheet1!BO634
PXD017052_SEER_BROAD,P62805,P62805,PXD017052:Sheet1:634:EXP18102_X1067_A_MSB37241A,supplementary_data_2_lfq,Sheet1,634,Sheet1!BP634
PXD017052_SEER_BROAD,P62805,P62805,PXD017052:Sheet1:634:EXP18102_X1068_A_MSB37242A,supplementary_data_2_lfq,Sheet1,634,Sheet1!BQ634
PXD017052_SEER_BROAD,P62805,P62805,PXD017052:Sheet1:634:EXP18102_X1108_A_MSB37282A,supplementary_data_2_lfq,Sheet1,634,Sheet1!BR634
PXD017052_SEER_BROAD,P62805,P62805,PXD017052:Sheet1:634:EXP18102_X1109_A_MSB37283A,supplementary_data_2_lfq,Sheet1,634,Sheet1!BS634
PXD017052_SEER_BROAD,P62805,P62805,PXD017052:Sheet1:634:EXP18102_X1110_B_MSB37284B,supplementary_data_2_lfq,Sheet1,634,Sheet1!BT634
PXD017052_SEER_BROAD,P62805,P62805,PXD017052:Sheet1:634:EXP18102_X1114_A_MSB37288A,supplementary_data_2_lfq,Sheet1,634,Sheet1!BU634
PXD017052_SEER_BROAD,P62805,P62805,PXD017052:Sheet1:634:EXP18102_X1115_A_MSB37289A,supplementary_data_2_lfq,Sheet1,634,Sheet1!BV634
PXD017052_SEER_BROAD,P62805,P62805,PXD017052:Sheet1:634:EXP18102_X1116_A_MSB37290A,supplementary_data_2_lfq,Sheet1,634,Sheet1!BW634
PXD017052_SEER_BROAD,P63000,P63000;P63000-2,PXD017052:Sheet1:638:EXP18102_X1066_A_MSB37240A,supplementary_data_2_lfq,Sheet1,638,Sheet1!BO638
PXD017052_SEER_BROAD,P63000,P63000;P63000-2,PXD017052:Sheet1:638:EXP18102_X1067_A_MSB37241A,supplementary_data_2_lfq,Sheet1,638,Sheet1!BP638
PXD017052_SEER_BROAD,P63000,P63000;P63000-2,PXD017052:Sheet1:638:EXP18102_X1068_A_MSB37242A,supplementary_data_2_lfq,Sheet1,638,Sheet1!BQ638
PXD017052_SEER_BROAD,P63000,P63000;P63000-2,PXD017052:Sheet1:638:EXP18102_X1108_A_MSB37282A,supplementary_data_2_lfq,Sheet1,638,Sheet1!BR638
PXD017052_SEER_BROAD,P63000,P63000;P63000-2,PXD017052:Sheet1:638:EXP18102_X1109_A_MSB37283A,supplementary_data_2_lfq,Sheet1,638,Sheet1!BS638
PXD017052_SEER_BROAD,P63000,P63000;P63000-2,PXD017052:Sheet1:638:EXP18102_X1110_B_MSB37284B,supplementary_data_2_lfq,Sheet1,638,Sheet1!BT638
PXD017052_SEER_BROAD,P63000,P63000;P63000-2,PXD017052:Sheet1:638:EXP18102_X1114_A_MSB37288A,supplementary_data_2_lfq,Sheet1,638,Sheet1!BU638
PXD017052_SEER_BROAD,P63000,P63000;P63000-2,PXD017052:Sheet1:638:EXP18102_X1115_A_MSB37289A,supplementary_data_2_lfq,Sheet1,638,Sheet1!BV638
PXD017052_SEER_BROAD,P63000,P63000;P63000-2,PXD017052:Sheet1:638:EXP18102_X1116_A_MSB37290A,supplementary_data_2_lfq,Sheet1,638,Sheet1!BW638
PXD017052_SEER_BROAD,P68363,P68363;P68363-2,PXD017052:Sheet1:645:EXP18102_X1066_A_MSB37240A,supplementary_data_2_lfq,Sheet1,645,Sheet1!BO645
PXD017052_SEER_BROAD,P68363,P68363;P68363-2,PXD017052:Sheet1:645:EXP18102_X1067_A_MSB37241A,supplementary_data_2_lfq,Sheet1,645,Sheet1!BP645
PXD017052_SEER_BROAD,P68363,P68363;P68363-2,PXD017052:Sheet1:645:EXP18102_X1068_A_MSB37242A,supplementary_data_2_lfq,Sheet1,645,Sheet1!BQ645
PXD017052_SEER_BROAD,P68363,P68363;P68363-2,PXD017052:Sheet1:645:EXP18102_X1108_A_MSB37282A,supplementary_data_2_lfq,Sheet1,645,Sheet1!BR645
PXD017052_SEER_BROAD,P68363,P68363;P68363-2,PXD017052:Sheet1:645:EXP18102_X1109_A_MSB37283A,supplementary_data_2_lfq,Sheet1,645,Sheet1!BS645
PXD017052_SEER_BROAD,P68363,P68363;P68363-2,PXD017052:Sheet1:645:EXP18102_X1110_B_MSB37284B,supplementary_data_2_lfq,Sheet1,645,Sheet1!BT645
PXD017052_SEER_BROAD,P68363,P68363;P68363-2,PXD017052:Sheet1:645:EXP18102_X1114_A_MSB37288A,supplementary_data_2_lfq,Sheet1,645,Sheet1!BU645
PXD017052_SEER_BROAD,P68363,P68363;P68363-2,PXD017052:Sheet1:645:EXP18102_X1115_A_MSB37289A,supplementary_data_2_lfq,Sheet1,645,Sheet1!BV645
PXD017052_SEER_BROAD,P68363,P68363;P68363-2,PXD017052:Sheet1:645:EXP18102_X1116_A_MSB37290A,supplementary_data_2_lfq,Sheet1,645,Sheet1!BW645
PXD017052_SEER_BROAD,P68366,P68366-2;P68366,PXD017052:Sheet1:646:EXP18102_X1066_A_MSB37240A,supplementary_data_2_lfq,Sheet1,646,Sheet1!BO646
PXD017052_SEER_BROAD,P68366,P68366-2;P68366,PXD017052:Sheet1:646:EXP18102_X1067_A_MSB37241A,supplementary_data_2_lfq,Sheet1,646,Sheet1!BP646
PXD017052_SEER_BROAD,P68366,P68366-2;P68366,PXD017052:Sheet1:646:EXP18102_X1068_A_MSB37242A,supplementary_data_2_lfq,Sheet1,646,Sheet1!BQ646
PXD017052_SEER_BROAD,P68366,P68366-2;P68366,PXD017052:Sheet1:646:EXP18102_X1108_A_MSB37282A,supplementary_data_2_lfq,Sheet1,646,Sheet1!BR646
PXD017052_SEER_BROAD,P68366,P68366-2;P68366,PXD017052:Sheet1:646:EXP18102_X1109_A_MSB37283A,supplementary_data_2_lfq,Sheet1,646,Sheet1!BS646
PXD017052_SEER_BROAD,P68366,P68366-2;P68366,PXD017052:Sheet1:646:EXP18102_X1110_B_MSB37284B,supplementary_data_2_lfq,Sheet1,646,Sheet1!BT646
PXD017052_SEER_BROAD,P68366,P68366-2;P68366,PXD017052:Sheet1:646:EXP18102_X1114_A_MSB37288A,supplementary_data_2_lfq,Sheet1,646,Sheet1!BU646
PXD017052_SEER_BROAD,P68366,P68366-2;P68366,PXD017052:Sheet1:646:EXP18102_X1115_A_MSB37289A,supplementary_data_2_lfq,Sheet1,646,Sheet1!BV646
PXD017052_SEER_BROAD,P68366,P68366-2;P68366,PXD017052:Sheet1:646:EXP18102_X1116_A_MSB37290A,supplementary_data_2_lfq,Sheet1,646,Sheet1!BW646
PXD017052_SEER_BROAD,P78417,P78417-2;P78417-3;P78417,PXD017052:Sheet1:650:EXP18102_X1066_A_MSB37240A,supplementary_data_2_lfq,Sheet1,650,Sheet1!BO650
PXD017052_SEER_BROAD,P78417,P78417-2;P78417-3;P78417,PXD017052:Sheet1:650:EXP18102_X1067_A_MSB37241A,supplementary_data_2_lfq,Sheet1,650,Sheet1!BP650
PXD017052_SEER_BROAD,P78417,P78417-2;P78417-3;P78417,PXD017052:Sheet1:650:EXP18102_X1068_A_MSB37242A,supplementary_data_2_lfq,Sheet1,650,Sheet1!BQ650
PXD017052_SEER_BROAD,P78417,P78417-2;P78417-3;P78417,PXD017052:Sheet1:650:EXP18102_X1108_A_MSB37282A,supplementary_data_2_lfq,Sheet1,650,Sheet1!BR650
PXD017052_SEER_BROAD,P78417,P78417-2;P78417-3;P78417,PXD017052:Sheet1:650:EXP18102_X1109_A_MSB37283A,supplementary_data_2_lfq,Sheet1,650,Sheet1!BS650
PXD017052_SEER_BROAD,P78417,P78417-2;P78417-3;P78417,PXD017052:Sheet1:650:EXP18102_X1110_B_MSB37284B,supplementary_data_2_lfq,Sheet1,650,Sheet1!BT650
PXD017052_SEER_BROAD,P78417,P78417-2;P78417-3;P78417,PXD017052:Sheet1:650:EXP18102_X1114_A_MSB37288A,supplementary_data_2_lfq,Sheet1,650,Sheet1!BU650
PXD017052_SEER_BROAD,P78417,P78417-2;P78417-3;P78417,PXD017052:Sheet1:650:EXP18102_X1115_A_MSB37289A,supplementary_data_2_lfq,Sheet1,650,Sheet1!BV650
PXD017052_SEER_BROAD,P78417,P78417-2;P78417-3;P78417,PXD017052:Sheet1:650:EXP18102_X1116_A_MSB37290A,supplementary_data_2_lfq,Sheet1,650,Sheet1!BW650
PXD017052_SEER_BROAD,Q14247,Q14247-3;Q14247;Q14247-2,PXD017052:Sheet1:687:EXP18102_X1066_A_MSB37240A,supplementary_data_2_lfq,Sheet1,687,Sheet1!BO687
PXD017052_SEER_BROAD,Q14247,Q14247-3;Q14247;Q14247-2,PXD017052:Sheet1:687:EXP18102_X1067_A_MSB37241A,supplementary_data_2_lfq,Sheet1,687,Sheet1!BP687
PXD017052_SEER_BROAD,Q14247,Q14247-3;Q14247;Q14247-2,PXD017052:Sheet1:687:EXP18102_X1068_A_MSB37242A,supplementary_data_2_lfq,Sheet1,687,Sheet1!BQ687
PXD017052_SEER_BROAD,Q14247,Q14247-3;Q14247;Q14247-2,PXD017052:Sheet1:687:EXP18102_X1108_A_MSB37282A,supplementary_data_2_lfq,Sheet1,687,Sheet1!BR687
PXD017052_SEER_BROAD,Q14247,Q14247-3;Q14247;Q14247-2,PXD017052:Sheet1:687:EXP18102_X1109_A_MSB37283A,supplementary_data_2_lfq,Sheet1,687,Sheet1!BS687
PXD017052_SEER_BROAD,Q14247,Q14247-3;Q14247;Q14247-2,PXD017052:Sheet1:687:EXP18102_X1110_B_MSB37284B,supplementary_data_2_lfq,Sheet1,687,Sheet1!BT687
PXD017052_SEER_BROAD,Q14247,Q14247-3;Q14247;Q14247-2,PXD017052:Sheet1:687:EXP18102_X1114_A_MSB37288A,supplementary_data_2_lfq,Sheet1,687,Sheet1!BU687
PXD017052_SEER_BROAD,Q14247,Q14247-3;Q14247;Q14247-2,PXD017052:Sheet1:687:EXP18102_X1115_A_MSB37289A,supplementary_data_2_lfq,Sheet1,687,Sheet1!BV687
PXD017052_SEER_BROAD,Q14247,Q14247-3;Q14247;Q14247-2,PXD017052:Sheet1:687:EXP18102_X1116_A_MSB37290A,supplementary_data_2_lfq,Sheet1,687,Sheet1!BW687
PXD017052_SEER_BROAD,Q14974,Q14974;Q14974-2,PXD017052:Sheet1:695:EXP18102_X1066_A_MSB37240A,supplementary_data_2_lfq,Sheet1,695,Sheet1!BO695
PXD017052_SEER_BROAD,Q14974,Q14974;Q14974-2,PXD017052:Sheet1:695:EXP18102_X1067_A_MSB37241A,supplementary_data_2_lfq,Sheet1,695,Sheet1!BP695
PXD017052_SEER_BROAD,Q14974,Q14974;Q14974-2,PXD017052:Sheet1:695:EXP18102_X1068_A_MSB37242A,supplementary_data_2_lfq,Sheet1,695,Sheet1!BQ695
PXD017052_SEER_BROAD,Q14974,Q14974;Q14974-2,PXD017052:Sheet1:695:EXP18102_X1108_A_MSB37282A,supplementary_data_2_lfq,Sheet1,695,Sheet1!BR695
PXD017052_SEER_BROAD,Q14974,Q14974;Q14974-2,PXD017052:Sheet1:695:EXP18102_X1109_A_MSB37283A,supplementary_data_2_lfq,Sheet1,695,Sheet1!BS695
PXD017052_SEER_BROAD,Q14974,Q14974;Q14974-2,PXD017052:Sheet1:695:EXP18102_X1110_B_MSB37284B,supplementary_data_2_lfq,Sheet1,695,Sheet1!BT695
PXD017052_SEER_BROAD,Q14974,Q14974;Q14974-2,PXD017052:Sheet1:695:EXP18102_X1114_A_MSB37288A,supplementary_data_2_lfq,Sheet1,695,Sheet1!BU695
PXD017052_SEER_BROAD,Q14974,Q14974;Q14974-2,PXD017052:Sheet1:695:EXP18102_X1115_A_MSB37289A,supplementary_data_2_lfq,Sheet1,695,Sheet1!BV695
PXD017052_SEER_BROAD,Q14974,Q14974;Q14974-2,PXD017052:Sheet1:695:EXP18102_X1116_A_MSB37290A,supplementary_data_2_lfq,Sheet1,695,Sheet1!BW695
PXD017052_SEER_BROAD,Q15084,Q15084-3;Q15084;Q15084-4;Q15084-5;Q15084-2,PXD017052:Sheet1:696:EXP18102_X1066_A_MSB37240A,supplementary_data_2_lfq,Sheet1,696,Sheet1!BO696
PXD017052_SEER_BROAD,Q15084,Q15084-3;Q15084;Q15084-4;Q15084-5;Q15084-2,PXD017052:Sheet1:696:EXP18102_X1067_A_MSB37241A,supplementary_data_2_lfq,Sheet1,696,Sheet1!BP696
PXD017052_SEER_BROAD,Q15084,Q15084-3;Q15084;Q15084-4;Q15084-5;Q15084-2,PXD017052:Sheet1:696:EXP18102_X1068_A_MSB37242A,supplementary_data_2_lfq,Sheet1,696,Sheet1!BQ696
PXD017052_SEER_BROAD,Q15084,Q15084-3;Q15084;Q15084-4;Q15084-5;Q15084-2,PXD017052:Sheet1:696:EXP18102_X1108_A_MSB37282A,supplementary_data_2_lfq,Sheet1,696,Sheet1!BR696
PXD017052_SEER_BROAD,Q15084,Q15084-3;Q15084;Q15084-4;Q15084-5;Q15084-2,PXD017052:Sheet1:696:EXP18102_X1109_A_MSB37283A,supplementary_data_2_lfq,Sheet1,696,Sheet1!BS696
PXD017052_SEER_BROAD,Q15084,Q15084-3;Q15084;Q15084-4;Q15084-5;Q15084-2,PXD017052:Sheet1:696:EXP18102_X1110_B_MSB37284B,supplementary_data_2_lfq,Sheet1,696,Sheet1!BT696
PXD017052_SEER_BROAD,Q15084,Q15084-3;Q15084;Q15084-4;Q15084-5;Q15084-2,PXD017052:Sheet1:696:EXP18102_X1114_A_MSB37288A,supplementary_data_2_lfq,Sheet1,696,Sheet1!BU696
PXD017052_SEER_BROAD,Q15084,Q15084-3;Q15084;Q15084-4;Q15084-5;Q15084-2,PXD017052:Sheet1:696:EXP18102_X1115_A_MSB37289A,supplementary_data_2_lfq,Sheet1,696,Sheet1!BV696
PXD017052_SEER_BROAD,Q15084,Q15084-3;Q15084;Q15084-4;Q15084-5;Q15084-2,PXD017052:Sheet1:696:EXP18102_X1116_A_MSB37290A,supplementary_data_2_lfq,Sheet1,696,Sheet1!BW696
PXD017052_SEER_BROAD,Q15365,Q15365,PXD017052:Sheet1:700:EXP18102_X1066_A_MSB37240A,supplementary_data_2_lfq,Sheet1,700,Sheet1!BO700
PXD017052_SEER_BROAD,Q15365,Q15365,PXD017052:Sheet1:700:EXP18102_X1067_A_MSB37241A,supplementary_data_2_lfq,Sheet1,700,Sheet1!BP700
PXD017052_SEER_BROAD,Q15365,Q15365,PXD017052:Sheet1:700:EXP18102_X1068_A_MSB37242A,supplementary_data_2_lfq,Sheet1,700,Sheet1!BQ700
PXD017052_SEER_BROAD,Q15365,Q15365,PXD017052:Sheet1:700:EXP18102_X1108_A_MSB37282A,supplementary_data_2_lfq,Sheet1,700,Sheet1!BR700
PXD017052_SEER_BROAD,Q15365,Q15365,PXD017052:Sheet1:700:EXP18102_X1109_A_MSB37283A,supplementary_data_2_lfq,Sheet1,700,Sheet1!BS700
PXD017052_SEER_BROAD,Q15365,Q15365,PXD017052:Sheet1:700:EXP18102_X1110_B_MSB37284B,supplementary_data_2_lfq,Sheet1,700,Sheet1!BT700
PXD017052_SEER_BROAD,Q15365,Q15365,PXD017052:Sheet1:700:EXP18102_X1114_A_MSB37288A,supplementary_data_2_lfq,Sheet1,700,Sheet1!BU700
PXD017052_SEER_BROAD,Q15365,Q15365,PXD017052:Sheet1:700:EXP18102_X1115_A_MSB37289A,supplementary_data_2_lfq,Sheet1,700,Sheet1!BV700
PXD017052_SEER_BROAD,Q15365,Q15365,PXD017052:Sheet1:700:EXP18102_X1116_A_MSB37290A,supplementary_data_2_lfq,Sheet1,700,Sheet1!BW700
PXD017052_SEER_BROAD,Q15404,Q15404;Q15404-2,PXD017052:Sheet1:701:EXP18102_X1066_A_MSB37240A,supplementary_data_2_lfq,Sheet1,701,Sheet1!BO701
PXD017052_SEER_BROAD,Q15404,Q15404;Q15404-2,PXD017052:Sheet1:701:EXP18102_X1067_A_MSB37241A,supplementary_data_2_lfq,Sheet1,701,Sheet1!BP701
PXD017052_SEER_BROAD,Q15404,Q15404;Q15404-2,PXD017052:Sheet1:701:EXP18102_X1068_A_MSB37242A,supplementary_data_2_lfq,Sheet1,701,Sheet1!BQ701
PXD017052_SEER_BROAD,Q15404,Q15404;Q15404-2,PXD017052:Sheet1:701:EXP18102_X1108_A_MSB37282A,supplementary_data_2_lfq,Sheet1,701,Sheet1!BR701
PXD017052_SEER_BROAD,Q15404,Q15404;Q15404-2,PXD017052:Sheet1:701:EXP18102_X1109_A_MSB37283A,supplementary_data_2_lfq,Sheet1,701,Sheet1!BS701
PXD017052_SEER_BROAD,Q15404,Q15404;Q15404-2,PXD017052:Sheet1:701:EXP18102_X1110_B_MSB37284B,supplementary_data_2_lfq,Sheet1,701,Sheet1!BT701
PXD017052_SEER_BROAD,Q15404,Q15404;Q15404-2,PXD017052:Sheet1:701:EXP18102_X1114_A_MSB37288A,supplementary_data_2_lfq,Sheet1,701,Sheet1!BU701
PXD017052_SEER_BROAD,Q15404,Q15404;Q15404-2,PXD017052:Sheet1:701:EXP18102_X1115_A_MSB37289A,supplementary_data_2_lfq,Sheet1,701,Sheet1!BV701
PXD017052_SEER_BROAD,Q15404,Q15404;Q15404-2,PXD017052:Sheet1:701:EXP18102_X1116_A_MSB37290A,supplementary_data_2_lfq,Sheet1,701,Sheet1!BW701
PXD017052_SEER_BROAD,Q15691,Q15691,PXD017052:Sheet1:707:EXP18102_X1066_A_MSB37240A,supplementary_data_2_lfq,Sheet1,707,Sheet1!BO707
PXD017052_SEER_BROAD,Q15691,Q15691,PXD017052:Sheet1:707:EXP18102_X1067_A_MSB37241A,supplementary_data_2_lfq,Sheet1,707,Sheet1!BP707
PXD017052_SEER_BROAD,Q15691,Q15691,PXD017052:Sheet1:707:EXP18102_X1068_A_MSB37242A,supplementary_data_2_lfq,Sheet1,707,Sheet1!BQ707
PXD017052_SEER_BROAD,Q15691,Q15691,PXD017052:Sheet1:707:EXP18102_X1108_A_MSB37282A,supplementary_data_2_lfq,Sheet1,707,Sheet1!BR707
PXD017052_SEER_BROAD,Q15691,Q15691,PXD017052:Sheet1:707:EXP18102_X1109_A_MSB37283A,supplementary_data_2_lfq,Sheet1,707,Sheet1!BS707
PXD017052_SEER_BROAD,Q15691,Q15691,PXD017052:Sheet1:707:EXP18102_X1110_B_MSB37284B,supplementary_data_2_lfq,Sheet1,707,Sheet1!BT707
PXD017052_SEER_BROAD,Q15691,Q15691,PXD017052:Sheet1:707:EXP18102_X1114_A_MSB37288A,supplementary_data_2_lfq,Sheet1,707,Sheet1!BU707
PXD017052_SEER_BROAD,Q15691,Q15691,PXD017052:Sheet1:707:EXP18102_X1115_A_MSB37289A,supplementary_data_2_lfq,Sheet1,707,Sheet1!BV707
PXD017052_SEER_BROAD,Q15691,Q15691,PXD017052:Sheet1:707:EXP18102_X1116_A_MSB37290A,supplementary_data_2_lfq,Sheet1,707,Sheet1!BW707
PXD017052_SEER_BROAD,Q15942,Q15942;Q15942-2,PXD017052:Sheet1:714:EXP18102_X1066_A_MSB37240A,supplementary_data_2_lfq,Sheet1,714,Sheet1!BO714
PXD017052_SEER_BROAD,Q15942,Q15942;Q15942-2,PXD017052:Sheet1:714:EXP18102_X1067_A_MSB37241A,supplementary_data_2_lfq,Sheet1,714,Sheet1!BP714
PXD017052_SEER_BROAD,Q15942,Q15942;Q15942-2,PXD017052:Sheet1:714:EXP18102_X1068_A_MSB37242A,supplementary_data_2_lfq,Sheet1,714,Sheet1!BQ714
PXD017052_SEER_BROAD,Q15942,Q15942;Q15942-2,PXD017052:Sheet1:714:EXP18102_X1108_A_MSB37282A,supplementary_data_2_lfq,Sheet1,714,Sheet1!BR714
PXD017052_SEER_BROAD,Q15942,Q15942;Q15942-2,PXD017052:Sheet1:714:EXP18102_X1109_A_MSB37283A,supplementary_data_2_lfq,Sheet1,714,Sheet1!BS714
PXD017052_SEER_BROAD,Q15942,Q15942;Q15942-2,PXD017052:Sheet1:714:EXP18102_X1110_B_MSB37284B,supplementary_data_2_lfq,Sheet1,714,Sheet1!BT714
PXD017052_SEER_BROAD,Q15942,Q15942;Q15942-2,PXD017052:Sheet1:714:EXP18102_X1114_A_MSB37288A,supplementary_data_2_lfq,Sheet1,714,Sheet1!BU714
PXD017052_SEER_BROAD,Q15942,Q15942;Q15942-2,PXD017052:Sheet1:714:EXP18102_X1115_A_MSB37289A,supplementary_data_2_lfq,Sheet1,714,Sheet1!BV714
PXD017052_SEER_BROAD,Q15942,Q15942;Q15942-2,PXD017052:Sheet1:714:EXP18102_X1116_A_MSB37290A,supplementary_data_2_lfq,Sheet1,714,Sheet1!BW714
PXD017052_SEER_BROAD,Q16543,Q16543,PXD017052:Sheet1:716:EXP18102_X1066_A_MSB37240A,supplementary_data_2_lfq,Sheet1,716,Sheet1!BO716
PXD017052_SEER_BROAD,Q16543,Q16543,PXD017052:Sheet1:716:EXP18102_X1067_A_MSB37241A,supplementary_data_2_lfq,Sheet1,716,Sheet1!BP716
PXD017052_SEER_BROAD,Q16543,Q16543,PXD017052:Sheet1:716:EXP18102_X1068_A_MSB37242A,supplementary_data_2_lfq,Sheet1,716,Sheet1!BQ716
PXD017052_SEER_BROAD,Q16543,Q16543,PXD017052:Sheet1:716:EXP18102_X1108_A_MSB37282A,supplementary_data_2_lfq,Sheet1,716,Sheet1!BR716
PXD017052_SEER_BROAD,Q16543,Q16543,PXD017052:Sheet1:716:EXP18102_X1109_A_MSB37283A,supplementary_data_2_lfq,Sheet1,716,Sheet1!BS716
PXD017052_SEER_BROAD,Q16543,Q16543,PXD017052:Sheet1:716:EXP18102_X1110_B_MSB37284B,supplementary_data_2_lfq,Sheet1,716,Sheet1!BT716
PXD017052_SEER_BROAD,Q16543,Q16543,PXD017052:Sheet1:716:EXP18102_X1114_A_MSB37288A,supplementary_data_2_lfq,Sheet1,716,Sheet1!BU716
PXD017052_SEER_BROAD,Q16543,Q16543,PXD017052:Sheet1:716:EXP18102_X1115_A_MSB37289A,supplementary_data_2_lfq,Sheet1,716,Sheet1!BV716
PXD017052_SEER_BROAD,Q16543,Q16543,PXD017052:Sheet1:716:EXP18102_X1116_A_MSB37290A,supplementary_data_2_lfq,Sheet1,716,Sheet1!BW716
PXD017052_SEER_BROAD,Q16643,Q16643;Q16643-2;Q16643-3,PXD017052:Sheet1:718:EXP18102_X1066_A_MSB37240A,supplementary_data_2_lfq,Sheet1,718,Sheet1!BO718
PXD017052_SEER_BROAD,Q16643,Q16643;Q16643-2;Q16643-3,PXD017052:Sheet1:718:EXP18102_X1067_A_MSB37241A,supplementary_data_2_lfq,Sheet1,718,Sheet1!BP718
PXD017052_SEER_BROAD,Q16643,Q16643;Q16643-2;Q16643-3,PXD017052:Sheet1:718:EXP18102_X1068_A_MSB37242A,supplementary_data_2_lfq,Sheet1,718,Sheet1!BQ718
PXD017052_SEER_BROAD,Q16643,Q16643;Q16643-2;Q16643-3,PXD017052:Sheet1:718:EXP18102_X1108_A_MSB37282A,supplementary_data_2_lfq,Sheet1,718,Sheet1!BR718
PXD017052_SEER_BROAD,Q16643,Q16643;Q16643-2;Q16643-3,PXD017052:Sheet1:718:EXP18102_X1109_A_MSB37283A,supplementary_data_2_lfq,Sheet1,718,Sheet1!BS718
PXD017052_SEER_BROAD,Q16643,Q16643;Q16643-2;Q16643-3,PXD017052:Sheet1:718:EXP18102_X1110_B_MSB37284B,supplementary_data_2_lfq,Sheet1,718,Sheet1!BT718
PXD017052_SEER_BROAD,Q16643,Q16643;Q16643-2;Q16643-3,PXD017052:Sheet1:718:EXP18102_X1114_A_MSB37288A,supplementary_data_2_lfq,Sheet1,718,Sheet1!BU718
PXD017052_SEER_BROAD,Q16643,Q16643;Q16643-2;Q16643-3,PXD017052:Sheet1:718:EXP18102_X1115_A_MSB37289A,supplementary_data_2_lfq,Sheet1,718,Sheet1!BV718
PXD017052_SEER_BROAD,Q16643,Q16643;Q16643-2;Q16643-3,PXD017052:Sheet1:718:EXP18102_X1116_A_MSB37290A,supplementary_data_2_lfq,Sheet1,718,Sheet1!BW718
PXD017052_SEER_BROAD,Q16762,Q16762,PXD017052:Sheet1:719:EXP18102_X1066_A_MSB37240A,supplementary_data_2_lfq,Sheet1,719,Sheet1!BO719
PXD017052_SEER_BROAD,Q16762,Q16762,PXD017052:Sheet1:719:EXP18102_X1067_A_MSB37241A,supplementary_data_2_lfq,Sheet1,719,Sheet1!BP719
PXD017052_SEER_BROAD,Q16762,Q16762,PXD017052:Sheet1:719:EXP18102_X1068_A_MSB37242A,supplementary_data_2_lfq,Sheet1,719,Sheet1!BQ719
PXD017052_SEER_BROAD,Q16762,Q16762,PXD017052:Sheet1:719:EXP18102_X1108_A_MSB37282A,supplementary_data_2_lfq,Sheet1,719,Sheet1!BR719
PXD017052_SEER_BROAD,Q16762,Q16762,PXD017052:Sheet1:719:EXP18102_X1109_A_MSB37283A,supplementary_data_2_lfq,Sheet1,719,Sheet1!BS719
PXD017052_SEER_BROAD,Q16762,Q16762,PXD017052:Sheet1:719:EXP18102_X1110_B_MSB37284B,supplementary_data_2_lfq,Sheet1,719,Sheet1!BT719
PXD017052_SEER_BROAD,Q16762,Q16762,PXD017052:Sheet1:719:EXP18102_X1114_A_MSB37288A,supplementary_data_2_lfq,Sheet1,719,Sheet1!BU719
PXD017052_SEER_BROAD,Q16762,Q16762,PXD017052:Sheet1:719:EXP18102_X1115_A_MSB37289A,supplementary_data_2_lfq,Sheet1,719,Sheet1!BV719
PXD017052_SEER_BROAD,Q16762,Q16762,PXD017052:Sheet1:719:EXP18102_X1116_A_MSB37290A,supplementary_data_2_lfq,Sheet1,719,Sheet1!BW719
PXD017052_SEER_BROAD,Q27J81,Q27J81;Q27J81-2;Q27J81-3,PXD017052:Sheet1:720:EXP18102_X1066_A_MSB37240A,supplementary_data_2_lfq,Sheet1,720,Sheet1!BO720
PXD017052_SEER_BROAD,Q27J81,Q27J81;Q27J81-2;Q27J81-3,PXD017052:Sheet1:720:EXP18102_X1067_A_MSB37241A,supplementary_data_2_lfq,Sheet1,720,Sheet1!BP720
PXD017052_SEER_BROAD,Q27J81,Q27J81;Q27J81-2;Q27J81-3,PXD017052:Sheet1:720:EXP18102_X1068_A_MSB37242A,supplementary_data_2_lfq,Sheet1,720,Sheet1!BQ720
PXD017052_SEER_BROAD,Q27J81,Q27J81;Q27J81-2;Q27J81-3,PXD017052:Sheet1:720:EXP18102_X1108_A_MSB37282A,supplementary_data_2_lfq,Sheet1,720,Sheet1!BR720
PXD017052_SEER_BROAD,Q27J81,Q27J81;Q27J81-2;Q27J81-3,PXD017052:Sheet1:720:EXP18102_X1109_A_MSB37283A,supplementary_data_2_lfq,Sheet1,720,Sheet1!BS720
PXD017052_SEER_BROAD,Q27J81,Q27J81;Q27J81-2;Q27J81-3,PXD017052:Sheet1:720:EXP18102_X1110_B_MSB37284B,supplementary_data_2_lfq,Sheet1,720,Sheet1!BT720
PXD017052_SEER_BROAD,Q27J81,Q27J81;Q27J81-2;Q27J81-3,PXD017052:Sheet1:720:EXP18102_X1114_A_MSB37288A,supplementary_data_2_lfq,Sheet1,720,Sheet1!BU720
PXD017052_SEER_BROAD,Q27J81,Q27J81;Q27J81-2;Q27J81-3,PXD017052:Sheet1:720:EXP18102_X1115_A_MSB37289A,supplementary_data_2_lfq,Sheet1,720,Sheet1!BV720
PXD017052_SEER_BROAD,Q27J81,Q27J81;Q27J81-2;Q27J81-3,PXD017052:Sheet1:720:EXP18102_X1116_A_MSB37290A,supplementary_data_2_lfq,Sheet1,720,Sheet1!BW720
PXD017052_SEER_BROAD,Q58FF8,Q58FF8,PXD017052:Sheet1:724:EXP18102_X1066_A_MSB37240A,supplementary_data_2_lfq,Sheet1,724,Sheet1!BO724
PXD017052_SEER_BROAD,Q58FF8,Q58FF8,PXD017052:Sheet1:724:EXP18102_X1067_A_MSB37241A,supplementary_data_2_lfq,Sheet1,724,Sheet1!BP724
PXD017052_SEER_BROAD,Q58FF8,Q58FF8,PXD017052:Sheet1:724:EXP18102_X1068_A_MSB37242A,supplementary_data_2_lfq,Sheet1,724,Sheet1!BQ724
PXD017052_SEER_BROAD,Q58FF8,Q58FF8,PXD017052:Sheet1:724:EXP18102_X1108_A_MSB37282A,supplementary_data_2_lfq,Sheet1,724,Sheet1!BR724
PXD017052_SEER_BROAD,Q58FF8,Q58FF8,PXD017052:Sheet1:724:EXP18102_X1109_A_MSB37283A,supplementary_data_2_lfq,Sheet1,724,Sheet1!BS724
PXD017052_SEER_BROAD,Q58FF8,Q58FF8,PXD017052:Sheet1:724:EXP18102_X1110_B_MSB37284B,supplementary_data_2_lfq,Sheet1,724,Sheet1!BT724
PXD017052_SEER_BROAD,Q58FF8,Q58FF8,PXD017052:Sheet1:724:EXP18102_X1114_A_MSB37288A,supplementary_data_2_lfq,Sheet1,724,Sheet1!BU724
PXD017052_SEER_BROAD,Q58FF8,Q58FF8,PXD017052:Sheet1:724:EXP18102_X1115_A_MSB37289A,supplementary_data_2_lfq,Sheet1,724,Sheet1!BV724
PXD017052_SEER_BROAD,Q58FF8,Q58FF8,PXD017052:Sheet1:724:EXP18102_X1116_A_MSB37290A,supplementary_data_2_lfq,Sheet1,724,Sheet1!BW724
PXD017052_SEER_BROAD,Q70J99,Q70J99-3;Q70J99;Q70J99-2,PXD017052:Sheet1:740:EXP18102_X1066_A_MSB37240A,supplementary_data_2_lfq,Sheet1,740,Sheet1!BO740
PXD017052_SEER_BROAD,Q70J99,Q70J99-3;Q70J99;Q70J99-2,PXD017052:Sheet1:740:EXP18102_X1067_A_MSB37241A,supplementary_data_2_lfq,Sheet1,740,Sheet1!BP740
PXD017052_SEER_BROAD,Q70J99,Q70J99-3;Q70J99;Q70J99-2,PXD017052:Sheet1:740:EXP18102_X1068_A_MSB37242A,supplementary_data_2_lfq,Sheet1,740,Sheet1!BQ740
PXD017052_SEER_BROAD,Q70J99,Q70J99-3;Q70J99;Q70J99-2,PXD017052:Sheet1:740:EXP18102_X1108_A_MSB37282A,supplementary_data_2_lfq,Sheet1,740,Sheet1!BR740
PXD017052_SEER_BROAD,Q70J99,Q70J99-3;Q70J99;Q70J99-2,PXD017052:Sheet1:740:EXP18102_X1109_A_MSB37283A,supplementary_data_2_lfq,Sheet1,740,Sheet1!BS740
PXD017052_SEER_BROAD,Q70J99,Q70J99-3;Q70J99;Q70J99-2,PXD017052:Sheet1:740:EXP18102_X1110_B_MSB37284B,supplementary_data_2_lfq,Sheet1,740,Sheet1!BT740
PXD017052_SEER_BROAD,Q70J99,Q70J99-3;Q70J99;Q70J99-2,PXD017052:Sheet1:740:EXP18102_X1114_A_MSB37288A,supplementary_data_2_lfq,Sheet1,740,Sheet1!BU740
PXD017052_SEER_BROAD,Q70J99,Q70J99-3;Q70J99;Q70J99-2,PXD017052:Sheet1:740:EXP18102_X1115_A_MSB37289A,supplementary_data_2_lfq,Sheet1,740,Sheet1!BV740
PXD017052_SEER_BROAD,Q70J99,Q70J99-3;Q70J99;Q70J99-2,PXD017052:Sheet1:740:EXP18102_X1116_A_MSB37290A,supplementary_data_2_lfq,Sheet1,740,Sheet1!BW740
PXD017052_SEER_BROAD,Q7L576,Q7L576;Q7L576-2;Q7L576-3,PXD017052:Sheet1:742:EXP18102_X1066_A_MSB37240A,supplementary_data_2_lfq,Sheet1,742,Sheet1!BO742
PXD017052_SEER_BROAD,Q7L576,Q7L576;Q7L576-2;Q7L576-3,PXD017052:Sheet1:742:EXP18102_X1067_A_MSB37241A,supplementary_data_2_lfq,Sheet1,742,Sheet1!BP742
PXD017052_SEER_BROAD,Q7L576,Q7L576;Q7L576-2;Q7L576-3,PXD017052:Sheet1:742:EXP18102_X1068_A_MSB37242A,supplementary_data_2_lfq,Sheet1,742,Sheet1!BQ742
PXD017052_SEER_BROAD,Q7L576,Q7L576;Q7L576-2;Q7L576-3,PXD017052:Sheet1:742:EXP18102_X1108_A_MSB37282A,supplementary_data_2_lfq,Sheet1,742,Sheet1!BR742
PXD017052_SEER_BROAD,Q7L576,Q7L576;Q7L576-2;Q7L576-3,PXD017052:Sheet1:742:EXP18102_X1109_A_MSB37283A,supplementary_data_2_lfq,Sheet1,742,Sheet1!BS742
PXD017052_SEER_BROAD,Q7L576,Q7L576;Q7L576-2;Q7L576-3,PXD017052:Sheet1:742:EXP18102_X1110_B_MSB37284B,supplementary_data_2_lfq,Sheet1,742,Sheet1!BT742
PXD017052_SEER_BROAD,Q7L576,Q7L576;Q7L576-2;Q7L576-3,PXD017052:Sheet1:742:EXP18102_X1114_A_MSB37288A,supplementary_data_2_lfq,Sheet1,742,Sheet1!BU742
PXD017052_SEER_BROAD,Q7L576,Q7L576;Q7L576-2;Q7L576-3,PXD017052:Sheet1:742:EXP18102_X1115_A_MSB37289A,supplementary_data_2_lfq,Sheet1,742,Sheet1!BV742
PXD017052_SEER_BROAD,Q7L576,Q7L576;Q7L576-2;Q7L576-3,PXD017052:Sheet1:742:EXP18102_X1116_A_MSB37290A,supplementary_data_2_lfq,Sheet1,742,Sheet1!BW742
PXD017052_SEER_BROAD,Q7Z406,Q7Z406;Q7Z406-6;Q7Z406-2;Q7Z406-5;Q7Z406-4,PXD017052:Sheet1:745:EXP18102_X1066_A_MSB37240A,supplementary_data_2_lfq,Sheet1,745,Sheet1!BO745
PXD017052_SEER_BROAD,Q7Z406,Q7Z406;Q7Z406-6;Q7Z406-2;Q7Z406-5;Q7Z406-4,PXD017052:Sheet1:745:EXP18102_X1067_A_MSB37241A,supplementary_data_2_lfq,Sheet1,745,Sheet1!BP745
PXD017052_SEER_BROAD,Q7Z406,Q7Z406;Q7Z406-6;Q7Z406-2;Q7Z406-5;Q7Z406-4,PXD017052:Sheet1:745:EXP18102_X1068_A_MSB37242A,supplementary_data_2_lfq,Sheet1,745,Sheet1!BQ745
PXD017052_SEER_BROAD,Q7Z406,Q7Z406;Q7Z406-6;Q7Z406-2;Q7Z406-5;Q7Z406-4,PXD017052:Sheet1:745:EXP18102_X1108_A_MSB37282A,supplementary_data_2_lfq,Sheet1,745,Sheet1!BR745
PXD017052_SEER_BROAD,Q7Z406,Q7Z406;Q7Z406-6;Q7Z406-2;Q7Z406-5;Q7Z406-4,PXD017052:Sheet1:745:EXP18102_X1109_A_MSB37283A,supplementary_data_2_lfq,Sheet1,745,Sheet1!BS745
PXD017052_SEER_BROAD,Q7Z406,Q7Z406;Q7Z406-6;Q7Z406-2;Q7Z406-5;Q7Z406-4,PXD017052:Sheet1:745:EXP18102_X1110_B_MSB37284B,supplementary_data_2_lfq,Sheet1,745,Sheet1!BT745
PXD017052_SEER_BROAD,Q7Z406,Q7Z406;Q7Z406-6;Q7Z406-2;Q7Z406-5;Q7Z406-4,PXD017052:Sheet1:745:EXP18102_X1114_A_MSB37288A,supplementary_data_2_lfq,Sheet1,745,Sheet1!BU745
PXD017052_SEER_BROAD,Q7Z406,Q7Z406;Q7Z406-6;Q7Z406-2;Q7Z406-5;Q7Z406-4,PXD017052:Sheet1:745:EXP18102_X1115_A_MSB37289A,supplementary_data_2_lfq,Sheet1,745,Sheet1!BV745
PXD017052_SEER_BROAD,Q7Z406,Q7Z406;Q7Z406-6;Q7Z406-2;Q7Z406-5;Q7Z406-4,PXD017052:Sheet1:745:EXP18102_X1116_A_MSB37290A,supplementary_data_2_lfq,Sheet1,745,Sheet1!BW745
PXD017052_SEER_BROAD,Q86VP6,Q86VP6;Q86VP6-2;Q86VP6-3,PXD017052:Sheet1:749:EXP18102_X1066_A_MSB37240A,supplementary_data_2_lfq,Sheet1,749,Sheet1!BO749
PXD017052_SEER_BROAD,Q86VP6,Q86VP6;Q86VP6-2;Q86VP6-3,PXD017052:Sheet1:749:EXP18102_X1067_A_MSB37241A,supplementary_data_2_lfq,Sheet1,749,Sheet1!BP749
PXD017052_SEER_BROAD,Q86VP6,Q86VP6;Q86VP6-2;Q86VP6-3,PXD017052:Sheet1:749:EXP18102_X1068_A_MSB37242A,supplementary_data_2_lfq,Sheet1,749,Sheet1!BQ749
PXD017052_SEER_BROAD,Q86VP6,Q86VP6;Q86VP6-2;Q86VP6-3,PXD017052:Sheet1:749:EXP18102_X1108_A_MSB37282A,supplementary_data_2_lfq,Sheet1,749,Sheet1!BR749
PXD017052_SEER_BROAD,Q86VP6,Q86VP6;Q86VP6-2;Q86VP6-3,PXD017052:Sheet1:749:EXP18102_X1109_A_MSB37283A,supplementary_data_2_lfq,Sheet1,749,Sheet1!BS749
PXD017052_SEER_BROAD,Q86VP6,Q86VP6;Q86VP6-2;Q86VP6-3,PXD017052:Sheet1:749:EXP18102_X1110_B_MSB37284B,supplementary_data_2_lfq,Sheet1,749,Sheet1!BT749
PXD017052_SEER_BROAD,Q86VP6,Q86VP6;Q86VP6-2;Q86VP6-3,PXD017052:Sheet1:749:EXP18102_X1114_A_MSB37288A,supplementary_data_2_lfq,Sheet1,749,Sheet1!BU749
PXD017052_SEER_BROAD,Q86VP6,Q86VP6;Q86VP6-2;Q86VP6-3,PXD017052:Sheet1:749:EXP18102_X1115_A_MSB37289A,supplementary_data_2_lfq,Sheet1,749,Sheet1!BV749
PXD017052_SEER_BROAD,Q86VP6,Q86VP6;Q86VP6-2;Q86VP6-3,PXD017052:Sheet1:749:EXP18102_X1116_A_MSB37290A,supplementary_data_2_lfq,Sheet1,749,Sheet1!BW749
PXD017052_SEER_BROAD,Q8TC12,Q8TC12;Q8TC12-2;Q8TC12-3,PXD017052:Sheet1:765:EXP18102_X1066_A_MSB37240A,supplementary_data_2_lfq,Sheet1,765,Sheet1!BO765
PXD017052_SEER_BROAD,Q8TC12,Q8TC12;Q8TC12-2;Q8TC12-3,PXD017052:Sheet1:765:EXP18102_X1067_A_MSB37241A,supplementary_data_2_lfq,Sheet1,765,Sheet1!BP765
PXD017052_SEER_BROAD,Q8TC12,Q8TC12;Q8TC12-2;Q8TC12-3,PXD017052:Sheet1:765:EXP18102_X1068_A_MSB37242A,supplementary_data_2_lfq,Sheet1,765,Sheet1!BQ765
PXD017052_SEER_BROAD,Q8TC12,Q8TC12;Q8TC12-2;Q8TC12-3,PXD017052:Sheet1:765:EXP18102_X1108_A_MSB37282A,supplementary_data_2_lfq,Sheet1,765,Sheet1!BR765
PXD017052_SEER_BROAD,Q8TC12,Q8TC12;Q8TC12-2;Q8TC12-3,PXD017052:Sheet1:765:EXP18102_X1109_A_MSB37283A,supplementary_data_2_lfq,Sheet1,765,Sheet1!BS765
PXD017052_SEER_BROAD,Q8TC12,Q8TC12;Q8TC12-2;Q8TC12-3,PXD017052:Sheet1:765:EXP18102_X1110_B_MSB37284B,supplementary_data_2_lfq,Sheet1,765,Sheet1!BT765
PXD017052_SEER_BROAD,Q8TC12,Q8TC12;Q8TC12-2;Q8TC12-3,PXD017052:Sheet1:765:EXP18102_X1114_A_MSB37288A,supplementary_data_2_lfq,Sheet1,765,Sheet1!BU765
PXD017052_SEER_BROAD,Q8TC12,Q8TC12;Q8TC12-2;Q8TC12-3,PXD017052:Sheet1:765:EXP18102_X1115_A_MSB37289A,supplementary_data_2_lfq,Sheet1,765,Sheet1!BV765
PXD017052_SEER_BROAD,Q8TC12,Q8TC12;Q8TC12-2;Q8TC12-3,PXD017052:Sheet1:765:EXP18102_X1116_A_MSB37290A,supplementary_data_2_lfq,Sheet1,765,Sheet1!BW765
PXD017052_SEER_BROAD,Q93084,Q93084-4;Q93084-2;Q93084-3;Q93084-7;Q93084;Q93084-6;Q93084-5,PXD017052:Sheet1:776:EXP18102_X1066_A_MSB37240A,supplementary_data_2_lfq,Sheet1,776,Sheet1!BO776
PXD017052_SEER_BROAD,Q93084,Q93084-4;Q93084-2;Q93084-3;Q93084-7;Q93084;Q93084-6;Q93084-5,PXD017052:Sheet1:776:EXP18102_X1067_A_MSB37241A,supplementary_data_2_lfq,Sheet1,776,Sheet1!BP776
PXD017052_SEER_BROAD,Q93084,Q93084-4;Q93084-2;Q93084-3;Q93084-7;Q93084;Q93084-6;Q93084-5,PXD017052:Sheet1:776:EXP18102_X1068_A_MSB37242A,supplementary_data_2_lfq,Sheet1,776,Sheet1!BQ776
PXD017052_SEER_BROAD,Q93084,Q93084-4;Q93084-2;Q93084-3;Q93084-7;Q93084;Q93084-6;Q93084-5,PXD017052:Sheet1:776:EXP18102_X1108_A_MSB37282A,supplementary_data_2_lfq,Sheet1,776,Sheet1!BR776
PXD017052_SEER_BROAD,Q93084,Q93084-4;Q93084-2;Q93084-3;Q93084-7;Q93084;Q93084-6;Q93084-5,PXD017052:Sheet1:776:EXP18102_X1109_A_MSB37283A,supplementary_data_2_lfq,Sheet1,776,Sheet1!BS776
PXD017052_SEER_BROAD,Q93084,Q93084-4;Q93084-2;Q93084-3;Q93084-7;Q93084;Q93084-6;Q93084-5,PXD017052:Sheet1:776:EXP18102_X1110_B_MSB37284B,supplementary_data_2_lfq,Sheet1,776,Sheet1!BT776
PXD017052_SEER_BROAD,Q93084,Q93084-4;Q93084-2;Q93084-3;Q93084-7;Q93084;Q93084-6;Q93084-5,PXD017052:Sheet1:776:EXP18102_X1114_A_MSB37288A,supplementary_data_2_lfq,Sheet1,776,Sheet1!BU776
PXD017052_SEER_BROAD,Q93084,Q93084-4;Q93084-2;Q93084-3;Q93084-7;Q93084;Q93084-6;Q93084-5,PXD017052:Sheet1:776:EXP18102_X1115_A_MSB37289A,supplementary_data_2_lfq,Sheet1,776,Sheet1!BV776
PXD017052_SEER_BROAD,Q93084,Q93084-4;Q93084-2;Q93084-3;Q93084-7;Q93084;Q93084-6;Q93084-5,PXD017052:Sheet1:776:EXP18102_X1116_A_MSB37290A,supplementary_data_2_lfq,Sheet1,776,Sheet1!BW776
PXD017052_SEER_BROAD,Q99733,Q99733;Q99733-2,PXD017052:Sheet1:787:EXP18102_X1066_A_MSB37240A,supplementary_data_2_lfq,Sheet1,787,Sheet1!BO787
PXD017052_SEER_BROAD,Q99733,Q99733;Q99733-2,PXD017052:Sheet1:787:EXP18102_X1067_A_MSB37241A,supplementary_data_2_lfq,Sheet1,787,Sheet1!BP787
PXD017052_SEER_BROAD,Q99733,Q99733;Q99733-2,PXD017052:Sheet1:787:EXP18102_X1068_A_MSB37242A,supplementary_data_2_lfq,Sheet1,787,Sheet1!BQ787
PXD017052_SEER_BROAD,Q99733,Q99733;Q99733-2,PXD017052:Sheet1:787:EXP18102_X1108_A_MSB37282A,supplementary_data_2_lfq,Sheet1,787,Sheet1!BR787
PXD017052_SEER_BROAD,Q99733,Q99733;Q99733-2,PXD017052:Sheet1:787:EXP18102_X1109_A_MSB37283A,supplementary_data_2_lfq,Sheet1,787,Sheet1!BS787
PXD017052_SEER_BROAD,Q99733,Q99733;Q99733-2,PXD017052:Sheet1:787:EXP18102_X1110_B_MSB37284B,supplementary_data_2_lfq,Sheet1,787,Sheet1!BT787
PXD017052_SEER_BROAD,Q99733,Q99733;Q99733-2,PXD017052:Sheet1:787:EXP18102_X1114_A_MSB37288A,supplementary_data_2_lfq,Sheet1,787,Sheet1!BU787
PXD017052_SEER_BROAD,Q99733,Q99733;Q99733-2,PXD017052:Sheet1:787:EXP18102_X1115_A_MSB37289A,supplementary_data_2_lfq,Sheet1,787,Sheet1!BV787
PXD017052_SEER_BROAD,Q99733,Q99733;Q99733-2,PXD017052:Sheet1:787:EXP18102_X1116_A_MSB37290A,supplementary_data_2_lfq,Sheet1,787,Sheet1!BW787
PXD017052_SEER_BROAD,Q99832,Q99832-3;Q99832;Q99832-2;Q99832-4,PXD017052:Sheet1:788:EXP18102_X1066_A_MSB37240A,supplementary_data_2_lfq,Sheet1,788,Sheet1!BO788
PXD017052_SEER_BROAD,Q99832,Q99832-3;Q99832;Q99832-2;Q99832-4,PXD017052:Sheet1:788:EXP18102_X1067_A_MSB37241A,supplementary_data_2_lfq,Sheet1,788,Sheet1!BP788
PXD017052_SEER_BROAD,Q99832,Q99832-3;Q99832;Q99832-2;Q99832-4,PXD017052:Sheet1:788:EXP18102_X1068_A_MSB37242A,supplementary_data_2_lfq,Sheet1,788,Sheet1!BQ788
PXD017052_SEER_BROAD,Q99832,Q99832-3;Q99832;Q99832-2;Q99832-4,PXD017052:Sheet1:788:EXP18102_X1108_A_MSB37282A,supplementary_data_2_lfq,Sheet1,788,Sheet1!BR788
PXD017052_SEER_BROAD,Q99832,Q99832-3;Q99832;Q99832-2;Q99832-4,PXD017052:Sheet1:788:EXP18102_X1109_A_MSB37283A,supplementary_data_2_lfq,Sheet1,788,Sheet1!BS788
PXD017052_SEER_BROAD,Q99832,Q99832-3;Q99832;Q99832-2;Q99832-4,PXD017052:Sheet1:788:EXP18102_X1110_B_MSB37284B,supplementary_data_2_lfq,Sheet1,788,Sheet1!BT788
PXD017052_SEER_BROAD,Q99832,Q99832-3;Q99832;Q99832-2;Q99832-4,PXD017052:Sheet1:788:EXP18102_X1114_A_MSB37288A,supplementary_data_2_lfq,Sheet1,788,Sheet1!BU788
PXD017052_SEER_BROAD,Q99832,Q99832-3;Q99832;Q99832-2;Q99832-4,PXD017052:Sheet1:788:EXP18102_X1115_A_MSB37289A,supplementary_data_2_lfq,Sheet1,788,Sheet1!BV788
PXD017052_SEER_BROAD,Q99832,Q99832-3;Q99832;Q99832-2;Q99832-4,PXD017052:Sheet1:788:EXP18102_X1116_A_MSB37290A,supplementary_data_2_lfq,Sheet1,788,Sheet1!BW788
PXD017052_SEER_BROAD,Q9BS26,Q9BS26,PXD017052:Sheet1:792:EXP18102_X1066_A_MSB37240A,supplementary_data_2_lfq,Sheet1,792,Sheet1!BO792
PXD017052_SEER_BROAD,Q9BS26,Q9BS26,PXD017052:Sheet1:792:EXP18102_X1067_A_MSB37241A,supplementary_data_2_lfq,Sheet1,792,Sheet1!BP792
PXD017052_SEER_BROAD,Q9BS26,Q9BS26,PXD017052:Sheet1:792:EXP18102_X1068_A_MSB37242A,supplementary_data_2_lfq,Sheet1,792,Sheet1!BQ792
PXD017052_SEER_BROAD,Q9BS26,Q9BS26,PXD017052:Sheet1:792:EXP18102_X1108_A_MSB37282A,supplementary_data_2_lfq,Sheet1,792,Sheet1!BR792
PXD017052_SEER_BROAD,Q9BS26,Q9BS26,PXD017052:Sheet1:792:EXP18102_X1109_A_MSB37283A,supplementary_data_2_lfq,Sheet1,792,Sheet1!BS792
PXD017052_SEER_BROAD,Q9BS26,Q9BS26,PXD017052:Sheet1:792:EXP18102_X1110_B_MSB37284B,supplementary_data_2_lfq,Sheet1,792,Sheet1!BT792
PXD017052_SEER_BROAD,Q9BS26,Q9BS26,PXD017052:Sheet1:792:EXP18102_X1114_A_MSB37288A,supplementary_data_2_lfq,Sheet1,792,Sheet1!BU792
PXD017052_SEER_BROAD,Q9BS26,Q9BS26,PXD017052:Sheet1:792:EXP18102_X1115_A_MSB37289A,supplementary_data_2_lfq,Sheet1,792,Sheet1!BV792
PXD017052_SEER_BROAD,Q9BS26,Q9BS26,PXD017052:Sheet1:792:EXP18102_X1116_A_MSB37290A,supplementary_data_2_lfq,Sheet1,792,Sheet1!BW792
PXD017052_SEER_BROAD,Q9BSJ8,Q9BSJ8;Q9BSJ8-2,PXD017052:Sheet1:793:EXP18102_X1066_A_MSB37240A,supplementary_data_2_lfq,Sheet1,793,Sheet1!BO793
PXD017052_SEER_BROAD,Q9BSJ8,Q9BSJ8;Q9BSJ8-2,PXD017052:Sheet1:793:EXP18102_X1067_A_MSB37241A,supplementary_data_2_lfq,Sheet1,793,Sheet1!BP793
PXD017052_SEER_BROAD,Q9BSJ8,Q9BSJ8;Q9BSJ8-2,PXD017052:Sheet1:793:EXP18102_X1068_A_MSB37242A,supplementary_data_2_lfq,Sheet1,793,Sheet1!BQ793
PXD017052_SEER_BROAD,Q9BSJ8,Q9BSJ8;Q9BSJ8-2,PXD017052:Sheet1:793:EXP18102_X1108_A_MSB37282A,supplementary_data_2_lfq,Sheet1,793,Sheet1!BR793
PXD017052_SEER_BROAD,Q9BSJ8,Q9BSJ8;Q9BSJ8-2,PXD017052:Sheet1:793:EXP18102_X1109_A_MSB37283A,supplementary_data_2_lfq,Sheet1,793,Sheet1!BS793
PXD017052_SEER_BROAD,Q9BSJ8,Q9BSJ8;Q9BSJ8-2,PXD017052:Sheet1:793:EXP18102_X1110_B_MSB37284B,supplementary_data_2_lfq,Sheet1,793,Sheet1!BT793
PXD017052_SEER_BROAD,Q9BSJ8,Q9BSJ8;Q9BSJ8-2,PXD017052:Sheet1:793:EXP18102_X1114_A_MSB37288A,supplementary_data_2_lfq,Sheet1,793,Sheet1!BU793
PXD017052_SEER_BROAD,Q9BSJ8,Q9BSJ8;Q9BSJ8-2,PXD017052:Sheet1:793:EXP18102_X1115_A_MSB37289A,supplementary_data_2_lfq,Sheet1,793,Sheet1!BV793
PXD017052_SEER_BROAD,Q9BSJ8,Q9BSJ8;Q9BSJ8-2,PXD017052:Sheet1:793:EXP18102_X1116_A_MSB37290A,supplementary_data_2_lfq,Sheet1,793,Sheet1!BW793
PXD017052_SEER_BROAD,Q9BUF5,Q9BUF5,PXD017052:Sheet1:794:EXP18102_X1066_A_MSB37240A,supplementary_data_2_lfq,Sheet1,794,Sheet1!BO794
PXD017052_SEER_BROAD,Q9BUF5,Q9BUF5,PXD017052:Sheet1:794:EXP18102_X1067_A_MSB37241A,supplementary_data_2_lfq,Sheet1,794,Sheet1!BP794
PXD017052_SEER_BROAD,Q9BUF5,Q9BUF5,PXD017052:Sheet1:794:EXP18102_X1068_A_MSB37242A,supplementary_data_2_lfq,Sheet1,794,Sheet1!BQ794
PXD017052_SEER_BROAD,Q9BUF5,Q9BUF5,PXD017052:Sheet1:794:EXP18102_X1108_A_MSB37282A,supplementary_data_2_lfq,Sheet1,794,Sheet1!BR794
PXD017052_SEER_BROAD,Q9BUF5,Q9BUF5,PXD017052:Sheet1:794:EXP18102_X1109_A_MSB37283A,supplementary_data_2_lfq,Sheet1,794,Sheet1!BS794
PXD017052_SEER_BROAD,Q9BUF5,Q9BUF5,PXD017052:Sheet1:794:EXP18102_X1110_B_MSB37284B,supplementary_data_2_lfq,Sheet1,794,Sheet1!BT794
PXD017052_SEER_BROAD,Q9BUF5,Q9BUF5,PXD017052:Sheet1:794:EXP18102_X1114_A_MSB37288A,supplementary_data_2_lfq,Sheet1,794,Sheet1!BU794
PXD017052_SEER_BROAD,Q9BUF5,Q9BUF5,PXD017052:Sheet1:794:EXP18102_X1115_A_MSB37289A,supplementary_data_2_lfq,Sheet1,794,Sheet1!BV794
PXD017052_SEER_BROAD,Q9BUF5,Q9BUF5,PXD017052:Sheet1:794:EXP18102_X1116_A_MSB37290A,supplementary_data_2_lfq,Sheet1,794,Sheet1!BW794
PXD017052_SEER_BROAD,Q9H4B7,Q9H4B7;CON__ENSEMBL:ENSBTAP00000025008,PXD017052:Sheet1:801:EXP18102_X1066_A_MSB37240A,supplementary_data_2_lfq,Sheet1,801,Sheet1!BO801
PXD017052_SEER_BROAD,Q9H4B7,Q9H4B7;CON__ENSEMBL:ENSBTAP00000025008,PXD017052:Sheet1:801:EXP18102_X1067_A_MSB37241A,supplementary_data_2_lfq,Sheet1,801,Sheet1!BP801
PXD017052_SEER_BROAD,Q9H4B7,Q9H4B7;CON__ENSEMBL:ENSBTAP00000025008,PXD017052:Sheet1:801:EXP18102_X1068_A_MSB37242A,supplementary_data_2_lfq,Sheet1,801,Sheet1!BQ801
PXD017052_SEER_BROAD,Q9H4B7,Q9H4B7;CON__ENSEMBL:ENSBTAP00000025008,PXD017052:Sheet1:801:EXP18102_X1108_A_MSB37282A,supplementary_data_2_lfq,Sheet1,801,Sheet1!BR801
PXD017052_SEER_BROAD,Q9H4B7,Q9H4B7;CON__ENSEMBL:ENSBTAP00000025008,PXD017052:Sheet1:801:EXP18102_X1109_A_MSB37283A,supplementary_data_2_lfq,Sheet1,801,Sheet1!BS801
PXD017052_SEER_BROAD,Q9H4B7,Q9H4B7;CON__ENSEMBL:ENSBTAP00000025008,PXD017052:Sheet1:801:EXP18102_X1110_B_MSB37284B,supplementary_data_2_lfq,Sheet1,801,Sheet1!BT801
PXD017052_SEER_BROAD,Q9H4B7,Q9H4B7;CON__ENSEMBL:ENSBTAP00000025008,PXD017052:Sheet1:801:EXP18102_X1114_A_MSB37288A,supplementary_data_2_lfq,Sheet1,801,Sheet1!BU801
PXD017052_SEER_BROAD,Q9H4B7,Q9H4B7;CON__ENSEMBL:ENSBTAP00000025008,PXD017052:Sheet1:801:EXP18102_X1115_A_MSB37289A,supplementary_data_2_lfq,Sheet1,801,Sheet1!BV801
PXD017052_SEER_BROAD,Q9H4B7,Q9H4B7;CON__ENSEMBL:ENSBTAP00000025008,PXD017052:Sheet1:801:EXP18102_X1116_A_MSB37290A,supplementary_data_2_lfq,Sheet1,801,Sheet1!BW801
PXD017052_SEER_BROAD,Q9HDC9,Q9HDC9;Q9HDC9-2,PXD017052:Sheet1:806:EXP18102_X1066_A_MSB37240A,supplementary_data_2_lfq,Sheet1,806,Sheet1!BO806
PXD017052_SEER_BROAD,Q9HDC9,Q9HDC9;Q9HDC9-2,PXD017052:Sheet1:806:EXP18102_X1067_A_MSB37241A,supplementary_data_2_lfq,Sheet1,806,Sheet1!BP806
PXD017052_SEER_BROAD,Q9HDC9,Q9HDC9;Q9HDC9-2,PXD017052:Sheet1:806:EXP18102_X1068_A_MSB37242A,supplementary_data_2_lfq,Sheet1,806,Sheet1!BQ806
PXD017052_SEER_BROAD,Q9HDC9,Q9HDC9;Q9HDC9-2,PXD017052:Sheet1:806:EXP18102_X1108_A_MSB37282A,supplementary_data_2_lfq,Sheet1,806,Sheet1!BR806
PXD017052_SEER_BROAD,Q9HDC9,Q9HDC9;Q9HDC9-2,PXD017052:Sheet1:806:EXP18102_X1109_A_MSB37283A,supplementary_data_2_lfq,Sheet1,806,Sheet1!BS806
PXD017052_SEER_BROAD,Q9HDC9,Q9HDC9;Q9HDC9-2,PXD017052:Sheet1:806:EXP18102_X1110_B_MSB37284B,supplementary_data_2_lfq,Sheet1,806,Sheet1!BT806
PXD017052_SEER_BROAD,Q9HDC9,Q9HDC9;Q9HDC9-2,PXD017052:Sheet1:806:EXP18102_X1114_A_MSB37288A,supplementary_data_2_lfq,Sheet1,806,Sheet1!BU806
PXD017052_SEER_BROAD,Q9HDC9,Q9HDC9;Q9HDC9-2,PXD017052:Sheet1:806:EXP18102_X1115_A_MSB37289A,supplementary_data_2_lfq,Sheet1,806,Sheet1!BV806
PXD017052_SEER_BROAD,Q9HDC9,Q9HDC9;Q9HDC9-2,PXD017052:Sheet1:806:EXP18102_X1116_A_MSB37290A,supplementary_data_2_lfq,Sheet1,806,Sheet1!BW806
PXD017052_SEER_BROAD,Q9NR12,Q9NR12;Q9NR12-3;Q9NR12-5;Q9NR12-6;Q9NR12-4;Q9NR12-2,PXD017052:Sheet1:809:EXP18102_X1066_A_MSB37240A,supplementary_data_2_lfq,Sheet1,809,Sheet1!BO809
PXD017052_SEER_BROAD,Q9NR12,Q9NR12;Q9NR12-3;Q9NR12-5;Q9NR12-6;Q9NR12-4;Q9NR12-2,PXD017052:Sheet1:809:EXP18102_X1067_A_MSB37241A,supplementary_data_2_lfq,Sheet1,809,Sheet1!BP809
PXD017052_SEER_BROAD,Q9NR12,Q9NR12;Q9NR12-3;Q9NR12-5;Q9NR12-6;Q9NR12-4;Q9NR12-2,PXD017052:Sheet1:809:EXP18102_X1068_A_MSB37242A,supplementary_data_2_lfq,Sheet1,809,Sheet1!BQ809
PXD017052_SEER_BROAD,Q9NR12,Q9NR12;Q9NR12-3;Q9NR12-5;Q9NR12-6;Q9NR12-4;Q9NR12-2,PXD017052:Sheet1:809:EXP18102_X1108_A_MSB37282A,supplementary_data_2_lfq,Sheet1,809,Sheet1!BR809
PXD017052_SEER_BROAD,Q9NR12,Q9NR12;Q9NR12-3;Q9NR12-5;Q9NR12-6;Q9NR12-4;Q9NR12-2,PXD017052:Sheet1:809:EXP18102_X1109_A_MSB37283A,supplementary_data_2_lfq,Sheet1,809,Sheet1!BS809
PXD017052_SEER_BROAD,Q9NR12,Q9NR12;Q9NR12-3;Q9NR12-5;Q9NR12-6;Q9NR12-4;Q9NR12-2,PXD017052:Sheet1:809:EXP18102_X1110_B_MSB37284B,supplementary_data_2_lfq,Sheet1,809,Sheet1!BT809
PXD017052_SEER_BROAD,Q9NR12,Q9NR12;Q9NR12-3;Q9NR12-5;Q9NR12-6;Q9NR12-4;Q9NR12-2,PXD017052:Sheet1:809:EXP18102_X1114_A_MSB37288A,supplementary_data_2_lfq,Sheet1,809,Sheet1!BU809
PXD017052_SEER_BROAD,Q9NR12,Q9NR12;Q9NR12-3;Q9NR12-5;Q9NR12-6;Q9NR12-4;Q9NR12-2,PXD017052:Sheet1:809:EXP18102_X1115_A_MSB37289A,supplementary_data_2_lfq,Sheet1,809,Sheet1!BV809
PXD017052_SEER_BROAD,Q9NR12,Q9NR12;Q9NR12-3;Q9NR12-5;Q9NR12-6;Q9NR12-4;Q9NR12-2,PXD017052:Sheet1:809:EXP18102_X1116_A_MSB37290A,supplementary_data_2_lfq,Sheet1,809,Sheet1!BW809
PXD017052_SEER_BROAD,Q9NRW1,Q9NRW1;Q9NRW1-2,PXD017052:Sheet1:811:EXP18102_X1066_A_MSB37240A,supplementary_data_2_lfq,Sheet1,811,Sheet1!BO811
PXD017052_SEER_BROAD,Q9NRW1,Q9NRW1;Q9NRW1-2,PXD017052:Sheet1:811:EXP18102_X1067_A_MSB37241A,supplementary_data_2_lfq,Sheet1,811,Sheet1!BP811
PXD017052_SEER_BROAD,Q9NRW1,Q9NRW1;Q9NRW1-2,PXD017052:Sheet1:811:EXP18102_X1068_A_MSB37242A,supplementary_data_2_lfq,Sheet1,811,Sheet1!BQ811
PXD017052_SEER_BROAD,Q9NRW1,Q9NRW1;Q9NRW1-2,PXD017052:Sheet1:811:EXP18102_X1108_A_MSB37282A,supplementary_data_2_lfq,Sheet1,811,Sheet1!BR811
PXD017052_SEER_BROAD,Q9NRW1,Q9NRW1;Q9NRW1-2,PXD017052:Sheet1:811:EXP18102_X1109_A_MSB37283A,supplementary_data_2_lfq,Sheet1,811,Sheet1!BS811
PXD017052_SEER_BROAD,Q9NRW1,Q9NRW1;Q9NRW1-2,PXD017052:Sheet1:811:EXP18102_X1110_B_MSB37284B,supplementary_data_2_lfq,Sheet1,811,Sheet1!BT811
PXD017052_SEER_BROAD,Q9NRW1,Q9NRW1;Q9NRW1-2,PXD017052:Sheet1:811:EXP18102_X1114_A_MSB37288A,supplementary_data_2_lfq,Sheet1,811,Sheet1!BU811
PXD017052_SEER_BROAD,Q9NRW1,Q9NRW1;Q9NRW1-2,PXD017052:Sheet1:811:EXP18102_X1115_A_MSB37289A,supplementary_data_2_lfq,Sheet1,811,Sheet1!BV811
PXD017052_SEER_BROAD,Q9NRW1,Q9NRW1;Q9NRW1-2,PXD017052:Sheet1:811:EXP18102_X1116_A_MSB37290A,supplementary_data_2_lfq,Sheet1,811,Sheet1!BW811
PXD017052_SEER_BROAD,Q9NS28,Q9NS28,PXD017052:Sheet1:812:EXP18102_X1066_A_MSB37240A,supplementary_data_2_lfq,Sheet1,812,Sheet1!BO812
PXD017052_SEER_BROAD,Q9NS28,Q9NS28,PXD017052:Sheet1:812:EXP18102_X1067_A_MSB37241A,supplementary_data_2_lfq,Sheet1,812,Sheet1!BP812
PXD017052_SEER_BROAD,Q9NS28,Q9NS28,PXD017052:Sheet1:812:EXP18102_X1068_A_MSB37242A,supplementary_data_2_lfq,Sheet1,812,Sheet1!BQ812
PXD017052_SEER_BROAD,Q9NS28,Q9NS28,PXD017052:Sheet1:812:EXP18102_X1108_A_MSB37282A,supplementary_data_2_lfq,Sheet1,812,Sheet1!BR812
PXD017052_SEER_BROAD,Q9NS28,Q9NS28,PXD017052:Sheet1:812:EXP18102_X1109_A_MSB37283A,supplementary_data_2_lfq,Sheet1,812,Sheet1!BS812
PXD017052_SEER_BROAD,Q9NS28,Q9NS28,PXD017052:Sheet1:812:EXP18102_X1110_B_MSB37284B,supplementary_data_2_lfq,Sheet1,812,Sheet1!BT812
PXD017052_SEER_BROAD,Q9NS28,Q9NS28,PXD017052:Sheet1:812:EXP18102_X1114_A_MSB37288A,supplementary_data_2_lfq,Sheet1,812,Sheet1!BU812
PXD017052_SEER_BROAD,Q9NS28,Q9NS28,PXD017052:Sheet1:812:EXP18102_X1115_A_MSB37289A,supplementary_data_2_lfq,Sheet1,812,Sheet1!BV812
PXD017052_SEER_BROAD,Q9NS28,Q9NS28,PXD017052:Sheet1:812:EXP18102_X1116_A_MSB37290A,supplementary_data_2_lfq,Sheet1,812,Sheet1!BW812
PXD017052_SEER_BROAD,Q9NY65,Q9NY65;Q9NY65-2,PXD017052:Sheet1:814:EXP18102_X1066_A_MSB37240A,supplementary_data_2_lfq,Sheet1,814,Sheet1!BO814
PXD017052_SEER_BROAD,Q9NY65,Q9NY65;Q9NY65-2,PXD017052:Sheet1:814:EXP18102_X1067_A_MSB37241A,supplementary_data_2_lfq,Sheet1,814,Sheet1!BP814
PXD017052_SEER_BROAD,Q9NY65,Q9NY65;Q9NY65-2,PXD017052:Sheet1:814:EXP18102_X1068_A_MSB37242A,supplementary_data_2_lfq,Sheet1,814,Sheet1!BQ814
PXD017052_SEER_BROAD,Q9NY65,Q9NY65;Q9NY65-2,PXD017052:Sheet1:814:EXP18102_X1108_A_MSB37282A,supplementary_data_2_lfq,Sheet1,814,Sheet1!BR814
PXD017052_SEER_BROAD,Q9NY65,Q9NY65;Q9NY65-2,PXD017052:Sheet1:814:EXP18102_X1109_A_MSB37283A,supplementary_data_2_lfq,Sheet1,814,Sheet1!BS814
PXD017052_SEER_BROAD,Q9NY65,Q9NY65;Q9NY65-2,PXD017052:Sheet1:814:EXP18102_X1110_B_MSB37284B,supplementary_data_2_lfq,Sheet1,814,Sheet1!BT814
PXD017052_SEER_BROAD,Q9NY65,Q9NY65;Q9NY65-2,PXD017052:Sheet1:814:EXP18102_X1114_A_MSB37288A,supplementary_data_2_lfq,Sheet1,814,Sheet1!BU814
PXD017052_SEER_BROAD,Q9NY65,Q9NY65;Q9NY65-2,PXD017052:Sheet1:814:EXP18102_X1115_A_MSB37289A,supplementary_data_2_lfq,Sheet1,814,Sheet1!BV814
PXD017052_SEER_BROAD,Q9NY65,Q9NY65;Q9NY65-2,PXD017052:Sheet1:814:EXP18102_X1116_A_MSB37290A,supplementary_data_2_lfq,Sheet1,814,Sheet1!BW814
PXD017052_SEER_BROAD,Q9Y2A7,Q9Y2A7;Q9Y2A7-2,PXD017052:Sheet1:827:EXP18102_X1066_A_MSB37240A,supplementary_data_2_lfq,Sheet1,827,Sheet1!BO827
PXD017052_SEER_BROAD,Q9Y2A7,Q9Y2A7;Q9Y2A7-2,PXD017052:Sheet1:827:EXP18102_X1067_A_MSB37241A,supplementary_data_2_lfq,Sheet1,827,Sheet1!BP827
PXD017052_SEER_BROAD,Q9Y2A7,Q9Y2A7;Q9Y2A7-2,PXD017052:Sheet1:827:EXP18102_X1068_A_MSB37242A,supplementary_data_2_lfq,Sheet1,827,Sheet1!BQ827
PXD017052_SEER_BROAD,Q9Y2A7,Q9Y2A7;Q9Y2A7-2,PXD017052:Sheet1:827:EXP18102_X1108_A_MSB37282A,supplementary_data_2_lfq,Sheet1,827,Sheet1!BR827
PXD017052_SEER_BROAD,Q9Y2A7,Q9Y2A7;Q9Y2A7-2,PXD017052:Sheet1:827:EXP18102_X1109_A_MSB37283A,supplementary_data_2_lfq,Sheet1,827,Sheet1!BS827
PXD017052_SEER_BROAD,Q9Y2A7,Q9Y2A7;Q9Y2A7-2,PXD017052:Sheet1:827:EXP18102_X1110_B_MSB37284B,supplementary_data_2_lfq,Sheet1,827,Sheet1!BT827
PXD017052_SEER_BROAD,Q9Y2A7,Q9Y2A7;Q9Y2A7-2,PXD017052:Sheet1:827:EXP18102_X1114_A_MSB37288A,supplementary_data_2_lfq,Sheet1,827,Sheet1!BU827
PXD017052_SEER_BROAD,Q9Y2A7,Q9Y2A7;Q9Y2A7-2,PXD017052:Sheet1:827:EXP18102_X1115_A_MSB37289A,supplementary_data_2_lfq,Sheet1,827,Sheet1!BV827
PXD017052_SEER_BROAD,Q9Y2A7,Q9Y2A7;Q9Y2A7-2,PXD017052:Sheet1:827:EXP18102_X1116_A_MSB37290A,supplementary_data_2_lfq,Sheet1,827,Sheet1!BW827
PXD017052_SEER_BROAD,Q9Y3F4,Q9Y3F4;Q9Y3F4-2,PXD017052:Sheet1:828:EXP18102_X1066_A_MSB37240A,supplementary_data_2_lfq,Sheet1,828,Sheet1!BO828
PXD017052_SEER_BROAD,Q9Y3F4,Q9Y3F4;Q9Y3F4-2,PXD017052:Sheet1:828:EXP18102_X1067_A_MSB37241A,supplementary_data_2_lfq,Sheet1,828,Sheet1!BP828
PXD017052_SEER_BROAD,Q9Y3F4,Q9Y3F4;Q9Y3F4-2,PXD017052:Sheet1:828:EXP18102_X1068_A_MSB37242A,supplementary_data_2_lfq,Sheet1,828,Sheet1!BQ828
PXD017052_SEER_BROAD,Q9Y3F4,Q9Y3F4;Q9Y3F4-2,PXD017052:Sheet1:828:EXP18102_X1108_A_MSB37282A,supplementary_data_2_lfq,Sheet1,828,Sheet1!BR828
PXD017052_SEER_BROAD,Q9Y3F4,Q9Y3F4;Q9Y3F4-2,PXD017052:Sheet1:828:EXP18102_X1109_A_MSB37283A,supplementary_data_2_lfq,Sheet1,828,Sheet1!BS828
PXD017052_SEER_BROAD,Q9Y3F4,Q9Y3F4;Q9Y3F4-2,PXD017052:Sheet1:828:EXP18102_X1110_B_MSB37284B,supplementary_data_2_lfq,Sheet1,828,Sheet1!BT828
PXD017052_SEER_BROAD,Q9Y3F4,Q9Y3F4;Q9Y3F4-2,PXD017052:Sheet1:828:EXP18102_X1114_A_MSB37288A,supplementary_data_2_lfq,Sheet1,828,Sheet1!BU828
PXD017052_SEER_BROAD,Q9Y3F4,Q9Y3F4;Q9Y3F4-2,PXD017052:Sheet1:828:EXP18102_X1115_A_MSB37289A,supplementary_data_2_lfq,Sheet1,828,Sheet1!BV828
PXD017052_SEER_BROAD,Q9Y3F4,Q9Y3F4;Q9Y3F4-2,PXD017052:Sheet1:828:EXP18102_X1116_A_MSB37290A,supplementary_data_2_lfq,Sheet1,828,Sheet1!BW828
PMC9633814_MSU_MULTICORE,P07996,P07996,PMC9633814:Final Prot:38,supplementary_data_1_xlsx,Final Prot,38,Final Prot!A38:K38
PMC9633814_MSU_MULTICORE,P04004,P04004,PMC9633814:Final Prot:39,supplementary_data_1_xlsx,Final Prot,39,Final Prot!A39:K39
PMC9633814_MSU_MULTICORE,P06396,P06396,PMC9633814:Final Prot:47,supplementary_data_1_xlsx,Final Prot,47,Final Prot!A47:K47
PMC9633814_MSU_MULTICORE,P68366,P68366,PMC9633814:Final Prot:65,supplementary_data_1_xlsx,Final Prot,65,Final Prot!A65:K65
PMC9633814_MSU_MULTICORE,P68366,P68366-2,PMC9633814:Final Prot:66,supplementary_data_1_xlsx,Final Prot,66,Final Prot!A66:K66
PMC9633814_MSU_MULTICORE,Q9H4B7,Q9H4B7,PMC9633814:Final Prot:83,supplementary_data_1_xlsx,Final Prot,83,Final Prot!A83:K83
PMC9633814_MSU_MULTICORE,Q93084,Q93084,PMC9633814:Final Prot:91,supplementary_data_1_xlsx,Final Prot,91,Final Prot!A91:K91
PMC9633814_MSU_MULTICORE,Q93084,Q93084-1,PMC9633814:Final Prot:92,supplementary_data_1_xlsx,Final Prot,92,Final Prot!A92:K92
PMC9633814_MSU_MULTICORE,Q93084,Q93084-3,PMC9633814:Final Prot:93,supplementary_data_1_xlsx,Final Prot,93,Final Prot!A93:K93
PMC9633814_MSU_MULTICORE,Q93084,Q93084-4,PMC9633814:Final Prot:94,supplementary_data_1_xlsx,Final Prot,94,Final Prot!A94:K94
PMC9633814_MSU_MULTICORE,Q93084,Q93084-5,PMC9633814:Final Prot:95,supplementary_data_1_xlsx,Final Prot,95,Final Prot!A95:K95
PMC9633814_MSU_MULTICORE,Q93084,Q93084-6,PMC9633814:Final Prot:96,supplementary_data_1_xlsx,Final Prot,96,Final Prot!A96:K96
PMC9633814_MSU_MULTICORE,Q93084,Q93084-7,PMC9633814:Final Prot:97,supplementary_data_1_xlsx,Final Prot,97,Final Prot!A97:K97
PMC9633814_MSU_MULTICORE,O00187,O00187,PMC9633814:Final Prot:158,supplementary_data_1_xlsx,Final Prot,158,Final Prot!A158:K158
PMC9633814_MSU_MULTICORE,P05556,P05556,PMC9633814:Final Prot:163,supplementary_data_1_xlsx,Final Prot,163,Final Prot!A163:K163
PMC9633814_MSU_MULTICORE,Q15942,Q15942,PMC9633814:Final Prot:179,supplementary_data_1_xlsx,Final Prot,179,Final Prot!A179:K179
PMC9633814_MSU_MULTICORE,O00151,O00151,PMC9633814:Final Prot:182,supplementary_data_1_xlsx,Final Prot,182,Final Prot!A182:K182
PMC9633814_MSU_MULTICORE,P68363,P68363,PMC9633814:Final Prot:197,supplementary_data_1_xlsx,Final Prot,197,Final Prot!A197:K197
PMC9633814_MSU_MULTICORE,P11166,P11166,PMC9633814:Final Prot:236,supplementary_data_1_xlsx,Final Prot,236,Final Prot!A236:K236
PMC9633814_MSU_MULTICORE,P04264,P04264,PMC9633814:Final Prot:259,supplementary_data_1_xlsx,Final Prot,259,Final Prot!A259:K259
PMC9633814_MSU_MULTICORE,Q9HDC9,Q9HDC9,PMC9633814:Final Prot:285,supplementary_data_1_xlsx,Final Prot,285,Final Prot!A285:K285
PMC9633814_MSU_MULTICORE,Q9HDC9,Q9HDC9-2,PMC9633814:Final Prot:286,supplementary_data_1_xlsx,Final Prot,286,Final Prot!A286:K286
PMC9633814_MSU_MULTICORE,P10809,P10809,PMC9633814:Final Prot:334,supplementary_data_1_xlsx,Final Prot,334,Final Prot!A334:K334
PMC9633814_MSU_MULTICORE,P30041,P30041,PMC9633814:Final Prot:340,supplementary_data_1_xlsx,Final Prot,340,Final Prot!A340:K340
PMC9633814_MSU_MULTICORE,P06576,P06576,PMC9633814:Final Prot:352,supplementary_data_1_xlsx,Final Prot,352,Final Prot!A352:K352
PMC9633814_MSU_MULTICORE,P52907,P52907,PMC9633814:Final Prot:353,supplementary_data_1_xlsx,Final Prot,353,Final Prot!A353:K353
PMC9633814_MSU_MULTICORE,O00299,O00299,PMC9633814:Final Prot:403,supplementary_data_1_xlsx,Final Prot,403,Final Prot!A403:K403
PMC9633814_MSU_MULTICORE,Q7L576,Q7L576,PMC9633814:Final Prot:408,supplementary_data_1_xlsx,Final Prot,408,Final Prot!A408:K408
PMC9633814_MSU_MULTICORE,P61026,P61026,PMC9633814:Final Prot:433,supplementary_data_1_xlsx,Final Prot,433,Final Prot!A433:K433
PMC9633814_MSU_MULTICORE,Q9NY65,Q9NY65,PMC9633814:Final Prot:440,supplementary_data_1_xlsx,Final Prot,440,Final Prot!A440:K440
PMC9633814_MSU_MULTICORE,Q27J81,Q27J81,PMC9633814:Final Prot:454,supplementary_data_1_xlsx,Final Prot,454,Final Prot!A454:K454
PMC9633814_MSU_MULTICORE,Q27J81,Q27J81-2,PMC9633814:Final Prot:455,supplementary_data_1_xlsx,Final Prot,455,Final Prot!A455:K455
PMC9633814_MSU_MULTICORE,P24844,P24844,PMC9633814:Final Prot:504,supplementary_data_1_xlsx,Final Prot,504,Final Prot!A504:K504
PMC9633814_MSU_MULTICORE,P24844,P24844-2,PMC9633814:Final Prot:505,supplementary_data_1_xlsx,Final Prot,505,Final Prot!A505:K505
PMC9633814_MSU_MULTICORE,O15145,O15145,PMC9633814:Final Prot:546,supplementary_data_1_xlsx,Final Prot,546,Final Prot!A546:K546
PMC9633814_MSU_MULTICORE,O75083,O75083,PMC9633814:Final Prot:601,supplementary_data_1_xlsx,Final Prot,601,Final Prot!A601:K601
PMC9633814_MSU_MULTICORE,O75083,O75083-3,PMC9633814:Final Prot:602,supplementary_data_1_xlsx,Final Prot,602,Final Prot!A602:K602
PMC9633814_MSU_MULTICORE,O00264,O00264,PMC9633814:Final Prot:606,supplementary_data_1_xlsx,Final Prot,606,Final Prot!A606:K606
PMC9633814_MSU_MULTICORE,P30101,P30101,PMC9633814:Final Prot:709,supplementary_data_1_xlsx,Final Prot,709,Final Prot!A709:K709
PMC9633814_MSU_MULTICORE,P27348,P27348,PMC9633814:Final Prot:744,supplementary_data_1_xlsx,Final Prot,744,Final Prot!A744:K744
PMC9633814_MSU_MULTICORE,P53396,P53396,PMC9633814:Final Prot:749,supplementary_data_1_xlsx,Final Prot,749,Final Prot!A749:K749
PMC9633814_MSU_MULTICORE,P53396,P53396-2,PMC9633814:Final Prot:750,supplementary_data_1_xlsx,Final Prot,750,Final Prot!A750:K750
PMC9633814_MSU_MULTICORE,P53396,P53396-3,PMC9633814:Final Prot:751,supplementary_data_1_xlsx,Final Prot,751,Final Prot!A751:K751
PMC9633814_MSU_MULTICORE,Q15365,Q15365,PMC9633814:Final Prot:769,supplementary_data_1_xlsx,Final Prot,769,Final Prot!A769:K769
PMC9633814_MSU_MULTICORE,Q9NQC3,Q9NQC3,PMC9633814:Final Prot:865,supplementary_data_1_xlsx,Final Prot,865,Final Prot!A865:K865
PMC9633814_MSU_MULTICORE,Q70J99,Q70J99,PMC9633814:Final Prot:866,supplementary_data_1_xlsx,Final Prot,866,Final Prot!A866:K866
PMC9633814_MSU_MULTICORE,Q70J99,Q70J99-2,PMC9633814:Final Prot:867,supplementary_data_1_xlsx,Final Prot,867,Final Prot!A867:K867
PMC9633814_MSU_MULTICORE,Q70J99,Q70J99-3,PMC9633814:Final Prot:868,supplementary_data_1_xlsx,Final Prot,868,Final Prot!A868:K868
PMC9633814_MSU_MULTICORE,Q15942,Q15942-2,PMC9633814:Final Prot:906,supplementary_data_1_xlsx,Final Prot,906,Final Prot!A906:K906
PMC9633814_MSU_MULTICORE,P63000,P63000,PMC9633814:Final Prot:963,supplementary_data_1_xlsx,Final Prot,963,Final Prot!A963:K963
PMC9633814_MSU_MULTICORE,P63000,P63000-2,PMC9633814:Final Prot:964,supplementary_data_1_xlsx,Final Prot,964,Final Prot!A964:K964
PMC9633814_MSU_MULTICORE,P37802,P37802,PMC9633814:Final Prot:1008,supplementary_data_1_xlsx,Final Prot,1008,Final Prot!A1008:K1008
PMC9633814_MSU_MULTICORE,P26641,P26641,PMC9633814:Final Prot:1027,supplementary_data_1_xlsx,Final Prot,1027,Final Prot!A1027:K1027
PMC9633814_MSU_MULTICORE,P26641,P26641-2,PMC9633814:Final Prot:1028,supplementary_data_1_xlsx,Final Prot,1028,Final Prot!A1028:K1028
PMC9633814_MSU_MULTICORE,Q16643,Q16643,PMC9633814:Final Prot:1083,supplementary_data_1_xlsx,Final Prot,1083,Final Prot!A1083:K1083
PMC9633814_MSU_MULTICORE,Q16643,Q16643-2,PMC9633814:Final Prot:1084,supplementary_data_1_xlsx,Final Prot,1084,Final Prot!A1084:K1084
PMC9633814_MSU_MULTICORE,Q16643,Q16643-3,PMC9633814:Final Prot:1085,supplementary_data_1_xlsx,Final Prot,1085,Final Prot!A1085:K1085
PMC9633814_MSU_MULTICORE,Q7L576,Q7L576-2,PMC9633814:Final Prot:1091,supplementary_data_1_xlsx,Final Prot,1091,Final Prot!A1091:K1091
PMC9633814_MSU_MULTICORE,Q7L576,Q7L576-3,PMC9633814:Final Prot:1092,supplementary_data_1_xlsx,Final Prot,1092,Final Prot!A1092:K1092
PMC9633814_MSU_MULTICORE,P38646,P38646,PMC9633814:Final Prot:1157,supplementary_data_1_xlsx,Final Prot,1157,Final Prot!A1157:K1157
PMC9633814_MSU_MULTICORE,P05023,P05023,PMC9633814:Final Prot:1234,supplementary_data_1_xlsx,Final Prot,1234,Final Prot!A1234:K1234
PMC9633814_MSU_MULTICORE,P05023,P05023-3,PMC9633814:Final Prot:1235,supplementary_data_1_xlsx,Final Prot,1235,Final Prot!A1235:K1235
PMC9633814_MSU_MULTICORE,P05023,P05023-4,PMC9633814:Final Prot:1236,supplementary_data_1_xlsx,Final Prot,1236,Final Prot!A1236:K1236
PMC9633814_MSU_MULTICORE,P06396,P06396,PMC9633814:Final Prot:1279,supplementary_data_1_xlsx,Final Prot,1279,Final Prot!A1279:K1279
PMC9633814_MSU_MULTICORE,P07996,P07996,PMC9633814:Final Prot:1284,supplementary_data_1_xlsx,Final Prot,1284,Final Prot!A1284:K1284
PMC9633814_MSU_MULTICORE,Q9H4B7,Q9H4B7,PMC9633814:Final Prot:1292,supplementary_data_1_xlsx,Final Prot,1292,Final Prot!A1292:K1292
PMC9633814_MSU_MULTICORE,P06576,P06576,PMC9633814:Final Prot:1304,supplementary_data_1_xlsx,Final Prot,1304,Final Prot!A1304:K1304
PMC9633814_MSU_MULTICORE,Q7L576,Q7L576,PMC9633814:Final Prot:1318,supplementary_data_1_xlsx,Final Prot,1318,Final Prot!A1318:K1318
PMC9633814_MSU_MULTICORE,P04004,P04004,PMC9633814:Final Prot:1321,supplementary_data_1_xlsx,Final Prot,1321,Final Prot!A1321:K1321
PMC9633814_MSU_MULTICORE,Q93084,Q93084,PMC9633814:Final Prot:1324,supplementary_data_1_xlsx,Final Prot,1324,Final Prot!A1324:K1324
PMC9633814_MSU_MULTICORE,P55072,P55072,PMC9633814:Final Prot:1326,supplementary_data_1_xlsx,Final Prot,1326,Final Prot!A1326:K1326
PMC9633814_MSU_MULTICORE,P11021,P11021,PMC9633814:Final Prot:1333,supplementary_data_1_xlsx,Final Prot,1333,Final Prot!A1333:K1333
PMC9633814_MSU_MULTICORE,Q9BSJ8,Q9BSJ8,PMC9633814:Final Prot:1335,supplementary_data_1_xlsx,Final Prot,1335,Final Prot!A1335:K1335
PMC9633814_MSU_MULTICORE,Q27J81,Q27J81,PMC9633814:Final Prot:1338,supplementary_data_1_xlsx,Final Prot,1338,Final Prot!A1338:K1338
PMC9633814_MSU_MULTICORE,P26038,P26038,PMC9633814:Final Prot:1346,supplementary_data_1_xlsx,Final Prot,1346,Final Prot!A1346:K1346
PMC9633814_MSU_MULTICORE,P30101,P30101,PMC9633814:Final Prot:1360,supplementary_data_1_xlsx,Final Prot,1360,Final Prot!A1360:K1360
PMC9633814_MSU_MULTICORE,P10809,P10809,PMC9633814:Final Prot:1362,supplementary_data_1_xlsx,Final Prot,1362,Final Prot!A1362:K1362
PMC9633814_MSU_MULTICORE,Q9HDC9,Q9HDC9,PMC9633814:Final Prot:1372,supplementary_data_1_xlsx,Final Prot,1372,Final Prot!A1372:K1372
PMC9633814_MSU_MULTICORE,P16615,P16615,PMC9633814:Final Prot:1376,supplementary_data_1_xlsx,Final Prot,1376,Final Prot!A1376:K1376
PMC9633814_MSU_MULTICORE,P04844,P04844,PMC9633814:Final Prot:1381,supplementary_data_1_xlsx,Final Prot,1381,Final Prot!A1381:K1381
PMC9633814_MSU_MULTICORE,O00187,O00187,PMC9633814:Final Prot:1388,supplementary_data_1_xlsx,Final Prot,1388,Final Prot!A1388:K1388
PMC9633814_MSU_MULTICORE,P05556,P05556,PMC9633814:Final Prot:1392,supplementary_data_1_xlsx,Final Prot,1392,Final Prot!A1392:K1392
PMC9633814_MSU_MULTICORE,P05023,P05023,PMC9633814:Final Prot:1401,supplementary_data_1_xlsx,Final Prot,1401,Final Prot!A1401:K1401
PMC9633814_MSU_MULTICORE,O75083,O75083,PMC9633814:Final Prot:1402,supplementary_data_1_xlsx,Final Prot,1402,Final Prot!A1402:K1402
PMC9633814_MSU_MULTICORE,P11166,P11166,PMC9633814:Final Prot:1409,supplementary_data_1_xlsx,Final Prot,1409,Final Prot!A1409:K1409
PMC9633814_MSU_MULTICORE,P52907,P52907,PMC9633814:Final Prot:1410,supplementary_data_1_xlsx,Final Prot,1410,Final Prot!A1410:K1410
PMC9633814_MSU_MULTICORE,P00387,P00387,PMC9633814:Final Prot:1413,supplementary_data_1_xlsx,Final Prot,1413,Final Prot!A1413:K1413
PMC9633814_MSU_MULTICORE,P13796,P13796,PMC9633814:Final Prot:1419,supplementary_data_1_xlsx,Final Prot,1419,Final Prot!A1419:K1419
PMC9633814_MSU_MULTICORE,P30041,P30041,PMC9633814:Final Prot:1426,supplementary_data_1_xlsx,Final Prot,1426,Final Prot!A1426:K1426
PMC9633814_MSU_MULTICORE,Q15942,Q15942,PMC9633814:Final Prot:1436,supplementary_data_1_xlsx,Final Prot,1436,Final Prot!A1436:K1436
PMC9633814_MSU_MULTICORE,P53396,P53396,PMC9633814:Final Prot:1450,supplementary_data_1_xlsx,Final Prot,1450,Final Prot!A1450:K1450
PMC9633814_MSU_MULTICORE,Q70J99,Q70J99,PMC9633814:Final Prot:1456,supplementary_data_1_xlsx,Final Prot,1456,Final Prot!A1456:K1456
PMC9633814_MSU_MULTICORE,Q9NQC3,Q9NQC3,PMC9633814:Final Prot:1462,supplementary_data_1_xlsx,Final Prot,1462,Final Prot!A1462:K1462
PMC9633814_MSU_MULTICORE,Q9NY65,Q9NY65,PMC9633814:Final Prot:1464,supplementary_data_1_xlsx,Final Prot,1464,Final Prot!A1464:K1464
PMC9633814_MSU_MULTICORE,P27348,P27348,PMC9633814:Final Prot:1472,supplementary_data_1_xlsx,Final Prot,1472,Final Prot!A1472:K1472
PMC9633814_MSU_MULTICORE,O00151,O00151,PMC9633814:Final Prot:1478,supplementary_data_1_xlsx,Final Prot,1478,Final Prot!A1478:K1478
PMC9633814_MSU_MULTICORE,P37802,P37802,PMC9633814:Final Prot:1485,supplementary_data_1_xlsx,Final Prot,1485,Final Prot!A1485:K1485
PMC9633814_MSU_MULTICORE,P27797,P27797,PMC9633814:Final Prot:1486,supplementary_data_1_xlsx,Final Prot,1486,Final Prot!A1486:K1486
PMC9633814_MSU_MULTICORE,P61026,P61026,PMC9633814:Final Prot:1489,supplementary_data_1_xlsx,Final Prot,1489,Final Prot!A1489:K1489
PMC9633814_MSU_MULTICORE,P30044,P30044,PMC9633814:Final Prot:1491,supplementary_data_1_xlsx,Final Prot,1491,Final Prot!A1491:K1491
PMC9633814_MSU_MULTICORE,Q99832,Q99832,PMC9633814:Final Prot:1502,supplementary_data_1_xlsx,Final Prot,1502,Final Prot!A1502:K1502
PMC9633814_MSU_MULTICORE,P61106,P61106,PMC9633814:Final Prot:1527,supplementary_data_1_xlsx,Final Prot,1527,Final Prot!A1527:K1527
PMC9633814_MSU_MULTICORE,P61981,P61981,PMC9633814:Final Prot:1528,supplementary_data_1_xlsx,Final Prot,1528,Final Prot!A1528:K1528
PMC9633814_MSU_MULTICORE,Q8TC12,Q8TC12,PMC9633814:Final Prot:1544,supplementary_data_1_xlsx,Final Prot,1544,Final Prot!A1544:K1544
PMC9633814_MSU_MULTICORE,P68366,P68366,PMC9633814:Final Prot:1560,supplementary_data_1_xlsx,Final Prot,1560,Final Prot!A1560:K1560
PMC9633814_MSU_MULTICORE,Q14247,Q14247,PMC9633814:Final Prot:1564,supplementary_data_1_xlsx,Final Prot,1564,Final Prot!A1564:K1564
PMC9633814_MSU_MULTICORE,P09493,P09493,PMC9633814:Final Prot:1590,supplementary_data_1_xlsx,Final Prot,1590,Final Prot!A1590:K1590
PMC9633814_MSU_MULTICORE,Q16643,Q16643,PMC9633814:Final Prot:1599,supplementary_data_1_xlsx,Final Prot,1599,Final Prot!A1599:K1599
PMC9633814_MSU_MULTICORE,Q15365,Q15365,PMC9633814:Final Prot:1605,supplementary_data_1_xlsx,Final Prot,1605,Final Prot!A1605:K1605
PMC9633814_MSU_MULTICORE,Q15404,Q15404,PMC9633814:Final Prot:1617,supplementary_data_1_xlsx,Final Prot,1617,Final Prot!A1617:K1617
PMC9633814_MSU_MULTICORE,O00299,O00299,PMC9633814:Final Prot:1636,supplementary_data_1_xlsx,Final Prot,1636,Final Prot!A1636:K1636
PMC9633814_MSU_MULTICORE,O15145,O15145,PMC9633814:Final Prot:1672,supplementary_data_1_xlsx,Final Prot,1672,Final Prot!A1672:K1672
PMC9633814_MSU_MULTICORE,P11413,P11413,PMC9633814:Final Prot:1674,supplementary_data_1_xlsx,Final Prot,1674,Final Prot!A1674:K1674
PMC9633814_MSU_MULTICORE,Q58FF8,Q58FF8,PMC9633814:Final Prot:1675,supplementary_data_1_xlsx,Final Prot,1675,Final Prot!A1675:K1675
PMC9633814_MSU_MULTICORE,P50991,P50991,PMC9633814:Final Prot:1684,supplementary_data_1_xlsx,Final Prot,1684,Final Prot!A1684:K1684
PMC9633814_MSU_MULTICORE,P49411,P49411,PMC9633814:Final Prot:1686,supplementary_data_1_xlsx,Final Prot,1686,Final Prot!A1686:K1686
PMC9633814_MSU_MULTICORE,P10644,P10644,PMC9633814:Final Prot:1743,supplementary_data_1_xlsx,Final Prot,1743,Final Prot!A1743:K1743
PMC9633814_MSU_MULTICORE,Q9NRW1,Q9NRW1,PMC9633814:Final Prot:1745,supplementary_data_1_xlsx,Final Prot,1745,Final Prot!A1745:K1745
PMC9633814_MSU_MULTICORE,P24844,P24844,PMC9633814:Final Prot:1764,supplementary_data_1_xlsx,Final Prot,1764,Final Prot!A1764:K1764
PMC9633814_MSU_MULTICORE,P10599,P10599,PMC9633814:Final Prot:1768,supplementary_data_1_xlsx,Final Prot,1768,Final Prot!A1768:K1768
PMC9633814_MSU_MULTICORE,Q16762,Q16762,PMC9633814:Final Prot:1796,supplementary_data_1_xlsx,Final Prot,1796,Final Prot!A1796:K1796
PMC9633814_MSU_MULTICORE,P30048,P30048,PMC9633814:Final Prot:1803,supplementary_data_1_xlsx,Final Prot,1803,Final Prot!A1803:K1803
PMC9633814_MSU_MULTICORE,P62805,P62805,PMC9633814:Final Prot:1808,supplementary_data_1_xlsx,Final Prot,1808,Final Prot!A1808:K1808
PMC9633814_MSU_MULTICORE,P26641,P26641,PMC9633814:Final Prot:1810,supplementary_data_1_xlsx,Final Prot,1810,Final Prot!A1810:K1810
PMC9633814_MSU_MULTICORE,Q9Y3F4,Q9Y3F4,PMC9633814:Final Prot:1844,supplementary_data_1_xlsx,Final Prot,1844,Final Prot!A1844:K1844
PMC9633814_MSU_MULTICORE,P28070,P28070,PMC9633814:Final Prot:1859,supplementary_data_1_xlsx,Final Prot,1859,Final Prot!A1859:K1859
PMC9633814_MSU_MULTICORE,P14868,P14868,PMC9633814:Final Prot:1861,supplementary_data_1_xlsx,Final Prot,1861,Final Prot!A1861:K1861
PMC9633814_MSU_MULTICORE,P61978,P61978,PMC9633814:Final Prot:1882,supplementary_data_1_xlsx,Final Prot,1882,Final Prot!A1882:K1882
PMC9633814_MSU_MULTICORE,P20645,P20645,PMC9633814:Final Prot:1890,supplementary_data_1_xlsx,Final Prot,1890,Final Prot!A1890:K1890
PMC9633814_MSU_MULTICORE,P00403,P00403,PMC9633814:Final Prot:1911,supplementary_data_1_xlsx,Final Prot,1911,Final Prot!A1911:K1911
PMC9633814_MSU_MULTICORE,O00264,O00264,PMC9633814:Final Prot:1923,supplementary_data_1_xlsx,Final Prot,1923,Final Prot!A1923:K1923
PMC9633814_MSU_MULTICORE,P50990,P50990,PMC9633814:Final Prot:1930,supplementary_data_1_xlsx,Final Prot,1930,Final Prot!A1930:K1930
PMC9633814_MSU_MULTICORE,P61006,P61006,PMC9633814:Final Prot:1931,supplementary_data_1_xlsx,Final Prot,1931,Final Prot!A1931:K1931
PMC9633814_MSU_MULTICORE,P63000,P63000,PMC9633814:Final Prot:1947,supplementary_data_1_xlsx,Final Prot,1947,Final Prot!A1947:K1947
PMC9633814_MSU_MULTICORE,O75531,O75531,PMC9633814:Final Prot:1970,supplementary_data_1_xlsx,Final Prot,1970,Final Prot!A1970:K1970
PMC9633814_MSU_MULTICORE,P19367,P19367,PMC9633814:Final Prot:1995,supplementary_data_1_xlsx,Final Prot,1995,Final Prot!A1995:K1995
PMC9633814_MSU_MULTICORE,P28066,P28066,PMC9633814:Final Prot:2049,supplementary_data_1_xlsx,Final Prot,2049,Final Prot!A2049:K2049
PMC9633814_MSU_MULTICORE,P62330,P62330,PMC9633814:Final Prot:2059,supplementary_data_1_xlsx,Final Prot,2059,Final Prot!A2059:K2059
PMC9633814_MSU_MULTICORE,P15531,P15531,PMC9633814:Final Prot:2106,supplementary_data_1_xlsx,Final Prot,2106,Final Prot!A2106:K2106
PMC9633814_MSU_MULTICORE,P01275,P01275,PMC9633814:Final Prot:2130,supplementary_data_1_xlsx,Final Prot,2130,Final Prot!A2130:K2130
PMC9633814_MSU_MULTICORE,P07996,P07996,PMC9633814:Final Prot:2281,supplementary_data_1_xlsx,Final Prot,2281,Final Prot!A2281:K2281
PMC9633814_MSU_MULTICORE,P07996,P07996,PMC9633814:Final Prot:2285,supplementary_data_1_xlsx,Final Prot,2285,Final Prot!A2285:K2285
PMC9633814_MSU_MULTICORE,P07996,P07996,PMC9633814:Final Prot:2290,supplementary_data_1_xlsx,Final Prot,2290,Final Prot!A2290:K2290
PMC9633814_MSU_MULTICORE,P04264,P04264,PMC9633814:Final Prot:2291,supplementary_data_1_xlsx,Final Prot,2291,Final Prot!A2291:K2291
PMC9633814_MSU_MULTICORE,P04004,P04004,PMC9633814:Final Prot:2301,supplementary_data_1_xlsx,Final Prot,2301,Final Prot!A2301:K2301
PMC9633814_MSU_MULTICORE,P04264,P04264,PMC9633814:Final Prot:2314,supplementary_data_1_xlsx,Final Prot,2314,Final Prot!A2314:K2314
PMC9633814_MSU_MULTICORE,P06396,P06396,PMC9633814:Final Prot:2328,supplementary_data_1_xlsx,Final Prot,2328,Final Prot!A2328:K2328
PMC9633814_MSU_MULTICORE,P06396,P06396-2,PMC9633814:Final Prot:2330,supplementary_data_1_xlsx,Final Prot,2330,Final Prot!A2330:K2330
PMC9633814_MSU_MULTICORE,P04264,P04264,PMC9633814:Final Prot:2335,supplementary_data_1_xlsx,Final Prot,2335,Final Prot!A2335:K2335
PMC9633814_MSU_MULTICORE,P04264,P04264,PMC9633814:Final Prot:2336,supplementary_data_1_xlsx,Final Prot,2336,Final Prot!A2336:K2336
PMC9633814_MSU_MULTICORE,P26038,P26038,PMC9633814:Final Prot:2339,supplementary_data_1_xlsx,Final Prot,2339,Final Prot!A2339:K2339
PMC9633814_MSU_MULTICORE,P07996,P07996,PMC9633814:Final Prot:2349,supplementary_data_1_xlsx,Final Prot,2349,Final Prot!A2349:K2349
PMC9633814_MSU_MULTICORE,P06396,P06396,PMC9633814:Final Prot:2352,supplementary_data_1_xlsx,Final Prot,2352,Final Prot!A2352:K2352
PMC9633814_MSU_MULTICORE,P07996,P07996,PMC9633814:Final Prot:2359,supplementary_data_1_xlsx,Final Prot,2359,Final Prot!A2359:K2359
PMC9633814_MSU_MULTICORE,P06396,P06396,PMC9633814:Final Prot:2367,supplementary_data_1_xlsx,Final Prot,2367,Final Prot!A2367:K2367
PMC9633814_MSU_MULTICORE,Q9H4B7,Q9H4B7,PMC9633814:Final Prot:2379,supplementary_data_1_xlsx,Final Prot,2379,Final Prot!A2379:K2379
PMC9633814_MSU_MULTICORE,P07996,P07996,PMC9633814:Final Prot:2392,supplementary_data_1_xlsx,Final Prot,2392,Final Prot!A2392:K2392
PMC9633814_MSU_MULTICORE,P07996,P07996,PMC9633814:Final Prot:2412,supplementary_data_1_xlsx,Final Prot,2412,Final Prot!A2412:K2412
PMC9633814_MSU_MULTICORE,P68366,P68366,PMC9633814:Final Prot:2414,supplementary_data_1_xlsx,Final Prot,2414,Final Prot!A2414:K2414
PMC9633814_MSU_MULTICORE,P68363,P68363,PMC9633814:Final Prot:2415,supplementary_data_1_xlsx,Final Prot,2415,Final Prot!A2415:K2415
PMC9633814_MSU_MULTICORE,P04264,P04264,PMC9633814:Final Prot:2419,supplementary_data_1_xlsx,Final Prot,2419,Final Prot!A2419:K2419
PMC9633814_MSU_MULTICORE,P06396,P06396,PMC9633814:Final Prot:2445,supplementary_data_1_xlsx,Final Prot,2445,Final Prot!A2445:K2445
PMC9633814_MSU_MULTICORE,Q04695,Q04695,PMC9633814:Final Prot:2451,supplementary_data_1_xlsx,Final Prot,2451,Final Prot!A2451:K2451
PMC9633814_MSU_MULTICORE,P07996,P07996,PMC9633814:Final Prot:2455,supplementary_data_1_xlsx,Final Prot,2455,Final Prot!A2455:K2455
PMC9633814_MSU_MULTICORE,P04264,P04264,PMC9633814:Final Prot:2461,supplementary_data_1_xlsx,Final Prot,2461,Final Prot!A2461:K2461
PMC9633814_MSU_MULTICORE,P55072,P55072,PMC9633814:Final Prot:2464,supplementary_data_1_xlsx,Final Prot,2464,Final Prot!A2464:K2464
PMC9633814_MSU_MULTICORE,Q9H4B7,Q9H4B7,PMC9633814:Final Prot:2471,supplementary_data_1_xlsx,Final Prot,2471,Final Prot!A2471:K2471
PMC9633814_MSU_MULTICORE,P04004,P04004,PMC9633814:Final Prot:2479,supplementary_data_1_xlsx,Final Prot,2479,Final Prot!A2479:K2479
PMC9633814_MSU_MULTICORE,P04264,P04264,PMC9633814:Final Prot:2484,supplementary_data_1_xlsx,Final Prot,2484,Final Prot!A2484:K2484
PMC9633814_MSU_MULTICORE,Q93084,Q93084,PMC9633814:Final Prot:2497,supplementary_data_1_xlsx,Final Prot,2497,Final Prot!A2497:K2497
PMC9633814_MSU_MULTICORE,Q9H4B7,Q9H4B7,PMC9633814:Final Prot:2502,supplementary_data_1_xlsx,Final Prot,2502,Final Prot!A2502:K2502
PMC9633814_MSU_MULTICORE,Q93084,Q93084-1,PMC9633814:Final Prot:2503,supplementary_data_1_xlsx,Final Prot,2503,Final Prot!A2503:K2503
PMC9633814_MSU_MULTICORE,P06396,P06396,PMC9633814:Final Prot:2509,supplementary_data_1_xlsx,Final Prot,2509,Final Prot!A2509:K2509
PMC9633814_MSU_MULTICORE,P06396,P06396,PMC9633814:Final Prot:2517,supplementary_data_1_xlsx,Final Prot,2517,Final Prot!A2517:K2517
PMC9633814_MSU_MULTICORE,Q9H4B7,Q9H4B7,PMC9633814:Final Prot:2525,supplementary_data_1_xlsx,Final Prot,2525,Final Prot!A2525:K2525
PMC9633814_MSU_MULTICORE,P09493,P09493-3,PMC9633814:Final Prot:2546,supplementary_data_1_xlsx,Final Prot,2546,Final Prot!A2546:K2546
PMC9633814_MSU_MULTICORE,P11021,P11021,PMC9633814:Final Prot:2547,supplementary_data_1_xlsx,Final Prot,2547,Final Prot!A2547:K2547
PMC9633814_MSU_MULTICORE,P04004,P04004,PMC9633814:Final Prot:2554,supplementary_data_1_xlsx,Final Prot,2554,Final Prot!A2554:K2554
PMC9633814_MSU_MULTICORE,P68366,P68366,PMC9633814:Final Prot:2565,supplementary_data_1_xlsx,Final Prot,2565,Final Prot!A2565:K2565
PMC9633814_MSU_MULTICORE,P10809,P10809,PMC9633814:Final Prot:2568,supplementary_data_1_xlsx,Final Prot,2568,Final Prot!A2568:K2568
PMC9633814_MSU_MULTICORE,Q93084,Q93084,PMC9633814:Final Prot:2573,supplementary_data_1_xlsx,Final Prot,2573,Final Prot!A2573:K2573
PMC9633814_MSU_MULTICORE,P26038,P26038,PMC9633814:Final Prot:2577,supplementary_data_1_xlsx,Final Prot,2577,Final Prot!A2577:K2577
PMC9633814_MSU_MULTICORE,P09493,P09493-5,PMC9633814:Final Prot:2607,supplementary_data_1_xlsx,Final Prot,2607,Final Prot!A2607:K2607
PMC9633814_MSU_MULTICORE,Q9H4B7,Q9H4B7,PMC9633814:Final Prot:2610,supplementary_data_1_xlsx,Final Prot,2610,Final Prot!A2610:K2610
PMC9633814_MSU_MULTICORE,P68366,P68366,PMC9633814:Final Prot:2614,supplementary_data_1_xlsx,Final Prot,2614,Final Prot!A2614:K2614
PMC9633814_MSU_MULTICORE,P06576,P06576,PMC9633814:Final Prot:2615,supplementary_data_1_xlsx,Final Prot,2615,Final Prot!A2615:K2615
PMC9633814_MSU_MULTICORE,Q93084,Q93084,PMC9633814:Final Prot:2616,supplementary_data_1_xlsx,Final Prot,2616,Final Prot!A2616:K2616
PMC9633814_MSU_MULTICORE,P68366,P68366,PMC9633814:Final Prot:2619,supplementary_data_1_xlsx,Final Prot,2619,Final Prot!A2619:K2619
PMC9633814_MSU_MULTICORE,Q9NY65,Q9NY65,PMC9633814:Final Prot:2628,supplementary_data_1_xlsx,Final Prot,2628,Final Prot!A2628:K2628
PMC9633814_MSU_MULTICORE,P16615,P16615,PMC9633814:Final Prot:2629,supplementary_data_1_xlsx,Final Prot,2629,Final Prot!A2629:K2629
PMC9633814_MSU_MULTICORE,Q9NY65,Q9NY65,PMC9633814:Final Prot:2639,supplementary_data_1_xlsx,Final Prot,2639,Final Prot!A2639:K2639
PMC9633814_MSU_MULTICORE,P06396,P06396,PMC9633814:Final Prot:2645,supplementary_data_1_xlsx,Final Prot,2645,Final Prot!A2645:K2645
PMC9633814_MSU_MULTICORE,P06576,P06576,PMC9633814:Final Prot:2655,supplementary_data_1_xlsx,Final Prot,2655,Final Prot!A2655:K2655
PMC9633814_MSU_MULTICORE,P06396,P06396,PMC9633814:Final Prot:2658,supplementary_data_1_xlsx,Final Prot,2658,Final Prot!A2658:K2658
PMC9633814_MSU_MULTICORE,P68363,P68363,PMC9633814:Final Prot:2669,supplementary_data_1_xlsx,Final Prot,2669,Final Prot!A2669:K2669
PMC9633814_MSU_MULTICORE,P04264,P04264,PMC9633814:Final Prot:2680,supplementary_data_1_xlsx,Final Prot,2680,Final Prot!A2680:K2680
PMC9633814_MSU_MULTICORE,P04004,P04004,PMC9633814:Final Prot:2682,supplementary_data_1_xlsx,Final Prot,2682,Final Prot!A2682:K2682
PMC9633814_MSU_MULTICORE,Q9BSJ8,Q9BSJ8,PMC9633814:Final Prot:2688,supplementary_data_1_xlsx,Final Prot,2688,Final Prot!A2688:K2688
PMC9633814_MSU_MULTICORE,P68366,P68366,PMC9633814:Final Prot:2691,supplementary_data_1_xlsx,Final Prot,2691,Final Prot!A2691:K2691
PMC9633814_MSU_MULTICORE,Q93084,Q93084,PMC9633814:Final Prot:2694,supplementary_data_1_xlsx,Final Prot,2694,Final Prot!A2694:K2694
PMC9633814_MSU_MULTICORE,Q93084,Q93084,PMC9633814:Final Prot:2707,supplementary_data_1_xlsx,Final Prot,2707,Final Prot!A2707:K2707
PMC9633814_MSU_MULTICORE,Q9H4B7,Q9H4B7,PMC9633814:Final Prot:2713,supplementary_data_1_xlsx,Final Prot,2713,Final Prot!A2713:K2713
PMC9633814_MSU_MULTICORE,P06396,P06396-2,PMC9633814:Final Prot:2714,supplementary_data_1_xlsx,Final Prot,2714,Final Prot!A2714:K2714
PMC9633814_MSU_MULTICORE,Q04695,Q04695,PMC9633814:Final Prot:2715,supplementary_data_1_xlsx,Final Prot,2715,Final Prot!A2715:K2715
PMC9633814_MSU_MULTICORE,O75083,O75083,PMC9633814:Final Prot:2723,supplementary_data_1_xlsx,Final Prot,2723,Final Prot!A2723:K2723
PMC9633814_MSU_MULTICORE,Q27J81,Q27J81,PMC9633814:Final Prot:2726,supplementary_data_1_xlsx,Final Prot,2726,Final Prot!A2726:K2726
PMC9633814_MSU_MULTICORE,P68366,P68366,PMC9633814:Final Prot:2748,supplementary_data_1_xlsx,Final Prot,2748,Final Prot!A2748:K2748
PMC9633814_MSU_MULTICORE,Q7L576,Q7L576,PMC9633814:Final Prot:2760,supplementary_data_1_xlsx,Final Prot,2760,Final Prot!A2760:K2760
PMC9633814_MSU_MULTICORE,P06576,P06576,PMC9633814:Final Prot:2772,supplementary_data_1_xlsx,Final Prot,2772,Final Prot!A2772:K2772
PMC9633814_MSU_MULTICORE,P16615,P16615,PMC9633814:Final Prot:2782,supplementary_data_1_xlsx,Final Prot,2782,Final Prot!A2782:K2782
PMC9633814_MSU_MULTICORE,Q9NY65,Q9NY65,PMC9633814:Final Prot:2790,supplementary_data_1_xlsx,Final Prot,2790,Final Prot!A2790:K2790
PMC9633814_MSU_MULTICORE,P04004,P04004,PMC9633814:Final Prot:2796,supplementary_data_1_xlsx,Final Prot,2796,Final Prot!A2796:K2796
PMC9633814_MSU_MULTICORE,Q14247,Q14247,PMC9633814:Final Prot:2810,supplementary_data_1_xlsx,Final Prot,2810,Final Prot!A2810:K2810
PMC9633814_MSU_MULTICORE,P04004,P04004,PMC9633814:Final Prot:2821,supplementary_data_1_xlsx,Final Prot,2821,Final Prot!A2821:K2821
PMC9633814_MSU_MULTICORE,P26038,P26038,PMC9633814:Final Prot:2828,supplementary_data_1_xlsx,Final Prot,2828,Final Prot!A2828:K2828
PMC9633814_MSU_MULTICORE,Q9NY65,Q9NY65,PMC9633814:Final Prot:2833,supplementary_data_1_xlsx,Final Prot,2833,Final Prot!A2833:K2833
PMC9633814_MSU_MULTICORE,P05556,P05556,PMC9633814:Final Prot:2837,supplementary_data_1_xlsx,Final Prot,2837,Final Prot!A2837:K2837
PMC9633814_MSU_MULTICORE,P05023,P05023,PMC9633814:Final Prot:2842,supplementary_data_1_xlsx,Final Prot,2842,Final Prot!A2842:K2842
PMC9633814_MSU_MULTICORE,P30101,P30101,PMC9633814:Final Prot:2846,supplementary_data_1_xlsx,Final Prot,2846,Final Prot!A2846:K2846
PMC9633814_MSU_MULTICORE,Q04695,Q04695,PMC9633814:Final Prot:2849,supplementary_data_1_xlsx,Final Prot,2849,Final Prot!A2849:K2849
PMC9633814_MSU_MULTICORE,P00387,P00387,PMC9633814:Final Prot:2862,supplementary_data_1_xlsx,Final Prot,2862,Final Prot!A2862:K2862
PMC9633814_MSU_MULTICORE,Q9NY65,Q9NY65,PMC9633814:Final Prot:2873,supplementary_data_1_xlsx,Final Prot,2873,Final Prot!A2873:K2873
PMC9633814_MSU_MULTICORE,Q93084,Q93084,PMC9633814:Final Prot:2900,supplementary_data_1_xlsx,Final Prot,2900,Final Prot!A2900:K2900
PMC9633814_MSU_MULTICORE,Q9HDC9,Q9HDC9,PMC9633814:Final Prot:2910,supplementary_data_1_xlsx,Final Prot,2910,Final Prot!A2910:K2910
PMC9633814_MSU_MULTICORE,P30101,P30101,PMC9633814:Final Prot:2913,supplementary_data_1_xlsx,Final Prot,2913,Final Prot!A2913:K2913
PMC9633814_MSU_MULTICORE,Q70J99,Q70J99,PMC9633814:Final Prot:2915,supplementary_data_1_xlsx,Final Prot,2915,Final Prot!A2915:K2915
PMC9633814_MSU_MULTICORE,P38646,P38646,PMC9633814:Final Prot:2921,supplementary_data_1_xlsx,Final Prot,2921,Final Prot!A2921:K2921
PMC9633814_MSU_MULTICORE,P11021,P11021,PMC9633814:Final Prot:2932,supplementary_data_1_xlsx,Final Prot,2932,Final Prot!A2932:K2932
PMC9633814_MSU_MULTICORE,P04004,P04004,PMC9633814:Final Prot:2949,supplementary_data_1_xlsx,Final Prot,2949,Final Prot!A2949:K2949
PMC9633814_MSU_MULTICORE,P04004,P04004,PMC9633814:Final Prot:2955,supplementary_data_1_xlsx,Final Prot,2955,Final Prot!A2955:K2955
PMC9633814_MSU_MULTICORE,P07996,P07996,PMC9633814:Final Prot:2963,supplementary_data_1_xlsx,Final Prot,2963,Final Prot!A2963:K2963
PMC9633814_MSU_MULTICORE,Q16643,Q16643,PMC9633814:Final Prot:2978,supplementary_data_1_xlsx,Final Prot,2978,Final Prot!A2978:K2978
PMC9633814_MSU_MULTICORE,P06576,P06576,PMC9633814:Final Prot:2985,supplementary_data_1_xlsx,Final Prot,2985,Final Prot!A2985:K2985
PMC9633814_MSU_MULTICORE,P16615,P16615,PMC9633814:Final Prot:2986,supplementary_data_1_xlsx,Final Prot,2986,Final Prot!A2986:K2986
PMC9633814_MSU_MULTICORE,Q9HDC9,Q9HDC9,PMC9633814:Final Prot:2988,supplementary_data_1_xlsx,Final Prot,2988,Final Prot!A2988:K2988
PMC9633814_MSU_MULTICORE,Q27J81,Q27J81,PMC9633814:Final Prot:2996,supplementary_data_1_xlsx,Final Prot,2996,Final Prot!A2996:K2996
PMC9633814_MSU_MULTICORE,P26038,P26038,PMC9633814:Final Prot:3004,supplementary_data_1_xlsx,Final Prot,3004,Final Prot!A3004:K3004
PMC9633814_MSU_MULTICORE,P06576,P06576,PMC9633814:Final Prot:3018,supplementary_data_1_xlsx,Final Prot,3018,Final Prot!A3018:K3018
PMC9633814_MSU_MULTICORE,P68363,P68363,PMC9633814:Final Prot:3036,supplementary_data_1_xlsx,Final Prot,3036,Final Prot!A3036:K3036
PMC9633814_MSU_MULTICORE,Q93084,Q93084,PMC9633814:Final Prot:3038,supplementary_data_1_xlsx,Final Prot,3038,Final Prot!A3038:K3038
PMC9633814_MSU_MULTICORE,P68366,P68366,PMC9633814:Final Prot:3040,supplementary_data_1_xlsx,Final Prot,3040,Final Prot!A3040:K3040
PMC9633814_MSU_MULTICORE,Q15942,Q15942,PMC9633814:Final Prot:3043,supplementary_data_1_xlsx,Final Prot,3043,Final Prot!A3043:K3043
PMC9633814_MSU_MULTICORE,P05556,P05556,PMC9633814:Final Prot:3044,supplementary_data_1_xlsx,Final Prot,3044,Final Prot!A3044:K3044
PMC9633814_MSU_MULTICORE,O00151,O00151,PMC9633814:Final Prot:3046,supplementary_data_1_xlsx,Final Prot,3046,Final Prot!A3046:K3046
PMC9633814_MSU_MULTICORE,P52907,P52907,PMC9633814:Final Prot:3050,supplementary_data_1_xlsx,Final Prot,3050,Final Prot!A3050:K3050
PMC9633814_MSU_MULTICORE,P04004,P04004,PMC9633814:Final Prot:3056,supplementary_data_1_xlsx,Final Prot,3056,Final Prot!A3056:K3056
PMC9633814_MSU_MULTICORE,P10809,P10809,PMC9633814:Final Prot:3072,supplementary_data_1_xlsx,Final Prot,3072,Final Prot!A3072:K3072
PMC9633814_MSU_MULTICORE,P16615,P16615,PMC9633814:Final Prot:3076,supplementary_data_1_xlsx,Final Prot,3076,Final Prot!A3076:K3076
PMC9633814_MSU_MULTICORE,P55072,P55072,PMC9633814:Final Prot:3079,supplementary_data_1_xlsx,Final Prot,3079,Final Prot!A3079:K3079
PMC9633814_MSU_MULTICORE,O00187,O00187,PMC9633814:Final Prot:3081,supplementary_data_1_xlsx,Final Prot,3081,Final Prot!A3081:K3081
PMC9633814_MSU_MULTICORE,P26038,P26038,PMC9633814:Final Prot:3100,supplementary_data_1_xlsx,Final Prot,3100,Final Prot!A3100:K3100
PMC9633814_MSU_MULTICORE,P11021,P11021,PMC9633814:Final Prot:3104,supplementary_data_1_xlsx,Final Prot,3104,Final Prot!A3104:K3104
PMC9633814_MSU_MULTICORE,Q9HDC9,Q9HDC9,PMC9633814:Final Prot:3108,supplementary_data_1_xlsx,Final Prot,3108,Final Prot!A3108:K3108
PMC9633814_MSU_MULTICORE,Q9H4B7,Q9H4B7,PMC9633814:Final Prot:3117,supplementary_data_1_xlsx,Final Prot,3117,Final Prot!A3117:K3117
PMC9633814_MSU_MULTICORE,O00187,O00187,PMC9633814:Final Prot:3119,supplementary_data_1_xlsx,Final Prot,3119,Final Prot!A3119:K3119
PMC9633814_MSU_MULTICORE,Q9H4B7,Q9H4B7,PMC9633814:Final Prot:3130,supplementary_data_1_xlsx,Final Prot,3130,Final Prot!A3130:K3130
PMC9633814_MSU_MULTICORE,Q7Z406,Q7Z406,PMC9633814:Final Prot:3133,supplementary_data_1_xlsx,Final Prot,3133,Final Prot!A3133:K3133
PMC9633814_MSU_MULTICORE,Q15404,Q15404,PMC9633814:Final Prot:3142,supplementary_data_1_xlsx,Final Prot,3142,Final Prot!A3142:K3142
PMC9633814_MSU_MULTICORE,P53396,P53396,PMC9633814:Final Prot:3144,supplementary_data_1_xlsx,Final Prot,3144,Final Prot!A3144:K3144
PMC9633814_MSU_MULTICORE,P00387,P00387,PMC9633814:Final Prot:3156,supplementary_data_1_xlsx,Final Prot,3156,Final Prot!A3156:K3156
PMC9633814_MSU_MULTICORE,P05556,P05556,PMC9633814:Final Prot:3164,supplementary_data_1_xlsx,Final Prot,3164,Final Prot!A3164:K3164
PMC9633814_MSU_MULTICORE,P16615,P16615,PMC9633814:Final Prot:3182,supplementary_data_1_xlsx,Final Prot,3182,Final Prot!A3182:K3182
PMC9633814_MSU_MULTICORE,P06576,P06576,PMC9633814:Final Prot:3186,supplementary_data_1_xlsx,Final Prot,3186,Final Prot!A3186:K3186
PMC9633814_MSU_MULTICORE,O00187,O00187,PMC9633814:Final Prot:3199,supplementary_data_1_xlsx,Final Prot,3199,Final Prot!A3199:K3199
PMC9633814_MSU_MULTICORE,P30041,P30041,PMC9633814:Final Prot:3206,supplementary_data_1_xlsx,Final Prot,3206,Final Prot!A3206:K3206
PMC9633814_MSU_MULTICORE,P61981,P61981,PMC9633814:Final Prot:3214,supplementary_data_1_xlsx,Final Prot,3214,Final Prot!A3214:K3214
PMC9633814_MSU_MULTICORE,P61106,P61106,PMC9633814:Final Prot:3215,supplementary_data_1_xlsx,Final Prot,3215,Final Prot!A3215:K3215
PMC9633814_MSU_MULTICORE,P27348,P27348,PMC9633814:Final Prot:3222,supplementary_data_1_xlsx,Final Prot,3222,Final Prot!A3222:K3222
PMC9633814_MSU_MULTICORE,P50990,P50990,PMC9633814:Final Prot:3223,supplementary_data_1_xlsx,Final Prot,3223,Final Prot!A3223:K3223
PMC9633814_MSU_MULTICORE,Q7Z406,Q7Z406,PMC9633814:Final Prot:3237,supplementary_data_1_xlsx,Final Prot,3237,Final Prot!A3237:K3237
PMC9633814_MSU_MULTICORE,P05556,P05556,PMC9633814:Final Prot:3240,supplementary_data_1_xlsx,Final Prot,3240,Final Prot!A3240:K3240
PMC9633814_MSU_MULTICORE,P10809,P10809,PMC9633814:Final Prot:3242,supplementary_data_1_xlsx,Final Prot,3242,Final Prot!A3242:K3242
PMC9633814_MSU_MULTICORE,P30101,P30101,PMC9633814:Final Prot:3255,supplementary_data_1_xlsx,Final Prot,3255,Final Prot!A3255:K3255
PMC9633814_MSU_MULTICORE,P16615,P16615,PMC9633814:Final Prot:3262,supplementary_data_1_xlsx,Final Prot,3262,Final Prot!A3262:K3262
PMC9633814_MSU_MULTICORE,Q7Z406,Q7Z406,PMC9633814:Final Prot:3271,supplementary_data_1_xlsx,Final Prot,3271,Final Prot!A3271:K3271
PMC9633814_MSU_MULTICORE,Q15942,Q15942,PMC9633814:Final Prot:3274,supplementary_data_1_xlsx,Final Prot,3274,Final Prot!A3274:K3274
PMC9633814_MSU_MULTICORE,O75083,O75083,PMC9633814:Final Prot:3276,supplementary_data_1_xlsx,Final Prot,3276,Final Prot!A3276:K3276
PMC9633814_MSU_MULTICORE,P09493,P09493,PMC9633814:Final Prot:3293,supplementary_data_1_xlsx,Final Prot,3293,Final Prot!A3293:K3293
PMC9633814_MSU_MULTICORE,P05556,P05556,PMC9633814:Final Prot:3294,supplementary_data_1_xlsx,Final Prot,3294,Final Prot!A3294:K3294
PMC9633814_MSU_MULTICORE,P05556,P05556-1,PMC9633814:Final Prot:3302,supplementary_data_1_xlsx,Final Prot,3302,Final Prot!A3302:K3302
PMC9633814_MSU_MULTICORE,P05556,P05556,PMC9633814:Final Prot:3312,supplementary_data_1_xlsx,Final Prot,3312,Final Prot!A3312:K3312
PMC9633814_MSU_MULTICORE,P26038,P26038,PMC9633814:Final Prot:3315,supplementary_data_1_xlsx,Final Prot,3315,Final Prot!A3315:K3315
PMC9633814_MSU_MULTICORE,P11166,P11166,PMC9633814:Final Prot:3318,supplementary_data_1_xlsx,Final Prot,3318,Final Prot!A3318:K3318
PMC9633814_MSU_MULTICORE,P11166,P11166,PMC9633814:Final Prot:3355,supplementary_data_1_xlsx,Final Prot,3355,Final Prot!A3355:K3355
PMC9633814_MSU_MULTICORE,P11166,P11166,PMC9633814:Final Prot:3368,supplementary_data_1_xlsx,Final Prot,3368,Final Prot!A3368:K3368
PMC9633814_MSU_MULTICORE,Q7Z406,Q7Z406,PMC9633814:Final Prot:3373,supplementary_data_1_xlsx,Final Prot,3373,Final Prot!A3373:K3373
PMC9633814_MSU_MULTICORE,P06576,P06576,PMC9633814:Final Prot:3380,supplementary_data_1_xlsx,Final Prot,3380,Final Prot!A3380:K3380
PMC9633814_MSU_MULTICORE,O00299,O00299,PMC9633814:Final Prot:3381,supplementary_data_1_xlsx,Final Prot,3381,Final Prot!A3381:K3381
PMC9633814_MSU_MULTICORE,Q27J81,Q27J81,PMC9633814:Final Prot:3382,supplementary_data_1_xlsx,Final Prot,3382,Final Prot!A3382:K3382
PMC9633814_MSU_MULTICORE,P68366,P68366,PMC9633814:Final Prot:3392,supplementary_data_1_xlsx,Final Prot,3392,Final Prot!A3392:K3392
PMC9633814_MSU_MULTICORE,Q9H4B7,Q9H4B7,PMC9633814:Final Prot:3418,supplementary_data_1_xlsx,Final Prot,3418,Final Prot!A3418:K3418
PMC9633814_MSU_MULTICORE,P27797,P27797,PMC9633814:Final Prot:3444,supplementary_data_1_xlsx,Final Prot,3444,Final Prot!A3444:K3444
PMC9633814_MSU_MULTICORE,P61026,P61026,PMC9633814:Final Prot:3447,supplementary_data_1_xlsx,Final Prot,3447,Final Prot!A3447:K3447
PMC9633814_MSU_MULTICORE,P61006,P61006,PMC9633814:Final Prot:3458,supplementary_data_1_xlsx,Final Prot,3458,Final Prot!A3458:K3458
PMC9633814_MSU_MULTICORE,Q99832,Q99832,PMC9633814:Final Prot:3465,supplementary_data_1_xlsx,Final Prot,3465,Final Prot!A3465:K3465
PMC9633814_MSU_MULTICORE,P00387,P00387,PMC9633814:Final Prot:3473,supplementary_data_1_xlsx,Final Prot,3473,Final Prot!A3473:K3473
PMC9633814_MSU_MULTICORE,P55072,P55072,PMC9633814:Final Prot:3477,supplementary_data_1_xlsx,Final Prot,3477,Final Prot!A3477:K3477
PMC9633814_MSU_MULTICORE,P24844,P24844,PMC9633814:Final Prot:3486,supplementary_data_1_xlsx,Final Prot,3486,Final Prot!A3486:K3486
PMC9633814_MSU_MULTICORE,Q7Z406,Q7Z406,PMC9633814:Final Prot:3490,supplementary_data_1_xlsx,Final Prot,3490,Final Prot!A3490:K3490
PMC9633814_MSU_MULTICORE,P38646,P38646,PMC9633814:Final Prot:3498,supplementary_data_1_xlsx,Final Prot,3498,Final Prot!A3498:K3498
PMC9633814_MSU_MULTICORE,P05556,P05556,PMC9633814:Final Prot:3506,supplementary_data_1_xlsx,Final Prot,3506,Final Prot!A3506:K3506
PMC9633814_MSU_MULTICORE,Q9BUF5,Q9BUF5,PMC9633814:Final Prot:3509,supplementary_data_1_xlsx,Final Prot,3509,Final Prot!A3509:K3509
PMC9633814_MSU_MULTICORE,Q9HDC9,Q9HDC9,PMC9633814:Final Prot:3513,supplementary_data_1_xlsx,Final Prot,3513,Final Prot!A3513:K3513
PMC9633814_MSU_MULTICORE,O00151,O00151,PMC9633814:Final Prot:3518,supplementary_data_1_xlsx,Final Prot,3518,Final Prot!A3518:K3518
PMC9633814_MSU_MULTICORE,P11021,P11021,PMC9633814:Final Prot:3569,supplementary_data_1_xlsx,Final Prot,3569,Final Prot!A3569:K3569
PMC9633814_MSU_MULTICORE,P16615,P16615,PMC9633814:Final Prot:3570,supplementary_data_1_xlsx,Final Prot,3570,Final Prot!A3570:K3570
PMC9633814_MSU_MULTICORE,P24844,P24844,PMC9633814:Final Prot:3580,supplementary_data_1_xlsx,Final Prot,3580,Final Prot!A3580:K3580
PMC9633814_MSU_MULTICORE,Q8TC12,Q8TC12,PMC9633814:Final Prot:3585,supplementary_data_1_xlsx,Final Prot,3585,Final Prot!A3585:K3585
PMC9633814_MSU_MULTICORE,P49411,P49411,PMC9633814:Final Prot:3594,supplementary_data_1_xlsx,Final Prot,3594,Final Prot!A3594:K3594
PMC9633814_MSU_MULTICORE,P37802,P37802,PMC9633814:Final Prot:3595,supplementary_data_1_xlsx,Final Prot,3595,Final Prot!A3595:K3595
PMC9633814_MSU_MULTICORE,P13796,P13796,PMC9633814:Final Prot:3600,supplementary_data_1_xlsx,Final Prot,3600,Final Prot!A3600:K3600
PMC9633814_MSU_MULTICORE,P11166,P11166,PMC9633814:Final Prot:3613,supplementary_data_1_xlsx,Final Prot,3613,Final Prot!A3613:K3613
PMC9633814_MSU_MULTICORE,P21796,P21796,PMC9633814:Final Prot:3619,supplementary_data_1_xlsx,Final Prot,3619,Final Prot!A3619:K3619
PMC9633814_MSU_MULTICORE,Q04695,Q04695,PMC9633814:Final Prot:3621,supplementary_data_1_xlsx,Final Prot,3621,Final Prot!A3621:K3621
PMC9633814_MSU_MULTICORE,O00187,O00187,PMC9633814:Final Prot:3622,supplementary_data_1_xlsx,Final Prot,3622,Final Prot!A3622:K3622
PMC9633814_MSU_MULTICORE,P52907,P52907,PMC9633814:Final Prot:3632,supplementary_data_1_xlsx,Final Prot,3632,Final Prot!A3632:K3632
PMC9633814_MSU_MULTICORE,O00187,O00187,PMC9633814:Final Prot:3635,supplementary_data_1_xlsx,Final Prot,3635,Final Prot!A3635:K3635
PMC9633814_MSU_MULTICORE,Q15942,Q15942,PMC9633814:Final Prot:3637,supplementary_data_1_xlsx,Final Prot,3637,Final Prot!A3637:K3637
PMC9633814_MSU_MULTICORE,Q70J99,Q70J99,PMC9633814:Final Prot:3646,supplementary_data_1_xlsx,Final Prot,3646,Final Prot!A3646:K3646
PMC9633814_MSU_MULTICORE,Q7L576,Q7L576,PMC9633814:Final Prot:3649,supplementary_data_1_xlsx,Final Prot,3649,Final Prot!A3649:K3649
PMC9633814_MSU_MULTICORE,P30041,P30041,PMC9633814:Final Prot:3650,supplementary_data_1_xlsx,Final Prot,3650,Final Prot!A3650:K3650
PMC9633814_MSU_MULTICORE,P10809,P10809,PMC9633814:Final Prot:3654,supplementary_data_1_xlsx,Final Prot,3654,Final Prot!A3654:K3654
PMC9633814_MSU_MULTICORE,Q9HDC9,Q9HDC9,PMC9633814:Final Prot:3656,supplementary_data_1_xlsx,Final Prot,3656,Final Prot!A3656:K3656
PMC9633814_MSU_MULTICORE,P00387,P00387,PMC9633814:Final Prot:3659,supplementary_data_1_xlsx,Final Prot,3659,Final Prot!A3659:K3659
PMC9633814_MSU_MULTICORE,Q15942,Q15942,PMC9633814:Final Prot:3660,supplementary_data_1_xlsx,Final Prot,3660,Final Prot!A3660:K3660
PMC9633814_MSU_MULTICORE,O75083,O75083,PMC9633814:Final Prot:3661,supplementary_data_1_xlsx,Final Prot,3661,Final Prot!A3661:K3661
PMC9633814_MSU_MULTICORE,P30101,P30101,PMC9633814:Final Prot:3663,supplementary_data_1_xlsx,Final Prot,3663,Final Prot!A3663:K3663
PMC9633814_MSU_MULTICORE,Q9BUF5,Q9BUF5,PMC9633814:Final Prot:3675,supplementary_data_1_xlsx,Final Prot,3675,Final Prot!A3675:K3675
PMC9633814_MSU_MULTICORE,P09493,P09493,PMC9633814:Final Prot:3677,supplementary_data_1_xlsx,Final Prot,3677,Final Prot!A3677:K3677
PMC9633814_MSU_MULTICORE,O00187,O00187,PMC9633814:Final Prot:3683,supplementary_data_1_xlsx,Final Prot,3683,Final Prot!A3683:K3683
PMC9633814_MSU_MULTICORE,P10809,P10809,PMC9633814:Final Prot:3684,supplementary_data_1_xlsx,Final Prot,3684,Final Prot!A3684:K3684
PMC9633814_MSU_MULTICORE,Q7L576,Q7L576,PMC9633814:Final Prot:3691,supplementary_data_1_xlsx,Final Prot,3691,Final Prot!A3691:K3691
PMC9633814_MSU_MULTICORE,P23284,P23284,PMC9633814:Final Prot:3698,supplementary_data_1_xlsx,Final Prot,3698,Final Prot!A3698:K3698
PMC9633814_MSU_MULTICORE,P63000,P63000,PMC9633814:Final Prot:3706,supplementary_data_1_xlsx,Final Prot,3706,Final Prot!A3706:K3706
PMC9633814_MSU_MULTICORE,P21796,P21796,PMC9633814:Final Prot:3714,supplementary_data_1_xlsx,Final Prot,3714,Final Prot!A3714:K3714
PMC9633814_MSU_MULTICORE,P11166,P11166,PMC9633814:Final Prot:3717,supplementary_data_1_xlsx,Final Prot,3717,Final Prot!A3717:K3717
PMC9633814_MSU_MULTICORE,P06576,P06576,PMC9633814:Final Prot:3736,supplementary_data_1_xlsx,Final Prot,3736,Final Prot!A3736:K3736
PMC9633814_MSU_MULTICORE,P11021,P11021,PMC9633814:Final Prot:3742,supplementary_data_1_xlsx,Final Prot,3742,Final Prot!A3742:K3742
PMC9633814_MSU_MULTICORE,P68366,P68366,PMC9633814:Final Prot:3755,supplementary_data_1_xlsx,Final Prot,3755,Final Prot!A3755:K3755
PMC9633814_MSU_MULTICORE,P09493,P09493-10,PMC9633814:Final Prot:3756,supplementary_data_1_xlsx,Final Prot,3756,Final Prot!A3756:K3756
PMC9633814_MSU_MULTICORE,P68363,P68363,PMC9633814:Final Prot:3757,supplementary_data_1_xlsx,Final Prot,3757,Final Prot!A3757:K3757
PMC9633814_MSU_MULTICORE,Q7Z406,Q7Z406,PMC9633814:Final Prot:3761,supplementary_data_1_xlsx,Final Prot,3761,Final Prot!A3761:K3761
PMC9633814_MSU_MULTICORE,O00187,O00187,PMC9633814:Final Prot:3767,supplementary_data_1_xlsx,Final Prot,3767,Final Prot!A3767:K3767
PMC9633814_MSU_MULTICORE,Q04695,Q04695,PMC9633814:Final Prot:3768,supplementary_data_1_xlsx,Final Prot,3768,Final Prot!A3768:K3768
PMC9633814_MSU_MULTICORE,O00299,O00299,PMC9633814:Final Prot:3777,supplementary_data_1_xlsx,Final Prot,3777,Final Prot!A3777:K3777
PMC9633814_MSU_MULTICORE,Q9NQC3,Q9NQC3,PMC9633814:Final Prot:3780,supplementary_data_1_xlsx,Final Prot,3780,Final Prot!A3780:K3780
PMC9633814_MSU_MULTICORE,O15145,O15145,PMC9633814:Final Prot:3796,supplementary_data_1_xlsx,Final Prot,3796,Final Prot!A3796:K3796
PMC9633814_MSU_MULTICORE,P30044,P30044,PMC9633814:Final Prot:3797,supplementary_data_1_xlsx,Final Prot,3797,Final Prot!A3797:K3797
PMC9633814_MSU_MULTICORE,Q9NRW1,Q9NRW1,PMC9633814:Final Prot:3803,supplementary_data_1_xlsx,Final Prot,3803,Final Prot!A3803:K3803
PMC9633814_MSU_MULTICORE,P50991,P50991,PMC9633814:Final Prot:3807,supplementary_data_1_xlsx,Final Prot,3807,Final Prot!A3807:K3807
PMC9633814_MSU_MULTICORE,P26641,P26641,PMC9633814:Final Prot:3808,supplementary_data_1_xlsx,Final Prot,3808,Final Prot!A3808:K3808
PMC9633814_MSU_MULTICORE,Q9Y2A7,Q9Y2A7,PMC9633814:Final Prot:3809,supplementary_data_1_xlsx,Final Prot,3809,Final Prot!A3809:K3809
PMC9633814_MSU_MULTICORE,P11413,P11413,PMC9633814:Final Prot:3812,supplementary_data_1_xlsx,Final Prot,3812,Final Prot!A3812:K3812
PMC9633814_MSU_MULTICORE,P26038,P26038,PMC9633814:Final Prot:3819,supplementary_data_1_xlsx,Final Prot,3819,Final Prot!A3819:K3819
PMC9633814_MSU_MULTICORE,Q9NQC3,Q9NQC3,PMC9633814:Final Prot:3825,supplementary_data_1_xlsx,Final Prot,3825,Final Prot!A3825:K3825
PMC9633814_MSU_MULTICORE,P24844,P24844,PMC9633814:Final Prot:3828,supplementary_data_1_xlsx,Final Prot,3828,Final Prot!A3828:K3828
PMC9633814_MSU_MULTICORE,O75083,O75083,PMC9633814:Final Prot:3829,supplementary_data_1_xlsx,Final Prot,3829,Final Prot!A3829:K3829
PMC9633814_MSU_MULTICORE,Q9HDC9,Q9HDC9,PMC9633814:Final Prot:3835,supplementary_data_1_xlsx,Final Prot,3835,Final Prot!A3835:K3835
PMC9633814_MSU_MULTICORE,P61026,P61026,PMC9633814:Final Prot:3850,supplementary_data_1_xlsx,Final Prot,3850,Final Prot!A3850:K3850
PMC9633814_MSU_MULTICORE,P11021,P11021,PMC9633814:Final Prot:3866,supplementary_data_1_xlsx,Final Prot,3866,Final Prot!A3866:K3866
PMC9633814_MSU_MULTICORE,P27348,P27348,PMC9633814:Final Prot:3892,supplementary_data_1_xlsx,Final Prot,3892,Final Prot!A3892:K3892
PMC9633814_MSU_MULTICORE,O75083,O75083,PMC9633814:Final Prot:3896,supplementary_data_1_xlsx,Final Prot,3896,Final Prot!A3896:K3896
PMC9633814_MSU_MULTICORE,P61981,P61981,PMC9633814:Final Prot:3899,supplementary_data_1_xlsx,Final Prot,3899,Final Prot!A3899:K3899
PMC9633814_MSU_MULTICORE,P30041,P30041,PMC9633814:Final Prot:3901,supplementary_data_1_xlsx,Final Prot,3901,Final Prot!A3901:K3901
PMC9633814_MSU_MULTICORE,P13796,P13796,PMC9633814:Final Prot:3915,supplementary_data_1_xlsx,Final Prot,3915,Final Prot!A3915:K3915
PMC9633814_MSU_MULTICORE,Q9NRW1,Q9NRW1,PMC9633814:Final Prot:3925,supplementary_data_1_xlsx,Final Prot,3925,Final Prot!A3925:K3925
PMC9633814_MSU_MULTICORE,Q15942,Q15942,PMC9633814:Final Prot:3945,supplementary_data_1_xlsx,Final Prot,3945,Final Prot!A3945:K3945
PMC9633814_MSU_MULTICORE,P24844,P24844-1,PMC9633814:Final Prot:3948,supplementary_data_1_xlsx,Final Prot,3948,Final Prot!A3948:K3948
PMC9633814_MSU_MULTICORE,O00187,O00187-1,PMC9633814:Final Prot:3950,supplementary_data_1_xlsx,Final Prot,3950,Final Prot!A3950:K3950
PMC9633814_MSU_MULTICORE,P09493,P09493-5,PMC9633814:Final Prot:3953,supplementary_data_1_xlsx,Final Prot,3953,Final Prot!A3953:K3953
PMC9633814_MSU_MULTICORE,Q9NY65,Q9NY65,PMC9633814:Final Prot:3969,supplementary_data_1_xlsx,Final Prot,3969,Final Prot!A3969:K3969
PMC9633814_MSU_MULTICORE,Q15365,Q15365,PMC9633814:Final Prot:3983,supplementary_data_1_xlsx,Final Prot,3983,Final Prot!A3983:K3983
PMC9633814_MSU_MULTICORE,P04844,P04844,PMC9633814:Final Prot:3985,supplementary_data_1_xlsx,Final Prot,3985,Final Prot!A3985:K3985
PMC9633814_MSU_MULTICORE,P10644,P10644,PMC9633814:Final Prot:3994,supplementary_data_1_xlsx,Final Prot,3994,Final Prot!A3994:K3994
PMC9633814_MSU_MULTICORE,P05023,P05023,PMC9633814:Final Prot:3999,supplementary_data_1_xlsx,Final Prot,3999,Final Prot!A3999:K3999
PMC9633814_MSU_MULTICORE,P45880,P45880,PMC9633814:Final Prot:4041,supplementary_data_1_xlsx,Final Prot,4041,Final Prot!A4041:K4041
PMC9633814_MSU_MULTICORE,Q27J81,Q27J81,PMC9633814:Final Prot:4042,supplementary_data_1_xlsx,Final Prot,4042,Final Prot!A4042:K4042
PMC9633814_MSU_MULTICORE,P05023,P05023,PMC9633814:Final Prot:4048,supplementary_data_1_xlsx,Final Prot,4048,Final Prot!A4048:K4048
PMC9633814_MSU_MULTICORE,P27797,P27797,PMC9633814:Final Prot:4050,supplementary_data_1_xlsx,Final Prot,4050,Final Prot!A4050:K4050
PMC9633814_MSU_MULTICORE,O00299,O00299,PMC9633814:Final Prot:4054,supplementary_data_1_xlsx,Final Prot,4054,Final Prot!A4054:K4054
PMC9633814_MSU_MULTICORE,O00151,O00151,PMC9633814:Final Prot:4060,supplementary_data_1_xlsx,Final Prot,4060,Final Prot!A4060:K4060
PMC9633814_MSU_MULTICORE,P30048,P30048,PMC9633814:Final Prot:4061,supplementary_data_1_xlsx,Final Prot,4061,Final Prot!A4061:K4061
PMC9633814_MSU_MULTICORE,P61981,P61981,PMC9633814:Final Prot:4063,supplementary_data_1_xlsx,Final Prot,4063,Final Prot!A4063:K4063
PMC9633814_MSU_MULTICORE,P27348,P27348,PMC9633814:Final Prot:4065,supplementary_data_1_xlsx,Final Prot,4065,Final Prot!A4065:K4065
PMC9633814_MSU_MULTICORE,P04844,P04844,PMC9633814:Final Prot:4070,supplementary_data_1_xlsx,Final Prot,4070,Final Prot!A4070:K4070
PMC9633814_MSU_MULTICORE,P53396,P53396,PMC9633814:Final Prot:4082,supplementary_data_1_xlsx,Final Prot,4082,Final Prot!A4082:K4082
PMC9633814_MSU_MULTICORE,Q9NQC3,Q9NQC3,PMC9633814:Final Prot:4084,supplementary_data_1_xlsx,Final Prot,4084,Final Prot!A4084:K4084
PMC9633814_MSU_MULTICORE,Q15365,Q15365,PMC9633814:Final Prot:4106,supplementary_data_1_xlsx,Final Prot,4106,Final Prot!A4106:K4106
PMC9633814_MSU_MULTICORE,P55072,P55072,PMC9633814:Final Prot:4122,supplementary_data_1_xlsx,Final Prot,4122,Final Prot!A4122:K4122
PMC9633814_MSU_MULTICORE,P11021,P11021,PMC9633814:Final Prot:4125,supplementary_data_1_xlsx,Final Prot,4125,Final Prot!A4125:K4125
PMC9633814_MSU_MULTICORE,Q9BSJ8,Q9BSJ8,PMC9633814:Final Prot:4126,supplementary_data_1_xlsx,Final Prot,4126,Final Prot!A4126:K4126
PMC9633814_MSU_MULTICORE,O00299,O00299,PMC9633814:Final Prot:4166,supplementary_data_1_xlsx,Final Prot,4166,Final Prot!A4166:K4166
PMC9633814_MSU_MULTICORE,O00151,O00151,PMC9633814:Final Prot:4167,supplementary_data_1_xlsx,Final Prot,4167,Final Prot!A4167:K4167
PMC9633814_MSU_MULTICORE,P53396,P53396,PMC9633814:Final Prot:4185,supplementary_data_1_xlsx,Final Prot,4185,Final Prot!A4185:K4185
PMC9633814_MSU_MULTICORE,P11166,P11166,PMC9633814:Final Prot:4188,supplementary_data_1_xlsx,Final Prot,4188,Final Prot!A4188:K4188
PMC9633814_MSU_MULTICORE,Q27J81,Q27J81,PMC9633814:Final Prot:4195,supplementary_data_1_xlsx,Final Prot,4195,Final Prot!A4195:K4195
PMC9633814_MSU_MULTICORE,O00187,O00187,PMC9633814:Final Prot:4203,supplementary_data_1_xlsx,Final Prot,4203,Final Prot!A4203:K4203
PMC9633814_MSU_MULTICORE,P26038,P26038,PMC9633814:Final Prot:4220,supplementary_data_1_xlsx,Final Prot,4220,Final Prot!A4220:K4220
PMC9633814_MSU_MULTICORE,Q93084,Q93084,PMC9633814:Final Prot:4221,supplementary_data_1_xlsx,Final Prot,4221,Final Prot!A4221:K4221
PMC9633814_MSU_MULTICORE,P10809,P10809,PMC9633814:Final Prot:4229,supplementary_data_1_xlsx,Final Prot,4229,Final Prot!A4229:K4229
PMC9633814_MSU_MULTICORE,Q15942,Q15942,PMC9633814:Final Prot:4238,supplementary_data_1_xlsx,Final Prot,4238,Final Prot!A4238:K4238
PMC9633814_MSU_MULTICORE,P62805,P62805,PMC9633814:Final Prot:4265,supplementary_data_1_xlsx,Final Prot,4265,Final Prot!A4265:K4265
PMC9633814_MSU_MULTICORE,Q16762,Q16762,PMC9633814:Final Prot:4277,supplementary_data_1_xlsx,Final Prot,4277,Final Prot!A4277:K4277
PMC9633814_MSU_MULTICORE,P30048,P30048,PMC9633814:Final Prot:4281,supplementary_data_1_xlsx,Final Prot,4281,Final Prot!A4281:K4281
PMC9633814_MSU_MULTICORE,Q15084,Q15084,PMC9633814:Final Prot:4297,supplementary_data_1_xlsx,Final Prot,4297,Final Prot!A4297:K4297
PMC9633814_MSU_MULTICORE,O00151,O00151,PMC9633814:Final Prot:4332,supplementary_data_1_xlsx,Final Prot,4332,Final Prot!A4332:K4332
PMC9633814_MSU_MULTICORE,P27348,P27348,PMC9633814:Final Prot:4342,supplementary_data_1_xlsx,Final Prot,4342,Final Prot!A4342:K4342
PMC9633814_MSU_MULTICORE,Q15942,Q15942,PMC9633814:Final Prot:4349,supplementary_data_1_xlsx,Final Prot,4349,Final Prot!A4349:K4349
PMC9633814_MSU_MULTICORE,Q9BSJ8,Q9BSJ8,PMC9633814:Final Prot:4350,supplementary_data_1_xlsx,Final Prot,4350,Final Prot!A4350:K4350
PMC9633814_MSU_MULTICORE,O75083,O75083,PMC9633814:Final Prot:4358,supplementary_data_1_xlsx,Final Prot,4358,Final Prot!A4358:K4358
PMC9633814_MSU_MULTICORE,Q9BSJ8,Q9BSJ8,PMC9633814:Final Prot:4377,supplementary_data_1_xlsx,Final Prot,4377,Final Prot!A4377:K4377
PMC9633814_MSU_MULTICORE,P49411,P49411,PMC9633814:Final Prot:4385,supplementary_data_1_xlsx,Final Prot,4385,Final Prot!A4385:K4385
PMC9633814_MSU_MULTICORE,O00299,O00299,PMC9633814:Final Prot:4399,supplementary_data_1_xlsx,Final Prot,4399,Final Prot!A4399:K4399
PMC9633814_MSU_MULTICORE,P61026,P61026,PMC9633814:Final Prot:4409,supplementary_data_1_xlsx,Final Prot,4409,Final Prot!A4409:K4409
PMC9633814_MSU_MULTICORE,Q9NQC3,Q9NQC3,PMC9633814:Final Prot:4429,supplementary_data_1_xlsx,Final Prot,4429,Final Prot!A4429:K4429
PMC9633814_MSU_MULTICORE,P52907,P52907,PMC9633814:Final Prot:4430,supplementary_data_1_xlsx,Final Prot,4430,Final Prot!A4430:K4430
PMC9633814_MSU_MULTICORE,P30041,P30041,PMC9633814:Final Prot:4431,supplementary_data_1_xlsx,Final Prot,4431,Final Prot!A4431:K4431
PMC9633814_MSU_MULTICORE,P63000,P63000,PMC9633814:Final Prot:4437,supplementary_data_1_xlsx,Final Prot,4437,Final Prot!A4437:K4437
PMC9633814_MSU_MULTICORE,P11166,P11166,PMC9633814:Final Prot:4439,supplementary_data_1_xlsx,Final Prot,4439,Final Prot!A4439:K4439
PMC9633814_MSU_MULTICORE,Q8TC12,Q8TC12,PMC9633814:Final Prot:4452,supplementary_data_1_xlsx,Final Prot,4452,Final Prot!A4452:K4452
PMC9633814_MSU_MULTICORE,P26641,P26641,PMC9633814:Final Prot:4453,supplementary_data_1_xlsx,Final Prot,4453,Final Prot!A4453:K4453
PMC9633814_MSU_MULTICORE,Q70J99,Q70J99,PMC9633814:Final Prot:4458,supplementary_data_1_xlsx,Final Prot,4458,Final Prot!A4458:K4458
PMC9633814_MSU_MULTICORE,Q9NQC3,Q9NQC3,PMC9633814:Final Prot:4487,supplementary_data_1_xlsx,Final Prot,4487,Final Prot!A4487:K4487
PMC9633814_MSU_MULTICORE,P30048,P30048,PMC9633814:Final Prot:4507,supplementary_data_1_xlsx,Final Prot,4507,Final Prot!A4507:K4507
PMC9633814_MSU_MULTICORE,P52907,P52907,PMC9633814:Final Prot:4521,supplementary_data_1_xlsx,Final Prot,4521,Final Prot!A4521:K4521
PMC9633814_MSU_MULTICORE,P24844,P24844,PMC9633814:Final Prot:4523,supplementary_data_1_xlsx,Final Prot,4523,Final Prot!A4523:K4523
PMC9633814_MSU_MULTICORE,Q14247,Q14247,PMC9633814:Final Prot:4524,supplementary_data_1_xlsx,Final Prot,4524,Final Prot!A4524:K4524
PMC9633814_MSU_MULTICORE,Q9HDC9,Q9HDC9,PMC9633814:Final Prot:4529,supplementary_data_1_xlsx,Final Prot,4529,Final Prot!A4529:K4529
PMC9633814_MSU_MULTICORE,P61106,P61106,PMC9633814:Final Prot:4533,supplementary_data_1_xlsx,Final Prot,4533,Final Prot!A4533:K4533
PMC9633814_MSU_MULTICORE,O00151,O00151,PMC9633814:Final Prot:4538,supplementary_data_1_xlsx,Final Prot,4538,Final Prot!A4538:K4538
PMC9633814_MSU_MULTICORE,P30101,P30101,PMC9633814:Final Prot:4543,supplementary_data_1_xlsx,Final Prot,4543,Final Prot!A4543:K4543
PMC9633814_MSU_MULTICORE,O00299,O00299,PMC9633814:Final Prot:4546,supplementary_data_1_xlsx,Final Prot,4546,Final Prot!A4546:K4546
PMC9633814_MSU_MULTICORE,P50990,P50990,PMC9633814:Final Prot:4550,supplementary_data_1_xlsx,Final Prot,4550,Final Prot!A4550:K4550
PMC9633814_MSU_MULTICORE,P11166,P11166,PMC9633814:Final Prot:4557,supplementary_data_1_xlsx,Final Prot,4557,Final Prot!A4557:K4557
PMC9633814_MSU_MULTICORE,O00151,O00151,PMC9633814:Final Prot:4568,supplementary_data_1_xlsx,Final Prot,4568,Final Prot!A4568:K4568
PMC9633814_MSU_MULTICORE,P27348,P27348,PMC9633814:Final Prot:4569,supplementary_data_1_xlsx,Final Prot,4569,Final Prot!A4569:K4569
PMC9633814_MSU_MULTICORE,Q9HDC9,Q9HDC9,PMC9633814:Final Prot:4572,supplementary_data_1_xlsx,Final Prot,4572,Final Prot!A4572:K4572
PMC9633814_MSU_MULTICORE,P37802,P37802,PMC9633814:Final Prot:4586,supplementary_data_1_xlsx,Final Prot,4586,Final Prot!A4586:K4586
PMC9633814_MSU_MULTICORE,P00387,P00387,PMC9633814:Final Prot:4589,supplementary_data_1_xlsx,Final Prot,4589,Final Prot!A4589:K4589
PMC9633814_MSU_MULTICORE,P09493,P09493,PMC9633814:Final Prot:4607,supplementary_data_1_xlsx,Final Prot,4607,Final Prot!A4607:K4607
PMC9633814_MSU_MULTICORE,O75083,O75083,PMC9633814:Final Prot:4614,supplementary_data_1_xlsx,Final Prot,4614,Final Prot!A4614:K4614
PMC9633814_MSU_MULTICORE,P30101,P30101,PMC9633814:Final Prot:4615,supplementary_data_1_xlsx,Final Prot,4615,Final Prot!A4615:K4615
PMC9633814_MSU_MULTICORE,P11021,P11021,PMC9633814:Final Prot:4619,supplementary_data_1_xlsx,Final Prot,4619,Final Prot!A4619:K4619
PMC9633814_MSU_MULTICORE,Q7L576,Q7L576,PMC9633814:Final Prot:4625,supplementary_data_1_xlsx,Final Prot,4625,Final Prot!A4625:K4625
PMC9633814_MSU_MULTICORE,Q9HDC9,Q9HDC9,PMC9633814:Final Prot:4630,supplementary_data_1_xlsx,Final Prot,4630,Final Prot!A4630:K4630
PMC9633814_MSU_MULTICORE,P06576,P06576,PMC9633814:Final Prot:4631,supplementary_data_1_xlsx,Final Prot,4631,Final Prot!A4631:K4631
PMC9633814_MSU_MULTICORE,P63000,P63000,PMC9633814:Final Prot:4638,supplementary_data_1_xlsx,Final Prot,4638,Final Prot!A4638:K4638
PMC9633814_MSU_MULTICORE,P60174,P60174,PMC9633814:Final Prot:4659,supplementary_data_1_xlsx,Final Prot,4659,Final Prot!A4659:K4659
PMC9633814_MSU_MULTICORE,Q9NQC3,Q9NQC3-3,PMC9633814:Final Prot:4669,supplementary_data_1_xlsx,Final Prot,4669,Final Prot!A4669:K4669
PMC9633814_MSU_MULTICORE,O00264,O00264,PMC9633814:Final Prot:4683,supplementary_data_1_xlsx,Final Prot,4683,Final Prot!A4683:K4683
PMC9633814_MSU_MULTICORE,O00299,O00299,PMC9633814:Final Prot:4735,supplementary_data_1_xlsx,Final Prot,4735,Final Prot!A4735:K4735
PMC9633814_MSU_MULTICORE,P52907,P52907,PMC9633814:Final Prot:4738,supplementary_data_1_xlsx,Final Prot,4738,Final Prot!A4738:K4738
PMC9633814_MSU_MULTICORE,Q16643,Q16643,PMC9633814:Final Prot:4743,supplementary_data_1_xlsx,Final Prot,4743,Final Prot!A4743:K4743
PMC9633814_MSU_MULTICORE,P30041,P30041,PMC9633814:Final Prot:4751,supplementary_data_1_xlsx,Final Prot,4751,Final Prot!A4751:K4751
PMC9633814_MSU_MULTICORE,P61026,P61026,PMC9633814:Final Prot:4753,supplementary_data_1_xlsx,Final Prot,4753,Final Prot!A4753:K4753
PMC9633814_MSU_MULTICORE,P61981,P61981,PMC9633814:Final Prot:4759,supplementary_data_1_xlsx,Final Prot,4759,Final Prot!A4759:K4759
PMC9633814_MSU_MULTICORE,P11021,P11021,PMC9633814:Final Prot:4761,supplementary_data_1_xlsx,Final Prot,4761,Final Prot!A4761:K4761
PMC9633814_MSU_MULTICORE,Q9NRW1,Q9NRW1,PMC9633814:Final Prot:4771,supplementary_data_1_xlsx,Final Prot,4771,Final Prot!A4771:K4771
PMC9633814_MSU_MULTICORE,P21796,P21796,PMC9633814:Final Prot:4776,supplementary_data_1_xlsx,Final Prot,4776,Final Prot!A4776:K4776
PMC9633814_MSU_MULTICORE,P00403,P00403,PMC9633814:Final Prot:4777,supplementary_data_1_xlsx,Final Prot,4777,Final Prot!A4777:K4777
PMC9633814_MSU_MULTICORE,P13796,P13796,PMC9633814:Final Prot:4797,supplementary_data_1_xlsx,Final Prot,4797,Final Prot!A4797:K4797
PMC9633814_MSU_MULTICORE,O00264,O00264,PMC9633814:Final Prot:4816,supplementary_data_1_xlsx,Final Prot,4816,Final Prot!A4816:K4816
PMC9633814_MSU_MULTICORE,P61106,P61106,PMC9633814:Final Prot:4821,supplementary_data_1_xlsx,Final Prot,4821,Final Prot!A4821:K4821
PMC9633814_MSU_MULTICORE,Q14247,Q14247,PMC9633814:Final Prot:4831,supplementary_data_1_xlsx,Final Prot,4831,Final Prot!A4831:K4831
PMC9633814_MSU_MULTICORE,Q16762,Q16762,PMC9633814:Final Prot:4832,supplementary_data_1_xlsx,Final Prot,4832,Final Prot!A4832:K4832
PMC9633814_MSU_MULTICORE,P61006,P61006,PMC9633814:Final Prot:4834,supplementary_data_1_xlsx,Final Prot,4834,Final Prot!A4834:K4834
PMC9633814_MSU_MULTICORE,Q7L576,Q7L576,PMC9633814:Final Prot:4844,supplementary_data_1_xlsx,Final Prot,4844,Final Prot!A4844:K4844
PMC9633814_MSU_MULTICORE,P52907,P52907,PMC9633814:Final Prot:4857,supplementary_data_1_xlsx,Final Prot,4857,Final Prot!A4857:K4857
PMC9633814_MSU_MULTICORE,P21796,P21796,PMC9633814:Final Prot:4859,supplementary_data_1_xlsx,Final Prot,4859,Final Prot!A4859:K4859
PMC9633814_MSU_MULTICORE,P61106,P61106,PMC9633814:Final Prot:4881,supplementary_data_1_xlsx,Final Prot,4881,Final Prot!A4881:K4881
PMC9633814_MSU_MULTICORE,P37802,P37802,PMC9633814:Final Prot:4906,supplementary_data_1_xlsx,Final Prot,4906,Final Prot!A4906:K4906
PMC9633814_MSU_MULTICORE,P24844,P24844,PMC9633814:Final Prot:4913,supplementary_data_1_xlsx,Final Prot,4913,Final Prot!A4913:K4913
PMC9633814_MSU_MULTICORE,P61026,P61026,PMC9633814:Final Prot:4921,supplementary_data_1_xlsx,Final Prot,4921,Final Prot!A4921:K4921
PMC9633814_MSU_MULTICORE,P00387,P00387,PMC9633814:Final Prot:4923,supplementary_data_1_xlsx,Final Prot,4923,Final Prot!A4923:K4923
PMC9633814_MSU_MULTICORE,P27797,P27797,PMC9633814:Final Prot:4924,supplementary_data_1_xlsx,Final Prot,4924,Final Prot!A4924:K4924
PMC9633814_MSU_MULTICORE,Q9BSJ8,Q9BSJ8,PMC9633814:Final Prot:4934,supplementary_data_1_xlsx,Final Prot,4934,Final Prot!A4934:K4934
PMC9633814_MSU_MULTICORE,P78417,P78417,PMC9633814:Final Prot:4948,supplementary_data_1_xlsx,Final Prot,4948,Final Prot!A4948:K4948
PMC9633814_MSU_MULTICORE,P04844,P04844,PMC9633814:Final Prot:4976,supplementary_data_1_xlsx,Final Prot,4976,Final Prot!A4976:K4976
PMC9633814_MSU_MULTICORE,O00264,O00264,PMC9633814:Final Prot:4987,supplementary_data_1_xlsx,Final Prot,4987,Final Prot!A4987:K4987
PMC9633814_MSU_MULTICORE,P61026,P61026,PMC9633814:Final Prot:4997,supplementary_data_1_xlsx,Final Prot,4997,Final Prot!A4997:K4997
PMC9633814_MSU_MULTICORE,P61981,P61981,PMC9633814:Final Prot:5034,supplementary_data_1_xlsx,Final Prot,5034,Final Prot!A5034:K5034
PMC9633814_MSU_MULTICORE,P13796,P13796,PMC9633814:Final Prot:5054,supplementary_data_1_xlsx,Final Prot,5054,Final Prot!A5054:K5054
PMC9633814_MSU_MULTICORE,P61981,P61981,PMC9633814:Final Prot:5084,supplementary_data_1_xlsx,Final Prot,5084,Final Prot!A5084:K5084
PMC9633814_MSU_MULTICORE,P61006,P61006,PMC9633814:Final Prot:5095,supplementary_data_1_xlsx,Final Prot,5095,Final Prot!A5095:K5095
PMC9633814_MSU_MULTICORE,P55072,P55072,PMC9633814:Final Prot:5096,supplementary_data_1_xlsx,Final Prot,5096,Final Prot!A5096:K5096
PMC9633814_MSU_MULTICORE,P63000,P63000,PMC9633814:Final Prot:5099,supplementary_data_1_xlsx,Final Prot,5099,Final Prot!A5099:K5099
PMC9633814_MSU_MULTICORE,P28066,P28066,PMC9633814:Final Prot:5136,supplementary_data_1_xlsx,Final Prot,5136,Final Prot!A5136:K5136
PMC9633814_MSU_MULTICORE,P00403,P00403,PMC9633814:Final Prot:5140,supplementary_data_1_xlsx,Final Prot,5140,Final Prot!A5140:K5140
PMC9633814_MSU_MULTICORE,P19367,P19367,PMC9633814:Final Prot:5193,supplementary_data_1_xlsx,Final Prot,5193,Final Prot!A5193:K5193
PMC9633814_MSU_MULTICORE,P50995,P50995,PMC9633814:Final Prot:5199,supplementary_data_1_xlsx,Final Prot,5199,Final Prot!A5199:K5199
PMC9633814_MSU_MULTICORE,Q86VP6,Q86VP6,PMC9633814:Final Prot:5203,supplementary_data_1_xlsx,Final Prot,5203,Final Prot!A5203:K5203
PMC9633814_MSU_MULTICORE,Q14974,Q14974,PMC9633814:Final Prot:5211,supplementary_data_1_xlsx,Final Prot,5211,Final Prot!A5211:K5211
PMC9633814_MSU_MULTICORE,Q70J99,Q70J99,PMC9633814:Final Prot:5228,supplementary_data_1_xlsx,Final Prot,5228,Final Prot!A5228:K5228
PMC9633814_MSU_MULTICORE,Q8TC12,Q8TC12,PMC9633814:Final Prot:5242,supplementary_data_1_xlsx,Final Prot,5242,Final Prot!A5242:K5242
PMC9633814_MSU_MULTICORE,P13796,P13796,PMC9633814:Final Prot:5249,supplementary_data_1_xlsx,Final Prot,5249,Final Prot!A5249:K5249
PMC9633814_MSU_MULTICORE,P49411,P49411,PMC9633814:Final Prot:5255,supplementary_data_1_xlsx,Final Prot,5255,Final Prot!A5255:K5255
PMC9633814_MSU_MULTICORE,P04844,P04844,PMC9633814:Final Prot:5256,supplementary_data_1_xlsx,Final Prot,5256,Final Prot!A5256:K5256
PMC9633814_MSU_MULTICORE,P61106,P61106,PMC9633814:Final Prot:5259,supplementary_data_1_xlsx,Final Prot,5259,Final Prot!A5259:K5259
PMC9633814_MSU_MULTICORE,P61006,P61006,PMC9633814:Final Prot:5279,supplementary_data_1_xlsx,Final Prot,5279,Final Prot!A5279:K5279
PMC9633814_MSU_MULTICORE,P37802,P37802,PMC9633814:Final Prot:5283,supplementary_data_1_xlsx,Final Prot,5283,Final Prot!A5283:K5283
PMC9633814_MSU_MULTICORE,Q8TC12,Q8TC12,PMC9633814:Final Prot:5298,supplementary_data_1_xlsx,Final Prot,5298,Final Prot!A5298:K5298
PMC9633814_MSU_MULTICORE,Q15404,Q15404,PMC9633814:Final Prot:5301,supplementary_data_1_xlsx,Final Prot,5301,Final Prot!A5301:K5301
PMC9633814_MSU_MULTICORE,Q15084,Q15084,PMC9633814:Final Prot:5313,supplementary_data_1_xlsx,Final Prot,5313,Final Prot!A5313:K5313
PMC9633814_MSU_MULTICORE,P23284,P23284,PMC9633814:Final Prot:5356,supplementary_data_1_xlsx,Final Prot,5356,Final Prot!A5356:K5356
PMC9633814_MSU_MULTICORE,P30044,P30044,PMC9633814:Final Prot:5357,supplementary_data_1_xlsx,Final Prot,5357,Final Prot!A5357:K5357
PMC9633814_MSU_MULTICORE,P62805,P62805,PMC9633814:Final Prot:5358,supplementary_data_1_xlsx,Final Prot,5358,Final Prot!A5358:K5358
PMC9633814_MSU_MULTICORE,P27797,P27797,PMC9633814:Final Prot:5365,supplementary_data_1_xlsx,Final Prot,5365,Final Prot!A5365:K5365
PMC9633814_MSU_MULTICORE,O00151,O00151,PMC9633814:Final Prot:5380,supplementary_data_1_xlsx,Final Prot,5380,Final Prot!A5380:K5380
PMC9633814_MSU_MULTICORE,Q70J99,Q70J99,PMC9633814:Final Prot:5383,supplementary_data_1_xlsx,Final Prot,5383,Final Prot!A5383:K5383
PMC9633814_MSU_MULTICORE,P45880,P45880,PMC9633814:Final Prot:5388,supplementary_data_1_xlsx,Final Prot,5388,Final Prot!A5388:K5388
PMC9633814_MSU_MULTICORE,Q9BSJ8,Q9BSJ8,PMC9633814:Final Prot:5419,supplementary_data_1_xlsx,Final Prot,5419,Final Prot!A5419:K5419
PMC9633814_MSU_MULTICORE,Q8TC12,Q8TC12,PMC9633814:Final Prot:5421,supplementary_data_1_xlsx,Final Prot,5421,Final Prot!A5421:K5421
PMC9633814_MSU_MULTICORE,P24844,P24844,PMC9633814:Final Prot:5433,supplementary_data_1_xlsx,Final Prot,5433,Final Prot!A5433:K5433
PMC9633814_MSU_MULTICORE,P00387,P00387,PMC9633814:Final Prot:5443,supplementary_data_1_xlsx,Final Prot,5443,Final Prot!A5443:K5443
PMC9633814_MSU_MULTICORE,P27348,P27348,PMC9633814:Final Prot:5451,supplementary_data_1_xlsx,Final Prot,5451,Final Prot!A5451:K5451
PMC9633814_MSU_MULTICORE,O00264,O00264,PMC9633814:Final Prot:5456,supplementary_data_1_xlsx,Final Prot,5456,Final Prot!A5456:K5456
PMC9633814_MSU_MULTICORE,P61981,P61981,PMC9633814:Final Prot:5469,supplementary_data_1_xlsx,Final Prot,5469,Final Prot!A5469:K5469
PMC9633814_MSU_MULTICORE,P30101,P30101,PMC9633814:Final Prot:5472,supplementary_data_1_xlsx,Final Prot,5472,Final Prot!A5472:K5472
PMC9633814_MSU_MULTICORE,P61026,P61026,PMC9633814:Final Prot:5479,supplementary_data_1_xlsx,Final Prot,5479,Final Prot!A5479:K5479
PMC9633814_MSU_MULTICORE,Q14247,Q14247,PMC9633814:Final Prot:5481,supplementary_data_1_xlsx,Final Prot,5481,Final Prot!A5481:K5481
PMC9633814_MSU_MULTICORE,Q16643,Q16643,PMC9633814:Final Prot:5501,supplementary_data_1_xlsx,Final Prot,5501,Final Prot!A5501:K5501
PMC9633814_MSU_MULTICORE,P53396,P53396,PMC9633814:Final Prot:5505,supplementary_data_1_xlsx,Final Prot,5505,Final Prot!A5505:K5505
PMC9633814_MSU_MULTICORE,O15145,O15145,PMC9633814:Final Prot:5513,supplementary_data_1_xlsx,Final Prot,5513,Final Prot!A5513:K5513
PMC9633814_MSU_MULTICORE,P30044,P30044,PMC9633814:Final Prot:5520,supplementary_data_1_xlsx,Final Prot,5520,Final Prot!A5520:K5520
PMC9633814_MSU_MULTICORE,Q04695,Q04695,PMC9633814:Final Prot:5526,supplementary_data_1_xlsx,Final Prot,5526,Final Prot!A5526:K5526
PMC9633814_MSU_MULTICORE,P50990,P50990,PMC9633814:Final Prot:5527,supplementary_data_1_xlsx,Final Prot,5527,Final Prot!A5527:K5527
PMC9633814_MSU_MULTICORE,Q9BS26,Q9BS26,PMC9633814:Final Prot:5535,supplementary_data_1_xlsx,Final Prot,5535,Final Prot!A5535:K5535
PMC9633814_MSU_MULTICORE,P15531,P15531,PMC9633814:Final Prot:5542,supplementary_data_1_xlsx,Final Prot,5542,Final Prot!A5542:K5542
PMC9633814_MSU_MULTICORE,P50995,P50995,PMC9633814:Final Prot:5551,supplementary_data_1_xlsx,Final Prot,5551,Final Prot!A5551:K5551
PMC9633814_MSU_MULTICORE,P28070,P28070,PMC9633814:Final Prot:5592,supplementary_data_1_xlsx,Final Prot,5592,Final Prot!A5592:K5592
PMC9633814_MSU_MULTICORE,P26641,P26641,PMC9633814:Final Prot:5595,supplementary_data_1_xlsx,Final Prot,5595,Final Prot!A5595:K5595
PMC9633814_MSU_MULTICORE,Q8TC12,Q8TC12,PMC9633814:Final Prot:5617,supplementary_data_1_xlsx,Final Prot,5617,Final Prot!A5617:K5617
PMC9633814_MSU_MULTICORE,Q8TC12,Q8TC12,PMC9633814:Final Prot:5644,supplementary_data_1_xlsx,Final Prot,5644,Final Prot!A5644:K5644
PMC9633814_MSU_MULTICORE,P38646,P38646,PMC9633814:Final Prot:5647,supplementary_data_1_xlsx,Final Prot,5647,Final Prot!A5647:K5647
PMC9633814_MSU_MULTICORE,P52907,P52907,PMC9633814:Final Prot:5657,supplementary_data_1_xlsx,Final Prot,5657,Final Prot!A5657:K5657
PMC9633814_MSU_MULTICORE,P37802,P37802,PMC9633814:Final Prot:5665,supplementary_data_1_xlsx,Final Prot,5665,Final Prot!A5665:K5665
PMC9633814_MSU_MULTICORE,P61981,P61981,PMC9633814:Final Prot:5666,supplementary_data_1_xlsx,Final Prot,5666,Final Prot!A5666:K5666
PMC9633814_MSU_MULTICORE,P61006,P61006,PMC9633814:Final Prot:5669,supplementary_data_1_xlsx,Final Prot,5669,Final Prot!A5669:K5669
PMC9633814_MSU_MULTICORE,P27348,P27348,PMC9633814:Final Prot:5674,supplementary_data_1_xlsx,Final Prot,5674,Final Prot!A5674:K5674
PMC9633814_MSU_MULTICORE,Q15365,Q15365,PMC9633814:Final Prot:5675,supplementary_data_1_xlsx,Final Prot,5675,Final Prot!A5675:K5675
PMC9633814_MSU_MULTICORE,P24844,P24844,PMC9633814:Final Prot:5677,supplementary_data_1_xlsx,Final Prot,5677,Final Prot!A5677:K5677
PMC9633814_MSU_MULTICORE,Q9NQC3,Q9NQC3,PMC9633814:Final Prot:5680,supplementary_data_1_xlsx,Final Prot,5680,Final Prot!A5680:K5680
PMC9633814_MSU_MULTICORE,P52907,P52907,PMC9633814:Final Prot:5702,supplementary_data_1_xlsx,Final Prot,5702,Final Prot!A5702:K5702
PMC9633814_MSU_MULTICORE,P38646,P38646,PMC9633814:Final Prot:5703,supplementary_data_1_xlsx,Final Prot,5703,Final Prot!A5703:K5703
PMC9633814_MSU_MULTICORE,O00264,O00264,PMC9633814:Final Prot:5715,supplementary_data_1_xlsx,Final Prot,5715,Final Prot!A5715:K5715
PMC9633814_MSU_MULTICORE,O00299,O00299,PMC9633814:Final Prot:5727,supplementary_data_1_xlsx,Final Prot,5727,Final Prot!A5727:K5727
PMC9633814_MSU_MULTICORE,Q27J81,Q27J81,PMC9633814:Final Prot:5734,supplementary_data_1_xlsx,Final Prot,5734,Final Prot!A5734:K5734
PMC9633814_MSU_MULTICORE,O00151,O00151,PMC9633814:Final Prot:5744,supplementary_data_1_xlsx,Final Prot,5744,Final Prot!A5744:K5744
PMC9633814_MSU_MULTICORE,P27348,P27348,PMC9633814:Final Prot:5751,supplementary_data_1_xlsx,Final Prot,5751,Final Prot!A5751:K5751
PMC9633814_MSU_MULTICORE,P61026,P61026,PMC9633814:Final Prot:5752,supplementary_data_1_xlsx,Final Prot,5752,Final Prot!A5752:K5752
PMC9633814_MSU_MULTICORE,Q16643,Q16643,PMC9633814:Final Prot:5759,supplementary_data_1_xlsx,Final Prot,5759,Final Prot!A5759:K5759
PMC9633814_MSU_MULTICORE,P45880,P45880,PMC9633814:Final Prot:5765,supplementary_data_1_xlsx,Final Prot,5765,Final Prot!A5765:K5765
PMC9633814_MSU_MULTICORE,P38646,P38646,PMC9633814:Final Prot:5773,supplementary_data_1_xlsx,Final Prot,5773,Final Prot!A5773:K5773
PMC9633814_MSU_MULTICORE,Q15365,Q15365,PMC9633814:Final Prot:5791,supplementary_data_1_xlsx,Final Prot,5791,Final Prot!A5791:K5791
PMC9633814_MSU_MULTICORE,P11166,P11166,PMC9633814:Final Prot:5792,supplementary_data_1_xlsx,Final Prot,5792,Final Prot!A5792:K5792
PMC9633814_MSU_MULTICORE,P05023,P05023,PMC9633814:Final Prot:5799,supplementary_data_1_xlsx,Final Prot,5799,Final Prot!A5799:K5799
PMC9633814_MSU_MULTICORE,P27797,P27797,PMC9633814:Final Prot:5817,supplementary_data_1_xlsx,Final Prot,5817,Final Prot!A5817:K5817
PMC9633814_MSU_MULTICORE,Q14247,Q14247,PMC9633814:Final Prot:5833,supplementary_data_1_xlsx,Final Prot,5833,Final Prot!A5833:K5833
PMC9633814_MSU_MULTICORE,P52907,P52907,PMC9633814:Final Prot:5837,supplementary_data_1_xlsx,Final Prot,5837,Final Prot!A5837:K5837
PMC9633814_MSU_MULTICORE,P78417,P78417,PMC9633814:Final Prot:5853,supplementary_data_1_xlsx,Final Prot,5853,Final Prot!A5853:K5853
PMC9633814_MSU_MULTICORE,Q99733,Q99733,PMC9633814:Final Prot:5869,supplementary_data_1_xlsx,Final Prot,5869,Final Prot!A5869:K5869
PMC9633814_MSU_MULTICORE,P28070,P28070,PMC9633814:Final Prot:5900,supplementary_data_1_xlsx,Final Prot,5900,Final Prot!A5900:K5900
PMC9633814_MSU_MULTICORE,P14868,P14868,PMC9633814:Final Prot:5925,supplementary_data_1_xlsx,Final Prot,5925,Final Prot!A5925:K5925
PMC9633814_MSU_MULTICORE,Q9Y3F4,Q9Y3F4,PMC9633814:Final Prot:5951,supplementary_data_1_xlsx,Final Prot,5951,Final Prot!A5951:K5951
PMC9633814_MSU_MULTICORE,Q16543,Q16543,PMC9633814:Final Prot:5960,supplementary_data_1_xlsx,Final Prot,5960,Final Prot!A5960:K5960
PMC9633814_MSU_MULTICORE,P30101,P30101,PMC9633814:Final Prot:5985,supplementary_data_1_xlsx,Final Prot,5985,Final Prot!A5985:K5985
PMC9633814_MSU_MULTICORE,P26641,P26641,PMC9633814:Final Prot:5991,supplementary_data_1_xlsx,Final Prot,5991,Final Prot!A5991:K5991
PMC9633814_MSU_MULTICORE,P38646,P38646,PMC9633814:Final Prot:6000,supplementary_data_1_xlsx,Final Prot,6000,Final Prot!A6000:K6000
PMC9633814_MSU_MULTICORE,P50991,P50991,PMC9633814:Final Prot:6011,supplementary_data_1_xlsx,Final Prot,6011,Final Prot!A6011:K6011
PMC9633814_MSU_MULTICORE,O15145,O15145,PMC9633814:Final Prot:6016,supplementary_data_1_xlsx,Final Prot,6016,Final Prot!A6016:K6016
PMC9633814_MSU_MULTICORE,Q16762,Q16762,PMC9633814:Final Prot:6037,supplementary_data_1_xlsx,Final Prot,6037,Final Prot!A6037:K6037
PMC9633814_MSU_MULTICORE,Q15404,Q15404,PMC9633814:Final Prot:6043,supplementary_data_1_xlsx,Final Prot,6043,Final Prot!A6043:K6043
PMC9633814_MSU_MULTICORE,Q7L576,Q7L576,PMC9633814:Final Prot:6044,supplementary_data_1_xlsx,Final Prot,6044,Final Prot!A6044:K6044
PMC9633814_MSU_MULTICORE,P30044,P30044,PMC9633814:Final Prot:6052,supplementary_data_1_xlsx,Final Prot,6052,Final Prot!A6052:K6052
PMC9633814_MSU_MULTICORE,P50990,P50990,PMC9633814:Final Prot:6076,supplementary_data_1_xlsx,Final Prot,6076,Final Prot!A6076:K6076
PMC9633814_MSU_MULTICORE,P50991,P50991,PMC9633814:Final Prot:6083,supplementary_data_1_xlsx,Final Prot,6083,Final Prot!A6083:K6083
PMC9633814_MSU_MULTICORE,Q15365,Q15365,PMC9633814:Final Prot:6088,supplementary_data_1_xlsx,Final Prot,6088,Final Prot!A6088:K6088
PMC9633814_MSU_MULTICORE,P05023,P05023,PMC9633814:Final Prot:6089,supplementary_data_1_xlsx,Final Prot,6089,Final Prot!A6089:K6089
PMC9633814_MSU_MULTICORE,Q9Y2A7,Q9Y2A7,PMC9633814:Final Prot:6101,supplementary_data_1_xlsx,Final Prot,6101,Final Prot!A6101:K6101
PMC9633814_MSU_MULTICORE,Q16643,Q16643,PMC9633814:Final Prot:6110,supplementary_data_1_xlsx,Final Prot,6110,Final Prot!A6110:K6110
PMC9633814_MSU_MULTICORE,P26641,P26641,PMC9633814:Final Prot:6124,supplementary_data_1_xlsx,Final Prot,6124,Final Prot!A6124:K6124
PMC9633814_MSU_MULTICORE,P63000,P63000,PMC9633814:Final Prot:6163,supplementary_data_1_xlsx,Final Prot,6163,Final Prot!A6163:K6163
PMC9633814_MSU_MULTICORE,P78417,P78417,PMC9633814:Final Prot:6170,supplementary_data_1_xlsx,Final Prot,6170,Final Prot!A6170:K6170
PMC9633814_MSU_MULTICORE,Q27J81,Q27J81,PMC9633814:Final Prot:6186,supplementary_data_1_xlsx,Final Prot,6186,Final Prot!A6186:K6186
PMC9633814_MSU_MULTICORE,Q15365,Q15365,PMC9633814:Final Prot:6196,supplementary_data_1_xlsx,Final Prot,6196,Final Prot!A6196:K6196
PMC9633814_MSU_MULTICORE,Q16762,Q16762,PMC9633814:Final Prot:6201,supplementary_data_1_xlsx,Final Prot,6201,Final Prot!A6201:K6201
PMC9633814_MSU_MULTICORE,P30044,P30044,PMC9633814:Final Prot:6210,supplementary_data_1_xlsx,Final Prot,6210,Final Prot!A6210:K6210
PMC9633814_MSU_MULTICORE,P30048,P30048,PMC9633814:Final Prot:6222,supplementary_data_1_xlsx,Final Prot,6222,Final Prot!A6222:K6222
PMC9633814_MSU_MULTICORE,P13796,P13796,PMC9633814:Final Prot:6223,supplementary_data_1_xlsx,Final Prot,6223,Final Prot!A6223:K6223
PMC9633814_MSU_MULTICORE,P61981,P61981,PMC9633814:Final Prot:6239,supplementary_data_1_xlsx,Final Prot,6239,Final Prot!A6239:K6239
PMC9633814_MSU_MULTICORE,P78417,P78417,PMC9633814:Final Prot:6305,supplementary_data_1_xlsx,Final Prot,6305,Final Prot!A6305:K6305
PMC9633814_MSU_MULTICORE,Q14974,Q14974,PMC9633814:Final Prot:6309,supplementary_data_1_xlsx,Final Prot,6309,Final Prot!A6309:K6309
PMC9633814_MSU_MULTICORE,P61006,P61006,PMC9633814:Final Prot:6325,supplementary_data_1_xlsx,Final Prot,6325,Final Prot!A6325:K6325
PMC9633814_MSU_MULTICORE,P27797,P27797,PMC9633814:Final Prot:6342,supplementary_data_1_xlsx,Final Prot,6342,Final Prot!A6342:K6342
PMC9633814_MSU_MULTICORE,Q16762,Q16762,PMC9633814:Final Prot:6413,supplementary_data_1_xlsx,Final Prot,6413,Final Prot!A6413:K6413
PMC9633814_MSU_MULTICORE,Q15365,Q15365,PMC9633814:Final Prot:6414,supplementary_data_1_xlsx,Final Prot,6414,Final Prot!A6414:K6414
PMC9633814_MSU_MULTICORE,P20645,P20645,PMC9633814:Final Prot:6429,supplementary_data_1_xlsx,Final Prot,6429,Final Prot!A6429:K6429
PMC9633814_MSU_MULTICORE,O15145,O15145,PMC9633814:Final Prot:6430,supplementary_data_1_xlsx,Final Prot,6430,Final Prot!A6430:K6430
PMC9633814_MSU_MULTICORE,Q99832,Q99832,PMC9633814:Final Prot:6432,supplementary_data_1_xlsx,Final Prot,6432,Final Prot!A6432:K6432
PMC9633814_MSU_MULTICORE,P28066,P28066,PMC9633814:Final Prot:6454,supplementary_data_1_xlsx,Final Prot,6454,Final Prot!A6454:K6454
PMC9633814_MSU_MULTICORE,Q14974,Q14974,PMC9633814:Final Prot:6457,supplementary_data_1_xlsx,Final Prot,6457,Final Prot!A6457:K6457
PMC9633814_MSU_MULTICORE,P00403,P00403,PMC9633814:Final Prot:6507,supplementary_data_1_xlsx,Final Prot,6507,Final Prot!A6507:K6507
PMC9633814_MSU_MULTICORE,Q15084,Q15084,PMC9633814:Final Prot:6565,supplementary_data_1_xlsx,Final Prot,6565,Final Prot!A6565:K6565
PMC9633814_MSU_MULTICORE,P62805,P62805,PMC9633814:Final Prot:6576,supplementary_data_1_xlsx,Final Prot,6576,Final Prot!A6576:K6576
PMC9633814_MSU_MULTICORE,P13796,P13796,PMC9633814:Final Prot:6589,supplementary_data_1_xlsx,Final Prot,6589,Final Prot!A6589:K6589
PMC9633814_MSU_MULTICORE,P10809,P10809,PMC9633814:Final Prot:6595,supplementary_data_1_xlsx,Final Prot,6595,Final Prot!A6595:K6595
PMC9633814_MSU_MULTICORE,Q9BSJ8,Q9BSJ8,PMC9633814:Final Prot:6597,supplementary_data_1_xlsx,Final Prot,6597,Final Prot!A6597:K6597
PMC9633814_MSU_MULTICORE,P63000,P63000,PMC9633814:Final Prot:6602,supplementary_data_1_xlsx,Final Prot,6602,Final Prot!A6602:K6602
PMC9633814_MSU_MULTICORE,O75083,O75083,PMC9633814:Final Prot:6616,supplementary_data_1_xlsx,Final Prot,6616,Final Prot!A6616:K6616
PMC9633814_MSU_MULTICORE,P30048,P30048,PMC9633814:Final Prot:6618,supplementary_data_1_xlsx,Final Prot,6618,Final Prot!A6618:K6618
PMC9633814_MSU_MULTICORE,P00387,P00387,PMC9633814:Final Prot:6630,supplementary_data_1_xlsx,Final Prot,6630,Final Prot!A6630:K6630
PMC9633814_MSU_MULTICORE,Q16762,Q16762,PMC9633814:Final Prot:6637,supplementary_data_1_xlsx,Final Prot,6637,Final Prot!A6637:K6637
PMC9633814_MSU_MULTICORE,Q70J99,Q70J99,PMC9633814:Final Prot:6645,supplementary_data_1_xlsx,Final Prot,6645,Final Prot!A6645:K6645
PMC9633814_MSU_MULTICORE,P30041,P30041,PMC9633814:Final Prot:6648,supplementary_data_1_xlsx,Final Prot,6648,Final Prot!A6648:K6648
PMC9633814_MSU_MULTICORE,P30041,P30041,PMC9633814:Final Prot:6676,supplementary_data_1_xlsx,Final Prot,6676,Final Prot!A6676:K6676
PMC9633814_MSU_MULTICORE,P30101,P30101,PMC9633814:Final Prot:6687,supplementary_data_1_xlsx,Final Prot,6687,Final Prot!A6687:K6687
PMC9633814_MSU_MULTICORE,P10809,P10809,PMC9633814:Final Prot:6695,supplementary_data_1_xlsx,Final Prot,6695,Final Prot!A6695:K6695
PMC9633814_MSU_MULTICORE,P61026,P61026,PMC9633814:Final Prot:6697,supplementary_data_1_xlsx,Final Prot,6697,Final Prot!A6697:K6697
PMC9633814_MSU_MULTICORE,P45880,P45880,PMC9633814:Final Prot:6702,supplementary_data_1_xlsx,Final Prot,6702,Final Prot!A6702:K6702
PMC9633814_MSU_MULTICORE,P05023,P05023,PMC9633814:Final Prot:6704,supplementary_data_1_xlsx,Final Prot,6704,Final Prot!A6704:K6704
PMC9633814_MSU_MULTICORE,P21796,P21796,PMC9633814:Final Prot:6714,supplementary_data_1_xlsx,Final Prot,6714,Final Prot!A6714:K6714
PMC9633814_MSU_MULTICORE,P60174,P60174-1,PMC9633814:Final Prot:6731,supplementary_data_1_xlsx,Final Prot,6731,Final Prot!A6731:K6731
PMC9633814_MSU_MULTICORE,P55072,P55072,PMC9633814:Final Prot:6734,supplementary_data_1_xlsx,Final Prot,6734,Final Prot!A6734:K6734
PMC9633814_MSU_MULTICORE,P78417,P78417,PMC9633814:Final Prot:6739,supplementary_data_1_xlsx,Final Prot,6739,Final Prot!A6739:K6739
PMC9633814_MSU_MULTICORE,Q9NQC3,Q9NQC3,PMC9633814:Final Prot:6755,supplementary_data_1_xlsx,Final Prot,6755,Final Prot!A6755:K6755
PMC9633814_MSU_MULTICORE,Q70J99,Q70J99,PMC9633814:Final Prot:6758,supplementary_data_1_xlsx,Final Prot,6758,Final Prot!A6758:K6758
PMC9633814_MSU_MULTICORE,Q9BSJ8,Q9BSJ8,PMC9633814:Final Prot:6760,supplementary_data_1_xlsx,Final Prot,6760,Final Prot!A6760:K6760
PMC9633814_MSU_MULTICORE,P21796,P21796,PMC9633814:Final Prot:6791,supplementary_data_1_xlsx,Final Prot,6791,Final Prot!A6791:K6791
PMC9633814_MSU_MULTICORE,P60174,P60174,PMC9633814:Final Prot:6800,supplementary_data_1_xlsx,Final Prot,6800,Final Prot!A6800:K6800
PMC9633814_MSU_MULTICORE,Q9NRW1,Q9NRW1,PMC9633814:Final Prot:6831,supplementary_data_1_xlsx,Final Prot,6831,Final Prot!A6831:K6831
PMC9633814_MSU_MULTICORE,P10599,P10599,PMC9633814:Final Prot:6837,supplementary_data_1_xlsx,Final Prot,6837,Final Prot!A6837:K6837
PMC9633814_MSU_MULTICORE,P50990,P50990,PMC9633814:Final Prot:6871,supplementary_data_1_xlsx,Final Prot,6871,Final Prot!A6871:K6871
PMC9633814_MSU_MULTICORE,P37802,P37802,PMC9633814:Final Prot:6910,supplementary_data_1_xlsx,Final Prot,6910,Final Prot!A6910:K6910
PMC9633814_MSU_MULTICORE,O00264,O00264,PMC9633814:Final Prot:6926,supplementary_data_1_xlsx,Final Prot,6926,Final Prot!A6926:K6926
PMC9633814_MSU_MULTICORE,Q14247,Q14247,PMC9633814:Final Prot:6991,supplementary_data_1_xlsx,Final Prot,6991,Final Prot!A6991:K6991
PMC9633814_MSU_MULTICORE,O00264,O00264,PMC9633814:Final Prot:7007,supplementary_data_1_xlsx,Final Prot,7007,Final Prot!A7007:K7007
PMC9633814_MSU_MULTICORE,P00403,P00403,PMC9633814:Final Prot:7021,supplementary_data_1_xlsx,Final Prot,7021,Final Prot!A7021:K7021
PMC9633814_MSU_MULTICORE,P30048,P30048,PMC9633814:Final Prot:7051,supplementary_data_1_xlsx,Final Prot,7051,Final Prot!A7051:K7051
PMC9633814_MSU_MULTICORE,P11413,P11413,PMC9633814:Final Prot:7068,supplementary_data_1_xlsx,Final Prot,7068,Final Prot!A7068:K7068
PMC9633814_MSU_MULTICORE,P23284,P23284,PMC9633814:Final Prot:7078,supplementary_data_1_xlsx,Final Prot,7078,Final Prot!A7078:K7078
PMC9633814_MSU_MULTICORE,P62805,P62805,PMC9633814:Final Prot:7139,supplementary_data_1_xlsx,Final Prot,7139,Final Prot!A7139:K7139
PMC9633814_MSU_MULTICORE,P53396,P53396,PMC9633814:Final Prot:7154,supplementary_data_1_xlsx,Final Prot,7154,Final Prot!A7154:K7154
PMC9633814_MSU_MULTICORE,P78417,P78417,PMC9633814:Final Prot:7155,supplementary_data_1_xlsx,Final Prot,7155,Final Prot!A7155:K7155
PMC9633814_MSU_MULTICORE,Q9NS28,Q9NS28,PMC9633814:Final Prot:7160,supplementary_data_1_xlsx,Final Prot,7160,Final Prot!A7160:K7160
PMC9633814_MSU_MULTICORE,P14868,P14868,PMC9633814:Final Prot:7176,supplementary_data_1_xlsx,Final Prot,7176,Final Prot!A7176:K7176
PMC9633814_MSU_MULTICORE,P15531,P15531,PMC9633814:Final Prot:7218,supplementary_data_1_xlsx,Final Prot,7218,Final Prot!A7218:K7218
PMC9633814_MSU_MULTICORE,P10644,P10644,PMC9633814:Final Prot:7227,supplementary_data_1_xlsx,Final Prot,7227,Final Prot!A7227:K7227
PMC9633814_MSU_MULTICORE,P60174,P60174,PMC9633814:Final Prot:7237,supplementary_data_1_xlsx,Final Prot,7237,Final Prot!A7237:K7237
PMC9633814_MSU_MULTICORE,P10599,P10599,PMC9633814:Final Prot:7248,supplementary_data_1_xlsx,Final Prot,7248,Final Prot!A7248:K7248
PMC9633814_MSU_MULTICORE,Q99832,Q99832,PMC9633814:Final Prot:7342,supplementary_data_1_xlsx,Final Prot,7342,Final Prot!A7342:K7342
PMC9633814_MSU_MULTICORE,P62330,P62330,PMC9633814:Final Prot:7347,supplementary_data_1_xlsx,Final Prot,7347,Final Prot!A7347:K7347
PMC9633814_MSU_MULTICORE,P61978,P61978,PMC9633814:Final Prot:7411,supplementary_data_1_xlsx,Final Prot,7411,Final Prot!A7411:K7411
PMC9633814_MSU_MULTICORE,P28066,P28066,PMC9633814:Final Prot:7419,supplementary_data_1_xlsx,Final Prot,7419,Final Prot!A7419:K7419
PMC9633814_MSU_MULTICORE,P04844,P04844,PMC9633814:Final Prot:7482,supplementary_data_1_xlsx,Final Prot,7482,Final Prot!A7482:K7482
PMC9633814_MSU_MULTICORE,O00264,O00264,PMC9633814:Final Prot:7507,supplementary_data_1_xlsx,Final Prot,7507,Final Prot!A7507:K7507
PMC9633814_MSU_MULTICORE,P30041,P30041,PMC9633814:Final Prot:7509,supplementary_data_1_xlsx,Final Prot,7509,Final Prot!A7509:K7509
PMC9633814_MSU_MULTICORE,P11413,P11413,PMC9633814:Final Prot:7512,supplementary_data_1_xlsx,Final Prot,7512,Final Prot!A7512:K7512
PMC9633814_MSU_MULTICORE,P27348,P27348,PMC9633814:Final Prot:7522,supplementary_data_1_xlsx,Final Prot,7522,Final Prot!A7522:K7522
PMC9633814_MSU_MULTICORE,P26641,P26641,PMC9633814:Final Prot:7526,supplementary_data_1_xlsx,Final Prot,7526,Final Prot!A7526:K7526
PMC9633814_MSU_MULTICORE,Q15084,Q15084,PMC9633814:Final Prot:7535,supplementary_data_1_xlsx,Final Prot,7535,Final Prot!A7535:K7535
PMC9633814_MSU_MULTICORE,P38646,P38646,PMC9633814:Final Prot:7542,supplementary_data_1_xlsx,Final Prot,7542,Final Prot!A7542:K7542
PMC9633814_MSU_MULTICORE,P27797,P27797,PMC9633814:Final Prot:7544,supplementary_data_1_xlsx,Final Prot,7544,Final Prot!A7544:K7544
PMC9633814_MSU_MULTICORE,P05023,P05023,PMC9633814:Final Prot:7574,supplementary_data_1_xlsx,Final Prot,7574,Final Prot!A7574:K7574
PMC9633814_MSU_MULTICORE,P10644,P10644,PMC9633814:Final Prot:7578,supplementary_data_1_xlsx,Final Prot,7578,Final Prot!A7578:K7578
PMC9633814_MSU_MULTICORE,P50991,P50991,PMC9633814:Final Prot:7600,supplementary_data_1_xlsx,Final Prot,7600,Final Prot!A7600:K7600
PMC9633814_MSU_MULTICORE,P61106,P61106,PMC9633814:Final Prot:7605,supplementary_data_1_xlsx,Final Prot,7605,Final Prot!A7605:K7605
PMC9633814_MSU_MULTICORE,Q16762,Q16762,PMC9633814:Final Prot:7667,supplementary_data_1_xlsx,Final Prot,7667,Final Prot!A7667:K7667
PMC9633814_MSU_MULTICORE,Q15084,Q15084,PMC9633814:Final Prot:7748,supplementary_data_1_xlsx,Final Prot,7748,Final Prot!A7748:K7748
PMC9633814_MSU_MULTICORE,P30048,P30048,PMC9633814:Final Prot:7797,supplementary_data_1_xlsx,Final Prot,7797,Final Prot!A7797:K7797
PMC9633814_MSU_MULTICORE,P38646,P38646,PMC9633814:Final Prot:7822,supplementary_data_1_xlsx,Final Prot,7822,Final Prot!A7822:K7822
PMC9633814_MSU_MULTICORE,P50991,P50991,PMC9633814:Final Prot:7839,supplementary_data_1_xlsx,Final Prot,7839,Final Prot!A7839:K7839
PMC9633814_MSU_MULTICORE,Q16543,Q16543,PMC9633814:Final Prot:7849,supplementary_data_1_xlsx,Final Prot,7849,Final Prot!A7849:K7849
PMC9633814_MSU_MULTICORE,Q9NRW1,Q9NRW1,PMC9633814:Final Prot:7883,supplementary_data_1_xlsx,Final Prot,7883,Final Prot!A7883:K7883
PMC9633814_MSU_MULTICORE,P20645,P20645,PMC9633814:Final Prot:7903,supplementary_data_1_xlsx,Final Prot,7903,Final Prot!A7903:K7903
PMC9633814_MSU_MULTICORE,P10644,P10644,PMC9633814:Final Prot:7924,supplementary_data_1_xlsx,Final Prot,7924,Final Prot!A7924:K7924
PMC9633814_MSU_MULTICORE,Q15404,Q15404,PMC9633814:Final Prot:7933,supplementary_data_1_xlsx,Final Prot,7933,Final Prot!A7933:K7933
PMC9633814_MSU_MULTICORE,Q86VP6,Q86VP6,PMC9633814:Final Prot:7981,supplementary_data_1_xlsx,Final Prot,7981,Final Prot!A7981:K7981
PMC9633814_MSU_MULTICORE,P04844,P04844,PMC9633814:Final Prot:7995,supplementary_data_1_xlsx,Final Prot,7995,Final Prot!A7995:K7995
PMC9633814_MSU_MULTICORE,Q58FF8,Q58FF8,PMC9633814:Final Prot:7998,supplementary_data_1_xlsx,Final Prot,7998,Final Prot!A7998:K7998
PMC9633814_MSU_MULTICORE,P14868,P14868,PMC9633814:Final Prot:8132,supplementary_data_1_xlsx,Final Prot,8132,Final Prot!A8132:K8132
PMC9633814_MSU_MULTICORE,Q9NS28,Q9NS28,PMC9633814:Final Prot:8193,supplementary_data_1_xlsx,Final Prot,8193,Final Prot!A8193:K8193
PMC9633814_MSU_MULTICORE,P05023,P05023,PMC9633814:Final Prot:8231,supplementary_data_1_xlsx,Final Prot,8231,Final Prot!A8231:K8231
PMC9633814_MSU_MULTICORE,P05023,P05023,PMC9633814:Final Prot:8237,supplementary_data_1_xlsx,Final Prot,8237,Final Prot!A8237:K8237
PMC9633814_MSU_MULTICORE,P78417,P78417,PMC9633814:Final Prot:8255,supplementary_data_1_xlsx,Final Prot,8255,Final Prot!A8255:K8255
PMC9633814_MSU_MULTICORE,P50995,P50995,PMC9633814:Final Prot:8262,supplementary_data_1_xlsx,Final Prot,8262,Final Prot!A8262:K8262
PMC9633814_MSU_MULTICORE,O15145,O15145,PMC9633814:Final Prot:8285,supplementary_data_1_xlsx,Final Prot,8285,Final Prot!A8285:K8285
PMC9633814_MSU_MULTICORE,Q9NR12,Q9NR12,PMC9633814:Final Prot:8350,supplementary_data_1_xlsx,Final Prot,8350,Final Prot!A8350:K8350
PMC9633814_MSU_MULTICORE,P10599,P10599-1,PMC9633814:Final Prot:8363,supplementary_data_1_xlsx,Final Prot,8363,Final Prot!A8363:K8363
PMC9633814_MSU_MULTICORE,P27797,P27797,PMC9633814:Final Prot:8378,supplementary_data_1_xlsx,Final Prot,8378,Final Prot!A8378:K8378
PMC9633814_MSU_MULTICORE,Q9NQC3,Q9NQC3,PMC9633814:Final Prot:8386,supplementary_data_1_xlsx,Final Prot,8386,Final Prot!A8386:K8386
PMC9633814_MSU_MULTICORE,P00403,P00403,PMC9633814:Final Prot:8389,supplementary_data_1_xlsx,Final Prot,8389,Final Prot!A8389:K8389
PMC9633814_MSU_MULTICORE,P04844,P04844-1,PMC9633814:Final Prot:8397,supplementary_data_1_xlsx,Final Prot,8397,Final Prot!A8397:K8397
PMC9633814_MSU_MULTICORE,P30048,P30048,PMC9633814:Final Prot:8432,supplementary_data_1_xlsx,Final Prot,8432,Final Prot!A8432:K8432
PMC9633814_MSU_MULTICORE,Q15942,Q15942,PMC9633814:Final Prot:8454,supplementary_data_1_xlsx,Final Prot,8454,Final Prot!A8454:K8454
PMC9633814_MSU_MULTICORE,P20645,P20645,PMC9633814:Final Prot:8455,supplementary_data_1_xlsx,Final Prot,8455,Final Prot!A8455:K8455
PMC9633814_MSU_MULTICORE,P63000,P63000-1,PMC9633814:Final Prot:8457,supplementary_data_1_xlsx,Final Prot,8457,Final Prot!A8457:K8457
PMC9633814_MSU_MULTICORE,Q15084,Q15084-1,PMC9633814:Final Prot:8462,supplementary_data_1_xlsx,Final Prot,8462,Final Prot!A8462:K8462
PMC9633814_MSU_MULTICORE,O15145,O15145,PMC9633814:Final Prot:8466,supplementary_data_1_xlsx,Final Prot,8466,Final Prot!A8466:K8466
PMC9633814_MSU_MULTICORE,P61106,P61106,PMC9633814:Final Prot:8483,supplementary_data_1_xlsx,Final Prot,8483,Final Prot!A8483:K8483
PMC9633814_MSU_MULTICORE,Q15404,Q15404-1,PMC9633814:Final Prot:8488,supplementary_data_1_xlsx,Final Prot,8488,Final Prot!A8488:K8488
PMC9633814_MSU_MULTICORE,P23284,P23284,PMC9633814:Final Prot:8513,supplementary_data_1_xlsx,Final Prot,8513,Final Prot!A8513:K8513
PMC9633814_MSU_MULTICORE,P28066,P28066-1,PMC9633814:Final Prot:8578,supplementary_data_1_xlsx,Final Prot,8578,Final Prot!A8578:K8578
PMC9633814_MSU_MULTICORE,P00387,P00387,PMC9633814:Final Prot:8627,supplementary_data_1_xlsx,Final Prot,8627,Final Prot!A8627:K8627
PMC9633814_MSU_MULTICORE,Q8TC12,Q8TC12,PMC9633814:Final Prot:8635,supplementary_data_1_xlsx,Final Prot,8635,Final Prot!A8635:K8635
PMC9633814_MSU_MULTICORE,P50991,P50991,PMC9633814:Final Prot:8661,supplementary_data_1_xlsx,Final Prot,8661,Final Prot!A8661:K8661
PMC9633814_MSU_MULTICORE,P30041,P30041,PMC9633814:Final Prot:8678,supplementary_data_1_xlsx,Final Prot,8678,Final Prot!A8678:K8678
PMC9633814_MSU_MULTICORE,P20645,P20645,PMC9633814:Final Prot:8719,supplementary_data_1_xlsx,Final Prot,8719,Final Prot!A8719:K8719
PMC9633814_MSU_MULTICORE,P28066,P28066,PMC9633814:Final Prot:8721,supplementary_data_1_xlsx,Final Prot,8721,Final Prot!A8721:K8721
PMC9633814_MSU_MULTICORE,P26641,P26641,PMC9633814:Final Prot:8800,supplementary_data_1_xlsx,Final Prot,8800,Final Prot!A8800:K8800
PMC9633814_MSU_MULTICORE,P04844,P04844,PMC9633814:Final Prot:8805,supplementary_data_1_xlsx,Final Prot,8805,Final Prot!A8805:K8805
PMC9633814_MSU_MULTICORE,P19367,P19367,PMC9633814:Final Prot:8824,supplementary_data_1_xlsx,Final Prot,8824,Final Prot!A8824:K8824
PMC9633814_MSU_MULTICORE,P49411,P49411,PMC9633814:Final Prot:8919,supplementary_data_1_xlsx,Final Prot,8919,Final Prot!A8919:K8919
PMC9633814_MSU_MULTICORE,Q15691,Q15691,PMC9633814:Final Prot:9024,supplementary_data_1_xlsx,Final Prot,9024,Final Prot!A9024:K9024
PMC9633814_MSU_MULTICORE,P78417,P78417,PMC9633814:Final Prot:9093,supplementary_data_1_xlsx,Final Prot,9093,Final Prot!A9093:K9093
PMC9633814_MSU_MULTICORE,P24844,P24844,PMC9633814:Final Prot:9104,supplementary_data_1_xlsx,Final Prot,9104,Final Prot!A9104:K9104
PMC9633814_MSU_MULTICORE,P11413,P11413,PMC9633814:Final Prot:9117,supplementary_data_1_xlsx,Final Prot,9117,Final Prot!A9117:K9117
PMC9633814_MSU_MULTICORE,P61978,P61978,PMC9633814:Final Prot:9134,supplementary_data_1_xlsx,Final Prot,9134,Final Prot!A9134:K9134
PMC9633814_MSU_MULTICORE,P61106,P61106,PMC9633814:Final Prot:9175,supplementary_data_1_xlsx,Final Prot,9175,Final Prot!A9175:K9175
PMC9633814_MSU_MULTICORE,P53396,P53396,PMC9633814:Final Prot:9196,supplementary_data_1_xlsx,Final Prot,9196,Final Prot!A9196:K9196
PMC9633814_MSU_MULTICORE,P13796,P13796,PMC9633814:Final Prot:9202,supplementary_data_1_xlsx,Final Prot,9202,Final Prot!A9202:K9202
PMC9633814_MSU_MULTICORE,Q9BS26,Q9BS26,PMC9633814:Final Prot:9336,supplementary_data_1_xlsx,Final Prot,9336,Final Prot!A9336:K9336
PMC9633814_MSU_MULTICORE,P24844,P24844,PMC9633814:Final Prot:9438,supplementary_data_1_xlsx,Final Prot,9438,Final Prot!A9438:K9438
PMC9633814_MSU_MULTICORE,P04264,P04264,PMC9633814:Final Prot:9440,supplementary_data_1_xlsx,Final Prot,9440,Final Prot!A9440:K9440
PMC9633814_MSU_MULTICORE,Q16543,Q16543,PMC9633814:Final Prot:9452,supplementary_data_1_xlsx,Final Prot,9452,Final Prot!A9452:K9452
PMC9633814_MSU_MULTICORE,Q86VP6,Q86VP6,PMC9633814:Final Prot:9459,supplementary_data_1_xlsx,Final Prot,9459,Final Prot!A9459:K9459
PMC9633814_MSU_MULTICORE,P10644,P10644,PMC9633814:Final Prot:9469,supplementary_data_1_xlsx,Final Prot,9469,Final Prot!A9469:K9469
PMC9633814_MSU_MULTICORE,Q15365,Q15365,PMC9633814:Final Prot:9478,supplementary_data_1_xlsx,Final Prot,9478,Final Prot!A9478:K9478
PMC9633814_MSU_MULTICORE,P61026,P61026,PMC9633814:Final Prot:9517,supplementary_data_1_xlsx,Final Prot,9517,Final Prot!A9517:K9517
PMC9633814_MSU_MULTICORE,P11413,P11413,PMC9633814:Final Prot:9519,supplementary_data_1_xlsx,Final Prot,9519,Final Prot!A9519:K9519
PMC9633814_MSU_MULTICORE,P50991,P50991,PMC9633814:Final Prot:9540,supplementary_data_1_xlsx,Final Prot,9540,Final Prot!A9540:K9540
PMC9633814_MSU_MULTICORE,P62805,P62805,PMC9633814:Final Prot:9548,supplementary_data_1_xlsx,Final Prot,9548,Final Prot!A9548:K9548
PMC9633814_MSU_MULTICORE,P30048,P30048,PMC9633814:Final Prot:9550,supplementary_data_1_xlsx,Final Prot,9550,Final Prot!A9550:K9550
PMC9633814_MSU_MULTICORE,Q9NY65,Q9NY65,PMC9633814:Final Prot:9554,supplementary_data_1_xlsx,Final Prot,9554,Final Prot!A9554:K9554
PMC9633814_MSU_MULTICORE,Q9NRW1,Q9NRW1,PMC9633814:Final Prot:9567,supplementary_data_1_xlsx,Final Prot,9567,Final Prot!A9567:K9567
PMC9633814_MSU_MULTICORE,Q16762,Q16762,PMC9633814:Final Prot:9584,supplementary_data_1_xlsx,Final Prot,9584,Final Prot!A9584:K9584
PMC9633814_MSU_MULTICORE,Q99832,Q99832,PMC9633814:Final Prot:9589,supplementary_data_1_xlsx,Final Prot,9589,Final Prot!A9589:K9589
PMC9633814_MSU_MULTICORE,O00299,O00299,PMC9633814:Final Prot:9595,supplementary_data_1_xlsx,Final Prot,9595,Final Prot!A9595:K9595
PMC9633814_MSU_MULTICORE,Q15942,Q15942,PMC9633814:Final Prot:9610,supplementary_data_1_xlsx,Final Prot,9610,Final Prot!A9610:K9610
PMC9633814_MSU_MULTICORE,P00387,P00387,PMC9633814:Final Prot:9611,supplementary_data_1_xlsx,Final Prot,9611,Final Prot!A9611:K9611
PMC9633814_MSU_MULTICORE,Q15084,Q15084,PMC9633814:Final Prot:9615,supplementary_data_1_xlsx,Final Prot,9615,Final Prot!A9615:K9615
PMC9633814_MSU_MULTICORE,Q8TC12,Q8TC12,PMC9633814:Final Prot:9627,supplementary_data_1_xlsx,Final Prot,9627,Final Prot!A9627:K9627
PMC9633814_MSU_MULTICORE,P27348,P27348,PMC9633814:Final Prot:9648,supplementary_data_1_xlsx,Final Prot,9648,Final Prot!A9648:K9648
PMC9633814_MSU_MULTICORE,P27797,P27797,PMC9633814:Final Prot:9650,supplementary_data_1_xlsx,Final Prot,9650,Final Prot!A9650:K9650
PMC9633814_MSU_MULTICORE,P37802,P37802,PMC9633814:Final Prot:9653,supplementary_data_1_xlsx,Final Prot,9653,Final Prot!A9653:K9653
PMC9633814_MSU_MULTICORE,P30044,P30044,PMC9633814:Final Prot:9655,supplementary_data_1_xlsx,Final Prot,9655,Final Prot!A9655:K9655
PMC9633814_MSU_MULTICORE,O15145,O15145,PMC9633814:Final Prot:9657,supplementary_data_1_xlsx,Final Prot,9657,Final Prot!A9657:K9657
PMC9633814_MSU_MULTICORE,O00187,O00187,PMC9633814:Final Prot:9659,supplementary_data_1_xlsx,Final Prot,9659,Final Prot!A9659:K9659
PMC9633814_MSU_MULTICORE,P61106,P61106,PMC9633814:Final Prot:9669,supplementary_data_1_xlsx,Final Prot,9669,Final Prot!A9669:K9669
PMC9633814_MSU_MULTICORE,P68366,P68366,PMC9633814:Final Prot:9678,supplementary_data_1_xlsx,Final Prot,9678,Final Prot!A9678:K9678
PMC9633814_MSU_MULTICORE,O00151,O00151,PMC9633814:Final Prot:9686,supplementary_data_1_xlsx,Final Prot,9686,Final Prot!A9686:K9686
PMC9633814_MSU_MULTICORE,P30101,P30101,PMC9633814:Final Prot:9687,supplementary_data_1_xlsx,Final Prot,9687,Final Prot!A9687:K9687
PMC9633814_MSU_MULTICORE,P05556,P05556,PMC9633814:Final Prot:9690,supplementary_data_1_xlsx,Final Prot,9690,Final Prot!A9690:K9690
PMC9633814_MSU_MULTICORE,P38646,P38646,PMC9633814:Final Prot:9694,supplementary_data_1_xlsx,Final Prot,9694,Final Prot!A9694:K9694
PMC9633814_MSU_MULTICORE,Q16643,Q16643,PMC9633814:Final Prot:9699,supplementary_data_1_xlsx,Final Prot,9699,Final Prot!A9699:K9699
PMC9633814_MSU_MULTICORE,P49411,P49411,PMC9633814:Final Prot:9700,supplementary_data_1_xlsx,Final Prot,9700,Final Prot!A9700:K9700
PMC9633814_MSU_MULTICORE,P30041,P30041,PMC9633814:Final Prot:9703,supplementary_data_1_xlsx,Final Prot,9703,Final Prot!A9703:K9703
PMC9633814_MSU_MULTICORE,P68363,P68363,PMC9633814:Final Prot:9709,supplementary_data_1_xlsx,Final Prot,9709,Final Prot!A9709:K9709
PMC9633814_MSU_MULTICORE,P53396,P53396,PMC9633814:Final Prot:9725,supplementary_data_1_xlsx,Final Prot,9725,Final Prot!A9725:K9725
PMC9633814_MSU_MULTICORE,P13796,P13796,PMC9633814:Final Prot:9728,supplementary_data_1_xlsx,Final Prot,9728,Final Prot!A9728:K9728
PMC9633814_MSU_MULTICORE,Q70J99,Q70J99,PMC9633814:Final Prot:9731,supplementary_data_1_xlsx,Final Prot,9731,Final Prot!A9731:K9731
PMC9633814_MSU_MULTICORE,O75083,O75083,PMC9633814:Final Prot:9735,supplementary_data_1_xlsx,Final Prot,9735,Final Prot!A9735:K9735
PMC9633814_MSU_MULTICORE,P05023,P05023,PMC9633814:Final Prot:9737,supplementary_data_1_xlsx,Final Prot,9737,Final Prot!A9737:K9737
PMC9633814_MSU_MULTICORE,Q9HDC9,Q9HDC9,PMC9633814:Final Prot:9740,supplementary_data_1_xlsx,Final Prot,9740,Final Prot!A9740:K9740
PMC9633814_MSU_MULTICORE,P52907,P52907,PMC9633814:Final Prot:9743,supplementary_data_1_xlsx,Final Prot,9743,Final Prot!A9743:K9743
PMC9633814_MSU_MULTICORE,P26038,P26038,PMC9633814:Final Prot:9750,supplementary_data_1_xlsx,Final Prot,9750,Final Prot!A9750:K9750
PMC9633814_MSU_MULTICORE,P55072,P55072,PMC9633814:Final Prot:9751,supplementary_data_1_xlsx,Final Prot,9751,Final Prot!A9751:K9751
PMC9633814_MSU_MULTICORE,Q9NQC3,Q9NQC3,PMC9633814:Final Prot:9757,supplementary_data_1_xlsx,Final Prot,9757,Final Prot!A9757:K9757
PMC9633814_MSU_MULTICORE,Q9BSJ8,Q9BSJ8,PMC9633814:Final Prot:9765,supplementary_data_1_xlsx,Final Prot,9765,Final Prot!A9765:K9765
PMC9633814_MSU_MULTICORE,P04844,P04844,PMC9633814:Final Prot:9768,supplementary_data_1_xlsx,Final Prot,9768,Final Prot!A9768:K9768
PMC9633814_MSU_MULTICORE,P16615,P16615,PMC9633814:Final Prot:9769,supplementary_data_1_xlsx,Final Prot,9769,Final Prot!A9769:K9769
PMC9633814_MSU_MULTICORE,P11166,P11166,PMC9633814:Final Prot:9771,supplementary_data_1_xlsx,Final Prot,9771,Final Prot!A9771:K9771
PMC9633814_MSU_MULTICORE,P04004,P04004,PMC9633814:Final Prot:9780,supplementary_data_1_xlsx,Final Prot,9780,Final Prot!A9780:K9780
PMC9633814_MSU_MULTICORE,Q27J81,Q27J81,PMC9633814:Final Prot:9787,supplementary_data_1_xlsx,Final Prot,9787,Final Prot!A9787:K9787
PMC9633814_MSU_MULTICORE,P10809,P10809,PMC9633814:Final Prot:9788,supplementary_data_1_xlsx,Final Prot,9788,Final Prot!A9788:K9788
PMC9633814_MSU_MULTICORE,Q7L576,Q7L576,PMC9633814:Final Prot:9789,supplementary_data_1_xlsx,Final Prot,9789,Final Prot!A9789:K9789
PMC9633814_MSU_MULTICORE,P11021,P11021,PMC9633814:Final Prot:9800,supplementary_data_1_xlsx,Final Prot,9800,Final Prot!A9800:K9800
PMC9633814_MSU_MULTICORE,Q9H4B7,Q9H4B7,PMC9633814:Final Prot:9806,supplementary_data_1_xlsx,Final Prot,9806,Final Prot!A9806:K9806
PMC9633814_MSU_MULTICORE,P06396,P06396,PMC9633814:Final Prot:9813,supplementary_data_1_xlsx,Final Prot,9813,Final Prot!A9813:K9813
PMC9633814_MSU_MULTICORE,Q93084,Q93084,PMC9633814:Final Prot:9818,supplementary_data_1_xlsx,Final Prot,9818,Final Prot!A9818:K9818
PMC9633814_MSU_MULTICORE,P06576,P06576,PMC9633814:Final Prot:9824,supplementary_data_1_xlsx,Final Prot,9824,Final Prot!A9824:K9824
PMC9633814_MSU_MULTICORE,O00410,O00410,PMC9633814:Final Prot:9855,supplementary_data_1_xlsx,Final Prot,9855,Final Prot!A9855:K9855
PMC9633814_MSU_MULTICORE,Q14247,Q14247,PMC9633814:Final Prot:9880,supplementary_data_1_xlsx,Final Prot,9880,Final Prot!A9880:K9880
PMC9633814_MSU_MULTICORE,Q9NS28,Q9NS28,PMC9633814:Final Prot:9893,supplementary_data_1_xlsx,Final Prot,9893,Final Prot!A9893:K9893
PMC9633814_MSU_MULTICORE,P10599,P10599,PMC9633814:Final Prot:9897,supplementary_data_1_xlsx,Final Prot,9897,Final Prot!A9897:K9897
PMC9633814_MSU_MULTICORE,P26641,P26641,PMC9633814:Final Prot:9900,supplementary_data_1_xlsx,Final Prot,9900,Final Prot!A9900:K9900
PMC9633814_MSU_MULTICORE,P61981,P61981,PMC9633814:Final Prot:9904,supplementary_data_1_xlsx,Final Prot,9904,Final Prot!A9904:K9904
PMC9633814_MSU_MULTICORE,P14868,P14868,PMC9633814:Final Prot:9911,supplementary_data_1_xlsx,Final Prot,9911,Final Prot!A9911:K9911
PMC7788026_OUHSC_GOLD,P68363,P68363,PMC7788026:RIPA-PC:5,ripa_pc_table,RIPA-PC,5,RIPA-PC!A5:Q5
PMC7788026_OUHSC_GOLD,P68366,P68366,PMC7788026:RIPA-PC:15,ripa_pc_table,RIPA-PC,15,RIPA-PC!A15:Q15
PMC7788026_OUHSC_GOLD,P60174,P60174,PMC7788026:RIPA-PC:26,ripa_pc_table,RIPA-PC,26,RIPA-PC!A26:Q26
PMC7788026_OUHSC_GOLD,P27797,P27797,PMC7788026:RIPA-PC:27,ripa_pc_table,RIPA-PC,27,RIPA-PC!A27:Q27
PMC7788026_OUHSC_GOLD,P10809,P10809,PMC7788026:RIPA-PC:42,ripa_pc_table,RIPA-PC,42,RIPA-PC!A42:Q42
PMC7788026_OUHSC_GOLD,P30041,P30041,PMC7788026:RIPA-PC:54,ripa_pc_table,RIPA-PC,54,RIPA-PC!A54:Q54
PMC7788026_OUHSC_GOLD,P26641,P26641,PMC7788026:RIPA-PC:56,ripa_pc_table,RIPA-PC,56,RIPA-PC!A56:Q56
PMC7788026_OUHSC_GOLD,O00299,O00299,PMC7788026:RIPA-PC:58,ripa_pc_table,RIPA-PC,58,RIPA-PC!A58:Q58
PMC7788026_OUHSC_GOLD,P37802,P37802,PMC7788026:RIPA-PC:63,ripa_pc_table,RIPA-PC,63,RIPA-PC!A63:Q63
PMC7788026_OUHSC_GOLD,P55072,P55072,PMC7788026:RIPA-PC:74,ripa_pc_table,RIPA-PC,74,RIPA-PC!A74:Q74
PMC7788026_OUHSC_GOLD,P11021,P11021,PMC7788026:RIPA-PC:77,ripa_pc_table,RIPA-PC,77,RIPA-PC!A77:Q77
PMC7788026_OUHSC_GOLD,P26038,P26038,PMC7788026:RIPA-PC:88,ripa_pc_table,RIPA-PC,88,RIPA-PC!A88:Q88
PMC7788026_OUHSC_GOLD,P06576,P06576,PMC7788026:RIPA-PC:94,ripa_pc_table,RIPA-PC,94,RIPA-PC!A94:Q94
PMC7788026_OUHSC_GOLD,P13796,P13796,PMC7788026:RIPA-PC:103,ripa_pc_table,RIPA-PC,103,RIPA-PC!A103:Q103
PMC7788026_OUHSC_GOLD,Q15084,Q15084,PMC7788026:RIPA-PC:106,ripa_pc_table,RIPA-PC,106,RIPA-PC!A106:Q106
PMC7788026_OUHSC_GOLD,Q99832,Q99832,PMC7788026:RIPA-PC:109,ripa_pc_table,RIPA-PC,109,RIPA-PC!A109:Q109
PMC7788026_OUHSC_GOLD,P30101,P30101,PMC7788026:RIPA-PC:110,ripa_pc_table,RIPA-PC,110,RIPA-PC!A110:Q110
PMC7788026_OUHSC_GOLD,P61978,P61978,PMC7788026:RIPA-PC:115,ripa_pc_table,RIPA-PC,115,RIPA-PC!A115:Q115
PMC7788026_OUHSC_GOLD,P50990,P50990,PMC7788026:RIPA-PC:119,ripa_pc_table,RIPA-PC,119,RIPA-PC!A119:Q119
PMC7788026_OUHSC_GOLD,P27348,P27348,PMC7788026:RIPA-PC:122,ripa_pc_table,RIPA-PC,122,RIPA-PC!A122:Q122
PMC7788026_OUHSC_GOLD,Q15365,Q15365,PMC7788026:RIPA-PC:128,ripa_pc_table,RIPA-PC,128,RIPA-PC!A128:Q128
PMC7788026_OUHSC_GOLD,P50991,P50991,PMC7788026:RIPA-PC:134,ripa_pc_table,RIPA-PC,134,RIPA-PC!A134:Q134
PMC7788026_OUHSC_GOLD,Q16543,Q16543,PMC7788026:RIPA-PC:151,ripa_pc_table,RIPA-PC,151,RIPA-PC!A151:Q151
PMC7788026_OUHSC_GOLD,Q16643,Q16643,PMC7788026:RIPA-PC:173,ripa_pc_table,RIPA-PC,173,RIPA-PC!A173:Q173
PMC7788026_OUHSC_GOLD,P24844,P24844,PMC7788026:RIPA-PC:176,ripa_pc_table,RIPA-PC,176,RIPA-PC!A176:Q176
PMC7788026_OUHSC_GOLD,P38646,P38646,PMC7788026:RIPA-PC:180,ripa_pc_table,RIPA-PC,180,RIPA-PC!A180:Q180
PMC7788026_OUHSC_GOLD,O75083,O75083,PMC7788026:RIPA-PC:193,ripa_pc_table,RIPA-PC,193,RIPA-PC!A193:Q193
PMC7788026_OUHSC_GOLD,Q15691,Q15691,PMC7788026:RIPA-PC:195,ripa_pc_table,RIPA-PC,195,RIPA-PC!A195:Q195
PMC7788026_OUHSC_GOLD,P09493,P09493,PMC7788026:RIPA-PC:217,ripa_pc_table,RIPA-PC,217,RIPA-PC!A217:Q217
PMC7788026_OUHSC_GOLD,P62805,P62805,PMC7788026:RIPA-PC:219,ripa_pc_table,RIPA-PC,219,RIPA-PC!A219:Q219
PMC7788026_OUHSC_GOLD,Q15942,Q15942,PMC7788026:RIPA-PC:220,ripa_pc_table,RIPA-PC,220,RIPA-PC!A220:Q220
PMC7788026_OUHSC_GOLD,P23284,P23284,PMC7788026:RIPA-PC:222,ripa_pc_table,RIPA-PC,222,RIPA-PC!A222:Q222
PMC7788026_OUHSC_GOLD,Q9Y3F4,Q9Y3F4,PMC7788026:RIPA-PC:271,ripa_pc_table,RIPA-PC,271,RIPA-PC!A271:Q271
PMC7788026_OUHSC_GOLD,P28070,P28070,PMC7788026:RIPA-PC:282,ripa_pc_table,RIPA-PC,282,RIPA-PC!A282:Q282
PMC7788026_OUHSC_GOLD,P11413,P11413,PMC7788026:RIPA-PC:284,ripa_pc_table,RIPA-PC,284,RIPA-PC!A284:Q284
PMC7788026_OUHSC_GOLD,P49411,P49411,PMC7788026:RIPA-PC:335,ripa_pc_table,RIPA-PC,335,RIPA-PC!A335:Q335
PMC7788026_OUHSC_GOLD,P10599,P10599,PMC7788026:RIPA-PC:370,ripa_pc_table,RIPA-PC,370,RIPA-PC!A370:Q370
PMC7788026_OUHSC_GOLD,P06396,P06396,PMC7788026:RIPA-PC:374,ripa_pc_table,RIPA-PC,374,RIPA-PC!A374:Q374
PMC7788026_OUHSC_GOLD,P53396,P53396,PMC7788026:RIPA-PC:380,ripa_pc_table,RIPA-PC,380,RIPA-PC!A380:Q380
PMC7788026_OUHSC_GOLD,P61981,P61981,PMC7788026:RIPA-PC:382,ripa_pc_table,RIPA-PC,382,RIPA-PC!A382:Q382
PMC7788026_OUHSC_GOLD,P50995,P50995,PMC7788026:RIPA-PC:403,ripa_pc_table,RIPA-PC,403,RIPA-PC!A403:Q403
PMC7788026_OUHSC_GOLD,O15145,O15145,PMC7788026:RIPA-PC:418,ripa_pc_table,RIPA-PC,418,RIPA-PC!A418:Q418
PMC7788026_OUHSC_GOLD,P28066,P28066,PMC7788026:RIPA-PC:420,ripa_pc_table,RIPA-PC,420,RIPA-PC!A420:Q420
PMC7788026_OUHSC_GOLD,P52907,P52907,PMC7788026:RIPA-PC:438,ripa_pc_table,RIPA-PC,438,RIPA-PC!A438:Q438
PMC7788026_OUHSC_GOLD,Q9NR12,Q9NR12,PMC7788026:RIPA-PC:442,ripa_pc_table,RIPA-PC,442,RIPA-PC!A442:Q442
PMC7788026_OUHSC_GOLD,Q9BUF5,Q9BUF5,PMC7788026:RIPA-PC:452,ripa_pc_table,RIPA-PC,452,RIPA-PC!A452:Q452
PMC7788026_OUHSC_GOLD,Q14974,Q14974,PMC7788026:RIPA-PC:458,ripa_pc_table,RIPA-PC,458,RIPA-PC!A458:Q458
PMC7788026_OUHSC_GOLD,Q86VP6,Q86VP6,PMC7788026:RIPA-PC:460,ripa_pc_table,RIPA-PC,460,RIPA-PC!A460:Q460
PMC7788026_OUHSC_GOLD,P10644,P10644,PMC7788026:RIPA-PC:490,ripa_pc_table,RIPA-PC,490,RIPA-PC!A490:Q490
PMC7788026_OUHSC_GOLD,P30048,P30048,PMC7788026:RIPA-PC:508,ripa_pc_table,RIPA-PC,508,RIPA-PC!A508:Q508
PMC7788026_OUHSC_GOLD,P14868,P14868,PMC7788026:RIPA-PC:521,ripa_pc_table,RIPA-PC,521,RIPA-PC!A521:Q521
PMC7788026_OUHSC_GOLD,P30044,P30044,PMC7788026:RIPA-PC:559,ripa_pc_table,RIPA-PC,559,RIPA-PC!A559:Q559
PMC7788026_OUHSC_GOLD,Q9BS26,Q9BS26,PMC7788026:RIPA-PC:573,ripa_pc_table,RIPA-PC,573,RIPA-PC!A573:Q573
PMC7788026_OUHSC_GOLD,O75531,O75531,PMC7788026:RIPA-PC:585,ripa_pc_table,RIPA-PC,585,RIPA-PC!A585:Q585
PMC7788026_OUHSC_GOLD,P07996,P07996,PMC7788026:RIPA-PC:593,ripa_pc_table,RIPA-PC,593,RIPA-PC!A593:Q593
PMC7788026_OUHSC_GOLD,O00410,O00410,PMC7788026:RIPA-PC:645,ripa_pc_table,RIPA-PC,645,RIPA-PC!A645:Q645
PMC7788026_OUHSC_GOLD,Q14247,Q14247,PMC7788026:RIPA-PC:677,ripa_pc_table,RIPA-PC,677,RIPA-PC!A677:Q677
PMC7788026_OUHSC_GOLD,Q99733,Q99733,PMC7788026:RIPA-PC:683,ripa_pc_table,RIPA-PC,683,RIPA-PC!A683:Q683
PMC7788026_OUHSC_GOLD,P15531,P15531,PMC7788026:RIPA-PC:702,ripa_pc_table,RIPA-PC,702,RIPA-PC!A702:Q702
PMC7788026_OUHSC_GOLD,Q7Z406,Q7Z406,PMC7788026:RIPA-PC:733,ripa_pc_table,RIPA-PC,733,RIPA-PC!A733:Q733
PMC7788026_OUHSC_GOLD,P04004,P04004,PMC7788026:RIPA-PC:747,ripa_pc_table,RIPA-PC,747,RIPA-PC!A747:Q747
PMC7788026_OUHSC_GOLD,O00151,O00151,PMC7788026:RIPA-PC:776,ripa_pc_table,RIPA-PC,776,RIPA-PC!A776:Q776
PMC7788026_OUHSC_GOLD,P61026,P61026,PMC7788026:RIPA-PC:819,ripa_pc_table,RIPA-PC,819,RIPA-PC!A819:Q819
PMC7788026_OUHSC_GOLD,Q04695,Q04695,PMC7788026:RIPA-PC:831,ripa_pc_table,RIPA-PC,831,RIPA-PC!A831:Q831
PMC7788026_OUHSC_GOLD,P04264,P04264,PMC7788026:RIPA-PC:833,ripa_pc_table,RIPA-PC,833,RIPA-PC!A833:Q833
PMC7788026_OUHSC_GOLD,P20645,P20645,PMC7788026:RIPA-PC:852,ripa_pc_table,RIPA-PC,852,RIPA-PC!A852:Q852
PMC7788026_OUHSC_GOLD,P04844,P04844,PMC7788026:RIPA-PC:912,ripa_pc_table,RIPA-PC,912,RIPA-PC!A912:Q912
PMC7788026_OUHSC_GOLD,P19367,P19367,PMC7788026:RIPA-PC:913,ripa_pc_table,RIPA-PC,913,RIPA-PC!A913:Q913
PMC7788026_OUHSC_GOLD,P05023,P05023,PMC7788026:RIPA-PC:984,ripa_pc_table,RIPA-PC,984,RIPA-PC!A984:Q984
PMC7788026_OUHSC_GOLD,Q70J99,Q70J99,PMC7788026:RIPA-PC:990,ripa_pc_table,RIPA-PC,990,RIPA-PC!A990:Q990
PMC7788026_OUHSC_GOLD,Q9Y2A7,Q9Y2A7,PMC7788026:RIPA-PC:994,ripa_pc_table,RIPA-PC,994,RIPA-PC!A994:Q994
PMC7788026_OUHSC_GOLD,Q15404,Q15404,PMC7788026:RIPA-PC:1022,ripa_pc_table,RIPA-PC,1022,RIPA-PC!A1022:Q1022
PMC7788026_OUHSC_GOLD,Q9NRW1,Q9NRW1,PMC7788026:RIPA-PC:1143,ripa_pc_table,RIPA-PC,1143,RIPA-PC!A1143:Q1143
PMC7788026_OUHSC_GOLD,Q58FF8,Q58FF8,PMC7788026:RIPA-PC:1199,ripa_pc_table,RIPA-PC,1199,RIPA-PC!A1199:Q1199
PMC7788026_OUHSC_GOLD,P68363,P68363,PMC7788026:Urea-PC:3,urea_pc_table,Urea-PC,3,Urea-PC!A3:Q3
PMC7788026_OUHSC_GOLD,P68366,P68366,PMC7788026:Urea-PC:15,urea_pc_table,Urea-PC,15,Urea-PC!A15:Q15
PMC7788026_OUHSC_GOLD,P27797,P27797,PMC7788026:Urea-PC:19,urea_pc_table,Urea-PC,19,Urea-PC!A19:Q19
PMC7788026_OUHSC_GOLD,P60174,P60174,PMC7788026:Urea-PC:26,urea_pc_table,Urea-PC,26,Urea-PC!A26:Q26
PMC7788026_OUHSC_GOLD,P10809,P10809,PMC7788026:Urea-PC:27,urea_pc_table,Urea-PC,27,Urea-PC!A27:Q27
PMC7788026_OUHSC_GOLD,P30041,P30041,PMC7788026:Urea-PC:36,urea_pc_table,Urea-PC,36,Urea-PC!A36:Q36
PMC7788026_OUHSC_GOLD,P06576,P06576,PMC7788026:Urea-PC:39,urea_pc_table,Urea-PC,39,Urea-PC!A39:Q39
PMC7788026_OUHSC_GOLD,P37802,P37802,PMC7788026:Urea-PC:47,urea_pc_table,Urea-PC,47,Urea-PC!A47:Q47
PMC7788026_OUHSC_GOLD,P11021,P11021,PMC7788026:Urea-PC:50,urea_pc_table,Urea-PC,50,Urea-PC!A50:Q50
PMC7788026_OUHSC_GOLD,P61978,P61978,PMC7788026:Urea-PC:54,urea_pc_table,Urea-PC,54,Urea-PC!A54:Q54
PMC7788026_OUHSC_GOLD,P38646,P38646,PMC7788026:Urea-PC:66,urea_pc_table,Urea-PC,66,Urea-PC!A66:Q66
PMC7788026_OUHSC_GOLD,P30101,P30101,PMC7788026:Urea-PC:68,urea_pc_table,Urea-PC,68,Urea-PC!A68:Q68
PMC7788026_OUHSC_GOLD,P26038,P26038,PMC7788026:Urea-PC:72,urea_pc_table,Urea-PC,72,Urea-PC!A72:Q72
PMC7788026_OUHSC_GOLD,P26641,P26641,PMC7788026:Urea-PC:74,urea_pc_table,Urea-PC,74,Urea-PC!A74:Q74
PMC7788026_OUHSC_GOLD,O00299,O00299,PMC7788026:Urea-PC:79,urea_pc_table,Urea-PC,79,Urea-PC!A79:Q79
PMC7788026_OUHSC_GOLD,Q15084,Q15084,PMC7788026:Urea-PC:85,urea_pc_table,Urea-PC,85,Urea-PC!A85:Q85
PMC7788026_OUHSC_GOLD,P55072,P55072,PMC7788026:Urea-PC:92,urea_pc_table,Urea-PC,92,Urea-PC!A92:Q92
PMC7788026_OUHSC_GOLD,P13796,P13796,PMC7788026:Urea-PC:103,urea_pc_table,Urea-PC,103,Urea-PC!A103:Q103
PMC7788026_OUHSC_GOLD,P49411,P49411,PMC7788026:Urea-PC:117,urea_pc_table,Urea-PC,117,Urea-PC!A117:Q117
PMC7788026_OUHSC_GOLD,P23284,P23284,PMC7788026:Urea-PC:124,urea_pc_table,Urea-PC,124,Urea-PC!A124:Q124
PMC7788026_OUHSC_GOLD,P27348,P27348,PMC7788026:Urea-PC:126,urea_pc_table,Urea-PC,126,Urea-PC!A126:Q126
PMC7788026_OUHSC_GOLD,P24844,P24844,PMC7788026:Urea-PC:127,urea_pc_table,Urea-PC,127,Urea-PC!A127:Q127
PMC7788026_OUHSC_GOLD,P50990,P50990,PMC7788026:Urea-PC:130,urea_pc_table,Urea-PC,130,Urea-PC!A130:Q130
PMC7788026_OUHSC_GOLD,Q15365,Q15365,PMC7788026:Urea-PC:135,urea_pc_table,Urea-PC,135,Urea-PC!A135:Q135
PMC7788026_OUHSC_GOLD,Q99832,Q99832,PMC7788026:Urea-PC:136,urea_pc_table,Urea-PC,136,Urea-PC!A136:Q136
PMC7788026_OUHSC_GOLD,P50991,P50991,PMC7788026:Urea-PC:145,urea_pc_table,Urea-PC,145,Urea-PC!A145:Q145
PMC7788026_OUHSC_GOLD,O75083,O75083,PMC7788026:Urea-PC:159,urea_pc_table,Urea-PC,159,Urea-PC!A159:Q159
PMC7788026_OUHSC_GOLD,P62805,P62805,PMC7788026:Urea-PC:172,urea_pc_table,Urea-PC,172,Urea-PC!A172:Q172
PMC7788026_OUHSC_GOLD,P45880,P45880,PMC7788026:Urea-PC:182,urea_pc_table,Urea-PC,182,Urea-PC!A182:Q182
PMC7788026_OUHSC_GOLD,P05556,P05556,PMC7788026:Urea-PC:196,urea_pc_table,Urea-PC,196,Urea-PC!A196:Q196
PMC7788026_OUHSC_GOLD,P21796,P21796,PMC7788026:Urea-PC:230,urea_pc_table,Urea-PC,230,Urea-PC!A230:Q230
PMC7788026_OUHSC_GOLD,Q15691,Q15691,PMC7788026:Urea-PC:231,urea_pc_table,Urea-PC,231,Urea-PC!A231:Q231
PMC7788026_OUHSC_GOLD,P04264,P04264,PMC7788026:Urea-PC:237,urea_pc_table,Urea-PC,237,Urea-PC!A237:Q237
PMC7788026_OUHSC_GOLD,P04844,P04844,PMC7788026:Urea-PC:240,urea_pc_table,Urea-PC,240,Urea-PC!A240:Q240
PMC7788026_OUHSC_GOLD,P61981,P61981,PMC7788026:Urea-PC:252,urea_pc_table,Urea-PC,252,Urea-PC!A252:Q252
PMC7788026_OUHSC_GOLD,P30048,P30048,PMC7788026:Urea-PC:256,urea_pc_table,Urea-PC,256,Urea-PC!A256:Q256
PMC7788026_OUHSC_GOLD,Q16543,Q16543,PMC7788026:Urea-PC:260,urea_pc_table,Urea-PC,260,Urea-PC!A260:Q260
PMC7788026_OUHSC_GOLD,P09493,P09493,PMC7788026:Urea-PC:272,urea_pc_table,Urea-PC,272,Urea-PC!A272:Q272
PMC7788026_OUHSC_GOLD,P05023,P05023,PMC7788026:Urea-PC:276,urea_pc_table,Urea-PC,276,Urea-PC!A276:Q276
PMC7788026_OUHSC_GOLD,Q14974,Q14974,PMC7788026:Urea-PC:278,urea_pc_table,Urea-PC,278,Urea-PC!A278:Q278
PMC7788026_OUHSC_GOLD,Q04695,Q04695,PMC7788026:Urea-PC:329,urea_pc_table,Urea-PC,329,Urea-PC!A329:Q329
PMC7788026_OUHSC_GOLD,Q9BUF5,Q9BUF5,PMC7788026:Urea-PC:358,urea_pc_table,Urea-PC,358,Urea-PC!A358:Q358
PMC7788026_OUHSC_GOLD,Q9NR12,Q9NR12,PMC7788026:Urea-PC:363,urea_pc_table,Urea-PC,363,Urea-PC!A363:Q363
PMC7788026_OUHSC_GOLD,Q15942,Q15942,PMC7788026:Urea-PC:365,urea_pc_table,Urea-PC,365,Urea-PC!A365:Q365
PMC7788026_OUHSC_GOLD,P28070,P28070,PMC7788026:Urea-PC:366,urea_pc_table,Urea-PC,366,Urea-PC!A366:Q366
PMC7788026_OUHSC_GOLD,P28066,P28066,PMC7788026:Urea-PC:369,urea_pc_table,Urea-PC,369,Urea-PC!A369:Q369
PMC7788026_OUHSC_GOLD,O00264,O00264,PMC7788026:Urea-PC:384,urea_pc_table,Urea-PC,384,Urea-PC!A384:Q384
PMC7788026_OUHSC_GOLD,P16615,P16615,PMC7788026:Urea-PC:391,urea_pc_table,Urea-PC,391,Urea-PC!A391:Q391
PMC7788026_OUHSC_GOLD,Q86VP6,Q86VP6,PMC7788026:Urea-PC:394,urea_pc_table,Urea-PC,394,Urea-PC!A394:Q394
PMC7788026_OUHSC_GOLD,P06396,P06396,PMC7788026:Urea-PC:413,urea_pc_table,Urea-PC,413,Urea-PC!A413:Q413
PMC7788026_OUHSC_GOLD,P50995,P50995,PMC7788026:Urea-PC:419,urea_pc_table,Urea-PC,419,Urea-PC!A419:Q419
PMC7788026_OUHSC_GOLD,O00410,O00410,PMC7788026:Urea-PC:424,urea_pc_table,Urea-PC,424,Urea-PC!A424:Q424
PMC7788026_OUHSC_GOLD,P11413,P11413,PMC7788026:Urea-PC:433,urea_pc_table,Urea-PC,433,Urea-PC!A433:Q433
PMC7788026_OUHSC_GOLD,Q9BSJ8,Q9BSJ8,PMC7788026:Urea-PC:444,urea_pc_table,Urea-PC,444,Urea-PC!A444:Q444
PMC7788026_OUHSC_GOLD,Q9HDC9,Q9HDC9,PMC7788026:Urea-PC:459,urea_pc_table,Urea-PC,459,Urea-PC!A459:Q459
PMC7788026_OUHSC_GOLD,P00403,P00403,PMC7788026:Urea-PC:476,urea_pc_table,Urea-PC,476,Urea-PC!A476:Q476
PMC7788026_OUHSC_GOLD,P53396,P53396,PMC7788026:Urea-PC:478,urea_pc_table,Urea-PC,478,Urea-PC!A478:Q478
PMC7788026_OUHSC_GOLD,P52907,P52907,PMC7788026:Urea-PC:494,urea_pc_table,Urea-PC,494,Urea-PC!A494:Q494
PMC7788026_OUHSC_GOLD,Q58FF8,Q58FF8,PMC7788026:Urea-PC:519,urea_pc_table,Urea-PC,519,Urea-PC!A519:Q519
PMC7788026_OUHSC_GOLD,Q16643,Q16643,PMC7788026:Urea-PC:528,urea_pc_table,Urea-PC,528,Urea-PC!A528:Q528
PMC7788026_OUHSC_GOLD,P19367,P19367,PMC7788026:Urea-PC:536,urea_pc_table,Urea-PC,536,Urea-PC!A536:Q536
PMC7788026_OUHSC_GOLD,P61026,P61026,PMC7788026:Urea-PC:542,urea_pc_table,Urea-PC,542,Urea-PC!A542:Q542
PMC7788026_OUHSC_GOLD,Q9Y3F4,Q9Y3F4,PMC7788026:Urea-PC:553,urea_pc_table,Urea-PC,553,Urea-PC!A553:Q553
PMC7788026_OUHSC_GOLD,O15145,O15145,PMC7788026:Urea-PC:558,urea_pc_table,Urea-PC,558,Urea-PC!A558:Q558
PMC7788026_OUHSC_GOLD,P15531,P15531,PMC7788026:Urea-PC:560,urea_pc_table,Urea-PC,560,Urea-PC!A560:Q560
PMC7788026_OUHSC_GOLD,P61106,P61106,PMC7788026:Urea-PC:567,urea_pc_table,Urea-PC,567,Urea-PC!A567:Q567
PMC7788026_OUHSC_GOLD,O00187,O00187,PMC7788026:Urea-PC:593,urea_pc_table,Urea-PC,593,Urea-PC!A593:Q593
PMC7788026_OUHSC_GOLD,P14868,P14868,PMC7788026:Urea-PC:603,urea_pc_table,Urea-PC,603,Urea-PC!A603:Q603
PMC7788026_OUHSC_GOLD,P30044,P30044,PMC7788026:Urea-PC:621,urea_pc_table,Urea-PC,621,Urea-PC!A621:Q621
PMC7788026_OUHSC_GOLD,P11166,P11166,PMC7788026:Urea-PC:625,urea_pc_table,Urea-PC,625,Urea-PC!A625:Q625
PMC7788026_OUHSC_GOLD,P07996,P07996,PMC7788026:Urea-PC:628,urea_pc_table,Urea-PC,628,Urea-PC!A628:Q628
PMC7788026_OUHSC_GOLD,Q7Z406,Q7Z406,PMC7788026:Urea-PC:653,urea_pc_table,Urea-PC,653,Urea-PC!A653:Q653
PMC7788026_OUHSC_GOLD,Q9NY65,Q9NY65,PMC7788026:Urea-PC:723,urea_pc_table,Urea-PC,723,Urea-PC!A723:Q723
PMC7788026_OUHSC_GOLD,P10599,P10599,PMC7788026:Urea-PC:747,urea_pc_table,Urea-PC,747,Urea-PC!A747:Q747
PMC7788026_OUHSC_GOLD,P10644,P10644,PMC7788026:Urea-PC:750,urea_pc_table,Urea-PC,750,Urea-PC!A750:Q750
PMC7788026_OUHSC_GOLD,Q9BS26,Q9BS26,PMC7788026:Urea-PC:768,urea_pc_table,Urea-PC,768,Urea-PC!A768:Q768
PMC7788026_OUHSC_GOLD,O75531,O75531,PMC7788026:Urea-PC:778,urea_pc_table,Urea-PC,778,Urea-PC!A778:Q778
PMC7788026_OUHSC_GOLD,Q9Y2A7,Q9Y2A7,PMC7788026:Urea-PC:791,urea_pc_table,Urea-PC,791,Urea-PC!A791:Q791
PMC7788026_OUHSC_GOLD,Q15404,Q15404,PMC7788026:Urea-PC:809,urea_pc_table,Urea-PC,809,Urea-PC!A809:Q809
PMC7788026_OUHSC_GOLD,Q9NQC3,Q9NQC3,PMC7788026:Urea-PC:819,urea_pc_table,Urea-PC,819,Urea-PC!A819:Q819
PMC7788026_OUHSC_GOLD,P63000,P63000,PMC7788026:Urea-PC:854,urea_pc_table,Urea-PC,854,Urea-PC!A854:Q854
PMC7788026_OUHSC_GOLD,Q8TC12,Q8TC12,PMC7788026:Urea-PC:940,urea_pc_table,Urea-PC,940,Urea-PC!A940:Q940
PMC7788026_OUHSC_GOLD,Q7L576,Q7L576,PMC7788026:Urea-PC:1056,urea_pc_table,Urea-PC,1056,Urea-PC!A1056:Q1056
PMC7788026_OUHSC_GOLD,P00387,P00387,PMC7788026:Urea-PC:1170,urea_pc_table,Urea-PC,1170,Urea-PC!A1170:Q1170
PMC7788026_OUHSC_GOLD,Q99733,Q99733,PMC7788026:Urea-PC:1183,urea_pc_table,Urea-PC,1183,Urea-PC!A1183:Q1183
PMC7788026_OUHSC_GOLD,Q93084,Q93084,PMC7788026:Urea-PC:1185,urea_pc_table,Urea-PC,1185,Urea-PC!A1185:Q1185
PMC7788026_OUHSC_GOLD,Q27J81,Q27J81,PMC7788026:Urea-PC:1199,urea_pc_table,Urea-PC,1199,Urea-PC!A1199:Q1199
PMC7788026_OUHSC_GOLD,P62330,P62330,PMC7788026:Urea-PC:1203,urea_pc_table,Urea-PC,1203,Urea-PC!A1203:Q1203
PMC7788026_OUHSC_GOLD,Q14247,Q14247,PMC7788026:Urea-PC:1227,urea_pc_table,Urea-PC,1227,Urea-PC!A1227:Q1227
PMC7788026_OUHSC_GOLD,P61006,P61006,PMC7788026:Urea-PC:1233,urea_pc_table,Urea-PC,1233,Urea-PC!A1233:Q1233
PMC7788026_OUHSC_GOLD,O00151,O00151,PMC7788026:Urea-PC:1289,urea_pc_table,Urea-PC,1289,Urea-PC!A1289:Q1289
PMC7788026_OUHSC_GOLD,Q16762,Q16762,PMC7788026:Urea-PC:1307,urea_pc_table,Urea-PC,1307,Urea-PC!A1307:Q1307
PMC7788026_OUHSC_GOLD,P01275,P01275,PMC7788026:Urea-PC:1338,urea_pc_table,Urea-PC,1338,Urea-PC!A1338:Q1338
PMC7788026_OUHSC_GOLD,P78417,P78417,PMC7788026:Urea-PC:1436,urea_pc_table,Urea-PC,1436,Urea-PC!A1436:Q1436
PMC7788026_OUHSC_GOLD,Q9NS28,Q9NS28,PMC7788026:Urea-PC:1446,urea_pc_table,Urea-PC,1446,Urea-PC!A1446:Q1446
PMC7788026_OUHSC_GOLD,Q9H4B7,Q9H4B7,PMC7788026:Urea-PC:1576,urea_pc_table,Urea-PC,1576,Urea-PC!A1576:Q1576
