source_id,laboratory_anchor,source_asset_id,source_worksheet,source_row,source_coordinate,source_identifier,canonical_accession,measurement_batch_id,biological_unit_id,condition_label,analysis_candidate_eligible,author_quantity_type,author_numeric_value,author_value_state,rank_target_eligible
PXD068107_WESTLAKE_OMNIPROT_TECHNICAL,Westlake University,heatmap_2b,2b_heatmap,2,GY2,O00151,O00151,PXD068107_NP03,POOLED_TECHNICAL_PLASMA_SOURCE,NP03,true,SOURCE_DATA_INTENSITY,222198,POSITIVE_FINITE,true
PXD068107_WESTLAKE_OMNIPROT_TECHNICAL,Westlake University,heatmap_2b,2b_heatmap,2,HI2,O00187,O00187,PXD068107_NP03,POOLED_TECHNICAL_PLASMA_SOURCE,NP03,true,SOURCE_DATA_INTENSITY,5044770,POSITIVE_FINITE,true
PXD068107_WESTLAKE_OMNIPROT_TECHNICAL,Westlake University,heatmap_2b,2b_heatmap,2,HZ2,O00264,O00264,PXD068107_NP03,POOLED_TECHNICAL_PLASMA_SOURCE,NP03,true,SOURCE_DATA_INTENSITY,10994.299999999999,POSITIVE_FINITE,true
PXD068107_WESTLAKE_OMNIPROT_TECHNICAL,Westlake University,heatmap_2b,2b_heatmap,2,IE2,O00299,O00299,PXD068107_NP03,POOLED_TECHNICAL_PLASMA_SOURCE,NP03,true,SOURCE_DATA_INTENSITY,563063,POSITIVE_FINITE,true
PXD068107_WESTLAKE_OMNIPROT_TECHNICAL,Westlake University,heatmap_2b,2b_heatmap,2,IQ2,O00410,O00410,PXD068107_NP03,POOLED_TECHNICAL_PLASMA_SOURCE,NP03,true,SOURCE_DATA_INTENSITY,,SOURCE_NA,false
PXD068107_WESTLAKE_OMNIPROT_TECHNICAL,Westlake University,heatmap_2b,2b_heatmap,2,OY2,O15145,O15145,PXD068107_NP03,POOLED_TECHNICAL_PLASMA_SOURCE,NP03,true,SOURCE_DATA_INTENSITY,660403,POSITIVE_FINITE,true
PXD068107_WESTLAKE_OMNIPROT_TECHNICAL,Westlake University,heatmap_2b,2b_heatmap,2,AAP2,O75083,O75083,PXD068107_NP03,POOLED_TECHNICAL_PLASMA_SOURCE,NP03,true,SOURCE_DATA_INTENSITY,497571,POSITIVE_FINITE,true
PXD068107_WESTLAKE_OMNIPROT_TECHNICAL,Westlake University,heatmap_2b,2b_heatmap,2,ADS2,O75531,O75531,PXD068107_NP03,POOLED_TECHNICAL_PLASMA_SOURCE,NP03,true,SOURCE_DATA_INTENSITY,,SOURCE_NA,false
PXD068107_WESTLAKE_OMNIPROT_TECHNICAL,Westlake University,heatmap_2b,2b_heatmap,2,AOR2,P00387,P00387,PXD068107_NP03,POOLED_TECHNICAL_PLASMA_SOURCE,NP03,true,SOURCE_DATA_INTENSITY,,SOURCE_NA,false
PXD068107_WESTLAKE_OMNIPROT_TECHNICAL,Westlake University,heatmap_2b,2b_heatmap,2,AOT2,P00403,P00403,PXD068107_NP03,POOLED_TECHNICAL_PLASMA_SOURCE,NP03,true,SOURCE_DATA_INTENSITY,,SOURCE_NA,false
PXD068107_WESTLAKE_OMNIPROT_TECHNICAL,Westlake University,heatmap_2b,2b_heatmap,2,ARE2,P01275,P01275,PXD068107_NP03,POOLED_TECHNICAL_PLASMA_SOURCE,NP03,true,SOURCE_DATA_INTENSITY,,SOURCE_NA,false
PXD068107_WESTLAKE_OMNIPROT_TECHNICAL,Westlake University,heatmap_2b,2b_heatmap,2,AVX2,P04004,P04004,PXD068107_NP03,POOLED_TECHNICAL_PLASMA_SOURCE,NP03,true,SOURCE_DATA_INTENSITY,307797000,POSITIVE_FINITE,true
PXD068107_WESTLAKE_OMNIPROT_TECHNICAL,Westlake University,heatmap_2b,2b_heatmap,2,AWW2,P04264,P04264,PXD068107_NP03,POOLED_TECHNICAL_PLASMA_SOURCE,NP03,true,SOURCE_DATA_INTENSITY,77951300,POSITIVE_FINITE,true
PXD068107_WESTLAKE_OMNIPROT_TECHNICAL,Westlake University,heatmap_2b,2b_heatmap,2,AXO2,P04844,P04844,PXD068107_NP03,POOLED_TECHNICAL_PLASMA_SOURCE,NP03,true,SOURCE_DATA_INTENSITY,,SOURCE_NA,false
PXD068107_WESTLAKE_OMNIPROT_TECHNICAL,Westlake University,heatmap_2b,2b_heatmap,2,AXU2,P05023,P05023,PXD068107_NP03,POOLED_TECHNICAL_PLASMA_SOURCE,NP03,true,SOURCE_DATA_INTENSITY,1091860,POSITIVE_FINITE,true
PXD068107_WESTLAKE_OMNIPROT_TECHNICAL,Westlake University,heatmap_2b,2b_heatmap,2,AZG2,P05556,P05556,PXD068107_NP03,POOLED_TECHNICAL_PLASMA_SOURCE,NP03,true,SOURCE_DATA_INTENSITY,899259,POSITIVE_FINITE,true
PXD068107_WESTLAKE_OMNIPROT_TECHNICAL,Westlake University,heatmap_2b,2b_heatmap,2,BAA2,P06396,P06396,PXD068107_NP03,POOLED_TECHNICAL_PLASMA_SOURCE,NP03,true,SOURCE_DATA_INTENSITY,65610500,POSITIVE_FINITE,true
PXD068107_WESTLAKE_OMNIPROT_TECHNICAL,Westlake University,heatmap_2b,2b_heatmap,2,BAC2,P06576,P06576,PXD068107_NP03,POOLED_TECHNICAL_PLASMA_SOURCE,NP03,true,SOURCE_DATA_INTENSITY,877143,POSITIVE_FINITE,true
PXD068107_WESTLAKE_OMNIPROT_TECHNICAL,Westlake University,heatmap_2b,2b_heatmap,2,BCX2,P07996,P07996,PXD068107_NP03,POOLED_TECHNICAL_PLASMA_SOURCE,NP03,true,SOURCE_DATA_INTENSITY,134834000,POSITIVE_FINITE,true
PXD068107_WESTLAKE_OMNIPROT_TECHNICAL,Westlake University,heatmap_2b,2b_heatmap,2,BGG2,P09493,P09493,PXD068107_NP03,POOLED_TECHNICAL_PLASMA_SOURCE,NP03,true,SOURCE_DATA_INTENSITY,,SOURCE_NA,false
PXD068107_WESTLAKE_OMNIPROT_TECHNICAL,Westlake University,heatmap_2b,2b_heatmap,2,BJV2,P10599,P10599,PXD068107_NP03,POOLED_TECHNICAL_PLASMA_SOURCE,NP03,true,SOURCE_DATA_INTENSITY,528149,POSITIVE_FINITE,true
PXD068107_WESTLAKE_OMNIPROT_TECHNICAL,Westlake University,heatmap_2b,2b_heatmap,2,BKB2,P10644,P10644,PXD068107_NP03,POOLED_TECHNICAL_PLASMA_SOURCE,NP03,true,SOURCE_DATA_INTENSITY,36586.5,POSITIVE_FINITE,true
PXD068107_WESTLAKE_OMNIPROT_TECHNICAL,Westlake University,heatmap_2b,2b_heatmap,2,BKK2,P10809,P10809,PXD068107_NP03,POOLED_TECHNICAL_PLASMA_SOURCE,NP03,true,SOURCE_DATA_INTENSITY,574777,POSITIVE_FINITE,true
PXD068107_WESTLAKE_OMNIPROT_TECHNICAL,Westlake University,heatmap_2b,2b_heatmap,2,BKP2,P11021,P11021,PXD068107_NP03,POOLED_TECHNICAL_PLASMA_SOURCE,NP03,true,SOURCE_DATA_INTENSITY,6368640,POSITIVE_FINITE,true
PXD068107_WESTLAKE_OMNIPROT_TECHNICAL,Westlake University,heatmap_2b,2b_heatmap,2,BKX2,P11166,P11166,PXD068107_NP03,POOLED_TECHNICAL_PLASMA_SOURCE,NP03,true,SOURCE_DATA_INTENSITY,319441,POSITIVE_FINITE,true
PXD068107_WESTLAKE_OMNIPROT_TECHNICAL,Westlake University,heatmap_2b,2b_heatmap,2,BLT2,P11413,P11413,PXD068107_NP03,POOLED_TECHNICAL_PLASMA_SOURCE,NP03,true,SOURCE_DATA_INTENSITY,50126.400000000001,POSITIVE_FINITE,true
PXD068107_WESTLAKE_OMNIPROT_TECHNICAL,Westlake University,heatmap_2b,2b_heatmap,2,BOZ2,P13796,P13796,PXD068107_NP03,POOLED_TECHNICAL_PLASMA_SOURCE,NP03,true,SOURCE_DATA_INTENSITY,499992,POSITIVE_FINITE,true
PXD068107_WESTLAKE_OMNIPROT_TECHNICAL,Westlake University,heatmap_2b,2b_heatmap,2,BQN2,P14868,P14868,PXD068107_NP03,POOLED_TECHNICAL_PLASMA_SOURCE,NP03,true,SOURCE_DATA_INTENSITY,133154,POSITIVE_FINITE,true
PXD068107_WESTLAKE_OMNIPROT_TECHNICAL,Westlake University,heatmap_2b,2b_heatmap,2,BRP2,P15531,P15531,PXD068107_NP03,POOLED_TECHNICAL_PLASMA_SOURCE,NP03,true,SOURCE_DATA_INTENSITY,,SOURCE_NA,false
PXD068107_WESTLAKE_OMNIPROT_TECHNICAL,Westlake University,heatmap_2b,2b_heatmap,2,BTD2,P16615,P16615,PXD068107_NP03,POOLED_TECHNICAL_PLASMA_SOURCE,NP03,true,SOURCE_DATA_INTENSITY,37109.5,POSITIVE_FINITE,true
PXD068107_WESTLAKE_OMNIPROT_TECHNICAL,Westlake University,heatmap_2b,2b_heatmap,2,BWA2,P19367,P19367,PXD068107_NP03,POOLED_TECHNICAL_PLASMA_SOURCE,NP03,true,SOURCE_DATA_INTENSITY,434698,POSITIVE_FINITE,true
PXD068107_WESTLAKE_OMNIPROT_TECHNICAL,Westlake University,heatmap_2b,2b_heatmap,2,BXV2,P20645,P20645,PXD068107_NP03,POOLED_TECHNICAL_PLASMA_SOURCE,NP03,true,SOURCE_DATA_INTENSITY,,SOURCE_NA,false
PXD068107_WESTLAKE_OMNIPROT_TECHNICAL,Westlake University,heatmap_2b,2b_heatmap,2,BZN2,P21796,P21796,PXD068107_NP03,POOLED_TECHNICAL_PLASMA_SOURCE,NP03,true,SOURCE_DATA_INTENSITY,38751.300000000003,POSITIVE_FINITE,true
PXD068107_WESTLAKE_OMNIPROT_TECHNICAL,Westlake University,heatmap_2b,2b_heatmap,2,CBV2,P23284,P23284,PXD068107_NP03,POOLED_TECHNICAL_PLASMA_SOURCE,NP03,true,SOURCE_DATA_INTENSITY,2407450,POSITIVE_FINITE,true
PXD068107_WESTLAKE_OMNIPROT_TECHNICAL,Westlake University,heatmap_2b,2b_heatmap,2,CDO2,P24844,P24844,PXD068107_NP03,POOLED_TECHNICAL_PLASMA_SOURCE,NP03,true,SOURCE_DATA_INTENSITY,18792.799999999999,POSITIVE_FINITE,true
PXD068107_WESTLAKE_OMNIPROT_TECHNICAL,Westlake University,heatmap_2b,2b_heatmap,2,CES2,P26038,P26038,PXD068107_NP03,POOLED_TECHNICAL_PLASMA_SOURCE,NP03,true,SOURCE_DATA_INTENSITY,4289160,POSITIVE_FINITE,true
PXD068107_WESTLAKE_OMNIPROT_TECHNICAL,Westlake University,heatmap_2b,2b_heatmap,2,CFF2,P26641,P26641,PXD068107_NP03,POOLED_TECHNICAL_PLASMA_SOURCE,NP03,true,SOURCE_DATA_INTENSITY,88368,POSITIVE_FINITE,true
PXD068107_WESTLAKE_OMNIPROT_TECHNICAL,Westlake University,heatmap_2b,2b_heatmap,2,CFP2,P27348,P27348,PXD068107_NP03,POOLED_TECHNICAL_PLASMA_SOURCE,NP03,true,SOURCE_DATA_INTENSITY,,SOURCE_NA,false
PXD068107_WESTLAKE_OMNIPROT_TECHNICAL,Westlake University,heatmap_2b,2b_heatmap,2,CGC2,P27797,P27797,PXD068107_NP03,POOLED_TECHNICAL_PLASMA_SOURCE,NP03,true,SOURCE_DATA_INTENSITY,26867.599999999999,POSITIVE_FINITE,true
PXD068107_WESTLAKE_OMNIPROT_TECHNICAL,Westlake University,heatmap_2b,2b_heatmap,2,CGL2,P28066,P28066,PXD068107_NP03,POOLED_TECHNICAL_PLASMA_SOURCE,NP03,true,SOURCE_DATA_INTENSITY,31661.200000000001,POSITIVE_FINITE,true
PXD068107_WESTLAKE_OMNIPROT_TECHNICAL,Westlake University,heatmap_2b,2b_heatmap,2,CGM2,P28070,P28070,PXD068107_NP03,POOLED_TECHNICAL_PLASMA_SOURCE,NP03,true,SOURCE_DATA_INTENSITY,21989.5,POSITIVE_FINITE,true
PXD068107_WESTLAKE_OMNIPROT_TECHNICAL,Westlake University,heatmap_2b,2b_heatmap,2,CIL2,P30041,P30041,PXD068107_NP03,POOLED_TECHNICAL_PLASMA_SOURCE,NP03,true,SOURCE_DATA_INTENSITY,732218,POSITIVE_FINITE,true
PXD068107_WESTLAKE_OMNIPROT_TECHNICAL,Westlake University,heatmap_2b,2b_heatmap,2,CIN2,P30044,P30044,PXD068107_NP03,POOLED_TECHNICAL_PLASMA_SOURCE,NP03,true,SOURCE_DATA_INTENSITY,138145,POSITIVE_FINITE,true
PXD068107_WESTLAKE_OMNIPROT_TECHNICAL,Westlake University,heatmap_2b,2b_heatmap,2,CIQ2,P30048,P30048,PXD068107_NP03,POOLED_TECHNICAL_PLASMA_SOURCE,NP03,true,SOURCE_DATA_INTENSITY,,SOURCE_NA,false
PXD068107_WESTLAKE_OMNIPROT_TECHNICAL,Westlake University,heatmap_2b,2b_heatmap,2,CIW2,P30101,P30101,PXD068107_NP03,POOLED_TECHNICAL_PLASMA_SOURCE,NP03,true,SOURCE_DATA_INTENSITY,794622,POSITIVE_FINITE,true
PXD068107_WESTLAKE_OMNIPROT_TECHNICAL,Westlake University,heatmap_2b,2b_heatmap,2,CQE2,P37802,P37802,PXD068107_NP03,POOLED_TECHNICAL_PLASMA_SOURCE,NP03,true,SOURCE_DATA_INTENSITY,9605220,POSITIVE_FINITE,true
PXD068107_WESTLAKE_OMNIPROT_TECHNICAL,Westlake University,heatmap_2b,2b_heatmap,2,CQM2,P38646,P38646,PXD068107_NP03,POOLED_TECHNICAL_PLASMA_SOURCE,NP03,true,SOURCE_DATA_INTENSITY,88052,POSITIVE_FINITE,true
PXD068107_WESTLAKE_OMNIPROT_TECHNICAL,Westlake University,heatmap_2b,2b_heatmap,2,CUZ2,P45880,P45880,PXD068107_NP03,POOLED_TECHNICAL_PLASMA_SOURCE,NP03,true,SOURCE_DATA_INTENSITY,108787,POSITIVE_FINITE,true
PXD068107_WESTLAKE_OMNIPROT_TECHNICAL,Westlake University,heatmap_2b,2b_heatmap,2,CZE2,P49411,P49411,PXD068107_NP03,POOLED_TECHNICAL_PLASMA_SOURCE,NP03,true,SOURCE_DATA_INTENSITY,863949,POSITIVE_FINITE,true
PXD068107_WESTLAKE_OMNIPROT_TECHNICAL,Westlake University,heatmap_2b,2b_heatmap,2,DCJ2,P50990,P50990,PXD068107_NP03,POOLED_TECHNICAL_PLASMA_SOURCE,NP03,true,SOURCE_DATA_INTENSITY,98635.800000000003,POSITIVE_FINITE,true
PXD068107_WESTLAKE_OMNIPROT_TECHNICAL,Westlake University,heatmap_2b,2b_heatmap,2,DCK2,P50991,P50991,PXD068107_NP03,POOLED_TECHNICAL_PLASMA_SOURCE,NP03,true,SOURCE_DATA_INTENSITY,165824,POSITIVE_FINITE,true
PXD068107_WESTLAKE_OMNIPROT_TECHNICAL,Westlake University,heatmap_2b,2b_heatmap,2,DCL2,P50995,P50995,PXD068107_NP03,POOLED_TECHNICAL_PLASMA_SOURCE,NP03,true,SOURCE_DATA_INTENSITY,9925.2800000000007,POSITIVE_FINITE,true
PXD068107_WESTLAKE_OMNIPROT_TECHNICAL,Westlake University,heatmap_2b,2b_heatmap,2,DFZ2,P52907,P52907,PXD068107_NP03,POOLED_TECHNICAL_PLASMA_SOURCE,NP03,true,SOURCE_DATA_INTENSITY,103635,POSITIVE_FINITE,true
PXD068107_WESTLAKE_OMNIPROT_TECHNICAL,Westlake University,heatmap_2b,2b_heatmap,2,DGJ2,P53396,P53396,PXD068107_NP03,POOLED_TECHNICAL_PLASMA_SOURCE,NP03,true,SOURCE_DATA_INTENSITY,150246,POSITIVE_FINITE,true
PXD068107_WESTLAKE_OMNIPROT_TECHNICAL,Westlake University,heatmap_2b,2b_heatmap,2,DIY2,P55072,P55072,PXD068107_NP03,POOLED_TECHNICAL_PLASMA_SOURCE,NP03,true,SOURCE_DATA_INTENSITY,552754,POSITIVE_FINITE,true
PXD068107_WESTLAKE_OMNIPROT_TECHNICAL,Westlake University,heatmap_2b,2b_heatmap,2,DMJ2,P60174,P60174,PXD068107_NP03,POOLED_TECHNICAL_PLASMA_SOURCE,NP03,true,SOURCE_DATA_INTENSITY,2177580,POSITIVE_FINITE,true
PXD068107_WESTLAKE_OMNIPROT_TECHNICAL,Westlake University,heatmap_2b,2b_heatmap,2,DNG2,P61006,P61006,PXD068107_NP03,POOLED_TECHNICAL_PLASMA_SOURCE,NP03,true,SOURCE_DATA_INTENSITY,171611,POSITIVE_FINITE,true
PXD068107_WESTLAKE_OMNIPROT_TECHNICAL,Westlake University,heatmap_2b,2b_heatmap,2,DNM2,P61026,P61026,PXD068107_NP03,POOLED_TECHNICAL_PLASMA_SOURCE,NP03,true,SOURCE_DATA_INTENSITY,33096.900000000001,POSITIVE_FINITE,true
PXD068107_WESTLAKE_OMNIPROT_TECHNICAL,Westlake University,heatmap_2b,2b_heatmap,2,DNS2,P61106,P61106,PXD068107_NP03,POOLED_TECHNICAL_PLASMA_SOURCE,NP03,true,SOURCE_DATA_INTENSITY,219351,POSITIVE_FINITE,true
PXD068107_WESTLAKE_OMNIPROT_TECHNICAL,Westlake University,heatmap_2b,2b_heatmap,2,DPG2,P61978,P61978,PXD068107_NP03,POOLED_TECHNICAL_PLASMA_SOURCE,NP03,true,SOURCE_DATA_INTENSITY,2581020,POSITIVE_FINITE,true
PXD068107_WESTLAKE_OMNIPROT_TECHNICAL,Westlake University,heatmap_2b,2b_heatmap,2,DPH2,P61981,P61981,PXD068107_NP03,POOLED_TECHNICAL_PLASMA_SOURCE,NP03,true,SOURCE_DATA_INTENSITY,213651,POSITIVE_FINITE,true
PXD068107_WESTLAKE_OMNIPROT_TECHNICAL,Westlake University,heatmap_2b,2b_heatmap,2,DQK2,P62330,P62330,PXD068107_NP03,POOLED_TECHNICAL_PLASMA_SOURCE,NP03,true,SOURCE_DATA_INTENSITY,19621.900000000001,POSITIVE_FINITE,true
PXD068107_WESTLAKE_OMNIPROT_TECHNICAL,Westlake University,heatmap_2b,2b_heatmap,2,DQX2,P62805,P62805,PXD068107_NP03,POOLED_TECHNICAL_PLASMA_SOURCE,NP03,true,SOURCE_DATA_INTENSITY,54902100,POSITIVE_FINITE,true
PXD068107_WESTLAKE_OMNIPROT_TECHNICAL,Westlake University,heatmap_2b,2b_heatmap,2,DRY2,P63000,P63000,PXD068107_NP03,POOLED_TECHNICAL_PLASMA_SOURCE,NP03,true,SOURCE_DATA_INTENSITY,905215,POSITIVE_FINITE,true
PXD068107_WESTLAKE_OMNIPROT_TECHNICAL,Westlake University,heatmap_2b,2b_heatmap,2,DTD2,P68366,P68366,PXD068107_NP03,POOLED_TECHNICAL_PLASMA_SOURCE,NP03,true,SOURCE_DATA_INTENSITY,3311520,POSITIVE_FINITE,true
PXD068107_WESTLAKE_OMNIPROT_TECHNICAL,Westlake University,heatmap_2b,2b_heatmap,2,DUE2,P78417,P78417,PXD068107_NP03,POOLED_TECHNICAL_PLASMA_SOURCE,NP03,true,SOURCE_DATA_INTENSITY,487330,POSITIVE_FINITE,true
PXD068107_WESTLAKE_OMNIPROT_TECHNICAL,Westlake University,heatmap_2b,2b_heatmap,2,EAQ2,Q04695,Q04695,PXD068107_NP03,POOLED_TECHNICAL_PLASMA_SOURCE,NP03,true,SOURCE_DATA_INTENSITY,2662920,POSITIVE_FINITE,true
PXD068107_WESTLAKE_OMNIPROT_TECHNICAL,Westlake University,heatmap_2b,2b_heatmap,2,EPH2,Q14247,Q14247,PXD068107_NP03,POOLED_TECHNICAL_PLASMA_SOURCE,NP03,true,SOURCE_DATA_INTENSITY,134836,POSITIVE_FINITE,true
PXD068107_WESTLAKE_OMNIPROT_TECHNICAL,Westlake University,heatmap_2b,2b_heatmap,2,ESK2,Q14974,Q14974,PXD068107_NP03,POOLED_TECHNICAL_PLASMA_SOURCE,NP03,true,SOURCE_DATA_INTENSITY,156628,POSITIVE_FINITE,true
PXD068107_WESTLAKE_OMNIPROT_TECHNICAL,Westlake University,heatmap_2b,2b_heatmap,2,EUC2,Q15084,Q15084,PXD068107_NP03,POOLED_TECHNICAL_PLASMA_SOURCE,NP03,true,SOURCE_DATA_INTENSITY,667453,POSITIVE_FINITE,true
PXD068107_WESTLAKE_OMNIPROT_TECHNICAL,Westlake University,heatmap_2b,2b_heatmap,2,EVQ2,Q15365,Q15365,PXD068107_NP03,POOLED_TECHNICAL_PLASMA_SOURCE,NP03,true,SOURCE_DATA_INTENSITY,289991,POSITIVE_FINITE,true
PXD068107_WESTLAKE_OMNIPROT_TECHNICAL,Westlake University,heatmap_2b,2b_heatmap,2,EWB2,Q15404,Q15404,PXD068107_NP03,POOLED_TECHNICAL_PLASMA_SOURCE,NP03,true,SOURCE_DATA_INTENSITY,182075,POSITIVE_FINITE,true
PXD068107_WESTLAKE_OMNIPROT_TECHNICAL,Westlake University,heatmap_2b,2b_heatmap,2,EXI2,Q15691,Q15691,PXD068107_NP03,POOLED_TECHNICAL_PLASMA_SOURCE,NP03,true,SOURCE_DATA_INTENSITY,2704930,POSITIVE_FINITE,true
PXD068107_WESTLAKE_OMNIPROT_TECHNICAL,Westlake University,heatmap_2b,2b_heatmap,2,EYN2,Q15942,Q15942,PXD068107_NP03,POOLED_TECHNICAL_PLASMA_SOURCE,NP03,true,SOURCE_DATA_INTENSITY,408140,POSITIVE_FINITE,true
PXD068107_WESTLAKE_OMNIPROT_TECHNICAL,Westlake University,heatmap_2b,2b_heatmap,2,EZF2,Q16543,Q16543,PXD068107_NP03,POOLED_TECHNICAL_PLASMA_SOURCE,NP03,true,SOURCE_DATA_INTENSITY,47715.099999999999,POSITIVE_FINITE,true
PXD068107_WESTLAKE_OMNIPROT_TECHNICAL,Westlake University,heatmap_2b,2b_heatmap,2,EZZ2,Q16643,Q16643,PXD068107_NP03,POOLED_TECHNICAL_PLASMA_SOURCE,NP03,true,SOURCE_DATA_INTENSITY,7971.7299999999996,POSITIVE_FINITE,true
PXD068107_WESTLAKE_OMNIPROT_TECHNICAL,Westlake University,heatmap_2b,2b_heatmap,2,FAP2,Q16762,Q16762,PXD068107_NP03,POOLED_TECHNICAL_PLASMA_SOURCE,NP03,true,SOURCE_DATA_INTENSITY,54004.800000000003,POSITIVE_FINITE,true
PXD068107_WESTLAKE_OMNIPROT_TECHNICAL,Westlake University,heatmap_2b,2b_heatmap,2,FBY2,Q27J81,Q27J81,PXD068107_NP03,POOLED_TECHNICAL_PLASMA_SOURCE,NP03,true,SOURCE_DATA_INTENSITY,91883.899999999994,POSITIVE_FINITE,true
PXD068107_WESTLAKE_OMNIPROT_TECHNICAL,Westlake University,heatmap_2b,2b_heatmap,2,FGK2,Q58FF8,Q58FF8,PXD068107_NP03,POOLED_TECHNICAL_PLASMA_SOURCE,NP03,true,SOURCE_DATA_INTENSITY,,SOURCE_NA,false
PXD068107_WESTLAKE_OMNIPROT_TECHNICAL,Westlake University,heatmap_2b,2b_heatmap,2,FYD2,Q70J99,Q70J99,PXD068107_NP03,POOLED_TECHNICAL_PLASMA_SOURCE,NP03,true,SOURCE_DATA_INTENSITY,64524.199999999997,POSITIVE_FINITE,true
PXD068107_WESTLAKE_OMNIPROT_TECHNICAL,Westlake University,heatmap_2b,2b_heatmap,2,FZH2,Q7L576,Q7L576,PXD068107_NP03,POOLED_TECHNICAL_PLASMA_SOURCE,NP03,true,SOURCE_DATA_INTENSITY,589582,POSITIVE_FINITE,true
PXD068107_WESTLAKE_OMNIPROT_TECHNICAL,Westlake University,heatmap_2b,2b_heatmap,2,GBF2,Q7Z406,Q7Z406,PXD068107_NP03,POOLED_TECHNICAL_PLASMA_SOURCE,NP03,true,SOURCE_DATA_INTENSITY,,SOURCE_NA,false
PXD068107_WESTLAKE_OMNIPROT_TECHNICAL,Westlake University,heatmap_2b,2b_heatmap,2,GFO2,Q86VP6,Q86VP6,PXD068107_NP03,POOLED_TECHNICAL_PLASMA_SOURCE,NP03,true,SOURCE_DATA_INTENSITY,139691,POSITIVE_FINITE,true
PXD068107_WESTLAKE_OMNIPROT_TECHNICAL,Westlake University,heatmap_2b,2b_heatmap,2,GXT2,Q8TC12,Q8TC12,PXD068107_NP03,POOLED_TECHNICAL_PLASMA_SOURCE,NP03,true,SOURCE_DATA_INTENSITY,,SOURCE_NA,false
PXD068107_WESTLAKE_OMNIPROT_TECHNICAL,Westlake University,heatmap_2b,2b_heatmap,2,HJL2,Q93084,Q93084,PXD068107_NP03,POOLED_TECHNICAL_PLASMA_SOURCE,NP03,true,SOURCE_DATA_INTENSITY,16831.099999999999,POSITIVE_FINITE,true
PXD068107_WESTLAKE_OMNIPROT_TECHNICAL,Westlake University,heatmap_2b,2b_heatmap,2,IBO2,Q99733,Q99733,PXD068107_NP03,POOLED_TECHNICAL_PLASMA_SOURCE,NP03,true,SOURCE_DATA_INTENSITY,24625.900000000001,POSITIVE_FINITE,true
PXD068107_WESTLAKE_OMNIPROT_TECHNICAL,Westlake University,heatmap_2b,2b_heatmap,2,ICI2,Q99832,Q99832,PXD068107_NP03,POOLED_TECHNICAL_PLASMA_SOURCE,NP03,true,SOURCE_DATA_INTENSITY,77031.100000000006,POSITIVE_FINITE,true
PXD068107_WESTLAKE_OMNIPROT_TECHNICAL,Westlake University,heatmap_2b,2b_heatmap,2,IFI2,Q9BS26,Q9BS26,PXD068107_NP03,POOLED_TECHNICAL_PLASMA_SOURCE,NP03,true,SOURCE_DATA_INTENSITY,185640,POSITIVE_FINITE,true
PXD068107_WESTLAKE_OMNIPROT_TECHNICAL,Westlake University,heatmap_2b,2b_heatmap,2,IFU2,Q9BSJ8,Q9BSJ8,PXD068107_NP03,POOLED_TECHNICAL_PLASMA_SOURCE,NP03,true,SOURCE_DATA_INTENSITY,368416,POSITIVE_FINITE,true
PXD068107_WESTLAKE_OMNIPROT_TECHNICAL,Westlake University,heatmap_2b,2b_heatmap,2,ITX2,Q9H4B7,Q9H4B7,PXD068107_NP03,POOLED_TECHNICAL_PLASMA_SOURCE,NP03,true,SOURCE_DATA_INTENSITY,401716,POSITIVE_FINITE,true
PXD068107_WESTLAKE_OMNIPROT_TECHNICAL,Westlake University,heatmap_2b,2b_heatmap,2,JAC2,Q9HDC9,Q9HDC9,PXD068107_NP03,POOLED_TECHNICAL_PLASMA_SOURCE,NP03,true,SOURCE_DATA_INTENSITY,9663750,POSITIVE_FINITE,true
PXD068107_WESTLAKE_OMNIPROT_TECHNICAL,Westlake University,heatmap_2b,2b_heatmap,2,JCH2,Q9NQC3,Q9NQC3,PXD068107_NP03,POOLED_TECHNICAL_PLASMA_SOURCE,NP03,true,SOURCE_DATA_INTENSITY,,SOURCE_NA,false
PXD068107_WESTLAKE_OMNIPROT_TECHNICAL,Westlake University,heatmap_2b,2b_heatmap,2,JDC2,Q9NR12,Q9NR12,PXD068107_NP03,POOLED_TECHNICAL_PLASMA_SOURCE,NP03,true,SOURCE_DATA_INTENSITY,206480,POSITIVE_FINITE,true
PXD068107_WESTLAKE_OMNIPROT_TECHNICAL,Westlake University,heatmap_2b,2b_heatmap,2,JEP2,Q9NRW1,Q9NRW1,PXD068107_NP03,POOLED_TECHNICAL_PLASMA_SOURCE,NP03,true,SOURCE_DATA_INTENSITY,14713.799999999999,POSITIVE_FINITE,true
PXD068107_WESTLAKE_OMNIPROT_TECHNICAL,Westlake University,heatmap_2b,2b_heatmap,2,JFD2,Q9NS28,Q9NS28,PXD068107_NP03,POOLED_TECHNICAL_PLASMA_SOURCE,NP03,true,SOURCE_DATA_INTENSITY,,SOURCE_NA,false
PXD068107_WESTLAKE_OMNIPROT_TECHNICAL,Westlake University,heatmap_2b,2b_heatmap,2,JKP2,Q9NY65,Q9NY65,PXD068107_NP03,POOLED_TECHNICAL_PLASMA_SOURCE,NP03,true,SOURCE_DATA_INTENSITY,18601.099999999999,POSITIVE_FINITE,true
PXD068107_WESTLAKE_OMNIPROT_TECHNICAL,Westlake University,heatmap_2b,2b_heatmap,2,KDT2,Q9Y2A7,Q9Y2A7,PXD068107_NP03,POOLED_TECHNICAL_PLASMA_SOURCE,NP03,true,SOURCE_DATA_INTENSITY,495368,POSITIVE_FINITE,true
PXD068107_WESTLAKE_OMNIPROT_TECHNICAL,Westlake University,heatmap_2b,2b_heatmap,2,KHC2,Q9Y3F4,Q9Y3F4,PXD068107_NP03,POOLED_TECHNICAL_PLASMA_SOURCE,NP03,true,SOURCE_DATA_INTENSITY,5242.9300000000003,POSITIVE_FINITE,true
PXD068107_WESTLAKE_OMNIPROT_TECHNICAL,Westlake University,heatmap_2b,2b_heatmap,3,GY3,O00151,O00151,PXD068107_NP10,POOLED_TECHNICAL_PLASMA_SOURCE,NP10,true,SOURCE_DATA_INTENSITY,943763,POSITIVE_FINITE,true
PXD068107_WESTLAKE_OMNIPROT_TECHNICAL,Westlake University,heatmap_2b,2b_heatmap,3,HI3,O00187,O00187,PXD068107_NP10,POOLED_TECHNICAL_PLASMA_SOURCE,NP10,true,SOURCE_DATA_INTENSITY,22310200,POSITIVE_FINITE,true
PXD068107_WESTLAKE_OMNIPROT_TECHNICAL,Westlake University,heatmap_2b,2b_heatmap,3,HZ3,O00264,O00264,PXD068107_NP10,POOLED_TECHNICAL_PLASMA_SOURCE,NP10,true,SOURCE_DATA_INTENSITY,70984.199999999997,POSITIVE_FINITE,true
PXD068107_WESTLAKE_OMNIPROT_TECHNICAL,Westlake University,heatmap_2b,2b_heatmap,3,IE3,O00299,O00299,PXD068107_NP10,POOLED_TECHNICAL_PLASMA_SOURCE,NP10,true,SOURCE_DATA_INTENSITY,2275110,POSITIVE_FINITE,true
PXD068107_WESTLAKE_OMNIPROT_TECHNICAL,Westlake University,heatmap_2b,2b_heatmap,3,IQ3,O00410,O00410,PXD068107_NP10,POOLED_TECHNICAL_PLASMA_SOURCE,NP10,true,SOURCE_DATA_INTENSITY,83905.399999999994,POSITIVE_FINITE,true
PXD068107_WESTLAKE_OMNIPROT_TECHNICAL,Westlake University,heatmap_2b,2b_heatmap,3,OY3,O15145,O15145,PXD068107_NP10,POOLED_TECHNICAL_PLASMA_SOURCE,NP10,true,SOURCE_DATA_INTENSITY,4974800,POSITIVE_FINITE,true
PXD068107_WESTLAKE_OMNIPROT_TECHNICAL,Westlake University,heatmap_2b,2b_heatmap,3,AAP3,O75083,O75083,PXD068107_NP10,POOLED_TECHNICAL_PLASMA_SOURCE,NP10,true,SOURCE_DATA_INTENSITY,1952970,POSITIVE_FINITE,true
PXD068107_WESTLAKE_OMNIPROT_TECHNICAL,Westlake University,heatmap_2b,2b_heatmap,3,ADS3,O75531,O75531,PXD068107_NP10,POOLED_TECHNICAL_PLASMA_SOURCE,NP10,true,SOURCE_DATA_INTENSITY,,SOURCE_NA,false
PXD068107_WESTLAKE_OMNIPROT_TECHNICAL,Westlake University,heatmap_2b,2b_heatmap,3,AOR3,P00387,P00387,PXD068107_NP10,POOLED_TECHNICAL_PLASMA_SOURCE,NP10,true,SOURCE_DATA_INTENSITY,615714,POSITIVE_FINITE,true
PXD068107_WESTLAKE_OMNIPROT_TECHNICAL,Westlake University,heatmap_2b,2b_heatmap,3,AOT3,P00403,P00403,PXD068107_NP10,POOLED_TECHNICAL_PLASMA_SOURCE,NP10,true,SOURCE_DATA_INTENSITY,102869,POSITIVE_FINITE,true
PXD068107_WESTLAKE_OMNIPROT_TECHNICAL,Westlake University,heatmap_2b,2b_heatmap,3,ARE3,P01275,P01275,PXD068107_NP10,POOLED_TECHNICAL_PLASMA_SOURCE,NP10,true,SOURCE_DATA_INTENSITY,,SOURCE_NA,false
PXD068107_WESTLAKE_OMNIPROT_TECHNICAL,Westlake University,heatmap_2b,2b_heatmap,3,AVX3,P04004,P04004,PXD068107_NP10,POOLED_TECHNICAL_PLASMA_SOURCE,NP10,true,SOURCE_DATA_INTENSITY,225123000,POSITIVE_FINITE,true
PXD068107_WESTLAKE_OMNIPROT_TECHNICAL,Westlake University,heatmap_2b,2b_heatmap,3,AWW3,P04264,P04264,PXD068107_NP10,POOLED_TECHNICAL_PLASMA_SOURCE,NP10,true,SOURCE_DATA_INTENSITY,48900400,POSITIVE_FINITE,true
PXD068107_WESTLAKE_OMNIPROT_TECHNICAL,Westlake University,heatmap_2b,2b_heatmap,3,AXO3,P04844,P04844,PXD068107_NP10,POOLED_TECHNICAL_PLASMA_SOURCE,NP10,true,SOURCE_DATA_INTENSITY,55806.800000000003,POSITIVE_FINITE,true
PXD068107_WESTLAKE_OMNIPROT_TECHNICAL,Westlake University,heatmap_2b,2b_heatmap,3,AXU3,P05023,P05023,PXD068107_NP10,POOLED_TECHNICAL_PLASMA_SOURCE,NP10,true,SOURCE_DATA_INTENSITY,575562,POSITIVE_FINITE,true
PXD068107_WESTLAKE_OMNIPROT_TECHNICAL,Westlake University,heatmap_2b,2b_heatmap,3,AZG3,P05556,P05556,PXD068107_NP10,POOLED_TECHNICAL_PLASMA_SOURCE,NP10,true,SOURCE_DATA_INTENSITY,1084490,POSITIVE_FINITE,true
PXD068107_WESTLAKE_OMNIPROT_TECHNICAL,Westlake University,heatmap_2b,2b_heatmap,3,BAA3,P06396,P06396,PXD068107_NP10,POOLED_TECHNICAL_PLASMA_SOURCE,NP10,true,SOURCE_DATA_INTENSITY,99242800,POSITIVE_FINITE,true
PXD068107_WESTLAKE_OMNIPROT_TECHNICAL,Westlake University,heatmap_2b,2b_heatmap,3,BAC3,P06576,P06576,PXD068107_NP10,POOLED_TECHNICAL_PLASMA_SOURCE,NP10,true,SOURCE_DATA_INTENSITY,1094480,POSITIVE_FINITE,true
PXD068107_WESTLAKE_OMNIPROT_TECHNICAL,Westlake University,heatmap_2b,2b_heatmap,3,BCX3,P07996,P07996,PXD068107_NP10,POOLED_TECHNICAL_PLASMA_SOURCE,NP10,true,SOURCE_DATA_INTENSITY,37504300,POSITIVE_FINITE,true
PXD068107_WESTLAKE_OMNIPROT_TECHNICAL,Westlake University,heatmap_2b,2b_heatmap,3,BGG3,P09493,P09493,PXD068107_NP10,POOLED_TECHNICAL_PLASMA_SOURCE,NP10,true,SOURCE_DATA_INTENSITY,44643.099999999999,POSITIVE_FINITE,true
PXD068107_WESTLAKE_OMNIPROT_TECHNICAL,Westlake University,heatmap_2b,2b_heatmap,3,BJV3,P10599,P10599,PXD068107_NP10,POOLED_TECHNICAL_PLASMA_SOURCE,NP10,true,SOURCE_DATA_INTENSITY,846489,POSITIVE_FINITE,true
PXD068107_WESTLAKE_OMNIPROT_TECHNICAL,Westlake University,heatmap_2b,2b_heatmap,3,BKB3,P10644,P10644,PXD068107_NP10,POOLED_TECHNICAL_PLASMA_SOURCE,NP10,true,SOURCE_DATA_INTENSITY,576364,POSITIVE_FINITE,true
PXD068107_WESTLAKE_OMNIPROT_TECHNICAL,Westlake University,heatmap_2b,2b_heatmap,3,BKK3,P10809,P10809,PXD068107_NP10,POOLED_TECHNICAL_PLASMA_SOURCE,NP10,true,SOURCE_DATA_INTENSITY,385559,POSITIVE_FINITE,true
PXD068107_WESTLAKE_OMNIPROT_TECHNICAL,Westlake University,heatmap_2b,2b_heatmap,3,BKP3,P11021,P11021,PXD068107_NP10,POOLED_TECHNICAL_PLASMA_SOURCE,NP10,true,SOURCE_DATA_INTENSITY,28549300,POSITIVE_FINITE,true
PXD068107_WESTLAKE_OMNIPROT_TECHNICAL,Westlake University,heatmap_2b,2b_heatmap,3,BKX3,P11166,P11166,PXD068107_NP10,POOLED_TECHNICAL_PLASMA_SOURCE,NP10,true,SOURCE_DATA_INTENSITY,692362,POSITIVE_FINITE,true
PXD068107_WESTLAKE_OMNIPROT_TECHNICAL,Westlake University,heatmap_2b,2b_heatmap,3,BLT3,P11413,P11413,PXD068107_NP10,POOLED_TECHNICAL_PLASMA_SOURCE,NP10,true,SOURCE_DATA_INTENSITY,142667,POSITIVE_FINITE,true
PXD068107_WESTLAKE_OMNIPROT_TECHNICAL,Westlake University,heatmap_2b,2b_heatmap,3,BOZ3,P13796,P13796,PXD068107_NP10,POOLED_TECHNICAL_PLASMA_SOURCE,NP10,true,SOURCE_DATA_INTENSITY,498175,POSITIVE_FINITE,true
PXD068107_WESTLAKE_OMNIPROT_TECHNICAL,Westlake University,heatmap_2b,2b_heatmap,3,BQN3,P14868,P14868,PXD068107_NP10,POOLED_TECHNICAL_PLASMA_SOURCE,NP10,true,SOURCE_DATA_INTENSITY,960527,POSITIVE_FINITE,true
PXD068107_WESTLAKE_OMNIPROT_TECHNICAL,Westlake University,heatmap_2b,2b_heatmap,3,BRP3,P15531,P15531,PXD068107_NP10,POOLED_TECHNICAL_PLASMA_SOURCE,NP10,true,SOURCE_DATA_INTENSITY,,SOURCE_NA,false
PXD068107_WESTLAKE_OMNIPROT_TECHNICAL,Westlake University,heatmap_2b,2b_heatmap,3,BTD3,P16615,P16615,PXD068107_NP10,POOLED_TECHNICAL_PLASMA_SOURCE,NP10,true,SOURCE_DATA_INTENSITY,114868,POSITIVE_FINITE,true
PXD068107_WESTLAKE_OMNIPROT_TECHNICAL,Westlake University,heatmap_2b,2b_heatmap,3,BWA3,P19367,P19367,PXD068107_NP10,POOLED_TECHNICAL_PLASMA_SOURCE,NP10,true,SOURCE_DATA_INTENSITY,251204,POSITIVE_FINITE,true
PXD068107_WESTLAKE_OMNIPROT_TECHNICAL,Westlake University,heatmap_2b,2b_heatmap,3,BXV3,P20645,P20645,PXD068107_NP10,POOLED_TECHNICAL_PLASMA_SOURCE,NP10,true,SOURCE_DATA_INTENSITY,23045.200000000001,POSITIVE_FINITE,true
PXD068107_WESTLAKE_OMNIPROT_TECHNICAL,Westlake University,heatmap_2b,2b_heatmap,3,BZN3,P21796,P21796,PXD068107_NP10,POOLED_TECHNICAL_PLASMA_SOURCE,NP10,true,SOURCE_DATA_INTENSITY,182927,POSITIVE_FINITE,true
PXD068107_WESTLAKE_OMNIPROT_TECHNICAL,Westlake University,heatmap_2b,2b_heatmap,3,CBV3,P23284,P23284,PXD068107_NP10,POOLED_TECHNICAL_PLASMA_SOURCE,NP10,true,SOURCE_DATA_INTENSITY,1692820,POSITIVE_FINITE,true
PXD068107_WESTLAKE_OMNIPROT_TECHNICAL,Westlake University,heatmap_2b,2b_heatmap,3,CDO3,P24844,P24844,PXD068107_NP10,POOLED_TECHNICAL_PLASMA_SOURCE,NP10,true,SOURCE_DATA_INTENSITY,529174,POSITIVE_FINITE,true
PXD068107_WESTLAKE_OMNIPROT_TECHNICAL,Westlake University,heatmap_2b,2b_heatmap,3,CES3,P26038,P26038,PXD068107_NP10,POOLED_TECHNICAL_PLASMA_SOURCE,NP10,true,SOURCE_DATA_INTENSITY,7575150,POSITIVE_FINITE,true
PXD068107_WESTLAKE_OMNIPROT_TECHNICAL,Westlake University,heatmap_2b,2b_heatmap,3,CFF3,P26641,P26641,PXD068107_NP10,POOLED_TECHNICAL_PLASMA_SOURCE,NP10,true,SOURCE_DATA_INTENSITY,474795,POSITIVE_FINITE,true
PXD068107_WESTLAKE_OMNIPROT_TECHNICAL,Westlake University,heatmap_2b,2b_heatmap,3,CFP3,P27348,P27348,PXD068107_NP10,POOLED_TECHNICAL_PLASMA_SOURCE,NP10,true,SOURCE_DATA_INTENSITY,229741,POSITIVE_FINITE,true
PXD068107_WESTLAKE_OMNIPROT_TECHNICAL,Westlake University,heatmap_2b,2b_heatmap,3,CGC3,P27797,P27797,PXD068107_NP10,POOLED_TECHNICAL_PLASMA_SOURCE,NP10,true,SOURCE_DATA_INTENSITY,66474.199999999997,POSITIVE_FINITE,true
PXD068107_WESTLAKE_OMNIPROT_TECHNICAL,Westlake University,heatmap_2b,2b_heatmap,3,CGL3,P28066,P28066,PXD068107_NP10,POOLED_TECHNICAL_PLASMA_SOURCE,NP10,true,SOURCE_DATA_INTENSITY,458113,POSITIVE_FINITE,true
PXD068107_WESTLAKE_OMNIPROT_TECHNICAL,Westlake University,heatmap_2b,2b_heatmap,3,CGM3,P28070,P28070,PXD068107_NP10,POOLED_TECHNICAL_PLASMA_SOURCE,NP10,true,SOURCE_DATA_INTENSITY,434087,POSITIVE_FINITE,true
PXD068107_WESTLAKE_OMNIPROT_TECHNICAL,Westlake University,heatmap_2b,2b_heatmap,3,CIL3,P30041,P30041,PXD068107_NP10,POOLED_TECHNICAL_PLASMA_SOURCE,NP10,true,SOURCE_DATA_INTENSITY,337210,POSITIVE_FINITE,true
PXD068107_WESTLAKE_OMNIPROT_TECHNICAL,Westlake University,heatmap_2b,2b_heatmap,3,CIN3,P30044,P30044,PXD068107_NP10,POOLED_TECHNICAL_PLASMA_SOURCE,NP10,true,SOURCE_DATA_INTENSITY,722594,POSITIVE_FINITE,true
PXD068107_WESTLAKE_OMNIPROT_TECHNICAL,Westlake University,heatmap_2b,2b_heatmap,3,CIQ3,P30048,P30048,PXD068107_NP10,POOLED_TECHNICAL_PLASMA_SOURCE,NP10,true,SOURCE_DATA_INTENSITY,36790.099999999999,POSITIVE_FINITE,true
PXD068107_WESTLAKE_OMNIPROT_TECHNICAL,Westlake University,heatmap_2b,2b_heatmap,3,CIW3,P30101,P30101,PXD068107_NP10,POOLED_TECHNICAL_PLASMA_SOURCE,NP10,true,SOURCE_DATA_INTENSITY,4854520,POSITIVE_FINITE,true
PXD068107_WESTLAKE_OMNIPROT_TECHNICAL,Westlake University,heatmap_2b,2b_heatmap,3,CQE3,P37802,P37802,PXD068107_NP10,POOLED_TECHNICAL_PLASMA_SOURCE,NP10,true,SOURCE_DATA_INTENSITY,18016300,POSITIVE_FINITE,true
PXD068107_WESTLAKE_OMNIPROT_TECHNICAL,Westlake University,heatmap_2b,2b_heatmap,3,CQM3,P38646,P38646,PXD068107_NP10,POOLED_TECHNICAL_PLASMA_SOURCE,NP10,true,SOURCE_DATA_INTENSITY,523896,POSITIVE_FINITE,true
PXD068107_WESTLAKE_OMNIPROT_TECHNICAL,Westlake University,heatmap_2b,2b_heatmap,3,CUZ3,P45880,P45880,PXD068107_NP10,POOLED_TECHNICAL_PLASMA_SOURCE,NP10,true,SOURCE_DATA_INTENSITY,189375,POSITIVE_FINITE,true
PXD068107_WESTLAKE_OMNIPROT_TECHNICAL,Westlake University,heatmap_2b,2b_heatmap,3,CZE3,P49411,P49411,PXD068107_NP10,POOLED_TECHNICAL_PLASMA_SOURCE,NP10,true,SOURCE_DATA_INTENSITY,271216,POSITIVE_FINITE,true
PXD068107_WESTLAKE_OMNIPROT_TECHNICAL,Westlake University,heatmap_2b,2b_heatmap,3,DCJ3,P50990,P50990,PXD068107_NP10,POOLED_TECHNICAL_PLASMA_SOURCE,NP10,true,SOURCE_DATA_INTENSITY,308494,POSITIVE_FINITE,true
PXD068107_WESTLAKE_OMNIPROT_TECHNICAL,Westlake University,heatmap_2b,2b_heatmap,3,DCK3,P50991,P50991,PXD068107_NP10,POOLED_TECHNICAL_PLASMA_SOURCE,NP10,true,SOURCE_DATA_INTENSITY,323227,POSITIVE_FINITE,true
PXD068107_WESTLAKE_OMNIPROT_TECHNICAL,Westlake University,heatmap_2b,2b_heatmap,3,DCL3,P50995,P50995,PXD068107_NP10,POOLED_TECHNICAL_PLASMA_SOURCE,NP10,true,SOURCE_DATA_INTENSITY,1608750,POSITIVE_FINITE,true
PXD068107_WESTLAKE_OMNIPROT_TECHNICAL,Westlake University,heatmap_2b,2b_heatmap,3,DFZ3,P52907,P52907,PXD068107_NP10,POOLED_TECHNICAL_PLASMA_SOURCE,NP10,true,SOURCE_DATA_INTENSITY,1303460,POSITIVE_FINITE,true
PXD068107_WESTLAKE_OMNIPROT_TECHNICAL,Westlake University,heatmap_2b,2b_heatmap,3,DGJ3,P53396,P53396,PXD068107_NP10,POOLED_TECHNICAL_PLASMA_SOURCE,NP10,true,SOURCE_DATA_INTENSITY,525998,POSITIVE_FINITE,true
PXD068107_WESTLAKE_OMNIPROT_TECHNICAL,Westlake University,heatmap_2b,2b_heatmap,3,DIY3,P55072,P55072,PXD068107_NP10,POOLED_TECHNICAL_PLASMA_SOURCE,NP10,true,SOURCE_DATA_INTENSITY,407417,POSITIVE_FINITE,true
PXD068107_WESTLAKE_OMNIPROT_TECHNICAL,Westlake University,heatmap_2b,2b_heatmap,3,DMJ3,P60174,P60174,PXD068107_NP10,POOLED_TECHNICAL_PLASMA_SOURCE,NP10,true,SOURCE_DATA_INTENSITY,21651000,POSITIVE_FINITE,true
PXD068107_WESTLAKE_OMNIPROT_TECHNICAL,Westlake University,heatmap_2b,2b_heatmap,3,DNG3,P61006,P61006,PXD068107_NP10,POOLED_TECHNICAL_PLASMA_SOURCE,NP10,true,SOURCE_DATA_INTENSITY,697521,POSITIVE_FINITE,true
PXD068107_WESTLAKE_OMNIPROT_TECHNICAL,Westlake University,heatmap_2b,2b_heatmap,3,DNM3,P61026,P61026,PXD068107_NP10,POOLED_TECHNICAL_PLASMA_SOURCE,NP10,true,SOURCE_DATA_INTENSITY,215361,POSITIVE_FINITE,true
PXD068107_WESTLAKE_OMNIPROT_TECHNICAL,Westlake University,heatmap_2b,2b_heatmap,3,DNS3,P61106,P61106,PXD068107_NP10,POOLED_TECHNICAL_PLASMA_SOURCE,NP10,true,SOURCE_DATA_INTENSITY,1141060,POSITIVE_FINITE,true
PXD068107_WESTLAKE_OMNIPROT_TECHNICAL,Westlake University,heatmap_2b,2b_heatmap,3,DPG3,P61978,P61978,PXD068107_NP10,POOLED_TECHNICAL_PLASMA_SOURCE,NP10,true,SOURCE_DATA_INTENSITY,598251,POSITIVE_FINITE,true
PXD068107_WESTLAKE_OMNIPROT_TECHNICAL,Westlake University,heatmap_2b,2b_heatmap,3,DPH3,P61981,P61981,PXD068107_NP10,POOLED_TECHNICAL_PLASMA_SOURCE,NP10,true,SOURCE_DATA_INTENSITY,641273,POSITIVE_FINITE,true
PXD068107_WESTLAKE_OMNIPROT_TECHNICAL,Westlake University,heatmap_2b,2b_heatmap,3,DQK3,P62330,P62330,PXD068107_NP10,POOLED_TECHNICAL_PLASMA_SOURCE,NP10,true,SOURCE_DATA_INTENSITY,66260.800000000003,POSITIVE_FINITE,true
PXD068107_WESTLAKE_OMNIPROT_TECHNICAL,Westlake University,heatmap_2b,2b_heatmap,3,DQX3,P62805,P62805,PXD068107_NP10,POOLED_TECHNICAL_PLASMA_SOURCE,NP10,true,SOURCE_DATA_INTENSITY,11194300,POSITIVE_FINITE,true
PXD068107_WESTLAKE_OMNIPROT_TECHNICAL,Westlake University,heatmap_2b,2b_heatmap,3,DRY3,P63000,P63000,PXD068107_NP10,POOLED_TECHNICAL_PLASMA_SOURCE,NP10,true,SOURCE_DATA_INTENSITY,2335300,POSITIVE_FINITE,true
PXD068107_WESTLAKE_OMNIPROT_TECHNICAL,Westlake University,heatmap_2b,2b_heatmap,3,DTD3,P68366,P68366,PXD068107_NP10,POOLED_TECHNICAL_PLASMA_SOURCE,NP10,true,SOURCE_DATA_INTENSITY,3138870,POSITIVE_FINITE,true
PXD068107_WESTLAKE_OMNIPROT_TECHNICAL,Westlake University,heatmap_2b,2b_heatmap,3,DUE3,P78417,P78417,PXD068107_NP10,POOLED_TECHNICAL_PLASMA_SOURCE,NP10,true,SOURCE_DATA_INTENSITY,1956750,POSITIVE_FINITE,true
PXD068107_WESTLAKE_OMNIPROT_TECHNICAL,Westlake University,heatmap_2b,2b_heatmap,3,EAQ3,Q04695,Q04695,PXD068107_NP10,POOLED_TECHNICAL_PLASMA_SOURCE,NP10,true,SOURCE_DATA_INTENSITY,10738300,POSITIVE_FINITE,true
PXD068107_WESTLAKE_OMNIPROT_TECHNICAL,Westlake University,heatmap_2b,2b_heatmap,3,EPH3,Q14247,Q14247,PXD068107_NP10,POOLED_TECHNICAL_PLASMA_SOURCE,NP10,true,SOURCE_DATA_INTENSITY,190876,POSITIVE_FINITE,true
PXD068107_WESTLAKE_OMNIPROT_TECHNICAL,Westlake University,heatmap_2b,2b_heatmap,3,ESK3,Q14974,Q14974,PXD068107_NP10,POOLED_TECHNICAL_PLASMA_SOURCE,NP10,true,SOURCE_DATA_INTENSITY,637841,POSITIVE_FINITE,true
PXD068107_WESTLAKE_OMNIPROT_TECHNICAL,Westlake University,heatmap_2b,2b_heatmap,3,EUC3,Q15084,Q15084,PXD068107_NP10,POOLED_TECHNICAL_PLASMA_SOURCE,NP10,true,SOURCE_DATA_INTENSITY,1141160,POSITIVE_FINITE,true
PXD068107_WESTLAKE_OMNIPROT_TECHNICAL,Westlake University,heatmap_2b,2b_heatmap,3,EVQ3,Q15365,Q15365,PXD068107_NP10,POOLED_TECHNICAL_PLASMA_SOURCE,NP10,true,SOURCE_DATA_INTENSITY,660994,POSITIVE_FINITE,true
PXD068107_WESTLAKE_OMNIPROT_TECHNICAL,Westlake University,heatmap_2b,2b_heatmap,3,EWB3,Q15404,Q15404,PXD068107_NP10,POOLED_TECHNICAL_PLASMA_SOURCE,NP10,true,SOURCE_DATA_INTENSITY,322020,POSITIVE_FINITE,true
PXD068107_WESTLAKE_OMNIPROT_TECHNICAL,Westlake University,heatmap_2b,2b_heatmap,3,EXI3,Q15691,Q15691,PXD068107_NP10,POOLED_TECHNICAL_PLASMA_SOURCE,NP10,true,SOURCE_DATA_INTENSITY,1877270,POSITIVE_FINITE,true
PXD068107_WESTLAKE_OMNIPROT_TECHNICAL,Westlake University,heatmap_2b,2b_heatmap,3,EYN3,Q15942,Q15942,PXD068107_NP10,POOLED_TECHNICAL_PLASMA_SOURCE,NP10,true,SOURCE_DATA_INTENSITY,425638,POSITIVE_FINITE,true
PXD068107_WESTLAKE_OMNIPROT_TECHNICAL,Westlake University,heatmap_2b,2b_heatmap,3,EZF3,Q16543,Q16543,PXD068107_NP10,POOLED_TECHNICAL_PLASMA_SOURCE,NP10,true,SOURCE_DATA_INTENSITY,448583,POSITIVE_FINITE,true
PXD068107_WESTLAKE_OMNIPROT_TECHNICAL,Westlake University,heatmap_2b,2b_heatmap,3,EZZ3,Q16643,Q16643,PXD068107_NP10,POOLED_TECHNICAL_PLASMA_SOURCE,NP10,true,SOURCE_DATA_INTENSITY,335299,POSITIVE_FINITE,true
PXD068107_WESTLAKE_OMNIPROT_TECHNICAL,Westlake University,heatmap_2b,2b_heatmap,3,FAP3,Q16762,Q16762,PXD068107_NP10,POOLED_TECHNICAL_PLASMA_SOURCE,NP10,true,SOURCE_DATA_INTENSITY,126009,POSITIVE_FINITE,true
PXD068107_WESTLAKE_OMNIPROT_TECHNICAL,Westlake University,heatmap_2b,2b_heatmap,3,FBY3,Q27J81,Q27J81,PXD068107_NP10,POOLED_TECHNICAL_PLASMA_SOURCE,NP10,true,SOURCE_DATA_INTENSITY,338039,POSITIVE_FINITE,true
PXD068107_WESTLAKE_OMNIPROT_TECHNICAL,Westlake University,heatmap_2b,2b_heatmap,3,FGK3,Q58FF8,Q58FF8,PXD068107_NP10,POOLED_TECHNICAL_PLASMA_SOURCE,NP10,true,SOURCE_DATA_INTENSITY,15317.9,POSITIVE_FINITE,true
PXD068107_WESTLAKE_OMNIPROT_TECHNICAL,Westlake University,heatmap_2b,2b_heatmap,3,FYD3,Q70J99,Q70J99,PXD068107_NP10,POOLED_TECHNICAL_PLASMA_SOURCE,NP10,true,SOURCE_DATA_INTENSITY,256527,POSITIVE_FINITE,true
PXD068107_WESTLAKE_OMNIPROT_TECHNICAL,Westlake University,heatmap_2b,2b_heatmap,3,FZH3,Q7L576,Q7L576,PXD068107_NP10,POOLED_TECHNICAL_PLASMA_SOURCE,NP10,true,SOURCE_DATA_INTENSITY,627810,POSITIVE_FINITE,true
PXD068107_WESTLAKE_OMNIPROT_TECHNICAL,Westlake University,heatmap_2b,2b_heatmap,3,GBF3,Q7Z406,Q7Z406,PXD068107_NP10,POOLED_TECHNICAL_PLASMA_SOURCE,NP10,true,SOURCE_DATA_INTENSITY,340005,POSITIVE_FINITE,true
PXD068107_WESTLAKE_OMNIPROT_TECHNICAL,Westlake University,heatmap_2b,2b_heatmap,3,GFO3,Q86VP6,Q86VP6,PXD068107_NP10,POOLED_TECHNICAL_PLASMA_SOURCE,NP10,true,SOURCE_DATA_INTENSITY,164169,POSITIVE_FINITE,true
PXD068107_WESTLAKE_OMNIPROT_TECHNICAL,Westlake University,heatmap_2b,2b_heatmap,3,GXT3,Q8TC12,Q8TC12,PXD068107_NP10,POOLED_TECHNICAL_PLASMA_SOURCE,NP10,true,SOURCE_DATA_INTENSITY,46767.800000000003,POSITIVE_FINITE,true
PXD068107_WESTLAKE_OMNIPROT_TECHNICAL,Westlake University,heatmap_2b,2b_heatmap,3,HJL3,Q93084,Q93084,PXD068107_NP10,POOLED_TECHNICAL_PLASMA_SOURCE,NP10,true,SOURCE_DATA_INTENSITY,82112.300000000003,POSITIVE_FINITE,true
PXD068107_WESTLAKE_OMNIPROT_TECHNICAL,Westlake University,heatmap_2b,2b_heatmap,3,IBO3,Q99733,Q99733,PXD068107_NP10,POOLED_TECHNICAL_PLASMA_SOURCE,NP10,true,SOURCE_DATA_INTENSITY,276334,POSITIVE_FINITE,true
PXD068107_WESTLAKE_OMNIPROT_TECHNICAL,Westlake University,heatmap_2b,2b_heatmap,3,ICI3,Q99832,Q99832,PXD068107_NP10,POOLED_TECHNICAL_PLASMA_SOURCE,NP10,true,SOURCE_DATA_INTENSITY,157687,POSITIVE_FINITE,true
PXD068107_WESTLAKE_OMNIPROT_TECHNICAL,Westlake University,heatmap_2b,2b_heatmap,3,IFI3,Q9BS26,Q9BS26,PXD068107_NP10,POOLED_TECHNICAL_PLASMA_SOURCE,NP10,true,SOURCE_DATA_INTENSITY,421274,POSITIVE_FINITE,true
PXD068107_WESTLAKE_OMNIPROT_TECHNICAL,Westlake University,heatmap_2b,2b_heatmap,3,IFU3,Q9BSJ8,Q9BSJ8,PXD068107_NP10,POOLED_TECHNICAL_PLASMA_SOURCE,NP10,true,SOURCE_DATA_INTENSITY,452574,POSITIVE_FINITE,true
PXD068107_WESTLAKE_OMNIPROT_TECHNICAL,Westlake University,heatmap_2b,2b_heatmap,3,ITX3,Q9H4B7,Q9H4B7,PXD068107_NP10,POOLED_TECHNICAL_PLASMA_SOURCE,NP10,true,SOURCE_DATA_INTENSITY,1032250,POSITIVE_FINITE,true
PXD068107_WESTLAKE_OMNIPROT_TECHNICAL,Westlake University,heatmap_2b,2b_heatmap,3,JAC3,Q9HDC9,Q9HDC9,PXD068107_NP10,POOLED_TECHNICAL_PLASMA_SOURCE,NP10,true,SOURCE_DATA_INTENSITY,25633900,POSITIVE_FINITE,true
PXD068107_WESTLAKE_OMNIPROT_TECHNICAL,Westlake University,heatmap_2b,2b_heatmap,3,JCH3,Q9NQC3,Q9NQC3,PXD068107_NP10,POOLED_TECHNICAL_PLASMA_SOURCE,NP10,true,SOURCE_DATA_INTENSITY,35696.5,POSITIVE_FINITE,true
PXD068107_WESTLAKE_OMNIPROT_TECHNICAL,Westlake University,heatmap_2b,2b_heatmap,3,JDC3,Q9NR12,Q9NR12,PXD068107_NP10,POOLED_TECHNICAL_PLASMA_SOURCE,NP10,true,SOURCE_DATA_INTENSITY,737803,POSITIVE_FINITE,true
PXD068107_WESTLAKE_OMNIPROT_TECHNICAL,Westlake University,heatmap_2b,2b_heatmap,3,JEP3,Q9NRW1,Q9NRW1,PXD068107_NP10,POOLED_TECHNICAL_PLASMA_SOURCE,NP10,true,SOURCE_DATA_INTENSITY,796286,POSITIVE_FINITE,true
PXD068107_WESTLAKE_OMNIPROT_TECHNICAL,Westlake University,heatmap_2b,2b_heatmap,3,JFD3,Q9NS28,Q9NS28,PXD068107_NP10,POOLED_TECHNICAL_PLASMA_SOURCE,NP10,true,SOURCE_DATA_INTENSITY,516283,POSITIVE_FINITE,true
PXD068107_WESTLAKE_OMNIPROT_TECHNICAL,Westlake University,heatmap_2b,2b_heatmap,3,JKP3,Q9NY65,Q9NY65,PXD068107_NP10,POOLED_TECHNICAL_PLASMA_SOURCE,NP10,true,SOURCE_DATA_INTENSITY,24831.400000000001,POSITIVE_FINITE,true
PXD068107_WESTLAKE_OMNIPROT_TECHNICAL,Westlake University,heatmap_2b,2b_heatmap,3,KDT3,Q9Y2A7,Q9Y2A7,PXD068107_NP10,POOLED_TECHNICAL_PLASMA_SOURCE,NP10,true,SOURCE_DATA_INTENSITY,87661.600000000006,POSITIVE_FINITE,true
PXD068107_WESTLAKE_OMNIPROT_TECHNICAL,Westlake University,heatmap_2b,2b_heatmap,3,KHC3,Q9Y3F4,Q9Y3F4,PXD068107_NP10,POOLED_TECHNICAL_PLASMA_SOURCE,NP10,true,SOURCE_DATA_INTENSITY,98814.100000000006,POSITIVE_FINITE,true
PXD068107_WESTLAKE_OMNIPROT_TECHNICAL,Westlake University,heatmap_2b,2b_heatmap,4,GY4,O00151,O00151,PXD068107_NP12,POOLED_TECHNICAL_PLASMA_SOURCE,NP12,true,SOURCE_DATA_INTENSITY,64491.199999999997,POSITIVE_FINITE,true
PXD068107_WESTLAKE_OMNIPROT_TECHNICAL,Westlake University,heatmap_2b,2b_heatmap,4,HI4,O00187,O00187,PXD068107_NP12,POOLED_TECHNICAL_PLASMA_SOURCE,NP12,true,SOURCE_DATA_INTENSITY,47594300,POSITIVE_FINITE,true
PXD068107_WESTLAKE_OMNIPROT_TECHNICAL,Westlake University,heatmap_2b,2b_heatmap,4,HZ4,O00264,O00264,PXD068107_NP12,POOLED_TECHNICAL_PLASMA_SOURCE,NP12,true,SOURCE_DATA_INTENSITY,95173.100000000006,POSITIVE_FINITE,true
PXD068107_WESTLAKE_OMNIPROT_TECHNICAL,Westlake University,heatmap_2b,2b_heatmap,4,IE4,O00299,O00299,PXD068107_NP12,POOLED_TECHNICAL_PLASMA_SOURCE,NP12,true,SOURCE_DATA_INTENSITY,283845,POSITIVE_FINITE,true
PXD068107_WESTLAKE_OMNIPROT_TECHNICAL,Westlake University,heatmap_2b,2b_heatmap,4,IQ4,O00410,O00410,PXD068107_NP12,POOLED_TECHNICAL_PLASMA_SOURCE,NP12,true,SOURCE_DATA_INTENSITY,,SOURCE_NA,false
PXD068107_WESTLAKE_OMNIPROT_TECHNICAL,Westlake University,heatmap_2b,2b_heatmap,4,OY4,O15145,O15145,PXD068107_NP12,POOLED_TECHNICAL_PLASMA_SOURCE,NP12,true,SOURCE_DATA_INTENSITY,4820.9399999999996,POSITIVE_FINITE,true
PXD068107_WESTLAKE_OMNIPROT_TECHNICAL,Westlake University,heatmap_2b,2b_heatmap,4,AAP4,O75083,O75083,PXD068107_NP12,POOLED_TECHNICAL_PLASMA_SOURCE,NP12,true,SOURCE_DATA_INTENSITY,85028.199999999997,POSITIVE_FINITE,true
PXD068107_WESTLAKE_OMNIPROT_TECHNICAL,Westlake University,heatmap_2b,2b_heatmap,4,ADS4,O75531,O75531,PXD068107_NP12,POOLED_TECHNICAL_PLASMA_SOURCE,NP12,true,SOURCE_DATA_INTENSITY,32870.599999999999,POSITIVE_FINITE,true
PXD068107_WESTLAKE_OMNIPROT_TECHNICAL,Westlake University,heatmap_2b,2b_heatmap,4,AOR4,P00387,P00387,PXD068107_NP12,POOLED_TECHNICAL_PLASMA_SOURCE,NP12,true,SOURCE_DATA_INTENSITY,84947.399999999994,POSITIVE_FINITE,true
PXD068107_WESTLAKE_OMNIPROT_TECHNICAL,Westlake University,heatmap_2b,2b_heatmap,4,AOT4,P00403,P00403,PXD068107_NP12,POOLED_TECHNICAL_PLASMA_SOURCE,NP12,true,SOURCE_DATA_INTENSITY,28942.900000000001,POSITIVE_FINITE,true
PXD068107_WESTLAKE_OMNIPROT_TECHNICAL,Westlake University,heatmap_2b,2b_heatmap,4,ARE4,P01275,P01275,PXD068107_NP12,POOLED_TECHNICAL_PLASMA_SOURCE,NP12,true,SOURCE_DATA_INTENSITY,163949,POSITIVE_FINITE,true
PXD068107_WESTLAKE_OMNIPROT_TECHNICAL,Westlake University,heatmap_2b,2b_heatmap,4,AVX4,P04004,P04004,PXD068107_NP12,POOLED_TECHNICAL_PLASMA_SOURCE,NP12,true,SOURCE_DATA_INTENSITY,127994000,POSITIVE_FINITE,true
PXD068107_WESTLAKE_OMNIPROT_TECHNICAL,Westlake University,heatmap_2b,2b_heatmap,4,AWW4,P04264,P04264,PXD068107_NP12,POOLED_TECHNICAL_PLASMA_SOURCE,NP12,true,SOURCE_DATA_INTENSITY,141762000,POSITIVE_FINITE,true
PXD068107_WESTLAKE_OMNIPROT_TECHNICAL,Westlake University,heatmap_2b,2b_heatmap,4,AXO4,P04844,P04844,PXD068107_NP12,POOLED_TECHNICAL_PLASMA_SOURCE,NP12,true,SOURCE_DATA_INTENSITY,,SOURCE_NA,false
PXD068107_WESTLAKE_OMNIPROT_TECHNICAL,Westlake University,heatmap_2b,2b_heatmap,4,AXU4,P05023,P05023,PXD068107_NP12,POOLED_TECHNICAL_PLASMA_SOURCE,NP12,true,SOURCE_DATA_INTENSITY,1323810,POSITIVE_FINITE,true
PXD068107_WESTLAKE_OMNIPROT_TECHNICAL,Westlake University,heatmap_2b,2b_heatmap,4,AZG4,P05556,P05556,PXD068107_NP12,POOLED_TECHNICAL_PLASMA_SOURCE,NP12,true,SOURCE_DATA_INTENSITY,893411,POSITIVE_FINITE,true
PXD068107_WESTLAKE_OMNIPROT_TECHNICAL,Westlake University,heatmap_2b,2b_heatmap,4,BAA4,P06396,P06396,PXD068107_NP12,POOLED_TECHNICAL_PLASMA_SOURCE,NP12,true,SOURCE_DATA_INTENSITY,56763300,POSITIVE_FINITE,true
PXD068107_WESTLAKE_OMNIPROT_TECHNICAL,Westlake University,heatmap_2b,2b_heatmap,4,BAC4,P06576,P06576,PXD068107_NP12,POOLED_TECHNICAL_PLASMA_SOURCE,NP12,true,SOURCE_DATA_INTENSITY,255363,POSITIVE_FINITE,true
PXD068107_WESTLAKE_OMNIPROT_TECHNICAL,Westlake University,heatmap_2b,2b_heatmap,4,BCX4,P07996,P07996,PXD068107_NP12,POOLED_TECHNICAL_PLASMA_SOURCE,NP12,true,SOURCE_DATA_INTENSITY,47175400,POSITIVE_FINITE,true
PXD068107_WESTLAKE_OMNIPROT_TECHNICAL,Westlake University,heatmap_2b,2b_heatmap,4,BGG4,P09493,P09493,PXD068107_NP12,POOLED_TECHNICAL_PLASMA_SOURCE,NP12,true,SOURCE_DATA_INTENSITY,99298.699999999997,POSITIVE_FINITE,true
PXD068107_WESTLAKE_OMNIPROT_TECHNICAL,Westlake University,heatmap_2b,2b_heatmap,4,BJV4,P10599,P10599,PXD068107_NP12,POOLED_TECHNICAL_PLASMA_SOURCE,NP12,true,SOURCE_DATA_INTENSITY,1512480,POSITIVE_FINITE,true
PXD068107_WESTLAKE_OMNIPROT_TECHNICAL,Westlake University,heatmap_2b,2b_heatmap,4,BKB4,P10644,P10644,PXD068107_NP12,POOLED_TECHNICAL_PLASMA_SOURCE,NP12,true,SOURCE_DATA_INTENSITY,,SOURCE_NA,false
PXD068107_WESTLAKE_OMNIPROT_TECHNICAL,Westlake University,heatmap_2b,2b_heatmap,4,BKK4,P10809,P10809,PXD068107_NP12,POOLED_TECHNICAL_PLASMA_SOURCE,NP12,true,SOURCE_DATA_INTENSITY,175701,POSITIVE_FINITE,true
PXD068107_WESTLAKE_OMNIPROT_TECHNICAL,Westlake University,heatmap_2b,2b_heatmap,4,BKP4,P11021,P11021,PXD068107_NP12,POOLED_TECHNICAL_PLASMA_SOURCE,NP12,true,SOURCE_DATA_INTENSITY,3159360,POSITIVE_FINITE,true
PXD068107_WESTLAKE_OMNIPROT_TECHNICAL,Westlake University,heatmap_2b,2b_heatmap,4,BKX4,P11166,P11166,PXD068107_NP12,POOLED_TECHNICAL_PLASMA_SOURCE,NP12,true,SOURCE_DATA_INTENSITY,16659.299999999999,POSITIVE_FINITE,true
PXD068107_WESTLAKE_OMNIPROT_TECHNICAL,Westlake University,heatmap_2b,2b_heatmap,4,BLT4,P11413,P11413,PXD068107_NP12,POOLED_TECHNICAL_PLASMA_SOURCE,NP12,true,SOURCE_DATA_INTENSITY,48312,POSITIVE_FINITE,true
PXD068107_WESTLAKE_OMNIPROT_TECHNICAL,Westlake University,heatmap_2b,2b_heatmap,4,BOZ4,P13796,P13796,PXD068107_NP12,POOLED_TECHNICAL_PLASMA_SOURCE,NP12,true,SOURCE_DATA_INTENSITY,853931,POSITIVE_FINITE,true
PXD068107_WESTLAKE_OMNIPROT_TECHNICAL,Westlake University,heatmap_2b,2b_heatmap,4,BQN4,P14868,P14868,PXD068107_NP12,POOLED_TECHNICAL_PLASMA_SOURCE,NP12,true,SOURCE_DATA_INTENSITY,4606900,POSITIVE_FINITE,true
PXD068107_WESTLAKE_OMNIPROT_TECHNICAL,Westlake University,heatmap_2b,2b_heatmap,4,BRP4,P15531,P15531,PXD068107_NP12,POOLED_TECHNICAL_PLASMA_SOURCE,NP12,true,SOURCE_DATA_INTENSITY,1314310,POSITIVE_FINITE,true
PXD068107_WESTLAKE_OMNIPROT_TECHNICAL,Westlake University,heatmap_2b,2b_heatmap,4,BTD4,P16615,P16615,PXD068107_NP12,POOLED_TECHNICAL_PLASMA_SOURCE,NP12,true,SOURCE_DATA_INTENSITY,,SOURCE_NA,false
PXD068107_WESTLAKE_OMNIPROT_TECHNICAL,Westlake University,heatmap_2b,2b_heatmap,4,BWA4,P19367,P19367,PXD068107_NP12,POOLED_TECHNICAL_PLASMA_SOURCE,NP12,true,SOURCE_DATA_INTENSITY,3110050,POSITIVE_FINITE,true
PXD068107_WESTLAKE_OMNIPROT_TECHNICAL,Westlake University,heatmap_2b,2b_heatmap,4,BXV4,P20645,P20645,PXD068107_NP12,POOLED_TECHNICAL_PLASMA_SOURCE,NP12,true,SOURCE_DATA_INTENSITY,,SOURCE_NA,false
PXD068107_WESTLAKE_OMNIPROT_TECHNICAL,Westlake University,heatmap_2b,2b_heatmap,4,BZN4,P21796,P21796,PXD068107_NP12,POOLED_TECHNICAL_PLASMA_SOURCE,NP12,true,SOURCE_DATA_INTENSITY,38376,POSITIVE_FINITE,true
PXD068107_WESTLAKE_OMNIPROT_TECHNICAL,Westlake University,heatmap_2b,2b_heatmap,4,CBV4,P23284,P23284,PXD068107_NP12,POOLED_TECHNICAL_PLASMA_SOURCE,NP12,true,SOURCE_DATA_INTENSITY,267815,POSITIVE_FINITE,true
PXD068107_WESTLAKE_OMNIPROT_TECHNICAL,Westlake University,heatmap_2b,2b_heatmap,4,CDO4,P24844,P24844,PXD068107_NP12,POOLED_TECHNICAL_PLASMA_SOURCE,NP12,true,SOURCE_DATA_INTENSITY,67210.699999999997,POSITIVE_FINITE,true
PXD068107_WESTLAKE_OMNIPROT_TECHNICAL,Westlake University,heatmap_2b,2b_heatmap,4,CES4,P26038,P26038,PXD068107_NP12,POOLED_TECHNICAL_PLASMA_SOURCE,NP12,true,SOURCE_DATA_INTENSITY,1797980,POSITIVE_FINITE,true
PXD068107_WESTLAKE_OMNIPROT_TECHNICAL,Westlake University,heatmap_2b,2b_heatmap,4,CFF4,P26641,P26641,PXD068107_NP12,POOLED_TECHNICAL_PLASMA_SOURCE,NP12,true,SOURCE_DATA_INTENSITY,88404.5,POSITIVE_FINITE,true
PXD068107_WESTLAKE_OMNIPROT_TECHNICAL,Westlake University,heatmap_2b,2b_heatmap,4,CFP4,P27348,P27348,PXD068107_NP12,POOLED_TECHNICAL_PLASMA_SOURCE,NP12,true,SOURCE_DATA_INTENSITY,41984.400000000001,POSITIVE_FINITE,true
PXD068107_WESTLAKE_OMNIPROT_TECHNICAL,Westlake University,heatmap_2b,2b_heatmap,4,CGC4,P27797,P27797,PXD068107_NP12,POOLED_TECHNICAL_PLASMA_SOURCE,NP12,true,SOURCE_DATA_INTENSITY,256978,POSITIVE_FINITE,true
PXD068107_WESTLAKE_OMNIPROT_TECHNICAL,Westlake University,heatmap_2b,2b_heatmap,4,CGL4,P28066,P28066,PXD068107_NP12,POOLED_TECHNICAL_PLASMA_SOURCE,NP12,true,SOURCE_DATA_INTENSITY,40642.099999999999,POSITIVE_FINITE,true
PXD068107_WESTLAKE_OMNIPROT_TECHNICAL,Westlake University,heatmap_2b,2b_heatmap,4,CGM4,P28070,P28070,PXD068107_NP12,POOLED_TECHNICAL_PLASMA_SOURCE,NP12,true,SOURCE_DATA_INTENSITY,108677,POSITIVE_FINITE,true
PXD068107_WESTLAKE_OMNIPROT_TECHNICAL,Westlake University,heatmap_2b,2b_heatmap,4,CIL4,P30041,P30041,PXD068107_NP12,POOLED_TECHNICAL_PLASMA_SOURCE,NP12,true,SOURCE_DATA_INTENSITY,604201,POSITIVE_FINITE,true
PXD068107_WESTLAKE_OMNIPROT_TECHNICAL,Westlake University,heatmap_2b,2b_heatmap,4,CIN4,P30044,P30044,PXD068107_NP12,POOLED_TECHNICAL_PLASMA_SOURCE,NP12,true,SOURCE_DATA_INTENSITY,169676,POSITIVE_FINITE,true
PXD068107_WESTLAKE_OMNIPROT_TECHNICAL,Westlake University,heatmap_2b,2b_heatmap,4,CIQ4,P30048,P30048,PXD068107_NP12,POOLED_TECHNICAL_PLASMA_SOURCE,NP12,true,SOURCE_DATA_INTENSITY,8252.8099999999995,POSITIVE_FINITE,true
PXD068107_WESTLAKE_OMNIPROT_TECHNICAL,Westlake University,heatmap_2b,2b_heatmap,4,CIW4,P30101,P30101,PXD068107_NP12,POOLED_TECHNICAL_PLASMA_SOURCE,NP12,true,SOURCE_DATA_INTENSITY,682542,POSITIVE_FINITE,true
PXD068107_WESTLAKE_OMNIPROT_TECHNICAL,Westlake University,heatmap_2b,2b_heatmap,4,CQE4,P37802,P37802,PXD068107_NP12,POOLED_TECHNICAL_PLASMA_SOURCE,NP12,true,SOURCE_DATA_INTENSITY,357451,POSITIVE_FINITE,true
PXD068107_WESTLAKE_OMNIPROT_TECHNICAL,Westlake University,heatmap_2b,2b_heatmap,4,CQM4,P38646,P38646,PXD068107_NP12,POOLED_TECHNICAL_PLASMA_SOURCE,NP12,true,SOURCE_DATA_INTENSITY,188479,POSITIVE_FINITE,true
PXD068107_WESTLAKE_OMNIPROT_TECHNICAL,Westlake University,heatmap_2b,2b_heatmap,4,CUZ4,P45880,P45880,PXD068107_NP12,POOLED_TECHNICAL_PLASMA_SOURCE,NP12,true,SOURCE_DATA_INTENSITY,18595.299999999999,POSITIVE_FINITE,true
PXD068107_WESTLAKE_OMNIPROT_TECHNICAL,Westlake University,heatmap_2b,2b_heatmap,4,CZE4,P49411,P49411,PXD068107_NP12,POOLED_TECHNICAL_PLASMA_SOURCE,NP12,true,SOURCE_DATA_INTENSITY,268122,POSITIVE_FINITE,true
PXD068107_WESTLAKE_OMNIPROT_TECHNICAL,Westlake University,heatmap_2b,2b_heatmap,4,DCJ4,P50990,P50990,PXD068107_NP12,POOLED_TECHNICAL_PLASMA_SOURCE,NP12,true,SOURCE_DATA_INTENSITY,184996,POSITIVE_FINITE,true
PXD068107_WESTLAKE_OMNIPROT_TECHNICAL,Westlake University,heatmap_2b,2b_heatmap,4,DCK4,P50991,P50991,PXD068107_NP12,POOLED_TECHNICAL_PLASMA_SOURCE,NP12,true,SOURCE_DATA_INTENSITY,49415.199999999997,POSITIVE_FINITE,true
PXD068107_WESTLAKE_OMNIPROT_TECHNICAL,Westlake University,heatmap_2b,2b_heatmap,4,DCL4,P50995,P50995,PXD068107_NP12,POOLED_TECHNICAL_PLASMA_SOURCE,NP12,true,SOURCE_DATA_INTENSITY,147791,POSITIVE_FINITE,true
PXD068107_WESTLAKE_OMNIPROT_TECHNICAL,Westlake University,heatmap_2b,2b_heatmap,4,DFZ4,P52907,P52907,PXD068107_NP12,POOLED_TECHNICAL_PLASMA_SOURCE,NP12,true,SOURCE_DATA_INTENSITY,51117,POSITIVE_FINITE,true
PXD068107_WESTLAKE_OMNIPROT_TECHNICAL,Westlake University,heatmap_2b,2b_heatmap,4,DGJ4,P53396,P53396,PXD068107_NP12,POOLED_TECHNICAL_PLASMA_SOURCE,NP12,true,SOURCE_DATA_INTENSITY,87511.199999999997,POSITIVE_FINITE,true
PXD068107_WESTLAKE_OMNIPROT_TECHNICAL,Westlake University,heatmap_2b,2b_heatmap,4,DIY4,P55072,P55072,PXD068107_NP12,POOLED_TECHNICAL_PLASMA_SOURCE,NP12,true,SOURCE_DATA_INTENSITY,168410,POSITIVE_FINITE,true
PXD068107_WESTLAKE_OMNIPROT_TECHNICAL,Westlake University,heatmap_2b,2b_heatmap,4,DMJ4,P60174,P60174,PXD068107_NP12,POOLED_TECHNICAL_PLASMA_SOURCE,NP12,true,SOURCE_DATA_INTENSITY,544582,POSITIVE_FINITE,true
PXD068107_WESTLAKE_OMNIPROT_TECHNICAL,Westlake University,heatmap_2b,2b_heatmap,4,DNG4,P61006,P61006,PXD068107_NP12,POOLED_TECHNICAL_PLASMA_SOURCE,NP12,true,SOURCE_DATA_INTENSITY,14038.9,POSITIVE_FINITE,true
PXD068107_WESTLAKE_OMNIPROT_TECHNICAL,Westlake University,heatmap_2b,2b_heatmap,4,DNM4,P61026,P61026,PXD068107_NP12,POOLED_TECHNICAL_PLASMA_SOURCE,NP12,true,SOURCE_DATA_INTENSITY,8102.25,POSITIVE_FINITE,true
PXD068107_WESTLAKE_OMNIPROT_TECHNICAL,Westlake University,heatmap_2b,2b_heatmap,4,DNS4,P61106,P61106,PXD068107_NP12,POOLED_TECHNICAL_PLASMA_SOURCE,NP12,true,SOURCE_DATA_INTENSITY,61461.099999999999,POSITIVE_FINITE,true
PXD068107_WESTLAKE_OMNIPROT_TECHNICAL,Westlake University,heatmap_2b,2b_heatmap,4,DPG4,P61978,P61978,PXD068107_NP12,POOLED_TECHNICAL_PLASMA_SOURCE,NP12,true,SOURCE_DATA_INTENSITY,152283,POSITIVE_FINITE,true
PXD068107_WESTLAKE_OMNIPROT_TECHNICAL,Westlake University,heatmap_2b,2b_heatmap,4,DPH4,P61981,P61981,PXD068107_NP12,POOLED_TECHNICAL_PLASMA_SOURCE,NP12,true,SOURCE_DATA_INTENSITY,445244,POSITIVE_FINITE,true
PXD068107_WESTLAKE_OMNIPROT_TECHNICAL,Westlake University,heatmap_2b,2b_heatmap,4,DQK4,P62330,P62330,PXD068107_NP12,POOLED_TECHNICAL_PLASMA_SOURCE,NP12,true,SOURCE_DATA_INTENSITY,,SOURCE_NA,false
PXD068107_WESTLAKE_OMNIPROT_TECHNICAL,Westlake University,heatmap_2b,2b_heatmap,4,DQX4,P62805,P62805,PXD068107_NP12,POOLED_TECHNICAL_PLASMA_SOURCE,NP12,true,SOURCE_DATA_INTENSITY,1169560,POSITIVE_FINITE,true
PXD068107_WESTLAKE_OMNIPROT_TECHNICAL,Westlake University,heatmap_2b,2b_heatmap,4,DRY4,P63000,P63000,PXD068107_NP12,POOLED_TECHNICAL_PLASMA_SOURCE,NP12,true,SOURCE_DATA_INTENSITY,171658,POSITIVE_FINITE,true
PXD068107_WESTLAKE_OMNIPROT_TECHNICAL,Westlake University,heatmap_2b,2b_heatmap,4,DTD4,P68366,P68366,PXD068107_NP12,POOLED_TECHNICAL_PLASMA_SOURCE,NP12,true,SOURCE_DATA_INTENSITY,1787290,POSITIVE_FINITE,true
PXD068107_WESTLAKE_OMNIPROT_TECHNICAL,Westlake University,heatmap_2b,2b_heatmap,4,DUE4,P78417,P78417,PXD068107_NP12,POOLED_TECHNICAL_PLASMA_SOURCE,NP12,true,SOURCE_DATA_INTENSITY,158054,POSITIVE_FINITE,true
PXD068107_WESTLAKE_OMNIPROT_TECHNICAL,Westlake University,heatmap_2b,2b_heatmap,4,EAQ4,Q04695,Q04695,PXD068107_NP12,POOLED_TECHNICAL_PLASMA_SOURCE,NP12,true,SOURCE_DATA_INTENSITY,1864150,POSITIVE_FINITE,true
PXD068107_WESTLAKE_OMNIPROT_TECHNICAL,Westlake University,heatmap_2b,2b_heatmap,4,EPH4,Q14247,Q14247,PXD068107_NP12,POOLED_TECHNICAL_PLASMA_SOURCE,NP12,true,SOURCE_DATA_INTENSITY,67640.5,POSITIVE_FINITE,true
PXD068107_WESTLAKE_OMNIPROT_TECHNICAL,Westlake University,heatmap_2b,2b_heatmap,4,ESK4,Q14974,Q14974,PXD068107_NP12,POOLED_TECHNICAL_PLASMA_SOURCE,NP12,true,SOURCE_DATA_INTENSITY,16115,POSITIVE_FINITE,true
PXD068107_WESTLAKE_OMNIPROT_TECHNICAL,Westlake University,heatmap_2b,2b_heatmap,4,EUC4,Q15084,Q15084,PXD068107_NP12,POOLED_TECHNICAL_PLASMA_SOURCE,NP12,true,SOURCE_DATA_INTENSITY,396935,POSITIVE_FINITE,true
PXD068107_WESTLAKE_OMNIPROT_TECHNICAL,Westlake University,heatmap_2b,2b_heatmap,4,EVQ4,Q15365,Q15365,PXD068107_NP12,POOLED_TECHNICAL_PLASMA_SOURCE,NP12,true,SOURCE_DATA_INTENSITY,75142.5,POSITIVE_FINITE,true
PXD068107_WESTLAKE_OMNIPROT_TECHNICAL,Westlake University,heatmap_2b,2b_heatmap,4,EWB4,Q15404,Q15404,PXD068107_NP12,POOLED_TECHNICAL_PLASMA_SOURCE,NP12,true,SOURCE_DATA_INTENSITY,46681.5,POSITIVE_FINITE,true
PXD068107_WESTLAKE_OMNIPROT_TECHNICAL,Westlake University,heatmap_2b,2b_heatmap,4,EXI4,Q15691,Q15691,PXD068107_NP12,POOLED_TECHNICAL_PLASMA_SOURCE,NP12,true,SOURCE_DATA_INTENSITY,154819,POSITIVE_FINITE,true
PXD068107_WESTLAKE_OMNIPROT_TECHNICAL,Westlake University,heatmap_2b,2b_heatmap,4,EYN4,Q15942,Q15942,PXD068107_NP12,POOLED_TECHNICAL_PLASMA_SOURCE,NP12,true,SOURCE_DATA_INTENSITY,230093,POSITIVE_FINITE,true
PXD068107_WESTLAKE_OMNIPROT_TECHNICAL,Westlake University,heatmap_2b,2b_heatmap,4,EZF4,Q16543,Q16543,PXD068107_NP12,POOLED_TECHNICAL_PLASMA_SOURCE,NP12,true,SOURCE_DATA_INTENSITY,143140,POSITIVE_FINITE,true
PXD068107_WESTLAKE_OMNIPROT_TECHNICAL,Westlake University,heatmap_2b,2b_heatmap,4,EZZ4,Q16643,Q16643,PXD068107_NP12,POOLED_TECHNICAL_PLASMA_SOURCE,NP12,true,SOURCE_DATA_INTENSITY,26314.299999999999,POSITIVE_FINITE,true
PXD068107_WESTLAKE_OMNIPROT_TECHNICAL,Westlake University,heatmap_2b,2b_heatmap,4,FAP4,Q16762,Q16762,PXD068107_NP12,POOLED_TECHNICAL_PLASMA_SOURCE,NP12,true,SOURCE_DATA_INTENSITY,,SOURCE_NA,false
PXD068107_WESTLAKE_OMNIPROT_TECHNICAL,Westlake University,heatmap_2b,2b_heatmap,4,FBY4,Q27J81,Q27J81,PXD068107_NP12,POOLED_TECHNICAL_PLASMA_SOURCE,NP12,true,SOURCE_DATA_INTENSITY,115148,POSITIVE_FINITE,true
PXD068107_WESTLAKE_OMNIPROT_TECHNICAL,Westlake University,heatmap_2b,2b_heatmap,4,FGK4,Q58FF8,Q58FF8,PXD068107_NP12,POOLED_TECHNICAL_PLASMA_SOURCE,NP12,true,SOURCE_DATA_INTENSITY,,SOURCE_NA,false
PXD068107_WESTLAKE_OMNIPROT_TECHNICAL,Westlake University,heatmap_2b,2b_heatmap,4,FYD4,Q70J99,Q70J99,PXD068107_NP12,POOLED_TECHNICAL_PLASMA_SOURCE,NP12,true,SOURCE_DATA_INTENSITY,,SOURCE_NA,false
PXD068107_WESTLAKE_OMNIPROT_TECHNICAL,Westlake University,heatmap_2b,2b_heatmap,4,FZH4,Q7L576,Q7L576,PXD068107_NP12,POOLED_TECHNICAL_PLASMA_SOURCE,NP12,true,SOURCE_DATA_INTENSITY,1212660,POSITIVE_FINITE,true
PXD068107_WESTLAKE_OMNIPROT_TECHNICAL,Westlake University,heatmap_2b,2b_heatmap,4,GBF4,Q7Z406,Q7Z406,PXD068107_NP12,POOLED_TECHNICAL_PLASMA_SOURCE,NP12,true,SOURCE_DATA_INTENSITY,66264.699999999997,POSITIVE_FINITE,true
PXD068107_WESTLAKE_OMNIPROT_TECHNICAL,Westlake University,heatmap_2b,2b_heatmap,4,GFO4,Q86VP6,Q86VP6,PXD068107_NP12,POOLED_TECHNICAL_PLASMA_SOURCE,NP12,true,SOURCE_DATA_INTENSITY,144642,POSITIVE_FINITE,true
PXD068107_WESTLAKE_OMNIPROT_TECHNICAL,Westlake University,heatmap_2b,2b_heatmap,4,GXT4,Q8TC12,Q8TC12,PXD068107_NP12,POOLED_TECHNICAL_PLASMA_SOURCE,NP12,true,SOURCE_DATA_INTENSITY,,SOURCE_NA,false
PXD068107_WESTLAKE_OMNIPROT_TECHNICAL,Westlake University,heatmap_2b,2b_heatmap,4,HJL4,Q93084,Q93084,PXD068107_NP12,POOLED_TECHNICAL_PLASMA_SOURCE,NP12,true,SOURCE_DATA_INTENSITY,,SOURCE_NA,false
PXD068107_WESTLAKE_OMNIPROT_TECHNICAL,Westlake University,heatmap_2b,2b_heatmap,4,IBO4,Q99733,Q99733,PXD068107_NP12,POOLED_TECHNICAL_PLASMA_SOURCE,NP12,true,SOURCE_DATA_INTENSITY,22697.200000000001,POSITIVE_FINITE,true
PXD068107_WESTLAKE_OMNIPROT_TECHNICAL,Westlake University,heatmap_2b,2b_heatmap,4,ICI4,Q99832,Q99832,PXD068107_NP12,POOLED_TECHNICAL_PLASMA_SOURCE,NP12,true,SOURCE_DATA_INTENSITY,37824.699999999997,POSITIVE_FINITE,true
PXD068107_WESTLAKE_OMNIPROT_TECHNICAL,Westlake University,heatmap_2b,2b_heatmap,4,IFI4,Q9BS26,Q9BS26,PXD068107_NP12,POOLED_TECHNICAL_PLASMA_SOURCE,NP12,true,SOURCE_DATA_INTENSITY,205570,POSITIVE_FINITE,true
PXD068107_WESTLAKE_OMNIPROT_TECHNICAL,Westlake University,heatmap_2b,2b_heatmap,4,IFU4,Q9BSJ8,Q9BSJ8,PXD068107_NP12,POOLED_TECHNICAL_PLASMA_SOURCE,NP12,true,SOURCE_DATA_INTENSITY,82604.300000000003,POSITIVE_FINITE,true
PXD068107_WESTLAKE_OMNIPROT_TECHNICAL,Westlake University,heatmap_2b,2b_heatmap,4,ITX4,Q9H4B7,Q9H4B7,PXD068107_NP12,POOLED_TECHNICAL_PLASMA_SOURCE,NP12,true,SOURCE_DATA_INTENSITY,487366,POSITIVE_FINITE,true
PXD068107_WESTLAKE_OMNIPROT_TECHNICAL,Westlake University,heatmap_2b,2b_heatmap,4,JAC4,Q9HDC9,Q9HDC9,PXD068107_NP12,POOLED_TECHNICAL_PLASMA_SOURCE,NP12,true,SOURCE_DATA_INTENSITY,23392300,POSITIVE_FINITE,true
PXD068107_WESTLAKE_OMNIPROT_TECHNICAL,Westlake University,heatmap_2b,2b_heatmap,4,JCH4,Q9NQC3,Q9NQC3,PXD068107_NP12,POOLED_TECHNICAL_PLASMA_SOURCE,NP12,true,SOURCE_DATA_INTENSITY,17417.799999999999,POSITIVE_FINITE,true
PXD068107_WESTLAKE_OMNIPROT_TECHNICAL,Westlake University,heatmap_2b,2b_heatmap,4,JDC4,Q9NR12,Q9NR12,PXD068107_NP12,POOLED_TECHNICAL_PLASMA_SOURCE,NP12,true,SOURCE_DATA_INTENSITY,,SOURCE_NA,false
PXD068107_WESTLAKE_OMNIPROT_TECHNICAL,Westlake University,heatmap_2b,2b_heatmap,4,JEP4,Q9NRW1,Q9NRW1,PXD068107_NP12,POOLED_TECHNICAL_PLASMA_SOURCE,NP12,true,SOURCE_DATA_INTENSITY,35021.099999999999,POSITIVE_FINITE,true
PXD068107_WESTLAKE_OMNIPROT_TECHNICAL,Westlake University,heatmap_2b,2b_heatmap,4,JFD4,Q9NS28,Q9NS28,PXD068107_NP12,POOLED_TECHNICAL_PLASMA_SOURCE,NP12,true,SOURCE_DATA_INTENSITY,28680,POSITIVE_FINITE,true
PXD068107_WESTLAKE_OMNIPROT_TECHNICAL,Westlake University,heatmap_2b,2b_heatmap,4,JKP4,Q9NY65,Q9NY65,PXD068107_NP12,POOLED_TECHNICAL_PLASMA_SOURCE,NP12,true,SOURCE_DATA_INTENSITY,23041.400000000001,POSITIVE_FINITE,true
PXD068107_WESTLAKE_OMNIPROT_TECHNICAL,Westlake University,heatmap_2b,2b_heatmap,4,KDT4,Q9Y2A7,Q9Y2A7,PXD068107_NP12,POOLED_TECHNICAL_PLASMA_SOURCE,NP12,true,SOURCE_DATA_INTENSITY,,SOURCE_NA,false
PXD068107_WESTLAKE_OMNIPROT_TECHNICAL,Westlake University,heatmap_2b,2b_heatmap,4,KHC4,Q9Y3F4,Q9Y3F4,PXD068107_NP12,POOLED_TECHNICAL_PLASMA_SOURCE,NP12,true,SOURCE_DATA_INTENSITY,13884.6,POSITIVE_FINITE,true
PXD068107_WESTLAKE_OMNIPROT_TECHNICAL,Westlake University,heatmap_2b,2b_heatmap,5,GY5,O00151,O00151,PXD068107_NP15,POOLED_TECHNICAL_PLASMA_SOURCE,NP15,true,SOURCE_DATA_INTENSITY,827642,POSITIVE_FINITE,true
PXD068107_WESTLAKE_OMNIPROT_TECHNICAL,Westlake University,heatmap_2b,2b_heatmap,5,HI5,O00187,O00187,PXD068107_NP15,POOLED_TECHNICAL_PLASMA_SOURCE,NP15,true,SOURCE_DATA_INTENSITY,51285800,POSITIVE_FINITE,true
PXD068107_WESTLAKE_OMNIPROT_TECHNICAL,Westlake University,heatmap_2b,2b_heatmap,5,HZ5,O00264,O00264,PXD068107_NP15,POOLED_TECHNICAL_PLASMA_SOURCE,NP15,true,SOURCE_DATA_INTENSITY,426198,POSITIVE_FINITE,true
PXD068107_WESTLAKE_OMNIPROT_TECHNICAL,Westlake University,heatmap_2b,2b_heatmap,5,IE5,O00299,O00299,PXD068107_NP15,POOLED_TECHNICAL_PLASMA_SOURCE,NP15,true,SOURCE_DATA_INTENSITY,456893,POSITIVE_FINITE,true
PXD068107_WESTLAKE_OMNIPROT_TECHNICAL,Westlake University,heatmap_2b,2b_heatmap,5,IQ5,O00410,O00410,PXD068107_NP15,POOLED_TECHNICAL_PLASMA_SOURCE,NP15,true,SOURCE_DATA_INTENSITY,395044,POSITIVE_FINITE,true
PXD068107_WESTLAKE_OMNIPROT_TECHNICAL,Westlake University,heatmap_2b,2b_heatmap,5,OY5,O15145,O15145,PXD068107_NP15,POOLED_TECHNICAL_PLASMA_SOURCE,NP15,true,SOURCE_DATA_INTENSITY,668686,POSITIVE_FINITE,true
PXD068107_WESTLAKE_OMNIPROT_TECHNICAL,Westlake University,heatmap_2b,2b_heatmap,5,AAP5,O75083,O75083,PXD068107_NP15,POOLED_TECHNICAL_PLASMA_SOURCE,NP15,true,SOURCE_DATA_INTENSITY,1400120,POSITIVE_FINITE,true
PXD068107_WESTLAKE_OMNIPROT_TECHNICAL,Westlake University,heatmap_2b,2b_heatmap,5,ADS5,O75531,O75531,PXD068107_NP15,POOLED_TECHNICAL_PLASMA_SOURCE,NP15,true,SOURCE_DATA_INTENSITY,133835,POSITIVE_FINITE,true
PXD068107_WESTLAKE_OMNIPROT_TECHNICAL,Westlake University,heatmap_2b,2b_heatmap,5,AOR5,P00387,P00387,PXD068107_NP15,POOLED_TECHNICAL_PLASMA_SOURCE,NP15,true,SOURCE_DATA_INTENSITY,2642490,POSITIVE_FINITE,true
PXD068107_WESTLAKE_OMNIPROT_TECHNICAL,Westlake University,heatmap_2b,2b_heatmap,5,AOT5,P00403,P00403,PXD068107_NP15,POOLED_TECHNICAL_PLASMA_SOURCE,NP15,true,SOURCE_DATA_INTENSITY,4694170,POSITIVE_FINITE,true
PXD068107_WESTLAKE_OMNIPROT_TECHNICAL,Westlake University,heatmap_2b,2b_heatmap,5,ARE5,P01275,P01275,PXD068107_NP15,POOLED_TECHNICAL_PLASMA_SOURCE,NP15,true,SOURCE_DATA_INTENSITY,,SOURCE_NA,false
PXD068107_WESTLAKE_OMNIPROT_TECHNICAL,Westlake University,heatmap_2b,2b_heatmap,5,AVX5,P04004,P04004,PXD068107_NP15,POOLED_TECHNICAL_PLASMA_SOURCE,NP15,true,SOURCE_DATA_INTENSITY,439799000,POSITIVE_FINITE,true
PXD068107_WESTLAKE_OMNIPROT_TECHNICAL,Westlake University,heatmap_2b,2b_heatmap,5,AWW5,P04264,P04264,PXD068107_NP15,POOLED_TECHNICAL_PLASMA_SOURCE,NP15,true,SOURCE_DATA_INTENSITY,91492500,POSITIVE_FINITE,true
PXD068107_WESTLAKE_OMNIPROT_TECHNICAL,Westlake University,heatmap_2b,2b_heatmap,5,AXO5,P04844,P04844,PXD068107_NP15,POOLED_TECHNICAL_PLASMA_SOURCE,NP15,true,SOURCE_DATA_INTENSITY,1077480,POSITIVE_FINITE,true
PXD068107_WESTLAKE_OMNIPROT_TECHNICAL,Westlake University,heatmap_2b,2b_heatmap,5,AXU5,P05023,P05023,PXD068107_NP15,POOLED_TECHNICAL_PLASMA_SOURCE,NP15,true,SOURCE_DATA_INTENSITY,2311580,POSITIVE_FINITE,true
PXD068107_WESTLAKE_OMNIPROT_TECHNICAL,Westlake University,heatmap_2b,2b_heatmap,5,AZG5,P05556,P05556,PXD068107_NP15,POOLED_TECHNICAL_PLASMA_SOURCE,NP15,true,SOURCE_DATA_INTENSITY,2155900,POSITIVE_FINITE,true
PXD068107_WESTLAKE_OMNIPROT_TECHNICAL,Westlake University,heatmap_2b,2b_heatmap,5,BAA5,P06396,P06396,PXD068107_NP15,POOLED_TECHNICAL_PLASMA_SOURCE,NP15,true,SOURCE_DATA_INTENSITY,122528000,POSITIVE_FINITE,true
PXD068107_WESTLAKE_OMNIPROT_TECHNICAL,Westlake University,heatmap_2b,2b_heatmap,5,BAC5,P06576,P06576,PXD068107_NP15,POOLED_TECHNICAL_PLASMA_SOURCE,NP15,true,SOURCE_DATA_INTENSITY,2536430,POSITIVE_FINITE,true
PXD068107_WESTLAKE_OMNIPROT_TECHNICAL,Westlake University,heatmap_2b,2b_heatmap,5,BCX5,P07996,P07996,PXD068107_NP15,POOLED_TECHNICAL_PLASMA_SOURCE,NP15,true,SOURCE_DATA_INTENSITY,99231000,POSITIVE_FINITE,true
PXD068107_WESTLAKE_OMNIPROT_TECHNICAL,Westlake University,heatmap_2b,2b_heatmap,5,BGG5,P09493,P09493,PXD068107_NP15,POOLED_TECHNICAL_PLASMA_SOURCE,NP15,true,SOURCE_DATA_INTENSITY,763730,POSITIVE_FINITE,true
PXD068107_WESTLAKE_OMNIPROT_TECHNICAL,Westlake University,heatmap_2b,2b_heatmap,5,BJV5,P10599,P10599,PXD068107_NP15,POOLED_TECHNICAL_PLASMA_SOURCE,NP15,true,SOURCE_DATA_INTENSITY,3304570,POSITIVE_FINITE,true
PXD068107_WESTLAKE_OMNIPROT_TECHNICAL,Westlake University,heatmap_2b,2b_heatmap,5,BKB5,P10644,P10644,PXD068107_NP15,POOLED_TECHNICAL_PLASMA_SOURCE,NP15,true,SOURCE_DATA_INTENSITY,351936,POSITIVE_FINITE,true
PXD068107_WESTLAKE_OMNIPROT_TECHNICAL,Westlake University,heatmap_2b,2b_heatmap,5,BKK5,P10809,P10809,PXD068107_NP15,POOLED_TECHNICAL_PLASMA_SOURCE,NP15,true,SOURCE_DATA_INTENSITY,1794480,POSITIVE_FINITE,true
PXD068107_WESTLAKE_OMNIPROT_TECHNICAL,Westlake University,heatmap_2b,2b_heatmap,5,BKP5,P11021,P11021,PXD068107_NP15,POOLED_TECHNICAL_PLASMA_SOURCE,NP15,true,SOURCE_DATA_INTENSITY,33667600,POSITIVE_FINITE,true
PXD068107_WESTLAKE_OMNIPROT_TECHNICAL,Westlake University,heatmap_2b,2b_heatmap,5,BKX5,P11166,P11166,PXD068107_NP15,POOLED_TECHNICAL_PLASMA_SOURCE,NP15,true,SOURCE_DATA_INTENSITY,6030230,POSITIVE_FINITE,true
PXD068107_WESTLAKE_OMNIPROT_TECHNICAL,Westlake University,heatmap_2b,2b_heatmap,5,BLT5,P11413,P11413,PXD068107_NP15,POOLED_TECHNICAL_PLASMA_SOURCE,NP15,true,SOURCE_DATA_INTENSITY,277437,POSITIVE_FINITE,true
PXD068107_WESTLAKE_OMNIPROT_TECHNICAL,Westlake University,heatmap_2b,2b_heatmap,5,BOZ5,P13796,P13796,PXD068107_NP15,POOLED_TECHNICAL_PLASMA_SOURCE,NP15,true,SOURCE_DATA_INTENSITY,1909140,POSITIVE_FINITE,true
PXD068107_WESTLAKE_OMNIPROT_TECHNICAL,Westlake University,heatmap_2b,2b_heatmap,5,BQN5,P14868,P14868,PXD068107_NP15,POOLED_TECHNICAL_PLASMA_SOURCE,NP15,true,SOURCE_DATA_INTENSITY,2839630,POSITIVE_FINITE,true
PXD068107_WESTLAKE_OMNIPROT_TECHNICAL,Westlake University,heatmap_2b,2b_heatmap,5,BRP5,P15531,P15531,PXD068107_NP15,POOLED_TECHNICAL_PLASMA_SOURCE,NP15,true,SOURCE_DATA_INTENSITY,1720470,POSITIVE_FINITE,true
PXD068107_WESTLAKE_OMNIPROT_TECHNICAL,Westlake University,heatmap_2b,2b_heatmap,5,BTD5,P16615,P16615,PXD068107_NP15,POOLED_TECHNICAL_PLASMA_SOURCE,NP15,true,SOURCE_DATA_INTENSITY,1736570,POSITIVE_FINITE,true
PXD068107_WESTLAKE_OMNIPROT_TECHNICAL,Westlake University,heatmap_2b,2b_heatmap,5,BWA5,P19367,P19367,PXD068107_NP15,POOLED_TECHNICAL_PLASMA_SOURCE,NP15,true,SOURCE_DATA_INTENSITY,4775850,POSITIVE_FINITE,true
PXD068107_WESTLAKE_OMNIPROT_TECHNICAL,Westlake University,heatmap_2b,2b_heatmap,5,BXV5,P20645,P20645,PXD068107_NP15,POOLED_TECHNICAL_PLASMA_SOURCE,NP15,true,SOURCE_DATA_INTENSITY,902858,POSITIVE_FINITE,true
PXD068107_WESTLAKE_OMNIPROT_TECHNICAL,Westlake University,heatmap_2b,2b_heatmap,5,BZN5,P21796,P21796,PXD068107_NP15,POOLED_TECHNICAL_PLASMA_SOURCE,NP15,true,SOURCE_DATA_INTENSITY,1336260,POSITIVE_FINITE,true
PXD068107_WESTLAKE_OMNIPROT_TECHNICAL,Westlake University,heatmap_2b,2b_heatmap,5,CBV5,P23284,P23284,PXD068107_NP15,POOLED_TECHNICAL_PLASMA_SOURCE,NP15,true,SOURCE_DATA_INTENSITY,8130350,POSITIVE_FINITE,true
PXD068107_WESTLAKE_OMNIPROT_TECHNICAL,Westlake University,heatmap_2b,2b_heatmap,5,CDO5,P24844,P24844,PXD068107_NP15,POOLED_TECHNICAL_PLASMA_SOURCE,NP15,true,SOURCE_DATA_INTENSITY,2723030,POSITIVE_FINITE,true
PXD068107_WESTLAKE_OMNIPROT_TECHNICAL,Westlake University,heatmap_2b,2b_heatmap,5,CES5,P26038,P26038,PXD068107_NP15,POOLED_TECHNICAL_PLASMA_SOURCE,NP15,true,SOURCE_DATA_INTENSITY,49143900,POSITIVE_FINITE,true
PXD068107_WESTLAKE_OMNIPROT_TECHNICAL,Westlake University,heatmap_2b,2b_heatmap,5,CFF5,P26641,P26641,PXD068107_NP15,POOLED_TECHNICAL_PLASMA_SOURCE,NP15,true,SOURCE_DATA_INTENSITY,867456,POSITIVE_FINITE,true
PXD068107_WESTLAKE_OMNIPROT_TECHNICAL,Westlake University,heatmap_2b,2b_heatmap,5,CFP5,P27348,P27348,PXD068107_NP15,POOLED_TECHNICAL_PLASMA_SOURCE,NP15,true,SOURCE_DATA_INTENSITY,416824,POSITIVE_FINITE,true
PXD068107_WESTLAKE_OMNIPROT_TECHNICAL,Westlake University,heatmap_2b,2b_heatmap,5,CGC5,P27797,P27797,PXD068107_NP15,POOLED_TECHNICAL_PLASMA_SOURCE,NP15,true,SOURCE_DATA_INTENSITY,605099,POSITIVE_FINITE,true
PXD068107_WESTLAKE_OMNIPROT_TECHNICAL,Westlake University,heatmap_2b,2b_heatmap,5,CGL5,P28066,P28066,PXD068107_NP15,POOLED_TECHNICAL_PLASMA_SOURCE,NP15,true,SOURCE_DATA_INTENSITY,728320,POSITIVE_FINITE,true
PXD068107_WESTLAKE_OMNIPROT_TECHNICAL,Westlake University,heatmap_2b,2b_heatmap,5,CGM5,P28070,P28070,PXD068107_NP15,POOLED_TECHNICAL_PLASMA_SOURCE,NP15,true,SOURCE_DATA_INTENSITY,204966,POSITIVE_FINITE,true
PXD068107_WESTLAKE_OMNIPROT_TECHNICAL,Westlake University,heatmap_2b,2b_heatmap,5,CIL5,P30041,P30041,PXD068107_NP15,POOLED_TECHNICAL_PLASMA_SOURCE,NP15,true,SOURCE_DATA_INTENSITY,2668690,POSITIVE_FINITE,true
PXD068107_WESTLAKE_OMNIPROT_TECHNICAL,Westlake University,heatmap_2b,2b_heatmap,5,CIN5,P30044,P30044,PXD068107_NP15,POOLED_TECHNICAL_PLASMA_SOURCE,NP15,true,SOURCE_DATA_INTENSITY,621980,POSITIVE_FINITE,true
PXD068107_WESTLAKE_OMNIPROT_TECHNICAL,Westlake University,heatmap_2b,2b_heatmap,5,CIQ5,P30048,P30048,PXD068107_NP15,POOLED_TECHNICAL_PLASMA_SOURCE,NP15,true,SOURCE_DATA_INTENSITY,433589,POSITIVE_FINITE,true
PXD068107_WESTLAKE_OMNIPROT_TECHNICAL,Westlake University,heatmap_2b,2b_heatmap,5,CIW5,P30101,P30101,PXD068107_NP15,POOLED_TECHNICAL_PLASMA_SOURCE,NP15,true,SOURCE_DATA_INTENSITY,3826510,POSITIVE_FINITE,true
PXD068107_WESTLAKE_OMNIPROT_TECHNICAL,Westlake University,heatmap_2b,2b_heatmap,5,CQE5,P37802,P37802,PXD068107_NP15,POOLED_TECHNICAL_PLASMA_SOURCE,NP15,true,SOURCE_DATA_INTENSITY,8240700,POSITIVE_FINITE,true
PXD068107_WESTLAKE_OMNIPROT_TECHNICAL,Westlake University,heatmap_2b,2b_heatmap,5,CQM5,P38646,P38646,PXD068107_NP15,POOLED_TECHNICAL_PLASMA_SOURCE,NP15,true,SOURCE_DATA_INTENSITY,416967,POSITIVE_FINITE,true
PXD068107_WESTLAKE_OMNIPROT_TECHNICAL,Westlake University,heatmap_2b,2b_heatmap,5,CUZ5,P45880,P45880,PXD068107_NP15,POOLED_TECHNICAL_PLASMA_SOURCE,NP15,true,SOURCE_DATA_INTENSITY,1345280,POSITIVE_FINITE,true
PXD068107_WESTLAKE_OMNIPROT_TECHNICAL,Westlake University,heatmap_2b,2b_heatmap,5,CZE5,P49411,P49411,PXD068107_NP15,POOLED_TECHNICAL_PLASMA_SOURCE,NP15,true,SOURCE_DATA_INTENSITY,1477840,POSITIVE_FINITE,true
PXD068107_WESTLAKE_OMNIPROT_TECHNICAL,Westlake University,heatmap_2b,2b_heatmap,5,DCJ5,P50990,P50990,PXD068107_NP15,POOLED_TECHNICAL_PLASMA_SOURCE,NP15,true,SOURCE_DATA_INTENSITY,491038,POSITIVE_FINITE,true
PXD068107_WESTLAKE_OMNIPROT_TECHNICAL,Westlake University,heatmap_2b,2b_heatmap,5,DCK5,P50991,P50991,PXD068107_NP15,POOLED_TECHNICAL_PLASMA_SOURCE,NP15,true,SOURCE_DATA_INTENSITY,1157960,POSITIVE_FINITE,true
PXD068107_WESTLAKE_OMNIPROT_TECHNICAL,Westlake University,heatmap_2b,2b_heatmap,5,DCL5,P50995,P50995,PXD068107_NP15,POOLED_TECHNICAL_PLASMA_SOURCE,NP15,true,SOURCE_DATA_INTENSITY,256409,POSITIVE_FINITE,true
PXD068107_WESTLAKE_OMNIPROT_TECHNICAL,Westlake University,heatmap_2b,2b_heatmap,5,DFZ5,P52907,P52907,PXD068107_NP15,POOLED_TECHNICAL_PLASMA_SOURCE,NP15,true,SOURCE_DATA_INTENSITY,2868810,POSITIVE_FINITE,true
PXD068107_WESTLAKE_OMNIPROT_TECHNICAL,Westlake University,heatmap_2b,2b_heatmap,5,DGJ5,P53396,P53396,PXD068107_NP15,POOLED_TECHNICAL_PLASMA_SOURCE,NP15,true,SOURCE_DATA_INTENSITY,1162390,POSITIVE_FINITE,true
PXD068107_WESTLAKE_OMNIPROT_TECHNICAL,Westlake University,heatmap_2b,2b_heatmap,5,DIY5,P55072,P55072,PXD068107_NP15,POOLED_TECHNICAL_PLASMA_SOURCE,NP15,true,SOURCE_DATA_INTENSITY,2089290,POSITIVE_FINITE,true
PXD068107_WESTLAKE_OMNIPROT_TECHNICAL,Westlake University,heatmap_2b,2b_heatmap,5,DMJ5,P60174,P60174,PXD068107_NP15,POOLED_TECHNICAL_PLASMA_SOURCE,NP15,true,SOURCE_DATA_INTENSITY,1444130,POSITIVE_FINITE,true
PXD068107_WESTLAKE_OMNIPROT_TECHNICAL,Westlake University,heatmap_2b,2b_heatmap,5,DNG5,P61006,P61006,PXD068107_NP15,POOLED_TECHNICAL_PLASMA_SOURCE,NP15,true,SOURCE_DATA_INTENSITY,807647,POSITIVE_FINITE,true
PXD068107_WESTLAKE_OMNIPROT_TECHNICAL,Westlake University,heatmap_2b,2b_heatmap,5,DNM5,P61026,P61026,PXD068107_NP15,POOLED_TECHNICAL_PLASMA_SOURCE,NP15,true,SOURCE_DATA_INTENSITY,1433080,POSITIVE_FINITE,true
PXD068107_WESTLAKE_OMNIPROT_TECHNICAL,Westlake University,heatmap_2b,2b_heatmap,5,DNS5,P61106,P61106,PXD068107_NP15,POOLED_TECHNICAL_PLASMA_SOURCE,NP15,true,SOURCE_DATA_INTENSITY,2301600,POSITIVE_FINITE,true
PXD068107_WESTLAKE_OMNIPROT_TECHNICAL,Westlake University,heatmap_2b,2b_heatmap,5,DPG5,P61978,P61978,PXD068107_NP15,POOLED_TECHNICAL_PLASMA_SOURCE,NP15,true,SOURCE_DATA_INTENSITY,1055760,POSITIVE_FINITE,true
PXD068107_WESTLAKE_OMNIPROT_TECHNICAL,Westlake University,heatmap_2b,2b_heatmap,5,DPH5,P61981,P61981,PXD068107_NP15,POOLED_TECHNICAL_PLASMA_SOURCE,NP15,true,SOURCE_DATA_INTENSITY,927509,POSITIVE_FINITE,true
PXD068107_WESTLAKE_OMNIPROT_TECHNICAL,Westlake University,heatmap_2b,2b_heatmap,5,DQK5,P62330,P62330,PXD068107_NP15,POOLED_TECHNICAL_PLASMA_SOURCE,NP15,true,SOURCE_DATA_INTENSITY,232704,POSITIVE_FINITE,true
PXD068107_WESTLAKE_OMNIPROT_TECHNICAL,Westlake University,heatmap_2b,2b_heatmap,5,DQX5,P62805,P62805,PXD068107_NP15,POOLED_TECHNICAL_PLASMA_SOURCE,NP15,true,SOURCE_DATA_INTENSITY,3560200,POSITIVE_FINITE,true
PXD068107_WESTLAKE_OMNIPROT_TECHNICAL,Westlake University,heatmap_2b,2b_heatmap,5,DRY5,P63000,P63000,PXD068107_NP15,POOLED_TECHNICAL_PLASMA_SOURCE,NP15,true,SOURCE_DATA_INTENSITY,1497100,POSITIVE_FINITE,true
PXD068107_WESTLAKE_OMNIPROT_TECHNICAL,Westlake University,heatmap_2b,2b_heatmap,5,DTD5,P68366,P68366,PXD068107_NP15,POOLED_TECHNICAL_PLASMA_SOURCE,NP15,true,SOURCE_DATA_INTENSITY,5662330,POSITIVE_FINITE,true
PXD068107_WESTLAKE_OMNIPROT_TECHNICAL,Westlake University,heatmap_2b,2b_heatmap,5,DUE5,P78417,P78417,PXD068107_NP15,POOLED_TECHNICAL_PLASMA_SOURCE,NP15,true,SOURCE_DATA_INTENSITY,3387840,POSITIVE_FINITE,true
PXD068107_WESTLAKE_OMNIPROT_TECHNICAL,Westlake University,heatmap_2b,2b_heatmap,5,EAQ5,Q04695,Q04695,PXD068107_NP15,POOLED_TECHNICAL_PLASMA_SOURCE,NP15,true,SOURCE_DATA_INTENSITY,11157400,POSITIVE_FINITE,true
PXD068107_WESTLAKE_OMNIPROT_TECHNICAL,Westlake University,heatmap_2b,2b_heatmap,5,EPH5,Q14247,Q14247,PXD068107_NP15,POOLED_TECHNICAL_PLASMA_SOURCE,NP15,true,SOURCE_DATA_INTENSITY,1297300,POSITIVE_FINITE,true
PXD068107_WESTLAKE_OMNIPROT_TECHNICAL,Westlake University,heatmap_2b,2b_heatmap,5,ESK5,Q14974,Q14974,PXD068107_NP15,POOLED_TECHNICAL_PLASMA_SOURCE,NP15,true,SOURCE_DATA_INTENSITY,455302,POSITIVE_FINITE,true
PXD068107_WESTLAKE_OMNIPROT_TECHNICAL,Westlake University,heatmap_2b,2b_heatmap,5,EUC5,Q15084,Q15084,PXD068107_NP15,POOLED_TECHNICAL_PLASMA_SOURCE,NP15,true,SOURCE_DATA_INTENSITY,884921,POSITIVE_FINITE,true
PXD068107_WESTLAKE_OMNIPROT_TECHNICAL,Westlake University,heatmap_2b,2b_heatmap,5,EVQ5,Q15365,Q15365,PXD068107_NP15,POOLED_TECHNICAL_PLASMA_SOURCE,NP15,true,SOURCE_DATA_INTENSITY,10981700,POSITIVE_FINITE,true
PXD068107_WESTLAKE_OMNIPROT_TECHNICAL,Westlake University,heatmap_2b,2b_heatmap,5,EWB5,Q15404,Q15404,PXD068107_NP15,POOLED_TECHNICAL_PLASMA_SOURCE,NP15,true,SOURCE_DATA_INTENSITY,4100220,POSITIVE_FINITE,true
PXD068107_WESTLAKE_OMNIPROT_TECHNICAL,Westlake University,heatmap_2b,2b_heatmap,5,EXI5,Q15691,Q15691,PXD068107_NP15,POOLED_TECHNICAL_PLASMA_SOURCE,NP15,true,SOURCE_DATA_INTENSITY,889845,POSITIVE_FINITE,true
PXD068107_WESTLAKE_OMNIPROT_TECHNICAL,Westlake University,heatmap_2b,2b_heatmap,5,EYN5,Q15942,Q15942,PXD068107_NP15,POOLED_TECHNICAL_PLASMA_SOURCE,NP15,true,SOURCE_DATA_INTENSITY,1546590,POSITIVE_FINITE,true
PXD068107_WESTLAKE_OMNIPROT_TECHNICAL,Westlake University,heatmap_2b,2b_heatmap,5,EZF5,Q16543,Q16543,PXD068107_NP15,POOLED_TECHNICAL_PLASMA_SOURCE,NP15,true,SOURCE_DATA_INTENSITY,1317060,POSITIVE_FINITE,true
PXD068107_WESTLAKE_OMNIPROT_TECHNICAL,Westlake University,heatmap_2b,2b_heatmap,5,EZZ5,Q16643,Q16643,PXD068107_NP15,POOLED_TECHNICAL_PLASMA_SOURCE,NP15,true,SOURCE_DATA_INTENSITY,236890,POSITIVE_FINITE,true
PXD068107_WESTLAKE_OMNIPROT_TECHNICAL,Westlake University,heatmap_2b,2b_heatmap,5,FAP5,Q16762,Q16762,PXD068107_NP15,POOLED_TECHNICAL_PLASMA_SOURCE,NP15,true,SOURCE_DATA_INTENSITY,230024,POSITIVE_FINITE,true
PXD068107_WESTLAKE_OMNIPROT_TECHNICAL,Westlake University,heatmap_2b,2b_heatmap,5,FBY5,Q27J81,Q27J81,PXD068107_NP15,POOLED_TECHNICAL_PLASMA_SOURCE,NP15,true,SOURCE_DATA_INTENSITY,1945930,POSITIVE_FINITE,true
PXD068107_WESTLAKE_OMNIPROT_TECHNICAL,Westlake University,heatmap_2b,2b_heatmap,5,FGK5,Q58FF8,Q58FF8,PXD068107_NP15,POOLED_TECHNICAL_PLASMA_SOURCE,NP15,true,SOURCE_DATA_INTENSITY,68817.399999999994,POSITIVE_FINITE,true
PXD068107_WESTLAKE_OMNIPROT_TECHNICAL,Westlake University,heatmap_2b,2b_heatmap,5,FYD5,Q70J99,Q70J99,PXD068107_NP15,POOLED_TECHNICAL_PLASMA_SOURCE,NP15,true,SOURCE_DATA_INTENSITY,389592,POSITIVE_FINITE,true
PXD068107_WESTLAKE_OMNIPROT_TECHNICAL,Westlake University,heatmap_2b,2b_heatmap,5,FZH5,Q7L576,Q7L576,PXD068107_NP15,POOLED_TECHNICAL_PLASMA_SOURCE,NP15,true,SOURCE_DATA_INTENSITY,845055,POSITIVE_FINITE,true
PXD068107_WESTLAKE_OMNIPROT_TECHNICAL,Westlake University,heatmap_2b,2b_heatmap,5,GBF5,Q7Z406,Q7Z406,PXD068107_NP15,POOLED_TECHNICAL_PLASMA_SOURCE,NP15,true,SOURCE_DATA_INTENSITY,413693,POSITIVE_FINITE,true
PXD068107_WESTLAKE_OMNIPROT_TECHNICAL,Westlake University,heatmap_2b,2b_heatmap,5,GFO5,Q86VP6,Q86VP6,PXD068107_NP15,POOLED_TECHNICAL_PLASMA_SOURCE,NP15,true,SOURCE_DATA_INTENSITY,456915,POSITIVE_FINITE,true
PXD068107_WESTLAKE_OMNIPROT_TECHNICAL,Westlake University,heatmap_2b,2b_heatmap,5,GXT5,Q8TC12,Q8TC12,PXD068107_NP15,POOLED_TECHNICAL_PLASMA_SOURCE,NP15,true,SOURCE_DATA_INTENSITY,864982,POSITIVE_FINITE,true
PXD068107_WESTLAKE_OMNIPROT_TECHNICAL,Westlake University,heatmap_2b,2b_heatmap,5,HJL5,Q93084,Q93084,PXD068107_NP15,POOLED_TECHNICAL_PLASMA_SOURCE,NP15,true,SOURCE_DATA_INTENSITY,6914260,POSITIVE_FINITE,true
PXD068107_WESTLAKE_OMNIPROT_TECHNICAL,Westlake University,heatmap_2b,2b_heatmap,5,IBO5,Q99733,Q99733,PXD068107_NP15,POOLED_TECHNICAL_PLASMA_SOURCE,NP15,true,SOURCE_DATA_INTENSITY,598128,POSITIVE_FINITE,true
PXD068107_WESTLAKE_OMNIPROT_TECHNICAL,Westlake University,heatmap_2b,2b_heatmap,5,ICI5,Q99832,Q99832,PXD068107_NP15,POOLED_TECHNICAL_PLASMA_SOURCE,NP15,true,SOURCE_DATA_INTENSITY,367163,POSITIVE_FINITE,true
PXD068107_WESTLAKE_OMNIPROT_TECHNICAL,Westlake University,heatmap_2b,2b_heatmap,5,IFI5,Q9BS26,Q9BS26,PXD068107_NP15,POOLED_TECHNICAL_PLASMA_SOURCE,NP15,true,SOURCE_DATA_INTENSITY,298899,POSITIVE_FINITE,true
PXD068107_WESTLAKE_OMNIPROT_TECHNICAL,Westlake University,heatmap_2b,2b_heatmap,5,IFU5,Q9BSJ8,Q9BSJ8,PXD068107_NP15,POOLED_TECHNICAL_PLASMA_SOURCE,NP15,true,SOURCE_DATA_INTENSITY,536814,POSITIVE_FINITE,true
PXD068107_WESTLAKE_OMNIPROT_TECHNICAL,Westlake University,heatmap_2b,2b_heatmap,5,ITX5,Q9H4B7,Q9H4B7,PXD068107_NP15,POOLED_TECHNICAL_PLASMA_SOURCE,NP15,true,SOURCE_DATA_INTENSITY,12868500,POSITIVE_FINITE,true
PXD068107_WESTLAKE_OMNIPROT_TECHNICAL,Westlake University,heatmap_2b,2b_heatmap,5,JAC5,Q9HDC9,Q9HDC9,PXD068107_NP15,POOLED_TECHNICAL_PLASMA_SOURCE,NP15,true,SOURCE_DATA_INTENSITY,11314900,POSITIVE_FINITE,true
PXD068107_WESTLAKE_OMNIPROT_TECHNICAL,Westlake University,heatmap_2b,2b_heatmap,5,JCH5,Q9NQC3,Q9NQC3,PXD068107_NP15,POOLED_TECHNICAL_PLASMA_SOURCE,NP15,true,SOURCE_DATA_INTENSITY,860329,POSITIVE_FINITE,true
PXD068107_WESTLAKE_OMNIPROT_TECHNICAL,Westlake University,heatmap_2b,2b_heatmap,5,JDC5,Q9NR12,Q9NR12,PXD068107_NP15,POOLED_TECHNICAL_PLASMA_SOURCE,NP15,true,SOURCE_DATA_INTENSITY,721366,POSITIVE_FINITE,true
PXD068107_WESTLAKE_OMNIPROT_TECHNICAL,Westlake University,heatmap_2b,2b_heatmap,5,JEP5,Q9NRW1,Q9NRW1,PXD068107_NP15,POOLED_TECHNICAL_PLASMA_SOURCE,NP15,true,SOURCE_DATA_INTENSITY,3449010,POSITIVE_FINITE,true
PXD068107_WESTLAKE_OMNIPROT_TECHNICAL,Westlake University,heatmap_2b,2b_heatmap,5,JFD5,Q9NS28,Q9NS28,PXD068107_NP15,POOLED_TECHNICAL_PLASMA_SOURCE,NP15,true,SOURCE_DATA_INTENSITY,734951,POSITIVE_FINITE,true
PXD068107_WESTLAKE_OMNIPROT_TECHNICAL,Westlake University,heatmap_2b,2b_heatmap,5,JKP5,Q9NY65,Q9NY65,PXD068107_NP15,POOLED_TECHNICAL_PLASMA_SOURCE,NP15,true,SOURCE_DATA_INTENSITY,2128100,POSITIVE_FINITE,true
PXD068107_WESTLAKE_OMNIPROT_TECHNICAL,Westlake University,heatmap_2b,2b_heatmap,5,KDT5,Q9Y2A7,Q9Y2A7,PXD068107_NP15,POOLED_TECHNICAL_PLASMA_SOURCE,NP15,true,SOURCE_DATA_INTENSITY,637134,POSITIVE_FINITE,true
PXD068107_WESTLAKE_OMNIPROT_TECHNICAL,Westlake University,heatmap_2b,2b_heatmap,5,KHC5,Q9Y3F4,Q9Y3F4,PXD068107_NP15,POOLED_TECHNICAL_PLASMA_SOURCE,NP15,true,SOURCE_DATA_INTENSITY,148422,POSITIVE_FINITE,true
PXD068107_WESTLAKE_OMNIPROT_TECHNICAL,Westlake University,heatmap_2b,2b_heatmap,6,GY6,O00151,O00151,PXD068107_NP16,POOLED_TECHNICAL_PLASMA_SOURCE,NP16,true,SOURCE_DATA_INTENSITY,141102,POSITIVE_FINITE,true
PXD068107_WESTLAKE_OMNIPROT_TECHNICAL,Westlake University,heatmap_2b,2b_heatmap,6,HI6,O00187,O00187,PXD068107_NP16,POOLED_TECHNICAL_PLASMA_SOURCE,NP16,true,SOURCE_DATA_INTENSITY,36934900,POSITIVE_FINITE,true
PXD068107_WESTLAKE_OMNIPROT_TECHNICAL,Westlake University,heatmap_2b,2b_heatmap,6,HZ6,O00264,O00264,PXD068107_NP16,POOLED_TECHNICAL_PLASMA_SOURCE,NP16,true,SOURCE_DATA_INTENSITY,80883,POSITIVE_FINITE,true
PXD068107_WESTLAKE_OMNIPROT_TECHNICAL,Westlake University,heatmap_2b,2b_heatmap,6,IE6,O00299,O00299,PXD068107_NP16,POOLED_TECHNICAL_PLASMA_SOURCE,NP16,true,SOURCE_DATA_INTENSITY,401006,POSITIVE_FINITE,true
PXD068107_WESTLAKE_OMNIPROT_TECHNICAL,Westlake University,heatmap_2b,2b_heatmap,6,IQ6,O00410,O00410,PXD068107_NP16,POOLED_TECHNICAL_PLASMA_SOURCE,NP16,true,SOURCE_DATA_INTENSITY,188389,POSITIVE_FINITE,true
PXD068107_WESTLAKE_OMNIPROT_TECHNICAL,Westlake University,heatmap_2b,2b_heatmap,6,OY6,O15145,O15145,PXD068107_NP16,POOLED_TECHNICAL_PLASMA_SOURCE,NP16,true,SOURCE_DATA_INTENSITY,203731,POSITIVE_FINITE,true
PXD068107_WESTLAKE_OMNIPROT_TECHNICAL,Westlake University,heatmap_2b,2b_heatmap,6,AAP6,O75083,O75083,PXD068107_NP16,POOLED_TECHNICAL_PLASMA_SOURCE,NP16,true,SOURCE_DATA_INTENSITY,385416,POSITIVE_FINITE,true
PXD068107_WESTLAKE_OMNIPROT_TECHNICAL,Westlake University,heatmap_2b,2b_heatmap,6,ADS6,O75531,O75531,PXD068107_NP16,POOLED_TECHNICAL_PLASMA_SOURCE,NP16,true,SOURCE_DATA_INTENSITY,36861.800000000003,POSITIVE_FINITE,true
PXD068107_WESTLAKE_OMNIPROT_TECHNICAL,Westlake University,heatmap_2b,2b_heatmap,6,AOR6,P00387,P00387,PXD068107_NP16,POOLED_TECHNICAL_PLASMA_SOURCE,NP16,true,SOURCE_DATA_INTENSITY,424668,POSITIVE_FINITE,true
PXD068107_WESTLAKE_OMNIPROT_TECHNICAL,Westlake University,heatmap_2b,2b_heatmap,6,AOT6,P00403,P00403,PXD068107_NP16,POOLED_TECHNICAL_PLASMA_SOURCE,NP16,true,SOURCE_DATA_INTENSITY,143832,POSITIVE_FINITE,true
PXD068107_WESTLAKE_OMNIPROT_TECHNICAL,Westlake University,heatmap_2b,2b_heatmap,6,ARE6,P01275,P01275,PXD068107_NP16,POOLED_TECHNICAL_PLASMA_SOURCE,NP16,true,SOURCE_DATA_INTENSITY,17864.900000000001,POSITIVE_FINITE,true
PXD068107_WESTLAKE_OMNIPROT_TECHNICAL,Westlake University,heatmap_2b,2b_heatmap,6,AVX6,P04004,P04004,PXD068107_NP16,POOLED_TECHNICAL_PLASMA_SOURCE,NP16,true,SOURCE_DATA_INTENSITY,477606000,POSITIVE_FINITE,true
PXD068107_WESTLAKE_OMNIPROT_TECHNICAL,Westlake University,heatmap_2b,2b_heatmap,6,AWW6,P04264,P04264,PXD068107_NP16,POOLED_TECHNICAL_PLASMA_SOURCE,NP16,true,SOURCE_DATA_INTENSITY,104256000,POSITIVE_FINITE,true
PXD068107_WESTLAKE_OMNIPROT_TECHNICAL,Westlake University,heatmap_2b,2b_heatmap,6,AXO6,P04844,P04844,PXD068107_NP16,POOLED_TECHNICAL_PLASMA_SOURCE,NP16,true,SOURCE_DATA_INTENSITY,38559.599999999999,POSITIVE_FINITE,true
PXD068107_WESTLAKE_OMNIPROT_TECHNICAL,Westlake University,heatmap_2b,2b_heatmap,6,AXU6,P05023,P05023,PXD068107_NP16,POOLED_TECHNICAL_PLASMA_SOURCE,NP16,true,SOURCE_DATA_INTENSITY,2264270,POSITIVE_FINITE,true
PXD068107_WESTLAKE_OMNIPROT_TECHNICAL,Westlake University,heatmap_2b,2b_heatmap,6,AZG6,P05556,P05556,PXD068107_NP16,POOLED_TECHNICAL_PLASMA_SOURCE,NP16,true,SOURCE_DATA_INTENSITY,551482,POSITIVE_FINITE,true
PXD068107_WESTLAKE_OMNIPROT_TECHNICAL,Westlake University,heatmap_2b,2b_heatmap,6,BAA6,P06396,P06396,PXD068107_NP16,POOLED_TECHNICAL_PLASMA_SOURCE,NP16,true,SOURCE_DATA_INTENSITY,83420500,POSITIVE_FINITE,true
PXD068107_WESTLAKE_OMNIPROT_TECHNICAL,Westlake University,heatmap_2b,2b_heatmap,6,BAC6,P06576,P06576,PXD068107_NP16,POOLED_TECHNICAL_PLASMA_SOURCE,NP16,true,SOURCE_DATA_INTENSITY,287087,POSITIVE_FINITE,true
PXD068107_WESTLAKE_OMNIPROT_TECHNICAL,Westlake University,heatmap_2b,2b_heatmap,6,BCX6,P07996,P07996,PXD068107_NP16,POOLED_TECHNICAL_PLASMA_SOURCE,NP16,true,SOURCE_DATA_INTENSITY,39461900,POSITIVE_FINITE,true
PXD068107_WESTLAKE_OMNIPROT_TECHNICAL,Westlake University,heatmap_2b,2b_heatmap,6,BGG6,P09493,P09493,PXD068107_NP16,POOLED_TECHNICAL_PLASMA_SOURCE,NP16,true,SOURCE_DATA_INTENSITY,51358.300000000003,POSITIVE_FINITE,true
PXD068107_WESTLAKE_OMNIPROT_TECHNICAL,Westlake University,heatmap_2b,2b_heatmap,6,BJV6,P10599,P10599,PXD068107_NP16,POOLED_TECHNICAL_PLASMA_SOURCE,NP16,true,SOURCE_DATA_INTENSITY,1950150,POSITIVE_FINITE,true
PXD068107_WESTLAKE_OMNIPROT_TECHNICAL,Westlake University,heatmap_2b,2b_heatmap,6,BKB6,P10644,P10644,PXD068107_NP16,POOLED_TECHNICAL_PLASMA_SOURCE,NP16,true,SOURCE_DATA_INTENSITY,318828,POSITIVE_FINITE,true
PXD068107_WESTLAKE_OMNIPROT_TECHNICAL,Westlake University,heatmap_2b,2b_heatmap,6,BKK6,P10809,P10809,PXD068107_NP16,POOLED_TECHNICAL_PLASMA_SOURCE,NP16,true,SOURCE_DATA_INTENSITY,311287,POSITIVE_FINITE,true
PXD068107_WESTLAKE_OMNIPROT_TECHNICAL,Westlake University,heatmap_2b,2b_heatmap,6,BKP6,P11021,P11021,PXD068107_NP16,POOLED_TECHNICAL_PLASMA_SOURCE,NP16,true,SOURCE_DATA_INTENSITY,6937640,POSITIVE_FINITE,true
PXD068107_WESTLAKE_OMNIPROT_TECHNICAL,Westlake University,heatmap_2b,2b_heatmap,6,BKX6,P11166,P11166,PXD068107_NP16,POOLED_TECHNICAL_PLASMA_SOURCE,NP16,true,SOURCE_DATA_INTENSITY,141801,POSITIVE_FINITE,true
PXD068107_WESTLAKE_OMNIPROT_TECHNICAL,Westlake University,heatmap_2b,2b_heatmap,6,BLT6,P11413,P11413,PXD068107_NP16,POOLED_TECHNICAL_PLASMA_SOURCE,NP16,true,SOURCE_DATA_INTENSITY,167607,POSITIVE_FINITE,true
PXD068107_WESTLAKE_OMNIPROT_TECHNICAL,Westlake University,heatmap_2b,2b_heatmap,6,BOZ6,P13796,P13796,PXD068107_NP16,POOLED_TECHNICAL_PLASMA_SOURCE,NP16,true,SOURCE_DATA_INTENSITY,866839,POSITIVE_FINITE,true
PXD068107_WESTLAKE_OMNIPROT_TECHNICAL,Westlake University,heatmap_2b,2b_heatmap,6,BQN6,P14868,P14868,PXD068107_NP16,POOLED_TECHNICAL_PLASMA_SOURCE,NP16,true,SOURCE_DATA_INTENSITY,806817,POSITIVE_FINITE,true
PXD068107_WESTLAKE_OMNIPROT_TECHNICAL,Westlake University,heatmap_2b,2b_heatmap,6,BRP6,P15531,P15531,PXD068107_NP16,POOLED_TECHNICAL_PLASMA_SOURCE,NP16,true,SOURCE_DATA_INTENSITY,658614,POSITIVE_FINITE,true
PXD068107_WESTLAKE_OMNIPROT_TECHNICAL,Westlake University,heatmap_2b,2b_heatmap,6,BTD6,P16615,P16615,PXD068107_NP16,POOLED_TECHNICAL_PLASMA_SOURCE,NP16,true,SOURCE_DATA_INTENSITY,143172,POSITIVE_FINITE,true
PXD068107_WESTLAKE_OMNIPROT_TECHNICAL,Westlake University,heatmap_2b,2b_heatmap,6,BWA6,P19367,P19367,PXD068107_NP16,POOLED_TECHNICAL_PLASMA_SOURCE,NP16,true,SOURCE_DATA_INTENSITY,372793,POSITIVE_FINITE,true
PXD068107_WESTLAKE_OMNIPROT_TECHNICAL,Westlake University,heatmap_2b,2b_heatmap,6,BXV6,P20645,P20645,PXD068107_NP16,POOLED_TECHNICAL_PLASMA_SOURCE,NP16,true,SOURCE_DATA_INTENSITY,74158.199999999997,POSITIVE_FINITE,true
PXD068107_WESTLAKE_OMNIPROT_TECHNICAL,Westlake University,heatmap_2b,2b_heatmap,6,BZN6,P21796,P21796,PXD068107_NP16,POOLED_TECHNICAL_PLASMA_SOURCE,NP16,true,SOURCE_DATA_INTENSITY,246590,POSITIVE_FINITE,true
PXD068107_WESTLAKE_OMNIPROT_TECHNICAL,Westlake University,heatmap_2b,2b_heatmap,6,CBV6,P23284,P23284,PXD068107_NP16,POOLED_TECHNICAL_PLASMA_SOURCE,NP16,true,SOURCE_DATA_INTENSITY,577120,POSITIVE_FINITE,true
PXD068107_WESTLAKE_OMNIPROT_TECHNICAL,Westlake University,heatmap_2b,2b_heatmap,6,CDO6,P24844,P24844,PXD068107_NP16,POOLED_TECHNICAL_PLASMA_SOURCE,NP16,true,SOURCE_DATA_INTENSITY,370499,POSITIVE_FINITE,true
PXD068107_WESTLAKE_OMNIPROT_TECHNICAL,Westlake University,heatmap_2b,2b_heatmap,6,CES6,P26038,P26038,PXD068107_NP16,POOLED_TECHNICAL_PLASMA_SOURCE,NP16,true,SOURCE_DATA_INTENSITY,16726400,POSITIVE_FINITE,true
PXD068107_WESTLAKE_OMNIPROT_TECHNICAL,Westlake University,heatmap_2b,2b_heatmap,6,CFF6,P26641,P26641,PXD068107_NP16,POOLED_TECHNICAL_PLASMA_SOURCE,NP16,true,SOURCE_DATA_INTENSITY,362233,POSITIVE_FINITE,true
PXD068107_WESTLAKE_OMNIPROT_TECHNICAL,Westlake University,heatmap_2b,2b_heatmap,6,CFP6,P27348,P27348,PXD068107_NP16,POOLED_TECHNICAL_PLASMA_SOURCE,NP16,true,SOURCE_DATA_INTENSITY,60745.099999999999,POSITIVE_FINITE,true
PXD068107_WESTLAKE_OMNIPROT_TECHNICAL,Westlake University,heatmap_2b,2b_heatmap,6,CGC6,P27797,P27797,PXD068107_NP16,POOLED_TECHNICAL_PLASMA_SOURCE,NP16,true,SOURCE_DATA_INTENSITY,170987,POSITIVE_FINITE,true
PXD068107_WESTLAKE_OMNIPROT_TECHNICAL,Westlake University,heatmap_2b,2b_heatmap,6,CGL6,P28066,P28066,PXD068107_NP16,POOLED_TECHNICAL_PLASMA_SOURCE,NP16,true,SOURCE_DATA_INTENSITY,132124,POSITIVE_FINITE,true
PXD068107_WESTLAKE_OMNIPROT_TECHNICAL,Westlake University,heatmap_2b,2b_heatmap,6,CGM6,P28070,P28070,PXD068107_NP16,POOLED_TECHNICAL_PLASMA_SOURCE,NP16,true,SOURCE_DATA_INTENSITY,328658,POSITIVE_FINITE,true
PXD068107_WESTLAKE_OMNIPROT_TECHNICAL,Westlake University,heatmap_2b,2b_heatmap,6,CIL6,P30041,P30041,PXD068107_NP16,POOLED_TECHNICAL_PLASMA_SOURCE,NP16,true,SOURCE_DATA_INTENSITY,3413710,POSITIVE_FINITE,true
PXD068107_WESTLAKE_OMNIPROT_TECHNICAL,Westlake University,heatmap_2b,2b_heatmap,6,CIN6,P30044,P30044,PXD068107_NP16,POOLED_TECHNICAL_PLASMA_SOURCE,NP16,true,SOURCE_DATA_INTENSITY,124512,POSITIVE_FINITE,true
PXD068107_WESTLAKE_OMNIPROT_TECHNICAL,Westlake University,heatmap_2b,2b_heatmap,6,CIQ6,P30048,P30048,PXD068107_NP16,POOLED_TECHNICAL_PLASMA_SOURCE,NP16,true,SOURCE_DATA_INTENSITY,49894.800000000003,POSITIVE_FINITE,true
PXD068107_WESTLAKE_OMNIPROT_TECHNICAL,Westlake University,heatmap_2b,2b_heatmap,6,CIW6,P30101,P30101,PXD068107_NP16,POOLED_TECHNICAL_PLASMA_SOURCE,NP16,true,SOURCE_DATA_INTENSITY,648569,POSITIVE_FINITE,true
PXD068107_WESTLAKE_OMNIPROT_TECHNICAL,Westlake University,heatmap_2b,2b_heatmap,6,CQE6,P37802,P37802,PXD068107_NP16,POOLED_TECHNICAL_PLASMA_SOURCE,NP16,true,SOURCE_DATA_INTENSITY,1543230,POSITIVE_FINITE,true
PXD068107_WESTLAKE_OMNIPROT_TECHNICAL,Westlake University,heatmap_2b,2b_heatmap,6,CQM6,P38646,P38646,PXD068107_NP16,POOLED_TECHNICAL_PLASMA_SOURCE,NP16,true,SOURCE_DATA_INTENSITY,210862,POSITIVE_FINITE,true
PXD068107_WESTLAKE_OMNIPROT_TECHNICAL,Westlake University,heatmap_2b,2b_heatmap,6,CUZ6,P45880,P45880,PXD068107_NP16,POOLED_TECHNICAL_PLASMA_SOURCE,NP16,true,SOURCE_DATA_INTENSITY,268900,POSITIVE_FINITE,true
PXD068107_WESTLAKE_OMNIPROT_TECHNICAL,Westlake University,heatmap_2b,2b_heatmap,6,CZE6,P49411,P49411,PXD068107_NP16,POOLED_TECHNICAL_PLASMA_SOURCE,NP16,true,SOURCE_DATA_INTENSITY,258231,POSITIVE_FINITE,true
PXD068107_WESTLAKE_OMNIPROT_TECHNICAL,Westlake University,heatmap_2b,2b_heatmap,6,DCJ6,P50990,P50990,PXD068107_NP16,POOLED_TECHNICAL_PLASMA_SOURCE,NP16,true,SOURCE_DATA_INTENSITY,329762,POSITIVE_FINITE,true
PXD068107_WESTLAKE_OMNIPROT_TECHNICAL,Westlake University,heatmap_2b,2b_heatmap,6,DCK6,P50991,P50991,PXD068107_NP16,POOLED_TECHNICAL_PLASMA_SOURCE,NP16,true,SOURCE_DATA_INTENSITY,408449,POSITIVE_FINITE,true
PXD068107_WESTLAKE_OMNIPROT_TECHNICAL,Westlake University,heatmap_2b,2b_heatmap,6,DCL6,P50995,P50995,PXD068107_NP16,POOLED_TECHNICAL_PLASMA_SOURCE,NP16,true,SOURCE_DATA_INTENSITY,69208.600000000006,POSITIVE_FINITE,true
PXD068107_WESTLAKE_OMNIPROT_TECHNICAL,Westlake University,heatmap_2b,2b_heatmap,6,DFZ6,P52907,P52907,PXD068107_NP16,POOLED_TECHNICAL_PLASMA_SOURCE,NP16,true,SOURCE_DATA_INTENSITY,269025,POSITIVE_FINITE,true
PXD068107_WESTLAKE_OMNIPROT_TECHNICAL,Westlake University,heatmap_2b,2b_heatmap,6,DGJ6,P53396,P53396,PXD068107_NP16,POOLED_TECHNICAL_PLASMA_SOURCE,NP16,true,SOURCE_DATA_INTENSITY,438427,POSITIVE_FINITE,true
PXD068107_WESTLAKE_OMNIPROT_TECHNICAL,Westlake University,heatmap_2b,2b_heatmap,6,DIY6,P55072,P55072,PXD068107_NP16,POOLED_TECHNICAL_PLASMA_SOURCE,NP16,true,SOURCE_DATA_INTENSITY,950360,POSITIVE_FINITE,true
PXD068107_WESTLAKE_OMNIPROT_TECHNICAL,Westlake University,heatmap_2b,2b_heatmap,6,DMJ6,P60174,P60174,PXD068107_NP16,POOLED_TECHNICAL_PLASMA_SOURCE,NP16,true,SOURCE_DATA_INTENSITY,1323770,POSITIVE_FINITE,true
PXD068107_WESTLAKE_OMNIPROT_TECHNICAL,Westlake University,heatmap_2b,2b_heatmap,6,DNG6,P61006,P61006,PXD068107_NP16,POOLED_TECHNICAL_PLASMA_SOURCE,NP16,true,SOURCE_DATA_INTENSITY,350884,POSITIVE_FINITE,true
PXD068107_WESTLAKE_OMNIPROT_TECHNICAL,Westlake University,heatmap_2b,2b_heatmap,6,DNM6,P61026,P61026,PXD068107_NP16,POOLED_TECHNICAL_PLASMA_SOURCE,NP16,true,SOURCE_DATA_INTENSITY,111045,POSITIVE_FINITE,true
PXD068107_WESTLAKE_OMNIPROT_TECHNICAL,Westlake University,heatmap_2b,2b_heatmap,6,DNS6,P61106,P61106,PXD068107_NP16,POOLED_TECHNICAL_PLASMA_SOURCE,NP16,true,SOURCE_DATA_INTENSITY,99033.800000000003,POSITIVE_FINITE,true
PXD068107_WESTLAKE_OMNIPROT_TECHNICAL,Westlake University,heatmap_2b,2b_heatmap,6,DPG6,P61978,P61978,PXD068107_NP16,POOLED_TECHNICAL_PLASMA_SOURCE,NP16,true,SOURCE_DATA_INTENSITY,441326,POSITIVE_FINITE,true
PXD068107_WESTLAKE_OMNIPROT_TECHNICAL,Westlake University,heatmap_2b,2b_heatmap,6,DPH6,P61981,P61981,PXD068107_NP16,POOLED_TECHNICAL_PLASMA_SOURCE,NP16,true,SOURCE_DATA_INTENSITY,264604,POSITIVE_FINITE,true
PXD068107_WESTLAKE_OMNIPROT_TECHNICAL,Westlake University,heatmap_2b,2b_heatmap,6,DQK6,P62330,P62330,PXD068107_NP16,POOLED_TECHNICAL_PLASMA_SOURCE,NP16,true,SOURCE_DATA_INTENSITY,42980.199999999997,POSITIVE_FINITE,true
PXD068107_WESTLAKE_OMNIPROT_TECHNICAL,Westlake University,heatmap_2b,2b_heatmap,6,DQX6,P62805,P62805,PXD068107_NP16,POOLED_TECHNICAL_PLASMA_SOURCE,NP16,true,SOURCE_DATA_INTENSITY,9072220,POSITIVE_FINITE,true
PXD068107_WESTLAKE_OMNIPROT_TECHNICAL,Westlake University,heatmap_2b,2b_heatmap,6,DRY6,P63000,P63000,PXD068107_NP16,POOLED_TECHNICAL_PLASMA_SOURCE,NP16,true,SOURCE_DATA_INTENSITY,579947,POSITIVE_FINITE,true
PXD068107_WESTLAKE_OMNIPROT_TECHNICAL,Westlake University,heatmap_2b,2b_heatmap,6,DTD6,P68366,P68366,PXD068107_NP16,POOLED_TECHNICAL_PLASMA_SOURCE,NP16,true,SOURCE_DATA_INTENSITY,3218740,POSITIVE_FINITE,true
PXD068107_WESTLAKE_OMNIPROT_TECHNICAL,Westlake University,heatmap_2b,2b_heatmap,6,DUE6,P78417,P78417,PXD068107_NP16,POOLED_TECHNICAL_PLASMA_SOURCE,NP16,true,SOURCE_DATA_INTENSITY,619809,POSITIVE_FINITE,true
PXD068107_WESTLAKE_OMNIPROT_TECHNICAL,Westlake University,heatmap_2b,2b_heatmap,6,EAQ6,Q04695,Q04695,PXD068107_NP16,POOLED_TECHNICAL_PLASMA_SOURCE,NP16,true,SOURCE_DATA_INTENSITY,5175480,POSITIVE_FINITE,true
PXD068107_WESTLAKE_OMNIPROT_TECHNICAL,Westlake University,heatmap_2b,2b_heatmap,6,EPH6,Q14247,Q14247,PXD068107_NP16,POOLED_TECHNICAL_PLASMA_SOURCE,NP16,true,SOURCE_DATA_INTENSITY,210979,POSITIVE_FINITE,true
PXD068107_WESTLAKE_OMNIPROT_TECHNICAL,Westlake University,heatmap_2b,2b_heatmap,6,ESK6,Q14974,Q14974,PXD068107_NP16,POOLED_TECHNICAL_PLASMA_SOURCE,NP16,true,SOURCE_DATA_INTENSITY,223947,POSITIVE_FINITE,true
PXD068107_WESTLAKE_OMNIPROT_TECHNICAL,Westlake University,heatmap_2b,2b_heatmap,6,EUC6,Q15084,Q15084,PXD068107_NP16,POOLED_TECHNICAL_PLASMA_SOURCE,NP16,true,SOURCE_DATA_INTENSITY,805703,POSITIVE_FINITE,true
PXD068107_WESTLAKE_OMNIPROT_TECHNICAL,Westlake University,heatmap_2b,2b_heatmap,6,EVQ6,Q15365,Q15365,PXD068107_NP16,POOLED_TECHNICAL_PLASMA_SOURCE,NP16,true,SOURCE_DATA_INTENSITY,244111,POSITIVE_FINITE,true
PXD068107_WESTLAKE_OMNIPROT_TECHNICAL,Westlake University,heatmap_2b,2b_heatmap,6,EWB6,Q15404,Q15404,PXD068107_NP16,POOLED_TECHNICAL_PLASMA_SOURCE,NP16,true,SOURCE_DATA_INTENSITY,638225,POSITIVE_FINITE,true
PXD068107_WESTLAKE_OMNIPROT_TECHNICAL,Westlake University,heatmap_2b,2b_heatmap,6,EXI6,Q15691,Q15691,PXD068107_NP16,POOLED_TECHNICAL_PLASMA_SOURCE,NP16,true,SOURCE_DATA_INTENSITY,127112,POSITIVE_FINITE,true
PXD068107_WESTLAKE_OMNIPROT_TECHNICAL,Westlake University,heatmap_2b,2b_heatmap,6,EYN6,Q15942,Q15942,PXD068107_NP16,POOLED_TECHNICAL_PLASMA_SOURCE,NP16,true,SOURCE_DATA_INTENSITY,232260,POSITIVE_FINITE,true
PXD068107_WESTLAKE_OMNIPROT_TECHNICAL,Westlake University,heatmap_2b,2b_heatmap,6,EZF6,Q16543,Q16543,PXD068107_NP16,POOLED_TECHNICAL_PLASMA_SOURCE,NP16,true,SOURCE_DATA_INTENSITY,60913.900000000001,POSITIVE_FINITE,true
PXD068107_WESTLAKE_OMNIPROT_TECHNICAL,Westlake University,heatmap_2b,2b_heatmap,6,EZZ6,Q16643,Q16643,PXD068107_NP16,POOLED_TECHNICAL_PLASMA_SOURCE,NP16,true,SOURCE_DATA_INTENSITY,27063.400000000001,POSITIVE_FINITE,true
PXD068107_WESTLAKE_OMNIPROT_TECHNICAL,Westlake University,heatmap_2b,2b_heatmap,6,FAP6,Q16762,Q16762,PXD068107_NP16,POOLED_TECHNICAL_PLASMA_SOURCE,NP16,true,SOURCE_DATA_INTENSITY,85125,POSITIVE_FINITE,true
PXD068107_WESTLAKE_OMNIPROT_TECHNICAL,Westlake University,heatmap_2b,2b_heatmap,6,FBY6,Q27J81,Q27J81,PXD068107_NP16,POOLED_TECHNICAL_PLASMA_SOURCE,NP16,true,SOURCE_DATA_INTENSITY,405684,POSITIVE_FINITE,true
PXD068107_WESTLAKE_OMNIPROT_TECHNICAL,Westlake University,heatmap_2b,2b_heatmap,6,FGK6,Q58FF8,Q58FF8,PXD068107_NP16,POOLED_TECHNICAL_PLASMA_SOURCE,NP16,true,SOURCE_DATA_INTENSITY,13620.6,POSITIVE_FINITE,true
PXD068107_WESTLAKE_OMNIPROT_TECHNICAL,Westlake University,heatmap_2b,2b_heatmap,6,FYD6,Q70J99,Q70J99,PXD068107_NP16,POOLED_TECHNICAL_PLASMA_SOURCE,NP16,true,SOURCE_DATA_INTENSITY,109598,POSITIVE_FINITE,true
PXD068107_WESTLAKE_OMNIPROT_TECHNICAL,Westlake University,heatmap_2b,2b_heatmap,6,FZH6,Q7L576,Q7L576,PXD068107_NP16,POOLED_TECHNICAL_PLASMA_SOURCE,NP16,true,SOURCE_DATA_INTENSITY,1366590,POSITIVE_FINITE,true
PXD068107_WESTLAKE_OMNIPROT_TECHNICAL,Westlake University,heatmap_2b,2b_heatmap,6,GBF6,Q7Z406,Q7Z406,PXD068107_NP16,POOLED_TECHNICAL_PLASMA_SOURCE,NP16,true,SOURCE_DATA_INTENSITY,139058,POSITIVE_FINITE,true
PXD068107_WESTLAKE_OMNIPROT_TECHNICAL,Westlake University,heatmap_2b,2b_heatmap,6,GFO6,Q86VP6,Q86VP6,PXD068107_NP16,POOLED_TECHNICAL_PLASMA_SOURCE,NP16,true,SOURCE_DATA_INTENSITY,295750,POSITIVE_FINITE,true
PXD068107_WESTLAKE_OMNIPROT_TECHNICAL,Westlake University,heatmap_2b,2b_heatmap,6,GXT6,Q8TC12,Q8TC12,PXD068107_NP16,POOLED_TECHNICAL_PLASMA_SOURCE,NP16,true,SOURCE_DATA_INTENSITY,105605,POSITIVE_FINITE,true
PXD068107_WESTLAKE_OMNIPROT_TECHNICAL,Westlake University,heatmap_2b,2b_heatmap,6,HJL6,Q93084,Q93084,PXD068107_NP16,POOLED_TECHNICAL_PLASMA_SOURCE,NP16,true,SOURCE_DATA_INTENSITY,348596,POSITIVE_FINITE,true
PXD068107_WESTLAKE_OMNIPROT_TECHNICAL,Westlake University,heatmap_2b,2b_heatmap,6,IBO6,Q99733,Q99733,PXD068107_NP16,POOLED_TECHNICAL_PLASMA_SOURCE,NP16,true,SOURCE_DATA_INTENSITY,341549,POSITIVE_FINITE,true
PXD068107_WESTLAKE_OMNIPROT_TECHNICAL,Westlake University,heatmap_2b,2b_heatmap,6,ICI6,Q99832,Q99832,PXD068107_NP16,POOLED_TECHNICAL_PLASMA_SOURCE,NP16,true,SOURCE_DATA_INTENSITY,309902,POSITIVE_FINITE,true
PXD068107_WESTLAKE_OMNIPROT_TECHNICAL,Westlake University,heatmap_2b,2b_heatmap,6,IFI6,Q9BS26,Q9BS26,PXD068107_NP16,POOLED_TECHNICAL_PLASMA_SOURCE,NP16,true,SOURCE_DATA_INTENSITY,134825,POSITIVE_FINITE,true
PXD068107_WESTLAKE_OMNIPROT_TECHNICAL,Westlake University,heatmap_2b,2b_heatmap,6,IFU6,Q9BSJ8,Q9BSJ8,PXD068107_NP16,POOLED_TECHNICAL_PLASMA_SOURCE,NP16,true,SOURCE_DATA_INTENSITY,150667,POSITIVE_FINITE,true
PXD068107_WESTLAKE_OMNIPROT_TECHNICAL,Westlake University,heatmap_2b,2b_heatmap,6,ITX6,Q9H4B7,Q9H4B7,PXD068107_NP16,POOLED_TECHNICAL_PLASMA_SOURCE,NP16,true,SOURCE_DATA_INTENSITY,1478850,POSITIVE_FINITE,true
PXD068107_WESTLAKE_OMNIPROT_TECHNICAL,Westlake University,heatmap_2b,2b_heatmap,6,JAC6,Q9HDC9,Q9HDC9,PXD068107_NP16,POOLED_TECHNICAL_PLASMA_SOURCE,NP16,true,SOURCE_DATA_INTENSITY,6808490,POSITIVE_FINITE,true
PXD068107_WESTLAKE_OMNIPROT_TECHNICAL,Westlake University,heatmap_2b,2b_heatmap,6,JCH6,Q9NQC3,Q9NQC3,PXD068107_NP16,POOLED_TECHNICAL_PLASMA_SOURCE,NP16,true,SOURCE_DATA_INTENSITY,49349.199999999997,POSITIVE_FINITE,true
PXD068107_WESTLAKE_OMNIPROT_TECHNICAL,Westlake University,heatmap_2b,2b_heatmap,6,JDC6,Q9NR12,Q9NR12,PXD068107_NP16,POOLED_TECHNICAL_PLASMA_SOURCE,NP16,true,SOURCE_DATA_INTENSITY,496457,POSITIVE_FINITE,true
PXD068107_WESTLAKE_OMNIPROT_TECHNICAL,Westlake University,heatmap_2b,2b_heatmap,6,JEP6,Q9NRW1,Q9NRW1,PXD068107_NP16,POOLED_TECHNICAL_PLASMA_SOURCE,NP16,true,SOURCE_DATA_INTENSITY,92582.5,POSITIVE_FINITE,true
PXD068107_WESTLAKE_OMNIPROT_TECHNICAL,Westlake University,heatmap_2b,2b_heatmap,6,JFD6,Q9NS28,Q9NS28,PXD068107_NP16,POOLED_TECHNICAL_PLASMA_SOURCE,NP16,true,SOURCE_DATA_INTENSITY,264973,POSITIVE_FINITE,true
PXD068107_WESTLAKE_OMNIPROT_TECHNICAL,Westlake University,heatmap_2b,2b_heatmap,6,JKP6,Q9NY65,Q9NY65,PXD068107_NP16,POOLED_TECHNICAL_PLASMA_SOURCE,NP16,true,SOURCE_DATA_INTENSITY,105310,POSITIVE_FINITE,true
PXD068107_WESTLAKE_OMNIPROT_TECHNICAL,Westlake University,heatmap_2b,2b_heatmap,6,KDT6,Q9Y2A7,Q9Y2A7,PXD068107_NP16,POOLED_TECHNICAL_PLASMA_SOURCE,NP16,true,SOURCE_DATA_INTENSITY,220810,POSITIVE_FINITE,true
PXD068107_WESTLAKE_OMNIPROT_TECHNICAL,Westlake University,heatmap_2b,2b_heatmap,6,KHC6,Q9Y3F4,Q9Y3F4,PXD068107_NP16,POOLED_TECHNICAL_PLASMA_SOURCE,NP16,true,SOURCE_DATA_INTENSITY,5200.9799999999996,POSITIVE_FINITE,true
PXD068107_WESTLAKE_OMNIPROT_TECHNICAL,Westlake University,heatmap_2b,2b_heatmap,7,GY7,O00151,O00151,PXD068107_NP17,POOLED_TECHNICAL_PLASMA_SOURCE,NP17,true,SOURCE_DATA_INTENSITY,94995.399999999994,POSITIVE_FINITE,true
PXD068107_WESTLAKE_OMNIPROT_TECHNICAL,Westlake University,heatmap_2b,2b_heatmap,7,HI7,O00187,O00187,PXD068107_NP17,POOLED_TECHNICAL_PLASMA_SOURCE,NP17,true,SOURCE_DATA_INTENSITY,16034300,POSITIVE_FINITE,true
PXD068107_WESTLAKE_OMNIPROT_TECHNICAL,Westlake University,heatmap_2b,2b_heatmap,7,HZ7,O00264,O00264,PXD068107_NP17,POOLED_TECHNICAL_PLASMA_SOURCE,NP17,true,SOURCE_DATA_INTENSITY,89721,POSITIVE_FINITE,true
PXD068107_WESTLAKE_OMNIPROT_TECHNICAL,Westlake University,heatmap_2b,2b_heatmap,7,IE7,O00299,O00299,PXD068107_NP17,POOLED_TECHNICAL_PLASMA_SOURCE,NP17,true,SOURCE_DATA_INTENSITY,202875,POSITIVE_FINITE,true
PXD068107_WESTLAKE_OMNIPROT_TECHNICAL,Westlake University,heatmap_2b,2b_heatmap,7,IQ7,O00410,O00410,PXD068107_NP17,POOLED_TECHNICAL_PLASMA_SOURCE,NP17,true,SOURCE_DATA_INTENSITY,15072.9,POSITIVE_FINITE,true
PXD068107_WESTLAKE_OMNIPROT_TECHNICAL,Westlake University,heatmap_2b,2b_heatmap,7,OY7,O15145,O15145,PXD068107_NP17,POOLED_TECHNICAL_PLASMA_SOURCE,NP17,true,SOURCE_DATA_INTENSITY,134402,POSITIVE_FINITE,true
PXD068107_WESTLAKE_OMNIPROT_TECHNICAL,Westlake University,heatmap_2b,2b_heatmap,7,AAP7,O75083,O75083,PXD068107_NP17,POOLED_TECHNICAL_PLASMA_SOURCE,NP17,true,SOURCE_DATA_INTENSITY,703523,POSITIVE_FINITE,true
PXD068107_WESTLAKE_OMNIPROT_TECHNICAL,Westlake University,heatmap_2b,2b_heatmap,7,ADS7,O75531,O75531,PXD068107_NP17,POOLED_TECHNICAL_PLASMA_SOURCE,NP17,true,SOURCE_DATA_INTENSITY,28786.5,POSITIVE_FINITE,true
PXD068107_WESTLAKE_OMNIPROT_TECHNICAL,Westlake University,heatmap_2b,2b_heatmap,7,AOR7,P00387,P00387,PXD068107_NP17,POOLED_TECHNICAL_PLASMA_SOURCE,NP17,true,SOURCE_DATA_INTENSITY,368688,POSITIVE_FINITE,true
PXD068107_WESTLAKE_OMNIPROT_TECHNICAL,Westlake University,heatmap_2b,2b_heatmap,7,AOT7,P00403,P00403,PXD068107_NP17,POOLED_TECHNICAL_PLASMA_SOURCE,NP17,true,SOURCE_DATA_INTENSITY,56576.800000000003,POSITIVE_FINITE,true
PXD068107_WESTLAKE_OMNIPROT_TECHNICAL,Westlake University,heatmap_2b,2b_heatmap,7,ARE7,P01275,P01275,PXD068107_NP17,POOLED_TECHNICAL_PLASMA_SOURCE,NP17,true,SOURCE_DATA_INTENSITY,21869,POSITIVE_FINITE,true
PXD068107_WESTLAKE_OMNIPROT_TECHNICAL,Westlake University,heatmap_2b,2b_heatmap,7,AVX7,P04004,P04004,PXD068107_NP17,POOLED_TECHNICAL_PLASMA_SOURCE,NP17,true,SOURCE_DATA_INTENSITY,378121000,POSITIVE_FINITE,true
PXD068107_WESTLAKE_OMNIPROT_TECHNICAL,Westlake University,heatmap_2b,2b_heatmap,7,AWW7,P04264,P04264,PXD068107_NP17,POOLED_TECHNICAL_PLASMA_SOURCE,NP17,true,SOURCE_DATA_INTENSITY,53040300,POSITIVE_FINITE,true
PXD068107_WESTLAKE_OMNIPROT_TECHNICAL,Westlake University,heatmap_2b,2b_heatmap,7,AXO7,P04844,P04844,PXD068107_NP17,POOLED_TECHNICAL_PLASMA_SOURCE,NP17,true,SOURCE_DATA_INTENSITY,33328.900000000001,POSITIVE_FINITE,true
PXD068107_WESTLAKE_OMNIPROT_TECHNICAL,Westlake University,heatmap_2b,2b_heatmap,7,AXU7,P05023,P05023,PXD068107_NP17,POOLED_TECHNICAL_PLASMA_SOURCE,NP17,true,SOURCE_DATA_INTENSITY,3456810,POSITIVE_FINITE,true
PXD068107_WESTLAKE_OMNIPROT_TECHNICAL,Westlake University,heatmap_2b,2b_heatmap,7,AZG7,P05556,P05556,PXD068107_NP17,POOLED_TECHNICAL_PLASMA_SOURCE,NP17,true,SOURCE_DATA_INTENSITY,1644730,POSITIVE_FINITE,true
PXD068107_WESTLAKE_OMNIPROT_TECHNICAL,Westlake University,heatmap_2b,2b_heatmap,7,BAA7,P06396,P06396,PXD068107_NP17,POOLED_TECHNICAL_PLASMA_SOURCE,NP17,true,SOURCE_DATA_INTENSITY,57150900,POSITIVE_FINITE,true
PXD068107_WESTLAKE_OMNIPROT_TECHNICAL,Westlake University,heatmap_2b,2b_heatmap,7,BAC7,P06576,P06576,PXD068107_NP17,POOLED_TECHNICAL_PLASMA_SOURCE,NP17,true,SOURCE_DATA_INTENSITY,265626,POSITIVE_FINITE,true
PXD068107_WESTLAKE_OMNIPROT_TECHNICAL,Westlake University,heatmap_2b,2b_heatmap,7,BCX7,P07996,P07996,PXD068107_NP17,POOLED_TECHNICAL_PLASMA_SOURCE,NP17,true,SOURCE_DATA_INTENSITY,52829500,POSITIVE_FINITE,true
PXD068107_WESTLAKE_OMNIPROT_TECHNICAL,Westlake University,heatmap_2b,2b_heatmap,7,BGG7,P09493,P09493,PXD068107_NP17,POOLED_TECHNICAL_PLASMA_SOURCE,NP17,true,SOURCE_DATA_INTENSITY,,SOURCE_NA,false
PXD068107_WESTLAKE_OMNIPROT_TECHNICAL,Westlake University,heatmap_2b,2b_heatmap,7,BJV7,P10599,P10599,PXD068107_NP17,POOLED_TECHNICAL_PLASMA_SOURCE,NP17,true,SOURCE_DATA_INTENSITY,624907,POSITIVE_FINITE,true
PXD068107_WESTLAKE_OMNIPROT_TECHNICAL,Westlake University,heatmap_2b,2b_heatmap,7,BKB7,P10644,P10644,PXD068107_NP17,POOLED_TECHNICAL_PLASMA_SOURCE,NP17,true,SOURCE_DATA_INTENSITY,66437.899999999994,POSITIVE_FINITE,true
PXD068107_WESTLAKE_OMNIPROT_TECHNICAL,Westlake University,heatmap_2b,2b_heatmap,7,BKK7,P10809,P10809,PXD068107_NP17,POOLED_TECHNICAL_PLASMA_SOURCE,NP17,true,SOURCE_DATA_INTENSITY,502680,POSITIVE_FINITE,true
PXD068107_WESTLAKE_OMNIPROT_TECHNICAL,Westlake University,heatmap_2b,2b_heatmap,7,BKP7,P11021,P11021,PXD068107_NP17,POOLED_TECHNICAL_PLASMA_SOURCE,NP17,true,SOURCE_DATA_INTENSITY,5849120,POSITIVE_FINITE,true
PXD068107_WESTLAKE_OMNIPROT_TECHNICAL,Westlake University,heatmap_2b,2b_heatmap,7,BKX7,P11166,P11166,PXD068107_NP17,POOLED_TECHNICAL_PLASMA_SOURCE,NP17,true,SOURCE_DATA_INTENSITY,506899,POSITIVE_FINITE,true
PXD068107_WESTLAKE_OMNIPROT_TECHNICAL,Westlake University,heatmap_2b,2b_heatmap,7,BLT7,P11413,P11413,PXD068107_NP17,POOLED_TECHNICAL_PLASMA_SOURCE,NP17,true,SOURCE_DATA_INTENSITY,155083,POSITIVE_FINITE,true
PXD068107_WESTLAKE_OMNIPROT_TECHNICAL,Westlake University,heatmap_2b,2b_heatmap,7,BOZ7,P13796,P13796,PXD068107_NP17,POOLED_TECHNICAL_PLASMA_SOURCE,NP17,true,SOURCE_DATA_INTENSITY,856029,POSITIVE_FINITE,true
PXD068107_WESTLAKE_OMNIPROT_TECHNICAL,Westlake University,heatmap_2b,2b_heatmap,7,BQN7,P14868,P14868,PXD068107_NP17,POOLED_TECHNICAL_PLASMA_SOURCE,NP17,true,SOURCE_DATA_INTENSITY,70476.800000000003,POSITIVE_FINITE,true
PXD068107_WESTLAKE_OMNIPROT_TECHNICAL,Westlake University,heatmap_2b,2b_heatmap,7,BRP7,P15531,P15531,PXD068107_NP17,POOLED_TECHNICAL_PLASMA_SOURCE,NP17,true,SOURCE_DATA_INTENSITY,,SOURCE_NA,false
PXD068107_WESTLAKE_OMNIPROT_TECHNICAL,Westlake University,heatmap_2b,2b_heatmap,7,BTD7,P16615,P16615,PXD068107_NP17,POOLED_TECHNICAL_PLASMA_SOURCE,NP17,true,SOURCE_DATA_INTENSITY,126905,POSITIVE_FINITE,true
PXD068107_WESTLAKE_OMNIPROT_TECHNICAL,Westlake University,heatmap_2b,2b_heatmap,7,BWA7,P19367,P19367,PXD068107_NP17,POOLED_TECHNICAL_PLASMA_SOURCE,NP17,true,SOURCE_DATA_INTENSITY,368275,POSITIVE_FINITE,true
PXD068107_WESTLAKE_OMNIPROT_TECHNICAL,Westlake University,heatmap_2b,2b_heatmap,7,BXV7,P20645,P20645,PXD068107_NP17,POOLED_TECHNICAL_PLASMA_SOURCE,NP17,true,SOURCE_DATA_INTENSITY,,SOURCE_NA,false
PXD068107_WESTLAKE_OMNIPROT_TECHNICAL,Westlake University,heatmap_2b,2b_heatmap,7,BZN7,P21796,P21796,PXD068107_NP17,POOLED_TECHNICAL_PLASMA_SOURCE,NP17,true,SOURCE_DATA_INTENSITY,174382,POSITIVE_FINITE,true
PXD068107_WESTLAKE_OMNIPROT_TECHNICAL,Westlake University,heatmap_2b,2b_heatmap,7,CBV7,P23284,P23284,PXD068107_NP17,POOLED_TECHNICAL_PLASMA_SOURCE,NP17,true,SOURCE_DATA_INTENSITY,420990,POSITIVE_FINITE,true
PXD068107_WESTLAKE_OMNIPROT_TECHNICAL,Westlake University,heatmap_2b,2b_heatmap,7,CDO7,P24844,P24844,PXD068107_NP17,POOLED_TECHNICAL_PLASMA_SOURCE,NP17,true,SOURCE_DATA_INTENSITY,83901,POSITIVE_FINITE,true
PXD068107_WESTLAKE_OMNIPROT_TECHNICAL,Westlake University,heatmap_2b,2b_heatmap,7,CES7,P26038,P26038,PXD068107_NP17,POOLED_TECHNICAL_PLASMA_SOURCE,NP17,true,SOURCE_DATA_INTENSITY,12571500,POSITIVE_FINITE,true
PXD068107_WESTLAKE_OMNIPROT_TECHNICAL,Westlake University,heatmap_2b,2b_heatmap,7,CFF7,P26641,P26641,PXD068107_NP17,POOLED_TECHNICAL_PLASMA_SOURCE,NP17,true,SOURCE_DATA_INTENSITY,381993,POSITIVE_FINITE,true
PXD068107_WESTLAKE_OMNIPROT_TECHNICAL,Westlake University,heatmap_2b,2b_heatmap,7,CFP7,P27348,P27348,PXD068107_NP17,POOLED_TECHNICAL_PLASMA_SOURCE,NP17,true,SOURCE_DATA_INTENSITY,42158.699999999997,POSITIVE_FINITE,true
PXD068107_WESTLAKE_OMNIPROT_TECHNICAL,Westlake University,heatmap_2b,2b_heatmap,7,CGC7,P27797,P27797,PXD068107_NP17,POOLED_TECHNICAL_PLASMA_SOURCE,NP17,true,SOURCE_DATA_INTENSITY,325575,POSITIVE_FINITE,true
PXD068107_WESTLAKE_OMNIPROT_TECHNICAL,Westlake University,heatmap_2b,2b_heatmap,7,CGL7,P28066,P28066,PXD068107_NP17,POOLED_TECHNICAL_PLASMA_SOURCE,NP17,true,SOURCE_DATA_INTENSITY,154732,POSITIVE_FINITE,true
PXD068107_WESTLAKE_OMNIPROT_TECHNICAL,Westlake University,heatmap_2b,2b_heatmap,7,CGM7,P28070,P28070,PXD068107_NP17,POOLED_TECHNICAL_PLASMA_SOURCE,NP17,true,SOURCE_DATA_INTENSITY,120481,POSITIVE_FINITE,true
PXD068107_WESTLAKE_OMNIPROT_TECHNICAL,Westlake University,heatmap_2b,2b_heatmap,7,CIL7,P30041,P30041,PXD068107_NP17,POOLED_TECHNICAL_PLASMA_SOURCE,NP17,true,SOURCE_DATA_INTENSITY,3042890,POSITIVE_FINITE,true
PXD068107_WESTLAKE_OMNIPROT_TECHNICAL,Westlake University,heatmap_2b,2b_heatmap,7,CIN7,P30044,P30044,PXD068107_NP17,POOLED_TECHNICAL_PLASMA_SOURCE,NP17,true,SOURCE_DATA_INTENSITY,144540,POSITIVE_FINITE,true
PXD068107_WESTLAKE_OMNIPROT_TECHNICAL,Westlake University,heatmap_2b,2b_heatmap,7,CIQ7,P30048,P30048,PXD068107_NP17,POOLED_TECHNICAL_PLASMA_SOURCE,NP17,true,SOURCE_DATA_INTENSITY,43804.800000000003,POSITIVE_FINITE,true
PXD068107_WESTLAKE_OMNIPROT_TECHNICAL,Westlake University,heatmap_2b,2b_heatmap,7,CIW7,P30101,P30101,PXD068107_NP17,POOLED_TECHNICAL_PLASMA_SOURCE,NP17,true,SOURCE_DATA_INTENSITY,521732,POSITIVE_FINITE,true
PXD068107_WESTLAKE_OMNIPROT_TECHNICAL,Westlake University,heatmap_2b,2b_heatmap,7,CQE7,P37802,P37802,PXD068107_NP17,POOLED_TECHNICAL_PLASMA_SOURCE,NP17,true,SOURCE_DATA_INTENSITY,1064660,POSITIVE_FINITE,true
PXD068107_WESTLAKE_OMNIPROT_TECHNICAL,Westlake University,heatmap_2b,2b_heatmap,7,CQM7,P38646,P38646,PXD068107_NP17,POOLED_TECHNICAL_PLASMA_SOURCE,NP17,true,SOURCE_DATA_INTENSITY,91698.600000000006,POSITIVE_FINITE,true
PXD068107_WESTLAKE_OMNIPROT_TECHNICAL,Westlake University,heatmap_2b,2b_heatmap,7,CUZ7,P45880,P45880,PXD068107_NP17,POOLED_TECHNICAL_PLASMA_SOURCE,NP17,true,SOURCE_DATA_INTENSITY,168767,POSITIVE_FINITE,true
PXD068107_WESTLAKE_OMNIPROT_TECHNICAL,Westlake University,heatmap_2b,2b_heatmap,7,CZE7,P49411,P49411,PXD068107_NP17,POOLED_TECHNICAL_PLASMA_SOURCE,NP17,true,SOURCE_DATA_INTENSITY,217233,POSITIVE_FINITE,true
PXD068107_WESTLAKE_OMNIPROT_TECHNICAL,Westlake University,heatmap_2b,2b_heatmap,7,DCJ7,P50990,P50990,PXD068107_NP17,POOLED_TECHNICAL_PLASMA_SOURCE,NP17,true,SOURCE_DATA_INTENSITY,489629,POSITIVE_FINITE,true
PXD068107_WESTLAKE_OMNIPROT_TECHNICAL,Westlake University,heatmap_2b,2b_heatmap,7,DCK7,P50991,P50991,PXD068107_NP17,POOLED_TECHNICAL_PLASMA_SOURCE,NP17,true,SOURCE_DATA_INTENSITY,242843,POSITIVE_FINITE,true
PXD068107_WESTLAKE_OMNIPROT_TECHNICAL,Westlake University,heatmap_2b,2b_heatmap,7,DCL7,P50995,P50995,PXD068107_NP17,POOLED_TECHNICAL_PLASMA_SOURCE,NP17,true,SOURCE_DATA_INTENSITY,101654,POSITIVE_FINITE,true
PXD068107_WESTLAKE_OMNIPROT_TECHNICAL,Westlake University,heatmap_2b,2b_heatmap,7,DFZ7,P52907,P52907,PXD068107_NP17,POOLED_TECHNICAL_PLASMA_SOURCE,NP17,true,SOURCE_DATA_INTENSITY,228581,POSITIVE_FINITE,true
PXD068107_WESTLAKE_OMNIPROT_TECHNICAL,Westlake University,heatmap_2b,2b_heatmap,7,DGJ7,P53396,P53396,PXD068107_NP17,POOLED_TECHNICAL_PLASMA_SOURCE,NP17,true,SOURCE_DATA_INTENSITY,309502,POSITIVE_FINITE,true
PXD068107_WESTLAKE_OMNIPROT_TECHNICAL,Westlake University,heatmap_2b,2b_heatmap,7,DIY7,P55072,P55072,PXD068107_NP17,POOLED_TECHNICAL_PLASMA_SOURCE,NP17,true,SOURCE_DATA_INTENSITY,669953,POSITIVE_FINITE,true
PXD068107_WESTLAKE_OMNIPROT_TECHNICAL,Westlake University,heatmap_2b,2b_heatmap,7,DMJ7,P60174,P60174,PXD068107_NP17,POOLED_TECHNICAL_PLASMA_SOURCE,NP17,true,SOURCE_DATA_INTENSITY,689946,POSITIVE_FINITE,true
PXD068107_WESTLAKE_OMNIPROT_TECHNICAL,Westlake University,heatmap_2b,2b_heatmap,7,DNG7,P61006,P61006,PXD068107_NP17,POOLED_TECHNICAL_PLASMA_SOURCE,NP17,true,SOURCE_DATA_INTENSITY,126533,POSITIVE_FINITE,true
PXD068107_WESTLAKE_OMNIPROT_TECHNICAL,Westlake University,heatmap_2b,2b_heatmap,7,DNM7,P61026,P61026,PXD068107_NP17,POOLED_TECHNICAL_PLASMA_SOURCE,NP17,true,SOURCE_DATA_INTENSITY,86581.800000000003,POSITIVE_FINITE,true
PXD068107_WESTLAKE_OMNIPROT_TECHNICAL,Westlake University,heatmap_2b,2b_heatmap,7,DNS7,P61106,P61106,PXD068107_NP17,POOLED_TECHNICAL_PLASMA_SOURCE,NP17,true,SOURCE_DATA_INTENSITY,118004,POSITIVE_FINITE,true
PXD068107_WESTLAKE_OMNIPROT_TECHNICAL,Westlake University,heatmap_2b,2b_heatmap,7,DPG7,P61978,P61978,PXD068107_NP17,POOLED_TECHNICAL_PLASMA_SOURCE,NP17,true,SOURCE_DATA_INTENSITY,324987,POSITIVE_FINITE,true
PXD068107_WESTLAKE_OMNIPROT_TECHNICAL,Westlake University,heatmap_2b,2b_heatmap,7,DPH7,P61981,P61981,PXD068107_NP17,POOLED_TECHNICAL_PLASMA_SOURCE,NP17,true,SOURCE_DATA_INTENSITY,139960,POSITIVE_FINITE,true
PXD068107_WESTLAKE_OMNIPROT_TECHNICAL,Westlake University,heatmap_2b,2b_heatmap,7,DQK7,P62330,P62330,PXD068107_NP17,POOLED_TECHNICAL_PLASMA_SOURCE,NP17,true,SOURCE_DATA_INTENSITY,23390.200000000001,POSITIVE_FINITE,true
PXD068107_WESTLAKE_OMNIPROT_TECHNICAL,Westlake University,heatmap_2b,2b_heatmap,7,DQX7,P62805,P62805,PXD068107_NP17,POOLED_TECHNICAL_PLASMA_SOURCE,NP17,true,SOURCE_DATA_INTENSITY,7042310,POSITIVE_FINITE,true
PXD068107_WESTLAKE_OMNIPROT_TECHNICAL,Westlake University,heatmap_2b,2b_heatmap,7,DRY7,P63000,P63000,PXD068107_NP17,POOLED_TECHNICAL_PLASMA_SOURCE,NP17,true,SOURCE_DATA_INTENSITY,509518,POSITIVE_FINITE,true
PXD068107_WESTLAKE_OMNIPROT_TECHNICAL,Westlake University,heatmap_2b,2b_heatmap,7,DTD7,P68366,P68366,PXD068107_NP17,POOLED_TECHNICAL_PLASMA_SOURCE,NP17,true,SOURCE_DATA_INTENSITY,2772460,POSITIVE_FINITE,true
PXD068107_WESTLAKE_OMNIPROT_TECHNICAL,Westlake University,heatmap_2b,2b_heatmap,7,DUE7,P78417,P78417,PXD068107_NP17,POOLED_TECHNICAL_PLASMA_SOURCE,NP17,true,SOURCE_DATA_INTENSITY,800656,POSITIVE_FINITE,true
PXD068107_WESTLAKE_OMNIPROT_TECHNICAL,Westlake University,heatmap_2b,2b_heatmap,7,EAQ7,Q04695,Q04695,PXD068107_NP17,POOLED_TECHNICAL_PLASMA_SOURCE,NP17,true,SOURCE_DATA_INTENSITY,6372990,POSITIVE_FINITE,true
PXD068107_WESTLAKE_OMNIPROT_TECHNICAL,Westlake University,heatmap_2b,2b_heatmap,7,EPH7,Q14247,Q14247,PXD068107_NP17,POOLED_TECHNICAL_PLASMA_SOURCE,NP17,true,SOURCE_DATA_INTENSITY,70282.699999999997,POSITIVE_FINITE,true
PXD068107_WESTLAKE_OMNIPROT_TECHNICAL,Westlake University,heatmap_2b,2b_heatmap,7,ESK7,Q14974,Q14974,PXD068107_NP17,POOLED_TECHNICAL_PLASMA_SOURCE,NP17,true,SOURCE_DATA_INTENSITY,176412,POSITIVE_FINITE,true
PXD068107_WESTLAKE_OMNIPROT_TECHNICAL,Westlake University,heatmap_2b,2b_heatmap,7,EUC7,Q15084,Q15084,PXD068107_NP17,POOLED_TECHNICAL_PLASMA_SOURCE,NP17,true,SOURCE_DATA_INTENSITY,425082,POSITIVE_FINITE,true
PXD068107_WESTLAKE_OMNIPROT_TECHNICAL,Westlake University,heatmap_2b,2b_heatmap,7,EVQ7,Q15365,Q15365,PXD068107_NP17,POOLED_TECHNICAL_PLASMA_SOURCE,NP17,true,SOURCE_DATA_INTENSITY,251023,POSITIVE_FINITE,true
PXD068107_WESTLAKE_OMNIPROT_TECHNICAL,Westlake University,heatmap_2b,2b_heatmap,7,EWB7,Q15404,Q15404,PXD068107_NP17,POOLED_TECHNICAL_PLASMA_SOURCE,NP17,true,SOURCE_DATA_INTENSITY,757503,POSITIVE_FINITE,true
PXD068107_WESTLAKE_OMNIPROT_TECHNICAL,Westlake University,heatmap_2b,2b_heatmap,7,EXI7,Q15691,Q15691,PXD068107_NP17,POOLED_TECHNICAL_PLASMA_SOURCE,NP17,true,SOURCE_DATA_INTENSITY,201500,POSITIVE_FINITE,true
PXD068107_WESTLAKE_OMNIPROT_TECHNICAL,Westlake University,heatmap_2b,2b_heatmap,7,EYN7,Q15942,Q15942,PXD068107_NP17,POOLED_TECHNICAL_PLASMA_SOURCE,NP17,true,SOURCE_DATA_INTENSITY,334695,POSITIVE_FINITE,true
PXD068107_WESTLAKE_OMNIPROT_TECHNICAL,Westlake University,heatmap_2b,2b_heatmap,7,EZF7,Q16543,Q16543,PXD068107_NP17,POOLED_TECHNICAL_PLASMA_SOURCE,NP17,true,SOURCE_DATA_INTENSITY,59584.199999999997,POSITIVE_FINITE,true
PXD068107_WESTLAKE_OMNIPROT_TECHNICAL,Westlake University,heatmap_2b,2b_heatmap,7,EZZ7,Q16643,Q16643,PXD068107_NP17,POOLED_TECHNICAL_PLASMA_SOURCE,NP17,true,SOURCE_DATA_INTENSITY,,SOURCE_NA,false
PXD068107_WESTLAKE_OMNIPROT_TECHNICAL,Westlake University,heatmap_2b,2b_heatmap,7,FAP7,Q16762,Q16762,PXD068107_NP17,POOLED_TECHNICAL_PLASMA_SOURCE,NP17,true,SOURCE_DATA_INTENSITY,70077.100000000006,POSITIVE_FINITE,true
PXD068107_WESTLAKE_OMNIPROT_TECHNICAL,Westlake University,heatmap_2b,2b_heatmap,7,FBY7,Q27J81,Q27J81,PXD068107_NP17,POOLED_TECHNICAL_PLASMA_SOURCE,NP17,true,SOURCE_DATA_INTENSITY,324395,POSITIVE_FINITE,true
PXD068107_WESTLAKE_OMNIPROT_TECHNICAL,Westlake University,heatmap_2b,2b_heatmap,7,FGK7,Q58FF8,Q58FF8,PXD068107_NP17,POOLED_TECHNICAL_PLASMA_SOURCE,NP17,true,SOURCE_DATA_INTENSITY,8800.7000000000007,POSITIVE_FINITE,true
PXD068107_WESTLAKE_OMNIPROT_TECHNICAL,Westlake University,heatmap_2b,2b_heatmap,7,FYD7,Q70J99,Q70J99,PXD068107_NP17,POOLED_TECHNICAL_PLASMA_SOURCE,NP17,true,SOURCE_DATA_INTENSITY,59145.099999999999,POSITIVE_FINITE,true
PXD068107_WESTLAKE_OMNIPROT_TECHNICAL,Westlake University,heatmap_2b,2b_heatmap,7,FZH7,Q7L576,Q7L576,PXD068107_NP17,POOLED_TECHNICAL_PLASMA_SOURCE,NP17,true,SOURCE_DATA_INTENSITY,558352,POSITIVE_FINITE,true
PXD068107_WESTLAKE_OMNIPROT_TECHNICAL,Westlake University,heatmap_2b,2b_heatmap,7,GBF7,Q7Z406,Q7Z406,PXD068107_NP17,POOLED_TECHNICAL_PLASMA_SOURCE,NP17,true,SOURCE_DATA_INTENSITY,273371,POSITIVE_FINITE,true
PXD068107_WESTLAKE_OMNIPROT_TECHNICAL,Westlake University,heatmap_2b,2b_heatmap,7,GFO7,Q86VP6,Q86VP6,PXD068107_NP17,POOLED_TECHNICAL_PLASMA_SOURCE,NP17,true,SOURCE_DATA_INTENSITY,227201,POSITIVE_FINITE,true
PXD068107_WESTLAKE_OMNIPROT_TECHNICAL,Westlake University,heatmap_2b,2b_heatmap,7,GXT7,Q8TC12,Q8TC12,PXD068107_NP17,POOLED_TECHNICAL_PLASMA_SOURCE,NP17,true,SOURCE_DATA_INTENSITY,58642.099999999999,POSITIVE_FINITE,true
PXD068107_WESTLAKE_OMNIPROT_TECHNICAL,Westlake University,heatmap_2b,2b_heatmap,7,HJL7,Q93084,Q93084,PXD068107_NP17,POOLED_TECHNICAL_PLASMA_SOURCE,NP17,true,SOURCE_DATA_INTENSITY,508689,POSITIVE_FINITE,true
PXD068107_WESTLAKE_OMNIPROT_TECHNICAL,Westlake University,heatmap_2b,2b_heatmap,7,IBO7,Q99733,Q99733,PXD068107_NP17,POOLED_TECHNICAL_PLASMA_SOURCE,NP17,true,SOURCE_DATA_INTENSITY,71116.5,POSITIVE_FINITE,true
PXD068107_WESTLAKE_OMNIPROT_TECHNICAL,Westlake University,heatmap_2b,2b_heatmap,7,ICI7,Q99832,Q99832,PXD068107_NP17,POOLED_TECHNICAL_PLASMA_SOURCE,NP17,true,SOURCE_DATA_INTENSITY,226242,POSITIVE_FINITE,true
PXD068107_WESTLAKE_OMNIPROT_TECHNICAL,Westlake University,heatmap_2b,2b_heatmap,7,IFI7,Q9BS26,Q9BS26,PXD068107_NP17,POOLED_TECHNICAL_PLASMA_SOURCE,NP17,true,SOURCE_DATA_INTENSITY,178151,POSITIVE_FINITE,true
PXD068107_WESTLAKE_OMNIPROT_TECHNICAL,Westlake University,heatmap_2b,2b_heatmap,7,IFU7,Q9BSJ8,Q9BSJ8,PXD068107_NP17,POOLED_TECHNICAL_PLASMA_SOURCE,NP17,true,SOURCE_DATA_INTENSITY,91097.399999999994,POSITIVE_FINITE,true
PXD068107_WESTLAKE_OMNIPROT_TECHNICAL,Westlake University,heatmap_2b,2b_heatmap,7,ITX7,Q9H4B7,Q9H4B7,PXD068107_NP17,POOLED_TECHNICAL_PLASMA_SOURCE,NP17,true,SOURCE_DATA_INTENSITY,1923660,POSITIVE_FINITE,true
PXD068107_WESTLAKE_OMNIPROT_TECHNICAL,Westlake University,heatmap_2b,2b_heatmap,7,JAC7,Q9HDC9,Q9HDC9,PXD068107_NP17,POOLED_TECHNICAL_PLASMA_SOURCE,NP17,true,SOURCE_DATA_INTENSITY,10509600,POSITIVE_FINITE,true
PXD068107_WESTLAKE_OMNIPROT_TECHNICAL,Westlake University,heatmap_2b,2b_heatmap,7,JCH7,Q9NQC3,Q9NQC3,PXD068107_NP17,POOLED_TECHNICAL_PLASMA_SOURCE,NP17,true,SOURCE_DATA_INTENSITY,24137.5,POSITIVE_FINITE,true
PXD068107_WESTLAKE_OMNIPROT_TECHNICAL,Westlake University,heatmap_2b,2b_heatmap,7,JDC7,Q9NR12,Q9NR12,PXD068107_NP17,POOLED_TECHNICAL_PLASMA_SOURCE,NP17,true,SOURCE_DATA_INTENSITY,141005,POSITIVE_FINITE,true
PXD068107_WESTLAKE_OMNIPROT_TECHNICAL,Westlake University,heatmap_2b,2b_heatmap,7,JEP7,Q9NRW1,Q9NRW1,PXD068107_NP17,POOLED_TECHNICAL_PLASMA_SOURCE,NP17,true,SOURCE_DATA_INTENSITY,97173.300000000003,POSITIVE_FINITE,true
PXD068107_WESTLAKE_OMNIPROT_TECHNICAL,Westlake University,heatmap_2b,2b_heatmap,7,JFD7,Q9NS28,Q9NS28,PXD068107_NP17,POOLED_TECHNICAL_PLASMA_SOURCE,NP17,true,SOURCE_DATA_INTENSITY,,SOURCE_NA,false
PXD068107_WESTLAKE_OMNIPROT_TECHNICAL,Westlake University,heatmap_2b,2b_heatmap,7,JKP7,Q9NY65,Q9NY65,PXD068107_NP17,POOLED_TECHNICAL_PLASMA_SOURCE,NP17,true,SOURCE_DATA_INTENSITY,53423.5,POSITIVE_FINITE,true
PXD068107_WESTLAKE_OMNIPROT_TECHNICAL,Westlake University,heatmap_2b,2b_heatmap,7,KDT7,Q9Y2A7,Q9Y2A7,PXD068107_NP17,POOLED_TECHNICAL_PLASMA_SOURCE,NP17,true,SOURCE_DATA_INTENSITY,102503,POSITIVE_FINITE,true
PXD068107_WESTLAKE_OMNIPROT_TECHNICAL,Westlake University,heatmap_2b,2b_heatmap,7,KHC7,Q9Y3F4,Q9Y3F4,PXD068107_NP17,POOLED_TECHNICAL_PLASMA_SOURCE,NP17,true,SOURCE_DATA_INTENSITY,3867.5999999999999,POSITIVE_FINITE,true
PXD068107_WESTLAKE_OMNIPROT_TECHNICAL,Westlake University,heatmap_2b,2b_heatmap,8,GY8,O00151,O00151,PXD068107_NP20,POOLED_TECHNICAL_PLASMA_SOURCE,NP20,true,SOURCE_DATA_INTENSITY,75863,POSITIVE_FINITE,true
PXD068107_WESTLAKE_OMNIPROT_TECHNICAL,Westlake University,heatmap_2b,2b_heatmap,8,HI8,O00187,O00187,PXD068107_NP20,POOLED_TECHNICAL_PLASMA_SOURCE,NP20,true,SOURCE_DATA_INTENSITY,19469100,POSITIVE_FINITE,true
PXD068107_WESTLAKE_OMNIPROT_TECHNICAL,Westlake University,heatmap_2b,2b_heatmap,8,HZ8,O00264,O00264,PXD068107_NP20,POOLED_TECHNICAL_PLASMA_SOURCE,NP20,true,SOURCE_DATA_INTENSITY,47765.300000000003,POSITIVE_FINITE,true
PXD068107_WESTLAKE_OMNIPROT_TECHNICAL,Westlake University,heatmap_2b,2b_heatmap,8,IE8,O00299,O00299,PXD068107_NP20,POOLED_TECHNICAL_PLASMA_SOURCE,NP20,true,SOURCE_DATA_INTENSITY,189039,POSITIVE_FINITE,true
PXD068107_WESTLAKE_OMNIPROT_TECHNICAL,Westlake University,heatmap_2b,2b_heatmap,8,IQ8,O00410,O00410,PXD068107_NP20,POOLED_TECHNICAL_PLASMA_SOURCE,NP20,true,SOURCE_DATA_INTENSITY,163127,POSITIVE_FINITE,true
PXD068107_WESTLAKE_OMNIPROT_TECHNICAL,Westlake University,heatmap_2b,2b_heatmap,8,OY8,O15145,O15145,PXD068107_NP20,POOLED_TECHNICAL_PLASMA_SOURCE,NP20,true,SOURCE_DATA_INTENSITY,106623,POSITIVE_FINITE,true
PXD068107_WESTLAKE_OMNIPROT_TECHNICAL,Westlake University,heatmap_2b,2b_heatmap,8,AAP8,O75083,O75083,PXD068107_NP20,POOLED_TECHNICAL_PLASMA_SOURCE,NP20,true,SOURCE_DATA_INTENSITY,343474,POSITIVE_FINITE,true
PXD068107_WESTLAKE_OMNIPROT_TECHNICAL,Westlake University,heatmap_2b,2b_heatmap,8,ADS8,O75531,O75531,PXD068107_NP20,POOLED_TECHNICAL_PLASMA_SOURCE,NP20,true,SOURCE_DATA_INTENSITY,63501.599999999999,POSITIVE_FINITE,true
PXD068107_WESTLAKE_OMNIPROT_TECHNICAL,Westlake University,heatmap_2b,2b_heatmap,8,AOR8,P00387,P00387,PXD068107_NP20,POOLED_TECHNICAL_PLASMA_SOURCE,NP20,true,SOURCE_DATA_INTENSITY,229839,POSITIVE_FINITE,true
PXD068107_WESTLAKE_OMNIPROT_TECHNICAL,Westlake University,heatmap_2b,2b_heatmap,8,AOT8,P00403,P00403,PXD068107_NP20,POOLED_TECHNICAL_PLASMA_SOURCE,NP20,true,SOURCE_DATA_INTENSITY,108294,POSITIVE_FINITE,true
PXD068107_WESTLAKE_OMNIPROT_TECHNICAL,Westlake University,heatmap_2b,2b_heatmap,8,ARE8,P01275,P01275,PXD068107_NP20,POOLED_TECHNICAL_PLASMA_SOURCE,NP20,true,SOURCE_DATA_INTENSITY,16051.200000000001,POSITIVE_FINITE,true
PXD068107_WESTLAKE_OMNIPROT_TECHNICAL,Westlake University,heatmap_2b,2b_heatmap,8,AVX8,P04004,P04004,PXD068107_NP20,POOLED_TECHNICAL_PLASMA_SOURCE,NP20,true,SOURCE_DATA_INTENSITY,200713000,POSITIVE_FINITE,true
PXD068107_WESTLAKE_OMNIPROT_TECHNICAL,Westlake University,heatmap_2b,2b_heatmap,8,AWW8,P04264,P04264,PXD068107_NP20,POOLED_TECHNICAL_PLASMA_SOURCE,NP20,true,SOURCE_DATA_INTENSITY,51390200,POSITIVE_FINITE,true
PXD068107_WESTLAKE_OMNIPROT_TECHNICAL,Westlake University,heatmap_2b,2b_heatmap,8,AXO8,P04844,P04844,PXD068107_NP20,POOLED_TECHNICAL_PLASMA_SOURCE,NP20,true,SOURCE_DATA_INTENSITY,57704,POSITIVE_FINITE,true
PXD068107_WESTLAKE_OMNIPROT_TECHNICAL,Westlake University,heatmap_2b,2b_heatmap,8,AXU8,P05023,P05023,PXD068107_NP20,POOLED_TECHNICAL_PLASMA_SOURCE,NP20,true,SOURCE_DATA_INTENSITY,2118690,POSITIVE_FINITE,true
PXD068107_WESTLAKE_OMNIPROT_TECHNICAL,Westlake University,heatmap_2b,2b_heatmap,8,AZG8,P05556,P05556,PXD068107_NP20,POOLED_TECHNICAL_PLASMA_SOURCE,NP20,true,SOURCE_DATA_INTENSITY,501405,POSITIVE_FINITE,true
PXD068107_WESTLAKE_OMNIPROT_TECHNICAL,Westlake University,heatmap_2b,2b_heatmap,8,BAA8,P06396,P06396,PXD068107_NP20,POOLED_TECHNICAL_PLASMA_SOURCE,NP20,true,SOURCE_DATA_INTENSITY,32829000,POSITIVE_FINITE,true
PXD068107_WESTLAKE_OMNIPROT_TECHNICAL,Westlake University,heatmap_2b,2b_heatmap,8,BAC8,P06576,P06576,PXD068107_NP20,POOLED_TECHNICAL_PLASMA_SOURCE,NP20,true,SOURCE_DATA_INTENSITY,348210,POSITIVE_FINITE,true
PXD068107_WESTLAKE_OMNIPROT_TECHNICAL,Westlake University,heatmap_2b,2b_heatmap,8,BCX8,P07996,P07996,PXD068107_NP20,POOLED_TECHNICAL_PLASMA_SOURCE,NP20,true,SOURCE_DATA_INTENSITY,34386300,POSITIVE_FINITE,true
PXD068107_WESTLAKE_OMNIPROT_TECHNICAL,Westlake University,heatmap_2b,2b_heatmap,8,BGG8,P09493,P09493,PXD068107_NP20,POOLED_TECHNICAL_PLASMA_SOURCE,NP20,true,SOURCE_DATA_INTENSITY,9652.7299999999996,POSITIVE_FINITE,true
PXD068107_WESTLAKE_OMNIPROT_TECHNICAL,Westlake University,heatmap_2b,2b_heatmap,8,BJV8,P10599,P10599,PXD068107_NP20,POOLED_TECHNICAL_PLASMA_SOURCE,NP20,true,SOURCE_DATA_INTENSITY,742202,POSITIVE_FINITE,true
PXD068107_WESTLAKE_OMNIPROT_TECHNICAL,Westlake University,heatmap_2b,2b_heatmap,8,BKB8,P10644,P10644,PXD068107_NP20,POOLED_TECHNICAL_PLASMA_SOURCE,NP20,true,SOURCE_DATA_INTENSITY,54943.699999999997,POSITIVE_FINITE,true
PXD068107_WESTLAKE_OMNIPROT_TECHNICAL,Westlake University,heatmap_2b,2b_heatmap,8,BKK8,P10809,P10809,PXD068107_NP20,POOLED_TECHNICAL_PLASMA_SOURCE,NP20,true,SOURCE_DATA_INTENSITY,262500,POSITIVE_FINITE,true
PXD068107_WESTLAKE_OMNIPROT_TECHNICAL,Westlake University,heatmap_2b,2b_heatmap,8,BKP8,P11021,P11021,PXD068107_NP20,POOLED_TECHNICAL_PLASMA_SOURCE,NP20,true,SOURCE_DATA_INTENSITY,4305820,POSITIVE_FINITE,true
PXD068107_WESTLAKE_OMNIPROT_TECHNICAL,Westlake University,heatmap_2b,2b_heatmap,8,BKX8,P11166,P11166,PXD068107_NP20,POOLED_TECHNICAL_PLASMA_SOURCE,NP20,true,SOURCE_DATA_INTENSITY,583602,POSITIVE_FINITE,true
PXD068107_WESTLAKE_OMNIPROT_TECHNICAL,Westlake University,heatmap_2b,2b_heatmap,8,BLT8,P11413,P11413,PXD068107_NP20,POOLED_TECHNICAL_PLASMA_SOURCE,NP20,true,SOURCE_DATA_INTENSITY,69504,POSITIVE_FINITE,true
PXD068107_WESTLAKE_OMNIPROT_TECHNICAL,Westlake University,heatmap_2b,2b_heatmap,8,BOZ8,P13796,P13796,PXD068107_NP20,POOLED_TECHNICAL_PLASMA_SOURCE,NP20,true,SOURCE_DATA_INTENSITY,730500,POSITIVE_FINITE,true
PXD068107_WESTLAKE_OMNIPROT_TECHNICAL,Westlake University,heatmap_2b,2b_heatmap,8,BQN8,P14868,P14868,PXD068107_NP20,POOLED_TECHNICAL_PLASMA_SOURCE,NP20,true,SOURCE_DATA_INTENSITY,44768.599999999999,POSITIVE_FINITE,true
PXD068107_WESTLAKE_OMNIPROT_TECHNICAL,Westlake University,heatmap_2b,2b_heatmap,8,BRP8,P15531,P15531,PXD068107_NP20,POOLED_TECHNICAL_PLASMA_SOURCE,NP20,true,SOURCE_DATA_INTENSITY,614967,POSITIVE_FINITE,true
PXD068107_WESTLAKE_OMNIPROT_TECHNICAL,Westlake University,heatmap_2b,2b_heatmap,8,BTD8,P16615,P16615,PXD068107_NP20,POOLED_TECHNICAL_PLASMA_SOURCE,NP20,true,SOURCE_DATA_INTENSITY,217228,POSITIVE_FINITE,true
PXD068107_WESTLAKE_OMNIPROT_TECHNICAL,Westlake University,heatmap_2b,2b_heatmap,8,BWA8,P19367,P19367,PXD068107_NP20,POOLED_TECHNICAL_PLASMA_SOURCE,NP20,true,SOURCE_DATA_INTENSITY,339543,POSITIVE_FINITE,true
PXD068107_WESTLAKE_OMNIPROT_TECHNICAL,Westlake University,heatmap_2b,2b_heatmap,8,BXV8,P20645,P20645,PXD068107_NP20,POOLED_TECHNICAL_PLASMA_SOURCE,NP20,true,SOURCE_DATA_INTENSITY,10660,POSITIVE_FINITE,true
PXD068107_WESTLAKE_OMNIPROT_TECHNICAL,Westlake University,heatmap_2b,2b_heatmap,8,BZN8,P21796,P21796,PXD068107_NP20,POOLED_TECHNICAL_PLASMA_SOURCE,NP20,true,SOURCE_DATA_INTENSITY,112995,POSITIVE_FINITE,true
PXD068107_WESTLAKE_OMNIPROT_TECHNICAL,Westlake University,heatmap_2b,2b_heatmap,8,CBV8,P23284,P23284,PXD068107_NP20,POOLED_TECHNICAL_PLASMA_SOURCE,NP20,true,SOURCE_DATA_INTENSITY,95040,POSITIVE_FINITE,true
PXD068107_WESTLAKE_OMNIPROT_TECHNICAL,Westlake University,heatmap_2b,2b_heatmap,8,CDO8,P24844,P24844,PXD068107_NP20,POOLED_TECHNICAL_PLASMA_SOURCE,NP20,true,SOURCE_DATA_INTENSITY,65385.5,POSITIVE_FINITE,true
PXD068107_WESTLAKE_OMNIPROT_TECHNICAL,Westlake University,heatmap_2b,2b_heatmap,8,CES8,P26038,P26038,PXD068107_NP20,POOLED_TECHNICAL_PLASMA_SOURCE,NP20,true,SOURCE_DATA_INTENSITY,1271110,POSITIVE_FINITE,true
PXD068107_WESTLAKE_OMNIPROT_TECHNICAL,Westlake University,heatmap_2b,2b_heatmap,8,CFF8,P26641,P26641,PXD068107_NP20,POOLED_TECHNICAL_PLASMA_SOURCE,NP20,true,SOURCE_DATA_INTENSITY,141253,POSITIVE_FINITE,true
PXD068107_WESTLAKE_OMNIPROT_TECHNICAL,Westlake University,heatmap_2b,2b_heatmap,8,CFP8,P27348,P27348,PXD068107_NP20,POOLED_TECHNICAL_PLASMA_SOURCE,NP20,true,SOURCE_DATA_INTENSITY,43280.400000000001,POSITIVE_FINITE,true
PXD068107_WESTLAKE_OMNIPROT_TECHNICAL,Westlake University,heatmap_2b,2b_heatmap,8,CGC8,P27797,P27797,PXD068107_NP20,POOLED_TECHNICAL_PLASMA_SOURCE,NP20,true,SOURCE_DATA_INTENSITY,567843,POSITIVE_FINITE,true
PXD068107_WESTLAKE_OMNIPROT_TECHNICAL,Westlake University,heatmap_2b,2b_heatmap,8,CGL8,P28066,P28066,PXD068107_NP20,POOLED_TECHNICAL_PLASMA_SOURCE,NP20,true,SOURCE_DATA_INTENSITY,126949,POSITIVE_FINITE,true
PXD068107_WESTLAKE_OMNIPROT_TECHNICAL,Westlake University,heatmap_2b,2b_heatmap,8,CGM8,P28070,P28070,PXD068107_NP20,POOLED_TECHNICAL_PLASMA_SOURCE,NP20,true,SOURCE_DATA_INTENSITY,149686,POSITIVE_FINITE,true
PXD068107_WESTLAKE_OMNIPROT_TECHNICAL,Westlake University,heatmap_2b,2b_heatmap,8,CIL8,P30041,P30041,PXD068107_NP20,POOLED_TECHNICAL_PLASMA_SOURCE,NP20,true,SOURCE_DATA_INTENSITY,2130820,POSITIVE_FINITE,true
PXD068107_WESTLAKE_OMNIPROT_TECHNICAL,Westlake University,heatmap_2b,2b_heatmap,8,CIN8,P30044,P30044,PXD068107_NP20,POOLED_TECHNICAL_PLASMA_SOURCE,NP20,true,SOURCE_DATA_INTENSITY,59846.900000000001,POSITIVE_FINITE,true
PXD068107_WESTLAKE_OMNIPROT_TECHNICAL,Westlake University,heatmap_2b,2b_heatmap,8,CIQ8,P30048,P30048,PXD068107_NP20,POOLED_TECHNICAL_PLASMA_SOURCE,NP20,true,SOURCE_DATA_INTENSITY,40523.699999999997,POSITIVE_FINITE,true
PXD068107_WESTLAKE_OMNIPROT_TECHNICAL,Westlake University,heatmap_2b,2b_heatmap,8,CIW8,P30101,P30101,PXD068107_NP20,POOLED_TECHNICAL_PLASMA_SOURCE,NP20,true,SOURCE_DATA_INTENSITY,642298,POSITIVE_FINITE,true
PXD068107_WESTLAKE_OMNIPROT_TECHNICAL,Westlake University,heatmap_2b,2b_heatmap,8,CQE8,P37802,P37802,PXD068107_NP20,POOLED_TECHNICAL_PLASMA_SOURCE,NP20,true,SOURCE_DATA_INTENSITY,1279140,POSITIVE_FINITE,true
PXD068107_WESTLAKE_OMNIPROT_TECHNICAL,Westlake University,heatmap_2b,2b_heatmap,8,CQM8,P38646,P38646,PXD068107_NP20,POOLED_TECHNICAL_PLASMA_SOURCE,NP20,true,SOURCE_DATA_INTENSITY,108683,POSITIVE_FINITE,true
PXD068107_WESTLAKE_OMNIPROT_TECHNICAL,Westlake University,heatmap_2b,2b_heatmap,8,CUZ8,P45880,P45880,PXD068107_NP20,POOLED_TECHNICAL_PLASMA_SOURCE,NP20,true,SOURCE_DATA_INTENSITY,104776,POSITIVE_FINITE,true
PXD068107_WESTLAKE_OMNIPROT_TECHNICAL,Westlake University,heatmap_2b,2b_heatmap,8,CZE8,P49411,P49411,PXD068107_NP20,POOLED_TECHNICAL_PLASMA_SOURCE,NP20,true,SOURCE_DATA_INTENSITY,340543,POSITIVE_FINITE,true
PXD068107_WESTLAKE_OMNIPROT_TECHNICAL,Westlake University,heatmap_2b,2b_heatmap,8,DCJ8,P50990,P50990,PXD068107_NP20,POOLED_TECHNICAL_PLASMA_SOURCE,NP20,true,SOURCE_DATA_INTENSITY,176232,POSITIVE_FINITE,true
PXD068107_WESTLAKE_OMNIPROT_TECHNICAL,Westlake University,heatmap_2b,2b_heatmap,8,DCK8,P50991,P50991,PXD068107_NP20,POOLED_TECHNICAL_PLASMA_SOURCE,NP20,true,SOURCE_DATA_INTENSITY,106473,POSITIVE_FINITE,true
PXD068107_WESTLAKE_OMNIPROT_TECHNICAL,Westlake University,heatmap_2b,2b_heatmap,8,DCL8,P50995,P50995,PXD068107_NP20,POOLED_TECHNICAL_PLASMA_SOURCE,NP20,true,SOURCE_DATA_INTENSITY,427616,POSITIVE_FINITE,true
PXD068107_WESTLAKE_OMNIPROT_TECHNICAL,Westlake University,heatmap_2b,2b_heatmap,8,DFZ8,P52907,P52907,PXD068107_NP20,POOLED_TECHNICAL_PLASMA_SOURCE,NP20,true,SOURCE_DATA_INTENSITY,265752,POSITIVE_FINITE,true
PXD068107_WESTLAKE_OMNIPROT_TECHNICAL,Westlake University,heatmap_2b,2b_heatmap,8,DGJ8,P53396,P53396,PXD068107_NP20,POOLED_TECHNICAL_PLASMA_SOURCE,NP20,true,SOURCE_DATA_INTENSITY,333151,POSITIVE_FINITE,true
PXD068107_WESTLAKE_OMNIPROT_TECHNICAL,Westlake University,heatmap_2b,2b_heatmap,8,DIY8,P55072,P55072,PXD068107_NP20,POOLED_TECHNICAL_PLASMA_SOURCE,NP20,true,SOURCE_DATA_INTENSITY,785332,POSITIVE_FINITE,true
PXD068107_WESTLAKE_OMNIPROT_TECHNICAL,Westlake University,heatmap_2b,2b_heatmap,8,DMJ8,P60174,P60174,PXD068107_NP20,POOLED_TECHNICAL_PLASMA_SOURCE,NP20,true,SOURCE_DATA_INTENSITY,725715,POSITIVE_FINITE,true
PXD068107_WESTLAKE_OMNIPROT_TECHNICAL,Westlake University,heatmap_2b,2b_heatmap,8,DNG8,P61006,P61006,PXD068107_NP20,POOLED_TECHNICAL_PLASMA_SOURCE,NP20,true,SOURCE_DATA_INTENSITY,52752.400000000001,POSITIVE_FINITE,true
PXD068107_WESTLAKE_OMNIPROT_TECHNICAL,Westlake University,heatmap_2b,2b_heatmap,8,DNM8,P61026,P61026,PXD068107_NP20,POOLED_TECHNICAL_PLASMA_SOURCE,NP20,true,SOURCE_DATA_INTENSITY,69308,POSITIVE_FINITE,true
PXD068107_WESTLAKE_OMNIPROT_TECHNICAL,Westlake University,heatmap_2b,2b_heatmap,8,DNS8,P61106,P61106,PXD068107_NP20,POOLED_TECHNICAL_PLASMA_SOURCE,NP20,true,SOURCE_DATA_INTENSITY,163678,POSITIVE_FINITE,true
PXD068107_WESTLAKE_OMNIPROT_TECHNICAL,Westlake University,heatmap_2b,2b_heatmap,8,DPG8,P61978,P61978,PXD068107_NP20,POOLED_TECHNICAL_PLASMA_SOURCE,NP20,true,SOURCE_DATA_INTENSITY,148700,POSITIVE_FINITE,true
PXD068107_WESTLAKE_OMNIPROT_TECHNICAL,Westlake University,heatmap_2b,2b_heatmap,8,DPH8,P61981,P61981,PXD068107_NP20,POOLED_TECHNICAL_PLASMA_SOURCE,NP20,true,SOURCE_DATA_INTENSITY,277715,POSITIVE_FINITE,true
PXD068107_WESTLAKE_OMNIPROT_TECHNICAL,Westlake University,heatmap_2b,2b_heatmap,8,DQK8,P62330,P62330,PXD068107_NP20,POOLED_TECHNICAL_PLASMA_SOURCE,NP20,true,SOURCE_DATA_INTENSITY,39438.099999999999,POSITIVE_FINITE,true
PXD068107_WESTLAKE_OMNIPROT_TECHNICAL,Westlake University,heatmap_2b,2b_heatmap,8,DQX8,P62805,P62805,PXD068107_NP20,POOLED_TECHNICAL_PLASMA_SOURCE,NP20,true,SOURCE_DATA_INTENSITY,6538020,POSITIVE_FINITE,true
PXD068107_WESTLAKE_OMNIPROT_TECHNICAL,Westlake University,heatmap_2b,2b_heatmap,8,DRY8,P63000,P63000,PXD068107_NP20,POOLED_TECHNICAL_PLASMA_SOURCE,NP20,true,SOURCE_DATA_INTENSITY,255401,POSITIVE_FINITE,true
PXD068107_WESTLAKE_OMNIPROT_TECHNICAL,Westlake University,heatmap_2b,2b_heatmap,8,DTD8,P68366,P68366,PXD068107_NP20,POOLED_TECHNICAL_PLASMA_SOURCE,NP20,true,SOURCE_DATA_INTENSITY,2718890,POSITIVE_FINITE,true
PXD068107_WESTLAKE_OMNIPROT_TECHNICAL,Westlake University,heatmap_2b,2b_heatmap,8,DUE8,P78417,P78417,PXD068107_NP20,POOLED_TECHNICAL_PLASMA_SOURCE,NP20,true,SOURCE_DATA_INTENSITY,596752,POSITIVE_FINITE,true
PXD068107_WESTLAKE_OMNIPROT_TECHNICAL,Westlake University,heatmap_2b,2b_heatmap,8,EAQ8,Q04695,Q04695,PXD068107_NP20,POOLED_TECHNICAL_PLASMA_SOURCE,NP20,true,SOURCE_DATA_INTENSITY,2766190,POSITIVE_FINITE,true
PXD068107_WESTLAKE_OMNIPROT_TECHNICAL,Westlake University,heatmap_2b,2b_heatmap,8,EPH8,Q14247,Q14247,PXD068107_NP20,POOLED_TECHNICAL_PLASMA_SOURCE,NP20,true,SOURCE_DATA_INTENSITY,369770,POSITIVE_FINITE,true
PXD068107_WESTLAKE_OMNIPROT_TECHNICAL,Westlake University,heatmap_2b,2b_heatmap,8,ESK8,Q14974,Q14974,PXD068107_NP20,POOLED_TECHNICAL_PLASMA_SOURCE,NP20,true,SOURCE_DATA_INTENSITY,116354,POSITIVE_FINITE,true
PXD068107_WESTLAKE_OMNIPROT_TECHNICAL,Westlake University,heatmap_2b,2b_heatmap,8,EUC8,Q15084,Q15084,PXD068107_NP20,POOLED_TECHNICAL_PLASMA_SOURCE,NP20,true,SOURCE_DATA_INTENSITY,180930,POSITIVE_FINITE,true
PXD068107_WESTLAKE_OMNIPROT_TECHNICAL,Westlake University,heatmap_2b,2b_heatmap,8,EVQ8,Q15365,Q15365,PXD068107_NP20,POOLED_TECHNICAL_PLASMA_SOURCE,NP20,true,SOURCE_DATA_INTENSITY,197955,POSITIVE_FINITE,true
PXD068107_WESTLAKE_OMNIPROT_TECHNICAL,Westlake University,heatmap_2b,2b_heatmap,8,EWB8,Q15404,Q15404,PXD068107_NP20,POOLED_TECHNICAL_PLASMA_SOURCE,NP20,true,SOURCE_DATA_INTENSITY,149878,POSITIVE_FINITE,true
PXD068107_WESTLAKE_OMNIPROT_TECHNICAL,Westlake University,heatmap_2b,2b_heatmap,8,EXI8,Q15691,Q15691,PXD068107_NP20,POOLED_TECHNICAL_PLASMA_SOURCE,NP20,true,SOURCE_DATA_INTENSITY,35567.400000000001,POSITIVE_FINITE,true
PXD068107_WESTLAKE_OMNIPROT_TECHNICAL,Westlake University,heatmap_2b,2b_heatmap,8,EYN8,Q15942,Q15942,PXD068107_NP20,POOLED_TECHNICAL_PLASMA_SOURCE,NP20,true,SOURCE_DATA_INTENSITY,122740,POSITIVE_FINITE,true
PXD068107_WESTLAKE_OMNIPROT_TECHNICAL,Westlake University,heatmap_2b,2b_heatmap,8,EZF8,Q16543,Q16543,PXD068107_NP20,POOLED_TECHNICAL_PLASMA_SOURCE,NP20,true,SOURCE_DATA_INTENSITY,82115.199999999997,POSITIVE_FINITE,true
PXD068107_WESTLAKE_OMNIPROT_TECHNICAL,Westlake University,heatmap_2b,2b_heatmap,8,EZZ8,Q16643,Q16643,PXD068107_NP20,POOLED_TECHNICAL_PLASMA_SOURCE,NP20,true,SOURCE_DATA_INTENSITY,5821.5900000000001,POSITIVE_FINITE,true
PXD068107_WESTLAKE_OMNIPROT_TECHNICAL,Westlake University,heatmap_2b,2b_heatmap,8,FAP8,Q16762,Q16762,PXD068107_NP20,POOLED_TECHNICAL_PLASMA_SOURCE,NP20,true,SOURCE_DATA_INTENSITY,34254,POSITIVE_FINITE,true
PXD068107_WESTLAKE_OMNIPROT_TECHNICAL,Westlake University,heatmap_2b,2b_heatmap,8,FBY8,Q27J81,Q27J81,PXD068107_NP20,POOLED_TECHNICAL_PLASMA_SOURCE,NP20,true,SOURCE_DATA_INTENSITY,77110.399999999994,POSITIVE_FINITE,true
PXD068107_WESTLAKE_OMNIPROT_TECHNICAL,Westlake University,heatmap_2b,2b_heatmap,8,FGK8,Q58FF8,Q58FF8,PXD068107_NP20,POOLED_TECHNICAL_PLASMA_SOURCE,NP20,true,SOURCE_DATA_INTENSITY,6224.3100000000004,POSITIVE_FINITE,true
PXD068107_WESTLAKE_OMNIPROT_TECHNICAL,Westlake University,heatmap_2b,2b_heatmap,8,FYD8,Q70J99,Q70J99,PXD068107_NP20,POOLED_TECHNICAL_PLASMA_SOURCE,NP20,true,SOURCE_DATA_INTENSITY,35161.400000000001,POSITIVE_FINITE,true
PXD068107_WESTLAKE_OMNIPROT_TECHNICAL,Westlake University,heatmap_2b,2b_heatmap,8,FZH8,Q7L576,Q7L576,PXD068107_NP20,POOLED_TECHNICAL_PLASMA_SOURCE,NP20,true,SOURCE_DATA_INTENSITY,212376,POSITIVE_FINITE,true
PXD068107_WESTLAKE_OMNIPROT_TECHNICAL,Westlake University,heatmap_2b,2b_heatmap,8,GBF8,Q7Z406,Q7Z406,PXD068107_NP20,POOLED_TECHNICAL_PLASMA_SOURCE,NP20,true,SOURCE_DATA_INTENSITY,79617.899999999994,POSITIVE_FINITE,true
PXD068107_WESTLAKE_OMNIPROT_TECHNICAL,Westlake University,heatmap_2b,2b_heatmap,8,GFO8,Q86VP6,Q86VP6,PXD068107_NP20,POOLED_TECHNICAL_PLASMA_SOURCE,NP20,true,SOURCE_DATA_INTENSITY,291856,POSITIVE_FINITE,true
PXD068107_WESTLAKE_OMNIPROT_TECHNICAL,Westlake University,heatmap_2b,2b_heatmap,8,GXT8,Q8TC12,Q8TC12,PXD068107_NP20,POOLED_TECHNICAL_PLASMA_SOURCE,NP20,true,SOURCE_DATA_INTENSITY,25453.400000000001,POSITIVE_FINITE,true
PXD068107_WESTLAKE_OMNIPROT_TECHNICAL,Westlake University,heatmap_2b,2b_heatmap,8,HJL8,Q93084,Q93084,PXD068107_NP20,POOLED_TECHNICAL_PLASMA_SOURCE,NP20,true,SOURCE_DATA_INTENSITY,157244,POSITIVE_FINITE,true
PXD068107_WESTLAKE_OMNIPROT_TECHNICAL,Westlake University,heatmap_2b,2b_heatmap,8,IBO8,Q99733,Q99733,PXD068107_NP20,POOLED_TECHNICAL_PLASMA_SOURCE,NP20,true,SOURCE_DATA_INTENSITY,106624,POSITIVE_FINITE,true
PXD068107_WESTLAKE_OMNIPROT_TECHNICAL,Westlake University,heatmap_2b,2b_heatmap,8,ICI8,Q99832,Q99832,PXD068107_NP20,POOLED_TECHNICAL_PLASMA_SOURCE,NP20,true,SOURCE_DATA_INTENSITY,248275,POSITIVE_FINITE,true
PXD068107_WESTLAKE_OMNIPROT_TECHNICAL,Westlake University,heatmap_2b,2b_heatmap,8,IFI8,Q9BS26,Q9BS26,PXD068107_NP20,POOLED_TECHNICAL_PLASMA_SOURCE,NP20,true,SOURCE_DATA_INTENSITY,88746.399999999994,POSITIVE_FINITE,true
PXD068107_WESTLAKE_OMNIPROT_TECHNICAL,Westlake University,heatmap_2b,2b_heatmap,8,IFU8,Q9BSJ8,Q9BSJ8,PXD068107_NP20,POOLED_TECHNICAL_PLASMA_SOURCE,NP20,true,SOURCE_DATA_INTENSITY,63493.400000000001,POSITIVE_FINITE,true
PXD068107_WESTLAKE_OMNIPROT_TECHNICAL,Westlake University,heatmap_2b,2b_heatmap,8,ITX8,Q9H4B7,Q9H4B7,PXD068107_NP20,POOLED_TECHNICAL_PLASMA_SOURCE,NP20,true,SOURCE_DATA_INTENSITY,1138630,POSITIVE_FINITE,true
PXD068107_WESTLAKE_OMNIPROT_TECHNICAL,Westlake University,heatmap_2b,2b_heatmap,8,JAC8,Q9HDC9,Q9HDC9,PXD068107_NP20,POOLED_TECHNICAL_PLASMA_SOURCE,NP20,true,SOURCE_DATA_INTENSITY,17500600,POSITIVE_FINITE,true
PXD068107_WESTLAKE_OMNIPROT_TECHNICAL,Westlake University,heatmap_2b,2b_heatmap,8,JCH8,Q9NQC3,Q9NQC3,PXD068107_NP20,POOLED_TECHNICAL_PLASMA_SOURCE,NP20,true,SOURCE_DATA_INTENSITY,71373.899999999994,POSITIVE_FINITE,true
PXD068107_WESTLAKE_OMNIPROT_TECHNICAL,Westlake University,heatmap_2b,2b_heatmap,8,JDC8,Q9NR12,Q9NR12,PXD068107_NP20,POOLED_TECHNICAL_PLASMA_SOURCE,NP20,true,SOURCE_DATA_INTENSITY,53927.400000000001,POSITIVE_FINITE,true
PXD068107_WESTLAKE_OMNIPROT_TECHNICAL,Westlake University,heatmap_2b,2b_heatmap,8,JEP8,Q9NRW1,Q9NRW1,PXD068107_NP20,POOLED_TECHNICAL_PLASMA_SOURCE,NP20,true,SOURCE_DATA_INTENSITY,52510.5,POSITIVE_FINITE,true
PXD068107_WESTLAKE_OMNIPROT_TECHNICAL,Westlake University,heatmap_2b,2b_heatmap,8,JFD8,Q9NS28,Q9NS28,PXD068107_NP20,POOLED_TECHNICAL_PLASMA_SOURCE,NP20,true,SOURCE_DATA_INTENSITY,,SOURCE_NA,false
PXD068107_WESTLAKE_OMNIPROT_TECHNICAL,Westlake University,heatmap_2b,2b_heatmap,8,JKP8,Q9NY65,Q9NY65,PXD068107_NP20,POOLED_TECHNICAL_PLASMA_SOURCE,NP20,true,SOURCE_DATA_INTENSITY,51005.699999999997,POSITIVE_FINITE,true
PXD068107_WESTLAKE_OMNIPROT_TECHNICAL,Westlake University,heatmap_2b,2b_heatmap,8,KDT8,Q9Y2A7,Q9Y2A7,PXD068107_NP20,POOLED_TECHNICAL_PLASMA_SOURCE,NP20,true,SOURCE_DATA_INTENSITY,51997.699999999997,POSITIVE_FINITE,true
PXD068107_WESTLAKE_OMNIPROT_TECHNICAL,Westlake University,heatmap_2b,2b_heatmap,8,KHC8,Q9Y3F4,Q9Y3F4,PXD068107_NP20,POOLED_TECHNICAL_PLASMA_SOURCE,NP20,true,SOURCE_DATA_INTENSITY,10684.700000000001,POSITIVE_FINITE,true
PXD068107_WESTLAKE_OMNIPROT_TECHNICAL,Westlake University,heatmap_2b,2b_heatmap,9,GY9,O00151,O00151,PXD068107_NP23,POOLED_TECHNICAL_PLASMA_SOURCE,NP23,true,SOURCE_DATA_INTENSITY,6528140,POSITIVE_FINITE,true
PXD068107_WESTLAKE_OMNIPROT_TECHNICAL,Westlake University,heatmap_2b,2b_heatmap,9,HI9,O00187,O00187,PXD068107_NP23,POOLED_TECHNICAL_PLASMA_SOURCE,NP23,true,SOURCE_DATA_INTENSITY,11478100,POSITIVE_FINITE,true
PXD068107_WESTLAKE_OMNIPROT_TECHNICAL,Westlake University,heatmap_2b,2b_heatmap,9,HZ9,O00264,O00264,PXD068107_NP23,POOLED_TECHNICAL_PLASMA_SOURCE,NP23,true,SOURCE_DATA_INTENSITY,5919170,POSITIVE_FINITE,true
PXD068107_WESTLAKE_OMNIPROT_TECHNICAL,Westlake University,heatmap_2b,2b_heatmap,9,IE9,O00299,O00299,PXD068107_NP23,POOLED_TECHNICAL_PLASMA_SOURCE,NP23,true,SOURCE_DATA_INTENSITY,9351020,POSITIVE_FINITE,true
PXD068107_WESTLAKE_OMNIPROT_TECHNICAL,Westlake University,heatmap_2b,2b_heatmap,9,IQ9,O00410,O00410,PXD068107_NP23,POOLED_TECHNICAL_PLASMA_SOURCE,NP23,true,SOURCE_DATA_INTENSITY,4969940,POSITIVE_FINITE,true
PXD068107_WESTLAKE_OMNIPROT_TECHNICAL,Westlake University,heatmap_2b,2b_heatmap,9,OY9,O15145,O15145,PXD068107_NP23,POOLED_TECHNICAL_PLASMA_SOURCE,NP23,true,SOURCE_DATA_INTENSITY,56710900,POSITIVE_FINITE,true
PXD068107_WESTLAKE_OMNIPROT_TECHNICAL,Westlake University,heatmap_2b,2b_heatmap,9,AAP9,O75083,O75083,PXD068107_NP23,POOLED_TECHNICAL_PLASMA_SOURCE,NP23,true,SOURCE_DATA_INTENSITY,37802800,POSITIVE_FINITE,true
PXD068107_WESTLAKE_OMNIPROT_TECHNICAL,Westlake University,heatmap_2b,2b_heatmap,9,ADS9,O75531,O75531,PXD068107_NP23,POOLED_TECHNICAL_PLASMA_SOURCE,NP23,true,SOURCE_DATA_INTENSITY,2638390,POSITIVE_FINITE,true
PXD068107_WESTLAKE_OMNIPROT_TECHNICAL,Westlake University,heatmap_2b,2b_heatmap,9,AOR9,P00387,P00387,PXD068107_NP23,POOLED_TECHNICAL_PLASMA_SOURCE,NP23,true,SOURCE_DATA_INTENSITY,28446800,POSITIVE_FINITE,true
PXD068107_WESTLAKE_OMNIPROT_TECHNICAL,Westlake University,heatmap_2b,2b_heatmap,9,AOT9,P00403,P00403,PXD068107_NP23,POOLED_TECHNICAL_PLASMA_SOURCE,NP23,true,SOURCE_DATA_INTENSITY,11740900,POSITIVE_FINITE,true
PXD068107_WESTLAKE_OMNIPROT_TECHNICAL,Westlake University,heatmap_2b,2b_heatmap,9,ARE9,P01275,P01275,PXD068107_NP23,POOLED_TECHNICAL_PLASMA_SOURCE,NP23,true,SOURCE_DATA_INTENSITY,959289,POSITIVE_FINITE,true
PXD068107_WESTLAKE_OMNIPROT_TECHNICAL,Westlake University,heatmap_2b,2b_heatmap,9,AVX9,P04004,P04004,PXD068107_NP23,POOLED_TECHNICAL_PLASMA_SOURCE,NP23,true,SOURCE_DATA_INTENSITY,174461000,POSITIVE_FINITE,true
PXD068107_WESTLAKE_OMNIPROT_TECHNICAL,Westlake University,heatmap_2b,2b_heatmap,9,AWW9,P04264,P04264,PXD068107_NP23,POOLED_TECHNICAL_PLASMA_SOURCE,NP23,true,SOURCE_DATA_INTENSITY,126935000,POSITIVE_FINITE,true
PXD068107_WESTLAKE_OMNIPROT_TECHNICAL,Westlake University,heatmap_2b,2b_heatmap,9,AXO9,P04844,P04844,PXD068107_NP23,POOLED_TECHNICAL_PLASMA_SOURCE,NP23,true,SOURCE_DATA_INTENSITY,3732740,POSITIVE_FINITE,true
PXD068107_WESTLAKE_OMNIPROT_TECHNICAL,Westlake University,heatmap_2b,2b_heatmap,9,AXU9,P05023,P05023,PXD068107_NP23,POOLED_TECHNICAL_PLASMA_SOURCE,NP23,true,SOURCE_DATA_INTENSITY,4986610,POSITIVE_FINITE,true
PXD068107_WESTLAKE_OMNIPROT_TECHNICAL,Westlake University,heatmap_2b,2b_heatmap,9,AZG9,P05556,P05556,PXD068107_NP23,POOLED_TECHNICAL_PLASMA_SOURCE,NP23,true,SOURCE_DATA_INTENSITY,101852000,POSITIVE_FINITE,true
PXD068107_WESTLAKE_OMNIPROT_TECHNICAL,Westlake University,heatmap_2b,2b_heatmap,9,BAA9,P06396,P06396,PXD068107_NP23,POOLED_TECHNICAL_PLASMA_SOURCE,NP23,true,SOURCE_DATA_INTENSITY,74823500,POSITIVE_FINITE,true
PXD068107_WESTLAKE_OMNIPROT_TECHNICAL,Westlake University,heatmap_2b,2b_heatmap,9,BAC9,P06576,P06576,PXD068107_NP23,POOLED_TECHNICAL_PLASMA_SOURCE,NP23,true,SOURCE_DATA_INTENSITY,26693700,POSITIVE_FINITE,true
PXD068107_WESTLAKE_OMNIPROT_TECHNICAL,Westlake University,heatmap_2b,2b_heatmap,9,BCX9,P07996,P07996,PXD068107_NP23,POOLED_TECHNICAL_PLASMA_SOURCE,NP23,true,SOURCE_DATA_INTENSITY,54634400,POSITIVE_FINITE,true
PXD068107_WESTLAKE_OMNIPROT_TECHNICAL,Westlake University,heatmap_2b,2b_heatmap,9,BGG9,P09493,P09493,PXD068107_NP23,POOLED_TECHNICAL_PLASMA_SOURCE,NP23,true,SOURCE_DATA_INTENSITY,20358400,POSITIVE_FINITE,true
PXD068107_WESTLAKE_OMNIPROT_TECHNICAL,Westlake University,heatmap_2b,2b_heatmap,9,BJV9,P10599,P10599,PXD068107_NP23,POOLED_TECHNICAL_PLASMA_SOURCE,NP23,true,SOURCE_DATA_INTENSITY,23043400,POSITIVE_FINITE,true
PXD068107_WESTLAKE_OMNIPROT_TECHNICAL,Westlake University,heatmap_2b,2b_heatmap,9,BKB9,P10644,P10644,PXD068107_NP23,POOLED_TECHNICAL_PLASMA_SOURCE,NP23,true,SOURCE_DATA_INTENSITY,16720100,POSITIVE_FINITE,true
PXD068107_WESTLAKE_OMNIPROT_TECHNICAL,Westlake University,heatmap_2b,2b_heatmap,9,BKK9,P10809,P10809,PXD068107_NP23,POOLED_TECHNICAL_PLASMA_SOURCE,NP23,true,SOURCE_DATA_INTENSITY,30572700,POSITIVE_FINITE,true
PXD068107_WESTLAKE_OMNIPROT_TECHNICAL,Westlake University,heatmap_2b,2b_heatmap,9,BKP9,P11021,P11021,PXD068107_NP23,POOLED_TECHNICAL_PLASMA_SOURCE,NP23,true,SOURCE_DATA_INTENSITY,30365400,POSITIVE_FINITE,true
PXD068107_WESTLAKE_OMNIPROT_TECHNICAL,Westlake University,heatmap_2b,2b_heatmap,9,BKX9,P11166,P11166,PXD068107_NP23,POOLED_TECHNICAL_PLASMA_SOURCE,NP23,true,SOURCE_DATA_INTENSITY,20523800,POSITIVE_FINITE,true
PXD068107_WESTLAKE_OMNIPROT_TECHNICAL,Westlake University,heatmap_2b,2b_heatmap,9,BLT9,P11413,P11413,PXD068107_NP23,POOLED_TECHNICAL_PLASMA_SOURCE,NP23,true,SOURCE_DATA_INTENSITY,5829100,POSITIVE_FINITE,true
PXD068107_WESTLAKE_OMNIPROT_TECHNICAL,Westlake University,heatmap_2b,2b_heatmap,9,BOZ9,P13796,P13796,PXD068107_NP23,POOLED_TECHNICAL_PLASMA_SOURCE,NP23,true,SOURCE_DATA_INTENSITY,19889200,POSITIVE_FINITE,true
PXD068107_WESTLAKE_OMNIPROT_TECHNICAL,Westlake University,heatmap_2b,2b_heatmap,9,BQN9,P14868,P14868,PXD068107_NP23,POOLED_TECHNICAL_PLASMA_SOURCE,NP23,true,SOURCE_DATA_INTENSITY,4804710,POSITIVE_FINITE,true
PXD068107_WESTLAKE_OMNIPROT_TECHNICAL,Westlake University,heatmap_2b,2b_heatmap,9,BRP9,P15531,P15531,PXD068107_NP23,POOLED_TECHNICAL_PLASMA_SOURCE,NP23,true,SOURCE_DATA_INTENSITY,213083000,POSITIVE_FINITE,true
PXD068107_WESTLAKE_OMNIPROT_TECHNICAL,Westlake University,heatmap_2b,2b_heatmap,9,BTD9,P16615,P16615,PXD068107_NP23,POOLED_TECHNICAL_PLASMA_SOURCE,NP23,true,SOURCE_DATA_INTENSITY,9133380,POSITIVE_FINITE,true
PXD068107_WESTLAKE_OMNIPROT_TECHNICAL,Westlake University,heatmap_2b,2b_heatmap,9,BWA9,P19367,P19367,PXD068107_NP23,POOLED_TECHNICAL_PLASMA_SOURCE,NP23,true,SOURCE_DATA_INTENSITY,13457900,POSITIVE_FINITE,true
PXD068107_WESTLAKE_OMNIPROT_TECHNICAL,Westlake University,heatmap_2b,2b_heatmap,9,BXV9,P20645,P20645,PXD068107_NP23,POOLED_TECHNICAL_PLASMA_SOURCE,NP23,true,SOURCE_DATA_INTENSITY,2346090,POSITIVE_FINITE,true
PXD068107_WESTLAKE_OMNIPROT_TECHNICAL,Westlake University,heatmap_2b,2b_heatmap,9,BZN9,P21796,P21796,PXD068107_NP23,POOLED_TECHNICAL_PLASMA_SOURCE,NP23,true,SOURCE_DATA_INTENSITY,4643020,POSITIVE_FINITE,true
PXD068107_WESTLAKE_OMNIPROT_TECHNICAL,Westlake University,heatmap_2b,2b_heatmap,9,CBV9,P23284,P23284,PXD068107_NP23,POOLED_TECHNICAL_PLASMA_SOURCE,NP23,true,SOURCE_DATA_INTENSITY,5276940,POSITIVE_FINITE,true
PXD068107_WESTLAKE_OMNIPROT_TECHNICAL,Westlake University,heatmap_2b,2b_heatmap,9,CDO9,P24844,P24844,PXD068107_NP23,POOLED_TECHNICAL_PLASMA_SOURCE,NP23,true,SOURCE_DATA_INTENSITY,16140700,POSITIVE_FINITE,true
PXD068107_WESTLAKE_OMNIPROT_TECHNICAL,Westlake University,heatmap_2b,2b_heatmap,9,CES9,P26038,P26038,PXD068107_NP23,POOLED_TECHNICAL_PLASMA_SOURCE,NP23,true,SOURCE_DATA_INTENSITY,15063300,POSITIVE_FINITE,true
PXD068107_WESTLAKE_OMNIPROT_TECHNICAL,Westlake University,heatmap_2b,2b_heatmap,9,CFF9,P26641,P26641,PXD068107_NP23,POOLED_TECHNICAL_PLASMA_SOURCE,NP23,true,SOURCE_DATA_INTENSITY,27491200,POSITIVE_FINITE,true
PXD068107_WESTLAKE_OMNIPROT_TECHNICAL,Westlake University,heatmap_2b,2b_heatmap,9,CFP9,P27348,P27348,PXD068107_NP23,POOLED_TECHNICAL_PLASMA_SOURCE,NP23,true,SOURCE_DATA_INTENSITY,22134700,POSITIVE_FINITE,true
PXD068107_WESTLAKE_OMNIPROT_TECHNICAL,Westlake University,heatmap_2b,2b_heatmap,9,CGC9,P27797,P27797,PXD068107_NP23,POOLED_TECHNICAL_PLASMA_SOURCE,NP23,true,SOURCE_DATA_INTENSITY,6301500,POSITIVE_FINITE,true
PXD068107_WESTLAKE_OMNIPROT_TECHNICAL,Westlake University,heatmap_2b,2b_heatmap,9,CGL9,P28066,P28066,PXD068107_NP23,POOLED_TECHNICAL_PLASMA_SOURCE,NP23,true,SOURCE_DATA_INTENSITY,7639400,POSITIVE_FINITE,true
PXD068107_WESTLAKE_OMNIPROT_TECHNICAL,Westlake University,heatmap_2b,2b_heatmap,9,CGM9,P28070,P28070,PXD068107_NP23,POOLED_TECHNICAL_PLASMA_SOURCE,NP23,true,SOURCE_DATA_INTENSITY,17931000,POSITIVE_FINITE,true
PXD068107_WESTLAKE_OMNIPROT_TECHNICAL,Westlake University,heatmap_2b,2b_heatmap,9,CIL9,P30041,P30041,PXD068107_NP23,POOLED_TECHNICAL_PLASMA_SOURCE,NP23,true,SOURCE_DATA_INTENSITY,33200200,POSITIVE_FINITE,true
PXD068107_WESTLAKE_OMNIPROT_TECHNICAL,Westlake University,heatmap_2b,2b_heatmap,9,CIN9,P30044,P30044,PXD068107_NP23,POOLED_TECHNICAL_PLASMA_SOURCE,NP23,true,SOURCE_DATA_INTENSITY,3680700,POSITIVE_FINITE,true
PXD068107_WESTLAKE_OMNIPROT_TECHNICAL,Westlake University,heatmap_2b,2b_heatmap,9,CIQ9,P30048,P30048,PXD068107_NP23,POOLED_TECHNICAL_PLASMA_SOURCE,NP23,true,SOURCE_DATA_INTENSITY,1323890,POSITIVE_FINITE,true
PXD068107_WESTLAKE_OMNIPROT_TECHNICAL,Westlake University,heatmap_2b,2b_heatmap,9,CIW9,P30101,P30101,PXD068107_NP23,POOLED_TECHNICAL_PLASMA_SOURCE,NP23,true,SOURCE_DATA_INTENSITY,16114600,POSITIVE_FINITE,true
PXD068107_WESTLAKE_OMNIPROT_TECHNICAL,Westlake University,heatmap_2b,2b_heatmap,9,CQE9,P37802,P37802,PXD068107_NP23,POOLED_TECHNICAL_PLASMA_SOURCE,NP23,true,SOURCE_DATA_INTENSITY,75103500,POSITIVE_FINITE,true
PXD068107_WESTLAKE_OMNIPROT_TECHNICAL,Westlake University,heatmap_2b,2b_heatmap,9,CQM9,P38646,P38646,PXD068107_NP23,POOLED_TECHNICAL_PLASMA_SOURCE,NP23,true,SOURCE_DATA_INTENSITY,7280070,POSITIVE_FINITE,true
PXD068107_WESTLAKE_OMNIPROT_TECHNICAL,Westlake University,heatmap_2b,2b_heatmap,9,CUZ9,P45880,P45880,PXD068107_NP23,POOLED_TECHNICAL_PLASMA_SOURCE,NP23,true,SOURCE_DATA_INTENSITY,5046030,POSITIVE_FINITE,true
PXD068107_WESTLAKE_OMNIPROT_TECHNICAL,Westlake University,heatmap_2b,2b_heatmap,9,CZE9,P49411,P49411,PXD068107_NP23,POOLED_TECHNICAL_PLASMA_SOURCE,NP23,true,SOURCE_DATA_INTENSITY,3901170,POSITIVE_FINITE,true
PXD068107_WESTLAKE_OMNIPROT_TECHNICAL,Westlake University,heatmap_2b,2b_heatmap,9,DCJ9,P50990,P50990,PXD068107_NP23,POOLED_TECHNICAL_PLASMA_SOURCE,NP23,true,SOURCE_DATA_INTENSITY,5935890,POSITIVE_FINITE,true
PXD068107_WESTLAKE_OMNIPROT_TECHNICAL,Westlake University,heatmap_2b,2b_heatmap,9,DCK9,P50991,P50991,PXD068107_NP23,POOLED_TECHNICAL_PLASMA_SOURCE,NP23,true,SOURCE_DATA_INTENSITY,4235120,POSITIVE_FINITE,true
PXD068107_WESTLAKE_OMNIPROT_TECHNICAL,Westlake University,heatmap_2b,2b_heatmap,9,DCL9,P50995,P50995,PXD068107_NP23,POOLED_TECHNICAL_PLASMA_SOURCE,NP23,true,SOURCE_DATA_INTENSITY,16564600,POSITIVE_FINITE,true
PXD068107_WESTLAKE_OMNIPROT_TECHNICAL,Westlake University,heatmap_2b,2b_heatmap,9,DFZ9,P52907,P52907,PXD068107_NP23,POOLED_TECHNICAL_PLASMA_SOURCE,NP23,true,SOURCE_DATA_INTENSITY,19836800,POSITIVE_FINITE,true
PXD068107_WESTLAKE_OMNIPROT_TECHNICAL,Westlake University,heatmap_2b,2b_heatmap,9,DGJ9,P53396,P53396,PXD068107_NP23,POOLED_TECHNICAL_PLASMA_SOURCE,NP23,true,SOURCE_DATA_INTENSITY,3585100,POSITIVE_FINITE,true
PXD068107_WESTLAKE_OMNIPROT_TECHNICAL,Westlake University,heatmap_2b,2b_heatmap,9,DIY9,P55072,P55072,PXD068107_NP23,POOLED_TECHNICAL_PLASMA_SOURCE,NP23,true,SOURCE_DATA_INTENSITY,4863600,POSITIVE_FINITE,true
PXD068107_WESTLAKE_OMNIPROT_TECHNICAL,Westlake University,heatmap_2b,2b_heatmap,9,DMJ9,P60174,P60174,PXD068107_NP23,POOLED_TECHNICAL_PLASMA_SOURCE,NP23,true,SOURCE_DATA_INTENSITY,37173300,POSITIVE_FINITE,true
PXD068107_WESTLAKE_OMNIPROT_TECHNICAL,Westlake University,heatmap_2b,2b_heatmap,9,DNG9,P61006,P61006,PXD068107_NP23,POOLED_TECHNICAL_PLASMA_SOURCE,NP23,true,SOURCE_DATA_INTENSITY,42770400,POSITIVE_FINITE,true
PXD068107_WESTLAKE_OMNIPROT_TECHNICAL,Westlake University,heatmap_2b,2b_heatmap,9,DNM9,P61026,P61026,PXD068107_NP23,POOLED_TECHNICAL_PLASMA_SOURCE,NP23,true,SOURCE_DATA_INTENSITY,6288460,POSITIVE_FINITE,true
PXD068107_WESTLAKE_OMNIPROT_TECHNICAL,Westlake University,heatmap_2b,2b_heatmap,9,DNS9,P61106,P61106,PXD068107_NP23,POOLED_TECHNICAL_PLASMA_SOURCE,NP23,true,SOURCE_DATA_INTENSITY,9098210,POSITIVE_FINITE,true
PXD068107_WESTLAKE_OMNIPROT_TECHNICAL,Westlake University,heatmap_2b,2b_heatmap,9,DPG9,P61978,P61978,PXD068107_NP23,POOLED_TECHNICAL_PLASMA_SOURCE,NP23,true,SOURCE_DATA_INTENSITY,2759590,POSITIVE_FINITE,true
PXD068107_WESTLAKE_OMNIPROT_TECHNICAL,Westlake University,heatmap_2b,2b_heatmap,9,DPH9,P61981,P61981,PXD068107_NP23,POOLED_TECHNICAL_PLASMA_SOURCE,NP23,true,SOURCE_DATA_INTENSITY,49089500,POSITIVE_FINITE,true
PXD068107_WESTLAKE_OMNIPROT_TECHNICAL,Westlake University,heatmap_2b,2b_heatmap,9,DQK9,P62330,P62330,PXD068107_NP23,POOLED_TECHNICAL_PLASMA_SOURCE,NP23,true,SOURCE_DATA_INTENSITY,8451110,POSITIVE_FINITE,true
PXD068107_WESTLAKE_OMNIPROT_TECHNICAL,Westlake University,heatmap_2b,2b_heatmap,9,DQX9,P62805,P62805,PXD068107_NP23,POOLED_TECHNICAL_PLASMA_SOURCE,NP23,true,SOURCE_DATA_INTENSITY,69051400,POSITIVE_FINITE,true
PXD068107_WESTLAKE_OMNIPROT_TECHNICAL,Westlake University,heatmap_2b,2b_heatmap,9,DRY9,P63000,P63000,PXD068107_NP23,POOLED_TECHNICAL_PLASMA_SOURCE,NP23,true,SOURCE_DATA_INTENSITY,12895000,POSITIVE_FINITE,true
PXD068107_WESTLAKE_OMNIPROT_TECHNICAL,Westlake University,heatmap_2b,2b_heatmap,9,DTD9,P68366,P68366,PXD068107_NP23,POOLED_TECHNICAL_PLASMA_SOURCE,NP23,true,SOURCE_DATA_INTENSITY,7757530,POSITIVE_FINITE,true
PXD068107_WESTLAKE_OMNIPROT_TECHNICAL,Westlake University,heatmap_2b,2b_heatmap,9,DUE9,P78417,P78417,PXD068107_NP23,POOLED_TECHNICAL_PLASMA_SOURCE,NP23,true,SOURCE_DATA_INTENSITY,33198100,POSITIVE_FINITE,true
PXD068107_WESTLAKE_OMNIPROT_TECHNICAL,Westlake University,heatmap_2b,2b_heatmap,9,EAQ9,Q04695,Q04695,PXD068107_NP23,POOLED_TECHNICAL_PLASMA_SOURCE,NP23,true,SOURCE_DATA_INTENSITY,8104330,POSITIVE_FINITE,true
PXD068107_WESTLAKE_OMNIPROT_TECHNICAL,Westlake University,heatmap_2b,2b_heatmap,9,EPH9,Q14247,Q14247,PXD068107_NP23,POOLED_TECHNICAL_PLASMA_SOURCE,NP23,true,SOURCE_DATA_INTENSITY,5058220,POSITIVE_FINITE,true
PXD068107_WESTLAKE_OMNIPROT_TECHNICAL,Westlake University,heatmap_2b,2b_heatmap,9,ESK9,Q14974,Q14974,PXD068107_NP23,POOLED_TECHNICAL_PLASMA_SOURCE,NP23,true,SOURCE_DATA_INTENSITY,17496500,POSITIVE_FINITE,true
PXD068107_WESTLAKE_OMNIPROT_TECHNICAL,Westlake University,heatmap_2b,2b_heatmap,9,EUC9,Q15084,Q15084,PXD068107_NP23,POOLED_TECHNICAL_PLASMA_SOURCE,NP23,true,SOURCE_DATA_INTENSITY,5250620,POSITIVE_FINITE,true
PXD068107_WESTLAKE_OMNIPROT_TECHNICAL,Westlake University,heatmap_2b,2b_heatmap,9,EVQ9,Q15365,Q15365,PXD068107_NP23,POOLED_TECHNICAL_PLASMA_SOURCE,NP23,true,SOURCE_DATA_INTENSITY,22862100,POSITIVE_FINITE,true
PXD068107_WESTLAKE_OMNIPROT_TECHNICAL,Westlake University,heatmap_2b,2b_heatmap,9,EWB9,Q15404,Q15404,PXD068107_NP23,POOLED_TECHNICAL_PLASMA_SOURCE,NP23,true,SOURCE_DATA_INTENSITY,40606300,POSITIVE_FINITE,true
PXD068107_WESTLAKE_OMNIPROT_TECHNICAL,Westlake University,heatmap_2b,2b_heatmap,9,EXI9,Q15691,Q15691,PXD068107_NP23,POOLED_TECHNICAL_PLASMA_SOURCE,NP23,true,SOURCE_DATA_INTENSITY,27300100,POSITIVE_FINITE,true
PXD068107_WESTLAKE_OMNIPROT_TECHNICAL,Westlake University,heatmap_2b,2b_heatmap,9,EYN9,Q15942,Q15942,PXD068107_NP23,POOLED_TECHNICAL_PLASMA_SOURCE,NP23,true,SOURCE_DATA_INTENSITY,61297500,POSITIVE_FINITE,true
PXD068107_WESTLAKE_OMNIPROT_TECHNICAL,Westlake University,heatmap_2b,2b_heatmap,9,EZF9,Q16543,Q16543,PXD068107_NP23,POOLED_TECHNICAL_PLASMA_SOURCE,NP23,true,SOURCE_DATA_INTENSITY,2902170,POSITIVE_FINITE,true
PXD068107_WESTLAKE_OMNIPROT_TECHNICAL,Westlake University,heatmap_2b,2b_heatmap,9,EZZ9,Q16643,Q16643,PXD068107_NP23,POOLED_TECHNICAL_PLASMA_SOURCE,NP23,true,SOURCE_DATA_INTENSITY,1771740,POSITIVE_FINITE,true
PXD068107_WESTLAKE_OMNIPROT_TECHNICAL,Westlake University,heatmap_2b,2b_heatmap,9,FAP9,Q16762,Q16762,PXD068107_NP23,POOLED_TECHNICAL_PLASMA_SOURCE,NP23,true,SOURCE_DATA_INTENSITY,3737090,POSITIVE_FINITE,true
PXD068107_WESTLAKE_OMNIPROT_TECHNICAL,Westlake University,heatmap_2b,2b_heatmap,9,FBY9,Q27J81,Q27J81,PXD068107_NP23,POOLED_TECHNICAL_PLASMA_SOURCE,NP23,true,SOURCE_DATA_INTENSITY,11757800,POSITIVE_FINITE,true
PXD068107_WESTLAKE_OMNIPROT_TECHNICAL,Westlake University,heatmap_2b,2b_heatmap,9,FGK9,Q58FF8,Q58FF8,PXD068107_NP23,POOLED_TECHNICAL_PLASMA_SOURCE,NP23,true,SOURCE_DATA_INTENSITY,,SOURCE_NA,false
PXD068107_WESTLAKE_OMNIPROT_TECHNICAL,Westlake University,heatmap_2b,2b_heatmap,9,FYD9,Q70J99,Q70J99,PXD068107_NP23,POOLED_TECHNICAL_PLASMA_SOURCE,NP23,true,SOURCE_DATA_INTENSITY,3997150,POSITIVE_FINITE,true
PXD068107_WESTLAKE_OMNIPROT_TECHNICAL,Westlake University,heatmap_2b,2b_heatmap,9,FZH9,Q7L576,Q7L576,PXD068107_NP23,POOLED_TECHNICAL_PLASMA_SOURCE,NP23,true,SOURCE_DATA_INTENSITY,5546000,POSITIVE_FINITE,true
PXD068107_WESTLAKE_OMNIPROT_TECHNICAL,Westlake University,heatmap_2b,2b_heatmap,9,GBF9,Q7Z406,Q7Z406,PXD068107_NP23,POOLED_TECHNICAL_PLASMA_SOURCE,NP23,true,SOURCE_DATA_INTENSITY,2794510,POSITIVE_FINITE,true
PXD068107_WESTLAKE_OMNIPROT_TECHNICAL,Westlake University,heatmap_2b,2b_heatmap,9,GFO9,Q86VP6,Q86VP6,PXD068107_NP23,POOLED_TECHNICAL_PLASMA_SOURCE,NP23,true,SOURCE_DATA_INTENSITY,4038160,POSITIVE_FINITE,true
PXD068107_WESTLAKE_OMNIPROT_TECHNICAL,Westlake University,heatmap_2b,2b_heatmap,9,GXT9,Q8TC12,Q8TC12,PXD068107_NP23,POOLED_TECHNICAL_PLASMA_SOURCE,NP23,true,SOURCE_DATA_INTENSITY,11601700,POSITIVE_FINITE,true
PXD068107_WESTLAKE_OMNIPROT_TECHNICAL,Westlake University,heatmap_2b,2b_heatmap,9,HJL9,Q93084,Q93084,PXD068107_NP23,POOLED_TECHNICAL_PLASMA_SOURCE,NP23,true,SOURCE_DATA_INTENSITY,7288380,POSITIVE_FINITE,true
PXD068107_WESTLAKE_OMNIPROT_TECHNICAL,Westlake University,heatmap_2b,2b_heatmap,9,IBO9,Q99733,Q99733,PXD068107_NP23,POOLED_TECHNICAL_PLASMA_SOURCE,NP23,true,SOURCE_DATA_INTENSITY,2162440,POSITIVE_FINITE,true
PXD068107_WESTLAKE_OMNIPROT_TECHNICAL,Westlake University,heatmap_2b,2b_heatmap,9,ICI9,Q99832,Q99832,PXD068107_NP23,POOLED_TECHNICAL_PLASMA_SOURCE,NP23,true,SOURCE_DATA_INTENSITY,7860370,POSITIVE_FINITE,true
PXD068107_WESTLAKE_OMNIPROT_TECHNICAL,Westlake University,heatmap_2b,2b_heatmap,9,IFI9,Q9BS26,Q9BS26,PXD068107_NP23,POOLED_TECHNICAL_PLASMA_SOURCE,NP23,true,SOURCE_DATA_INTENSITY,4222100,POSITIVE_FINITE,true
PXD068107_WESTLAKE_OMNIPROT_TECHNICAL,Westlake University,heatmap_2b,2b_heatmap,9,IFU9,Q9BSJ8,Q9BSJ8,PXD068107_NP23,POOLED_TECHNICAL_PLASMA_SOURCE,NP23,true,SOURCE_DATA_INTENSITY,9896210,POSITIVE_FINITE,true
PXD068107_WESTLAKE_OMNIPROT_TECHNICAL,Westlake University,heatmap_2b,2b_heatmap,9,ITX9,Q9H4B7,Q9H4B7,PXD068107_NP23,POOLED_TECHNICAL_PLASMA_SOURCE,NP23,true,SOURCE_DATA_INTENSITY,75296300,POSITIVE_FINITE,true
PXD068107_WESTLAKE_OMNIPROT_TECHNICAL,Westlake University,heatmap_2b,2b_heatmap,9,JAC9,Q9HDC9,Q9HDC9,PXD068107_NP23,POOLED_TECHNICAL_PLASMA_SOURCE,NP23,true,SOURCE_DATA_INTENSITY,176932000,POSITIVE_FINITE,true
PXD068107_WESTLAKE_OMNIPROT_TECHNICAL,Westlake University,heatmap_2b,2b_heatmap,9,JCH9,Q9NQC3,Q9NQC3,PXD068107_NP23,POOLED_TECHNICAL_PLASMA_SOURCE,NP23,true,SOURCE_DATA_INTENSITY,1648860,POSITIVE_FINITE,true
PXD068107_WESTLAKE_OMNIPROT_TECHNICAL,Westlake University,heatmap_2b,2b_heatmap,9,JDC9,Q9NR12,Q9NR12,PXD068107_NP23,POOLED_TECHNICAL_PLASMA_SOURCE,NP23,true,SOURCE_DATA_INTENSITY,7580330,POSITIVE_FINITE,true
PXD068107_WESTLAKE_OMNIPROT_TECHNICAL,Westlake University,heatmap_2b,2b_heatmap,9,JEP9,Q9NRW1,Q9NRW1,PXD068107_NP23,POOLED_TECHNICAL_PLASMA_SOURCE,NP23,true,SOURCE_DATA_INTENSITY,88402000,POSITIVE_FINITE,true
PXD068107_WESTLAKE_OMNIPROT_TECHNICAL,Westlake University,heatmap_2b,2b_heatmap,9,JFD9,Q9NS28,Q9NS28,PXD068107_NP23,POOLED_TECHNICAL_PLASMA_SOURCE,NP23,true,SOURCE_DATA_INTENSITY,8713900,POSITIVE_FINITE,true
PXD068107_WESTLAKE_OMNIPROT_TECHNICAL,Westlake University,heatmap_2b,2b_heatmap,9,JKP9,Q9NY65,Q9NY65,PXD068107_NP23,POOLED_TECHNICAL_PLASMA_SOURCE,NP23,true,SOURCE_DATA_INTENSITY,36279800,POSITIVE_FINITE,true
PXD068107_WESTLAKE_OMNIPROT_TECHNICAL,Westlake University,heatmap_2b,2b_heatmap,9,KDT9,Q9Y2A7,Q9Y2A7,PXD068107_NP23,POOLED_TECHNICAL_PLASMA_SOURCE,NP23,true,SOURCE_DATA_INTENSITY,6471260,POSITIVE_FINITE,true
PXD068107_WESTLAKE_OMNIPROT_TECHNICAL,Westlake University,heatmap_2b,2b_heatmap,9,KHC9,Q9Y3F4,Q9Y3F4,PXD068107_NP23,POOLED_TECHNICAL_PLASMA_SOURCE,NP23,true,SOURCE_DATA_INTENSITY,2680530,POSITIVE_FINITE,true
PXD068107_WESTLAKE_OMNIPROT_TECHNICAL,Westlake University,heatmap_2b,2b_heatmap,10,GY10,O00151,O00151,PXD068107_NP24,POOLED_TECHNICAL_PLASMA_SOURCE,NP24,true,SOURCE_DATA_INTENSITY,809594,POSITIVE_FINITE,true
PXD068107_WESTLAKE_OMNIPROT_TECHNICAL,Westlake University,heatmap_2b,2b_heatmap,10,HI10,O00187,O00187,PXD068107_NP24,POOLED_TECHNICAL_PLASMA_SOURCE,NP24,true,SOURCE_DATA_INTENSITY,15188000,POSITIVE_FINITE,true
PXD068107_WESTLAKE_OMNIPROT_TECHNICAL,Westlake University,heatmap_2b,2b_heatmap,10,HZ10,O00264,O00264,PXD068107_NP24,POOLED_TECHNICAL_PLASMA_SOURCE,NP24,true,SOURCE_DATA_INTENSITY,50196.400000000001,POSITIVE_FINITE,true
PXD068107_WESTLAKE_OMNIPROT_TECHNICAL,Westlake University,heatmap_2b,2b_heatmap,10,IE10,O00299,O00299,PXD068107_NP24,POOLED_TECHNICAL_PLASMA_SOURCE,NP24,true,SOURCE_DATA_INTENSITY,427172,POSITIVE_FINITE,true
PXD068107_WESTLAKE_OMNIPROT_TECHNICAL,Westlake University,heatmap_2b,2b_heatmap,10,IQ10,O00410,O00410,PXD068107_NP24,POOLED_TECHNICAL_PLASMA_SOURCE,NP24,true,SOURCE_DATA_INTENSITY,389686,POSITIVE_FINITE,true
PXD068107_WESTLAKE_OMNIPROT_TECHNICAL,Westlake University,heatmap_2b,2b_heatmap,10,OY10,O15145,O15145,PXD068107_NP24,POOLED_TECHNICAL_PLASMA_SOURCE,NP24,true,SOURCE_DATA_INTENSITY,3288160,POSITIVE_FINITE,true
PXD068107_WESTLAKE_OMNIPROT_TECHNICAL,Westlake University,heatmap_2b,2b_heatmap,10,AAP10,O75083,O75083,PXD068107_NP24,POOLED_TECHNICAL_PLASMA_SOURCE,NP24,true,SOURCE_DATA_INTENSITY,792074,POSITIVE_FINITE,true
PXD068107_WESTLAKE_OMNIPROT_TECHNICAL,Westlake University,heatmap_2b,2b_heatmap,10,ADS10,O75531,O75531,PXD068107_NP24,POOLED_TECHNICAL_PLASMA_SOURCE,NP24,true,SOURCE_DATA_INTENSITY,80757.5,POSITIVE_FINITE,true
PXD068107_WESTLAKE_OMNIPROT_TECHNICAL,Westlake University,heatmap_2b,2b_heatmap,10,AOR10,P00387,P00387,PXD068107_NP24,POOLED_TECHNICAL_PLASMA_SOURCE,NP24,true,SOURCE_DATA_INTENSITY,72179.300000000003,POSITIVE_FINITE,true
PXD068107_WESTLAKE_OMNIPROT_TECHNICAL,Westlake University,heatmap_2b,2b_heatmap,10,AOT10,P00403,P00403,PXD068107_NP24,POOLED_TECHNICAL_PLASMA_SOURCE,NP24,true,SOURCE_DATA_INTENSITY,23281.700000000001,POSITIVE_FINITE,true
PXD068107_WESTLAKE_OMNIPROT_TECHNICAL,Westlake University,heatmap_2b,2b_heatmap,10,ARE10,P01275,P01275,PXD068107_NP24,POOLED_TECHNICAL_PLASMA_SOURCE,NP24,true,SOURCE_DATA_INTENSITY,,SOURCE_NA,false
PXD068107_WESTLAKE_OMNIPROT_TECHNICAL,Westlake University,heatmap_2b,2b_heatmap,10,AVX10,P04004,P04004,PXD068107_NP24,POOLED_TECHNICAL_PLASMA_SOURCE,NP24,true,SOURCE_DATA_INTENSITY,185269000,POSITIVE_FINITE,true
PXD068107_WESTLAKE_OMNIPROT_TECHNICAL,Westlake University,heatmap_2b,2b_heatmap,10,AWW10,P04264,P04264,PXD068107_NP24,POOLED_TECHNICAL_PLASMA_SOURCE,NP24,true,SOURCE_DATA_INTENSITY,50287800,POSITIVE_FINITE,true
PXD068107_WESTLAKE_OMNIPROT_TECHNICAL,Westlake University,heatmap_2b,2b_heatmap,10,AXO10,P04844,P04844,PXD068107_NP24,POOLED_TECHNICAL_PLASMA_SOURCE,NP24,true,SOURCE_DATA_INTENSITY,43316.599999999999,POSITIVE_FINITE,true
PXD068107_WESTLAKE_OMNIPROT_TECHNICAL,Westlake University,heatmap_2b,2b_heatmap,10,AXU10,P05023,P05023,PXD068107_NP24,POOLED_TECHNICAL_PLASMA_SOURCE,NP24,true,SOURCE_DATA_INTENSITY,848985,POSITIVE_FINITE,true
PXD068107_WESTLAKE_OMNIPROT_TECHNICAL,Westlake University,heatmap_2b,2b_heatmap,10,AZG10,P05556,P05556,PXD068107_NP24,POOLED_TECHNICAL_PLASMA_SOURCE,NP24,true,SOURCE_DATA_INTENSITY,635444,POSITIVE_FINITE,true
PXD068107_WESTLAKE_OMNIPROT_TECHNICAL,Westlake University,heatmap_2b,2b_heatmap,10,BAA10,P06396,P06396,PXD068107_NP24,POOLED_TECHNICAL_PLASMA_SOURCE,NP24,true,SOURCE_DATA_INTENSITY,101015000,POSITIVE_FINITE,true
PXD068107_WESTLAKE_OMNIPROT_TECHNICAL,Westlake University,heatmap_2b,2b_heatmap,10,BAC10,P06576,P06576,PXD068107_NP24,POOLED_TECHNICAL_PLASMA_SOURCE,NP24,true,SOURCE_DATA_INTENSITY,610096,POSITIVE_FINITE,true
PXD068107_WESTLAKE_OMNIPROT_TECHNICAL,Westlake University,heatmap_2b,2b_heatmap,10,BCX10,P07996,P07996,PXD068107_NP24,POOLED_TECHNICAL_PLASMA_SOURCE,NP24,true,SOURCE_DATA_INTENSITY,39198300,POSITIVE_FINITE,true
PXD068107_WESTLAKE_OMNIPROT_TECHNICAL,Westlake University,heatmap_2b,2b_heatmap,10,BGG10,P09493,P09493,PXD068107_NP24,POOLED_TECHNICAL_PLASMA_SOURCE,NP24,true,SOURCE_DATA_INTENSITY,26603.700000000001,POSITIVE_FINITE,true
PXD068107_WESTLAKE_OMNIPROT_TECHNICAL,Westlake University,heatmap_2b,2b_heatmap,10,BJV10,P10599,P10599,PXD068107_NP24,POOLED_TECHNICAL_PLASMA_SOURCE,NP24,true,SOURCE_DATA_INTENSITY,442933,POSITIVE_FINITE,true
PXD068107_WESTLAKE_OMNIPROT_TECHNICAL,Westlake University,heatmap_2b,2b_heatmap,10,BKB10,P10644,P10644,PXD068107_NP24,POOLED_TECHNICAL_PLASMA_SOURCE,NP24,true,SOURCE_DATA_INTENSITY,121368,POSITIVE_FINITE,true
PXD068107_WESTLAKE_OMNIPROT_TECHNICAL,Westlake University,heatmap_2b,2b_heatmap,10,BKK10,P10809,P10809,PXD068107_NP24,POOLED_TECHNICAL_PLASMA_SOURCE,NP24,true,SOURCE_DATA_INTENSITY,415098,POSITIVE_FINITE,true
PXD068107_WESTLAKE_OMNIPROT_TECHNICAL,Westlake University,heatmap_2b,2b_heatmap,10,BKP10,P11021,P11021,PXD068107_NP24,POOLED_TECHNICAL_PLASMA_SOURCE,NP24,true,SOURCE_DATA_INTENSITY,5163760,POSITIVE_FINITE,true
PXD068107_WESTLAKE_OMNIPROT_TECHNICAL,Westlake University,heatmap_2b,2b_heatmap,10,BKX10,P11166,P11166,PXD068107_NP24,POOLED_TECHNICAL_PLASMA_SOURCE,NP24,true,SOURCE_DATA_INTENSITY,172653,POSITIVE_FINITE,true
PXD068107_WESTLAKE_OMNIPROT_TECHNICAL,Westlake University,heatmap_2b,2b_heatmap,10,BLT10,P11413,P11413,PXD068107_NP24,POOLED_TECHNICAL_PLASMA_SOURCE,NP24,true,SOURCE_DATA_INTENSITY,113922,POSITIVE_FINITE,true
PXD068107_WESTLAKE_OMNIPROT_TECHNICAL,Westlake University,heatmap_2b,2b_heatmap,10,BOZ10,P13796,P13796,PXD068107_NP24,POOLED_TECHNICAL_PLASMA_SOURCE,NP24,true,SOURCE_DATA_INTENSITY,388579,POSITIVE_FINITE,true
PXD068107_WESTLAKE_OMNIPROT_TECHNICAL,Westlake University,heatmap_2b,2b_heatmap,10,BQN10,P14868,P14868,PXD068107_NP24,POOLED_TECHNICAL_PLASMA_SOURCE,NP24,true,SOURCE_DATA_INTENSITY,364993,POSITIVE_FINITE,true
PXD068107_WESTLAKE_OMNIPROT_TECHNICAL,Westlake University,heatmap_2b,2b_heatmap,10,BRP10,P15531,P15531,PXD068107_NP24,POOLED_TECHNICAL_PLASMA_SOURCE,NP24,true,SOURCE_DATA_INTENSITY,1593280,POSITIVE_FINITE,true
PXD068107_WESTLAKE_OMNIPROT_TECHNICAL,Westlake University,heatmap_2b,2b_heatmap,10,BTD10,P16615,P16615,PXD068107_NP24,POOLED_TECHNICAL_PLASMA_SOURCE,NP24,true,SOURCE_DATA_INTENSITY,283460,POSITIVE_FINITE,true
PXD068107_WESTLAKE_OMNIPROT_TECHNICAL,Westlake University,heatmap_2b,2b_heatmap,10,BWA10,P19367,P19367,PXD068107_NP24,POOLED_TECHNICAL_PLASMA_SOURCE,NP24,true,SOURCE_DATA_INTENSITY,277108,POSITIVE_FINITE,true
PXD068107_WESTLAKE_OMNIPROT_TECHNICAL,Westlake University,heatmap_2b,2b_heatmap,10,BXV10,P20645,P20645,PXD068107_NP24,POOLED_TECHNICAL_PLASMA_SOURCE,NP24,true,SOURCE_DATA_INTENSITY,7418.5500000000002,POSITIVE_FINITE,true
PXD068107_WESTLAKE_OMNIPROT_TECHNICAL,Westlake University,heatmap_2b,2b_heatmap,10,BZN10,P21796,P21796,PXD068107_NP24,POOLED_TECHNICAL_PLASMA_SOURCE,NP24,true,SOURCE_DATA_INTENSITY,255218,POSITIVE_FINITE,true
PXD068107_WESTLAKE_OMNIPROT_TECHNICAL,Westlake University,heatmap_2b,2b_heatmap,10,CBV10,P23284,P23284,PXD068107_NP24,POOLED_TECHNICAL_PLASMA_SOURCE,NP24,true,SOURCE_DATA_INTENSITY,1989030,POSITIVE_FINITE,true
PXD068107_WESTLAKE_OMNIPROT_TECHNICAL,Westlake University,heatmap_2b,2b_heatmap,10,CDO10,P24844,P24844,PXD068107_NP24,POOLED_TECHNICAL_PLASMA_SOURCE,NP24,true,SOURCE_DATA_INTENSITY,358663,POSITIVE_FINITE,true
PXD068107_WESTLAKE_OMNIPROT_TECHNICAL,Westlake University,heatmap_2b,2b_heatmap,10,CES10,P26038,P26038,PXD068107_NP24,POOLED_TECHNICAL_PLASMA_SOURCE,NP24,true,SOURCE_DATA_INTENSITY,9289830,POSITIVE_FINITE,true
PXD068107_WESTLAKE_OMNIPROT_TECHNICAL,Westlake University,heatmap_2b,2b_heatmap,10,CFF10,P26641,P26641,PXD068107_NP24,POOLED_TECHNICAL_PLASMA_SOURCE,NP24,true,SOURCE_DATA_INTENSITY,327478,POSITIVE_FINITE,true
PXD068107_WESTLAKE_OMNIPROT_TECHNICAL,Westlake University,heatmap_2b,2b_heatmap,10,CFP10,P27348,P27348,PXD068107_NP24,POOLED_TECHNICAL_PLASMA_SOURCE,NP24,true,SOURCE_DATA_INTENSITY,91254.699999999997,POSITIVE_FINITE,true
PXD068107_WESTLAKE_OMNIPROT_TECHNICAL,Westlake University,heatmap_2b,2b_heatmap,10,CGC10,P27797,P27797,PXD068107_NP24,POOLED_TECHNICAL_PLASMA_SOURCE,NP24,true,SOURCE_DATA_INTENSITY,890862,POSITIVE_FINITE,true
PXD068107_WESTLAKE_OMNIPROT_TECHNICAL,Westlake University,heatmap_2b,2b_heatmap,10,CGL10,P28066,P28066,PXD068107_NP24,POOLED_TECHNICAL_PLASMA_SOURCE,NP24,true,SOURCE_DATA_INTENSITY,291683,POSITIVE_FINITE,true
PXD068107_WESTLAKE_OMNIPROT_TECHNICAL,Westlake University,heatmap_2b,2b_heatmap,10,CGM10,P28070,P28070,PXD068107_NP24,POOLED_TECHNICAL_PLASMA_SOURCE,NP24,true,SOURCE_DATA_INTENSITY,43647,POSITIVE_FINITE,true
PXD068107_WESTLAKE_OMNIPROT_TECHNICAL,Westlake University,heatmap_2b,2b_heatmap,10,CIL10,P30041,P30041,PXD068107_NP24,POOLED_TECHNICAL_PLASMA_SOURCE,NP24,true,SOURCE_DATA_INTENSITY,736428,POSITIVE_FINITE,true
PXD068107_WESTLAKE_OMNIPROT_TECHNICAL,Westlake University,heatmap_2b,2b_heatmap,10,CIN10,P30044,P30044,PXD068107_NP24,POOLED_TECHNICAL_PLASMA_SOURCE,NP24,true,SOURCE_DATA_INTENSITY,177113,POSITIVE_FINITE,true
PXD068107_WESTLAKE_OMNIPROT_TECHNICAL,Westlake University,heatmap_2b,2b_heatmap,10,CIQ10,P30048,P30048,PXD068107_NP24,POOLED_TECHNICAL_PLASMA_SOURCE,NP24,true,SOURCE_DATA_INTENSITY,62911.5,POSITIVE_FINITE,true
PXD068107_WESTLAKE_OMNIPROT_TECHNICAL,Westlake University,heatmap_2b,2b_heatmap,10,CIW10,P30101,P30101,PXD068107_NP24,POOLED_TECHNICAL_PLASMA_SOURCE,NP24,true,SOURCE_DATA_INTENSITY,3441160,POSITIVE_FINITE,true
PXD068107_WESTLAKE_OMNIPROT_TECHNICAL,Westlake University,heatmap_2b,2b_heatmap,10,CQE10,P37802,P37802,PXD068107_NP24,POOLED_TECHNICAL_PLASMA_SOURCE,NP24,true,SOURCE_DATA_INTENSITY,3709300,POSITIVE_FINITE,true
PXD068107_WESTLAKE_OMNIPROT_TECHNICAL,Westlake University,heatmap_2b,2b_heatmap,10,CQM10,P38646,P38646,PXD068107_NP24,POOLED_TECHNICAL_PLASMA_SOURCE,NP24,true,SOURCE_DATA_INTENSITY,477005,POSITIVE_FINITE,true
PXD068107_WESTLAKE_OMNIPROT_TECHNICAL,Westlake University,heatmap_2b,2b_heatmap,10,CUZ10,P45880,P45880,PXD068107_NP24,POOLED_TECHNICAL_PLASMA_SOURCE,NP24,true,SOURCE_DATA_INTENSITY,157532,POSITIVE_FINITE,true
PXD068107_WESTLAKE_OMNIPROT_TECHNICAL,Westlake University,heatmap_2b,2b_heatmap,10,CZE10,P49411,P49411,PXD068107_NP24,POOLED_TECHNICAL_PLASMA_SOURCE,NP24,true,SOURCE_DATA_INTENSITY,378162,POSITIVE_FINITE,true
PXD068107_WESTLAKE_OMNIPROT_TECHNICAL,Westlake University,heatmap_2b,2b_heatmap,10,DCJ10,P50990,P50990,PXD068107_NP24,POOLED_TECHNICAL_PLASMA_SOURCE,NP24,true,SOURCE_DATA_INTENSITY,76082.100000000006,POSITIVE_FINITE,true
PXD068107_WESTLAKE_OMNIPROT_TECHNICAL,Westlake University,heatmap_2b,2b_heatmap,10,DCK10,P50991,P50991,PXD068107_NP24,POOLED_TECHNICAL_PLASMA_SOURCE,NP24,true,SOURCE_DATA_INTENSITY,393605,POSITIVE_FINITE,true
PXD068107_WESTLAKE_OMNIPROT_TECHNICAL,Westlake University,heatmap_2b,2b_heatmap,10,DCL10,P50995,P50995,PXD068107_NP24,POOLED_TECHNICAL_PLASMA_SOURCE,NP24,true,SOURCE_DATA_INTENSITY,453388,POSITIVE_FINITE,true
PXD068107_WESTLAKE_OMNIPROT_TECHNICAL,Westlake University,heatmap_2b,2b_heatmap,10,DFZ10,P52907,P52907,PXD068107_NP24,POOLED_TECHNICAL_PLASMA_SOURCE,NP24,true,SOURCE_DATA_INTENSITY,342316,POSITIVE_FINITE,true
PXD068107_WESTLAKE_OMNIPROT_TECHNICAL,Westlake University,heatmap_2b,2b_heatmap,10,DGJ10,P53396,P53396,PXD068107_NP24,POOLED_TECHNICAL_PLASMA_SOURCE,NP24,true,SOURCE_DATA_INTENSITY,375215,POSITIVE_FINITE,true
PXD068107_WESTLAKE_OMNIPROT_TECHNICAL,Westlake University,heatmap_2b,2b_heatmap,10,DIY10,P55072,P55072,PXD068107_NP24,POOLED_TECHNICAL_PLASMA_SOURCE,NP24,true,SOURCE_DATA_INTENSITY,285465,POSITIVE_FINITE,true
PXD068107_WESTLAKE_OMNIPROT_TECHNICAL,Westlake University,heatmap_2b,2b_heatmap,10,DMJ10,P60174,P60174,PXD068107_NP24,POOLED_TECHNICAL_PLASMA_SOURCE,NP24,true,SOURCE_DATA_INTENSITY,550674,POSITIVE_FINITE,true
PXD068107_WESTLAKE_OMNIPROT_TECHNICAL,Westlake University,heatmap_2b,2b_heatmap,10,DNG10,P61006,P61006,PXD068107_NP24,POOLED_TECHNICAL_PLASMA_SOURCE,NP24,true,SOURCE_DATA_INTENSITY,189316,POSITIVE_FINITE,true
PXD068107_WESTLAKE_OMNIPROT_TECHNICAL,Westlake University,heatmap_2b,2b_heatmap,10,DNM10,P61026,P61026,PXD068107_NP24,POOLED_TECHNICAL_PLASMA_SOURCE,NP24,true,SOURCE_DATA_INTENSITY,140702,POSITIVE_FINITE,true
PXD068107_WESTLAKE_OMNIPROT_TECHNICAL,Westlake University,heatmap_2b,2b_heatmap,10,DNS10,P61106,P61106,PXD068107_NP24,POOLED_TECHNICAL_PLASMA_SOURCE,NP24,true,SOURCE_DATA_INTENSITY,389372,POSITIVE_FINITE,true
PXD068107_WESTLAKE_OMNIPROT_TECHNICAL,Westlake University,heatmap_2b,2b_heatmap,10,DPG10,P61978,P61978,PXD068107_NP24,POOLED_TECHNICAL_PLASMA_SOURCE,NP24,true,SOURCE_DATA_INTENSITY,1264000,POSITIVE_FINITE,true
PXD068107_WESTLAKE_OMNIPROT_TECHNICAL,Westlake University,heatmap_2b,2b_heatmap,10,DPH10,P61981,P61981,PXD068107_NP24,POOLED_TECHNICAL_PLASMA_SOURCE,NP24,true,SOURCE_DATA_INTENSITY,266402,POSITIVE_FINITE,true
PXD068107_WESTLAKE_OMNIPROT_TECHNICAL,Westlake University,heatmap_2b,2b_heatmap,10,DQK10,P62330,P62330,PXD068107_NP24,POOLED_TECHNICAL_PLASMA_SOURCE,NP24,true,SOURCE_DATA_INTENSITY,71759.199999999997,POSITIVE_FINITE,true
PXD068107_WESTLAKE_OMNIPROT_TECHNICAL,Westlake University,heatmap_2b,2b_heatmap,10,DQX10,P62805,P62805,PXD068107_NP24,POOLED_TECHNICAL_PLASMA_SOURCE,NP24,true,SOURCE_DATA_INTENSITY,6862780,POSITIVE_FINITE,true
PXD068107_WESTLAKE_OMNIPROT_TECHNICAL,Westlake University,heatmap_2b,2b_heatmap,10,DRY10,P63000,P63000,PXD068107_NP24,POOLED_TECHNICAL_PLASMA_SOURCE,NP24,true,SOURCE_DATA_INTENSITY,2243130,POSITIVE_FINITE,true
PXD068107_WESTLAKE_OMNIPROT_TECHNICAL,Westlake University,heatmap_2b,2b_heatmap,10,DTD10,P68366,P68366,PXD068107_NP24,POOLED_TECHNICAL_PLASMA_SOURCE,NP24,true,SOURCE_DATA_INTENSITY,2691110,POSITIVE_FINITE,true
PXD068107_WESTLAKE_OMNIPROT_TECHNICAL,Westlake University,heatmap_2b,2b_heatmap,10,DUE10,P78417,P78417,PXD068107_NP24,POOLED_TECHNICAL_PLASMA_SOURCE,NP24,true,SOURCE_DATA_INTENSITY,388066,POSITIVE_FINITE,true
PXD068107_WESTLAKE_OMNIPROT_TECHNICAL,Westlake University,heatmap_2b,2b_heatmap,10,EAQ10,Q04695,Q04695,PXD068107_NP24,POOLED_TECHNICAL_PLASMA_SOURCE,NP24,true,SOURCE_DATA_INTENSITY,1379560,POSITIVE_FINITE,true
PXD068107_WESTLAKE_OMNIPROT_TECHNICAL,Westlake University,heatmap_2b,2b_heatmap,10,EPH10,Q14247,Q14247,PXD068107_NP24,POOLED_TECHNICAL_PLASMA_SOURCE,NP24,true,SOURCE_DATA_INTENSITY,75332.699999999997,POSITIVE_FINITE,true
PXD068107_WESTLAKE_OMNIPROT_TECHNICAL,Westlake University,heatmap_2b,2b_heatmap,10,ESK10,Q14974,Q14974,PXD068107_NP24,POOLED_TECHNICAL_PLASMA_SOURCE,NP24,true,SOURCE_DATA_INTENSITY,137036,POSITIVE_FINITE,true
PXD068107_WESTLAKE_OMNIPROT_TECHNICAL,Westlake University,heatmap_2b,2b_heatmap,10,EUC10,Q15084,Q15084,PXD068107_NP24,POOLED_TECHNICAL_PLASMA_SOURCE,NP24,true,SOURCE_DATA_INTENSITY,232641,POSITIVE_FINITE,true
PXD068107_WESTLAKE_OMNIPROT_TECHNICAL,Westlake University,heatmap_2b,2b_heatmap,10,EVQ10,Q15365,Q15365,PXD068107_NP24,POOLED_TECHNICAL_PLASMA_SOURCE,NP24,true,SOURCE_DATA_INTENSITY,354097,POSITIVE_FINITE,true
PXD068107_WESTLAKE_OMNIPROT_TECHNICAL,Westlake University,heatmap_2b,2b_heatmap,10,EWB10,Q15404,Q15404,PXD068107_NP24,POOLED_TECHNICAL_PLASMA_SOURCE,NP24,true,SOURCE_DATA_INTENSITY,735295,POSITIVE_FINITE,true
PXD068107_WESTLAKE_OMNIPROT_TECHNICAL,Westlake University,heatmap_2b,2b_heatmap,10,EXI10,Q15691,Q15691,PXD068107_NP24,POOLED_TECHNICAL_PLASMA_SOURCE,NP24,true,SOURCE_DATA_INTENSITY,4869000,POSITIVE_FINITE,true
PXD068107_WESTLAKE_OMNIPROT_TECHNICAL,Westlake University,heatmap_2b,2b_heatmap,10,EYN10,Q15942,Q15942,PXD068107_NP24,POOLED_TECHNICAL_PLASMA_SOURCE,NP24,true,SOURCE_DATA_INTENSITY,481563,POSITIVE_FINITE,true
PXD068107_WESTLAKE_OMNIPROT_TECHNICAL,Westlake University,heatmap_2b,2b_heatmap,10,EZF10,Q16543,Q16543,PXD068107_NP24,POOLED_TECHNICAL_PLASMA_SOURCE,NP24,true,SOURCE_DATA_INTENSITY,140150,POSITIVE_FINITE,true
PXD068107_WESTLAKE_OMNIPROT_TECHNICAL,Westlake University,heatmap_2b,2b_heatmap,10,EZZ10,Q16643,Q16643,PXD068107_NP24,POOLED_TECHNICAL_PLASMA_SOURCE,NP24,true,SOURCE_DATA_INTENSITY,57028.599999999999,POSITIVE_FINITE,true
PXD068107_WESTLAKE_OMNIPROT_TECHNICAL,Westlake University,heatmap_2b,2b_heatmap,10,FAP10,Q16762,Q16762,PXD068107_NP24,POOLED_TECHNICAL_PLASMA_SOURCE,NP24,true,SOURCE_DATA_INTENSITY,38787.300000000003,POSITIVE_FINITE,true
PXD068107_WESTLAKE_OMNIPROT_TECHNICAL,Westlake University,heatmap_2b,2b_heatmap,10,FBY10,Q27J81,Q27J81,PXD068107_NP24,POOLED_TECHNICAL_PLASMA_SOURCE,NP24,true,SOURCE_DATA_INTENSITY,450084,POSITIVE_FINITE,true
PXD068107_WESTLAKE_OMNIPROT_TECHNICAL,Westlake University,heatmap_2b,2b_heatmap,10,FGK10,Q58FF8,Q58FF8,PXD068107_NP24,POOLED_TECHNICAL_PLASMA_SOURCE,NP24,true,SOURCE_DATA_INTENSITY,9840.75,POSITIVE_FINITE,true
PXD068107_WESTLAKE_OMNIPROT_TECHNICAL,Westlake University,heatmap_2b,2b_heatmap,10,FYD10,Q70J99,Q70J99,PXD068107_NP24,POOLED_TECHNICAL_PLASMA_SOURCE,NP24,true,SOURCE_DATA_INTENSITY,92305.300000000003,POSITIVE_FINITE,true
PXD068107_WESTLAKE_OMNIPROT_TECHNICAL,Westlake University,heatmap_2b,2b_heatmap,10,FZH10,Q7L576,Q7L576,PXD068107_NP24,POOLED_TECHNICAL_PLASMA_SOURCE,NP24,true,SOURCE_DATA_INTENSITY,955533,POSITIVE_FINITE,true
PXD068107_WESTLAKE_OMNIPROT_TECHNICAL,Westlake University,heatmap_2b,2b_heatmap,10,GBF10,Q7Z406,Q7Z406,PXD068107_NP24,POOLED_TECHNICAL_PLASMA_SOURCE,NP24,true,SOURCE_DATA_INTENSITY,19522.200000000001,POSITIVE_FINITE,true
PXD068107_WESTLAKE_OMNIPROT_TECHNICAL,Westlake University,heatmap_2b,2b_heatmap,10,GFO10,Q86VP6,Q86VP6,PXD068107_NP24,POOLED_TECHNICAL_PLASMA_SOURCE,NP24,true,SOURCE_DATA_INTENSITY,110285,POSITIVE_FINITE,true
PXD068107_WESTLAKE_OMNIPROT_TECHNICAL,Westlake University,heatmap_2b,2b_heatmap,10,GXT10,Q8TC12,Q8TC12,PXD068107_NP24,POOLED_TECHNICAL_PLASMA_SOURCE,NP24,true,SOURCE_DATA_INTENSITY,4942.1300000000001,POSITIVE_FINITE,true
PXD068107_WESTLAKE_OMNIPROT_TECHNICAL,Westlake University,heatmap_2b,2b_heatmap,10,HJL10,Q93084,Q93084,PXD068107_NP24,POOLED_TECHNICAL_PLASMA_SOURCE,NP24,true,SOURCE_DATA_INTENSITY,161577,POSITIVE_FINITE,true
PXD068107_WESTLAKE_OMNIPROT_TECHNICAL,Westlake University,heatmap_2b,2b_heatmap,10,IBO10,Q99733,Q99733,PXD068107_NP24,POOLED_TECHNICAL_PLASMA_SOURCE,NP24,true,SOURCE_DATA_INTENSITY,137260,POSITIVE_FINITE,true
PXD068107_WESTLAKE_OMNIPROT_TECHNICAL,Westlake University,heatmap_2b,2b_heatmap,10,ICI10,Q99832,Q99832,PXD068107_NP24,POOLED_TECHNICAL_PLASMA_SOURCE,NP24,true,SOURCE_DATA_INTENSITY,306397,POSITIVE_FINITE,true
PXD068107_WESTLAKE_OMNIPROT_TECHNICAL,Westlake University,heatmap_2b,2b_heatmap,10,IFI10,Q9BS26,Q9BS26,PXD068107_NP24,POOLED_TECHNICAL_PLASMA_SOURCE,NP24,true,SOURCE_DATA_INTENSITY,454964,POSITIVE_FINITE,true
PXD068107_WESTLAKE_OMNIPROT_TECHNICAL,Westlake University,heatmap_2b,2b_heatmap,10,IFU10,Q9BSJ8,Q9BSJ8,PXD068107_NP24,POOLED_TECHNICAL_PLASMA_SOURCE,NP24,true,SOURCE_DATA_INTENSITY,260871,POSITIVE_FINITE,true
PXD068107_WESTLAKE_OMNIPROT_TECHNICAL,Westlake University,heatmap_2b,2b_heatmap,10,ITX10,Q9H4B7,Q9H4B7,PXD068107_NP24,POOLED_TECHNICAL_PLASMA_SOURCE,NP24,true,SOURCE_DATA_INTENSITY,704452,POSITIVE_FINITE,true
PXD068107_WESTLAKE_OMNIPROT_TECHNICAL,Westlake University,heatmap_2b,2b_heatmap,10,JAC10,Q9HDC9,Q9HDC9,PXD068107_NP24,POOLED_TECHNICAL_PLASMA_SOURCE,NP24,true,SOURCE_DATA_INTENSITY,6934690,POSITIVE_FINITE,true
PXD068107_WESTLAKE_OMNIPROT_TECHNICAL,Westlake University,heatmap_2b,2b_heatmap,10,JCH10,Q9NQC3,Q9NQC3,PXD068107_NP24,POOLED_TECHNICAL_PLASMA_SOURCE,NP24,true,SOURCE_DATA_INTENSITY,88731.800000000003,POSITIVE_FINITE,true
PXD068107_WESTLAKE_OMNIPROT_TECHNICAL,Westlake University,heatmap_2b,2b_heatmap,10,JDC10,Q9NR12,Q9NR12,PXD068107_NP24,POOLED_TECHNICAL_PLASMA_SOURCE,NP24,true,SOURCE_DATA_INTENSITY,193209,POSITIVE_FINITE,true
PXD068107_WESTLAKE_OMNIPROT_TECHNICAL,Westlake University,heatmap_2b,2b_heatmap,10,JEP10,Q9NRW1,Q9NRW1,PXD068107_NP24,POOLED_TECHNICAL_PLASMA_SOURCE,NP24,true,SOURCE_DATA_INTENSITY,52732.400000000001,POSITIVE_FINITE,true
PXD068107_WESTLAKE_OMNIPROT_TECHNICAL,Westlake University,heatmap_2b,2b_heatmap,10,JFD10,Q9NS28,Q9NS28,PXD068107_NP24,POOLED_TECHNICAL_PLASMA_SOURCE,NP24,true,SOURCE_DATA_INTENSITY,47282.900000000001,POSITIVE_FINITE,true
PXD068107_WESTLAKE_OMNIPROT_TECHNICAL,Westlake University,heatmap_2b,2b_heatmap,10,JKP10,Q9NY65,Q9NY65,PXD068107_NP24,POOLED_TECHNICAL_PLASMA_SOURCE,NP24,true,SOURCE_DATA_INTENSITY,29983,POSITIVE_FINITE,true
PXD068107_WESTLAKE_OMNIPROT_TECHNICAL,Westlake University,heatmap_2b,2b_heatmap,10,KDT10,Q9Y2A7,Q9Y2A7,PXD068107_NP24,POOLED_TECHNICAL_PLASMA_SOURCE,NP24,true,SOURCE_DATA_INTENSITY,82517.899999999994,POSITIVE_FINITE,true
PXD068107_WESTLAKE_OMNIPROT_TECHNICAL,Westlake University,heatmap_2b,2b_heatmap,10,KHC10,Q9Y3F4,Q9Y3F4,PXD068107_NP24,POOLED_TECHNICAL_PLASMA_SOURCE,NP24,true,SOURCE_DATA_INTENSITY,29513.700000000001,POSITIVE_FINITE,true
PXD068107_WESTLAKE_OMNIPROT_TECHNICAL,Westlake University,heatmap_2b,2b_heatmap,11,GY11,O00151,O00151,PXD068107_NP30,POOLED_TECHNICAL_PLASMA_SOURCE,NP30,true,SOURCE_DATA_INTENSITY,3375920,POSITIVE_FINITE,true
PXD068107_WESTLAKE_OMNIPROT_TECHNICAL,Westlake University,heatmap_2b,2b_heatmap,11,HI11,O00187,O00187,PXD068107_NP30,POOLED_TECHNICAL_PLASMA_SOURCE,NP30,true,SOURCE_DATA_INTENSITY,12962700,POSITIVE_FINITE,true
PXD068107_WESTLAKE_OMNIPROT_TECHNICAL,Westlake University,heatmap_2b,2b_heatmap,11,HZ11,O00264,O00264,PXD068107_NP30,POOLED_TECHNICAL_PLASMA_SOURCE,NP30,true,SOURCE_DATA_INTENSITY,107971,POSITIVE_FINITE,true
PXD068107_WESTLAKE_OMNIPROT_TECHNICAL,Westlake University,heatmap_2b,2b_heatmap,11,IE11,O00299,O00299,PXD068107_NP30,POOLED_TECHNICAL_PLASMA_SOURCE,NP30,true,SOURCE_DATA_INTENSITY,1899820,POSITIVE_FINITE,true
PXD068107_WESTLAKE_OMNIPROT_TECHNICAL,Westlake University,heatmap_2b,2b_heatmap,11,IQ11,O00410,O00410,PXD068107_NP30,POOLED_TECHNICAL_PLASMA_SOURCE,NP30,true,SOURCE_DATA_INTENSITY,85439.300000000003,POSITIVE_FINITE,true
PXD068107_WESTLAKE_OMNIPROT_TECHNICAL,Westlake University,heatmap_2b,2b_heatmap,11,OY11,O15145,O15145,PXD068107_NP30,POOLED_TECHNICAL_PLASMA_SOURCE,NP30,true,SOURCE_DATA_INTENSITY,2082180,POSITIVE_FINITE,true
PXD068107_WESTLAKE_OMNIPROT_TECHNICAL,Westlake University,heatmap_2b,2b_heatmap,11,AAP11,O75083,O75083,PXD068107_NP30,POOLED_TECHNICAL_PLASMA_SOURCE,NP30,true,SOURCE_DATA_INTENSITY,2816930,POSITIVE_FINITE,true
PXD068107_WESTLAKE_OMNIPROT_TECHNICAL,Westlake University,heatmap_2b,2b_heatmap,11,ADS11,O75531,O75531,PXD068107_NP30,POOLED_TECHNICAL_PLASMA_SOURCE,NP30,true,SOURCE_DATA_INTENSITY,75390.899999999994,POSITIVE_FINITE,true
PXD068107_WESTLAKE_OMNIPROT_TECHNICAL,Westlake University,heatmap_2b,2b_heatmap,11,AOR11,P00387,P00387,PXD068107_NP30,POOLED_TECHNICAL_PLASMA_SOURCE,NP30,true,SOURCE_DATA_INTENSITY,88748.800000000003,POSITIVE_FINITE,true
PXD068107_WESTLAKE_OMNIPROT_TECHNICAL,Westlake University,heatmap_2b,2b_heatmap,11,AOT11,P00403,P00403,PXD068107_NP30,POOLED_TECHNICAL_PLASMA_SOURCE,NP30,true,SOURCE_DATA_INTENSITY,39809.099999999999,POSITIVE_FINITE,true
PXD068107_WESTLAKE_OMNIPROT_TECHNICAL,Westlake University,heatmap_2b,2b_heatmap,11,ARE11,P01275,P01275,PXD068107_NP30,POOLED_TECHNICAL_PLASMA_SOURCE,NP30,true,SOURCE_DATA_INTENSITY,15164.5,POSITIVE_FINITE,true
PXD068107_WESTLAKE_OMNIPROT_TECHNICAL,Westlake University,heatmap_2b,2b_heatmap,11,AVX11,P04004,P04004,PXD068107_NP30,POOLED_TECHNICAL_PLASMA_SOURCE,NP30,true,SOURCE_DATA_INTENSITY,202133000,POSITIVE_FINITE,true
PXD068107_WESTLAKE_OMNIPROT_TECHNICAL,Westlake University,heatmap_2b,2b_heatmap,11,AWW11,P04264,P04264,PXD068107_NP30,POOLED_TECHNICAL_PLASMA_SOURCE,NP30,true,SOURCE_DATA_INTENSITY,48364900,POSITIVE_FINITE,true
PXD068107_WESTLAKE_OMNIPROT_TECHNICAL,Westlake University,heatmap_2b,2b_heatmap,11,AXO11,P04844,P04844,PXD068107_NP30,POOLED_TECHNICAL_PLASMA_SOURCE,NP30,true,SOURCE_DATA_INTENSITY,22626.700000000001,POSITIVE_FINITE,true
PXD068107_WESTLAKE_OMNIPROT_TECHNICAL,Westlake University,heatmap_2b,2b_heatmap,11,AXU11,P05023,P05023,PXD068107_NP30,POOLED_TECHNICAL_PLASMA_SOURCE,NP30,true,SOURCE_DATA_INTENSITY,336300,POSITIVE_FINITE,true
PXD068107_WESTLAKE_OMNIPROT_TECHNICAL,Westlake University,heatmap_2b,2b_heatmap,11,AZG11,P05556,P05556,PXD068107_NP30,POOLED_TECHNICAL_PLASMA_SOURCE,NP30,true,SOURCE_DATA_INTENSITY,4159580,POSITIVE_FINITE,true
PXD068107_WESTLAKE_OMNIPROT_TECHNICAL,Westlake University,heatmap_2b,2b_heatmap,11,BAA11,P06396,P06396,PXD068107_NP30,POOLED_TECHNICAL_PLASMA_SOURCE,NP30,true,SOURCE_DATA_INTENSITY,79691300,POSITIVE_FINITE,true
PXD068107_WESTLAKE_OMNIPROT_TECHNICAL,Westlake University,heatmap_2b,2b_heatmap,11,BAC11,P06576,P06576,PXD068107_NP30,POOLED_TECHNICAL_PLASMA_SOURCE,NP30,true,SOURCE_DATA_INTENSITY,402255,POSITIVE_FINITE,true
PXD068107_WESTLAKE_OMNIPROT_TECHNICAL,Westlake University,heatmap_2b,2b_heatmap,11,BCX11,P07996,P07996,PXD068107_NP30,POOLED_TECHNICAL_PLASMA_SOURCE,NP30,true,SOURCE_DATA_INTENSITY,92508000,POSITIVE_FINITE,true
PXD068107_WESTLAKE_OMNIPROT_TECHNICAL,Westlake University,heatmap_2b,2b_heatmap,11,BGG11,P09493,P09493,PXD068107_NP30,POOLED_TECHNICAL_PLASMA_SOURCE,NP30,true,SOURCE_DATA_INTENSITY,36685.400000000001,POSITIVE_FINITE,true
PXD068107_WESTLAKE_OMNIPROT_TECHNICAL,Westlake University,heatmap_2b,2b_heatmap,11,BJV11,P10599,P10599,PXD068107_NP30,POOLED_TECHNICAL_PLASMA_SOURCE,NP30,true,SOURCE_DATA_INTENSITY,4462270,POSITIVE_FINITE,true
PXD068107_WESTLAKE_OMNIPROT_TECHNICAL,Westlake University,heatmap_2b,2b_heatmap,11,BKB11,P10644,P10644,PXD068107_NP30,POOLED_TECHNICAL_PLASMA_SOURCE,NP30,true,SOURCE_DATA_INTENSITY,363045,POSITIVE_FINITE,true
PXD068107_WESTLAKE_OMNIPROT_TECHNICAL,Westlake University,heatmap_2b,2b_heatmap,11,BKK11,P10809,P10809,PXD068107_NP30,POOLED_TECHNICAL_PLASMA_SOURCE,NP30,true,SOURCE_DATA_INTENSITY,260080,POSITIVE_FINITE,true
PXD068107_WESTLAKE_OMNIPROT_TECHNICAL,Westlake University,heatmap_2b,2b_heatmap,11,BKP11,P11021,P11021,PXD068107_NP30,POOLED_TECHNICAL_PLASMA_SOURCE,NP30,true,SOURCE_DATA_INTENSITY,8145390,POSITIVE_FINITE,true
PXD068107_WESTLAKE_OMNIPROT_TECHNICAL,Westlake University,heatmap_2b,2b_heatmap,11,BKX11,P11166,P11166,PXD068107_NP30,POOLED_TECHNICAL_PLASMA_SOURCE,NP30,true,SOURCE_DATA_INTENSITY,546972,POSITIVE_FINITE,true
PXD068107_WESTLAKE_OMNIPROT_TECHNICAL,Westlake University,heatmap_2b,2b_heatmap,11,BLT11,P11413,P11413,PXD068107_NP30,POOLED_TECHNICAL_PLASMA_SOURCE,NP30,true,SOURCE_DATA_INTENSITY,430329,POSITIVE_FINITE,true
PXD068107_WESTLAKE_OMNIPROT_TECHNICAL,Westlake University,heatmap_2b,2b_heatmap,11,BOZ11,P13796,P13796,PXD068107_NP30,POOLED_TECHNICAL_PLASMA_SOURCE,NP30,true,SOURCE_DATA_INTENSITY,6944770,POSITIVE_FINITE,true
PXD068107_WESTLAKE_OMNIPROT_TECHNICAL,Westlake University,heatmap_2b,2b_heatmap,11,BQN11,P14868,P14868,PXD068107_NP30,POOLED_TECHNICAL_PLASMA_SOURCE,NP30,true,SOURCE_DATA_INTENSITY,510441,POSITIVE_FINITE,true
PXD068107_WESTLAKE_OMNIPROT_TECHNICAL,Westlake University,heatmap_2b,2b_heatmap,11,BRP11,P15531,P15531,PXD068107_NP30,POOLED_TECHNICAL_PLASMA_SOURCE,NP30,true,SOURCE_DATA_INTENSITY,9695.7299999999996,POSITIVE_FINITE,true
PXD068107_WESTLAKE_OMNIPROT_TECHNICAL,Westlake University,heatmap_2b,2b_heatmap,11,BTD11,P16615,P16615,PXD068107_NP30,POOLED_TECHNICAL_PLASMA_SOURCE,NP30,true,SOURCE_DATA_INTENSITY,259626,POSITIVE_FINITE,true
PXD068107_WESTLAKE_OMNIPROT_TECHNICAL,Westlake University,heatmap_2b,2b_heatmap,11,BWA11,P19367,P19367,PXD068107_NP30,POOLED_TECHNICAL_PLASMA_SOURCE,NP30,true,SOURCE_DATA_INTENSITY,1027430,POSITIVE_FINITE,true
PXD068107_WESTLAKE_OMNIPROT_TECHNICAL,Westlake University,heatmap_2b,2b_heatmap,11,BXV11,P20645,P20645,PXD068107_NP30,POOLED_TECHNICAL_PLASMA_SOURCE,NP30,true,SOURCE_DATA_INTENSITY,3552250,POSITIVE_FINITE,true
PXD068107_WESTLAKE_OMNIPROT_TECHNICAL,Westlake University,heatmap_2b,2b_heatmap,11,BZN11,P21796,P21796,PXD068107_NP30,POOLED_TECHNICAL_PLASMA_SOURCE,NP30,true,SOURCE_DATA_INTENSITY,133496,POSITIVE_FINITE,true
PXD068107_WESTLAKE_OMNIPROT_TECHNICAL,Westlake University,heatmap_2b,2b_heatmap,11,CBV11,P23284,P23284,PXD068107_NP30,POOLED_TECHNICAL_PLASMA_SOURCE,NP30,true,SOURCE_DATA_INTENSITY,1271020,POSITIVE_FINITE,true
PXD068107_WESTLAKE_OMNIPROT_TECHNICAL,Westlake University,heatmap_2b,2b_heatmap,11,CDO11,P24844,P24844,PXD068107_NP30,POOLED_TECHNICAL_PLASMA_SOURCE,NP30,true,SOURCE_DATA_INTENSITY,670831,POSITIVE_FINITE,true
PXD068107_WESTLAKE_OMNIPROT_TECHNICAL,Westlake University,heatmap_2b,2b_heatmap,11,CES11,P26038,P26038,PXD068107_NP30,POOLED_TECHNICAL_PLASMA_SOURCE,NP30,true,SOURCE_DATA_INTENSITY,8955960,POSITIVE_FINITE,true
PXD068107_WESTLAKE_OMNIPROT_TECHNICAL,Westlake University,heatmap_2b,2b_heatmap,11,CFF11,P26641,P26641,PXD068107_NP30,POOLED_TECHNICAL_PLASMA_SOURCE,NP30,true,SOURCE_DATA_INTENSITY,235885,POSITIVE_FINITE,true
PXD068107_WESTLAKE_OMNIPROT_TECHNICAL,Westlake University,heatmap_2b,2b_heatmap,11,CFP11,P27348,P27348,PXD068107_NP30,POOLED_TECHNICAL_PLASMA_SOURCE,NP30,true,SOURCE_DATA_INTENSITY,198949,POSITIVE_FINITE,true
PXD068107_WESTLAKE_OMNIPROT_TECHNICAL,Westlake University,heatmap_2b,2b_heatmap,11,CGC11,P27797,P27797,PXD068107_NP30,POOLED_TECHNICAL_PLASMA_SOURCE,NP30,true,SOURCE_DATA_INTENSITY,540780,POSITIVE_FINITE,true
PXD068107_WESTLAKE_OMNIPROT_TECHNICAL,Westlake University,heatmap_2b,2b_heatmap,11,CGL11,P28066,P28066,PXD068107_NP30,POOLED_TECHNICAL_PLASMA_SOURCE,NP30,true,SOURCE_DATA_INTENSITY,384479,POSITIVE_FINITE,true
PXD068107_WESTLAKE_OMNIPROT_TECHNICAL,Westlake University,heatmap_2b,2b_heatmap,11,CGM11,P28070,P28070,PXD068107_NP30,POOLED_TECHNICAL_PLASMA_SOURCE,NP30,true,SOURCE_DATA_INTENSITY,341529,POSITIVE_FINITE,true
PXD068107_WESTLAKE_OMNIPROT_TECHNICAL,Westlake University,heatmap_2b,2b_heatmap,11,CIL11,P30041,P30041,PXD068107_NP30,POOLED_TECHNICAL_PLASMA_SOURCE,NP30,true,SOURCE_DATA_INTENSITY,961057,POSITIVE_FINITE,true
PXD068107_WESTLAKE_OMNIPROT_TECHNICAL,Westlake University,heatmap_2b,2b_heatmap,11,CIN11,P30044,P30044,PXD068107_NP30,POOLED_TECHNICAL_PLASMA_SOURCE,NP30,true,SOURCE_DATA_INTENSITY,987328,POSITIVE_FINITE,true
PXD068107_WESTLAKE_OMNIPROT_TECHNICAL,Westlake University,heatmap_2b,2b_heatmap,11,CIQ11,P30048,P30048,PXD068107_NP30,POOLED_TECHNICAL_PLASMA_SOURCE,NP30,true,SOURCE_DATA_INTENSITY,276733,POSITIVE_FINITE,true
PXD068107_WESTLAKE_OMNIPROT_TECHNICAL,Westlake University,heatmap_2b,2b_heatmap,11,CIW11,P30101,P30101,PXD068107_NP30,POOLED_TECHNICAL_PLASMA_SOURCE,NP30,true,SOURCE_DATA_INTENSITY,2735020,POSITIVE_FINITE,true
PXD068107_WESTLAKE_OMNIPROT_TECHNICAL,Westlake University,heatmap_2b,2b_heatmap,11,CQE11,P37802,P37802,PXD068107_NP30,POOLED_TECHNICAL_PLASMA_SOURCE,NP30,true,SOURCE_DATA_INTENSITY,17054600,POSITIVE_FINITE,true
PXD068107_WESTLAKE_OMNIPROT_TECHNICAL,Westlake University,heatmap_2b,2b_heatmap,11,CQM11,P38646,P38646,PXD068107_NP30,POOLED_TECHNICAL_PLASMA_SOURCE,NP30,true,SOURCE_DATA_INTENSITY,130581,POSITIVE_FINITE,true
PXD068107_WESTLAKE_OMNIPROT_TECHNICAL,Westlake University,heatmap_2b,2b_heatmap,11,CUZ11,P45880,P45880,PXD068107_NP30,POOLED_TECHNICAL_PLASMA_SOURCE,NP30,true,SOURCE_DATA_INTENSITY,62486.699999999997,POSITIVE_FINITE,true
PXD068107_WESTLAKE_OMNIPROT_TECHNICAL,Westlake University,heatmap_2b,2b_heatmap,11,CZE11,P49411,P49411,PXD068107_NP30,POOLED_TECHNICAL_PLASMA_SOURCE,NP30,true,SOURCE_DATA_INTENSITY,472647,POSITIVE_FINITE,true
PXD068107_WESTLAKE_OMNIPROT_TECHNICAL,Westlake University,heatmap_2b,2b_heatmap,11,DCJ11,P50990,P50990,PXD068107_NP30,POOLED_TECHNICAL_PLASMA_SOURCE,NP30,true,SOURCE_DATA_INTENSITY,632581,POSITIVE_FINITE,true
PXD068107_WESTLAKE_OMNIPROT_TECHNICAL,Westlake University,heatmap_2b,2b_heatmap,11,DCK11,P50991,P50991,PXD068107_NP30,POOLED_TECHNICAL_PLASMA_SOURCE,NP30,true,SOURCE_DATA_INTENSITY,1537190,POSITIVE_FINITE,true
PXD068107_WESTLAKE_OMNIPROT_TECHNICAL,Westlake University,heatmap_2b,2b_heatmap,11,DCL11,P50995,P50995,PXD068107_NP30,POOLED_TECHNICAL_PLASMA_SOURCE,NP30,true,SOURCE_DATA_INTENSITY,262373,POSITIVE_FINITE,true
PXD068107_WESTLAKE_OMNIPROT_TECHNICAL,Westlake University,heatmap_2b,2b_heatmap,11,DFZ11,P52907,P52907,PXD068107_NP30,POOLED_TECHNICAL_PLASMA_SOURCE,NP30,true,SOURCE_DATA_INTENSITY,1488330,POSITIVE_FINITE,true
PXD068107_WESTLAKE_OMNIPROT_TECHNICAL,Westlake University,heatmap_2b,2b_heatmap,11,DGJ11,P53396,P53396,PXD068107_NP30,POOLED_TECHNICAL_PLASMA_SOURCE,NP30,true,SOURCE_DATA_INTENSITY,192431,POSITIVE_FINITE,true
PXD068107_WESTLAKE_OMNIPROT_TECHNICAL,Westlake University,heatmap_2b,2b_heatmap,11,DIY11,P55072,P55072,PXD068107_NP30,POOLED_TECHNICAL_PLASMA_SOURCE,NP30,true,SOURCE_DATA_INTENSITY,689195,POSITIVE_FINITE,true
PXD068107_WESTLAKE_OMNIPROT_TECHNICAL,Westlake University,heatmap_2b,2b_heatmap,11,DMJ11,P60174,P60174,PXD068107_NP30,POOLED_TECHNICAL_PLASMA_SOURCE,NP30,true,SOURCE_DATA_INTENSITY,3136700,POSITIVE_FINITE,true
PXD068107_WESTLAKE_OMNIPROT_TECHNICAL,Westlake University,heatmap_2b,2b_heatmap,11,DNG11,P61006,P61006,PXD068107_NP30,POOLED_TECHNICAL_PLASMA_SOURCE,NP30,true,SOURCE_DATA_INTENSITY,401348,POSITIVE_FINITE,true
PXD068107_WESTLAKE_OMNIPROT_TECHNICAL,Westlake University,heatmap_2b,2b_heatmap,11,DNM11,P61026,P61026,PXD068107_NP30,POOLED_TECHNICAL_PLASMA_SOURCE,NP30,true,SOURCE_DATA_INTENSITY,227978,POSITIVE_FINITE,true
PXD068107_WESTLAKE_OMNIPROT_TECHNICAL,Westlake University,heatmap_2b,2b_heatmap,11,DNS11,P61106,P61106,PXD068107_NP30,POOLED_TECHNICAL_PLASMA_SOURCE,NP30,true,SOURCE_DATA_INTENSITY,522681,POSITIVE_FINITE,true
PXD068107_WESTLAKE_OMNIPROT_TECHNICAL,Westlake University,heatmap_2b,2b_heatmap,11,DPG11,P61978,P61978,PXD068107_NP30,POOLED_TECHNICAL_PLASMA_SOURCE,NP30,true,SOURCE_DATA_INTENSITY,1174160,POSITIVE_FINITE,true
PXD068107_WESTLAKE_OMNIPROT_TECHNICAL,Westlake University,heatmap_2b,2b_heatmap,11,DPH11,P61981,P61981,PXD068107_NP30,POOLED_TECHNICAL_PLASMA_SOURCE,NP30,true,SOURCE_DATA_INTENSITY,2843630,POSITIVE_FINITE,true
PXD068107_WESTLAKE_OMNIPROT_TECHNICAL,Westlake University,heatmap_2b,2b_heatmap,11,DQK11,P62330,P62330,PXD068107_NP30,POOLED_TECHNICAL_PLASMA_SOURCE,NP30,true,SOURCE_DATA_INTENSITY,72294,POSITIVE_FINITE,true
PXD068107_WESTLAKE_OMNIPROT_TECHNICAL,Westlake University,heatmap_2b,2b_heatmap,11,DQX11,P62805,P62805,PXD068107_NP30,POOLED_TECHNICAL_PLASMA_SOURCE,NP30,true,SOURCE_DATA_INTENSITY,3985370,POSITIVE_FINITE,true
PXD068107_WESTLAKE_OMNIPROT_TECHNICAL,Westlake University,heatmap_2b,2b_heatmap,11,DRY11,P63000,P63000,PXD068107_NP30,POOLED_TECHNICAL_PLASMA_SOURCE,NP30,true,SOURCE_DATA_INTENSITY,2465060,POSITIVE_FINITE,true
PXD068107_WESTLAKE_OMNIPROT_TECHNICAL,Westlake University,heatmap_2b,2b_heatmap,11,DTD11,P68366,P68366,PXD068107_NP30,POOLED_TECHNICAL_PLASMA_SOURCE,NP30,true,SOURCE_DATA_INTENSITY,1776300,POSITIVE_FINITE,true
PXD068107_WESTLAKE_OMNIPROT_TECHNICAL,Westlake University,heatmap_2b,2b_heatmap,11,DUE11,P78417,P78417,PXD068107_NP30,POOLED_TECHNICAL_PLASMA_SOURCE,NP30,true,SOURCE_DATA_INTENSITY,1632860,POSITIVE_FINITE,true
PXD068107_WESTLAKE_OMNIPROT_TECHNICAL,Westlake University,heatmap_2b,2b_heatmap,11,EAQ11,Q04695,Q04695,PXD068107_NP30,POOLED_TECHNICAL_PLASMA_SOURCE,NP30,true,SOURCE_DATA_INTENSITY,1217650,POSITIVE_FINITE,true
PXD068107_WESTLAKE_OMNIPROT_TECHNICAL,Westlake University,heatmap_2b,2b_heatmap,11,EPH11,Q14247,Q14247,PXD068107_NP30,POOLED_TECHNICAL_PLASMA_SOURCE,NP30,true,SOURCE_DATA_INTENSITY,427505,POSITIVE_FINITE,true
PXD068107_WESTLAKE_OMNIPROT_TECHNICAL,Westlake University,heatmap_2b,2b_heatmap,11,ESK11,Q14974,Q14974,PXD068107_NP30,POOLED_TECHNICAL_PLASMA_SOURCE,NP30,true,SOURCE_DATA_INTENSITY,238291,POSITIVE_FINITE,true
PXD068107_WESTLAKE_OMNIPROT_TECHNICAL,Westlake University,heatmap_2b,2b_heatmap,11,EUC11,Q15084,Q15084,PXD068107_NP30,POOLED_TECHNICAL_PLASMA_SOURCE,NP30,true,SOURCE_DATA_INTENSITY,2973150,POSITIVE_FINITE,true
PXD068107_WESTLAKE_OMNIPROT_TECHNICAL,Westlake University,heatmap_2b,2b_heatmap,11,EVQ11,Q15365,Q15365,PXD068107_NP30,POOLED_TECHNICAL_PLASMA_SOURCE,NP30,true,SOURCE_DATA_INTENSITY,640395,POSITIVE_FINITE,true
PXD068107_WESTLAKE_OMNIPROT_TECHNICAL,Westlake University,heatmap_2b,2b_heatmap,11,EWB11,Q15404,Q15404,PXD068107_NP30,POOLED_TECHNICAL_PLASMA_SOURCE,NP30,true,SOURCE_DATA_INTENSITY,623080,POSITIVE_FINITE,true
PXD068107_WESTLAKE_OMNIPROT_TECHNICAL,Westlake University,heatmap_2b,2b_heatmap,11,EXI11,Q15691,Q15691,PXD068107_NP30,POOLED_TECHNICAL_PLASMA_SOURCE,NP30,true,SOURCE_DATA_INTENSITY,873819,POSITIVE_FINITE,true
PXD068107_WESTLAKE_OMNIPROT_TECHNICAL,Westlake University,heatmap_2b,2b_heatmap,11,EYN11,Q15942,Q15942,PXD068107_NP30,POOLED_TECHNICAL_PLASMA_SOURCE,NP30,true,SOURCE_DATA_INTENSITY,834398,POSITIVE_FINITE,true
PXD068107_WESTLAKE_OMNIPROT_TECHNICAL,Westlake University,heatmap_2b,2b_heatmap,11,EZF11,Q16543,Q16543,PXD068107_NP30,POOLED_TECHNICAL_PLASMA_SOURCE,NP30,true,SOURCE_DATA_INTENSITY,330812,POSITIVE_FINITE,true
PXD068107_WESTLAKE_OMNIPROT_TECHNICAL,Westlake University,heatmap_2b,2b_heatmap,11,EZZ11,Q16643,Q16643,PXD068107_NP30,POOLED_TECHNICAL_PLASMA_SOURCE,NP30,true,SOURCE_DATA_INTENSITY,509960,POSITIVE_FINITE,true
PXD068107_WESTLAKE_OMNIPROT_TECHNICAL,Westlake University,heatmap_2b,2b_heatmap,11,FAP11,Q16762,Q16762,PXD068107_NP30,POOLED_TECHNICAL_PLASMA_SOURCE,NP30,true,SOURCE_DATA_INTENSITY,45324.300000000003,POSITIVE_FINITE,true
PXD068107_WESTLAKE_OMNIPROT_TECHNICAL,Westlake University,heatmap_2b,2b_heatmap,11,FBY11,Q27J81,Q27J81,PXD068107_NP30,POOLED_TECHNICAL_PLASMA_SOURCE,NP30,true,SOURCE_DATA_INTENSITY,268110,POSITIVE_FINITE,true
PXD068107_WESTLAKE_OMNIPROT_TECHNICAL,Westlake University,heatmap_2b,2b_heatmap,11,FGK11,Q58FF8,Q58FF8,PXD068107_NP30,POOLED_TECHNICAL_PLASMA_SOURCE,NP30,true,SOURCE_DATA_INTENSITY,,SOURCE_NA,false
PXD068107_WESTLAKE_OMNIPROT_TECHNICAL,Westlake University,heatmap_2b,2b_heatmap,11,FYD11,Q70J99,Q70J99,PXD068107_NP30,POOLED_TECHNICAL_PLASMA_SOURCE,NP30,true,SOURCE_DATA_INTENSITY,186420,POSITIVE_FINITE,true
PXD068107_WESTLAKE_OMNIPROT_TECHNICAL,Westlake University,heatmap_2b,2b_heatmap,11,FZH11,Q7L576,Q7L576,PXD068107_NP30,POOLED_TECHNICAL_PLASMA_SOURCE,NP30,true,SOURCE_DATA_INTENSITY,299180,POSITIVE_FINITE,true
PXD068107_WESTLAKE_OMNIPROT_TECHNICAL,Westlake University,heatmap_2b,2b_heatmap,11,GBF11,Q7Z406,Q7Z406,PXD068107_NP30,POOLED_TECHNICAL_PLASMA_SOURCE,NP30,true,SOURCE_DATA_INTENSITY,55311.199999999997,POSITIVE_FINITE,true
PXD068107_WESTLAKE_OMNIPROT_TECHNICAL,Westlake University,heatmap_2b,2b_heatmap,11,GFO11,Q86VP6,Q86VP6,PXD068107_NP30,POOLED_TECHNICAL_PLASMA_SOURCE,NP30,true,SOURCE_DATA_INTENSITY,265044,POSITIVE_FINITE,true
PXD068107_WESTLAKE_OMNIPROT_TECHNICAL,Westlake University,heatmap_2b,2b_heatmap,11,GXT11,Q8TC12,Q8TC12,PXD068107_NP30,POOLED_TECHNICAL_PLASMA_SOURCE,NP30,true,SOURCE_DATA_INTENSITY,8586.6399999999994,POSITIVE_FINITE,true
PXD068107_WESTLAKE_OMNIPROT_TECHNICAL,Westlake University,heatmap_2b,2b_heatmap,11,HJL11,Q93084,Q93084,PXD068107_NP30,POOLED_TECHNICAL_PLASMA_SOURCE,NP30,true,SOURCE_DATA_INTENSITY,188245,POSITIVE_FINITE,true
PXD068107_WESTLAKE_OMNIPROT_TECHNICAL,Westlake University,heatmap_2b,2b_heatmap,11,IBO11,Q99733,Q99733,PXD068107_NP30,POOLED_TECHNICAL_PLASMA_SOURCE,NP30,true,SOURCE_DATA_INTENSITY,53857.699999999997,POSITIVE_FINITE,true
PXD068107_WESTLAKE_OMNIPROT_TECHNICAL,Westlake University,heatmap_2b,2b_heatmap,11,ICI11,Q99832,Q99832,PXD068107_NP30,POOLED_TECHNICAL_PLASMA_SOURCE,NP30,true,SOURCE_DATA_INTENSITY,170652,POSITIVE_FINITE,true
PXD068107_WESTLAKE_OMNIPROT_TECHNICAL,Westlake University,heatmap_2b,2b_heatmap,11,IFI11,Q9BS26,Q9BS26,PXD068107_NP30,POOLED_TECHNICAL_PLASMA_SOURCE,NP30,true,SOURCE_DATA_INTENSITY,609875,POSITIVE_FINITE,true
PXD068107_WESTLAKE_OMNIPROT_TECHNICAL,Westlake University,heatmap_2b,2b_heatmap,11,IFU11,Q9BSJ8,Q9BSJ8,PXD068107_NP30,POOLED_TECHNICAL_PLASMA_SOURCE,NP30,true,SOURCE_DATA_INTENSITY,555712,POSITIVE_FINITE,true
PXD068107_WESTLAKE_OMNIPROT_TECHNICAL,Westlake University,heatmap_2b,2b_heatmap,11,ITX11,Q9H4B7,Q9H4B7,PXD068107_NP30,POOLED_TECHNICAL_PLASMA_SOURCE,NP30,true,SOURCE_DATA_INTENSITY,2294970,POSITIVE_FINITE,true
PXD068107_WESTLAKE_OMNIPROT_TECHNICAL,Westlake University,heatmap_2b,2b_heatmap,11,JAC11,Q9HDC9,Q9HDC9,PXD068107_NP30,POOLED_TECHNICAL_PLASMA_SOURCE,NP30,true,SOURCE_DATA_INTENSITY,19841300,POSITIVE_FINITE,true
PXD068107_WESTLAKE_OMNIPROT_TECHNICAL,Westlake University,heatmap_2b,2b_heatmap,11,JCH11,Q9NQC3,Q9NQC3,PXD068107_NP30,POOLED_TECHNICAL_PLASMA_SOURCE,NP30,true,SOURCE_DATA_INTENSITY,67046.399999999994,POSITIVE_FINITE,true
PXD068107_WESTLAKE_OMNIPROT_TECHNICAL,Westlake University,heatmap_2b,2b_heatmap,11,JDC11,Q9NR12,Q9NR12,PXD068107_NP30,POOLED_TECHNICAL_PLASMA_SOURCE,NP30,true,SOURCE_DATA_INTENSITY,11708900,POSITIVE_FINITE,true
PXD068107_WESTLAKE_OMNIPROT_TECHNICAL,Westlake University,heatmap_2b,2b_heatmap,11,JEP11,Q9NRW1,Q9NRW1,PXD068107_NP30,POOLED_TECHNICAL_PLASMA_SOURCE,NP30,true,SOURCE_DATA_INTENSITY,407422,POSITIVE_FINITE,true
PXD068107_WESTLAKE_OMNIPROT_TECHNICAL,Westlake University,heatmap_2b,2b_heatmap,11,JFD11,Q9NS28,Q9NS28,PXD068107_NP30,POOLED_TECHNICAL_PLASMA_SOURCE,NP30,true,SOURCE_DATA_INTENSITY,1185900,POSITIVE_FINITE,true
PXD068107_WESTLAKE_OMNIPROT_TECHNICAL,Westlake University,heatmap_2b,2b_heatmap,11,JKP11,Q9NY65,Q9NY65,PXD068107_NP30,POOLED_TECHNICAL_PLASMA_SOURCE,NP30,true,SOURCE_DATA_INTENSITY,82979,POSITIVE_FINITE,true
PXD068107_WESTLAKE_OMNIPROT_TECHNICAL,Westlake University,heatmap_2b,2b_heatmap,11,KDT11,Q9Y2A7,Q9Y2A7,PXD068107_NP30,POOLED_TECHNICAL_PLASMA_SOURCE,NP30,true,SOURCE_DATA_INTENSITY,57616.599999999999,POSITIVE_FINITE,true
PXD068107_WESTLAKE_OMNIPROT_TECHNICAL,Westlake University,heatmap_2b,2b_heatmap,11,KHC11,Q9Y3F4,Q9Y3F4,PXD068107_NP30,POOLED_TECHNICAL_PLASMA_SOURCE,NP30,true,SOURCE_DATA_INTENSITY,882371,POSITIVE_FINITE,true
PXD068107_WESTLAKE_OMNIPROT_TECHNICAL,Westlake University,heatmap_2b,2b_heatmap,12,GY12,O00151,O00151,PXD068107_NP34,POOLED_TECHNICAL_PLASMA_SOURCE,NP34,true,SOURCE_DATA_INTENSITY,572297,POSITIVE_FINITE,true
PXD068107_WESTLAKE_OMNIPROT_TECHNICAL,Westlake University,heatmap_2b,2b_heatmap,12,HI12,O00187,O00187,PXD068107_NP34,POOLED_TECHNICAL_PLASMA_SOURCE,NP34,true,SOURCE_DATA_INTENSITY,12101700,POSITIVE_FINITE,true
PXD068107_WESTLAKE_OMNIPROT_TECHNICAL,Westlake University,heatmap_2b,2b_heatmap,12,HZ12,O00264,O00264,PXD068107_NP34,POOLED_TECHNICAL_PLASMA_SOURCE,NP34,true,SOURCE_DATA_INTENSITY,26609.5,POSITIVE_FINITE,true
PXD068107_WESTLAKE_OMNIPROT_TECHNICAL,Westlake University,heatmap_2b,2b_heatmap,12,IE12,O00299,O00299,PXD068107_NP34,POOLED_TECHNICAL_PLASMA_SOURCE,NP34,true,SOURCE_DATA_INTENSITY,882615,POSITIVE_FINITE,true
PXD068107_WESTLAKE_OMNIPROT_TECHNICAL,Westlake University,heatmap_2b,2b_heatmap,12,IQ12,O00410,O00410,PXD068107_NP34,POOLED_TECHNICAL_PLASMA_SOURCE,NP34,true,SOURCE_DATA_INTENSITY,548044,POSITIVE_FINITE,true
PXD068107_WESTLAKE_OMNIPROT_TECHNICAL,Westlake University,heatmap_2b,2b_heatmap,12,OY12,O15145,O15145,PXD068107_NP34,POOLED_TECHNICAL_PLASMA_SOURCE,NP34,true,SOURCE_DATA_INTENSITY,613527,POSITIVE_FINITE,true
PXD068107_WESTLAKE_OMNIPROT_TECHNICAL,Westlake University,heatmap_2b,2b_heatmap,12,AAP12,O75083,O75083,PXD068107_NP34,POOLED_TECHNICAL_PLASMA_SOURCE,NP34,true,SOURCE_DATA_INTENSITY,437722,POSITIVE_FINITE,true
PXD068107_WESTLAKE_OMNIPROT_TECHNICAL,Westlake University,heatmap_2b,2b_heatmap,12,ADS12,O75531,O75531,PXD068107_NP34,POOLED_TECHNICAL_PLASMA_SOURCE,NP34,true,SOURCE_DATA_INTENSITY,27043.5,POSITIVE_FINITE,true
PXD068107_WESTLAKE_OMNIPROT_TECHNICAL,Westlake University,heatmap_2b,2b_heatmap,12,AOR12,P00387,P00387,PXD068107_NP34,POOLED_TECHNICAL_PLASMA_SOURCE,NP34,true,SOURCE_DATA_INTENSITY,44292.699999999997,POSITIVE_FINITE,true
PXD068107_WESTLAKE_OMNIPROT_TECHNICAL,Westlake University,heatmap_2b,2b_heatmap,12,AOT12,P00403,P00403,PXD068107_NP34,POOLED_TECHNICAL_PLASMA_SOURCE,NP34,true,SOURCE_DATA_INTENSITY,12233.6,POSITIVE_FINITE,true
PXD068107_WESTLAKE_OMNIPROT_TECHNICAL,Westlake University,heatmap_2b,2b_heatmap,12,ARE12,P01275,P01275,PXD068107_NP34,POOLED_TECHNICAL_PLASMA_SOURCE,NP34,true,SOURCE_DATA_INTENSITY,,SOURCE_NA,false
PXD068107_WESTLAKE_OMNIPROT_TECHNICAL,Westlake University,heatmap_2b,2b_heatmap,12,AVX12,P04004,P04004,PXD068107_NP34,POOLED_TECHNICAL_PLASMA_SOURCE,NP34,true,SOURCE_DATA_INTENSITY,416173000,POSITIVE_FINITE,true
PXD068107_WESTLAKE_OMNIPROT_TECHNICAL,Westlake University,heatmap_2b,2b_heatmap,12,AWW12,P04264,P04264,PXD068107_NP34,POOLED_TECHNICAL_PLASMA_SOURCE,NP34,true,SOURCE_DATA_INTENSITY,124257000,POSITIVE_FINITE,true
PXD068107_WESTLAKE_OMNIPROT_TECHNICAL,Westlake University,heatmap_2b,2b_heatmap,12,AXO12,P04844,P04844,PXD068107_NP34,POOLED_TECHNICAL_PLASMA_SOURCE,NP34,true,SOURCE_DATA_INTENSITY,17084,POSITIVE_FINITE,true
PXD068107_WESTLAKE_OMNIPROT_TECHNICAL,Westlake University,heatmap_2b,2b_heatmap,12,AXU12,P05023,P05023,PXD068107_NP34,POOLED_TECHNICAL_PLASMA_SOURCE,NP34,true,SOURCE_DATA_INTENSITY,485157,POSITIVE_FINITE,true
PXD068107_WESTLAKE_OMNIPROT_TECHNICAL,Westlake University,heatmap_2b,2b_heatmap,12,AZG12,P05556,P05556,PXD068107_NP34,POOLED_TECHNICAL_PLASMA_SOURCE,NP34,true,SOURCE_DATA_INTENSITY,587979,POSITIVE_FINITE,true
PXD068107_WESTLAKE_OMNIPROT_TECHNICAL,Westlake University,heatmap_2b,2b_heatmap,12,BAA12,P06396,P06396,PXD068107_NP34,POOLED_TECHNICAL_PLASMA_SOURCE,NP34,true,SOURCE_DATA_INTENSITY,172873000,POSITIVE_FINITE,true
PXD068107_WESTLAKE_OMNIPROT_TECHNICAL,Westlake University,heatmap_2b,2b_heatmap,12,BAC12,P06576,P06576,PXD068107_NP34,POOLED_TECHNICAL_PLASMA_SOURCE,NP34,true,SOURCE_DATA_INTENSITY,314668,POSITIVE_FINITE,true
PXD068107_WESTLAKE_OMNIPROT_TECHNICAL,Westlake University,heatmap_2b,2b_heatmap,12,BCX12,P07996,P07996,PXD068107_NP34,POOLED_TECHNICAL_PLASMA_SOURCE,NP34,true,SOURCE_DATA_INTENSITY,78315500,POSITIVE_FINITE,true
PXD068107_WESTLAKE_OMNIPROT_TECHNICAL,Westlake University,heatmap_2b,2b_heatmap,12,BGG12,P09493,P09493,PXD068107_NP34,POOLED_TECHNICAL_PLASMA_SOURCE,NP34,true,SOURCE_DATA_INTENSITY,4647.4099999999999,POSITIVE_FINITE,true
PXD068107_WESTLAKE_OMNIPROT_TECHNICAL,Westlake University,heatmap_2b,2b_heatmap,12,BJV12,P10599,P10599,PXD068107_NP34,POOLED_TECHNICAL_PLASMA_SOURCE,NP34,true,SOURCE_DATA_INTENSITY,194453,POSITIVE_FINITE,true
PXD068107_WESTLAKE_OMNIPROT_TECHNICAL,Westlake University,heatmap_2b,2b_heatmap,12,BKB12,P10644,P10644,PXD068107_NP34,POOLED_TECHNICAL_PLASMA_SOURCE,NP34,true,SOURCE_DATA_INTENSITY,144095,POSITIVE_FINITE,true
PXD068107_WESTLAKE_OMNIPROT_TECHNICAL,Westlake University,heatmap_2b,2b_heatmap,12,BKK12,P10809,P10809,PXD068107_NP34,POOLED_TECHNICAL_PLASMA_SOURCE,NP34,true,SOURCE_DATA_INTENSITY,842671,POSITIVE_FINITE,true
PXD068107_WESTLAKE_OMNIPROT_TECHNICAL,Westlake University,heatmap_2b,2b_heatmap,12,BKP12,P11021,P11021,PXD068107_NP34,POOLED_TECHNICAL_PLASMA_SOURCE,NP34,true,SOURCE_DATA_INTENSITY,7617310,POSITIVE_FINITE,true
PXD068107_WESTLAKE_OMNIPROT_TECHNICAL,Westlake University,heatmap_2b,2b_heatmap,12,BKX12,P11166,P11166,PXD068107_NP34,POOLED_TECHNICAL_PLASMA_SOURCE,NP34,true,SOURCE_DATA_INTENSITY,365911,POSITIVE_FINITE,true
PXD068107_WESTLAKE_OMNIPROT_TECHNICAL,Westlake University,heatmap_2b,2b_heatmap,12,BLT12,P11413,P11413,PXD068107_NP34,POOLED_TECHNICAL_PLASMA_SOURCE,NP34,true,SOURCE_DATA_INTENSITY,86713.5,POSITIVE_FINITE,true
PXD068107_WESTLAKE_OMNIPROT_TECHNICAL,Westlake University,heatmap_2b,2b_heatmap,12,BOZ12,P13796,P13796,PXD068107_NP34,POOLED_TECHNICAL_PLASMA_SOURCE,NP34,true,SOURCE_DATA_INTENSITY,451110,POSITIVE_FINITE,true
PXD068107_WESTLAKE_OMNIPROT_TECHNICAL,Westlake University,heatmap_2b,2b_heatmap,12,BQN12,P14868,P14868,PXD068107_NP34,POOLED_TECHNICAL_PLASMA_SOURCE,NP34,true,SOURCE_DATA_INTENSITY,299894,POSITIVE_FINITE,true
PXD068107_WESTLAKE_OMNIPROT_TECHNICAL,Westlake University,heatmap_2b,2b_heatmap,12,BRP12,P15531,P15531,PXD068107_NP34,POOLED_TECHNICAL_PLASMA_SOURCE,NP34,true,SOURCE_DATA_INTENSITY,,SOURCE_NA,false
PXD068107_WESTLAKE_OMNIPROT_TECHNICAL,Westlake University,heatmap_2b,2b_heatmap,12,BTD12,P16615,P16615,PXD068107_NP34,POOLED_TECHNICAL_PLASMA_SOURCE,NP34,true,SOURCE_DATA_INTENSITY,80113.899999999994,POSITIVE_FINITE,true
PXD068107_WESTLAKE_OMNIPROT_TECHNICAL,Westlake University,heatmap_2b,2b_heatmap,12,BWA12,P19367,P19367,PXD068107_NP34,POOLED_TECHNICAL_PLASMA_SOURCE,NP34,true,SOURCE_DATA_INTENSITY,312496,POSITIVE_FINITE,true
PXD068107_WESTLAKE_OMNIPROT_TECHNICAL,Westlake University,heatmap_2b,2b_heatmap,12,BXV12,P20645,P20645,PXD068107_NP34,POOLED_TECHNICAL_PLASMA_SOURCE,NP34,true,SOURCE_DATA_INTENSITY,8297.7600000000002,POSITIVE_FINITE,true
PXD068107_WESTLAKE_OMNIPROT_TECHNICAL,Westlake University,heatmap_2b,2b_heatmap,12,BZN12,P21796,P21796,PXD068107_NP34,POOLED_TECHNICAL_PLASMA_SOURCE,NP34,true,SOURCE_DATA_INTENSITY,34728.300000000003,POSITIVE_FINITE,true
PXD068107_WESTLAKE_OMNIPROT_TECHNICAL,Westlake University,heatmap_2b,2b_heatmap,12,CBV12,P23284,P23284,PXD068107_NP34,POOLED_TECHNICAL_PLASMA_SOURCE,NP34,true,SOURCE_DATA_INTENSITY,4206110,POSITIVE_FINITE,true
PXD068107_WESTLAKE_OMNIPROT_TECHNICAL,Westlake University,heatmap_2b,2b_heatmap,12,CDO12,P24844,P24844,PXD068107_NP34,POOLED_TECHNICAL_PLASMA_SOURCE,NP34,true,SOURCE_DATA_INTENSITY,150583,POSITIVE_FINITE,true
PXD068107_WESTLAKE_OMNIPROT_TECHNICAL,Westlake University,heatmap_2b,2b_heatmap,12,CES12,P26038,P26038,PXD068107_NP34,POOLED_TECHNICAL_PLASMA_SOURCE,NP34,true,SOURCE_DATA_INTENSITY,9024290,POSITIVE_FINITE,true
PXD068107_WESTLAKE_OMNIPROT_TECHNICAL,Westlake University,heatmap_2b,2b_heatmap,12,CFF12,P26641,P26641,PXD068107_NP34,POOLED_TECHNICAL_PLASMA_SOURCE,NP34,true,SOURCE_DATA_INTENSITY,291713,POSITIVE_FINITE,true
PXD068107_WESTLAKE_OMNIPROT_TECHNICAL,Westlake University,heatmap_2b,2b_heatmap,12,CFP12,P27348,P27348,PXD068107_NP34,POOLED_TECHNICAL_PLASMA_SOURCE,NP34,true,SOURCE_DATA_INTENSITY,190738,POSITIVE_FINITE,true
PXD068107_WESTLAKE_OMNIPROT_TECHNICAL,Westlake University,heatmap_2b,2b_heatmap,12,CGC12,P27797,P27797,PXD068107_NP34,POOLED_TECHNICAL_PLASMA_SOURCE,NP34,true,SOURCE_DATA_INTENSITY,105421,POSITIVE_FINITE,true
PXD068107_WESTLAKE_OMNIPROT_TECHNICAL,Westlake University,heatmap_2b,2b_heatmap,12,CGL12,P28066,P28066,PXD068107_NP34,POOLED_TECHNICAL_PLASMA_SOURCE,NP34,true,SOURCE_DATA_INTENSITY,84102.100000000006,POSITIVE_FINITE,true
PXD068107_WESTLAKE_OMNIPROT_TECHNICAL,Westlake University,heatmap_2b,2b_heatmap,12,CGM12,P28070,P28070,PXD068107_NP34,POOLED_TECHNICAL_PLASMA_SOURCE,NP34,true,SOURCE_DATA_INTENSITY,81784.100000000006,POSITIVE_FINITE,true
PXD068107_WESTLAKE_OMNIPROT_TECHNICAL,Westlake University,heatmap_2b,2b_heatmap,12,CIL12,P30041,P30041,PXD068107_NP34,POOLED_TECHNICAL_PLASMA_SOURCE,NP34,true,SOURCE_DATA_INTENSITY,1234290,POSITIVE_FINITE,true
PXD068107_WESTLAKE_OMNIPROT_TECHNICAL,Westlake University,heatmap_2b,2b_heatmap,12,CIN12,P30044,P30044,PXD068107_NP34,POOLED_TECHNICAL_PLASMA_SOURCE,NP34,true,SOURCE_DATA_INTENSITY,151615,POSITIVE_FINITE,true
PXD068107_WESTLAKE_OMNIPROT_TECHNICAL,Westlake University,heatmap_2b,2b_heatmap,12,CIQ12,P30048,P30048,PXD068107_NP34,POOLED_TECHNICAL_PLASMA_SOURCE,NP34,true,SOURCE_DATA_INTENSITY,10604.4,POSITIVE_FINITE,true
PXD068107_WESTLAKE_OMNIPROT_TECHNICAL,Westlake University,heatmap_2b,2b_heatmap,12,CIW12,P30101,P30101,PXD068107_NP34,POOLED_TECHNICAL_PLASMA_SOURCE,NP34,true,SOURCE_DATA_INTENSITY,2436960,POSITIVE_FINITE,true
PXD068107_WESTLAKE_OMNIPROT_TECHNICAL,Westlake University,heatmap_2b,2b_heatmap,12,CQE12,P37802,P37802,PXD068107_NP34,POOLED_TECHNICAL_PLASMA_SOURCE,NP34,true,SOURCE_DATA_INTENSITY,5455190,POSITIVE_FINITE,true
PXD068107_WESTLAKE_OMNIPROT_TECHNICAL,Westlake University,heatmap_2b,2b_heatmap,12,CQM12,P38646,P38646,PXD068107_NP34,POOLED_TECHNICAL_PLASMA_SOURCE,NP34,true,SOURCE_DATA_INTENSITY,81003.300000000003,POSITIVE_FINITE,true
PXD068107_WESTLAKE_OMNIPROT_TECHNICAL,Westlake University,heatmap_2b,2b_heatmap,12,CUZ12,P45880,P45880,PXD068107_NP34,POOLED_TECHNICAL_PLASMA_SOURCE,NP34,true,SOURCE_DATA_INTENSITY,24542.400000000001,POSITIVE_FINITE,true
PXD068107_WESTLAKE_OMNIPROT_TECHNICAL,Westlake University,heatmap_2b,2b_heatmap,12,CZE12,P49411,P49411,PXD068107_NP34,POOLED_TECHNICAL_PLASMA_SOURCE,NP34,true,SOURCE_DATA_INTENSITY,118319,POSITIVE_FINITE,true
PXD068107_WESTLAKE_OMNIPROT_TECHNICAL,Westlake University,heatmap_2b,2b_heatmap,12,DCJ12,P50990,P50990,PXD068107_NP34,POOLED_TECHNICAL_PLASMA_SOURCE,NP34,true,SOURCE_DATA_INTENSITY,62833.900000000001,POSITIVE_FINITE,true
PXD068107_WESTLAKE_OMNIPROT_TECHNICAL,Westlake University,heatmap_2b,2b_heatmap,12,DCK12,P50991,P50991,PXD068107_NP34,POOLED_TECHNICAL_PLASMA_SOURCE,NP34,true,SOURCE_DATA_INTENSITY,211018,POSITIVE_FINITE,true
PXD068107_WESTLAKE_OMNIPROT_TECHNICAL,Westlake University,heatmap_2b,2b_heatmap,12,DCL12,P50995,P50995,PXD068107_NP34,POOLED_TECHNICAL_PLASMA_SOURCE,NP34,true,SOURCE_DATA_INTENSITY,129148,POSITIVE_FINITE,true
PXD068107_WESTLAKE_OMNIPROT_TECHNICAL,Westlake University,heatmap_2b,2b_heatmap,12,DFZ12,P52907,P52907,PXD068107_NP34,POOLED_TECHNICAL_PLASMA_SOURCE,NP34,true,SOURCE_DATA_INTENSITY,126951,POSITIVE_FINITE,true
PXD068107_WESTLAKE_OMNIPROT_TECHNICAL,Westlake University,heatmap_2b,2b_heatmap,12,DGJ12,P53396,P53396,PXD068107_NP34,POOLED_TECHNICAL_PLASMA_SOURCE,NP34,true,SOURCE_DATA_INTENSITY,699704,POSITIVE_FINITE,true
PXD068107_WESTLAKE_OMNIPROT_TECHNICAL,Westlake University,heatmap_2b,2b_heatmap,12,DIY12,P55072,P55072,PXD068107_NP34,POOLED_TECHNICAL_PLASMA_SOURCE,NP34,true,SOURCE_DATA_INTENSITY,487653,POSITIVE_FINITE,true
PXD068107_WESTLAKE_OMNIPROT_TECHNICAL,Westlake University,heatmap_2b,2b_heatmap,12,DMJ12,P60174,P60174,PXD068107_NP34,POOLED_TECHNICAL_PLASMA_SOURCE,NP34,true,SOURCE_DATA_INTENSITY,4681560,POSITIVE_FINITE,true
PXD068107_WESTLAKE_OMNIPROT_TECHNICAL,Westlake University,heatmap_2b,2b_heatmap,12,DNG12,P61006,P61006,PXD068107_NP34,POOLED_TECHNICAL_PLASMA_SOURCE,NP34,true,SOURCE_DATA_INTENSITY,160427,POSITIVE_FINITE,true
PXD068107_WESTLAKE_OMNIPROT_TECHNICAL,Westlake University,heatmap_2b,2b_heatmap,12,DNM12,P61026,P61026,PXD068107_NP34,POOLED_TECHNICAL_PLASMA_SOURCE,NP34,true,SOURCE_DATA_INTENSITY,129755,POSITIVE_FINITE,true
PXD068107_WESTLAKE_OMNIPROT_TECHNICAL,Westlake University,heatmap_2b,2b_heatmap,12,DNS12,P61106,P61106,PXD068107_NP34,POOLED_TECHNICAL_PLASMA_SOURCE,NP34,true,SOURCE_DATA_INTENSITY,231060,POSITIVE_FINITE,true
PXD068107_WESTLAKE_OMNIPROT_TECHNICAL,Westlake University,heatmap_2b,2b_heatmap,12,DPG12,P61978,P61978,PXD068107_NP34,POOLED_TECHNICAL_PLASMA_SOURCE,NP34,true,SOURCE_DATA_INTENSITY,2486550,POSITIVE_FINITE,true
PXD068107_WESTLAKE_OMNIPROT_TECHNICAL,Westlake University,heatmap_2b,2b_heatmap,12,DPH12,P61981,P61981,PXD068107_NP34,POOLED_TECHNICAL_PLASMA_SOURCE,NP34,true,SOURCE_DATA_INTENSITY,408066,POSITIVE_FINITE,true
PXD068107_WESTLAKE_OMNIPROT_TECHNICAL,Westlake University,heatmap_2b,2b_heatmap,12,DQK12,P62330,P62330,PXD068107_NP34,POOLED_TECHNICAL_PLASMA_SOURCE,NP34,true,SOURCE_DATA_INTENSITY,39152.400000000001,POSITIVE_FINITE,true
PXD068107_WESTLAKE_OMNIPROT_TECHNICAL,Westlake University,heatmap_2b,2b_heatmap,12,DQX12,P62805,P62805,PXD068107_NP34,POOLED_TECHNICAL_PLASMA_SOURCE,NP34,true,SOURCE_DATA_INTENSITY,69182300,POSITIVE_FINITE,true
PXD068107_WESTLAKE_OMNIPROT_TECHNICAL,Westlake University,heatmap_2b,2b_heatmap,12,DRY12,P63000,P63000,PXD068107_NP34,POOLED_TECHNICAL_PLASMA_SOURCE,NP34,true,SOURCE_DATA_INTENSITY,1249490,POSITIVE_FINITE,true
PXD068107_WESTLAKE_OMNIPROT_TECHNICAL,Westlake University,heatmap_2b,2b_heatmap,12,DTD12,P68366,P68366,PXD068107_NP34,POOLED_TECHNICAL_PLASMA_SOURCE,NP34,true,SOURCE_DATA_INTENSITY,1695640,POSITIVE_FINITE,true
PXD068107_WESTLAKE_OMNIPROT_TECHNICAL,Westlake University,heatmap_2b,2b_heatmap,12,DUE12,P78417,P78417,PXD068107_NP34,POOLED_TECHNICAL_PLASMA_SOURCE,NP34,true,SOURCE_DATA_INTENSITY,837481,POSITIVE_FINITE,true
PXD068107_WESTLAKE_OMNIPROT_TECHNICAL,Westlake University,heatmap_2b,2b_heatmap,12,EAQ12,Q04695,Q04695,PXD068107_NP34,POOLED_TECHNICAL_PLASMA_SOURCE,NP34,true,SOURCE_DATA_INTENSITY,2831280,POSITIVE_FINITE,true
PXD068107_WESTLAKE_OMNIPROT_TECHNICAL,Westlake University,heatmap_2b,2b_heatmap,12,EPH12,Q14247,Q14247,PXD068107_NP34,POOLED_TECHNICAL_PLASMA_SOURCE,NP34,true,SOURCE_DATA_INTENSITY,44518.099999999999,POSITIVE_FINITE,true
PXD068107_WESTLAKE_OMNIPROT_TECHNICAL,Westlake University,heatmap_2b,2b_heatmap,12,ESK12,Q14974,Q14974,PXD068107_NP34,POOLED_TECHNICAL_PLASMA_SOURCE,NP34,true,SOURCE_DATA_INTENSITY,231887,POSITIVE_FINITE,true
PXD068107_WESTLAKE_OMNIPROT_TECHNICAL,Westlake University,heatmap_2b,2b_heatmap,12,EUC12,Q15084,Q15084,PXD068107_NP34,POOLED_TECHNICAL_PLASMA_SOURCE,NP34,true,SOURCE_DATA_INTENSITY,980995,POSITIVE_FINITE,true
PXD068107_WESTLAKE_OMNIPROT_TECHNICAL,Westlake University,heatmap_2b,2b_heatmap,12,EVQ12,Q15365,Q15365,PXD068107_NP34,POOLED_TECHNICAL_PLASMA_SOURCE,NP34,true,SOURCE_DATA_INTENSITY,1274050,POSITIVE_FINITE,true
PXD068107_WESTLAKE_OMNIPROT_TECHNICAL,Westlake University,heatmap_2b,2b_heatmap,12,EWB12,Q15404,Q15404,PXD068107_NP34,POOLED_TECHNICAL_PLASMA_SOURCE,NP34,true,SOURCE_DATA_INTENSITY,616458,POSITIVE_FINITE,true
PXD068107_WESTLAKE_OMNIPROT_TECHNICAL,Westlake University,heatmap_2b,2b_heatmap,12,EXI12,Q15691,Q15691,PXD068107_NP34,POOLED_TECHNICAL_PLASMA_SOURCE,NP34,true,SOURCE_DATA_INTENSITY,1201490,POSITIVE_FINITE,true
PXD068107_WESTLAKE_OMNIPROT_TECHNICAL,Westlake University,heatmap_2b,2b_heatmap,12,EYN12,Q15942,Q15942,PXD068107_NP34,POOLED_TECHNICAL_PLASMA_SOURCE,NP34,true,SOURCE_DATA_INTENSITY,330915,POSITIVE_FINITE,true
PXD068107_WESTLAKE_OMNIPROT_TECHNICAL,Westlake University,heatmap_2b,2b_heatmap,12,EZF12,Q16543,Q16543,PXD068107_NP34,POOLED_TECHNICAL_PLASMA_SOURCE,NP34,true,SOURCE_DATA_INTENSITY,135090,POSITIVE_FINITE,true
PXD068107_WESTLAKE_OMNIPROT_TECHNICAL,Westlake University,heatmap_2b,2b_heatmap,12,EZZ12,Q16643,Q16643,PXD068107_NP34,POOLED_TECHNICAL_PLASMA_SOURCE,NP34,true,SOURCE_DATA_INTENSITY,88929.699999999997,POSITIVE_FINITE,true
PXD068107_WESTLAKE_OMNIPROT_TECHNICAL,Westlake University,heatmap_2b,2b_heatmap,12,FAP12,Q16762,Q16762,PXD068107_NP34,POOLED_TECHNICAL_PLASMA_SOURCE,NP34,true,SOURCE_DATA_INTENSITY,39687.5,POSITIVE_FINITE,true
PXD068107_WESTLAKE_OMNIPROT_TECHNICAL,Westlake University,heatmap_2b,2b_heatmap,12,FBY12,Q27J81,Q27J81,PXD068107_NP34,POOLED_TECHNICAL_PLASMA_SOURCE,NP34,true,SOURCE_DATA_INTENSITY,233644,POSITIVE_FINITE,true
PXD068107_WESTLAKE_OMNIPROT_TECHNICAL,Westlake University,heatmap_2b,2b_heatmap,12,FGK12,Q58FF8,Q58FF8,PXD068107_NP34,POOLED_TECHNICAL_PLASMA_SOURCE,NP34,true,SOURCE_DATA_INTENSITY,16534.900000000001,POSITIVE_FINITE,true
PXD068107_WESTLAKE_OMNIPROT_TECHNICAL,Westlake University,heatmap_2b,2b_heatmap,12,FYD12,Q70J99,Q70J99,PXD068107_NP34,POOLED_TECHNICAL_PLASMA_SOURCE,NP34,true,SOURCE_DATA_INTENSITY,164022,POSITIVE_FINITE,true
PXD068107_WESTLAKE_OMNIPROT_TECHNICAL,Westlake University,heatmap_2b,2b_heatmap,12,FZH12,Q7L576,Q7L576,PXD068107_NP34,POOLED_TECHNICAL_PLASMA_SOURCE,NP34,true,SOURCE_DATA_INTENSITY,541693,POSITIVE_FINITE,true
PXD068107_WESTLAKE_OMNIPROT_TECHNICAL,Westlake University,heatmap_2b,2b_heatmap,12,GBF12,Q7Z406,Q7Z406,PXD068107_NP34,POOLED_TECHNICAL_PLASMA_SOURCE,NP34,true,SOURCE_DATA_INTENSITY,21131.099999999999,POSITIVE_FINITE,true
PXD068107_WESTLAKE_OMNIPROT_TECHNICAL,Westlake University,heatmap_2b,2b_heatmap,12,GFO12,Q86VP6,Q86VP6,PXD068107_NP34,POOLED_TECHNICAL_PLASMA_SOURCE,NP34,true,SOURCE_DATA_INTENSITY,100025,POSITIVE_FINITE,true
PXD068107_WESTLAKE_OMNIPROT_TECHNICAL,Westlake University,heatmap_2b,2b_heatmap,12,GXT12,Q8TC12,Q8TC12,PXD068107_NP34,POOLED_TECHNICAL_PLASMA_SOURCE,NP34,true,SOURCE_DATA_INTENSITY,13176.200000000001,POSITIVE_FINITE,true
PXD068107_WESTLAKE_OMNIPROT_TECHNICAL,Westlake University,heatmap_2b,2b_heatmap,12,HJL12,Q93084,Q93084,PXD068107_NP34,POOLED_TECHNICAL_PLASMA_SOURCE,NP34,true,SOURCE_DATA_INTENSITY,42843.400000000001,POSITIVE_FINITE,true
PXD068107_WESTLAKE_OMNIPROT_TECHNICAL,Westlake University,heatmap_2b,2b_heatmap,12,IBO12,Q99733,Q99733,PXD068107_NP34,POOLED_TECHNICAL_PLASMA_SOURCE,NP34,true,SOURCE_DATA_INTENSITY,342484,POSITIVE_FINITE,true
PXD068107_WESTLAKE_OMNIPROT_TECHNICAL,Westlake University,heatmap_2b,2b_heatmap,12,ICI12,Q99832,Q99832,PXD068107_NP34,POOLED_TECHNICAL_PLASMA_SOURCE,NP34,true,SOURCE_DATA_INTENSITY,137564,POSITIVE_FINITE,true
PXD068107_WESTLAKE_OMNIPROT_TECHNICAL,Westlake University,heatmap_2b,2b_heatmap,12,IFI12,Q9BS26,Q9BS26,PXD068107_NP34,POOLED_TECHNICAL_PLASMA_SOURCE,NP34,true,SOURCE_DATA_INTENSITY,155189,POSITIVE_FINITE,true
PXD068107_WESTLAKE_OMNIPROT_TECHNICAL,Westlake University,heatmap_2b,2b_heatmap,12,IFU12,Q9BSJ8,Q9BSJ8,PXD068107_NP34,POOLED_TECHNICAL_PLASMA_SOURCE,NP34,true,SOURCE_DATA_INTENSITY,439894,POSITIVE_FINITE,true
PXD068107_WESTLAKE_OMNIPROT_TECHNICAL,Westlake University,heatmap_2b,2b_heatmap,12,ITX12,Q9H4B7,Q9H4B7,PXD068107_NP34,POOLED_TECHNICAL_PLASMA_SOURCE,NP34,true,SOURCE_DATA_INTENSITY,553646,POSITIVE_FINITE,true
PXD068107_WESTLAKE_OMNIPROT_TECHNICAL,Westlake University,heatmap_2b,2b_heatmap,12,JAC12,Q9HDC9,Q9HDC9,PXD068107_NP34,POOLED_TECHNICAL_PLASMA_SOURCE,NP34,true,SOURCE_DATA_INTENSITY,3946500,POSITIVE_FINITE,true
PXD068107_WESTLAKE_OMNIPROT_TECHNICAL,Westlake University,heatmap_2b,2b_heatmap,12,JCH12,Q9NQC3,Q9NQC3,PXD068107_NP34,POOLED_TECHNICAL_PLASMA_SOURCE,NP34,true,SOURCE_DATA_INTENSITY,14435.299999999999,POSITIVE_FINITE,true
PXD068107_WESTLAKE_OMNIPROT_TECHNICAL,Westlake University,heatmap_2b,2b_heatmap,12,JDC12,Q9NR12,Q9NR12,PXD068107_NP34,POOLED_TECHNICAL_PLASMA_SOURCE,NP34,true,SOURCE_DATA_INTENSITY,124640,POSITIVE_FINITE,true
PXD068107_WESTLAKE_OMNIPROT_TECHNICAL,Westlake University,heatmap_2b,2b_heatmap,12,JEP12,Q9NRW1,Q9NRW1,PXD068107_NP34,POOLED_TECHNICAL_PLASMA_SOURCE,NP34,true,SOURCE_DATA_INTENSITY,80027.899999999994,POSITIVE_FINITE,true
PXD068107_WESTLAKE_OMNIPROT_TECHNICAL,Westlake University,heatmap_2b,2b_heatmap,12,JFD12,Q9NS28,Q9NS28,PXD068107_NP34,POOLED_TECHNICAL_PLASMA_SOURCE,NP34,true,SOURCE_DATA_INTENSITY,107798,POSITIVE_FINITE,true
PXD068107_WESTLAKE_OMNIPROT_TECHNICAL,Westlake University,heatmap_2b,2b_heatmap,12,JKP12,Q9NY65,Q9NY65,PXD068107_NP34,POOLED_TECHNICAL_PLASMA_SOURCE,NP34,true,SOURCE_DATA_INTENSITY,28988.299999999999,POSITIVE_FINITE,true
PXD068107_WESTLAKE_OMNIPROT_TECHNICAL,Westlake University,heatmap_2b,2b_heatmap,12,KDT12,Q9Y2A7,Q9Y2A7,PXD068107_NP34,POOLED_TECHNICAL_PLASMA_SOURCE,NP34,true,SOURCE_DATA_INTENSITY,1185450,POSITIVE_FINITE,true
PXD068107_WESTLAKE_OMNIPROT_TECHNICAL,Westlake University,heatmap_2b,2b_heatmap,12,KHC12,Q9Y3F4,Q9Y3F4,PXD068107_NP34,POOLED_TECHNICAL_PLASMA_SOURCE,NP34,true,SOURCE_DATA_INTENSITY,62886.199999999997,POSITIVE_FINITE,true
PXD068107_WESTLAKE_OMNIPROT_TECHNICAL,Westlake University,heatmap_2b,2b_heatmap,13,GY13,O00151,O00151,PXD068107_NP40,POOLED_TECHNICAL_PLASMA_SOURCE,NP40,true,SOURCE_DATA_INTENSITY,5009080,POSITIVE_FINITE,true
PXD068107_WESTLAKE_OMNIPROT_TECHNICAL,Westlake University,heatmap_2b,2b_heatmap,13,HI13,O00187,O00187,PXD068107_NP40,POOLED_TECHNICAL_PLASMA_SOURCE,NP40,true,SOURCE_DATA_INTENSITY,19278800,POSITIVE_FINITE,true
PXD068107_WESTLAKE_OMNIPROT_TECHNICAL,Westlake University,heatmap_2b,2b_heatmap,13,HZ13,O00264,O00264,PXD068107_NP40,POOLED_TECHNICAL_PLASMA_SOURCE,NP40,true,SOURCE_DATA_INTENSITY,271072,POSITIVE_FINITE,true
PXD068107_WESTLAKE_OMNIPROT_TECHNICAL,Westlake University,heatmap_2b,2b_heatmap,13,IE13,O00299,O00299,PXD068107_NP40,POOLED_TECHNICAL_PLASMA_SOURCE,NP40,true,SOURCE_DATA_INTENSITY,1738320,POSITIVE_FINITE,true
PXD068107_WESTLAKE_OMNIPROT_TECHNICAL,Westlake University,heatmap_2b,2b_heatmap,13,IQ13,O00410,O00410,PXD068107_NP40,POOLED_TECHNICAL_PLASMA_SOURCE,NP40,true,SOURCE_DATA_INTENSITY,857976,POSITIVE_FINITE,true
PXD068107_WESTLAKE_OMNIPROT_TECHNICAL,Westlake University,heatmap_2b,2b_heatmap,13,OY13,O15145,O15145,PXD068107_NP40,POOLED_TECHNICAL_PLASMA_SOURCE,NP40,true,SOURCE_DATA_INTENSITY,867438,POSITIVE_FINITE,true
PXD068107_WESTLAKE_OMNIPROT_TECHNICAL,Westlake University,heatmap_2b,2b_heatmap,13,AAP13,O75083,O75083,PXD068107_NP40,POOLED_TECHNICAL_PLASMA_SOURCE,NP40,true,SOURCE_DATA_INTENSITY,4748100,POSITIVE_FINITE,true
PXD068107_WESTLAKE_OMNIPROT_TECHNICAL,Westlake University,heatmap_2b,2b_heatmap,13,ADS13,O75531,O75531,PXD068107_NP40,POOLED_TECHNICAL_PLASMA_SOURCE,NP40,true,SOURCE_DATA_INTENSITY,64482.400000000001,POSITIVE_FINITE,true
PXD068107_WESTLAKE_OMNIPROT_TECHNICAL,Westlake University,heatmap_2b,2b_heatmap,13,AOR13,P00387,P00387,PXD068107_NP40,POOLED_TECHNICAL_PLASMA_SOURCE,NP40,true,SOURCE_DATA_INTENSITY,206028,POSITIVE_FINITE,true
PXD068107_WESTLAKE_OMNIPROT_TECHNICAL,Westlake University,heatmap_2b,2b_heatmap,13,AOT13,P00403,P00403,PXD068107_NP40,POOLED_TECHNICAL_PLASMA_SOURCE,NP40,true,SOURCE_DATA_INTENSITY,326421,POSITIVE_FINITE,true
PXD068107_WESTLAKE_OMNIPROT_TECHNICAL,Westlake University,heatmap_2b,2b_heatmap,13,ARE13,P01275,P01275,PXD068107_NP40,POOLED_TECHNICAL_PLASMA_SOURCE,NP40,true,SOURCE_DATA_INTENSITY,57895.800000000003,POSITIVE_FINITE,true
PXD068107_WESTLAKE_OMNIPROT_TECHNICAL,Westlake University,heatmap_2b,2b_heatmap,13,AVX13,P04004,P04004,PXD068107_NP40,POOLED_TECHNICAL_PLASMA_SOURCE,NP40,true,SOURCE_DATA_INTENSITY,226262000,POSITIVE_FINITE,true
PXD068107_WESTLAKE_OMNIPROT_TECHNICAL,Westlake University,heatmap_2b,2b_heatmap,13,AWW13,P04264,P04264,PXD068107_NP40,POOLED_TECHNICAL_PLASMA_SOURCE,NP40,true,SOURCE_DATA_INTENSITY,73198000,POSITIVE_FINITE,true
PXD068107_WESTLAKE_OMNIPROT_TECHNICAL,Westlake University,heatmap_2b,2b_heatmap,13,AXO13,P04844,P04844,PXD068107_NP40,POOLED_TECHNICAL_PLASMA_SOURCE,NP40,true,SOURCE_DATA_INTENSITY,445775,POSITIVE_FINITE,true
PXD068107_WESTLAKE_OMNIPROT_TECHNICAL,Westlake University,heatmap_2b,2b_heatmap,13,AXU13,P05023,P05023,PXD068107_NP40,POOLED_TECHNICAL_PLASMA_SOURCE,NP40,true,SOURCE_DATA_INTENSITY,1071570,POSITIVE_FINITE,true
PXD068107_WESTLAKE_OMNIPROT_TECHNICAL,Westlake University,heatmap_2b,2b_heatmap,13,AZG13,P05556,P05556,PXD068107_NP40,POOLED_TECHNICAL_PLASMA_SOURCE,NP40,true,SOURCE_DATA_INTENSITY,2063010,POSITIVE_FINITE,true
PXD068107_WESTLAKE_OMNIPROT_TECHNICAL,Westlake University,heatmap_2b,2b_heatmap,13,BAA13,P06396,P06396,PXD068107_NP40,POOLED_TECHNICAL_PLASMA_SOURCE,NP40,true,SOURCE_DATA_INTENSITY,44612600,POSITIVE_FINITE,true
PXD068107_WESTLAKE_OMNIPROT_TECHNICAL,Westlake University,heatmap_2b,2b_heatmap,13,BAC13,P06576,P06576,PXD068107_NP40,POOLED_TECHNICAL_PLASMA_SOURCE,NP40,true,SOURCE_DATA_INTENSITY,2554190,POSITIVE_FINITE,true
PXD068107_WESTLAKE_OMNIPROT_TECHNICAL,Westlake University,heatmap_2b,2b_heatmap,13,BCX13,P07996,P07996,PXD068107_NP40,POOLED_TECHNICAL_PLASMA_SOURCE,NP40,true,SOURCE_DATA_INTENSITY,57440200,POSITIVE_FINITE,true
PXD068107_WESTLAKE_OMNIPROT_TECHNICAL,Westlake University,heatmap_2b,2b_heatmap,13,BGG13,P09493,P09493,PXD068107_NP40,POOLED_TECHNICAL_PLASMA_SOURCE,NP40,true,SOURCE_DATA_INTENSITY,26411.700000000001,POSITIVE_FINITE,true
PXD068107_WESTLAKE_OMNIPROT_TECHNICAL,Westlake University,heatmap_2b,2b_heatmap,13,BJV13,P10599,P10599,PXD068107_NP40,POOLED_TECHNICAL_PLASMA_SOURCE,NP40,true,SOURCE_DATA_INTENSITY,205573,POSITIVE_FINITE,true
PXD068107_WESTLAKE_OMNIPROT_TECHNICAL,Westlake University,heatmap_2b,2b_heatmap,13,BKB13,P10644,P10644,PXD068107_NP40,POOLED_TECHNICAL_PLASMA_SOURCE,NP40,true,SOURCE_DATA_INTENSITY,735539,POSITIVE_FINITE,true
PXD068107_WESTLAKE_OMNIPROT_TECHNICAL,Westlake University,heatmap_2b,2b_heatmap,13,BKK13,P10809,P10809,PXD068107_NP40,POOLED_TECHNICAL_PLASMA_SOURCE,NP40,true,SOURCE_DATA_INTENSITY,1804580,POSITIVE_FINITE,true
PXD068107_WESTLAKE_OMNIPROT_TECHNICAL,Westlake University,heatmap_2b,2b_heatmap,13,BKP13,P11021,P11021,PXD068107_NP40,POOLED_TECHNICAL_PLASMA_SOURCE,NP40,true,SOURCE_DATA_INTENSITY,35940700,POSITIVE_FINITE,true
PXD068107_WESTLAKE_OMNIPROT_TECHNICAL,Westlake University,heatmap_2b,2b_heatmap,13,BKX13,P11166,P11166,PXD068107_NP40,POOLED_TECHNICAL_PLASMA_SOURCE,NP40,true,SOURCE_DATA_INTENSITY,196874,POSITIVE_FINITE,true
PXD068107_WESTLAKE_OMNIPROT_TECHNICAL,Westlake University,heatmap_2b,2b_heatmap,13,BLT13,P11413,P11413,PXD068107_NP40,POOLED_TECHNICAL_PLASMA_SOURCE,NP40,true,SOURCE_DATA_INTENSITY,745856,POSITIVE_FINITE,true
PXD068107_WESTLAKE_OMNIPROT_TECHNICAL,Westlake University,heatmap_2b,2b_heatmap,13,BOZ13,P13796,P13796,PXD068107_NP40,POOLED_TECHNICAL_PLASMA_SOURCE,NP40,true,SOURCE_DATA_INTENSITY,1626010,POSITIVE_FINITE,true
PXD068107_WESTLAKE_OMNIPROT_TECHNICAL,Westlake University,heatmap_2b,2b_heatmap,13,BQN13,P14868,P14868,PXD068107_NP40,POOLED_TECHNICAL_PLASMA_SOURCE,NP40,true,SOURCE_DATA_INTENSITY,516855,POSITIVE_FINITE,true
PXD068107_WESTLAKE_OMNIPROT_TECHNICAL,Westlake University,heatmap_2b,2b_heatmap,13,BRP13,P15531,P15531,PXD068107_NP40,POOLED_TECHNICAL_PLASMA_SOURCE,NP40,true,SOURCE_DATA_INTENSITY,671329,POSITIVE_FINITE,true
PXD068107_WESTLAKE_OMNIPROT_TECHNICAL,Westlake University,heatmap_2b,2b_heatmap,13,BTD13,P16615,P16615,PXD068107_NP40,POOLED_TECHNICAL_PLASMA_SOURCE,NP40,true,SOURCE_DATA_INTENSITY,606058,POSITIVE_FINITE,true
PXD068107_WESTLAKE_OMNIPROT_TECHNICAL,Westlake University,heatmap_2b,2b_heatmap,13,BWA13,P19367,P19367,PXD068107_NP40,POOLED_TECHNICAL_PLASMA_SOURCE,NP40,true,SOURCE_DATA_INTENSITY,1708550,POSITIVE_FINITE,true
PXD068107_WESTLAKE_OMNIPROT_TECHNICAL,Westlake University,heatmap_2b,2b_heatmap,13,BXV13,P20645,P20645,PXD068107_NP40,POOLED_TECHNICAL_PLASMA_SOURCE,NP40,true,SOURCE_DATA_INTENSITY,151541,POSITIVE_FINITE,true
PXD068107_WESTLAKE_OMNIPROT_TECHNICAL,Westlake University,heatmap_2b,2b_heatmap,13,BZN13,P21796,P21796,PXD068107_NP40,POOLED_TECHNICAL_PLASMA_SOURCE,NP40,true,SOURCE_DATA_INTENSITY,323748,POSITIVE_FINITE,true
PXD068107_WESTLAKE_OMNIPROT_TECHNICAL,Westlake University,heatmap_2b,2b_heatmap,13,CBV13,P23284,P23284,PXD068107_NP40,POOLED_TECHNICAL_PLASMA_SOURCE,NP40,true,SOURCE_DATA_INTENSITY,2120560,POSITIVE_FINITE,true
PXD068107_WESTLAKE_OMNIPROT_TECHNICAL,Westlake University,heatmap_2b,2b_heatmap,13,CDO13,P24844,P24844,PXD068107_NP40,POOLED_TECHNICAL_PLASMA_SOURCE,NP40,true,SOURCE_DATA_INTENSITY,1738040,POSITIVE_FINITE,true
PXD068107_WESTLAKE_OMNIPROT_TECHNICAL,Westlake University,heatmap_2b,2b_heatmap,13,CES13,P26038,P26038,PXD068107_NP40,POOLED_TECHNICAL_PLASMA_SOURCE,NP40,true,SOURCE_DATA_INTENSITY,37493500,POSITIVE_FINITE,true
PXD068107_WESTLAKE_OMNIPROT_TECHNICAL,Westlake University,heatmap_2b,2b_heatmap,13,CFF13,P26641,P26641,PXD068107_NP40,POOLED_TECHNICAL_PLASMA_SOURCE,NP40,true,SOURCE_DATA_INTENSITY,464332,POSITIVE_FINITE,true
PXD068107_WESTLAKE_OMNIPROT_TECHNICAL,Westlake University,heatmap_2b,2b_heatmap,13,CFP13,P27348,P27348,PXD068107_NP40,POOLED_TECHNICAL_PLASMA_SOURCE,NP40,true,SOURCE_DATA_INTENSITY,103797,POSITIVE_FINITE,true
PXD068107_WESTLAKE_OMNIPROT_TECHNICAL,Westlake University,heatmap_2b,2b_heatmap,13,CGC13,P27797,P27797,PXD068107_NP40,POOLED_TECHNICAL_PLASMA_SOURCE,NP40,true,SOURCE_DATA_INTENSITY,491111,POSITIVE_FINITE,true
PXD068107_WESTLAKE_OMNIPROT_TECHNICAL,Westlake University,heatmap_2b,2b_heatmap,13,CGL13,P28066,P28066,PXD068107_NP40,POOLED_TECHNICAL_PLASMA_SOURCE,NP40,true,SOURCE_DATA_INTENSITY,192517,POSITIVE_FINITE,true
PXD068107_WESTLAKE_OMNIPROT_TECHNICAL,Westlake University,heatmap_2b,2b_heatmap,13,CGM13,P28070,P28070,PXD068107_NP40,POOLED_TECHNICAL_PLASMA_SOURCE,NP40,true,SOURCE_DATA_INTENSITY,37159.199999999997,POSITIVE_FINITE,true
PXD068107_WESTLAKE_OMNIPROT_TECHNICAL,Westlake University,heatmap_2b,2b_heatmap,13,CIL13,P30041,P30041,PXD068107_NP40,POOLED_TECHNICAL_PLASMA_SOURCE,NP40,true,SOURCE_DATA_INTENSITY,3089600,POSITIVE_FINITE,true
PXD068107_WESTLAKE_OMNIPROT_TECHNICAL,Westlake University,heatmap_2b,2b_heatmap,13,CIN13,P30044,P30044,PXD068107_NP40,POOLED_TECHNICAL_PLASMA_SOURCE,NP40,true,SOURCE_DATA_INTENSITY,561693,POSITIVE_FINITE,true
PXD068107_WESTLAKE_OMNIPROT_TECHNICAL,Westlake University,heatmap_2b,2b_heatmap,13,CIQ13,P30048,P30048,PXD068107_NP40,POOLED_TECHNICAL_PLASMA_SOURCE,NP40,true,SOURCE_DATA_INTENSITY,297761,POSITIVE_FINITE,true
PXD068107_WESTLAKE_OMNIPROT_TECHNICAL,Westlake University,heatmap_2b,2b_heatmap,13,CIW13,P30101,P30101,PXD068107_NP40,POOLED_TECHNICAL_PLASMA_SOURCE,NP40,true,SOURCE_DATA_INTENSITY,6329170,POSITIVE_FINITE,true
PXD068107_WESTLAKE_OMNIPROT_TECHNICAL,Westlake University,heatmap_2b,2b_heatmap,13,CQE13,P37802,P37802,PXD068107_NP40,POOLED_TECHNICAL_PLASMA_SOURCE,NP40,true,SOURCE_DATA_INTENSITY,14200500,POSITIVE_FINITE,true
PXD068107_WESTLAKE_OMNIPROT_TECHNICAL,Westlake University,heatmap_2b,2b_heatmap,13,CQM13,P38646,P38646,PXD068107_NP40,POOLED_TECHNICAL_PLASMA_SOURCE,NP40,true,SOURCE_DATA_INTENSITY,892162,POSITIVE_FINITE,true
PXD068107_WESTLAKE_OMNIPROT_TECHNICAL,Westlake University,heatmap_2b,2b_heatmap,13,CUZ13,P45880,P45880,PXD068107_NP40,POOLED_TECHNICAL_PLASMA_SOURCE,NP40,true,SOURCE_DATA_INTENSITY,319430,POSITIVE_FINITE,true
PXD068107_WESTLAKE_OMNIPROT_TECHNICAL,Westlake University,heatmap_2b,2b_heatmap,13,CZE13,P49411,P49411,PXD068107_NP40,POOLED_TECHNICAL_PLASMA_SOURCE,NP40,true,SOURCE_DATA_INTENSITY,2438870,POSITIVE_FINITE,true
PXD068107_WESTLAKE_OMNIPROT_TECHNICAL,Westlake University,heatmap_2b,2b_heatmap,13,DCJ13,P50990,P50990,PXD068107_NP40,POOLED_TECHNICAL_PLASMA_SOURCE,NP40,true,SOURCE_DATA_INTENSITY,656562,POSITIVE_FINITE,true
PXD068107_WESTLAKE_OMNIPROT_TECHNICAL,Westlake University,heatmap_2b,2b_heatmap,13,DCK13,P50991,P50991,PXD068107_NP40,POOLED_TECHNICAL_PLASMA_SOURCE,NP40,true,SOURCE_DATA_INTENSITY,1249530,POSITIVE_FINITE,true
PXD068107_WESTLAKE_OMNIPROT_TECHNICAL,Westlake University,heatmap_2b,2b_heatmap,13,DCL13,P50995,P50995,PXD068107_NP40,POOLED_TECHNICAL_PLASMA_SOURCE,NP40,true,SOURCE_DATA_INTENSITY,2877210,POSITIVE_FINITE,true
PXD068107_WESTLAKE_OMNIPROT_TECHNICAL,Westlake University,heatmap_2b,2b_heatmap,13,DFZ13,P52907,P52907,PXD068107_NP40,POOLED_TECHNICAL_PLASMA_SOURCE,NP40,true,SOURCE_DATA_INTENSITY,1726270,POSITIVE_FINITE,true
PXD068107_WESTLAKE_OMNIPROT_TECHNICAL,Westlake University,heatmap_2b,2b_heatmap,13,DGJ13,P53396,P53396,PXD068107_NP40,POOLED_TECHNICAL_PLASMA_SOURCE,NP40,true,SOURCE_DATA_INTENSITY,797428,POSITIVE_FINITE,true
PXD068107_WESTLAKE_OMNIPROT_TECHNICAL,Westlake University,heatmap_2b,2b_heatmap,13,DIY13,P55072,P55072,PXD068107_NP40,POOLED_TECHNICAL_PLASMA_SOURCE,NP40,true,SOURCE_DATA_INTENSITY,910896,POSITIVE_FINITE,true
PXD068107_WESTLAKE_OMNIPROT_TECHNICAL,Westlake University,heatmap_2b,2b_heatmap,13,DMJ13,P60174,P60174,PXD068107_NP40,POOLED_TECHNICAL_PLASMA_SOURCE,NP40,true,SOURCE_DATA_INTENSITY,979048,POSITIVE_FINITE,true
PXD068107_WESTLAKE_OMNIPROT_TECHNICAL,Westlake University,heatmap_2b,2b_heatmap,13,DNG13,P61006,P61006,PXD068107_NP40,POOLED_TECHNICAL_PLASMA_SOURCE,NP40,true,SOURCE_DATA_INTENSITY,696726,POSITIVE_FINITE,true
PXD068107_WESTLAKE_OMNIPROT_TECHNICAL,Westlake University,heatmap_2b,2b_heatmap,13,DNM13,P61026,P61026,PXD068107_NP40,POOLED_TECHNICAL_PLASMA_SOURCE,NP40,true,SOURCE_DATA_INTENSITY,609907,POSITIVE_FINITE,true
PXD068107_WESTLAKE_OMNIPROT_TECHNICAL,Westlake University,heatmap_2b,2b_heatmap,13,DNS13,P61106,P61106,PXD068107_NP40,POOLED_TECHNICAL_PLASMA_SOURCE,NP40,true,SOURCE_DATA_INTENSITY,459705,POSITIVE_FINITE,true
PXD068107_WESTLAKE_OMNIPROT_TECHNICAL,Westlake University,heatmap_2b,2b_heatmap,13,DPG13,P61978,P61978,PXD068107_NP40,POOLED_TECHNICAL_PLASMA_SOURCE,NP40,true,SOURCE_DATA_INTENSITY,951256,POSITIVE_FINITE,true
PXD068107_WESTLAKE_OMNIPROT_TECHNICAL,Westlake University,heatmap_2b,2b_heatmap,13,DPH13,P61981,P61981,PXD068107_NP40,POOLED_TECHNICAL_PLASMA_SOURCE,NP40,true,SOURCE_DATA_INTENSITY,498401,POSITIVE_FINITE,true
PXD068107_WESTLAKE_OMNIPROT_TECHNICAL,Westlake University,heatmap_2b,2b_heatmap,13,DQK13,P62330,P62330,PXD068107_NP40,POOLED_TECHNICAL_PLASMA_SOURCE,NP40,true,SOURCE_DATA_INTENSITY,120815,POSITIVE_FINITE,true
PXD068107_WESTLAKE_OMNIPROT_TECHNICAL,Westlake University,heatmap_2b,2b_heatmap,13,DQX13,P62805,P62805,PXD068107_NP40,POOLED_TECHNICAL_PLASMA_SOURCE,NP40,true,SOURCE_DATA_INTENSITY,3394070,POSITIVE_FINITE,true
PXD068107_WESTLAKE_OMNIPROT_TECHNICAL,Westlake University,heatmap_2b,2b_heatmap,13,DRY13,P63000,P63000,PXD068107_NP40,POOLED_TECHNICAL_PLASMA_SOURCE,NP40,true,SOURCE_DATA_INTENSITY,4170090,POSITIVE_FINITE,true
PXD068107_WESTLAKE_OMNIPROT_TECHNICAL,Westlake University,heatmap_2b,2b_heatmap,13,DTD13,P68366,P68366,PXD068107_NP40,POOLED_TECHNICAL_PLASMA_SOURCE,NP40,true,SOURCE_DATA_INTENSITY,16030400,POSITIVE_FINITE,true
PXD068107_WESTLAKE_OMNIPROT_TECHNICAL,Westlake University,heatmap_2b,2b_heatmap,13,DUE13,P78417,P78417,PXD068107_NP40,POOLED_TECHNICAL_PLASMA_SOURCE,NP40,true,SOURCE_DATA_INTENSITY,6718600,POSITIVE_FINITE,true
PXD068107_WESTLAKE_OMNIPROT_TECHNICAL,Westlake University,heatmap_2b,2b_heatmap,13,EAQ13,Q04695,Q04695,PXD068107_NP40,POOLED_TECHNICAL_PLASMA_SOURCE,NP40,true,SOURCE_DATA_INTENSITY,896192,POSITIVE_FINITE,true
PXD068107_WESTLAKE_OMNIPROT_TECHNICAL,Westlake University,heatmap_2b,2b_heatmap,13,EPH13,Q14247,Q14247,PXD068107_NP40,POOLED_TECHNICAL_PLASMA_SOURCE,NP40,true,SOURCE_DATA_INTENSITY,294753,POSITIVE_FINITE,true
PXD068107_WESTLAKE_OMNIPROT_TECHNICAL,Westlake University,heatmap_2b,2b_heatmap,13,ESK13,Q14974,Q14974,PXD068107_NP40,POOLED_TECHNICAL_PLASMA_SOURCE,NP40,true,SOURCE_DATA_INTENSITY,509176,POSITIVE_FINITE,true
PXD068107_WESTLAKE_OMNIPROT_TECHNICAL,Westlake University,heatmap_2b,2b_heatmap,13,EUC13,Q15084,Q15084,PXD068107_NP40,POOLED_TECHNICAL_PLASMA_SOURCE,NP40,true,SOURCE_DATA_INTENSITY,2051490,POSITIVE_FINITE,true
PXD068107_WESTLAKE_OMNIPROT_TECHNICAL,Westlake University,heatmap_2b,2b_heatmap,13,EVQ13,Q15365,Q15365,PXD068107_NP40,POOLED_TECHNICAL_PLASMA_SOURCE,NP40,true,SOURCE_DATA_INTENSITY,2241770,POSITIVE_FINITE,true
PXD068107_WESTLAKE_OMNIPROT_TECHNICAL,Westlake University,heatmap_2b,2b_heatmap,13,EWB13,Q15404,Q15404,PXD068107_NP40,POOLED_TECHNICAL_PLASMA_SOURCE,NP40,true,SOURCE_DATA_INTENSITY,1289820,POSITIVE_FINITE,true
PXD068107_WESTLAKE_OMNIPROT_TECHNICAL,Westlake University,heatmap_2b,2b_heatmap,13,EXI13,Q15691,Q15691,PXD068107_NP40,POOLED_TECHNICAL_PLASMA_SOURCE,NP40,true,SOURCE_DATA_INTENSITY,850436,POSITIVE_FINITE,true
PXD068107_WESTLAKE_OMNIPROT_TECHNICAL,Westlake University,heatmap_2b,2b_heatmap,13,EYN13,Q15942,Q15942,PXD068107_NP40,POOLED_TECHNICAL_PLASMA_SOURCE,NP40,true,SOURCE_DATA_INTENSITY,2085670,POSITIVE_FINITE,true
PXD068107_WESTLAKE_OMNIPROT_TECHNICAL,Westlake University,heatmap_2b,2b_heatmap,13,EZF13,Q16543,Q16543,PXD068107_NP40,POOLED_TECHNICAL_PLASMA_SOURCE,NP40,true,SOURCE_DATA_INTENSITY,359346,POSITIVE_FINITE,true
PXD068107_WESTLAKE_OMNIPROT_TECHNICAL,Westlake University,heatmap_2b,2b_heatmap,13,EZZ13,Q16643,Q16643,PXD068107_NP40,POOLED_TECHNICAL_PLASMA_SOURCE,NP40,true,SOURCE_DATA_INTENSITY,136125,POSITIVE_FINITE,true
PXD068107_WESTLAKE_OMNIPROT_TECHNICAL,Westlake University,heatmap_2b,2b_heatmap,13,FAP13,Q16762,Q16762,PXD068107_NP40,POOLED_TECHNICAL_PLASMA_SOURCE,NP40,true,SOURCE_DATA_INTENSITY,85765.399999999994,POSITIVE_FINITE,true
PXD068107_WESTLAKE_OMNIPROT_TECHNICAL,Westlake University,heatmap_2b,2b_heatmap,13,FBY13,Q27J81,Q27J81,PXD068107_NP40,POOLED_TECHNICAL_PLASMA_SOURCE,NP40,true,SOURCE_DATA_INTENSITY,403582,POSITIVE_FINITE,true
PXD068107_WESTLAKE_OMNIPROT_TECHNICAL,Westlake University,heatmap_2b,2b_heatmap,13,FGK13,Q58FF8,Q58FF8,PXD068107_NP40,POOLED_TECHNICAL_PLASMA_SOURCE,NP40,true,SOURCE_DATA_INTENSITY,57887,POSITIVE_FINITE,true
PXD068107_WESTLAKE_OMNIPROT_TECHNICAL,Westlake University,heatmap_2b,2b_heatmap,13,FYD13,Q70J99,Q70J99,PXD068107_NP40,POOLED_TECHNICAL_PLASMA_SOURCE,NP40,true,SOURCE_DATA_INTENSITY,387781,POSITIVE_FINITE,true
PXD068107_WESTLAKE_OMNIPROT_TECHNICAL,Westlake University,heatmap_2b,2b_heatmap,13,FZH13,Q7L576,Q7L576,PXD068107_NP40,POOLED_TECHNICAL_PLASMA_SOURCE,NP40,true,SOURCE_DATA_INTENSITY,390361,POSITIVE_FINITE,true
PXD068107_WESTLAKE_OMNIPROT_TECHNICAL,Westlake University,heatmap_2b,2b_heatmap,13,GBF13,Q7Z406,Q7Z406,PXD068107_NP40,POOLED_TECHNICAL_PLASMA_SOURCE,NP40,true,SOURCE_DATA_INTENSITY,230273,POSITIVE_FINITE,true
PXD068107_WESTLAKE_OMNIPROT_TECHNICAL,Westlake University,heatmap_2b,2b_heatmap,13,GFO13,Q86VP6,Q86VP6,PXD068107_NP40,POOLED_TECHNICAL_PLASMA_SOURCE,NP40,true,SOURCE_DATA_INTENSITY,1404340,POSITIVE_FINITE,true
PXD068107_WESTLAKE_OMNIPROT_TECHNICAL,Westlake University,heatmap_2b,2b_heatmap,13,GXT13,Q8TC12,Q8TC12,PXD068107_NP40,POOLED_TECHNICAL_PLASMA_SOURCE,NP40,true,SOURCE_DATA_INTENSITY,406966,POSITIVE_FINITE,true
PXD068107_WESTLAKE_OMNIPROT_TECHNICAL,Westlake University,heatmap_2b,2b_heatmap,13,HJL13,Q93084,Q93084,PXD068107_NP40,POOLED_TECHNICAL_PLASMA_SOURCE,NP40,true,SOURCE_DATA_INTENSITY,1019400,POSITIVE_FINITE,true
PXD068107_WESTLAKE_OMNIPROT_TECHNICAL,Westlake University,heatmap_2b,2b_heatmap,13,IBO13,Q99733,Q99733,PXD068107_NP40,POOLED_TECHNICAL_PLASMA_SOURCE,NP40,true,SOURCE_DATA_INTENSITY,352367,POSITIVE_FINITE,true
PXD068107_WESTLAKE_OMNIPROT_TECHNICAL,Westlake University,heatmap_2b,2b_heatmap,13,ICI13,Q99832,Q99832,PXD068107_NP40,POOLED_TECHNICAL_PLASMA_SOURCE,NP40,true,SOURCE_DATA_INTENSITY,376061,POSITIVE_FINITE,true
PXD068107_WESTLAKE_OMNIPROT_TECHNICAL,Westlake University,heatmap_2b,2b_heatmap,13,IFI13,Q9BS26,Q9BS26,PXD068107_NP40,POOLED_TECHNICAL_PLASMA_SOURCE,NP40,true,SOURCE_DATA_INTENSITY,692069,POSITIVE_FINITE,true
PXD068107_WESTLAKE_OMNIPROT_TECHNICAL,Westlake University,heatmap_2b,2b_heatmap,13,IFU13,Q9BSJ8,Q9BSJ8,PXD068107_NP40,POOLED_TECHNICAL_PLASMA_SOURCE,NP40,true,SOURCE_DATA_INTENSITY,439975,POSITIVE_FINITE,true
PXD068107_WESTLAKE_OMNIPROT_TECHNICAL,Westlake University,heatmap_2b,2b_heatmap,13,ITX13,Q9H4B7,Q9H4B7,PXD068107_NP40,POOLED_TECHNICAL_PLASMA_SOURCE,NP40,true,SOURCE_DATA_INTENSITY,3191040,POSITIVE_FINITE,true
PXD068107_WESTLAKE_OMNIPROT_TECHNICAL,Westlake University,heatmap_2b,2b_heatmap,13,JAC13,Q9HDC9,Q9HDC9,PXD068107_NP40,POOLED_TECHNICAL_PLASMA_SOURCE,NP40,true,SOURCE_DATA_INTENSITY,24905900,POSITIVE_FINITE,true
PXD068107_WESTLAKE_OMNIPROT_TECHNICAL,Westlake University,heatmap_2b,2b_heatmap,13,JCH13,Q9NQC3,Q9NQC3,PXD068107_NP40,POOLED_TECHNICAL_PLASMA_SOURCE,NP40,true,SOURCE_DATA_INTENSITY,59800,POSITIVE_FINITE,true
PXD068107_WESTLAKE_OMNIPROT_TECHNICAL,Westlake University,heatmap_2b,2b_heatmap,13,JDC13,Q9NR12,Q9NR12,PXD068107_NP40,POOLED_TECHNICAL_PLASMA_SOURCE,NP40,true,SOURCE_DATA_INTENSITY,482763,POSITIVE_FINITE,true
PXD068107_WESTLAKE_OMNIPROT_TECHNICAL,Westlake University,heatmap_2b,2b_heatmap,13,JEP13,Q9NRW1,Q9NRW1,PXD068107_NP40,POOLED_TECHNICAL_PLASMA_SOURCE,NP40,true,SOURCE_DATA_INTENSITY,293989,POSITIVE_FINITE,true
PXD068107_WESTLAKE_OMNIPROT_TECHNICAL,Westlake University,heatmap_2b,2b_heatmap,13,JFD13,Q9NS28,Q9NS28,PXD068107_NP40,POOLED_TECHNICAL_PLASMA_SOURCE,NP40,true,SOURCE_DATA_INTENSITY,259600,POSITIVE_FINITE,true
PXD068107_WESTLAKE_OMNIPROT_TECHNICAL,Westlake University,heatmap_2b,2b_heatmap,13,JKP13,Q9NY65,Q9NY65,PXD068107_NP40,POOLED_TECHNICAL_PLASMA_SOURCE,NP40,true,SOURCE_DATA_INTENSITY,658453,POSITIVE_FINITE,true
PXD068107_WESTLAKE_OMNIPROT_TECHNICAL,Westlake University,heatmap_2b,2b_heatmap,13,KDT13,Q9Y2A7,Q9Y2A7,PXD068107_NP40,POOLED_TECHNICAL_PLASMA_SOURCE,NP40,true,SOURCE_DATA_INTENSITY,4918070,POSITIVE_FINITE,true
PXD068107_WESTLAKE_OMNIPROT_TECHNICAL,Westlake University,heatmap_2b,2b_heatmap,13,KHC13,Q9Y3F4,Q9Y3F4,PXD068107_NP40,POOLED_TECHNICAL_PLASMA_SOURCE,NP40,true,SOURCE_DATA_INTENSITY,58982.199999999997,POSITIVE_FINITE,true
PXD068107_WESTLAKE_OMNIPROT_TECHNICAL,Westlake University,heatmap_2b,2b_heatmap,14,GY14,O00151,O00151,PXD068107_NP41,POOLED_TECHNICAL_PLASMA_SOURCE,NP41,true,SOURCE_DATA_INTENSITY,2299800,POSITIVE_FINITE,true
PXD068107_WESTLAKE_OMNIPROT_TECHNICAL,Westlake University,heatmap_2b,2b_heatmap,14,HI14,O00187,O00187,PXD068107_NP41,POOLED_TECHNICAL_PLASMA_SOURCE,NP41,true,SOURCE_DATA_INTENSITY,28987800,POSITIVE_FINITE,true
PXD068107_WESTLAKE_OMNIPROT_TECHNICAL,Westlake University,heatmap_2b,2b_heatmap,14,HZ14,O00264,O00264,PXD068107_NP41,POOLED_TECHNICAL_PLASMA_SOURCE,NP41,true,SOURCE_DATA_INTENSITY,299389,POSITIVE_FINITE,true
PXD068107_WESTLAKE_OMNIPROT_TECHNICAL,Westlake University,heatmap_2b,2b_heatmap,14,IE14,O00299,O00299,PXD068107_NP41,POOLED_TECHNICAL_PLASMA_SOURCE,NP41,true,SOURCE_DATA_INTENSITY,961140,POSITIVE_FINITE,true
PXD068107_WESTLAKE_OMNIPROT_TECHNICAL,Westlake University,heatmap_2b,2b_heatmap,14,IQ14,O00410,O00410,PXD068107_NP41,POOLED_TECHNICAL_PLASMA_SOURCE,NP41,true,SOURCE_DATA_INTENSITY,88014.100000000006,POSITIVE_FINITE,true
PXD068107_WESTLAKE_OMNIPROT_TECHNICAL,Westlake University,heatmap_2b,2b_heatmap,14,OY14,O15145,O15145,PXD068107_NP41,POOLED_TECHNICAL_PLASMA_SOURCE,NP41,true,SOURCE_DATA_INTENSITY,941942,POSITIVE_FINITE,true
PXD068107_WESTLAKE_OMNIPROT_TECHNICAL,Westlake University,heatmap_2b,2b_heatmap,14,AAP14,O75083,O75083,PXD068107_NP41,POOLED_TECHNICAL_PLASMA_SOURCE,NP41,true,SOURCE_DATA_INTENSITY,706200,POSITIVE_FINITE,true
PXD068107_WESTLAKE_OMNIPROT_TECHNICAL,Westlake University,heatmap_2b,2b_heatmap,14,ADS14,O75531,O75531,PXD068107_NP41,POOLED_TECHNICAL_PLASMA_SOURCE,NP41,true,SOURCE_DATA_INTENSITY,45121.900000000001,POSITIVE_FINITE,true
PXD068107_WESTLAKE_OMNIPROT_TECHNICAL,Westlake University,heatmap_2b,2b_heatmap,14,AOR14,P00387,P00387,PXD068107_NP41,POOLED_TECHNICAL_PLASMA_SOURCE,NP41,true,SOURCE_DATA_INTENSITY,51881.5,POSITIVE_FINITE,true
PXD068107_WESTLAKE_OMNIPROT_TECHNICAL,Westlake University,heatmap_2b,2b_heatmap,14,AOT14,P00403,P00403,PXD068107_NP41,POOLED_TECHNICAL_PLASMA_SOURCE,NP41,true,SOURCE_DATA_INTENSITY,,SOURCE_NA,false
PXD068107_WESTLAKE_OMNIPROT_TECHNICAL,Westlake University,heatmap_2b,2b_heatmap,14,ARE14,P01275,P01275,PXD068107_NP41,POOLED_TECHNICAL_PLASMA_SOURCE,NP41,true,SOURCE_DATA_INTENSITY,,SOURCE_NA,false
PXD068107_WESTLAKE_OMNIPROT_TECHNICAL,Westlake University,heatmap_2b,2b_heatmap,14,AVX14,P04004,P04004,PXD068107_NP41,POOLED_TECHNICAL_PLASMA_SOURCE,NP41,true,SOURCE_DATA_INTENSITY,264926000,POSITIVE_FINITE,true
PXD068107_WESTLAKE_OMNIPROT_TECHNICAL,Westlake University,heatmap_2b,2b_heatmap,14,AWW14,P04264,P04264,PXD068107_NP41,POOLED_TECHNICAL_PLASMA_SOURCE,NP41,true,SOURCE_DATA_INTENSITY,223020000,POSITIVE_FINITE,true
PXD068107_WESTLAKE_OMNIPROT_TECHNICAL,Westlake University,heatmap_2b,2b_heatmap,14,AXO14,P04844,P04844,PXD068107_NP41,POOLED_TECHNICAL_PLASMA_SOURCE,NP41,true,SOURCE_DATA_INTENSITY,304623,POSITIVE_FINITE,true
PXD068107_WESTLAKE_OMNIPROT_TECHNICAL,Westlake University,heatmap_2b,2b_heatmap,14,AXU14,P05023,P05023,PXD068107_NP41,POOLED_TECHNICAL_PLASMA_SOURCE,NP41,true,SOURCE_DATA_INTENSITY,602717,POSITIVE_FINITE,true
PXD068107_WESTLAKE_OMNIPROT_TECHNICAL,Westlake University,heatmap_2b,2b_heatmap,14,AZG14,P05556,P05556,PXD068107_NP41,POOLED_TECHNICAL_PLASMA_SOURCE,NP41,true,SOURCE_DATA_INTENSITY,4315840,POSITIVE_FINITE,true
PXD068107_WESTLAKE_OMNIPROT_TECHNICAL,Westlake University,heatmap_2b,2b_heatmap,14,BAA14,P06396,P06396,PXD068107_NP41,POOLED_TECHNICAL_PLASMA_SOURCE,NP41,true,SOURCE_DATA_INTENSITY,351562000,POSITIVE_FINITE,true
PXD068107_WESTLAKE_OMNIPROT_TECHNICAL,Westlake University,heatmap_2b,2b_heatmap,14,BAC14,P06576,P06576,PXD068107_NP41,POOLED_TECHNICAL_PLASMA_SOURCE,NP41,true,SOURCE_DATA_INTENSITY,6876010,POSITIVE_FINITE,true
PXD068107_WESTLAKE_OMNIPROT_TECHNICAL,Westlake University,heatmap_2b,2b_heatmap,14,BCX14,P07996,P07996,PXD068107_NP41,POOLED_TECHNICAL_PLASMA_SOURCE,NP41,true,SOURCE_DATA_INTENSITY,170998000,POSITIVE_FINITE,true
PXD068107_WESTLAKE_OMNIPROT_TECHNICAL,Westlake University,heatmap_2b,2b_heatmap,14,BGG14,P09493,P09493,PXD068107_NP41,POOLED_TECHNICAL_PLASMA_SOURCE,NP41,true,SOURCE_DATA_INTENSITY,103815,POSITIVE_FINITE,true
PXD068107_WESTLAKE_OMNIPROT_TECHNICAL,Westlake University,heatmap_2b,2b_heatmap,14,BJV14,P10599,P10599,PXD068107_NP41,POOLED_TECHNICAL_PLASMA_SOURCE,NP41,true,SOURCE_DATA_INTENSITY,281103,POSITIVE_FINITE,true
PXD068107_WESTLAKE_OMNIPROT_TECHNICAL,Westlake University,heatmap_2b,2b_heatmap,14,BKB14,P10644,P10644,PXD068107_NP41,POOLED_TECHNICAL_PLASMA_SOURCE,NP41,true,SOURCE_DATA_INTENSITY,1878640,POSITIVE_FINITE,true
PXD068107_WESTLAKE_OMNIPROT_TECHNICAL,Westlake University,heatmap_2b,2b_heatmap,14,BKK14,P10809,P10809,PXD068107_NP41,POOLED_TECHNICAL_PLASMA_SOURCE,NP41,true,SOURCE_DATA_INTENSITY,2775110,POSITIVE_FINITE,true
PXD068107_WESTLAKE_OMNIPROT_TECHNICAL,Westlake University,heatmap_2b,2b_heatmap,14,BKP14,P11021,P11021,PXD068107_NP41,POOLED_TECHNICAL_PLASMA_SOURCE,NP41,true,SOURCE_DATA_INTENSITY,12365800,POSITIVE_FINITE,true
PXD068107_WESTLAKE_OMNIPROT_TECHNICAL,Westlake University,heatmap_2b,2b_heatmap,14,BKX14,P11166,P11166,PXD068107_NP41,POOLED_TECHNICAL_PLASMA_SOURCE,NP41,true,SOURCE_DATA_INTENSITY,138026,POSITIVE_FINITE,true
PXD068107_WESTLAKE_OMNIPROT_TECHNICAL,Westlake University,heatmap_2b,2b_heatmap,14,BLT14,P11413,P11413,PXD068107_NP41,POOLED_TECHNICAL_PLASMA_SOURCE,NP41,true,SOURCE_DATA_INTENSITY,135454,POSITIVE_FINITE,true
PXD068107_WESTLAKE_OMNIPROT_TECHNICAL,Westlake University,heatmap_2b,2b_heatmap,14,BOZ14,P13796,P13796,PXD068107_NP41,POOLED_TECHNICAL_PLASMA_SOURCE,NP41,true,SOURCE_DATA_INTENSITY,1305140,POSITIVE_FINITE,true
PXD068107_WESTLAKE_OMNIPROT_TECHNICAL,Westlake University,heatmap_2b,2b_heatmap,14,BQN14,P14868,P14868,PXD068107_NP41,POOLED_TECHNICAL_PLASMA_SOURCE,NP41,true,SOURCE_DATA_INTENSITY,237461,POSITIVE_FINITE,true
PXD068107_WESTLAKE_OMNIPROT_TECHNICAL,Westlake University,heatmap_2b,2b_heatmap,14,BRP14,P15531,P15531,PXD068107_NP41,POOLED_TECHNICAL_PLASMA_SOURCE,NP41,true,SOURCE_DATA_INTENSITY,,SOURCE_NA,false
PXD068107_WESTLAKE_OMNIPROT_TECHNICAL,Westlake University,heatmap_2b,2b_heatmap,14,BTD14,P16615,P16615,PXD068107_NP41,POOLED_TECHNICAL_PLASMA_SOURCE,NP41,true,SOURCE_DATA_INTENSITY,8486680,POSITIVE_FINITE,true
PXD068107_WESTLAKE_OMNIPROT_TECHNICAL,Westlake University,heatmap_2b,2b_heatmap,14,BWA14,P19367,P19367,PXD068107_NP41,POOLED_TECHNICAL_PLASMA_SOURCE,NP41,true,SOURCE_DATA_INTENSITY,289252,POSITIVE_FINITE,true
PXD068107_WESTLAKE_OMNIPROT_TECHNICAL,Westlake University,heatmap_2b,2b_heatmap,14,BXV14,P20645,P20645,PXD068107_NP41,POOLED_TECHNICAL_PLASMA_SOURCE,NP41,true,SOURCE_DATA_INTENSITY,,SOURCE_NA,false
PXD068107_WESTLAKE_OMNIPROT_TECHNICAL,Westlake University,heatmap_2b,2b_heatmap,14,BZN14,P21796,P21796,PXD068107_NP41,POOLED_TECHNICAL_PLASMA_SOURCE,NP41,true,SOURCE_DATA_INTENSITY,1640880,POSITIVE_FINITE,true
PXD068107_WESTLAKE_OMNIPROT_TECHNICAL,Westlake University,heatmap_2b,2b_heatmap,14,CBV14,P23284,P23284,PXD068107_NP41,POOLED_TECHNICAL_PLASMA_SOURCE,NP41,true,SOURCE_DATA_INTENSITY,2072760,POSITIVE_FINITE,true
PXD068107_WESTLAKE_OMNIPROT_TECHNICAL,Westlake University,heatmap_2b,2b_heatmap,14,CDO14,P24844,P24844,PXD068107_NP41,POOLED_TECHNICAL_PLASMA_SOURCE,NP41,true,SOURCE_DATA_INTENSITY,122876,POSITIVE_FINITE,true
PXD068107_WESTLAKE_OMNIPROT_TECHNICAL,Westlake University,heatmap_2b,2b_heatmap,14,CES14,P26038,P26038,PXD068107_NP41,POOLED_TECHNICAL_PLASMA_SOURCE,NP41,true,SOURCE_DATA_INTENSITY,7929760,POSITIVE_FINITE,true
PXD068107_WESTLAKE_OMNIPROT_TECHNICAL,Westlake University,heatmap_2b,2b_heatmap,14,CFF14,P26641,P26641,PXD068107_NP41,POOLED_TECHNICAL_PLASMA_SOURCE,NP41,true,SOURCE_DATA_INTENSITY,275846,POSITIVE_FINITE,true
PXD068107_WESTLAKE_OMNIPROT_TECHNICAL,Westlake University,heatmap_2b,2b_heatmap,14,CFP14,P27348,P27348,PXD068107_NP41,POOLED_TECHNICAL_PLASMA_SOURCE,NP41,true,SOURCE_DATA_INTENSITY,163860,POSITIVE_FINITE,true
PXD068107_WESTLAKE_OMNIPROT_TECHNICAL,Westlake University,heatmap_2b,2b_heatmap,14,CGC14,P27797,P27797,PXD068107_NP41,POOLED_TECHNICAL_PLASMA_SOURCE,NP41,true,SOURCE_DATA_INTENSITY,4870620,POSITIVE_FINITE,true
PXD068107_WESTLAKE_OMNIPROT_TECHNICAL,Westlake University,heatmap_2b,2b_heatmap,14,CGL14,P28066,P28066,PXD068107_NP41,POOLED_TECHNICAL_PLASMA_SOURCE,NP41,true,SOURCE_DATA_INTENSITY,90894.100000000006,POSITIVE_FINITE,true
PXD068107_WESTLAKE_OMNIPROT_TECHNICAL,Westlake University,heatmap_2b,2b_heatmap,14,CGM14,P28070,P28070,PXD068107_NP41,POOLED_TECHNICAL_PLASMA_SOURCE,NP41,true,SOURCE_DATA_INTENSITY,292872,POSITIVE_FINITE,true
PXD068107_WESTLAKE_OMNIPROT_TECHNICAL,Westlake University,heatmap_2b,2b_heatmap,14,CIL14,P30041,P30041,PXD068107_NP41,POOLED_TECHNICAL_PLASMA_SOURCE,NP41,true,SOURCE_DATA_INTENSITY,3974480,POSITIVE_FINITE,true
PXD068107_WESTLAKE_OMNIPROT_TECHNICAL,Westlake University,heatmap_2b,2b_heatmap,14,CIN14,P30044,P30044,PXD068107_NP41,POOLED_TECHNICAL_PLASMA_SOURCE,NP41,true,SOURCE_DATA_INTENSITY,5331360,POSITIVE_FINITE,true
PXD068107_WESTLAKE_OMNIPROT_TECHNICAL,Westlake University,heatmap_2b,2b_heatmap,14,CIQ14,P30048,P30048,PXD068107_NP41,POOLED_TECHNICAL_PLASMA_SOURCE,NP41,true,SOURCE_DATA_INTENSITY,13685.6,POSITIVE_FINITE,true
PXD068107_WESTLAKE_OMNIPROT_TECHNICAL,Westlake University,heatmap_2b,2b_heatmap,14,CIW14,P30101,P30101,PXD068107_NP41,POOLED_TECHNICAL_PLASMA_SOURCE,NP41,true,SOURCE_DATA_INTENSITY,4610840,POSITIVE_FINITE,true
PXD068107_WESTLAKE_OMNIPROT_TECHNICAL,Westlake University,heatmap_2b,2b_heatmap,14,CQE14,P37802,P37802,PXD068107_NP41,POOLED_TECHNICAL_PLASMA_SOURCE,NP41,true,SOURCE_DATA_INTENSITY,39148700,POSITIVE_FINITE,true
PXD068107_WESTLAKE_OMNIPROT_TECHNICAL,Westlake University,heatmap_2b,2b_heatmap,14,CQM14,P38646,P38646,PXD068107_NP41,POOLED_TECHNICAL_PLASMA_SOURCE,NP41,true,SOURCE_DATA_INTENSITY,1088180,POSITIVE_FINITE,true
PXD068107_WESTLAKE_OMNIPROT_TECHNICAL,Westlake University,heatmap_2b,2b_heatmap,14,CUZ14,P45880,P45880,PXD068107_NP41,POOLED_TECHNICAL_PLASMA_SOURCE,NP41,true,SOURCE_DATA_INTENSITY,6689.1700000000001,POSITIVE_FINITE,true
PXD068107_WESTLAKE_OMNIPROT_TECHNICAL,Westlake University,heatmap_2b,2b_heatmap,14,CZE14,P49411,P49411,PXD068107_NP41,POOLED_TECHNICAL_PLASMA_SOURCE,NP41,true,SOURCE_DATA_INTENSITY,122959,POSITIVE_FINITE,true
PXD068107_WESTLAKE_OMNIPROT_TECHNICAL,Westlake University,heatmap_2b,2b_heatmap,14,DCJ14,P50990,P50990,PXD068107_NP41,POOLED_TECHNICAL_PLASMA_SOURCE,NP41,true,SOURCE_DATA_INTENSITY,366139,POSITIVE_FINITE,true
PXD068107_WESTLAKE_OMNIPROT_TECHNICAL,Westlake University,heatmap_2b,2b_heatmap,14,DCK14,P50991,P50991,PXD068107_NP41,POOLED_TECHNICAL_PLASMA_SOURCE,NP41,true,SOURCE_DATA_INTENSITY,560158,POSITIVE_FINITE,true
PXD068107_WESTLAKE_OMNIPROT_TECHNICAL,Westlake University,heatmap_2b,2b_heatmap,14,DCL14,P50995,P50995,PXD068107_NP41,POOLED_TECHNICAL_PLASMA_SOURCE,NP41,true,SOURCE_DATA_INTENSITY,348927,POSITIVE_FINITE,true
PXD068107_WESTLAKE_OMNIPROT_TECHNICAL,Westlake University,heatmap_2b,2b_heatmap,14,DFZ14,P52907,P52907,PXD068107_NP41,POOLED_TECHNICAL_PLASMA_SOURCE,NP41,true,SOURCE_DATA_INTENSITY,1404730,POSITIVE_FINITE,true
PXD068107_WESTLAKE_OMNIPROT_TECHNICAL,Westlake University,heatmap_2b,2b_heatmap,14,DGJ14,P53396,P53396,PXD068107_NP41,POOLED_TECHNICAL_PLASMA_SOURCE,NP41,true,SOURCE_DATA_INTENSITY,2522650,POSITIVE_FINITE,true
PXD068107_WESTLAKE_OMNIPROT_TECHNICAL,Westlake University,heatmap_2b,2b_heatmap,14,DIY14,P55072,P55072,PXD068107_NP41,POOLED_TECHNICAL_PLASMA_SOURCE,NP41,true,SOURCE_DATA_INTENSITY,2840100,POSITIVE_FINITE,true
PXD068107_WESTLAKE_OMNIPROT_TECHNICAL,Westlake University,heatmap_2b,2b_heatmap,14,DMJ14,P60174,P60174,PXD068107_NP41,POOLED_TECHNICAL_PLASMA_SOURCE,NP41,true,SOURCE_DATA_INTENSITY,11182300,POSITIVE_FINITE,true
PXD068107_WESTLAKE_OMNIPROT_TECHNICAL,Westlake University,heatmap_2b,2b_heatmap,14,DNG14,P61006,P61006,PXD068107_NP41,POOLED_TECHNICAL_PLASMA_SOURCE,NP41,true,SOURCE_DATA_INTENSITY,207630,POSITIVE_FINITE,true
PXD068107_WESTLAKE_OMNIPROT_TECHNICAL,Westlake University,heatmap_2b,2b_heatmap,14,DNM14,P61026,P61026,PXD068107_NP41,POOLED_TECHNICAL_PLASMA_SOURCE,NP41,true,SOURCE_DATA_INTENSITY,286224,POSITIVE_FINITE,true
PXD068107_WESTLAKE_OMNIPROT_TECHNICAL,Westlake University,heatmap_2b,2b_heatmap,14,DNS14,P61106,P61106,PXD068107_NP41,POOLED_TECHNICAL_PLASMA_SOURCE,NP41,true,SOURCE_DATA_INTENSITY,408241,POSITIVE_FINITE,true
PXD068107_WESTLAKE_OMNIPROT_TECHNICAL,Westlake University,heatmap_2b,2b_heatmap,14,DPG14,P61978,P61978,PXD068107_NP41,POOLED_TECHNICAL_PLASMA_SOURCE,NP41,true,SOURCE_DATA_INTENSITY,1913940,POSITIVE_FINITE,true
PXD068107_WESTLAKE_OMNIPROT_TECHNICAL,Westlake University,heatmap_2b,2b_heatmap,14,DPH14,P61981,P61981,PXD068107_NP41,POOLED_TECHNICAL_PLASMA_SOURCE,NP41,true,SOURCE_DATA_INTENSITY,4234130,POSITIVE_FINITE,true
PXD068107_WESTLAKE_OMNIPROT_TECHNICAL,Westlake University,heatmap_2b,2b_heatmap,14,DQK14,P62330,P62330,PXD068107_NP41,POOLED_TECHNICAL_PLASMA_SOURCE,NP41,true,SOURCE_DATA_INTENSITY,147112,POSITIVE_FINITE,true
PXD068107_WESTLAKE_OMNIPROT_TECHNICAL,Westlake University,heatmap_2b,2b_heatmap,14,DQX14,P62805,P62805,PXD068107_NP41,POOLED_TECHNICAL_PLASMA_SOURCE,NP41,true,SOURCE_DATA_INTENSITY,29186800,POSITIVE_FINITE,true
PXD068107_WESTLAKE_OMNIPROT_TECHNICAL,Westlake University,heatmap_2b,2b_heatmap,14,DRY14,P63000,P63000,PXD068107_NP41,POOLED_TECHNICAL_PLASMA_SOURCE,NP41,true,SOURCE_DATA_INTENSITY,648836,POSITIVE_FINITE,true
PXD068107_WESTLAKE_OMNIPROT_TECHNICAL,Westlake University,heatmap_2b,2b_heatmap,14,DTD14,P68366,P68366,PXD068107_NP41,POOLED_TECHNICAL_PLASMA_SOURCE,NP41,true,SOURCE_DATA_INTENSITY,4737390,POSITIVE_FINITE,true
PXD068107_WESTLAKE_OMNIPROT_TECHNICAL,Westlake University,heatmap_2b,2b_heatmap,14,DUE14,P78417,P78417,PXD068107_NP41,POOLED_TECHNICAL_PLASMA_SOURCE,NP41,true,SOURCE_DATA_INTENSITY,1330410,POSITIVE_FINITE,true
PXD068107_WESTLAKE_OMNIPROT_TECHNICAL,Westlake University,heatmap_2b,2b_heatmap,14,EAQ14,Q04695,Q04695,PXD068107_NP41,POOLED_TECHNICAL_PLASMA_SOURCE,NP41,true,SOURCE_DATA_INTENSITY,1828390,POSITIVE_FINITE,true
PXD068107_WESTLAKE_OMNIPROT_TECHNICAL,Westlake University,heatmap_2b,2b_heatmap,14,EPH14,Q14247,Q14247,PXD068107_NP41,POOLED_TECHNICAL_PLASMA_SOURCE,NP41,true,SOURCE_DATA_INTENSITY,928014,POSITIVE_FINITE,true
PXD068107_WESTLAKE_OMNIPROT_TECHNICAL,Westlake University,heatmap_2b,2b_heatmap,14,ESK14,Q14974,Q14974,PXD068107_NP41,POOLED_TECHNICAL_PLASMA_SOURCE,NP41,true,SOURCE_DATA_INTENSITY,254457,POSITIVE_FINITE,true
PXD068107_WESTLAKE_OMNIPROT_TECHNICAL,Westlake University,heatmap_2b,2b_heatmap,14,EUC14,Q15084,Q15084,PXD068107_NP41,POOLED_TECHNICAL_PLASMA_SOURCE,NP41,true,SOURCE_DATA_INTENSITY,3834870,POSITIVE_FINITE,true
PXD068107_WESTLAKE_OMNIPROT_TECHNICAL,Westlake University,heatmap_2b,2b_heatmap,14,EVQ14,Q15365,Q15365,PXD068107_NP41,POOLED_TECHNICAL_PLASMA_SOURCE,NP41,true,SOURCE_DATA_INTENSITY,1847530,POSITIVE_FINITE,true
PXD068107_WESTLAKE_OMNIPROT_TECHNICAL,Westlake University,heatmap_2b,2b_heatmap,14,EWB14,Q15404,Q15404,PXD068107_NP41,POOLED_TECHNICAL_PLASMA_SOURCE,NP41,true,SOURCE_DATA_INTENSITY,1249290,POSITIVE_FINITE,true
PXD068107_WESTLAKE_OMNIPROT_TECHNICAL,Westlake University,heatmap_2b,2b_heatmap,14,EXI14,Q15691,Q15691,PXD068107_NP41,POOLED_TECHNICAL_PLASMA_SOURCE,NP41,true,SOURCE_DATA_INTENSITY,1998520,POSITIVE_FINITE,true
PXD068107_WESTLAKE_OMNIPROT_TECHNICAL,Westlake University,heatmap_2b,2b_heatmap,14,EYN14,Q15942,Q15942,PXD068107_NP41,POOLED_TECHNICAL_PLASMA_SOURCE,NP41,true,SOURCE_DATA_INTENSITY,1095370,POSITIVE_FINITE,true
PXD068107_WESTLAKE_OMNIPROT_TECHNICAL,Westlake University,heatmap_2b,2b_heatmap,14,EZF14,Q16543,Q16543,PXD068107_NP41,POOLED_TECHNICAL_PLASMA_SOURCE,NP41,true,SOURCE_DATA_INTENSITY,212884,POSITIVE_FINITE,true
PXD068107_WESTLAKE_OMNIPROT_TECHNICAL,Westlake University,heatmap_2b,2b_heatmap,14,EZZ14,Q16643,Q16643,PXD068107_NP41,POOLED_TECHNICAL_PLASMA_SOURCE,NP41,true,SOURCE_DATA_INTENSITY,129182,POSITIVE_FINITE,true
PXD068107_WESTLAKE_OMNIPROT_TECHNICAL,Westlake University,heatmap_2b,2b_heatmap,14,FAP14,Q16762,Q16762,PXD068107_NP41,POOLED_TECHNICAL_PLASMA_SOURCE,NP41,true,SOURCE_DATA_INTENSITY,580358,POSITIVE_FINITE,true
PXD068107_WESTLAKE_OMNIPROT_TECHNICAL,Westlake University,heatmap_2b,2b_heatmap,14,FBY14,Q27J81,Q27J81,PXD068107_NP41,POOLED_TECHNICAL_PLASMA_SOURCE,NP41,true,SOURCE_DATA_INTENSITY,315379,POSITIVE_FINITE,true
PXD068107_WESTLAKE_OMNIPROT_TECHNICAL,Westlake University,heatmap_2b,2b_heatmap,14,FGK14,Q58FF8,Q58FF8,PXD068107_NP41,POOLED_TECHNICAL_PLASMA_SOURCE,NP41,true,SOURCE_DATA_INTENSITY,52051.800000000003,POSITIVE_FINITE,true
PXD068107_WESTLAKE_OMNIPROT_TECHNICAL,Westlake University,heatmap_2b,2b_heatmap,14,FYD14,Q70J99,Q70J99,PXD068107_NP41,POOLED_TECHNICAL_PLASMA_SOURCE,NP41,true,SOURCE_DATA_INTENSITY,184001,POSITIVE_FINITE,true
PXD068107_WESTLAKE_OMNIPROT_TECHNICAL,Westlake University,heatmap_2b,2b_heatmap,14,FZH14,Q7L576,Q7L576,PXD068107_NP41,POOLED_TECHNICAL_PLASMA_SOURCE,NP41,true,SOURCE_DATA_INTENSITY,950080,POSITIVE_FINITE,true
PXD068107_WESTLAKE_OMNIPROT_TECHNICAL,Westlake University,heatmap_2b,2b_heatmap,14,GBF14,Q7Z406,Q7Z406,PXD068107_NP41,POOLED_TECHNICAL_PLASMA_SOURCE,NP41,true,SOURCE_DATA_INTENSITY,32184.900000000001,POSITIVE_FINITE,true
PXD068107_WESTLAKE_OMNIPROT_TECHNICAL,Westlake University,heatmap_2b,2b_heatmap,14,GFO14,Q86VP6,Q86VP6,PXD068107_NP41,POOLED_TECHNICAL_PLASMA_SOURCE,NP41,true,SOURCE_DATA_INTENSITY,95916.600000000006,POSITIVE_FINITE,true
PXD068107_WESTLAKE_OMNIPROT_TECHNICAL,Westlake University,heatmap_2b,2b_heatmap,14,GXT14,Q8TC12,Q8TC12,PXD068107_NP41,POOLED_TECHNICAL_PLASMA_SOURCE,NP41,true,SOURCE_DATA_INTENSITY,18041,POSITIVE_FINITE,true
PXD068107_WESTLAKE_OMNIPROT_TECHNICAL,Westlake University,heatmap_2b,2b_heatmap,14,HJL14,Q93084,Q93084,PXD068107_NP41,POOLED_TECHNICAL_PLASMA_SOURCE,NP41,true,SOURCE_DATA_INTENSITY,74935.399999999994,POSITIVE_FINITE,true
PXD068107_WESTLAKE_OMNIPROT_TECHNICAL,Westlake University,heatmap_2b,2b_heatmap,14,IBO14,Q99733,Q99733,PXD068107_NP41,POOLED_TECHNICAL_PLASMA_SOURCE,NP41,true,SOURCE_DATA_INTENSITY,93764,POSITIVE_FINITE,true
PXD068107_WESTLAKE_OMNIPROT_TECHNICAL,Westlake University,heatmap_2b,2b_heatmap,14,ICI14,Q99832,Q99832,PXD068107_NP41,POOLED_TECHNICAL_PLASMA_SOURCE,NP41,true,SOURCE_DATA_INTENSITY,2722970,POSITIVE_FINITE,true
PXD068107_WESTLAKE_OMNIPROT_TECHNICAL,Westlake University,heatmap_2b,2b_heatmap,14,IFI14,Q9BS26,Q9BS26,PXD068107_NP41,POOLED_TECHNICAL_PLASMA_SOURCE,NP41,true,SOURCE_DATA_INTENSITY,308652,POSITIVE_FINITE,true
PXD068107_WESTLAKE_OMNIPROT_TECHNICAL,Westlake University,heatmap_2b,2b_heatmap,14,IFU14,Q9BSJ8,Q9BSJ8,PXD068107_NP41,POOLED_TECHNICAL_PLASMA_SOURCE,NP41,true,SOURCE_DATA_INTENSITY,401245,POSITIVE_FINITE,true
PXD068107_WESTLAKE_OMNIPROT_TECHNICAL,Westlake University,heatmap_2b,2b_heatmap,14,ITX14,Q9H4B7,Q9H4B7,PXD068107_NP41,POOLED_TECHNICAL_PLASMA_SOURCE,NP41,true,SOURCE_DATA_INTENSITY,1293090,POSITIVE_FINITE,true
PXD068107_WESTLAKE_OMNIPROT_TECHNICAL,Westlake University,heatmap_2b,2b_heatmap,14,JAC14,Q9HDC9,Q9HDC9,PXD068107_NP41,POOLED_TECHNICAL_PLASMA_SOURCE,NP41,true,SOURCE_DATA_INTENSITY,55606700,POSITIVE_FINITE,true
PXD068107_WESTLAKE_OMNIPROT_TECHNICAL,Westlake University,heatmap_2b,2b_heatmap,14,JCH14,Q9NQC3,Q9NQC3,PXD068107_NP41,POOLED_TECHNICAL_PLASMA_SOURCE,NP41,true,SOURCE_DATA_INTENSITY,326848,POSITIVE_FINITE,true
PXD068107_WESTLAKE_OMNIPROT_TECHNICAL,Westlake University,heatmap_2b,2b_heatmap,14,JDC14,Q9NR12,Q9NR12,PXD068107_NP41,POOLED_TECHNICAL_PLASMA_SOURCE,NP41,true,SOURCE_DATA_INTENSITY,1381840,POSITIVE_FINITE,true
PXD068107_WESTLAKE_OMNIPROT_TECHNICAL,Westlake University,heatmap_2b,2b_heatmap,14,JEP14,Q9NRW1,Q9NRW1,PXD068107_NP41,POOLED_TECHNICAL_PLASMA_SOURCE,NP41,true,SOURCE_DATA_INTENSITY,314914,POSITIVE_FINITE,true
PXD068107_WESTLAKE_OMNIPROT_TECHNICAL,Westlake University,heatmap_2b,2b_heatmap,14,JFD14,Q9NS28,Q9NS28,PXD068107_NP41,POOLED_TECHNICAL_PLASMA_SOURCE,NP41,true,SOURCE_DATA_INTENSITY,326505,POSITIVE_FINITE,true
PXD068107_WESTLAKE_OMNIPROT_TECHNICAL,Westlake University,heatmap_2b,2b_heatmap,14,JKP14,Q9NY65,Q9NY65,PXD068107_NP41,POOLED_TECHNICAL_PLASMA_SOURCE,NP41,true,SOURCE_DATA_INTENSITY,48282.300000000003,POSITIVE_FINITE,true
PXD068107_WESTLAKE_OMNIPROT_TECHNICAL,Westlake University,heatmap_2b,2b_heatmap,14,KDT14,Q9Y2A7,Q9Y2A7,PXD068107_NP41,POOLED_TECHNICAL_PLASMA_SOURCE,NP41,true,SOURCE_DATA_INTENSITY,182051,POSITIVE_FINITE,true
PXD068107_WESTLAKE_OMNIPROT_TECHNICAL,Westlake University,heatmap_2b,2b_heatmap,14,KHC14,Q9Y3F4,Q9Y3F4,PXD068107_NP41,POOLED_TECHNICAL_PLASMA_SOURCE,NP41,true,SOURCE_DATA_INTENSITY,34332.099999999999,POSITIVE_FINITE,true
PXD068107_WESTLAKE_OMNIPROT_TECHNICAL,Westlake University,heatmap_2b,2b_heatmap,15,GY15,O00151,O00151,PXD068107_NP42,POOLED_TECHNICAL_PLASMA_SOURCE,NP42,true,SOURCE_DATA_INTENSITY,1426280,POSITIVE_FINITE,true
PXD068107_WESTLAKE_OMNIPROT_TECHNICAL,Westlake University,heatmap_2b,2b_heatmap,15,HI15,O00187,O00187,PXD068107_NP42,POOLED_TECHNICAL_PLASMA_SOURCE,NP42,true,SOURCE_DATA_INTENSITY,15122100,POSITIVE_FINITE,true
PXD068107_WESTLAKE_OMNIPROT_TECHNICAL,Westlake University,heatmap_2b,2b_heatmap,15,HZ15,O00264,O00264,PXD068107_NP42,POOLED_TECHNICAL_PLASMA_SOURCE,NP42,true,SOURCE_DATA_INTENSITY,89319.199999999997,POSITIVE_FINITE,true
PXD068107_WESTLAKE_OMNIPROT_TECHNICAL,Westlake University,heatmap_2b,2b_heatmap,15,IE15,O00299,O00299,PXD068107_NP42,POOLED_TECHNICAL_PLASMA_SOURCE,NP42,true,SOURCE_DATA_INTENSITY,1287420,POSITIVE_FINITE,true
PXD068107_WESTLAKE_OMNIPROT_TECHNICAL,Westlake University,heatmap_2b,2b_heatmap,15,IQ15,O00410,O00410,PXD068107_NP42,POOLED_TECHNICAL_PLASMA_SOURCE,NP42,true,SOURCE_DATA_INTENSITY,45426.699999999997,POSITIVE_FINITE,true
PXD068107_WESTLAKE_OMNIPROT_TECHNICAL,Westlake University,heatmap_2b,2b_heatmap,15,OY15,O15145,O15145,PXD068107_NP42,POOLED_TECHNICAL_PLASMA_SOURCE,NP42,true,SOURCE_DATA_INTENSITY,1973870,POSITIVE_FINITE,true
PXD068107_WESTLAKE_OMNIPROT_TECHNICAL,Westlake University,heatmap_2b,2b_heatmap,15,AAP15,O75083,O75083,PXD068107_NP42,POOLED_TECHNICAL_PLASMA_SOURCE,NP42,true,SOURCE_DATA_INTENSITY,1140430,POSITIVE_FINITE,true
PXD068107_WESTLAKE_OMNIPROT_TECHNICAL,Westlake University,heatmap_2b,2b_heatmap,15,ADS15,O75531,O75531,PXD068107_NP42,POOLED_TECHNICAL_PLASMA_SOURCE,NP42,true,SOURCE_DATA_INTENSITY,,SOURCE_NA,false
PXD068107_WESTLAKE_OMNIPROT_TECHNICAL,Westlake University,heatmap_2b,2b_heatmap,15,AOR15,P00387,P00387,PXD068107_NP42,POOLED_TECHNICAL_PLASMA_SOURCE,NP42,true,SOURCE_DATA_INTENSITY,482725,POSITIVE_FINITE,true
PXD068107_WESTLAKE_OMNIPROT_TECHNICAL,Westlake University,heatmap_2b,2b_heatmap,15,AOT15,P00403,P00403,PXD068107_NP42,POOLED_TECHNICAL_PLASMA_SOURCE,NP42,true,SOURCE_DATA_INTENSITY,,SOURCE_NA,false
PXD068107_WESTLAKE_OMNIPROT_TECHNICAL,Westlake University,heatmap_2b,2b_heatmap,15,ARE15,P01275,P01275,PXD068107_NP42,POOLED_TECHNICAL_PLASMA_SOURCE,NP42,true,SOURCE_DATA_INTENSITY,12622.9,POSITIVE_FINITE,true
PXD068107_WESTLAKE_OMNIPROT_TECHNICAL,Westlake University,heatmap_2b,2b_heatmap,15,AVX15,P04004,P04004,PXD068107_NP42,POOLED_TECHNICAL_PLASMA_SOURCE,NP42,true,SOURCE_DATA_INTENSITY,384915000,POSITIVE_FINITE,true
PXD068107_WESTLAKE_OMNIPROT_TECHNICAL,Westlake University,heatmap_2b,2b_heatmap,15,AWW15,P04264,P04264,PXD068107_NP42,POOLED_TECHNICAL_PLASMA_SOURCE,NP42,true,SOURCE_DATA_INTENSITY,164101000,POSITIVE_FINITE,true
PXD068107_WESTLAKE_OMNIPROT_TECHNICAL,Westlake University,heatmap_2b,2b_heatmap,15,AXO15,P04844,P04844,PXD068107_NP42,POOLED_TECHNICAL_PLASMA_SOURCE,NP42,true,SOURCE_DATA_INTENSITY,8952.7900000000009,POSITIVE_FINITE,true
PXD068107_WESTLAKE_OMNIPROT_TECHNICAL,Westlake University,heatmap_2b,2b_heatmap,15,AXU15,P05023,P05023,PXD068107_NP42,POOLED_TECHNICAL_PLASMA_SOURCE,NP42,true,SOURCE_DATA_INTENSITY,496474,POSITIVE_FINITE,true
PXD068107_WESTLAKE_OMNIPROT_TECHNICAL,Westlake University,heatmap_2b,2b_heatmap,15,AZG15,P05556,P05556,PXD068107_NP42,POOLED_TECHNICAL_PLASMA_SOURCE,NP42,true,SOURCE_DATA_INTENSITY,1262620,POSITIVE_FINITE,true
PXD068107_WESTLAKE_OMNIPROT_TECHNICAL,Westlake University,heatmap_2b,2b_heatmap,15,BAA15,P06396,P06396,PXD068107_NP42,POOLED_TECHNICAL_PLASMA_SOURCE,NP42,true,SOURCE_DATA_INTENSITY,144038000,POSITIVE_FINITE,true
PXD068107_WESTLAKE_OMNIPROT_TECHNICAL,Westlake University,heatmap_2b,2b_heatmap,15,BAC15,P06576,P06576,PXD068107_NP42,POOLED_TECHNICAL_PLASMA_SOURCE,NP42,true,SOURCE_DATA_INTENSITY,117472,POSITIVE_FINITE,true
PXD068107_WESTLAKE_OMNIPROT_TECHNICAL,Westlake University,heatmap_2b,2b_heatmap,15,BCX15,P07996,P07996,PXD068107_NP42,POOLED_TECHNICAL_PLASMA_SOURCE,NP42,true,SOURCE_DATA_INTENSITY,75852300,POSITIVE_FINITE,true
PXD068107_WESTLAKE_OMNIPROT_TECHNICAL,Westlake University,heatmap_2b,2b_heatmap,15,BGG15,P09493,P09493,PXD068107_NP42,POOLED_TECHNICAL_PLASMA_SOURCE,NP42,true,SOURCE_DATA_INTENSITY,117691,POSITIVE_FINITE,true
PXD068107_WESTLAKE_OMNIPROT_TECHNICAL,Westlake University,heatmap_2b,2b_heatmap,15,BJV15,P10599,P10599,PXD068107_NP42,POOLED_TECHNICAL_PLASMA_SOURCE,NP42,true,SOURCE_DATA_INTENSITY,372565,POSITIVE_FINITE,true
PXD068107_WESTLAKE_OMNIPROT_TECHNICAL,Westlake University,heatmap_2b,2b_heatmap,15,BKB15,P10644,P10644,PXD068107_NP42,POOLED_TECHNICAL_PLASMA_SOURCE,NP42,true,SOURCE_DATA_INTENSITY,644594,POSITIVE_FINITE,true
PXD068107_WESTLAKE_OMNIPROT_TECHNICAL,Westlake University,heatmap_2b,2b_heatmap,15,BKK15,P10809,P10809,PXD068107_NP42,POOLED_TECHNICAL_PLASMA_SOURCE,NP42,true,SOURCE_DATA_INTENSITY,103502,POSITIVE_FINITE,true
PXD068107_WESTLAKE_OMNIPROT_TECHNICAL,Westlake University,heatmap_2b,2b_heatmap,15,BKP15,P11021,P11021,PXD068107_NP42,POOLED_TECHNICAL_PLASMA_SOURCE,NP42,true,SOURCE_DATA_INTENSITY,16192600,POSITIVE_FINITE,true
PXD068107_WESTLAKE_OMNIPROT_TECHNICAL,Westlake University,heatmap_2b,2b_heatmap,15,BKX15,P11166,P11166,PXD068107_NP42,POOLED_TECHNICAL_PLASMA_SOURCE,NP42,true,SOURCE_DATA_INTENSITY,94797.300000000003,POSITIVE_FINITE,true
PXD068107_WESTLAKE_OMNIPROT_TECHNICAL,Westlake University,heatmap_2b,2b_heatmap,15,BLT15,P11413,P11413,PXD068107_NP42,POOLED_TECHNICAL_PLASMA_SOURCE,NP42,true,SOURCE_DATA_INTENSITY,120824,POSITIVE_FINITE,true
PXD068107_WESTLAKE_OMNIPROT_TECHNICAL,Westlake University,heatmap_2b,2b_heatmap,15,BOZ15,P13796,P13796,PXD068107_NP42,POOLED_TECHNICAL_PLASMA_SOURCE,NP42,true,SOURCE_DATA_INTENSITY,1420270,POSITIVE_FINITE,true
PXD068107_WESTLAKE_OMNIPROT_TECHNICAL,Westlake University,heatmap_2b,2b_heatmap,15,BQN15,P14868,P14868,PXD068107_NP42,POOLED_TECHNICAL_PLASMA_SOURCE,NP42,true,SOURCE_DATA_INTENSITY,204416,POSITIVE_FINITE,true
PXD068107_WESTLAKE_OMNIPROT_TECHNICAL,Westlake University,heatmap_2b,2b_heatmap,15,BRP15,P15531,P15531,PXD068107_NP42,POOLED_TECHNICAL_PLASMA_SOURCE,NP42,true,SOURCE_DATA_INTENSITY,,SOURCE_NA,false
PXD068107_WESTLAKE_OMNIPROT_TECHNICAL,Westlake University,heatmap_2b,2b_heatmap,15,BTD15,P16615,P16615,PXD068107_NP42,POOLED_TECHNICAL_PLASMA_SOURCE,NP42,true,SOURCE_DATA_INTENSITY,22132.5,POSITIVE_FINITE,true
PXD068107_WESTLAKE_OMNIPROT_TECHNICAL,Westlake University,heatmap_2b,2b_heatmap,15,BWA15,P19367,P19367,PXD068107_NP42,POOLED_TECHNICAL_PLASMA_SOURCE,NP42,true,SOURCE_DATA_INTENSITY,442273,POSITIVE_FINITE,true
PXD068107_WESTLAKE_OMNIPROT_TECHNICAL,Westlake University,heatmap_2b,2b_heatmap,15,BXV15,P20645,P20645,PXD068107_NP42,POOLED_TECHNICAL_PLASMA_SOURCE,NP42,true,SOURCE_DATA_INTENSITY,,SOURCE_NA,false
PXD068107_WESTLAKE_OMNIPROT_TECHNICAL,Westlake University,heatmap_2b,2b_heatmap,15,BZN15,P21796,P21796,PXD068107_NP42,POOLED_TECHNICAL_PLASMA_SOURCE,NP42,true,SOURCE_DATA_INTENSITY,,SOURCE_NA,false
PXD068107_WESTLAKE_OMNIPROT_TECHNICAL,Westlake University,heatmap_2b,2b_heatmap,15,CBV15,P23284,P23284,PXD068107_NP42,POOLED_TECHNICAL_PLASMA_SOURCE,NP42,true,SOURCE_DATA_INTENSITY,3024200,POSITIVE_FINITE,true
PXD068107_WESTLAKE_OMNIPROT_TECHNICAL,Westlake University,heatmap_2b,2b_heatmap,15,CDO15,P24844,P24844,PXD068107_NP42,POOLED_TECHNICAL_PLASMA_SOURCE,NP42,true,SOURCE_DATA_INTENSITY,163198,POSITIVE_FINITE,true
PXD068107_WESTLAKE_OMNIPROT_TECHNICAL,Westlake University,heatmap_2b,2b_heatmap,15,CES15,P26038,P26038,PXD068107_NP42,POOLED_TECHNICAL_PLASMA_SOURCE,NP42,true,SOURCE_DATA_INTENSITY,7474030,POSITIVE_FINITE,true
PXD068107_WESTLAKE_OMNIPROT_TECHNICAL,Westlake University,heatmap_2b,2b_heatmap,15,CFF15,P26641,P26641,PXD068107_NP42,POOLED_TECHNICAL_PLASMA_SOURCE,NP42,true,SOURCE_DATA_INTENSITY,378913,POSITIVE_FINITE,true
PXD068107_WESTLAKE_OMNIPROT_TECHNICAL,Westlake University,heatmap_2b,2b_heatmap,15,CFP15,P27348,P27348,PXD068107_NP42,POOLED_TECHNICAL_PLASMA_SOURCE,NP42,true,SOURCE_DATA_INTENSITY,103077,POSITIVE_FINITE,true
PXD068107_WESTLAKE_OMNIPROT_TECHNICAL,Westlake University,heatmap_2b,2b_heatmap,15,CGC15,P27797,P27797,PXD068107_NP42,POOLED_TECHNICAL_PLASMA_SOURCE,NP42,true,SOURCE_DATA_INTENSITY,75789.600000000006,POSITIVE_FINITE,true
PXD068107_WESTLAKE_OMNIPROT_TECHNICAL,Westlake University,heatmap_2b,2b_heatmap,15,CGL15,P28066,P28066,PXD068107_NP42,POOLED_TECHNICAL_PLASMA_SOURCE,NP42,true,SOURCE_DATA_INTENSITY,108306,POSITIVE_FINITE,true
PXD068107_WESTLAKE_OMNIPROT_TECHNICAL,Westlake University,heatmap_2b,2b_heatmap,15,CGM15,P28070,P28070,PXD068107_NP42,POOLED_TECHNICAL_PLASMA_SOURCE,NP42,true,SOURCE_DATA_INTENSITY,182393,POSITIVE_FINITE,true
PXD068107_WESTLAKE_OMNIPROT_TECHNICAL,Westlake University,heatmap_2b,2b_heatmap,15,CIL15,P30041,P30041,PXD068107_NP42,POOLED_TECHNICAL_PLASMA_SOURCE,NP42,true,SOURCE_DATA_INTENSITY,1246610,POSITIVE_FINITE,true
PXD068107_WESTLAKE_OMNIPROT_TECHNICAL,Westlake University,heatmap_2b,2b_heatmap,15,CIN15,P30044,P30044,PXD068107_NP42,POOLED_TECHNICAL_PLASMA_SOURCE,NP42,true,SOURCE_DATA_INTENSITY,1702370,POSITIVE_FINITE,true
PXD068107_WESTLAKE_OMNIPROT_TECHNICAL,Westlake University,heatmap_2b,2b_heatmap,15,CIQ15,P30048,P30048,PXD068107_NP42,POOLED_TECHNICAL_PLASMA_SOURCE,NP42,true,SOURCE_DATA_INTENSITY,9264.2600000000002,POSITIVE_FINITE,true
PXD068107_WESTLAKE_OMNIPROT_TECHNICAL,Westlake University,heatmap_2b,2b_heatmap,15,CIW15,P30101,P30101,PXD068107_NP42,POOLED_TECHNICAL_PLASMA_SOURCE,NP42,true,SOURCE_DATA_INTENSITY,7473830,POSITIVE_FINITE,true
PXD068107_WESTLAKE_OMNIPROT_TECHNICAL,Westlake University,heatmap_2b,2b_heatmap,15,CQE15,P37802,P37802,PXD068107_NP42,POOLED_TECHNICAL_PLASMA_SOURCE,NP42,true,SOURCE_DATA_INTENSITY,24115000,POSITIVE_FINITE,true
PXD068107_WESTLAKE_OMNIPROT_TECHNICAL,Westlake University,heatmap_2b,2b_heatmap,15,CQM15,P38646,P38646,PXD068107_NP42,POOLED_TECHNICAL_PLASMA_SOURCE,NP42,true,SOURCE_DATA_INTENSITY,753081,POSITIVE_FINITE,true
PXD068107_WESTLAKE_OMNIPROT_TECHNICAL,Westlake University,heatmap_2b,2b_heatmap,15,CUZ15,P45880,P45880,PXD068107_NP42,POOLED_TECHNICAL_PLASMA_SOURCE,NP42,true,SOURCE_DATA_INTENSITY,31469.299999999999,POSITIVE_FINITE,true
PXD068107_WESTLAKE_OMNIPROT_TECHNICAL,Westlake University,heatmap_2b,2b_heatmap,15,CZE15,P49411,P49411,PXD068107_NP42,POOLED_TECHNICAL_PLASMA_SOURCE,NP42,true,SOURCE_DATA_INTENSITY,7355.7799999999997,POSITIVE_FINITE,true
PXD068107_WESTLAKE_OMNIPROT_TECHNICAL,Westlake University,heatmap_2b,2b_heatmap,15,DCJ15,P50990,P50990,PXD068107_NP42,POOLED_TECHNICAL_PLASMA_SOURCE,NP42,true,SOURCE_DATA_INTENSITY,157552,POSITIVE_FINITE,true
PXD068107_WESTLAKE_OMNIPROT_TECHNICAL,Westlake University,heatmap_2b,2b_heatmap,15,DCK15,P50991,P50991,PXD068107_NP42,POOLED_TECHNICAL_PLASMA_SOURCE,NP42,true,SOURCE_DATA_INTENSITY,176898,POSITIVE_FINITE,true
PXD068107_WESTLAKE_OMNIPROT_TECHNICAL,Westlake University,heatmap_2b,2b_heatmap,15,DCL15,P50995,P50995,PXD068107_NP42,POOLED_TECHNICAL_PLASMA_SOURCE,NP42,true,SOURCE_DATA_INTENSITY,242531,POSITIVE_FINITE,true
PXD068107_WESTLAKE_OMNIPROT_TECHNICAL,Westlake University,heatmap_2b,2b_heatmap,15,DFZ15,P52907,P52907,PXD068107_NP42,POOLED_TECHNICAL_PLASMA_SOURCE,NP42,true,SOURCE_DATA_INTENSITY,690953,POSITIVE_FINITE,true
PXD068107_WESTLAKE_OMNIPROT_TECHNICAL,Westlake University,heatmap_2b,2b_heatmap,15,DGJ15,P53396,P53396,PXD068107_NP42,POOLED_TECHNICAL_PLASMA_SOURCE,NP42,true,SOURCE_DATA_INTENSITY,503838,POSITIVE_FINITE,true
PXD068107_WESTLAKE_OMNIPROT_TECHNICAL,Westlake University,heatmap_2b,2b_heatmap,15,DIY15,P55072,P55072,PXD068107_NP42,POOLED_TECHNICAL_PLASMA_SOURCE,NP42,true,SOURCE_DATA_INTENSITY,600098,POSITIVE_FINITE,true
PXD068107_WESTLAKE_OMNIPROT_TECHNICAL,Westlake University,heatmap_2b,2b_heatmap,15,DMJ15,P60174,P60174,PXD068107_NP42,POOLED_TECHNICAL_PLASMA_SOURCE,NP42,true,SOURCE_DATA_INTENSITY,21692100,POSITIVE_FINITE,true
PXD068107_WESTLAKE_OMNIPROT_TECHNICAL,Westlake University,heatmap_2b,2b_heatmap,15,DNG15,P61006,P61006,PXD068107_NP42,POOLED_TECHNICAL_PLASMA_SOURCE,NP42,true,SOURCE_DATA_INTENSITY,363581,POSITIVE_FINITE,true
PXD068107_WESTLAKE_OMNIPROT_TECHNICAL,Westlake University,heatmap_2b,2b_heatmap,15,DNM15,P61026,P61026,PXD068107_NP42,POOLED_TECHNICAL_PLASMA_SOURCE,NP42,true,SOURCE_DATA_INTENSITY,80317.699999999997,POSITIVE_FINITE,true
PXD068107_WESTLAKE_OMNIPROT_TECHNICAL,Westlake University,heatmap_2b,2b_heatmap,15,DNS15,P61106,P61106,PXD068107_NP42,POOLED_TECHNICAL_PLASMA_SOURCE,NP42,true,SOURCE_DATA_INTENSITY,350355,POSITIVE_FINITE,true
PXD068107_WESTLAKE_OMNIPROT_TECHNICAL,Westlake University,heatmap_2b,2b_heatmap,15,DPG15,P61978,P61978,PXD068107_NP42,POOLED_TECHNICAL_PLASMA_SOURCE,NP42,true,SOURCE_DATA_INTENSITY,1467910,POSITIVE_FINITE,true
PXD068107_WESTLAKE_OMNIPROT_TECHNICAL,Westlake University,heatmap_2b,2b_heatmap,15,DPH15,P61981,P61981,PXD068107_NP42,POOLED_TECHNICAL_PLASMA_SOURCE,NP42,true,SOURCE_DATA_INTENSITY,3284770,POSITIVE_FINITE,true
PXD068107_WESTLAKE_OMNIPROT_TECHNICAL,Westlake University,heatmap_2b,2b_heatmap,15,DQK15,P62330,P62330,PXD068107_NP42,POOLED_TECHNICAL_PLASMA_SOURCE,NP42,true,SOURCE_DATA_INTENSITY,87976.899999999994,POSITIVE_FINITE,true
PXD068107_WESTLAKE_OMNIPROT_TECHNICAL,Westlake University,heatmap_2b,2b_heatmap,15,DQX15,P62805,P62805,PXD068107_NP42,POOLED_TECHNICAL_PLASMA_SOURCE,NP42,true,SOURCE_DATA_INTENSITY,34606100,POSITIVE_FINITE,true
PXD068107_WESTLAKE_OMNIPROT_TECHNICAL,Westlake University,heatmap_2b,2b_heatmap,15,DRY15,P63000,P63000,PXD068107_NP42,POOLED_TECHNICAL_PLASMA_SOURCE,NP42,true,SOURCE_DATA_INTENSITY,748311,POSITIVE_FINITE,true
PXD068107_WESTLAKE_OMNIPROT_TECHNICAL,Westlake University,heatmap_2b,2b_heatmap,15,DTD15,P68366,P68366,PXD068107_NP42,POOLED_TECHNICAL_PLASMA_SOURCE,NP42,true,SOURCE_DATA_INTENSITY,2210550,POSITIVE_FINITE,true
PXD068107_WESTLAKE_OMNIPROT_TECHNICAL,Westlake University,heatmap_2b,2b_heatmap,15,DUE15,P78417,P78417,PXD068107_NP42,POOLED_TECHNICAL_PLASMA_SOURCE,NP42,true,SOURCE_DATA_INTENSITY,3500320,POSITIVE_FINITE,true
PXD068107_WESTLAKE_OMNIPROT_TECHNICAL,Westlake University,heatmap_2b,2b_heatmap,15,EAQ15,Q04695,Q04695,PXD068107_NP42,POOLED_TECHNICAL_PLASMA_SOURCE,NP42,true,SOURCE_DATA_INTENSITY,1324260,POSITIVE_FINITE,true
PXD068107_WESTLAKE_OMNIPROT_TECHNICAL,Westlake University,heatmap_2b,2b_heatmap,15,EPH15,Q14247,Q14247,PXD068107_NP42,POOLED_TECHNICAL_PLASMA_SOURCE,NP42,true,SOURCE_DATA_INTENSITY,157522,POSITIVE_FINITE,true
PXD068107_WESTLAKE_OMNIPROT_TECHNICAL,Westlake University,heatmap_2b,2b_heatmap,15,ESK15,Q14974,Q14974,PXD068107_NP42,POOLED_TECHNICAL_PLASMA_SOURCE,NP42,true,SOURCE_DATA_INTENSITY,189779,POSITIVE_FINITE,true
PXD068107_WESTLAKE_OMNIPROT_TECHNICAL,Westlake University,heatmap_2b,2b_heatmap,15,EUC15,Q15084,Q15084,PXD068107_NP42,POOLED_TECHNICAL_PLASMA_SOURCE,NP42,true,SOURCE_DATA_INTENSITY,943818,POSITIVE_FINITE,true
PXD068107_WESTLAKE_OMNIPROT_TECHNICAL,Westlake University,heatmap_2b,2b_heatmap,15,EVQ15,Q15365,Q15365,PXD068107_NP42,POOLED_TECHNICAL_PLASMA_SOURCE,NP42,true,SOURCE_DATA_INTENSITY,915475,POSITIVE_FINITE,true
PXD068107_WESTLAKE_OMNIPROT_TECHNICAL,Westlake University,heatmap_2b,2b_heatmap,15,EWB15,Q15404,Q15404,PXD068107_NP42,POOLED_TECHNICAL_PLASMA_SOURCE,NP42,true,SOURCE_DATA_INTENSITY,1929240,POSITIVE_FINITE,true
PXD068107_WESTLAKE_OMNIPROT_TECHNICAL,Westlake University,heatmap_2b,2b_heatmap,15,EXI15,Q15691,Q15691,PXD068107_NP42,POOLED_TECHNICAL_PLASMA_SOURCE,NP42,true,SOURCE_DATA_INTENSITY,2486910,POSITIVE_FINITE,true
PXD068107_WESTLAKE_OMNIPROT_TECHNICAL,Westlake University,heatmap_2b,2b_heatmap,15,EYN15,Q15942,Q15942,PXD068107_NP42,POOLED_TECHNICAL_PLASMA_SOURCE,NP42,true,SOURCE_DATA_INTENSITY,1169090,POSITIVE_FINITE,true
PXD068107_WESTLAKE_OMNIPROT_TECHNICAL,Westlake University,heatmap_2b,2b_heatmap,15,EZF15,Q16543,Q16543,PXD068107_NP42,POOLED_TECHNICAL_PLASMA_SOURCE,NP42,true,SOURCE_DATA_INTENSITY,329275,POSITIVE_FINITE,true
PXD068107_WESTLAKE_OMNIPROT_TECHNICAL,Westlake University,heatmap_2b,2b_heatmap,15,EZZ15,Q16643,Q16643,PXD068107_NP42,POOLED_TECHNICAL_PLASMA_SOURCE,NP42,true,SOURCE_DATA_INTENSITY,109431,POSITIVE_FINITE,true
PXD068107_WESTLAKE_OMNIPROT_TECHNICAL,Westlake University,heatmap_2b,2b_heatmap,15,FAP15,Q16762,Q16762,PXD068107_NP42,POOLED_TECHNICAL_PLASMA_SOURCE,NP42,true,SOURCE_DATA_INTENSITY,31946.099999999999,POSITIVE_FINITE,true
PXD068107_WESTLAKE_OMNIPROT_TECHNICAL,Westlake University,heatmap_2b,2b_heatmap,15,FBY15,Q27J81,Q27J81,PXD068107_NP42,POOLED_TECHNICAL_PLASMA_SOURCE,NP42,true,SOURCE_DATA_INTENSITY,412036,POSITIVE_FINITE,true
PXD068107_WESTLAKE_OMNIPROT_TECHNICAL,Westlake University,heatmap_2b,2b_heatmap,15,FGK15,Q58FF8,Q58FF8,PXD068107_NP42,POOLED_TECHNICAL_PLASMA_SOURCE,NP42,true,SOURCE_DATA_INTENSITY,34682.199999999997,POSITIVE_FINITE,true
PXD068107_WESTLAKE_OMNIPROT_TECHNICAL,Westlake University,heatmap_2b,2b_heatmap,15,FYD15,Q70J99,Q70J99,PXD068107_NP42,POOLED_TECHNICAL_PLASMA_SOURCE,NP42,true,SOURCE_DATA_INTENSITY,185157,POSITIVE_FINITE,true
PXD068107_WESTLAKE_OMNIPROT_TECHNICAL,Westlake University,heatmap_2b,2b_heatmap,15,FZH15,Q7L576,Q7L576,PXD068107_NP42,POOLED_TECHNICAL_PLASMA_SOURCE,NP42,true,SOURCE_DATA_INTENSITY,520626,POSITIVE_FINITE,true
PXD068107_WESTLAKE_OMNIPROT_TECHNICAL,Westlake University,heatmap_2b,2b_heatmap,15,GBF15,Q7Z406,Q7Z406,PXD068107_NP42,POOLED_TECHNICAL_PLASMA_SOURCE,NP42,true,SOURCE_DATA_INTENSITY,89327.399999999994,POSITIVE_FINITE,true
PXD068107_WESTLAKE_OMNIPROT_TECHNICAL,Westlake University,heatmap_2b,2b_heatmap,15,GFO15,Q86VP6,Q86VP6,PXD068107_NP42,POOLED_TECHNICAL_PLASMA_SOURCE,NP42,true,SOURCE_DATA_INTENSITY,153335,POSITIVE_FINITE,true
PXD068107_WESTLAKE_OMNIPROT_TECHNICAL,Westlake University,heatmap_2b,2b_heatmap,15,GXT15,Q8TC12,Q8TC12,PXD068107_NP42,POOLED_TECHNICAL_PLASMA_SOURCE,NP42,true,SOURCE_DATA_INTENSITY,12240.9,POSITIVE_FINITE,true
PXD068107_WESTLAKE_OMNIPROT_TECHNICAL,Westlake University,heatmap_2b,2b_heatmap,15,HJL15,Q93084,Q93084,PXD068107_NP42,POOLED_TECHNICAL_PLASMA_SOURCE,NP42,true,SOURCE_DATA_INTENSITY,88258.300000000003,POSITIVE_FINITE,true
PXD068107_WESTLAKE_OMNIPROT_TECHNICAL,Westlake University,heatmap_2b,2b_heatmap,15,IBO15,Q99733,Q99733,PXD068107_NP42,POOLED_TECHNICAL_PLASMA_SOURCE,NP42,true,SOURCE_DATA_INTENSITY,183572,POSITIVE_FINITE,true
PXD068107_WESTLAKE_OMNIPROT_TECHNICAL,Westlake University,heatmap_2b,2b_heatmap,15,ICI15,Q99832,Q99832,PXD068107_NP42,POOLED_TECHNICAL_PLASMA_SOURCE,NP42,true,SOURCE_DATA_INTENSITY,191655,POSITIVE_FINITE,true
PXD068107_WESTLAKE_OMNIPROT_TECHNICAL,Westlake University,heatmap_2b,2b_heatmap,15,IFI15,Q9BS26,Q9BS26,PXD068107_NP42,POOLED_TECHNICAL_PLASMA_SOURCE,NP42,true,SOURCE_DATA_INTENSITY,321764,POSITIVE_FINITE,true
PXD068107_WESTLAKE_OMNIPROT_TECHNICAL,Westlake University,heatmap_2b,2b_heatmap,15,IFU15,Q9BSJ8,Q9BSJ8,PXD068107_NP42,POOLED_TECHNICAL_PLASMA_SOURCE,NP42,true,SOURCE_DATA_INTENSITY,445118,POSITIVE_FINITE,true
PXD068107_WESTLAKE_OMNIPROT_TECHNICAL,Westlake University,heatmap_2b,2b_heatmap,15,ITX15,Q9H4B7,Q9H4B7,PXD068107_NP42,POOLED_TECHNICAL_PLASMA_SOURCE,NP42,true,SOURCE_DATA_INTENSITY,737014,POSITIVE_FINITE,true
PXD068107_WESTLAKE_OMNIPROT_TECHNICAL,Westlake University,heatmap_2b,2b_heatmap,15,JAC15,Q9HDC9,Q9HDC9,PXD068107_NP42,POOLED_TECHNICAL_PLASMA_SOURCE,NP42,true,SOURCE_DATA_INTENSITY,9900170,POSITIVE_FINITE,true
PXD068107_WESTLAKE_OMNIPROT_TECHNICAL,Westlake University,heatmap_2b,2b_heatmap,15,JCH15,Q9NQC3,Q9NQC3,PXD068107_NP42,POOLED_TECHNICAL_PLASMA_SOURCE,NP42,true,SOURCE_DATA_INTENSITY,4629.5299999999997,POSITIVE_FINITE,true
PXD068107_WESTLAKE_OMNIPROT_TECHNICAL,Westlake University,heatmap_2b,2b_heatmap,15,JDC15,Q9NR12,Q9NR12,PXD068107_NP42,POOLED_TECHNICAL_PLASMA_SOURCE,NP42,true,SOURCE_DATA_INTENSITY,572046,POSITIVE_FINITE,true
PXD068107_WESTLAKE_OMNIPROT_TECHNICAL,Westlake University,heatmap_2b,2b_heatmap,15,JEP15,Q9NRW1,Q9NRW1,PXD068107_NP42,POOLED_TECHNICAL_PLASMA_SOURCE,NP42,true,SOURCE_DATA_INTENSITY,235628,POSITIVE_FINITE,true
PXD068107_WESTLAKE_OMNIPROT_TECHNICAL,Westlake University,heatmap_2b,2b_heatmap,15,JFD15,Q9NS28,Q9NS28,PXD068107_NP42,POOLED_TECHNICAL_PLASMA_SOURCE,NP42,true,SOURCE_DATA_INTENSITY,628814,POSITIVE_FINITE,true
PXD068107_WESTLAKE_OMNIPROT_TECHNICAL,Westlake University,heatmap_2b,2b_heatmap,15,JKP15,Q9NY65,Q9NY65,PXD068107_NP42,POOLED_TECHNICAL_PLASMA_SOURCE,NP42,true,SOURCE_DATA_INTENSITY,11456.200000000001,POSITIVE_FINITE,true
PXD068107_WESTLAKE_OMNIPROT_TECHNICAL,Westlake University,heatmap_2b,2b_heatmap,15,KDT15,Q9Y2A7,Q9Y2A7,PXD068107_NP42,POOLED_TECHNICAL_PLASMA_SOURCE,NP42,true,SOURCE_DATA_INTENSITY,13838.799999999999,POSITIVE_FINITE,true
PXD068107_WESTLAKE_OMNIPROT_TECHNICAL,Westlake University,heatmap_2b,2b_heatmap,15,KHC15,Q9Y3F4,Q9Y3F4,PXD068107_NP42,POOLED_TECHNICAL_PLASMA_SOURCE,NP42,true,SOURCE_DATA_INTENSITY,24195.599999999999,POSITIVE_FINITE,true
PXD068107_WESTLAKE_OMNIPROT_TECHNICAL,Westlake University,heatmap_2b,2b_heatmap,16,GY16,O00151,O00151,PXD068107_NP43,POOLED_TECHNICAL_PLASMA_SOURCE,NP43,true,SOURCE_DATA_INTENSITY,2618490,POSITIVE_FINITE,true
PXD068107_WESTLAKE_OMNIPROT_TECHNICAL,Westlake University,heatmap_2b,2b_heatmap,16,HI16,O00187,O00187,PXD068107_NP43,POOLED_TECHNICAL_PLASMA_SOURCE,NP43,true,SOURCE_DATA_INTENSITY,9464440,POSITIVE_FINITE,true
PXD068107_WESTLAKE_OMNIPROT_TECHNICAL,Westlake University,heatmap_2b,2b_heatmap,16,HZ16,O00264,O00264,PXD068107_NP43,POOLED_TECHNICAL_PLASMA_SOURCE,NP43,true,SOURCE_DATA_INTENSITY,45340.099999999999,POSITIVE_FINITE,true
PXD068107_WESTLAKE_OMNIPROT_TECHNICAL,Westlake University,heatmap_2b,2b_heatmap,16,IE16,O00299,O00299,PXD068107_NP43,POOLED_TECHNICAL_PLASMA_SOURCE,NP43,true,SOURCE_DATA_INTENSITY,846785,POSITIVE_FINITE,true
PXD068107_WESTLAKE_OMNIPROT_TECHNICAL,Westlake University,heatmap_2b,2b_heatmap,16,IQ16,O00410,O00410,PXD068107_NP43,POOLED_TECHNICAL_PLASMA_SOURCE,NP43,true,SOURCE_DATA_INTENSITY,48295.800000000003,POSITIVE_FINITE,true
PXD068107_WESTLAKE_OMNIPROT_TECHNICAL,Westlake University,heatmap_2b,2b_heatmap,16,OY16,O15145,O15145,PXD068107_NP43,POOLED_TECHNICAL_PLASMA_SOURCE,NP43,true,SOURCE_DATA_INTENSITY,1376170,POSITIVE_FINITE,true
PXD068107_WESTLAKE_OMNIPROT_TECHNICAL,Westlake University,heatmap_2b,2b_heatmap,16,AAP16,O75083,O75083,PXD068107_NP43,POOLED_TECHNICAL_PLASMA_SOURCE,NP43,true,SOURCE_DATA_INTENSITY,913541,POSITIVE_FINITE,true
PXD068107_WESTLAKE_OMNIPROT_TECHNICAL,Westlake University,heatmap_2b,2b_heatmap,16,ADS16,O75531,O75531,PXD068107_NP43,POOLED_TECHNICAL_PLASMA_SOURCE,NP43,true,SOURCE_DATA_INTENSITY,,SOURCE_NA,false
PXD068107_WESTLAKE_OMNIPROT_TECHNICAL,Westlake University,heatmap_2b,2b_heatmap,16,AOR16,P00387,P00387,PXD068107_NP43,POOLED_TECHNICAL_PLASMA_SOURCE,NP43,true,SOURCE_DATA_INTENSITY,42850.900000000001,POSITIVE_FINITE,true
PXD068107_WESTLAKE_OMNIPROT_TECHNICAL,Westlake University,heatmap_2b,2b_heatmap,16,AOT16,P00403,P00403,PXD068107_NP43,POOLED_TECHNICAL_PLASMA_SOURCE,NP43,true,SOURCE_DATA_INTENSITY,10469.5,POSITIVE_FINITE,true
PXD068107_WESTLAKE_OMNIPROT_TECHNICAL,Westlake University,heatmap_2b,2b_heatmap,16,ARE16,P01275,P01275,PXD068107_NP43,POOLED_TECHNICAL_PLASMA_SOURCE,NP43,true,SOURCE_DATA_INTENSITY,,SOURCE_NA,false
PXD068107_WESTLAKE_OMNIPROT_TECHNICAL,Westlake University,heatmap_2b,2b_heatmap,16,AVX16,P04004,P04004,PXD068107_NP43,POOLED_TECHNICAL_PLASMA_SOURCE,NP43,true,SOURCE_DATA_INTENSITY,161078000,POSITIVE_FINITE,true
PXD068107_WESTLAKE_OMNIPROT_TECHNICAL,Westlake University,heatmap_2b,2b_heatmap,16,AWW16,P04264,P04264,PXD068107_NP43,POOLED_TECHNICAL_PLASMA_SOURCE,NP43,true,SOURCE_DATA_INTENSITY,197776000,POSITIVE_FINITE,true
PXD068107_WESTLAKE_OMNIPROT_TECHNICAL,Westlake University,heatmap_2b,2b_heatmap,16,AXO16,P04844,P04844,PXD068107_NP43,POOLED_TECHNICAL_PLASMA_SOURCE,NP43,true,SOURCE_DATA_INTENSITY,,SOURCE_NA,false
PXD068107_WESTLAKE_OMNIPROT_TECHNICAL,Westlake University,heatmap_2b,2b_heatmap,16,AXU16,P05023,P05023,PXD068107_NP43,POOLED_TECHNICAL_PLASMA_SOURCE,NP43,true,SOURCE_DATA_INTENSITY,413996,POSITIVE_FINITE,true
PXD068107_WESTLAKE_OMNIPROT_TECHNICAL,Westlake University,heatmap_2b,2b_heatmap,16,AZG16,P05556,P05556,PXD068107_NP43,POOLED_TECHNICAL_PLASMA_SOURCE,NP43,true,SOURCE_DATA_INTENSITY,605510,POSITIVE_FINITE,true
PXD068107_WESTLAKE_OMNIPROT_TECHNICAL,Westlake University,heatmap_2b,2b_heatmap,16,BAA16,P06396,P06396,PXD068107_NP43,POOLED_TECHNICAL_PLASMA_SOURCE,NP43,true,SOURCE_DATA_INTENSITY,130052000,POSITIVE_FINITE,true
PXD068107_WESTLAKE_OMNIPROT_TECHNICAL,Westlake University,heatmap_2b,2b_heatmap,16,BAC16,P06576,P06576,PXD068107_NP43,POOLED_TECHNICAL_PLASMA_SOURCE,NP43,true,SOURCE_DATA_INTENSITY,202494,POSITIVE_FINITE,true
PXD068107_WESTLAKE_OMNIPROT_TECHNICAL,Westlake University,heatmap_2b,2b_heatmap,16,BCX16,P07996,P07996,PXD068107_NP43,POOLED_TECHNICAL_PLASMA_SOURCE,NP43,true,SOURCE_DATA_INTENSITY,47738300,POSITIVE_FINITE,true
PXD068107_WESTLAKE_OMNIPROT_TECHNICAL,Westlake University,heatmap_2b,2b_heatmap,16,BGG16,P09493,P09493,PXD068107_NP43,POOLED_TECHNICAL_PLASMA_SOURCE,NP43,true,SOURCE_DATA_INTENSITY,18237,POSITIVE_FINITE,true
PXD068107_WESTLAKE_OMNIPROT_TECHNICAL,Westlake University,heatmap_2b,2b_heatmap,16,BJV16,P10599,P10599,PXD068107_NP43,POOLED_TECHNICAL_PLASMA_SOURCE,NP43,true,SOURCE_DATA_INTENSITY,268305,POSITIVE_FINITE,true
PXD068107_WESTLAKE_OMNIPROT_TECHNICAL,Westlake University,heatmap_2b,2b_heatmap,16,BKB16,P10644,P10644,PXD068107_NP43,POOLED_TECHNICAL_PLASMA_SOURCE,NP43,true,SOURCE_DATA_INTENSITY,574150,POSITIVE_FINITE,true
PXD068107_WESTLAKE_OMNIPROT_TECHNICAL,Westlake University,heatmap_2b,2b_heatmap,16,BKK16,P10809,P10809,PXD068107_NP43,POOLED_TECHNICAL_PLASMA_SOURCE,NP43,true,SOURCE_DATA_INTENSITY,104262,POSITIVE_FINITE,true
PXD068107_WESTLAKE_OMNIPROT_TECHNICAL,Westlake University,heatmap_2b,2b_heatmap,16,BKP16,P11021,P11021,PXD068107_NP43,POOLED_TECHNICAL_PLASMA_SOURCE,NP43,true,SOURCE_DATA_INTENSITY,18089400,POSITIVE_FINITE,true
PXD068107_WESTLAKE_OMNIPROT_TECHNICAL,Westlake University,heatmap_2b,2b_heatmap,16,BKX16,P11166,P11166,PXD068107_NP43,POOLED_TECHNICAL_PLASMA_SOURCE,NP43,true,SOURCE_DATA_INTENSITY,217440,POSITIVE_FINITE,true
PXD068107_WESTLAKE_OMNIPROT_TECHNICAL,Westlake University,heatmap_2b,2b_heatmap,16,BLT16,P11413,P11413,PXD068107_NP43,POOLED_TECHNICAL_PLASMA_SOURCE,NP43,true,SOURCE_DATA_INTENSITY,151151,POSITIVE_FINITE,true
PXD068107_WESTLAKE_OMNIPROT_TECHNICAL,Westlake University,heatmap_2b,2b_heatmap,16,BOZ16,P13796,P13796,PXD068107_NP43,POOLED_TECHNICAL_PLASMA_SOURCE,NP43,true,SOURCE_DATA_INTENSITY,916533,POSITIVE_FINITE,true
PXD068107_WESTLAKE_OMNIPROT_TECHNICAL,Westlake University,heatmap_2b,2b_heatmap,16,BQN16,P14868,P14868,PXD068107_NP43,POOLED_TECHNICAL_PLASMA_SOURCE,NP43,true,SOURCE_DATA_INTENSITY,248953,POSITIVE_FINITE,true
PXD068107_WESTLAKE_OMNIPROT_TECHNICAL,Westlake University,heatmap_2b,2b_heatmap,16,BRP16,P15531,P15531,PXD068107_NP43,POOLED_TECHNICAL_PLASMA_SOURCE,NP43,true,SOURCE_DATA_INTENSITY,,SOURCE_NA,false
PXD068107_WESTLAKE_OMNIPROT_TECHNICAL,Westlake University,heatmap_2b,2b_heatmap,16,BTD16,P16615,P16615,PXD068107_NP43,POOLED_TECHNICAL_PLASMA_SOURCE,NP43,true,SOURCE_DATA_INTENSITY,101271,POSITIVE_FINITE,true
PXD068107_WESTLAKE_OMNIPROT_TECHNICAL,Westlake University,heatmap_2b,2b_heatmap,16,BWA16,P19367,P19367,PXD068107_NP43,POOLED_TECHNICAL_PLASMA_SOURCE,NP43,true,SOURCE_DATA_INTENSITY,201932,POSITIVE_FINITE,true
PXD068107_WESTLAKE_OMNIPROT_TECHNICAL,Westlake University,heatmap_2b,2b_heatmap,16,BXV16,P20645,P20645,PXD068107_NP43,POOLED_TECHNICAL_PLASMA_SOURCE,NP43,true,SOURCE_DATA_INTENSITY,,SOURCE_NA,false
PXD068107_WESTLAKE_OMNIPROT_TECHNICAL,Westlake University,heatmap_2b,2b_heatmap,16,BZN16,P21796,P21796,PXD068107_NP43,POOLED_TECHNICAL_PLASMA_SOURCE,NP43,true,SOURCE_DATA_INTENSITY,40385.199999999997,POSITIVE_FINITE,true
PXD068107_WESTLAKE_OMNIPROT_TECHNICAL,Westlake University,heatmap_2b,2b_heatmap,16,CBV16,P23284,P23284,PXD068107_NP43,POOLED_TECHNICAL_PLASMA_SOURCE,NP43,true,SOURCE_DATA_INTENSITY,3224340,POSITIVE_FINITE,true
PXD068107_WESTLAKE_OMNIPROT_TECHNICAL,Westlake University,heatmap_2b,2b_heatmap,16,CDO16,P24844,P24844,PXD068107_NP43,POOLED_TECHNICAL_PLASMA_SOURCE,NP43,true,SOURCE_DATA_INTENSITY,242509,POSITIVE_FINITE,true
PXD068107_WESTLAKE_OMNIPROT_TECHNICAL,Westlake University,heatmap_2b,2b_heatmap,16,CES16,P26038,P26038,PXD068107_NP43,POOLED_TECHNICAL_PLASMA_SOURCE,NP43,true,SOURCE_DATA_INTENSITY,8086360,POSITIVE_FINITE,true
PXD068107_WESTLAKE_OMNIPROT_TECHNICAL,Westlake University,heatmap_2b,2b_heatmap,16,CFF16,P26641,P26641,PXD068107_NP43,POOLED_TECHNICAL_PLASMA_SOURCE,NP43,true,SOURCE_DATA_INTENSITY,491182,POSITIVE_FINITE,true
PXD068107_WESTLAKE_OMNIPROT_TECHNICAL,Westlake University,heatmap_2b,2b_heatmap,16,CFP16,P27348,P27348,PXD068107_NP43,POOLED_TECHNICAL_PLASMA_SOURCE,NP43,true,SOURCE_DATA_INTENSITY,106559,POSITIVE_FINITE,true
PXD068107_WESTLAKE_OMNIPROT_TECHNICAL,Westlake University,heatmap_2b,2b_heatmap,16,CGC16,P27797,P27797,PXD068107_NP43,POOLED_TECHNICAL_PLASMA_SOURCE,NP43,true,SOURCE_DATA_INTENSITY,95822.899999999994,POSITIVE_FINITE,true
PXD068107_WESTLAKE_OMNIPROT_TECHNICAL,Westlake University,heatmap_2b,2b_heatmap,16,CGL16,P28066,P28066,PXD068107_NP43,POOLED_TECHNICAL_PLASMA_SOURCE,NP43,true,SOURCE_DATA_INTENSITY,103942,POSITIVE_FINITE,true
PXD068107_WESTLAKE_OMNIPROT_TECHNICAL,Westlake University,heatmap_2b,2b_heatmap,16,CGM16,P28070,P28070,PXD068107_NP43,POOLED_TECHNICAL_PLASMA_SOURCE,NP43,true,SOURCE_DATA_INTENSITY,171029,POSITIVE_FINITE,true
PXD068107_WESTLAKE_OMNIPROT_TECHNICAL,Westlake University,heatmap_2b,2b_heatmap,16,CIL16,P30041,P30041,PXD068107_NP43,POOLED_TECHNICAL_PLASMA_SOURCE,NP43,true,SOURCE_DATA_INTENSITY,825664,POSITIVE_FINITE,true
PXD068107_WESTLAKE_OMNIPROT_TECHNICAL,Westlake University,heatmap_2b,2b_heatmap,16,CIN16,P30044,P30044,PXD068107_NP43,POOLED_TECHNICAL_PLASMA_SOURCE,NP43,true,SOURCE_DATA_INTENSITY,189210,POSITIVE_FINITE,true
PXD068107_WESTLAKE_OMNIPROT_TECHNICAL,Westlake University,heatmap_2b,2b_heatmap,16,CIQ16,P30048,P30048,PXD068107_NP43,POOLED_TECHNICAL_PLASMA_SOURCE,NP43,true,SOURCE_DATA_INTENSITY,4312.7399999999998,POSITIVE_FINITE,true
PXD068107_WESTLAKE_OMNIPROT_TECHNICAL,Westlake University,heatmap_2b,2b_heatmap,16,CIW16,P30101,P30101,PXD068107_NP43,POOLED_TECHNICAL_PLASMA_SOURCE,NP43,true,SOURCE_DATA_INTENSITY,6403790,POSITIVE_FINITE,true
PXD068107_WESTLAKE_OMNIPROT_TECHNICAL,Westlake University,heatmap_2b,2b_heatmap,16,CQE16,P37802,P37802,PXD068107_NP43,POOLED_TECHNICAL_PLASMA_SOURCE,NP43,true,SOURCE_DATA_INTENSITY,35417100,POSITIVE_FINITE,true
PXD068107_WESTLAKE_OMNIPROT_TECHNICAL,Westlake University,heatmap_2b,2b_heatmap,16,CQM16,P38646,P38646,PXD068107_NP43,POOLED_TECHNICAL_PLASMA_SOURCE,NP43,true,SOURCE_DATA_INTENSITY,820347,POSITIVE_FINITE,true
PXD068107_WESTLAKE_OMNIPROT_TECHNICAL,Westlake University,heatmap_2b,2b_heatmap,16,CUZ16,P45880,P45880,PXD068107_NP43,POOLED_TECHNICAL_PLASMA_SOURCE,NP43,true,SOURCE_DATA_INTENSITY,34633,POSITIVE_FINITE,true
PXD068107_WESTLAKE_OMNIPROT_TECHNICAL,Westlake University,heatmap_2b,2b_heatmap,16,CZE16,P49411,P49411,PXD068107_NP43,POOLED_TECHNICAL_PLASMA_SOURCE,NP43,true,SOURCE_DATA_INTENSITY,58244.300000000003,POSITIVE_FINITE,true
PXD068107_WESTLAKE_OMNIPROT_TECHNICAL,Westlake University,heatmap_2b,2b_heatmap,16,DCJ16,P50990,P50990,PXD068107_NP43,POOLED_TECHNICAL_PLASMA_SOURCE,NP43,true,SOURCE_DATA_INTENSITY,56033.699999999997,POSITIVE_FINITE,true
PXD068107_WESTLAKE_OMNIPROT_TECHNICAL,Westlake University,heatmap_2b,2b_heatmap,16,DCK16,P50991,P50991,PXD068107_NP43,POOLED_TECHNICAL_PLASMA_SOURCE,NP43,true,SOURCE_DATA_INTENSITY,156796,POSITIVE_FINITE,true
PXD068107_WESTLAKE_OMNIPROT_TECHNICAL,Westlake University,heatmap_2b,2b_heatmap,16,DCL16,P50995,P50995,PXD068107_NP43,POOLED_TECHNICAL_PLASMA_SOURCE,NP43,true,SOURCE_DATA_INTENSITY,330453,POSITIVE_FINITE,true
PXD068107_WESTLAKE_OMNIPROT_TECHNICAL,Westlake University,heatmap_2b,2b_heatmap,16,DFZ16,P52907,P52907,PXD068107_NP43,POOLED_TECHNICAL_PLASMA_SOURCE,NP43,true,SOURCE_DATA_INTENSITY,427262,POSITIVE_FINITE,true
PXD068107_WESTLAKE_OMNIPROT_TECHNICAL,Westlake University,heatmap_2b,2b_heatmap,16,DGJ16,P53396,P53396,PXD068107_NP43,POOLED_TECHNICAL_PLASMA_SOURCE,NP43,true,SOURCE_DATA_INTENSITY,250359,POSITIVE_FINITE,true
PXD068107_WESTLAKE_OMNIPROT_TECHNICAL,Westlake University,heatmap_2b,2b_heatmap,16,DIY16,P55072,P55072,PXD068107_NP43,POOLED_TECHNICAL_PLASMA_SOURCE,NP43,true,SOURCE_DATA_INTENSITY,379444,POSITIVE_FINITE,true
PXD068107_WESTLAKE_OMNIPROT_TECHNICAL,Westlake University,heatmap_2b,2b_heatmap,16,DMJ16,P60174,P60174,PXD068107_NP43,POOLED_TECHNICAL_PLASMA_SOURCE,NP43,true,SOURCE_DATA_INTENSITY,15938400,POSITIVE_FINITE,true
PXD068107_WESTLAKE_OMNIPROT_TECHNICAL,Westlake University,heatmap_2b,2b_heatmap,16,DNG16,P61006,P61006,PXD068107_NP43,POOLED_TECHNICAL_PLASMA_SOURCE,NP43,true,SOURCE_DATA_INTENSITY,709891,POSITIVE_FINITE,true
PXD068107_WESTLAKE_OMNIPROT_TECHNICAL,Westlake University,heatmap_2b,2b_heatmap,16,DNM16,P61026,P61026,PXD068107_NP43,POOLED_TECHNICAL_PLASMA_SOURCE,NP43,true,SOURCE_DATA_INTENSITY,114215,POSITIVE_FINITE,true
PXD068107_WESTLAKE_OMNIPROT_TECHNICAL,Westlake University,heatmap_2b,2b_heatmap,16,DNS16,P61106,P61106,PXD068107_NP43,POOLED_TECHNICAL_PLASMA_SOURCE,NP43,true,SOURCE_DATA_INTENSITY,495640,POSITIVE_FINITE,true
PXD068107_WESTLAKE_OMNIPROT_TECHNICAL,Westlake University,heatmap_2b,2b_heatmap,16,DPG16,P61978,P61978,PXD068107_NP43,POOLED_TECHNICAL_PLASMA_SOURCE,NP43,true,SOURCE_DATA_INTENSITY,1526560,POSITIVE_FINITE,true
PXD068107_WESTLAKE_OMNIPROT_TECHNICAL,Westlake University,heatmap_2b,2b_heatmap,16,DPH16,P61981,P61981,PXD068107_NP43,POOLED_TECHNICAL_PLASMA_SOURCE,NP43,true,SOURCE_DATA_INTENSITY,1655630,POSITIVE_FINITE,true
PXD068107_WESTLAKE_OMNIPROT_TECHNICAL,Westlake University,heatmap_2b,2b_heatmap,16,DQK16,P62330,P62330,PXD068107_NP43,POOLED_TECHNICAL_PLASMA_SOURCE,NP43,true,SOURCE_DATA_INTENSITY,97349.100000000006,POSITIVE_FINITE,true
PXD068107_WESTLAKE_OMNIPROT_TECHNICAL,Westlake University,heatmap_2b,2b_heatmap,16,DQX16,P62805,P62805,PXD068107_NP43,POOLED_TECHNICAL_PLASMA_SOURCE,NP43,true,SOURCE_DATA_INTENSITY,15825500,POSITIVE_FINITE,true
PXD068107_WESTLAKE_OMNIPROT_TECHNICAL,Westlake University,heatmap_2b,2b_heatmap,16,DRY16,P63000,P63000,PXD068107_NP43,POOLED_TECHNICAL_PLASMA_SOURCE,NP43,true,SOURCE_DATA_INTENSITY,751524,POSITIVE_FINITE,true
PXD068107_WESTLAKE_OMNIPROT_TECHNICAL,Westlake University,heatmap_2b,2b_heatmap,16,DTD16,P68366,P68366,PXD068107_NP43,POOLED_TECHNICAL_PLASMA_SOURCE,NP43,true,SOURCE_DATA_INTENSITY,3616080,POSITIVE_FINITE,true
PXD068107_WESTLAKE_OMNIPROT_TECHNICAL,Westlake University,heatmap_2b,2b_heatmap,16,DUE16,P78417,P78417,PXD068107_NP43,POOLED_TECHNICAL_PLASMA_SOURCE,NP43,true,SOURCE_DATA_INTENSITY,2407210,POSITIVE_FINITE,true
PXD068107_WESTLAKE_OMNIPROT_TECHNICAL,Westlake University,heatmap_2b,2b_heatmap,16,EAQ16,Q04695,Q04695,PXD068107_NP43,POOLED_TECHNICAL_PLASMA_SOURCE,NP43,true,SOURCE_DATA_INTENSITY,4627840,POSITIVE_FINITE,true
PXD068107_WESTLAKE_OMNIPROT_TECHNICAL,Westlake University,heatmap_2b,2b_heatmap,16,EPH16,Q14247,Q14247,PXD068107_NP43,POOLED_TECHNICAL_PLASMA_SOURCE,NP43,true,SOURCE_DATA_INTENSITY,33538.800000000003,POSITIVE_FINITE,true
PXD068107_WESTLAKE_OMNIPROT_TECHNICAL,Westlake University,heatmap_2b,2b_heatmap,16,ESK16,Q14974,Q14974,PXD068107_NP43,POOLED_TECHNICAL_PLASMA_SOURCE,NP43,true,SOURCE_DATA_INTENSITY,317177,POSITIVE_FINITE,true
PXD068107_WESTLAKE_OMNIPROT_TECHNICAL,Westlake University,heatmap_2b,2b_heatmap,16,EUC16,Q15084,Q15084,PXD068107_NP43,POOLED_TECHNICAL_PLASMA_SOURCE,NP43,true,SOURCE_DATA_INTENSITY,624577,POSITIVE_FINITE,true
PXD068107_WESTLAKE_OMNIPROT_TECHNICAL,Westlake University,heatmap_2b,2b_heatmap,16,EVQ16,Q15365,Q15365,PXD068107_NP43,POOLED_TECHNICAL_PLASMA_SOURCE,NP43,true,SOURCE_DATA_INTENSITY,789050,POSITIVE_FINITE,true
PXD068107_WESTLAKE_OMNIPROT_TECHNICAL,Westlake University,heatmap_2b,2b_heatmap,16,EWB16,Q15404,Q15404,PXD068107_NP43,POOLED_TECHNICAL_PLASMA_SOURCE,NP43,true,SOURCE_DATA_INTENSITY,1510230,POSITIVE_FINITE,true
PXD068107_WESTLAKE_OMNIPROT_TECHNICAL,Westlake University,heatmap_2b,2b_heatmap,16,EXI16,Q15691,Q15691,PXD068107_NP43,POOLED_TECHNICAL_PLASMA_SOURCE,NP43,true,SOURCE_DATA_INTENSITY,1590970,POSITIVE_FINITE,true
PXD068107_WESTLAKE_OMNIPROT_TECHNICAL,Westlake University,heatmap_2b,2b_heatmap,16,EYN16,Q15942,Q15942,PXD068107_NP43,POOLED_TECHNICAL_PLASMA_SOURCE,NP43,true,SOURCE_DATA_INTENSITY,731488,POSITIVE_FINITE,true
PXD068107_WESTLAKE_OMNIPROT_TECHNICAL,Westlake University,heatmap_2b,2b_heatmap,16,EZF16,Q16543,Q16543,PXD068107_NP43,POOLED_TECHNICAL_PLASMA_SOURCE,NP43,true,SOURCE_DATA_INTENSITY,326938,POSITIVE_FINITE,true
PXD068107_WESTLAKE_OMNIPROT_TECHNICAL,Westlake University,heatmap_2b,2b_heatmap,16,EZZ16,Q16643,Q16643,PXD068107_NP43,POOLED_TECHNICAL_PLASMA_SOURCE,NP43,true,SOURCE_DATA_INTENSITY,54657.5,POSITIVE_FINITE,true
PXD068107_WESTLAKE_OMNIPROT_TECHNICAL,Westlake University,heatmap_2b,2b_heatmap,16,FAP16,Q16762,Q16762,PXD068107_NP43,POOLED_TECHNICAL_PLASMA_SOURCE,NP43,true,SOURCE_DATA_INTENSITY,33484.300000000003,POSITIVE_FINITE,true
PXD068107_WESTLAKE_OMNIPROT_TECHNICAL,Westlake University,heatmap_2b,2b_heatmap,16,FBY16,Q27J81,Q27J81,PXD068107_NP43,POOLED_TECHNICAL_PLASMA_SOURCE,NP43,true,SOURCE_DATA_INTENSITY,312895,POSITIVE_FINITE,true
PXD068107_WESTLAKE_OMNIPROT_TECHNICAL,Westlake University,heatmap_2b,2b_heatmap,16,FGK16,Q58FF8,Q58FF8,PXD068107_NP43,POOLED_TECHNICAL_PLASMA_SOURCE,NP43,true,SOURCE_DATA_INTENSITY,95524.800000000003,POSITIVE_FINITE,true
PXD068107_WESTLAKE_OMNIPROT_TECHNICAL,Westlake University,heatmap_2b,2b_heatmap,16,FYD16,Q70J99,Q70J99,PXD068107_NP43,POOLED_TECHNICAL_PLASMA_SOURCE,NP43,true,SOURCE_DATA_INTENSITY,130267,POSITIVE_FINITE,true
PXD068107_WESTLAKE_OMNIPROT_TECHNICAL,Westlake University,heatmap_2b,2b_heatmap,16,FZH16,Q7L576,Q7L576,PXD068107_NP43,POOLED_TECHNICAL_PLASMA_SOURCE,NP43,true,SOURCE_DATA_INTENSITY,665874,POSITIVE_FINITE,true
PXD068107_WESTLAKE_OMNIPROT_TECHNICAL,Westlake University,heatmap_2b,2b_heatmap,16,GBF16,Q7Z406,Q7Z406,PXD068107_NP43,POOLED_TECHNICAL_PLASMA_SOURCE,NP43,true,SOURCE_DATA_INTENSITY,39449.699999999997,POSITIVE_FINITE,true
PXD068107_WESTLAKE_OMNIPROT_TECHNICAL,Westlake University,heatmap_2b,2b_heatmap,16,GFO16,Q86VP6,Q86VP6,PXD068107_NP43,POOLED_TECHNICAL_PLASMA_SOURCE,NP43,true,SOURCE_DATA_INTENSITY,94056.5,POSITIVE_FINITE,true
PXD068107_WESTLAKE_OMNIPROT_TECHNICAL,Westlake University,heatmap_2b,2b_heatmap,16,GXT16,Q8TC12,Q8TC12,PXD068107_NP43,POOLED_TECHNICAL_PLASMA_SOURCE,NP43,true,SOURCE_DATA_INTENSITY,5239.25,POSITIVE_FINITE,true
PXD068107_WESTLAKE_OMNIPROT_TECHNICAL,Westlake University,heatmap_2b,2b_heatmap,16,HJL16,Q93084,Q93084,PXD068107_NP43,POOLED_TECHNICAL_PLASMA_SOURCE,NP43,true,SOURCE_DATA_INTENSITY,68574.199999999997,POSITIVE_FINITE,true
PXD068107_WESTLAKE_OMNIPROT_TECHNICAL,Westlake University,heatmap_2b,2b_heatmap,16,IBO16,Q99733,Q99733,PXD068107_NP43,POOLED_TECHNICAL_PLASMA_SOURCE,NP43,true,SOURCE_DATA_INTENSITY,136842,POSITIVE_FINITE,true
PXD068107_WESTLAKE_OMNIPROT_TECHNICAL,Westlake University,heatmap_2b,2b_heatmap,16,ICI16,Q99832,Q99832,PXD068107_NP43,POOLED_TECHNICAL_PLASMA_SOURCE,NP43,true,SOURCE_DATA_INTENSITY,103714,POSITIVE_FINITE,true
PXD068107_WESTLAKE_OMNIPROT_TECHNICAL,Westlake University,heatmap_2b,2b_heatmap,16,IFI16,Q9BS26,Q9BS26,PXD068107_NP43,POOLED_TECHNICAL_PLASMA_SOURCE,NP43,true,SOURCE_DATA_INTENSITY,331346,POSITIVE_FINITE,true
PXD068107_WESTLAKE_OMNIPROT_TECHNICAL,Westlake University,heatmap_2b,2b_heatmap,16,IFU16,Q9BSJ8,Q9BSJ8,PXD068107_NP43,POOLED_TECHNICAL_PLASMA_SOURCE,NP43,true,SOURCE_DATA_INTENSITY,437851,POSITIVE_FINITE,true
PXD068107_WESTLAKE_OMNIPROT_TECHNICAL,Westlake University,heatmap_2b,2b_heatmap,16,ITX16,Q9H4B7,Q9H4B7,PXD068107_NP43,POOLED_TECHNICAL_PLASMA_SOURCE,NP43,true,SOURCE_DATA_INTENSITY,1230440,POSITIVE_FINITE,true
PXD068107_WESTLAKE_OMNIPROT_TECHNICAL,Westlake University,heatmap_2b,2b_heatmap,16,JAC16,Q9HDC9,Q9HDC9,PXD068107_NP43,POOLED_TECHNICAL_PLASMA_SOURCE,NP43,true,SOURCE_DATA_INTENSITY,15381400,POSITIVE_FINITE,true
PXD068107_WESTLAKE_OMNIPROT_TECHNICAL,Westlake University,heatmap_2b,2b_heatmap,16,JCH16,Q9NQC3,Q9NQC3,PXD068107_NP43,POOLED_TECHNICAL_PLASMA_SOURCE,NP43,true,SOURCE_DATA_INTENSITY,8876.0699999999997,POSITIVE_FINITE,true
PXD068107_WESTLAKE_OMNIPROT_TECHNICAL,Westlake University,heatmap_2b,2b_heatmap,16,JDC16,Q9NR12,Q9NR12,PXD068107_NP43,POOLED_TECHNICAL_PLASMA_SOURCE,NP43,true,SOURCE_DATA_INTENSITY,548245,POSITIVE_FINITE,true
PXD068107_WESTLAKE_OMNIPROT_TECHNICAL,Westlake University,heatmap_2b,2b_heatmap,16,JEP16,Q9NRW1,Q9NRW1,PXD068107_NP43,POOLED_TECHNICAL_PLASMA_SOURCE,NP43,true,SOURCE_DATA_INTENSITY,230591,POSITIVE_FINITE,true
PXD068107_WESTLAKE_OMNIPROT_TECHNICAL,Westlake University,heatmap_2b,2b_heatmap,16,JFD16,Q9NS28,Q9NS28,PXD068107_NP43,POOLED_TECHNICAL_PLASMA_SOURCE,NP43,true,SOURCE_DATA_INTENSITY,292560,POSITIVE_FINITE,true
PXD068107_WESTLAKE_OMNIPROT_TECHNICAL,Westlake University,heatmap_2b,2b_heatmap,16,JKP16,Q9NY65,Q9NY65,PXD068107_NP43,POOLED_TECHNICAL_PLASMA_SOURCE,NP43,true,SOURCE_DATA_INTENSITY,20367.599999999999,POSITIVE_FINITE,true
PXD068107_WESTLAKE_OMNIPROT_TECHNICAL,Westlake University,heatmap_2b,2b_heatmap,16,KDT16,Q9Y2A7,Q9Y2A7,PXD068107_NP43,POOLED_TECHNICAL_PLASMA_SOURCE,NP43,true,SOURCE_DATA_INTENSITY,95836.199999999997,POSITIVE_FINITE,true
PXD068107_WESTLAKE_OMNIPROT_TECHNICAL,Westlake University,heatmap_2b,2b_heatmap,16,KHC16,Q9Y3F4,Q9Y3F4,PXD068107_NP43,POOLED_TECHNICAL_PLASMA_SOURCE,NP43,true,SOURCE_DATA_INTENSITY,45691.900000000001,POSITIVE_FINITE,true
PXD068107_WESTLAKE_OMNIPROT_TECHNICAL,Westlake University,heatmap_2b,2b_heatmap,17,GY17,O00151,O00151,PXD068107_NP45,POOLED_TECHNICAL_PLASMA_SOURCE,NP45,true,SOURCE_DATA_INTENSITY,40197.699999999997,POSITIVE_FINITE,true
PXD068107_WESTLAKE_OMNIPROT_TECHNICAL,Westlake University,heatmap_2b,2b_heatmap,17,HI17,O00187,O00187,PXD068107_NP45,POOLED_TECHNICAL_PLASMA_SOURCE,NP45,true,SOURCE_DATA_INTENSITY,18531900,POSITIVE_FINITE,true
PXD068107_WESTLAKE_OMNIPROT_TECHNICAL,Westlake University,heatmap_2b,2b_heatmap,17,HZ17,O00264,O00264,PXD068107_NP45,POOLED_TECHNICAL_PLASMA_SOURCE,NP45,true,SOURCE_DATA_INTENSITY,132115,POSITIVE_FINITE,true
PXD068107_WESTLAKE_OMNIPROT_TECHNICAL,Westlake University,heatmap_2b,2b_heatmap,17,IE17,O00299,O00299,PXD068107_NP45,POOLED_TECHNICAL_PLASMA_SOURCE,NP45,true,SOURCE_DATA_INTENSITY,212248,POSITIVE_FINITE,true
PXD068107_WESTLAKE_OMNIPROT_TECHNICAL,Westlake University,heatmap_2b,2b_heatmap,17,IQ17,O00410,O00410,PXD068107_NP45,POOLED_TECHNICAL_PLASMA_SOURCE,NP45,true,SOURCE_DATA_INTENSITY,4100.54,POSITIVE_FINITE,true
PXD068107_WESTLAKE_OMNIPROT_TECHNICAL,Westlake University,heatmap_2b,2b_heatmap,17,OY17,O15145,O15145,PXD068107_NP45,POOLED_TECHNICAL_PLASMA_SOURCE,NP45,true,SOURCE_DATA_INTENSITY,21692.799999999999,POSITIVE_FINITE,true
PXD068107_WESTLAKE_OMNIPROT_TECHNICAL,Westlake University,heatmap_2b,2b_heatmap,17,AAP17,O75083,O75083,PXD068107_NP45,POOLED_TECHNICAL_PLASMA_SOURCE,NP45,true,SOURCE_DATA_INTENSITY,89774.199999999997,POSITIVE_FINITE,true
PXD068107_WESTLAKE_OMNIPROT_TECHNICAL,Westlake University,heatmap_2b,2b_heatmap,17,ADS17,O75531,O75531,PXD068107_NP45,POOLED_TECHNICAL_PLASMA_SOURCE,NP45,true,SOURCE_DATA_INTENSITY,,SOURCE_NA,false
PXD068107_WESTLAKE_OMNIPROT_TECHNICAL,Westlake University,heatmap_2b,2b_heatmap,17,AOR17,P00387,P00387,PXD068107_NP45,POOLED_TECHNICAL_PLASMA_SOURCE,NP45,true,SOURCE_DATA_INTENSITY,45582.599999999999,POSITIVE_FINITE,true
PXD068107_WESTLAKE_OMNIPROT_TECHNICAL,Westlake University,heatmap_2b,2b_heatmap,17,AOT17,P00403,P00403,PXD068107_NP45,POOLED_TECHNICAL_PLASMA_SOURCE,NP45,true,SOURCE_DATA_INTENSITY,20511.799999999999,POSITIVE_FINITE,true
PXD068107_WESTLAKE_OMNIPROT_TECHNICAL,Westlake University,heatmap_2b,2b_heatmap,17,ARE17,P01275,P01275,PXD068107_NP45,POOLED_TECHNICAL_PLASMA_SOURCE,NP45,true,SOURCE_DATA_INTENSITY,135423,POSITIVE_FINITE,true
PXD068107_WESTLAKE_OMNIPROT_TECHNICAL,Westlake University,heatmap_2b,2b_heatmap,17,AVX17,P04004,P04004,PXD068107_NP45,POOLED_TECHNICAL_PLASMA_SOURCE,NP45,true,SOURCE_DATA_INTENSITY,98669300,POSITIVE_FINITE,true
PXD068107_WESTLAKE_OMNIPROT_TECHNICAL,Westlake University,heatmap_2b,2b_heatmap,17,AWW17,P04264,P04264,PXD068107_NP45,POOLED_TECHNICAL_PLASMA_SOURCE,NP45,true,SOURCE_DATA_INTENSITY,33719000,POSITIVE_FINITE,true
PXD068107_WESTLAKE_OMNIPROT_TECHNICAL,Westlake University,heatmap_2b,2b_heatmap,17,AXO17,P04844,P04844,PXD068107_NP45,POOLED_TECHNICAL_PLASMA_SOURCE,NP45,true,SOURCE_DATA_INTENSITY,,SOURCE_NA,false
PXD068107_WESTLAKE_OMNIPROT_TECHNICAL,Westlake University,heatmap_2b,2b_heatmap,17,AXU17,P05023,P05023,PXD068107_NP45,POOLED_TECHNICAL_PLASMA_SOURCE,NP45,true,SOURCE_DATA_INTENSITY,953352,POSITIVE_FINITE,true
PXD068107_WESTLAKE_OMNIPROT_TECHNICAL,Westlake University,heatmap_2b,2b_heatmap,17,AZG17,P05556,P05556,PXD068107_NP45,POOLED_TECHNICAL_PLASMA_SOURCE,NP45,true,SOURCE_DATA_INTENSITY,244373,POSITIVE_FINITE,true
PXD068107_WESTLAKE_OMNIPROT_TECHNICAL,Westlake University,heatmap_2b,2b_heatmap,17,BAA17,P06396,P06396,PXD068107_NP45,POOLED_TECHNICAL_PLASMA_SOURCE,NP45,true,SOURCE_DATA_INTENSITY,45022900,POSITIVE_FINITE,true
PXD068107_WESTLAKE_OMNIPROT_TECHNICAL,Westlake University,heatmap_2b,2b_heatmap,17,BAC17,P06576,P06576,PXD068107_NP45,POOLED_TECHNICAL_PLASMA_SOURCE,NP45,true,SOURCE_DATA_INTENSITY,359606,POSITIVE_FINITE,true
PXD068107_WESTLAKE_OMNIPROT_TECHNICAL,Westlake University,heatmap_2b,2b_heatmap,17,BCX17,P07996,P07996,PXD068107_NP45,POOLED_TECHNICAL_PLASMA_SOURCE,NP45,true,SOURCE_DATA_INTENSITY,46524100,POSITIVE_FINITE,true
PXD068107_WESTLAKE_OMNIPROT_TECHNICAL,Westlake University,heatmap_2b,2b_heatmap,17,BGG17,P09493,P09493,PXD068107_NP45,POOLED_TECHNICAL_PLASMA_SOURCE,NP45,true,SOURCE_DATA_INTENSITY,139793,POSITIVE_FINITE,true
PXD068107_WESTLAKE_OMNIPROT_TECHNICAL,Westlake University,heatmap_2b,2b_heatmap,17,BJV17,P10599,P10599,PXD068107_NP45,POOLED_TECHNICAL_PLASMA_SOURCE,NP45,true,SOURCE_DATA_INTENSITY,1757720,POSITIVE_FINITE,true
PXD068107_WESTLAKE_OMNIPROT_TECHNICAL,Westlake University,heatmap_2b,2b_heatmap,17,BKB17,P10644,P10644,PXD068107_NP45,POOLED_TECHNICAL_PLASMA_SOURCE,NP45,true,SOURCE_DATA_INTENSITY,17198.099999999999,POSITIVE_FINITE,true
PXD068107_WESTLAKE_OMNIPROT_TECHNICAL,Westlake University,heatmap_2b,2b_heatmap,17,BKK17,P10809,P10809,PXD068107_NP45,POOLED_TECHNICAL_PLASMA_SOURCE,NP45,true,SOURCE_DATA_INTENSITY,263957,POSITIVE_FINITE,true
PXD068107_WESTLAKE_OMNIPROT_TECHNICAL,Westlake University,heatmap_2b,2b_heatmap,17,BKP17,P11021,P11021,PXD068107_NP45,POOLED_TECHNICAL_PLASMA_SOURCE,NP45,true,SOURCE_DATA_INTENSITY,2244850,POSITIVE_FINITE,true
PXD068107_WESTLAKE_OMNIPROT_TECHNICAL,Westlake University,heatmap_2b,2b_heatmap,17,BKX17,P11166,P11166,PXD068107_NP45,POOLED_TECHNICAL_PLASMA_SOURCE,NP45,true,SOURCE_DATA_INTENSITY,20549.599999999999,POSITIVE_FINITE,true
PXD068107_WESTLAKE_OMNIPROT_TECHNICAL,Westlake University,heatmap_2b,2b_heatmap,17,BLT17,P11413,P11413,PXD068107_NP45,POOLED_TECHNICAL_PLASMA_SOURCE,NP45,true,SOURCE_DATA_INTENSITY,95088,POSITIVE_FINITE,true
PXD068107_WESTLAKE_OMNIPROT_TECHNICAL,Westlake University,heatmap_2b,2b_heatmap,17,BOZ17,P13796,P13796,PXD068107_NP45,POOLED_TECHNICAL_PLASMA_SOURCE,NP45,true,SOURCE_DATA_INTENSITY,1156630,POSITIVE_FINITE,true
PXD068107_WESTLAKE_OMNIPROT_TECHNICAL,Westlake University,heatmap_2b,2b_heatmap,17,BQN17,P14868,P14868,PXD068107_NP45,POOLED_TECHNICAL_PLASMA_SOURCE,NP45,true,SOURCE_DATA_INTENSITY,105968,POSITIVE_FINITE,true
PXD068107_WESTLAKE_OMNIPROT_TECHNICAL,Westlake University,heatmap_2b,2b_heatmap,17,BRP17,P15531,P15531,PXD068107_NP45,POOLED_TECHNICAL_PLASMA_SOURCE,NP45,true,SOURCE_DATA_INTENSITY,1400.98,POSITIVE_FINITE,true
PXD068107_WESTLAKE_OMNIPROT_TECHNICAL,Westlake University,heatmap_2b,2b_heatmap,17,BTD17,P16615,P16615,PXD068107_NP45,POOLED_TECHNICAL_PLASMA_SOURCE,NP45,true,SOURCE_DATA_INTENSITY,34756.099999999999,POSITIVE_FINITE,true
PXD068107_WESTLAKE_OMNIPROT_TECHNICAL,Westlake University,heatmap_2b,2b_heatmap,17,BWA17,P19367,P19367,PXD068107_NP45,POOLED_TECHNICAL_PLASMA_SOURCE,NP45,true,SOURCE_DATA_INTENSITY,596944,POSITIVE_FINITE,true
PXD068107_WESTLAKE_OMNIPROT_TECHNICAL,Westlake University,heatmap_2b,2b_heatmap,17,BXV17,P20645,P20645,PXD068107_NP45,POOLED_TECHNICAL_PLASMA_SOURCE,NP45,true,SOURCE_DATA_INTENSITY,,SOURCE_NA,false
PXD068107_WESTLAKE_OMNIPROT_TECHNICAL,Westlake University,heatmap_2b,2b_heatmap,17,BZN17,P21796,P21796,PXD068107_NP45,POOLED_TECHNICAL_PLASMA_SOURCE,NP45,true,SOURCE_DATA_INTENSITY,229294,POSITIVE_FINITE,true
PXD068107_WESTLAKE_OMNIPROT_TECHNICAL,Westlake University,heatmap_2b,2b_heatmap,17,CBV17,P23284,P23284,PXD068107_NP45,POOLED_TECHNICAL_PLASMA_SOURCE,NP45,true,SOURCE_DATA_INTENSITY,202244,POSITIVE_FINITE,true
PXD068107_WESTLAKE_OMNIPROT_TECHNICAL,Westlake University,heatmap_2b,2b_heatmap,17,CDO17,P24844,P24844,PXD068107_NP45,POOLED_TECHNICAL_PLASMA_SOURCE,NP45,true,SOURCE_DATA_INTENSITY,106773,POSITIVE_FINITE,true
PXD068107_WESTLAKE_OMNIPROT_TECHNICAL,Westlake University,heatmap_2b,2b_heatmap,17,CES17,P26038,P26038,PXD068107_NP45,POOLED_TECHNICAL_PLASMA_SOURCE,NP45,true,SOURCE_DATA_INTENSITY,847062,POSITIVE_FINITE,true
PXD068107_WESTLAKE_OMNIPROT_TECHNICAL,Westlake University,heatmap_2b,2b_heatmap,17,CFF17,P26641,P26641,PXD068107_NP45,POOLED_TECHNICAL_PLASMA_SOURCE,NP45,true,SOURCE_DATA_INTENSITY,158886,POSITIVE_FINITE,true
PXD068107_WESTLAKE_OMNIPROT_TECHNICAL,Westlake University,heatmap_2b,2b_heatmap,17,CFP17,P27348,P27348,PXD068107_NP45,POOLED_TECHNICAL_PLASMA_SOURCE,NP45,true,SOURCE_DATA_INTENSITY,67042.600000000006,POSITIVE_FINITE,true
PXD068107_WESTLAKE_OMNIPROT_TECHNICAL,Westlake University,heatmap_2b,2b_heatmap,17,CGC17,P27797,P27797,PXD068107_NP45,POOLED_TECHNICAL_PLASMA_SOURCE,NP45,true,SOURCE_DATA_INTENSITY,474852,POSITIVE_FINITE,true
PXD068107_WESTLAKE_OMNIPROT_TECHNICAL,Westlake University,heatmap_2b,2b_heatmap,17,CGL17,P28066,P28066,PXD068107_NP45,POOLED_TECHNICAL_PLASMA_SOURCE,NP45,true,SOURCE_DATA_INTENSITY,87501.800000000003,POSITIVE_FINITE,true
PXD068107_WESTLAKE_OMNIPROT_TECHNICAL,Westlake University,heatmap_2b,2b_heatmap,17,CGM17,P28070,P28070,PXD068107_NP45,POOLED_TECHNICAL_PLASMA_SOURCE,NP45,true,SOURCE_DATA_INTENSITY,299815,POSITIVE_FINITE,true
PXD068107_WESTLAKE_OMNIPROT_TECHNICAL,Westlake University,heatmap_2b,2b_heatmap,17,CIL17,P30041,P30041,PXD068107_NP45,POOLED_TECHNICAL_PLASMA_SOURCE,NP45,true,SOURCE_DATA_INTENSITY,890760,POSITIVE_FINITE,true
PXD068107_WESTLAKE_OMNIPROT_TECHNICAL,Westlake University,heatmap_2b,2b_heatmap,17,CIN17,P30044,P30044,PXD068107_NP45,POOLED_TECHNICAL_PLASMA_SOURCE,NP45,true,SOURCE_DATA_INTENSITY,245872,POSITIVE_FINITE,true
PXD068107_WESTLAKE_OMNIPROT_TECHNICAL,Westlake University,heatmap_2b,2b_heatmap,17,CIQ17,P30048,P30048,PXD068107_NP45,POOLED_TECHNICAL_PLASMA_SOURCE,NP45,true,SOURCE_DATA_INTENSITY,30558.099999999999,POSITIVE_FINITE,true
PXD068107_WESTLAKE_OMNIPROT_TECHNICAL,Westlake University,heatmap_2b,2b_heatmap,17,CIW17,P30101,P30101,PXD068107_NP45,POOLED_TECHNICAL_PLASMA_SOURCE,NP45,true,SOURCE_DATA_INTENSITY,425530,POSITIVE_FINITE,true
PXD068107_WESTLAKE_OMNIPROT_TECHNICAL,Westlake University,heatmap_2b,2b_heatmap,17,CQE17,P37802,P37802,PXD068107_NP45,POOLED_TECHNICAL_PLASMA_SOURCE,NP45,true,SOURCE_DATA_INTENSITY,345632,POSITIVE_FINITE,true
PXD068107_WESTLAKE_OMNIPROT_TECHNICAL,Westlake University,heatmap_2b,2b_heatmap,17,CQM17,P38646,P38646,PXD068107_NP45,POOLED_TECHNICAL_PLASMA_SOURCE,NP45,true,SOURCE_DATA_INTENSITY,100472,POSITIVE_FINITE,true
PXD068107_WESTLAKE_OMNIPROT_TECHNICAL,Westlake University,heatmap_2b,2b_heatmap,17,CUZ17,P45880,P45880,PXD068107_NP45,POOLED_TECHNICAL_PLASMA_SOURCE,NP45,true,SOURCE_DATA_INTENSITY,90121.199999999997,POSITIVE_FINITE,true
PXD068107_WESTLAKE_OMNIPROT_TECHNICAL,Westlake University,heatmap_2b,2b_heatmap,17,CZE17,P49411,P49411,PXD068107_NP45,POOLED_TECHNICAL_PLASMA_SOURCE,NP45,true,SOURCE_DATA_INTENSITY,469908,POSITIVE_FINITE,true
PXD068107_WESTLAKE_OMNIPROT_TECHNICAL,Westlake University,heatmap_2b,2b_heatmap,17,DCJ17,P50990,P50990,PXD068107_NP45,POOLED_TECHNICAL_PLASMA_SOURCE,NP45,true,SOURCE_DATA_INTENSITY,119582,POSITIVE_FINITE,true
PXD068107_WESTLAKE_OMNIPROT_TECHNICAL,Westlake University,heatmap_2b,2b_heatmap,17,DCK17,P50991,P50991,PXD068107_NP45,POOLED_TECHNICAL_PLASMA_SOURCE,NP45,true,SOURCE_DATA_INTENSITY,131899,POSITIVE_FINITE,true
PXD068107_WESTLAKE_OMNIPROT_TECHNICAL,Westlake University,heatmap_2b,2b_heatmap,17,DCL17,P50995,P50995,PXD068107_NP45,POOLED_TECHNICAL_PLASMA_SOURCE,NP45,true,SOURCE_DATA_INTENSITY,29413.900000000001,POSITIVE_FINITE,true
PXD068107_WESTLAKE_OMNIPROT_TECHNICAL,Westlake University,heatmap_2b,2b_heatmap,17,DFZ17,P52907,P52907,PXD068107_NP45,POOLED_TECHNICAL_PLASMA_SOURCE,NP45,true,SOURCE_DATA_INTENSITY,113033,POSITIVE_FINITE,true
PXD068107_WESTLAKE_OMNIPROT_TECHNICAL,Westlake University,heatmap_2b,2b_heatmap,17,DGJ17,P53396,P53396,PXD068107_NP45,POOLED_TECHNICAL_PLASMA_SOURCE,NP45,true,SOURCE_DATA_INTENSITY,464429,POSITIVE_FINITE,true
PXD068107_WESTLAKE_OMNIPROT_TECHNICAL,Westlake University,heatmap_2b,2b_heatmap,17,DIY17,P55072,P55072,PXD068107_NP45,POOLED_TECHNICAL_PLASMA_SOURCE,NP45,true,SOURCE_DATA_INTENSITY,377984,POSITIVE_FINITE,true
PXD068107_WESTLAKE_OMNIPROT_TECHNICAL,Westlake University,heatmap_2b,2b_heatmap,17,DMJ17,P60174,P60174,PXD068107_NP45,POOLED_TECHNICAL_PLASMA_SOURCE,NP45,true,SOURCE_DATA_INTENSITY,817772,POSITIVE_FINITE,true
PXD068107_WESTLAKE_OMNIPROT_TECHNICAL,Westlake University,heatmap_2b,2b_heatmap,17,DNG17,P61006,P61006,PXD068107_NP45,POOLED_TECHNICAL_PLASMA_SOURCE,NP45,true,SOURCE_DATA_INTENSITY,36238.5,POSITIVE_FINITE,true
PXD068107_WESTLAKE_OMNIPROT_TECHNICAL,Westlake University,heatmap_2b,2b_heatmap,17,DNM17,P61026,P61026,PXD068107_NP45,POOLED_TECHNICAL_PLASMA_SOURCE,NP45,true,SOURCE_DATA_INTENSITY,10464.200000000001,POSITIVE_FINITE,true
PXD068107_WESTLAKE_OMNIPROT_TECHNICAL,Westlake University,heatmap_2b,2b_heatmap,17,DNS17,P61106,P61106,PXD068107_NP45,POOLED_TECHNICAL_PLASMA_SOURCE,NP45,true,SOURCE_DATA_INTENSITY,56058.199999999997,POSITIVE_FINITE,true
PXD068107_WESTLAKE_OMNIPROT_TECHNICAL,Westlake University,heatmap_2b,2b_heatmap,17,DPG17,P61978,P61978,PXD068107_NP45,POOLED_TECHNICAL_PLASMA_SOURCE,NP45,true,SOURCE_DATA_INTENSITY,130370,POSITIVE_FINITE,true
PXD068107_WESTLAKE_OMNIPROT_TECHNICAL,Westlake University,heatmap_2b,2b_heatmap,17,DPH17,P61981,P61981,PXD068107_NP45,POOLED_TECHNICAL_PLASMA_SOURCE,NP45,true,SOURCE_DATA_INTENSITY,546145,POSITIVE_FINITE,true
PXD068107_WESTLAKE_OMNIPROT_TECHNICAL,Westlake University,heatmap_2b,2b_heatmap,17,DQK17,P62330,P62330,PXD068107_NP45,POOLED_TECHNICAL_PLASMA_SOURCE,NP45,true,SOURCE_DATA_INTENSITY,21932.599999999999,POSITIVE_FINITE,true
PXD068107_WESTLAKE_OMNIPROT_TECHNICAL,Westlake University,heatmap_2b,2b_heatmap,17,DQX17,P62805,P62805,PXD068107_NP45,POOLED_TECHNICAL_PLASMA_SOURCE,NP45,true,SOURCE_DATA_INTENSITY,909610,POSITIVE_FINITE,true
PXD068107_WESTLAKE_OMNIPROT_TECHNICAL,Westlake University,heatmap_2b,2b_heatmap,17,DRY17,P63000,P63000,PXD068107_NP45,POOLED_TECHNICAL_PLASMA_SOURCE,NP45,true,SOURCE_DATA_INTENSITY,135492,POSITIVE_FINITE,true
PXD068107_WESTLAKE_OMNIPROT_TECHNICAL,Westlake University,heatmap_2b,2b_heatmap,17,DTD17,P68366,P68366,PXD068107_NP45,POOLED_TECHNICAL_PLASMA_SOURCE,NP45,true,SOURCE_DATA_INTENSITY,1246470,POSITIVE_FINITE,true
PXD068107_WESTLAKE_OMNIPROT_TECHNICAL,Westlake University,heatmap_2b,2b_heatmap,17,DUE17,P78417,P78417,PXD068107_NP45,POOLED_TECHNICAL_PLASMA_SOURCE,NP45,true,SOURCE_DATA_INTENSITY,202635,POSITIVE_FINITE,true
PXD068107_WESTLAKE_OMNIPROT_TECHNICAL,Westlake University,heatmap_2b,2b_heatmap,17,EAQ17,Q04695,Q04695,PXD068107_NP45,POOLED_TECHNICAL_PLASMA_SOURCE,NP45,true,SOURCE_DATA_INTENSITY,1085260,POSITIVE_FINITE,true
PXD068107_WESTLAKE_OMNIPROT_TECHNICAL,Westlake University,heatmap_2b,2b_heatmap,17,EPH17,Q14247,Q14247,PXD068107_NP45,POOLED_TECHNICAL_PLASMA_SOURCE,NP45,true,SOURCE_DATA_INTENSITY,72608.399999999994,POSITIVE_FINITE,true
PXD068107_WESTLAKE_OMNIPROT_TECHNICAL,Westlake University,heatmap_2b,2b_heatmap,17,ESK17,Q14974,Q14974,PXD068107_NP45,POOLED_TECHNICAL_PLASMA_SOURCE,NP45,true,SOURCE_DATA_INTENSITY,17513.099999999999,POSITIVE_FINITE,true
PXD068107_WESTLAKE_OMNIPROT_TECHNICAL,Westlake University,heatmap_2b,2b_heatmap,17,EUC17,Q15084,Q15084,PXD068107_NP45,POOLED_TECHNICAL_PLASMA_SOURCE,NP45,true,SOURCE_DATA_INTENSITY,298923,POSITIVE_FINITE,true
PXD068107_WESTLAKE_OMNIPROT_TECHNICAL,Westlake University,heatmap_2b,2b_heatmap,17,EVQ17,Q15365,Q15365,PXD068107_NP45,POOLED_TECHNICAL_PLASMA_SOURCE,NP45,true,SOURCE_DATA_INTENSITY,136920,POSITIVE_FINITE,true
PXD068107_WESTLAKE_OMNIPROT_TECHNICAL,Westlake University,heatmap_2b,2b_heatmap,17,EWB17,Q15404,Q15404,PXD068107_NP45,POOLED_TECHNICAL_PLASMA_SOURCE,NP45,true,SOURCE_DATA_INTENSITY,26098.599999999999,POSITIVE_FINITE,true
PXD068107_WESTLAKE_OMNIPROT_TECHNICAL,Westlake University,heatmap_2b,2b_heatmap,17,EXI17,Q15691,Q15691,PXD068107_NP45,POOLED_TECHNICAL_PLASMA_SOURCE,NP45,true,SOURCE_DATA_INTENSITY,198336,POSITIVE_FINITE,true
PXD068107_WESTLAKE_OMNIPROT_TECHNICAL,Westlake University,heatmap_2b,2b_heatmap,17,EYN17,Q15942,Q15942,PXD068107_NP45,POOLED_TECHNICAL_PLASMA_SOURCE,NP45,true,SOURCE_DATA_INTENSITY,75102.699999999997,POSITIVE_FINITE,true
PXD068107_WESTLAKE_OMNIPROT_TECHNICAL,Westlake University,heatmap_2b,2b_heatmap,17,EZF17,Q16543,Q16543,PXD068107_NP45,POOLED_TECHNICAL_PLASMA_SOURCE,NP45,true,SOURCE_DATA_INTENSITY,232047,POSITIVE_FINITE,true
PXD068107_WESTLAKE_OMNIPROT_TECHNICAL,Westlake University,heatmap_2b,2b_heatmap,17,EZZ17,Q16643,Q16643,PXD068107_NP45,POOLED_TECHNICAL_PLASMA_SOURCE,NP45,true,SOURCE_DATA_INTENSITY,16630.799999999999,POSITIVE_FINITE,true
PXD068107_WESTLAKE_OMNIPROT_TECHNICAL,Westlake University,heatmap_2b,2b_heatmap,17,FAP17,Q16762,Q16762,PXD068107_NP45,POOLED_TECHNICAL_PLASMA_SOURCE,NP45,true,SOURCE_DATA_INTENSITY,67732.5,POSITIVE_FINITE,true
PXD068107_WESTLAKE_OMNIPROT_TECHNICAL,Westlake University,heatmap_2b,2b_heatmap,17,FBY17,Q27J81,Q27J81,PXD068107_NP45,POOLED_TECHNICAL_PLASMA_SOURCE,NP45,true,SOURCE_DATA_INTENSITY,62300.300000000003,POSITIVE_FINITE,true
PXD068107_WESTLAKE_OMNIPROT_TECHNICAL,Westlake University,heatmap_2b,2b_heatmap,17,FGK17,Q58FF8,Q58FF8,PXD068107_NP45,POOLED_TECHNICAL_PLASMA_SOURCE,NP45,true,SOURCE_DATA_INTENSITY,,SOURCE_NA,false
PXD068107_WESTLAKE_OMNIPROT_TECHNICAL,Westlake University,heatmap_2b,2b_heatmap,17,FYD17,Q70J99,Q70J99,PXD068107_NP45,POOLED_TECHNICAL_PLASMA_SOURCE,NP45,true,SOURCE_DATA_INTENSITY,,SOURCE_NA,false
PXD068107_WESTLAKE_OMNIPROT_TECHNICAL,Westlake University,heatmap_2b,2b_heatmap,17,FZH17,Q7L576,Q7L576,PXD068107_NP45,POOLED_TECHNICAL_PLASMA_SOURCE,NP45,true,SOURCE_DATA_INTENSITY,415215,POSITIVE_FINITE,true
PXD068107_WESTLAKE_OMNIPROT_TECHNICAL,Westlake University,heatmap_2b,2b_heatmap,17,GBF17,Q7Z406,Q7Z406,PXD068107_NP45,POOLED_TECHNICAL_PLASMA_SOURCE,NP45,true,SOURCE_DATA_INTENSITY,100583,POSITIVE_FINITE,true
PXD068107_WESTLAKE_OMNIPROT_TECHNICAL,Westlake University,heatmap_2b,2b_heatmap,17,GFO17,Q86VP6,Q86VP6,PXD068107_NP45,POOLED_TECHNICAL_PLASMA_SOURCE,NP45,true,SOURCE_DATA_INTENSITY,52861.300000000003,POSITIVE_FINITE,true
PXD068107_WESTLAKE_OMNIPROT_TECHNICAL,Westlake University,heatmap_2b,2b_heatmap,17,GXT17,Q8TC12,Q8TC12,PXD068107_NP45,POOLED_TECHNICAL_PLASMA_SOURCE,NP45,true,SOURCE_DATA_INTENSITY,,SOURCE_NA,false
PXD068107_WESTLAKE_OMNIPROT_TECHNICAL,Westlake University,heatmap_2b,2b_heatmap,17,HJL17,Q93084,Q93084,PXD068107_NP45,POOLED_TECHNICAL_PLASMA_SOURCE,NP45,true,SOURCE_DATA_INTENSITY,18616.5,POSITIVE_FINITE,true
PXD068107_WESTLAKE_OMNIPROT_TECHNICAL,Westlake University,heatmap_2b,2b_heatmap,17,IBO17,Q99733,Q99733,PXD068107_NP45,POOLED_TECHNICAL_PLASMA_SOURCE,NP45,true,SOURCE_DATA_INTENSITY,26874.099999999999,POSITIVE_FINITE,true
PXD068107_WESTLAKE_OMNIPROT_TECHNICAL,Westlake University,heatmap_2b,2b_heatmap,17,ICI17,Q99832,Q99832,PXD068107_NP45,POOLED_TECHNICAL_PLASMA_SOURCE,NP45,true,SOURCE_DATA_INTENSITY,96698.100000000006,POSITIVE_FINITE,true
PXD068107_WESTLAKE_OMNIPROT_TECHNICAL,Westlake University,heatmap_2b,2b_heatmap,17,IFI17,Q9BS26,Q9BS26,PXD068107_NP45,POOLED_TECHNICAL_PLASMA_SOURCE,NP45,true,SOURCE_DATA_INTENSITY,143968,POSITIVE_FINITE,true
PXD068107_WESTLAKE_OMNIPROT_TECHNICAL,Westlake University,heatmap_2b,2b_heatmap,17,IFU17,Q9BSJ8,Q9BSJ8,PXD068107_NP45,POOLED_TECHNICAL_PLASMA_SOURCE,NP45,true,SOURCE_DATA_INTENSITY,77918.800000000003,POSITIVE_FINITE,true
PXD068107_WESTLAKE_OMNIPROT_TECHNICAL,Westlake University,heatmap_2b,2b_heatmap,17,ITX17,Q9H4B7,Q9H4B7,PXD068107_NP45,POOLED_TECHNICAL_PLASMA_SOURCE,NP45,true,SOURCE_DATA_INTENSITY,303531,POSITIVE_FINITE,true
PXD068107_WESTLAKE_OMNIPROT_TECHNICAL,Westlake University,heatmap_2b,2b_heatmap,17,JAC17,Q9HDC9,Q9HDC9,PXD068107_NP45,POOLED_TECHNICAL_PLASMA_SOURCE,NP45,true,SOURCE_DATA_INTENSITY,21783600,POSITIVE_FINITE,true
PXD068107_WESTLAKE_OMNIPROT_TECHNICAL,Westlake University,heatmap_2b,2b_heatmap,17,JCH17,Q9NQC3,Q9NQC3,PXD068107_NP45,POOLED_TECHNICAL_PLASMA_SOURCE,NP45,true,SOURCE_DATA_INTENSITY,,SOURCE_NA,false
PXD068107_WESTLAKE_OMNIPROT_TECHNICAL,Westlake University,heatmap_2b,2b_heatmap,17,JDC17,Q9NR12,Q9NR12,PXD068107_NP45,POOLED_TECHNICAL_PLASMA_SOURCE,NP45,true,SOURCE_DATA_INTENSITY,32827.099999999999,POSITIVE_FINITE,true
PXD068107_WESTLAKE_OMNIPROT_TECHNICAL,Westlake University,heatmap_2b,2b_heatmap,17,JEP17,Q9NRW1,Q9NRW1,PXD068107_NP45,POOLED_TECHNICAL_PLASMA_SOURCE,NP45,true,SOURCE_DATA_INTENSITY,87449.100000000006,POSITIVE_FINITE,true
PXD068107_WESTLAKE_OMNIPROT_TECHNICAL,Westlake University,heatmap_2b,2b_heatmap,17,JFD17,Q9NS28,Q9NS28,PXD068107_NP45,POOLED_TECHNICAL_PLASMA_SOURCE,NP45,true,SOURCE_DATA_INTENSITY,,SOURCE_NA,false
PXD068107_WESTLAKE_OMNIPROT_TECHNICAL,Westlake University,heatmap_2b,2b_heatmap,17,JKP17,Q9NY65,Q9NY65,PXD068107_NP45,POOLED_TECHNICAL_PLASMA_SOURCE,NP45,true,SOURCE_DATA_INTENSITY,3422.0700000000002,POSITIVE_FINITE,true
PXD068107_WESTLAKE_OMNIPROT_TECHNICAL,Westlake University,heatmap_2b,2b_heatmap,17,KDT17,Q9Y2A7,Q9Y2A7,PXD068107_NP45,POOLED_TECHNICAL_PLASMA_SOURCE,NP45,true,SOURCE_DATA_INTENSITY,,SOURCE_NA,false
PXD068107_WESTLAKE_OMNIPROT_TECHNICAL,Westlake University,heatmap_2b,2b_heatmap,17,KHC17,Q9Y3F4,Q9Y3F4,PXD068107_NP45,POOLED_TECHNICAL_PLASMA_SOURCE,NP45,true,SOURCE_DATA_INTENSITY,11753.1,POSITIVE_FINITE,true
PXD068107_WESTLAKE_OMNIPROT_TECHNICAL,Westlake University,heatmap_2b,2b_heatmap,18,GY18,O00151,O00151,PXD068107_NP48,POOLED_TECHNICAL_PLASMA_SOURCE,NP48,true,SOURCE_DATA_INTENSITY,350070,POSITIVE_FINITE,true
PXD068107_WESTLAKE_OMNIPROT_TECHNICAL,Westlake University,heatmap_2b,2b_heatmap,18,HI18,O00187,O00187,PXD068107_NP48,POOLED_TECHNICAL_PLASMA_SOURCE,NP48,true,SOURCE_DATA_INTENSITY,6725080,POSITIVE_FINITE,true
PXD068107_WESTLAKE_OMNIPROT_TECHNICAL,Westlake University,heatmap_2b,2b_heatmap,18,HZ18,O00264,O00264,PXD068107_NP48,POOLED_TECHNICAL_PLASMA_SOURCE,NP48,true,SOURCE_DATA_INTENSITY,81802.5,POSITIVE_FINITE,true
PXD068107_WESTLAKE_OMNIPROT_TECHNICAL,Westlake University,heatmap_2b,2b_heatmap,18,IE18,O00299,O00299,PXD068107_NP48,POOLED_TECHNICAL_PLASMA_SOURCE,NP48,true,SOURCE_DATA_INTENSITY,619145,POSITIVE_FINITE,true
PXD068107_WESTLAKE_OMNIPROT_TECHNICAL,Westlake University,heatmap_2b,2b_heatmap,18,IQ18,O00410,O00410,PXD068107_NP48,POOLED_TECHNICAL_PLASMA_SOURCE,NP48,true,SOURCE_DATA_INTENSITY,23217.599999999999,POSITIVE_FINITE,true
PXD068107_WESTLAKE_OMNIPROT_TECHNICAL,Westlake University,heatmap_2b,2b_heatmap,18,OY18,O15145,O15145,PXD068107_NP48,POOLED_TECHNICAL_PLASMA_SOURCE,NP48,true,SOURCE_DATA_INTENSITY,133268,POSITIVE_FINITE,true
PXD068107_WESTLAKE_OMNIPROT_TECHNICAL,Westlake University,heatmap_2b,2b_heatmap,18,AAP18,O75083,O75083,PXD068107_NP48,POOLED_TECHNICAL_PLASMA_SOURCE,NP48,true,SOURCE_DATA_INTENSITY,321869,POSITIVE_FINITE,true
PXD068107_WESTLAKE_OMNIPROT_TECHNICAL,Westlake University,heatmap_2b,2b_heatmap,18,ADS18,O75531,O75531,PXD068107_NP48,POOLED_TECHNICAL_PLASMA_SOURCE,NP48,true,SOURCE_DATA_INTENSITY,149390,POSITIVE_FINITE,true
PXD068107_WESTLAKE_OMNIPROT_TECHNICAL,Westlake University,heatmap_2b,2b_heatmap,18,AOR18,P00387,P00387,PXD068107_NP48,POOLED_TECHNICAL_PLASMA_SOURCE,NP48,true,SOURCE_DATA_INTENSITY,800971,POSITIVE_FINITE,true
PXD068107_WESTLAKE_OMNIPROT_TECHNICAL,Westlake University,heatmap_2b,2b_heatmap,18,AOT18,P00403,P00403,PXD068107_NP48,POOLED_TECHNICAL_PLASMA_SOURCE,NP48,true,SOURCE_DATA_INTENSITY,295600,POSITIVE_FINITE,true
PXD068107_WESTLAKE_OMNIPROT_TECHNICAL,Westlake University,heatmap_2b,2b_heatmap,18,ARE18,P01275,P01275,PXD068107_NP48,POOLED_TECHNICAL_PLASMA_SOURCE,NP48,true,SOURCE_DATA_INTENSITY,179249,POSITIVE_FINITE,true
PXD068107_WESTLAKE_OMNIPROT_TECHNICAL,Westlake University,heatmap_2b,2b_heatmap,18,AVX18,P04004,P04004,PXD068107_NP48,POOLED_TECHNICAL_PLASMA_SOURCE,NP48,true,SOURCE_DATA_INTENSITY,111661000,POSITIVE_FINITE,true
PXD068107_WESTLAKE_OMNIPROT_TECHNICAL,Westlake University,heatmap_2b,2b_heatmap,18,AWW18,P04264,P04264,PXD068107_NP48,POOLED_TECHNICAL_PLASMA_SOURCE,NP48,true,SOURCE_DATA_INTENSITY,36450000,POSITIVE_FINITE,true
PXD068107_WESTLAKE_OMNIPROT_TECHNICAL,Westlake University,heatmap_2b,2b_heatmap,18,AXO18,P04844,P04844,PXD068107_NP48,POOLED_TECHNICAL_PLASMA_SOURCE,NP48,true,SOURCE_DATA_INTENSITY,76139.800000000003,POSITIVE_FINITE,true
PXD068107_WESTLAKE_OMNIPROT_TECHNICAL,Westlake University,heatmap_2b,2b_heatmap,18,AXU18,P05023,P05023,PXD068107_NP48,POOLED_TECHNICAL_PLASMA_SOURCE,NP48,true,SOURCE_DATA_INTENSITY,1775660,POSITIVE_FINITE,true
PXD068107_WESTLAKE_OMNIPROT_TECHNICAL,Westlake University,heatmap_2b,2b_heatmap,18,AZG18,P05556,P05556,PXD068107_NP48,POOLED_TECHNICAL_PLASMA_SOURCE,NP48,true,SOURCE_DATA_INTENSITY,284391,POSITIVE_FINITE,true
PXD068107_WESTLAKE_OMNIPROT_TECHNICAL,Westlake University,heatmap_2b,2b_heatmap,18,BAA18,P06396,P06396,PXD068107_NP48,POOLED_TECHNICAL_PLASMA_SOURCE,NP48,true,SOURCE_DATA_INTENSITY,54589200,POSITIVE_FINITE,true
PXD068107_WESTLAKE_OMNIPROT_TECHNICAL,Westlake University,heatmap_2b,2b_heatmap,18,BAC18,P06576,P06576,PXD068107_NP48,POOLED_TECHNICAL_PLASMA_SOURCE,NP48,true,SOURCE_DATA_INTENSITY,680110,POSITIVE_FINITE,true
PXD068107_WESTLAKE_OMNIPROT_TECHNICAL,Westlake University,heatmap_2b,2b_heatmap,18,BCX18,P07996,P07996,PXD068107_NP48,POOLED_TECHNICAL_PLASMA_SOURCE,NP48,true,SOURCE_DATA_INTENSITY,34715000,POSITIVE_FINITE,true
PXD068107_WESTLAKE_OMNIPROT_TECHNICAL,Westlake University,heatmap_2b,2b_heatmap,18,BGG18,P09493,P09493,PXD068107_NP48,POOLED_TECHNICAL_PLASMA_SOURCE,NP48,true,SOURCE_DATA_INTENSITY,459874,POSITIVE_FINITE,true
PXD068107_WESTLAKE_OMNIPROT_TECHNICAL,Westlake University,heatmap_2b,2b_heatmap,18,BJV18,P10599,P10599,PXD068107_NP48,POOLED_TECHNICAL_PLASMA_SOURCE,NP48,true,SOURCE_DATA_INTENSITY,5834220,POSITIVE_FINITE,true
PXD068107_WESTLAKE_OMNIPROT_TECHNICAL,Westlake University,heatmap_2b,2b_heatmap,18,BKB18,P10644,P10644,PXD068107_NP48,POOLED_TECHNICAL_PLASMA_SOURCE,NP48,true,SOURCE_DATA_INTENSITY,29213.5,POSITIVE_FINITE,true
PXD068107_WESTLAKE_OMNIPROT_TECHNICAL,Westlake University,heatmap_2b,2b_heatmap,18,BKK18,P10809,P10809,PXD068107_NP48,POOLED_TECHNICAL_PLASMA_SOURCE,NP48,true,SOURCE_DATA_INTENSITY,312592,POSITIVE_FINITE,true
PXD068107_WESTLAKE_OMNIPROT_TECHNICAL,Westlake University,heatmap_2b,2b_heatmap,18,BKP18,P11021,P11021,PXD068107_NP48,POOLED_TECHNICAL_PLASMA_SOURCE,NP48,true,SOURCE_DATA_INTENSITY,5347670,POSITIVE_FINITE,true
PXD068107_WESTLAKE_OMNIPROT_TECHNICAL,Westlake University,heatmap_2b,2b_heatmap,18,BKX18,P11166,P11166,PXD068107_NP48,POOLED_TECHNICAL_PLASMA_SOURCE,NP48,true,SOURCE_DATA_INTENSITY,73140.5,POSITIVE_FINITE,true
PXD068107_WESTLAKE_OMNIPROT_TECHNICAL,Westlake University,heatmap_2b,2b_heatmap,18,BLT18,P11413,P11413,PXD068107_NP48,POOLED_TECHNICAL_PLASMA_SOURCE,NP48,true,SOURCE_DATA_INTENSITY,80179.800000000003,POSITIVE_FINITE,true
PXD068107_WESTLAKE_OMNIPROT_TECHNICAL,Westlake University,heatmap_2b,2b_heatmap,18,BOZ18,P13796,P13796,PXD068107_NP48,POOLED_TECHNICAL_PLASMA_SOURCE,NP48,true,SOURCE_DATA_INTENSITY,830462,POSITIVE_FINITE,true
PXD068107_WESTLAKE_OMNIPROT_TECHNICAL,Westlake University,heatmap_2b,2b_heatmap,18,BQN18,P14868,P14868,PXD068107_NP48,POOLED_TECHNICAL_PLASMA_SOURCE,NP48,true,SOURCE_DATA_INTENSITY,946989,POSITIVE_FINITE,true
PXD068107_WESTLAKE_OMNIPROT_TECHNICAL,Westlake University,heatmap_2b,2b_heatmap,18,BRP18,P15531,P15531,PXD068107_NP48,POOLED_TECHNICAL_PLASMA_SOURCE,NP48,true,SOURCE_DATA_INTENSITY,1000040,POSITIVE_FINITE,true
PXD068107_WESTLAKE_OMNIPROT_TECHNICAL,Westlake University,heatmap_2b,2b_heatmap,18,BTD18,P16615,P16615,PXD068107_NP48,POOLED_TECHNICAL_PLASMA_SOURCE,NP48,true,SOURCE_DATA_INTENSITY,217484,POSITIVE_FINITE,true
PXD068107_WESTLAKE_OMNIPROT_TECHNICAL,Westlake University,heatmap_2b,2b_heatmap,18,BWA18,P19367,P19367,PXD068107_NP48,POOLED_TECHNICAL_PLASMA_SOURCE,NP48,true,SOURCE_DATA_INTENSITY,184155,POSITIVE_FINITE,true
PXD068107_WESTLAKE_OMNIPROT_TECHNICAL,Westlake University,heatmap_2b,2b_heatmap,18,BXV18,P20645,P20645,PXD068107_NP48,POOLED_TECHNICAL_PLASMA_SOURCE,NP48,true,SOURCE_DATA_INTENSITY,7567.4499999999998,POSITIVE_FINITE,true
PXD068107_WESTLAKE_OMNIPROT_TECHNICAL,Westlake University,heatmap_2b,2b_heatmap,18,BZN18,P21796,P21796,PXD068107_NP48,POOLED_TECHNICAL_PLASMA_SOURCE,NP48,true,SOURCE_DATA_INTENSITY,477329,POSITIVE_FINITE,true
PXD068107_WESTLAKE_OMNIPROT_TECHNICAL,Westlake University,heatmap_2b,2b_heatmap,18,CBV18,P23284,P23284,PXD068107_NP48,POOLED_TECHNICAL_PLASMA_SOURCE,NP48,true,SOURCE_DATA_INTENSITY,767523,POSITIVE_FINITE,true
PXD068107_WESTLAKE_OMNIPROT_TECHNICAL,Westlake University,heatmap_2b,2b_heatmap,18,CDO18,P24844,P24844,PXD068107_NP48,POOLED_TECHNICAL_PLASMA_SOURCE,NP48,true,SOURCE_DATA_INTENSITY,195363,POSITIVE_FINITE,true
PXD068107_WESTLAKE_OMNIPROT_TECHNICAL,Westlake University,heatmap_2b,2b_heatmap,18,CES18,P26038,P26038,PXD068107_NP48,POOLED_TECHNICAL_PLASMA_SOURCE,NP48,true,SOURCE_DATA_INTENSITY,1395190,POSITIVE_FINITE,true
PXD068107_WESTLAKE_OMNIPROT_TECHNICAL,Westlake University,heatmap_2b,2b_heatmap,18,CFF18,P26641,P26641,PXD068107_NP48,POOLED_TECHNICAL_PLASMA_SOURCE,NP48,true,SOURCE_DATA_INTENSITY,242269,POSITIVE_FINITE,true
PXD068107_WESTLAKE_OMNIPROT_TECHNICAL,Westlake University,heatmap_2b,2b_heatmap,18,CFP18,P27348,P27348,PXD068107_NP48,POOLED_TECHNICAL_PLASMA_SOURCE,NP48,true,SOURCE_DATA_INTENSITY,466953,POSITIVE_FINITE,true
PXD068107_WESTLAKE_OMNIPROT_TECHNICAL,Westlake University,heatmap_2b,2b_heatmap,18,CGC18,P27797,P27797,PXD068107_NP48,POOLED_TECHNICAL_PLASMA_SOURCE,NP48,true,SOURCE_DATA_INTENSITY,304899,POSITIVE_FINITE,true
PXD068107_WESTLAKE_OMNIPROT_TECHNICAL,Westlake University,heatmap_2b,2b_heatmap,18,CGL18,P28066,P28066,PXD068107_NP48,POOLED_TECHNICAL_PLASMA_SOURCE,NP48,true,SOURCE_DATA_INTENSITY,557549,POSITIVE_FINITE,true
PXD068107_WESTLAKE_OMNIPROT_TECHNICAL,Westlake University,heatmap_2b,2b_heatmap,18,CGM18,P28070,P28070,PXD068107_NP48,POOLED_TECHNICAL_PLASMA_SOURCE,NP48,true,SOURCE_DATA_INTENSITY,620957,POSITIVE_FINITE,true
PXD068107_WESTLAKE_OMNIPROT_TECHNICAL,Westlake University,heatmap_2b,2b_heatmap,18,CIL18,P30041,P30041,PXD068107_NP48,POOLED_TECHNICAL_PLASMA_SOURCE,NP48,true,SOURCE_DATA_INTENSITY,736988,POSITIVE_FINITE,true
PXD068107_WESTLAKE_OMNIPROT_TECHNICAL,Westlake University,heatmap_2b,2b_heatmap,18,CIN18,P30044,P30044,PXD068107_NP48,POOLED_TECHNICAL_PLASMA_SOURCE,NP48,true,SOURCE_DATA_INTENSITY,335633,POSITIVE_FINITE,true
PXD068107_WESTLAKE_OMNIPROT_TECHNICAL,Westlake University,heatmap_2b,2b_heatmap,18,CIQ18,P30048,P30048,PXD068107_NP48,POOLED_TECHNICAL_PLASMA_SOURCE,NP48,true,SOURCE_DATA_INTENSITY,227008,POSITIVE_FINITE,true
PXD068107_WESTLAKE_OMNIPROT_TECHNICAL,Westlake University,heatmap_2b,2b_heatmap,18,CIW18,P30101,P30101,PXD068107_NP48,POOLED_TECHNICAL_PLASMA_SOURCE,NP48,true,SOURCE_DATA_INTENSITY,709013,POSITIVE_FINITE,true
PXD068107_WESTLAKE_OMNIPROT_TECHNICAL,Westlake University,heatmap_2b,2b_heatmap,18,CQE18,P37802,P37802,PXD068107_NP48,POOLED_TECHNICAL_PLASMA_SOURCE,NP48,true,SOURCE_DATA_INTENSITY,4029200,POSITIVE_FINITE,true
PXD068107_WESTLAKE_OMNIPROT_TECHNICAL,Westlake University,heatmap_2b,2b_heatmap,18,CQM18,P38646,P38646,PXD068107_NP48,POOLED_TECHNICAL_PLASMA_SOURCE,NP48,true,SOURCE_DATA_INTENSITY,357757,POSITIVE_FINITE,true
PXD068107_WESTLAKE_OMNIPROT_TECHNICAL,Westlake University,heatmap_2b,2b_heatmap,18,CUZ18,P45880,P45880,PXD068107_NP48,POOLED_TECHNICAL_PLASMA_SOURCE,NP48,true,SOURCE_DATA_INTENSITY,496437,POSITIVE_FINITE,true
PXD068107_WESTLAKE_OMNIPROT_TECHNICAL,Westlake University,heatmap_2b,2b_heatmap,18,CZE18,P49411,P49411,PXD068107_NP48,POOLED_TECHNICAL_PLASMA_SOURCE,NP48,true,SOURCE_DATA_INTENSITY,738625,POSITIVE_FINITE,true
PXD068107_WESTLAKE_OMNIPROT_TECHNICAL,Westlake University,heatmap_2b,2b_heatmap,18,DCJ18,P50990,P50990,PXD068107_NP48,POOLED_TECHNICAL_PLASMA_SOURCE,NP48,true,SOURCE_DATA_INTENSITY,233090,POSITIVE_FINITE,true
PXD068107_WESTLAKE_OMNIPROT_TECHNICAL,Westlake University,heatmap_2b,2b_heatmap,18,DCK18,P50991,P50991,PXD068107_NP48,POOLED_TECHNICAL_PLASMA_SOURCE,NP48,true,SOURCE_DATA_INTENSITY,142248,POSITIVE_FINITE,true
PXD068107_WESTLAKE_OMNIPROT_TECHNICAL,Westlake University,heatmap_2b,2b_heatmap,18,DCL18,P50995,P50995,PXD068107_NP48,POOLED_TECHNICAL_PLASMA_SOURCE,NP48,true,SOURCE_DATA_INTENSITY,599514,POSITIVE_FINITE,true
PXD068107_WESTLAKE_OMNIPROT_TECHNICAL,Westlake University,heatmap_2b,2b_heatmap,18,DFZ18,P52907,P52907,PXD068107_NP48,POOLED_TECHNICAL_PLASMA_SOURCE,NP48,true,SOURCE_DATA_INTENSITY,408822,POSITIVE_FINITE,true
PXD068107_WESTLAKE_OMNIPROT_TECHNICAL,Westlake University,heatmap_2b,2b_heatmap,18,DGJ18,P53396,P53396,PXD068107_NP48,POOLED_TECHNICAL_PLASMA_SOURCE,NP48,true,SOURCE_DATA_INTENSITY,189888,POSITIVE_FINITE,true
PXD068107_WESTLAKE_OMNIPROT_TECHNICAL,Westlake University,heatmap_2b,2b_heatmap,18,DIY18,P55072,P55072,PXD068107_NP48,POOLED_TECHNICAL_PLASMA_SOURCE,NP48,true,SOURCE_DATA_INTENSITY,458147,POSITIVE_FINITE,true
PXD068107_WESTLAKE_OMNIPROT_TECHNICAL,Westlake University,heatmap_2b,2b_heatmap,18,DMJ18,P60174,P60174,PXD068107_NP48,POOLED_TECHNICAL_PLASMA_SOURCE,NP48,true,SOURCE_DATA_INTENSITY,1703250,POSITIVE_FINITE,true
PXD068107_WESTLAKE_OMNIPROT_TECHNICAL,Westlake University,heatmap_2b,2b_heatmap,18,DNG18,P61006,P61006,PXD068107_NP48,POOLED_TECHNICAL_PLASMA_SOURCE,NP48,true,SOURCE_DATA_INTENSITY,64629.5,POSITIVE_FINITE,true
PXD068107_WESTLAKE_OMNIPROT_TECHNICAL,Westlake University,heatmap_2b,2b_heatmap,18,DNM18,P61026,P61026,PXD068107_NP48,POOLED_TECHNICAL_PLASMA_SOURCE,NP48,true,SOURCE_DATA_INTENSITY,88363.399999999994,POSITIVE_FINITE,true
PXD068107_WESTLAKE_OMNIPROT_TECHNICAL,Westlake University,heatmap_2b,2b_heatmap,18,DNS18,P61106,P61106,PXD068107_NP48,POOLED_TECHNICAL_PLASMA_SOURCE,NP48,true,SOURCE_DATA_INTENSITY,123703,POSITIVE_FINITE,true
PXD068107_WESTLAKE_OMNIPROT_TECHNICAL,Westlake University,heatmap_2b,2b_heatmap,18,DPG18,P61978,P61978,PXD068107_NP48,POOLED_TECHNICAL_PLASMA_SOURCE,NP48,true,SOURCE_DATA_INTENSITY,304579,POSITIVE_FINITE,true
PXD068107_WESTLAKE_OMNIPROT_TECHNICAL,Westlake University,heatmap_2b,2b_heatmap,18,DPH18,P61981,P61981,PXD068107_NP48,POOLED_TECHNICAL_PLASMA_SOURCE,NP48,true,SOURCE_DATA_INTENSITY,268960,POSITIVE_FINITE,true
PXD068107_WESTLAKE_OMNIPROT_TECHNICAL,Westlake University,heatmap_2b,2b_heatmap,18,DQK18,P62330,P62330,PXD068107_NP48,POOLED_TECHNICAL_PLASMA_SOURCE,NP48,true,SOURCE_DATA_INTENSITY,101272,POSITIVE_FINITE,true
PXD068107_WESTLAKE_OMNIPROT_TECHNICAL,Westlake University,heatmap_2b,2b_heatmap,18,DQX18,P62805,P62805,PXD068107_NP48,POOLED_TECHNICAL_PLASMA_SOURCE,NP48,true,SOURCE_DATA_INTENSITY,3058210,POSITIVE_FINITE,true
PXD068107_WESTLAKE_OMNIPROT_TECHNICAL,Westlake University,heatmap_2b,2b_heatmap,18,DRY18,P63000,P63000,PXD068107_NP48,POOLED_TECHNICAL_PLASMA_SOURCE,NP48,true,SOURCE_DATA_INTENSITY,473481,POSITIVE_FINITE,true
PXD068107_WESTLAKE_OMNIPROT_TECHNICAL,Westlake University,heatmap_2b,2b_heatmap,18,DTD18,P68366,P68366,PXD068107_NP48,POOLED_TECHNICAL_PLASMA_SOURCE,NP48,true,SOURCE_DATA_INTENSITY,5192590,POSITIVE_FINITE,true
PXD068107_WESTLAKE_OMNIPROT_TECHNICAL,Westlake University,heatmap_2b,2b_heatmap,18,DUE18,P78417,P78417,PXD068107_NP48,POOLED_TECHNICAL_PLASMA_SOURCE,NP48,true,SOURCE_DATA_INTENSITY,276836,POSITIVE_FINITE,true
PXD068107_WESTLAKE_OMNIPROT_TECHNICAL,Westlake University,heatmap_2b,2b_heatmap,18,EAQ18,Q04695,Q04695,PXD068107_NP48,POOLED_TECHNICAL_PLASMA_SOURCE,NP48,true,SOURCE_DATA_INTENSITY,4023160,POSITIVE_FINITE,true
PXD068107_WESTLAKE_OMNIPROT_TECHNICAL,Westlake University,heatmap_2b,2b_heatmap,18,EPH18,Q14247,Q14247,PXD068107_NP48,POOLED_TECHNICAL_PLASMA_SOURCE,NP48,true,SOURCE_DATA_INTENSITY,269669,POSITIVE_FINITE,true
PXD068107_WESTLAKE_OMNIPROT_TECHNICAL,Westlake University,heatmap_2b,2b_heatmap,18,ESK18,Q14974,Q14974,PXD068107_NP48,POOLED_TECHNICAL_PLASMA_SOURCE,NP48,true,SOURCE_DATA_INTENSITY,54193.699999999997,POSITIVE_FINITE,true
PXD068107_WESTLAKE_OMNIPROT_TECHNICAL,Westlake University,heatmap_2b,2b_heatmap,18,EUC18,Q15084,Q15084,PXD068107_NP48,POOLED_TECHNICAL_PLASMA_SOURCE,NP48,true,SOURCE_DATA_INTENSITY,212794,POSITIVE_FINITE,true
PXD068107_WESTLAKE_OMNIPROT_TECHNICAL,Westlake University,heatmap_2b,2b_heatmap,18,EVQ18,Q15365,Q15365,PXD068107_NP48,POOLED_TECHNICAL_PLASMA_SOURCE,NP48,true,SOURCE_DATA_INTENSITY,353342,POSITIVE_FINITE,true
PXD068107_WESTLAKE_OMNIPROT_TECHNICAL,Westlake University,heatmap_2b,2b_heatmap,18,EWB18,Q15404,Q15404,PXD068107_NP48,POOLED_TECHNICAL_PLASMA_SOURCE,NP48,true,SOURCE_DATA_INTENSITY,122695,POSITIVE_FINITE,true
PXD068107_WESTLAKE_OMNIPROT_TECHNICAL,Westlake University,heatmap_2b,2b_heatmap,18,EXI18,Q15691,Q15691,PXD068107_NP48,POOLED_TECHNICAL_PLASMA_SOURCE,NP48,true,SOURCE_DATA_INTENSITY,37052.400000000001,POSITIVE_FINITE,true
PXD068107_WESTLAKE_OMNIPROT_TECHNICAL,Westlake University,heatmap_2b,2b_heatmap,18,EYN18,Q15942,Q15942,PXD068107_NP48,POOLED_TECHNICAL_PLASMA_SOURCE,NP48,true,SOURCE_DATA_INTENSITY,168464,POSITIVE_FINITE,true
PXD068107_WESTLAKE_OMNIPROT_TECHNICAL,Westlake University,heatmap_2b,2b_heatmap,18,EZF18,Q16543,Q16543,PXD068107_NP48,POOLED_TECHNICAL_PLASMA_SOURCE,NP48,true,SOURCE_DATA_INTENSITY,151448,POSITIVE_FINITE,true
PXD068107_WESTLAKE_OMNIPROT_TECHNICAL,Westlake University,heatmap_2b,2b_heatmap,18,EZZ18,Q16643,Q16643,PXD068107_NP48,POOLED_TECHNICAL_PLASMA_SOURCE,NP48,true,SOURCE_DATA_INTENSITY,14423.4,POSITIVE_FINITE,true
PXD068107_WESTLAKE_OMNIPROT_TECHNICAL,Westlake University,heatmap_2b,2b_heatmap,18,FAP18,Q16762,Q16762,PXD068107_NP48,POOLED_TECHNICAL_PLASMA_SOURCE,NP48,true,SOURCE_DATA_INTENSITY,55024.800000000003,POSITIVE_FINITE,true
PXD068107_WESTLAKE_OMNIPROT_TECHNICAL,Westlake University,heatmap_2b,2b_heatmap,18,FBY18,Q27J81,Q27J81,PXD068107_NP48,POOLED_TECHNICAL_PLASMA_SOURCE,NP48,true,SOURCE_DATA_INTENSITY,75274.699999999997,POSITIVE_FINITE,true
PXD068107_WESTLAKE_OMNIPROT_TECHNICAL,Westlake University,heatmap_2b,2b_heatmap,18,FGK18,Q58FF8,Q58FF8,PXD068107_NP48,POOLED_TECHNICAL_PLASMA_SOURCE,NP48,true,SOURCE_DATA_INTENSITY,,SOURCE_NA,false
PXD068107_WESTLAKE_OMNIPROT_TECHNICAL,Westlake University,heatmap_2b,2b_heatmap,18,FYD18,Q70J99,Q70J99,PXD068107_NP48,POOLED_TECHNICAL_PLASMA_SOURCE,NP48,true,SOURCE_DATA_INTENSITY,,SOURCE_NA,false
PXD068107_WESTLAKE_OMNIPROT_TECHNICAL,Westlake University,heatmap_2b,2b_heatmap,18,FZH18,Q7L576,Q7L576,PXD068107_NP48,POOLED_TECHNICAL_PLASMA_SOURCE,NP48,true,SOURCE_DATA_INTENSITY,724804,POSITIVE_FINITE,true
PXD068107_WESTLAKE_OMNIPROT_TECHNICAL,Westlake University,heatmap_2b,2b_heatmap,18,GBF18,Q7Z406,Q7Z406,PXD068107_NP48,POOLED_TECHNICAL_PLASMA_SOURCE,NP48,true,SOURCE_DATA_INTENSITY,198104,POSITIVE_FINITE,true
PXD068107_WESTLAKE_OMNIPROT_TECHNICAL,Westlake University,heatmap_2b,2b_heatmap,18,GFO18,Q86VP6,Q86VP6,PXD068107_NP48,POOLED_TECHNICAL_PLASMA_SOURCE,NP48,true,SOURCE_DATA_INTENSITY,186545,POSITIVE_FINITE,true
PXD068107_WESTLAKE_OMNIPROT_TECHNICAL,Westlake University,heatmap_2b,2b_heatmap,18,GXT18,Q8TC12,Q8TC12,PXD068107_NP48,POOLED_TECHNICAL_PLASMA_SOURCE,NP48,true,SOURCE_DATA_INTENSITY,35834.400000000001,POSITIVE_FINITE,true
PXD068107_WESTLAKE_OMNIPROT_TECHNICAL,Westlake University,heatmap_2b,2b_heatmap,18,HJL18,Q93084,Q93084,PXD068107_NP48,POOLED_TECHNICAL_PLASMA_SOURCE,NP48,true,SOURCE_DATA_INTENSITY,64827.5,POSITIVE_FINITE,true
PXD068107_WESTLAKE_OMNIPROT_TECHNICAL,Westlake University,heatmap_2b,2b_heatmap,18,IBO18,Q99733,Q99733,PXD068107_NP48,POOLED_TECHNICAL_PLASMA_SOURCE,NP48,true,SOURCE_DATA_INTENSITY,19002.299999999999,POSITIVE_FINITE,true
PXD068107_WESTLAKE_OMNIPROT_TECHNICAL,Westlake University,heatmap_2b,2b_heatmap,18,ICI18,Q99832,Q99832,PXD068107_NP48,POOLED_TECHNICAL_PLASMA_SOURCE,NP48,true,SOURCE_DATA_INTENSITY,124588,POSITIVE_FINITE,true
PXD068107_WESTLAKE_OMNIPROT_TECHNICAL,Westlake University,heatmap_2b,2b_heatmap,18,IFI18,Q9BS26,Q9BS26,PXD068107_NP48,POOLED_TECHNICAL_PLASMA_SOURCE,NP48,true,SOURCE_DATA_INTENSITY,128560,POSITIVE_FINITE,true
PXD068107_WESTLAKE_OMNIPROT_TECHNICAL,Westlake University,heatmap_2b,2b_heatmap,18,IFU18,Q9BSJ8,Q9BSJ8,PXD068107_NP48,POOLED_TECHNICAL_PLASMA_SOURCE,NP48,true,SOURCE_DATA_INTENSITY,154058,POSITIVE_FINITE,true
PXD068107_WESTLAKE_OMNIPROT_TECHNICAL,Westlake University,heatmap_2b,2b_heatmap,18,ITX18,Q9H4B7,Q9H4B7,PXD068107_NP48,POOLED_TECHNICAL_PLASMA_SOURCE,NP48,true,SOURCE_DATA_INTENSITY,763862,POSITIVE_FINITE,true
PXD068107_WESTLAKE_OMNIPROT_TECHNICAL,Westlake University,heatmap_2b,2b_heatmap,18,JAC18,Q9HDC9,Q9HDC9,PXD068107_NP48,POOLED_TECHNICAL_PLASMA_SOURCE,NP48,true,SOURCE_DATA_INTENSITY,32183400,POSITIVE_FINITE,true
PXD068107_WESTLAKE_OMNIPROT_TECHNICAL,Westlake University,heatmap_2b,2b_heatmap,18,JCH18,Q9NQC3,Q9NQC3,PXD068107_NP48,POOLED_TECHNICAL_PLASMA_SOURCE,NP48,true,SOURCE_DATA_INTENSITY,57844.699999999997,POSITIVE_FINITE,true
PXD068107_WESTLAKE_OMNIPROT_TECHNICAL,Westlake University,heatmap_2b,2b_heatmap,18,JDC18,Q9NR12,Q9NR12,PXD068107_NP48,POOLED_TECHNICAL_PLASMA_SOURCE,NP48,true,SOURCE_DATA_INTENSITY,121801,POSITIVE_FINITE,true
PXD068107_WESTLAKE_OMNIPROT_TECHNICAL,Westlake University,heatmap_2b,2b_heatmap,18,JEP18,Q9NRW1,Q9NRW1,PXD068107_NP48,POOLED_TECHNICAL_PLASMA_SOURCE,NP48,true,SOURCE_DATA_INTENSITY,11100.6,POSITIVE_FINITE,true
PXD068107_WESTLAKE_OMNIPROT_TECHNICAL,Westlake University,heatmap_2b,2b_heatmap,18,JFD18,Q9NS28,Q9NS28,PXD068107_NP48,POOLED_TECHNICAL_PLASMA_SOURCE,NP48,true,SOURCE_DATA_INTENSITY,,SOURCE_NA,false
PXD068107_WESTLAKE_OMNIPROT_TECHNICAL,Westlake University,heatmap_2b,2b_heatmap,18,JKP18,Q9NY65,Q9NY65,PXD068107_NP48,POOLED_TECHNICAL_PLASMA_SOURCE,NP48,true,SOURCE_DATA_INTENSITY,68706.300000000003,POSITIVE_FINITE,true
PXD068107_WESTLAKE_OMNIPROT_TECHNICAL,Westlake University,heatmap_2b,2b_heatmap,18,KDT18,Q9Y2A7,Q9Y2A7,PXD068107_NP48,POOLED_TECHNICAL_PLASMA_SOURCE,NP48,true,SOURCE_DATA_INTENSITY,28935.099999999999,POSITIVE_FINITE,true
PXD068107_WESTLAKE_OMNIPROT_TECHNICAL,Westlake University,heatmap_2b,2b_heatmap,18,KHC18,Q9Y3F4,Q9Y3F4,PXD068107_NP48,POOLED_TECHNICAL_PLASMA_SOURCE,NP48,true,SOURCE_DATA_INTENSITY,46519.199999999997,POSITIVE_FINITE,true
PXD068107_WESTLAKE_OMNIPROT_TECHNICAL,Westlake University,heatmap_2b,2b_heatmap,19,GY19,O00151,O00151,PXD068107_NP74,POOLED_TECHNICAL_PLASMA_SOURCE,NP74,true,SOURCE_DATA_INTENSITY,5340320,POSITIVE_FINITE,true
PXD068107_WESTLAKE_OMNIPROT_TECHNICAL,Westlake University,heatmap_2b,2b_heatmap,19,HI19,O00187,O00187,PXD068107_NP74,POOLED_TECHNICAL_PLASMA_SOURCE,NP74,true,SOURCE_DATA_INTENSITY,49446800,POSITIVE_FINITE,true
PXD068107_WESTLAKE_OMNIPROT_TECHNICAL,Westlake University,heatmap_2b,2b_heatmap,19,HZ19,O00264,O00264,PXD068107_NP74,POOLED_TECHNICAL_PLASMA_SOURCE,NP74,true,SOURCE_DATA_INTENSITY,1169960,POSITIVE_FINITE,true
PXD068107_WESTLAKE_OMNIPROT_TECHNICAL,Westlake University,heatmap_2b,2b_heatmap,19,IE19,O00299,O00299,PXD068107_NP74,POOLED_TECHNICAL_PLASMA_SOURCE,NP74,true,SOURCE_DATA_INTENSITY,9221360,POSITIVE_FINITE,true
PXD068107_WESTLAKE_OMNIPROT_TECHNICAL,Westlake University,heatmap_2b,2b_heatmap,19,IQ19,O00410,O00410,PXD068107_NP74,POOLED_TECHNICAL_PLASMA_SOURCE,NP74,true,SOURCE_DATA_INTENSITY,350434,POSITIVE_FINITE,true
PXD068107_WESTLAKE_OMNIPROT_TECHNICAL,Westlake University,heatmap_2b,2b_heatmap,19,OY19,O15145,O15145,PXD068107_NP74,POOLED_TECHNICAL_PLASMA_SOURCE,NP74,true,SOURCE_DATA_INTENSITY,5931060,POSITIVE_FINITE,true
PXD068107_WESTLAKE_OMNIPROT_TECHNICAL,Westlake University,heatmap_2b,2b_heatmap,19,AAP19,O75083,O75083,PXD068107_NP74,POOLED_TECHNICAL_PLASMA_SOURCE,NP74,true,SOURCE_DATA_INTENSITY,5305460,POSITIVE_FINITE,true
PXD068107_WESTLAKE_OMNIPROT_TECHNICAL,Westlake University,heatmap_2b,2b_heatmap,19,ADS19,O75531,O75531,PXD068107_NP74,POOLED_TECHNICAL_PLASMA_SOURCE,NP74,true,SOURCE_DATA_INTENSITY,5787.3800000000001,POSITIVE_FINITE,true
PXD068107_WESTLAKE_OMNIPROT_TECHNICAL,Westlake University,heatmap_2b,2b_heatmap,19,AOR19,P00387,P00387,PXD068107_NP74,POOLED_TECHNICAL_PLASMA_SOURCE,NP74,true,SOURCE_DATA_INTENSITY,12635800,POSITIVE_FINITE,true
PXD068107_WESTLAKE_OMNIPROT_TECHNICAL,Westlake University,heatmap_2b,2b_heatmap,19,AOT19,P00403,P00403,PXD068107_NP74,POOLED_TECHNICAL_PLASMA_SOURCE,NP74,true,SOURCE_DATA_INTENSITY,541667,POSITIVE_FINITE,true
PXD068107_WESTLAKE_OMNIPROT_TECHNICAL,Westlake University,heatmap_2b,2b_heatmap,19,ARE19,P01275,P01275,PXD068107_NP74,POOLED_TECHNICAL_PLASMA_SOURCE,NP74,true,SOURCE_DATA_INTENSITY,2502740,POSITIVE_FINITE,true
PXD068107_WESTLAKE_OMNIPROT_TECHNICAL,Westlake University,heatmap_2b,2b_heatmap,19,AVX19,P04004,P04004,PXD068107_NP74,POOLED_TECHNICAL_PLASMA_SOURCE,NP74,true,SOURCE_DATA_INTENSITY,696356000,POSITIVE_FINITE,true
PXD068107_WESTLAKE_OMNIPROT_TECHNICAL,Westlake University,heatmap_2b,2b_heatmap,19,AWW19,P04264,P04264,PXD068107_NP74,POOLED_TECHNICAL_PLASMA_SOURCE,NP74,true,SOURCE_DATA_INTENSITY,264313000,POSITIVE_FINITE,true
PXD068107_WESTLAKE_OMNIPROT_TECHNICAL,Westlake University,heatmap_2b,2b_heatmap,19,AXO19,P04844,P04844,PXD068107_NP74,POOLED_TECHNICAL_PLASMA_SOURCE,NP74,true,SOURCE_DATA_INTENSITY,487999,POSITIVE_FINITE,true
PXD068107_WESTLAKE_OMNIPROT_TECHNICAL,Westlake University,heatmap_2b,2b_heatmap,19,AXU19,P05023,P05023,PXD068107_NP74,POOLED_TECHNICAL_PLASMA_SOURCE,NP74,true,SOURCE_DATA_INTENSITY,1972410,POSITIVE_FINITE,true
PXD068107_WESTLAKE_OMNIPROT_TECHNICAL,Westlake University,heatmap_2b,2b_heatmap,19,AZG19,P05556,P05556,PXD068107_NP74,POOLED_TECHNICAL_PLASMA_SOURCE,NP74,true,SOURCE_DATA_INTENSITY,8220250,POSITIVE_FINITE,true
PXD068107_WESTLAKE_OMNIPROT_TECHNICAL,Westlake University,heatmap_2b,2b_heatmap,19,BAA19,P06396,P06396,PXD068107_NP74,POOLED_TECHNICAL_PLASMA_SOURCE,NP74,true,SOURCE_DATA_INTENSITY,73190000,POSITIVE_FINITE,true
PXD068107_WESTLAKE_OMNIPROT_TECHNICAL,Westlake University,heatmap_2b,2b_heatmap,19,BAC19,P06576,P06576,PXD068107_NP74,POOLED_TECHNICAL_PLASMA_SOURCE,NP74,true,SOURCE_DATA_INTENSITY,3090200,POSITIVE_FINITE,true
PXD068107_WESTLAKE_OMNIPROT_TECHNICAL,Westlake University,heatmap_2b,2b_heatmap,19,BCX19,P07996,P07996,PXD068107_NP74,POOLED_TECHNICAL_PLASMA_SOURCE,NP74,true,SOURCE_DATA_INTENSITY,56697100,POSITIVE_FINITE,true
PXD068107_WESTLAKE_OMNIPROT_TECHNICAL,Westlake University,heatmap_2b,2b_heatmap,19,BGG19,P09493,P09493,PXD068107_NP74,POOLED_TECHNICAL_PLASMA_SOURCE,NP74,true,SOURCE_DATA_INTENSITY,220467,POSITIVE_FINITE,true
PXD068107_WESTLAKE_OMNIPROT_TECHNICAL,Westlake University,heatmap_2b,2b_heatmap,19,BJV19,P10599,P10599,PXD068107_NP74,POOLED_TECHNICAL_PLASMA_SOURCE,NP74,true,SOURCE_DATA_INTENSITY,6430140,POSITIVE_FINITE,true
PXD068107_WESTLAKE_OMNIPROT_TECHNICAL,Westlake University,heatmap_2b,2b_heatmap,19,BKB19,P10644,P10644,PXD068107_NP74,POOLED_TECHNICAL_PLASMA_SOURCE,NP74,true,SOURCE_DATA_INTENSITY,1486610,POSITIVE_FINITE,true
PXD068107_WESTLAKE_OMNIPROT_TECHNICAL,Westlake University,heatmap_2b,2b_heatmap,19,BKK19,P10809,P10809,PXD068107_NP74,POOLED_TECHNICAL_PLASMA_SOURCE,NP74,true,SOURCE_DATA_INTENSITY,4738490,POSITIVE_FINITE,true
PXD068107_WESTLAKE_OMNIPROT_TECHNICAL,Westlake University,heatmap_2b,2b_heatmap,19,BKP19,P11021,P11021,PXD068107_NP74,POOLED_TECHNICAL_PLASMA_SOURCE,NP74,true,SOURCE_DATA_INTENSITY,13026900,POSITIVE_FINITE,true
PXD068107_WESTLAKE_OMNIPROT_TECHNICAL,Westlake University,heatmap_2b,2b_heatmap,19,BKX19,P11166,P11166,PXD068107_NP74,POOLED_TECHNICAL_PLASMA_SOURCE,NP74,true,SOURCE_DATA_INTENSITY,4807770,POSITIVE_FINITE,true
PXD068107_WESTLAKE_OMNIPROT_TECHNICAL,Westlake University,heatmap_2b,2b_heatmap,19,BLT19,P11413,P11413,PXD068107_NP74,POOLED_TECHNICAL_PLASMA_SOURCE,NP74,true,SOURCE_DATA_INTENSITY,453068,POSITIVE_FINITE,true
PXD068107_WESTLAKE_OMNIPROT_TECHNICAL,Westlake University,heatmap_2b,2b_heatmap,19,BOZ19,P13796,P13796,PXD068107_NP74,POOLED_TECHNICAL_PLASMA_SOURCE,NP74,true,SOURCE_DATA_INTENSITY,4816270,POSITIVE_FINITE,true
PXD068107_WESTLAKE_OMNIPROT_TECHNICAL,Westlake University,heatmap_2b,2b_heatmap,19,BQN19,P14868,P14868,PXD068107_NP74,POOLED_TECHNICAL_PLASMA_SOURCE,NP74,true,SOURCE_DATA_INTENSITY,9676750,POSITIVE_FINITE,true
PXD068107_WESTLAKE_OMNIPROT_TECHNICAL,Westlake University,heatmap_2b,2b_heatmap,19,BRP19,P15531,P15531,PXD068107_NP74,POOLED_TECHNICAL_PLASMA_SOURCE,NP74,true,SOURCE_DATA_INTENSITY,542741,POSITIVE_FINITE,true
PXD068107_WESTLAKE_OMNIPROT_TECHNICAL,Westlake University,heatmap_2b,2b_heatmap,19,BTD19,P16615,P16615,PXD068107_NP74,POOLED_TECHNICAL_PLASMA_SOURCE,NP74,true,SOURCE_DATA_INTENSITY,8376950,POSITIVE_FINITE,true
PXD068107_WESTLAKE_OMNIPROT_TECHNICAL,Westlake University,heatmap_2b,2b_heatmap,19,BWA19,P19367,P19367,PXD068107_NP74,POOLED_TECHNICAL_PLASMA_SOURCE,NP74,true,SOURCE_DATA_INTENSITY,16461800,POSITIVE_FINITE,true
PXD068107_WESTLAKE_OMNIPROT_TECHNICAL,Westlake University,heatmap_2b,2b_heatmap,19,BXV19,P20645,P20645,PXD068107_NP74,POOLED_TECHNICAL_PLASMA_SOURCE,NP74,true,SOURCE_DATA_INTENSITY,369750,POSITIVE_FINITE,true
PXD068107_WESTLAKE_OMNIPROT_TECHNICAL,Westlake University,heatmap_2b,2b_heatmap,19,BZN19,P21796,P21796,PXD068107_NP74,POOLED_TECHNICAL_PLASMA_SOURCE,NP74,true,SOURCE_DATA_INTENSITY,6293310,POSITIVE_FINITE,true
PXD068107_WESTLAKE_OMNIPROT_TECHNICAL,Westlake University,heatmap_2b,2b_heatmap,19,CBV19,P23284,P23284,PXD068107_NP74,POOLED_TECHNICAL_PLASMA_SOURCE,NP74,true,SOURCE_DATA_INTENSITY,17136900,POSITIVE_FINITE,true
PXD068107_WESTLAKE_OMNIPROT_TECHNICAL,Westlake University,heatmap_2b,2b_heatmap,19,CDO19,P24844,P24844,PXD068107_NP74,POOLED_TECHNICAL_PLASMA_SOURCE,NP74,true,SOURCE_DATA_INTENSITY,20892000,POSITIVE_FINITE,true
PXD068107_WESTLAKE_OMNIPROT_TECHNICAL,Westlake University,heatmap_2b,2b_heatmap,19,CES19,P26038,P26038,PXD068107_NP74,POOLED_TECHNICAL_PLASMA_SOURCE,NP74,true,SOURCE_DATA_INTENSITY,30199000,POSITIVE_FINITE,true
PXD068107_WESTLAKE_OMNIPROT_TECHNICAL,Westlake University,heatmap_2b,2b_heatmap,19,CFF19,P26641,P26641,PXD068107_NP74,POOLED_TECHNICAL_PLASMA_SOURCE,NP74,true,SOURCE_DATA_INTENSITY,6934200,POSITIVE_FINITE,true
PXD068107_WESTLAKE_OMNIPROT_TECHNICAL,Westlake University,heatmap_2b,2b_heatmap,19,CFP19,P27348,P27348,PXD068107_NP74,POOLED_TECHNICAL_PLASMA_SOURCE,NP74,true,SOURCE_DATA_INTENSITY,3376630,POSITIVE_FINITE,true
PXD068107_WESTLAKE_OMNIPROT_TECHNICAL,Westlake University,heatmap_2b,2b_heatmap,19,CGC19,P27797,P27797,PXD068107_NP74,POOLED_TECHNICAL_PLASMA_SOURCE,NP74,true,SOURCE_DATA_INTENSITY,981227,POSITIVE_FINITE,true
PXD068107_WESTLAKE_OMNIPROT_TECHNICAL,Westlake University,heatmap_2b,2b_heatmap,19,CGL19,P28066,P28066,PXD068107_NP74,POOLED_TECHNICAL_PLASMA_SOURCE,NP74,true,SOURCE_DATA_INTENSITY,1378640,POSITIVE_FINITE,true
PXD068107_WESTLAKE_OMNIPROT_TECHNICAL,Westlake University,heatmap_2b,2b_heatmap,19,CGM19,P28070,P28070,PXD068107_NP74,POOLED_TECHNICAL_PLASMA_SOURCE,NP74,true,SOURCE_DATA_INTENSITY,1554080,POSITIVE_FINITE,true
PXD068107_WESTLAKE_OMNIPROT_TECHNICAL,Westlake University,heatmap_2b,2b_heatmap,19,CIL19,P30041,P30041,PXD068107_NP74,POOLED_TECHNICAL_PLASMA_SOURCE,NP74,true,SOURCE_DATA_INTENSITY,4251020,POSITIVE_FINITE,true
PXD068107_WESTLAKE_OMNIPROT_TECHNICAL,Westlake University,heatmap_2b,2b_heatmap,19,CIN19,P30044,P30044,PXD068107_NP74,POOLED_TECHNICAL_PLASMA_SOURCE,NP74,true,SOURCE_DATA_INTENSITY,1686670,POSITIVE_FINITE,true
PXD068107_WESTLAKE_OMNIPROT_TECHNICAL,Westlake University,heatmap_2b,2b_heatmap,19,CIQ19,P30048,P30048,PXD068107_NP74,POOLED_TECHNICAL_PLASMA_SOURCE,NP74,true,SOURCE_DATA_INTENSITY,802596,POSITIVE_FINITE,true
PXD068107_WESTLAKE_OMNIPROT_TECHNICAL,Westlake University,heatmap_2b,2b_heatmap,19,CIW19,P30101,P30101,PXD068107_NP74,POOLED_TECHNICAL_PLASMA_SOURCE,NP74,true,SOURCE_DATA_INTENSITY,11408100,POSITIVE_FINITE,true
PXD068107_WESTLAKE_OMNIPROT_TECHNICAL,Westlake University,heatmap_2b,2b_heatmap,19,CQE19,P37802,P37802,PXD068107_NP74,POOLED_TECHNICAL_PLASMA_SOURCE,NP74,true,SOURCE_DATA_INTENSITY,181205000,POSITIVE_FINITE,true
PXD068107_WESTLAKE_OMNIPROT_TECHNICAL,Westlake University,heatmap_2b,2b_heatmap,19,CQM19,P38646,P38646,PXD068107_NP74,POOLED_TECHNICAL_PLASMA_SOURCE,NP74,true,SOURCE_DATA_INTENSITY,5066480,POSITIVE_FINITE,true
PXD068107_WESTLAKE_OMNIPROT_TECHNICAL,Westlake University,heatmap_2b,2b_heatmap,19,CUZ19,P45880,P45880,PXD068107_NP74,POOLED_TECHNICAL_PLASMA_SOURCE,NP74,true,SOURCE_DATA_INTENSITY,3347110,POSITIVE_FINITE,true
PXD068107_WESTLAKE_OMNIPROT_TECHNICAL,Westlake University,heatmap_2b,2b_heatmap,19,CZE19,P49411,P49411,PXD068107_NP74,POOLED_TECHNICAL_PLASMA_SOURCE,NP74,true,SOURCE_DATA_INTENSITY,1043910,POSITIVE_FINITE,true
PXD068107_WESTLAKE_OMNIPROT_TECHNICAL,Westlake University,heatmap_2b,2b_heatmap,19,DCJ19,P50990,P50990,PXD068107_NP74,POOLED_TECHNICAL_PLASMA_SOURCE,NP74,true,SOURCE_DATA_INTENSITY,2150650,POSITIVE_FINITE,true
PXD068107_WESTLAKE_OMNIPROT_TECHNICAL,Westlake University,heatmap_2b,2b_heatmap,19,DCK19,P50991,P50991,PXD068107_NP74,POOLED_TECHNICAL_PLASMA_SOURCE,NP74,true,SOURCE_DATA_INTENSITY,1564360,POSITIVE_FINITE,true
PXD068107_WESTLAKE_OMNIPROT_TECHNICAL,Westlake University,heatmap_2b,2b_heatmap,19,DCL19,P50995,P50995,PXD068107_NP74,POOLED_TECHNICAL_PLASMA_SOURCE,NP74,true,SOURCE_DATA_INTENSITY,652648,POSITIVE_FINITE,true
PXD068107_WESTLAKE_OMNIPROT_TECHNICAL,Westlake University,heatmap_2b,2b_heatmap,19,DFZ19,P52907,P52907,PXD068107_NP74,POOLED_TECHNICAL_PLASMA_SOURCE,NP74,true,SOURCE_DATA_INTENSITY,3007420,POSITIVE_FINITE,true
PXD068107_WESTLAKE_OMNIPROT_TECHNICAL,Westlake University,heatmap_2b,2b_heatmap,19,DGJ19,P53396,P53396,PXD068107_NP74,POOLED_TECHNICAL_PLASMA_SOURCE,NP74,true,SOURCE_DATA_INTENSITY,2267570,POSITIVE_FINITE,true
PXD068107_WESTLAKE_OMNIPROT_TECHNICAL,Westlake University,heatmap_2b,2b_heatmap,19,DIY19,P55072,P55072,PXD068107_NP74,POOLED_TECHNICAL_PLASMA_SOURCE,NP74,true,SOURCE_DATA_INTENSITY,1171190,POSITIVE_FINITE,true
PXD068107_WESTLAKE_OMNIPROT_TECHNICAL,Westlake University,heatmap_2b,2b_heatmap,19,DMJ19,P60174,P60174,PXD068107_NP74,POOLED_TECHNICAL_PLASMA_SOURCE,NP74,true,SOURCE_DATA_INTENSITY,3936850,POSITIVE_FINITE,true
PXD068107_WESTLAKE_OMNIPROT_TECHNICAL,Westlake University,heatmap_2b,2b_heatmap,19,DNG19,P61006,P61006,PXD068107_NP74,POOLED_TECHNICAL_PLASMA_SOURCE,NP74,true,SOURCE_DATA_INTENSITY,8749380,POSITIVE_FINITE,true
PXD068107_WESTLAKE_OMNIPROT_TECHNICAL,Westlake University,heatmap_2b,2b_heatmap,19,DNM19,P61026,P61026,PXD068107_NP74,POOLED_TECHNICAL_PLASMA_SOURCE,NP74,true,SOURCE_DATA_INTENSITY,1973620,POSITIVE_FINITE,true
PXD068107_WESTLAKE_OMNIPROT_TECHNICAL,Westlake University,heatmap_2b,2b_heatmap,19,DNS19,P61106,P61106,PXD068107_NP74,POOLED_TECHNICAL_PLASMA_SOURCE,NP74,true,SOURCE_DATA_INTENSITY,4239360,POSITIVE_FINITE,true
PXD068107_WESTLAKE_OMNIPROT_TECHNICAL,Westlake University,heatmap_2b,2b_heatmap,19,DPG19,P61978,P61978,PXD068107_NP74,POOLED_TECHNICAL_PLASMA_SOURCE,NP74,true,SOURCE_DATA_INTENSITY,3658020,POSITIVE_FINITE,true
PXD068107_WESTLAKE_OMNIPROT_TECHNICAL,Westlake University,heatmap_2b,2b_heatmap,19,DPH19,P61981,P61981,PXD068107_NP74,POOLED_TECHNICAL_PLASMA_SOURCE,NP74,true,SOURCE_DATA_INTENSITY,10584400,POSITIVE_FINITE,true
PXD068107_WESTLAKE_OMNIPROT_TECHNICAL,Westlake University,heatmap_2b,2b_heatmap,19,DQK19,P62330,P62330,PXD068107_NP74,POOLED_TECHNICAL_PLASMA_SOURCE,NP74,true,SOURCE_DATA_INTENSITY,1606360,POSITIVE_FINITE,true
PXD068107_WESTLAKE_OMNIPROT_TECHNICAL,Westlake University,heatmap_2b,2b_heatmap,19,DQX19,P62805,P62805,PXD068107_NP74,POOLED_TECHNICAL_PLASMA_SOURCE,NP74,true,SOURCE_DATA_INTENSITY,20005300,POSITIVE_FINITE,true
PXD068107_WESTLAKE_OMNIPROT_TECHNICAL,Westlake University,heatmap_2b,2b_heatmap,19,DRY19,P63000,P63000,PXD068107_NP74,POOLED_TECHNICAL_PLASMA_SOURCE,NP74,true,SOURCE_DATA_INTENSITY,5800480,POSITIVE_FINITE,true
PXD068107_WESTLAKE_OMNIPROT_TECHNICAL,Westlake University,heatmap_2b,2b_heatmap,19,DTD19,P68366,P68366,PXD068107_NP74,POOLED_TECHNICAL_PLASMA_SOURCE,NP74,true,SOURCE_DATA_INTENSITY,19049500,POSITIVE_FINITE,true
PXD068107_WESTLAKE_OMNIPROT_TECHNICAL,Westlake University,heatmap_2b,2b_heatmap,19,DUE19,P78417,P78417,PXD068107_NP74,POOLED_TECHNICAL_PLASMA_SOURCE,NP74,true,SOURCE_DATA_INTENSITY,21228700,POSITIVE_FINITE,true
PXD068107_WESTLAKE_OMNIPROT_TECHNICAL,Westlake University,heatmap_2b,2b_heatmap,19,EAQ19,Q04695,Q04695,PXD068107_NP74,POOLED_TECHNICAL_PLASMA_SOURCE,NP74,true,SOURCE_DATA_INTENSITY,24637200,POSITIVE_FINITE,true
PXD068107_WESTLAKE_OMNIPROT_TECHNICAL,Westlake University,heatmap_2b,2b_heatmap,19,EPH19,Q14247,Q14247,PXD068107_NP74,POOLED_TECHNICAL_PLASMA_SOURCE,NP74,true,SOURCE_DATA_INTENSITY,1209650,POSITIVE_FINITE,true
PXD068107_WESTLAKE_OMNIPROT_TECHNICAL,Westlake University,heatmap_2b,2b_heatmap,19,ESK19,Q14974,Q14974,PXD068107_NP74,POOLED_TECHNICAL_PLASMA_SOURCE,NP74,true,SOURCE_DATA_INTENSITY,828450,POSITIVE_FINITE,true
PXD068107_WESTLAKE_OMNIPROT_TECHNICAL,Westlake University,heatmap_2b,2b_heatmap,19,EUC19,Q15084,Q15084,PXD068107_NP74,POOLED_TECHNICAL_PLASMA_SOURCE,NP74,true,SOURCE_DATA_INTENSITY,3820010,POSITIVE_FINITE,true
PXD068107_WESTLAKE_OMNIPROT_TECHNICAL,Westlake University,heatmap_2b,2b_heatmap,19,EVQ19,Q15365,Q15365,PXD068107_NP74,POOLED_TECHNICAL_PLASMA_SOURCE,NP74,true,SOURCE_DATA_INTENSITY,18037800,POSITIVE_FINITE,true
PXD068107_WESTLAKE_OMNIPROT_TECHNICAL,Westlake University,heatmap_2b,2b_heatmap,19,EWB19,Q15404,Q15404,PXD068107_NP74,POOLED_TECHNICAL_PLASMA_SOURCE,NP74,true,SOURCE_DATA_INTENSITY,3730440,POSITIVE_FINITE,true
PXD068107_WESTLAKE_OMNIPROT_TECHNICAL,Westlake University,heatmap_2b,2b_heatmap,19,EXI19,Q15691,Q15691,PXD068107_NP74,POOLED_TECHNICAL_PLASMA_SOURCE,NP74,true,SOURCE_DATA_INTENSITY,3336820,POSITIVE_FINITE,true
PXD068107_WESTLAKE_OMNIPROT_TECHNICAL,Westlake University,heatmap_2b,2b_heatmap,19,EYN19,Q15942,Q15942,PXD068107_NP74,POOLED_TECHNICAL_PLASMA_SOURCE,NP74,true,SOURCE_DATA_INTENSITY,4933620,POSITIVE_FINITE,true
PXD068107_WESTLAKE_OMNIPROT_TECHNICAL,Westlake University,heatmap_2b,2b_heatmap,19,EZF19,Q16543,Q16543,PXD068107_NP74,POOLED_TECHNICAL_PLASMA_SOURCE,NP74,true,SOURCE_DATA_INTENSITY,1846880,POSITIVE_FINITE,true
PXD068107_WESTLAKE_OMNIPROT_TECHNICAL,Westlake University,heatmap_2b,2b_heatmap,19,EZZ19,Q16643,Q16643,PXD068107_NP74,POOLED_TECHNICAL_PLASMA_SOURCE,NP74,true,SOURCE_DATA_INTENSITY,594488,POSITIVE_FINITE,true
PXD068107_WESTLAKE_OMNIPROT_TECHNICAL,Westlake University,heatmap_2b,2b_heatmap,19,FAP19,Q16762,Q16762,PXD068107_NP74,POOLED_TECHNICAL_PLASMA_SOURCE,NP74,true,SOURCE_DATA_INTENSITY,1453190,POSITIVE_FINITE,true
PXD068107_WESTLAKE_OMNIPROT_TECHNICAL,Westlake University,heatmap_2b,2b_heatmap,19,FBY19,Q27J81,Q27J81,PXD068107_NP74,POOLED_TECHNICAL_PLASMA_SOURCE,NP74,true,SOURCE_DATA_INTENSITY,8634590,POSITIVE_FINITE,true
PXD068107_WESTLAKE_OMNIPROT_TECHNICAL,Westlake University,heatmap_2b,2b_heatmap,19,FGK19,Q58FF8,Q58FF8,PXD068107_NP74,POOLED_TECHNICAL_PLASMA_SOURCE,NP74,true,SOURCE_DATA_INTENSITY,13680.200000000001,POSITIVE_FINITE,true
PXD068107_WESTLAKE_OMNIPROT_TECHNICAL,Westlake University,heatmap_2b,2b_heatmap,19,FYD19,Q70J99,Q70J99,PXD068107_NP74,POOLED_TECHNICAL_PLASMA_SOURCE,NP74,true,SOURCE_DATA_INTENSITY,1213040,POSITIVE_FINITE,true
PXD068107_WESTLAKE_OMNIPROT_TECHNICAL,Westlake University,heatmap_2b,2b_heatmap,19,FZH19,Q7L576,Q7L576,PXD068107_NP74,POOLED_TECHNICAL_PLASMA_SOURCE,NP74,true,SOURCE_DATA_INTENSITY,2718890,POSITIVE_FINITE,true
PXD068107_WESTLAKE_OMNIPROT_TECHNICAL,Westlake University,heatmap_2b,2b_heatmap,19,GBF19,Q7Z406,Q7Z406,PXD068107_NP74,POOLED_TECHNICAL_PLASMA_SOURCE,NP74,true,SOURCE_DATA_INTENSITY,584244,POSITIVE_FINITE,true
PXD068107_WESTLAKE_OMNIPROT_TECHNICAL,Westlake University,heatmap_2b,2b_heatmap,19,GFO19,Q86VP6,Q86VP6,PXD068107_NP74,POOLED_TECHNICAL_PLASMA_SOURCE,NP74,true,SOURCE_DATA_INTENSITY,634811,POSITIVE_FINITE,true
PXD068107_WESTLAKE_OMNIPROT_TECHNICAL,Westlake University,heatmap_2b,2b_heatmap,19,GXT19,Q8TC12,Q8TC12,PXD068107_NP74,POOLED_TECHNICAL_PLASMA_SOURCE,NP74,true,SOURCE_DATA_INTENSITY,3797510,POSITIVE_FINITE,true
PXD068107_WESTLAKE_OMNIPROT_TECHNICAL,Westlake University,heatmap_2b,2b_heatmap,19,HJL19,Q93084,Q93084,PXD068107_NP74,POOLED_TECHNICAL_PLASMA_SOURCE,NP74,true,SOURCE_DATA_INTENSITY,9519490,POSITIVE_FINITE,true
PXD068107_WESTLAKE_OMNIPROT_TECHNICAL,Westlake University,heatmap_2b,2b_heatmap,19,IBO19,Q99733,Q99733,PXD068107_NP74,POOLED_TECHNICAL_PLASMA_SOURCE,NP74,true,SOURCE_DATA_INTENSITY,5430410,POSITIVE_FINITE,true
PXD068107_WESTLAKE_OMNIPROT_TECHNICAL,Westlake University,heatmap_2b,2b_heatmap,19,ICI19,Q99832,Q99832,PXD068107_NP74,POOLED_TECHNICAL_PLASMA_SOURCE,NP74,true,SOURCE_DATA_INTENSITY,1182720,POSITIVE_FINITE,true
PXD068107_WESTLAKE_OMNIPROT_TECHNICAL,Westlake University,heatmap_2b,2b_heatmap,19,IFI19,Q9BS26,Q9BS26,PXD068107_NP74,POOLED_TECHNICAL_PLASMA_SOURCE,NP74,true,SOURCE_DATA_INTENSITY,3494540,POSITIVE_FINITE,true
PXD068107_WESTLAKE_OMNIPROT_TECHNICAL,Westlake University,heatmap_2b,2b_heatmap,19,IFU19,Q9BSJ8,Q9BSJ8,PXD068107_NP74,POOLED_TECHNICAL_PLASMA_SOURCE,NP74,true,SOURCE_DATA_INTENSITY,1708010,POSITIVE_FINITE,true
PXD068107_WESTLAKE_OMNIPROT_TECHNICAL,Westlake University,heatmap_2b,2b_heatmap,19,ITX19,Q9H4B7,Q9H4B7,PXD068107_NP74,POOLED_TECHNICAL_PLASMA_SOURCE,NP74,true,SOURCE_DATA_INTENSITY,28423000,POSITIVE_FINITE,true
PXD068107_WESTLAKE_OMNIPROT_TECHNICAL,Westlake University,heatmap_2b,2b_heatmap,19,JAC19,Q9HDC9,Q9HDC9,PXD068107_NP74,POOLED_TECHNICAL_PLASMA_SOURCE,NP74,true,SOURCE_DATA_INTENSITY,27619400,POSITIVE_FINITE,true
PXD068107_WESTLAKE_OMNIPROT_TECHNICAL,Westlake University,heatmap_2b,2b_heatmap,19,JCH19,Q9NQC3,Q9NQC3,PXD068107_NP74,POOLED_TECHNICAL_PLASMA_SOURCE,NP74,true,SOURCE_DATA_INTENSITY,1708400,POSITIVE_FINITE,true
PXD068107_WESTLAKE_OMNIPROT_TECHNICAL,Westlake University,heatmap_2b,2b_heatmap,19,JDC19,Q9NR12,Q9NR12,PXD068107_NP74,POOLED_TECHNICAL_PLASMA_SOURCE,NP74,true,SOURCE_DATA_INTENSITY,1957330,POSITIVE_FINITE,true
PXD068107_WESTLAKE_OMNIPROT_TECHNICAL,Westlake University,heatmap_2b,2b_heatmap,19,JEP19,Q9NRW1,Q9NRW1,PXD068107_NP74,POOLED_TECHNICAL_PLASMA_SOURCE,NP74,true,SOURCE_DATA_INTENSITY,5730000,POSITIVE_FINITE,true
PXD068107_WESTLAKE_OMNIPROT_TECHNICAL,Westlake University,heatmap_2b,2b_heatmap,19,JFD19,Q9NS28,Q9NS28,PXD068107_NP74,POOLED_TECHNICAL_PLASMA_SOURCE,NP74,true,SOURCE_DATA_INTENSITY,848176,POSITIVE_FINITE,true
PXD068107_WESTLAKE_OMNIPROT_TECHNICAL,Westlake University,heatmap_2b,2b_heatmap,19,JKP19,Q9NY65,Q9NY65,PXD068107_NP74,POOLED_TECHNICAL_PLASMA_SOURCE,NP74,true,SOURCE_DATA_INTENSITY,1207920,POSITIVE_FINITE,true
PXD068107_WESTLAKE_OMNIPROT_TECHNICAL,Westlake University,heatmap_2b,2b_heatmap,19,KDT19,Q9Y2A7,Q9Y2A7,PXD068107_NP74,POOLED_TECHNICAL_PLASMA_SOURCE,NP74,true,SOURCE_DATA_INTENSITY,2022290,POSITIVE_FINITE,true
PXD068107_WESTLAKE_OMNIPROT_TECHNICAL,Westlake University,heatmap_2b,2b_heatmap,19,KHC19,Q9Y3F4,Q9Y3F4,PXD068107_NP74,POOLED_TECHNICAL_PLASMA_SOURCE,NP74,true,SOURCE_DATA_INTENSITY,325909,POSITIVE_FINITE,true
PXD068107_WESTLAKE_OMNIPROT_TECHNICAL,Westlake University,heatmap_2b,2b_heatmap,20,GY20,O00151,O00151,PXD068107_NP82,POOLED_TECHNICAL_PLASMA_SOURCE,NP82,true,SOURCE_DATA_INTENSITY,1625290,POSITIVE_FINITE,true
PXD068107_WESTLAKE_OMNIPROT_TECHNICAL,Westlake University,heatmap_2b,2b_heatmap,20,HI20,O00187,O00187,PXD068107_NP82,POOLED_TECHNICAL_PLASMA_SOURCE,NP82,true,SOURCE_DATA_INTENSITY,30260100,POSITIVE_FINITE,true
PXD068107_WESTLAKE_OMNIPROT_TECHNICAL,Westlake University,heatmap_2b,2b_heatmap,20,HZ20,O00264,O00264,PXD068107_NP82,POOLED_TECHNICAL_PLASMA_SOURCE,NP82,true,SOURCE_DATA_INTENSITY,956376,POSITIVE_FINITE,true
PXD068107_WESTLAKE_OMNIPROT_TECHNICAL,Westlake University,heatmap_2b,2b_heatmap,20,IE20,O00299,O00299,PXD068107_NP82,POOLED_TECHNICAL_PLASMA_SOURCE,NP82,true,SOURCE_DATA_INTENSITY,1102930,POSITIVE_FINITE,true
PXD068107_WESTLAKE_OMNIPROT_TECHNICAL,Westlake University,heatmap_2b,2b_heatmap,20,IQ20,O00410,O00410,PXD068107_NP82,POOLED_TECHNICAL_PLASMA_SOURCE,NP82,true,SOURCE_DATA_INTENSITY,91890.899999999994,POSITIVE_FINITE,true
PXD068107_WESTLAKE_OMNIPROT_TECHNICAL,Westlake University,heatmap_2b,2b_heatmap,20,OY20,O15145,O15145,PXD068107_NP82,POOLED_TECHNICAL_PLASMA_SOURCE,NP82,true,SOURCE_DATA_INTENSITY,1776590,POSITIVE_FINITE,true
PXD068107_WESTLAKE_OMNIPROT_TECHNICAL,Westlake University,heatmap_2b,2b_heatmap,20,AAP20,O75083,O75083,PXD068107_NP82,POOLED_TECHNICAL_PLASMA_SOURCE,NP82,true,SOURCE_DATA_INTENSITY,1906610,POSITIVE_FINITE,true
PXD068107_WESTLAKE_OMNIPROT_TECHNICAL,Westlake University,heatmap_2b,2b_heatmap,20,ADS20,O75531,O75531,PXD068107_NP82,POOLED_TECHNICAL_PLASMA_SOURCE,NP82,true,SOURCE_DATA_INTENSITY,25598,POSITIVE_FINITE,true
PXD068107_WESTLAKE_OMNIPROT_TECHNICAL,Westlake University,heatmap_2b,2b_heatmap,20,AOR20,P00387,P00387,PXD068107_NP82,POOLED_TECHNICAL_PLASMA_SOURCE,NP82,true,SOURCE_DATA_INTENSITY,7804170,POSITIVE_FINITE,true
PXD068107_WESTLAKE_OMNIPROT_TECHNICAL,Westlake University,heatmap_2b,2b_heatmap,20,AOT20,P00403,P00403,PXD068107_NP82,POOLED_TECHNICAL_PLASMA_SOURCE,NP82,true,SOURCE_DATA_INTENSITY,341229,POSITIVE_FINITE,true
PXD068107_WESTLAKE_OMNIPROT_TECHNICAL,Westlake University,heatmap_2b,2b_heatmap,20,ARE20,P01275,P01275,PXD068107_NP82,POOLED_TECHNICAL_PLASMA_SOURCE,NP82,true,SOURCE_DATA_INTENSITY,,SOURCE_NA,false
PXD068107_WESTLAKE_OMNIPROT_TECHNICAL,Westlake University,heatmap_2b,2b_heatmap,20,AVX20,P04004,P04004,PXD068107_NP82,POOLED_TECHNICAL_PLASMA_SOURCE,NP82,true,SOURCE_DATA_INTENSITY,209885000,POSITIVE_FINITE,true
PXD068107_WESTLAKE_OMNIPROT_TECHNICAL,Westlake University,heatmap_2b,2b_heatmap,20,AWW20,P04264,P04264,PXD068107_NP82,POOLED_TECHNICAL_PLASMA_SOURCE,NP82,true,SOURCE_DATA_INTENSITY,369529000,POSITIVE_FINITE,true
PXD068107_WESTLAKE_OMNIPROT_TECHNICAL,Westlake University,heatmap_2b,2b_heatmap,20,AXO20,P04844,P04844,PXD068107_NP82,POOLED_TECHNICAL_PLASMA_SOURCE,NP82,true,SOURCE_DATA_INTENSITY,1079720,POSITIVE_FINITE,true
PXD068107_WESTLAKE_OMNIPROT_TECHNICAL,Westlake University,heatmap_2b,2b_heatmap,20,AXU20,P05023,P05023,PXD068107_NP82,POOLED_TECHNICAL_PLASMA_SOURCE,NP82,true,SOURCE_DATA_INTENSITY,3862660,POSITIVE_FINITE,true
PXD068107_WESTLAKE_OMNIPROT_TECHNICAL,Westlake University,heatmap_2b,2b_heatmap,20,AZG20,P05556,P05556,PXD068107_NP82,POOLED_TECHNICAL_PLASMA_SOURCE,NP82,true,SOURCE_DATA_INTENSITY,7640540,POSITIVE_FINITE,true
PXD068107_WESTLAKE_OMNIPROT_TECHNICAL,Westlake University,heatmap_2b,2b_heatmap,20,BAA20,P06396,P06396,PXD068107_NP82,POOLED_TECHNICAL_PLASMA_SOURCE,NP82,true,SOURCE_DATA_INTENSITY,103708000,POSITIVE_FINITE,true
PXD068107_WESTLAKE_OMNIPROT_TECHNICAL,Westlake University,heatmap_2b,2b_heatmap,20,BAC20,P06576,P06576,PXD068107_NP82,POOLED_TECHNICAL_PLASMA_SOURCE,NP82,true,SOURCE_DATA_INTENSITY,1557620,POSITIVE_FINITE,true
PXD068107_WESTLAKE_OMNIPROT_TECHNICAL,Westlake University,heatmap_2b,2b_heatmap,20,BCX20,P07996,P07996,PXD068107_NP82,POOLED_TECHNICAL_PLASMA_SOURCE,NP82,true,SOURCE_DATA_INTENSITY,69924000,POSITIVE_FINITE,true
PXD068107_WESTLAKE_OMNIPROT_TECHNICAL,Westlake University,heatmap_2b,2b_heatmap,20,BGG20,P09493,P09493,PXD068107_NP82,POOLED_TECHNICAL_PLASMA_SOURCE,NP82,true,SOURCE_DATA_INTENSITY,250752,POSITIVE_FINITE,true
PXD068107_WESTLAKE_OMNIPROT_TECHNICAL,Westlake University,heatmap_2b,2b_heatmap,20,BJV20,P10599,P10599,PXD068107_NP82,POOLED_TECHNICAL_PLASMA_SOURCE,NP82,true,SOURCE_DATA_INTENSITY,2058200,POSITIVE_FINITE,true
PXD068107_WESTLAKE_OMNIPROT_TECHNICAL,Westlake University,heatmap_2b,2b_heatmap,20,BKB20,P10644,P10644,PXD068107_NP82,POOLED_TECHNICAL_PLASMA_SOURCE,NP82,true,SOURCE_DATA_INTENSITY,332413,POSITIVE_FINITE,true
PXD068107_WESTLAKE_OMNIPROT_TECHNICAL,Westlake University,heatmap_2b,2b_heatmap,20,BKK20,P10809,P10809,PXD068107_NP82,POOLED_TECHNICAL_PLASMA_SOURCE,NP82,true,SOURCE_DATA_INTENSITY,4326860,POSITIVE_FINITE,true
PXD068107_WESTLAKE_OMNIPROT_TECHNICAL,Westlake University,heatmap_2b,2b_heatmap,20,BKP20,P11021,P11021,PXD068107_NP82,POOLED_TECHNICAL_PLASMA_SOURCE,NP82,true,SOURCE_DATA_INTENSITY,21141200,POSITIVE_FINITE,true
PXD068107_WESTLAKE_OMNIPROT_TECHNICAL,Westlake University,heatmap_2b,2b_heatmap,20,BKX20,P11166,P11166,PXD068107_NP82,POOLED_TECHNICAL_PLASMA_SOURCE,NP82,true,SOURCE_DATA_INTENSITY,77180.699999999997,POSITIVE_FINITE,true
PXD068107_WESTLAKE_OMNIPROT_TECHNICAL,Westlake University,heatmap_2b,2b_heatmap,20,BLT20,P11413,P11413,PXD068107_NP82,POOLED_TECHNICAL_PLASMA_SOURCE,NP82,true,SOURCE_DATA_INTENSITY,3528990,POSITIVE_FINITE,true
PXD068107_WESTLAKE_OMNIPROT_TECHNICAL,Westlake University,heatmap_2b,2b_heatmap,20,BOZ20,P13796,P13796,PXD068107_NP82,POOLED_TECHNICAL_PLASMA_SOURCE,NP82,true,SOURCE_DATA_INTENSITY,4441030,POSITIVE_FINITE,true
PXD068107_WESTLAKE_OMNIPROT_TECHNICAL,Westlake University,heatmap_2b,2b_heatmap,20,BQN20,P14868,P14868,PXD068107_NP82,POOLED_TECHNICAL_PLASMA_SOURCE,NP82,true,SOURCE_DATA_INTENSITY,4462910,POSITIVE_FINITE,true
PXD068107_WESTLAKE_OMNIPROT_TECHNICAL,Westlake University,heatmap_2b,2b_heatmap,20,BRP20,P15531,P15531,PXD068107_NP82,POOLED_TECHNICAL_PLASMA_SOURCE,NP82,true,SOURCE_DATA_INTENSITY,3808.04,POSITIVE_FINITE,true
PXD068107_WESTLAKE_OMNIPROT_TECHNICAL,Westlake University,heatmap_2b,2b_heatmap,20,BTD20,P16615,P16615,PXD068107_NP82,POOLED_TECHNICAL_PLASMA_SOURCE,NP82,true,SOURCE_DATA_INTENSITY,3930230,POSITIVE_FINITE,true
PXD068107_WESTLAKE_OMNIPROT_TECHNICAL,Westlake University,heatmap_2b,2b_heatmap,20,BWA20,P19367,P19367,PXD068107_NP82,POOLED_TECHNICAL_PLASMA_SOURCE,NP82,true,SOURCE_DATA_INTENSITY,2957820,POSITIVE_FINITE,true
PXD068107_WESTLAKE_OMNIPROT_TECHNICAL,Westlake University,heatmap_2b,2b_heatmap,20,BXV20,P20645,P20645,PXD068107_NP82,POOLED_TECHNICAL_PLASMA_SOURCE,NP82,true,SOURCE_DATA_INTENSITY,574560,POSITIVE_FINITE,true
PXD068107_WESTLAKE_OMNIPROT_TECHNICAL,Westlake University,heatmap_2b,2b_heatmap,20,BZN20,P21796,P21796,PXD068107_NP82,POOLED_TECHNICAL_PLASMA_SOURCE,NP82,true,SOURCE_DATA_INTENSITY,3259000,POSITIVE_FINITE,true
PXD068107_WESTLAKE_OMNIPROT_TECHNICAL,Westlake University,heatmap_2b,2b_heatmap,20,CBV20,P23284,P23284,PXD068107_NP82,POOLED_TECHNICAL_PLASMA_SOURCE,NP82,true,SOURCE_DATA_INTENSITY,11359800,POSITIVE_FINITE,true
PXD068107_WESTLAKE_OMNIPROT_TECHNICAL,Westlake University,heatmap_2b,2b_heatmap,20,CDO20,P24844,P24844,PXD068107_NP82,POOLED_TECHNICAL_PLASMA_SOURCE,NP82,true,SOURCE_DATA_INTENSITY,1385960,POSITIVE_FINITE,true
PXD068107_WESTLAKE_OMNIPROT_TECHNICAL,Westlake University,heatmap_2b,2b_heatmap,20,CES20,P26038,P26038,PXD068107_NP82,POOLED_TECHNICAL_PLASMA_SOURCE,NP82,true,SOURCE_DATA_INTENSITY,49157100,POSITIVE_FINITE,true
PXD068107_WESTLAKE_OMNIPROT_TECHNICAL,Westlake University,heatmap_2b,2b_heatmap,20,CFF20,P26641,P26641,PXD068107_NP82,POOLED_TECHNICAL_PLASMA_SOURCE,NP82,true,SOURCE_DATA_INTENSITY,3687710,POSITIVE_FINITE,true
PXD068107_WESTLAKE_OMNIPROT_TECHNICAL,Westlake University,heatmap_2b,2b_heatmap,20,CFP20,P27348,P27348,PXD068107_NP82,POOLED_TECHNICAL_PLASMA_SOURCE,NP82,true,SOURCE_DATA_INTENSITY,191811,POSITIVE_FINITE,true
PXD068107_WESTLAKE_OMNIPROT_TECHNICAL,Westlake University,heatmap_2b,2b_heatmap,20,CGC20,P27797,P27797,PXD068107_NP82,POOLED_TECHNICAL_PLASMA_SOURCE,NP82,true,SOURCE_DATA_INTENSITY,556679,POSITIVE_FINITE,true
PXD068107_WESTLAKE_OMNIPROT_TECHNICAL,Westlake University,heatmap_2b,2b_heatmap,20,CGL20,P28066,P28066,PXD068107_NP82,POOLED_TECHNICAL_PLASMA_SOURCE,NP82,true,SOURCE_DATA_INTENSITY,1138700,POSITIVE_FINITE,true
PXD068107_WESTLAKE_OMNIPROT_TECHNICAL,Westlake University,heatmap_2b,2b_heatmap,20,CGM20,P28070,P28070,PXD068107_NP82,POOLED_TECHNICAL_PLASMA_SOURCE,NP82,true,SOURCE_DATA_INTENSITY,1757940,POSITIVE_FINITE,true
PXD068107_WESTLAKE_OMNIPROT_TECHNICAL,Westlake University,heatmap_2b,2b_heatmap,20,CIL20,P30041,P30041,PXD068107_NP82,POOLED_TECHNICAL_PLASMA_SOURCE,NP82,true,SOURCE_DATA_INTENSITY,1237750,POSITIVE_FINITE,true
PXD068107_WESTLAKE_OMNIPROT_TECHNICAL,Westlake University,heatmap_2b,2b_heatmap,20,CIN20,P30044,P30044,PXD068107_NP82,POOLED_TECHNICAL_PLASMA_SOURCE,NP82,true,SOURCE_DATA_INTENSITY,550228,POSITIVE_FINITE,true
PXD068107_WESTLAKE_OMNIPROT_TECHNICAL,Westlake University,heatmap_2b,2b_heatmap,20,CIQ20,P30048,P30048,PXD068107_NP82,POOLED_TECHNICAL_PLASMA_SOURCE,NP82,true,SOURCE_DATA_INTENSITY,758961,POSITIVE_FINITE,true
PXD068107_WESTLAKE_OMNIPROT_TECHNICAL,Westlake University,heatmap_2b,2b_heatmap,20,CIW20,P30101,P30101,PXD068107_NP82,POOLED_TECHNICAL_PLASMA_SOURCE,NP82,true,SOURCE_DATA_INTENSITY,7637990,POSITIVE_FINITE,true
PXD068107_WESTLAKE_OMNIPROT_TECHNICAL,Westlake University,heatmap_2b,2b_heatmap,20,CQE20,P37802,P37802,PXD068107_NP82,POOLED_TECHNICAL_PLASMA_SOURCE,NP82,true,SOURCE_DATA_INTENSITY,12584300,POSITIVE_FINITE,true
PXD068107_WESTLAKE_OMNIPROT_TECHNICAL,Westlake University,heatmap_2b,2b_heatmap,20,CQM20,P38646,P38646,PXD068107_NP82,POOLED_TECHNICAL_PLASMA_SOURCE,NP82,true,SOURCE_DATA_INTENSITY,3694590,POSITIVE_FINITE,true
PXD068107_WESTLAKE_OMNIPROT_TECHNICAL,Westlake University,heatmap_2b,2b_heatmap,20,CUZ20,P45880,P45880,PXD068107_NP82,POOLED_TECHNICAL_PLASMA_SOURCE,NP82,true,SOURCE_DATA_INTENSITY,2198820,POSITIVE_FINITE,true
PXD068107_WESTLAKE_OMNIPROT_TECHNICAL,Westlake University,heatmap_2b,2b_heatmap,20,CZE20,P49411,P49411,PXD068107_NP82,POOLED_TECHNICAL_PLASMA_SOURCE,NP82,true,SOURCE_DATA_INTENSITY,758526,POSITIVE_FINITE,true
PXD068107_WESTLAKE_OMNIPROT_TECHNICAL,Westlake University,heatmap_2b,2b_heatmap,20,DCJ20,P50990,P50990,PXD068107_NP82,POOLED_TECHNICAL_PLASMA_SOURCE,NP82,true,SOURCE_DATA_INTENSITY,717794,POSITIVE_FINITE,true
PXD068107_WESTLAKE_OMNIPROT_TECHNICAL,Westlake University,heatmap_2b,2b_heatmap,20,DCK20,P50991,P50991,PXD068107_NP82,POOLED_TECHNICAL_PLASMA_SOURCE,NP82,true,SOURCE_DATA_INTENSITY,503152,POSITIVE_FINITE,true
PXD068107_WESTLAKE_OMNIPROT_TECHNICAL,Westlake University,heatmap_2b,2b_heatmap,20,DCL20,P50995,P50995,PXD068107_NP82,POOLED_TECHNICAL_PLASMA_SOURCE,NP82,true,SOURCE_DATA_INTENSITY,458364,POSITIVE_FINITE,true
PXD068107_WESTLAKE_OMNIPROT_TECHNICAL,Westlake University,heatmap_2b,2b_heatmap,20,DFZ20,P52907,P52907,PXD068107_NP82,POOLED_TECHNICAL_PLASMA_SOURCE,NP82,true,SOURCE_DATA_INTENSITY,737639,POSITIVE_FINITE,true
PXD068107_WESTLAKE_OMNIPROT_TECHNICAL,Westlake University,heatmap_2b,2b_heatmap,20,DGJ20,P53396,P53396,PXD068107_NP82,POOLED_TECHNICAL_PLASMA_SOURCE,NP82,true,SOURCE_DATA_INTENSITY,860525,POSITIVE_FINITE,true
PXD068107_WESTLAKE_OMNIPROT_TECHNICAL,Westlake University,heatmap_2b,2b_heatmap,20,DIY20,P55072,P55072,PXD068107_NP82,POOLED_TECHNICAL_PLASMA_SOURCE,NP82,true,SOURCE_DATA_INTENSITY,2019040,POSITIVE_FINITE,true
PXD068107_WESTLAKE_OMNIPROT_TECHNICAL,Westlake University,heatmap_2b,2b_heatmap,20,DMJ20,P60174,P60174,PXD068107_NP82,POOLED_TECHNICAL_PLASMA_SOURCE,NP82,true,SOURCE_DATA_INTENSITY,3304320,POSITIVE_FINITE,true
PXD068107_WESTLAKE_OMNIPROT_TECHNICAL,Westlake University,heatmap_2b,2b_heatmap,20,DNG20,P61006,P61006,PXD068107_NP82,POOLED_TECHNICAL_PLASMA_SOURCE,NP82,true,SOURCE_DATA_INTENSITY,1509460,POSITIVE_FINITE,true
PXD068107_WESTLAKE_OMNIPROT_TECHNICAL,Westlake University,heatmap_2b,2b_heatmap,20,DNM20,P61026,P61026,PXD068107_NP82,POOLED_TECHNICAL_PLASMA_SOURCE,NP82,true,SOURCE_DATA_INTENSITY,1021830,POSITIVE_FINITE,true
PXD068107_WESTLAKE_OMNIPROT_TECHNICAL,Westlake University,heatmap_2b,2b_heatmap,20,DNS20,P61106,P61106,PXD068107_NP82,POOLED_TECHNICAL_PLASMA_SOURCE,NP82,true,SOURCE_DATA_INTENSITY,2042490,POSITIVE_FINITE,true
PXD068107_WESTLAKE_OMNIPROT_TECHNICAL,Westlake University,heatmap_2b,2b_heatmap,20,DPG20,P61978,P61978,PXD068107_NP82,POOLED_TECHNICAL_PLASMA_SOURCE,NP82,true,SOURCE_DATA_INTENSITY,235554,POSITIVE_FINITE,true
PXD068107_WESTLAKE_OMNIPROT_TECHNICAL,Westlake University,heatmap_2b,2b_heatmap,20,DPH20,P61981,P61981,PXD068107_NP82,POOLED_TECHNICAL_PLASMA_SOURCE,NP82,true,SOURCE_DATA_INTENSITY,1918940,POSITIVE_FINITE,true
PXD068107_WESTLAKE_OMNIPROT_TECHNICAL,Westlake University,heatmap_2b,2b_heatmap,20,DQK20,P62330,P62330,PXD068107_NP82,POOLED_TECHNICAL_PLASMA_SOURCE,NP82,true,SOURCE_DATA_INTENSITY,374447,POSITIVE_FINITE,true
PXD068107_WESTLAKE_OMNIPROT_TECHNICAL,Westlake University,heatmap_2b,2b_heatmap,20,DQX20,P62805,P62805,PXD068107_NP82,POOLED_TECHNICAL_PLASMA_SOURCE,NP82,true,SOURCE_DATA_INTENSITY,10901700,POSITIVE_FINITE,true
PXD068107_WESTLAKE_OMNIPROT_TECHNICAL,Westlake University,heatmap_2b,2b_heatmap,20,DRY20,P63000,P63000,PXD068107_NP82,POOLED_TECHNICAL_PLASMA_SOURCE,NP82,true,SOURCE_DATA_INTENSITY,814129,POSITIVE_FINITE,true
PXD068107_WESTLAKE_OMNIPROT_TECHNICAL,Westlake University,heatmap_2b,2b_heatmap,20,DTD20,P68366,P68366,PXD068107_NP82,POOLED_TECHNICAL_PLASMA_SOURCE,NP82,true,SOURCE_DATA_INTENSITY,16757900,POSITIVE_FINITE,true
PXD068107_WESTLAKE_OMNIPROT_TECHNICAL,Westlake University,heatmap_2b,2b_heatmap,20,DUE20,P78417,P78417,PXD068107_NP82,POOLED_TECHNICAL_PLASMA_SOURCE,NP82,true,SOURCE_DATA_INTENSITY,2700670,POSITIVE_FINITE,true
PXD068107_WESTLAKE_OMNIPROT_TECHNICAL,Westlake University,heatmap_2b,2b_heatmap,20,EAQ20,Q04695,Q04695,PXD068107_NP82,POOLED_TECHNICAL_PLASMA_SOURCE,NP82,true,SOURCE_DATA_INTENSITY,50116200,POSITIVE_FINITE,true
PXD068107_WESTLAKE_OMNIPROT_TECHNICAL,Westlake University,heatmap_2b,2b_heatmap,20,EPH20,Q14247,Q14247,PXD068107_NP82,POOLED_TECHNICAL_PLASMA_SOURCE,NP82,true,SOURCE_DATA_INTENSITY,509247,POSITIVE_FINITE,true
PXD068107_WESTLAKE_OMNIPROT_TECHNICAL,Westlake University,heatmap_2b,2b_heatmap,20,ESK20,Q14974,Q14974,PXD068107_NP82,POOLED_TECHNICAL_PLASMA_SOURCE,NP82,true,SOURCE_DATA_INTENSITY,986439,POSITIVE_FINITE,true
PXD068107_WESTLAKE_OMNIPROT_TECHNICAL,Westlake University,heatmap_2b,2b_heatmap,20,EUC20,Q15084,Q15084,PXD068107_NP82,POOLED_TECHNICAL_PLASMA_SOURCE,NP82,true,SOURCE_DATA_INTENSITY,877007,POSITIVE_FINITE,true
PXD068107_WESTLAKE_OMNIPROT_TECHNICAL,Westlake University,heatmap_2b,2b_heatmap,20,EVQ20,Q15365,Q15365,PXD068107_NP82,POOLED_TECHNICAL_PLASMA_SOURCE,NP82,true,SOURCE_DATA_INTENSITY,1692270,POSITIVE_FINITE,true
PXD068107_WESTLAKE_OMNIPROT_TECHNICAL,Westlake University,heatmap_2b,2b_heatmap,20,EWB20,Q15404,Q15404,PXD068107_NP82,POOLED_TECHNICAL_PLASMA_SOURCE,NP82,true,SOURCE_DATA_INTENSITY,5084200,POSITIVE_FINITE,true
PXD068107_WESTLAKE_OMNIPROT_TECHNICAL,Westlake University,heatmap_2b,2b_heatmap,20,EXI20,Q15691,Q15691,PXD068107_NP82,POOLED_TECHNICAL_PLASMA_SOURCE,NP82,true,SOURCE_DATA_INTENSITY,590427,POSITIVE_FINITE,true
PXD068107_WESTLAKE_OMNIPROT_TECHNICAL,Westlake University,heatmap_2b,2b_heatmap,20,EYN20,Q15942,Q15942,PXD068107_NP82,POOLED_TECHNICAL_PLASMA_SOURCE,NP82,true,SOURCE_DATA_INTENSITY,1813050,POSITIVE_FINITE,true
PXD068107_WESTLAKE_OMNIPROT_TECHNICAL,Westlake University,heatmap_2b,2b_heatmap,20,EZF20,Q16543,Q16543,PXD068107_NP82,POOLED_TECHNICAL_PLASMA_SOURCE,NP82,true,SOURCE_DATA_INTENSITY,185024,POSITIVE_FINITE,true
PXD068107_WESTLAKE_OMNIPROT_TECHNICAL,Westlake University,heatmap_2b,2b_heatmap,20,EZZ20,Q16643,Q16643,PXD068107_NP82,POOLED_TECHNICAL_PLASMA_SOURCE,NP82,true,SOURCE_DATA_INTENSITY,194107,POSITIVE_FINITE,true
PXD068107_WESTLAKE_OMNIPROT_TECHNICAL,Westlake University,heatmap_2b,2b_heatmap,20,FAP20,Q16762,Q16762,PXD068107_NP82,POOLED_TECHNICAL_PLASMA_SOURCE,NP82,true,SOURCE_DATA_INTENSITY,437474,POSITIVE_FINITE,true
PXD068107_WESTLAKE_OMNIPROT_TECHNICAL,Westlake University,heatmap_2b,2b_heatmap,20,FBY20,Q27J81,Q27J81,PXD068107_NP82,POOLED_TECHNICAL_PLASMA_SOURCE,NP82,true,SOURCE_DATA_INTENSITY,3477680,POSITIVE_FINITE,true
PXD068107_WESTLAKE_OMNIPROT_TECHNICAL,Westlake University,heatmap_2b,2b_heatmap,20,FGK20,Q58FF8,Q58FF8,PXD068107_NP82,POOLED_TECHNICAL_PLASMA_SOURCE,NP82,true,SOURCE_DATA_INTENSITY,23847.400000000001,POSITIVE_FINITE,true
PXD068107_WESTLAKE_OMNIPROT_TECHNICAL,Westlake University,heatmap_2b,2b_heatmap,20,FYD20,Q70J99,Q70J99,PXD068107_NP82,POOLED_TECHNICAL_PLASMA_SOURCE,NP82,true,SOURCE_DATA_INTENSITY,21957800,POSITIVE_FINITE,true
PXD068107_WESTLAKE_OMNIPROT_TECHNICAL,Westlake University,heatmap_2b,2b_heatmap,20,FZH20,Q7L576,Q7L576,PXD068107_NP82,POOLED_TECHNICAL_PLASMA_SOURCE,NP82,true,SOURCE_DATA_INTENSITY,1133690,POSITIVE_FINITE,true
PXD068107_WESTLAKE_OMNIPROT_TECHNICAL,Westlake University,heatmap_2b,2b_heatmap,20,GBF20,Q7Z406,Q7Z406,PXD068107_NP82,POOLED_TECHNICAL_PLASMA_SOURCE,NP82,true,SOURCE_DATA_INTENSITY,757235,POSITIVE_FINITE,true
PXD068107_WESTLAKE_OMNIPROT_TECHNICAL,Westlake University,heatmap_2b,2b_heatmap,20,GFO20,Q86VP6,Q86VP6,PXD068107_NP82,POOLED_TECHNICAL_PLASMA_SOURCE,NP82,true,SOURCE_DATA_INTENSITY,415807,POSITIVE_FINITE,true
PXD068107_WESTLAKE_OMNIPROT_TECHNICAL,Westlake University,heatmap_2b,2b_heatmap,20,GXT20,Q8TC12,Q8TC12,PXD068107_NP82,POOLED_TECHNICAL_PLASMA_SOURCE,NP82,true,SOURCE_DATA_INTENSITY,1871470,POSITIVE_FINITE,true
PXD068107_WESTLAKE_OMNIPROT_TECHNICAL,Westlake University,heatmap_2b,2b_heatmap,20,HJL20,Q93084,Q93084,PXD068107_NP82,POOLED_TECHNICAL_PLASMA_SOURCE,NP82,true,SOURCE_DATA_INTENSITY,11407200,POSITIVE_FINITE,true
PXD068107_WESTLAKE_OMNIPROT_TECHNICAL,Westlake University,heatmap_2b,2b_heatmap,20,IBO20,Q99733,Q99733,PXD068107_NP82,POOLED_TECHNICAL_PLASMA_SOURCE,NP82,true,SOURCE_DATA_INTENSITY,486323,POSITIVE_FINITE,true
PXD068107_WESTLAKE_OMNIPROT_TECHNICAL,Westlake University,heatmap_2b,2b_heatmap,20,ICI20,Q99832,Q99832,PXD068107_NP82,POOLED_TECHNICAL_PLASMA_SOURCE,NP82,true,SOURCE_DATA_INTENSITY,584655,POSITIVE_FINITE,true
PXD068107_WESTLAKE_OMNIPROT_TECHNICAL,Westlake University,heatmap_2b,2b_heatmap,20,IFI20,Q9BS26,Q9BS26,PXD068107_NP82,POOLED_TECHNICAL_PLASMA_SOURCE,NP82,true,SOURCE_DATA_INTENSITY,1701920,POSITIVE_FINITE,true
PXD068107_WESTLAKE_OMNIPROT_TECHNICAL,Westlake University,heatmap_2b,2b_heatmap,20,IFU20,Q9BSJ8,Q9BSJ8,PXD068107_NP82,POOLED_TECHNICAL_PLASMA_SOURCE,NP82,true,SOURCE_DATA_INTENSITY,1611800,POSITIVE_FINITE,true
PXD068107_WESTLAKE_OMNIPROT_TECHNICAL,Westlake University,heatmap_2b,2b_heatmap,20,ITX20,Q9H4B7,Q9H4B7,PXD068107_NP82,POOLED_TECHNICAL_PLASMA_SOURCE,NP82,true,SOURCE_DATA_INTENSITY,43925500,POSITIVE_FINITE,true
PXD068107_WESTLAKE_OMNIPROT_TECHNICAL,Westlake University,heatmap_2b,2b_heatmap,20,JAC20,Q9HDC9,Q9HDC9,PXD068107_NP82,POOLED_TECHNICAL_PLASMA_SOURCE,NP82,true,SOURCE_DATA_INTENSITY,21537100,POSITIVE_FINITE,true
PXD068107_WESTLAKE_OMNIPROT_TECHNICAL,Westlake University,heatmap_2b,2b_heatmap,20,JCH20,Q9NQC3,Q9NQC3,PXD068107_NP82,POOLED_TECHNICAL_PLASMA_SOURCE,NP82,true,SOURCE_DATA_INTENSITY,977559,POSITIVE_FINITE,true
PXD068107_WESTLAKE_OMNIPROT_TECHNICAL,Westlake University,heatmap_2b,2b_heatmap,20,JDC20,Q9NR12,Q9NR12,PXD068107_NP82,POOLED_TECHNICAL_PLASMA_SOURCE,NP82,true,SOURCE_DATA_INTENSITY,688844,POSITIVE_FINITE,true
PXD068107_WESTLAKE_OMNIPROT_TECHNICAL,Westlake University,heatmap_2b,2b_heatmap,20,JEP20,Q9NRW1,Q9NRW1,PXD068107_NP82,POOLED_TECHNICAL_PLASMA_SOURCE,NP82,true,SOURCE_DATA_INTENSITY,1559560,POSITIVE_FINITE,true
PXD068107_WESTLAKE_OMNIPROT_TECHNICAL,Westlake University,heatmap_2b,2b_heatmap,20,JFD20,Q9NS28,Q9NS28,PXD068107_NP82,POOLED_TECHNICAL_PLASMA_SOURCE,NP82,true,SOURCE_DATA_INTENSITY,424777,POSITIVE_FINITE,true
PXD068107_WESTLAKE_OMNIPROT_TECHNICAL,Westlake University,heatmap_2b,2b_heatmap,20,JKP20,Q9NY65,Q9NY65,PXD068107_NP82,POOLED_TECHNICAL_PLASMA_SOURCE,NP82,true,SOURCE_DATA_INTENSITY,827445,POSITIVE_FINITE,true
PXD068107_WESTLAKE_OMNIPROT_TECHNICAL,Westlake University,heatmap_2b,2b_heatmap,20,KDT20,Q9Y2A7,Q9Y2A7,PXD068107_NP82,POOLED_TECHNICAL_PLASMA_SOURCE,NP82,true,SOURCE_DATA_INTENSITY,880835,POSITIVE_FINITE,true
PXD068107_WESTLAKE_OMNIPROT_TECHNICAL,Westlake University,heatmap_2b,2b_heatmap,20,KHC20,Q9Y3F4,Q9Y3F4,PXD068107_NP82,POOLED_TECHNICAL_PLASMA_SOURCE,NP82,true,SOURCE_DATA_INTENSITY,54487.199999999997,POSITIVE_FINITE,true
PXD068107_WESTLAKE_OMNIPROT_TECHNICAL,Westlake University,heatmap_2b,2b_heatmap,21,GY21,O00151,O00151,PXD068107_NP85,POOLED_TECHNICAL_PLASMA_SOURCE,NP85,true,SOURCE_DATA_INTENSITY,2309520,POSITIVE_FINITE,true
PXD068107_WESTLAKE_OMNIPROT_TECHNICAL,Westlake University,heatmap_2b,2b_heatmap,21,HI21,O00187,O00187,PXD068107_NP85,POOLED_TECHNICAL_PLASMA_SOURCE,NP85,true,SOURCE_DATA_INTENSITY,11335700,POSITIVE_FINITE,true
PXD068107_WESTLAKE_OMNIPROT_TECHNICAL,Westlake University,heatmap_2b,2b_heatmap,21,HZ21,O00264,O00264,PXD068107_NP85,POOLED_TECHNICAL_PLASMA_SOURCE,NP85,true,SOURCE_DATA_INTENSITY,1330260,POSITIVE_FINITE,true
PXD068107_WESTLAKE_OMNIPROT_TECHNICAL,Westlake University,heatmap_2b,2b_heatmap,21,IE21,O00299,O00299,PXD068107_NP85,POOLED_TECHNICAL_PLASMA_SOURCE,NP85,true,SOURCE_DATA_INTENSITY,4865340,POSITIVE_FINITE,true
PXD068107_WESTLAKE_OMNIPROT_TECHNICAL,Westlake University,heatmap_2b,2b_heatmap,21,IQ21,O00410,O00410,PXD068107_NP85,POOLED_TECHNICAL_PLASMA_SOURCE,NP85,true,SOURCE_DATA_INTENSITY,80916.5,POSITIVE_FINITE,true
PXD068107_WESTLAKE_OMNIPROT_TECHNICAL,Westlake University,heatmap_2b,2b_heatmap,21,OY21,O15145,O15145,PXD068107_NP85,POOLED_TECHNICAL_PLASMA_SOURCE,NP85,true,SOURCE_DATA_INTENSITY,2907200,POSITIVE_FINITE,true
PXD068107_WESTLAKE_OMNIPROT_TECHNICAL,Westlake University,heatmap_2b,2b_heatmap,21,AAP21,O75083,O75083,PXD068107_NP85,POOLED_TECHNICAL_PLASMA_SOURCE,NP85,true,SOURCE_DATA_INTENSITY,4037740,POSITIVE_FINITE,true
PXD068107_WESTLAKE_OMNIPROT_TECHNICAL,Westlake University,heatmap_2b,2b_heatmap,21,ADS21,O75531,O75531,PXD068107_NP85,POOLED_TECHNICAL_PLASMA_SOURCE,NP85,true,SOURCE_DATA_INTENSITY,,SOURCE_NA,false
PXD068107_WESTLAKE_OMNIPROT_TECHNICAL,Westlake University,heatmap_2b,2b_heatmap,21,AOR21,P00387,P00387,PXD068107_NP85,POOLED_TECHNICAL_PLASMA_SOURCE,NP85,true,SOURCE_DATA_INTENSITY,11247400,POSITIVE_FINITE,true
PXD068107_WESTLAKE_OMNIPROT_TECHNICAL,Westlake University,heatmap_2b,2b_heatmap,21,AOT21,P00403,P00403,PXD068107_NP85,POOLED_TECHNICAL_PLASMA_SOURCE,NP85,true,SOURCE_DATA_INTENSITY,211588,POSITIVE_FINITE,true
PXD068107_WESTLAKE_OMNIPROT_TECHNICAL,Westlake University,heatmap_2b,2b_heatmap,21,ARE21,P01275,P01275,PXD068107_NP85,POOLED_TECHNICAL_PLASMA_SOURCE,NP85,true,SOURCE_DATA_INTENSITY,90271.300000000003,POSITIVE_FINITE,true
PXD068107_WESTLAKE_OMNIPROT_TECHNICAL,Westlake University,heatmap_2b,2b_heatmap,21,AVX21,P04004,P04004,PXD068107_NP85,POOLED_TECHNICAL_PLASMA_SOURCE,NP85,true,SOURCE_DATA_INTENSITY,274437000,POSITIVE_FINITE,true
PXD068107_WESTLAKE_OMNIPROT_TECHNICAL,Westlake University,heatmap_2b,2b_heatmap,21,AWW21,P04264,P04264,PXD068107_NP85,POOLED_TECHNICAL_PLASMA_SOURCE,NP85,true,SOURCE_DATA_INTENSITY,177068000,POSITIVE_FINITE,true
PXD068107_WESTLAKE_OMNIPROT_TECHNICAL,Westlake University,heatmap_2b,2b_heatmap,21,AXO21,P04844,P04844,PXD068107_NP85,POOLED_TECHNICAL_PLASMA_SOURCE,NP85,true,SOURCE_DATA_INTENSITY,836049,POSITIVE_FINITE,true
PXD068107_WESTLAKE_OMNIPROT_TECHNICAL,Westlake University,heatmap_2b,2b_heatmap,21,AXU21,P05023,P05023,PXD068107_NP85,POOLED_TECHNICAL_PLASMA_SOURCE,NP85,true,SOURCE_DATA_INTENSITY,1606360,POSITIVE_FINITE,true
PXD068107_WESTLAKE_OMNIPROT_TECHNICAL,Westlake University,heatmap_2b,2b_heatmap,21,AZG21,P05556,P05556,PXD068107_NP85,POOLED_TECHNICAL_PLASMA_SOURCE,NP85,true,SOURCE_DATA_INTENSITY,4588530,POSITIVE_FINITE,true
PXD068107_WESTLAKE_OMNIPROT_TECHNICAL,Westlake University,heatmap_2b,2b_heatmap,21,BAA21,P06396,P06396,PXD068107_NP85,POOLED_TECHNICAL_PLASMA_SOURCE,NP85,true,SOURCE_DATA_INTENSITY,236425000,POSITIVE_FINITE,true
PXD068107_WESTLAKE_OMNIPROT_TECHNICAL,Westlake University,heatmap_2b,2b_heatmap,21,BAC21,P06576,P06576,PXD068107_NP85,POOLED_TECHNICAL_PLASMA_SOURCE,NP85,true,SOURCE_DATA_INTENSITY,1023230,POSITIVE_FINITE,true
PXD068107_WESTLAKE_OMNIPROT_TECHNICAL,Westlake University,heatmap_2b,2b_heatmap,21,BCX21,P07996,P07996,PXD068107_NP85,POOLED_TECHNICAL_PLASMA_SOURCE,NP85,true,SOURCE_DATA_INTENSITY,57914300,POSITIVE_FINITE,true
PXD068107_WESTLAKE_OMNIPROT_TECHNICAL,Westlake University,heatmap_2b,2b_heatmap,21,BGG21,P09493,P09493,PXD068107_NP85,POOLED_TECHNICAL_PLASMA_SOURCE,NP85,true,SOURCE_DATA_INTENSITY,110864,POSITIVE_FINITE,true
PXD068107_WESTLAKE_OMNIPROT_TECHNICAL,Westlake University,heatmap_2b,2b_heatmap,21,BJV21,P10599,P10599,PXD068107_NP85,POOLED_TECHNICAL_PLASMA_SOURCE,NP85,true,SOURCE_DATA_INTENSITY,2135440,POSITIVE_FINITE,true
PXD068107_WESTLAKE_OMNIPROT_TECHNICAL,Westlake University,heatmap_2b,2b_heatmap,21,BKB21,P10644,P10644,PXD068107_NP85,POOLED_TECHNICAL_PLASMA_SOURCE,NP85,true,SOURCE_DATA_INTENSITY,784813,POSITIVE_FINITE,true
PXD068107_WESTLAKE_OMNIPROT_TECHNICAL,Westlake University,heatmap_2b,2b_heatmap,21,BKK21,P10809,P10809,PXD068107_NP85,POOLED_TECHNICAL_PLASMA_SOURCE,NP85,true,SOURCE_DATA_INTENSITY,2152300,POSITIVE_FINITE,true
PXD068107_WESTLAKE_OMNIPROT_TECHNICAL,Westlake University,heatmap_2b,2b_heatmap,21,BKP21,P11021,P11021,PXD068107_NP85,POOLED_TECHNICAL_PLASMA_SOURCE,NP85,true,SOURCE_DATA_INTENSITY,6931360,POSITIVE_FINITE,true
PXD068107_WESTLAKE_OMNIPROT_TECHNICAL,Westlake University,heatmap_2b,2b_heatmap,21,BKX21,P11166,P11166,PXD068107_NP85,POOLED_TECHNICAL_PLASMA_SOURCE,NP85,true,SOURCE_DATA_INTENSITY,2690700,POSITIVE_FINITE,true
PXD068107_WESTLAKE_OMNIPROT_TECHNICAL,Westlake University,heatmap_2b,2b_heatmap,21,BLT21,P11413,P11413,PXD068107_NP85,POOLED_TECHNICAL_PLASMA_SOURCE,NP85,true,SOURCE_DATA_INTENSITY,754203,POSITIVE_FINITE,true
PXD068107_WESTLAKE_OMNIPROT_TECHNICAL,Westlake University,heatmap_2b,2b_heatmap,21,BOZ21,P13796,P13796,PXD068107_NP85,POOLED_TECHNICAL_PLASMA_SOURCE,NP85,true,SOURCE_DATA_INTENSITY,1776040,POSITIVE_FINITE,true
PXD068107_WESTLAKE_OMNIPROT_TECHNICAL,Westlake University,heatmap_2b,2b_heatmap,21,BQN21,P14868,P14868,PXD068107_NP85,POOLED_TECHNICAL_PLASMA_SOURCE,NP85,true,SOURCE_DATA_INTENSITY,942637,POSITIVE_FINITE,true
PXD068107_WESTLAKE_OMNIPROT_TECHNICAL,Westlake University,heatmap_2b,2b_heatmap,21,BRP21,P15531,P15531,PXD068107_NP85,POOLED_TECHNICAL_PLASMA_SOURCE,NP85,true,SOURCE_DATA_INTENSITY,484314,POSITIVE_FINITE,true
PXD068107_WESTLAKE_OMNIPROT_TECHNICAL,Westlake University,heatmap_2b,2b_heatmap,21,BTD21,P16615,P16615,PXD068107_NP85,POOLED_TECHNICAL_PLASMA_SOURCE,NP85,true,SOURCE_DATA_INTENSITY,3618640,POSITIVE_FINITE,true
PXD068107_WESTLAKE_OMNIPROT_TECHNICAL,Westlake University,heatmap_2b,2b_heatmap,21,BWA21,P19367,P19367,PXD068107_NP85,POOLED_TECHNICAL_PLASMA_SOURCE,NP85,true,SOURCE_DATA_INTENSITY,4215350,POSITIVE_FINITE,true
PXD068107_WESTLAKE_OMNIPROT_TECHNICAL,Westlake University,heatmap_2b,2b_heatmap,21,BXV21,P20645,P20645,PXD068107_NP85,POOLED_TECHNICAL_PLASMA_SOURCE,NP85,true,SOURCE_DATA_INTENSITY,183243,POSITIVE_FINITE,true
PXD068107_WESTLAKE_OMNIPROT_TECHNICAL,Westlake University,heatmap_2b,2b_heatmap,21,BZN21,P21796,P21796,PXD068107_NP85,POOLED_TECHNICAL_PLASMA_SOURCE,NP85,true,SOURCE_DATA_INTENSITY,1422680,POSITIVE_FINITE,true
PXD068107_WESTLAKE_OMNIPROT_TECHNICAL,Westlake University,heatmap_2b,2b_heatmap,21,CBV21,P23284,P23284,PXD068107_NP85,POOLED_TECHNICAL_PLASMA_SOURCE,NP85,true,SOURCE_DATA_INTENSITY,2439110,POSITIVE_FINITE,true
PXD068107_WESTLAKE_OMNIPROT_TECHNICAL,Westlake University,heatmap_2b,2b_heatmap,21,CDO21,P24844,P24844,PXD068107_NP85,POOLED_TECHNICAL_PLASMA_SOURCE,NP85,true,SOURCE_DATA_INTENSITY,2808930,POSITIVE_FINITE,true
PXD068107_WESTLAKE_OMNIPROT_TECHNICAL,Westlake University,heatmap_2b,2b_heatmap,21,CES21,P26038,P26038,PXD068107_NP85,POOLED_TECHNICAL_PLASMA_SOURCE,NP85,true,SOURCE_DATA_INTENSITY,26383300,POSITIVE_FINITE,true
PXD068107_WESTLAKE_OMNIPROT_TECHNICAL,Westlake University,heatmap_2b,2b_heatmap,21,CFF21,P26641,P26641,PXD068107_NP85,POOLED_TECHNICAL_PLASMA_SOURCE,NP85,true,SOURCE_DATA_INTENSITY,8363520,POSITIVE_FINITE,true
PXD068107_WESTLAKE_OMNIPROT_TECHNICAL,Westlake University,heatmap_2b,2b_heatmap,21,CFP21,P27348,P27348,PXD068107_NP85,POOLED_TECHNICAL_PLASMA_SOURCE,NP85,true,SOURCE_DATA_INTENSITY,1009860,POSITIVE_FINITE,true
PXD068107_WESTLAKE_OMNIPROT_TECHNICAL,Westlake University,heatmap_2b,2b_heatmap,21,CGC21,P27797,P27797,PXD068107_NP85,POOLED_TECHNICAL_PLASMA_SOURCE,NP85,true,SOURCE_DATA_INTENSITY,1670420,POSITIVE_FINITE,true
PXD068107_WESTLAKE_OMNIPROT_TECHNICAL,Westlake University,heatmap_2b,2b_heatmap,21,CGL21,P28066,P28066,PXD068107_NP85,POOLED_TECHNICAL_PLASMA_SOURCE,NP85,true,SOURCE_DATA_INTENSITY,542087,POSITIVE_FINITE,true
PXD068107_WESTLAKE_OMNIPROT_TECHNICAL,Westlake University,heatmap_2b,2b_heatmap,21,CGM21,P28070,P28070,PXD068107_NP85,POOLED_TECHNICAL_PLASMA_SOURCE,NP85,true,SOURCE_DATA_INTENSITY,766230,POSITIVE_FINITE,true
PXD068107_WESTLAKE_OMNIPROT_TECHNICAL,Westlake University,heatmap_2b,2b_heatmap,21,CIL21,P30041,P30041,PXD068107_NP85,POOLED_TECHNICAL_PLASMA_SOURCE,NP85,true,SOURCE_DATA_INTENSITY,5255890,POSITIVE_FINITE,true
PXD068107_WESTLAKE_OMNIPROT_TECHNICAL,Westlake University,heatmap_2b,2b_heatmap,21,CIN21,P30044,P30044,PXD068107_NP85,POOLED_TECHNICAL_PLASMA_SOURCE,NP85,true,SOURCE_DATA_INTENSITY,742044,POSITIVE_FINITE,true
PXD068107_WESTLAKE_OMNIPROT_TECHNICAL,Westlake University,heatmap_2b,2b_heatmap,21,CIQ21,P30048,P30048,PXD068107_NP85,POOLED_TECHNICAL_PLASMA_SOURCE,NP85,true,SOURCE_DATA_INTENSITY,151917,POSITIVE_FINITE,true
PXD068107_WESTLAKE_OMNIPROT_TECHNICAL,Westlake University,heatmap_2b,2b_heatmap,21,CIW21,P30101,P30101,PXD068107_NP85,POOLED_TECHNICAL_PLASMA_SOURCE,NP85,true,SOURCE_DATA_INTENSITY,3084250,POSITIVE_FINITE,true
PXD068107_WESTLAKE_OMNIPROT_TECHNICAL,Westlake University,heatmap_2b,2b_heatmap,21,CQE21,P37802,P37802,PXD068107_NP85,POOLED_TECHNICAL_PLASMA_SOURCE,NP85,true,SOURCE_DATA_INTENSITY,19021300,POSITIVE_FINITE,true
PXD068107_WESTLAKE_OMNIPROT_TECHNICAL,Westlake University,heatmap_2b,2b_heatmap,21,CQM21,P38646,P38646,PXD068107_NP85,POOLED_TECHNICAL_PLASMA_SOURCE,NP85,true,SOURCE_DATA_INTENSITY,4792030,POSITIVE_FINITE,true
PXD068107_WESTLAKE_OMNIPROT_TECHNICAL,Westlake University,heatmap_2b,2b_heatmap,21,CUZ21,P45880,P45880,PXD068107_NP85,POOLED_TECHNICAL_PLASMA_SOURCE,NP85,true,SOURCE_DATA_INTENSITY,3555240,POSITIVE_FINITE,true
PXD068107_WESTLAKE_OMNIPROT_TECHNICAL,Westlake University,heatmap_2b,2b_heatmap,21,CZE21,P49411,P49411,PXD068107_NP85,POOLED_TECHNICAL_PLASMA_SOURCE,NP85,true,SOURCE_DATA_INTENSITY,947934,POSITIVE_FINITE,true
PXD068107_WESTLAKE_OMNIPROT_TECHNICAL,Westlake University,heatmap_2b,2b_heatmap,21,DCJ21,P50990,P50990,PXD068107_NP85,POOLED_TECHNICAL_PLASMA_SOURCE,NP85,true,SOURCE_DATA_INTENSITY,1759550,POSITIVE_FINITE,true
PXD068107_WESTLAKE_OMNIPROT_TECHNICAL,Westlake University,heatmap_2b,2b_heatmap,21,DCK21,P50991,P50991,PXD068107_NP85,POOLED_TECHNICAL_PLASMA_SOURCE,NP85,true,SOURCE_DATA_INTENSITY,1472850,POSITIVE_FINITE,true
PXD068107_WESTLAKE_OMNIPROT_TECHNICAL,Westlake University,heatmap_2b,2b_heatmap,21,DCL21,P50995,P50995,PXD068107_NP85,POOLED_TECHNICAL_PLASMA_SOURCE,NP85,true,SOURCE_DATA_INTENSITY,1362250,POSITIVE_FINITE,true
PXD068107_WESTLAKE_OMNIPROT_TECHNICAL,Westlake University,heatmap_2b,2b_heatmap,21,DFZ21,P52907,P52907,PXD068107_NP85,POOLED_TECHNICAL_PLASMA_SOURCE,NP85,true,SOURCE_DATA_INTENSITY,1672450,POSITIVE_FINITE,true
PXD068107_WESTLAKE_OMNIPROT_TECHNICAL,Westlake University,heatmap_2b,2b_heatmap,21,DGJ21,P53396,P53396,PXD068107_NP85,POOLED_TECHNICAL_PLASMA_SOURCE,NP85,true,SOURCE_DATA_INTENSITY,613445,POSITIVE_FINITE,true
PXD068107_WESTLAKE_OMNIPROT_TECHNICAL,Westlake University,heatmap_2b,2b_heatmap,21,DIY21,P55072,P55072,PXD068107_NP85,POOLED_TECHNICAL_PLASMA_SOURCE,NP85,true,SOURCE_DATA_INTENSITY,2356720,POSITIVE_FINITE,true
PXD068107_WESTLAKE_OMNIPROT_TECHNICAL,Westlake University,heatmap_2b,2b_heatmap,21,DMJ21,P60174,P60174,PXD068107_NP85,POOLED_TECHNICAL_PLASMA_SOURCE,NP85,true,SOURCE_DATA_INTENSITY,3976250,POSITIVE_FINITE,true
PXD068107_WESTLAKE_OMNIPROT_TECHNICAL,Westlake University,heatmap_2b,2b_heatmap,21,DNG21,P61006,P61006,PXD068107_NP85,POOLED_TECHNICAL_PLASMA_SOURCE,NP85,true,SOURCE_DATA_INTENSITY,2832250,POSITIVE_FINITE,true
PXD068107_WESTLAKE_OMNIPROT_TECHNICAL,Westlake University,heatmap_2b,2b_heatmap,21,DNM21,P61026,P61026,PXD068107_NP85,POOLED_TECHNICAL_PLASMA_SOURCE,NP85,true,SOURCE_DATA_INTENSITY,1663140,POSITIVE_FINITE,true
PXD068107_WESTLAKE_OMNIPROT_TECHNICAL,Westlake University,heatmap_2b,2b_heatmap,21,DNS21,P61106,P61106,PXD068107_NP85,POOLED_TECHNICAL_PLASMA_SOURCE,NP85,true,SOURCE_DATA_INTENSITY,1252230,POSITIVE_FINITE,true
PXD068107_WESTLAKE_OMNIPROT_TECHNICAL,Westlake University,heatmap_2b,2b_heatmap,21,DPG21,P61978,P61978,PXD068107_NP85,POOLED_TECHNICAL_PLASMA_SOURCE,NP85,true,SOURCE_DATA_INTENSITY,588087,POSITIVE_FINITE,true
PXD068107_WESTLAKE_OMNIPROT_TECHNICAL,Westlake University,heatmap_2b,2b_heatmap,21,DPH21,P61981,P61981,PXD068107_NP85,POOLED_TECHNICAL_PLASMA_SOURCE,NP85,true,SOURCE_DATA_INTENSITY,7082090,POSITIVE_FINITE,true
PXD068107_WESTLAKE_OMNIPROT_TECHNICAL,Westlake University,heatmap_2b,2b_heatmap,21,DQK21,P62330,P62330,PXD068107_NP85,POOLED_TECHNICAL_PLASMA_SOURCE,NP85,true,SOURCE_DATA_INTENSITY,4030410,POSITIVE_FINITE,true
PXD068107_WESTLAKE_OMNIPROT_TECHNICAL,Westlake University,heatmap_2b,2b_heatmap,21,DQX21,P62805,P62805,PXD068107_NP85,POOLED_TECHNICAL_PLASMA_SOURCE,NP85,true,SOURCE_DATA_INTENSITY,5414830,POSITIVE_FINITE,true
PXD068107_WESTLAKE_OMNIPROT_TECHNICAL,Westlake University,heatmap_2b,2b_heatmap,21,DRY21,P63000,P63000,PXD068107_NP85,POOLED_TECHNICAL_PLASMA_SOURCE,NP85,true,SOURCE_DATA_INTENSITY,1124920,POSITIVE_FINITE,true
PXD068107_WESTLAKE_OMNIPROT_TECHNICAL,Westlake University,heatmap_2b,2b_heatmap,21,DTD21,P68366,P68366,PXD068107_NP85,POOLED_TECHNICAL_PLASMA_SOURCE,NP85,true,SOURCE_DATA_INTENSITY,2018430,POSITIVE_FINITE,true
PXD068107_WESTLAKE_OMNIPROT_TECHNICAL,Westlake University,heatmap_2b,2b_heatmap,21,DUE21,P78417,P78417,PXD068107_NP85,POOLED_TECHNICAL_PLASMA_SOURCE,NP85,true,SOURCE_DATA_INTENSITY,3042200,POSITIVE_FINITE,true
PXD068107_WESTLAKE_OMNIPROT_TECHNICAL,Westlake University,heatmap_2b,2b_heatmap,21,EAQ21,Q04695,Q04695,PXD068107_NP85,POOLED_TECHNICAL_PLASMA_SOURCE,NP85,true,SOURCE_DATA_INTENSITY,7639500,POSITIVE_FINITE,true
PXD068107_WESTLAKE_OMNIPROT_TECHNICAL,Westlake University,heatmap_2b,2b_heatmap,21,EPH21,Q14247,Q14247,PXD068107_NP85,POOLED_TECHNICAL_PLASMA_SOURCE,NP85,true,SOURCE_DATA_INTENSITY,419133,POSITIVE_FINITE,true
PXD068107_WESTLAKE_OMNIPROT_TECHNICAL,Westlake University,heatmap_2b,2b_heatmap,21,ESK21,Q14974,Q14974,PXD068107_NP85,POOLED_TECHNICAL_PLASMA_SOURCE,NP85,true,SOURCE_DATA_INTENSITY,759087,POSITIVE_FINITE,true
PXD068107_WESTLAKE_OMNIPROT_TECHNICAL,Westlake University,heatmap_2b,2b_heatmap,21,EUC21,Q15084,Q15084,PXD068107_NP85,POOLED_TECHNICAL_PLASMA_SOURCE,NP85,true,SOURCE_DATA_INTENSITY,1236960,POSITIVE_FINITE,true
PXD068107_WESTLAKE_OMNIPROT_TECHNICAL,Westlake University,heatmap_2b,2b_heatmap,21,EVQ21,Q15365,Q15365,PXD068107_NP85,POOLED_TECHNICAL_PLASMA_SOURCE,NP85,true,SOURCE_DATA_INTENSITY,2624210,POSITIVE_FINITE,true
PXD068107_WESTLAKE_OMNIPROT_TECHNICAL,Westlake University,heatmap_2b,2b_heatmap,21,EWB21,Q15404,Q15404,PXD068107_NP85,POOLED_TECHNICAL_PLASMA_SOURCE,NP85,true,SOURCE_DATA_INTENSITY,1144370,POSITIVE_FINITE,true
PXD068107_WESTLAKE_OMNIPROT_TECHNICAL,Westlake University,heatmap_2b,2b_heatmap,21,EXI21,Q15691,Q15691,PXD068107_NP85,POOLED_TECHNICAL_PLASMA_SOURCE,NP85,true,SOURCE_DATA_INTENSITY,386635,POSITIVE_FINITE,true
PXD068107_WESTLAKE_OMNIPROT_TECHNICAL,Westlake University,heatmap_2b,2b_heatmap,21,EYN21,Q15942,Q15942,PXD068107_NP85,POOLED_TECHNICAL_PLASMA_SOURCE,NP85,true,SOURCE_DATA_INTENSITY,2074000,POSITIVE_FINITE,true
PXD068107_WESTLAKE_OMNIPROT_TECHNICAL,Westlake University,heatmap_2b,2b_heatmap,21,EZF21,Q16543,Q16543,PXD068107_NP85,POOLED_TECHNICAL_PLASMA_SOURCE,NP85,true,SOURCE_DATA_INTENSITY,334733,POSITIVE_FINITE,true
PXD068107_WESTLAKE_OMNIPROT_TECHNICAL,Westlake University,heatmap_2b,2b_heatmap,21,EZZ21,Q16643,Q16643,PXD068107_NP85,POOLED_TECHNICAL_PLASMA_SOURCE,NP85,true,SOURCE_DATA_INTENSITY,546594,POSITIVE_FINITE,true
PXD068107_WESTLAKE_OMNIPROT_TECHNICAL,Westlake University,heatmap_2b,2b_heatmap,21,FAP21,Q16762,Q16762,PXD068107_NP85,POOLED_TECHNICAL_PLASMA_SOURCE,NP85,true,SOURCE_DATA_INTENSITY,590389,POSITIVE_FINITE,true
PXD068107_WESTLAKE_OMNIPROT_TECHNICAL,Westlake University,heatmap_2b,2b_heatmap,21,FBY21,Q27J81,Q27J81,PXD068107_NP85,POOLED_TECHNICAL_PLASMA_SOURCE,NP85,true,SOURCE_DATA_INTENSITY,5157260,POSITIVE_FINITE,true
PXD068107_WESTLAKE_OMNIPROT_TECHNICAL,Westlake University,heatmap_2b,2b_heatmap,21,FGK21,Q58FF8,Q58FF8,PXD068107_NP85,POOLED_TECHNICAL_PLASMA_SOURCE,NP85,true,SOURCE_DATA_INTENSITY,51205.800000000003,POSITIVE_FINITE,true
PXD068107_WESTLAKE_OMNIPROT_TECHNICAL,Westlake University,heatmap_2b,2b_heatmap,21,FYD21,Q70J99,Q70J99,PXD068107_NP85,POOLED_TECHNICAL_PLASMA_SOURCE,NP85,true,SOURCE_DATA_INTENSITY,592294,POSITIVE_FINITE,true
PXD068107_WESTLAKE_OMNIPROT_TECHNICAL,Westlake University,heatmap_2b,2b_heatmap,21,FZH21,Q7L576,Q7L576,PXD068107_NP85,POOLED_TECHNICAL_PLASMA_SOURCE,NP85,true,SOURCE_DATA_INTENSITY,2604200,POSITIVE_FINITE,true
PXD068107_WESTLAKE_OMNIPROT_TECHNICAL,Westlake University,heatmap_2b,2b_heatmap,21,GBF21,Q7Z406,Q7Z406,PXD068107_NP85,POOLED_TECHNICAL_PLASMA_SOURCE,NP85,true,SOURCE_DATA_INTENSITY,2261330,POSITIVE_FINITE,true
PXD068107_WESTLAKE_OMNIPROT_TECHNICAL,Westlake University,heatmap_2b,2b_heatmap,21,GFO21,Q86VP6,Q86VP6,PXD068107_NP85,POOLED_TECHNICAL_PLASMA_SOURCE,NP85,true,SOURCE_DATA_INTENSITY,384419,POSITIVE_FINITE,true
PXD068107_WESTLAKE_OMNIPROT_TECHNICAL,Westlake University,heatmap_2b,2b_heatmap,21,GXT21,Q8TC12,Q8TC12,PXD068107_NP85,POOLED_TECHNICAL_PLASMA_SOURCE,NP85,true,SOURCE_DATA_INTENSITY,3251920,POSITIVE_FINITE,true
PXD068107_WESTLAKE_OMNIPROT_TECHNICAL,Westlake University,heatmap_2b,2b_heatmap,21,HJL21,Q93084,Q93084,PXD068107_NP85,POOLED_TECHNICAL_PLASMA_SOURCE,NP85,true,SOURCE_DATA_INTENSITY,6260300,POSITIVE_FINITE,true
PXD068107_WESTLAKE_OMNIPROT_TECHNICAL,Westlake University,heatmap_2b,2b_heatmap,21,IBO21,Q99733,Q99733,PXD068107_NP85,POOLED_TECHNICAL_PLASMA_SOURCE,NP85,true,SOURCE_DATA_INTENSITY,649199,POSITIVE_FINITE,true
PXD068107_WESTLAKE_OMNIPROT_TECHNICAL,Westlake University,heatmap_2b,2b_heatmap,21,ICI21,Q99832,Q99832,PXD068107_NP85,POOLED_TECHNICAL_PLASMA_SOURCE,NP85,true,SOURCE_DATA_INTENSITY,2247770,POSITIVE_FINITE,true
PXD068107_WESTLAKE_OMNIPROT_TECHNICAL,Westlake University,heatmap_2b,2b_heatmap,21,IFI21,Q9BS26,Q9BS26,PXD068107_NP85,POOLED_TECHNICAL_PLASMA_SOURCE,NP85,true,SOURCE_DATA_INTENSITY,1097580,POSITIVE_FINITE,true
PXD068107_WESTLAKE_OMNIPROT_TECHNICAL,Westlake University,heatmap_2b,2b_heatmap,21,IFU21,Q9BSJ8,Q9BSJ8,PXD068107_NP85,POOLED_TECHNICAL_PLASMA_SOURCE,NP85,true,SOURCE_DATA_INTENSITY,1255720,POSITIVE_FINITE,true
PXD068107_WESTLAKE_OMNIPROT_TECHNICAL,Westlake University,heatmap_2b,2b_heatmap,21,ITX21,Q9H4B7,Q9H4B7,PXD068107_NP85,POOLED_TECHNICAL_PLASMA_SOURCE,NP85,true,SOURCE_DATA_INTENSITY,37095600,POSITIVE_FINITE,true
PXD068107_WESTLAKE_OMNIPROT_TECHNICAL,Westlake University,heatmap_2b,2b_heatmap,21,JAC21,Q9HDC9,Q9HDC9,PXD068107_NP85,POOLED_TECHNICAL_PLASMA_SOURCE,NP85,true,SOURCE_DATA_INTENSITY,22572400,POSITIVE_FINITE,true
PXD068107_WESTLAKE_OMNIPROT_TECHNICAL,Westlake University,heatmap_2b,2b_heatmap,21,JCH21,Q9NQC3,Q9NQC3,PXD068107_NP85,POOLED_TECHNICAL_PLASMA_SOURCE,NP85,true,SOURCE_DATA_INTENSITY,128089,POSITIVE_FINITE,true
PXD068107_WESTLAKE_OMNIPROT_TECHNICAL,Westlake University,heatmap_2b,2b_heatmap,21,JDC21,Q9NR12,Q9NR12,PXD068107_NP85,POOLED_TECHNICAL_PLASMA_SOURCE,NP85,true,SOURCE_DATA_INTENSITY,1185060,POSITIVE_FINITE,true
PXD068107_WESTLAKE_OMNIPROT_TECHNICAL,Westlake University,heatmap_2b,2b_heatmap,21,JEP21,Q9NRW1,Q9NRW1,PXD068107_NP85,POOLED_TECHNICAL_PLASMA_SOURCE,NP85,true,SOURCE_DATA_INTENSITY,3122030,POSITIVE_FINITE,true
PXD068107_WESTLAKE_OMNIPROT_TECHNICAL,Westlake University,heatmap_2b,2b_heatmap,21,JFD21,Q9NS28,Q9NS28,PXD068107_NP85,POOLED_TECHNICAL_PLASMA_SOURCE,NP85,true,SOURCE_DATA_INTENSITY,240199,POSITIVE_FINITE,true
PXD068107_WESTLAKE_OMNIPROT_TECHNICAL,Westlake University,heatmap_2b,2b_heatmap,21,JKP21,Q9NY65,Q9NY65,PXD068107_NP85,POOLED_TECHNICAL_PLASMA_SOURCE,NP85,true,SOURCE_DATA_INTENSITY,2339580,POSITIVE_FINITE,true
PXD068107_WESTLAKE_OMNIPROT_TECHNICAL,Westlake University,heatmap_2b,2b_heatmap,21,KDT21,Q9Y2A7,Q9Y2A7,PXD068107_NP85,POOLED_TECHNICAL_PLASMA_SOURCE,NP85,true,SOURCE_DATA_INTENSITY,668208,POSITIVE_FINITE,true
PXD068107_WESTLAKE_OMNIPROT_TECHNICAL,Westlake University,heatmap_2b,2b_heatmap,21,KHC21,Q9Y3F4,Q9Y3F4,PXD068107_NP85,POOLED_TECHNICAL_PLASMA_SOURCE,NP85,true,SOURCE_DATA_INTENSITY,432700,POSITIVE_FINITE,true
PXD068107_WESTLAKE_OMNIPROT_TECHNICAL,Westlake University,heatmap_2b,2b_heatmap,22,GY22,O00151,O00151,PXD068107_NP95,POOLED_TECHNICAL_PLASMA_SOURCE,NP95,true,SOURCE_DATA_INTENSITY,585837,POSITIVE_FINITE,true
PXD068107_WESTLAKE_OMNIPROT_TECHNICAL,Westlake University,heatmap_2b,2b_heatmap,22,HI22,O00187,O00187,PXD068107_NP95,POOLED_TECHNICAL_PLASMA_SOURCE,NP95,true,SOURCE_DATA_INTENSITY,15205900,POSITIVE_FINITE,true
PXD068107_WESTLAKE_OMNIPROT_TECHNICAL,Westlake University,heatmap_2b,2b_heatmap,22,HZ22,O00264,O00264,PXD068107_NP95,POOLED_TECHNICAL_PLASMA_SOURCE,NP95,true,SOURCE_DATA_INTENSITY,6328.0699999999997,POSITIVE_FINITE,true
PXD068107_WESTLAKE_OMNIPROT_TECHNICAL,Westlake University,heatmap_2b,2b_heatmap,22,IE22,O00299,O00299,PXD068107_NP95,POOLED_TECHNICAL_PLASMA_SOURCE,NP95,true,SOURCE_DATA_INTENSITY,269819,POSITIVE_FINITE,true
PXD068107_WESTLAKE_OMNIPROT_TECHNICAL,Westlake University,heatmap_2b,2b_heatmap,22,IQ22,O00410,O00410,PXD068107_NP95,POOLED_TECHNICAL_PLASMA_SOURCE,NP95,true,SOURCE_DATA_INTENSITY,89314.199999999997,POSITIVE_FINITE,true
PXD068107_WESTLAKE_OMNIPROT_TECHNICAL,Westlake University,heatmap_2b,2b_heatmap,22,OY22,O15145,O15145,PXD068107_NP95,POOLED_TECHNICAL_PLASMA_SOURCE,NP95,true,SOURCE_DATA_INTENSITY,332009,POSITIVE_FINITE,true
PXD068107_WESTLAKE_OMNIPROT_TECHNICAL,Westlake University,heatmap_2b,2b_heatmap,22,AAP22,O75083,O75083,PXD068107_NP95,POOLED_TECHNICAL_PLASMA_SOURCE,NP95,true,SOURCE_DATA_INTENSITY,718355,POSITIVE_FINITE,true
PXD068107_WESTLAKE_OMNIPROT_TECHNICAL,Westlake University,heatmap_2b,2b_heatmap,22,ADS22,O75531,O75531,PXD068107_NP95,POOLED_TECHNICAL_PLASMA_SOURCE,NP95,true,SOURCE_DATA_INTENSITY,,SOURCE_NA,false
PXD068107_WESTLAKE_OMNIPROT_TECHNICAL,Westlake University,heatmap_2b,2b_heatmap,22,AOR22,P00387,P00387,PXD068107_NP95,POOLED_TECHNICAL_PLASMA_SOURCE,NP95,true,SOURCE_DATA_INTENSITY,,SOURCE_NA,false
PXD068107_WESTLAKE_OMNIPROT_TECHNICAL,Westlake University,heatmap_2b,2b_heatmap,22,AOT22,P00403,P00403,PXD068107_NP95,POOLED_TECHNICAL_PLASMA_SOURCE,NP95,true,SOURCE_DATA_INTENSITY,38872.199999999997,POSITIVE_FINITE,true
PXD068107_WESTLAKE_OMNIPROT_TECHNICAL,Westlake University,heatmap_2b,2b_heatmap,22,ARE22,P01275,P01275,PXD068107_NP95,POOLED_TECHNICAL_PLASMA_SOURCE,NP95,true,SOURCE_DATA_INTENSITY,2329.96,POSITIVE_FINITE,true
PXD068107_WESTLAKE_OMNIPROT_TECHNICAL,Westlake University,heatmap_2b,2b_heatmap,22,AVX22,P04004,P04004,PXD068107_NP95,POOLED_TECHNICAL_PLASMA_SOURCE,NP95,true,SOURCE_DATA_INTENSITY,166366000,POSITIVE_FINITE,true
PXD068107_WESTLAKE_OMNIPROT_TECHNICAL,Westlake University,heatmap_2b,2b_heatmap,22,AWW22,P04264,P04264,PXD068107_NP95,POOLED_TECHNICAL_PLASMA_SOURCE,NP95,true,SOURCE_DATA_INTENSITY,216982000,POSITIVE_FINITE,true
PXD068107_WESTLAKE_OMNIPROT_TECHNICAL,Westlake University,heatmap_2b,2b_heatmap,22,AXO22,P04844,P04844,PXD068107_NP95,POOLED_TECHNICAL_PLASMA_SOURCE,NP95,true,SOURCE_DATA_INTENSITY,,SOURCE_NA,false
PXD068107_WESTLAKE_OMNIPROT_TECHNICAL,Westlake University,heatmap_2b,2b_heatmap,22,AXU22,P05023,P05023,PXD068107_NP95,POOLED_TECHNICAL_PLASMA_SOURCE,NP95,true,SOURCE_DATA_INTENSITY,1980290,POSITIVE_FINITE,true
PXD068107_WESTLAKE_OMNIPROT_TECHNICAL,Westlake University,heatmap_2b,2b_heatmap,22,AZG22,P05556,P05556,PXD068107_NP95,POOLED_TECHNICAL_PLASMA_SOURCE,NP95,true,SOURCE_DATA_INTENSITY,208940,POSITIVE_FINITE,true
PXD068107_WESTLAKE_OMNIPROT_TECHNICAL,Westlake University,heatmap_2b,2b_heatmap,22,BAA22,P06396,P06396,PXD068107_NP95,POOLED_TECHNICAL_PLASMA_SOURCE,NP95,true,SOURCE_DATA_INTENSITY,28613900,POSITIVE_FINITE,true
PXD068107_WESTLAKE_OMNIPROT_TECHNICAL,Westlake University,heatmap_2b,2b_heatmap,22,BAC22,P06576,P06576,PXD068107_NP95,POOLED_TECHNICAL_PLASMA_SOURCE,NP95,true,SOURCE_DATA_INTENSITY,245037,POSITIVE_FINITE,true
PXD068107_WESTLAKE_OMNIPROT_TECHNICAL,Westlake University,heatmap_2b,2b_heatmap,22,BCX22,P07996,P07996,PXD068107_NP95,POOLED_TECHNICAL_PLASMA_SOURCE,NP95,true,SOURCE_DATA_INTENSITY,21349800,POSITIVE_FINITE,true
PXD068107_WESTLAKE_OMNIPROT_TECHNICAL,Westlake University,heatmap_2b,2b_heatmap,22,BGG22,P09493,P09493,PXD068107_NP95,POOLED_TECHNICAL_PLASMA_SOURCE,NP95,true,SOURCE_DATA_INTENSITY,74342.399999999994,POSITIVE_FINITE,true
PXD068107_WESTLAKE_OMNIPROT_TECHNICAL,Westlake University,heatmap_2b,2b_heatmap,22,BJV22,P10599,P10599,PXD068107_NP95,POOLED_TECHNICAL_PLASMA_SOURCE,NP95,true,SOURCE_DATA_INTENSITY,1053990,POSITIVE_FINITE,true
PXD068107_WESTLAKE_OMNIPROT_TECHNICAL,Westlake University,heatmap_2b,2b_heatmap,22,BKB22,P10644,P10644,PXD068107_NP95,POOLED_TECHNICAL_PLASMA_SOURCE,NP95,true,SOURCE_DATA_INTENSITY,164006,POSITIVE_FINITE,true
PXD068107_WESTLAKE_OMNIPROT_TECHNICAL,Westlake University,heatmap_2b,2b_heatmap,22,BKK22,P10809,P10809,PXD068107_NP95,POOLED_TECHNICAL_PLASMA_SOURCE,NP95,true,SOURCE_DATA_INTENSITY,48808.099999999999,POSITIVE_FINITE,true
PXD068107_WESTLAKE_OMNIPROT_TECHNICAL,Westlake University,heatmap_2b,2b_heatmap,22,BKP22,P11021,P11021,PXD068107_NP95,POOLED_TECHNICAL_PLASMA_SOURCE,NP95,true,SOURCE_DATA_INTENSITY,4306860,POSITIVE_FINITE,true
PXD068107_WESTLAKE_OMNIPROT_TECHNICAL,Westlake University,heatmap_2b,2b_heatmap,22,BKX22,P11166,P11166,PXD068107_NP95,POOLED_TECHNICAL_PLASMA_SOURCE,NP95,true,SOURCE_DATA_INTENSITY,77560.600000000006,POSITIVE_FINITE,true
PXD068107_WESTLAKE_OMNIPROT_TECHNICAL,Westlake University,heatmap_2b,2b_heatmap,22,BLT22,P11413,P11413,PXD068107_NP95,POOLED_TECHNICAL_PLASMA_SOURCE,NP95,true,SOURCE_DATA_INTENSITY,82864,POSITIVE_FINITE,true
PXD068107_WESTLAKE_OMNIPROT_TECHNICAL,Westlake University,heatmap_2b,2b_heatmap,22,BOZ22,P13796,P13796,PXD068107_NP95,POOLED_TECHNICAL_PLASMA_SOURCE,NP95,true,SOURCE_DATA_INTENSITY,725671,POSITIVE_FINITE,true
PXD068107_WESTLAKE_OMNIPROT_TECHNICAL,Westlake University,heatmap_2b,2b_heatmap,22,BQN22,P14868,P14868,PXD068107_NP95,POOLED_TECHNICAL_PLASMA_SOURCE,NP95,true,SOURCE_DATA_INTENSITY,82941.199999999997,POSITIVE_FINITE,true
PXD068107_WESTLAKE_OMNIPROT_TECHNICAL,Westlake University,heatmap_2b,2b_heatmap,22,BRP22,P15531,P15531,PXD068107_NP95,POOLED_TECHNICAL_PLASMA_SOURCE,NP95,true,SOURCE_DATA_INTENSITY,812626,POSITIVE_FINITE,true
PXD068107_WESTLAKE_OMNIPROT_TECHNICAL,Westlake University,heatmap_2b,2b_heatmap,22,BTD22,P16615,P16615,PXD068107_NP95,POOLED_TECHNICAL_PLASMA_SOURCE,NP95,true,SOURCE_DATA_INTENSITY,,SOURCE_NA,false
PXD068107_WESTLAKE_OMNIPROT_TECHNICAL,Westlake University,heatmap_2b,2b_heatmap,22,BWA22,P19367,P19367,PXD068107_NP95,POOLED_TECHNICAL_PLASMA_SOURCE,NP95,true,SOURCE_DATA_INTENSITY,580279,POSITIVE_FINITE,true
PXD068107_WESTLAKE_OMNIPROT_TECHNICAL,Westlake University,heatmap_2b,2b_heatmap,22,BXV22,P20645,P20645,PXD068107_NP95,POOLED_TECHNICAL_PLASMA_SOURCE,NP95,true,SOURCE_DATA_INTENSITY,,SOURCE_NA,false
PXD068107_WESTLAKE_OMNIPROT_TECHNICAL,Westlake University,heatmap_2b,2b_heatmap,22,BZN22,P21796,P21796,PXD068107_NP95,POOLED_TECHNICAL_PLASMA_SOURCE,NP95,true,SOURCE_DATA_INTENSITY,39371,POSITIVE_FINITE,true
PXD068107_WESTLAKE_OMNIPROT_TECHNICAL,Westlake University,heatmap_2b,2b_heatmap,22,CBV22,P23284,P23284,PXD068107_NP95,POOLED_TECHNICAL_PLASMA_SOURCE,NP95,true,SOURCE_DATA_INTENSITY,522389,POSITIVE_FINITE,true
PXD068107_WESTLAKE_OMNIPROT_TECHNICAL,Westlake University,heatmap_2b,2b_heatmap,22,CDO22,P24844,P24844,PXD068107_NP95,POOLED_TECHNICAL_PLASMA_SOURCE,NP95,true,SOURCE_DATA_INTENSITY,55555.699999999997,POSITIVE_FINITE,true
PXD068107_WESTLAKE_OMNIPROT_TECHNICAL,Westlake University,heatmap_2b,2b_heatmap,22,CES22,P26038,P26038,PXD068107_NP95,POOLED_TECHNICAL_PLASMA_SOURCE,NP95,true,SOURCE_DATA_INTENSITY,1242940,POSITIVE_FINITE,true
PXD068107_WESTLAKE_OMNIPROT_TECHNICAL,Westlake University,heatmap_2b,2b_heatmap,22,CFF22,P26641,P26641,PXD068107_NP95,POOLED_TECHNICAL_PLASMA_SOURCE,NP95,true,SOURCE_DATA_INTENSITY,103044,POSITIVE_FINITE,true
PXD068107_WESTLAKE_OMNIPROT_TECHNICAL,Westlake University,heatmap_2b,2b_heatmap,22,CFP22,P27348,P27348,PXD068107_NP95,POOLED_TECHNICAL_PLASMA_SOURCE,NP95,true,SOURCE_DATA_INTENSITY,70049.100000000006,POSITIVE_FINITE,true
PXD068107_WESTLAKE_OMNIPROT_TECHNICAL,Westlake University,heatmap_2b,2b_heatmap,22,CGC22,P27797,P27797,PXD068107_NP95,POOLED_TECHNICAL_PLASMA_SOURCE,NP95,true,SOURCE_DATA_INTENSITY,149676,POSITIVE_FINITE,true
PXD068107_WESTLAKE_OMNIPROT_TECHNICAL,Westlake University,heatmap_2b,2b_heatmap,22,CGL22,P28066,P28066,PXD068107_NP95,POOLED_TECHNICAL_PLASMA_SOURCE,NP95,true,SOURCE_DATA_INTENSITY,96951.300000000003,POSITIVE_FINITE,true
PXD068107_WESTLAKE_OMNIPROT_TECHNICAL,Westlake University,heatmap_2b,2b_heatmap,22,CGM22,P28070,P28070,PXD068107_NP95,POOLED_TECHNICAL_PLASMA_SOURCE,NP95,true,SOURCE_DATA_INTENSITY,143539,POSITIVE_FINITE,true
PXD068107_WESTLAKE_OMNIPROT_TECHNICAL,Westlake University,heatmap_2b,2b_heatmap,22,CIL22,P30041,P30041,PXD068107_NP95,POOLED_TECHNICAL_PLASMA_SOURCE,NP95,true,SOURCE_DATA_INTENSITY,769170,POSITIVE_FINITE,true
PXD068107_WESTLAKE_OMNIPROT_TECHNICAL,Westlake University,heatmap_2b,2b_heatmap,22,CIN22,P30044,P30044,PXD068107_NP95,POOLED_TECHNICAL_PLASMA_SOURCE,NP95,true,SOURCE_DATA_INTENSITY,142798,POSITIVE_FINITE,true
PXD068107_WESTLAKE_OMNIPROT_TECHNICAL,Westlake University,heatmap_2b,2b_heatmap,22,CIQ22,P30048,P30048,PXD068107_NP95,POOLED_TECHNICAL_PLASMA_SOURCE,NP95,true,SOURCE_DATA_INTENSITY,14615.4,POSITIVE_FINITE,true
PXD068107_WESTLAKE_OMNIPROT_TECHNICAL,Westlake University,heatmap_2b,2b_heatmap,22,CIW22,P30101,P30101,PXD068107_NP95,POOLED_TECHNICAL_PLASMA_SOURCE,NP95,true,SOURCE_DATA_INTENSITY,442570,POSITIVE_FINITE,true
PXD068107_WESTLAKE_OMNIPROT_TECHNICAL,Westlake University,heatmap_2b,2b_heatmap,22,CQE22,P37802,P37802,PXD068107_NP95,POOLED_TECHNICAL_PLASMA_SOURCE,NP95,true,SOURCE_DATA_INTENSITY,15420200,POSITIVE_FINITE,true
PXD068107_WESTLAKE_OMNIPROT_TECHNICAL,Westlake University,heatmap_2b,2b_heatmap,22,CQM22,P38646,P38646,PXD068107_NP95,POOLED_TECHNICAL_PLASMA_SOURCE,NP95,true,SOURCE_DATA_INTENSITY,42180.099999999999,POSITIVE_FINITE,true
PXD068107_WESTLAKE_OMNIPROT_TECHNICAL,Westlake University,heatmap_2b,2b_heatmap,22,CUZ22,P45880,P45880,PXD068107_NP95,POOLED_TECHNICAL_PLASMA_SOURCE,NP95,true,SOURCE_DATA_INTENSITY,61804.400000000001,POSITIVE_FINITE,true
PXD068107_WESTLAKE_OMNIPROT_TECHNICAL,Westlake University,heatmap_2b,2b_heatmap,22,CZE22,P49411,P49411,PXD068107_NP95,POOLED_TECHNICAL_PLASMA_SOURCE,NP95,true,SOURCE_DATA_INTENSITY,453741,POSITIVE_FINITE,true
PXD068107_WESTLAKE_OMNIPROT_TECHNICAL,Westlake University,heatmap_2b,2b_heatmap,22,DCJ22,P50990,P50990,PXD068107_NP95,POOLED_TECHNICAL_PLASMA_SOURCE,NP95,true,SOURCE_DATA_INTENSITY,246647,POSITIVE_FINITE,true
PXD068107_WESTLAKE_OMNIPROT_TECHNICAL,Westlake University,heatmap_2b,2b_heatmap,22,DCK22,P50991,P50991,PXD068107_NP95,POOLED_TECHNICAL_PLASMA_SOURCE,NP95,true,SOURCE_DATA_INTENSITY,53945.199999999997,POSITIVE_FINITE,true
PXD068107_WESTLAKE_OMNIPROT_TECHNICAL,Westlake University,heatmap_2b,2b_heatmap,22,DCL22,P50995,P50995,PXD068107_NP95,POOLED_TECHNICAL_PLASMA_SOURCE,NP95,true,SOURCE_DATA_INTENSITY,60588.300000000003,POSITIVE_FINITE,true
PXD068107_WESTLAKE_OMNIPROT_TECHNICAL,Westlake University,heatmap_2b,2b_heatmap,22,DFZ22,P52907,P52907,PXD068107_NP95,POOLED_TECHNICAL_PLASMA_SOURCE,NP95,true,SOURCE_DATA_INTENSITY,148253,POSITIVE_FINITE,true
PXD068107_WESTLAKE_OMNIPROT_TECHNICAL,Westlake University,heatmap_2b,2b_heatmap,22,DGJ22,P53396,P53396,PXD068107_NP95,POOLED_TECHNICAL_PLASMA_SOURCE,NP95,true,SOURCE_DATA_INTENSITY,171230,POSITIVE_FINITE,true
PXD068107_WESTLAKE_OMNIPROT_TECHNICAL,Westlake University,heatmap_2b,2b_heatmap,22,DIY22,P55072,P55072,PXD068107_NP95,POOLED_TECHNICAL_PLASMA_SOURCE,NP95,true,SOURCE_DATA_INTENSITY,154827,POSITIVE_FINITE,true
PXD068107_WESTLAKE_OMNIPROT_TECHNICAL,Westlake University,heatmap_2b,2b_heatmap,22,DMJ22,P60174,P60174,PXD068107_NP95,POOLED_TECHNICAL_PLASMA_SOURCE,NP95,true,SOURCE_DATA_INTENSITY,4666420,POSITIVE_FINITE,true
PXD068107_WESTLAKE_OMNIPROT_TECHNICAL,Westlake University,heatmap_2b,2b_heatmap,22,DNG22,P61006,P61006,PXD068107_NP95,POOLED_TECHNICAL_PLASMA_SOURCE,NP95,true,SOURCE_DATA_INTENSITY,266006,POSITIVE_FINITE,true
PXD068107_WESTLAKE_OMNIPROT_TECHNICAL,Westlake University,heatmap_2b,2b_heatmap,22,DNM22,P61026,P61026,PXD068107_NP95,POOLED_TECHNICAL_PLASMA_SOURCE,NP95,true,SOURCE_DATA_INTENSITY,36950,POSITIVE_FINITE,true
PXD068107_WESTLAKE_OMNIPROT_TECHNICAL,Westlake University,heatmap_2b,2b_heatmap,22,DNS22,P61106,P61106,PXD068107_NP95,POOLED_TECHNICAL_PLASMA_SOURCE,NP95,true,SOURCE_DATA_INTENSITY,112633,POSITIVE_FINITE,true
PXD068107_WESTLAKE_OMNIPROT_TECHNICAL,Westlake University,heatmap_2b,2b_heatmap,22,DPG22,P61978,P61978,PXD068107_NP95,POOLED_TECHNICAL_PLASMA_SOURCE,NP95,true,SOURCE_DATA_INTENSITY,317781,POSITIVE_FINITE,true
PXD068107_WESTLAKE_OMNIPROT_TECHNICAL,Westlake University,heatmap_2b,2b_heatmap,22,DPH22,P61981,P61981,PXD068107_NP95,POOLED_TECHNICAL_PLASMA_SOURCE,NP95,true,SOURCE_DATA_INTENSITY,334171,POSITIVE_FINITE,true
PXD068107_WESTLAKE_OMNIPROT_TECHNICAL,Westlake University,heatmap_2b,2b_heatmap,22,DQK22,P62330,P62330,PXD068107_NP95,POOLED_TECHNICAL_PLASMA_SOURCE,NP95,true,SOURCE_DATA_INTENSITY,14679.4,POSITIVE_FINITE,true
PXD068107_WESTLAKE_OMNIPROT_TECHNICAL,Westlake University,heatmap_2b,2b_heatmap,22,DQX22,P62805,P62805,PXD068107_NP95,POOLED_TECHNICAL_PLASMA_SOURCE,NP95,true,SOURCE_DATA_INTENSITY,9941020,POSITIVE_FINITE,true
PXD068107_WESTLAKE_OMNIPROT_TECHNICAL,Westlake University,heatmap_2b,2b_heatmap,22,DRY22,P63000,P63000,PXD068107_NP95,POOLED_TECHNICAL_PLASMA_SOURCE,NP95,true,SOURCE_DATA_INTENSITY,205323,POSITIVE_FINITE,true
PXD068107_WESTLAKE_OMNIPROT_TECHNICAL,Westlake University,heatmap_2b,2b_heatmap,22,DTD22,P68366,P68366,PXD068107_NP95,POOLED_TECHNICAL_PLASMA_SOURCE,NP95,true,SOURCE_DATA_INTENSITY,1506310,POSITIVE_FINITE,true
PXD068107_WESTLAKE_OMNIPROT_TECHNICAL,Westlake University,heatmap_2b,2b_heatmap,22,DUE22,P78417,P78417,PXD068107_NP95,POOLED_TECHNICAL_PLASMA_SOURCE,NP95,true,SOURCE_DATA_INTENSITY,231545,POSITIVE_FINITE,true
PXD068107_WESTLAKE_OMNIPROT_TECHNICAL,Westlake University,heatmap_2b,2b_heatmap,22,EAQ22,Q04695,Q04695,PXD068107_NP95,POOLED_TECHNICAL_PLASMA_SOURCE,NP95,true,SOURCE_DATA_INTENSITY,4408320,POSITIVE_FINITE,true
PXD068107_WESTLAKE_OMNIPROT_TECHNICAL,Westlake University,heatmap_2b,2b_heatmap,22,EPH22,Q14247,Q14247,PXD068107_NP95,POOLED_TECHNICAL_PLASMA_SOURCE,NP95,true,SOURCE_DATA_INTENSITY,159308,POSITIVE_FINITE,true
PXD068107_WESTLAKE_OMNIPROT_TECHNICAL,Westlake University,heatmap_2b,2b_heatmap,22,ESK22,Q14974,Q14974,PXD068107_NP95,POOLED_TECHNICAL_PLASMA_SOURCE,NP95,true,SOURCE_DATA_INTENSITY,45589.800000000003,POSITIVE_FINITE,true
PXD068107_WESTLAKE_OMNIPROT_TECHNICAL,Westlake University,heatmap_2b,2b_heatmap,22,EUC22,Q15084,Q15084,PXD068107_NP95,POOLED_TECHNICAL_PLASMA_SOURCE,NP95,true,SOURCE_DATA_INTENSITY,170897,POSITIVE_FINITE,true
PXD068107_WESTLAKE_OMNIPROT_TECHNICAL,Westlake University,heatmap_2b,2b_heatmap,22,EVQ22,Q15365,Q15365,PXD068107_NP95,POOLED_TECHNICAL_PLASMA_SOURCE,NP95,true,SOURCE_DATA_INTENSITY,313136,POSITIVE_FINITE,true
PXD068107_WESTLAKE_OMNIPROT_TECHNICAL,Westlake University,heatmap_2b,2b_heatmap,22,EWB22,Q15404,Q15404,PXD068107_NP95,POOLED_TECHNICAL_PLASMA_SOURCE,NP95,true,SOURCE_DATA_INTENSITY,289928,POSITIVE_FINITE,true
PXD068107_WESTLAKE_OMNIPROT_TECHNICAL,Westlake University,heatmap_2b,2b_heatmap,22,EXI22,Q15691,Q15691,PXD068107_NP95,POOLED_TECHNICAL_PLASMA_SOURCE,NP95,true,SOURCE_DATA_INTENSITY,629666,POSITIVE_FINITE,true
PXD068107_WESTLAKE_OMNIPROT_TECHNICAL,Westlake University,heatmap_2b,2b_heatmap,22,EYN22,Q15942,Q15942,PXD068107_NP95,POOLED_TECHNICAL_PLASMA_SOURCE,NP95,true,SOURCE_DATA_INTENSITY,230071,POSITIVE_FINITE,true
PXD068107_WESTLAKE_OMNIPROT_TECHNICAL,Westlake University,heatmap_2b,2b_heatmap,22,EZF22,Q16543,Q16543,PXD068107_NP95,POOLED_TECHNICAL_PLASMA_SOURCE,NP95,true,SOURCE_DATA_INTENSITY,59643,POSITIVE_FINITE,true
PXD068107_WESTLAKE_OMNIPROT_TECHNICAL,Westlake University,heatmap_2b,2b_heatmap,22,EZZ22,Q16643,Q16643,PXD068107_NP95,POOLED_TECHNICAL_PLASMA_SOURCE,NP95,true,SOURCE_DATA_INTENSITY,71411.100000000006,POSITIVE_FINITE,true
PXD068107_WESTLAKE_OMNIPROT_TECHNICAL,Westlake University,heatmap_2b,2b_heatmap,22,FAP22,Q16762,Q16762,PXD068107_NP95,POOLED_TECHNICAL_PLASMA_SOURCE,NP95,true,SOURCE_DATA_INTENSITY,,SOURCE_NA,false
PXD068107_WESTLAKE_OMNIPROT_TECHNICAL,Westlake University,heatmap_2b,2b_heatmap,22,FBY22,Q27J81,Q27J81,PXD068107_NP95,POOLED_TECHNICAL_PLASMA_SOURCE,NP95,true,SOURCE_DATA_INTENSITY,67929.399999999994,POSITIVE_FINITE,true
PXD068107_WESTLAKE_OMNIPROT_TECHNICAL,Westlake University,heatmap_2b,2b_heatmap,22,FGK22,Q58FF8,Q58FF8,PXD068107_NP95,POOLED_TECHNICAL_PLASMA_SOURCE,NP95,true,SOURCE_DATA_INTENSITY,,SOURCE_NA,false
PXD068107_WESTLAKE_OMNIPROT_TECHNICAL,Westlake University,heatmap_2b,2b_heatmap,22,FYD22,Q70J99,Q70J99,PXD068107_NP95,POOLED_TECHNICAL_PLASMA_SOURCE,NP95,true,SOURCE_DATA_INTENSITY,57806.300000000003,POSITIVE_FINITE,true
PXD068107_WESTLAKE_OMNIPROT_TECHNICAL,Westlake University,heatmap_2b,2b_heatmap,22,FZH22,Q7L576,Q7L576,PXD068107_NP95,POOLED_TECHNICAL_PLASMA_SOURCE,NP95,true,SOURCE_DATA_INTENSITY,127916,POSITIVE_FINITE,true
PXD068107_WESTLAKE_OMNIPROT_TECHNICAL,Westlake University,heatmap_2b,2b_heatmap,22,GBF22,Q7Z406,Q7Z406,PXD068107_NP95,POOLED_TECHNICAL_PLASMA_SOURCE,NP95,true,SOURCE_DATA_INTENSITY,83570.899999999994,POSITIVE_FINITE,true
PXD068107_WESTLAKE_OMNIPROT_TECHNICAL,Westlake University,heatmap_2b,2b_heatmap,22,GFO22,Q86VP6,Q86VP6,PXD068107_NP95,POOLED_TECHNICAL_PLASMA_SOURCE,NP95,true,SOURCE_DATA_INTENSITY,36528.599999999999,POSITIVE_FINITE,true
PXD068107_WESTLAKE_OMNIPROT_TECHNICAL,Westlake University,heatmap_2b,2b_heatmap,22,GXT22,Q8TC12,Q8TC12,PXD068107_NP95,POOLED_TECHNICAL_PLASMA_SOURCE,NP95,true,SOURCE_DATA_INTENSITY,,SOURCE_NA,false
PXD068107_WESTLAKE_OMNIPROT_TECHNICAL,Westlake University,heatmap_2b,2b_heatmap,22,HJL22,Q93084,Q93084,PXD068107_NP95,POOLED_TECHNICAL_PLASMA_SOURCE,NP95,true,SOURCE_DATA_INTENSITY,14667.6,POSITIVE_FINITE,true
PXD068107_WESTLAKE_OMNIPROT_TECHNICAL,Westlake University,heatmap_2b,2b_heatmap,22,IBO22,Q99733,Q99733,PXD068107_NP95,POOLED_TECHNICAL_PLASMA_SOURCE,NP95,true,SOURCE_DATA_INTENSITY,10606.5,POSITIVE_FINITE,true
PXD068107_WESTLAKE_OMNIPROT_TECHNICAL,Westlake University,heatmap_2b,2b_heatmap,22,ICI22,Q99832,Q99832,PXD068107_NP95,POOLED_TECHNICAL_PLASMA_SOURCE,NP95,true,SOURCE_DATA_INTENSITY,32928.400000000001,POSITIVE_FINITE,true
PXD068107_WESTLAKE_OMNIPROT_TECHNICAL,Westlake University,heatmap_2b,2b_heatmap,22,IFI22,Q9BS26,Q9BS26,PXD068107_NP95,POOLED_TECHNICAL_PLASMA_SOURCE,NP95,true,SOURCE_DATA_INTENSITY,81763.899999999994,POSITIVE_FINITE,true
PXD068107_WESTLAKE_OMNIPROT_TECHNICAL,Westlake University,heatmap_2b,2b_heatmap,22,IFU22,Q9BSJ8,Q9BSJ8,PXD068107_NP95,POOLED_TECHNICAL_PLASMA_SOURCE,NP95,true,SOURCE_DATA_INTENSITY,111358,POSITIVE_FINITE,true
PXD068107_WESTLAKE_OMNIPROT_TECHNICAL,Westlake University,heatmap_2b,2b_heatmap,22,ITX22,Q9H4B7,Q9H4B7,PXD068107_NP95,POOLED_TECHNICAL_PLASMA_SOURCE,NP95,true,SOURCE_DATA_INTENSITY,105961,POSITIVE_FINITE,true
PXD068107_WESTLAKE_OMNIPROT_TECHNICAL,Westlake University,heatmap_2b,2b_heatmap,22,JAC22,Q9HDC9,Q9HDC9,PXD068107_NP95,POOLED_TECHNICAL_PLASMA_SOURCE,NP95,true,SOURCE_DATA_INTENSITY,19871600,POSITIVE_FINITE,true
PXD068107_WESTLAKE_OMNIPROT_TECHNICAL,Westlake University,heatmap_2b,2b_heatmap,22,JCH22,Q9NQC3,Q9NQC3,PXD068107_NP95,POOLED_TECHNICAL_PLASMA_SOURCE,NP95,true,SOURCE_DATA_INTENSITY,10678.5,POSITIVE_FINITE,true
PXD068107_WESTLAKE_OMNIPROT_TECHNICAL,Westlake University,heatmap_2b,2b_heatmap,22,JDC22,Q9NR12,Q9NR12,PXD068107_NP95,POOLED_TECHNICAL_PLASMA_SOURCE,NP95,true,SOURCE_DATA_INTENSITY,265603,POSITIVE_FINITE,true
PXD068107_WESTLAKE_OMNIPROT_TECHNICAL,Westlake University,heatmap_2b,2b_heatmap,22,JEP22,Q9NRW1,Q9NRW1,PXD068107_NP95,POOLED_TECHNICAL_PLASMA_SOURCE,NP95,true,SOURCE_DATA_INTENSITY,91499.699999999997,POSITIVE_FINITE,true
PXD068107_WESTLAKE_OMNIPROT_TECHNICAL,Westlake University,heatmap_2b,2b_heatmap,22,JFD22,Q9NS28,Q9NS28,PXD068107_NP95,POOLED_TECHNICAL_PLASMA_SOURCE,NP95,true,SOURCE_DATA_INTENSITY,228137,POSITIVE_FINITE,true
PXD068107_WESTLAKE_OMNIPROT_TECHNICAL,Westlake University,heatmap_2b,2b_heatmap,22,JKP22,Q9NY65,Q9NY65,PXD068107_NP95,POOLED_TECHNICAL_PLASMA_SOURCE,NP95,true,SOURCE_DATA_INTENSITY,,SOURCE_NA,false
PXD068107_WESTLAKE_OMNIPROT_TECHNICAL,Westlake University,heatmap_2b,2b_heatmap,22,KDT22,Q9Y2A7,Q9Y2A7,PXD068107_NP95,POOLED_TECHNICAL_PLASMA_SOURCE,NP95,true,SOURCE_DATA_INTENSITY,,SOURCE_NA,false
PXD068107_WESTLAKE_OMNIPROT_TECHNICAL,Westlake University,heatmap_2b,2b_heatmap,22,KHC22,Q9Y3F4,Q9Y3F4,PXD068107_NP95,POOLED_TECHNICAL_PLASMA_SOURCE,NP95,true,SOURCE_DATA_INTENSITY,73905.199999999997,POSITIVE_FINITE,true
