outer_fold_id,held_out_core,model_id,alpha,held_out_inner_batch_id,spearman,selected_alpha
T194_OUTER_01,PMC9633814_CORE_FACILITY_1,SEQUENCE_RIDGE_FULL,0.01,PMC9633814_CORE_FACILITY_10,0.3668498168498168,0.1
T194_OUTER_01,PMC9633814_CORE_FACILITY_1,SEQUENCE_RIDGE_FULL,0.01,PMC9633814_CORE_FACILITY_11,0.31808652563369544,0.1
T194_OUTER_01,PMC9633814_CORE_FACILITY_1,SEQUENCE_RIDGE_FULL,0.01,PMC9633814_CORE_FACILITY_12,0.4352320088913587,0.1
T194_OUTER_01,PMC9633814_CORE_FACILITY_1,SEQUENCE_RIDGE_FULL,0.01,PMC9633814_CORE_FACILITY_2,0.30855986119144013,0.1
T194_OUTER_01,PMC9633814_CORE_FACILITY_1,SEQUENCE_RIDGE_FULL,0.01,PMC9633814_CORE_FACILITY_3,0.5291642314436003,0.1
T194_OUTER_01,PMC9633814_CORE_FACILITY_1,SEQUENCE_RIDGE_FULL,0.01,PMC9633814_CORE_FACILITY_4,0.33592723066407276,0.1
T194_OUTER_01,PMC9633814_CORE_FACILITY_1,SEQUENCE_RIDGE_FULL,0.01,PMC9633814_CORE_FACILITY_5,0.4941405504447074,0.1
T194_OUTER_01,PMC9633814_CORE_FACILITY_1,SEQUENCE_RIDGE_FULL,0.01,PMC9633814_CORE_FACILITY_6,0.5199095022624435,0.1
T194_OUTER_01,PMC9633814_CORE_FACILITY_1,SEQUENCE_RIDGE_FULL,0.01,PMC9633814_CORE_FACILITY_7,0.5228959276018099,0.1
T194_OUTER_01,PMC9633814_CORE_FACILITY_1,SEQUENCE_RIDGE_FULL,0.01,PMC9633814_CORE_FACILITY_8,0.451417004048583,0.1
T194_OUTER_01,PMC9633814_CORE_FACILITY_1,SEQUENCE_RIDGE_FULL,0.01,PMC9633814_CORE_FACILITY_9,0.3250871080139373,0.1
T194_OUTER_01,PMC9633814_CORE_FACILITY_1,SEQUENCE_RIDGE_FULL,0.01,__MEAN__,0.41884270609504226,0.1
T194_OUTER_01,PMC9633814_CORE_FACILITY_1,SEQUENCE_RIDGE_FULL,0.1,PMC9633814_CORE_FACILITY_10,0.36387362637362636,0.1
T194_OUTER_01,PMC9633814_CORE_FACILITY_1,SEQUENCE_RIDGE_FULL,0.1,PMC9633814_CORE_FACILITY_11,0.3180102915951973,0.1
T194_OUTER_01,PMC9633814_CORE_FACILITY_1,SEQUENCE_RIDGE_FULL,0.1,PMC9633814_CORE_FACILITY_12,0.4594053903862184,0.1
T194_OUTER_01,PMC9633814_CORE_FACILITY_1,SEQUENCE_RIDGE_FULL,0.1,PMC9633814_CORE_FACILITY_2,0.28589831221410167,0.1
T194_OUTER_01,PMC9633814_CORE_FACILITY_1,SEQUENCE_RIDGE_FULL,0.1,PMC9633814_CORE_FACILITY_3,0.520572764465225,0.1
T194_OUTER_01,PMC9633814_CORE_FACILITY_1,SEQUENCE_RIDGE_FULL,0.1,PMC9633814_CORE_FACILITY_4,0.35269993164730007,0.1
T194_OUTER_01,PMC9633814_CORE_FACILITY_1,SEQUENCE_RIDGE_FULL,0.1,PMC9633814_CORE_FACILITY_5,0.5002099477039356,0.1
T194_OUTER_01,PMC9633814_CORE_FACILITY_1,SEQUENCE_RIDGE_FULL,0.1,PMC9633814_CORE_FACILITY_6,0.5,0.1
T194_OUTER_01,PMC9633814_CORE_FACILITY_1,SEQUENCE_RIDGE_FULL,0.1,PMC9633814_CORE_FACILITY_7,0.5304072398190045,0.1
T194_OUTER_01,PMC9633814_CORE_FACILITY_1,SEQUENCE_RIDGE_FULL,0.1,PMC9633814_CORE_FACILITY_8,0.4925101214574899,0.1
T194_OUTER_01,PMC9633814_CORE_FACILITY_1,SEQUENCE_RIDGE_FULL,0.1,PMC9633814_CORE_FACILITY_9,0.3259581881533101,0.1
T194_OUTER_01,PMC9633814_CORE_FACILITY_1,SEQUENCE_RIDGE_FULL,0.1,__MEAN__,0.4226859830741281,0.1
T194_OUTER_01,PMC9633814_CORE_FACILITY_1,SEQUENCE_RIDGE_FULL,1.0,PMC9633814_CORE_FACILITY_10,0.3413919413919414,0.1
T194_OUTER_01,PMC9633814_CORE_FACILITY_1,SEQUENCE_RIDGE_FULL,1.0,PMC9633814_CORE_FACILITY_11,0.32380407852105964,0.1
T194_OUTER_01,PMC9633814_CORE_FACILITY_1,SEQUENCE_RIDGE_FULL,1.0,PMC9633814_CORE_FACILITY_12,0.4575159766601834,0.1
T194_OUTER_01,PMC9633814_CORE_FACILITY_1,SEQUENCE_RIDGE_FULL,1.0,PMC9633814_CORE_FACILITY_2,0.27204374572795625,0.1
T194_OUTER_01,PMC9633814_CORE_FACILITY_1,SEQUENCE_RIDGE_FULL,1.0,PMC9633814_CORE_FACILITY_3,0.5107539450613676,0.1
T194_OUTER_01,PMC9633814_CORE_FACILITY_1,SEQUENCE_RIDGE_FULL,1.0,PMC9633814_CORE_FACILITY_4,0.35595982964404016,0.1
T194_OUTER_01,PMC9633814_CORE_FACILITY_1,SEQUENCE_RIDGE_FULL,1.0,PMC9633814_CORE_FACILITY_5,0.5042943848532274,0.1
T194_OUTER_01,PMC9633814_CORE_FACILITY_1,SEQUENCE_RIDGE_FULL,1.0,PMC9633814_CORE_FACILITY_6,0.4732126696832579,0.1
T194_OUTER_01,PMC9633814_CORE_FACILITY_1,SEQUENCE_RIDGE_FULL,1.0,PMC9633814_CORE_FACILITY_7,0.5283257918552037,0.1
T194_OUTER_01,PMC9633814_CORE_FACILITY_1,SEQUENCE_RIDGE_FULL,1.0,PMC9633814_CORE_FACILITY_8,0.5046558704453441,0.1
T194_OUTER_01,PMC9633814_CORE_FACILITY_1,SEQUENCE_RIDGE_FULL,1.0,PMC9633814_CORE_FACILITY_9,0.30226480836236935,0.1
T194_OUTER_01,PMC9633814_CORE_FACILITY_1,SEQUENCE_RIDGE_FULL,1.0,__MEAN__,0.41583845838235917,0.1
T194_OUTER_01,PMC9633814_CORE_FACILITY_1,SEQUENCE_RIDGE_FULL,10.0,PMC9633814_CORE_FACILITY_10,0.336996336996337,0.1
T194_OUTER_01,PMC9633814_CORE_FACILITY_1,SEQUENCE_RIDGE_FULL,10.0,PMC9633814_CORE_FACILITY_11,0.3257099294835144,0.1
T194_OUTER_01,PMC9633814_CORE_FACILITY_1,SEQUENCE_RIDGE_FULL,10.0,PMC9633814_CORE_FACILITY_12,0.46429563767713256,0.1
T194_OUTER_01,PMC9633814_CORE_FACILITY_1,SEQUENCE_RIDGE_FULL,10.0,PMC9633814_CORE_FACILITY_2,0.2666543982333456,0.1
T194_OUTER_01,PMC9633814_CORE_FACILITY_1,SEQUENCE_RIDGE_FULL,10.0,PMC9633814_CORE_FACILITY_3,0.5074810052600818,0.1
T194_OUTER_01,PMC9633814_CORE_FACILITY_1,SEQUENCE_RIDGE_FULL,10.0,PMC9633814_CORE_FACILITY_4,0.35614385614385613,0.1
T194_OUTER_01,PMC9633814_CORE_FACILITY_1,SEQUENCE_RIDGE_FULL,10.0,PMC9633814_CORE_FACILITY_5,0.509409474367294,0.1
T194_OUTER_01,PMC9633814_CORE_FACILITY_1,SEQUENCE_RIDGE_FULL,10.0,PMC9633814_CORE_FACILITY_6,0.4646153846153846,0.1
T194_OUTER_01,PMC9633814_CORE_FACILITY_1,SEQUENCE_RIDGE_FULL,10.0,PMC9633814_CORE_FACILITY_7,0.5163800904977376,0.1
T194_OUTER_01,PMC9633814_CORE_FACILITY_1,SEQUENCE_RIDGE_FULL,10.0,PMC9633814_CORE_FACILITY_8,0.5097165991902834,0.1
T194_OUTER_01,PMC9633814_CORE_FACILITY_1,SEQUENCE_RIDGE_FULL,10.0,PMC9633814_CORE_FACILITY_9,0.3121951219512195,0.1
T194_OUTER_01,PMC9633814_CORE_FACILITY_1,SEQUENCE_RIDGE_FULL,10.0,__MEAN__,0.41541798494692606,0.1
T194_OUTER_01,PMC9633814_CORE_FACILITY_1,SEQUENCE_RIDGE_FULL,100.0,PMC9633814_CORE_FACILITY_10,0.351510989010989,0.1
T194_OUTER_01,PMC9633814_CORE_FACILITY_1,SEQUENCE_RIDGE_FULL,100.0,PMC9633814_CORE_FACILITY_11,0.30062893081761005,0.1
T194_OUTER_01,PMC9633814_CORE_FACILITY_1,SEQUENCE_RIDGE_FULL,100.0,PMC9633814_CORE_FACILITY_12,0.47190886357321477,0.1
T194_OUTER_01,PMC9633814_CORE_FACILITY_1,SEQUENCE_RIDGE_FULL,100.0,PMC9633814_CORE_FACILITY_2,0.2727272727272727,0.1
T194_OUTER_01,PMC9633814_CORE_FACILITY_1,SEQUENCE_RIDGE_FULL,100.0,PMC9633814_CORE_FACILITY_3,0.5102279368790181,0.1
T194_OUTER_01,PMC9633814_CORE_FACILITY_1,SEQUENCE_RIDGE_FULL,100.0,PMC9633814_CORE_FACILITY_4,0.3575109101424891,0.1
T194_OUTER_01,PMC9633814_CORE_FACILITY_1,SEQUENCE_RIDGE_FULL,100.0,PMC9633814_CORE_FACILITY_5,0.4848646791617361,0.1
T194_OUTER_01,PMC9633814_CORE_FACILITY_1,SEQUENCE_RIDGE_FULL,100.0,PMC9633814_CORE_FACILITY_6,0.4536651583710407,0.1
T194_OUTER_01,PMC9633814_CORE_FACILITY_1,SEQUENCE_RIDGE_FULL,100.0,PMC9633814_CORE_FACILITY_7,0.4872398190045249,0.1
T194_OUTER_01,PMC9633814_CORE_FACILITY_1,SEQUENCE_RIDGE_FULL,100.0,PMC9633814_CORE_FACILITY_8,0.5002024291497976,0.1
T194_OUTER_01,PMC9633814_CORE_FACILITY_1,SEQUENCE_RIDGE_FULL,100.0,PMC9633814_CORE_FACILITY_9,0.3057491289198606,0.1
T194_OUTER_01,PMC9633814_CORE_FACILITY_1,SEQUENCE_RIDGE_FULL,100.0,__MEAN__,0.4087487379779595,0.1
T194_OUTER_01,PMC9633814_CORE_FACILITY_1,SEQUENCE_RIDGE_COMPOSITION_ONLY,0.01,PMC9633814_CORE_FACILITY_10,0.2582875457875458,0.01
T194_OUTER_01,PMC9633814_CORE_FACILITY_1,SEQUENCE_RIDGE_COMPOSITION_ONLY,0.01,PMC9633814_CORE_FACILITY_11,0.24200495521250237,0.01
T194_OUTER_01,PMC9633814_CORE_FACILITY_1,SEQUENCE_RIDGE_COMPOSITION_ONLY,0.01,PMC9633814_CORE_FACILITY_12,0.45184773548207835,0.01
T194_OUTER_01,PMC9633814_CORE_FACILITY_1,SEQUENCE_RIDGE_COMPOSITION_ONLY,0.01,PMC9633814_CORE_FACILITY_2,0.2413376097586624,0.01
T194_OUTER_01,PMC9633814_CORE_FACILITY_1,SEQUENCE_RIDGE_COMPOSITION_ONLY,0.01,PMC9633814_CORE_FACILITY_3,0.4687317358270017,0.01
T194_OUTER_01,PMC9633814_CORE_FACILITY_1,SEQUENCE_RIDGE_COMPOSITION_ONLY,0.01,PMC9633814_CORE_FACILITY_4,0.2615542352384458,0.01
T194_OUTER_01,PMC9633814_CORE_FACILITY_1,SEQUENCE_RIDGE_COMPOSITION_ONLY,0.01,PMC9633814_CORE_FACILITY_5,0.47486353399244186,0.01
T194_OUTER_01,PMC9633814_CORE_FACILITY_1,SEQUENCE_RIDGE_COMPOSITION_ONLY,0.01,PMC9633814_CORE_FACILITY_6,0.3644343891402715,0.01
T194_OUTER_01,PMC9633814_CORE_FACILITY_1,SEQUENCE_RIDGE_COMPOSITION_ONLY,0.01,PMC9633814_CORE_FACILITY_7,0.5339366515837104,0.01
T194_OUTER_01,PMC9633814_CORE_FACILITY_1,SEQUENCE_RIDGE_COMPOSITION_ONLY,0.01,PMC9633814_CORE_FACILITY_8,0.4811740890688259,0.01
T194_OUTER_01,PMC9633814_CORE_FACILITY_1,SEQUENCE_RIDGE_COMPOSITION_ONLY,0.01,PMC9633814_CORE_FACILITY_9,0.3696864111498258,0.01
T194_OUTER_01,PMC9633814_CORE_FACILITY_1,SEQUENCE_RIDGE_COMPOSITION_ONLY,0.01,__MEAN__,0.37707808111284646,0.01
T194_OUTER_01,PMC9633814_CORE_FACILITY_1,SEQUENCE_RIDGE_COMPOSITION_ONLY,0.1,PMC9633814_CORE_FACILITY_10,0.2582875457875458,0.01
T194_OUTER_01,PMC9633814_CORE_FACILITY_1,SEQUENCE_RIDGE_COMPOSITION_ONLY,0.1,PMC9633814_CORE_FACILITY_11,0.24200495521250237,0.01
T194_OUTER_01,PMC9633814_CORE_FACILITY_1,SEQUENCE_RIDGE_COMPOSITION_ONLY,0.1,PMC9633814_CORE_FACILITY_12,0.45184773548207835,0.01
T194_OUTER_01,PMC9633814_CORE_FACILITY_1,SEQUENCE_RIDGE_COMPOSITION_ONLY,0.1,PMC9633814_CORE_FACILITY_2,0.2413376097586624,0.01
T194_OUTER_01,PMC9633814_CORE_FACILITY_1,SEQUENCE_RIDGE_COMPOSITION_ONLY,0.1,PMC9633814_CORE_FACILITY_3,0.4687317358270017,0.01
T194_OUTER_01,PMC9633814_CORE_FACILITY_1,SEQUENCE_RIDGE_COMPOSITION_ONLY,0.1,PMC9633814_CORE_FACILITY_4,0.2615542352384458,0.01
T194_OUTER_01,PMC9633814_CORE_FACILITY_1,SEQUENCE_RIDGE_COMPOSITION_ONLY,0.1,PMC9633814_CORE_FACILITY_5,0.47486353399244186,0.01
T194_OUTER_01,PMC9633814_CORE_FACILITY_1,SEQUENCE_RIDGE_COMPOSITION_ONLY,0.1,PMC9633814_CORE_FACILITY_6,0.3644343891402715,0.01
T194_OUTER_01,PMC9633814_CORE_FACILITY_1,SEQUENCE_RIDGE_COMPOSITION_ONLY,0.1,PMC9633814_CORE_FACILITY_7,0.5339366515837104,0.01
T194_OUTER_01,PMC9633814_CORE_FACILITY_1,SEQUENCE_RIDGE_COMPOSITION_ONLY,0.1,PMC9633814_CORE_FACILITY_8,0.4811740890688259,0.01
T194_OUTER_01,PMC9633814_CORE_FACILITY_1,SEQUENCE_RIDGE_COMPOSITION_ONLY,0.1,PMC9633814_CORE_FACILITY_9,0.3696864111498258,0.01
T194_OUTER_01,PMC9633814_CORE_FACILITY_1,SEQUENCE_RIDGE_COMPOSITION_ONLY,0.1,__MEAN__,0.37707808111284646,0.01
T194_OUTER_01,PMC9633814_CORE_FACILITY_1,SEQUENCE_RIDGE_COMPOSITION_ONLY,1.0,PMC9633814_CORE_FACILITY_10,0.2586538461538462,0.01
T194_OUTER_01,PMC9633814_CORE_FACILITY_1,SEQUENCE_RIDGE_COMPOSITION_ONLY,1.0,PMC9633814_CORE_FACILITY_11,0.24139508290451686,0.01
T194_OUTER_01,PMC9633814_CORE_FACILITY_1,SEQUENCE_RIDGE_COMPOSITION_ONLY,1.0,PMC9633814_CORE_FACILITY_12,0.45368157821617117,0.01
T194_OUTER_01,PMC9633814_CORE_FACILITY_1,SEQUENCE_RIDGE_COMPOSITION_ONLY,1.0,PMC9633814_CORE_FACILITY_2,0.24075924075924077,0.01
T194_OUTER_01,PMC9633814_CORE_FACILITY_1,SEQUENCE_RIDGE_COMPOSITION_ONLY,1.0,PMC9633814_CORE_FACILITY_3,0.4687317358270017,0.01
T194_OUTER_01,PMC9633814_CORE_FACILITY_1,SEQUENCE_RIDGE_COMPOSITION_ONLY,1.0,PMC9633814_CORE_FACILITY_4,0.261895998738104,0.01
T194_OUTER_01,PMC9633814_CORE_FACILITY_1,SEQUENCE_RIDGE_COMPOSITION_ONLY,1.0,PMC9633814_CORE_FACILITY_5,0.4757796694277971,0.01
T194_OUTER_01,PMC9633814_CORE_FACILITY_1,SEQUENCE_RIDGE_COMPOSITION_ONLY,1.0,PMC9633814_CORE_FACILITY_6,0.3631674208144796,0.01
T194_OUTER_01,PMC9633814_CORE_FACILITY_1,SEQUENCE_RIDGE_COMPOSITION_ONLY,1.0,PMC9633814_CORE_FACILITY_7,0.5306787330316742,0.01
T194_OUTER_01,PMC9633814_CORE_FACILITY_1,SEQUENCE_RIDGE_COMPOSITION_ONLY,1.0,PMC9633814_CORE_FACILITY_8,0.48097165991902835,0.01
T194_OUTER_01,PMC9633814_CORE_FACILITY_1,SEQUENCE_RIDGE_COMPOSITION_ONLY,1.0,PMC9633814_CORE_FACILITY_9,0.36341463414634145,0.01
T194_OUTER_01,PMC9633814_CORE_FACILITY_1,SEQUENCE_RIDGE_COMPOSITION_ONLY,1.0,__MEAN__,0.376284509085291,0.01
T194_OUTER_01,PMC9633814_CORE_FACILITY_1,SEQUENCE_RIDGE_COMPOSITION_ONLY,10.0,PMC9633814_CORE_FACILITY_10,0.26355311355311356,0.01
T194_OUTER_01,PMC9633814_CORE_FACILITY_1,SEQUENCE_RIDGE_COMPOSITION_ONLY,10.0,PMC9633814_CORE_FACILITY_11,0.23689727463312368,0.01
T194_OUTER_01,PMC9633814_CORE_FACILITY_1,SEQUENCE_RIDGE_COMPOSITION_ONLY,10.0,PMC9633814_CORE_FACILITY_12,0.4597943873298138,0.01
T194_OUTER_01,PMC9633814_CORE_FACILITY_1,SEQUENCE_RIDGE_COMPOSITION_ONLY,10.0,PMC9633814_CORE_FACILITY_2,0.2400757137599243,0.01
T194_OUTER_01,PMC9633814_CORE_FACILITY_1,SEQUENCE_RIDGE_COMPOSITION_ONLY,10.0,PMC9633814_CORE_FACILITY_3,0.4663939216832262,0.01
T194_OUTER_01,PMC9633814_CORE_FACILITY_1,SEQUENCE_RIDGE_COMPOSITION_ONLY,10.0,PMC9633814_CORE_FACILITY_4,0.2629738682370261,0.01
T194_OUTER_01,PMC9633814_CORE_FACILITY_1,SEQUENCE_RIDGE_COMPOSITION_ONLY,10.0,PMC9633814_CORE_FACILITY_5,0.4783753864946368,0.01
T194_OUTER_01,PMC9633814_CORE_FACILITY_1,SEQUENCE_RIDGE_COMPOSITION_ONLY,10.0,PMC9633814_CORE_FACILITY_6,0.3546606334841629,0.01
T194_OUTER_01,PMC9633814_CORE_FACILITY_1,SEQUENCE_RIDGE_COMPOSITION_ONLY,10.0,PMC9633814_CORE_FACILITY_7,0.5244343891402715,0.01
T194_OUTER_01,PMC9633814_CORE_FACILITY_1,SEQUENCE_RIDGE_COMPOSITION_ONLY,10.0,PMC9633814_CORE_FACILITY_8,0.4755060728744939,0.01
T194_OUTER_01,PMC9633814_CORE_FACILITY_1,SEQUENCE_RIDGE_COMPOSITION_ONLY,10.0,PMC9633814_CORE_FACILITY_9,0.36341463414634145,0.01
T194_OUTER_01,PMC9633814_CORE_FACILITY_1,SEQUENCE_RIDGE_COMPOSITION_ONLY,10.0,__MEAN__,0.3750981268487395,0.01
T194_OUTER_01,PMC9633814_CORE_FACILITY_1,SEQUENCE_RIDGE_COMPOSITION_ONLY,100.0,PMC9633814_CORE_FACILITY_10,0.27976190476190477,0.01
T194_OUTER_01,PMC9633814_CORE_FACILITY_1,SEQUENCE_RIDGE_COMPOSITION_ONLY,100.0,PMC9633814_CORE_FACILITY_11,0.21265485039069945,0.01
T194_OUTER_01,PMC9633814_CORE_FACILITY_1,SEQUENCE_RIDGE_COMPOSITION_ONLY,100.0,PMC9633814_CORE_FACILITY_12,0.46429563767713256,0.01
T194_OUTER_01,PMC9633814_CORE_FACILITY_1,SEQUENCE_RIDGE_COMPOSITION_ONLY,100.0,PMC9633814_CORE_FACILITY_2,0.2418108207581892,0.01
T194_OUTER_01,PMC9633814_CORE_FACILITY_1,SEQUENCE_RIDGE_COMPOSITION_ONLY,100.0,PMC9633814_CORE_FACILITY_3,0.45365283459964933,0.01
T194_OUTER_01,PMC9633814_CORE_FACILITY_1,SEQUENCE_RIDGE_COMPOSITION_ONLY,100.0,PMC9633814_CORE_FACILITY_4,0.24467637625532362,0.01
T194_OUTER_01,PMC9633814_CORE_FACILITY_1,SEQUENCE_RIDGE_COMPOSITION_ONLY,100.0,PMC9633814_CORE_FACILITY_5,0.46612207504676106,0.01
T194_OUTER_01,PMC9633814_CORE_FACILITY_1,SEQUENCE_RIDGE_COMPOSITION_ONLY,100.0,PMC9633814_CORE_FACILITY_6,0.33638009049773754,0.01
T194_OUTER_01,PMC9633814_CORE_FACILITY_1,SEQUENCE_RIDGE_COMPOSITION_ONLY,100.0,PMC9633814_CORE_FACILITY_7,0.5096832579185521,0.01
T194_OUTER_01,PMC9633814_CORE_FACILITY_1,SEQUENCE_RIDGE_COMPOSITION_ONLY,100.0,PMC9633814_CORE_FACILITY_8,0.4680161943319838,0.01
T194_OUTER_01,PMC9633814_CORE_FACILITY_1,SEQUENCE_RIDGE_COMPOSITION_ONLY,100.0,PMC9633814_CORE_FACILITY_9,0.3280487804878049,0.01
T194_OUTER_01,PMC9633814_CORE_FACILITY_1,SEQUENCE_RIDGE_COMPOSITION_ONLY,100.0,__MEAN__,0.36410025661143075,0.01
T194_OUTER_02,PMC9633814_CORE_FACILITY_10,SEQUENCE_RIDGE_FULL,0.01,PMC9633814_CORE_FACILITY_1,0.55620498904081,0.01
T194_OUTER_02,PMC9633814_CORE_FACILITY_10,SEQUENCE_RIDGE_FULL,0.01,PMC9633814_CORE_FACILITY_11,0.3635220125786163,0.01
T194_OUTER_02,PMC9633814_CORE_FACILITY_10,SEQUENCE_RIDGE_FULL,0.01,PMC9633814_CORE_FACILITY_12,0.4331758821894971,0.01
T194_OUTER_02,PMC9633814_CORE_FACILITY_10,SEQUENCE_RIDGE_FULL,0.01,PMC9633814_CORE_FACILITY_2,0.3166833166833167,0.01
T194_OUTER_02,PMC9633814_CORE_FACILITY_10,SEQUENCE_RIDGE_FULL,0.01,PMC9633814_CORE_FACILITY_3,0.502863822326125,0.01
T194_OUTER_02,PMC9633814_CORE_FACILITY_10,SEQUENCE_RIDGE_FULL,0.01,PMC9633814_CORE_FACILITY_4,0.3799884326200116,0.01
T194_OUTER_02,PMC9633814_CORE_FACILITY_10,SEQUENCE_RIDGE_FULL,0.01,PMC9633814_CORE_FACILITY_5,0.4839103714165744,0.01
T194_OUTER_02,PMC9633814_CORE_FACILITY_10,SEQUENCE_RIDGE_FULL,0.01,PMC9633814_CORE_FACILITY_6,0.5466968325791856,0.01
T194_OUTER_02,PMC9633814_CORE_FACILITY_10,SEQUENCE_RIDGE_FULL,0.01,PMC9633814_CORE_FACILITY_7,0.4893212669683258,0.01
T194_OUTER_02,PMC9633814_CORE_FACILITY_10,SEQUENCE_RIDGE_FULL,0.01,PMC9633814_CORE_FACILITY_8,0.42894736842105263,0.01
T194_OUTER_02,PMC9633814_CORE_FACILITY_10,SEQUENCE_RIDGE_FULL,0.01,PMC9633814_CORE_FACILITY_9,0.356794425087108,0.01
T194_OUTER_02,PMC9633814_CORE_FACILITY_10,SEQUENCE_RIDGE_FULL,0.01,__MEAN__,0.4416462472646021,0.01
T194_OUTER_02,PMC9633814_CORE_FACILITY_10,SEQUENCE_RIDGE_FULL,0.1,PMC9633814_CORE_FACILITY_1,0.5586681974741676,0.01
T194_OUTER_02,PMC9633814_CORE_FACILITY_10,SEQUENCE_RIDGE_FULL,0.1,PMC9633814_CORE_FACILITY_11,0.36702877834953307,0.01
T194_OUTER_02,PMC9633814_CORE_FACILITY_10,SEQUENCE_RIDGE_FULL,0.1,PMC9633814_CORE_FACILITY_12,0.4280633509308141,0.01
T194_OUTER_02,PMC9633814_CORE_FACILITY_10,SEQUENCE_RIDGE_FULL,0.1,PMC9633814_CORE_FACILITY_2,0.30135653819864344,0.01
T194_OUTER_02,PMC9633814_CORE_FACILITY_10,SEQUENCE_RIDGE_FULL,0.1,PMC9633814_CORE_FACILITY_3,0.5016949152542373,0.01
T194_OUTER_02,PMC9633814_CORE_FACILITY_10,SEQUENCE_RIDGE_FULL,0.1,PMC9633814_CORE_FACILITY_4,0.3833797781166202,0.01
T194_OUTER_02,PMC9633814_CORE_FACILITY_10,SEQUENCE_RIDGE_FULL,0.1,PMC9633814_CORE_FACILITY_5,0.47929152192999197,0.01
T194_OUTER_02,PMC9633814_CORE_FACILITY_10,SEQUENCE_RIDGE_FULL,0.1,PMC9633814_CORE_FACILITY_6,0.523710407239819,0.01
T194_OUTER_02,PMC9633814_CORE_FACILITY_10,SEQUENCE_RIDGE_FULL,0.1,PMC9633814_CORE_FACILITY_7,0.5047058823529412,0.01
T194_OUTER_02,PMC9633814_CORE_FACILITY_10,SEQUENCE_RIDGE_FULL,0.1,PMC9633814_CORE_FACILITY_8,0.4427125506072874,0.01
T194_OUTER_02,PMC9633814_CORE_FACILITY_10,SEQUENCE_RIDGE_FULL,0.1,PMC9633814_CORE_FACILITY_9,0.3590592334494774,0.01
T194_OUTER_02,PMC9633814_CORE_FACILITY_10,SEQUENCE_RIDGE_FULL,0.1,__MEAN__,0.44087919580941204,0.01
T194_OUTER_02,PMC9633814_CORE_FACILITY_10,SEQUENCE_RIDGE_FULL,1.0,PMC9633814_CORE_FACILITY_1,0.5537000313119717,0.01
T194_OUTER_02,PMC9633814_CORE_FACILITY_10,SEQUENCE_RIDGE_FULL,1.0,PMC9633814_CORE_FACILITY_11,0.3639031827711073,0.01
T194_OUTER_02,PMC9633814_CORE_FACILITY_10,SEQUENCE_RIDGE_FULL,1.0,PMC9633814_CORE_FACILITY_12,0.43901083634342875,0.01
T194_OUTER_02,PMC9633814_CORE_FACILITY_10,SEQUENCE_RIDGE_FULL,1.0,PMC9633814_CORE_FACILITY_2,0.2871339187128661,0.01
T194_OUTER_02,PMC9633814_CORE_FACILITY_10,SEQUENCE_RIDGE_FULL,1.0,PMC9633814_CORE_FACILITY_3,0.480479251899474,0.01
T194_OUTER_02,PMC9633814_CORE_FACILITY_10,SEQUENCE_RIDGE_FULL,1.0,PMC9633814_CORE_FACILITY_4,0.3786213786213786,0.01
T194_OUTER_02,PMC9633814_CORE_FACILITY_10,SEQUENCE_RIDGE_FULL,1.0,PMC9633814_CORE_FACILITY_5,0.47887162652212084,0.01
T194_OUTER_02,PMC9633814_CORE_FACILITY_10,SEQUENCE_RIDGE_FULL,1.0,PMC9633814_CORE_FACILITY_6,0.5149321266968325,0.01
T194_OUTER_02,PMC9633814_CORE_FACILITY_10,SEQUENCE_RIDGE_FULL,1.0,PMC9633814_CORE_FACILITY_7,0.4970135746606335,0.01
T194_OUTER_02,PMC9633814_CORE_FACILITY_10,SEQUENCE_RIDGE_FULL,1.0,PMC9633814_CORE_FACILITY_8,0.4694331983805668,0.01
T194_OUTER_02,PMC9633814_CORE_FACILITY_10,SEQUENCE_RIDGE_FULL,1.0,PMC9633814_CORE_FACILITY_9,0.34599303135888504,0.01
T194_OUTER_02,PMC9633814_CORE_FACILITY_10,SEQUENCE_RIDGE_FULL,1.0,__MEAN__,0.4371901961162969,0.01
T194_OUTER_02,PMC9633814_CORE_FACILITY_10,SEQUENCE_RIDGE_FULL,10.0,PMC9633814_CORE_FACILITY_1,0.5516960651289009,0.01
T194_OUTER_02,PMC9633814_CORE_FACILITY_10,SEQUENCE_RIDGE_FULL,10.0,PMC9633814_CORE_FACILITY_11,0.35932914046121595,0.01
T194_OUTER_02,PMC9633814_CORE_FACILITY_10,SEQUENCE_RIDGE_FULL,10.0,PMC9633814_CORE_FACILITY_12,0.4387329813837177,0.01
T194_OUTER_02,PMC9633814_CORE_FACILITY_10,SEQUENCE_RIDGE_FULL,10.0,PMC9633814_CORE_FACILITY_2,0.2848467322151533,0.01
T194_OUTER_02,PMC9633814_CORE_FACILITY_10,SEQUENCE_RIDGE_FULL,10.0,PMC9633814_CORE_FACILITY_3,0.4742840444184687,0.01
T194_OUTER_02,PMC9633814_CORE_FACILITY_10,SEQUENCE_RIDGE_FULL,10.0,PMC9633814_CORE_FACILITY_4,0.3865870971134129,0.01
T194_OUTER_02,PMC9633814_CORE_FACILITY_10,SEQUENCE_RIDGE_FULL,10.0,PMC9633814_CORE_FACILITY_5,0.478718937282895,0.01
T194_OUTER_02,PMC9633814_CORE_FACILITY_10,SEQUENCE_RIDGE_FULL,10.0,PMC9633814_CORE_FACILITY_6,0.505158371040724,0.01
T194_OUTER_02,PMC9633814_CORE_FACILITY_10,SEQUENCE_RIDGE_FULL,10.0,PMC9633814_CORE_FACILITY_7,0.4969230769230769,0.01
T194_OUTER_02,PMC9633814_CORE_FACILITY_10,SEQUENCE_RIDGE_FULL,10.0,PMC9633814_CORE_FACILITY_8,0.46963562753036436,0.01
T194_OUTER_02,PMC9633814_CORE_FACILITY_10,SEQUENCE_RIDGE_FULL,10.0,PMC9633814_CORE_FACILITY_9,0.3552264808362369,0.01
T194_OUTER_02,PMC9633814_CORE_FACILITY_10,SEQUENCE_RIDGE_FULL,10.0,__MEAN__,0.436467141303106,0.01
T194_OUTER_02,PMC9633814_CORE_FACILITY_10,SEQUENCE_RIDGE_FULL,100.0,PMC9633814_CORE_FACILITY_1,0.5885189437428243,0.01
T194_OUTER_02,PMC9633814_CORE_FACILITY_10,SEQUENCE_RIDGE_FULL,100.0,PMC9633814_CORE_FACILITY_11,0.3378311416047265,0.01
T194_OUTER_02,PMC9633814_CORE_FACILITY_10,SEQUENCE_RIDGE_FULL,100.0,PMC9633814_CORE_FACILITY_12,0.4492914698527369,0.01
T194_OUTER_02,PMC9633814_CORE_FACILITY_10,SEQUENCE_RIDGE_FULL,100.0,PMC9633814_CORE_FACILITY_2,0.266706977233293,0.01
T194_OUTER_02,PMC9633814_CORE_FACILITY_10,SEQUENCE_RIDGE_FULL,100.0,PMC9633814_CORE_FACILITY_3,0.4779076563413209,0.01
T194_OUTER_02,PMC9633814_CORE_FACILITY_10,SEQUENCE_RIDGE_FULL,100.0,PMC9633814_CORE_FACILITY_4,0.3836163836163836,0.01
T194_OUTER_02,PMC9633814_CORE_FACILITY_10,SEQUENCE_RIDGE_FULL,100.0,PMC9633814_CORE_FACILITY_5,0.4650914226819865,0.01
T194_OUTER_02,PMC9633814_CORE_FACILITY_10,SEQUENCE_RIDGE_FULL,100.0,PMC9633814_CORE_FACILITY_6,0.47592760180995475,0.01
T194_OUTER_02,PMC9633814_CORE_FACILITY_10,SEQUENCE_RIDGE_FULL,100.0,PMC9633814_CORE_FACILITY_7,0.4633484162895928,0.01
T194_OUTER_02,PMC9633814_CORE_FACILITY_10,SEQUENCE_RIDGE_FULL,100.0,PMC9633814_CORE_FACILITY_8,0.45040485829959515,0.01
T194_OUTER_02,PMC9633814_CORE_FACILITY_10,SEQUENCE_RIDGE_FULL,100.0,PMC9633814_CORE_FACILITY_9,0.36655052264808363,0.01
T194_OUTER_02,PMC9633814_CORE_FACILITY_10,SEQUENCE_RIDGE_FULL,100.0,__MEAN__,0.4295632176473179,0.01
T194_OUTER_02,PMC9633814_CORE_FACILITY_10,SEQUENCE_RIDGE_COMPOSITION_ONLY,0.01,PMC9633814_CORE_FACILITY_1,0.30959190063667674,1.0
T194_OUTER_02,PMC9633814_CORE_FACILITY_10,SEQUENCE_RIDGE_COMPOSITION_ONLY,0.01,PMC9633814_CORE_FACILITY_11,0.2644177625309701,1.0
T194_OUTER_02,PMC9633814_CORE_FACILITY_10,SEQUENCE_RIDGE_COMPOSITION_ONLY,0.01,PMC9633814_CORE_FACILITY_12,0.45595998888580164,1.0
T194_OUTER_02,PMC9633814_CORE_FACILITY_10,SEQUENCE_RIDGE_COMPOSITION_ONLY,0.01,PMC9633814_CORE_FACILITY_2,0.2892633682107366,1.0
T194_OUTER_02,PMC9633814_CORE_FACILITY_10,SEQUENCE_RIDGE_COMPOSITION_ONLY,0.01,PMC9633814_CORE_FACILITY_3,0.4657510227936879,1.0
T194_OUTER_02,PMC9633814_CORE_FACILITY_10,SEQUENCE_RIDGE_COMPOSITION_ONLY,0.01,PMC9633814_CORE_FACILITY_4,0.2892107892107892,1.0
T194_OUTER_02,PMC9633814_CORE_FACILITY_10,SEQUENCE_RIDGE_COMPOSITION_ONLY,0.01,PMC9633814_CORE_FACILITY_5,0.46455701034469593,1.0
T194_OUTER_02,PMC9633814_CORE_FACILITY_10,SEQUENCE_RIDGE_COMPOSITION_ONLY,0.01,PMC9633814_CORE_FACILITY_6,0.40199095022624437,1.0
T194_OUTER_02,PMC9633814_CORE_FACILITY_10,SEQUENCE_RIDGE_COMPOSITION_ONLY,0.01,PMC9633814_CORE_FACILITY_7,0.5485972850678733,1.0
T194_OUTER_02,PMC9633814_CORE_FACILITY_10,SEQUENCE_RIDGE_COMPOSITION_ONLY,0.01,PMC9633814_CORE_FACILITY_8,0.4449392712550607,1.0
T194_OUTER_02,PMC9633814_CORE_FACILITY_10,SEQUENCE_RIDGE_COMPOSITION_ONLY,0.01,PMC9633814_CORE_FACILITY_9,0.42160278745644597,1.0
T194_OUTER_02,PMC9633814_CORE_FACILITY_10,SEQUENCE_RIDGE_COMPOSITION_ONLY,0.01,__MEAN__,0.3959892851471803,1.0
T194_OUTER_02,PMC9633814_CORE_FACILITY_10,SEQUENCE_RIDGE_COMPOSITION_ONLY,0.1,PMC9633814_CORE_FACILITY_1,0.30959190063667674,1.0
T194_OUTER_02,PMC9633814_CORE_FACILITY_10,SEQUENCE_RIDGE_COMPOSITION_ONLY,0.1,PMC9633814_CORE_FACILITY_11,0.2644177625309701,1.0
T194_OUTER_02,PMC9633814_CORE_FACILITY_10,SEQUENCE_RIDGE_COMPOSITION_ONLY,0.1,PMC9633814_CORE_FACILITY_12,0.45595998888580164,1.0
T194_OUTER_02,PMC9633814_CORE_FACILITY_10,SEQUENCE_RIDGE_COMPOSITION_ONLY,0.1,PMC9633814_CORE_FACILITY_2,0.2891056312108944,1.0
T194_OUTER_02,PMC9633814_CORE_FACILITY_10,SEQUENCE_RIDGE_COMPOSITION_ONLY,0.1,PMC9633814_CORE_FACILITY_3,0.4657510227936879,1.0
T194_OUTER_02,PMC9633814_CORE_FACILITY_10,SEQUENCE_RIDGE_COMPOSITION_ONLY,0.1,PMC9633814_CORE_FACILITY_4,0.28907934171092065,1.0
T194_OUTER_02,PMC9633814_CORE_FACILITY_10,SEQUENCE_RIDGE_COMPOSITION_ONLY,0.1,PMC9633814_CORE_FACILITY_5,0.46455701034469593,1.0
T194_OUTER_02,PMC9633814_CORE_FACILITY_10,SEQUENCE_RIDGE_COMPOSITION_ONLY,0.1,PMC9633814_CORE_FACILITY_6,0.40199095022624437,1.0
T194_OUTER_02,PMC9633814_CORE_FACILITY_10,SEQUENCE_RIDGE_COMPOSITION_ONLY,0.1,PMC9633814_CORE_FACILITY_7,0.5485972850678733,1.0
T194_OUTER_02,PMC9633814_CORE_FACILITY_10,SEQUENCE_RIDGE_COMPOSITION_ONLY,0.1,PMC9633814_CORE_FACILITY_8,0.4449392712550607,1.0
T194_OUTER_02,PMC9633814_CORE_FACILITY_10,SEQUENCE_RIDGE_COMPOSITION_ONLY,0.1,PMC9633814_CORE_FACILITY_9,0.42160278745644597,1.0
T194_OUTER_02,PMC9633814_CORE_FACILITY_10,SEQUENCE_RIDGE_COMPOSITION_ONLY,0.1,__MEAN__,0.39596299564720655,1.0
T194_OUTER_02,PMC9633814_CORE_FACILITY_10,SEQUENCE_RIDGE_COMPOSITION_ONLY,1.0,PMC9633814_CORE_FACILITY_1,0.3110948752739798,1.0
T194_OUTER_02,PMC9633814_CORE_FACILITY_10,SEQUENCE_RIDGE_COMPOSITION_ONLY,1.0,PMC9633814_CORE_FACILITY_11,0.2644177625309701,1.0
T194_OUTER_02,PMC9633814_CORE_FACILITY_10,SEQUENCE_RIDGE_COMPOSITION_ONLY,1.0,PMC9633814_CORE_FACILITY_12,0.45595998888580164,1.0
T194_OUTER_02,PMC9633814_CORE_FACILITY_10,SEQUENCE_RIDGE_COMPOSITION_ONLY,1.0,PMC9633814_CORE_FACILITY_2,0.2891319207108681,1.0
T194_OUTER_02,PMC9633814_CORE_FACILITY_10,SEQUENCE_RIDGE_COMPOSITION_ONLY,1.0,PMC9633814_CORE_FACILITY_3,0.46662770309760376,1.0
T194_OUTER_02,PMC9633814_CORE_FACILITY_10,SEQUENCE_RIDGE_COMPOSITION_ONLY,1.0,PMC9633814_CORE_FACILITY_4,0.2891319207108681,1.0
T194_OUTER_02,PMC9633814_CORE_FACILITY_10,SEQUENCE_RIDGE_COMPOSITION_ONLY,1.0,PMC9633814_CORE_FACILITY_5,0.4642898041760507,1.0
T194_OUTER_02,PMC9633814_CORE_FACILITY_10,SEQUENCE_RIDGE_COMPOSITION_ONLY,1.0,PMC9633814_CORE_FACILITY_6,0.40081447963800904,1.0
T194_OUTER_02,PMC9633814_CORE_FACILITY_10,SEQUENCE_RIDGE_COMPOSITION_ONLY,1.0,PMC9633814_CORE_FACILITY_7,0.5485972850678733,1.0
T194_OUTER_02,PMC9633814_CORE_FACILITY_10,SEQUENCE_RIDGE_COMPOSITION_ONLY,1.0,PMC9633814_CORE_FACILITY_8,0.4449392712550607,1.0
T194_OUTER_02,PMC9633814_CORE_FACILITY_10,SEQUENCE_RIDGE_COMPOSITION_ONLY,1.0,PMC9633814_CORE_FACILITY_9,0.42177700348432057,1.0
T194_OUTER_02,PMC9633814_CORE_FACILITY_10,SEQUENCE_RIDGE_COMPOSITION_ONLY,1.0,__MEAN__,0.39607109225740056,1.0
T194_OUTER_02,PMC9633814_CORE_FACILITY_10,SEQUENCE_RIDGE_COMPOSITION_ONLY,10.0,PMC9633814_CORE_FACILITY_1,0.307713182340048,1.0
T194_OUTER_02,PMC9633814_CORE_FACILITY_10,SEQUENCE_RIDGE_COMPOSITION_ONLY,10.0,PMC9633814_CORE_FACILITY_11,0.2698303792643415,1.0
T194_OUTER_02,PMC9633814_CORE_FACILITY_10,SEQUENCE_RIDGE_COMPOSITION_ONLY,10.0,PMC9633814_CORE_FACILITY_12,0.461183662128369,1.0
T194_OUTER_02,PMC9633814_CORE_FACILITY_10,SEQUENCE_RIDGE_COMPOSITION_ONLY,10.0,PMC9633814_CORE_FACILITY_2,0.2879751827120248,1.0
T194_OUTER_02,PMC9633814_CORE_FACILITY_10,SEQUENCE_RIDGE_COMPOSITION_ONLY,10.0,PMC9633814_CORE_FACILITY_3,0.4641729982466394,1.0
T194_OUTER_02,PMC9633814_CORE_FACILITY_10,SEQUENCE_RIDGE_COMPOSITION_ONLY,10.0,PMC9633814_CORE_FACILITY_4,0.28361112571638886,1.0
T194_OUTER_02,PMC9633814_CORE_FACILITY_10,SEQUENCE_RIDGE_COMPOSITION_ONLY,10.0,PMC9633814_CORE_FACILITY_5,0.4745963278237966,1.0
T194_OUTER_02,PMC9633814_CORE_FACILITY_10,SEQUENCE_RIDGE_COMPOSITION_ONLY,10.0,PMC9633814_CORE_FACILITY_6,0.40751131221719455,1.0
T194_OUTER_02,PMC9633814_CORE_FACILITY_10,SEQUENCE_RIDGE_COMPOSITION_ONLY,10.0,PMC9633814_CORE_FACILITY_7,0.5440723981900453,1.0
T194_OUTER_02,PMC9633814_CORE_FACILITY_10,SEQUENCE_RIDGE_COMPOSITION_ONLY,10.0,PMC9633814_CORE_FACILITY_8,0.43360323886639673,1.0
T194_OUTER_02,PMC9633814_CORE_FACILITY_10,SEQUENCE_RIDGE_COMPOSITION_ONLY,10.0,PMC9633814_CORE_FACILITY_9,0.4205574912891986,1.0
T194_OUTER_02,PMC9633814_CORE_FACILITY_10,SEQUENCE_RIDGE_COMPOSITION_ONLY,10.0,__MEAN__,0.3958933907994948,1.0
T194_OUTER_02,PMC9633814_CORE_FACILITY_10,SEQUENCE_RIDGE_COMPOSITION_ONLY,100.0,PMC9633814_CORE_FACILITY_1,0.29882058240267195,1.0
T194_OUTER_02,PMC9633814_CORE_FACILITY_10,SEQUENCE_RIDGE_COMPOSITION_ONLY,100.0,PMC9633814_CORE_FACILITY_11,0.2440632742519535,1.0
T194_OUTER_02,PMC9633814_CORE_FACILITY_10,SEQUENCE_RIDGE_COMPOSITION_ONLY,100.0,PMC9633814_CORE_FACILITY_12,0.47318699638788553,1.0
T194_OUTER_02,PMC9633814_CORE_FACILITY_10,SEQUENCE_RIDGE_COMPOSITION_ONLY,100.0,PMC9633814_CORE_FACILITY_2,0.2770913297229087,1.0
T194_OUTER_02,PMC9633814_CORE_FACILITY_10,SEQUENCE_RIDGE_COMPOSITION_ONLY,100.0,PMC9633814_CORE_FACILITY_3,0.44710695499707775,1.0
T194_OUTER_02,PMC9633814_CORE_FACILITY_10,SEQUENCE_RIDGE_COMPOSITION_ONLY,100.0,PMC9633814_CORE_FACILITY_4,0.27851096272148906,1.0
T194_OUTER_02,PMC9633814_CORE_FACILITY_10,SEQUENCE_RIDGE_COMPOSITION_ONLY,100.0,PMC9633814_CORE_FACILITY_5,0.4727640569530862,1.0
T194_OUTER_02,PMC9633814_CORE_FACILITY_10,SEQUENCE_RIDGE_COMPOSITION_ONLY,100.0,PMC9633814_CORE_FACILITY_6,0.40144796380090497,1.0
T194_OUTER_02,PMC9633814_CORE_FACILITY_10,SEQUENCE_RIDGE_COMPOSITION_ONLY,100.0,PMC9633814_CORE_FACILITY_7,0.5235294117647059,1.0
T194_OUTER_02,PMC9633814_CORE_FACILITY_10,SEQUENCE_RIDGE_COMPOSITION_ONLY,100.0,PMC9633814_CORE_FACILITY_8,0.4706477732793522,1.0
T194_OUTER_02,PMC9633814_CORE_FACILITY_10,SEQUENCE_RIDGE_COMPOSITION_ONLY,100.0,PMC9633814_CORE_FACILITY_9,0.4099303135888502,1.0
T194_OUTER_02,PMC9633814_CORE_FACILITY_10,SEQUENCE_RIDGE_COMPOSITION_ONLY,100.0,__MEAN__,0.3906454199882623,1.0
T194_OUTER_03,PMC9633814_CORE_FACILITY_11,SEQUENCE_RIDGE_FULL,0.01,PMC9633814_CORE_FACILITY_1,0.5433879553282538,0.1
T194_OUTER_03,PMC9633814_CORE_FACILITY_11,SEQUENCE_RIDGE_FULL,0.01,PMC9633814_CORE_FACILITY_10,0.35805860805860806,0.1
T194_OUTER_03,PMC9633814_CORE_FACILITY_11,SEQUENCE_RIDGE_FULL,0.01,PMC9633814_CORE_FACILITY_12,0.41922756321200333,0.1
T194_OUTER_03,PMC9633814_CORE_FACILITY_11,SEQUENCE_RIDGE_FULL,0.01,PMC9633814_CORE_FACILITY_2,0.29580945370419054,0.1
T194_OUTER_03,PMC9633814_CORE_FACILITY_11,SEQUENCE_RIDGE_FULL,0.01,PMC9633814_CORE_FACILITY_3,0.5201636469900643,0.1
T194_OUTER_03,PMC9633814_CORE_FACILITY_11,SEQUENCE_RIDGE_FULL,0.01,PMC9633814_CORE_FACILITY_4,0.3760712971239287,0.1
T194_OUTER_03,PMC9633814_CORE_FACILITY_11,SEQUENCE_RIDGE_FULL,0.01,PMC9633814_CORE_FACILITY_5,0.48162003282818644,0.1
T194_OUTER_03,PMC9633814_CORE_FACILITY_11,SEQUENCE_RIDGE_FULL,0.01,PMC9633814_CORE_FACILITY_6,0.5374660633484163,0.1
T194_OUTER_03,PMC9633814_CORE_FACILITY_11,SEQUENCE_RIDGE_FULL,0.01,PMC9633814_CORE_FACILITY_7,0.4915837104072398,0.1
T194_OUTER_03,PMC9633814_CORE_FACILITY_11,SEQUENCE_RIDGE_FULL,0.01,PMC9633814_CORE_FACILITY_8,0.4279352226720648,0.1
T194_OUTER_03,PMC9633814_CORE_FACILITY_11,SEQUENCE_RIDGE_FULL,0.01,PMC9633814_CORE_FACILITY_9,0.33257839721254356,0.1
T194_OUTER_03,PMC9633814_CORE_FACILITY_11,SEQUENCE_RIDGE_FULL,0.01,__MEAN__,0.4349001773532272,0.1
T194_OUTER_03,PMC9633814_CORE_FACILITY_11,SEQUENCE_RIDGE_FULL,0.1,PMC9633814_CORE_FACILITY_1,0.5350798455276067,0.1
T194_OUTER_03,PMC9633814_CORE_FACILITY_11,SEQUENCE_RIDGE_FULL,0.1,PMC9633814_CORE_FACILITY_10,0.3553113553113553,0.1
T194_OUTER_03,PMC9633814_CORE_FACILITY_11,SEQUENCE_RIDGE_FULL,0.1,PMC9633814_CORE_FACILITY_12,0.4268407891080856,0.1
T194_OUTER_03,PMC9633814_CORE_FACILITY_11,SEQUENCE_RIDGE_FULL,0.1,PMC9633814_CORE_FACILITY_2,0.2769073032230927,0.1
T194_OUTER_03,PMC9633814_CORE_FACILITY_11,SEQUENCE_RIDGE_FULL,0.1,PMC9633814_CORE_FACILITY_3,0.5169491525423728,0.1
T194_OUTER_03,PMC9633814_CORE_FACILITY_11,SEQUENCE_RIDGE_FULL,0.1,PMC9633814_CORE_FACILITY_4,0.38495714811504284,0.1
T194_OUTER_03,PMC9633814_CORE_FACILITY_11,SEQUENCE_RIDGE_FULL,0.1,PMC9633814_CORE_FACILITY_5,0.48810932549528574,0.1
T194_OUTER_03,PMC9633814_CORE_FACILITY_11,SEQUENCE_RIDGE_FULL,0.1,PMC9633814_CORE_FACILITY_6,0.5335746606334841,0.1
T194_OUTER_03,PMC9633814_CORE_FACILITY_11,SEQUENCE_RIDGE_FULL,0.1,PMC9633814_CORE_FACILITY_7,0.4943891402714932,0.1
T194_OUTER_03,PMC9633814_CORE_FACILITY_11,SEQUENCE_RIDGE_FULL,0.1,PMC9633814_CORE_FACILITY_8,0.4536437246963563,0.1
T194_OUTER_03,PMC9633814_CORE_FACILITY_11,SEQUENCE_RIDGE_FULL,0.1,PMC9633814_CORE_FACILITY_9,0.33641114982578396,0.1
T194_OUTER_03,PMC9633814_CORE_FACILITY_11,SEQUENCE_RIDGE_FULL,0.1,__MEAN__,0.4365612358863599,0.1
T194_OUTER_03,PMC9633814_CORE_FACILITY_11,SEQUENCE_RIDGE_FULL,1.0,PMC9633814_CORE_FACILITY_1,0.5346623525728004,0.1
T194_OUTER_03,PMC9633814_CORE_FACILITY_11,SEQUENCE_RIDGE_FULL,1.0,PMC9633814_CORE_FACILITY_10,0.3406135531135531,0.1
T194_OUTER_03,PMC9633814_CORE_FACILITY_11,SEQUENCE_RIDGE_FULL,1.0,PMC9633814_CORE_FACILITY_12,0.4331203111975549,0.1
T194_OUTER_03,PMC9633814_CORE_FACILITY_11,SEQUENCE_RIDGE_FULL,1.0,PMC9633814_CORE_FACILITY_2,0.269073032230927,0.1
T194_OUTER_03,PMC9633814_CORE_FACILITY_11,SEQUENCE_RIDGE_FULL,1.0,PMC9633814_CORE_FACILITY_3,0.49812974868497956,0.1
T194_OUTER_03,PMC9633814_CORE_FACILITY_11,SEQUENCE_RIDGE_FULL,1.0,PMC9633814_CORE_FACILITY_4,0.38319575161680425,0.1
T194_OUTER_03,PMC9633814_CORE_FACILITY_11,SEQUENCE_RIDGE_FULL,1.0,PMC9633814_CORE_FACILITY_5,0.473565675459022,0.1
T194_OUTER_03,PMC9633814_CORE_FACILITY_11,SEQUENCE_RIDGE_FULL,1.0,PMC9633814_CORE_FACILITY_6,0.49981900452488687,0.1
T194_OUTER_03,PMC9633814_CORE_FACILITY_11,SEQUENCE_RIDGE_FULL,1.0,PMC9633814_CORE_FACILITY_7,0.49475113122171943,0.1
T194_OUTER_03,PMC9633814_CORE_FACILITY_11,SEQUENCE_RIDGE_FULL,1.0,PMC9633814_CORE_FACILITY_8,0.46963562753036436,0.1
T194_OUTER_03,PMC9633814_CORE_FACILITY_11,SEQUENCE_RIDGE_FULL,1.0,PMC9633814_CORE_FACILITY_9,0.34181184668989545,0.1
T194_OUTER_03,PMC9633814_CORE_FACILITY_11,SEQUENCE_RIDGE_FULL,1.0,__MEAN__,0.43076163953113705,0.1
T194_OUTER_03,PMC9633814_CORE_FACILITY_11,SEQUENCE_RIDGE_FULL,10.0,PMC9633814_CORE_FACILITY_1,0.5298194342970463,0.1
T194_OUTER_03,PMC9633814_CORE_FACILITY_11,SEQUENCE_RIDGE_FULL,10.0,PMC9633814_CORE_FACILITY_10,0.34354395604395604,0.1
T194_OUTER_03,PMC9633814_CORE_FACILITY_11,SEQUENCE_RIDGE_FULL,10.0,PMC9633814_CORE_FACILITY_12,0.43378716310086135,0.1
T194_OUTER_03,PMC9633814_CORE_FACILITY_11,SEQUENCE_RIDGE_FULL,10.0,PMC9633814_CORE_FACILITY_2,0.2619485777380514,0.1
T194_OUTER_03,PMC9633814_CORE_FACILITY_11,SEQUENCE_RIDGE_FULL,10.0,PMC9633814_CORE_FACILITY_3,0.5040327293980129,0.1
T194_OUTER_03,PMC9633814_CORE_FACILITY_11,SEQUENCE_RIDGE_FULL,10.0,PMC9633814_CORE_FACILITY_4,0.3827751196172249,0.1
T194_OUTER_03,PMC9633814_CORE_FACILITY_11,SEQUENCE_RIDGE_FULL,10.0,PMC9633814_CORE_FACILITY_5,0.4689086536626331,0.1
T194_OUTER_03,PMC9633814_CORE_FACILITY_11,SEQUENCE_RIDGE_FULL,10.0,PMC9633814_CORE_FACILITY_6,0.4895022624434389,0.1
T194_OUTER_03,PMC9633814_CORE_FACILITY_11,SEQUENCE_RIDGE_FULL,10.0,PMC9633814_CORE_FACILITY_7,0.4964705882352941,0.1
T194_OUTER_03,PMC9633814_CORE_FACILITY_11,SEQUENCE_RIDGE_FULL,10.0,PMC9633814_CORE_FACILITY_8,0.47651821862348176,0.1
T194_OUTER_03,PMC9633814_CORE_FACILITY_11,SEQUENCE_RIDGE_FULL,10.0,PMC9633814_CORE_FACILITY_9,0.3398954703832753,0.1
T194_OUTER_03,PMC9633814_CORE_FACILITY_11,SEQUENCE_RIDGE_FULL,10.0,__MEAN__,0.4297456521402978,0.1
T194_OUTER_03,PMC9633814_CORE_FACILITY_11,SEQUENCE_RIDGE_FULL,100.0,PMC9633814_CORE_FACILITY_1,0.5423024736457572,0.1
T194_OUTER_03,PMC9633814_CORE_FACILITY_11,SEQUENCE_RIDGE_FULL,100.0,PMC9633814_CORE_FACILITY_10,0.3415750915750916,0.1
T194_OUTER_03,PMC9633814_CORE_FACILITY_11,SEQUENCE_RIDGE_FULL,100.0,PMC9633814_CORE_FACILITY_12,0.43728813559322033,0.1
T194_OUTER_03,PMC9633814_CORE_FACILITY_11,SEQUENCE_RIDGE_FULL,100.0,PMC9633814_CORE_FACILITY_2,0.24507071875492928,0.1
T194_OUTER_03,PMC9633814_CORE_FACILITY_11,SEQUENCE_RIDGE_FULL,100.0,PMC9633814_CORE_FACILITY_3,0.49368790181180594,0.1
T194_OUTER_03,PMC9633814_CORE_FACILITY_11,SEQUENCE_RIDGE_FULL,100.0,PMC9633814_CORE_FACILITY_4,0.38075082811924915,0.1
T194_OUTER_03,PMC9633814_CORE_FACILITY_11,SEQUENCE_RIDGE_FULL,100.0,PMC9633814_CORE_FACILITY_5,0.4523418712066267,0.1
T194_OUTER_03,PMC9633814_CORE_FACILITY_11,SEQUENCE_RIDGE_FULL,100.0,PMC9633814_CORE_FACILITY_6,0.46398190045248866,0.1
T194_OUTER_03,PMC9633814_CORE_FACILITY_11,SEQUENCE_RIDGE_FULL,100.0,PMC9633814_CORE_FACILITY_7,0.46262443438914025,0.1
T194_OUTER_03,PMC9633814_CORE_FACILITY_11,SEQUENCE_RIDGE_FULL,100.0,PMC9633814_CORE_FACILITY_8,0.458502024291498,0.1
T194_OUTER_03,PMC9633814_CORE_FACILITY_11,SEQUENCE_RIDGE_FULL,100.0,PMC9633814_CORE_FACILITY_9,0.34512195121951217,0.1
T194_OUTER_03,PMC9633814_CORE_FACILITY_11,SEQUENCE_RIDGE_FULL,100.0,__MEAN__,0.42029521191448355,0.1
T194_OUTER_03,PMC9633814_CORE_FACILITY_11,SEQUENCE_RIDGE_COMPOSITION_ONLY,0.01,PMC9633814_CORE_FACILITY_1,0.27932366141321363,10.0
T194_OUTER_03,PMC9633814_CORE_FACILITY_11,SEQUENCE_RIDGE_COMPOSITION_ONLY,0.01,PMC9633814_CORE_FACILITY_10,0.25164835164835164,10.0
T194_OUTER_03,PMC9633814_CORE_FACILITY_11,SEQUENCE_RIDGE_COMPOSITION_ONLY,0.01,PMC9633814_CORE_FACILITY_12,0.4695193109196999,10.0
T194_OUTER_03,PMC9633814_CORE_FACILITY_11,SEQUENCE_RIDGE_COMPOSITION_ONLY,0.01,PMC9633814_CORE_FACILITY_2,0.2511173037488827,10.0
T194_OUTER_03,PMC9633814_CORE_FACILITY_11,SEQUENCE_RIDGE_COMPOSITION_ONLY,0.01,PMC9633814_CORE_FACILITY_3,0.4683810637054354,10.0
T194_OUTER_03,PMC9633814_CORE_FACILITY_11,SEQUENCE_RIDGE_COMPOSITION_ONLY,0.01,PMC9633814_CORE_FACILITY_4,0.28053525421946474,10.0
T194_OUTER_03,PMC9633814_CORE_FACILITY_11,SEQUENCE_RIDGE_COMPOSITION_ONLY,0.01,PMC9633814_CORE_FACILITY_5,0.4650150780623736,10.0
T194_OUTER_03,PMC9633814_CORE_FACILITY_11,SEQUENCE_RIDGE_COMPOSITION_ONLY,0.01,PMC9633814_CORE_FACILITY_6,0.38823529411764707,10.0
T194_OUTER_03,PMC9633814_CORE_FACILITY_11,SEQUENCE_RIDGE_COMPOSITION_ONLY,0.01,PMC9633814_CORE_FACILITY_7,0.532579185520362,10.0
T194_OUTER_03,PMC9633814_CORE_FACILITY_11,SEQUENCE_RIDGE_COMPOSITION_ONLY,0.01,PMC9633814_CORE_FACILITY_8,0.45445344129554655,10.0
T194_OUTER_03,PMC9633814_CORE_FACILITY_11,SEQUENCE_RIDGE_COMPOSITION_ONLY,0.01,PMC9633814_CORE_FACILITY_9,0.40174216027874565,10.0
T194_OUTER_03,PMC9633814_CORE_FACILITY_11,SEQUENCE_RIDGE_COMPOSITION_ONLY,0.01,__MEAN__,0.3856863731754293,10.0
T194_OUTER_03,PMC9633814_CORE_FACILITY_11,SEQUENCE_RIDGE_COMPOSITION_ONLY,0.1,PMC9633814_CORE_FACILITY_1,0.27932366141321363,10.0
T194_OUTER_03,PMC9633814_CORE_FACILITY_11,SEQUENCE_RIDGE_COMPOSITION_ONLY,0.1,PMC9633814_CORE_FACILITY_10,0.25164835164835164,10.0
T194_OUTER_03,PMC9633814_CORE_FACILITY_11,SEQUENCE_RIDGE_COMPOSITION_ONLY,0.1,PMC9633814_CORE_FACILITY_12,0.4695193109196999,10.0
T194_OUTER_03,PMC9633814_CORE_FACILITY_11,SEQUENCE_RIDGE_COMPOSITION_ONLY,0.1,PMC9633814_CORE_FACILITY_2,0.2511173037488827,10.0
T194_OUTER_03,PMC9633814_CORE_FACILITY_11,SEQUENCE_RIDGE_COMPOSITION_ONLY,0.1,PMC9633814_CORE_FACILITY_3,0.4683810637054354,10.0
T194_OUTER_03,PMC9633814_CORE_FACILITY_11,SEQUENCE_RIDGE_COMPOSITION_ONLY,0.1,PMC9633814_CORE_FACILITY_4,0.2803249382196751,10.0
T194_OUTER_03,PMC9633814_CORE_FACILITY_11,SEQUENCE_RIDGE_COMPOSITION_ONLY,0.1,PMC9633814_CORE_FACILITY_5,0.4650150780623736,10.0
T194_OUTER_03,PMC9633814_CORE_FACILITY_11,SEQUENCE_RIDGE_COMPOSITION_ONLY,0.1,PMC9633814_CORE_FACILITY_6,0.38823529411764707,10.0
T194_OUTER_03,PMC9633814_CORE_FACILITY_11,SEQUENCE_RIDGE_COMPOSITION_ONLY,0.1,PMC9633814_CORE_FACILITY_7,0.532579185520362,10.0
T194_OUTER_03,PMC9633814_CORE_FACILITY_11,SEQUENCE_RIDGE_COMPOSITION_ONLY,0.1,PMC9633814_CORE_FACILITY_8,0.45445344129554655,10.0
T194_OUTER_03,PMC9633814_CORE_FACILITY_11,SEQUENCE_RIDGE_COMPOSITION_ONLY,0.1,PMC9633814_CORE_FACILITY_9,0.40174216027874565,10.0
T194_OUTER_03,PMC9633814_CORE_FACILITY_11,SEQUENCE_RIDGE_COMPOSITION_ONLY,0.1,__MEAN__,0.3856672535390848,10.0
T194_OUTER_03,PMC9633814_CORE_FACILITY_11,SEQUENCE_RIDGE_COMPOSITION_ONLY,1.0,PMC9633814_CORE_FACILITY_1,0.28128587830080365,10.0
T194_OUTER_03,PMC9633814_CORE_FACILITY_11,SEQUENCE_RIDGE_COMPOSITION_ONLY,1.0,PMC9633814_CORE_FACILITY_10,0.2516025641025641,10.0
T194_OUTER_03,PMC9633814_CORE_FACILITY_11,SEQUENCE_RIDGE_COMPOSITION_ONLY,1.0,PMC9633814_CORE_FACILITY_12,0.467129758266185,10.0
T194_OUTER_03,PMC9633814_CORE_FACILITY_11,SEQUENCE_RIDGE_COMPOSITION_ONLY,1.0,PMC9633814_CORE_FACILITY_2,0.2506178032493822,10.0
T194_OUTER_03,PMC9633814_CORE_FACILITY_11,SEQUENCE_RIDGE_COMPOSITION_ONLY,1.0,PMC9633814_CORE_FACILITY_3,0.46715371127995325,10.0
T194_OUTER_03,PMC9633814_CORE_FACILITY_11,SEQUENCE_RIDGE_COMPOSITION_ONLY,1.0,PMC9633814_CORE_FACILITY_4,0.28074557021925445,10.0
T194_OUTER_03,PMC9633814_CORE_FACILITY_11,SEQUENCE_RIDGE_COMPOSITION_ONLY,1.0,PMC9633814_CORE_FACILITY_5,0.4650150780623736,10.0
T194_OUTER_03,PMC9633814_CORE_FACILITY_11,SEQUENCE_RIDGE_COMPOSITION_ONLY,1.0,PMC9633814_CORE_FACILITY_6,0.38823529411764707,10.0
T194_OUTER_03,PMC9633814_CORE_FACILITY_11,SEQUENCE_RIDGE_COMPOSITION_ONLY,1.0,PMC9633814_CORE_FACILITY_7,0.532579185520362,10.0
T194_OUTER_03,PMC9633814_CORE_FACILITY_11,SEQUENCE_RIDGE_COMPOSITION_ONLY,1.0,PMC9633814_CORE_FACILITY_8,0.45445344129554655,10.0
T194_OUTER_03,PMC9633814_CORE_FACILITY_11,SEQUENCE_RIDGE_COMPOSITION_ONLY,1.0,PMC9633814_CORE_FACILITY_9,0.40174216027874565,10.0
T194_OUTER_03,PMC9633814_CORE_FACILITY_11,SEQUENCE_RIDGE_COMPOSITION_ONLY,1.0,__MEAN__,0.38550549497207426,10.0
T194_OUTER_03,PMC9633814_CORE_FACILITY_11,SEQUENCE_RIDGE_COMPOSITION_ONLY,10.0,PMC9633814_CORE_FACILITY_1,0.28596179939463523,10.0
T194_OUTER_03,PMC9633814_CORE_FACILITY_11,SEQUENCE_RIDGE_COMPOSITION_ONLY,10.0,PMC9633814_CORE_FACILITY_10,0.2554029304029304,10.0
T194_OUTER_03,PMC9633814_CORE_FACILITY_11,SEQUENCE_RIDGE_COMPOSITION_ONLY,10.0,PMC9633814_CORE_FACILITY_12,0.46768546818560713,10.0
T194_OUTER_03,PMC9633814_CORE_FACILITY_11,SEQUENCE_RIDGE_COMPOSITION_ONLY,10.0,PMC9633814_CORE_FACILITY_2,0.25027603974972396,10.0
T194_OUTER_03,PMC9633814_CORE_FACILITY_11,SEQUENCE_RIDGE_COMPOSITION_ONLY,10.0,PMC9633814_CORE_FACILITY_3,0.4549386323787259,10.0
T194_OUTER_03,PMC9633814_CORE_FACILITY_11,SEQUENCE_RIDGE_COMPOSITION_ONLY,10.0,PMC9633814_CORE_FACILITY_4,0.2781166202218834,10.0
T194_OUTER_03,PMC9633814_CORE_FACILITY_11,SEQUENCE_RIDGE_COMPOSITION_ONLY,10.0,PMC9633814_CORE_FACILITY_5,0.4652822842310188,10.0
T194_OUTER_03,PMC9633814_CORE_FACILITY_11,SEQUENCE_RIDGE_COMPOSITION_ONLY,10.0,PMC9633814_CORE_FACILITY_6,0.386606334841629,10.0
T194_OUTER_03,PMC9633814_CORE_FACILITY_11,SEQUENCE_RIDGE_COMPOSITION_ONLY,10.0,PMC9633814_CORE_FACILITY_7,0.5292307692307693,10.0
T194_OUTER_03,PMC9633814_CORE_FACILITY_11,SEQUENCE_RIDGE_COMPOSITION_ONLY,10.0,PMC9633814_CORE_FACILITY_8,0.47044534412955463,10.0
T194_OUTER_03,PMC9633814_CORE_FACILITY_11,SEQUENCE_RIDGE_COMPOSITION_ONLY,10.0,PMC9633814_CORE_FACILITY_9,0.40418118466898956,10.0
T194_OUTER_03,PMC9633814_CORE_FACILITY_11,SEQUENCE_RIDGE_COMPOSITION_ONLY,10.0,__MEAN__,0.3861934006759516,10.0
T194_OUTER_03,PMC9633814_CORE_FACILITY_11,SEQUENCE_RIDGE_COMPOSITION_ONLY,100.0,PMC9633814_CORE_FACILITY_1,0.27414674877361445,10.0
T194_OUTER_03,PMC9633814_CORE_FACILITY_11,SEQUENCE_RIDGE_COMPOSITION_ONLY,100.0,PMC9633814_CORE_FACILITY_10,0.261996336996337,10.0
T194_OUTER_03,PMC9633814_CORE_FACILITY_11,SEQUENCE_RIDGE_COMPOSITION_ONLY,100.0,PMC9633814_CORE_FACILITY_12,0.46629619338705197,10.0
T194_OUTER_03,PMC9633814_CORE_FACILITY_11,SEQUENCE_RIDGE_COMPOSITION_ONLY,100.0,PMC9633814_CORE_FACILITY_2,0.2532467532467532,10.0
T194_OUTER_03,PMC9633814_CORE_FACILITY_11,SEQUENCE_RIDGE_COMPOSITION_ONLY,100.0,PMC9633814_CORE_FACILITY_3,0.46119228521332556,10.0
T194_OUTER_03,PMC9633814_CORE_FACILITY_11,SEQUENCE_RIDGE_COMPOSITION_ONLY,100.0,PMC9633814_CORE_FACILITY_4,0.2641043167358957,10.0
T194_OUTER_03,PMC9633814_CORE_FACILITY_11,SEQUENCE_RIDGE_COMPOSITION_ONLY,100.0,PMC9633814_CORE_FACILITY_5,0.4695575829293431,10.0
T194_OUTER_03,PMC9633814_CORE_FACILITY_11,SEQUENCE_RIDGE_COMPOSITION_ONLY,100.0,PMC9633814_CORE_FACILITY_6,0.3721266968325792,10.0
T194_OUTER_03,PMC9633814_CORE_FACILITY_11,SEQUENCE_RIDGE_COMPOSITION_ONLY,100.0,PMC9633814_CORE_FACILITY_7,0.5024434389140271,10.0
T194_OUTER_03,PMC9633814_CORE_FACILITY_11,SEQUENCE_RIDGE_COMPOSITION_ONLY,100.0,PMC9633814_CORE_FACILITY_8,0.4645748987854251,10.0
T194_OUTER_03,PMC9633814_CORE_FACILITY_11,SEQUENCE_RIDGE_COMPOSITION_ONLY,100.0,PMC9633814_CORE_FACILITY_9,0.3935540069686411,10.0
T194_OUTER_03,PMC9633814_CORE_FACILITY_11,SEQUENCE_RIDGE_COMPOSITION_ONLY,100.0,__MEAN__,0.3802944780711812,10.0
T194_OUTER_04,PMC9633814_CORE_FACILITY_12,SEQUENCE_RIDGE_FULL,0.01,PMC9633814_CORE_FACILITY_1,0.5789583550777581,1.0
T194_OUTER_04,PMC9633814_CORE_FACILITY_12,SEQUENCE_RIDGE_FULL,0.01,PMC9633814_CORE_FACILITY_10,0.35535714285714287,1.0
T194_OUTER_04,PMC9633814_CORE_FACILITY_12,SEQUENCE_RIDGE_FULL,0.01,PMC9633814_CORE_FACILITY_11,0.3742710120068611,1.0
T194_OUTER_04,PMC9633814_CORE_FACILITY_12,SEQUENCE_RIDGE_FULL,0.01,PMC9633814_CORE_FACILITY_2,0.29373258320626744,1.0
T194_OUTER_04,PMC9633814_CORE_FACILITY_12,SEQUENCE_RIDGE_FULL,0.01,PMC9633814_CORE_FACILITY_3,0.5033313851548802,1.0
T194_OUTER_04,PMC9633814_CORE_FACILITY_12,SEQUENCE_RIDGE_FULL,0.01,PMC9633814_CORE_FACILITY_4,0.3812766181187234,1.0
T194_OUTER_04,PMC9633814_CORE_FACILITY_12,SEQUENCE_RIDGE_FULL,0.01,PMC9633814_CORE_FACILITY_5,0.43890521815475053,1.0
T194_OUTER_04,PMC9633814_CORE_FACILITY_12,SEQUENCE_RIDGE_FULL,0.01,PMC9633814_CORE_FACILITY_6,0.5269683257918552,1.0
T194_OUTER_04,PMC9633814_CORE_FACILITY_12,SEQUENCE_RIDGE_FULL,0.01,PMC9633814_CORE_FACILITY_7,0.46977375565610857,1.0
T194_OUTER_04,PMC9633814_CORE_FACILITY_12,SEQUENCE_RIDGE_FULL,0.01,PMC9633814_CORE_FACILITY_8,0.3888663967611336,1.0
T194_OUTER_04,PMC9633814_CORE_FACILITY_12,SEQUENCE_RIDGE_FULL,0.01,PMC9633814_CORE_FACILITY_9,0.27979094076655053,1.0
T194_OUTER_04,PMC9633814_CORE_FACILITY_12,SEQUENCE_RIDGE_FULL,0.01,__MEAN__,0.41738470305018466,1.0
T194_OUTER_04,PMC9633814_CORE_FACILITY_12,SEQUENCE_RIDGE_FULL,0.1,PMC9633814_CORE_FACILITY_1,0.5927356225863688,1.0
T194_OUTER_04,PMC9633814_CORE_FACILITY_12,SEQUENCE_RIDGE_FULL,0.1,PMC9633814_CORE_FACILITY_10,0.33690476190476193,1.0
T194_OUTER_04,PMC9633814_CORE_FACILITY_12,SEQUENCE_RIDGE_FULL,0.1,PMC9633814_CORE_FACILITY_11,0.37198399085191536,1.0
T194_OUTER_04,PMC9633814_CORE_FACILITY_12,SEQUENCE_RIDGE_FULL,0.1,PMC9633814_CORE_FACILITY_2,0.28124507071875493,1.0
T194_OUTER_04,PMC9633814_CORE_FACILITY_12,SEQUENCE_RIDGE_FULL,0.1,PMC9633814_CORE_FACILITY_3,0.5032729398012858,1.0
T194_OUTER_04,PMC9633814_CORE_FACILITY_12,SEQUENCE_RIDGE_FULL,0.1,PMC9633814_CORE_FACILITY_4,0.39079341710920656,1.0
T194_OUTER_04,PMC9633814_CORE_FACILITY_12,SEQUENCE_RIDGE_FULL,0.1,PMC9633814_CORE_FACILITY_5,0.44730312631217317,1.0
T194_OUTER_04,PMC9633814_CORE_FACILITY_12,SEQUENCE_RIDGE_FULL,0.1,PMC9633814_CORE_FACILITY_6,0.5117647058823529,1.0
T194_OUTER_04,PMC9633814_CORE_FACILITY_12,SEQUENCE_RIDGE_FULL,0.1,PMC9633814_CORE_FACILITY_7,0.45873303167420815,1.0
T194_OUTER_04,PMC9633814_CORE_FACILITY_12,SEQUENCE_RIDGE_FULL,0.1,PMC9633814_CORE_FACILITY_8,0.41923076923076924,1.0
T194_OUTER_04,PMC9633814_CORE_FACILITY_12,SEQUENCE_RIDGE_FULL,0.1,PMC9633814_CORE_FACILITY_9,0.2843205574912892,1.0
T194_OUTER_04,PMC9633814_CORE_FACILITY_12,SEQUENCE_RIDGE_FULL,0.1,__MEAN__,0.41802618123300783,1.0
T194_OUTER_04,PMC9633814_CORE_FACILITY_12,SEQUENCE_RIDGE_FULL,1.0,PMC9633814_CORE_FACILITY_1,0.5758689072121908,1.0
T194_OUTER_04,PMC9633814_CORE_FACILITY_12,SEQUENCE_RIDGE_FULL,1.0,PMC9633814_CORE_FACILITY_10,0.33603479853479856,1.0
T194_OUTER_04,PMC9633814_CORE_FACILITY_12,SEQUENCE_RIDGE_FULL,1.0,PMC9633814_CORE_FACILITY_11,0.38280922431865827,1.0
T194_OUTER_04,PMC9633814_CORE_FACILITY_12,SEQUENCE_RIDGE_FULL,1.0,PMC9633814_CORE_FACILITY_2,0.27782743572217256,1.0
T194_OUTER_04,PMC9633814_CORE_FACILITY_12,SEQUENCE_RIDGE_FULL,1.0,PMC9633814_CORE_FACILITY_3,0.49970777323202803,1.0
T194_OUTER_04,PMC9633814_CORE_FACILITY_12,SEQUENCE_RIDGE_FULL,1.0,PMC9633814_CORE_FACILITY_4,0.4042010620957989,1.0
T194_OUTER_04,PMC9633814_CORE_FACILITY_12,SEQUENCE_RIDGE_FULL,1.0,PMC9633814_CORE_FACILITY_5,0.43867618429591176,1.0
T194_OUTER_04,PMC9633814_CORE_FACILITY_12,SEQUENCE_RIDGE_FULL,1.0,PMC9633814_CORE_FACILITY_6,0.4929411764705882,1.0
T194_OUTER_04,PMC9633814_CORE_FACILITY_12,SEQUENCE_RIDGE_FULL,1.0,PMC9633814_CORE_FACILITY_7,0.4634389140271493,1.0
T194_OUTER_04,PMC9633814_CORE_FACILITY_12,SEQUENCE_RIDGE_FULL,1.0,PMC9633814_CORE_FACILITY_8,0.4437246963562753,1.0
T194_OUTER_04,PMC9633814_CORE_FACILITY_12,SEQUENCE_RIDGE_FULL,1.0,PMC9633814_CORE_FACILITY_9,0.30296167247386757,1.0
T194_OUTER_04,PMC9633814_CORE_FACILITY_12,SEQUENCE_RIDGE_FULL,1.0,__MEAN__,0.41983562224903986,1.0
T194_OUTER_04,PMC9633814_CORE_FACILITY_12,SEQUENCE_RIDGE_FULL,10.0,PMC9633814_CORE_FACILITY_1,0.5737814424381589,1.0
T194_OUTER_04,PMC9633814_CORE_FACILITY_12,SEQUENCE_RIDGE_FULL,10.0,PMC9633814_CORE_FACILITY_10,0.33475274725274723,1.0
T194_OUTER_04,PMC9633814_CORE_FACILITY_12,SEQUENCE_RIDGE_FULL,10.0,PMC9633814_CORE_FACILITY_11,0.3824280541261673,1.0
T194_OUTER_04,PMC9633814_CORE_FACILITY_12,SEQUENCE_RIDGE_FULL,10.0,PMC9633814_CORE_FACILITY_2,0.26799516273200485,1.0
T194_OUTER_04,PMC9633814_CORE_FACILITY_12,SEQUENCE_RIDGE_FULL,10.0,PMC9633814_CORE_FACILITY_3,0.49286966686148453,1.0
T194_OUTER_04,PMC9633814_CORE_FACILITY_12,SEQUENCE_RIDGE_FULL,10.0,PMC9633814_CORE_FACILITY_4,0.40393816709606184,1.0
T194_OUTER_04,PMC9633814_CORE_FACILITY_12,SEQUENCE_RIDGE_FULL,10.0,PMC9633814_CORE_FACILITY_5,0.43711111959384663,1.0
T194_OUTER_04,PMC9633814_CORE_FACILITY_12,SEQUENCE_RIDGE_FULL,10.0,PMC9633814_CORE_FACILITY_6,0.4876923076923077,1.0
T194_OUTER_04,PMC9633814_CORE_FACILITY_12,SEQUENCE_RIDGE_FULL,10.0,PMC9633814_CORE_FACILITY_7,0.4716742081447964,1.0
T194_OUTER_04,PMC9633814_CORE_FACILITY_12,SEQUENCE_RIDGE_FULL,10.0,PMC9633814_CORE_FACILITY_8,0.43016194331983804,1.0
T194_OUTER_04,PMC9633814_CORE_FACILITY_12,SEQUENCE_RIDGE_FULL,10.0,PMC9633814_CORE_FACILITY_9,0.30121951219512194,1.0
T194_OUTER_04,PMC9633814_CORE_FACILITY_12,SEQUENCE_RIDGE_FULL,10.0,__MEAN__,0.41669312104113954,1.0
T194_OUTER_04,PMC9633814_CORE_FACILITY_12,SEQUENCE_RIDGE_FULL,100.0,PMC9633814_CORE_FACILITY_1,0.6071808788226699,1.0
T194_OUTER_04,PMC9633814_CORE_FACILITY_12,SEQUENCE_RIDGE_FULL,100.0,PMC9633814_CORE_FACILITY_10,0.34958791208791207,1.0
T194_OUTER_04,PMC9633814_CORE_FACILITY_12,SEQUENCE_RIDGE_FULL,100.0,PMC9633814_CORE_FACILITY_11,0.3692395654659806,1.0
T194_OUTER_04,PMC9633814_CORE_FACILITY_12,SEQUENCE_RIDGE_FULL,100.0,PMC9633814_CORE_FACILITY_2,0.24430832325569168,1.0
T194_OUTER_04,PMC9633814_CORE_FACILITY_12,SEQUENCE_RIDGE_FULL,100.0,PMC9633814_CORE_FACILITY_3,0.4721215663354763,1.0
T194_OUTER_04,PMC9633814_CORE_FACILITY_12,SEQUENCE_RIDGE_FULL,100.0,PMC9633814_CORE_FACILITY_4,0.4031231925968768,1.0
T194_OUTER_04,PMC9633814_CORE_FACILITY_12,SEQUENCE_RIDGE_FULL,100.0,PMC9633814_CORE_FACILITY_5,0.3942054433713784,1.0
T194_OUTER_04,PMC9633814_CORE_FACILITY_12,SEQUENCE_RIDGE_FULL,100.0,PMC9633814_CORE_FACILITY_6,0.44506787330316744,1.0
T194_OUTER_04,PMC9633814_CORE_FACILITY_12,SEQUENCE_RIDGE_FULL,100.0,PMC9633814_CORE_FACILITY_7,0.43565610859728504,1.0
T194_OUTER_04,PMC9633814_CORE_FACILITY_12,SEQUENCE_RIDGE_FULL,100.0,PMC9633814_CORE_FACILITY_8,0.41862348178137654,1.0
T194_OUTER_04,PMC9633814_CORE_FACILITY_12,SEQUENCE_RIDGE_FULL,100.0,PMC9633814_CORE_FACILITY_9,0.313588850174216,1.0
T194_OUTER_04,PMC9633814_CORE_FACILITY_12,SEQUENCE_RIDGE_FULL,100.0,__MEAN__,0.4047911996174573,1.0
T194_OUTER_04,PMC9633814_CORE_FACILITY_12,SEQUENCE_RIDGE_COMPOSITION_ONLY,0.01,PMC9633814_CORE_FACILITY_1,0.31635528650454026,1.0
T194_OUTER_04,PMC9633814_CORE_FACILITY_12,SEQUENCE_RIDGE_COMPOSITION_ONLY,0.01,PMC9633814_CORE_FACILITY_10,0.24743589743589745,1.0
T194_OUTER_04,PMC9633814_CORE_FACILITY_12,SEQUENCE_RIDGE_COMPOSITION_ONLY,0.01,PMC9633814_CORE_FACILITY_11,0.2878216123499142,1.0
T194_OUTER_04,PMC9633814_CORE_FACILITY_12,SEQUENCE_RIDGE_COMPOSITION_ONLY,0.01,PMC9633814_CORE_FACILITY_2,0.2613176297386824,1.0
T194_OUTER_04,PMC9633814_CORE_FACILITY_12,SEQUENCE_RIDGE_COMPOSITION_ONLY,0.01,PMC9633814_CORE_FACILITY_3,0.48439509059029806,1.0
T194_OUTER_04,PMC9633814_CORE_FACILITY_12,SEQUENCE_RIDGE_COMPOSITION_ONLY,0.01,PMC9633814_CORE_FACILITY_4,0.30514222619485776,1.0
T194_OUTER_04,PMC9633814_CORE_FACILITY_12,SEQUENCE_RIDGE_COMPOSITION_ONLY,0.01,PMC9633814_CORE_FACILITY_5,0.4291331068442952,1.0
T194_OUTER_04,PMC9633814_CORE_FACILITY_12,SEQUENCE_RIDGE_COMPOSITION_ONLY,0.01,PMC9633814_CORE_FACILITY_6,0.3802714932126697,1.0
T194_OUTER_04,PMC9633814_CORE_FACILITY_12,SEQUENCE_RIDGE_COMPOSITION_ONLY,0.01,PMC9633814_CORE_FACILITY_7,0.5407239819004525,1.0
T194_OUTER_04,PMC9633814_CORE_FACILITY_12,SEQUENCE_RIDGE_COMPOSITION_ONLY,0.01,PMC9633814_CORE_FACILITY_8,0.44696356275303645,1.0
T194_OUTER_04,PMC9633814_CORE_FACILITY_12,SEQUENCE_RIDGE_COMPOSITION_ONLY,0.01,PMC9633814_CORE_FACILITY_9,0.40156794425087106,1.0
T194_OUTER_04,PMC9633814_CORE_FACILITY_12,SEQUENCE_RIDGE_COMPOSITION_ONLY,0.01,__MEAN__,0.37282980288868317,1.0
T194_OUTER_04,PMC9633814_CORE_FACILITY_12,SEQUENCE_RIDGE_COMPOSITION_ONLY,0.1,PMC9633814_CORE_FACILITY_1,0.31635528650454026,1.0
T194_OUTER_04,PMC9633814_CORE_FACILITY_12,SEQUENCE_RIDGE_COMPOSITION_ONLY,0.1,PMC9633814_CORE_FACILITY_10,0.24743589743589745,1.0
T194_OUTER_04,PMC9633814_CORE_FACILITY_12,SEQUENCE_RIDGE_COMPOSITION_ONLY,0.1,PMC9633814_CORE_FACILITY_11,0.2878216123499142,1.0
T194_OUTER_04,PMC9633814_CORE_FACILITY_12,SEQUENCE_RIDGE_COMPOSITION_ONLY,0.1,PMC9633814_CORE_FACILITY_2,0.2613176297386824,1.0
T194_OUTER_04,PMC9633814_CORE_FACILITY_12,SEQUENCE_RIDGE_COMPOSITION_ONLY,0.1,PMC9633814_CORE_FACILITY_3,0.48439509059029806,1.0
T194_OUTER_04,PMC9633814_CORE_FACILITY_12,SEQUENCE_RIDGE_COMPOSITION_ONLY,0.1,PMC9633814_CORE_FACILITY_4,0.30514222619485776,1.0
T194_OUTER_04,PMC9633814_CORE_FACILITY_12,SEQUENCE_RIDGE_COMPOSITION_ONLY,0.1,PMC9633814_CORE_FACILITY_5,0.4291331068442952,1.0
T194_OUTER_04,PMC9633814_CORE_FACILITY_12,SEQUENCE_RIDGE_COMPOSITION_ONLY,0.1,PMC9633814_CORE_FACILITY_6,0.3802714932126697,1.0
T194_OUTER_04,PMC9633814_CORE_FACILITY_12,SEQUENCE_RIDGE_COMPOSITION_ONLY,0.1,PMC9633814_CORE_FACILITY_7,0.5407239819004525,1.0
T194_OUTER_04,PMC9633814_CORE_FACILITY_12,SEQUENCE_RIDGE_COMPOSITION_ONLY,0.1,PMC9633814_CORE_FACILITY_8,0.44696356275303645,1.0
T194_OUTER_04,PMC9633814_CORE_FACILITY_12,SEQUENCE_RIDGE_COMPOSITION_ONLY,0.1,PMC9633814_CORE_FACILITY_9,0.40156794425087106,1.0
T194_OUTER_04,PMC9633814_CORE_FACILITY_12,SEQUENCE_RIDGE_COMPOSITION_ONLY,0.1,__MEAN__,0.37282980288868317,1.0
T194_OUTER_04,PMC9633814_CORE_FACILITY_12,SEQUENCE_RIDGE_COMPOSITION_ONLY,1.0,PMC9633814_CORE_FACILITY_1,0.3166892808683853,1.0
T194_OUTER_04,PMC9633814_CORE_FACILITY_12,SEQUENCE_RIDGE_COMPOSITION_ONLY,1.0,PMC9633814_CORE_FACILITY_10,0.24743589743589745,1.0
T194_OUTER_04,PMC9633814_CORE_FACILITY_12,SEQUENCE_RIDGE_COMPOSITION_ONLY,1.0,PMC9633814_CORE_FACILITY_11,0.2878216123499142,1.0
T194_OUTER_04,PMC9633814_CORE_FACILITY_12,SEQUENCE_RIDGE_COMPOSITION_ONLY,1.0,PMC9633814_CORE_FACILITY_2,0.26349965823650034,1.0
T194_OUTER_04,PMC9633814_CORE_FACILITY_12,SEQUENCE_RIDGE_COMPOSITION_ONLY,1.0,PMC9633814_CORE_FACILITY_3,0.4869666861484512,1.0
T194_OUTER_04,PMC9633814_CORE_FACILITY_12,SEQUENCE_RIDGE_COMPOSITION_ONLY,1.0,PMC9633814_CORE_FACILITY_4,0.3050107786949892,1.0
T194_OUTER_04,PMC9633814_CORE_FACILITY_12,SEQUENCE_RIDGE_COMPOSITION_ONLY,1.0,PMC9633814_CORE_FACILITY_5,0.4289422452952628,1.0
T194_OUTER_04,PMC9633814_CORE_FACILITY_12,SEQUENCE_RIDGE_COMPOSITION_ONLY,1.0,PMC9633814_CORE_FACILITY_6,0.38199095022624435,1.0
T194_OUTER_04,PMC9633814_CORE_FACILITY_12,SEQUENCE_RIDGE_COMPOSITION_ONLY,1.0,PMC9633814_CORE_FACILITY_7,0.5407239819004525,1.0
T194_OUTER_04,PMC9633814_CORE_FACILITY_12,SEQUENCE_RIDGE_COMPOSITION_ONLY,1.0,PMC9633814_CORE_FACILITY_8,0.44696356275303645,1.0
T194_OUTER_04,PMC9633814_CORE_FACILITY_12,SEQUENCE_RIDGE_COMPOSITION_ONLY,1.0,PMC9633814_CORE_FACILITY_9,0.40156794425087106,1.0
T194_OUTER_04,PMC9633814_CORE_FACILITY_12,SEQUENCE_RIDGE_COMPOSITION_ONLY,1.0,__MEAN__,0.37341932710545495,1.0
T194_OUTER_04,PMC9633814_CORE_FACILITY_12,SEQUENCE_RIDGE_COMPOSITION_ONLY,10.0,PMC9633814_CORE_FACILITY_1,0.312222106251957,1.0
T194_OUTER_04,PMC9633814_CORE_FACILITY_12,SEQUENCE_RIDGE_COMPOSITION_ONLY,10.0,PMC9633814_CORE_FACILITY_10,0.2527930402930403,1.0
T194_OUTER_04,PMC9633814_CORE_FACILITY_12,SEQUENCE_RIDGE_COMPOSITION_ONLY,10.0,PMC9633814_CORE_FACILITY_11,0.28332380407852104,1.0
T194_OUTER_04,PMC9633814_CORE_FACILITY_12,SEQUENCE_RIDGE_COMPOSITION_ONLY,10.0,PMC9633814_CORE_FACILITY_2,0.2621851832378148,1.0
T194_OUTER_04,PMC9633814_CORE_FACILITY_12,SEQUENCE_RIDGE_COMPOSITION_ONLY,10.0,PMC9633814_CORE_FACILITY_3,0.48497954412624195,1.0
T194_OUTER_04,PMC9633814_CORE_FACILITY_12,SEQUENCE_RIDGE_COMPOSITION_ONLY,10.0,PMC9633814_CORE_FACILITY_4,0.3076397286923603,1.0
T194_OUTER_04,PMC9633814_CORE_FACILITY_12,SEQUENCE_RIDGE_COMPOSITION_ONLY,10.0,PMC9633814_CORE_FACILITY_5,0.4313471008130702,1.0
T194_OUTER_04,PMC9633814_CORE_FACILITY_12,SEQUENCE_RIDGE_COMPOSITION_ONLY,10.0,PMC9633814_CORE_FACILITY_6,0.38199095022624435,1.0
T194_OUTER_04,PMC9633814_CORE_FACILITY_12,SEQUENCE_RIDGE_COMPOSITION_ONLY,10.0,PMC9633814_CORE_FACILITY_7,0.5402714932126697,1.0
T194_OUTER_04,PMC9633814_CORE_FACILITY_12,SEQUENCE_RIDGE_COMPOSITION_ONLY,10.0,PMC9633814_CORE_FACILITY_8,0.45,1.0
T194_OUTER_04,PMC9633814_CORE_FACILITY_12,SEQUENCE_RIDGE_COMPOSITION_ONLY,10.0,PMC9633814_CORE_FACILITY_9,0.3926829268292683,1.0
T194_OUTER_04,PMC9633814_CORE_FACILITY_12,SEQUENCE_RIDGE_COMPOSITION_ONLY,10.0,__MEAN__,0.37267598888738074,1.0
T194_OUTER_04,PMC9633814_CORE_FACILITY_12,SEQUENCE_RIDGE_COMPOSITION_ONLY,100.0,PMC9633814_CORE_FACILITY_1,0.2847510698256967,1.0
T194_OUTER_04,PMC9633814_CORE_FACILITY_12,SEQUENCE_RIDGE_COMPOSITION_ONLY,100.0,PMC9633814_CORE_FACILITY_10,0.2746794871794872,1.0
T194_OUTER_04,PMC9633814_CORE_FACILITY_12,SEQUENCE_RIDGE_COMPOSITION_ONLY,100.0,PMC9633814_CORE_FACILITY_11,0.2603011244520678,1.0
T194_OUTER_04,PMC9633814_CORE_FACILITY_12,SEQUENCE_RIDGE_COMPOSITION_ONLY,100.0,PMC9633814_CORE_FACILITY_2,0.26208002523791996,1.0
T194_OUTER_04,PMC9633814_CORE_FACILITY_12,SEQUENCE_RIDGE_COMPOSITION_ONLY,100.0,PMC9633814_CORE_FACILITY_3,0.4802454704850964,1.0
T194_OUTER_04,PMC9633814_CORE_FACILITY_12,SEQUENCE_RIDGE_COMPOSITION_ONLY,100.0,PMC9633814_CORE_FACILITY_4,0.30480046269519956,1.0
T194_OUTER_04,PMC9633814_CORE_FACILITY_12,SEQUENCE_RIDGE_COMPOSITION_ONLY,100.0,PMC9633814_CORE_FACILITY_5,0.4270336298049395,1.0
T194_OUTER_04,PMC9633814_CORE_FACILITY_12,SEQUENCE_RIDGE_COMPOSITION_ONLY,100.0,PMC9633814_CORE_FACILITY_6,0.35330316742081447,1.0
T194_OUTER_04,PMC9633814_CORE_FACILITY_12,SEQUENCE_RIDGE_COMPOSITION_ONLY,100.0,PMC9633814_CORE_FACILITY_7,0.5235294117647059,1.0
T194_OUTER_04,PMC9633814_CORE_FACILITY_12,SEQUENCE_RIDGE_COMPOSITION_ONLY,100.0,PMC9633814_CORE_FACILITY_8,0.4562753036437247,1.0
T194_OUTER_04,PMC9633814_CORE_FACILITY_12,SEQUENCE_RIDGE_COMPOSITION_ONLY,100.0,PMC9633814_CORE_FACILITY_9,0.3599303135888502,1.0
T194_OUTER_04,PMC9633814_CORE_FACILITY_12,SEQUENCE_RIDGE_COMPOSITION_ONLY,100.0,__MEAN__,0.362448133281682,1.0
T194_OUTER_05,PMC9633814_CORE_FACILITY_2,SEQUENCE_RIDGE_FULL,0.01,PMC9633814_CORE_FACILITY_1,0.568562780503079,0.1
T194_OUTER_05,PMC9633814_CORE_FACILITY_2,SEQUENCE_RIDGE_FULL,0.01,PMC9633814_CORE_FACILITY_10,0.36891025641025643,0.1
T194_OUTER_05,PMC9633814_CORE_FACILITY_2,SEQUENCE_RIDGE_FULL,0.01,PMC9633814_CORE_FACILITY_11,0.35330665141985895,0.1
T194_OUTER_05,PMC9633814_CORE_FACILITY_2,SEQUENCE_RIDGE_FULL,0.01,PMC9633814_CORE_FACILITY_12,0.3991108641289247,0.1
T194_OUTER_05,PMC9633814_CORE_FACILITY_2,SEQUENCE_RIDGE_FULL,0.01,PMC9633814_CORE_FACILITY_3,0.5253068381063706,0.1
T194_OUTER_05,PMC9633814_CORE_FACILITY_2,SEQUENCE_RIDGE_FULL,0.01,PMC9633814_CORE_FACILITY_4,0.37212787212787213,0.1
T194_OUTER_05,PMC9633814_CORE_FACILITY_2,SEQUENCE_RIDGE_FULL,0.01,PMC9633814_CORE_FACILITY_5,0.458258579226629,0.1
T194_OUTER_05,PMC9633814_CORE_FACILITY_2,SEQUENCE_RIDGE_FULL,0.01,PMC9633814_CORE_FACILITY_6,0.5192760180995475,0.1
T194_OUTER_05,PMC9633814_CORE_FACILITY_2,SEQUENCE_RIDGE_FULL,0.01,PMC9633814_CORE_FACILITY_7,0.5035294117647059,0.1
T194_OUTER_05,PMC9633814_CORE_FACILITY_2,SEQUENCE_RIDGE_FULL,0.01,PMC9633814_CORE_FACILITY_8,0.41639676113360324,0.1
T194_OUTER_05,PMC9633814_CORE_FACILITY_2,SEQUENCE_RIDGE_FULL,0.01,PMC9633814_CORE_FACILITY_9,0.3378048780487805,0.1
T194_OUTER_05,PMC9633814_CORE_FACILITY_2,SEQUENCE_RIDGE_FULL,0.01,__MEAN__,0.4384173555426934,0.1
T194_OUTER_05,PMC9633814_CORE_FACILITY_2,SEQUENCE_RIDGE_FULL,0.1,PMC9633814_CORE_FACILITY_1,0.5697317607765369,0.1
T194_OUTER_05,PMC9633814_CORE_FACILITY_2,SEQUENCE_RIDGE_FULL,0.1,PMC9633814_CORE_FACILITY_10,0.35251831501831504,0.1
T194_OUTER_05,PMC9633814_CORE_FACILITY_2,SEQUENCE_RIDGE_FULL,0.1,PMC9633814_CORE_FACILITY_11,0.36009148084619785,0.1
T194_OUTER_05,PMC9633814_CORE_FACILITY_2,SEQUENCE_RIDGE_FULL,0.1,PMC9633814_CORE_FACILITY_12,0.4120033342595165,0.1
T194_OUTER_05,PMC9633814_CORE_FACILITY_2,SEQUENCE_RIDGE_FULL,0.1,PMC9633814_CORE_FACILITY_3,0.525073056691993,0.1
T194_OUTER_05,PMC9633814_CORE_FACILITY_2,SEQUENCE_RIDGE_FULL,0.1,PMC9633814_CORE_FACILITY_4,0.3638466796361533,0.1
T194_OUTER_05,PMC9633814_CORE_FACILITY_2,SEQUENCE_RIDGE_FULL,0.1,PMC9633814_CORE_FACILITY_5,0.45638813604611217,0.1
T194_OUTER_05,PMC9633814_CORE_FACILITY_2,SEQUENCE_RIDGE_FULL,0.1,PMC9633814_CORE_FACILITY_6,0.5023529411764706,0.1
T194_OUTER_05,PMC9633814_CORE_FACILITY_2,SEQUENCE_RIDGE_FULL,0.1,PMC9633814_CORE_FACILITY_7,0.5054298642533936,0.1
T194_OUTER_05,PMC9633814_CORE_FACILITY_2,SEQUENCE_RIDGE_FULL,0.1,PMC9633814_CORE_FACILITY_8,0.41983805668016194,0.1
T194_OUTER_05,PMC9633814_CORE_FACILITY_2,SEQUENCE_RIDGE_FULL,0.1,PMC9633814_CORE_FACILITY_9,0.3677700348432056,0.1
T194_OUTER_05,PMC9633814_CORE_FACILITY_2,SEQUENCE_RIDGE_FULL,0.1,__MEAN__,0.4395494236570961,0.1
T194_OUTER_05,PMC9633814_CORE_FACILITY_2,SEQUENCE_RIDGE_FULL,1.0,PMC9633814_CORE_FACILITY_1,0.555036008767352,0.1
T194_OUTER_05,PMC9633814_CORE_FACILITY_2,SEQUENCE_RIDGE_FULL,1.0,PMC9633814_CORE_FACILITY_10,0.34404761904761905,0.1
T194_OUTER_05,PMC9633814_CORE_FACILITY_2,SEQUENCE_RIDGE_FULL,1.0,PMC9633814_CORE_FACILITY_11,0.3505622260339242,0.1
T194_OUTER_05,PMC9633814_CORE_FACILITY_2,SEQUENCE_RIDGE_FULL,1.0,PMC9633814_CORE_FACILITY_12,0.4151153098082801,0.1
T194_OUTER_05,PMC9633814_CORE_FACILITY_2,SEQUENCE_RIDGE_FULL,1.0,PMC9633814_CORE_FACILITY_3,0.5134424313267095,0.1
T194_OUTER_05,PMC9633814_CORE_FACILITY_2,SEQUENCE_RIDGE_FULL,1.0,PMC9633814_CORE_FACILITY_4,0.375046006624954,0.1
T194_OUTER_05,PMC9633814_CORE_FACILITY_2,SEQUENCE_RIDGE_FULL,1.0,PMC9633814_CORE_FACILITY_5,0.4560064129480475,0.1
T194_OUTER_05,PMC9633814_CORE_FACILITY_2,SEQUENCE_RIDGE_FULL,1.0,PMC9633814_CORE_FACILITY_6,0.4876923076923077,0.1
T194_OUTER_05,PMC9633814_CORE_FACILITY_2,SEQUENCE_RIDGE_FULL,1.0,PMC9633814_CORE_FACILITY_7,0.5015384615384615,0.1
T194_OUTER_05,PMC9633814_CORE_FACILITY_2,SEQUENCE_RIDGE_FULL,1.0,PMC9633814_CORE_FACILITY_8,0.438663967611336,0.1
T194_OUTER_05,PMC9633814_CORE_FACILITY_2,SEQUENCE_RIDGE_FULL,1.0,PMC9633814_CORE_FACILITY_9,0.3655052264808362,0.1
T194_OUTER_05,PMC9633814_CORE_FACILITY_2,SEQUENCE_RIDGE_FULL,1.0,__MEAN__,0.43660508889816624,0.1
T194_OUTER_05,PMC9633814_CORE_FACILITY_2,SEQUENCE_RIDGE_FULL,10.0,PMC9633814_CORE_FACILITY_1,0.5546185158125456,0.1
T194_OUTER_05,PMC9633814_CORE_FACILITY_2,SEQUENCE_RIDGE_FULL,10.0,PMC9633814_CORE_FACILITY_10,0.34606227106227105,0.1
T194_OUTER_05,PMC9633814_CORE_FACILITY_2,SEQUENCE_RIDGE_FULL,10.0,PMC9633814_CORE_FACILITY_11,0.3452258433390509,0.1
T194_OUTER_05,PMC9633814_CORE_FACILITY_2,SEQUENCE_RIDGE_FULL,10.0,PMC9633814_CORE_FACILITY_12,0.4109474854126146,0.1
T194_OUTER_05,PMC9633814_CORE_FACILITY_2,SEQUENCE_RIDGE_FULL,10.0,PMC9633814_CORE_FACILITY_3,0.5060198714202221,0.1
T194_OUTER_05,PMC9633814_CORE_FACILITY_2,SEQUENCE_RIDGE_FULL,10.0,PMC9633814_CORE_FACILITY_4,0.3715232136284768,0.1
T194_OUTER_05,PMC9633814_CORE_FACILITY_2,SEQUENCE_RIDGE_FULL,10.0,PMC9633814_CORE_FACILITY_5,0.4497079818299805,0.1
T194_OUTER_05,PMC9633814_CORE_FACILITY_2,SEQUENCE_RIDGE_FULL,10.0,PMC9633814_CORE_FACILITY_6,0.47809954751131223,0.1
T194_OUTER_05,PMC9633814_CORE_FACILITY_2,SEQUENCE_RIDGE_FULL,10.0,PMC9633814_CORE_FACILITY_7,0.5023529411764706,0.1
T194_OUTER_05,PMC9633814_CORE_FACILITY_2,SEQUENCE_RIDGE_FULL,10.0,PMC9633814_CORE_FACILITY_8,0.4423076923076923,0.1
T194_OUTER_05,PMC9633814_CORE_FACILITY_2,SEQUENCE_RIDGE_FULL,10.0,PMC9633814_CORE_FACILITY_9,0.3526132404181185,0.1
T194_OUTER_05,PMC9633814_CORE_FACILITY_2,SEQUENCE_RIDGE_FULL,10.0,__MEAN__,0.4326798730835231,0.1
T194_OUTER_05,PMC9633814_CORE_FACILITY_2,SEQUENCE_RIDGE_FULL,100.0,PMC9633814_CORE_FACILITY_1,0.5899801690846467,0.1
T194_OUTER_05,PMC9633814_CORE_FACILITY_2,SEQUENCE_RIDGE_FULL,100.0,PMC9633814_CORE_FACILITY_10,0.3445970695970696,0.1
T194_OUTER_05,PMC9633814_CORE_FACILITY_2,SEQUENCE_RIDGE_FULL,100.0,PMC9633814_CORE_FACILITY_11,0.33531541833428624,0.1
T194_OUTER_05,PMC9633814_CORE_FACILITY_2,SEQUENCE_RIDGE_FULL,100.0,PMC9633814_CORE_FACILITY_12,0.40194498471797724,0.1
T194_OUTER_05,PMC9633814_CORE_FACILITY_2,SEQUENCE_RIDGE_FULL,100.0,PMC9633814_CORE_FACILITY_3,0.49479836353009937,0.1
T194_OUTER_05,PMC9633814_CORE_FACILITY_2,SEQUENCE_RIDGE_FULL,100.0,PMC9633814_CORE_FACILITY_4,0.37462537462537465,0.1
T194_OUTER_05,PMC9633814_CORE_FACILITY_2,SEQUENCE_RIDGE_FULL,100.0,PMC9633814_CORE_FACILITY_5,0.42695728518532655,0.1
T194_OUTER_05,PMC9633814_CORE_FACILITY_2,SEQUENCE_RIDGE_FULL,100.0,PMC9633814_CORE_FACILITY_6,0.4299547511312217,0.1
T194_OUTER_05,PMC9633814_CORE_FACILITY_2,SEQUENCE_RIDGE_FULL,100.0,PMC9633814_CORE_FACILITY_7,0.46099547511312217,0.1
T194_OUTER_05,PMC9633814_CORE_FACILITY_2,SEQUENCE_RIDGE_FULL,100.0,PMC9633814_CORE_FACILITY_8,0.4251012145748988,0.1
T194_OUTER_05,PMC9633814_CORE_FACILITY_2,SEQUENCE_RIDGE_FULL,100.0,PMC9633814_CORE_FACILITY_9,0.3623693379790941,0.1
T194_OUTER_05,PMC9633814_CORE_FACILITY_2,SEQUENCE_RIDGE_FULL,100.0,__MEAN__,0.42242176762482875,0.1
T194_OUTER_05,PMC9633814_CORE_FACILITY_2,SEQUENCE_RIDGE_COMPOSITION_ONLY,0.01,PMC9633814_CORE_FACILITY_1,0.2773614445256236,1.0
T194_OUTER_05,PMC9633814_CORE_FACILITY_2,SEQUENCE_RIDGE_COMPOSITION_ONLY,0.01,PMC9633814_CORE_FACILITY_10,0.2657967032967033,1.0
T194_OUTER_05,PMC9633814_CORE_FACILITY_2,SEQUENCE_RIDGE_COMPOSITION_ONLY,0.01,PMC9633814_CORE_FACILITY_11,0.2552696779111873,1.0
T194_OUTER_05,PMC9633814_CORE_FACILITY_2,SEQUENCE_RIDGE_COMPOSITION_ONLY,0.01,PMC9633814_CORE_FACILITY_12,0.46018338427340927,1.0
T194_OUTER_05,PMC9633814_CORE_FACILITY_2,SEQUENCE_RIDGE_COMPOSITION_ONLY,0.01,PMC9633814_CORE_FACILITY_3,0.49579193454120396,1.0
T194_OUTER_05,PMC9633814_CORE_FACILITY_2,SEQUENCE_RIDGE_COMPOSITION_ONLY,0.01,PMC9633814_CORE_FACILITY_4,0.274883011725117,1.0
T194_OUTER_05,PMC9633814_CORE_FACILITY_2,SEQUENCE_RIDGE_COMPOSITION_ONLY,0.01,PMC9633814_CORE_FACILITY_5,0.47001565064702067,1.0
T194_OUTER_05,PMC9633814_CORE_FACILITY_2,SEQUENCE_RIDGE_COMPOSITION_ONLY,0.01,PMC9633814_CORE_FACILITY_6,0.38461538461538464,1.0
T194_OUTER_05,PMC9633814_CORE_FACILITY_2,SEQUENCE_RIDGE_COMPOSITION_ONLY,0.01,PMC9633814_CORE_FACILITY_7,0.5524886877828055,1.0
T194_OUTER_05,PMC9633814_CORE_FACILITY_2,SEQUENCE_RIDGE_COMPOSITION_ONLY,0.01,PMC9633814_CORE_FACILITY_8,0.4502024291497976,1.0
T194_OUTER_05,PMC9633814_CORE_FACILITY_2,SEQUENCE_RIDGE_COMPOSITION_ONLY,0.01,PMC9633814_CORE_FACILITY_9,0.42003484320557494,1.0
T194_OUTER_05,PMC9633814_CORE_FACILITY_2,SEQUENCE_RIDGE_COMPOSITION_ONLY,0.01,__MEAN__,0.39151301378852976,1.0
T194_OUTER_05,PMC9633814_CORE_FACILITY_2,SEQUENCE_RIDGE_COMPOSITION_ONLY,0.1,PMC9633814_CORE_FACILITY_1,0.2773614445256236,1.0
T194_OUTER_05,PMC9633814_CORE_FACILITY_2,SEQUENCE_RIDGE_COMPOSITION_ONLY,0.1,PMC9633814_CORE_FACILITY_10,0.2657967032967033,1.0
T194_OUTER_05,PMC9633814_CORE_FACILITY_2,SEQUENCE_RIDGE_COMPOSITION_ONLY,0.1,PMC9633814_CORE_FACILITY_11,0.2552696779111873,1.0
T194_OUTER_05,PMC9633814_CORE_FACILITY_2,SEQUENCE_RIDGE_COMPOSITION_ONLY,0.1,PMC9633814_CORE_FACILITY_12,0.46018338427340927,1.0
T194_OUTER_05,PMC9633814_CORE_FACILITY_2,SEQUENCE_RIDGE_COMPOSITION_ONLY,0.1,PMC9633814_CORE_FACILITY_3,0.49579193454120396,1.0
T194_OUTER_05,PMC9633814_CORE_FACILITY_2,SEQUENCE_RIDGE_COMPOSITION_ONLY,0.1,PMC9633814_CORE_FACILITY_4,0.2757242757242757,1.0
T194_OUTER_05,PMC9633814_CORE_FACILITY_2,SEQUENCE_RIDGE_COMPOSITION_ONLY,0.1,PMC9633814_CORE_FACILITY_5,0.47001565064702067,1.0
T194_OUTER_05,PMC9633814_CORE_FACILITY_2,SEQUENCE_RIDGE_COMPOSITION_ONLY,0.1,PMC9633814_CORE_FACILITY_6,0.38461538461538464,1.0
T194_OUTER_05,PMC9633814_CORE_FACILITY_2,SEQUENCE_RIDGE_COMPOSITION_ONLY,0.1,PMC9633814_CORE_FACILITY_7,0.5524886877828055,1.0
T194_OUTER_05,PMC9633814_CORE_FACILITY_2,SEQUENCE_RIDGE_COMPOSITION_ONLY,0.1,PMC9633814_CORE_FACILITY_8,0.4502024291497976,1.0
T194_OUTER_05,PMC9633814_CORE_FACILITY_2,SEQUENCE_RIDGE_COMPOSITION_ONLY,0.1,PMC9633814_CORE_FACILITY_9,0.42003484320557494,1.0
T194_OUTER_05,PMC9633814_CORE_FACILITY_2,SEQUENCE_RIDGE_COMPOSITION_ONLY,0.1,__MEAN__,0.39158949233390783,1.0
T194_OUTER_05,PMC9633814_CORE_FACILITY_2,SEQUENCE_RIDGE_COMPOSITION_ONLY,1.0,PMC9633814_CORE_FACILITY_1,0.2754827262289949,1.0
T194_OUTER_05,PMC9633814_CORE_FACILITY_2,SEQUENCE_RIDGE_COMPOSITION_ONLY,1.0,PMC9633814_CORE_FACILITY_10,0.265521978021978,1.0
T194_OUTER_05,PMC9633814_CORE_FACILITY_2,SEQUENCE_RIDGE_COMPOSITION_ONLY,1.0,PMC9633814_CORE_FACILITY_11,0.2552696779111873,1.0
T194_OUTER_05,PMC9633814_CORE_FACILITY_2,SEQUENCE_RIDGE_COMPOSITION_ONLY,1.0,PMC9633814_CORE_FACILITY_12,0.4639066407335371,1.0
T194_OUTER_05,PMC9633814_CORE_FACILITY_2,SEQUENCE_RIDGE_COMPOSITION_ONLY,1.0,PMC9633814_CORE_FACILITY_3,0.49579193454120396,1.0
T194_OUTER_05,PMC9633814_CORE_FACILITY_2,SEQUENCE_RIDGE_COMPOSITION_ONLY,1.0,PMC9633814_CORE_FACILITY_4,0.27609232872390765,1.0
T194_OUTER_05,PMC9633814_CORE_FACILITY_2,SEQUENCE_RIDGE_COMPOSITION_ONLY,1.0,PMC9633814_CORE_FACILITY_5,0.47119899225102113,1.0
T194_OUTER_05,PMC9633814_CORE_FACILITY_2,SEQUENCE_RIDGE_COMPOSITION_ONLY,1.0,PMC9633814_CORE_FACILITY_6,0.3835294117647059,1.0
T194_OUTER_05,PMC9633814_CORE_FACILITY_2,SEQUENCE_RIDGE_COMPOSITION_ONLY,1.0,PMC9633814_CORE_FACILITY_7,0.5516742081447964,1.0
T194_OUTER_05,PMC9633814_CORE_FACILITY_2,SEQUENCE_RIDGE_COMPOSITION_ONLY,1.0,PMC9633814_CORE_FACILITY_8,0.4530364372469636,1.0
T194_OUTER_05,PMC9633814_CORE_FACILITY_2,SEQUENCE_RIDGE_COMPOSITION_ONLY,1.0,PMC9633814_CORE_FACILITY_9,0.41846689895470385,1.0
T194_OUTER_05,PMC9633814_CORE_FACILITY_2,SEQUENCE_RIDGE_COMPOSITION_ONLY,1.0,__MEAN__,0.3918155667748182,1.0
T194_OUTER_05,PMC9633814_CORE_FACILITY_2,SEQUENCE_RIDGE_COMPOSITION_ONLY,10.0,PMC9633814_CORE_FACILITY_1,0.2675503600876735,1.0
T194_OUTER_05,PMC9633814_CORE_FACILITY_2,SEQUENCE_RIDGE_COMPOSITION_ONLY,10.0,PMC9633814_CORE_FACILITY_10,0.2657967032967033,1.0
T194_OUTER_05,PMC9633814_CORE_FACILITY_2,SEQUENCE_RIDGE_COMPOSITION_ONLY,10.0,PMC9633814_CORE_FACILITY_11,0.25275395464074707,1.0
T194_OUTER_05,PMC9633814_CORE_FACILITY_2,SEQUENCE_RIDGE_COMPOSITION_ONLY,10.0,PMC9633814_CORE_FACILITY_12,0.46429563767713256,1.0
T194_OUTER_05,PMC9633814_CORE_FACILITY_2,SEQUENCE_RIDGE_COMPOSITION_ONLY,10.0,PMC9633814_CORE_FACILITY_3,0.4908825248392753,1.0
T194_OUTER_05,PMC9633814_CORE_FACILITY_2,SEQUENCE_RIDGE_COMPOSITION_ONLY,10.0,PMC9633814_CORE_FACILITY_4,0.2734370892265629,1.0
T194_OUTER_05,PMC9633814_CORE_FACILITY_2,SEQUENCE_RIDGE_COMPOSITION_ONLY,10.0,PMC9633814_CORE_FACILITY_5,0.47261136771386036,1.0
T194_OUTER_05,PMC9633814_CORE_FACILITY_2,SEQUENCE_RIDGE_COMPOSITION_ONLY,10.0,PMC9633814_CORE_FACILITY_6,0.36941176470588233,1.0
T194_OUTER_05,PMC9633814_CORE_FACILITY_2,SEQUENCE_RIDGE_COMPOSITION_ONLY,10.0,PMC9633814_CORE_FACILITY_7,0.5454298642533937,1.0
T194_OUTER_05,PMC9633814_CORE_FACILITY_2,SEQUENCE_RIDGE_COMPOSITION_ONLY,10.0,PMC9633814_CORE_FACILITY_8,0.4534412955465587,1.0
T194_OUTER_05,PMC9633814_CORE_FACILITY_2,SEQUENCE_RIDGE_COMPOSITION_ONLY,10.0,PMC9633814_CORE_FACILITY_9,0.4219512195121951,1.0
T194_OUTER_05,PMC9633814_CORE_FACILITY_2,SEQUENCE_RIDGE_COMPOSITION_ONLY,10.0,__MEAN__,0.388869252863635,1.0
T194_OUTER_05,PMC9633814_CORE_FACILITY_2,SEQUENCE_RIDGE_COMPOSITION_ONLY,100.0,PMC9633814_CORE_FACILITY_1,0.2684270952927669,1.0
T194_OUTER_05,PMC9633814_CORE_FACILITY_2,SEQUENCE_RIDGE_COMPOSITION_ONLY,100.0,PMC9633814_CORE_FACILITY_10,0.2834249084249084,1.0
T194_OUTER_05,PMC9633814_CORE_FACILITY_2,SEQUENCE_RIDGE_COMPOSITION_ONLY,100.0,PMC9633814_CORE_FACILITY_11,0.2223365732799695,1.0
T194_OUTER_05,PMC9633814_CORE_FACILITY_2,SEQUENCE_RIDGE_COMPOSITION_ONLY,100.0,PMC9633814_CORE_FACILITY_12,0.46529591553209226,1.0
T194_OUTER_05,PMC9633814_CORE_FACILITY_2,SEQUENCE_RIDGE_COMPOSITION_ONLY,100.0,PMC9633814_CORE_FACILITY_3,0.4751022793687902,1.0
T194_OUTER_05,PMC9633814_CORE_FACILITY_2,SEQUENCE_RIDGE_COMPOSITION_ONLY,100.0,PMC9633814_CORE_FACILITY_4,0.26334192123665806,1.0
T194_OUTER_05,PMC9633814_CORE_FACILITY_2,SEQUENCE_RIDGE_COMPOSITION_ONLY,100.0,PMC9633814_CORE_FACILITY_5,0.4619994655876627,1.0
T194_OUTER_05,PMC9633814_CORE_FACILITY_2,SEQUENCE_RIDGE_COMPOSITION_ONLY,100.0,PMC9633814_CORE_FACILITY_6,0.37058823529411766,1.0
T194_OUTER_05,PMC9633814_CORE_FACILITY_2,SEQUENCE_RIDGE_COMPOSITION_ONLY,100.0,PMC9633814_CORE_FACILITY_7,0.527420814479638,1.0
T194_OUTER_05,PMC9633814_CORE_FACILITY_2,SEQUENCE_RIDGE_COMPOSITION_ONLY,100.0,PMC9633814_CORE_FACILITY_8,0.4785425101214575,1.0
T194_OUTER_05,PMC9633814_CORE_FACILITY_2,SEQUENCE_RIDGE_COMPOSITION_ONLY,100.0,PMC9633814_CORE_FACILITY_9,0.41515679442508713,1.0
T194_OUTER_05,PMC9633814_CORE_FACILITY_2,SEQUENCE_RIDGE_COMPOSITION_ONLY,100.0,__MEAN__,0.38469422845846796,1.0
T194_OUTER_06,PMC9633814_CORE_FACILITY_3,SEQUENCE_RIDGE_FULL,0.01,PMC9633814_CORE_FACILITY_1,0.5606721636572383,0.01
T194_OUTER_06,PMC9633814_CORE_FACILITY_3,SEQUENCE_RIDGE_FULL,0.01,PMC9633814_CORE_FACILITY_10,0.3475274725274725,0.01
T194_OUTER_06,PMC9633814_CORE_FACILITY_3,SEQUENCE_RIDGE_FULL,0.01,PMC9633814_CORE_FACILITY_11,0.3748046502763484,0.01
T194_OUTER_06,PMC9633814_CORE_FACILITY_3,SEQUENCE_RIDGE_FULL,0.01,PMC9633814_CORE_FACILITY_12,0.41367046401778274,0.01
T194_OUTER_06,PMC9633814_CORE_FACILITY_3,SEQUENCE_RIDGE_FULL,0.01,PMC9633814_CORE_FACILITY_2,0.3153951311846049,0.01
T194_OUTER_06,PMC9633814_CORE_FACILITY_3,SEQUENCE_RIDGE_FULL,0.01,PMC9633814_CORE_FACILITY_4,0.38895315211104686,0.01
T194_OUTER_06,PMC9633814_CORE_FACILITY_3,SEQUENCE_RIDGE_FULL,0.01,PMC9633814_CORE_FACILITY_5,0.4680306905370844,0.01
T194_OUTER_06,PMC9633814_CORE_FACILITY_3,SEQUENCE_RIDGE_FULL,0.01,PMC9633814_CORE_FACILITY_6,0.5006334841628959,0.01
T194_OUTER_06,PMC9633814_CORE_FACILITY_3,SEQUENCE_RIDGE_FULL,0.01,PMC9633814_CORE_FACILITY_7,0.4713122171945701,0.01
T194_OUTER_06,PMC9633814_CORE_FACILITY_3,SEQUENCE_RIDGE_FULL,0.01,PMC9633814_CORE_FACILITY_8,0.37327935222672065,0.01
T194_OUTER_06,PMC9633814_CORE_FACILITY_3,SEQUENCE_RIDGE_FULL,0.01,PMC9633814_CORE_FACILITY_9,0.29825783972125436,0.01
T194_OUTER_06,PMC9633814_CORE_FACILITY_3,SEQUENCE_RIDGE_FULL,0.01,__MEAN__,0.41023060160154723,0.01
T194_OUTER_06,PMC9633814_CORE_FACILITY_3,SEQUENCE_RIDGE_FULL,0.1,PMC9633814_CORE_FACILITY_1,0.5721532199144139,0.01
T194_OUTER_06,PMC9633814_CORE_FACILITY_3,SEQUENCE_RIDGE_FULL,0.1,PMC9633814_CORE_FACILITY_10,0.3325091575091575,0.01
T194_OUTER_06,PMC9633814_CORE_FACILITY_3,SEQUENCE_RIDGE_FULL,0.1,PMC9633814_CORE_FACILITY_11,0.38166571374118546,0.01
T194_OUTER_06,PMC9633814_CORE_FACILITY_3,SEQUENCE_RIDGE_FULL,0.1,PMC9633814_CORE_FACILITY_12,0.4087246457349264,0.01
T194_OUTER_06,PMC9633814_CORE_FACILITY_3,SEQUENCE_RIDGE_FULL,0.1,PMC9633814_CORE_FACILITY_2,0.30332825069667174,0.01
T194_OUTER_06,PMC9633814_CORE_FACILITY_3,SEQUENCE_RIDGE_FULL,0.1,PMC9633814_CORE_FACILITY_4,0.39823334560176665,0.01
T194_OUTER_06,PMC9633814_CORE_FACILITY_3,SEQUENCE_RIDGE_FULL,0.1,PMC9633814_CORE_FACILITY_5,0.46352635797992137,0.01
T194_OUTER_06,PMC9633814_CORE_FACILITY_3,SEQUENCE_RIDGE_FULL,0.1,PMC9633814_CORE_FACILITY_6,0.4660633484162896,0.01
T194_OUTER_06,PMC9633814_CORE_FACILITY_3,SEQUENCE_RIDGE_FULL,0.1,PMC9633814_CORE_FACILITY_7,0.47809954751131223,0.01
T194_OUTER_06,PMC9633814_CORE_FACILITY_3,SEQUENCE_RIDGE_FULL,0.1,PMC9633814_CORE_FACILITY_8,0.38016194331983805,0.01
T194_OUTER_06,PMC9633814_CORE_FACILITY_3,SEQUENCE_RIDGE_FULL,0.1,PMC9633814_CORE_FACILITY_9,0.3181184668989547,0.01
T194_OUTER_06,PMC9633814_CORE_FACILITY_3,SEQUENCE_RIDGE_FULL,0.1,__MEAN__,0.40932581793858525,0.01
T194_OUTER_06,PMC9633814_CORE_FACILITY_3,SEQUENCE_RIDGE_FULL,1.0,PMC9633814_CORE_FACILITY_1,0.5746164283477716,0.01
T194_OUTER_06,PMC9633814_CORE_FACILITY_3,SEQUENCE_RIDGE_FULL,1.0,PMC9633814_CORE_FACILITY_10,0.315521978021978,0.01
T194_OUTER_06,PMC9633814_CORE_FACILITY_3,SEQUENCE_RIDGE_FULL,1.0,PMC9633814_CORE_FACILITY_11,0.38090337335620356,0.01
T194_OUTER_06,PMC9633814_CORE_FACILITY_3,SEQUENCE_RIDGE_FULL,1.0,PMC9633814_CORE_FACILITY_12,0.4128368991386496,0.01
T194_OUTER_06,PMC9633814_CORE_FACILITY_3,SEQUENCE_RIDGE_FULL,1.0,PMC9633814_CORE_FACILITY_2,0.28555654871444347,0.01
T194_OUTER_06,PMC9633814_CORE_FACILITY_3,SEQUENCE_RIDGE_FULL,1.0,PMC9633814_CORE_FACILITY_4,0.4016772700983227,0.01
T194_OUTER_06,PMC9633814_CORE_FACILITY_3,SEQUENCE_RIDGE_FULL,1.0,PMC9633814_CORE_FACILITY_5,0.4549757605832729,0.01
T194_OUTER_06,PMC9633814_CORE_FACILITY_3,SEQUENCE_RIDGE_FULL,1.0,PMC9633814_CORE_FACILITY_6,0.43221719457013574,0.01
T194_OUTER_06,PMC9633814_CORE_FACILITY_3,SEQUENCE_RIDGE_FULL,1.0,PMC9633814_CORE_FACILITY_7,0.46542986425339367,0.01
T194_OUTER_06,PMC9633814_CORE_FACILITY_3,SEQUENCE_RIDGE_FULL,1.0,PMC9633814_CORE_FACILITY_8,0.4089068825910931,0.01
T194_OUTER_06,PMC9633814_CORE_FACILITY_3,SEQUENCE_RIDGE_FULL,1.0,PMC9633814_CORE_FACILITY_9,0.28693379790940765,0.01
T194_OUTER_06,PMC9633814_CORE_FACILITY_3,SEQUENCE_RIDGE_FULL,1.0,__MEAN__,0.401779636144061,0.01
T194_OUTER_06,PMC9633814_CORE_FACILITY_3,SEQUENCE_RIDGE_FULL,10.0,PMC9633814_CORE_FACILITY_1,0.5797933409873708,0.01
T194_OUTER_06,PMC9633814_CORE_FACILITY_3,SEQUENCE_RIDGE_FULL,10.0,PMC9633814_CORE_FACILITY_10,0.31877289377289375,0.01
T194_OUTER_06,PMC9633814_CORE_FACILITY_3,SEQUENCE_RIDGE_FULL,10.0,PMC9633814_CORE_FACILITY_11,0.3827329902801601,0.01
T194_OUTER_06,PMC9633814_CORE_FACILITY_3,SEQUENCE_RIDGE_FULL,10.0,PMC9633814_CORE_FACILITY_12,0.4108919144206724,0.01
T194_OUTER_06,PMC9633814_CORE_FACILITY_3,SEQUENCE_RIDGE_FULL,10.0,PMC9633814_CORE_FACILITY_2,0.2827698617172301,0.01
T194_OUTER_06,PMC9633814_CORE_FACILITY_3,SEQUENCE_RIDGE_FULL,10.0,PMC9633814_CORE_FACILITY_4,0.40125663809874335,0.01
T194_OUTER_06,PMC9633814_CORE_FACILITY_3,SEQUENCE_RIDGE_FULL,10.0,PMC9633814_CORE_FACILITY_5,0.45134939115165856,0.01
T194_OUTER_06,PMC9633814_CORE_FACILITY_3,SEQUENCE_RIDGE_FULL,10.0,PMC9633814_CORE_FACILITY_6,0.4235294117647059,0.01
T194_OUTER_06,PMC9633814_CORE_FACILITY_3,SEQUENCE_RIDGE_FULL,10.0,PMC9633814_CORE_FACILITY_7,0.4629864253393665,0.01
T194_OUTER_06,PMC9633814_CORE_FACILITY_3,SEQUENCE_RIDGE_FULL,10.0,PMC9633814_CORE_FACILITY_8,0.4068825910931174,0.01
T194_OUTER_06,PMC9633814_CORE_FACILITY_3,SEQUENCE_RIDGE_FULL,10.0,PMC9633814_CORE_FACILITY_9,0.28867595818815334,0.01
T194_OUTER_06,PMC9633814_CORE_FACILITY_3,SEQUENCE_RIDGE_FULL,10.0,__MEAN__,0.4008764924376429,0.01
T194_OUTER_06,PMC9633814_CORE_FACILITY_3,SEQUENCE_RIDGE_FULL,100.0,PMC9633814_CORE_FACILITY_1,0.5959503183383781,0.01
T194_OUTER_06,PMC9633814_CORE_FACILITY_3,SEQUENCE_RIDGE_FULL,100.0,PMC9633814_CORE_FACILITY_10,0.32184065934065936,0.01
T194_OUTER_06,PMC9633814_CORE_FACILITY_3,SEQUENCE_RIDGE_FULL,100.0,PMC9633814_CORE_FACILITY_11,0.3524680769963789,0.01
T194_OUTER_06,PMC9633814_CORE_FACILITY_3,SEQUENCE_RIDGE_FULL,100.0,PMC9633814_CORE_FACILITY_12,0.4064462350652959,0.01
T194_OUTER_06,PMC9633814_CORE_FACILITY_3,SEQUENCE_RIDGE_FULL,100.0,PMC9633814_CORE_FACILITY_2,0.2515642252484358,0.01
T194_OUTER_06,PMC9633814_CORE_FACILITY_3,SEQUENCE_RIDGE_FULL,100.0,PMC9633814_CORE_FACILITY_4,0.4096692780903307,0.01
T194_OUTER_06,PMC9633814_CORE_FACILITY_3,SEQUENCE_RIDGE_FULL,100.0,PMC9633814_CORE_FACILITY_5,0.4450891323433981,0.01
T194_OUTER_06,PMC9633814_CORE_FACILITY_3,SEQUENCE_RIDGE_FULL,100.0,PMC9633814_CORE_FACILITY_6,0.42570135746606336,0.01
T194_OUTER_06,PMC9633814_CORE_FACILITY_3,SEQUENCE_RIDGE_FULL,100.0,PMC9633814_CORE_FACILITY_7,0.4395475113122172,0.01
T194_OUTER_06,PMC9633814_CORE_FACILITY_3,SEQUENCE_RIDGE_FULL,100.0,PMC9633814_CORE_FACILITY_8,0.38805668016194333,0.01
T194_OUTER_06,PMC9633814_CORE_FACILITY_3,SEQUENCE_RIDGE_FULL,100.0,PMC9633814_CORE_FACILITY_9,0.2977351916376307,0.01
T194_OUTER_06,PMC9633814_CORE_FACILITY_3,SEQUENCE_RIDGE_FULL,100.0,__MEAN__,0.39400624236370274,0.01
T194_OUTER_06,PMC9633814_CORE_FACILITY_3,SEQUENCE_RIDGE_COMPOSITION_ONLY,0.01,PMC9633814_CORE_FACILITY_1,0.30696169502139653,1.0
T194_OUTER_06,PMC9633814_CORE_FACILITY_3,SEQUENCE_RIDGE_COMPOSITION_ONLY,0.01,PMC9633814_CORE_FACILITY_10,0.24587912087912087,1.0
T194_OUTER_06,PMC9633814_CORE_FACILITY_3,SEQUENCE_RIDGE_COMPOSITION_ONLY,0.01,PMC9633814_CORE_FACILITY_11,0.2749380598437202,1.0
T194_OUTER_06,PMC9633814_CORE_FACILITY_3,SEQUENCE_RIDGE_COMPOSITION_ONLY,0.01,PMC9633814_CORE_FACILITY_12,0.468463462072798,1.0
T194_OUTER_06,PMC9633814_CORE_FACILITY_3,SEQUENCE_RIDGE_COMPOSITION_ONLY,0.01,PMC9633814_CORE_FACILITY_2,0.2887901572112098,1.0
T194_OUTER_06,PMC9633814_CORE_FACILITY_3,SEQUENCE_RIDGE_COMPOSITION_ONLY,0.01,PMC9633814_CORE_FACILITY_4,0.2924181082075819,1.0
T194_OUTER_06,PMC9633814_CORE_FACILITY_3,SEQUENCE_RIDGE_COMPOSITION_ONLY,0.01,PMC9633814_CORE_FACILITY_5,0.46203763789746916,1.0
T194_OUTER_06,PMC9633814_CORE_FACILITY_3,SEQUENCE_RIDGE_COMPOSITION_ONLY,0.01,PMC9633814_CORE_FACILITY_6,0.37049773755656107,1.0
T194_OUTER_06,PMC9633814_CORE_FACILITY_3,SEQUENCE_RIDGE_COMPOSITION_ONLY,0.01,PMC9633814_CORE_FACILITY_7,0.5239819004524887,1.0
T194_OUTER_06,PMC9633814_CORE_FACILITY_3,SEQUENCE_RIDGE_COMPOSITION_ONLY,0.01,PMC9633814_CORE_FACILITY_8,0.42327935222672064,1.0
T194_OUTER_06,PMC9633814_CORE_FACILITY_3,SEQUENCE_RIDGE_COMPOSITION_ONLY,0.01,PMC9633814_CORE_FACILITY_9,0.3918118466898955,1.0
T194_OUTER_06,PMC9633814_CORE_FACILITY_3,SEQUENCE_RIDGE_COMPOSITION_ONLY,0.01,__MEAN__,0.36809627982354204,1.0
T194_OUTER_06,PMC9633814_CORE_FACILITY_3,SEQUENCE_RIDGE_COMPOSITION_ONLY,0.1,PMC9633814_CORE_FACILITY_1,0.30696169502139653,1.0
T194_OUTER_06,PMC9633814_CORE_FACILITY_3,SEQUENCE_RIDGE_COMPOSITION_ONLY,0.1,PMC9633814_CORE_FACILITY_10,0.24587912087912087,1.0
T194_OUTER_06,PMC9633814_CORE_FACILITY_3,SEQUENCE_RIDGE_COMPOSITION_ONLY,0.1,PMC9633814_CORE_FACILITY_11,0.27478559176672385,1.0
T194_OUTER_06,PMC9633814_CORE_FACILITY_3,SEQUENCE_RIDGE_COMPOSITION_ONLY,0.1,PMC9633814_CORE_FACILITY_12,0.468463462072798,1.0
T194_OUTER_06,PMC9633814_CORE_FACILITY_3,SEQUENCE_RIDGE_COMPOSITION_ONLY,0.1,PMC9633814_CORE_FACILITY_2,0.2887901572112098,1.0
T194_OUTER_06,PMC9633814_CORE_FACILITY_3,SEQUENCE_RIDGE_COMPOSITION_ONLY,0.1,PMC9633814_CORE_FACILITY_4,0.2924181082075819,1.0
T194_OUTER_06,PMC9633814_CORE_FACILITY_3,SEQUENCE_RIDGE_COMPOSITION_ONLY,0.1,PMC9633814_CORE_FACILITY_5,0.46203763789746916,1.0
T194_OUTER_06,PMC9633814_CORE_FACILITY_3,SEQUENCE_RIDGE_COMPOSITION_ONLY,0.1,PMC9633814_CORE_FACILITY_6,0.37049773755656107,1.0
T194_OUTER_06,PMC9633814_CORE_FACILITY_3,SEQUENCE_RIDGE_COMPOSITION_ONLY,0.1,PMC9633814_CORE_FACILITY_7,0.5239819004524887,1.0
T194_OUTER_06,PMC9633814_CORE_FACILITY_3,SEQUENCE_RIDGE_COMPOSITION_ONLY,0.1,PMC9633814_CORE_FACILITY_8,0.42327935222672064,1.0
T194_OUTER_06,PMC9633814_CORE_FACILITY_3,SEQUENCE_RIDGE_COMPOSITION_ONLY,0.1,PMC9633814_CORE_FACILITY_9,0.3918118466898955,1.0
T194_OUTER_06,PMC9633814_CORE_FACILITY_3,SEQUENCE_RIDGE_COMPOSITION_ONLY,0.1,__MEAN__,0.36808241908926964,1.0
T194_OUTER_06,PMC9633814_CORE_FACILITY_3,SEQUENCE_RIDGE_COMPOSITION_ONLY,1.0,PMC9633814_CORE_FACILITY_1,0.30696169502139653,1.0
T194_OUTER_06,PMC9633814_CORE_FACILITY_3,SEQUENCE_RIDGE_COMPOSITION_ONLY,1.0,PMC9633814_CORE_FACILITY_10,0.24652014652014653,1.0
T194_OUTER_06,PMC9633814_CORE_FACILITY_3,SEQUENCE_RIDGE_COMPOSITION_ONLY,1.0,PMC9633814_CORE_FACILITY_11,0.27455688965122926,1.0
T194_OUTER_06,PMC9633814_CORE_FACILITY_3,SEQUENCE_RIDGE_COMPOSITION_ONLY,1.0,PMC9633814_CORE_FACILITY_12,0.46996387885523755,1.0
T194_OUTER_06,PMC9633814_CORE_FACILITY_3,SEQUENCE_RIDGE_COMPOSITION_ONLY,1.0,PMC9633814_CORE_FACILITY_2,0.28826436721173565,1.0
T194_OUTER_06,PMC9633814_CORE_FACILITY_3,SEQUENCE_RIDGE_COMPOSITION_ONLY,1.0,PMC9633814_CORE_FACILITY_4,0.29120879120879123,1.0
T194_OUTER_06,PMC9633814_CORE_FACILITY_3,SEQUENCE_RIDGE_COMPOSITION_ONLY,1.0,PMC9633814_CORE_FACILITY_5,0.46276291178379203,1.0
T194_OUTER_06,PMC9633814_CORE_FACILITY_3,SEQUENCE_RIDGE_COMPOSITION_ONLY,1.0,PMC9633814_CORE_FACILITY_6,0.37049773755656107,1.0
T194_OUTER_06,PMC9633814_CORE_FACILITY_3,SEQUENCE_RIDGE_COMPOSITION_ONLY,1.0,PMC9633814_CORE_FACILITY_7,0.5242533936651583,1.0
T194_OUTER_06,PMC9633814_CORE_FACILITY_3,SEQUENCE_RIDGE_COMPOSITION_ONLY,1.0,PMC9633814_CORE_FACILITY_8,0.42327935222672064,1.0
T194_OUTER_06,PMC9633814_CORE_FACILITY_3,SEQUENCE_RIDGE_COMPOSITION_ONLY,1.0,PMC9633814_CORE_FACILITY_9,0.3918118466898955,1.0
T194_OUTER_06,PMC9633814_CORE_FACILITY_3,SEQUENCE_RIDGE_COMPOSITION_ONLY,1.0,__MEAN__,0.3681891827627876,1.0
T194_OUTER_06,PMC9633814_CORE_FACILITY_3,SEQUENCE_RIDGE_COMPOSITION_ONLY,10.0,PMC9633814_CORE_FACILITY_1,0.3038304978603486,1.0
T194_OUTER_06,PMC9633814_CORE_FACILITY_3,SEQUENCE_RIDGE_COMPOSITION_ONLY,10.0,PMC9633814_CORE_FACILITY_10,0.24665750915750917,1.0
T194_OUTER_06,PMC9633814_CORE_FACILITY_3,SEQUENCE_RIDGE_COMPOSITION_ONLY,10.0,PMC9633814_CORE_FACILITY_11,0.27387078330474557,1.0
T194_OUTER_06,PMC9633814_CORE_FACILITY_3,SEQUENCE_RIDGE_COMPOSITION_ONLY,10.0,PMC9633814_CORE_FACILITY_12,0.47735482078355096,1.0
T194_OUTER_06,PMC9633814_CORE_FACILITY_3,SEQUENCE_RIDGE_COMPOSITION_ONLY,10.0,PMC9633814_CORE_FACILITY_2,0.287055050212945,1.0
T194_OUTER_06,PMC9633814_CORE_FACILITY_3,SEQUENCE_RIDGE_COMPOSITION_ONLY,10.0,PMC9633814_CORE_FACILITY_4,0.28455754771544245,1.0
T194_OUTER_06,PMC9633814_CORE_FACILITY_3,SEQUENCE_RIDGE_COMPOSITION_ONLY,10.0,PMC9633814_CORE_FACILITY_5,0.460548917815017,1.0
T194_OUTER_06,PMC9633814_CORE_FACILITY_3,SEQUENCE_RIDGE_COMPOSITION_ONLY,10.0,PMC9633814_CORE_FACILITY_6,0.3714027149321267,1.0
T194_OUTER_06,PMC9633814_CORE_FACILITY_3,SEQUENCE_RIDGE_COMPOSITION_ONLY,10.0,PMC9633814_CORE_FACILITY_7,0.522081447963801,1.0
T194_OUTER_06,PMC9633814_CORE_FACILITY_3,SEQUENCE_RIDGE_COMPOSITION_ONLY,10.0,PMC9633814_CORE_FACILITY_8,0.4257085020242915,1.0
T194_OUTER_06,PMC9633814_CORE_FACILITY_3,SEQUENCE_RIDGE_COMPOSITION_ONLY,10.0,PMC9633814_CORE_FACILITY_9,0.3827526132404181,1.0
T194_OUTER_06,PMC9633814_CORE_FACILITY_3,SEQUENCE_RIDGE_COMPOSITION_ONLY,10.0,__MEAN__,0.366892764091836,1.0
T194_OUTER_06,PMC9633814_CORE_FACILITY_3,SEQUENCE_RIDGE_COMPOSITION_ONLY,100.0,PMC9633814_CORE_FACILITY_1,0.2973593570608496,1.0
T194_OUTER_06,PMC9633814_CORE_FACILITY_3,SEQUENCE_RIDGE_COMPOSITION_ONLY,100.0,PMC9633814_CORE_FACILITY_10,0.259981684981685,1.0
T194_OUTER_06,PMC9633814_CORE_FACILITY_3,SEQUENCE_RIDGE_COMPOSITION_ONLY,100.0,PMC9633814_CORE_FACILITY_11,0.2758528683056985,1.0
T194_OUTER_06,PMC9633814_CORE_FACILITY_3,SEQUENCE_RIDGE_COMPOSITION_ONLY,100.0,PMC9633814_CORE_FACILITY_12,0.4871908863573215,1.0
T194_OUTER_06,PMC9633814_CORE_FACILITY_3,SEQUENCE_RIDGE_COMPOSITION_ONLY,100.0,PMC9633814_CORE_FACILITY_2,0.2846627057153373,1.0
T194_OUTER_06,PMC9633814_CORE_FACILITY_3,SEQUENCE_RIDGE_COMPOSITION_ONLY,100.0,PMC9633814_CORE_FACILITY_4,0.28631894421368104,1.0
T194_OUTER_06,PMC9633814_CORE_FACILITY_3,SEQUENCE_RIDGE_COMPOSITION_ONLY,100.0,PMC9633814_CORE_FACILITY_5,0.4700919952666336,1.0
T194_OUTER_06,PMC9633814_CORE_FACILITY_3,SEQUENCE_RIDGE_COMPOSITION_ONLY,100.0,PMC9633814_CORE_FACILITY_6,0.3546606334841629,1.0
T194_OUTER_06,PMC9633814_CORE_FACILITY_3,SEQUENCE_RIDGE_COMPOSITION_ONLY,100.0,PMC9633814_CORE_FACILITY_7,0.49972850678733033,1.0
T194_OUTER_06,PMC9633814_CORE_FACILITY_3,SEQUENCE_RIDGE_COMPOSITION_ONLY,100.0,PMC9633814_CORE_FACILITY_8,0.41194331983805665,1.0
T194_OUTER_06,PMC9633814_CORE_FACILITY_3,SEQUENCE_RIDGE_COMPOSITION_ONLY,100.0,PMC9633814_CORE_FACILITY_9,0.33885017421602787,1.0
T194_OUTER_06,PMC9633814_CORE_FACILITY_3,SEQUENCE_RIDGE_COMPOSITION_ONLY,100.0,__MEAN__,0.36060373420243497,1.0
T194_OUTER_07,PMC9633814_CORE_FACILITY_4,SEQUENCE_RIDGE_FULL,0.01,PMC9633814_CORE_FACILITY_1,0.5097797724663397,0.01
T194_OUTER_07,PMC9633814_CORE_FACILITY_4,SEQUENCE_RIDGE_FULL,0.01,PMC9633814_CORE_FACILITY_10,0.3521978021978022,0.01
T194_OUTER_07,PMC9633814_CORE_FACILITY_4,SEQUENCE_RIDGE_FULL,0.01,PMC9633814_CORE_FACILITY_11,0.34949494949494947,0.01
T194_OUTER_07,PMC9633814_CORE_FACILITY_4,SEQUENCE_RIDGE_FULL,0.01,PMC9633814_CORE_FACILITY_12,0.43934426229508194,0.01
T194_OUTER_07,PMC9633814_CORE_FACILITY_4,SEQUENCE_RIDGE_FULL,0.01,PMC9633814_CORE_FACILITY_2,0.3119774961880225,0.01
T194_OUTER_07,PMC9633814_CORE_FACILITY_4,SEQUENCE_RIDGE_FULL,0.01,PMC9633814_CORE_FACILITY_3,0.537989479836353,0.01
T194_OUTER_07,PMC9633814_CORE_FACILITY_4,SEQUENCE_RIDGE_FULL,0.01,PMC9633814_CORE_FACILITY_5,0.4955529259075467,0.01
T194_OUTER_07,PMC9633814_CORE_FACILITY_4,SEQUENCE_RIDGE_FULL,0.01,PMC9633814_CORE_FACILITY_6,0.5461538461538461,0.01
T194_OUTER_07,PMC9633814_CORE_FACILITY_4,SEQUENCE_RIDGE_FULL,0.01,PMC9633814_CORE_FACILITY_7,0.5099547511312217,0.01
T194_OUTER_07,PMC9633814_CORE_FACILITY_4,SEQUENCE_RIDGE_FULL,0.01,PMC9633814_CORE_FACILITY_8,0.4380566801619433,0.01
T194_OUTER_07,PMC9633814_CORE_FACILITY_4,SEQUENCE_RIDGE_FULL,0.01,PMC9633814_CORE_FACILITY_9,0.36010452961672473,0.01
T194_OUTER_07,PMC9633814_CORE_FACILITY_4,SEQUENCE_RIDGE_FULL,0.01,__MEAN__,0.4409642268590756,0.01
T194_OUTER_07,PMC9633814_CORE_FACILITY_4,SEQUENCE_RIDGE_FULL,0.1,PMC9633814_CORE_FACILITY_1,0.5152906794697839,0.01
T194_OUTER_07,PMC9633814_CORE_FACILITY_4,SEQUENCE_RIDGE_FULL,0.1,PMC9633814_CORE_FACILITY_10,0.34633699633699633,0.01
T194_OUTER_07,PMC9633814_CORE_FACILITY_4,SEQUENCE_RIDGE_FULL,0.1,PMC9633814_CORE_FACILITY_11,0.33394320564131885,0.01
T194_OUTER_07,PMC9633814_CORE_FACILITY_4,SEQUENCE_RIDGE_FULL,0.1,PMC9633814_CORE_FACILITY_12,0.45284801333703806,0.01
T194_OUTER_07,PMC9633814_CORE_FACILITY_4,SEQUENCE_RIDGE_FULL,0.1,PMC9633814_CORE_FACILITY_2,0.2761974867238025,0.01
T194_OUTER_07,PMC9633814_CORE_FACILITY_4,SEQUENCE_RIDGE_FULL,0.1,PMC9633814_CORE_FACILITY_3,0.5337229690239625,0.01
T194_OUTER_07,PMC9633814_CORE_FACILITY_4,SEQUENCE_RIDGE_FULL,0.1,PMC9633814_CORE_FACILITY_5,0.49295720884070693,0.01
T194_OUTER_07,PMC9633814_CORE_FACILITY_4,SEQUENCE_RIDGE_FULL,0.1,PMC9633814_CORE_FACILITY_6,0.5211764705882352,0.01
T194_OUTER_07,PMC9633814_CORE_FACILITY_4,SEQUENCE_RIDGE_FULL,0.1,PMC9633814_CORE_FACILITY_7,0.5017194570135747,0.01
T194_OUTER_07,PMC9633814_CORE_FACILITY_4,SEQUENCE_RIDGE_FULL,0.1,PMC9633814_CORE_FACILITY_8,0.46923076923076923,0.01
T194_OUTER_07,PMC9633814_CORE_FACILITY_4,SEQUENCE_RIDGE_FULL,0.1,PMC9633814_CORE_FACILITY_9,0.3632404181184669,0.01
T194_OUTER_07,PMC9633814_CORE_FACILITY_4,SEQUENCE_RIDGE_FULL,0.1,__MEAN__,0.436969424938605,0.01
T194_OUTER_07,PMC9633814_CORE_FACILITY_4,SEQUENCE_RIDGE_FULL,1.0,PMC9633814_CORE_FACILITY_1,0.5131197161047907,0.01
T194_OUTER_07,PMC9633814_CORE_FACILITY_4,SEQUENCE_RIDGE_FULL,1.0,PMC9633814_CORE_FACILITY_10,0.33772893772893775,0.01
T194_OUTER_07,PMC9633814_CORE_FACILITY_4,SEQUENCE_RIDGE_FULL,1.0,PMC9633814_CORE_FACILITY_11,0.33760243948923196,0.01
T194_OUTER_07,PMC9633814_CORE_FACILITY_4,SEQUENCE_RIDGE_FULL,1.0,PMC9633814_CORE_FACILITY_12,0.4501806057238122,0.01
T194_OUTER_07,PMC9633814_CORE_FACILITY_4,SEQUENCE_RIDGE_FULL,1.0,PMC9633814_CORE_FACILITY_2,0.26026604973973394,0.01
T194_OUTER_07,PMC9633814_CORE_FACILITY_4,SEQUENCE_RIDGE_FULL,1.0,PMC9633814_CORE_FACILITY_3,0.5137931034482759,0.01
T194_OUTER_07,PMC9633814_CORE_FACILITY_4,SEQUENCE_RIDGE_FULL,1.0,PMC9633814_CORE_FACILITY_5,0.48490285147154255,0.01
T194_OUTER_07,PMC9633814_CORE_FACILITY_4,SEQUENCE_RIDGE_FULL,1.0,PMC9633814_CORE_FACILITY_6,0.4796380090497738,0.01
T194_OUTER_07,PMC9633814_CORE_FACILITY_4,SEQUENCE_RIDGE_FULL,1.0,PMC9633814_CORE_FACILITY_7,0.4895022624434389,0.01
T194_OUTER_07,PMC9633814_CORE_FACILITY_4,SEQUENCE_RIDGE_FULL,1.0,PMC9633814_CORE_FACILITY_8,0.49412955465587044,0.01
T194_OUTER_07,PMC9633814_CORE_FACILITY_4,SEQUENCE_RIDGE_FULL,1.0,PMC9633814_CORE_FACILITY_9,0.35087108013937285,0.01
T194_OUTER_07,PMC9633814_CORE_FACILITY_4,SEQUENCE_RIDGE_FULL,1.0,__MEAN__,0.4283395099995255,0.01
T194_OUTER_07,PMC9633814_CORE_FACILITY_4,SEQUENCE_RIDGE_FULL,10.0,PMC9633814_CORE_FACILITY_1,0.5077340569877883,0.01
T194_OUTER_07,PMC9633814_CORE_FACILITY_4,SEQUENCE_RIDGE_FULL,10.0,PMC9633814_CORE_FACILITY_10,0.3327380952380952,0.01
T194_OUTER_07,PMC9633814_CORE_FACILITY_4,SEQUENCE_RIDGE_FULL,10.0,PMC9633814_CORE_FACILITY_11,0.33943205641318847,0.01
T194_OUTER_07,PMC9633814_CORE_FACILITY_4,SEQUENCE_RIDGE_FULL,10.0,PMC9633814_CORE_FACILITY_12,0.44979160878021673,0.01
T194_OUTER_07,PMC9633814_CORE_FACILITY_4,SEQUENCE_RIDGE_FULL,10.0,PMC9633814_CORE_FACILITY_2,0.24835690625164308,0.01
T194_OUTER_07,PMC9633814_CORE_FACILITY_4,SEQUENCE_RIDGE_FULL,10.0,PMC9633814_CORE_FACILITY_3,0.502863822326125,0.01
T194_OUTER_07,PMC9633814_CORE_FACILITY_4,SEQUENCE_RIDGE_FULL,10.0,PMC9633814_CORE_FACILITY_5,0.4840630606558003,0.01
T194_OUTER_07,PMC9633814_CORE_FACILITY_4,SEQUENCE_RIDGE_FULL,10.0,PMC9633814_CORE_FACILITY_6,0.4752036199095023,0.01
T194_OUTER_07,PMC9633814_CORE_FACILITY_4,SEQUENCE_RIDGE_FULL,10.0,PMC9633814_CORE_FACILITY_7,0.4942081447963801,0.01
T194_OUTER_07,PMC9633814_CORE_FACILITY_4,SEQUENCE_RIDGE_FULL,10.0,PMC9633814_CORE_FACILITY_8,0.5085020242914979,0.01
T194_OUTER_07,PMC9633814_CORE_FACILITY_4,SEQUENCE_RIDGE_FULL,10.0,PMC9633814_CORE_FACILITY_9,0.3616724738675958,0.01
T194_OUTER_07,PMC9633814_CORE_FACILITY_4,SEQUENCE_RIDGE_FULL,10.0,__MEAN__,0.42768780631980313,0.01
T194_OUTER_07,PMC9633814_CORE_FACILITY_4,SEQUENCE_RIDGE_FULL,100.0,PMC9633814_CORE_FACILITY_1,0.526729986431479,0.01
T194_OUTER_07,PMC9633814_CORE_FACILITY_4,SEQUENCE_RIDGE_FULL,100.0,PMC9633814_CORE_FACILITY_10,0.3283882783882784,0.01
T194_OUTER_07,PMC9633814_CORE_FACILITY_4,SEQUENCE_RIDGE_FULL,100.0,PMC9633814_CORE_FACILITY_11,0.31747665332570996,0.01
T194_OUTER_07,PMC9633814_CORE_FACILITY_4,SEQUENCE_RIDGE_FULL,100.0,PMC9633814_CORE_FACILITY_12,0.45634898582939704,0.01
T194_OUTER_07,PMC9633814_CORE_FACILITY_4,SEQUENCE_RIDGE_FULL,100.0,PMC9633814_CORE_FACILITY_2,0.23050633576949367,0.01
T194_OUTER_07,PMC9633814_CORE_FACILITY_4,SEQUENCE_RIDGE_FULL,100.0,PMC9633814_CORE_FACILITY_3,0.4979544126241964,0.01
T194_OUTER_07,PMC9633814_CORE_FACILITY_4,SEQUENCE_RIDGE_FULL,100.0,PMC9633814_CORE_FACILITY_5,0.45722792686185443,0.01
T194_OUTER_07,PMC9633814_CORE_FACILITY_4,SEQUENCE_RIDGE_FULL,100.0,PMC9633814_CORE_FACILITY_6,0.46262443438914025,0.01
T194_OUTER_07,PMC9633814_CORE_FACILITY_4,SEQUENCE_RIDGE_FULL,100.0,PMC9633814_CORE_FACILITY_7,0.4644343891402715,0.01
T194_OUTER_07,PMC9633814_CORE_FACILITY_4,SEQUENCE_RIDGE_FULL,100.0,PMC9633814_CORE_FACILITY_8,0.4979757085020243,0.01
T194_OUTER_07,PMC9633814_CORE_FACILITY_4,SEQUENCE_RIDGE_FULL,100.0,PMC9633814_CORE_FACILITY_9,0.3524390243902439,0.01
T194_OUTER_07,PMC9633814_CORE_FACILITY_4,SEQUENCE_RIDGE_FULL,100.0,__MEAN__,0.4174641941501899,0.01
T194_OUTER_07,PMC9633814_CORE_FACILITY_4,SEQUENCE_RIDGE_COMPOSITION_ONLY,0.01,PMC9633814_CORE_FACILITY_1,0.25314685314685315,1.0
T194_OUTER_07,PMC9633814_CORE_FACILITY_4,SEQUENCE_RIDGE_COMPOSITION_ONLY,0.01,PMC9633814_CORE_FACILITY_10,0.23946886446886448,1.0
T194_OUTER_07,PMC9633814_CORE_FACILITY_4,SEQUENCE_RIDGE_COMPOSITION_ONLY,0.01,PMC9633814_CORE_FACILITY_11,0.24513055079092816,1.0
T194_OUTER_07,PMC9633814_CORE_FACILITY_4,SEQUENCE_RIDGE_COMPOSITION_ONLY,0.01,PMC9633814_CORE_FACILITY_12,0.45996110030564047,1.0
T194_OUTER_07,PMC9633814_CORE_FACILITY_4,SEQUENCE_RIDGE_COMPOSITION_ONLY,0.01,PMC9633814_CORE_FACILITY_2,0.24478153425521845,1.0
T194_OUTER_07,PMC9633814_CORE_FACILITY_4,SEQUENCE_RIDGE_COMPOSITION_ONLY,0.01,PMC9633814_CORE_FACILITY_3,0.4859731151373466,1.0
T194_OUTER_07,PMC9633814_CORE_FACILITY_4,SEQUENCE_RIDGE_COMPOSITION_ONLY,0.01,PMC9633814_CORE_FACILITY_5,0.4717715768981181,1.0
T194_OUTER_07,PMC9633814_CORE_FACILITY_4,SEQUENCE_RIDGE_COMPOSITION_ONLY,0.01,PMC9633814_CORE_FACILITY_6,0.4011764705882353,1.0
T194_OUTER_07,PMC9633814_CORE_FACILITY_4,SEQUENCE_RIDGE_COMPOSITION_ONLY,0.01,PMC9633814_CORE_FACILITY_7,0.5512217194570136,1.0
T194_OUTER_07,PMC9633814_CORE_FACILITY_4,SEQUENCE_RIDGE_COMPOSITION_ONLY,0.01,PMC9633814_CORE_FACILITY_8,0.48036437246963565,1.0
T194_OUTER_07,PMC9633814_CORE_FACILITY_4,SEQUENCE_RIDGE_COMPOSITION_ONLY,0.01,PMC9633814_CORE_FACILITY_9,0.4156794425087108,1.0
T194_OUTER_07,PMC9633814_CORE_FACILITY_4,SEQUENCE_RIDGE_COMPOSITION_ONLY,0.01,__MEAN__,0.38624323636605135,1.0
T194_OUTER_07,PMC9633814_CORE_FACILITY_4,SEQUENCE_RIDGE_COMPOSITION_ONLY,0.1,PMC9633814_CORE_FACILITY_1,0.25314685314685315,1.0
T194_OUTER_07,PMC9633814_CORE_FACILITY_4,SEQUENCE_RIDGE_COMPOSITION_ONLY,0.1,PMC9633814_CORE_FACILITY_10,0.23905677655677657,1.0
T194_OUTER_07,PMC9633814_CORE_FACILITY_4,SEQUENCE_RIDGE_COMPOSITION_ONLY,0.1,PMC9633814_CORE_FACILITY_11,0.24566418906041548,1.0
T194_OUTER_07,PMC9633814_CORE_FACILITY_4,SEQUENCE_RIDGE_COMPOSITION_ONLY,0.1,PMC9633814_CORE_FACILITY_12,0.45996110030564047,1.0
T194_OUTER_07,PMC9633814_CORE_FACILITY_4,SEQUENCE_RIDGE_COMPOSITION_ONLY,0.1,PMC9633814_CORE_FACILITY_2,0.24517587675482413,1.0
T194_OUTER_07,PMC9633814_CORE_FACILITY_4,SEQUENCE_RIDGE_COMPOSITION_ONLY,0.1,PMC9633814_CORE_FACILITY_3,0.4859731151373466,1.0
T194_OUTER_07,PMC9633814_CORE_FACILITY_4,SEQUENCE_RIDGE_COMPOSITION_ONLY,0.1,PMC9633814_CORE_FACILITY_5,0.4717715768981181,1.0
T194_OUTER_07,PMC9633814_CORE_FACILITY_4,SEQUENCE_RIDGE_COMPOSITION_ONLY,0.1,PMC9633814_CORE_FACILITY_6,0.4011764705882353,1.0
T194_OUTER_07,PMC9633814_CORE_FACILITY_4,SEQUENCE_RIDGE_COMPOSITION_ONLY,0.1,PMC9633814_CORE_FACILITY_7,0.5508597285067873,1.0
T194_OUTER_07,PMC9633814_CORE_FACILITY_4,SEQUENCE_RIDGE_COMPOSITION_ONLY,0.1,PMC9633814_CORE_FACILITY_8,0.48036437246963565,1.0
T194_OUTER_07,PMC9633814_CORE_FACILITY_4,SEQUENCE_RIDGE_COMPOSITION_ONLY,0.1,PMC9633814_CORE_FACILITY_9,0.4156794425087108,1.0
T194_OUTER_07,PMC9633814_CORE_FACILITY_4,SEQUENCE_RIDGE_COMPOSITION_ONLY,0.1,__MEAN__,0.3862572274484858,1.0
T194_OUTER_07,PMC9633814_CORE_FACILITY_4,SEQUENCE_RIDGE_COMPOSITION_ONLY,1.0,PMC9633814_CORE_FACILITY_1,0.25323035173781444,1.0
T194_OUTER_07,PMC9633814_CORE_FACILITY_4,SEQUENCE_RIDGE_COMPOSITION_ONLY,1.0,PMC9633814_CORE_FACILITY_10,0.23905677655677657,1.0
T194_OUTER_07,PMC9633814_CORE_FACILITY_4,SEQUENCE_RIDGE_COMPOSITION_ONLY,1.0,PMC9633814_CORE_FACILITY_11,0.24566418906041548,1.0
T194_OUTER_07,PMC9633814_CORE_FACILITY_4,SEQUENCE_RIDGE_COMPOSITION_ONLY,1.0,PMC9633814_CORE_FACILITY_12,0.4609613781606002,1.0
T194_OUTER_07,PMC9633814_CORE_FACILITY_4,SEQUENCE_RIDGE_COMPOSITION_ONLY,1.0,PMC9633814_CORE_FACILITY_2,0.24554392975445608,1.0
T194_OUTER_07,PMC9633814_CORE_FACILITY_4,SEQUENCE_RIDGE_COMPOSITION_ONLY,1.0,PMC9633814_CORE_FACILITY_3,0.4835768556399766,1.0
T194_OUTER_07,PMC9633814_CORE_FACILITY_4,SEQUENCE_RIDGE_COMPOSITION_ONLY,1.0,PMC9633814_CORE_FACILITY_5,0.4739473985570867,1.0
T194_OUTER_07,PMC9633814_CORE_FACILITY_4,SEQUENCE_RIDGE_COMPOSITION_ONLY,1.0,PMC9633814_CORE_FACILITY_6,0.4015384615384615,1.0
T194_OUTER_07,PMC9633814_CORE_FACILITY_4,SEQUENCE_RIDGE_COMPOSITION_ONLY,1.0,PMC9633814_CORE_FACILITY_7,0.550316742081448,1.0
T194_OUTER_07,PMC9633814_CORE_FACILITY_4,SEQUENCE_RIDGE_COMPOSITION_ONLY,1.0,PMC9633814_CORE_FACILITY_8,0.48036437246963565,1.0
T194_OUTER_07,PMC9633814_CORE_FACILITY_4,SEQUENCE_RIDGE_COMPOSITION_ONLY,1.0,PMC9633814_CORE_FACILITY_9,0.4156794425087108,1.0
T194_OUTER_07,PMC9633814_CORE_FACILITY_4,SEQUENCE_RIDGE_COMPOSITION_ONLY,1.0,__MEAN__,0.38635271800594384,1.0
T194_OUTER_07,PMC9633814_CORE_FACILITY_4,SEQUENCE_RIDGE_COMPOSITION_ONLY,10.0,PMC9633814_CORE_FACILITY_1,0.2561945517169398,1.0
T194_OUTER_07,PMC9633814_CORE_FACILITY_4,SEQUENCE_RIDGE_COMPOSITION_ONLY,10.0,PMC9633814_CORE_FACILITY_10,0.24047619047619048,1.0
T194_OUTER_07,PMC9633814_CORE_FACILITY_4,SEQUENCE_RIDGE_COMPOSITION_ONLY,10.0,PMC9633814_CORE_FACILITY_11,0.24291976367448065,1.0
T194_OUTER_07,PMC9633814_CORE_FACILITY_4,SEQUENCE_RIDGE_COMPOSITION_ONLY,10.0,PMC9633814_CORE_FACILITY_12,0.4628507918866352,1.0
T194_OUTER_07,PMC9633814_CORE_FACILITY_4,SEQUENCE_RIDGE_COMPOSITION_ONLY,10.0,PMC9633814_CORE_FACILITY_2,0.24275724275724275,1.0
T194_OUTER_07,PMC9633814_CORE_FACILITY_4,SEQUENCE_RIDGE_COMPOSITION_ONLY,10.0,PMC9633814_CORE_FACILITY_3,0.4825248392752776,1.0
T194_OUTER_07,PMC9633814_CORE_FACILITY_4,SEQUENCE_RIDGE_COMPOSITION_ONLY,10.0,PMC9633814_CORE_FACILITY_5,0.4700538229568271,1.0
T194_OUTER_07,PMC9633814_CORE_FACILITY_4,SEQUENCE_RIDGE_COMPOSITION_ONLY,10.0,PMC9633814_CORE_FACILITY_6,0.4024434389140272,1.0
T194_OUTER_07,PMC9633814_CORE_FACILITY_4,SEQUENCE_RIDGE_COMPOSITION_ONLY,10.0,PMC9633814_CORE_FACILITY_7,0.5500452488687783,1.0
T194_OUTER_07,PMC9633814_CORE_FACILITY_4,SEQUENCE_RIDGE_COMPOSITION_ONLY,10.0,PMC9633814_CORE_FACILITY_8,0.4742914979757085,1.0
T194_OUTER_07,PMC9633814_CORE_FACILITY_4,SEQUENCE_RIDGE_COMPOSITION_ONLY,10.0,PMC9633814_CORE_FACILITY_9,0.4186411149825784,1.0
T194_OUTER_07,PMC9633814_CORE_FACILITY_4,SEQUENCE_RIDGE_COMPOSITION_ONLY,10.0,__MEAN__,0.3857453184986079,1.0
T194_OUTER_07,PMC9633814_CORE_FACILITY_4,SEQUENCE_RIDGE_COMPOSITION_ONLY,100.0,PMC9633814_CORE_FACILITY_1,0.22425634067425113,1.0
T194_OUTER_07,PMC9633814_CORE_FACILITY_4,SEQUENCE_RIDGE_COMPOSITION_ONLY,100.0,PMC9633814_CORE_FACILITY_10,0.26565934065934066,1.0
T194_OUTER_07,PMC9633814_CORE_FACILITY_4,SEQUENCE_RIDGE_COMPOSITION_ONLY,100.0,PMC9633814_CORE_FACILITY_11,0.21555174385363066,1.0
T194_OUTER_07,PMC9633814_CORE_FACILITY_4,SEQUENCE_RIDGE_COMPOSITION_ONLY,100.0,PMC9633814_CORE_FACILITY_12,0.47957766046123923,1.0
T194_OUTER_07,PMC9633814_CORE_FACILITY_4,SEQUENCE_RIDGE_COMPOSITION_ONLY,100.0,PMC9633814_CORE_FACILITY_2,0.2561911772438088,1.0
T194_OUTER_07,PMC9633814_CORE_FACILITY_4,SEQUENCE_RIDGE_COMPOSITION_ONLY,100.0,PMC9633814_CORE_FACILITY_3,0.4749853886616014,1.0
T194_OUTER_07,PMC9633814_CORE_FACILITY_4,SEQUENCE_RIDGE_COMPOSITION_ONLY,100.0,PMC9633814_CORE_FACILITY_5,0.4692903767606978,1.0
T194_OUTER_07,PMC9633814_CORE_FACILITY_4,SEQUENCE_RIDGE_COMPOSITION_ONLY,100.0,PMC9633814_CORE_FACILITY_6,0.3697737556561086,1.0
T194_OUTER_07,PMC9633814_CORE_FACILITY_4,SEQUENCE_RIDGE_COMPOSITION_ONLY,100.0,PMC9633814_CORE_FACILITY_7,0.519366515837104,1.0
T194_OUTER_07,PMC9633814_CORE_FACILITY_4,SEQUENCE_RIDGE_COMPOSITION_ONLY,100.0,PMC9633814_CORE_FACILITY_8,0.49331983805668017,1.0
T194_OUTER_07,PMC9633814_CORE_FACILITY_4,SEQUENCE_RIDGE_COMPOSITION_ONLY,100.0,PMC9633814_CORE_FACILITY_9,0.40313588850174215,1.0
T194_OUTER_07,PMC9633814_CORE_FACILITY_4,SEQUENCE_RIDGE_COMPOSITION_ONLY,100.0,__MEAN__,0.37919163876056405,1.0
T194_OUTER_08,PMC9633814_CORE_FACILITY_5,SEQUENCE_RIDGE_FULL,0.01,PMC9633814_CORE_FACILITY_1,0.5916501409038722,1.0
T194_OUTER_08,PMC9633814_CORE_FACILITY_5,SEQUENCE_RIDGE_FULL,0.01,PMC9633814_CORE_FACILITY_10,0.3476190476190476,1.0
T194_OUTER_08,PMC9633814_CORE_FACILITY_5,SEQUENCE_RIDGE_FULL,0.01,PMC9633814_CORE_FACILITY_11,0.3566609491137793,1.0
T194_OUTER_08,PMC9633814_CORE_FACILITY_5,SEQUENCE_RIDGE_FULL,0.01,PMC9633814_CORE_FACILITY_12,0.381939427618783,1.0
T194_OUTER_08,PMC9633814_CORE_FACILITY_5,SEQUENCE_RIDGE_FULL,0.01,PMC9633814_CORE_FACILITY_2,0.27869498922130503,1.0
T194_OUTER_08,PMC9633814_CORE_FACILITY_5,SEQUENCE_RIDGE_FULL,0.01,PMC9633814_CORE_FACILITY_3,0.4969023962594974,1.0
T194_OUTER_08,PMC9633814_CORE_FACILITY_5,SEQUENCE_RIDGE_FULL,0.01,PMC9633814_CORE_FACILITY_4,0.3798306956201693,1.0
T194_OUTER_08,PMC9633814_CORE_FACILITY_5,SEQUENCE_RIDGE_FULL,0.01,PMC9633814_CORE_FACILITY_6,0.5263348416289593,1.0
T194_OUTER_08,PMC9633814_CORE_FACILITY_5,SEQUENCE_RIDGE_FULL,0.01,PMC9633814_CORE_FACILITY_7,0.4676923076923077,1.0
T194_OUTER_08,PMC9633814_CORE_FACILITY_5,SEQUENCE_RIDGE_FULL,0.01,PMC9633814_CORE_FACILITY_8,0.39149797570850203,1.0
T194_OUTER_08,PMC9633814_CORE_FACILITY_5,SEQUENCE_RIDGE_FULL,0.01,PMC9633814_CORE_FACILITY_9,0.3010452961672474,1.0
T194_OUTER_08,PMC9633814_CORE_FACILITY_5,SEQUENCE_RIDGE_FULL,0.01,__MEAN__,0.41089709705031546,1.0
T194_OUTER_08,PMC9633814_CORE_FACILITY_5,SEQUENCE_RIDGE_FULL,0.1,PMC9633814_CORE_FACILITY_1,0.5849702536269701,1.0
T194_OUTER_08,PMC9633814_CORE_FACILITY_5,SEQUENCE_RIDGE_FULL,0.1,PMC9633814_CORE_FACILITY_10,0.33804945054945057,1.0
T194_OUTER_08,PMC9633814_CORE_FACILITY_5,SEQUENCE_RIDGE_FULL,0.1,PMC9633814_CORE_FACILITY_11,0.3587192681532304,1.0
T194_OUTER_08,PMC9633814_CORE_FACILITY_5,SEQUENCE_RIDGE_FULL,0.1,PMC9633814_CORE_FACILITY_12,0.38605168102250625,1.0
T194_OUTER_08,PMC9633814_CORE_FACILITY_5,SEQUENCE_RIDGE_FULL,0.1,PMC9633814_CORE_FACILITY_2,0.26173826173826176,1.0
T194_OUTER_08,PMC9633814_CORE_FACILITY_5,SEQUENCE_RIDGE_FULL,0.1,PMC9633814_CORE_FACILITY_3,0.5008182349503214,1.0
T194_OUTER_08,PMC9633814_CORE_FACILITY_5,SEQUENCE_RIDGE_FULL,0.1,PMC9633814_CORE_FACILITY_4,0.39720805510279195,1.0
T194_OUTER_08,PMC9633814_CORE_FACILITY_5,SEQUENCE_RIDGE_FULL,0.1,PMC9633814_CORE_FACILITY_6,0.5224434389140271,1.0
T194_OUTER_08,PMC9633814_CORE_FACILITY_5,SEQUENCE_RIDGE_FULL,0.1,PMC9633814_CORE_FACILITY_7,0.4735746606334842,1.0
T194_OUTER_08,PMC9633814_CORE_FACILITY_5,SEQUENCE_RIDGE_FULL,0.1,PMC9633814_CORE_FACILITY_8,0.40951417004048585,1.0
T194_OUTER_08,PMC9633814_CORE_FACILITY_5,SEQUENCE_RIDGE_FULL,0.1,PMC9633814_CORE_FACILITY_9,0.2897212543554007,1.0
T194_OUTER_08,PMC9633814_CORE_FACILITY_5,SEQUENCE_RIDGE_FULL,0.1,__MEAN__,0.4111644299169937,1.0
T194_OUTER_08,PMC9633814_CORE_FACILITY_5,SEQUENCE_RIDGE_FULL,1.0,PMC9633814_CORE_FACILITY_1,0.5777058762133389,1.0
T194_OUTER_08,PMC9633814_CORE_FACILITY_5,SEQUENCE_RIDGE_FULL,1.0,PMC9633814_CORE_FACILITY_10,0.32857142857142857,1.0
T194_OUTER_08,PMC9633814_CORE_FACILITY_5,SEQUENCE_RIDGE_FULL,1.0,PMC9633814_CORE_FACILITY_11,0.3676386506575186,1.0
T194_OUTER_08,PMC9633814_CORE_FACILITY_5,SEQUENCE_RIDGE_FULL,1.0,PMC9633814_CORE_FACILITY_12,0.39044178938594054,1.0
T194_OUTER_08,PMC9633814_CORE_FACILITY_5,SEQUENCE_RIDGE_FULL,1.0,PMC9633814_CORE_FACILITY_2,0.2591356012408644,1.0
T194_OUTER_08,PMC9633814_CORE_FACILITY_5,SEQUENCE_RIDGE_FULL,1.0,PMC9633814_CORE_FACILITY_3,0.4864406779661017,1.0
T194_OUTER_08,PMC9633814_CORE_FACILITY_5,SEQUENCE_RIDGE_FULL,1.0,PMC9633814_CORE_FACILITY_4,0.3965245281034755,1.0
T194_OUTER_08,PMC9633814_CORE_FACILITY_5,SEQUENCE_RIDGE_FULL,1.0,PMC9633814_CORE_FACILITY_6,0.48262443438914027,1.0
T194_OUTER_08,PMC9633814_CORE_FACILITY_5,SEQUENCE_RIDGE_FULL,1.0,PMC9633814_CORE_FACILITY_7,0.4792760180995475,1.0
T194_OUTER_08,PMC9633814_CORE_FACILITY_5,SEQUENCE_RIDGE_FULL,1.0,PMC9633814_CORE_FACILITY_8,0.4305668016194332,1.0
T194_OUTER_08,PMC9633814_CORE_FACILITY_5,SEQUENCE_RIDGE_FULL,1.0,PMC9633814_CORE_FACILITY_9,0.32909407665505225,1.0
T194_OUTER_08,PMC9633814_CORE_FACILITY_5,SEQUENCE_RIDGE_FULL,1.0,__MEAN__,0.4116381711728947,1.0
T194_OUTER_08,PMC9633814_CORE_FACILITY_5,SEQUENCE_RIDGE_FULL,10.0,PMC9633814_CORE_FACILITY_1,0.5813798142156351,1.0
T194_OUTER_08,PMC9633814_CORE_FACILITY_5,SEQUENCE_RIDGE_FULL,10.0,PMC9633814_CORE_FACILITY_10,0.3319139194139194,1.0
T194_OUTER_08,PMC9633814_CORE_FACILITY_5,SEQUENCE_RIDGE_FULL,10.0,PMC9633814_CORE_FACILITY_11,0.3709167143129407,1.0
T194_OUTER_08,PMC9633814_CORE_FACILITY_5,SEQUENCE_RIDGE_FULL,10.0,PMC9633814_CORE_FACILITY_12,0.38821894970825227,1.0
T194_OUTER_08,PMC9633814_CORE_FACILITY_5,SEQUENCE_RIDGE_FULL,10.0,PMC9633814_CORE_FACILITY_2,0.2533519112466481,1.0
T194_OUTER_08,PMC9633814_CORE_FACILITY_5,SEQUENCE_RIDGE_FULL,10.0,PMC9633814_CORE_FACILITY_3,0.4825248392752776,1.0
T194_OUTER_08,PMC9633814_CORE_FACILITY_5,SEQUENCE_RIDGE_FULL,10.0,PMC9633814_CORE_FACILITY_4,0.39699773910300223,1.0
T194_OUTER_08,PMC9633814_CORE_FACILITY_5,SEQUENCE_RIDGE_FULL,10.0,PMC9633814_CORE_FACILITY_6,0.4800904977375566,1.0
T194_OUTER_08,PMC9633814_CORE_FACILITY_5,SEQUENCE_RIDGE_FULL,10.0,PMC9633814_CORE_FACILITY_7,0.47475113122171947,1.0
T194_OUTER_08,PMC9633814_CORE_FACILITY_5,SEQUENCE_RIDGE_FULL,10.0,PMC9633814_CORE_FACILITY_8,0.42732793522267204,1.0
T194_OUTER_08,PMC9633814_CORE_FACILITY_5,SEQUENCE_RIDGE_FULL,10.0,PMC9633814_CORE_FACILITY_9,0.31881533101045295,1.0
T194_OUTER_08,PMC9633814_CORE_FACILITY_5,SEQUENCE_RIDGE_FULL,10.0,__MEAN__,0.40966261658800696,1.0
T194_OUTER_08,PMC9633814_CORE_FACILITY_5,SEQUENCE_RIDGE_FULL,100.0,PMC9633814_CORE_FACILITY_1,0.602546707024319,1.0
T194_OUTER_08,PMC9633814_CORE_FACILITY_5,SEQUENCE_RIDGE_FULL,100.0,PMC9633814_CORE_FACILITY_10,0.34294871794871795,1.0
T194_OUTER_08,PMC9633814_CORE_FACILITY_5,SEQUENCE_RIDGE_FULL,100.0,PMC9633814_CORE_FACILITY_11,0.3472079283400038,1.0
T194_OUTER_08,PMC9633814_CORE_FACILITY_5,SEQUENCE_RIDGE_FULL,100.0,PMC9633814_CORE_FACILITY_12,0.38682967490969716,1.0
T194_OUTER_08,PMC9633814_CORE_FACILITY_5,SEQUENCE_RIDGE_FULL,100.0,PMC9633814_CORE_FACILITY_2,0.2346337872653662,1.0
T194_OUTER_08,PMC9633814_CORE_FACILITY_5,SEQUENCE_RIDGE_FULL,100.0,PMC9633814_CORE_FACILITY_3,0.4679135008766803,1.0
T194_OUTER_08,PMC9633814_CORE_FACILITY_5,SEQUENCE_RIDGE_FULL,100.0,PMC9633814_CORE_FACILITY_4,0.39497344760502656,1.0
T194_OUTER_08,PMC9633814_CORE_FACILITY_5,SEQUENCE_RIDGE_FULL,100.0,PMC9633814_CORE_FACILITY_6,0.4365610859728507,1.0
T194_OUTER_08,PMC9633814_CORE_FACILITY_5,SEQUENCE_RIDGE_FULL,100.0,PMC9633814_CORE_FACILITY_7,0.4370135746606335,1.0
T194_OUTER_08,PMC9633814_CORE_FACILITY_5,SEQUENCE_RIDGE_FULL,100.0,PMC9633814_CORE_FACILITY_8,0.4182186234817814,1.0
T194_OUTER_08,PMC9633814_CORE_FACILITY_5,SEQUENCE_RIDGE_FULL,100.0,PMC9633814_CORE_FACILITY_9,0.32195121951219513,1.0
T194_OUTER_08,PMC9633814_CORE_FACILITY_5,SEQUENCE_RIDGE_FULL,100.0,__MEAN__,0.3991634788724793,1.0
T194_OUTER_08,PMC9633814_CORE_FACILITY_5,SEQUENCE_RIDGE_COMPOSITION_ONLY,0.01,PMC9633814_CORE_FACILITY_1,0.3137668301847406,1.0
T194_OUTER_08,PMC9633814_CORE_FACILITY_5,SEQUENCE_RIDGE_COMPOSITION_ONLY,0.01,PMC9633814_CORE_FACILITY_10,0.24716117216117217,1.0
T194_OUTER_08,PMC9633814_CORE_FACILITY_5,SEQUENCE_RIDGE_COMPOSITION_ONLY,0.01,PMC9633814_CORE_FACILITY_11,0.27760625119115684,1.0
T194_OUTER_08,PMC9633814_CORE_FACILITY_5,SEQUENCE_RIDGE_COMPOSITION_ONLY,0.01,PMC9633814_CORE_FACILITY_12,0.4393998332870242,1.0
T194_OUTER_08,PMC9633814_CORE_FACILITY_5,SEQUENCE_RIDGE_COMPOSITION_ONLY,0.01,PMC9633814_CORE_FACILITY_2,0.25724275724275725,1.0
T194_OUTER_08,PMC9633814_CORE_FACILITY_5,SEQUENCE_RIDGE_COMPOSITION_ONLY,0.01,PMC9633814_CORE_FACILITY_3,0.4715955581531268,1.0
T194_OUTER_08,PMC9633814_CORE_FACILITY_5,SEQUENCE_RIDGE_COMPOSITION_ONLY,0.01,PMC9633814_CORE_FACILITY_4,0.30367001419633,1.0
T194_OUTER_08,PMC9633814_CORE_FACILITY_5,SEQUENCE_RIDGE_COMPOSITION_ONLY,0.01,PMC9633814_CORE_FACILITY_6,0.37846153846153846,1.0
T194_OUTER_08,PMC9633814_CORE_FACILITY_5,SEQUENCE_RIDGE_COMPOSITION_ONLY,0.01,PMC9633814_CORE_FACILITY_7,0.5292307692307693,1.0
T194_OUTER_08,PMC9633814_CORE_FACILITY_5,SEQUENCE_RIDGE_COMPOSITION_ONLY,0.01,PMC9633814_CORE_FACILITY_8,0.4427125506072874,1.0
T194_OUTER_08,PMC9633814_CORE_FACILITY_5,SEQUENCE_RIDGE_COMPOSITION_ONLY,0.01,PMC9633814_CORE_FACILITY_9,0.3907665505226481,1.0
T194_OUTER_08,PMC9633814_CORE_FACILITY_5,SEQUENCE_RIDGE_COMPOSITION_ONLY,0.01,__MEAN__,0.368328529567141,1.0
T194_OUTER_08,PMC9633814_CORE_FACILITY_5,SEQUENCE_RIDGE_COMPOSITION_ONLY,0.1,PMC9633814_CORE_FACILITY_1,0.3137668301847406,1.0
T194_OUTER_08,PMC9633814_CORE_FACILITY_5,SEQUENCE_RIDGE_COMPOSITION_ONLY,0.1,PMC9633814_CORE_FACILITY_10,0.24716117216117217,1.0
T194_OUTER_08,PMC9633814_CORE_FACILITY_5,SEQUENCE_RIDGE_COMPOSITION_ONLY,0.1,PMC9633814_CORE_FACILITY_11,0.27760625119115684,1.0
T194_OUTER_08,PMC9633814_CORE_FACILITY_5,SEQUENCE_RIDGE_COMPOSITION_ONLY,0.1,PMC9633814_CORE_FACILITY_12,0.4393998332870242,1.0
T194_OUTER_08,PMC9633814_CORE_FACILITY_5,SEQUENCE_RIDGE_COMPOSITION_ONLY,0.1,PMC9633814_CORE_FACILITY_2,0.25724275724275725,1.0
T194_OUTER_08,PMC9633814_CORE_FACILITY_5,SEQUENCE_RIDGE_COMPOSITION_ONLY,0.1,PMC9633814_CORE_FACILITY_3,0.4715955581531268,1.0
T194_OUTER_08,PMC9633814_CORE_FACILITY_5,SEQUENCE_RIDGE_COMPOSITION_ONLY,0.1,PMC9633814_CORE_FACILITY_4,0.30367001419633,1.0
T194_OUTER_08,PMC9633814_CORE_FACILITY_5,SEQUENCE_RIDGE_COMPOSITION_ONLY,0.1,PMC9633814_CORE_FACILITY_6,0.37846153846153846,1.0
T194_OUTER_08,PMC9633814_CORE_FACILITY_5,SEQUENCE_RIDGE_COMPOSITION_ONLY,0.1,PMC9633814_CORE_FACILITY_7,0.5292307692307693,1.0
T194_OUTER_08,PMC9633814_CORE_FACILITY_5,SEQUENCE_RIDGE_COMPOSITION_ONLY,0.1,PMC9633814_CORE_FACILITY_8,0.4427125506072874,1.0
T194_OUTER_08,PMC9633814_CORE_FACILITY_5,SEQUENCE_RIDGE_COMPOSITION_ONLY,0.1,PMC9633814_CORE_FACILITY_9,0.3907665505226481,1.0
T194_OUTER_08,PMC9633814_CORE_FACILITY_5,SEQUENCE_RIDGE_COMPOSITION_ONLY,0.1,__MEAN__,0.368328529567141,1.0
T194_OUTER_08,PMC9633814_CORE_FACILITY_5,SEQUENCE_RIDGE_COMPOSITION_ONLY,1.0,PMC9633814_CORE_FACILITY_1,0.3138085794802213,1.0
T194_OUTER_08,PMC9633814_CORE_FACILITY_5,SEQUENCE_RIDGE_COMPOSITION_ONLY,1.0,PMC9633814_CORE_FACILITY_10,0.24674908424908426,1.0
T194_OUTER_08,PMC9633814_CORE_FACILITY_5,SEQUENCE_RIDGE_COMPOSITION_ONLY,1.0,PMC9633814_CORE_FACILITY_11,0.27760625119115684,1.0
T194_OUTER_08,PMC9633814_CORE_FACILITY_5,SEQUENCE_RIDGE_COMPOSITION_ONLY,1.0,PMC9633814_CORE_FACILITY_12,0.44112253403723256,1.0
T194_OUTER_08,PMC9633814_CORE_FACILITY_5,SEQUENCE_RIDGE_COMPOSITION_ONLY,1.0,PMC9633814_CORE_FACILITY_2,0.2597402597402597,1.0
T194_OUTER_08,PMC9633814_CORE_FACILITY_5,SEQUENCE_RIDGE_COMPOSITION_ONLY,1.0,PMC9633814_CORE_FACILITY_3,0.46978375219170077,1.0
T194_OUTER_08,PMC9633814_CORE_FACILITY_5,SEQUENCE_RIDGE_COMPOSITION_ONLY,1.0,PMC9633814_CORE_FACILITY_4,0.3050107786949892,1.0
T194_OUTER_08,PMC9633814_CORE_FACILITY_5,SEQUENCE_RIDGE_COMPOSITION_ONLY,1.0,PMC9633814_CORE_FACILITY_6,0.37846153846153846,1.0
T194_OUTER_08,PMC9633814_CORE_FACILITY_5,SEQUENCE_RIDGE_COMPOSITION_ONLY,1.0,PMC9633814_CORE_FACILITY_7,0.5292307692307693,1.0
T194_OUTER_08,PMC9633814_CORE_FACILITY_5,SEQUENCE_RIDGE_COMPOSITION_ONLY,1.0,PMC9633814_CORE_FACILITY_8,0.4427125506072874,1.0
T194_OUTER_08,PMC9633814_CORE_FACILITY_5,SEQUENCE_RIDGE_COMPOSITION_ONLY,1.0,PMC9633814_CORE_FACILITY_9,0.38989547038327527,1.0
T194_OUTER_08,PMC9633814_CORE_FACILITY_5,SEQUENCE_RIDGE_COMPOSITION_ONLY,1.0,__MEAN__,0.3685565062061377,1.0
T194_OUTER_08,PMC9633814_CORE_FACILITY_5,SEQUENCE_RIDGE_COMPOSITION_ONLY,10.0,PMC9633814_CORE_FACILITY_1,0.3167727794593466,1.0
T194_OUTER_08,PMC9633814_CORE_FACILITY_5,SEQUENCE_RIDGE_COMPOSITION_ONLY,10.0,PMC9633814_CORE_FACILITY_10,0.2499084249084249,1.0
T194_OUTER_08,PMC9633814_CORE_FACILITY_5,SEQUENCE_RIDGE_COMPOSITION_ONLY,10.0,PMC9633814_CORE_FACILITY_11,0.272041166380789,1.0
T194_OUTER_08,PMC9633814_CORE_FACILITY_5,SEQUENCE_RIDGE_COMPOSITION_ONLY,10.0,PMC9633814_CORE_FACILITY_12,0.442845234787441,1.0
T194_OUTER_08,PMC9633814_CORE_FACILITY_5,SEQUENCE_RIDGE_COMPOSITION_ONLY,10.0,PMC9633814_CORE_FACILITY_2,0.2596613912403386,1.0
T194_OUTER_08,PMC9633814_CORE_FACILITY_5,SEQUENCE_RIDGE_COMPOSITION_ONLY,10.0,PMC9633814_CORE_FACILITY_3,0.46703682057276447,1.0
T194_OUTER_08,PMC9633814_CORE_FACILITY_5,SEQUENCE_RIDGE_COMPOSITION_ONLY,10.0,PMC9633814_CORE_FACILITY_4,0.298859035701141,1.0
T194_OUTER_08,PMC9633814_CORE_FACILITY_5,SEQUENCE_RIDGE_COMPOSITION_ONLY,10.0,PMC9633814_CORE_FACILITY_6,0.373393665158371,1.0
T194_OUTER_08,PMC9633814_CORE_FACILITY_5,SEQUENCE_RIDGE_COMPOSITION_ONLY,10.0,PMC9633814_CORE_FACILITY_7,0.5324886877828054,1.0
T194_OUTER_08,PMC9633814_CORE_FACILITY_5,SEQUENCE_RIDGE_COMPOSITION_ONLY,10.0,PMC9633814_CORE_FACILITY_8,0.43785425101214576,1.0
T194_OUTER_08,PMC9633814_CORE_FACILITY_5,SEQUENCE_RIDGE_COMPOSITION_ONLY,10.0,PMC9633814_CORE_FACILITY_9,0.3878048780487805,1.0
T194_OUTER_08,PMC9633814_CORE_FACILITY_5,SEQUENCE_RIDGE_COMPOSITION_ONLY,10.0,__MEAN__,0.36715148500475897,1.0
T194_OUTER_08,PMC9633814_CORE_FACILITY_5,SEQUENCE_RIDGE_COMPOSITION_ONLY,100.0,PMC9633814_CORE_FACILITY_1,0.3076296837490867,1.0
T194_OUTER_08,PMC9633814_CORE_FACILITY_5,SEQUENCE_RIDGE_COMPOSITION_ONLY,100.0,PMC9633814_CORE_FACILITY_10,0.27005494505494504,1.0
T194_OUTER_08,PMC9633814_CORE_FACILITY_5,SEQUENCE_RIDGE_COMPOSITION_ONLY,100.0,PMC9633814_CORE_FACILITY_11,0.2561844863731656,1.0
T194_OUTER_08,PMC9633814_CORE_FACILITY_5,SEQUENCE_RIDGE_COMPOSITION_ONLY,100.0,PMC9633814_CORE_FACILITY_12,0.4459016393442623,1.0
T194_OUTER_08,PMC9633814_CORE_FACILITY_5,SEQUENCE_RIDGE_COMPOSITION_ONLY,100.0,PMC9633814_CORE_FACILITY_2,0.27046637572953364,1.0
T194_OUTER_08,PMC9633814_CORE_FACILITY_5,SEQUENCE_RIDGE_COMPOSITION_ONLY,100.0,PMC9633814_CORE_FACILITY_3,0.45406195207481004,1.0
T194_OUTER_08,PMC9633814_CORE_FACILITY_5,SEQUENCE_RIDGE_COMPOSITION_ONLY,100.0,PMC9633814_CORE_FACILITY_4,0.29304905620695093,1.0
T194_OUTER_08,PMC9633814_CORE_FACILITY_5,SEQUENCE_RIDGE_COMPOSITION_ONLY,100.0,PMC9633814_CORE_FACILITY_6,0.3684162895927602,1.0
T194_OUTER_08,PMC9633814_CORE_FACILITY_5,SEQUENCE_RIDGE_COMPOSITION_ONLY,100.0,PMC9633814_CORE_FACILITY_7,0.5138461538461538,1.0
T194_OUTER_08,PMC9633814_CORE_FACILITY_5,SEQUENCE_RIDGE_COMPOSITION_ONLY,100.0,PMC9633814_CORE_FACILITY_8,0.46902834008097166,1.0
T194_OUTER_08,PMC9633814_CORE_FACILITY_5,SEQUENCE_RIDGE_COMPOSITION_ONLY,100.0,PMC9633814_CORE_FACILITY_9,0.3386759581881533,1.0
T194_OUTER_08,PMC9633814_CORE_FACILITY_5,SEQUENCE_RIDGE_COMPOSITION_ONLY,100.0,__MEAN__,0.36248317093098126,1.0
T194_OUTER_09,PMC9633814_CORE_FACILITY_6,SEQUENCE_RIDGE_FULL,0.01,PMC9633814_CORE_FACILITY_1,0.578039870577184,0.1
T194_OUTER_09,PMC9633814_CORE_FACILITY_6,SEQUENCE_RIDGE_FULL,0.01,PMC9633814_CORE_FACILITY_10,0.36405677655677654,0.1
T194_OUTER_09,PMC9633814_CORE_FACILITY_6,SEQUENCE_RIDGE_FULL,0.01,PMC9633814_CORE_FACILITY_11,0.3972174575948161,0.1
T194_OUTER_09,PMC9633814_CORE_FACILITY_6,SEQUENCE_RIDGE_FULL,0.01,PMC9633814_CORE_FACILITY_12,0.4186718532925813,0.1
T194_OUTER_09,PMC9633814_CORE_FACILITY_6,SEQUENCE_RIDGE_FULL,0.01,PMC9633814_CORE_FACILITY_2,0.3027235921972764,0.1
T194_OUTER_09,PMC9633814_CORE_FACILITY_6,SEQUENCE_RIDGE_FULL,0.01,PMC9633814_CORE_FACILITY_3,0.5106954997077733,0.1
T194_OUTER_09,PMC9633814_CORE_FACILITY_6,SEQUENCE_RIDGE_FULL,0.01,PMC9633814_CORE_FACILITY_4,0.39515747410484253,0.1
T194_OUTER_09,PMC9633814_CORE_FACILITY_6,SEQUENCE_RIDGE_FULL,0.01,PMC9633814_CORE_FACILITY_5,0.48536091918922014,0.1
T194_OUTER_09,PMC9633814_CORE_FACILITY_6,SEQUENCE_RIDGE_FULL,0.01,PMC9633814_CORE_FACILITY_7,0.49131221719457013,0.1
T194_OUTER_09,PMC9633814_CORE_FACILITY_6,SEQUENCE_RIDGE_FULL,0.01,PMC9633814_CORE_FACILITY_8,0.35789473684210527,0.1
T194_OUTER_09,PMC9633814_CORE_FACILITY_6,SEQUENCE_RIDGE_FULL,0.01,PMC9633814_CORE_FACILITY_9,0.31341463414634146,0.1
T194_OUTER_09,PMC9633814_CORE_FACILITY_6,SEQUENCE_RIDGE_FULL,0.01,__MEAN__,0.4195040937639534,0.1
T194_OUTER_09,PMC9633814_CORE_FACILITY_6,SEQUENCE_RIDGE_FULL,0.1,PMC9633814_CORE_FACILITY_1,0.5808370733743868,0.1
T194_OUTER_09,PMC9633814_CORE_FACILITY_6,SEQUENCE_RIDGE_FULL,0.1,PMC9633814_CORE_FACILITY_10,0.3554029304029304,0.1
T194_OUTER_09,PMC9633814_CORE_FACILITY_6,SEQUENCE_RIDGE_FULL,0.1,PMC9633814_CORE_FACILITY_11,0.39858967028778347,0.1
T194_OUTER_09,PMC9633814_CORE_FACILITY_6,SEQUENCE_RIDGE_FULL,0.1,PMC9633814_CORE_FACILITY_12,0.4171158655181995,0.1
T194_OUTER_09,PMC9633814_CORE_FACILITY_6,SEQUENCE_RIDGE_FULL,0.1,PMC9633814_CORE_FACILITY_2,0.29609863820390137,0.1
T194_OUTER_09,PMC9633814_CORE_FACILITY_6,SEQUENCE_RIDGE_FULL,0.1,PMC9633814_CORE_FACILITY_3,0.4862068965517241,0.1
T194_OUTER_09,PMC9633814_CORE_FACILITY_6,SEQUENCE_RIDGE_FULL,0.1,PMC9633814_CORE_FACILITY_4,0.4105631210894369,0.1
T194_OUTER_09,PMC9633814_CORE_FACILITY_6,SEQUENCE_RIDGE_FULL,0.1,PMC9633814_CORE_FACILITY_5,0.48681146696186584,0.1
T194_OUTER_09,PMC9633814_CORE_FACILITY_6,SEQUENCE_RIDGE_FULL,0.1,PMC9633814_CORE_FACILITY_7,0.5003619909502263,0.1
T194_OUTER_09,PMC9633814_CORE_FACILITY_6,SEQUENCE_RIDGE_FULL,0.1,PMC9633814_CORE_FACILITY_8,0.4131578947368421,0.1
T194_OUTER_09,PMC9633814_CORE_FACILITY_6,SEQUENCE_RIDGE_FULL,0.1,PMC9633814_CORE_FACILITY_9,0.285191637630662,0.1
T194_OUTER_09,PMC9633814_CORE_FACILITY_6,SEQUENCE_RIDGE_FULL,0.1,__MEAN__,0.420939744155269,0.1
T194_OUTER_09,PMC9633814_CORE_FACILITY_6,SEQUENCE_RIDGE_FULL,1.0,PMC9633814_CORE_FACILITY_1,0.5717774762550882,0.1
T194_OUTER_09,PMC9633814_CORE_FACILITY_6,SEQUENCE_RIDGE_FULL,1.0,PMC9633814_CORE_FACILITY_10,0.3532967032967033,0.1
T194_OUTER_09,PMC9633814_CORE_FACILITY_6,SEQUENCE_RIDGE_FULL,1.0,PMC9633814_CORE_FACILITY_11,0.406441776253097,0.1
T194_OUTER_09,PMC9633814_CORE_FACILITY_6,SEQUENCE_RIDGE_FULL,1.0,PMC9633814_CORE_FACILITY_12,0.4144484579049736,0.1
T194_OUTER_09,PMC9633814_CORE_FACILITY_6,SEQUENCE_RIDGE_FULL,1.0,PMC9633814_CORE_FACILITY_2,0.2759608812240391,0.1
T194_OUTER_09,PMC9633814_CORE_FACILITY_6,SEQUENCE_RIDGE_FULL,1.0,PMC9633814_CORE_FACILITY_3,0.46978375219170077,0.1
T194_OUTER_09,PMC9633814_CORE_FACILITY_6,SEQUENCE_RIDGE_FULL,1.0,PMC9633814_CORE_FACILITY_4,0.4150586255849414,0.1
T194_OUTER_09,PMC9633814_CORE_FACILITY_6,SEQUENCE_RIDGE_FULL,1.0,PMC9633814_CORE_FACILITY_5,0.47058823529411764,0.1
T194_OUTER_09,PMC9633814_CORE_FACILITY_6,SEQUENCE_RIDGE_FULL,1.0,PMC9633814_CORE_FACILITY_7,0.4845248868778281,0.1
T194_OUTER_09,PMC9633814_CORE_FACILITY_6,SEQUENCE_RIDGE_FULL,1.0,PMC9633814_CORE_FACILITY_8,0.43724696356275305,0.1
T194_OUTER_09,PMC9633814_CORE_FACILITY_6,SEQUENCE_RIDGE_FULL,1.0,PMC9633814_CORE_FACILITY_9,0.28153310104529616,0.1
T194_OUTER_09,PMC9633814_CORE_FACILITY_6,SEQUENCE_RIDGE_FULL,1.0,__MEAN__,0.41642371449913984,0.1
T194_OUTER_09,PMC9633814_CORE_FACILITY_6,SEQUENCE_RIDGE_FULL,10.0,PMC9633814_CORE_FACILITY_1,0.5762029015760359,0.1
T194_OUTER_09,PMC9633814_CORE_FACILITY_6,SEQUENCE_RIDGE_FULL,10.0,PMC9633814_CORE_FACILITY_10,0.35283882783882786,0.1
T194_OUTER_09,PMC9633814_CORE_FACILITY_6,SEQUENCE_RIDGE_FULL,10.0,PMC9633814_CORE_FACILITY_11,0.4028587764436821,0.1
T194_OUTER_09,PMC9633814_CORE_FACILITY_6,SEQUENCE_RIDGE_FULL,10.0,PMC9633814_CORE_FACILITY_12,0.4067796610169492,0.1
T194_OUTER_09,PMC9633814_CORE_FACILITY_6,SEQUENCE_RIDGE_FULL,10.0,PMC9633814_CORE_FACILITY_2,0.2715968242284032,0.1
T194_OUTER_09,PMC9633814_CORE_FACILITY_6,SEQUENCE_RIDGE_FULL,10.0,PMC9633814_CORE_FACILITY_3,0.457510227936879,0.1
T194_OUTER_09,PMC9633814_CORE_FACILITY_6,SEQUENCE_RIDGE_FULL,10.0,PMC9633814_CORE_FACILITY_4,0.41900205058099793,0.1
T194_OUTER_09,PMC9633814_CORE_FACILITY_6,SEQUENCE_RIDGE_FULL,10.0,PMC9633814_CORE_FACILITY_5,0.47455815551399017,0.1
T194_OUTER_09,PMC9633814_CORE_FACILITY_6,SEQUENCE_RIDGE_FULL,10.0,PMC9633814_CORE_FACILITY_7,0.48036199095022625,0.1
T194_OUTER_09,PMC9633814_CORE_FACILITY_6,SEQUENCE_RIDGE_FULL,10.0,PMC9633814_CORE_FACILITY_8,0.44635627530364375,0.1
T194_OUTER_09,PMC9633814_CORE_FACILITY_6,SEQUENCE_RIDGE_FULL,10.0,PMC9633814_CORE_FACILITY_9,0.2780487804878049,0.1
T194_OUTER_09,PMC9633814_CORE_FACILITY_6,SEQUENCE_RIDGE_FULL,10.0,__MEAN__,0.4151013156252219,0.1
T194_OUTER_09,PMC9633814_CORE_FACILITY_6,SEQUENCE_RIDGE_FULL,100.0,PMC9633814_CORE_FACILITY_1,0.5982047802943325,0.1
T194_OUTER_09,PMC9633814_CORE_FACILITY_6,SEQUENCE_RIDGE_FULL,100.0,PMC9633814_CORE_FACILITY_10,0.35059523809523807,0.1
T194_OUTER_09,PMC9633814_CORE_FACILITY_6,SEQUENCE_RIDGE_FULL,100.0,PMC9633814_CORE_FACILITY_11,0.38021726700971986,0.1
T194_OUTER_09,PMC9633814_CORE_FACILITY_6,SEQUENCE_RIDGE_FULL,100.0,PMC9633814_CORE_FACILITY_12,0.41994998610725204,0.1
T194_OUTER_09,PMC9633814_CORE_FACILITY_6,SEQUENCE_RIDGE_FULL,100.0,PMC9633814_CORE_FACILITY_2,0.24790998475209003,0.1
T194_OUTER_09,PMC9633814_CORE_FACILITY_6,SEQUENCE_RIDGE_FULL,100.0,PMC9633814_CORE_FACILITY_3,0.44196376388077147,0.1
T194_OUTER_09,PMC9633814_CORE_FACILITY_6,SEQUENCE_RIDGE_FULL,100.0,PMC9633814_CORE_FACILITY_4,0.41122035858877964,0.1
T194_OUTER_09,PMC9633814_CORE_FACILITY_6,SEQUENCE_RIDGE_FULL,100.0,PMC9633814_CORE_FACILITY_5,0.44592892315914034,0.1
T194_OUTER_09,PMC9633814_CORE_FACILITY_6,SEQUENCE_RIDGE_FULL,100.0,PMC9633814_CORE_FACILITY_7,0.44552036199095024,0.1
T194_OUTER_09,PMC9633814_CORE_FACILITY_6,SEQUENCE_RIDGE_FULL,100.0,PMC9633814_CORE_FACILITY_8,0.44696356275303645,0.1
T194_OUTER_09,PMC9633814_CORE_FACILITY_6,SEQUENCE_RIDGE_FULL,100.0,PMC9633814_CORE_FACILITY_9,0.278397212543554,0.1
T194_OUTER_09,PMC9633814_CORE_FACILITY_6,SEQUENCE_RIDGE_FULL,100.0,__MEAN__,0.4060792217431695,0.1
T194_OUTER_09,PMC9633814_CORE_FACILITY_6,SEQUENCE_RIDGE_COMPOSITION_ONLY,0.01,PMC9633814_CORE_FACILITY_1,0.3081306752948544,0.01
T194_OUTER_09,PMC9633814_CORE_FACILITY_6,SEQUENCE_RIDGE_COMPOSITION_ONLY,0.01,PMC9633814_CORE_FACILITY_10,0.26213369963369965,0.01
T194_OUTER_09,PMC9633814_CORE_FACILITY_6,SEQUENCE_RIDGE_COMPOSITION_ONLY,0.01,PMC9633814_CORE_FACILITY_11,0.2866018677339432,0.01
T194_OUTER_09,PMC9633814_CORE_FACILITY_6,SEQUENCE_RIDGE_COMPOSITION_ONLY,0.01,PMC9633814_CORE_FACILITY_12,0.43995554320644625,0.01
T194_OUTER_09,PMC9633814_CORE_FACILITY_6,SEQUENCE_RIDGE_COMPOSITION_ONLY,0.01,PMC9633814_CORE_FACILITY_2,0.2644723697355276,0.01
T194_OUTER_09,PMC9633814_CORE_FACILITY_6,SEQUENCE_RIDGE_COMPOSITION_ONLY,0.01,PMC9633814_CORE_FACILITY_3,0.455406195207481,0.01
T194_OUTER_09,PMC9633814_CORE_FACILITY_6,SEQUENCE_RIDGE_COMPOSITION_ONLY,0.01,PMC9633814_CORE_FACILITY_4,0.3049319101950681,0.01
T194_OUTER_09,PMC9633814_CORE_FACILITY_6,SEQUENCE_RIDGE_COMPOSITION_ONLY,0.01,PMC9633814_CORE_FACILITY_5,0.46379356414856665,0.01
T194_OUTER_09,PMC9633814_CORE_FACILITY_6,SEQUENCE_RIDGE_COMPOSITION_ONLY,0.01,PMC9633814_CORE_FACILITY_7,0.5305882352941177,0.01
T194_OUTER_09,PMC9633814_CORE_FACILITY_6,SEQUENCE_RIDGE_COMPOSITION_ONLY,0.01,PMC9633814_CORE_FACILITY_8,0.4402834008097166,0.01
T194_OUTER_09,PMC9633814_CORE_FACILITY_6,SEQUENCE_RIDGE_COMPOSITION_ONLY,0.01,PMC9633814_CORE_FACILITY_9,0.3494773519163763,0.01
T194_OUTER_09,PMC9633814_CORE_FACILITY_6,SEQUENCE_RIDGE_COMPOSITION_ONLY,0.01,__MEAN__,0.37325225574325427,0.01
T194_OUTER_09,PMC9633814_CORE_FACILITY_6,SEQUENCE_RIDGE_COMPOSITION_ONLY,0.1,PMC9633814_CORE_FACILITY_1,0.3081306752948544,0.01
T194_OUTER_09,PMC9633814_CORE_FACILITY_6,SEQUENCE_RIDGE_COMPOSITION_ONLY,0.1,PMC9633814_CORE_FACILITY_10,0.26213369963369965,0.01
T194_OUTER_09,PMC9633814_CORE_FACILITY_6,SEQUENCE_RIDGE_COMPOSITION_ONLY,0.1,PMC9633814_CORE_FACILITY_11,0.2866018677339432,0.01
T194_OUTER_09,PMC9633814_CORE_FACILITY_6,SEQUENCE_RIDGE_COMPOSITION_ONLY,0.1,PMC9633814_CORE_FACILITY_12,0.43928869130313974,0.01
T194_OUTER_09,PMC9633814_CORE_FACILITY_6,SEQUENCE_RIDGE_COMPOSITION_ONLY,0.1,PMC9633814_CORE_FACILITY_2,0.2644723697355276,0.01
T194_OUTER_09,PMC9633814_CORE_FACILITY_6,SEQUENCE_RIDGE_COMPOSITION_ONLY,0.1,PMC9633814_CORE_FACILITY_3,0.455406195207481,0.01
T194_OUTER_09,PMC9633814_CORE_FACILITY_6,SEQUENCE_RIDGE_COMPOSITION_ONLY,0.1,PMC9633814_CORE_FACILITY_4,0.3049319101950681,0.01
T194_OUTER_09,PMC9633814_CORE_FACILITY_6,SEQUENCE_RIDGE_COMPOSITION_ONLY,0.1,PMC9633814_CORE_FACILITY_5,0.46379356414856665,0.01
T194_OUTER_09,PMC9633814_CORE_FACILITY_6,SEQUENCE_RIDGE_COMPOSITION_ONLY,0.1,PMC9633814_CORE_FACILITY_7,0.5305882352941177,0.01
T194_OUTER_09,PMC9633814_CORE_FACILITY_6,SEQUENCE_RIDGE_COMPOSITION_ONLY,0.1,PMC9633814_CORE_FACILITY_8,0.4402834008097166,0.01
T194_OUTER_09,PMC9633814_CORE_FACILITY_6,SEQUENCE_RIDGE_COMPOSITION_ONLY,0.1,PMC9633814_CORE_FACILITY_9,0.3494773519163763,0.01
T194_OUTER_09,PMC9633814_CORE_FACILITY_6,SEQUENCE_RIDGE_COMPOSITION_ONLY,0.1,__MEAN__,0.37319163284295376,0.01
T194_OUTER_09,PMC9633814_CORE_FACILITY_6,SEQUENCE_RIDGE_COMPOSITION_ONLY,1.0,PMC9633814_CORE_FACILITY_1,0.3074626865671642,0.01
T194_OUTER_09,PMC9633814_CORE_FACILITY_6,SEQUENCE_RIDGE_COMPOSITION_ONLY,1.0,PMC9633814_CORE_FACILITY_10,0.26245421245421247,0.01
T194_OUTER_09,PMC9633814_CORE_FACILITY_6,SEQUENCE_RIDGE_COMPOSITION_ONLY,1.0,PMC9633814_CORE_FACILITY_11,0.2866018677339432,0.01
T194_OUTER_09,PMC9633814_CORE_FACILITY_6,SEQUENCE_RIDGE_COMPOSITION_ONLY,1.0,PMC9633814_CORE_FACILITY_12,0.44101139205334816,0.01
T194_OUTER_09,PMC9633814_CORE_FACILITY_6,SEQUENCE_RIDGE_COMPOSITION_ONLY,1.0,PMC9633814_CORE_FACILITY_2,0.2641043167358957,0.01
T194_OUTER_09,PMC9633814_CORE_FACILITY_6,SEQUENCE_RIDGE_COMPOSITION_ONLY,1.0,PMC9633814_CORE_FACILITY_3,0.455406195207481,0.01
T194_OUTER_09,PMC9633814_CORE_FACILITY_6,SEQUENCE_RIDGE_COMPOSITION_ONLY,1.0,PMC9633814_CORE_FACILITY_4,0.30506335769493664,0.01
T194_OUTER_09,PMC9633814_CORE_FACILITY_6,SEQUENCE_RIDGE_COMPOSITION_ONLY,1.0,PMC9633814_CORE_FACILITY_5,0.46379356414856665,0.01
T194_OUTER_09,PMC9633814_CORE_FACILITY_6,SEQUENCE_RIDGE_COMPOSITION_ONLY,1.0,PMC9633814_CORE_FACILITY_7,0.5313122171945701,0.01
T194_OUTER_09,PMC9633814_CORE_FACILITY_6,SEQUENCE_RIDGE_COMPOSITION_ONLY,1.0,PMC9633814_CORE_FACILITY_8,0.4368421052631579,0.01
T194_OUTER_09,PMC9633814_CORE_FACILITY_6,SEQUENCE_RIDGE_COMPOSITION_ONLY,1.0,PMC9633814_CORE_FACILITY_9,0.3494773519163763,0.01
T194_OUTER_09,PMC9633814_CORE_FACILITY_6,SEQUENCE_RIDGE_COMPOSITION_ONLY,1.0,__MEAN__,0.37304811517905934,0.01
T194_OUTER_09,PMC9633814_CORE_FACILITY_6,SEQUENCE_RIDGE_COMPOSITION_ONLY,10.0,PMC9633814_CORE_FACILITY_1,0.301242041540549,0.01
T194_OUTER_09,PMC9633814_CORE_FACILITY_6,SEQUENCE_RIDGE_COMPOSITION_ONLY,10.0,PMC9633814_CORE_FACILITY_10,0.26945970695970695,0.01
T194_OUTER_09,PMC9633814_CORE_FACILITY_6,SEQUENCE_RIDGE_COMPOSITION_ONLY,10.0,PMC9633814_CORE_FACILITY_11,0.2866018677339432,0.01
T194_OUTER_09,PMC9633814_CORE_FACILITY_6,SEQUENCE_RIDGE_COMPOSITION_ONLY,10.0,PMC9633814_CORE_FACILITY_12,0.44451236454570714,0.01
T194_OUTER_09,PMC9633814_CORE_FACILITY_6,SEQUENCE_RIDGE_COMPOSITION_ONLY,10.0,PMC9633814_CORE_FACILITY_2,0.26000315473999686,0.01
T194_OUTER_09,PMC9633814_CORE_FACILITY_6,SEQUENCE_RIDGE_COMPOSITION_ONLY,10.0,PMC9633814_CORE_FACILITY_3,0.45359438924605494,0.01
T194_OUTER_09,PMC9633814_CORE_FACILITY_6,SEQUENCE_RIDGE_COMPOSITION_ONLY,10.0,PMC9633814_CORE_FACILITY_4,0.30853357169146645,0.01
T194_OUTER_09,PMC9633814_CORE_FACILITY_6,SEQUENCE_RIDGE_COMPOSITION_ONLY,10.0,PMC9633814_CORE_FACILITY_5,0.461121502462114,0.01
T194_OUTER_09,PMC9633814_CORE_FACILITY_6,SEQUENCE_RIDGE_COMPOSITION_ONLY,10.0,PMC9633814_CORE_FACILITY_7,0.5298642533936652,0.01
T194_OUTER_09,PMC9633814_CORE_FACILITY_6,SEQUENCE_RIDGE_COMPOSITION_ONLY,10.0,PMC9633814_CORE_FACILITY_8,0.4348178137651822,0.01
T194_OUTER_09,PMC9633814_CORE_FACILITY_6,SEQUENCE_RIDGE_COMPOSITION_ONLY,10.0,PMC9633814_CORE_FACILITY_9,0.34198606271777005,0.01
T194_OUTER_09,PMC9633814_CORE_FACILITY_6,SEQUENCE_RIDGE_COMPOSITION_ONLY,10.0,__MEAN__,0.371976066254196,0.01
T194_OUTER_09,PMC9633814_CORE_FACILITY_6,SEQUENCE_RIDGE_COMPOSITION_ONLY,100.0,PMC9633814_CORE_FACILITY_1,0.28604529798559647,0.01
T194_OUTER_09,PMC9633814_CORE_FACILITY_6,SEQUENCE_RIDGE_COMPOSITION_ONLY,100.0,PMC9633814_CORE_FACILITY_10,0.28960622710622713,0.01
T194_OUTER_09,PMC9633814_CORE_FACILITY_6,SEQUENCE_RIDGE_COMPOSITION_ONLY,100.0,PMC9633814_CORE_FACILITY_11,0.26091099676005336,0.01
T194_OUTER_09,PMC9633814_CORE_FACILITY_6,SEQUENCE_RIDGE_COMPOSITION_ONLY,100.0,PMC9633814_CORE_FACILITY_12,0.45006946373992773,0.01
T194_OUTER_09,PMC9633814_CORE_FACILITY_6,SEQUENCE_RIDGE_COMPOSITION_ONLY,100.0,PMC9633814_CORE_FACILITY_2,0.27861612072138386,0.01
T194_OUTER_09,PMC9633814_CORE_FACILITY_6,SEQUENCE_RIDGE_COMPOSITION_ONLY,100.0,PMC9633814_CORE_FACILITY_3,0.4390999415546464,0.01
T194_OUTER_09,PMC9633814_CORE_FACILITY_6,SEQUENCE_RIDGE_COMPOSITION_ONLY,100.0,PMC9633814_CORE_FACILITY_4,0.30737683369262314,0.01
T194_OUTER_09,PMC9633814_CORE_FACILITY_6,SEQUENCE_RIDGE_COMPOSITION_ONLY,100.0,PMC9633814_CORE_FACILITY_5,0.467916173607665,0.01
T194_OUTER_09,PMC9633814_CORE_FACILITY_6,SEQUENCE_RIDGE_COMPOSITION_ONLY,100.0,PMC9633814_CORE_FACILITY_7,0.49149321266968327,0.01
T194_OUTER_09,PMC9633814_CORE_FACILITY_6,SEQUENCE_RIDGE_COMPOSITION_ONLY,100.0,PMC9633814_CORE_FACILITY_8,0.4548582995951417,0.01
T194_OUTER_09,PMC9633814_CORE_FACILITY_6,SEQUENCE_RIDGE_COMPOSITION_ONLY,100.0,PMC9633814_CORE_FACILITY_9,0.31986062717770036,0.01
T194_OUTER_09,PMC9633814_CORE_FACILITY_6,SEQUENCE_RIDGE_COMPOSITION_ONLY,100.0,__MEAN__,0.36780483587369533,0.01
T194_OUTER_10,PMC9633814_CORE_FACILITY_7,SEQUENCE_RIDGE_FULL,0.01,PMC9633814_CORE_FACILITY_1,0.6006679887276902,0.1
T194_OUTER_10,PMC9633814_CORE_FACILITY_7,SEQUENCE_RIDGE_FULL,0.01,PMC9633814_CORE_FACILITY_10,0.363003663003663,0.1
T194_OUTER_10,PMC9633814_CORE_FACILITY_7,SEQUENCE_RIDGE_FULL,0.01,PMC9633814_CORE_FACILITY_11,0.37579569277682484,0.1
T194_OUTER_10,PMC9633814_CORE_FACILITY_7,SEQUENCE_RIDGE_FULL,0.01,PMC9633814_CORE_FACILITY_12,0.41994998610725204,0.1
T194_OUTER_10,PMC9633814_CORE_FACILITY_7,SEQUENCE_RIDGE_FULL,0.01,PMC9633814_CORE_FACILITY_2,0.31484305168515697,0.1
T194_OUTER_10,PMC9633814_CORE_FACILITY_7,SEQUENCE_RIDGE_FULL,0.01,PMC9633814_CORE_FACILITY_3,0.5157218001168907,0.1
T194_OUTER_10,PMC9633814_CORE_FACILITY_7,SEQUENCE_RIDGE_FULL,0.01,PMC9633814_CORE_FACILITY_4,0.3955781061044219,0.1
T194_OUTER_10,PMC9633814_CORE_FACILITY_7,SEQUENCE_RIDGE_FULL,0.01,PMC9633814_CORE_FACILITY_5,0.4741764324159255,0.1
T194_OUTER_10,PMC9633814_CORE_FACILITY_7,SEQUENCE_RIDGE_FULL,0.01,PMC9633814_CORE_FACILITY_6,0.5410859728506787,0.1
T194_OUTER_10,PMC9633814_CORE_FACILITY_7,SEQUENCE_RIDGE_FULL,0.01,PMC9633814_CORE_FACILITY_8,0.4216599190283401,0.1
T194_OUTER_10,PMC9633814_CORE_FACILITY_7,SEQUENCE_RIDGE_FULL,0.01,PMC9633814_CORE_FACILITY_9,0.3054006968641115,0.1
T194_OUTER_10,PMC9633814_CORE_FACILITY_7,SEQUENCE_RIDGE_FULL,0.01,__MEAN__,0.4298075736073597,0.1
T194_OUTER_10,PMC9633814_CORE_FACILITY_7,SEQUENCE_RIDGE_FULL,0.1,PMC9633814_CORE_FACILITY_1,0.6044254253209477,0.1
T194_OUTER_10,PMC9633814_CORE_FACILITY_7,SEQUENCE_RIDGE_FULL,0.1,PMC9633814_CORE_FACILITY_10,0.35934065934065934,0.1
T194_OUTER_10,PMC9633814_CORE_FACILITY_7,SEQUENCE_RIDGE_FULL,0.1,PMC9633814_CORE_FACILITY_11,0.391957308938441,0.1
T194_OUTER_10,PMC9633814_CORE_FACILITY_7,SEQUENCE_RIDGE_FULL,0.1,PMC9633814_CORE_FACILITY_12,0.41917199222006113,0.1
T194_OUTER_10,PMC9633814_CORE_FACILITY_7,SEQUENCE_RIDGE_FULL,0.1,PMC9633814_CORE_FACILITY_2,0.2898943162101057,0.1
T194_OUTER_10,PMC9633814_CORE_FACILITY_7,SEQUENCE_RIDGE_FULL,0.1,PMC9633814_CORE_FACILITY_3,0.5043249561659848,0.1
T194_OUTER_10,PMC9633814_CORE_FACILITY_7,SEQUENCE_RIDGE_FULL,0.1,PMC9633814_CORE_FACILITY_4,0.40472685209527315,0.1
T194_OUTER_10,PMC9633814_CORE_FACILITY_7,SEQUENCE_RIDGE_FULL,0.1,PMC9633814_CORE_FACILITY_5,0.46390808107798603,0.1
T194_OUTER_10,PMC9633814_CORE_FACILITY_7,SEQUENCE_RIDGE_FULL,0.1,PMC9633814_CORE_FACILITY_6,0.5351131221719457,0.1
T194_OUTER_10,PMC9633814_CORE_FACILITY_7,SEQUENCE_RIDGE_FULL,0.1,PMC9633814_CORE_FACILITY_8,0.4437246963562753,0.1
T194_OUTER_10,PMC9633814_CORE_FACILITY_7,SEQUENCE_RIDGE_FULL,0.1,PMC9633814_CORE_FACILITY_9,0.3289198606271777,0.1
T194_OUTER_10,PMC9633814_CORE_FACILITY_7,SEQUENCE_RIDGE_FULL,0.1,__MEAN__,0.43140975186589614,0.1
T194_OUTER_10,PMC9633814_CORE_FACILITY_7,SEQUENCE_RIDGE_FULL,1.0,PMC9633814_CORE_FACILITY_1,0.5884771944473437,0.1
T194_OUTER_10,PMC9633814_CORE_FACILITY_7,SEQUENCE_RIDGE_FULL,1.0,PMC9633814_CORE_FACILITY_10,0.34684065934065933,0.1
T194_OUTER_10,PMC9633814_CORE_FACILITY_7,SEQUENCE_RIDGE_FULL,1.0,PMC9633814_CORE_FACILITY_11,0.3850200114351058,0.1
T194_OUTER_10,PMC9633814_CORE_FACILITY_7,SEQUENCE_RIDGE_FULL,1.0,PMC9633814_CORE_FACILITY_12,0.42734092803556545,0.1
T194_OUTER_10,PMC9633814_CORE_FACILITY_7,SEQUENCE_RIDGE_FULL,1.0,PMC9633814_CORE_FACILITY_2,0.2809295967190704,0.1
T194_OUTER_10,PMC9633814_CORE_FACILITY_7,SEQUENCE_RIDGE_FULL,1.0,PMC9633814_CORE_FACILITY_3,0.49859731151373465,0.1
T194_OUTER_10,PMC9633814_CORE_FACILITY_7,SEQUENCE_RIDGE_FULL,1.0,PMC9633814_CORE_FACILITY_4,0.40672485409327513,0.1
T194_OUTER_10,PMC9633814_CORE_FACILITY_7,SEQUENCE_RIDGE_FULL,1.0,PMC9633814_CORE_FACILITY_5,0.4707409245333435,0.1
T194_OUTER_10,PMC9633814_CORE_FACILITY_7,SEQUENCE_RIDGE_FULL,1.0,PMC9633814_CORE_FACILITY_6,0.4970135746606335,0.1
T194_OUTER_10,PMC9633814_CORE_FACILITY_7,SEQUENCE_RIDGE_FULL,1.0,PMC9633814_CORE_FACILITY_8,0.4451417004048583,0.1
T194_OUTER_10,PMC9633814_CORE_FACILITY_7,SEQUENCE_RIDGE_FULL,1.0,PMC9633814_CORE_FACILITY_9,0.3127177700348432,0.1
T194_OUTER_10,PMC9633814_CORE_FACILITY_7,SEQUENCE_RIDGE_FULL,1.0,__MEAN__,0.42359495683803944,0.1
T194_OUTER_10,PMC9633814_CORE_FACILITY_7,SEQUENCE_RIDGE_FULL,10.0,PMC9633814_CORE_FACILITY_1,0.5943638451101138,0.1
T194_OUTER_10,PMC9633814_CORE_FACILITY_7,SEQUENCE_RIDGE_FULL,10.0,PMC9633814_CORE_FACILITY_10,0.34757326007326006,0.1
T194_OUTER_10,PMC9633814_CORE_FACILITY_7,SEQUENCE_RIDGE_FULL,10.0,PMC9633814_CORE_FACILITY_11,0.3826567562416619,0.1
T194_OUTER_10,PMC9633814_CORE_FACILITY_7,SEQUENCE_RIDGE_FULL,10.0,PMC9633814_CORE_FACILITY_12,0.4332870241733815,0.1
T194_OUTER_10,PMC9633814_CORE_FACILITY_7,SEQUENCE_RIDGE_FULL,10.0,PMC9633814_CORE_FACILITY_2,0.2824543877175456,0.1
T194_OUTER_10,PMC9633814_CORE_FACILITY_7,SEQUENCE_RIDGE_FULL,10.0,PMC9633814_CORE_FACILITY_3,0.4979544126241964,0.1
T194_OUTER_10,PMC9633814_CORE_FACILITY_7,SEQUENCE_RIDGE_FULL,10.0,PMC9633814_CORE_FACILITY_4,0.4101161995898838,0.1
T194_OUTER_10,PMC9633814_CORE_FACILITY_7,SEQUENCE_RIDGE_FULL,10.0,PMC9633814_CORE_FACILITY_5,0.4700919952666336,0.1
T194_OUTER_10,PMC9633814_CORE_FACILITY_7,SEQUENCE_RIDGE_FULL,10.0,PMC9633814_CORE_FACILITY_6,0.48343891402714934,0.1
T194_OUTER_10,PMC9633814_CORE_FACILITY_7,SEQUENCE_RIDGE_FULL,10.0,PMC9633814_CORE_FACILITY_8,0.44291497975708505,0.1
T194_OUTER_10,PMC9633814_CORE_FACILITY_7,SEQUENCE_RIDGE_FULL,10.0,PMC9633814_CORE_FACILITY_9,0.3167247386759582,0.1
T194_OUTER_10,PMC9633814_CORE_FACILITY_7,SEQUENCE_RIDGE_FULL,10.0,__MEAN__,0.42377968302335184,0.1
T194_OUTER_10,PMC9633814_CORE_FACILITY_7,SEQUENCE_RIDGE_FULL,100.0,PMC9633814_CORE_FACILITY_1,0.6144870055317817,0.1
T194_OUTER_10,PMC9633814_CORE_FACILITY_7,SEQUENCE_RIDGE_FULL,100.0,PMC9633814_CORE_FACILITY_10,0.35128205128205126,0.1
T194_OUTER_10,PMC9633814_CORE_FACILITY_7,SEQUENCE_RIDGE_FULL,100.0,PMC9633814_CORE_FACILITY_11,0.3709167143129407,0.1
T194_OUTER_10,PMC9633814_CORE_FACILITY_7,SEQUENCE_RIDGE_FULL,100.0,PMC9633814_CORE_FACILITY_12,0.43045290358432897,0.1
T194_OUTER_10,PMC9633814_CORE_FACILITY_7,SEQUENCE_RIDGE_FULL,100.0,PMC9633814_CORE_FACILITY_2,0.2604500762395499,0.1
T194_OUTER_10,PMC9633814_CORE_FACILITY_7,SEQUENCE_RIDGE_FULL,100.0,PMC9633814_CORE_FACILITY_3,0.47042665108123904,0.1
T194_OUTER_10,PMC9633814_CORE_FACILITY_7,SEQUENCE_RIDGE_FULL,100.0,PMC9633814_CORE_FACILITY_4,0.4053052210946948,0.1
T194_OUTER_10,PMC9633814_CORE_FACILITY_7,SEQUENCE_RIDGE_FULL,100.0,PMC9633814_CORE_FACILITY_5,0.44104286750391264,0.1
T194_OUTER_10,PMC9633814_CORE_FACILITY_7,SEQUENCE_RIDGE_FULL,100.0,PMC9633814_CORE_FACILITY_6,0.4648868778280543,0.1
T194_OUTER_10,PMC9633814_CORE_FACILITY_7,SEQUENCE_RIDGE_FULL,100.0,PMC9633814_CORE_FACILITY_8,0.4279352226720648,0.1
T194_OUTER_10,PMC9633814_CORE_FACILITY_7,SEQUENCE_RIDGE_FULL,100.0,PMC9633814_CORE_FACILITY_9,0.3310104529616725,0.1
T194_OUTER_10,PMC9633814_CORE_FACILITY_7,SEQUENCE_RIDGE_FULL,100.0,__MEAN__,0.41529054946293553,0.1
T194_OUTER_10,PMC9633814_CORE_FACILITY_7,SEQUENCE_RIDGE_COMPOSITION_ONLY,0.01,PMC9633814_CORE_FACILITY_1,0.31430957102598894,0.01
T194_OUTER_10,PMC9633814_CORE_FACILITY_7,SEQUENCE_RIDGE_COMPOSITION_ONLY,0.01,PMC9633814_CORE_FACILITY_10,0.261492673992674,0.01
T194_OUTER_10,PMC9633814_CORE_FACILITY_7,SEQUENCE_RIDGE_COMPOSITION_ONLY,0.01,PMC9633814_CORE_FACILITY_11,0.2698303792643415,0.01
T194_OUTER_10,PMC9633814_CORE_FACILITY_7,SEQUENCE_RIDGE_COMPOSITION_ONLY,0.01,PMC9633814_CORE_FACILITY_12,0.4667963323145318,0.01
T194_OUTER_10,PMC9633814_CORE_FACILITY_7,SEQUENCE_RIDGE_COMPOSITION_ONLY,0.01,PMC9633814_CORE_FACILITY_2,0.28631894421368104,0.01
T194_OUTER_10,PMC9633814_CORE_FACILITY_7,SEQUENCE_RIDGE_COMPOSITION_ONLY,0.01,PMC9633814_CORE_FACILITY_3,0.47036820572764465,0.01
T194_OUTER_10,PMC9633814_CORE_FACILITY_7,SEQUENCE_RIDGE_COMPOSITION_ONLY,0.01,PMC9633814_CORE_FACILITY_4,0.3135022871864977,0.01
T194_OUTER_10,PMC9633814_CORE_FACILITY_7,SEQUENCE_RIDGE_COMPOSITION_ONLY,0.01,PMC9633814_CORE_FACILITY_5,0.47081726915295646,0.01
T194_OUTER_10,PMC9633814_CORE_FACILITY_7,SEQUENCE_RIDGE_COMPOSITION_ONLY,0.01,PMC9633814_CORE_FACILITY_6,0.3936651583710407,0.01
T194_OUTER_10,PMC9633814_CORE_FACILITY_7,SEQUENCE_RIDGE_COMPOSITION_ONLY,0.01,PMC9633814_CORE_FACILITY_8,0.4576923076923077,0.01
T194_OUTER_10,PMC9633814_CORE_FACILITY_7,SEQUENCE_RIDGE_COMPOSITION_ONLY,0.01,PMC9633814_CORE_FACILITY_9,0.4052264808362369,0.01
T194_OUTER_10,PMC9633814_CORE_FACILITY_7,SEQUENCE_RIDGE_COMPOSITION_ONLY,0.01,__MEAN__,0.37363814634344567,0.01
T194_OUTER_10,PMC9633814_CORE_FACILITY_7,SEQUENCE_RIDGE_COMPOSITION_ONLY,0.1,PMC9633814_CORE_FACILITY_1,0.31430957102598894,0.01
T194_OUTER_10,PMC9633814_CORE_FACILITY_7,SEQUENCE_RIDGE_COMPOSITION_ONLY,0.1,PMC9633814_CORE_FACILITY_10,0.261492673992674,0.01
T194_OUTER_10,PMC9633814_CORE_FACILITY_7,SEQUENCE_RIDGE_COMPOSITION_ONLY,0.1,PMC9633814_CORE_FACILITY_11,0.2698303792643415,0.01
T194_OUTER_10,PMC9633814_CORE_FACILITY_7,SEQUENCE_RIDGE_COMPOSITION_ONLY,0.1,PMC9633814_CORE_FACILITY_12,0.4667963323145318,0.01
T194_OUTER_10,PMC9633814_CORE_FACILITY_7,SEQUENCE_RIDGE_COMPOSITION_ONLY,0.1,PMC9633814_CORE_FACILITY_2,0.28631894421368104,0.01
T194_OUTER_10,PMC9633814_CORE_FACILITY_7,SEQUENCE_RIDGE_COMPOSITION_ONLY,0.1,PMC9633814_CORE_FACILITY_3,0.47036820572764465,0.01
T194_OUTER_10,PMC9633814_CORE_FACILITY_7,SEQUENCE_RIDGE_COMPOSITION_ONLY,0.1,PMC9633814_CORE_FACILITY_4,0.31337083968662915,0.01
T194_OUTER_10,PMC9633814_CORE_FACILITY_7,SEQUENCE_RIDGE_COMPOSITION_ONLY,0.1,PMC9633814_CORE_FACILITY_5,0.47081726915295646,0.01
T194_OUTER_10,PMC9633814_CORE_FACILITY_7,SEQUENCE_RIDGE_COMPOSITION_ONLY,0.1,PMC9633814_CORE_FACILITY_6,0.3936651583710407,0.01
T194_OUTER_10,PMC9633814_CORE_FACILITY_7,SEQUENCE_RIDGE_COMPOSITION_ONLY,0.1,PMC9633814_CORE_FACILITY_8,0.4576923076923077,0.01
T194_OUTER_10,PMC9633814_CORE_FACILITY_7,SEQUENCE_RIDGE_COMPOSITION_ONLY,0.1,PMC9633814_CORE_FACILITY_9,0.4052264808362369,0.01
T194_OUTER_10,PMC9633814_CORE_FACILITY_7,SEQUENCE_RIDGE_COMPOSITION_ONLY,0.1,__MEAN__,0.3736261965707303,0.01
T194_OUTER_10,PMC9633814_CORE_FACILITY_7,SEQUENCE_RIDGE_COMPOSITION_ONLY,1.0,PMC9633814_CORE_FACILITY_1,0.31430957102598894,0.01
T194_OUTER_10,PMC9633814_CORE_FACILITY_7,SEQUENCE_RIDGE_COMPOSITION_ONLY,1.0,PMC9633814_CORE_FACILITY_10,0.261492673992674,0.01
T194_OUTER_10,PMC9633814_CORE_FACILITY_7,SEQUENCE_RIDGE_COMPOSITION_ONLY,1.0,PMC9633814_CORE_FACILITY_11,0.2698303792643415,0.01
T194_OUTER_10,PMC9633814_CORE_FACILITY_7,SEQUENCE_RIDGE_COMPOSITION_ONLY,1.0,PMC9633814_CORE_FACILITY_12,0.4667963323145318,0.01
T194_OUTER_10,PMC9633814_CORE_FACILITY_7,SEQUENCE_RIDGE_COMPOSITION_ONLY,1.0,PMC9633814_CORE_FACILITY_2,0.28602975971397027,0.01
T194_OUTER_10,PMC9633814_CORE_FACILITY_7,SEQUENCE_RIDGE_COMPOSITION_ONLY,1.0,PMC9633814_CORE_FACILITY_3,0.47036820572764465,0.01
T194_OUTER_10,PMC9633814_CORE_FACILITY_7,SEQUENCE_RIDGE_COMPOSITION_ONLY,1.0,PMC9633814_CORE_FACILITY_4,0.31163573268836425,0.01
T194_OUTER_10,PMC9633814_CORE_FACILITY_7,SEQUENCE_RIDGE_COMPOSITION_ONLY,1.0,PMC9633814_CORE_FACILITY_5,0.47081726915295646,0.01
T194_OUTER_10,PMC9633814_CORE_FACILITY_7,SEQUENCE_RIDGE_COMPOSITION_ONLY,1.0,PMC9633814_CORE_FACILITY_6,0.3950226244343891,0.01
T194_OUTER_10,PMC9633814_CORE_FACILITY_7,SEQUENCE_RIDGE_COMPOSITION_ONLY,1.0,PMC9633814_CORE_FACILITY_8,0.45323886639676114,0.01
T194_OUTER_10,PMC9633814_CORE_FACILITY_7,SEQUENCE_RIDGE_COMPOSITION_ONLY,1.0,PMC9633814_CORE_FACILITY_9,0.4052264808362369,0.01
T194_OUTER_10,PMC9633814_CORE_FACILITY_7,SEQUENCE_RIDGE_COMPOSITION_ONLY,1.0,__MEAN__,0.3731607177770781,0.01
T194_OUTER_10,PMC9633814_CORE_FACILITY_7,SEQUENCE_RIDGE_COMPOSITION_ONLY,10.0,PMC9633814_CORE_FACILITY_1,0.3184010019830915,0.01
T194_OUTER_10,PMC9633814_CORE_FACILITY_7,SEQUENCE_RIDGE_COMPOSITION_ONLY,10.0,PMC9633814_CORE_FACILITY_10,0.260485347985348,0.01
T194_OUTER_10,PMC9633814_CORE_FACILITY_7,SEQUENCE_RIDGE_COMPOSITION_ONLY,10.0,PMC9633814_CORE_FACILITY_11,0.2739470173432438,0.01
T194_OUTER_10,PMC9633814_CORE_FACILITY_7,SEQUENCE_RIDGE_COMPOSITION_ONLY,10.0,PMC9633814_CORE_FACILITY_12,0.4648513475965546,0.01
T194_OUTER_10,PMC9633814_CORE_FACILITY_7,SEQUENCE_RIDGE_COMPOSITION_ONLY,10.0,PMC9633814_CORE_FACILITY_2,0.28206004521794,0.01
T194_OUTER_10,PMC9633814_CORE_FACILITY_7,SEQUENCE_RIDGE_COMPOSITION_ONLY,10.0,PMC9633814_CORE_FACILITY_3,0.46709526592635886,0.01
T194_OUTER_10,PMC9633814_CORE_FACILITY_7,SEQUENCE_RIDGE_COMPOSITION_ONLY,10.0,PMC9633814_CORE_FACILITY_4,0.3040117776959882,0.01
T194_OUTER_10,PMC9633814_CORE_FACILITY_7,SEQUENCE_RIDGE_COMPOSITION_ONLY,10.0,PMC9633814_CORE_FACILITY_5,0.47749742336908807,0.01
T194_OUTER_10,PMC9633814_CORE_FACILITY_7,SEQUENCE_RIDGE_COMPOSITION_ONLY,10.0,PMC9633814_CORE_FACILITY_6,0.3904977375565611,0.01
T194_OUTER_10,PMC9633814_CORE_FACILITY_7,SEQUENCE_RIDGE_COMPOSITION_ONLY,10.0,PMC9633814_CORE_FACILITY_8,0.4597165991902834,0.01
T194_OUTER_10,PMC9633814_CORE_FACILITY_7,SEQUENCE_RIDGE_COMPOSITION_ONLY,10.0,PMC9633814_CORE_FACILITY_9,0.39041811846689894,0.01
T194_OUTER_10,PMC9633814_CORE_FACILITY_7,SEQUENCE_RIDGE_COMPOSITION_ONLY,10.0,__MEAN__,0.3717256074846688,0.01
T194_OUTER_10,PMC9633814_CORE_FACILITY_7,SEQUENCE_RIDGE_COMPOSITION_ONLY,100.0,PMC9633814_CORE_FACILITY_1,0.3011167936541071,0.01
T194_OUTER_10,PMC9633814_CORE_FACILITY_7,SEQUENCE_RIDGE_COMPOSITION_ONLY,100.0,PMC9633814_CORE_FACILITY_10,0.28063186813186813,0.01
T194_OUTER_10,PMC9633814_CORE_FACILITY_7,SEQUENCE_RIDGE_COMPOSITION_ONLY,100.0,PMC9633814_CORE_FACILITY_11,0.2606060606060606,0.01
T194_OUTER_10,PMC9633814_CORE_FACILITY_7,SEQUENCE_RIDGE_COMPOSITION_ONLY,100.0,PMC9633814_CORE_FACILITY_12,0.4631286468463462,0.01
T194_OUTER_10,PMC9633814_CORE_FACILITY_7,SEQUENCE_RIDGE_COMPOSITION_ONLY,100.0,PMC9633814_CORE_FACILITY_2,0.285872022714128,0.01
T194_OUTER_10,PMC9633814_CORE_FACILITY_7,SEQUENCE_RIDGE_COMPOSITION_ONLY,100.0,PMC9633814_CORE_FACILITY_3,0.4373465809468147,0.01
T194_OUTER_10,PMC9633814_CORE_FACILITY_7,SEQUENCE_RIDGE_COMPOSITION_ONLY,100.0,PMC9633814_CORE_FACILITY_4,0.29475787370524215,0.01
T194_OUTER_10,PMC9633814_CORE_FACILITY_7,SEQUENCE_RIDGE_COMPOSITION_ONLY,100.0,PMC9633814_CORE_FACILITY_5,0.47138985380005344,0.01
T194_OUTER_10,PMC9633814_CORE_FACILITY_7,SEQUENCE_RIDGE_COMPOSITION_ONLY,100.0,PMC9633814_CORE_FACILITY_6,0.37312217194570135,0.01
T194_OUTER_10,PMC9633814_CORE_FACILITY_7,SEQUENCE_RIDGE_COMPOSITION_ONLY,100.0,PMC9633814_CORE_FACILITY_8,0.46740890688259107,0.01
T194_OUTER_10,PMC9633814_CORE_FACILITY_7,SEQUENCE_RIDGE_COMPOSITION_ONLY,100.0,PMC9633814_CORE_FACILITY_9,0.3386759581881533,0.01
T194_OUTER_10,PMC9633814_CORE_FACILITY_7,SEQUENCE_RIDGE_COMPOSITION_ONLY,100.0,__MEAN__,0.36127788522009696,0.01
T194_OUTER_11,PMC9633814_CORE_FACILITY_8,SEQUENCE_RIDGE_FULL,0.01,PMC9633814_CORE_FACILITY_1,0.57712138607661,0.1
T194_OUTER_11,PMC9633814_CORE_FACILITY_8,SEQUENCE_RIDGE_FULL,0.01,PMC9633814_CORE_FACILITY_10,0.34935897435897434,0.1
T194_OUTER_11,PMC9633814_CORE_FACILITY_8,SEQUENCE_RIDGE_FULL,0.01,PMC9633814_CORE_FACILITY_11,0.3616923956546598,0.1
T194_OUTER_11,PMC9633814_CORE_FACILITY_8,SEQUENCE_RIDGE_FULL,0.01,PMC9633814_CORE_FACILITY_12,0.4017782717421506,0.1
T194_OUTER_11,PMC9633814_CORE_FACILITY_8,SEQUENCE_RIDGE_FULL,0.01,PMC9633814_CORE_FACILITY_2,0.3048793311951207,0.1
T194_OUTER_11,PMC9633814_CORE_FACILITY_8,SEQUENCE_RIDGE_FULL,0.01,PMC9633814_CORE_FACILITY_3,0.4962594973699591,0.1
T194_OUTER_11,PMC9633814_CORE_FACILITY_8,SEQUENCE_RIDGE_FULL,0.01,PMC9633814_CORE_FACILITY_4,0.39339607760660394,0.1
T194_OUTER_11,PMC9633814_CORE_FACILITY_8,SEQUENCE_RIDGE_FULL,0.01,PMC9633814_CORE_FACILITY_5,0.46077795167385577,0.1
T194_OUTER_11,PMC9633814_CORE_FACILITY_8,SEQUENCE_RIDGE_FULL,0.01,PMC9633814_CORE_FACILITY_6,0.5081447963800905,0.1
T194_OUTER_11,PMC9633814_CORE_FACILITY_8,SEQUENCE_RIDGE_FULL,0.01,PMC9633814_CORE_FACILITY_7,0.46099547511312217,0.1
T194_OUTER_11,PMC9633814_CORE_FACILITY_8,SEQUENCE_RIDGE_FULL,0.01,PMC9633814_CORE_FACILITY_9,0.30662020905923343,0.1
T194_OUTER_11,PMC9633814_CORE_FACILITY_8,SEQUENCE_RIDGE_FULL,0.01,__MEAN__,0.42009312420276185,0.1
T194_OUTER_11,PMC9633814_CORE_FACILITY_8,SEQUENCE_RIDGE_FULL,0.1,PMC9633814_CORE_FACILITY_1,0.594906585951362,0.1
T194_OUTER_11,PMC9633814_CORE_FACILITY_8,SEQUENCE_RIDGE_FULL,0.1,PMC9633814_CORE_FACILITY_10,0.3465201465201465,0.1
T194_OUTER_11,PMC9633814_CORE_FACILITY_8,SEQUENCE_RIDGE_FULL,0.1,PMC9633814_CORE_FACILITY_11,0.37701543739279586,0.1
T194_OUTER_11,PMC9633814_CORE_FACILITY_8,SEQUENCE_RIDGE_FULL,0.1,PMC9633814_CORE_FACILITY_12,0.4118921922756321,0.1
T194_OUTER_11,PMC9633814_CORE_FACILITY_8,SEQUENCE_RIDGE_FULL,0.1,PMC9633814_CORE_FACILITY_2,0.2929701877070298,0.1
T194_OUTER_11,PMC9633814_CORE_FACILITY_8,SEQUENCE_RIDGE_FULL,0.1,PMC9633814_CORE_FACILITY_3,0.49877264757451784,0.1
T194_OUTER_11,PMC9633814_CORE_FACILITY_8,SEQUENCE_RIDGE_FULL,0.1,PMC9633814_CORE_FACILITY_4,0.4130606235869394,0.1
T194_OUTER_11,PMC9633814_CORE_FACILITY_8,SEQUENCE_RIDGE_FULL,0.1,PMC9633814_CORE_FACILITY_5,0.4726877123334733,0.1
T194_OUTER_11,PMC9633814_CORE_FACILITY_8,SEQUENCE_RIDGE_FULL,0.1,PMC9633814_CORE_FACILITY_6,0.5055203619909502,0.1
T194_OUTER_11,PMC9633814_CORE_FACILITY_8,SEQUENCE_RIDGE_FULL,0.1,PMC9633814_CORE_FACILITY_7,0.474841628959276,0.1
T194_OUTER_11,PMC9633814_CORE_FACILITY_8,SEQUENCE_RIDGE_FULL,0.1,PMC9633814_CORE_FACILITY_9,0.3160278745644599,0.1
T194_OUTER_11,PMC9633814_CORE_FACILITY_8,SEQUENCE_RIDGE_FULL,0.1,__MEAN__,0.4276559453505984,0.1
T194_OUTER_11,PMC9633814_CORE_FACILITY_8,SEQUENCE_RIDGE_FULL,1.0,PMC9633814_CORE_FACILITY_1,0.5849702536269701,0.1
T194_OUTER_11,PMC9633814_CORE_FACILITY_8,SEQUENCE_RIDGE_FULL,1.0,PMC9633814_CORE_FACILITY_10,0.3354395604395604,0.1
T194_OUTER_11,PMC9633814_CORE_FACILITY_8,SEQUENCE_RIDGE_FULL,1.0,PMC9633814_CORE_FACILITY_11,0.3828854583571565,0.1
T194_OUTER_11,PMC9633814_CORE_FACILITY_8,SEQUENCE_RIDGE_FULL,1.0,PMC9633814_CORE_FACILITY_12,0.41756043345373717,0.1
T194_OUTER_11,PMC9633814_CORE_FACILITY_8,SEQUENCE_RIDGE_FULL,1.0,PMC9633814_CORE_FACILITY_2,0.27851096272148906,0.1
T194_OUTER_11,PMC9633814_CORE_FACILITY_8,SEQUENCE_RIDGE_FULL,1.0,PMC9633814_CORE_FACILITY_3,0.47872589129164234,0.1
T194_OUTER_11,PMC9633814_CORE_FACILITY_8,SEQUENCE_RIDGE_FULL,1.0,PMC9633814_CORE_FACILITY_4,0.4069877490930123,0.1
T194_OUTER_11,PMC9633814_CORE_FACILITY_8,SEQUENCE_RIDGE_FULL,1.0,PMC9633814_CORE_FACILITY_5,0.4648623888231477,0.1
T194_OUTER_11,PMC9633814_CORE_FACILITY_8,SEQUENCE_RIDGE_FULL,1.0,PMC9633814_CORE_FACILITY_6,0.4685972850678733,0.1
T194_OUTER_11,PMC9633814_CORE_FACILITY_8,SEQUENCE_RIDGE_FULL,1.0,PMC9633814_CORE_FACILITY_7,0.4734841628959276,0.1
T194_OUTER_11,PMC9633814_CORE_FACILITY_8,SEQUENCE_RIDGE_FULL,1.0,PMC9633814_CORE_FACILITY_9,0.30627177700348435,0.1
T194_OUTER_11,PMC9633814_CORE_FACILITY_8,SEQUENCE_RIDGE_FULL,1.0,__MEAN__,0.4180269020703637,0.1
T194_OUTER_11,PMC9633814_CORE_FACILITY_8,SEQUENCE_RIDGE_FULL,10.0,PMC9633814_CORE_FACILITY_1,0.5828827888529381,0.1
T194_OUTER_11,PMC9633814_CORE_FACILITY_8,SEQUENCE_RIDGE_FULL,10.0,PMC9633814_CORE_FACILITY_10,0.3293040293040293,0.1
T194_OUTER_11,PMC9633814_CORE_FACILITY_8,SEQUENCE_RIDGE_FULL,10.0,PMC9633814_CORE_FACILITY_11,0.3895940537449971,0.1
T194_OUTER_11,PMC9633814_CORE_FACILITY_8,SEQUENCE_RIDGE_FULL,10.0,PMC9633814_CORE_FACILITY_12,0.4130591831064184,0.1
T194_OUTER_11,PMC9633814_CORE_FACILITY_8,SEQUENCE_RIDGE_FULL,10.0,PMC9633814_CORE_FACILITY_2,0.27275356222724645,0.1
T194_OUTER_11,PMC9633814_CORE_FACILITY_8,SEQUENCE_RIDGE_FULL,10.0,PMC9633814_CORE_FACILITY_3,0.47299824663939216,0.1
T194_OUTER_11,PMC9633814_CORE_FACILITY_8,SEQUENCE_RIDGE_FULL,10.0,PMC9633814_CORE_FACILITY_4,0.40932751459067246,0.1
T194_OUTER_11,PMC9633814_CORE_FACILITY_8,SEQUENCE_RIDGE_FULL,10.0,PMC9633814_CORE_FACILITY_5,0.46230484406611444,0.1
T194_OUTER_11,PMC9633814_CORE_FACILITY_8,SEQUENCE_RIDGE_FULL,10.0,PMC9633814_CORE_FACILITY_6,0.4667873303167421,0.1
T194_OUTER_11,PMC9633814_CORE_FACILITY_8,SEQUENCE_RIDGE_FULL,10.0,PMC9633814_CORE_FACILITY_7,0.46570135746606334,0.1
T194_OUTER_11,PMC9633814_CORE_FACILITY_8,SEQUENCE_RIDGE_FULL,10.0,PMC9633814_CORE_FACILITY_9,0.31794425087108014,0.1
T194_OUTER_11,PMC9633814_CORE_FACILITY_8,SEQUENCE_RIDGE_FULL,10.0,__MEAN__,0.4166051964714267,0.1
T194_OUTER_11,PMC9633814_CORE_FACILITY_8,SEQUENCE_RIDGE_FULL,100.0,PMC9633814_CORE_FACILITY_1,0.6126500365306335,0.1
T194_OUTER_11,PMC9633814_CORE_FACILITY_8,SEQUENCE_RIDGE_FULL,100.0,PMC9633814_CORE_FACILITY_10,0.33731684981684984,0.1
T194_OUTER_11,PMC9633814_CORE_FACILITY_8,SEQUENCE_RIDGE_FULL,100.0,PMC9633814_CORE_FACILITY_11,0.380293501048218,0.1
T194_OUTER_11,PMC9633814_CORE_FACILITY_8,SEQUENCE_RIDGE_FULL,100.0,PMC9633814_CORE_FACILITY_12,0.4119477632675743,0.1
T194_OUTER_11,PMC9633814_CORE_FACILITY_8,SEQUENCE_RIDGE_FULL,100.0,PMC9633814_CORE_FACILITY_2,0.24822545875177454,0.1
T194_OUTER_11,PMC9633814_CORE_FACILITY_8,SEQUENCE_RIDGE_FULL,100.0,PMC9633814_CORE_FACILITY_3,0.45061367621274107,0.1
T194_OUTER_11,PMC9633814_CORE_FACILITY_8,SEQUENCE_RIDGE_FULL,100.0,PMC9633814_CORE_FACILITY_4,0.41048425258951576,0.1
T194_OUTER_11,PMC9633814_CORE_FACILITY_8,SEQUENCE_RIDGE_FULL,100.0,PMC9633814_CORE_FACILITY_5,0.4431805168530748,0.1
T194_OUTER_11,PMC9633814_CORE_FACILITY_8,SEQUENCE_RIDGE_FULL,100.0,PMC9633814_CORE_FACILITY_6,0.44036199095022627,0.1
T194_OUTER_11,PMC9633814_CORE_FACILITY_8,SEQUENCE_RIDGE_FULL,100.0,PMC9633814_CORE_FACILITY_7,0.4423529411764706,0.1
T194_OUTER_11,PMC9633814_CORE_FACILITY_8,SEQUENCE_RIDGE_FULL,100.0,PMC9633814_CORE_FACILITY_9,0.3334494773519164,0.1
T194_OUTER_11,PMC9633814_CORE_FACILITY_8,SEQUENCE_RIDGE_FULL,100.0,__MEAN__,0.41007967859536315,0.1
T194_OUTER_11,PMC9633814_CORE_FACILITY_8,SEQUENCE_RIDGE_COMPOSITION_ONLY,0.01,PMC9633814_CORE_FACILITY_1,0.3218244442125039,0.1
T194_OUTER_11,PMC9633814_CORE_FACILITY_8,SEQUENCE_RIDGE_COMPOSITION_ONLY,0.01,PMC9633814_CORE_FACILITY_10,0.2455128205128205,0.1
T194_OUTER_11,PMC9633814_CORE_FACILITY_8,SEQUENCE_RIDGE_COMPOSITION_ONLY,0.01,PMC9633814_CORE_FACILITY_11,0.28263769773203734,0.1
T194_OUTER_11,PMC9633814_CORE_FACILITY_8,SEQUENCE_RIDGE_COMPOSITION_ONLY,0.01,PMC9633814_CORE_FACILITY_12,0.47001944984717975,0.1
T194_OUTER_11,PMC9633814_CORE_FACILITY_8,SEQUENCE_RIDGE_COMPOSITION_ONLY,0.01,PMC9633814_CORE_FACILITY_2,0.27325306272674693,0.1
T194_OUTER_11,PMC9633814_CORE_FACILITY_8,SEQUENCE_RIDGE_COMPOSITION_ONLY,0.01,PMC9633814_CORE_FACILITY_3,0.46125073056691995,0.1
T194_OUTER_11,PMC9633814_CORE_FACILITY_8,SEQUENCE_RIDGE_COMPOSITION_ONLY,0.01,PMC9633814_CORE_FACILITY_4,0.3210210841789789,0.1
T194_OUTER_11,PMC9633814_CORE_FACILITY_8,SEQUENCE_RIDGE_COMPOSITION_ONLY,0.01,PMC9633814_CORE_FACILITY_5,0.4755124632591518,0.1
T194_OUTER_11,PMC9633814_CORE_FACILITY_8,SEQUENCE_RIDGE_COMPOSITION_ONLY,0.01,PMC9633814_CORE_FACILITY_6,0.3807239819004525,0.1
T194_OUTER_11,PMC9633814_CORE_FACILITY_8,SEQUENCE_RIDGE_COMPOSITION_ONLY,0.01,PMC9633814_CORE_FACILITY_7,0.531131221719457,0.1
T194_OUTER_11,PMC9633814_CORE_FACILITY_8,SEQUENCE_RIDGE_COMPOSITION_ONLY,0.01,PMC9633814_CORE_FACILITY_9,0.38954703832752613,0.1
T194_OUTER_11,PMC9633814_CORE_FACILITY_8,SEQUENCE_RIDGE_COMPOSITION_ONLY,0.01,__MEAN__,0.3774939995439795,0.1
T194_OUTER_11,PMC9633814_CORE_FACILITY_8,SEQUENCE_RIDGE_COMPOSITION_ONLY,0.1,PMC9633814_CORE_FACILITY_1,0.3218244442125039,0.1
T194_OUTER_11,PMC9633814_CORE_FACILITY_8,SEQUENCE_RIDGE_COMPOSITION_ONLY,0.1,PMC9633814_CORE_FACILITY_10,0.2455128205128205,0.1
T194_OUTER_11,PMC9633814_CORE_FACILITY_8,SEQUENCE_RIDGE_COMPOSITION_ONLY,0.1,PMC9633814_CORE_FACILITY_11,0.28263769773203734,0.1
T194_OUTER_11,PMC9633814_CORE_FACILITY_8,SEQUENCE_RIDGE_COMPOSITION_ONLY,0.1,PMC9633814_CORE_FACILITY_12,0.470075020839122,0.1
T194_OUTER_11,PMC9633814_CORE_FACILITY_8,SEQUENCE_RIDGE_COMPOSITION_ONLY,0.1,PMC9633814_CORE_FACILITY_2,0.27325306272674693,0.1
T194_OUTER_11,PMC9633814_CORE_FACILITY_8,SEQUENCE_RIDGE_COMPOSITION_ONLY,0.1,PMC9633814_CORE_FACILITY_3,0.46125073056691995,0.1
T194_OUTER_11,PMC9633814_CORE_FACILITY_8,SEQUENCE_RIDGE_COMPOSITION_ONLY,0.1,PMC9633814_CORE_FACILITY_4,0.3210210841789789,0.1
T194_OUTER_11,PMC9633814_CORE_FACILITY_8,SEQUENCE_RIDGE_COMPOSITION_ONLY,0.1,PMC9633814_CORE_FACILITY_5,0.4755124632591518,0.1
T194_OUTER_11,PMC9633814_CORE_FACILITY_8,SEQUENCE_RIDGE_COMPOSITION_ONLY,0.1,PMC9633814_CORE_FACILITY_6,0.3807239819004525,0.1
T194_OUTER_11,PMC9633814_CORE_FACILITY_8,SEQUENCE_RIDGE_COMPOSITION_ONLY,0.1,PMC9633814_CORE_FACILITY_7,0.531131221719457,0.1
T194_OUTER_11,PMC9633814_CORE_FACILITY_8,SEQUENCE_RIDGE_COMPOSITION_ONLY,0.1,PMC9633814_CORE_FACILITY_9,0.38954703832752613,0.1
T194_OUTER_11,PMC9633814_CORE_FACILITY_8,SEQUENCE_RIDGE_COMPOSITION_ONLY,0.1,__MEAN__,0.3774990514523379,0.1
T194_OUTER_11,PMC9633814_CORE_FACILITY_8,SEQUENCE_RIDGE_COMPOSITION_ONLY,1.0,PMC9633814_CORE_FACILITY_1,0.3221166892808684,0.1
T194_OUTER_11,PMC9633814_CORE_FACILITY_8,SEQUENCE_RIDGE_COMPOSITION_ONLY,1.0,PMC9633814_CORE_FACILITY_10,0.2455128205128205,0.1
T194_OUTER_11,PMC9633814_CORE_FACILITY_8,SEQUENCE_RIDGE_COMPOSITION_ONLY,1.0,PMC9633814_CORE_FACILITY_11,0.28263769773203734,0.1
T194_OUTER_11,PMC9633814_CORE_FACILITY_8,SEQUENCE_RIDGE_COMPOSITION_ONLY,1.0,PMC9633814_CORE_FACILITY_12,0.47079744373437066,0.1
T194_OUTER_11,PMC9633814_CORE_FACILITY_8,SEQUENCE_RIDGE_COMPOSITION_ONLY,1.0,PMC9633814_CORE_FACILITY_2,0.2763815132236185,0.1
T194_OUTER_11,PMC9633814_CORE_FACILITY_8,SEQUENCE_RIDGE_COMPOSITION_ONLY,1.0,PMC9633814_CORE_FACILITY_3,0.46125073056691995,0.1
T194_OUTER_11,PMC9633814_CORE_FACILITY_8,SEQUENCE_RIDGE_COMPOSITION_ONLY,1.0,PMC9633814_CORE_FACILITY_4,0.32036384667963613,0.1
T194_OUTER_11,PMC9633814_CORE_FACILITY_8,SEQUENCE_RIDGE_COMPOSITION_ONLY,1.0,PMC9633814_CORE_FACILITY_5,0.4742527770355384,0.1
T194_OUTER_11,PMC9633814_CORE_FACILITY_8,SEQUENCE_RIDGE_COMPOSITION_ONLY,1.0,PMC9633814_CORE_FACILITY_6,0.3763800904977376,0.1
T194_OUTER_11,PMC9633814_CORE_FACILITY_8,SEQUENCE_RIDGE_COMPOSITION_ONLY,1.0,PMC9633814_CORE_FACILITY_7,0.5289592760180996,0.1
T194_OUTER_11,PMC9633814_CORE_FACILITY_8,SEQUENCE_RIDGE_COMPOSITION_ONLY,1.0,PMC9633814_CORE_FACILITY_9,0.3893728222996516,0.1
T194_OUTER_11,PMC9633814_CORE_FACILITY_8,SEQUENCE_RIDGE_COMPOSITION_ONLY,1.0,__MEAN__,0.3770932461437544,0.1
T194_OUTER_11,PMC9633814_CORE_FACILITY_8,SEQUENCE_RIDGE_COMPOSITION_ONLY,10.0,PMC9633814_CORE_FACILITY_1,0.3261246216470097,0.1
T194_OUTER_11,PMC9633814_CORE_FACILITY_8,SEQUENCE_RIDGE_COMPOSITION_ONLY,10.0,PMC9633814_CORE_FACILITY_10,0.2439102564102564,0.1
T194_OUTER_11,PMC9633814_CORE_FACILITY_8,SEQUENCE_RIDGE_COMPOSITION_ONLY,10.0,PMC9633814_CORE_FACILITY_11,0.28820278254240517,0.1
T194_OUTER_11,PMC9633814_CORE_FACILITY_8,SEQUENCE_RIDGE_COMPOSITION_ONLY,10.0,PMC9633814_CORE_FACILITY_12,0.4745762711864407,0.1
T194_OUTER_11,PMC9633814_CORE_FACILITY_8,SEQUENCE_RIDGE_COMPOSITION_ONLY,10.0,PMC9633814_CORE_FACILITY_2,0.27157053472842946,0.1
T194_OUTER_11,PMC9633814_CORE_FACILITY_8,SEQUENCE_RIDGE_COMPOSITION_ONLY,10.0,PMC9633814_CORE_FACILITY_3,0.4555230859146698,0.1
T194_OUTER_11,PMC9633814_CORE_FACILITY_8,SEQUENCE_RIDGE_COMPOSITION_ONLY,10.0,PMC9633814_CORE_FACILITY_4,0.3194437141805563,0.1
T194_OUTER_11,PMC9633814_CORE_FACILITY_8,SEQUENCE_RIDGE_COMPOSITION_ONLY,10.0,PMC9633814_CORE_FACILITY_5,0.4719624384471504,0.1
T194_OUTER_11,PMC9633814_CORE_FACILITY_8,SEQUENCE_RIDGE_COMPOSITION_ONLY,10.0,PMC9633814_CORE_FACILITY_6,0.3772850678733032,0.1
T194_OUTER_11,PMC9633814_CORE_FACILITY_8,SEQUENCE_RIDGE_COMPOSITION_ONLY,10.0,PMC9633814_CORE_FACILITY_7,0.5293212669683258,0.1
T194_OUTER_11,PMC9633814_CORE_FACILITY_8,SEQUENCE_RIDGE_COMPOSITION_ONLY,10.0,PMC9633814_CORE_FACILITY_9,0.38571428571428573,0.1
T194_OUTER_11,PMC9633814_CORE_FACILITY_8,SEQUENCE_RIDGE_COMPOSITION_ONLY,10.0,__MEAN__,0.37669402960116666,0.1
T194_OUTER_11,PMC9633814_CORE_FACILITY_8,SEQUENCE_RIDGE_COMPOSITION_ONLY,100.0,PMC9633814_CORE_FACILITY_1,0.31343283582089554,0.1
T194_OUTER_11,PMC9633814_CORE_FACILITY_8,SEQUENCE_RIDGE_COMPOSITION_ONLY,100.0,PMC9633814_CORE_FACILITY_10,0.2697344322344322,0.1
T194_OUTER_11,PMC9633814_CORE_FACILITY_8,SEQUENCE_RIDGE_COMPOSITION_ONLY,100.0,PMC9633814_CORE_FACILITY_11,0.2650276348389556,0.1
T194_OUTER_11,PMC9633814_CORE_FACILITY_8,SEQUENCE_RIDGE_COMPOSITION_ONLY,100.0,PMC9633814_CORE_FACILITY_12,0.4755209780494582,0.1
T194_OUTER_11,PMC9633814_CORE_FACILITY_8,SEQUENCE_RIDGE_COMPOSITION_ONLY,100.0,PMC9633814_CORE_FACILITY_2,0.2786686997213313,0.1
T194_OUTER_11,PMC9633814_CORE_FACILITY_8,SEQUENCE_RIDGE_COMPOSITION_ONLY,100.0,PMC9633814_CORE_FACILITY_3,0.4445353594389246,0.1
T194_OUTER_11,PMC9633814_CORE_FACILITY_8,SEQUENCE_RIDGE_COMPOSITION_ONLY,100.0,PMC9633814_CORE_FACILITY_4,0.3118986276881014,0.1
T194_OUTER_11,PMC9633814_CORE_FACILITY_8,SEQUENCE_RIDGE_COMPOSITION_ONLY,100.0,PMC9633814_CORE_FACILITY_5,0.48776577470702753,0.1
T194_OUTER_11,PMC9633814_CORE_FACILITY_8,SEQUENCE_RIDGE_COMPOSITION_ONLY,100.0,PMC9633814_CORE_FACILITY_6,0.3737556561085973,0.1
T194_OUTER_11,PMC9633814_CORE_FACILITY_8,SEQUENCE_RIDGE_COMPOSITION_ONLY,100.0,PMC9633814_CORE_FACILITY_7,0.514841628959276,0.1
T194_OUTER_11,PMC9633814_CORE_FACILITY_8,SEQUENCE_RIDGE_COMPOSITION_ONLY,100.0,PMC9633814_CORE_FACILITY_9,0.3724738675958188,0.1
T194_OUTER_11,PMC9633814_CORE_FACILITY_8,SEQUENCE_RIDGE_COMPOSITION_ONLY,100.0,__MEAN__,0.3734232268329835,0.1
T194_OUTER_12,PMC9633814_CORE_FACILITY_9,SEQUENCE_RIDGE_FULL,0.01,PMC9633814_CORE_FACILITY_1,0.5617158960442542,0.01
T194_OUTER_12,PMC9633814_CORE_FACILITY_9,SEQUENCE_RIDGE_FULL,0.01,PMC9633814_CORE_FACILITY_10,0.3706959706959707,0.01
T194_OUTER_12,PMC9633814_CORE_FACILITY_9,SEQUENCE_RIDGE_FULL,0.01,PMC9633814_CORE_FACILITY_11,0.38006479893272344,0.01
T194_OUTER_12,PMC9633814_CORE_FACILITY_9,SEQUENCE_RIDGE_FULL,0.01,PMC9633814_CORE_FACILITY_12,0.4077799388719089,0.01
T194_OUTER_12,PMC9633814_CORE_FACILITY_9,SEQUENCE_RIDGE_FULL,0.01,PMC9633814_CORE_FACILITY_2,0.3203112676796887,0.01
T194_OUTER_12,PMC9633814_CORE_FACILITY_9,SEQUENCE_RIDGE_FULL,0.01,PMC9633814_CORE_FACILITY_3,0.5157802454704851,0.01
T194_OUTER_12,PMC9633814_CORE_FACILITY_9,SEQUENCE_RIDGE_FULL,0.01,PMC9633814_CORE_FACILITY_4,0.3980493191019507,0.01
T194_OUTER_12,PMC9633814_CORE_FACILITY_9,SEQUENCE_RIDGE_FULL,0.01,PMC9633814_CORE_FACILITY_5,0.47501622323166776,0.01
T194_OUTER_12,PMC9633814_CORE_FACILITY_9,SEQUENCE_RIDGE_FULL,0.01,PMC9633814_CORE_FACILITY_6,0.5304072398190045,0.01
T194_OUTER_12,PMC9633814_CORE_FACILITY_9,SEQUENCE_RIDGE_FULL,0.01,PMC9633814_CORE_FACILITY_7,0.4632579185520362,0.01
T194_OUTER_12,PMC9633814_CORE_FACILITY_9,SEQUENCE_RIDGE_FULL,0.01,PMC9633814_CORE_FACILITY_8,0.4228744939271255,0.01
T194_OUTER_12,PMC9633814_CORE_FACILITY_9,SEQUENCE_RIDGE_FULL,0.01,__MEAN__,0.4405412102115287,0.01
T194_OUTER_12,PMC9633814_CORE_FACILITY_9,SEQUENCE_RIDGE_FULL,0.1,PMC9633814_CORE_FACILITY_1,0.5752844170754619,0.01
T194_OUTER_12,PMC9633814_CORE_FACILITY_9,SEQUENCE_RIDGE_FULL,0.1,PMC9633814_CORE_FACILITY_10,0.3603937728937729,0.01
T194_OUTER_12,PMC9633814_CORE_FACILITY_9,SEQUENCE_RIDGE_FULL,0.1,PMC9633814_CORE_FACILITY_11,0.3993520106727654,0.01
T194_OUTER_12,PMC9633814_CORE_FACILITY_9,SEQUENCE_RIDGE_FULL,0.1,PMC9633814_CORE_FACILITY_12,0.4097249235898861,0.01
T194_OUTER_12,PMC9633814_CORE_FACILITY_9,SEQUENCE_RIDGE_FULL,0.1,PMC9633814_CORE_FACILITY_2,0.29933224670066777,0.01
T194_OUTER_12,PMC9633814_CORE_FACILITY_9,SEQUENCE_RIDGE_FULL,0.1,PMC9633814_CORE_FACILITY_3,0.5097019286966686,0.01
T194_OUTER_12,PMC9633814_CORE_FACILITY_9,SEQUENCE_RIDGE_FULL,0.1,PMC9633814_CORE_FACILITY_4,0.4148745990851254,0.01
T194_OUTER_12,PMC9633814_CORE_FACILITY_9,SEQUENCE_RIDGE_FULL,0.1,PMC9633814_CORE_FACILITY_5,0.4738328816276673,0.01
T194_OUTER_12,PMC9633814_CORE_FACILITY_9,SEQUENCE_RIDGE_FULL,0.1,PMC9633814_CORE_FACILITY_6,0.494841628959276,0.01
T194_OUTER_12,PMC9633814_CORE_FACILITY_9,SEQUENCE_RIDGE_FULL,0.1,PMC9633814_CORE_FACILITY_7,0.4672398190045249,0.01
T194_OUTER_12,PMC9633814_CORE_FACILITY_9,SEQUENCE_RIDGE_FULL,0.1,PMC9633814_CORE_FACILITY_8,0.43360323886639673,0.01
T194_OUTER_12,PMC9633814_CORE_FACILITY_9,SEQUENCE_RIDGE_FULL,0.1,__MEAN__,0.4398346788338375,0.01
T194_OUTER_12,PMC9633814_CORE_FACILITY_9,SEQUENCE_RIDGE_FULL,1.0,PMC9633814_CORE_FACILITY_1,0.5659743241832794,0.01
T194_OUTER_12,PMC9633814_CORE_FACILITY_9,SEQUENCE_RIDGE_FULL,1.0,PMC9633814_CORE_FACILITY_10,0.3462912087912088,0.01
T194_OUTER_12,PMC9633814_CORE_FACILITY_9,SEQUENCE_RIDGE_FULL,1.0,PMC9633814_CORE_FACILITY_11,0.40392605298265677,0.01
T194_OUTER_12,PMC9633814_CORE_FACILITY_9,SEQUENCE_RIDGE_FULL,1.0,PMC9633814_CORE_FACILITY_12,0.4194498471797722,0.01
T194_OUTER_12,PMC9633814_CORE_FACILITY_9,SEQUENCE_RIDGE_FULL,1.0,PMC9633814_CORE_FACILITY_2,0.2901835007098165,0.01
T194_OUTER_12,PMC9633814_CORE_FACILITY_9,SEQUENCE_RIDGE_FULL,1.0,PMC9633814_CORE_FACILITY_3,0.4856224430157802,0.01
T194_OUTER_12,PMC9633814_CORE_FACILITY_9,SEQUENCE_RIDGE_FULL,1.0,PMC9633814_CORE_FACILITY_4,0.41595246858404755,0.01
T194_OUTER_12,PMC9633814_CORE_FACILITY_9,SEQUENCE_RIDGE_FULL,1.0,PMC9633814_CORE_FACILITY_5,0.471351681490247,0.01
T194_OUTER_12,PMC9633814_CORE_FACILITY_9,SEQUENCE_RIDGE_FULL,1.0,PMC9633814_CORE_FACILITY_6,0.46714932126696834,0.01
T194_OUTER_12,PMC9633814_CORE_FACILITY_9,SEQUENCE_RIDGE_FULL,1.0,PMC9633814_CORE_FACILITY_7,0.47755656108597283,0.01
T194_OUTER_12,PMC9633814_CORE_FACILITY_9,SEQUENCE_RIDGE_FULL,1.0,PMC9633814_CORE_FACILITY_8,0.4506072874493927,0.01
T194_OUTER_12,PMC9633814_CORE_FACILITY_9,SEQUENCE_RIDGE_FULL,1.0,__MEAN__,0.435824063339922,0.01
T194_OUTER_12,PMC9633814_CORE_FACILITY_9,SEQUENCE_RIDGE_FULL,10.0,PMC9633814_CORE_FACILITY_1,0.5642626030685732,0.01
T194_OUTER_12,PMC9633814_CORE_FACILITY_9,SEQUENCE_RIDGE_FULL,10.0,PMC9633814_CORE_FACILITY_10,0.35146520146520144,0.01
T194_OUTER_12,PMC9633814_CORE_FACILITY_9,SEQUENCE_RIDGE_FULL,10.0,PMC9633814_CORE_FACILITY_11,0.4094911377930246,0.01
T194_OUTER_12,PMC9633814_CORE_FACILITY_9,SEQUENCE_RIDGE_FULL,10.0,PMC9633814_CORE_FACILITY_12,0.42300639066407336,0.01
T194_OUTER_12,PMC9633814_CORE_FACILITY_9,SEQUENCE_RIDGE_FULL,10.0,PMC9633814_CORE_FACILITY_2,0.28852726221147273,0.01
T194_OUTER_12,PMC9633814_CORE_FACILITY_9,SEQUENCE_RIDGE_FULL,10.0,PMC9633814_CORE_FACILITY_3,0.47878433664523673,0.01
T194_OUTER_12,PMC9633814_CORE_FACILITY_9,SEQUENCE_RIDGE_FULL,10.0,PMC9633814_CORE_FACILITY_4,0.41834481308165516,0.01
T194_OUTER_12,PMC9633814_CORE_FACILITY_9,SEQUENCE_RIDGE_FULL,10.0,PMC9633814_CORE_FACILITY_5,0.467343588960568,0.01
T194_OUTER_12,PMC9633814_CORE_FACILITY_9,SEQUENCE_RIDGE_FULL,10.0,PMC9633814_CORE_FACILITY_6,0.45683257918552034,0.01
T194_OUTER_12,PMC9633814_CORE_FACILITY_9,SEQUENCE_RIDGE_FULL,10.0,PMC9633814_CORE_FACILITY_7,0.4835294117647059,0.01
T194_OUTER_12,PMC9633814_CORE_FACILITY_9,SEQUENCE_RIDGE_FULL,10.0,PMC9633814_CORE_FACILITY_8,0.43846153846153846,0.01
T194_OUTER_12,PMC9633814_CORE_FACILITY_9,SEQUENCE_RIDGE_FULL,10.0,__MEAN__,0.4345498966637791,0.01
T194_OUTER_12,PMC9633814_CORE_FACILITY_9,SEQUENCE_RIDGE_FULL,100.0,PMC9633814_CORE_FACILITY_1,0.5831332846258219,0.01
T194_OUTER_12,PMC9633814_CORE_FACILITY_9,SEQUENCE_RIDGE_FULL,100.0,PMC9633814_CORE_FACILITY_10,0.3642399267399267,0.01
T194_OUTER_12,PMC9633814_CORE_FACILITY_9,SEQUENCE_RIDGE_FULL,100.0,PMC9633814_CORE_FACILITY_11,0.38380026681913476,0.01
T194_OUTER_12,PMC9633814_CORE_FACILITY_9,SEQUENCE_RIDGE_FULL,100.0,PMC9633814_CORE_FACILITY_12,0.42383995554320647,0.01
T194_OUTER_12,PMC9633814_CORE_FACILITY_9,SEQUENCE_RIDGE_FULL,100.0,PMC9633814_CORE_FACILITY_2,0.2702034807297965,0.01
T194_OUTER_12,PMC9633814_CORE_FACILITY_9,SEQUENCE_RIDGE_FULL,100.0,PMC9633814_CORE_FACILITY_3,0.47650496785505553,0.01
T194_OUTER_12,PMC9633814_CORE_FACILITY_9,SEQUENCE_RIDGE_FULL,100.0,PMC9633814_CORE_FACILITY_4,0.4211315000788685,0.01
T194_OUTER_12,PMC9633814_CORE_FACILITY_9,SEQUENCE_RIDGE_FULL,100.0,PMC9633814_CORE_FACILITY_5,0.4558537237088216,0.01
T194_OUTER_12,PMC9633814_CORE_FACILITY_9,SEQUENCE_RIDGE_FULL,100.0,PMC9633814_CORE_FACILITY_6,0.44733031674208146,0.01
T194_OUTER_12,PMC9633814_CORE_FACILITY_9,SEQUENCE_RIDGE_FULL,100.0,PMC9633814_CORE_FACILITY_7,0.4523076923076923,0.01
T194_OUTER_12,PMC9633814_CORE_FACILITY_9,SEQUENCE_RIDGE_FULL,100.0,PMC9633814_CORE_FACILITY_8,0.445748987854251,0.01
T194_OUTER_12,PMC9633814_CORE_FACILITY_9,SEQUENCE_RIDGE_FULL,100.0,__MEAN__,0.4294631002731506,0.01
T194_OUTER_12,PMC9633814_CORE_FACILITY_9,SEQUENCE_RIDGE_COMPOSITION_ONLY,0.01,PMC9633814_CORE_FACILITY_1,0.3023275232230456,0.01
T194_OUTER_12,PMC9633814_CORE_FACILITY_9,SEQUENCE_RIDGE_COMPOSITION_ONLY,0.01,PMC9633814_CORE_FACILITY_10,0.2705128205128205,0.01
T194_OUTER_12,PMC9633814_CORE_FACILITY_9,SEQUENCE_RIDGE_COMPOSITION_ONLY,0.01,PMC9633814_CORE_FACILITY_11,0.2981132075471698,0.01
T194_OUTER_12,PMC9633814_CORE_FACILITY_9,SEQUENCE_RIDGE_COMPOSITION_ONLY,0.01,PMC9633814_CORE_FACILITY_12,0.44534592942484025,0.01
T194_OUTER_12,PMC9633814_CORE_FACILITY_9,SEQUENCE_RIDGE_COMPOSITION_ONLY,0.01,PMC9633814_CORE_FACILITY_2,0.28058783321941216,0.01
T194_OUTER_12,PMC9633814_CORE_FACILITY_9,SEQUENCE_RIDGE_COMPOSITION_ONLY,0.01,PMC9633814_CORE_FACILITY_3,0.48112215078901227,0.01
T194_OUTER_12,PMC9633814_CORE_FACILITY_9,SEQUENCE_RIDGE_COMPOSITION_ONLY,0.01,PMC9633814_CORE_FACILITY_4,0.32357116567642885,0.01
T194_OUTER_12,PMC9633814_CORE_FACILITY_9,SEQUENCE_RIDGE_COMPOSITION_ONLY,0.01,PMC9633814_CORE_FACILITY_5,0.4648242165133412,0.01
T194_OUTER_12,PMC9633814_CORE_FACILITY_9,SEQUENCE_RIDGE_COMPOSITION_ONLY,0.01,PMC9633814_CORE_FACILITY_6,0.37538461538461537,0.01
T194_OUTER_12,PMC9633814_CORE_FACILITY_9,SEQUENCE_RIDGE_COMPOSITION_ONLY,0.01,PMC9633814_CORE_FACILITY_7,0.5326696832579185,0.01
T194_OUTER_12,PMC9633814_CORE_FACILITY_9,SEQUENCE_RIDGE_COMPOSITION_ONLY,0.01,PMC9633814_CORE_FACILITY_8,0.4522267206477733,0.01
T194_OUTER_12,PMC9633814_CORE_FACILITY_9,SEQUENCE_RIDGE_COMPOSITION_ONLY,0.01,__MEAN__,0.38424416965421615,0.01
T194_OUTER_12,PMC9633814_CORE_FACILITY_9,SEQUENCE_RIDGE_COMPOSITION_ONLY,0.1,PMC9633814_CORE_FACILITY_1,0.3023275232230456,0.01
T194_OUTER_12,PMC9633814_CORE_FACILITY_9,SEQUENCE_RIDGE_COMPOSITION_ONLY,0.1,PMC9633814_CORE_FACILITY_10,0.2705128205128205,0.01
T194_OUTER_12,PMC9633814_CORE_FACILITY_9,SEQUENCE_RIDGE_COMPOSITION_ONLY,0.1,PMC9633814_CORE_FACILITY_11,0.2981132075471698,0.01
T194_OUTER_12,PMC9633814_CORE_FACILITY_9,SEQUENCE_RIDGE_COMPOSITION_ONLY,0.1,PMC9633814_CORE_FACILITY_12,0.44534592942484025,0.01
T194_OUTER_12,PMC9633814_CORE_FACILITY_9,SEQUENCE_RIDGE_COMPOSITION_ONLY,0.1,PMC9633814_CORE_FACILITY_2,0.28058783321941216,0.01
T194_OUTER_12,PMC9633814_CORE_FACILITY_9,SEQUENCE_RIDGE_COMPOSITION_ONLY,0.1,PMC9633814_CORE_FACILITY_3,0.48112215078901227,0.01
T194_OUTER_12,PMC9633814_CORE_FACILITY_9,SEQUENCE_RIDGE_COMPOSITION_ONLY,0.1,PMC9633814_CORE_FACILITY_4,0.32357116567642885,0.01
T194_OUTER_12,PMC9633814_CORE_FACILITY_9,SEQUENCE_RIDGE_COMPOSITION_ONLY,0.1,PMC9633814_CORE_FACILITY_5,0.4648242165133412,0.01
T194_OUTER_12,PMC9633814_CORE_FACILITY_9,SEQUENCE_RIDGE_COMPOSITION_ONLY,0.1,PMC9633814_CORE_FACILITY_6,0.37538461538461537,0.01
T194_OUTER_12,PMC9633814_CORE_FACILITY_9,SEQUENCE_RIDGE_COMPOSITION_ONLY,0.1,PMC9633814_CORE_FACILITY_7,0.5326696832579185,0.01
T194_OUTER_12,PMC9633814_CORE_FACILITY_9,SEQUENCE_RIDGE_COMPOSITION_ONLY,0.1,PMC9633814_CORE_FACILITY_8,0.4522267206477733,0.01
T194_OUTER_12,PMC9633814_CORE_FACILITY_9,SEQUENCE_RIDGE_COMPOSITION_ONLY,0.1,__MEAN__,0.38424416965421615,0.01
T194_OUTER_12,PMC9633814_CORE_FACILITY_9,SEQUENCE_RIDGE_COMPOSITION_ONLY,1.0,PMC9633814_CORE_FACILITY_1,0.2989875795845945,0.01
T194_OUTER_12,PMC9633814_CORE_FACILITY_9,SEQUENCE_RIDGE_COMPOSITION_ONLY,1.0,PMC9633814_CORE_FACILITY_10,0.27078754578754577,0.01
T194_OUTER_12,PMC9633814_CORE_FACILITY_9,SEQUENCE_RIDGE_COMPOSITION_ONLY,1.0,PMC9633814_CORE_FACILITY_11,0.29712216504669337,0.01
T194_OUTER_12,PMC9633814_CORE_FACILITY_9,SEQUENCE_RIDGE_COMPOSITION_ONLY,1.0,PMC9633814_CORE_FACILITY_12,0.4432342317310364,0.01
T194_OUTER_12,PMC9633814_CORE_FACILITY_9,SEQUENCE_RIDGE_COMPOSITION_ONLY,1.0,PMC9633814_CORE_FACILITY_2,0.2841106262158894,0.01
T194_OUTER_12,PMC9633814_CORE_FACILITY_9,SEQUENCE_RIDGE_COMPOSITION_ONLY,1.0,PMC9633814_CORE_FACILITY_3,0.48112215078901227,0.01
T194_OUTER_12,PMC9633814_CORE_FACILITY_9,SEQUENCE_RIDGE_COMPOSITION_ONLY,1.0,PMC9633814_CORE_FACILITY_4,0.3242546926757453,0.01
T194_OUTER_12,PMC9633814_CORE_FACILITY_9,SEQUENCE_RIDGE_COMPOSITION_ONLY,1.0,PMC9633814_CORE_FACILITY_5,0.4658166965683094,0.01
T194_OUTER_12,PMC9633814_CORE_FACILITY_9,SEQUENCE_RIDGE_COMPOSITION_ONLY,1.0,PMC9633814_CORE_FACILITY_6,0.37538461538461537,0.01
T194_OUTER_12,PMC9633814_CORE_FACILITY_9,SEQUENCE_RIDGE_COMPOSITION_ONLY,1.0,PMC9633814_CORE_FACILITY_7,0.5315837104072398,0.01
T194_OUTER_12,PMC9633814_CORE_FACILITY_9,SEQUENCE_RIDGE_COMPOSITION_ONLY,1.0,PMC9633814_CORE_FACILITY_8,0.4522267206477733,0.01
T194_OUTER_12,PMC9633814_CORE_FACILITY_9,SEQUENCE_RIDGE_COMPOSITION_ONLY,1.0,__MEAN__,0.3840573395307686,0.01
T194_OUTER_12,PMC9633814_CORE_FACILITY_9,SEQUENCE_RIDGE_COMPOSITION_ONLY,10.0,PMC9633814_CORE_FACILITY_1,0.29786034860661725,0.01
T194_OUTER_12,PMC9633814_CORE_FACILITY_9,SEQUENCE_RIDGE_COMPOSITION_ONLY,10.0,PMC9633814_CORE_FACILITY_10,0.2737637362637363,0.01
T194_OUTER_12,PMC9633814_CORE_FACILITY_9,SEQUENCE_RIDGE_COMPOSITION_ONLY,10.0,PMC9633814_CORE_FACILITY_11,0.2959024204307223,0.01
T194_OUTER_12,PMC9633814_CORE_FACILITY_9,SEQUENCE_RIDGE_COMPOSITION_ONLY,10.0,PMC9633814_CORE_FACILITY_12,0.4478466240622395,0.01
T194_OUTER_12,PMC9633814_CORE_FACILITY_9,SEQUENCE_RIDGE_COMPOSITION_ONLY,10.0,PMC9633814_CORE_FACILITY_2,0.28187601871812396,0.01
T194_OUTER_12,PMC9633814_CORE_FACILITY_9,SEQUENCE_RIDGE_COMPOSITION_ONLY,10.0,PMC9633814_CORE_FACILITY_3,0.47638807714786674,0.01
T194_OUTER_12,PMC9633814_CORE_FACILITY_9,SEQUENCE_RIDGE_COMPOSITION_ONLY,10.0,PMC9633814_CORE_FACILITY_4,0.3218097691781902,0.01
T194_OUTER_12,PMC9633814_CORE_FACILITY_9,SEQUENCE_RIDGE_COMPOSITION_ONLY,10.0,PMC9633814_CORE_FACILITY_5,0.47058823529411764,0.01
T194_OUTER_12,PMC9633814_CORE_FACILITY_9,SEQUENCE_RIDGE_COMPOSITION_ONLY,10.0,PMC9633814_CORE_FACILITY_6,0.368868778280543,0.01
T194_OUTER_12,PMC9633814_CORE_FACILITY_9,SEQUENCE_RIDGE_COMPOSITION_ONLY,10.0,PMC9633814_CORE_FACILITY_7,0.530497737556561,0.01
T194_OUTER_12,PMC9633814_CORE_FACILITY_9,SEQUENCE_RIDGE_COMPOSITION_ONLY,10.0,PMC9633814_CORE_FACILITY_8,0.4439271255060729,0.01
T194_OUTER_12,PMC9633814_CORE_FACILITY_9,SEQUENCE_RIDGE_COMPOSITION_ONLY,10.0,__MEAN__,0.3826662610040719,0.01
T194_OUTER_12,PMC9633814_CORE_FACILITY_9,SEQUENCE_RIDGE_COMPOSITION_ONLY,100.0,PMC9633814_CORE_FACILITY_1,0.2890512472602025,0.01
T194_OUTER_12,PMC9633814_CORE_FACILITY_9,SEQUENCE_RIDGE_COMPOSITION_ONLY,100.0,PMC9633814_CORE_FACILITY_10,0.29935897435897435,0.01
T194_OUTER_12,PMC9633814_CORE_FACILITY_9,SEQUENCE_RIDGE_COMPOSITION_ONLY,100.0,PMC9633814_CORE_FACILITY_11,0.2892700590813798,0.01
T194_OUTER_12,PMC9633814_CORE_FACILITY_9,SEQUENCE_RIDGE_COMPOSITION_ONLY,100.0,PMC9633814_CORE_FACILITY_12,0.4532925812725757,0.01
T194_OUTER_12,PMC9633814_CORE_FACILITY_9,SEQUENCE_RIDGE_COMPOSITION_ONLY,100.0,PMC9633814_CORE_FACILITY_2,0.2871339187128661,0.01
T194_OUTER_12,PMC9633814_CORE_FACILITY_9,SEQUENCE_RIDGE_COMPOSITION_ONLY,100.0,PMC9633814_CORE_FACILITY_3,0.4455873758036236,0.01
T194_OUTER_12,PMC9633814_CORE_FACILITY_9,SEQUENCE_RIDGE_COMPOSITION_ONLY,100.0,PMC9633814_CORE_FACILITY_4,0.32485935117514064,0.01
T194_OUTER_12,PMC9633814_CORE_FACILITY_9,SEQUENCE_RIDGE_COMPOSITION_ONLY,100.0,PMC9633814_CORE_FACILITY_5,0.4786425926632821,0.01
T194_OUTER_12,PMC9633814_CORE_FACILITY_9,SEQUENCE_RIDGE_COMPOSITION_ONLY,100.0,PMC9633814_CORE_FACILITY_6,0.36262443438914027,0.01
T194_OUTER_12,PMC9633814_CORE_FACILITY_9,SEQUENCE_RIDGE_COMPOSITION_ONLY,100.0,PMC9633814_CORE_FACILITY_7,0.5129411764705882,0.01
T194_OUTER_12,PMC9633814_CORE_FACILITY_9,SEQUENCE_RIDGE_COMPOSITION_ONLY,100.0,PMC9633814_CORE_FACILITY_8,0.44251012145748986,0.01
T194_OUTER_12,PMC9633814_CORE_FACILITY_9,SEQUENCE_RIDGE_COMPOSITION_ONLY,100.0,__MEAN__,0.3804792575132057,0.01
