outer_fold_id,held_out_core,model_id,target_observation_id,source_id,canonical_accession,measurement_batch_id,observed_rank_percentile_descending,predicted_rank_percentile_descending
T194_OUTER_01,PMC9633814_CORE_FACILITY_1,CONSTANT_TRAINING_MEAN,T194_06b20e804f0fc9c7afa5,PMC9633814_CORE_FACILITY_1,O75083,PMC9633814_CORE_FACILITY_1,0.48125,0.5310281552780002
T194_OUTER_01,PMC9633814_CORE_FACILITY_1,CONSTANT_TRAINING_MEAN,T194_0bf047d6b483540c3ff7,PMC9633814_CORE_FACILITY_1,P10599,PMC9633814_CORE_FACILITY_1,0.0020833333333333333,0.5310281552780002
T194_OUTER_01,PMC9633814_CORE_FACILITY_1,CONSTANT_TRAINING_MEAN,T194_0ce452dc772e75d4e126,PMC9633814_CORE_FACILITY_1,P10809,PMC9633814_CORE_FACILITY_1,0.81875,0.5310281552780002
T194_OUTER_01,PMC9633814_CORE_FACILITY_1,CONSTANT_TRAINING_MEAN,T194_1b6d1cecb8a95418305c,PMC9633814_CORE_FACILITY_1,P10644,PMC9633814_CORE_FACILITY_1,0.12083333333333333,0.5310281552780002
T194_OUTER_01,PMC9633814_CORE_FACILITY_1,CONSTANT_TRAINING_MEAN,T194_203f3ab0eb95595b6370,PMC9633814_CORE_FACILITY_1,P16615,PMC9633814_CORE_FACILITY_1,0.8541666666666666,0.5310281552780002
T194_OUTER_01,PMC9633814_CORE_FACILITY_1,CONSTANT_TRAINING_MEAN,T194_2366f58954737f2f0dbf,PMC9633814_CORE_FACILITY_1,O00410,PMC9633814_CORE_FACILITY_1,0.5791666666666667,0.5310281552780002
T194_OUTER_01,PMC9633814_CORE_FACILITY_1,CONSTANT_TRAINING_MEAN,T194_2dfd7e37a4f21fd9c794,PMC9633814_CORE_FACILITY_1,P61106,PMC9633814_CORE_FACILITY_1,0.24375,0.5310281552780002
T194_OUTER_01,PMC9633814_CORE_FACILITY_1,CONSTANT_TRAINING_MEAN,T194_2e55064392dd4bfde759,PMC9633814_CORE_FACILITY_1,P11166,PMC9633814_CORE_FACILITY_1,0.7875,0.5310281552780002
T194_OUTER_01,PMC9633814_CORE_FACILITY_1,CONSTANT_TRAINING_MEAN,T194_301ac66523cbe9ba1af9,PMC9633814_CORE_FACILITY_1,O00187,PMC9633814_CORE_FACILITY_1,0.5291666666666667,0.5310281552780002
T194_OUTER_01,PMC9633814_CORE_FACILITY_1,CONSTANT_TRAINING_MEAN,T194_33d51990a4d61d241e05,PMC9633814_CORE_FACILITY_1,P04004,PMC9633814_CORE_FACILITY_1,0.9270833333333334,0.5310281552780002
T194_OUTER_01,PMC9633814_CORE_FACILITY_1,CONSTANT_TRAINING_MEAN,T194_3681ca3e10e0858afac6,PMC9633814_CORE_FACILITY_1,P11021,PMC9633814_CORE_FACILITY_1,0.7333333333333333,0.5310281552780002
T194_OUTER_01,PMC9633814_CORE_FACILITY_1,CONSTANT_TRAINING_MEAN,T194_3f6cba5e31c00ad0c67d,PMC9633814_CORE_FACILITY_1,Q9H4B7,PMC9633814_CORE_FACILITY_1,0.925,0.5310281552780002
T194_OUTER_01,PMC9633814_CORE_FACILITY_1,CONSTANT_TRAINING_MEAN,T194_430fbb88f09d394f8ac9,PMC9633814_CORE_FACILITY_1,P05556,PMC9633814_CORE_FACILITY_1,0.6541666666666667,0.5310281552780002
T194_OUTER_01,PMC9633814_CORE_FACILITY_1,CONSTANT_TRAINING_MEAN,T194_45a2108c41b8418fd128,PMC9633814_CORE_FACILITY_1,Q14247,PMC9633814_CORE_FACILITY_1,0.36041666666666666,0.5310281552780002
T194_OUTER_01,PMC9633814_CORE_FACILITY_1,CONSTANT_TRAINING_MEAN,T194_4de6c9c2c745b8395105,PMC9633814_CORE_FACILITY_1,Q27J81,PMC9633814_CORE_FACILITY_1,0.8520833333333333,0.5310281552780002
T194_OUTER_01,PMC9633814_CORE_FACILITY_1,CONSTANT_TRAINING_MEAN,T194_5459b36a8189e8b28d32,PMC9633814_CORE_FACILITY_1,P11413,PMC9633814_CORE_FACILITY_1,0.4354166666666667,0.5310281552780002
T194_OUTER_01,PMC9633814_CORE_FACILITY_1,CONSTANT_TRAINING_MEAN,T194_58c118c6292fd73c1b7c,PMC9633814_CORE_FACILITY_1,Q93084,PMC9633814_CORE_FACILITY_1,0.90625,0.5310281552780002
T194_OUTER_01,PMC9633814_CORE_FACILITY_1,CONSTANT_TRAINING_MEAN,T194_5c09585b2d928aab30dc,PMC9633814_CORE_FACILITY_1,P26641,PMC9633814_CORE_FACILITY_1,0.16041666666666668,0.5310281552780002
T194_OUTER_01,PMC9633814_CORE_FACILITY_1,CONSTANT_TRAINING_MEAN,T194_5c1c7f4aa2aa7c4ae2fd,PMC9633814_CORE_FACILITY_1,P68366,PMC9633814_CORE_FACILITY_1,0.6791666666666667,0.5310281552780002
T194_OUTER_01,PMC9633814_CORE_FACILITY_1,CONSTANT_TRAINING_MEAN,T194_5f65770ead3ad62545fb,PMC9633814_CORE_FACILITY_1,P61981,PMC9633814_CORE_FACILITY_1,0.058333333333333334,0.5310281552780002
T194_OUTER_01,PMC9633814_CORE_FACILITY_1,CONSTANT_TRAINING_MEAN,T194_6143b8353b59befaa55a,PMC9633814_CORE_FACILITY_1,O00151,PMC9633814_CORE_FACILITY_1,0.4583333333333333,0.5310281552780002
T194_OUTER_01,PMC9633814_CORE_FACILITY_1,CONSTANT_TRAINING_MEAN,T194_6851c65539450afc2a15,PMC9633814_CORE_FACILITY_1,P04264,PMC9633814_CORE_FACILITY_1,0.9479166666666666,0.5310281552780002
T194_OUTER_01,PMC9633814_CORE_FACILITY_1,CONSTANT_TRAINING_MEAN,T194_6baf3b4139d844063319,PMC9633814_CORE_FACILITY_1,P55072,PMC9633814_CORE_FACILITY_1,0.8104166666666667,0.5310281552780002
T194_OUTER_01,PMC9633814_CORE_FACILITY_1,CONSTANT_TRAINING_MEAN,T194_6d7620744a99ddc8b350,PMC9633814_CORE_FACILITY_1,P37802,PMC9633814_CORE_FACILITY_1,0.2791666666666667,0.5310281552780002
T194_OUTER_01,PMC9633814_CORE_FACILITY_1,CONSTANT_TRAINING_MEAN,T194_6eb9c86562d1e4dfb2db,PMC9633814_CORE_FACILITY_1,P04844,PMC9633814_CORE_FACILITY_1,0.7208333333333333,0.5310281552780002
T194_OUTER_01,PMC9633814_CORE_FACILITY_1,CONSTANT_TRAINING_MEAN,T194_72e04929d58079ecf4a4,PMC9633814_CORE_FACILITY_1,P30101,PMC9633814_CORE_FACILITY_1,0.50625,0.5310281552780002
T194_OUTER_01,PMC9633814_CORE_FACILITY_1,CONSTANT_TRAINING_MEAN,T194_75978e9842db748c7226,PMC9633814_CORE_FACILITY_1,P13796,PMC9633814_CORE_FACILITY_1,0.63125,0.5310281552780002
T194_OUTER_01,PMC9633814_CORE_FACILITY_1,CONSTANT_TRAINING_MEAN,T194_783300bc307d7e4eb054,PMC9633814_CORE_FACILITY_1,P26038,PMC9633814_CORE_FACILITY_1,0.7104166666666667,0.5310281552780002
T194_OUTER_01,PMC9633814_CORE_FACILITY_1,CONSTANT_TRAINING_MEAN,T194_7f1ebee2ca4c04c4bcd6,PMC9633814_CORE_FACILITY_1,Q70J99,PMC9633814_CORE_FACILITY_1,0.7645833333333333,0.5310281552780002
T194_OUTER_01,PMC9633814_CORE_FACILITY_1,CONSTANT_TRAINING_MEAN,T194_8272d47e9cb6f8244ad9,PMC9633814_CORE_FACILITY_1,P27797,PMC9633814_CORE_FACILITY_1,0.36666666666666664,0.5310281552780002
T194_OUTER_01,PMC9633814_CORE_FACILITY_1,CONSTANT_TRAINING_MEAN,T194_8c998a51ae2fcdf2c16f,PMC9633814_CORE_FACILITY_1,Q9NY65,PMC9633814_CORE_FACILITY_1,0.41041666666666665,0.5310281552780002
T194_OUTER_01,PMC9633814_CORE_FACILITY_1,CONSTANT_TRAINING_MEAN,T194_8d3c589b5b5981d840fa,PMC9633814_CORE_FACILITY_1,Q7L576,PMC9633814_CORE_FACILITY_1,0.84375,0.5310281552780002
T194_OUTER_01,PMC9633814_CORE_FACILITY_1,CONSTANT_TRAINING_MEAN,T194_95e9b7516c4c237c4638,PMC9633814_CORE_FACILITY_1,Q9NQC3,PMC9633814_CORE_FACILITY_1,0.8,0.5310281552780002
T194_OUTER_01,PMC9633814_CORE_FACILITY_1,CONSTANT_TRAINING_MEAN,T194_98ccddc962cb7281d851,PMC9633814_CORE_FACILITY_1,Q9HDC9,PMC9633814_CORE_FACILITY_1,0.7166666666666667,0.5310281552780002
T194_OUTER_01,PMC9633814_CORE_FACILITY_1,CONSTANT_TRAINING_MEAN,T194_9971e44cbffb0858f7db,PMC9633814_CORE_FACILITY_1,Q16543,PMC9633814_CORE_FACILITY_1,0.13125,0.5310281552780002
T194_OUTER_01,PMC9633814_CORE_FACILITY_1,CONSTANT_TRAINING_MEAN,T194_9acbd0cac4154e6e3ccc,PMC9633814_CORE_FACILITY_1,O00299,PMC9633814_CORE_FACILITY_1,0.20208333333333334,0.5310281552780002
T194_OUTER_01,PMC9633814_CORE_FACILITY_1,CONSTANT_TRAINING_MEAN,T194_9b96af2b58c8015cc53d,PMC9633814_CORE_FACILITY_1,P06576,PMC9633814_CORE_FACILITY_1,0.9041666666666667,0.5310281552780002
T194_OUTER_01,PMC9633814_CORE_FACILITY_1,CONSTANT_TRAINING_MEAN,T194_9bc9e8922e8096020283,PMC9633814_CORE_FACILITY_1,P50991,PMC9633814_CORE_FACILITY_1,0.35208333333333336,0.5310281552780002
T194_OUTER_01,PMC9633814_CORE_FACILITY_1,CONSTANT_TRAINING_MEAN,T194_9f16d0911a0a7c0b26b1,PMC9633814_CORE_FACILITY_1,P30044,PMC9633814_CORE_FACILITY_1,0.041666666666666664,0.5310281552780002
T194_OUTER_01,PMC9633814_CORE_FACILITY_1,CONSTANT_TRAINING_MEAN,T194_a0d09a5f46e60a9404cb,PMC9633814_CORE_FACILITY_1,P00387,PMC9633814_CORE_FACILITY_1,0.5270833333333333,0.5310281552780002
T194_OUTER_01,PMC9633814_CORE_FACILITY_1,CONSTANT_TRAINING_MEAN,T194_a2068be5b5bad020a097,PMC9633814_CORE_FACILITY_1,Q15365,PMC9633814_CORE_FACILITY_1,0.1625,0.5310281552780002
T194_OUTER_01,PMC9633814_CORE_FACILITY_1,CONSTANT_TRAINING_MEAN,T194_a3207ae4740ab13b03cc,PMC9633814_CORE_FACILITY_1,P68363,PMC9633814_CORE_FACILITY_1,0.93125,0.5310281552780002
T194_OUTER_01,PMC9633814_CORE_FACILITY_1,CONSTANT_TRAINING_MEAN,T194_aa1560fc6e1618910b27,PMC9633814_CORE_FACILITY_1,P62805,PMC9633814_CORE_FACILITY_1,0.0,0.5310281552780002
T194_OUTER_01,PMC9633814_CORE_FACILITY_1,CONSTANT_TRAINING_MEAN,T194_ace5c67e9bb48ec5a778,PMC9633814_CORE_FACILITY_1,Q8TC12,PMC9633814_CORE_FACILITY_1,0.3770833333333333,0.5310281552780002
T194_OUTER_01,PMC9633814_CORE_FACILITY_1,CONSTANT_TRAINING_MEAN,T194_af7a2a88e903dd6efe42,PMC9633814_CORE_FACILITY_1,Q86VP6,PMC9633814_CORE_FACILITY_1,0.7895833333333333,0.5310281552780002
T194_OUTER_01,PMC9633814_CORE_FACILITY_1,CONSTANT_TRAINING_MEAN,T194_b8790a9519902a322d1b,PMC9633814_CORE_FACILITY_1,O15145,PMC9633814_CORE_FACILITY_1,0.25625,0.5310281552780002
T194_OUTER_01,PMC9633814_CORE_FACILITY_1,CONSTANT_TRAINING_MEAN,T194_ba80190ecdb0504dd9b9,PMC9633814_CORE_FACILITY_1,Q15084,PMC9633814_CORE_FACILITY_1,0.4083333333333333,0.5310281552780002
T194_OUTER_01,PMC9633814_CORE_FACILITY_1,CONSTANT_TRAINING_MEAN,T194_bbbeeb1b63ed70f7335e,PMC9633814_CORE_FACILITY_1,P27348,PMC9633814_CORE_FACILITY_1,0.36875,0.5310281552780002
T194_OUTER_01,PMC9633814_CORE_FACILITY_1,CONSTANT_TRAINING_MEAN,T194_bc2675218d3c09df6865,PMC9633814_CORE_FACILITY_1,P24844,PMC9633814_CORE_FACILITY_1,0.008333333333333333,0.5310281552780002
T194_OUTER_01,PMC9633814_CORE_FACILITY_1,CONSTANT_TRAINING_MEAN,T194_bd40f01c5e47f0118d6d,PMC9633814_CORE_FACILITY_1,P30048,PMC9633814_CORE_FACILITY_1,0.15,0.5310281552780002
T194_OUTER_01,PMC9633814_CORE_FACILITY_1,CONSTANT_TRAINING_MEAN,T194_c35b2ac3240bc3db2074,PMC9633814_CORE_FACILITY_1,Q16643,PMC9633814_CORE_FACILITY_1,0.6166666666666667,0.5310281552780002
T194_OUTER_01,PMC9633814_CORE_FACILITY_1,CONSTANT_TRAINING_MEAN,T194_c7398e522a0aa7d17083,PMC9633814_CORE_FACILITY_1,Q15942,PMC9633814_CORE_FACILITY_1,0.5020833333333333,0.5310281552780002
T194_OUTER_01,PMC9633814_CORE_FACILITY_1,CONSTANT_TRAINING_MEAN,T194_cc0347120475507096eb,PMC9633814_CORE_FACILITY_1,P61026,PMC9633814_CORE_FACILITY_1,0.07083333333333333,0.5310281552780002
T194_OUTER_01,PMC9633814_CORE_FACILITY_1,CONSTANT_TRAINING_MEAN,T194_cc3da4e803c073830070,PMC9633814_CORE_FACILITY_1,P06396,PMC9633814_CORE_FACILITY_1,0.95,0.5310281552780002
T194_OUTER_01,PMC9633814_CORE_FACILITY_1,CONSTANT_TRAINING_MEAN,T194_d11e1cef48bbf5e5cc24,PMC9633814_CORE_FACILITY_1,P30041,PMC9633814_CORE_FACILITY_1,0.35625,0.5310281552780002
T194_OUTER_01,PMC9633814_CORE_FACILITY_1,CONSTANT_TRAINING_MEAN,T194_d877d1754a38172ee378,PMC9633814_CORE_FACILITY_1,P14868,PMC9633814_CORE_FACILITY_1,0.23958333333333334,0.5310281552780002
T194_OUTER_01,PMC9633814_CORE_FACILITY_1,CONSTANT_TRAINING_MEAN,T194_d9ffb29583df7dda84b3,PMC9633814_CORE_FACILITY_1,P53396,PMC9633814_CORE_FACILITY_1,0.66875,0.5310281552780002
T194_OUTER_01,PMC9633814_CORE_FACILITY_1,CONSTANT_TRAINING_MEAN,T194_dd7a118fdb4e70677e65,PMC9633814_CORE_FACILITY_1,P05023,PMC9633814_CORE_FACILITY_1,0.76875,0.5310281552780002
T194_OUTER_01,PMC9633814_CORE_FACILITY_1,CONSTANT_TRAINING_MEAN,T194_ddabb125bea127b68b1c,PMC9633814_CORE_FACILITY_1,P49411,PMC9633814_CORE_FACILITY_1,0.58125,0.5310281552780002
T194_OUTER_01,PMC9633814_CORE_FACILITY_1,CONSTANT_TRAINING_MEAN,T194_e2b31ee3d39623c359d9,PMC9633814_CORE_FACILITY_1,Q99832,PMC9633814_CORE_FACILITY_1,0.42083333333333334,0.5310281552780002
T194_OUTER_01,PMC9633814_CORE_FACILITY_1,CONSTANT_TRAINING_MEAN,T194_e5b6a3bc026df3c61784,PMC9633814_CORE_FACILITY_1,Q16762,PMC9633814_CORE_FACILITY_1,0.14375,0.5310281552780002
T194_OUTER_01,PMC9633814_CORE_FACILITY_1,CONSTANT_TRAINING_MEAN,T194_eb4c157e634d9878d49f,PMC9633814_CORE_FACILITY_1,P52907,PMC9633814_CORE_FACILITY_1,0.625,0.5310281552780002
T194_OUTER_01,PMC9633814_CORE_FACILITY_1,CONSTANT_TRAINING_MEAN,T194_ef9bcb4d4e7f73ee327c,PMC9633814_CORE_FACILITY_1,Q9NRW1,PMC9633814_CORE_FACILITY_1,0.07916666666666666,0.5310281552780002
T194_OUTER_01,PMC9633814_CORE_FACILITY_1,CONSTANT_TRAINING_MEAN,T194_f0efd6ab76825eaf7418,PMC9633814_CORE_FACILITY_1,Q9NS28,PMC9633814_CORE_FACILITY_1,0.12291666666666666,0.5310281552780002
T194_OUTER_01,PMC9633814_CORE_FACILITY_1,CONSTANT_TRAINING_MEAN,T194_f730f9de7ea20705cdcf,PMC9633814_CORE_FACILITY_1,Q9BSJ8,PMC9633814_CORE_FACILITY_1,0.8083333333333333,0.5310281552780002
T194_OUTER_01,PMC9633814_CORE_FACILITY_1,CONSTANT_TRAINING_MEAN,T194_f933333ba05d5ae7ed16,PMC9633814_CORE_FACILITY_1,P38646,PMC9633814_CORE_FACILITY_1,0.6375,0.5310281552780002
T194_OUTER_01,PMC9633814_CORE_FACILITY_1,SEQUENCE_RIDGE_FULL,T194_06b20e804f0fc9c7afa5,PMC9633814_CORE_FACILITY_1,O75083,PMC9633814_CORE_FACILITY_1,0.48125,0.5298661965412561
T194_OUTER_01,PMC9633814_CORE_FACILITY_1,SEQUENCE_RIDGE_FULL,T194_0bf047d6b483540c3ff7,PMC9633814_CORE_FACILITY_1,P10599,PMC9633814_CORE_FACILITY_1,0.0020833333333333333,0.4521230914645859
T194_OUTER_01,PMC9633814_CORE_FACILITY_1,SEQUENCE_RIDGE_FULL,T194_0ce452dc772e75d4e126,PMC9633814_CORE_FACILITY_1,P10809,PMC9633814_CORE_FACILITY_1,0.81875,0.4376242795959354
T194_OUTER_01,PMC9633814_CORE_FACILITY_1,SEQUENCE_RIDGE_FULL,T194_1b6d1cecb8a95418305c,PMC9633814_CORE_FACILITY_1,P10644,PMC9633814_CORE_FACILITY_1,0.12083333333333333,0.5127633965843841
T194_OUTER_01,PMC9633814_CORE_FACILITY_1,SEQUENCE_RIDGE_FULL,T194_203f3ab0eb95595b6370,PMC9633814_CORE_FACILITY_1,P16615,PMC9633814_CORE_FACILITY_1,0.8541666666666666,0.6031723575682668
T194_OUTER_01,PMC9633814_CORE_FACILITY_1,SEQUENCE_RIDGE_FULL,T194_2366f58954737f2f0dbf,PMC9633814_CORE_FACILITY_1,O00410,PMC9633814_CORE_FACILITY_1,0.5791666666666667,0.5238855697387832
T194_OUTER_01,PMC9633814_CORE_FACILITY_1,SEQUENCE_RIDGE_FULL,T194_2dfd7e37a4f21fd9c794,PMC9633814_CORE_FACILITY_1,P61106,PMC9633814_CORE_FACILITY_1,0.24375,0.5377533418332713
T194_OUTER_01,PMC9633814_CORE_FACILITY_1,SEQUENCE_RIDGE_FULL,T194_2e55064392dd4bfde759,PMC9633814_CORE_FACILITY_1,P11166,PMC9633814_CORE_FACILITY_1,0.7875,0.5913663801788057
T194_OUTER_01,PMC9633814_CORE_FACILITY_1,SEQUENCE_RIDGE_FULL,T194_301ac66523cbe9ba1af9,PMC9633814_CORE_FACILITY_1,O00187,PMC9633814_CORE_FACILITY_1,0.5291666666666667,0.6980945497939542
T194_OUTER_01,PMC9633814_CORE_FACILITY_1,SEQUENCE_RIDGE_FULL,T194_33d51990a4d61d241e05,PMC9633814_CORE_FACILITY_1,P04004,PMC9633814_CORE_FACILITY_1,0.9270833333333334,0.6037240872857039
T194_OUTER_01,PMC9633814_CORE_FACILITY_1,SEQUENCE_RIDGE_FULL,T194_3681ca3e10e0858afac6,PMC9633814_CORE_FACILITY_1,P11021,PMC9633814_CORE_FACILITY_1,0.7333333333333333,0.563104391188856
T194_OUTER_01,PMC9633814_CORE_FACILITY_1,SEQUENCE_RIDGE_FULL,T194_3f6cba5e31c00ad0c67d,PMC9633814_CORE_FACILITY_1,Q9H4B7,PMC9633814_CORE_FACILITY_1,0.925,0.6471458105737087
T194_OUTER_01,PMC9633814_CORE_FACILITY_1,SEQUENCE_RIDGE_FULL,T194_430fbb88f09d394f8ac9,PMC9633814_CORE_FACILITY_1,P05556,PMC9633814_CORE_FACILITY_1,0.6541666666666667,0.7871468224230999
T194_OUTER_01,PMC9633814_CORE_FACILITY_1,SEQUENCE_RIDGE_FULL,T194_45a2108c41b8418fd128,PMC9633814_CORE_FACILITY_1,Q14247,PMC9633814_CORE_FACILITY_1,0.36041666666666666,0.532085544076807
T194_OUTER_01,PMC9633814_CORE_FACILITY_1,SEQUENCE_RIDGE_FULL,T194_4de6c9c2c745b8395105,PMC9633814_CORE_FACILITY_1,Q27J81,PMC9633814_CORE_FACILITY_1,0.8520833333333333,0.5762014710227392
T194_OUTER_01,PMC9633814_CORE_FACILITY_1,SEQUENCE_RIDGE_FULL,T194_5459b36a8189e8b28d32,PMC9633814_CORE_FACILITY_1,P11413,PMC9633814_CORE_FACILITY_1,0.4354166666666667,0.5751866774390338
T194_OUTER_01,PMC9633814_CORE_FACILITY_1,SEQUENCE_RIDGE_FULL,T194_58c118c6292fd73c1b7c,PMC9633814_CORE_FACILITY_1,Q93084,PMC9633814_CORE_FACILITY_1,0.90625,0.6338267967786457
T194_OUTER_01,PMC9633814_CORE_FACILITY_1,SEQUENCE_RIDGE_FULL,T194_5c09585b2d928aab30dc,PMC9633814_CORE_FACILITY_1,P26641,PMC9633814_CORE_FACILITY_1,0.16041666666666668,0.4783870028296424
T194_OUTER_01,PMC9633814_CORE_FACILITY_1,SEQUENCE_RIDGE_FULL,T194_5c1c7f4aa2aa7c4ae2fd,PMC9633814_CORE_FACILITY_1,P68366,PMC9633814_CORE_FACILITY_1,0.6791666666666667,0.6760560566517185
T194_OUTER_01,PMC9633814_CORE_FACILITY_1,SEQUENCE_RIDGE_FULL,T194_5f65770ead3ad62545fb,PMC9633814_CORE_FACILITY_1,P61981,PMC9633814_CORE_FACILITY_1,0.058333333333333334,0.3943640154291067
T194_OUTER_01,PMC9633814_CORE_FACILITY_1,SEQUENCE_RIDGE_FULL,T194_6143b8353b59befaa55a,PMC9633814_CORE_FACILITY_1,O00151,PMC9633814_CORE_FACILITY_1,0.4583333333333333,0.5626713098145973
T194_OUTER_01,PMC9633814_CORE_FACILITY_1,SEQUENCE_RIDGE_FULL,T194_6851c65539450afc2a15,PMC9633814_CORE_FACILITY_1,P04264,PMC9633814_CORE_FACILITY_1,0.9479166666666666,0.8178497777429187
T194_OUTER_01,PMC9633814_CORE_FACILITY_1,SEQUENCE_RIDGE_FULL,T194_6baf3b4139d844063319,PMC9633814_CORE_FACILITY_1,P55072,PMC9633814_CORE_FACILITY_1,0.8104166666666667,0.5902874202518656
T194_OUTER_01,PMC9633814_CORE_FACILITY_1,SEQUENCE_RIDGE_FULL,T194_6d7620744a99ddc8b350,PMC9633814_CORE_FACILITY_1,P37802,PMC9633814_CORE_FACILITY_1,0.2791666666666667,0.4807558165464851
T194_OUTER_01,PMC9633814_CORE_FACILITY_1,SEQUENCE_RIDGE_FULL,T194_6eb9c86562d1e4dfb2db,PMC9633814_CORE_FACILITY_1,P04844,PMC9633814_CORE_FACILITY_1,0.7208333333333333,0.5231033500635985
T194_OUTER_01,PMC9633814_CORE_FACILITY_1,SEQUENCE_RIDGE_FULL,T194_72e04929d58079ecf4a4,PMC9633814_CORE_FACILITY_1,P30101,PMC9633814_CORE_FACILITY_1,0.50625,0.48113358795707384
T194_OUTER_01,PMC9633814_CORE_FACILITY_1,SEQUENCE_RIDGE_FULL,T194_75978e9842db748c7226,PMC9633814_CORE_FACILITY_1,P13796,PMC9633814_CORE_FACILITY_1,0.63125,0.4870329066581229
T194_OUTER_01,PMC9633814_CORE_FACILITY_1,SEQUENCE_RIDGE_FULL,T194_783300bc307d7e4eb054,PMC9633814_CORE_FACILITY_1,P26038,PMC9633814_CORE_FACILITY_1,0.7104166666666667,0.3277421527067297
T194_OUTER_01,PMC9633814_CORE_FACILITY_1,SEQUENCE_RIDGE_FULL,T194_7f1ebee2ca4c04c4bcd6,PMC9633814_CORE_FACILITY_1,Q70J99,PMC9633814_CORE_FACILITY_1,0.7645833333333333,0.5602863687860776
T194_OUTER_01,PMC9633814_CORE_FACILITY_1,SEQUENCE_RIDGE_FULL,T194_8272d47e9cb6f8244ad9,PMC9633814_CORE_FACILITY_1,P27797,PMC9633814_CORE_FACILITY_1,0.36666666666666664,0.46354487428532487
T194_OUTER_01,PMC9633814_CORE_FACILITY_1,SEQUENCE_RIDGE_FULL,T194_8c998a51ae2fcdf2c16f,PMC9633814_CORE_FACILITY_1,Q9NY65,PMC9633814_CORE_FACILITY_1,0.41041666666666665,0.6695444656393928
T194_OUTER_01,PMC9633814_CORE_FACILITY_1,SEQUENCE_RIDGE_FULL,T194_8d3c589b5b5981d840fa,PMC9633814_CORE_FACILITY_1,Q7L576,PMC9633814_CORE_FACILITY_1,0.84375,0.5445097919860361
T194_OUTER_01,PMC9633814_CORE_FACILITY_1,SEQUENCE_RIDGE_FULL,T194_95e9b7516c4c237c4638,PMC9633814_CORE_FACILITY_1,Q9NQC3,PMC9633814_CORE_FACILITY_1,0.8,0.5321856566450451
T194_OUTER_01,PMC9633814_CORE_FACILITY_1,SEQUENCE_RIDGE_FULL,T194_98ccddc962cb7281d851,PMC9633814_CORE_FACILITY_1,Q9HDC9,PMC9633814_CORE_FACILITY_1,0.7166666666666667,0.5482497702312961
T194_OUTER_01,PMC9633814_CORE_FACILITY_1,SEQUENCE_RIDGE_FULL,T194_9971e44cbffb0858f7db,PMC9633814_CORE_FACILITY_1,Q16543,PMC9633814_CORE_FACILITY_1,0.13125,0.38888165146979053
T194_OUTER_01,PMC9633814_CORE_FACILITY_1,SEQUENCE_RIDGE_FULL,T194_9acbd0cac4154e6e3ccc,PMC9633814_CORE_FACILITY_1,O00299,PMC9633814_CORE_FACILITY_1,0.20208333333333334,0.5834693494241403
T194_OUTER_01,PMC9633814_CORE_FACILITY_1,SEQUENCE_RIDGE_FULL,T194_9b96af2b58c8015cc53d,PMC9633814_CORE_FACILITY_1,P06576,PMC9633814_CORE_FACILITY_1,0.9041666666666667,0.5683826329315146
T194_OUTER_01,PMC9633814_CORE_FACILITY_1,SEQUENCE_RIDGE_FULL,T194_9bc9e8922e8096020283,PMC9633814_CORE_FACILITY_1,P50991,PMC9633814_CORE_FACILITY_1,0.35208333333333336,0.3805321066043212
T194_OUTER_01,PMC9633814_CORE_FACILITY_1,SEQUENCE_RIDGE_FULL,T194_9f16d0911a0a7c0b26b1,PMC9633814_CORE_FACILITY_1,P30044,PMC9633814_CORE_FACILITY_1,0.041666666666666664,0.4439772472390616
T194_OUTER_01,PMC9633814_CORE_FACILITY_1,SEQUENCE_RIDGE_FULL,T194_a0d09a5f46e60a9404cb,PMC9633814_CORE_FACILITY_1,P00387,PMC9633814_CORE_FACILITY_1,0.5270833333333333,0.47777131953421265
T194_OUTER_01,PMC9633814_CORE_FACILITY_1,SEQUENCE_RIDGE_FULL,T194_a2068be5b5bad020a097,PMC9633814_CORE_FACILITY_1,Q15365,PMC9633814_CORE_FACILITY_1,0.1625,0.484475013138998
T194_OUTER_01,PMC9633814_CORE_FACILITY_1,SEQUENCE_RIDGE_FULL,T194_a3207ae4740ab13b03cc,PMC9633814_CORE_FACILITY_1,P68363,PMC9633814_CORE_FACILITY_1,0.93125,0.6960398042813348
T194_OUTER_01,PMC9633814_CORE_FACILITY_1,SEQUENCE_RIDGE_FULL,T194_aa1560fc6e1618910b27,PMC9633814_CORE_FACILITY_1,P62805,PMC9633814_CORE_FACILITY_1,0.0,0.4707953509373263
T194_OUTER_01,PMC9633814_CORE_FACILITY_1,SEQUENCE_RIDGE_FULL,T194_ace5c67e9bb48ec5a778,PMC9633814_CORE_FACILITY_1,Q8TC12,PMC9633814_CORE_FACILITY_1,0.3770833333333333,0.43584065433547065
T194_OUTER_01,PMC9633814_CORE_FACILITY_1,SEQUENCE_RIDGE_FULL,T194_af7a2a88e903dd6efe42,PMC9633814_CORE_FACILITY_1,Q86VP6,PMC9633814_CORE_FACILITY_1,0.7895833333333333,0.4932642609537114
T194_OUTER_01,PMC9633814_CORE_FACILITY_1,SEQUENCE_RIDGE_FULL,T194_b8790a9519902a322d1b,PMC9633814_CORE_FACILITY_1,O15145,PMC9633814_CORE_FACILITY_1,0.25625,0.39563655179097035
T194_OUTER_01,PMC9633814_CORE_FACILITY_1,SEQUENCE_RIDGE_FULL,T194_ba80190ecdb0504dd9b9,PMC9633814_CORE_FACILITY_1,Q15084,PMC9633814_CORE_FACILITY_1,0.4083333333333333,0.42808852593602964
T194_OUTER_01,PMC9633814_CORE_FACILITY_1,SEQUENCE_RIDGE_FULL,T194_bbbeeb1b63ed70f7335e,PMC9633814_CORE_FACILITY_1,P27348,PMC9633814_CORE_FACILITY_1,0.36875,0.3719697671494174
T194_OUTER_01,PMC9633814_CORE_FACILITY_1,SEQUENCE_RIDGE_FULL,T194_bc2675218d3c09df6865,PMC9633814_CORE_FACILITY_1,P24844,PMC9633814_CORE_FACILITY_1,0.008333333333333333,0.5363481395799482
T194_OUTER_01,PMC9633814_CORE_FACILITY_1,SEQUENCE_RIDGE_FULL,T194_bd40f01c5e47f0118d6d,PMC9633814_CORE_FACILITY_1,P30048,PMC9633814_CORE_FACILITY_1,0.15,0.44875616057692247
T194_OUTER_01,PMC9633814_CORE_FACILITY_1,SEQUENCE_RIDGE_FULL,T194_c35b2ac3240bc3db2074,PMC9633814_CORE_FACILITY_1,Q16643,PMC9633814_CORE_FACILITY_1,0.6166666666666667,0.6603963906508497
T194_OUTER_01,PMC9633814_CORE_FACILITY_1,SEQUENCE_RIDGE_FULL,T194_c7398e522a0aa7d17083,PMC9633814_CORE_FACILITY_1,Q15942,PMC9633814_CORE_FACILITY_1,0.5020833333333333,0.6764026772959367
T194_OUTER_01,PMC9633814_CORE_FACILITY_1,SEQUENCE_RIDGE_FULL,T194_cc0347120475507096eb,PMC9633814_CORE_FACILITY_1,P61026,PMC9633814_CORE_FACILITY_1,0.07083333333333333,0.40132042210540286
T194_OUTER_01,PMC9633814_CORE_FACILITY_1,SEQUENCE_RIDGE_FULL,T194_cc3da4e803c073830070,PMC9633814_CORE_FACILITY_1,P06396,PMC9633814_CORE_FACILITY_1,0.95,0.5611871202657791
T194_OUTER_01,PMC9633814_CORE_FACILITY_1,SEQUENCE_RIDGE_FULL,T194_d11e1cef48bbf5e5cc24,PMC9633814_CORE_FACILITY_1,P30041,PMC9633814_CORE_FACILITY_1,0.35625,0.41185082672763623
T194_OUTER_01,PMC9633814_CORE_FACILITY_1,SEQUENCE_RIDGE_FULL,T194_d877d1754a38172ee378,PMC9633814_CORE_FACILITY_1,P14868,PMC9633814_CORE_FACILITY_1,0.23958333333333334,0.570113007479458
T194_OUTER_01,PMC9633814_CORE_FACILITY_1,SEQUENCE_RIDGE_FULL,T194_d9ffb29583df7dda84b3,PMC9633814_CORE_FACILITY_1,P53396,PMC9633814_CORE_FACILITY_1,0.66875,0.6230500145992958
T194_OUTER_01,PMC9633814_CORE_FACILITY_1,SEQUENCE_RIDGE_FULL,T194_dd7a118fdb4e70677e65,PMC9633814_CORE_FACILITY_1,P05023,PMC9633814_CORE_FACILITY_1,0.76875,0.6209685590033924
T194_OUTER_01,PMC9633814_CORE_FACILITY_1,SEQUENCE_RIDGE_FULL,T194_ddabb125bea127b68b1c,PMC9633814_CORE_FACILITY_1,P49411,PMC9633814_CORE_FACILITY_1,0.58125,0.5547265274072305
T194_OUTER_01,PMC9633814_CORE_FACILITY_1,SEQUENCE_RIDGE_FULL,T194_e2b31ee3d39623c359d9,PMC9633814_CORE_FACILITY_1,Q99832,PMC9633814_CORE_FACILITY_1,0.42083333333333334,0.4307693788224419
T194_OUTER_01,PMC9633814_CORE_FACILITY_1,SEQUENCE_RIDGE_FULL,T194_e5b6a3bc026df3c61784,PMC9633814_CORE_FACILITY_1,Q16762,PMC9633814_CORE_FACILITY_1,0.14375,0.518146613021106
T194_OUTER_01,PMC9633814_CORE_FACILITY_1,SEQUENCE_RIDGE_FULL,T194_eb4c157e634d9878d49f,PMC9633814_CORE_FACILITY_1,P52907,PMC9633814_CORE_FACILITY_1,0.625,0.5111620696243963
T194_OUTER_01,PMC9633814_CORE_FACILITY_1,SEQUENCE_RIDGE_FULL,T194_ef9bcb4d4e7f73ee327c,PMC9633814_CORE_FACILITY_1,Q9NRW1,PMC9633814_CORE_FACILITY_1,0.07916666666666666,0.4429820981614563
T194_OUTER_01,PMC9633814_CORE_FACILITY_1,SEQUENCE_RIDGE_FULL,T194_f0efd6ab76825eaf7418,PMC9633814_CORE_FACILITY_1,Q9NS28,PMC9633814_CORE_FACILITY_1,0.12291666666666666,0.40903910573213004
T194_OUTER_01,PMC9633814_CORE_FACILITY_1,SEQUENCE_RIDGE_FULL,T194_f730f9de7ea20705cdcf,PMC9633814_CORE_FACILITY_1,Q9BSJ8,PMC9633814_CORE_FACILITY_1,0.8083333333333333,0.5008300369467714
T194_OUTER_01,PMC9633814_CORE_FACILITY_1,SEQUENCE_RIDGE_FULL,T194_f933333ba05d5ae7ed16,PMC9633814_CORE_FACILITY_1,P38646,PMC9633814_CORE_FACILITY_1,0.6375,0.5075315375784929
T194_OUTER_01,PMC9633814_CORE_FACILITY_1,SEQUENCE_RIDGE_COMPOSITION_ONLY,T194_06b20e804f0fc9c7afa5,PMC9633814_CORE_FACILITY_1,O75083,PMC9633814_CORE_FACILITY_1,0.48125,0.519580704815145
T194_OUTER_01,PMC9633814_CORE_FACILITY_1,SEQUENCE_RIDGE_COMPOSITION_ONLY,T194_0bf047d6b483540c3ff7,PMC9633814_CORE_FACILITY_1,P10599,PMC9633814_CORE_FACILITY_1,0.0020833333333333333,0.5071568167153849
T194_OUTER_01,PMC9633814_CORE_FACILITY_1,SEQUENCE_RIDGE_COMPOSITION_ONLY,T194_0ce452dc772e75d4e126,PMC9633814_CORE_FACILITY_1,P10809,PMC9633814_CORE_FACILITY_1,0.81875,0.4274014702064539
T194_OUTER_01,PMC9633814_CORE_FACILITY_1,SEQUENCE_RIDGE_COMPOSITION_ONLY,T194_1b6d1cecb8a95418305c,PMC9633814_CORE_FACILITY_1,P10644,PMC9633814_CORE_FACILITY_1,0.12083333333333333,0.564524617016642
T194_OUTER_01,PMC9633814_CORE_FACILITY_1,SEQUENCE_RIDGE_COMPOSITION_ONLY,T194_203f3ab0eb95595b6370,PMC9633814_CORE_FACILITY_1,P16615,PMC9633814_CORE_FACILITY_1,0.8541666666666666,0.5363853629471029
T194_OUTER_01,PMC9633814_CORE_FACILITY_1,SEQUENCE_RIDGE_COMPOSITION_ONLY,T194_2366f58954737f2f0dbf,PMC9633814_CORE_FACILITY_1,O00410,PMC9633814_CORE_FACILITY_1,0.5791666666666667,0.46725633814682566
T194_OUTER_01,PMC9633814_CORE_FACILITY_1,SEQUENCE_RIDGE_COMPOSITION_ONLY,T194_2dfd7e37a4f21fd9c794,PMC9633814_CORE_FACILITY_1,P61106,PMC9633814_CORE_FACILITY_1,0.24375,0.556244328889736
T194_OUTER_01,PMC9633814_CORE_FACILITY_1,SEQUENCE_RIDGE_COMPOSITION_ONLY,T194_2e55064392dd4bfde759,PMC9633814_CORE_FACILITY_1,P11166,PMC9633814_CORE_FACILITY_1,0.7875,0.5802512415951108
T194_OUTER_01,PMC9633814_CORE_FACILITY_1,SEQUENCE_RIDGE_COMPOSITION_ONLY,T194_301ac66523cbe9ba1af9,PMC9633814_CORE_FACILITY_1,O00187,PMC9633814_CORE_FACILITY_1,0.5291666666666667,0.6577238019624974
T194_OUTER_01,PMC9633814_CORE_FACILITY_1,SEQUENCE_RIDGE_COMPOSITION_ONLY,T194_33d51990a4d61d241e05,PMC9633814_CORE_FACILITY_1,P04004,PMC9633814_CORE_FACILITY_1,0.9270833333333334,0.6213461066506236
T194_OUTER_01,PMC9633814_CORE_FACILITY_1,SEQUENCE_RIDGE_COMPOSITION_ONLY,T194_3681ca3e10e0858afac6,PMC9633814_CORE_FACILITY_1,P11021,PMC9633814_CORE_FACILITY_1,0.7333333333333333,0.5384625013081727
T194_OUTER_01,PMC9633814_CORE_FACILITY_1,SEQUENCE_RIDGE_COMPOSITION_ONLY,T194_3f6cba5e31c00ad0c67d,PMC9633814_CORE_FACILITY_1,Q9H4B7,PMC9633814_CORE_FACILITY_1,0.925,0.6621948704550861
T194_OUTER_01,PMC9633814_CORE_FACILITY_1,SEQUENCE_RIDGE_COMPOSITION_ONLY,T194_430fbb88f09d394f8ac9,PMC9633814_CORE_FACILITY_1,P05556,PMC9633814_CORE_FACILITY_1,0.6541666666666667,0.7772376934466857
T194_OUTER_01,PMC9633814_CORE_FACILITY_1,SEQUENCE_RIDGE_COMPOSITION_ONLY,T194_45a2108c41b8418fd128,PMC9633814_CORE_FACILITY_1,Q14247,PMC9633814_CORE_FACILITY_1,0.36041666666666666,0.4989195910830672
T194_OUTER_01,PMC9633814_CORE_FACILITY_1,SEQUENCE_RIDGE_COMPOSITION_ONLY,T194_4de6c9c2c745b8395105,PMC9633814_CORE_FACILITY_1,Q27J81,PMC9633814_CORE_FACILITY_1,0.8520833333333333,0.48855220476880235
T194_OUTER_01,PMC9633814_CORE_FACILITY_1,SEQUENCE_RIDGE_COMPOSITION_ONLY,T194_5459b36a8189e8b28d32,PMC9633814_CORE_FACILITY_1,P11413,PMC9633814_CORE_FACILITY_1,0.4354166666666667,0.5600923127243712
T194_OUTER_01,PMC9633814_CORE_FACILITY_1,SEQUENCE_RIDGE_COMPOSITION_ONLY,T194_58c118c6292fd73c1b7c,PMC9633814_CORE_FACILITY_1,Q93084,PMC9633814_CORE_FACILITY_1,0.90625,0.5732969092314125
T194_OUTER_01,PMC9633814_CORE_FACILITY_1,SEQUENCE_RIDGE_COMPOSITION_ONLY,T194_5c09585b2d928aab30dc,PMC9633814_CORE_FACILITY_1,P26641,PMC9633814_CORE_FACILITY_1,0.16041666666666668,0.45314582443798285
T194_OUTER_01,PMC9633814_CORE_FACILITY_1,SEQUENCE_RIDGE_COMPOSITION_ONLY,T194_5c1c7f4aa2aa7c4ae2fd,PMC9633814_CORE_FACILITY_1,P68366,PMC9633814_CORE_FACILITY_1,0.6791666666666667,0.6766872479094999
T194_OUTER_01,PMC9633814_CORE_FACILITY_1,SEQUENCE_RIDGE_COMPOSITION_ONLY,T194_5f65770ead3ad62545fb,PMC9633814_CORE_FACILITY_1,P61981,PMC9633814_CORE_FACILITY_1,0.058333333333333334,0.42769680760298145
T194_OUTER_01,PMC9633814_CORE_FACILITY_1,SEQUENCE_RIDGE_COMPOSITION_ONLY,T194_6143b8353b59befaa55a,PMC9633814_CORE_FACILITY_1,O00151,PMC9633814_CORE_FACILITY_1,0.4583333333333333,0.6161125504566928
T194_OUTER_01,PMC9633814_CORE_FACILITY_1,SEQUENCE_RIDGE_COMPOSITION_ONLY,T194_6851c65539450afc2a15,PMC9633814_CORE_FACILITY_1,P04264,PMC9633814_CORE_FACILITY_1,0.9479166666666666,0.7794635119388543
T194_OUTER_01,PMC9633814_CORE_FACILITY_1,SEQUENCE_RIDGE_COMPOSITION_ONLY,T194_6baf3b4139d844063319,PMC9633814_CORE_FACILITY_1,P55072,PMC9633814_CORE_FACILITY_1,0.8104166666666667,0.5750174013789493
T194_OUTER_01,PMC9633814_CORE_FACILITY_1,SEQUENCE_RIDGE_COMPOSITION_ONLY,T194_6d7620744a99ddc8b350,PMC9633814_CORE_FACILITY_1,P37802,PMC9633814_CORE_FACILITY_1,0.2791666666666667,0.5161039804966129
T194_OUTER_01,PMC9633814_CORE_FACILITY_1,SEQUENCE_RIDGE_COMPOSITION_ONLY,T194_6eb9c86562d1e4dfb2db,PMC9633814_CORE_FACILITY_1,P04844,PMC9633814_CORE_FACILITY_1,0.7208333333333333,0.5085089930490941
T194_OUTER_01,PMC9633814_CORE_FACILITY_1,SEQUENCE_RIDGE_COMPOSITION_ONLY,T194_72e04929d58079ecf4a4,PMC9633814_CORE_FACILITY_1,P30101,PMC9633814_CORE_FACILITY_1,0.50625,0.44618142370084335
T194_OUTER_01,PMC9633814_CORE_FACILITY_1,SEQUENCE_RIDGE_COMPOSITION_ONLY,T194_75978e9842db748c7226,PMC9633814_CORE_FACILITY_1,P13796,PMC9633814_CORE_FACILITY_1,0.63125,0.482030349110588
T194_OUTER_01,PMC9633814_CORE_FACILITY_1,SEQUENCE_RIDGE_COMPOSITION_ONLY,T194_783300bc307d7e4eb054,PMC9633814_CORE_FACILITY_1,P26038,PMC9633814_CORE_FACILITY_1,0.7104166666666667,0.31597224081131864
T194_OUTER_01,PMC9633814_CORE_FACILITY_1,SEQUENCE_RIDGE_COMPOSITION_ONLY,T194_7f1ebee2ca4c04c4bcd6,PMC9633814_CORE_FACILITY_1,Q70J99,PMC9633814_CORE_FACILITY_1,0.7645833333333333,0.5333205881299101
T194_OUTER_01,PMC9633814_CORE_FACILITY_1,SEQUENCE_RIDGE_COMPOSITION_ONLY,T194_8272d47e9cb6f8244ad9,PMC9633814_CORE_FACILITY_1,P27797,PMC9633814_CORE_FACILITY_1,0.36666666666666664,0.48934371332513715
T194_OUTER_01,PMC9633814_CORE_FACILITY_1,SEQUENCE_RIDGE_COMPOSITION_ONLY,T194_8c998a51ae2fcdf2c16f,PMC9633814_CORE_FACILITY_1,Q9NY65,PMC9633814_CORE_FACILITY_1,0.41041666666666665,0.6723369960305864
T194_OUTER_01,PMC9633814_CORE_FACILITY_1,SEQUENCE_RIDGE_COMPOSITION_ONLY,T194_8d3c589b5b5981d840fa,PMC9633814_CORE_FACILITY_1,Q7L576,PMC9633814_CORE_FACILITY_1,0.84375,0.5050943458923689
T194_OUTER_01,PMC9633814_CORE_FACILITY_1,SEQUENCE_RIDGE_COMPOSITION_ONLY,T194_95e9b7516c4c237c4638,PMC9633814_CORE_FACILITY_1,Q9NQC3,PMC9633814_CORE_FACILITY_1,0.8,0.4633991754434371
T194_OUTER_01,PMC9633814_CORE_FACILITY_1,SEQUENCE_RIDGE_COMPOSITION_ONLY,T194_98ccddc962cb7281d851,PMC9633814_CORE_FACILITY_1,Q9HDC9,PMC9633814_CORE_FACILITY_1,0.7166666666666667,0.5930334059955913
T194_OUTER_01,PMC9633814_CORE_FACILITY_1,SEQUENCE_RIDGE_COMPOSITION_ONLY,T194_9971e44cbffb0858f7db,PMC9633814_CORE_FACILITY_1,Q16543,PMC9633814_CORE_FACILITY_1,0.13125,0.40993328217585223
T194_OUTER_01,PMC9633814_CORE_FACILITY_1,SEQUENCE_RIDGE_COMPOSITION_ONLY,T194_9acbd0cac4154e6e3ccc,PMC9633814_CORE_FACILITY_1,O00299,PMC9633814_CORE_FACILITY_1,0.20208333333333334,0.6034354478144409
T194_OUTER_01,PMC9633814_CORE_FACILITY_1,SEQUENCE_RIDGE_COMPOSITION_ONLY,T194_9b96af2b58c8015cc53d,PMC9633814_CORE_FACILITY_1,P06576,PMC9633814_CORE_FACILITY_1,0.9041666666666667,0.5649523023643275
T194_OUTER_01,PMC9633814_CORE_FACILITY_1,SEQUENCE_RIDGE_COMPOSITION_ONLY,T194_9bc9e8922e8096020283,PMC9633814_CORE_FACILITY_1,P50991,PMC9633814_CORE_FACILITY_1,0.35208333333333336,0.4224445001122646
T194_OUTER_01,PMC9633814_CORE_FACILITY_1,SEQUENCE_RIDGE_COMPOSITION_ONLY,T194_9f16d0911a0a7c0b26b1,PMC9633814_CORE_FACILITY_1,P30044,PMC9633814_CORE_FACILITY_1,0.041666666666666664,0.5319616678298401
T194_OUTER_01,PMC9633814_CORE_FACILITY_1,SEQUENCE_RIDGE_COMPOSITION_ONLY,T194_a0d09a5f46e60a9404cb,PMC9633814_CORE_FACILITY_1,P00387,PMC9633814_CORE_FACILITY_1,0.5270833333333333,0.49088514838334146
T194_OUTER_01,PMC9633814_CORE_FACILITY_1,SEQUENCE_RIDGE_COMPOSITION_ONLY,T194_a2068be5b5bad020a097,PMC9633814_CORE_FACILITY_1,Q15365,PMC9633814_CORE_FACILITY_1,0.1625,0.579927440551435
T194_OUTER_01,PMC9633814_CORE_FACILITY_1,SEQUENCE_RIDGE_COMPOSITION_ONLY,T194_a3207ae4740ab13b03cc,PMC9633814_CORE_FACILITY_1,P68363,PMC9633814_CORE_FACILITY_1,0.93125,0.6940985956882151
T194_OUTER_01,PMC9633814_CORE_FACILITY_1,SEQUENCE_RIDGE_COMPOSITION_ONLY,T194_aa1560fc6e1618910b27,PMC9633814_CORE_FACILITY_1,P62805,PMC9633814_CORE_FACILITY_1,0.0,0.46151517807501785
T194_OUTER_01,PMC9633814_CORE_FACILITY_1,SEQUENCE_RIDGE_COMPOSITION_ONLY,T194_ace5c67e9bb48ec5a778,PMC9633814_CORE_FACILITY_1,Q8TC12,PMC9633814_CORE_FACILITY_1,0.3770833333333333,0.44889894139015984
T194_OUTER_01,PMC9633814_CORE_FACILITY_1,SEQUENCE_RIDGE_COMPOSITION_ONLY,T194_af7a2a88e903dd6efe42,PMC9633814_CORE_FACILITY_1,Q86VP6,PMC9633814_CORE_FACILITY_1,0.7895833333333333,0.428220318023585
T194_OUTER_01,PMC9633814_CORE_FACILITY_1,SEQUENCE_RIDGE_COMPOSITION_ONLY,T194_b8790a9519902a322d1b,PMC9633814_CORE_FACILITY_1,O15145,PMC9633814_CORE_FACILITY_1,0.25625,0.37104150875442815
T194_OUTER_01,PMC9633814_CORE_FACILITY_1,SEQUENCE_RIDGE_COMPOSITION_ONLY,T194_ba80190ecdb0504dd9b9,PMC9633814_CORE_FACILITY_1,Q15084,PMC9633814_CORE_FACILITY_1,0.4083333333333333,0.4666358333172469
T194_OUTER_01,PMC9633814_CORE_FACILITY_1,SEQUENCE_RIDGE_COMPOSITION_ONLY,T194_bbbeeb1b63ed70f7335e,PMC9633814_CORE_FACILITY_1,P27348,PMC9633814_CORE_FACILITY_1,0.36875,0.40450827730219635
T194_OUTER_01,PMC9633814_CORE_FACILITY_1,SEQUENCE_RIDGE_COMPOSITION_ONLY,T194_bc2675218d3c09df6865,PMC9633814_CORE_FACILITY_1,P24844,PMC9633814_CORE_FACILITY_1,0.008333333333333333,0.5035519313378217
T194_OUTER_01,PMC9633814_CORE_FACILITY_1,SEQUENCE_RIDGE_COMPOSITION_ONLY,T194_bd40f01c5e47f0118d6d,PMC9633814_CORE_FACILITY_1,P30048,PMC9633814_CORE_FACILITY_1,0.15,0.5194656416880631
T194_OUTER_01,PMC9633814_CORE_FACILITY_1,SEQUENCE_RIDGE_COMPOSITION_ONLY,T194_c35b2ac3240bc3db2074,PMC9633814_CORE_FACILITY_1,Q16643,PMC9633814_CORE_FACILITY_1,0.6166666666666667,0.6909742785477596
T194_OUTER_01,PMC9633814_CORE_FACILITY_1,SEQUENCE_RIDGE_COMPOSITION_ONLY,T194_c7398e522a0aa7d17083,PMC9633814_CORE_FACILITY_1,Q15942,PMC9633814_CORE_FACILITY_1,0.5020833333333333,0.7046195178402245
T194_OUTER_01,PMC9633814_CORE_FACILITY_1,SEQUENCE_RIDGE_COMPOSITION_ONLY,T194_cc0347120475507096eb,PMC9633814_CORE_FACILITY_1,P61026,PMC9633814_CORE_FACILITY_1,0.07083333333333333,0.4157240510002765
T194_OUTER_01,PMC9633814_CORE_FACILITY_1,SEQUENCE_RIDGE_COMPOSITION_ONLY,T194_cc3da4e803c073830070,PMC9633814_CORE_FACILITY_1,P06396,PMC9633814_CORE_FACILITY_1,0.95,0.5077845354576332
T194_OUTER_01,PMC9633814_CORE_FACILITY_1,SEQUENCE_RIDGE_COMPOSITION_ONLY,T194_d11e1cef48bbf5e5cc24,PMC9633814_CORE_FACILITY_1,P30041,PMC9633814_CORE_FACILITY_1,0.35625,0.4509003444161322
T194_OUTER_01,PMC9633814_CORE_FACILITY_1,SEQUENCE_RIDGE_COMPOSITION_ONLY,T194_d877d1754a38172ee378,PMC9633814_CORE_FACILITY_1,P14868,PMC9633814_CORE_FACILITY_1,0.23958333333333334,0.5762352883707438
T194_OUTER_01,PMC9633814_CORE_FACILITY_1,SEQUENCE_RIDGE_COMPOSITION_ONLY,T194_d9ffb29583df7dda84b3,PMC9633814_CORE_FACILITY_1,P53396,PMC9633814_CORE_FACILITY_1,0.66875,0.48782378549937805
T194_OUTER_01,PMC9633814_CORE_FACILITY_1,SEQUENCE_RIDGE_COMPOSITION_ONLY,T194_dd7a118fdb4e70677e65,PMC9633814_CORE_FACILITY_1,P05023,PMC9633814_CORE_FACILITY_1,0.76875,0.5477782130951283
T194_OUTER_01,PMC9633814_CORE_FACILITY_1,SEQUENCE_RIDGE_COMPOSITION_ONLY,T194_ddabb125bea127b68b1c,PMC9633814_CORE_FACILITY_1,P49411,PMC9633814_CORE_FACILITY_1,0.58125,0.5357450639718249
T194_OUTER_01,PMC9633814_CORE_FACILITY_1,SEQUENCE_RIDGE_COMPOSITION_ONLY,T194_e2b31ee3d39623c359d9,PMC9633814_CORE_FACILITY_1,Q99832,PMC9633814_CORE_FACILITY_1,0.42083333333333334,0.4201823770285683
T194_OUTER_01,PMC9633814_CORE_FACILITY_1,SEQUENCE_RIDGE_COMPOSITION_ONLY,T194_e5b6a3bc026df3c61784,PMC9633814_CORE_FACILITY_1,Q16762,PMC9633814_CORE_FACILITY_1,0.14375,0.5484563952157498
T194_OUTER_01,PMC9633814_CORE_FACILITY_1,SEQUENCE_RIDGE_COMPOSITION_ONLY,T194_eb4c157e634d9878d49f,PMC9633814_CORE_FACILITY_1,P52907,PMC9633814_CORE_FACILITY_1,0.625,0.5258689741090171
T194_OUTER_01,PMC9633814_CORE_FACILITY_1,SEQUENCE_RIDGE_COMPOSITION_ONLY,T194_ef9bcb4d4e7f73ee327c,PMC9633814_CORE_FACILITY_1,Q9NRW1,PMC9633814_CORE_FACILITY_1,0.07916666666666666,0.5074553994237039
T194_OUTER_01,PMC9633814_CORE_FACILITY_1,SEQUENCE_RIDGE_COMPOSITION_ONLY,T194_f0efd6ab76825eaf7418,PMC9633814_CORE_FACILITY_1,Q9NS28,PMC9633814_CORE_FACILITY_1,0.12291666666666666,0.4164384685169888
T194_OUTER_01,PMC9633814_CORE_FACILITY_1,SEQUENCE_RIDGE_COMPOSITION_ONLY,T194_f730f9de7ea20705cdcf,PMC9633814_CORE_FACILITY_1,Q9BSJ8,PMC9633814_CORE_FACILITY_1,0.8083333333333333,0.4763394033219871
T194_OUTER_01,PMC9633814_CORE_FACILITY_1,SEQUENCE_RIDGE_COMPOSITION_ONLY,T194_f933333ba05d5ae7ed16,PMC9633814_CORE_FACILITY_1,P38646,PMC9633814_CORE_FACILITY_1,0.6375,0.4820195300131585
T194_OUTER_02,PMC9633814_CORE_FACILITY_10,CONSTANT_TRAINING_MEAN,T194_0170f4f5805953588e89,PMC9633814_CORE_FACILITY_10,Q15691,PMC9633814_CORE_FACILITY_10,0.16666666666666666,0.5234613250393751
T194_OUTER_02,PMC9633814_CORE_FACILITY_10,CONSTANT_TRAINING_MEAN,T194_060c6d0d1de89a086d3d,PMC9633814_CORE_FACILITY_10,Q14247,PMC9633814_CORE_FACILITY_10,0.5612244897959183,0.5234613250393751
T194_OUTER_02,PMC9633814_CORE_FACILITY_10,CONSTANT_TRAINING_MEAN,T194_09bd0d5dedff889c5cf6,PMC9633814_CORE_FACILITY_10,P21796,PMC9633814_CORE_FACILITY_10,0.6167800453514739,0.5234613250393751
T194_OUTER_02,PMC9633814_CORE_FACILITY_10,CONSTANT_TRAINING_MEAN,T194_0c19fde9e26cf894220a,PMC9633814_CORE_FACILITY_10,Q9NY65,PMC9633814_CORE_FACILITY_10,0.7006802721088435,0.5234613250393751
T194_OUTER_02,PMC9633814_CORE_FACILITY_10,CONSTANT_TRAINING_MEAN,T194_0ce1f17c6ef3523a7798,PMC9633814_CORE_FACILITY_10,Q16643,PMC9633814_CORE_FACILITY_10,0.5963718820861678,0.5234613250393751
T194_OUTER_02,PMC9633814_CORE_FACILITY_10,CONSTANT_TRAINING_MEAN,T194_13a50dd8b2245196c409,PMC9633814_CORE_FACILITY_10,P60174,PMC9633814_CORE_FACILITY_10,0.2857142857142857,0.5234613250393751
T194_OUTER_02,PMC9633814_CORE_FACILITY_10,CONSTANT_TRAINING_MEAN,T194_1468994e629d00dff5f5,PMC9633814_CORE_FACILITY_10,P10599,PMC9633814_CORE_FACILITY_10,0.445578231292517,0.5234613250393751
T194_OUTER_02,PMC9633814_CORE_FACILITY_10,CONSTANT_TRAINING_MEAN,T194_1dca3ef48b61c2d680b8,PMC9633814_CORE_FACILITY_10,P09493,PMC9633814_CORE_FACILITY_10,0.46485260770975056,0.5234613250393751
T194_OUTER_02,PMC9633814_CORE_FACILITY_10,CONSTANT_TRAINING_MEAN,T194_211dddf980712457300f,PMC9633814_CORE_FACILITY_10,P38646,PMC9633814_CORE_FACILITY_10,0.5861678004535147,0.5234613250393751
T194_OUTER_02,PMC9633814_CORE_FACILITY_10,CONSTANT_TRAINING_MEAN,T194_2188cc8fec6fb193327a,PMC9633814_CORE_FACILITY_10,P13796,PMC9633814_CORE_FACILITY_10,0.36054421768707484,0.5234613250393751
T194_OUTER_02,PMC9633814_CORE_FACILITY_10,CONSTANT_TRAINING_MEAN,T194_2276c66db64c70590124,PMC9633814_CORE_FACILITY_10,P63000,PMC9633814_CORE_FACILITY_10,0.608843537414966,0.5234613250393751
T194_OUTER_02,PMC9633814_CORE_FACILITY_10,CONSTANT_TRAINING_MEAN,T194_240957ccabed2733ba7a,PMC9633814_CORE_FACILITY_10,P61026,PMC9633814_CORE_FACILITY_10,0.6587301587301587,0.5234613250393751
T194_OUTER_02,PMC9633814_CORE_FACILITY_10,CONSTANT_TRAINING_MEAN,T194_27812481e2b9a38a9a57,PMC9633814_CORE_FACILITY_10,P19367,PMC9633814_CORE_FACILITY_10,0.08390022675736962,0.5234613250393751
T194_OUTER_02,PMC9633814_CORE_FACILITY_10,CONSTANT_TRAINING_MEAN,T194_2da199246ee1de7a563a,PMC9633814_CORE_FACILITY_10,Q9H4B7,PMC9633814_CORE_FACILITY_10,0.9625850340136054,0.5234613250393751
T194_OUTER_02,PMC9633814_CORE_FACILITY_10,CONSTANT_TRAINING_MEAN,T194_2ff58919d386d2ec13b8,PMC9633814_CORE_FACILITY_10,P28066,PMC9633814_CORE_FACILITY_10,0.1836734693877551,0.5234613250393751
T194_OUTER_02,PMC9633814_CORE_FACILITY_10,CONSTANT_TRAINING_MEAN,T194_3217837c22e3e05e51ce,PMC9633814_CORE_FACILITY_10,Q15942,PMC9633814_CORE_FACILITY_10,0.8174603174603174,0.5234613250393751
T194_OUTER_02,PMC9633814_CORE_FACILITY_10,CONSTANT_TRAINING_MEAN,T194_3626644d567c5ad86f74,PMC9633814_CORE_FACILITY_10,P11021,PMC9633814_CORE_FACILITY_10,0.6848072562358276,0.5234613250393751
T194_OUTER_02,PMC9633814_CORE_FACILITY_10,CONSTANT_TRAINING_MEAN,T194_36d41b84dfb0daa1eb37,PMC9633814_CORE_FACILITY_10,O00264,PMC9633814_CORE_FACILITY_10,0.47959183673469385,0.5234613250393751
T194_OUTER_02,PMC9633814_CORE_FACILITY_10,CONSTANT_TRAINING_MEAN,T194_3ee7451ed6aa2a398da1,PMC9633814_CORE_FACILITY_10,Q27J81,PMC9633814_CORE_FACILITY_10,0.5839002267573696,0.5234613250393751
T194_OUTER_02,PMC9633814_CORE_FACILITY_10,CONSTANT_TRAINING_MEAN,T194_414d21ef72d3b6d8251d,PMC9633814_CORE_FACILITY_10,O75083,PMC9633814_CORE_FACILITY_10,0.8027210884353742,0.5234613250393751
T194_OUTER_02,PMC9633814_CORE_FACILITY_10,CONSTANT_TRAINING_MEAN,T194_431baa611bd0fa607164,PMC9633814_CORE_FACILITY_10,P16615,PMC9633814_CORE_FACILITY_10,0.699546485260771,0.5234613250393751
T194_OUTER_02,PMC9633814_CORE_FACILITY_10,CONSTANT_TRAINING_MEAN,T194_4466d0603873ec3ac9aa,PMC9633814_CORE_FACILITY_10,O00151,PMC9633814_CORE_FACILITY_10,0.6462585034013606,0.5234613250393751
T194_OUTER_02,PMC9633814_CORE_FACILITY_10,CONSTANT_TRAINING_MEAN,T194_4967dcc5738628df49b2,PMC9633814_CORE_FACILITY_10,P68366,PMC9633814_CORE_FACILITY_10,0.8832199546485261,0.5234613250393751
T194_OUTER_02,PMC9633814_CORE_FACILITY_10,CONSTANT_TRAINING_MEAN,T194_4b0b4c52585d3b200fa7,PMC9633814_CORE_FACILITY_10,P61978,PMC9633814_CORE_FACILITY_10,0.05555555555555555,0.5234613250393751
T194_OUTER_02,PMC9633814_CORE_FACILITY_10,CONSTANT_TRAINING_MEAN,T194_4c3a5946f22ed9f863a5,PMC9633814_CORE_FACILITY_10,Q9HDC9,PMC9633814_CORE_FACILITY_10,0.8594104308390023,0.5234613250393751
T194_OUTER_02,PMC9633814_CORE_FACILITY_10,CONSTANT_TRAINING_MEAN,T194_4d120a1380794b972571,PMC9633814_CORE_FACILITY_10,P11413,PMC9633814_CORE_FACILITY_10,0.04081632653061224,0.5234613250393751
T194_OUTER_02,PMC9633814_CORE_FACILITY_10,CONSTANT_TRAINING_MEAN,T194_5f1fc1a6d1aae260f050,PMC9633814_CORE_FACILITY_10,P00387,PMC9633814_CORE_FACILITY_10,0.6609977324263039,0.5234613250393751
T194_OUTER_02,PMC9633814_CORE_FACILITY_10,CONSTANT_TRAINING_MEAN,T194_6543d4bf3de2f8fe15d0,PMC9633814_CORE_FACILITY_10,P50991,PMC9633814_CORE_FACILITY_10,0.282312925170068,0.5234613250393751
T194_OUTER_02,PMC9633814_CORE_FACILITY_10,CONSTANT_TRAINING_MEAN,T194_6556394d23beb743465a,PMC9633814_CORE_FACILITY_10,P06396,PMC9633814_CORE_FACILITY_10,0.9682539682539683,0.5234613250393751
T194_OUTER_02,PMC9633814_CORE_FACILITY_10,CONSTANT_TRAINING_MEAN,T194_6c95e9c4f598f8afff61,PMC9633814_CORE_FACILITY_10,P50990,PMC9633814_CORE_FACILITY_10,0.4126984126984127,0.5234613250393751
T194_OUTER_02,PMC9633814_CORE_FACILITY_10,CONSTANT_TRAINING_MEAN,T194_70eda6fe14d99131c9be,PMC9633814_CORE_FACILITY_10,P10809,PMC9633814_CORE_FACILITY_10,0.7925170068027211,0.5234613250393751
T194_OUTER_02,PMC9633814_CORE_FACILITY_10,CONSTANT_TRAINING_MEAN,T194_74b1cafeeae69c525401,PMC9633814_CORE_FACILITY_10,P30041,PMC9633814_CORE_FACILITY_10,0.35714285714285715,0.5234613250393751
T194_OUTER_02,PMC9633814_CORE_FACILITY_10,CONSTANT_TRAINING_MEAN,T194_758474362380d15e36ee,PMC9633814_CORE_FACILITY_10,P52907,PMC9633814_CORE_FACILITY_10,0.6235827664399093,0.5234613250393751
T194_OUTER_02,PMC9633814_CORE_FACILITY_10,CONSTANT_TRAINING_MEAN,T194_7a3c86900ce44dc8701d,PMC9633814_CORE_FACILITY_10,P27348,PMC9633814_CORE_FACILITY_10,0.6904761904761905,0.5234613250393751
T194_OUTER_02,PMC9633814_CORE_FACILITY_10,CONSTANT_TRAINING_MEAN,T194_7da11a447a6ca83bd247,PMC9633814_CORE_FACILITY_10,Q9NQC3,PMC9633814_CORE_FACILITY_10,0.7596371882086168,0.5234613250393751
T194_OUTER_02,PMC9633814_CORE_FACILITY_10,CONSTANT_TRAINING_MEAN,T194_87b47336c38d451c6dea,PMC9633814_CORE_FACILITY_10,P11166,PMC9633814_CORE_FACILITY_10,0.8979591836734694,0.5234613250393751
T194_OUTER_02,PMC9633814_CORE_FACILITY_10,CONSTANT_TRAINING_MEAN,T194_88d2a9a3c3b0055165b4,PMC9633814_CORE_FACILITY_10,P61006,PMC9633814_CORE_FACILITY_10,0.05215419501133787,0.5234613250393751
T194_OUTER_02,PMC9633814_CORE_FACILITY_10,CONSTANT_TRAINING_MEAN,T194_8eef2a484d66d97e4d7c,PMC9633814_CORE_FACILITY_10,P04264,PMC9633814_CORE_FACILITY_10,0.9795918367346939,0.5234613250393751
T194_OUTER_02,PMC9633814_CORE_FACILITY_10,CONSTANT_TRAINING_MEAN,T194_96bd3e1cced83145b824,PMC9633814_CORE_FACILITY_10,Q70J99,PMC9633814_CORE_FACILITY_10,0.6383219954648526,0.5234613250393751
T194_OUTER_02,PMC9633814_CORE_FACILITY_10,CONSTANT_TRAINING_MEAN,T194_9879e4de3c4c26b3fa44,PMC9633814_CORE_FACILITY_10,P26038,PMC9633814_CORE_FACILITY_10,0.8356009070294784,0.5234613250393751
T194_OUTER_02,PMC9633814_CORE_FACILITY_10,CONSTANT_TRAINING_MEAN,T194_99e02876641bff2cc638,PMC9633814_CORE_FACILITY_10,P20645,PMC9633814_CORE_FACILITY_10,0.030612244897959183,0.5234613250393751
T194_OUTER_02,PMC9633814_CORE_FACILITY_10,CONSTANT_TRAINING_MEAN,T194_a2c405a223cc66e26df5,PMC9633814_CORE_FACILITY_10,P61981,PMC9633814_CORE_FACILITY_10,0.6485260770975056,0.5234613250393751
T194_OUTER_02,PMC9633814_CORE_FACILITY_10,CONSTANT_TRAINING_MEAN,T194_a30995ac92e3ed1176db,PMC9633814_CORE_FACILITY_10,P04004,PMC9633814_CORE_FACILITY_10,0.9920634920634921,0.5234613250393751
T194_OUTER_02,PMC9633814_CORE_FACILITY_10,CONSTANT_TRAINING_MEAN,T194_a35dcb16db945fa74830,PMC9633814_CORE_FACILITY_10,P05556,PMC9633814_CORE_FACILITY_10,0.8707482993197279,0.5234613250393751
T194_OUTER_02,PMC9633814_CORE_FACILITY_10,CONSTANT_TRAINING_MEAN,T194_a9394ce80644460cf09d,PMC9633814_CORE_FACILITY_10,Q9BSJ8,PMC9633814_CORE_FACILITY_10,0.3934240362811791,0.5234613250393751
T194_OUTER_02,PMC9633814_CORE_FACILITY_10,CONSTANT_TRAINING_MEAN,T194_af624dd6d669a4216001,PMC9633814_CORE_FACILITY_10,O00187,PMC9633814_CORE_FACILITY_10,0.9160997732426304,0.5234613250393751
T194_OUTER_02,PMC9633814_CORE_FACILITY_10,CONSTANT_TRAINING_MEAN,T194_b8f61d78efb548d9e2e9,PMC9633814_CORE_FACILITY_10,P27797,PMC9633814_CORE_FACILITY_10,0.5975056689342404,0.5234613250393751
T194_OUTER_02,PMC9633814_CORE_FACILITY_10,CONSTANT_TRAINING_MEAN,T194_bd9b53b25467ae385cb7,PMC9633814_CORE_FACILITY_10,P30101,PMC9633814_CORE_FACILITY_10,0.764172335600907,0.5234613250393751
T194_OUTER_02,PMC9633814_CORE_FACILITY_10,CONSTANT_TRAINING_MEAN,T194_c13455252273d6df58d5,PMC9633814_CORE_FACILITY_10,Q93084,PMC9633814_CORE_FACILITY_10,0.8786848072562359,0.5234613250393751
T194_OUTER_02,PMC9633814_CORE_FACILITY_10,CONSTANT_TRAINING_MEAN,T194_c154a624047ba732bb01,PMC9633814_CORE_FACILITY_10,Q9NRW1,PMC9633814_CORE_FACILITY_10,0.1893424036281179,0.5234613250393751
T194_OUTER_02,PMC9633814_CORE_FACILITY_10,CONSTANT_TRAINING_MEAN,T194_c20a87e2e514528cf4da,PMC9633814_CORE_FACILITY_10,P55072,PMC9633814_CORE_FACILITY_10,0.5102040816326531,0.5234613250393751
T194_OUTER_02,PMC9633814_CORE_FACILITY_10,CONSTANT_TRAINING_MEAN,T194_c57822c9ebef18837d30,PMC9633814_CORE_FACILITY_10,P06576,PMC9633814_CORE_FACILITY_10,0.8117913832199547,0.5234613250393751
T194_OUTER_02,PMC9633814_CORE_FACILITY_10,CONSTANT_TRAINING_MEAN,T194_c73bb2e3a2be7cf5242b,PMC9633814_CORE_FACILITY_10,P78417,PMC9633814_CORE_FACILITY_10,0.6077097505668935,0.5234613250393751
T194_OUTER_02,PMC9633814_CORE_FACILITY_10,CONSTANT_TRAINING_MEAN,T194_cc62bd16ce4687ae1532,PMC9633814_CORE_FACILITY_10,P49411,PMC9633814_CORE_FACILITY_10,0.1235827664399093,0.5234613250393751
T194_OUTER_02,PMC9633814_CORE_FACILITY_10,CONSTANT_TRAINING_MEAN,T194_ce04e3577ab5c6a15a66,PMC9633814_CORE_FACILITY_10,P05023,PMC9633814_CORE_FACILITY_10,0.46598639455782315,0.5234613250393751
T194_OUTER_02,PMC9633814_CORE_FACILITY_10,CONSTANT_TRAINING_MEAN,T194_cef4af3128c6a078abe7,PMC9633814_CORE_FACILITY_10,Q15365,PMC9633814_CORE_FACILITY_10,0.5045351473922902,0.5234613250393751
T194_OUTER_02,PMC9633814_CORE_FACILITY_10,CONSTANT_TRAINING_MEAN,T194_d397bdb3044d861b2732,PMC9633814_CORE_FACILITY_10,P07996,PMC9633814_CORE_FACILITY_10,0.9727891156462585,0.5234613250393751
T194_OUTER_02,PMC9633814_CORE_FACILITY_10,CONSTANT_TRAINING_MEAN,T194_d5711082f40b0b81887e,PMC9633814_CORE_FACILITY_10,P45880,PMC9633814_CORE_FACILITY_10,0.7233560090702947,0.5234613250393751
T194_OUTER_02,PMC9633814_CORE_FACILITY_10,CONSTANT_TRAINING_MEAN,T194_da677f9fc6be68564e7a,PMC9633814_CORE_FACILITY_10,P26641,PMC9633814_CORE_FACILITY_10,0.4376417233560091,0.5234613250393751
T194_OUTER_02,PMC9633814_CORE_FACILITY_10,CONSTANT_TRAINING_MEAN,T194_df1180fc16311fbfc05d,PMC9633814_CORE_FACILITY_10,P04844,PMC9633814_CORE_FACILITY_10,0.36848072562358275,0.5234613250393751
T194_OUTER_02,PMC9633814_CORE_FACILITY_10,CONSTANT_TRAINING_MEAN,T194_e46d2a5b68711be5eae7,PMC9633814_CORE_FACILITY_10,Q7L576,PMC9633814_CORE_FACILITY_10,0.5408163265306123,0.5234613250393751
T194_OUTER_02,PMC9633814_CORE_FACILITY_10,CONSTANT_TRAINING_MEAN,T194_e67f7d722f5cc0522057,PMC9633814_CORE_FACILITY_10,P24844,PMC9633814_CORE_FACILITY_10,0.719954648526077,0.5234613250393751
T194_OUTER_02,PMC9633814_CORE_FACILITY_10,CONSTANT_TRAINING_MEAN,T194_ea7f91bd99d68ea16f6f,PMC9633814_CORE_FACILITY_10,P37802,PMC9633814_CORE_FACILITY_10,0.5544217687074829,0.5234613250393751
T194_OUTER_02,PMC9633814_CORE_FACILITY_10,CONSTANT_TRAINING_MEAN,T194_fedb63646d5644eec82e,PMC9633814_CORE_FACILITY_10,Q8TC12,PMC9633814_CORE_FACILITY_10,0.671201814058957,0.5234613250393751
T194_OUTER_02,PMC9633814_CORE_FACILITY_10,SEQUENCE_RIDGE_FULL,T194_0170f4f5805953588e89,PMC9633814_CORE_FACILITY_10,Q15691,PMC9633814_CORE_FACILITY_10,0.16666666666666666,0.46959465829532415
T194_OUTER_02,PMC9633814_CORE_FACILITY_10,SEQUENCE_RIDGE_FULL,T194_060c6d0d1de89a086d3d,PMC9633814_CORE_FACILITY_10,Q14247,PMC9633814_CORE_FACILITY_10,0.5612244897959183,0.4841477051146421
T194_OUTER_02,PMC9633814_CORE_FACILITY_10,SEQUENCE_RIDGE_FULL,T194_09bd0d5dedff889c5cf6,PMC9633814_CORE_FACILITY_10,P21796,PMC9633814_CORE_FACILITY_10,0.6167800453514739,0.48443195096092234
T194_OUTER_02,PMC9633814_CORE_FACILITY_10,SEQUENCE_RIDGE_FULL,T194_0c19fde9e26cf894220a,PMC9633814_CORE_FACILITY_10,Q9NY65,PMC9633814_CORE_FACILITY_10,0.7006802721088435,0.6619074181327792
T194_OUTER_02,PMC9633814_CORE_FACILITY_10,SEQUENCE_RIDGE_FULL,T194_0ce1f17c6ef3523a7798,PMC9633814_CORE_FACILITY_10,Q16643,PMC9633814_CORE_FACILITY_10,0.5963718820861678,0.6483086457567112
T194_OUTER_02,PMC9633814_CORE_FACILITY_10,SEQUENCE_RIDGE_FULL,T194_13a50dd8b2245196c409,PMC9633814_CORE_FACILITY_10,P60174,PMC9633814_CORE_FACILITY_10,0.2857142857142857,0.3815908860391384
T194_OUTER_02,PMC9633814_CORE_FACILITY_10,SEQUENCE_RIDGE_FULL,T194_1468994e629d00dff5f5,PMC9633814_CORE_FACILITY_10,P10599,PMC9633814_CORE_FACILITY_10,0.445578231292517,0.36370234384691646
T194_OUTER_02,PMC9633814_CORE_FACILITY_10,SEQUENCE_RIDGE_FULL,T194_1dca3ef48b61c2d680b8,PMC9633814_CORE_FACILITY_10,P09493,PMC9633814_CORE_FACILITY_10,0.46485260770975056,0.08968395652999106
T194_OUTER_02,PMC9633814_CORE_FACILITY_10,SEQUENCE_RIDGE_FULL,T194_211dddf980712457300f,PMC9633814_CORE_FACILITY_10,P38646,PMC9633814_CORE_FACILITY_10,0.5861678004535147,0.5049911208797743
T194_OUTER_02,PMC9633814_CORE_FACILITY_10,SEQUENCE_RIDGE_FULL,T194_2188cc8fec6fb193327a,PMC9633814_CORE_FACILITY_10,P13796,PMC9633814_CORE_FACILITY_10,0.36054421768707484,0.5135800672958954
T194_OUTER_02,PMC9633814_CORE_FACILITY_10,SEQUENCE_RIDGE_FULL,T194_2276c66db64c70590124,PMC9633814_CORE_FACILITY_10,P63000,PMC9633814_CORE_FACILITY_10,0.608843537414966,0.4020374001061953
T194_OUTER_02,PMC9633814_CORE_FACILITY_10,SEQUENCE_RIDGE_FULL,T194_240957ccabed2733ba7a,PMC9633814_CORE_FACILITY_10,P61026,PMC9633814_CORE_FACILITY_10,0.6587301587301587,0.3701382072238431
T194_OUTER_02,PMC9633814_CORE_FACILITY_10,SEQUENCE_RIDGE_FULL,T194_27812481e2b9a38a9a57,PMC9633814_CORE_FACILITY_10,P19367,PMC9633814_CORE_FACILITY_10,0.08390022675736962,0.6405262436566669
T194_OUTER_02,PMC9633814_CORE_FACILITY_10,SEQUENCE_RIDGE_FULL,T194_2da199246ee1de7a563a,PMC9633814_CORE_FACILITY_10,Q9H4B7,PMC9633814_CORE_FACILITY_10,0.9625850340136054,0.6434462170611939
T194_OUTER_02,PMC9633814_CORE_FACILITY_10,SEQUENCE_RIDGE_FULL,T194_2ff58919d386d2ec13b8,PMC9633814_CORE_FACILITY_10,P28066,PMC9633814_CORE_FACILITY_10,0.1836734693877551,0.4597306205575032
T194_OUTER_02,PMC9633814_CORE_FACILITY_10,SEQUENCE_RIDGE_FULL,T194_3217837c22e3e05e51ce,PMC9633814_CORE_FACILITY_10,Q15942,PMC9633814_CORE_FACILITY_10,0.8174603174603174,0.6487067159665276
T194_OUTER_02,PMC9633814_CORE_FACILITY_10,SEQUENCE_RIDGE_FULL,T194_3626644d567c5ad86f74,PMC9633814_CORE_FACILITY_10,P11021,PMC9633814_CORE_FACILITY_10,0.6848072562358276,0.5764377065025054
T194_OUTER_02,PMC9633814_CORE_FACILITY_10,SEQUENCE_RIDGE_FULL,T194_36d41b84dfb0daa1eb37,PMC9633814_CORE_FACILITY_10,O00264,PMC9633814_CORE_FACILITY_10,0.47959183673469385,0.4809786827817086
T194_OUTER_02,PMC9633814_CORE_FACILITY_10,SEQUENCE_RIDGE_FULL,T194_3ee7451ed6aa2a398da1,PMC9633814_CORE_FACILITY_10,Q27J81,PMC9633814_CORE_FACILITY_10,0.5839002267573696,0.6248239737677828
T194_OUTER_02,PMC9633814_CORE_FACILITY_10,SEQUENCE_RIDGE_FULL,T194_414d21ef72d3b6d8251d,PMC9633814_CORE_FACILITY_10,O75083,PMC9633814_CORE_FACILITY_10,0.8027210884353742,0.5219855911626661
T194_OUTER_02,PMC9633814_CORE_FACILITY_10,SEQUENCE_RIDGE_FULL,T194_431baa611bd0fa607164,PMC9633814_CORE_FACILITY_10,P16615,PMC9633814_CORE_FACILITY_10,0.699546485260771,0.6306834524582801
T194_OUTER_02,PMC9633814_CORE_FACILITY_10,SEQUENCE_RIDGE_FULL,T194_4466d0603873ec3ac9aa,PMC9633814_CORE_FACILITY_10,O00151,PMC9633814_CORE_FACILITY_10,0.6462585034013606,0.5232519970041583
T194_OUTER_02,PMC9633814_CORE_FACILITY_10,SEQUENCE_RIDGE_FULL,T194_4967dcc5738628df49b2,PMC9633814_CORE_FACILITY_10,P68366,PMC9633814_CORE_FACILITY_10,0.8832199546485261,0.6716720482460012
T194_OUTER_02,PMC9633814_CORE_FACILITY_10,SEQUENCE_RIDGE_FULL,T194_4b0b4c52585d3b200fa7,PMC9633814_CORE_FACILITY_10,P61978,PMC9633814_CORE_FACILITY_10,0.05555555555555555,0.6104693564573611
T194_OUTER_02,PMC9633814_CORE_FACILITY_10,SEQUENCE_RIDGE_FULL,T194_4c3a5946f22ed9f863a5,PMC9633814_CORE_FACILITY_10,Q9HDC9,PMC9633814_CORE_FACILITY_10,0.8594104308390023,0.5452110268016177
T194_OUTER_02,PMC9633814_CORE_FACILITY_10,SEQUENCE_RIDGE_FULL,T194_4d120a1380794b972571,PMC9633814_CORE_FACILITY_10,P11413,PMC9633814_CORE_FACILITY_10,0.04081632653061224,0.5881762436357472
T194_OUTER_02,PMC9633814_CORE_FACILITY_10,SEQUENCE_RIDGE_FULL,T194_5f1fc1a6d1aae260f050,PMC9633814_CORE_FACILITY_10,P00387,PMC9633814_CORE_FACILITY_10,0.6609977324263039,0.4914999924028572
T194_OUTER_02,PMC9633814_CORE_FACILITY_10,SEQUENCE_RIDGE_FULL,T194_6543d4bf3de2f8fe15d0,PMC9633814_CORE_FACILITY_10,P50991,PMC9633814_CORE_FACILITY_10,0.282312925170068,0.3766481579964133
T194_OUTER_02,PMC9633814_CORE_FACILITY_10,SEQUENCE_RIDGE_FULL,T194_6556394d23beb743465a,PMC9633814_CORE_FACILITY_10,P06396,PMC9633814_CORE_FACILITY_10,0.9682539682539683,0.5696889359034103
T194_OUTER_02,PMC9633814_CORE_FACILITY_10,SEQUENCE_RIDGE_FULL,T194_6c95e9c4f598f8afff61,PMC9633814_CORE_FACILITY_10,P50990,PMC9633814_CORE_FACILITY_10,0.4126984126984127,0.4858612502841259
T194_OUTER_02,PMC9633814_CORE_FACILITY_10,SEQUENCE_RIDGE_FULL,T194_70eda6fe14d99131c9be,PMC9633814_CORE_FACILITY_10,P10809,PMC9633814_CORE_FACILITY_10,0.7925170068027211,0.44695526103092154
T194_OUTER_02,PMC9633814_CORE_FACILITY_10,SEQUENCE_RIDGE_FULL,T194_74b1cafeeae69c525401,PMC9633814_CORE_FACILITY_10,P30041,PMC9633814_CORE_FACILITY_10,0.35714285714285715,0.401714132740126
T194_OUTER_02,PMC9633814_CORE_FACILITY_10,SEQUENCE_RIDGE_FULL,T194_758474362380d15e36ee,PMC9633814_CORE_FACILITY_10,P52907,PMC9633814_CORE_FACILITY_10,0.6235827664399093,0.510515937406917
T194_OUTER_02,PMC9633814_CORE_FACILITY_10,SEQUENCE_RIDGE_FULL,T194_7a3c86900ce44dc8701d,PMC9633814_CORE_FACILITY_10,P27348,PMC9633814_CORE_FACILITY_10,0.6904761904761905,0.33471104586199424
T194_OUTER_02,PMC9633814_CORE_FACILITY_10,SEQUENCE_RIDGE_FULL,T194_7da11a447a6ca83bd247,PMC9633814_CORE_FACILITY_10,Q9NQC3,PMC9633814_CORE_FACILITY_10,0.7596371882086168,0.5531413310294199
T194_OUTER_02,PMC9633814_CORE_FACILITY_10,SEQUENCE_RIDGE_FULL,T194_87b47336c38d451c6dea,PMC9633814_CORE_FACILITY_10,P11166,PMC9633814_CORE_FACILITY_10,0.8979591836734694,0.6178338438903797
T194_OUTER_02,PMC9633814_CORE_FACILITY_10,SEQUENCE_RIDGE_FULL,T194_88d2a9a3c3b0055165b4,PMC9633814_CORE_FACILITY_10,P61006,PMC9633814_CORE_FACILITY_10,0.05215419501133787,0.36667381888744116
T194_OUTER_02,PMC9633814_CORE_FACILITY_10,SEQUENCE_RIDGE_FULL,T194_8eef2a484d66d97e4d7c,PMC9633814_CORE_FACILITY_10,P04264,PMC9633814_CORE_FACILITY_10,0.9795918367346939,0.8408639726929917
T194_OUTER_02,PMC9633814_CORE_FACILITY_10,SEQUENCE_RIDGE_FULL,T194_96bd3e1cced83145b824,PMC9633814_CORE_FACILITY_10,Q70J99,PMC9633814_CORE_FACILITY_10,0.6383219954648526,0.5786004495605274
T194_OUTER_02,PMC9633814_CORE_FACILITY_10,SEQUENCE_RIDGE_FULL,T194_9879e4de3c4c26b3fa44,PMC9633814_CORE_FACILITY_10,P26038,PMC9633814_CORE_FACILITY_10,0.8356009070294784,0.29231174070329957
T194_OUTER_02,PMC9633814_CORE_FACILITY_10,SEQUENCE_RIDGE_FULL,T194_99e02876641bff2cc638,PMC9633814_CORE_FACILITY_10,P20645,PMC9633814_CORE_FACILITY_10,0.030612244897959183,0.610319762356634
T194_OUTER_02,PMC9633814_CORE_FACILITY_10,SEQUENCE_RIDGE_FULL,T194_a2c405a223cc66e26df5,PMC9633814_CORE_FACILITY_10,P61981,PMC9633814_CORE_FACILITY_10,0.6485260770975056,0.372604674859593
T194_OUTER_02,PMC9633814_CORE_FACILITY_10,SEQUENCE_RIDGE_FULL,T194_a30995ac92e3ed1176db,PMC9633814_CORE_FACILITY_10,P04004,PMC9633814_CORE_FACILITY_10,0.9920634920634921,0.5743197153256642
T194_OUTER_02,PMC9633814_CORE_FACILITY_10,SEQUENCE_RIDGE_FULL,T194_a35dcb16db945fa74830,PMC9633814_CORE_FACILITY_10,P05556,PMC9633814_CORE_FACILITY_10,0.8707482993197279,0.7666207203143776
T194_OUTER_02,PMC9633814_CORE_FACILITY_10,SEQUENCE_RIDGE_FULL,T194_a9394ce80644460cf09d,PMC9633814_CORE_FACILITY_10,Q9BSJ8,PMC9633814_CORE_FACILITY_10,0.3934240362811791,0.5359195307363763
T194_OUTER_02,PMC9633814_CORE_FACILITY_10,SEQUENCE_RIDGE_FULL,T194_af624dd6d669a4216001,PMC9633814_CORE_FACILITY_10,O00187,PMC9633814_CORE_FACILITY_10,0.9160997732426304,0.6813964536942512
T194_OUTER_02,PMC9633814_CORE_FACILITY_10,SEQUENCE_RIDGE_FULL,T194_b8f61d78efb548d9e2e9,PMC9633814_CORE_FACILITY_10,P27797,PMC9633814_CORE_FACILITY_10,0.5975056689342404,0.4528784590807251
T194_OUTER_02,PMC9633814_CORE_FACILITY_10,SEQUENCE_RIDGE_FULL,T194_bd9b53b25467ae385cb7,PMC9633814_CORE_FACILITY_10,P30101,PMC9633814_CORE_FACILITY_10,0.764172335600907,0.46335079463743406
T194_OUTER_02,PMC9633814_CORE_FACILITY_10,SEQUENCE_RIDGE_FULL,T194_c13455252273d6df58d5,PMC9633814_CORE_FACILITY_10,Q93084,PMC9633814_CORE_FACILITY_10,0.8786848072562359,0.6665638045851568
T194_OUTER_02,PMC9633814_CORE_FACILITY_10,SEQUENCE_RIDGE_FULL,T194_c154a624047ba732bb01,PMC9633814_CORE_FACILITY_10,Q9NRW1,PMC9633814_CORE_FACILITY_10,0.1893424036281179,0.40781396401716047
T194_OUTER_02,PMC9633814_CORE_FACILITY_10,SEQUENCE_RIDGE_FULL,T194_c20a87e2e514528cf4da,PMC9633814_CORE_FACILITY_10,P55072,PMC9633814_CORE_FACILITY_10,0.5102040816326531,0.6204790381445754
T194_OUTER_02,PMC9633814_CORE_FACILITY_10,SEQUENCE_RIDGE_FULL,T194_c57822c9ebef18837d30,PMC9633814_CORE_FACILITY_10,P06576,PMC9633814_CORE_FACILITY_10,0.8117913832199547,0.5938930340023262
T194_OUTER_02,PMC9633814_CORE_FACILITY_10,SEQUENCE_RIDGE_FULL,T194_c73bb2e3a2be7cf5242b,PMC9633814_CORE_FACILITY_10,P78417,PMC9633814_CORE_FACILITY_10,0.6077097505668935,0.3267902130653234
T194_OUTER_02,PMC9633814_CORE_FACILITY_10,SEQUENCE_RIDGE_FULL,T194_cc62bd16ce4687ae1532,PMC9633814_CORE_FACILITY_10,P49411,PMC9633814_CORE_FACILITY_10,0.1235827664399093,0.5652750348186318
T194_OUTER_02,PMC9633814_CORE_FACILITY_10,SEQUENCE_RIDGE_FULL,T194_ce04e3577ab5c6a15a66,PMC9633814_CORE_FACILITY_10,P05023,PMC9633814_CORE_FACILITY_10,0.46598639455782315,0.6646195776794155
T194_OUTER_02,PMC9633814_CORE_FACILITY_10,SEQUENCE_RIDGE_FULL,T194_cef4af3128c6a078abe7,PMC9633814_CORE_FACILITY_10,Q15365,PMC9633814_CORE_FACILITY_10,0.5045351473922902,0.4441006713822916
T194_OUTER_02,PMC9633814_CORE_FACILITY_10,SEQUENCE_RIDGE_FULL,T194_d397bdb3044d861b2732,PMC9633814_CORE_FACILITY_10,P07996,PMC9633814_CORE_FACILITY_10,0.9727891156462585,0.8475312906951481
T194_OUTER_02,PMC9633814_CORE_FACILITY_10,SEQUENCE_RIDGE_FULL,T194_d5711082f40b0b81887e,PMC9633814_CORE_FACILITY_10,P45880,PMC9633814_CORE_FACILITY_10,0.7233560090702947,0.5031973522341839
T194_OUTER_02,PMC9633814_CORE_FACILITY_10,SEQUENCE_RIDGE_FULL,T194_da677f9fc6be68564e7a,PMC9633814_CORE_FACILITY_10,P26641,PMC9633814_CORE_FACILITY_10,0.4376417233560091,0.440231814655323
T194_OUTER_02,PMC9633814_CORE_FACILITY_10,SEQUENCE_RIDGE_FULL,T194_df1180fc16311fbfc05d,PMC9633814_CORE_FACILITY_10,P04844,PMC9633814_CORE_FACILITY_10,0.36848072562358275,0.5347637298057518
T194_OUTER_02,PMC9633814_CORE_FACILITY_10,SEQUENCE_RIDGE_FULL,T194_e46d2a5b68711be5eae7,PMC9633814_CORE_FACILITY_10,Q7L576,PMC9633814_CORE_FACILITY_10,0.5408163265306123,0.5312738423927642
T194_OUTER_02,PMC9633814_CORE_FACILITY_10,SEQUENCE_RIDGE_FULL,T194_e67f7d722f5cc0522057,PMC9633814_CORE_FACILITY_10,P24844,PMC9633814_CORE_FACILITY_10,0.719954648526077,0.49592596016804097
T194_OUTER_02,PMC9633814_CORE_FACILITY_10,SEQUENCE_RIDGE_FULL,T194_ea7f91bd99d68ea16f6f,PMC9633814_CORE_FACILITY_10,P37802,PMC9633814_CORE_FACILITY_10,0.5544217687074829,0.4735293878002165
T194_OUTER_02,PMC9633814_CORE_FACILITY_10,SEQUENCE_RIDGE_FULL,T194_fedb63646d5644eec82e,PMC9633814_CORE_FACILITY_10,Q8TC12,PMC9633814_CORE_FACILITY_10,0.671201814058957,0.4224693169560451
T194_OUTER_02,PMC9633814_CORE_FACILITY_10,SEQUENCE_RIDGE_COMPOSITION_ONLY,T194_0170f4f5805953588e89,PMC9633814_CORE_FACILITY_10,Q15691,PMC9633814_CORE_FACILITY_10,0.16666666666666666,0.5066614132638041
T194_OUTER_02,PMC9633814_CORE_FACILITY_10,SEQUENCE_RIDGE_COMPOSITION_ONLY,T194_060c6d0d1de89a086d3d,PMC9633814_CORE_FACILITY_10,Q14247,PMC9633814_CORE_FACILITY_10,0.5612244897959183,0.44491897851811585
T194_OUTER_02,PMC9633814_CORE_FACILITY_10,SEQUENCE_RIDGE_COMPOSITION_ONLY,T194_09bd0d5dedff889c5cf6,PMC9633814_CORE_FACILITY_10,P21796,PMC9633814_CORE_FACILITY_10,0.6167800453514739,0.4605139969281214
T194_OUTER_02,PMC9633814_CORE_FACILITY_10,SEQUENCE_RIDGE_COMPOSITION_ONLY,T194_0c19fde9e26cf894220a,PMC9633814_CORE_FACILITY_10,Q9NY65,PMC9633814_CORE_FACILITY_10,0.7006802721088435,0.6636439221411271
T194_OUTER_02,PMC9633814_CORE_FACILITY_10,SEQUENCE_RIDGE_COMPOSITION_ONLY,T194_0ce1f17c6ef3523a7798,PMC9633814_CORE_FACILITY_10,Q16643,PMC9633814_CORE_FACILITY_10,0.5963718820861678,0.6860581150182768
T194_OUTER_02,PMC9633814_CORE_FACILITY_10,SEQUENCE_RIDGE_COMPOSITION_ONLY,T194_13a50dd8b2245196c409,PMC9633814_CORE_FACILITY_10,P60174,PMC9633814_CORE_FACILITY_10,0.2857142857142857,0.47795033390495256
T194_OUTER_02,PMC9633814_CORE_FACILITY_10,SEQUENCE_RIDGE_COMPOSITION_ONLY,T194_1468994e629d00dff5f5,PMC9633814_CORE_FACILITY_10,P10599,PMC9633814_CORE_FACILITY_10,0.445578231292517,0.4400558290445276
T194_OUTER_02,PMC9633814_CORE_FACILITY_10,SEQUENCE_RIDGE_COMPOSITION_ONLY,T194_1dca3ef48b61c2d680b8,PMC9633814_CORE_FACILITY_10,P09493,PMC9633814_CORE_FACILITY_10,0.46485260770975056,0.13695756839639237
T194_OUTER_02,PMC9633814_CORE_FACILITY_10,SEQUENCE_RIDGE_COMPOSITION_ONLY,T194_211dddf980712457300f,PMC9633814_CORE_FACILITY_10,P38646,PMC9633814_CORE_FACILITY_10,0.5861678004535147,0.4694216518645268
T194_OUTER_02,PMC9633814_CORE_FACILITY_10,SEQUENCE_RIDGE_COMPOSITION_ONLY,T194_2188cc8fec6fb193327a,PMC9633814_CORE_FACILITY_10,P13796,PMC9633814_CORE_FACILITY_10,0.36054421768707484,0.5079058152469157
T194_OUTER_02,PMC9633814_CORE_FACILITY_10,SEQUENCE_RIDGE_COMPOSITION_ONLY,T194_2276c66db64c70590124,PMC9633814_CORE_FACILITY_10,P63000,PMC9633814_CORE_FACILITY_10,0.608843537414966,0.45962916585544056
T194_OUTER_02,PMC9633814_CORE_FACILITY_10,SEQUENCE_RIDGE_COMPOSITION_ONLY,T194_240957ccabed2733ba7a,PMC9633814_CORE_FACILITY_10,P61026,PMC9633814_CORE_FACILITY_10,0.6587301587301587,0.3909158721594972
T194_OUTER_02,PMC9633814_CORE_FACILITY_10,SEQUENCE_RIDGE_COMPOSITION_ONLY,T194_27812481e2b9a38a9a57,PMC9633814_CORE_FACILITY_10,P19367,PMC9633814_CORE_FACILITY_10,0.08390022675736962,0.5635603587406952
T194_OUTER_02,PMC9633814_CORE_FACILITY_10,SEQUENCE_RIDGE_COMPOSITION_ONLY,T194_2da199246ee1de7a563a,PMC9633814_CORE_FACILITY_10,Q9H4B7,PMC9633814_CORE_FACILITY_10,0.9625850340136054,0.6612082614241908
T194_OUTER_02,PMC9633814_CORE_FACILITY_10,SEQUENCE_RIDGE_COMPOSITION_ONLY,T194_2ff58919d386d2ec13b8,PMC9633814_CORE_FACILITY_10,P28066,PMC9633814_CORE_FACILITY_10,0.1836734693877551,0.5515523760253804
T194_OUTER_02,PMC9633814_CORE_FACILITY_10,SEQUENCE_RIDGE_COMPOSITION_ONLY,T194_3217837c22e3e05e51ce,PMC9633814_CORE_FACILITY_10,Q15942,PMC9633814_CORE_FACILITY_10,0.8174603174603174,0.6892689590037039
T194_OUTER_02,PMC9633814_CORE_FACILITY_10,SEQUENCE_RIDGE_COMPOSITION_ONLY,T194_3626644d567c5ad86f74,PMC9633814_CORE_FACILITY_10,P11021,PMC9633814_CORE_FACILITY_10,0.6848072562358276,0.5462485340713429
T194_OUTER_02,PMC9633814_CORE_FACILITY_10,SEQUENCE_RIDGE_COMPOSITION_ONLY,T194_36d41b84dfb0daa1eb37,PMC9633814_CORE_FACILITY_10,O00264,PMC9633814_CORE_FACILITY_10,0.47959183673469385,0.5638760776482671
T194_OUTER_02,PMC9633814_CORE_FACILITY_10,SEQUENCE_RIDGE_COMPOSITION_ONLY,T194_3ee7451ed6aa2a398da1,PMC9633814_CORE_FACILITY_10,Q27J81,PMC9633814_CORE_FACILITY_10,0.5839002267573696,0.49380848777768555
T194_OUTER_02,PMC9633814_CORE_FACILITY_10,SEQUENCE_RIDGE_COMPOSITION_ONLY,T194_414d21ef72d3b6d8251d,PMC9633814_CORE_FACILITY_10,O75083,PMC9633814_CORE_FACILITY_10,0.8027210884353742,0.510563291958274
T194_OUTER_02,PMC9633814_CORE_FACILITY_10,SEQUENCE_RIDGE_COMPOSITION_ONLY,T194_431baa611bd0fa607164,PMC9633814_CORE_FACILITY_10,P16615,PMC9633814_CORE_FACILITY_10,0.699546485260771,0.5384153314137976
T194_OUTER_02,PMC9633814_CORE_FACILITY_10,SEQUENCE_RIDGE_COMPOSITION_ONLY,T194_4466d0603873ec3ac9aa,PMC9633814_CORE_FACILITY_10,O00151,PMC9633814_CORE_FACILITY_10,0.6462585034013606,0.5962390897704493
T194_OUTER_02,PMC9633814_CORE_FACILITY_10,SEQUENCE_RIDGE_COMPOSITION_ONLY,T194_4967dcc5738628df49b2,PMC9633814_CORE_FACILITY_10,P68366,PMC9633814_CORE_FACILITY_10,0.8832199546485261,0.6721663572979628
T194_OUTER_02,PMC9633814_CORE_FACILITY_10,SEQUENCE_RIDGE_COMPOSITION_ONLY,T194_4b0b4c52585d3b200fa7,PMC9633814_CORE_FACILITY_10,P61978,PMC9633814_CORE_FACILITY_10,0.05555555555555555,0.6624705803349352
T194_OUTER_02,PMC9633814_CORE_FACILITY_10,SEQUENCE_RIDGE_COMPOSITION_ONLY,T194_4c3a5946f22ed9f863a5,PMC9633814_CORE_FACILITY_10,Q9HDC9,PMC9633814_CORE_FACILITY_10,0.8594104308390023,0.6063536192164418
T194_OUTER_02,PMC9633814_CORE_FACILITY_10,SEQUENCE_RIDGE_COMPOSITION_ONLY,T194_4d120a1380794b972571,PMC9633814_CORE_FACILITY_10,P11413,PMC9633814_CORE_FACILITY_10,0.04081632653061224,0.566201483233245
T194_OUTER_02,PMC9633814_CORE_FACILITY_10,SEQUENCE_RIDGE_COMPOSITION_ONLY,T194_5f1fc1a6d1aae260f050,PMC9633814_CORE_FACILITY_10,P00387,PMC9633814_CORE_FACILITY_10,0.6609977324263039,0.5115669067364429
T194_OUTER_02,PMC9633814_CORE_FACILITY_10,SEQUENCE_RIDGE_COMPOSITION_ONLY,T194_6543d4bf3de2f8fe15d0,PMC9633814_CORE_FACILITY_10,P50991,PMC9633814_CORE_FACILITY_10,0.282312925170068,0.4370662148174232
T194_OUTER_02,PMC9633814_CORE_FACILITY_10,SEQUENCE_RIDGE_COMPOSITION_ONLY,T194_6556394d23beb743465a,PMC9633814_CORE_FACILITY_10,P06396,PMC9633814_CORE_FACILITY_10,0.9682539682539683,0.49306995061440856
T194_OUTER_02,PMC9633814_CORE_FACILITY_10,SEQUENCE_RIDGE_COMPOSITION_ONLY,T194_6c95e9c4f598f8afff61,PMC9633814_CORE_FACILITY_10,P50990,PMC9633814_CORE_FACILITY_10,0.4126984126984127,0.46860312874401466
T194_OUTER_02,PMC9633814_CORE_FACILITY_10,SEQUENCE_RIDGE_COMPOSITION_ONLY,T194_70eda6fe14d99131c9be,PMC9633814_CORE_FACILITY_10,P10809,PMC9633814_CORE_FACILITY_10,0.7925170068027211,0.43665843878397503
T194_OUTER_02,PMC9633814_CORE_FACILITY_10,SEQUENCE_RIDGE_COMPOSITION_ONLY,T194_74b1cafeeae69c525401,PMC9633814_CORE_FACILITY_10,P30041,PMC9633814_CORE_FACILITY_10,0.35714285714285715,0.4559751147043726
T194_OUTER_02,PMC9633814_CORE_FACILITY_10,SEQUENCE_RIDGE_COMPOSITION_ONLY,T194_758474362380d15e36ee,PMC9633814_CORE_FACILITY_10,P52907,PMC9633814_CORE_FACILITY_10,0.6235827664399093,0.5229200785084449
T194_OUTER_02,PMC9633814_CORE_FACILITY_10,SEQUENCE_RIDGE_COMPOSITION_ONLY,T194_7a3c86900ce44dc8701d,PMC9633814_CORE_FACILITY_10,P27348,PMC9633814_CORE_FACILITY_10,0.6904761904761905,0.38015417679184726
T194_OUTER_02,PMC9633814_CORE_FACILITY_10,SEQUENCE_RIDGE_COMPOSITION_ONLY,T194_7da11a447a6ca83bd247,PMC9633814_CORE_FACILITY_10,Q9NQC3,PMC9633814_CORE_FACILITY_10,0.7596371882086168,0.4602274904318516
T194_OUTER_02,PMC9633814_CORE_FACILITY_10,SEQUENCE_RIDGE_COMPOSITION_ONLY,T194_87b47336c38d451c6dea,PMC9633814_CORE_FACILITY_10,P11166,PMC9633814_CORE_FACILITY_10,0.8979591836734694,0.6020692437391225
T194_OUTER_02,PMC9633814_CORE_FACILITY_10,SEQUENCE_RIDGE_COMPOSITION_ONLY,T194_88d2a9a3c3b0055165b4,PMC9633814_CORE_FACILITY_10,P61006,PMC9633814_CORE_FACILITY_10,0.05215419501133787,0.36934063085906577
T194_OUTER_02,PMC9633814_CORE_FACILITY_10,SEQUENCE_RIDGE_COMPOSITION_ONLY,T194_8eef2a484d66d97e4d7c,PMC9633814_CORE_FACILITY_10,P04264,PMC9633814_CORE_FACILITY_10,0.9795918367346939,0.7802816235990282
T194_OUTER_02,PMC9633814_CORE_FACILITY_10,SEQUENCE_RIDGE_COMPOSITION_ONLY,T194_96bd3e1cced83145b824,PMC9633814_CORE_FACILITY_10,Q70J99,PMC9633814_CORE_FACILITY_10,0.6383219954648526,0.5451947083253196
T194_OUTER_02,PMC9633814_CORE_FACILITY_10,SEQUENCE_RIDGE_COMPOSITION_ONLY,T194_9879e4de3c4c26b3fa44,PMC9633814_CORE_FACILITY_10,P26038,PMC9633814_CORE_FACILITY_10,0.8356009070294784,0.28181247584656854
T194_OUTER_02,PMC9633814_CORE_FACILITY_10,SEQUENCE_RIDGE_COMPOSITION_ONLY,T194_99e02876641bff2cc638,PMC9633814_CORE_FACILITY_10,P20645,PMC9633814_CORE_FACILITY_10,0.030612244897959183,0.6616300364443878
T194_OUTER_02,PMC9633814_CORE_FACILITY_10,SEQUENCE_RIDGE_COMPOSITION_ONLY,T194_a2c405a223cc66e26df5,PMC9633814_CORE_FACILITY_10,P61981,PMC9633814_CORE_FACILITY_10,0.6485260770975056,0.4151037685022354
T194_OUTER_02,PMC9633814_CORE_FACILITY_10,SEQUENCE_RIDGE_COMPOSITION_ONLY,T194_a30995ac92e3ed1176db,PMC9633814_CORE_FACILITY_10,P04004,PMC9633814_CORE_FACILITY_10,0.9920634920634921,0.5973868408484977
T194_OUTER_02,PMC9633814_CORE_FACILITY_10,SEQUENCE_RIDGE_COMPOSITION_ONLY,T194_a35dcb16db945fa74830,PMC9633814_CORE_FACILITY_10,P05556,PMC9633814_CORE_FACILITY_10,0.8707482993197279,0.7511247819333066
T194_OUTER_02,PMC9633814_CORE_FACILITY_10,SEQUENCE_RIDGE_COMPOSITION_ONLY,T194_a9394ce80644460cf09d,PMC9633814_CORE_FACILITY_10,Q9BSJ8,PMC9633814_CORE_FACILITY_10,0.3934240362811791,0.504942999360017
T194_OUTER_02,PMC9633814_CORE_FACILITY_10,SEQUENCE_RIDGE_COMPOSITION_ONLY,T194_af624dd6d669a4216001,PMC9633814_CORE_FACILITY_10,O00187,PMC9633814_CORE_FACILITY_10,0.9160997732426304,0.6281022921708094
T194_OUTER_02,PMC9633814_CORE_FACILITY_10,SEQUENCE_RIDGE_COMPOSITION_ONLY,T194_b8f61d78efb548d9e2e9,PMC9633814_CORE_FACILITY_10,P27797,PMC9633814_CORE_FACILITY_10,0.5975056689342404,0.4964279100678343
T194_OUTER_02,PMC9633814_CORE_FACILITY_10,SEQUENCE_RIDGE_COMPOSITION_ONLY,T194_bd9b53b25467ae385cb7,PMC9633814_CORE_FACILITY_10,P30101,PMC9633814_CORE_FACILITY_10,0.764172335600907,0.41749459375896525
T194_OUTER_02,PMC9633814_CORE_FACILITY_10,SEQUENCE_RIDGE_COMPOSITION_ONLY,T194_c13455252273d6df58d5,PMC9633814_CORE_FACILITY_10,Q93084,PMC9633814_CORE_FACILITY_10,0.8786848072562359,0.5759256793517604
T194_OUTER_02,PMC9633814_CORE_FACILITY_10,SEQUENCE_RIDGE_COMPOSITION_ONLY,T194_c154a624047ba732bb01,PMC9633814_CORE_FACILITY_10,Q9NRW1,PMC9633814_CORE_FACILITY_10,0.1893424036281179,0.49979782918406646
T194_OUTER_02,PMC9633814_CORE_FACILITY_10,SEQUENCE_RIDGE_COMPOSITION_ONLY,T194_c20a87e2e514528cf4da,PMC9633814_CORE_FACILITY_10,P55072,PMC9633814_CORE_FACILITY_10,0.5102040816326531,0.5988022840584921
T194_OUTER_02,PMC9633814_CORE_FACILITY_10,SEQUENCE_RIDGE_COMPOSITION_ONLY,T194_c57822c9ebef18837d30,PMC9633814_CORE_FACILITY_10,P06576,PMC9633814_CORE_FACILITY_10,0.8117913832199547,0.5903440381750108
T194_OUTER_02,PMC9633814_CORE_FACILITY_10,SEQUENCE_RIDGE_COMPOSITION_ONLY,T194_c73bb2e3a2be7cf5242b,PMC9633814_CORE_FACILITY_10,P78417,PMC9633814_CORE_FACILITY_10,0.6077097505668935,0.32771537750887203
T194_OUTER_02,PMC9633814_CORE_FACILITY_10,SEQUENCE_RIDGE_COMPOSITION_ONLY,T194_cc62bd16ce4687ae1532,PMC9633814_CORE_FACILITY_10,P49411,PMC9633814_CORE_FACILITY_10,0.1235827664399093,0.5368433282367304
T194_OUTER_02,PMC9633814_CORE_FACILITY_10,SEQUENCE_RIDGE_COMPOSITION_ONLY,T194_ce04e3577ab5c6a15a66,PMC9633814_CORE_FACILITY_10,P05023,PMC9633814_CORE_FACILITY_10,0.46598639455782315,0.5642849344902825
T194_OUTER_02,PMC9633814_CORE_FACILITY_10,SEQUENCE_RIDGE_COMPOSITION_ONLY,T194_cef4af3128c6a078abe7,PMC9633814_CORE_FACILITY_10,Q15365,PMC9633814_CORE_FACILITY_10,0.5045351473922902,0.5850653091070569
T194_OUTER_02,PMC9633814_CORE_FACILITY_10,SEQUENCE_RIDGE_COMPOSITION_ONLY,T194_d397bdb3044d861b2732,PMC9633814_CORE_FACILITY_10,P07996,PMC9633814_CORE_FACILITY_10,0.9727891156462585,0.780327424309567
T194_OUTER_02,PMC9633814_CORE_FACILITY_10,SEQUENCE_RIDGE_COMPOSITION_ONLY,T194_d5711082f40b0b81887e,PMC9633814_CORE_FACILITY_10,P45880,PMC9633814_CORE_FACILITY_10,0.7233560090702947,0.5296292699604596
T194_OUTER_02,PMC9633814_CORE_FACILITY_10,SEQUENCE_RIDGE_COMPOSITION_ONLY,T194_da677f9fc6be68564e7a,PMC9633814_CORE_FACILITY_10,P26641,PMC9633814_CORE_FACILITY_10,0.4376417233560091,0.40207068862292855
T194_OUTER_02,PMC9633814_CORE_FACILITY_10,SEQUENCE_RIDGE_COMPOSITION_ONLY,T194_df1180fc16311fbfc05d,PMC9633814_CORE_FACILITY_10,P04844,PMC9633814_CORE_FACILITY_10,0.36848072562358275,0.512792814858836
T194_OUTER_02,PMC9633814_CORE_FACILITY_10,SEQUENCE_RIDGE_COMPOSITION_ONLY,T194_e46d2a5b68711be5eae7,PMC9633814_CORE_FACILITY_10,Q7L576,PMC9633814_CORE_FACILITY_10,0.5408163265306123,0.5066908551776558
T194_OUTER_02,PMC9633814_CORE_FACILITY_10,SEQUENCE_RIDGE_COMPOSITION_ONLY,T194_e67f7d722f5cc0522057,PMC9633814_CORE_FACILITY_10,P24844,PMC9633814_CORE_FACILITY_10,0.719954648526077,0.4494524847087608
T194_OUTER_02,PMC9633814_CORE_FACILITY_10,SEQUENCE_RIDGE_COMPOSITION_ONLY,T194_ea7f91bd99d68ea16f6f,PMC9633814_CORE_FACILITY_10,P37802,PMC9633814_CORE_FACILITY_10,0.5544217687074829,0.5212762308682142
T194_OUTER_02,PMC9633814_CORE_FACILITY_10,SEQUENCE_RIDGE_COMPOSITION_ONLY,T194_fedb63646d5644eec82e,PMC9633814_CORE_FACILITY_10,Q8TC12,PMC9633814_CORE_FACILITY_10,0.671201814058957,0.43305663107726017
T194_OUTER_03,PMC9633814_CORE_FACILITY_11,CONSTANT_TRAINING_MEAN,T194_053636b87e6e20932ed5,PMC9633814_CORE_FACILITY_11,P30048,PMC9633814_CORE_FACILITY_11,0.6333333333333333,0.5281810750040467
T194_OUTER_03,PMC9633814_CORE_FACILITY_11,CONSTANT_TRAINING_MEAN,T194_05fe914ef613e6fca092,PMC9633814_CORE_FACILITY_11,Q9H4B7,PMC9633814_CORE_FACILITY_11,0.8291666666666667,0.5281810750040467
T194_OUTER_03,PMC9633814_CORE_FACILITY_11,CONSTANT_TRAINING_MEAN,T194_12525287b6650a5570a7,PMC9633814_CORE_FACILITY_11,P24844,PMC9633814_CORE_FACILITY_11,0.08194444444444444,0.5281810750040467
T194_OUTER_03,PMC9633814_CORE_FACILITY_11,CONSTANT_TRAINING_MEAN,T194_15917a8077b9164b9c6a,PMC9633814_CORE_FACILITY_11,P13796,PMC9633814_CORE_FACILITY_11,0.3472222222222222,0.5281810750040467
T194_OUTER_03,PMC9633814_CORE_FACILITY_11,CONSTANT_TRAINING_MEAN,T194_1bafae57a64911407b72,PMC9633814_CORE_FACILITY_11,O15145,PMC9633814_CORE_FACILITY_11,0.28194444444444444,0.5281810750040467
T194_OUTER_03,PMC9633814_CORE_FACILITY_11,CONSTANT_TRAINING_MEAN,T194_2186b61436bdf58aa377,PMC9633814_CORE_FACILITY_11,P15531,PMC9633814_CORE_FACILITY_11,0.42083333333333334,0.5281810750040467
T194_OUTER_03,PMC9633814_CORE_FACILITY_11,CONSTANT_TRAINING_MEAN,T194_2ecd783c856d9641fb13,PMC9633814_CORE_FACILITY_11,P05023,PMC9633814_CORE_FACILITY_11,0.7263888888888889,0.5281810750040467
T194_OUTER_03,PMC9633814_CORE_FACILITY_11,CONSTANT_TRAINING_MEAN,T194_3740f46f878045090171,PMC9633814_CORE_FACILITY_11,O00264,PMC9633814_CORE_FACILITY_11,0.5708333333333333,0.5281810750040467
T194_OUTER_03,PMC9633814_CORE_FACILITY_11,CONSTANT_TRAINING_MEAN,T194_3a80096d3f2943bc9424,PMC9633814_CORE_FACILITY_11,P68366,PMC9633814_CORE_FACILITY_11,0.8472222222222222,0.5281810750040467
T194_OUTER_03,PMC9633814_CORE_FACILITY_11,CONSTANT_TRAINING_MEAN,T194_3ba1c3629de574c52cab,PMC9633814_CORE_FACILITY_11,P30101,PMC9633814_CORE_FACILITY_11,0.8180555555555555,0.5281810750040467
T194_OUTER_03,PMC9633814_CORE_FACILITY_11,CONSTANT_TRAINING_MEAN,T194_41c65ff08d554ef4445c,PMC9633814_CORE_FACILITY_11,O00299,PMC9633814_CORE_FACILITY_11,0.6263888888888889,0.5281810750040467
T194_OUTER_03,PMC9633814_CORE_FACILITY_11,CONSTANT_TRAINING_MEAN,T194_44c79b12a953ec6b9ee6,PMC9633814_CORE_FACILITY_11,P27797,PMC9633814_CORE_FACILITY_11,0.49722222222222223,0.5281810750040467
T194_OUTER_03,PMC9633814_CORE_FACILITY_11,CONSTANT_TRAINING_MEAN,T194_4b25f30790cfbbad52db,PMC9633814_CORE_FACILITY_11,P62805,PMC9633814_CORE_FACILITY_11,0.05694444444444444,0.5281810750040467
T194_OUTER_03,PMC9633814_CORE_FACILITY_11,CONSTANT_TRAINING_MEAN,T194_4c9010a780dabaa1fa64,PMC9633814_CORE_FACILITY_11,Q9BS26,PMC9633814_CORE_FACILITY_11,0.3277777777777778,0.5281810750040467
T194_OUTER_03,PMC9633814_CORE_FACILITY_11,CONSTANT_TRAINING_MEAN,T194_529efcf4ba4535900a16,PMC9633814_CORE_FACILITY_11,P06396,PMC9633814_CORE_FACILITY_11,0.9694444444444444,0.5281810750040467
T194_OUTER_03,PMC9633814_CORE_FACILITY_11,CONSTANT_TRAINING_MEAN,T194_53cb5259cf5fd7b19272,PMC9633814_CORE_FACILITY_11,P04844,PMC9633814_CORE_FACILITY_11,0.4222222222222222,0.5281810750040467
T194_OUTER_03,PMC9633814_CORE_FACILITY_11,CONSTANT_TRAINING_MEAN,T194_5867e9d304f1603656f0,PMC9633814_CORE_FACILITY_11,P61981,PMC9633814_CORE_FACILITY_11,0.525,0.5281810750040467
T194_OUTER_03,PMC9633814_CORE_FACILITY_11,CONSTANT_TRAINING_MEAN,T194_5a2a7b1b61ff36b52eee,PMC9633814_CORE_FACILITY_11,P63000,PMC9633814_CORE_FACILITY_11,0.8305555555555556,0.5281810750040467
T194_OUTER_03,PMC9633814_CORE_FACILITY_11,CONSTANT_TRAINING_MEAN,T194_5e4c93b157e4b467c0fa,PMC9633814_CORE_FACILITY_11,P00387,PMC9633814_CORE_FACILITY_11,0.48194444444444445,0.5281810750040467
T194_OUTER_03,PMC9633814_CORE_FACILITY_11,CONSTANT_TRAINING_MEAN,T194_65ef1fdcee2540a57633,PMC9633814_CORE_FACILITY_11,P04004,PMC9633814_CORE_FACILITY_11,0.9791666666666666,0.5281810750040467
T194_OUTER_03,PMC9633814_CORE_FACILITY_11,CONSTANT_TRAINING_MEAN,T194_695d3adbb54146591450,PMC9633814_CORE_FACILITY_11,Q9BSJ8,PMC9633814_CORE_FACILITY_11,0.3402777777777778,0.5281810750040467
T194_OUTER_03,PMC9633814_CORE_FACILITY_11,CONSTANT_TRAINING_MEAN,T194_74d120b88a4cbf2f930c,PMC9633814_CORE_FACILITY_11,P26641,PMC9633814_CORE_FACILITY_11,0.020833333333333332,0.5281810750040467
T194_OUTER_03,PMC9633814_CORE_FACILITY_11,CONSTANT_TRAINING_MEAN,T194_7e3b02b80f82f61fb891,PMC9633814_CORE_FACILITY_11,P30041,PMC9633814_CORE_FACILITY_11,0.6305555555555555,0.5281810750040467
T194_OUTER_03,PMC9633814_CORE_FACILITY_11,CONSTANT_TRAINING_MEAN,T194_816b7c7b99ec2ba03f98,PMC9633814_CORE_FACILITY_11,P11021,PMC9633814_CORE_FACILITY_11,0.7083333333333334,0.5281810750040467
T194_OUTER_03,PMC9633814_CORE_FACILITY_11,CONSTANT_TRAINING_MEAN,T194_82035dd857f8237432f6,PMC9633814_CORE_FACILITY_11,P52907,PMC9633814_CORE_FACILITY_11,0.6611111111111111,0.5281810750040467
T194_OUTER_03,PMC9633814_CORE_FACILITY_11,CONSTANT_TRAINING_MEAN,T194_83f873dc4998c525582e,PMC9633814_CORE_FACILITY_11,O75083,PMC9633814_CORE_FACILITY_11,0.5513888888888889,0.5281810750040467
T194_OUTER_03,PMC9633814_CORE_FACILITY_11,CONSTANT_TRAINING_MEAN,T194_84eb68b2d02d8fa471f4,PMC9633814_CORE_FACILITY_11,P21796,PMC9633814_CORE_FACILITY_11,0.7138888888888889,0.5281810750040467
T194_OUTER_03,PMC9633814_CORE_FACILITY_11,CONSTANT_TRAINING_MEAN,T194_865e12774824bb6ca2ee,PMC9633814_CORE_FACILITY_11,P28066,PMC9633814_CORE_FACILITY_11,0.1625,0.5281810750040467
T194_OUTER_03,PMC9633814_CORE_FACILITY_11,CONSTANT_TRAINING_MEAN,T194_88c77e4e877b7927565d,PMC9633814_CORE_FACILITY_11,Q15084,PMC9633814_CORE_FACILITY_11,0.12777777777777777,0.5281810750040467
T194_OUTER_03,PMC9633814_CORE_FACILITY_11,CONSTANT_TRAINING_MEAN,T194_8b6d6e1fb1339a61329e,PMC9633814_CORE_FACILITY_11,P11166,PMC9633814_CORE_FACILITY_11,0.8416666666666667,0.5281810750040467
T194_OUTER_03,PMC9633814_CORE_FACILITY_11,CONSTANT_TRAINING_MEAN,T194_8baee2161465f02f59ec,PMC9633814_CORE_FACILITY_11,Q14974,PMC9633814_CORE_FACILITY_11,0.05416666666666667,0.5281810750040467
T194_OUTER_03,PMC9633814_CORE_FACILITY_11,CONSTANT_TRAINING_MEAN,T194_a06abe940c35d521ac5d,PMC9633814_CORE_FACILITY_11,P26038,PMC9633814_CORE_FACILITY_11,0.8694444444444445,0.5281810750040467
T194_OUTER_03,PMC9633814_CORE_FACILITY_11,CONSTANT_TRAINING_MEAN,T194_a5f37a6e09f0832f1e56,PMC9633814_CORE_FACILITY_11,Q8TC12,PMC9633814_CORE_FACILITY_11,0.425,0.5281810750040467
T194_OUTER_03,PMC9633814_CORE_FACILITY_11,CONSTANT_TRAINING_MEAN,T194_a895d99abec0262619ce,PMC9633814_CORE_FACILITY_11,Q9HDC9,PMC9633814_CORE_FACILITY_11,0.8625,0.5281810750040467
T194_OUTER_03,PMC9633814_CORE_FACILITY_11,CONSTANT_TRAINING_MEAN,T194_a936e59a9b4a81889445,PMC9633814_CORE_FACILITY_11,Q9NQC3,PMC9633814_CORE_FACILITY_11,0.8666666666666667,0.5281810750040467
T194_OUTER_03,PMC9633814_CORE_FACILITY_11,CONSTANT_TRAINING_MEAN,T194_b8a38a23cb2f8f8c271e,PMC9633814_CORE_FACILITY_11,P61026,PMC9633814_CORE_FACILITY_11,0.6861111111111111,0.5281810750040467
T194_OUTER_03,PMC9633814_CORE_FACILITY_11,CONSTANT_TRAINING_MEAN,T194_bf0146be5c15a008cc57,PMC9633814_CORE_FACILITY_11,P00403,PMC9633814_CORE_FACILITY_11,0.6013888888888889,0.5281810750040467
T194_OUTER_03,PMC9633814_CORE_FACILITY_11,CONSTANT_TRAINING_MEAN,T194_bff4ceb1184851857092,PMC9633814_CORE_FACILITY_11,Q15365,PMC9633814_CORE_FACILITY_11,0.14027777777777778,0.5281810750040467
T194_OUTER_03,PMC9633814_CORE_FACILITY_11,CONSTANT_TRAINING_MEAN,T194_c2c0bf7fb4f8b2f0caab,PMC9633814_CORE_FACILITY_11,P04264,PMC9633814_CORE_FACILITY_11,0.9180555555555555,0.5281810750040467
T194_OUTER_03,PMC9633814_CORE_FACILITY_11,CONSTANT_TRAINING_MEAN,T194_c2f7d4afc9ccb418ab99,PMC9633814_CORE_FACILITY_11,P28070,PMC9633814_CORE_FACILITY_11,0.4166666666666667,0.5281810750040467
T194_OUTER_03,PMC9633814_CORE_FACILITY_11,CONSTANT_TRAINING_MEAN,T194_c443dd98c9bf0f767a29,PMC9633814_CORE_FACILITY_11,O00187,PMC9633814_CORE_FACILITY_11,0.8861111111111111,0.5281810750040467
T194_OUTER_03,PMC9633814_CORE_FACILITY_11,CONSTANT_TRAINING_MEAN,T194_c672d9f3fc7091335c47,PMC9633814_CORE_FACILITY_11,P50995,PMC9633814_CORE_FACILITY_11,0.1736111111111111,0.5281810750040467
T194_OUTER_03,PMC9633814_CORE_FACILITY_11,CONSTANT_TRAINING_MEAN,T194_cdc5f4d1543747cf71d8,PMC9633814_CORE_FACILITY_11,Q14247,PMC9633814_CORE_FACILITY_11,0.3958333333333333,0.5281810750040467
T194_OUTER_03,PMC9633814_CORE_FACILITY_11,CONSTANT_TRAINING_MEAN,T194_cf4a4a24d2bd692cbe31,PMC9633814_CORE_FACILITY_11,P27348,PMC9633814_CORE_FACILITY_11,0.3861111111111111,0.5281810750040467
T194_OUTER_03,PMC9633814_CORE_FACILITY_11,CONSTANT_TRAINING_MEAN,T194_d4fb04c162538a2fafc0,PMC9633814_CORE_FACILITY_11,P78417,PMC9633814_CORE_FACILITY_11,0.4791666666666667,0.5281810750040467
T194_OUTER_03,PMC9633814_CORE_FACILITY_11,CONSTANT_TRAINING_MEAN,T194_d6c83b45c502cd80efa0,PMC9633814_CORE_FACILITY_11,P23284,PMC9633814_CORE_FACILITY_11,0.5208333333333334,0.5281810750040467
T194_OUTER_03,PMC9633814_CORE_FACILITY_11,CONSTANT_TRAINING_MEAN,T194_db9a3454a21e9dabf8d7,PMC9633814_CORE_FACILITY_11,P07996,PMC9633814_CORE_FACILITY_11,0.8902777777777777,0.5281810750040467
T194_OUTER_03,PMC9633814_CORE_FACILITY_11,CONSTANT_TRAINING_MEAN,T194_e166a908c47b83f4427b,PMC9633814_CORE_FACILITY_11,Q99832,PMC9633814_CORE_FACILITY_11,0.1527777777777778,0.5281810750040467
T194_OUTER_03,PMC9633814_CORE_FACILITY_11,CONSTANT_TRAINING_MEAN,T194_e60305b6bbd027323631,PMC9633814_CORE_FACILITY_11,Q9NRW1,PMC9633814_CORE_FACILITY_11,0.39305555555555555,0.5281810750040467
T194_OUTER_03,PMC9633814_CORE_FACILITY_11,CONSTANT_TRAINING_MEAN,T194_ea69d598987782a5705e,PMC9633814_CORE_FACILITY_11,Q16762,PMC9633814_CORE_FACILITY_11,0.07916666666666666,0.5281810750040467
T194_OUTER_03,PMC9633814_CORE_FACILITY_11,CONSTANT_TRAINING_MEAN,T194_ec34d38df4c71bb84c17,PMC9633814_CORE_FACILITY_11,O00151,PMC9633814_CORE_FACILITY_11,0.48055555555555557,0.5281810750040467
T194_OUTER_03,PMC9633814_CORE_FACILITY_11,CONSTANT_TRAINING_MEAN,T194_ef5b8f53f97a3a5b6eca,PMC9633814_CORE_FACILITY_11,Q93084,PMC9633814_CORE_FACILITY_11,0.7861111111111111,0.5281810750040467
T194_OUTER_03,PMC9633814_CORE_FACILITY_11,CONSTANT_TRAINING_MEAN,T194_f2bcb39dd70ea83493a3,PMC9633814_CORE_FACILITY_11,P20645,PMC9633814_CORE_FACILITY_11,0.4041666666666667,0.5281810750040467
T194_OUTER_03,PMC9633814_CORE_FACILITY_11,CONSTANT_TRAINING_MEAN,T194_f5c66d33a3e85fe61b16,PMC9633814_CORE_FACILITY_11,P06576,PMC9633814_CORE_FACILITY_11,0.8638888888888889,0.5281810750040467
T194_OUTER_03,PMC9633814_CORE_FACILITY_11,SEQUENCE_RIDGE_FULL,T194_053636b87e6e20932ed5,PMC9633814_CORE_FACILITY_11,P30048,PMC9633814_CORE_FACILITY_11,0.6333333333333333,0.4260188436911885
T194_OUTER_03,PMC9633814_CORE_FACILITY_11,SEQUENCE_RIDGE_FULL,T194_05fe914ef613e6fca092,PMC9633814_CORE_FACILITY_11,Q9H4B7,PMC9633814_CORE_FACILITY_11,0.8291666666666667,0.6536027752271703
T194_OUTER_03,PMC9633814_CORE_FACILITY_11,SEQUENCE_RIDGE_FULL,T194_12525287b6650a5570a7,PMC9633814_CORE_FACILITY_11,P24844,PMC9633814_CORE_FACILITY_11,0.08194444444444444,0.5254795809277728
T194_OUTER_03,PMC9633814_CORE_FACILITY_11,SEQUENCE_RIDGE_FULL,T194_15917a8077b9164b9c6a,PMC9633814_CORE_FACILITY_11,P13796,PMC9633814_CORE_FACILITY_11,0.3472222222222222,0.5106007210566438
T194_OUTER_03,PMC9633814_CORE_FACILITY_11,SEQUENCE_RIDGE_FULL,T194_1bafae57a64911407b72,PMC9633814_CORE_FACILITY_11,O15145,PMC9633814_CORE_FACILITY_11,0.28194444444444444,0.37629898040789483
T194_OUTER_03,PMC9633814_CORE_FACILITY_11,SEQUENCE_RIDGE_FULL,T194_2186b61436bdf58aa377,PMC9633814_CORE_FACILITY_11,P15531,PMC9633814_CORE_FACILITY_11,0.42083333333333334,0.5315398143014118
T194_OUTER_03,PMC9633814_CORE_FACILITY_11,SEQUENCE_RIDGE_FULL,T194_2ecd783c856d9641fb13,PMC9633814_CORE_FACILITY_11,P05023,PMC9633814_CORE_FACILITY_11,0.7263888888888889,0.6415136625359316
T194_OUTER_03,PMC9633814_CORE_FACILITY_11,SEQUENCE_RIDGE_FULL,T194_3740f46f878045090171,PMC9633814_CORE_FACILITY_11,O00264,PMC9633814_CORE_FACILITY_11,0.5708333333333333,0.48200937807775435
T194_OUTER_03,PMC9633814_CORE_FACILITY_11,SEQUENCE_RIDGE_FULL,T194_3a80096d3f2943bc9424,PMC9633814_CORE_FACILITY_11,P68366,PMC9633814_CORE_FACILITY_11,0.8472222222222222,0.6693196103522189
T194_OUTER_03,PMC9633814_CORE_FACILITY_11,SEQUENCE_RIDGE_FULL,T194_3ba1c3629de574c52cab,PMC9633814_CORE_FACILITY_11,P30101,PMC9633814_CORE_FACILITY_11,0.8180555555555555,0.4667456023534248
T194_OUTER_03,PMC9633814_CORE_FACILITY_11,SEQUENCE_RIDGE_FULL,T194_41c65ff08d554ef4445c,PMC9633814_CORE_FACILITY_11,O00299,PMC9633814_CORE_FACILITY_11,0.6263888888888889,0.5517676132352022
T194_OUTER_03,PMC9633814_CORE_FACILITY_11,SEQUENCE_RIDGE_FULL,T194_44c79b12a953ec6b9ee6,PMC9633814_CORE_FACILITY_11,P27797,PMC9633814_CORE_FACILITY_11,0.49722222222222223,0.4607191704252265
T194_OUTER_03,PMC9633814_CORE_FACILITY_11,SEQUENCE_RIDGE_FULL,T194_4b25f30790cfbbad52db,PMC9633814_CORE_FACILITY_11,P62805,PMC9633814_CORE_FACILITY_11,0.05694444444444444,0.4308588875704247
T194_OUTER_03,PMC9633814_CORE_FACILITY_11,SEQUENCE_RIDGE_FULL,T194_4c9010a780dabaa1fa64,PMC9633814_CORE_FACILITY_11,Q9BS26,PMC9633814_CORE_FACILITY_11,0.3277777777777778,0.5538360676515621
T194_OUTER_03,PMC9633814_CORE_FACILITY_11,SEQUENCE_RIDGE_FULL,T194_529efcf4ba4535900a16,PMC9633814_CORE_FACILITY_11,P06396,PMC9633814_CORE_FACILITY_11,0.9694444444444444,0.5772834213299308
T194_OUTER_03,PMC9633814_CORE_FACILITY_11,SEQUENCE_RIDGE_FULL,T194_53cb5259cf5fd7b19272,PMC9633814_CORE_FACILITY_11,P04844,PMC9633814_CORE_FACILITY_11,0.4222222222222222,0.5212184951209331
T194_OUTER_03,PMC9633814_CORE_FACILITY_11,SEQUENCE_RIDGE_FULL,T194_5867e9d304f1603656f0,PMC9633814_CORE_FACILITY_11,P61981,PMC9633814_CORE_FACILITY_11,0.525,0.3931823341833453
T194_OUTER_03,PMC9633814_CORE_FACILITY_11,SEQUENCE_RIDGE_FULL,T194_5a2a7b1b61ff36b52eee,PMC9633814_CORE_FACILITY_11,P63000,PMC9633814_CORE_FACILITY_11,0.8305555555555556,0.39434822313511814
T194_OUTER_03,PMC9633814_CORE_FACILITY_11,SEQUENCE_RIDGE_FULL,T194_5e4c93b157e4b467c0fa,PMC9633814_CORE_FACILITY_11,P00387,PMC9633814_CORE_FACILITY_11,0.48194444444444445,0.4851949564071911
T194_OUTER_03,PMC9633814_CORE_FACILITY_11,SEQUENCE_RIDGE_FULL,T194_65ef1fdcee2540a57633,PMC9633814_CORE_FACILITY_11,P04004,PMC9633814_CORE_FACILITY_11,0.9791666666666666,0.5861841394459543
T194_OUTER_03,PMC9633814_CORE_FACILITY_11,SEQUENCE_RIDGE_FULL,T194_695d3adbb54146591450,PMC9633814_CORE_FACILITY_11,Q9BSJ8,PMC9633814_CORE_FACILITY_11,0.3402777777777778,0.5304891587136725
T194_OUTER_03,PMC9633814_CORE_FACILITY_11,SEQUENCE_RIDGE_FULL,T194_74d120b88a4cbf2f930c,PMC9633814_CORE_FACILITY_11,P26641,PMC9633814_CORE_FACILITY_11,0.020833333333333332,0.4472732774049637
T194_OUTER_03,PMC9633814_CORE_FACILITY_11,SEQUENCE_RIDGE_FULL,T194_7e3b02b80f82f61fb891,PMC9633814_CORE_FACILITY_11,P30041,PMC9633814_CORE_FACILITY_11,0.6305555555555555,0.39218028833617574
T194_OUTER_03,PMC9633814_CORE_FACILITY_11,SEQUENCE_RIDGE_FULL,T194_816b7c7b99ec2ba03f98,PMC9633814_CORE_FACILITY_11,P11021,PMC9633814_CORE_FACILITY_11,0.7083333333333334,0.5558003307892355
T194_OUTER_03,PMC9633814_CORE_FACILITY_11,SEQUENCE_RIDGE_FULL,T194_82035dd857f8237432f6,PMC9633814_CORE_FACILITY_11,P52907,PMC9633814_CORE_FACILITY_11,0.6611111111111111,0.49084248142011644
T194_OUTER_03,PMC9633814_CORE_FACILITY_11,SEQUENCE_RIDGE_FULL,T194_83f873dc4998c525582e,PMC9633814_CORE_FACILITY_11,O75083,PMC9633814_CORE_FACILITY_11,0.5513888888888889,0.5348728889716485
T194_OUTER_03,PMC9633814_CORE_FACILITY_11,SEQUENCE_RIDGE_FULL,T194_84eb68b2d02d8fa471f4,PMC9633814_CORE_FACILITY_11,P21796,PMC9633814_CORE_FACILITY_11,0.7138888888888889,0.5041957422565747
T194_OUTER_03,PMC9633814_CORE_FACILITY_11,SEQUENCE_RIDGE_FULL,T194_865e12774824bb6ca2ee,PMC9633814_CORE_FACILITY_11,P28066,PMC9633814_CORE_FACILITY_11,0.1625,0.48685803189844906
T194_OUTER_03,PMC9633814_CORE_FACILITY_11,SEQUENCE_RIDGE_FULL,T194_88c77e4e877b7927565d,PMC9633814_CORE_FACILITY_11,Q15084,PMC9633814_CORE_FACILITY_11,0.12777777777777777,0.42736270713688473
T194_OUTER_03,PMC9633814_CORE_FACILITY_11,SEQUENCE_RIDGE_FULL,T194_8b6d6e1fb1339a61329e,PMC9633814_CORE_FACILITY_11,P11166,PMC9633814_CORE_FACILITY_11,0.8416666666666667,0.5932399355106763
T194_OUTER_03,PMC9633814_CORE_FACILITY_11,SEQUENCE_RIDGE_FULL,T194_8baee2161465f02f59ec,PMC9633814_CORE_FACILITY_11,Q14974,PMC9633814_CORE_FACILITY_11,0.05416666666666667,0.5655953033542479
T194_OUTER_03,PMC9633814_CORE_FACILITY_11,SEQUENCE_RIDGE_FULL,T194_a06abe940c35d521ac5d,PMC9633814_CORE_FACILITY_11,P26038,PMC9633814_CORE_FACILITY_11,0.8694444444444445,0.3196316245122253
T194_OUTER_03,PMC9633814_CORE_FACILITY_11,SEQUENCE_RIDGE_FULL,T194_a5f37a6e09f0832f1e56,PMC9633814_CORE_FACILITY_11,Q8TC12,PMC9633814_CORE_FACILITY_11,0.425,0.43679911947841554
T194_OUTER_03,PMC9633814_CORE_FACILITY_11,SEQUENCE_RIDGE_FULL,T194_a895d99abec0262619ce,PMC9633814_CORE_FACILITY_11,Q9HDC9,PMC9633814_CORE_FACILITY_11,0.8625,0.5444062279935515
T194_OUTER_03,PMC9633814_CORE_FACILITY_11,SEQUENCE_RIDGE_FULL,T194_a936e59a9b4a81889445,PMC9633814_CORE_FACILITY_11,Q9NQC3,PMC9633814_CORE_FACILITY_11,0.8666666666666667,0.5505590902394379
T194_OUTER_03,PMC9633814_CORE_FACILITY_11,SEQUENCE_RIDGE_FULL,T194_b8a38a23cb2f8f8c271e,PMC9633814_CORE_FACILITY_11,P61026,PMC9633814_CORE_FACILITY_11,0.6861111111111111,0.3677144148625324
T194_OUTER_03,PMC9633814_CORE_FACILITY_11,SEQUENCE_RIDGE_FULL,T194_bf0146be5c15a008cc57,PMC9633814_CORE_FACILITY_11,P00403,PMC9633814_CORE_FACILITY_11,0.6013888888888889,0.5072728706636462
T194_OUTER_03,PMC9633814_CORE_FACILITY_11,SEQUENCE_RIDGE_FULL,T194_bff4ceb1184851857092,PMC9633814_CORE_FACILITY_11,Q15365,PMC9633814_CORE_FACILITY_11,0.14027777777777778,0.4900246247156971
T194_OUTER_03,PMC9633814_CORE_FACILITY_11,SEQUENCE_RIDGE_FULL,T194_c2c0bf7fb4f8b2f0caab,PMC9633814_CORE_FACILITY_11,P04264,PMC9633814_CORE_FACILITY_11,0.9180555555555555,0.8292391785759661
T194_OUTER_03,PMC9633814_CORE_FACILITY_11,SEQUENCE_RIDGE_FULL,T194_c2f7d4afc9ccb418ab99,PMC9633814_CORE_FACILITY_11,P28070,PMC9633814_CORE_FACILITY_11,0.4166666666666667,0.5151265833739125
T194_OUTER_03,PMC9633814_CORE_FACILITY_11,SEQUENCE_RIDGE_FULL,T194_c443dd98c9bf0f767a29,PMC9633814_CORE_FACILITY_11,O00187,PMC9633814_CORE_FACILITY_11,0.8861111111111111,0.6878924748190794
T194_OUTER_03,PMC9633814_CORE_FACILITY_11,SEQUENCE_RIDGE_FULL,T194_c672d9f3fc7091335c47,PMC9633814_CORE_FACILITY_11,P50995,PMC9633814_CORE_FACILITY_11,0.1736111111111111,0.6250454121224854
T194_OUTER_03,PMC9633814_CORE_FACILITY_11,SEQUENCE_RIDGE_FULL,T194_cdc5f4d1543747cf71d8,PMC9633814_CORE_FACILITY_11,Q14247,PMC9633814_CORE_FACILITY_11,0.3958333333333333,0.5181547988497419
T194_OUTER_03,PMC9633814_CORE_FACILITY_11,SEQUENCE_RIDGE_FULL,T194_cf4a4a24d2bd692cbe31,PMC9633814_CORE_FACILITY_11,P27348,PMC9633814_CORE_FACILITY_11,0.3861111111111111,0.3561076207922292
T194_OUTER_03,PMC9633814_CORE_FACILITY_11,SEQUENCE_RIDGE_FULL,T194_d4fb04c162538a2fafc0,PMC9633814_CORE_FACILITY_11,P78417,PMC9633814_CORE_FACILITY_11,0.4791666666666667,0.3407698991418472
T194_OUTER_03,PMC9633814_CORE_FACILITY_11,SEQUENCE_RIDGE_FULL,T194_d6c83b45c502cd80efa0,PMC9633814_CORE_FACILITY_11,P23284,PMC9633814_CORE_FACILITY_11,0.5208333333333334,0.3967331937366035
T194_OUTER_03,PMC9633814_CORE_FACILITY_11,SEQUENCE_RIDGE_FULL,T194_db9a3454a21e9dabf8d7,PMC9633814_CORE_FACILITY_11,P07996,PMC9633814_CORE_FACILITY_11,0.8902777777777777,0.8420864809425466
T194_OUTER_03,PMC9633814_CORE_FACILITY_11,SEQUENCE_RIDGE_FULL,T194_e166a908c47b83f4427b,PMC9633814_CORE_FACILITY_11,Q99832,PMC9633814_CORE_FACILITY_11,0.1527777777777778,0.43654901780009625
T194_OUTER_03,PMC9633814_CORE_FACILITY_11,SEQUENCE_RIDGE_FULL,T194_e60305b6bbd027323631,PMC9633814_CORE_FACILITY_11,Q9NRW1,PMC9633814_CORE_FACILITY_11,0.39305555555555555,0.41295317748244137
T194_OUTER_03,PMC9633814_CORE_FACILITY_11,SEQUENCE_RIDGE_FULL,T194_ea69d598987782a5705e,PMC9633814_CORE_FACILITY_11,Q16762,PMC9633814_CORE_FACILITY_11,0.07916666666666666,0.4970514613689341
T194_OUTER_03,PMC9633814_CORE_FACILITY_11,SEQUENCE_RIDGE_FULL,T194_ec34d38df4c71bb84c17,PMC9633814_CORE_FACILITY_11,O00151,PMC9633814_CORE_FACILITY_11,0.48055555555555557,0.5414665053082474
T194_OUTER_03,PMC9633814_CORE_FACILITY_11,SEQUENCE_RIDGE_FULL,T194_ef5b8f53f97a3a5b6eca,PMC9633814_CORE_FACILITY_11,Q93084,PMC9633814_CORE_FACILITY_11,0.7861111111111111,0.6514482282288437
T194_OUTER_03,PMC9633814_CORE_FACILITY_11,SEQUENCE_RIDGE_FULL,T194_f2bcb39dd70ea83493a3,PMC9633814_CORE_FACILITY_11,P20645,PMC9633814_CORE_FACILITY_11,0.4041666666666667,0.6001810406812107
T194_OUTER_03,PMC9633814_CORE_FACILITY_11,SEQUENCE_RIDGE_FULL,T194_f5c66d33a3e85fe61b16,PMC9633814_CORE_FACILITY_11,P06576,PMC9633814_CORE_FACILITY_11,0.8638888888888889,0.5876387525126258
T194_OUTER_03,PMC9633814_CORE_FACILITY_11,SEQUENCE_RIDGE_COMPOSITION_ONLY,T194_053636b87e6e20932ed5,PMC9633814_CORE_FACILITY_11,P30048,PMC9633814_CORE_FACILITY_11,0.6333333333333333,0.5169447528156237
T194_OUTER_03,PMC9633814_CORE_FACILITY_11,SEQUENCE_RIDGE_COMPOSITION_ONLY,T194_05fe914ef613e6fca092,PMC9633814_CORE_FACILITY_11,Q9H4B7,PMC9633814_CORE_FACILITY_11,0.8291666666666667,0.6700462096086981
T194_OUTER_03,PMC9633814_CORE_FACILITY_11,SEQUENCE_RIDGE_COMPOSITION_ONLY,T194_12525287b6650a5570a7,PMC9633814_CORE_FACILITY_11,P24844,PMC9633814_CORE_FACILITY_11,0.08194444444444444,0.4859230866472866
T194_OUTER_03,PMC9633814_CORE_FACILITY_11,SEQUENCE_RIDGE_COMPOSITION_ONLY,T194_15917a8077b9164b9c6a,PMC9633814_CORE_FACILITY_11,P13796,PMC9633814_CORE_FACILITY_11,0.3472222222222222,0.5020178441377381
T194_OUTER_03,PMC9633814_CORE_FACILITY_11,SEQUENCE_RIDGE_COMPOSITION_ONLY,T194_1bafae57a64911407b72,PMC9633814_CORE_FACILITY_11,O15145,PMC9633814_CORE_FACILITY_11,0.28194444444444444,0.3557469730053549
T194_OUTER_03,PMC9633814_CORE_FACILITY_11,SEQUENCE_RIDGE_COMPOSITION_ONLY,T194_2186b61436bdf58aa377,PMC9633814_CORE_FACILITY_11,P15531,PMC9633814_CORE_FACILITY_11,0.42083333333333334,0.5782827219858434
T194_OUTER_03,PMC9633814_CORE_FACILITY_11,SEQUENCE_RIDGE_COMPOSITION_ONLY,T194_2ecd783c856d9641fb13,PMC9633814_CORE_FACILITY_11,P05023,PMC9633814_CORE_FACILITY_11,0.7263888888888889,0.5514673425133639
T194_OUTER_03,PMC9633814_CORE_FACILITY_11,SEQUENCE_RIDGE_COMPOSITION_ONLY,T194_3740f46f878045090171,PMC9633814_CORE_FACILITY_11,O00264,PMC9633814_CORE_FACILITY_11,0.5708333333333333,0.5564983347413679
T194_OUTER_03,PMC9633814_CORE_FACILITY_11,SEQUENCE_RIDGE_COMPOSITION_ONLY,T194_3a80096d3f2943bc9424,PMC9633814_CORE_FACILITY_11,P68366,PMC9633814_CORE_FACILITY_11,0.8472222222222222,0.6686350346298162
T194_OUTER_03,PMC9633814_CORE_FACILITY_11,SEQUENCE_RIDGE_COMPOSITION_ONLY,T194_3ba1c3629de574c52cab,PMC9633814_CORE_FACILITY_11,P30101,PMC9633814_CORE_FACILITY_11,0.8180555555555555,0.42309263936135577
T194_OUTER_03,PMC9633814_CORE_FACILITY_11,SEQUENCE_RIDGE_COMPOSITION_ONLY,T194_41c65ff08d554ef4445c,PMC9633814_CORE_FACILITY_11,O00299,PMC9633814_CORE_FACILITY_11,0.6263888888888889,0.5734366230131923
T194_OUTER_03,PMC9633814_CORE_FACILITY_11,SEQUENCE_RIDGE_COMPOSITION_ONLY,T194_44c79b12a953ec6b9ee6,PMC9633814_CORE_FACILITY_11,P27797,PMC9633814_CORE_FACILITY_11,0.49722222222222223,0.48622093761095425
T194_OUTER_03,PMC9633814_CORE_FACILITY_11,SEQUENCE_RIDGE_COMPOSITION_ONLY,T194_4b25f30790cfbbad52db,PMC9633814_CORE_FACILITY_11,P62805,PMC9633814_CORE_FACILITY_11,0.05694444444444444,0.4248284700006545
T194_OUTER_03,PMC9633814_CORE_FACILITY_11,SEQUENCE_RIDGE_COMPOSITION_ONLY,T194_4c9010a780dabaa1fa64,PMC9633814_CORE_FACILITY_11,Q9BS26,PMC9633814_CORE_FACILITY_11,0.3277777777777778,0.5828735138401553
T194_OUTER_03,PMC9633814_CORE_FACILITY_11,SEQUENCE_RIDGE_COMPOSITION_ONLY,T194_529efcf4ba4535900a16,PMC9633814_CORE_FACILITY_11,P06396,PMC9633814_CORE_FACILITY_11,0.9694444444444444,0.510732619846232
T194_OUTER_03,PMC9633814_CORE_FACILITY_11,SEQUENCE_RIDGE_COMPOSITION_ONLY,T194_53cb5259cf5fd7b19272,PMC9633814_CORE_FACILITY_11,P04844,PMC9633814_CORE_FACILITY_11,0.4222222222222222,0.5051400861509432
T194_OUTER_03,PMC9633814_CORE_FACILITY_11,SEQUENCE_RIDGE_COMPOSITION_ONLY,T194_5867e9d304f1603656f0,PMC9633814_CORE_FACILITY_11,P61981,PMC9633814_CORE_FACILITY_11,0.525,0.4430788835132179
T194_OUTER_03,PMC9633814_CORE_FACILITY_11,SEQUENCE_RIDGE_COMPOSITION_ONLY,T194_5a2a7b1b61ff36b52eee,PMC9633814_CORE_FACILITY_11,P63000,PMC9633814_CORE_FACILITY_11,0.8305555555555556,0.450722115445286
T194_OUTER_03,PMC9633814_CORE_FACILITY_11,SEQUENCE_RIDGE_COMPOSITION_ONLY,T194_5e4c93b157e4b467c0fa,PMC9633814_CORE_FACILITY_11,P00387,PMC9633814_CORE_FACILITY_11,0.48194444444444445,0.5130043508722402
T194_OUTER_03,PMC9633814_CORE_FACILITY_11,SEQUENCE_RIDGE_COMPOSITION_ONLY,T194_65ef1fdcee2540a57633,PMC9633814_CORE_FACILITY_11,P04004,PMC9633814_CORE_FACILITY_11,0.9791666666666666,0.6081094639826904
T194_OUTER_03,PMC9633814_CORE_FACILITY_11,SEQUENCE_RIDGE_COMPOSITION_ONLY,T194_695d3adbb54146591450,PMC9633814_CORE_FACILITY_11,Q9BSJ8,PMC9633814_CORE_FACILITY_11,0.3402777777777778,0.5035441289891078
T194_OUTER_03,PMC9633814_CORE_FACILITY_11,SEQUENCE_RIDGE_COMPOSITION_ONLY,T194_74d120b88a4cbf2f930c,PMC9633814_CORE_FACILITY_11,P26641,PMC9633814_CORE_FACILITY_11,0.020833333333333332,0.4143827030186088
T194_OUTER_03,PMC9633814_CORE_FACILITY_11,SEQUENCE_RIDGE_COMPOSITION_ONLY,T194_7e3b02b80f82f61fb891,PMC9633814_CORE_FACILITY_11,P30041,PMC9633814_CORE_FACILITY_11,0.6305555555555555,0.4412872284222751
T194_OUTER_03,PMC9633814_CORE_FACILITY_11,SEQUENCE_RIDGE_COMPOSITION_ONLY,T194_816b7c7b99ec2ba03f98,PMC9633814_CORE_FACILITY_11,P11021,PMC9633814_CORE_FACILITY_11,0.7083333333333334,0.5176079301097314
T194_OUTER_03,PMC9633814_CORE_FACILITY_11,SEQUENCE_RIDGE_COMPOSITION_ONLY,T194_82035dd857f8237432f6,PMC9633814_CORE_FACILITY_11,P52907,PMC9633814_CORE_FACILITY_11,0.6611111111111111,0.5113634012446938
T194_OUTER_03,PMC9633814_CORE_FACILITY_11,SEQUENCE_RIDGE_COMPOSITION_ONLY,T194_83f873dc4998c525582e,PMC9633814_CORE_FACILITY_11,O75083,PMC9633814_CORE_FACILITY_11,0.5513888888888889,0.5274958562776048
T194_OUTER_03,PMC9633814_CORE_FACILITY_11,SEQUENCE_RIDGE_COMPOSITION_ONLY,T194_84eb68b2d02d8fa471f4,PMC9633814_CORE_FACILITY_11,P21796,PMC9633814_CORE_FACILITY_11,0.7138888888888889,0.46674547029883234
T194_OUTER_03,PMC9633814_CORE_FACILITY_11,SEQUENCE_RIDGE_COMPOSITION_ONLY,T194_865e12774824bb6ca2ee,PMC9633814_CORE_FACILITY_11,P28066,PMC9633814_CORE_FACILITY_11,0.1625,0.5617825821712802
T194_OUTER_03,PMC9633814_CORE_FACILITY_11,SEQUENCE_RIDGE_COMPOSITION_ONLY,T194_88c77e4e877b7927565d,PMC9633814_CORE_FACILITY_11,Q15084,PMC9633814_CORE_FACILITY_11,0.12777777777777777,0.47678592211523885
T194_OUTER_03,PMC9633814_CORE_FACILITY_11,SEQUENCE_RIDGE_COMPOSITION_ONLY,T194_8b6d6e1fb1339a61329e,PMC9633814_CORE_FACILITY_11,P11166,PMC9633814_CORE_FACILITY_11,0.8416666666666667,0.5795783513579843
T194_OUTER_03,PMC9633814_CORE_FACILITY_11,SEQUENCE_RIDGE_COMPOSITION_ONLY,T194_8baee2161465f02f59ec,PMC9633814_CORE_FACILITY_11,Q14974,PMC9633814_CORE_FACILITY_11,0.05416666666666667,0.5405766274738177
T194_OUTER_03,PMC9633814_CORE_FACILITY_11,SEQUENCE_RIDGE_COMPOSITION_ONLY,T194_a06abe940c35d521ac5d,PMC9633814_CORE_FACILITY_11,P26038,PMC9633814_CORE_FACILITY_11,0.8694444444444445,0.30584354579259065
T194_OUTER_03,PMC9633814_CORE_FACILITY_11,SEQUENCE_RIDGE_COMPOSITION_ONLY,T194_a5f37a6e09f0832f1e56,PMC9633814_CORE_FACILITY_11,Q8TC12,PMC9633814_CORE_FACILITY_11,0.425,0.4663400329608211
T194_OUTER_03,PMC9633814_CORE_FACILITY_11,SEQUENCE_RIDGE_COMPOSITION_ONLY,T194_a895d99abec0262619ce,PMC9633814_CORE_FACILITY_11,Q9HDC9,PMC9633814_CORE_FACILITY_11,0.8625,0.59926828961404
T194_OUTER_03,PMC9633814_CORE_FACILITY_11,SEQUENCE_RIDGE_COMPOSITION_ONLY,T194_a936e59a9b4a81889445,PMC9633814_CORE_FACILITY_11,Q9NQC3,PMC9633814_CORE_FACILITY_11,0.8666666666666667,0.4674865142590891
T194_OUTER_03,PMC9633814_CORE_FACILITY_11,SEQUENCE_RIDGE_COMPOSITION_ONLY,T194_b8a38a23cb2f8f8c271e,PMC9633814_CORE_FACILITY_11,P61026,PMC9633814_CORE_FACILITY_11,0.6861111111111111,0.3894609860976517
T194_OUTER_03,PMC9633814_CORE_FACILITY_11,SEQUENCE_RIDGE_COMPOSITION_ONLY,T194_bf0146be5c15a008cc57,PMC9633814_CORE_FACILITY_11,P00403,PMC9633814_CORE_FACILITY_11,0.6013888888888889,0.5470918048633301
T194_OUTER_03,PMC9633814_CORE_FACILITY_11,SEQUENCE_RIDGE_COMPOSITION_ONLY,T194_bff4ceb1184851857092,PMC9633814_CORE_FACILITY_11,Q15365,PMC9633814_CORE_FACILITY_11,0.14027777777777778,0.608183717523839
T194_OUTER_03,PMC9633814_CORE_FACILITY_11,SEQUENCE_RIDGE_COMPOSITION_ONLY,T194_c2c0bf7fb4f8b2f0caab,PMC9633814_CORE_FACILITY_11,P04264,PMC9633814_CORE_FACILITY_11,0.9180555555555555,0.7794576437123767
T194_OUTER_03,PMC9633814_CORE_FACILITY_11,SEQUENCE_RIDGE_COMPOSITION_ONLY,T194_c2f7d4afc9ccb418ab99,PMC9633814_CORE_FACILITY_11,P28070,PMC9633814_CORE_FACILITY_11,0.4166666666666667,0.5535170999450474
T194_OUTER_03,PMC9633814_CORE_FACILITY_11,SEQUENCE_RIDGE_COMPOSITION_ONLY,T194_c443dd98c9bf0f767a29,PMC9633814_CORE_FACILITY_11,O00187,PMC9633814_CORE_FACILITY_11,0.8861111111111111,0.6383670612306689
T194_OUTER_03,PMC9633814_CORE_FACILITY_11,SEQUENCE_RIDGE_COMPOSITION_ONLY,T194_c672d9f3fc7091335c47,PMC9633814_CORE_FACILITY_11,P50995,PMC9633814_CORE_FACILITY_11,0.1736111111111111,0.6010189526289538
T194_OUTER_03,PMC9633814_CORE_FACILITY_11,SEQUENCE_RIDGE_COMPOSITION_ONLY,T194_cdc5f4d1543747cf71d8,PMC9633814_CORE_FACILITY_11,Q14247,PMC9633814_CORE_FACILITY_11,0.3958333333333333,0.47629274010079625
T194_OUTER_03,PMC9633814_CORE_FACILITY_11,SEQUENCE_RIDGE_COMPOSITION_ONLY,T194_cf4a4a24d2bd692cbe31,PMC9633814_CORE_FACILITY_11,P27348,PMC9633814_CORE_FACILITY_11,0.3861111111111111,0.4028952545269024
T194_OUTER_03,PMC9633814_CORE_FACILITY_11,SEQUENCE_RIDGE_COMPOSITION_ONLY,T194_d4fb04c162538a2fafc0,PMC9633814_CORE_FACILITY_11,P78417,PMC9633814_CORE_FACILITY_11,0.4791666666666667,0.3484336387801318
T194_OUTER_03,PMC9633814_CORE_FACILITY_11,SEQUENCE_RIDGE_COMPOSITION_ONLY,T194_d6c83b45c502cd80efa0,PMC9633814_CORE_FACILITY_11,P23284,PMC9633814_CORE_FACILITY_11,0.5208333333333334,0.3814144335361397
T194_OUTER_03,PMC9633814_CORE_FACILITY_11,SEQUENCE_RIDGE_COMPOSITION_ONLY,T194_db9a3454a21e9dabf8d7,PMC9633814_CORE_FACILITY_11,P07996,PMC9633814_CORE_FACILITY_11,0.8902777777777777,0.7774757475811224
T194_OUTER_03,PMC9633814_CORE_FACILITY_11,SEQUENCE_RIDGE_COMPOSITION_ONLY,T194_e166a908c47b83f4427b,PMC9633814_CORE_FACILITY_11,Q99832,PMC9633814_CORE_FACILITY_11,0.1527777777777778,0.429039866096874
T194_OUTER_03,PMC9633814_CORE_FACILITY_11,SEQUENCE_RIDGE_COMPOSITION_ONLY,T194_e60305b6bbd027323631,PMC9633814_CORE_FACILITY_11,Q9NRW1,PMC9633814_CORE_FACILITY_11,0.39305555555555555,0.4939239736572236
T194_OUTER_03,PMC9633814_CORE_FACILITY_11,SEQUENCE_RIDGE_COMPOSITION_ONLY,T194_ea69d598987782a5705e,PMC9633814_CORE_FACILITY_11,Q16762,PMC9633814_CORE_FACILITY_11,0.07916666666666666,0.5379233839422775
T194_OUTER_03,PMC9633814_CORE_FACILITY_11,SEQUENCE_RIDGE_COMPOSITION_ONLY,T194_ec34d38df4c71bb84c17,PMC9633814_CORE_FACILITY_11,O00151,PMC9633814_CORE_FACILITY_11,0.48055555555555557,0.6038113475071997
T194_OUTER_03,PMC9633814_CORE_FACILITY_11,SEQUENCE_RIDGE_COMPOSITION_ONLY,T194_ef5b8f53f97a3a5b6eca,PMC9633814_CORE_FACILITY_11,Q93084,PMC9633814_CORE_FACILITY_11,0.7861111111111111,0.5793584551701209
T194_OUTER_03,PMC9633814_CORE_FACILITY_11,SEQUENCE_RIDGE_COMPOSITION_ONLY,T194_f2bcb39dd70ea83493a3,PMC9633814_CORE_FACILITY_11,P20645,PMC9633814_CORE_FACILITY_11,0.4041666666666667,0.6556639691596905
T194_OUTER_03,PMC9633814_CORE_FACILITY_11,SEQUENCE_RIDGE_COMPOSITION_ONLY,T194_f5c66d33a3e85fe61b16,PMC9633814_CORE_FACILITY_11,P06576,PMC9633814_CORE_FACILITY_11,0.8638888888888889,0.5839323107399306
T194_OUTER_04,PMC9633814_CORE_FACILITY_12,CONSTANT_TRAINING_MEAN,T194_04d399941d12e8328c76,PMC9633814_CORE_FACILITY_12,P30101,PMC9633814_CORE_FACILITY_12,0.2250300842358604,0.5298537073823786
T194_OUTER_04,PMC9633814_CORE_FACILITY_12,CONSTANT_TRAINING_MEAN,T194_0b0d28cda6acfa2ab8c0,PMC9633814_CORE_FACILITY_12,Q9H4B7,PMC9633814_CORE_FACILITY_12,0.9614921780986763,0.5298537073823786
T194_OUTER_04,PMC9633814_CORE_FACILITY_12,CONSTANT_TRAINING_MEAN,T194_0b3df9556821b8f7033b,PMC9633814_CORE_FACILITY_12,P24844,PMC9633814_CORE_FACILITY_12,0.5691937424789411,0.5298537073823786
T194_OUTER_04,PMC9633814_CORE_FACILITY_12,CONSTANT_TRAINING_MEAN,T194_12cb570a2e29b4613b51,PMC9633814_CORE_FACILITY_12,P61026,PMC9633814_CORE_FACILITY_12,0.5860409145607701,0.5298537073823786
T194_OUTER_04,PMC9633814_CORE_FACILITY_12,CONSTANT_TRAINING_MEAN,T194_139479734c12410f2c48,PMC9633814_CORE_FACILITY_12,Q27J81,PMC9633814_CORE_FACILITY_12,0.43080625752105894,0.5298537073823786
T194_OUTER_04,PMC9633814_CORE_FACILITY_12,CONSTANT_TRAINING_MEAN,T194_15b71102092bd90fb796,PMC9633814_CORE_FACILITY_12,P20645,PMC9633814_CORE_FACILITY_12,0.11552346570397112,0.5298537073823786
T194_OUTER_04,PMC9633814_CORE_FACILITY_12,CONSTANT_TRAINING_MEAN,T194_16a6530145373cc6f9db,PMC9633814_CORE_FACILITY_12,Q04695,PMC9633814_CORE_FACILITY_12,0.796028880866426,0.5298537073823786
T194_OUTER_04,PMC9633814_CORE_FACILITY_12,CONSTANT_TRAINING_MEAN,T194_16b3b0c7156f64495fcb,PMC9633814_CORE_FACILITY_12,P61981,PMC9633814_CORE_FACILITY_12,0.4223826714801444,0.5298537073823786
T194_OUTER_04,PMC9633814_CORE_FACILITY_12,CONSTANT_TRAINING_MEAN,T194_1a6c8e38b5cdbd59d281,PMC9633814_CORE_FACILITY_12,P30041,PMC9633814_CORE_FACILITY_12,0.5535499398315282,0.5298537073823786
T194_OUTER_04,PMC9633814_CORE_FACILITY_12,CONSTANT_TRAINING_MEAN,T194_1ae6c0a81f104692a0e8,PMC9633814_CORE_FACILITY_12,P68366,PMC9633814_CORE_FACILITY_12,0.9578820697954272,0.5298537073823786
T194_OUTER_04,PMC9633814_CORE_FACILITY_12,CONSTANT_TRAINING_MEAN,T194_1b409e9fd429d1d8ddff,PMC9633814_CORE_FACILITY_12,P26641,PMC9633814_CORE_FACILITY_12,0.3489771359807461,0.5298537073823786
T194_OUTER_04,PMC9633814_CORE_FACILITY_12,CONSTANT_TRAINING_MEAN,T194_1c001d8071b6978364bc,PMC9633814_CORE_FACILITY_12,Q93084,PMC9633814_CORE_FACILITY_12,0.8989169675090253,0.5298537073823786
T194_OUTER_04,PMC9633814_CORE_FACILITY_12,CONSTANT_TRAINING_MEAN,T194_20fa0933d2cb000b2e19,PMC9633814_CORE_FACILITY_12,P55072,PMC9633814_CORE_FACILITY_12,0.4332129963898917,0.5298537073823786
T194_OUTER_04,PMC9633814_CORE_FACILITY_12,CONSTANT_TRAINING_MEAN,T194_24d98d3116815a94681e,PMC9633814_CORE_FACILITY_12,P27348,PMC9633814_CORE_FACILITY_12,0.41997593261131166,0.5298537073823786
T194_OUTER_04,PMC9633814_CORE_FACILITY_12,CONSTANT_TRAINING_MEAN,T194_266388ec4f2aaddbdd35,PMC9633814_CORE_FACILITY_12,P14868,PMC9633814_CORE_FACILITY_12,0.4091456077015644,0.5298537073823786
T194_OUTER_04,PMC9633814_CORE_FACILITY_12,CONSTANT_TRAINING_MEAN,T194_363dfeaa2b9c37b33ce3,PMC9633814_CORE_FACILITY_12,Q58FF8,PMC9633814_CORE_FACILITY_12,0.06799037304452467,0.5298537073823786
T194_OUTER_04,PMC9633814_CORE_FACILITY_12,CONSTANT_TRAINING_MEAN,T194_40d54bfa1a84908b12e7,PMC9633814_CORE_FACILITY_12,Q9NQC3,PMC9633814_CORE_FACILITY_12,0.5776173285198556,0.5298537073823786
T194_OUTER_04,PMC9633814_CORE_FACILITY_12,CONSTANT_TRAINING_MEAN,T194_424d83f7158ce4d1d0c7,PMC9633814_CORE_FACILITY_12,O75083,PMC9633814_CORE_FACILITY_12,0.6438026474127557,0.5298537073823786
T194_OUTER_04,PMC9633814_CORE_FACILITY_12,CONSTANT_TRAINING_MEAN,T194_43baaad8603c53085202,PMC9633814_CORE_FACILITY_12,P37802,PMC9633814_CORE_FACILITY_12,0.28279181708784595,0.5298537073823786
T194_OUTER_04,PMC9633814_CORE_FACILITY_12,CONSTANT_TRAINING_MEAN,T194_4cb533f64c40777cd37e,PMC9633814_CORE_FACILITY_12,Q16762,PMC9633814_CORE_FACILITY_12,0.2575210589651023,0.5298537073823786
T194_OUTER_04,PMC9633814_CORE_FACILITY_12,CONSTANT_TRAINING_MEAN,T194_5195e0122b8b078f5d44,PMC9633814_CORE_FACILITY_12,P09493,PMC9633814_CORE_FACILITY_12,0.3405535499398315,0.5298537073823786
T194_OUTER_04,PMC9633814_CORE_FACILITY_12,CONSTANT_TRAINING_MEAN,T194_580b5af6714952abcd99,PMC9633814_CORE_FACILITY_12,O00299,PMC9633814_CORE_FACILITY_12,0.717208182912154,0.5298537073823786
T194_OUTER_04,PMC9633814_CORE_FACILITY_12,CONSTANT_TRAINING_MEAN,T194_653dcfe85dab884e799d,PMC9633814_CORE_FACILITY_12,P07996,PMC9633814_CORE_FACILITY_12,0.9759326113116726,0.5298537073823786
T194_OUTER_04,PMC9633814_CORE_FACILITY_12,CONSTANT_TRAINING_MEAN,T194_66570a5aa128ffa7943d,PMC9633814_CORE_FACILITY_12,P00387,PMC9633814_CORE_FACILITY_12,0.6630565583634176,0.5298537073823786
T194_OUTER_04,PMC9633814_CORE_FACILITY_12,CONSTANT_TRAINING_MEAN,T194_68b5acf09ca88569107c,PMC9633814_CORE_FACILITY_12,Q15084,PMC9633814_CORE_FACILITY_12,0.05896510228640193,0.5298537073823786
T194_OUTER_04,PMC9633814_CORE_FACILITY_12,CONSTANT_TRAINING_MEAN,T194_6c5e3d831babf18473b6,PMC9633814_CORE_FACILITY_12,Q7L576,PMC9633814_CORE_FACILITY_12,0.5090252707581228,0.5298537073823786
T194_OUTER_04,PMC9633814_CORE_FACILITY_12,CONSTANT_TRAINING_MEAN,T194_737d2a61cef3548bf731,PMC9633814_CORE_FACILITY_12,Q9BSJ8,PMC9633814_CORE_FACILITY_12,0.33574007220216606,0.5298537073823786
T194_OUTER_04,PMC9633814_CORE_FACILITY_12,CONSTANT_TRAINING_MEAN,T194_7561628ddf0e6c8b766b,PMC9633814_CORE_FACILITY_12,P27797,PMC9633814_CORE_FACILITY_12,0.0842358604091456,0.5298537073823786
T194_OUTER_04,PMC9633814_CORE_FACILITY_12,CONSTANT_TRAINING_MEAN,T194_77eef4c5e3976b65fef6,PMC9633814_CORE_FACILITY_12,Q15942,PMC9633814_CORE_FACILITY_12,0.7978339350180506,0.5298537073823786
T194_OUTER_04,PMC9633814_CORE_FACILITY_12,CONSTANT_TRAINING_MEAN,T194_796a3e771e18d08cab69,PMC9633814_CORE_FACILITY_12,Q9HDC9,PMC9633814_CORE_FACILITY_12,0.825511432009627,0.5298537073823786
T194_OUTER_04,PMC9633814_CORE_FACILITY_12,CONSTANT_TRAINING_MEAN,T194_7a91ef1576462768f44a,PMC9633814_CORE_FACILITY_12,P16615,PMC9633814_CORE_FACILITY_12,0.6642599277978339,0.5298537073823786
T194_OUTER_04,PMC9633814_CORE_FACILITY_12,CONSTANT_TRAINING_MEAN,T194_7efcc157ec7451b5dbb5,PMC9633814_CORE_FACILITY_12,Q9NY65,PMC9633814_CORE_FACILITY_12,0.677496991576414,0.5298537073823786
T194_OUTER_04,PMC9633814_CORE_FACILITY_12,CONSTANT_TRAINING_MEAN,T194_8a35d333fc71e6697e66,PMC9633814_CORE_FACILITY_12,P26038,PMC9633814_CORE_FACILITY_12,0.6979542719614922,0.5298537073823786
T194_OUTER_04,PMC9633814_CORE_FACILITY_12,CONSTANT_TRAINING_MEAN,T194_909d19e985a0a272cd0f,PMC9633814_CORE_FACILITY_12,P10644,PMC9633814_CORE_FACILITY_12,0.15282791817087846,0.5298537073823786
T194_OUTER_04,PMC9633814_CORE_FACILITY_12,CONSTANT_TRAINING_MEAN,T194_9272bd23f24d37191321,PMC9633814_CORE_FACILITY_12,P61106,PMC9633814_CORE_FACILITY_12,0.3766546329723225,0.5298537073823786
T194_OUTER_04,PMC9633814_CORE_FACILITY_12,CONSTANT_TRAINING_MEAN,T194_9e791359238ef03358ff,PMC9633814_CORE_FACILITY_12,P06396,PMC9633814_CORE_FACILITY_12,0.9530685920577617,0.5298537073823786
T194_OUTER_04,PMC9633814_CORE_FACILITY_12,CONSTANT_TRAINING_MEAN,T194_9ef9994688b1f679386f,PMC9633814_CORE_FACILITY_12,P11166,PMC9633814_CORE_FACILITY_12,0.8664259927797834,0.5298537073823786
T194_OUTER_04,PMC9633814_CORE_FACILITY_12,CONSTANT_TRAINING_MEAN,T194_a4fc8116c3a979ca5b94,PMC9633814_CORE_FACILITY_12,Q7Z406,PMC9633814_CORE_FACILITY_12,0.8122743682310469,0.5298537073823786
T194_OUTER_04,PMC9633814_CORE_FACILITY_12,CONSTANT_TRAINING_MEAN,T194_ad01ecafac2037801ed7,PMC9633814_CORE_FACILITY_12,P04264,PMC9633814_CORE_FACILITY_12,0.9290012033694344,0.5298537073823786
T194_OUTER_04,PMC9633814_CORE_FACILITY_12,CONSTANT_TRAINING_MEAN,T194_ae727991edbc8204375f,PMC9633814_CORE_FACILITY_12,O00264,PMC9633814_CORE_FACILITY_12,0.6245487364620939,0.5298537073823786
T194_OUTER_04,PMC9633814_CORE_FACILITY_12,CONSTANT_TRAINING_MEAN,T194_b20b33dcabda85844390,PMC9633814_CORE_FACILITY_12,Q14247,PMC9633814_CORE_FACILITY_12,0.17569193742478942,0.5298537073823786
T194_OUTER_04,PMC9633814_CORE_FACILITY_12,CONSTANT_TRAINING_MEAN,T194_b2be07f4b93484df4fa4,PMC9633814_CORE_FACILITY_12,Q15365,PMC9633814_CORE_FACILITY_12,0.628158844765343,0.5298537073823786
T194_OUTER_04,PMC9633814_CORE_FACILITY_12,CONSTANT_TRAINING_MEAN,T194_b4307895a48a8be091bb,PMC9633814_CORE_FACILITY_12,P06576,PMC9633814_CORE_FACILITY_12,0.6955475330926595,0.5298537073823786
T194_OUTER_04,PMC9633814_CORE_FACILITY_12,CONSTANT_TRAINING_MEAN,T194_b5fe078f30efec083db4,PMC9633814_CORE_FACILITY_12,O00187,PMC9633814_CORE_FACILITY_12,0.8929001203369434,0.5298537073823786
T194_OUTER_04,PMC9633814_CORE_FACILITY_12,CONSTANT_TRAINING_MEAN,T194_b847873542ff49f9f739,PMC9633814_CORE_FACILITY_12,P63000,PMC9633814_CORE_FACILITY_12,0.4416365824308063,0.5298537073823786
T194_OUTER_04,PMC9633814_CORE_FACILITY_12,CONSTANT_TRAINING_MEAN,T194_bcb0b4bb290a924c948c,PMC9633814_CORE_FACILITY_12,Q16643,PMC9633814_CORE_FACILITY_12,0.10830324909747292,0.5298537073823786
T194_OUTER_04,PMC9633814_CORE_FACILITY_12,CONSTANT_TRAINING_MEAN,T194_c58934b217f7417d2a9b,PMC9633814_CORE_FACILITY_12,P10809,PMC9633814_CORE_FACILITY_12,0.6353790613718412,0.5298537073823786
T194_OUTER_04,PMC9633814_CORE_FACILITY_12,CONSTANT_TRAINING_MEAN,T194_cfaadfd12cc7f0ee2597,PMC9633814_CORE_FACILITY_12,P05556,PMC9633814_CORE_FACILITY_12,0.8580024067388689,0.5298537073823786
T194_OUTER_04,PMC9633814_CORE_FACILITY_12,CONSTANT_TRAINING_MEAN,T194_d201666cf6d74e524326,PMC9633814_CORE_FACILITY_12,P30044,PMC9633814_CORE_FACILITY_12,0.15042117930204574,0.5298537073823786
T194_OUTER_04,PMC9633814_CORE_FACILITY_12,CONSTANT_TRAINING_MEAN,T194_d359db5769c41280ebb0,PMC9633814_CORE_FACILITY_12,O15145,PMC9633814_CORE_FACILITY_12,0.45246690734055356,0.5298537073823786
T194_OUTER_04,PMC9633814_CORE_FACILITY_12,CONSTANT_TRAINING_MEAN,T194_d770b1837d7963c4d46b,PMC9633814_CORE_FACILITY_12,Q70J99,PMC9633814_CORE_FACILITY_12,0.29482551143200963,0.5298537073823786
T194_OUTER_04,PMC9633814_CORE_FACILITY_12,CONSTANT_TRAINING_MEAN,T194_e794742ed234a797a4fa,PMC9633814_CORE_FACILITY_12,P11021,PMC9633814_CORE_FACILITY_12,0.3862815884476534,0.5298537073823786
T194_OUTER_04,PMC9633814_CORE_FACILITY_12,CONSTANT_TRAINING_MEAN,T194_e999ae9f4653fbe264fb,PMC9633814_CORE_FACILITY_12,P04004,PMC9633814_CORE_FACILITY_12,0.9879663056558363,0.5298537073823786
T194_OUTER_04,PMC9633814_CORE_FACILITY_12,CONSTANT_TRAINING_MEAN,T194_ebf07f5c7ec7ff21b729,PMC9633814_CORE_FACILITY_12,P52907,PMC9633814_CORE_FACILITY_12,0.5174488567990373,0.5298537073823786
T194_OUTER_04,PMC9633814_CORE_FACILITY_12,CONSTANT_TRAINING_MEAN,T194_efaa29aa27bfbd73260b,PMC9633814_CORE_FACILITY_12,O00151,PMC9633814_CORE_FACILITY_12,0.7424789410348978,0.5298537073823786
T194_OUTER_04,PMC9633814_CORE_FACILITY_12,CONSTANT_TRAINING_MEAN,T194_f066cf357e3334cbe3c6,PMC9633814_CORE_FACILITY_12,P78417,PMC9633814_CORE_FACILITY_12,0.12394705174488568,0.5298537073823786
T194_OUTER_04,PMC9633814_CORE_FACILITY_12,CONSTANT_TRAINING_MEAN,T194_f45fda523d015d4f2f46,PMC9633814_CORE_FACILITY_12,Q8TC12,PMC9633814_CORE_FACILITY_12,0.5764139590854392,0.5298537073823786
T194_OUTER_04,PMC9633814_CORE_FACILITY_12,CONSTANT_TRAINING_MEAN,T194_f51fd7b1185dbd28ae60,PMC9633814_CORE_FACILITY_12,P53396,PMC9633814_CORE_FACILITY_12,0.08303249097472924,0.5298537073823786
T194_OUTER_04,PMC9633814_CORE_FACILITY_12,CONSTANT_TRAINING_MEAN,T194_f72d86e3fd3e58c53051,PMC9633814_CORE_FACILITY_12,Q14974,PMC9633814_CORE_FACILITY_12,0.024067388688327317,0.5298537073823786
T194_OUTER_04,PMC9633814_CORE_FACILITY_12,CONSTANT_TRAINING_MEAN,T194_f82ff5d1e85ae76b576a,PMC9633814_CORE_FACILITY_12,P50990,PMC9633814_CORE_FACILITY_12,0.05535499398315283,0.5298537073823786
T194_OUTER_04,PMC9633814_CORE_FACILITY_12,SEQUENCE_RIDGE_FULL,T194_04d399941d12e8328c76,PMC9633814_CORE_FACILITY_12,P30101,PMC9633814_CORE_FACILITY_12,0.2250300842358604,0.48589620908626907
T194_OUTER_04,PMC9633814_CORE_FACILITY_12,SEQUENCE_RIDGE_FULL,T194_0b0d28cda6acfa2ab8c0,PMC9633814_CORE_FACILITY_12,Q9H4B7,PMC9633814_CORE_FACILITY_12,0.9614921780986763,0.638946050541467
T194_OUTER_04,PMC9633814_CORE_FACILITY_12,SEQUENCE_RIDGE_FULL,T194_0b3df9556821b8f7033b,PMC9633814_CORE_FACILITY_12,P24844,PMC9633814_CORE_FACILITY_12,0.5691937424789411,0.47700799568307806
T194_OUTER_04,PMC9633814_CORE_FACILITY_12,SEQUENCE_RIDGE_FULL,T194_12cb570a2e29b4613b51,PMC9633814_CORE_FACILITY_12,P61026,PMC9633814_CORE_FACILITY_12,0.5860409145607701,0.3668106035615055
T194_OUTER_04,PMC9633814_CORE_FACILITY_12,SEQUENCE_RIDGE_FULL,T194_139479734c12410f2c48,PMC9633814_CORE_FACILITY_12,Q27J81,PMC9633814_CORE_FACILITY_12,0.43080625752105894,0.5772410768099284
T194_OUTER_04,PMC9633814_CORE_FACILITY_12,SEQUENCE_RIDGE_FULL,T194_15b71102092bd90fb796,PMC9633814_CORE_FACILITY_12,P20645,PMC9633814_CORE_FACILITY_12,0.11552346570397112,0.5983060690656125
T194_OUTER_04,PMC9633814_CORE_FACILITY_12,SEQUENCE_RIDGE_FULL,T194_16a6530145373cc6f9db,PMC9633814_CORE_FACILITY_12,Q04695,PMC9633814_CORE_FACILITY_12,0.796028880866426,0.5286190937921292
T194_OUTER_04,PMC9633814_CORE_FACILITY_12,SEQUENCE_RIDGE_FULL,T194_16b3b0c7156f64495fcb,PMC9633814_CORE_FACILITY_12,P61981,PMC9633814_CORE_FACILITY_12,0.4223826714801444,0.3886711331228315
T194_OUTER_04,PMC9633814_CORE_FACILITY_12,SEQUENCE_RIDGE_FULL,T194_1a6c8e38b5cdbd59d281,PMC9633814_CORE_FACILITY_12,P30041,PMC9633814_CORE_FACILITY_12,0.5535499398315282,0.41368941836786477
T194_OUTER_04,PMC9633814_CORE_FACILITY_12,SEQUENCE_RIDGE_FULL,T194_1ae6c0a81f104692a0e8,PMC9633814_CORE_FACILITY_12,P68366,PMC9633814_CORE_FACILITY_12,0.9578820697954272,0.6666774013609214
T194_OUTER_04,PMC9633814_CORE_FACILITY_12,SEQUENCE_RIDGE_FULL,T194_1b409e9fd429d1d8ddff,PMC9633814_CORE_FACILITY_12,P26641,PMC9633814_CORE_FACILITY_12,0.3489771359807461,0.46456936535584836
T194_OUTER_04,PMC9633814_CORE_FACILITY_12,SEQUENCE_RIDGE_FULL,T194_1c001d8071b6978364bc,PMC9633814_CORE_FACILITY_12,Q93084,PMC9633814_CORE_FACILITY_12,0.8989169675090253,0.6332716552778778
T194_OUTER_04,PMC9633814_CORE_FACILITY_12,SEQUENCE_RIDGE_FULL,T194_20fa0933d2cb000b2e19,PMC9633814_CORE_FACILITY_12,P55072,PMC9633814_CORE_FACILITY_12,0.4332129963898917,0.6027934510651657
T194_OUTER_04,PMC9633814_CORE_FACILITY_12,SEQUENCE_RIDGE_FULL,T194_24d98d3116815a94681e,PMC9633814_CORE_FACILITY_12,P27348,PMC9633814_CORE_FACILITY_12,0.41997593261131166,0.35469864444450805
T194_OUTER_04,PMC9633814_CORE_FACILITY_12,SEQUENCE_RIDGE_FULL,T194_266388ec4f2aaddbdd35,PMC9633814_CORE_FACILITY_12,P14868,PMC9633814_CORE_FACILITY_12,0.4091456077015644,0.5468884310305822
T194_OUTER_04,PMC9633814_CORE_FACILITY_12,SEQUENCE_RIDGE_FULL,T194_363dfeaa2b9c37b33ce3,PMC9633814_CORE_FACILITY_12,Q58FF8,PMC9633814_CORE_FACILITY_12,0.06799037304452467,0.3980480398473503
T194_OUTER_04,PMC9633814_CORE_FACILITY_12,SEQUENCE_RIDGE_FULL,T194_40d54bfa1a84908b12e7,PMC9633814_CORE_FACILITY_12,Q9NQC3,PMC9633814_CORE_FACILITY_12,0.5776173285198556,0.5726019606152029
T194_OUTER_04,PMC9633814_CORE_FACILITY_12,SEQUENCE_RIDGE_FULL,T194_424d83f7158ce4d1d0c7,PMC9633814_CORE_FACILITY_12,O75083,PMC9633814_CORE_FACILITY_12,0.6438026474127557,0.5513468643860591
T194_OUTER_04,PMC9633814_CORE_FACILITY_12,SEQUENCE_RIDGE_FULL,T194_43baaad8603c53085202,PMC9633814_CORE_FACILITY_12,P37802,PMC9633814_CORE_FACILITY_12,0.28279181708784595,0.4773724311092251
T194_OUTER_04,PMC9633814_CORE_FACILITY_12,SEQUENCE_RIDGE_FULL,T194_4cb533f64c40777cd37e,PMC9633814_CORE_FACILITY_12,Q16762,PMC9633814_CORE_FACILITY_12,0.2575210589651023,0.4940647098422687
T194_OUTER_04,PMC9633814_CORE_FACILITY_12,SEQUENCE_RIDGE_FULL,T194_5195e0122b8b078f5d44,PMC9633814_CORE_FACILITY_12,P09493,PMC9633814_CORE_FACILITY_12,0.3405535499398315,0.12193021025986969
T194_OUTER_04,PMC9633814_CORE_FACILITY_12,SEQUENCE_RIDGE_FULL,T194_580b5af6714952abcd99,PMC9633814_CORE_FACILITY_12,O00299,PMC9633814_CORE_FACILITY_12,0.717208182912154,0.5664614489697132
T194_OUTER_04,PMC9633814_CORE_FACILITY_12,SEQUENCE_RIDGE_FULL,T194_653dcfe85dab884e799d,PMC9633814_CORE_FACILITY_12,P07996,PMC9633814_CORE_FACILITY_12,0.9759326113116726,0.8362024772508052
T194_OUTER_04,PMC9633814_CORE_FACILITY_12,SEQUENCE_RIDGE_FULL,T194_66570a5aa128ffa7943d,PMC9633814_CORE_FACILITY_12,P00387,PMC9633814_CORE_FACILITY_12,0.6630565583634176,0.4663826819283445
T194_OUTER_04,PMC9633814_CORE_FACILITY_12,SEQUENCE_RIDGE_FULL,T194_68b5acf09ca88569107c,PMC9633814_CORE_FACILITY_12,Q15084,PMC9633814_CORE_FACILITY_12,0.05896510228640193,0.4572712124828091
T194_OUTER_04,PMC9633814_CORE_FACILITY_12,SEQUENCE_RIDGE_FULL,T194_6c5e3d831babf18473b6,PMC9633814_CORE_FACILITY_12,Q7L576,PMC9633814_CORE_FACILITY_12,0.5090252707581228,0.6320038977574358
T194_OUTER_04,PMC9633814_CORE_FACILITY_12,SEQUENCE_RIDGE_FULL,T194_737d2a61cef3548bf731,PMC9633814_CORE_FACILITY_12,Q9BSJ8,PMC9633814_CORE_FACILITY_12,0.33574007220216606,0.5510750378726976
T194_OUTER_04,PMC9633814_CORE_FACILITY_12,SEQUENCE_RIDGE_FULL,T194_7561628ddf0e6c8b766b,PMC9633814_CORE_FACILITY_12,P27797,PMC9633814_CORE_FACILITY_12,0.0842358604091456,0.5294532246520138
T194_OUTER_04,PMC9633814_CORE_FACILITY_12,SEQUENCE_RIDGE_FULL,T194_77eef4c5e3976b65fef6,PMC9633814_CORE_FACILITY_12,Q15942,PMC9633814_CORE_FACILITY_12,0.7978339350180506,0.6561641053997173
T194_OUTER_04,PMC9633814_CORE_FACILITY_12,SEQUENCE_RIDGE_FULL,T194_796a3e771e18d08cab69,PMC9633814_CORE_FACILITY_12,Q9HDC9,PMC9633814_CORE_FACILITY_12,0.825511432009627,0.5418122151752438
T194_OUTER_04,PMC9633814_CORE_FACILITY_12,SEQUENCE_RIDGE_FULL,T194_7a91ef1576462768f44a,PMC9633814_CORE_FACILITY_12,P16615,PMC9633814_CORE_FACILITY_12,0.6642599277978339,0.6243197823316707
T194_OUTER_04,PMC9633814_CORE_FACILITY_12,SEQUENCE_RIDGE_FULL,T194_7efcc157ec7451b5dbb5,PMC9633814_CORE_FACILITY_12,Q9NY65,PMC9633814_CORE_FACILITY_12,0.677496991576414,0.6524797992859634
T194_OUTER_04,PMC9633814_CORE_FACILITY_12,SEQUENCE_RIDGE_FULL,T194_8a35d333fc71e6697e66,PMC9633814_CORE_FACILITY_12,P26038,PMC9633814_CORE_FACILITY_12,0.6979542719614922,0.3299173442327525
T194_OUTER_04,PMC9633814_CORE_FACILITY_12,SEQUENCE_RIDGE_FULL,T194_909d19e985a0a272cd0f,PMC9633814_CORE_FACILITY_12,P10644,PMC9633814_CORE_FACILITY_12,0.15282791817087846,0.4962850772294844
T194_OUTER_04,PMC9633814_CORE_FACILITY_12,SEQUENCE_RIDGE_FULL,T194_9272bd23f24d37191321,PMC9633814_CORE_FACILITY_12,P61106,PMC9633814_CORE_FACILITY_12,0.3766546329723225,0.518193916814377
T194_OUTER_04,PMC9633814_CORE_FACILITY_12,SEQUENCE_RIDGE_FULL,T194_9e791359238ef03358ff,PMC9633814_CORE_FACILITY_12,P06396,PMC9633814_CORE_FACILITY_12,0.9530685920577617,0.5820382172834635
T194_OUTER_04,PMC9633814_CORE_FACILITY_12,SEQUENCE_RIDGE_FULL,T194_9ef9994688b1f679386f,PMC9633814_CORE_FACILITY_12,P11166,PMC9633814_CORE_FACILITY_12,0.8664259927797834,0.5984336977479064
T194_OUTER_04,PMC9633814_CORE_FACILITY_12,SEQUENCE_RIDGE_FULL,T194_a4fc8116c3a979ca5b94,PMC9633814_CORE_FACILITY_12,Q7Z406,PMC9633814_CORE_FACILITY_12,0.8122743682310469,0.7550633828007763
T194_OUTER_04,PMC9633814_CORE_FACILITY_12,SEQUENCE_RIDGE_FULL,T194_ad01ecafac2037801ed7,PMC9633814_CORE_FACILITY_12,P04264,PMC9633814_CORE_FACILITY_12,0.9290012033694344,0.8031752547774749
T194_OUTER_04,PMC9633814_CORE_FACILITY_12,SEQUENCE_RIDGE_FULL,T194_ae727991edbc8204375f,PMC9633814_CORE_FACILITY_12,O00264,PMC9633814_CORE_FACILITY_12,0.6245487364620939,0.4966334369114276
T194_OUTER_04,PMC9633814_CORE_FACILITY_12,SEQUENCE_RIDGE_FULL,T194_b20b33dcabda85844390,PMC9633814_CORE_FACILITY_12,Q14247,PMC9633814_CORE_FACILITY_12,0.17569193742478942,0.5377164359334282
T194_OUTER_04,PMC9633814_CORE_FACILITY_12,SEQUENCE_RIDGE_FULL,T194_b2be07f4b93484df4fa4,PMC9633814_CORE_FACILITY_12,Q15365,PMC9633814_CORE_FACILITY_12,0.628158844765343,0.48011423762089106
T194_OUTER_04,PMC9633814_CORE_FACILITY_12,SEQUENCE_RIDGE_FULL,T194_b4307895a48a8be091bb,PMC9633814_CORE_FACILITY_12,P06576,PMC9633814_CORE_FACILITY_12,0.6955475330926595,0.5873330759109995
T194_OUTER_04,PMC9633814_CORE_FACILITY_12,SEQUENCE_RIDGE_FULL,T194_b5fe078f30efec083db4,PMC9633814_CORE_FACILITY_12,O00187,PMC9633814_CORE_FACILITY_12,0.8929001203369434,0.686998522871024
T194_OUTER_04,PMC9633814_CORE_FACILITY_12,SEQUENCE_RIDGE_FULL,T194_b847873542ff49f9f739,PMC9633814_CORE_FACILITY_12,P63000,PMC9633814_CORE_FACILITY_12,0.4416365824308063,0.4058757722818536
T194_OUTER_04,PMC9633814_CORE_FACILITY_12,SEQUENCE_RIDGE_FULL,T194_bcb0b4bb290a924c948c,PMC9633814_CORE_FACILITY_12,Q16643,PMC9633814_CORE_FACILITY_12,0.10830324909747292,0.6690029327152902
T194_OUTER_04,PMC9633814_CORE_FACILITY_12,SEQUENCE_RIDGE_FULL,T194_c58934b217f7417d2a9b,PMC9633814_CORE_FACILITY_12,P10809,PMC9633814_CORE_FACILITY_12,0.6353790613718412,0.4655757034531305
T194_OUTER_04,PMC9633814_CORE_FACILITY_12,SEQUENCE_RIDGE_FULL,T194_cfaadfd12cc7f0ee2597,PMC9633814_CORE_FACILITY_12,P05556,PMC9633814_CORE_FACILITY_12,0.8580024067388689,0.7509877429349808
T194_OUTER_04,PMC9633814_CORE_FACILITY_12,SEQUENCE_RIDGE_FULL,T194_d201666cf6d74e524326,PMC9633814_CORE_FACILITY_12,P30044,PMC9633814_CORE_FACILITY_12,0.15042117930204574,0.47339250656745535
T194_OUTER_04,PMC9633814_CORE_FACILITY_12,SEQUENCE_RIDGE_FULL,T194_d359db5769c41280ebb0,PMC9633814_CORE_FACILITY_12,O15145,PMC9633814_CORE_FACILITY_12,0.45246690734055356,0.3632437294971967
T194_OUTER_04,PMC9633814_CORE_FACILITY_12,SEQUENCE_RIDGE_FULL,T194_d770b1837d7963c4d46b,PMC9633814_CORE_FACILITY_12,Q70J99,PMC9633814_CORE_FACILITY_12,0.29482551143200963,0.5810093159549762
T194_OUTER_04,PMC9633814_CORE_FACILITY_12,SEQUENCE_RIDGE_FULL,T194_e794742ed234a797a4fa,PMC9633814_CORE_FACILITY_12,P11021,PMC9633814_CORE_FACILITY_12,0.3862815884476534,0.5835878900102136
T194_OUTER_04,PMC9633814_CORE_FACILITY_12,SEQUENCE_RIDGE_FULL,T194_e999ae9f4653fbe264fb,PMC9633814_CORE_FACILITY_12,P04004,PMC9633814_CORE_FACILITY_12,0.9879663056558363,0.5865977571516967
T194_OUTER_04,PMC9633814_CORE_FACILITY_12,SEQUENCE_RIDGE_FULL,T194_ebf07f5c7ec7ff21b729,PMC9633814_CORE_FACILITY_12,P52907,PMC9633814_CORE_FACILITY_12,0.5174488567990373,0.4904674594531197
T194_OUTER_04,PMC9633814_CORE_FACILITY_12,SEQUENCE_RIDGE_FULL,T194_efaa29aa27bfbd73260b,PMC9633814_CORE_FACILITY_12,O00151,PMC9633814_CORE_FACILITY_12,0.7424789410348978,0.5432737651216226
T194_OUTER_04,PMC9633814_CORE_FACILITY_12,SEQUENCE_RIDGE_FULL,T194_f066cf357e3334cbe3c6,PMC9633814_CORE_FACILITY_12,P78417,PMC9633814_CORE_FACILITY_12,0.12394705174488568,0.3540169741940431
T194_OUTER_04,PMC9633814_CORE_FACILITY_12,SEQUENCE_RIDGE_FULL,T194_f45fda523d015d4f2f46,PMC9633814_CORE_FACILITY_12,Q8TC12,PMC9633814_CORE_FACILITY_12,0.5764139590854392,0.4046232333210403
T194_OUTER_04,PMC9633814_CORE_FACILITY_12,SEQUENCE_RIDGE_FULL,T194_f51fd7b1185dbd28ae60,PMC9633814_CORE_FACILITY_12,P53396,PMC9633814_CORE_FACILITY_12,0.08303249097472924,0.6503065184707124
T194_OUTER_04,PMC9633814_CORE_FACILITY_12,SEQUENCE_RIDGE_FULL,T194_f72d86e3fd3e58c53051,PMC9633814_CORE_FACILITY_12,Q14974,PMC9633814_CORE_FACILITY_12,0.024067388688327317,0.5704905462026308
T194_OUTER_04,PMC9633814_CORE_FACILITY_12,SEQUENCE_RIDGE_FULL,T194_f82ff5d1e85ae76b576a,PMC9633814_CORE_FACILITY_12,P50990,PMC9633814_CORE_FACILITY_12,0.05535499398315283,0.5066246346525973
T194_OUTER_04,PMC9633814_CORE_FACILITY_12,SEQUENCE_RIDGE_COMPOSITION_ONLY,T194_04d399941d12e8328c76,PMC9633814_CORE_FACILITY_12,P30101,PMC9633814_CORE_FACILITY_12,0.2250300842358604,0.43553137656522034
T194_OUTER_04,PMC9633814_CORE_FACILITY_12,SEQUENCE_RIDGE_COMPOSITION_ONLY,T194_0b0d28cda6acfa2ab8c0,PMC9633814_CORE_FACILITY_12,Q9H4B7,PMC9633814_CORE_FACILITY_12,0.9614921780986763,0.659369722522147
T194_OUTER_04,PMC9633814_CORE_FACILITY_12,SEQUENCE_RIDGE_COMPOSITION_ONLY,T194_0b3df9556821b8f7033b,PMC9633814_CORE_FACILITY_12,P24844,PMC9633814_CORE_FACILITY_12,0.5691937424789411,0.4411316781518762
T194_OUTER_04,PMC9633814_CORE_FACILITY_12,SEQUENCE_RIDGE_COMPOSITION_ONLY,T194_12cb570a2e29b4613b51,PMC9633814_CORE_FACILITY_12,P61026,PMC9633814_CORE_FACILITY_12,0.5860409145607701,0.38441406702223907
T194_OUTER_04,PMC9633814_CORE_FACILITY_12,SEQUENCE_RIDGE_COMPOSITION_ONLY,T194_139479734c12410f2c48,PMC9633814_CORE_FACILITY_12,Q27J81,PMC9633814_CORE_FACILITY_12,0.43080625752105894,0.5063480892203754
T194_OUTER_04,PMC9633814_CORE_FACILITY_12,SEQUENCE_RIDGE_COMPOSITION_ONLY,T194_15b71102092bd90fb796,PMC9633814_CORE_FACILITY_12,P20645,PMC9633814_CORE_FACILITY_12,0.11552346570397112,0.6703125784258471
T194_OUTER_04,PMC9633814_CORE_FACILITY_12,SEQUENCE_RIDGE_COMPOSITION_ONLY,T194_16a6530145373cc6f9db,PMC9633814_CORE_FACILITY_12,Q04695,PMC9633814_CORE_FACILITY_12,0.796028880866426,0.5991744154006104
T194_OUTER_04,PMC9633814_CORE_FACILITY_12,SEQUENCE_RIDGE_COMPOSITION_ONLY,T194_16b3b0c7156f64495fcb,PMC9633814_CORE_FACILITY_12,P61981,PMC9633814_CORE_FACILITY_12,0.4223826714801444,0.4476545809091906
T194_OUTER_04,PMC9633814_CORE_FACILITY_12,SEQUENCE_RIDGE_COMPOSITION_ONLY,T194_1a6c8e38b5cdbd59d281,PMC9633814_CORE_FACILITY_12,P30041,PMC9633814_CORE_FACILITY_12,0.5535499398315282,0.4564220357511521
T194_OUTER_04,PMC9633814_CORE_FACILITY_12,SEQUENCE_RIDGE_COMPOSITION_ONLY,T194_1ae6c0a81f104692a0e8,PMC9633814_CORE_FACILITY_12,P68366,PMC9633814_CORE_FACILITY_12,0.9578820697954272,0.6728496692625008
T194_OUTER_04,PMC9633814_CORE_FACILITY_12,SEQUENCE_RIDGE_COMPOSITION_ONLY,T194_1b409e9fd429d1d8ddff,PMC9633814_CORE_FACILITY_12,P26641,PMC9633814_CORE_FACILITY_12,0.3489771359807461,0.4308394179621555
T194_OUTER_04,PMC9633814_CORE_FACILITY_12,SEQUENCE_RIDGE_COMPOSITION_ONLY,T194_1c001d8071b6978364bc,PMC9633814_CORE_FACILITY_12,Q93084,PMC9633814_CORE_FACILITY_12,0.8989169675090253,0.5751678327483375
T194_OUTER_04,PMC9633814_CORE_FACILITY_12,SEQUENCE_RIDGE_COMPOSITION_ONLY,T194_20fa0933d2cb000b2e19,PMC9633814_CORE_FACILITY_12,P55072,PMC9633814_CORE_FACILITY_12,0.4332129963898917,0.5832659341276989
T194_OUTER_04,PMC9633814_CORE_FACILITY_12,SEQUENCE_RIDGE_COMPOSITION_ONLY,T194_24d98d3116815a94681e,PMC9633814_CORE_FACILITY_12,P27348,PMC9633814_CORE_FACILITY_12,0.41997593261131166,0.402964965126784
T194_OUTER_04,PMC9633814_CORE_FACILITY_12,SEQUENCE_RIDGE_COMPOSITION_ONLY,T194_266388ec4f2aaddbdd35,PMC9633814_CORE_FACILITY_12,P14868,PMC9633814_CORE_FACILITY_12,0.4091456077015644,0.561605790404615
T194_OUTER_04,PMC9633814_CORE_FACILITY_12,SEQUENCE_RIDGE_COMPOSITION_ONLY,T194_363dfeaa2b9c37b33ce3,PMC9633814_CORE_FACILITY_12,Q58FF8,PMC9633814_CORE_FACILITY_12,0.06799037304452467,0.39067577677379706
T194_OUTER_04,PMC9633814_CORE_FACILITY_12,SEQUENCE_RIDGE_COMPOSITION_ONLY,T194_40d54bfa1a84908b12e7,PMC9633814_CORE_FACILITY_12,Q9NQC3,PMC9633814_CORE_FACILITY_12,0.5776173285198556,0.48851018530628426
T194_OUTER_04,PMC9633814_CORE_FACILITY_12,SEQUENCE_RIDGE_COMPOSITION_ONLY,T194_424d83f7158ce4d1d0c7,PMC9633814_CORE_FACILITY_12,O75083,PMC9633814_CORE_FACILITY_12,0.6438026474127557,0.5370495987689949
T194_OUTER_04,PMC9633814_CORE_FACILITY_12,SEQUENCE_RIDGE_COMPOSITION_ONLY,T194_43baaad8603c53085202,PMC9633814_CORE_FACILITY_12,P37802,PMC9633814_CORE_FACILITY_12,0.28279181708784595,0.5261677471599775
T194_OUTER_04,PMC9633814_CORE_FACILITY_12,SEQUENCE_RIDGE_COMPOSITION_ONLY,T194_4cb533f64c40777cd37e,PMC9633814_CORE_FACILITY_12,Q16762,PMC9633814_CORE_FACILITY_12,0.2575210589651023,0.536950735418612
T194_OUTER_04,PMC9633814_CORE_FACILITY_12,SEQUENCE_RIDGE_COMPOSITION_ONLY,T194_5195e0122b8b078f5d44,PMC9633814_CORE_FACILITY_12,P09493,PMC9633814_CORE_FACILITY_12,0.3405535499398315,0.1973058241993913
T194_OUTER_04,PMC9633814_CORE_FACILITY_12,SEQUENCE_RIDGE_COMPOSITION_ONLY,T194_580b5af6714952abcd99,PMC9633814_CORE_FACILITY_12,O00299,PMC9633814_CORE_FACILITY_12,0.717208182912154,0.6072290494086487
T194_OUTER_04,PMC9633814_CORE_FACILITY_12,SEQUENCE_RIDGE_COMPOSITION_ONLY,T194_653dcfe85dab884e799d,PMC9633814_CORE_FACILITY_12,P07996,PMC9633814_CORE_FACILITY_12,0.9759326113116726,0.7730354421035602
T194_OUTER_04,PMC9633814_CORE_FACILITY_12,SEQUENCE_RIDGE_COMPOSITION_ONLY,T194_66570a5aa128ffa7943d,PMC9633814_CORE_FACILITY_12,P00387,PMC9633814_CORE_FACILITY_12,0.6630565583634176,0.4966154841956125
T194_OUTER_04,PMC9633814_CORE_FACILITY_12,SEQUENCE_RIDGE_COMPOSITION_ONLY,T194_68b5acf09ca88569107c,PMC9633814_CORE_FACILITY_12,Q15084,PMC9633814_CORE_FACILITY_12,0.05896510228640193,0.5011159786954688
T194_OUTER_04,PMC9633814_CORE_FACILITY_12,SEQUENCE_RIDGE_COMPOSITION_ONLY,T194_6c5e3d831babf18473b6,PMC9633814_CORE_FACILITY_12,Q7L576,PMC9633814_CORE_FACILITY_12,0.5090252707581228,0.5019059421431188
T194_OUTER_04,PMC9633814_CORE_FACILITY_12,SEQUENCE_RIDGE_COMPOSITION_ONLY,T194_737d2a61cef3548bf731,PMC9633814_CORE_FACILITY_12,Q9BSJ8,PMC9633814_CORE_FACILITY_12,0.33574007220216606,0.5141016668990117
T194_OUTER_04,PMC9633814_CORE_FACILITY_12,SEQUENCE_RIDGE_COMPOSITION_ONLY,T194_7561628ddf0e6c8b766b,PMC9633814_CORE_FACILITY_12,P27797,PMC9633814_CORE_FACILITY_12,0.0842358604091456,0.5472235048906526
T194_OUTER_04,PMC9633814_CORE_FACILITY_12,SEQUENCE_RIDGE_COMPOSITION_ONLY,T194_77eef4c5e3976b65fef6,PMC9633814_CORE_FACILITY_12,Q15942,PMC9633814_CORE_FACILITY_12,0.7978339350180506,0.6908929976181755
T194_OUTER_04,PMC9633814_CORE_FACILITY_12,SEQUENCE_RIDGE_COMPOSITION_ONLY,T194_796a3e771e18d08cab69,PMC9633814_CORE_FACILITY_12,Q9HDC9,PMC9633814_CORE_FACILITY_12,0.825511432009627,0.5873100734485407
T194_OUTER_04,PMC9633814_CORE_FACILITY_12,SEQUENCE_RIDGE_COMPOSITION_ONLY,T194_7a91ef1576462768f44a,PMC9633814_CORE_FACILITY_12,P16615,PMC9633814_CORE_FACILITY_12,0.6642599277978339,0.5415002436096932
T194_OUTER_04,PMC9633814_CORE_FACILITY_12,SEQUENCE_RIDGE_COMPOSITION_ONLY,T194_7efcc157ec7451b5dbb5,PMC9633814_CORE_FACILITY_12,Q9NY65,PMC9633814_CORE_FACILITY_12,0.677496991576414,0.6607989086087811
T194_OUTER_04,PMC9633814_CORE_FACILITY_12,SEQUENCE_RIDGE_COMPOSITION_ONLY,T194_8a35d333fc71e6697e66,PMC9633814_CORE_FACILITY_12,P26038,PMC9633814_CORE_FACILITY_12,0.6979542719614922,0.30412217075051345
T194_OUTER_04,PMC9633814_CORE_FACILITY_12,SEQUENCE_RIDGE_COMPOSITION_ONLY,T194_909d19e985a0a272cd0f,PMC9633814_CORE_FACILITY_12,P10644,PMC9633814_CORE_FACILITY_12,0.15282791817087846,0.5631568906112359
T194_OUTER_04,PMC9633814_CORE_FACILITY_12,SEQUENCE_RIDGE_COMPOSITION_ONLY,T194_9272bd23f24d37191321,PMC9633814_CORE_FACILITY_12,P61106,PMC9633814_CORE_FACILITY_12,0.3766546329723225,0.5493986370087289
T194_OUTER_04,PMC9633814_CORE_FACILITY_12,SEQUENCE_RIDGE_COMPOSITION_ONLY,T194_9e791359238ef03358ff,PMC9633814_CORE_FACILITY_12,P06396,PMC9633814_CORE_FACILITY_12,0.9530685920577617,0.520673607678759
T194_OUTER_04,PMC9633814_CORE_FACILITY_12,SEQUENCE_RIDGE_COMPOSITION_ONLY,T194_9ef9994688b1f679386f,PMC9633814_CORE_FACILITY_12,P11166,PMC9633814_CORE_FACILITY_12,0.8664259927797834,0.5897913936541606
T194_OUTER_04,PMC9633814_CORE_FACILITY_12,SEQUENCE_RIDGE_COMPOSITION_ONLY,T194_a4fc8116c3a979ca5b94,PMC9633814_CORE_FACILITY_12,Q7Z406,PMC9633814_CORE_FACILITY_12,0.8122743682310469,0.5441590644161942
T194_OUTER_04,PMC9633814_CORE_FACILITY_12,SEQUENCE_RIDGE_COMPOSITION_ONLY,T194_ad01ecafac2037801ed7,PMC9633814_CORE_FACILITY_12,P04264,PMC9633814_CORE_FACILITY_12,0.9290012033694344,0.780415125411197
T194_OUTER_04,PMC9633814_CORE_FACILITY_12,SEQUENCE_RIDGE_COMPOSITION_ONLY,T194_ae727991edbc8204375f,PMC9633814_CORE_FACILITY_12,O00264,PMC9633814_CORE_FACILITY_12,0.6245487364620939,0.57201925211116
T194_OUTER_04,PMC9633814_CORE_FACILITY_12,SEQUENCE_RIDGE_COMPOSITION_ONLY,T194_b20b33dcabda85844390,PMC9633814_CORE_FACILITY_12,Q14247,PMC9633814_CORE_FACILITY_12,0.17569193742478942,0.4913600358389394
T194_OUTER_04,PMC9633814_CORE_FACILITY_12,SEQUENCE_RIDGE_COMPOSITION_ONLY,T194_b2be07f4b93484df4fa4,PMC9633814_CORE_FACILITY_12,Q15365,PMC9633814_CORE_FACILITY_12,0.628158844765343,0.5724379682253533
T194_OUTER_04,PMC9633814_CORE_FACILITY_12,SEQUENCE_RIDGE_COMPOSITION_ONLY,T194_b4307895a48a8be091bb,PMC9633814_CORE_FACILITY_12,P06576,PMC9633814_CORE_FACILITY_12,0.6955475330926595,0.5913029380228119
T194_OUTER_04,PMC9633814_CORE_FACILITY_12,SEQUENCE_RIDGE_COMPOSITION_ONLY,T194_b5fe078f30efec083db4,PMC9633814_CORE_FACILITY_12,O00187,PMC9633814_CORE_FACILITY_12,0.8929001203369434,0.6369622578429097
T194_OUTER_04,PMC9633814_CORE_FACILITY_12,SEQUENCE_RIDGE_COMPOSITION_ONLY,T194_b847873542ff49f9f739,PMC9633814_CORE_FACILITY_12,P63000,PMC9633814_CORE_FACILITY_12,0.4416365824308063,0.46169367381972526
T194_OUTER_04,PMC9633814_CORE_FACILITY_12,SEQUENCE_RIDGE_COMPOSITION_ONLY,T194_bcb0b4bb290a924c948c,PMC9633814_CORE_FACILITY_12,Q16643,PMC9633814_CORE_FACILITY_12,0.10830324909747292,0.7063247081013568
T194_OUTER_04,PMC9633814_CORE_FACILITY_12,SEQUENCE_RIDGE_COMPOSITION_ONLY,T194_c58934b217f7417d2a9b,PMC9633814_CORE_FACILITY_12,P10809,PMC9633814_CORE_FACILITY_12,0.6353790613718412,0.4526729744182234
T194_OUTER_04,PMC9633814_CORE_FACILITY_12,SEQUENCE_RIDGE_COMPOSITION_ONLY,T194_cfaadfd12cc7f0ee2597,PMC9633814_CORE_FACILITY_12,P05556,PMC9633814_CORE_FACILITY_12,0.8580024067388689,0.7384700994566843
T194_OUTER_04,PMC9633814_CORE_FACILITY_12,SEQUENCE_RIDGE_COMPOSITION_ONLY,T194_d201666cf6d74e524326,PMC9633814_CORE_FACILITY_12,P30044,PMC9633814_CORE_FACILITY_12,0.15042117930204574,0.5436287769393775
T194_OUTER_04,PMC9633814_CORE_FACILITY_12,SEQUENCE_RIDGE_COMPOSITION_ONLY,T194_d359db5769c41280ebb0,PMC9633814_CORE_FACILITY_12,O15145,PMC9633814_CORE_FACILITY_12,0.45246690734055356,0.34939826205698077
T194_OUTER_04,PMC9633814_CORE_FACILITY_12,SEQUENCE_RIDGE_COMPOSITION_ONLY,T194_d770b1837d7963c4d46b,PMC9633814_CORE_FACILITY_12,Q70J99,PMC9633814_CORE_FACILITY_12,0.29482551143200963,0.5413769887884223
T194_OUTER_04,PMC9633814_CORE_FACILITY_12,SEQUENCE_RIDGE_COMPOSITION_ONLY,T194_e794742ed234a797a4fa,PMC9633814_CORE_FACILITY_12,P11021,PMC9633814_CORE_FACILITY_12,0.3862815884476534,0.5448607846250149
T194_OUTER_04,PMC9633814_CORE_FACILITY_12,SEQUENCE_RIDGE_COMPOSITION_ONLY,T194_e999ae9f4653fbe264fb,PMC9633814_CORE_FACILITY_12,P04004,PMC9633814_CORE_FACILITY_12,0.9879663056558363,0.6048375159412047
T194_OUTER_04,PMC9633814_CORE_FACILITY_12,SEQUENCE_RIDGE_COMPOSITION_ONLY,T194_ebf07f5c7ec7ff21b729,PMC9633814_CORE_FACILITY_12,P52907,PMC9633814_CORE_FACILITY_12,0.5174488567990373,0.5257321994979681
T194_OUTER_04,PMC9633814_CORE_FACILITY_12,SEQUENCE_RIDGE_COMPOSITION_ONLY,T194_efaa29aa27bfbd73260b,PMC9633814_CORE_FACILITY_12,O00151,PMC9633814_CORE_FACILITY_12,0.7424789410348978,0.5984386621794027
T194_OUTER_04,PMC9633814_CORE_FACILITY_12,SEQUENCE_RIDGE_COMPOSITION_ONLY,T194_f066cf357e3334cbe3c6,PMC9633814_CORE_FACILITY_12,P78417,PMC9633814_CORE_FACILITY_12,0.12394705174488568,0.3618672563921578
T194_OUTER_04,PMC9633814_CORE_FACILITY_12,SEQUENCE_RIDGE_COMPOSITION_ONLY,T194_f45fda523d015d4f2f46,PMC9633814_CORE_FACILITY_12,Q8TC12,PMC9633814_CORE_FACILITY_12,0.5764139590854392,0.44570172175695555
T194_OUTER_04,PMC9633814_CORE_FACILITY_12,SEQUENCE_RIDGE_COMPOSITION_ONLY,T194_f51fd7b1185dbd28ae60,PMC9633814_CORE_FACILITY_12,P53396,PMC9633814_CORE_FACILITY_12,0.08303249097472924,0.4924210657393116
T194_OUTER_04,PMC9633814_CORE_FACILITY_12,SEQUENCE_RIDGE_COMPOSITION_ONLY,T194_f72d86e3fd3e58c53051,PMC9633814_CORE_FACILITY_12,Q14974,PMC9633814_CORE_FACILITY_12,0.024067388688327317,0.5504128399880196
T194_OUTER_04,PMC9633814_CORE_FACILITY_12,SEQUENCE_RIDGE_COMPOSITION_ONLY,T194_f82ff5d1e85ae76b576a,PMC9633814_CORE_FACILITY_12,P50990,PMC9633814_CORE_FACILITY_12,0.05535499398315283,0.4923259429180998
T194_OUTER_05,PMC9633814_CORE_FACILITY_2,CONSTANT_TRAINING_MEAN,T194_048c9ae644ddb0a227cf,PMC9633814_CORE_FACILITY_2,P28066,PMC9633814_CORE_FACILITY_2,0.1449468085106383,0.5220975397070914
T194_OUTER_05,PMC9633814_CORE_FACILITY_2,CONSTANT_TRAINING_MEAN,T194_06f4ce746d7833b0baca,PMC9633814_CORE_FACILITY_2,Q9H4B7,PMC9633814_CORE_FACILITY_2,0.9587765957446809,0.5220975397070914
T194_OUTER_05,PMC9633814_CORE_FACILITY_2,CONSTANT_TRAINING_MEAN,T194_0a4b6b2f00c31147a99d,PMC9633814_CORE_FACILITY_2,Q70J99,PMC9633814_CORE_FACILITY_2,0.6914893617021277,0.5220975397070914
T194_OUTER_05,PMC9633814_CORE_FACILITY_2,CONSTANT_TRAINING_MEAN,T194_0a908172f286a8229fd4,PMC9633814_CORE_FACILITY_2,P30048,PMC9633814_CORE_FACILITY_2,0.5771276595744681,0.5220975397070914
T194_OUTER_05,PMC9633814_CORE_FACILITY_2,CONSTANT_TRAINING_MEAN,T194_0b40b8d7cbd0dcc1d9d1,PMC9633814_CORE_FACILITY_2,O00299,PMC9633814_CORE_FACILITY_2,0.761968085106383,0.5220975397070914
T194_OUTER_05,PMC9633814_CORE_FACILITY_2,CONSTANT_TRAINING_MEAN,T194_0ca5f345c1123870654e,PMC9633814_CORE_FACILITY_2,O15145,PMC9633814_CORE_FACILITY_2,0.5585106382978723,0.5220975397070914
T194_OUTER_05,PMC9633814_CORE_FACILITY_2,CONSTANT_TRAINING_MEAN,T194_0e495fc1be91cfed5480,PMC9633814_CORE_FACILITY_2,Q7L576,PMC9633814_CORE_FACILITY_2,0.7101063829787234,0.5220975397070914
T194_OUTER_05,PMC9633814_CORE_FACILITY_2,CONSTANT_TRAINING_MEAN,T194_0f763ce61fa0f7be13fa,PMC9633814_CORE_FACILITY_2,Q9Y2A7,PMC9633814_CORE_FACILITY_2,0.4148936170212766,0.5220975397070914
T194_OUTER_05,PMC9633814_CORE_FACILITY_2,CONSTANT_TRAINING_MEAN,T194_1860dc1b7af2b1da9b38,PMC9633814_CORE_FACILITY_2,Q15365,PMC9633814_CORE_FACILITY_2,0.5784574468085106,0.5220975397070914
T194_OUTER_05,PMC9633814_CORE_FACILITY_2,CONSTANT_TRAINING_MEAN,T194_1c9099b223927203ee66,PMC9633814_CORE_FACILITY_2,Q27J81,PMC9633814_CORE_FACILITY_2,0.6276595744680851,0.5220975397070914
T194_OUTER_05,PMC9633814_CORE_FACILITY_2,CONSTANT_TRAINING_MEAN,T194_1f58abc789cc50e9c485,PMC9633814_CORE_FACILITY_2,P55072,PMC9633814_CORE_FACILITY_2,0.8936170212765957,0.5220975397070914
T194_OUTER_05,PMC9633814_CORE_FACILITY_2,CONSTANT_TRAINING_MEAN,T194_213c174caa386aae1c60,PMC9633814_CORE_FACILITY_2,Q16762,PMC9633814_CORE_FACILITY_2,0.5797872340425532,0.5220975397070914
T194_OUTER_05,PMC9633814_CORE_FACILITY_2,CONSTANT_TRAINING_MEAN,T194_21c87c2f798fe3ccb210,PMC9633814_CORE_FACILITY_2,P68366,PMC9633814_CORE_FACILITY_2,0.973404255319149,0.5220975397070914
T194_OUTER_05,PMC9633814_CORE_FACILITY_2,CONSTANT_TRAINING_MEAN,T194_22c8daffd0a142a950dd,PMC9633814_CORE_FACILITY_2,P62805,PMC9633814_CORE_FACILITY_2,0.726063829787234,0.5220975397070914
T194_OUTER_05,PMC9633814_CORE_FACILITY_2,CONSTANT_TRAINING_MEAN,T194_23b8d84ce76dc8736c19,PMC9633814_CORE_FACILITY_2,P05023,PMC9633814_CORE_FACILITY_2,0.7074468085106383,0.5220975397070914
T194_OUTER_05,PMC9633814_CORE_FACILITY_2,CONSTANT_TRAINING_MEAN,T194_249b48d40ee89f3cec06,PMC9633814_CORE_FACILITY_2,Q86VP6,PMC9633814_CORE_FACILITY_2,0.1077127659574468,0.5220975397070914
T194_OUTER_05,PMC9633814_CORE_FACILITY_2,CONSTANT_TRAINING_MEAN,T194_26c77e6bd8e7b980e124,PMC9633814_CORE_FACILITY_2,P14868,PMC9633814_CORE_FACILITY_2,0.022606382978723406,0.5220975397070914
T194_OUTER_05,PMC9633814_CORE_FACILITY_2,CONSTANT_TRAINING_MEAN,T194_27ef67a473c55a74514c,PMC9633814_CORE_FACILITY_2,P19367,PMC9633814_CORE_FACILITY_2,0.0598404255319149,0.5220975397070914
T194_OUTER_05,PMC9633814_CORE_FACILITY_2,CONSTANT_TRAINING_MEAN,T194_30971bbbf224ae2450e0,PMC9633814_CORE_FACILITY_2,Q9BSJ8,PMC9633814_CORE_FACILITY_2,0.6409574468085106,0.5220975397070914
T194_OUTER_05,PMC9633814_CORE_FACILITY_2,CONSTANT_TRAINING_MEAN,T194_32512a91f29fbd8d6634,PMC9633814_CORE_FACILITY_2,P37802,PMC9633814_CORE_FACILITY_2,0.6037234042553191,0.5220975397070914
T194_OUTER_05,PMC9633814_CORE_FACILITY_2,CONSTANT_TRAINING_MEAN,T194_36bfb32ce98daf76f826,PMC9633814_CORE_FACILITY_2,P50991,PMC9633814_CORE_FACILITY_2,0.5664893617021277,0.5220975397070914
T194_OUTER_05,PMC9633814_CORE_FACILITY_2,CONSTANT_TRAINING_MEAN,T194_36ccf8c52a880975fdd8,PMC9633814_CORE_FACILITY_2,Q9NRW1,PMC9633814_CORE_FACILITY_2,0.4175531914893617,0.5220975397070914
T194_OUTER_05,PMC9633814_CORE_FACILITY_2,CONSTANT_TRAINING_MEAN,T194_422c06354fce5d428f60,PMC9633814_CORE_FACILITY_2,P52907,PMC9633814_CORE_FACILITY_2,0.7433510638297872,0.5220975397070914
T194_OUTER_05,PMC9633814_CORE_FACILITY_2,CONSTANT_TRAINING_MEAN,T194_49b99307b54e282805b4,PMC9633814_CORE_FACILITY_2,P38646,PMC9633814_CORE_FACILITY_2,0.6183510638297872,0.5220975397070914
T194_OUTER_05,PMC9633814_CORE_FACILITY_2,CONSTANT_TRAINING_MEAN,T194_4cd04b91bed07e68ea88,PMC9633814_CORE_FACILITY_2,P00403,PMC9633814_CORE_FACILITY_2,0.26595744680851063,0.5220975397070914
T194_OUTER_05,PMC9633814_CORE_FACILITY_2,CONSTANT_TRAINING_MEAN,T194_4eb551d0cfd7f2dd99c7,PMC9633814_CORE_FACILITY_2,Q99832,PMC9633814_CORE_FACILITY_2,0.44680851063829785,0.5220975397070914
T194_OUTER_05,PMC9633814_CORE_FACILITY_2,CONSTANT_TRAINING_MEAN,T194_4fc47a2ada4f51afaccb,PMC9633814_CORE_FACILITY_2,P04844,PMC9633814_CORE_FACILITY_2,0.5199468085106383,0.5220975397070914
T194_OUTER_05,PMC9633814_CORE_FACILITY_2,CONSTANT_TRAINING_MEAN,T194_5022ceb40078ad12bf4b,PMC9633814_CORE_FACILITY_2,Q9Y3F4,PMC9633814_CORE_FACILITY_2,0.007978723404255319,0.5220975397070914
T194_OUTER_05,PMC9633814_CORE_FACILITY_2,CONSTANT_TRAINING_MEAN,T194_511075fc0e18d405daf5,PMC9633814_CORE_FACILITY_2,P49411,PMC9633814_CORE_FACILITY_2,0.5638297872340425,0.5220975397070914
T194_OUTER_05,PMC9633814_CORE_FACILITY_2,CONSTANT_TRAINING_MEAN,T194_56af00e6143bb362914c,PMC9633814_CORE_FACILITY_2,P05556,PMC9633814_CORE_FACILITY_2,0.8404255319148937,0.5220975397070914
T194_OUTER_05,PMC9633814_CORE_FACILITY_2,CONSTANT_TRAINING_MEAN,T194_57849ebab331520489e9,PMC9633814_CORE_FACILITY_2,O75083,PMC9633814_CORE_FACILITY_2,0.7938829787234043,0.5220975397070914
T194_OUTER_05,PMC9633814_CORE_FACILITY_2,CONSTANT_TRAINING_MEAN,T194_5fe64b3c679e0ed03ab9,PMC9633814_CORE_FACILITY_2,P53396,PMC9633814_CORE_FACILITY_2,0.5146276595744681,0.5220975397070914
T194_OUTER_05,PMC9633814_CORE_FACILITY_2,CONSTANT_TRAINING_MEAN,T194_67d2bf78f030511e13af,PMC9633814_CORE_FACILITY_2,P50990,PMC9633814_CORE_FACILITY_2,0.550531914893617,0.5220975397070914
T194_OUTER_05,PMC9633814_CORE_FACILITY_2,CONSTANT_TRAINING_MEAN,T194_68a4836e979be830e04e,PMC9633814_CORE_FACILITY_2,P27797,PMC9633814_CORE_FACILITY_2,0.5625,0.5220975397070914
T194_OUTER_05,PMC9633814_CORE_FACILITY_2,CONSTANT_TRAINING_MEAN,T194_69210108b478eb277cb5,PMC9633814_CORE_FACILITY_2,P11021,PMC9633814_CORE_FACILITY_2,0.7952127659574468,0.5220975397070914
T194_OUTER_05,PMC9633814_CORE_FACILITY_2,CONSTANT_TRAINING_MEAN,T194_6a20d97c3d125975c439,PMC9633814_CORE_FACILITY_2,Q16543,PMC9633814_CORE_FACILITY_2,0.06382978723404255,0.5220975397070914
T194_OUTER_05,PMC9633814_CORE_FACILITY_2,CONSTANT_TRAINING_MEAN,T194_6a728b6311f0ade8b59c,PMC9633814_CORE_FACILITY_2,Q15942,PMC9633814_CORE_FACILITY_2,0.785904255319149,0.5220975397070914
T194_OUTER_05,PMC9633814_CORE_FACILITY_2,CONSTANT_TRAINING_MEAN,T194_6b6f36e15e1dc8513159,PMC9633814_CORE_FACILITY_2,Q9NY65,PMC9633814_CORE_FACILITY_2,0.7978723404255319,0.5220975397070914
T194_OUTER_05,PMC9633814_CORE_FACILITY_2,CONSTANT_TRAINING_MEAN,T194_6c513164f4f7ee3dd1c9,PMC9633814_CORE_FACILITY_2,P78417,PMC9633814_CORE_FACILITY_2,0.41356382978723405,0.5220975397070914
T194_OUTER_05,PMC9633814_CORE_FACILITY_2,CONSTANT_TRAINING_MEAN,T194_6ca817dd11b96d0dadba,PMC9633814_CORE_FACILITY_2,Q7Z406,PMC9633814_CORE_FACILITY_2,0.15824468085106383,0.5220975397070914
T194_OUTER_05,PMC9633814_CORE_FACILITY_2,CONSTANT_TRAINING_MEAN,T194_6df16893f4c2485379b3,PMC9633814_CORE_FACILITY_2,P16615,PMC9633814_CORE_FACILITY_2,0.8018617021276596,0.5220975397070914
T194_OUTER_05,PMC9633814_CORE_FACILITY_2,CONSTANT_TRAINING_MEAN,T194_7853fcdd1f65e5d4863f,PMC9633814_CORE_FACILITY_2,Q9NQC3,PMC9633814_CORE_FACILITY_2,0.6422872340425532,0.5220975397070914
T194_OUTER_05,PMC9633814_CORE_FACILITY_2,CONSTANT_TRAINING_MEAN,T194_81edd0e8467f74990824,PMC9633814_CORE_FACILITY_2,P30044,PMC9633814_CORE_FACILITY_2,0.5159574468085106,0.5220975397070914
T194_OUTER_05,PMC9633814_CORE_FACILITY_2,CONSTANT_TRAINING_MEAN,T194_83eea877cdf5b7747ac8,PMC9633814_CORE_FACILITY_2,P60174,PMC9633814_CORE_FACILITY_2,0.37367021276595747,0.5220975397070914
T194_OUTER_05,PMC9633814_CORE_FACILITY_2,CONSTANT_TRAINING_MEAN,T194_878c88902bcbb2b36d77,PMC9633814_CORE_FACILITY_2,P26038,PMC9633814_CORE_FACILITY_2,0.8896276595744681,0.5220975397070914
T194_OUTER_05,PMC9633814_CORE_FACILITY_2,CONSTANT_TRAINING_MEAN,T194_8bac68d1331700ea1084,PMC9633814_CORE_FACILITY_2,P10644,PMC9633814_CORE_FACILITY_2,0.36436170212765956,0.5220975397070914
T194_OUTER_05,PMC9633814_CORE_FACILITY_2,CONSTANT_TRAINING_MEAN,T194_8dc16633e228011786f9,PMC9633814_CORE_FACILITY_2,P26641,PMC9633814_CORE_FACILITY_2,0.41888297872340424,0.5220975397070914
T194_OUTER_05,PMC9633814_CORE_FACILITY_2,CONSTANT_TRAINING_MEAN,T194_9086dc411c90800dfe0c,PMC9633814_CORE_FACILITY_2,P61026,PMC9633814_CORE_FACILITY_2,0.7925531914893617,0.5220975397070914
T194_OUTER_05,PMC9633814_CORE_FACILITY_2,CONSTANT_TRAINING_MEAN,T194_9436ce96e3816d527aa0,PMC9633814_CORE_FACILITY_2,P11413,PMC9633814_CORE_FACILITY_2,0.5212765957446809,0.5220975397070914
T194_OUTER_05,PMC9633814_CORE_FACILITY_2,CONSTANT_TRAINING_MEAN,T194_9cf452856075c76e8811,PMC9633814_CORE_FACILITY_2,P30041,PMC9633814_CORE_FACILITY_2,0.7273936170212766,0.5220975397070914
T194_OUTER_05,PMC9633814_CORE_FACILITY_2,CONSTANT_TRAINING_MEAN,T194_a1a86f578cdfb95d8b15,PMC9633814_CORE_FACILITY_2,Q99733,PMC9633814_CORE_FACILITY_2,0.041223404255319146,0.5220975397070914
T194_OUTER_05,PMC9633814_CORE_FACILITY_2,CONSTANT_TRAINING_MEAN,T194_a1c11e47fd2bfa7b19ed,PMC9633814_CORE_FACILITY_2,Q16643,PMC9633814_CORE_FACILITY_2,0.6263297872340425,0.5220975397070914
T194_OUTER_05,PMC9633814_CORE_FACILITY_2,CONSTANT_TRAINING_MEAN,T194_a4e4d1bd3f881723e9b8,PMC9633814_CORE_FACILITY_2,O00151,PMC9633814_CORE_FACILITY_2,0.8457446808510638,0.5220975397070914
T194_OUTER_05,PMC9633814_CORE_FACILITY_2,CONSTANT_TRAINING_MEAN,T194_a815561d8e12c7979b81,PMC9633814_CORE_FACILITY_2,P61981,PMC9633814_CORE_FACILITY_2,0.5691489361702128,0.5220975397070914
T194_OUTER_05,PMC9633814_CORE_FACILITY_2,CONSTANT_TRAINING_MEAN,T194_ab68d8138f8bfd23a49f,PMC9633814_CORE_FACILITY_2,P30101,PMC9633814_CORE_FACILITY_2,0.7672872340425532,0.5220975397070914
T194_OUTER_05,PMC9633814_CORE_FACILITY_2,CONSTANT_TRAINING_MEAN,T194_ae00f8f59f29306edff6,PMC9633814_CORE_FACILITY_2,P06396,PMC9633814_CORE_FACILITY_2,0.9707446808510638,0.5220975397070914
T194_OUTER_05,PMC9633814_CORE_FACILITY_2,CONSTANT_TRAINING_MEAN,T194_b0d3ea3f1f4e6305e79a,PMC9633814_CORE_FACILITY_2,P27348,PMC9633814_CORE_FACILITY_2,0.6223404255319149,0.5220975397070914
T194_OUTER_05,PMC9633814_CORE_FACILITY_2,CONSTANT_TRAINING_MEAN,T194_b21d7056314be381dad3,PMC9633814_CORE_FACILITY_2,P10809,PMC9633814_CORE_FACILITY_2,0.8444148936170213,0.5220975397070914
T194_OUTER_05,PMC9633814_CORE_FACILITY_2,CONSTANT_TRAINING_MEAN,T194_b3ef23fb253712e3e14a,PMC9633814_CORE_FACILITY_2,P13796,PMC9633814_CORE_FACILITY_2,0.48271276595744683,0.5220975397070914
T194_OUTER_05,PMC9633814_CORE_FACILITY_2,CONSTANT_TRAINING_MEAN,T194_b71704211b8aa2ce5c27,PMC9633814_CORE_FACILITY_2,P63000,PMC9633814_CORE_FACILITY_2,0.39893617021276595,0.5220975397070914
T194_OUTER_05,PMC9633814_CORE_FACILITY_2,CONSTANT_TRAINING_MEAN,T194_bed2a541aa229b9420f9,PMC9633814_CORE_FACILITY_2,P06576,PMC9633814_CORE_FACILITY_2,0.8550531914893617,0.5220975397070914
T194_OUTER_05,PMC9633814_CORE_FACILITY_2,CONSTANT_TRAINING_MEAN,T194_c05b7931f41098c64b35,PMC9633814_CORE_FACILITY_2,P24844,PMC9633814_CORE_FACILITY_2,0.5837765957446809,0.5220975397070914
T194_OUTER_05,PMC9633814_CORE_FACILITY_2,CONSTANT_TRAINING_MEAN,T194_ca7d773db56a1c7c50ba,PMC9633814_CORE_FACILITY_2,P00387,PMC9633814_CORE_FACILITY_2,0.800531914893617,0.5220975397070914
T194_OUTER_05,PMC9633814_CORE_FACILITY_2,CONSTANT_TRAINING_MEAN,T194_cb9e593cf119452006dc,PMC9633814_CORE_FACILITY_2,P28070,PMC9633814_CORE_FACILITY_2,0.05851063829787234,0.5220975397070914
T194_OUTER_05,PMC9633814_CORE_FACILITY_2,CONSTANT_TRAINING_MEAN,T194_ccad7d607fb745d4eb6e,PMC9633814_CORE_FACILITY_2,P11166,PMC9633814_CORE_FACILITY_2,0.9029255319148937,0.5220975397070914
T194_OUTER_05,PMC9633814_CORE_FACILITY_2,CONSTANT_TRAINING_MEAN,T194_d08e55dc4fc79f003604,PMC9633814_CORE_FACILITY_2,O00264,PMC9633814_CORE_FACILITY_2,0.5531914893617021,0.5220975397070914
T194_OUTER_05,PMC9633814_CORE_FACILITY_2,CONSTANT_TRAINING_MEAN,T194_d33d3f136d79d634fd2f,PMC9633814_CORE_FACILITY_2,O00187,PMC9633814_CORE_FACILITY_2,0.8829787234042553,0.5220975397070914
T194_OUTER_05,PMC9633814_CORE_FACILITY_2,CONSTANT_TRAINING_MEAN,T194_d416aca8b156a4998d78,PMC9633814_CORE_FACILITY_2,Q9HDC9,PMC9633814_CORE_FACILITY_2,0.8696808510638298,0.5220975397070914
T194_OUTER_05,PMC9633814_CORE_FACILITY_2,CONSTANT_TRAINING_MEAN,T194_d8566334527afaded435,PMC9633814_CORE_FACILITY_2,P07996,PMC9633814_CORE_FACILITY_2,0.9547872340425532,0.5220975397070914
T194_OUTER_05,PMC9633814_CORE_FACILITY_2,CONSTANT_TRAINING_MEAN,T194_df3e5b5e5c79255b5bee,PMC9633814_CORE_FACILITY_2,Q15084,PMC9633814_CORE_FACILITY_2,0.26063829787234044,0.5220975397070914
T194_OUTER_05,PMC9633814_CORE_FACILITY_2,CONSTANT_TRAINING_MEAN,T194_e2b7961c5361d21d5e50,PMC9633814_CORE_FACILITY_2,Q8TC12,PMC9633814_CORE_FACILITY_2,0.6662234042553191,0.5220975397070914
T194_OUTER_05,PMC9633814_CORE_FACILITY_2,CONSTANT_TRAINING_MEAN,T194_e4079ff33c50a52cf96d,PMC9633814_CORE_FACILITY_2,P61106,PMC9633814_CORE_FACILITY_2,0.651595744680851,0.5220975397070914
T194_OUTER_05,PMC9633814_CORE_FACILITY_2,CONSTANT_TRAINING_MEAN,T194_e4847bce5824b35fc22a,PMC9633814_CORE_FACILITY_2,P04004,PMC9633814_CORE_FACILITY_2,0.961436170212766,0.5220975397070914
T194_OUTER_05,PMC9633814_CORE_FACILITY_2,CONSTANT_TRAINING_MEAN,T194_e70626eb5102e4c69008,PMC9633814_CORE_FACILITY_2,P61006,PMC9633814_CORE_FACILITY_2,0.28191489361702127,0.5220975397070914
T194_OUTER_05,PMC9633814_CORE_FACILITY_2,CONSTANT_TRAINING_MEAN,T194_e73a5ee40f566317dff9,PMC9633814_CORE_FACILITY_2,Q15404,PMC9633814_CORE_FACILITY_2,0.8111702127659575,0.5220975397070914
T194_OUTER_05,PMC9633814_CORE_FACILITY_2,CONSTANT_TRAINING_MEAN,T194_efada832dd22711c9e9a,PMC9633814_CORE_FACILITY_2,P50995,PMC9633814_CORE_FACILITY_2,0.05319148936170213,0.5220975397070914
T194_OUTER_05,PMC9633814_CORE_FACILITY_2,CONSTANT_TRAINING_MEAN,T194_fd22ca66a2cb5ed60c1d,PMC9633814_CORE_FACILITY_2,Q14247,PMC9633814_CORE_FACILITY_2,0.6143617021276596,0.5220975397070914
T194_OUTER_05,PMC9633814_CORE_FACILITY_2,SEQUENCE_RIDGE_FULL,T194_048c9ae644ddb0a227cf,PMC9633814_CORE_FACILITY_2,P28066,PMC9633814_CORE_FACILITY_2,0.1449468085106383,0.48973534461892404
T194_OUTER_05,PMC9633814_CORE_FACILITY_2,SEQUENCE_RIDGE_FULL,T194_06f4ce746d7833b0baca,PMC9633814_CORE_FACILITY_2,Q9H4B7,PMC9633814_CORE_FACILITY_2,0.9587765957446809,0.6390542021744887
T194_OUTER_05,PMC9633814_CORE_FACILITY_2,SEQUENCE_RIDGE_FULL,T194_0a4b6b2f00c31147a99d,PMC9633814_CORE_FACILITY_2,Q70J99,PMC9633814_CORE_FACILITY_2,0.6914893617021277,0.5780775100933229
T194_OUTER_05,PMC9633814_CORE_FACILITY_2,SEQUENCE_RIDGE_FULL,T194_0a908172f286a8229fd4,PMC9633814_CORE_FACILITY_2,P30048,PMC9633814_CORE_FACILITY_2,0.5771276595744681,0.3932749127676618
T194_OUTER_05,PMC9633814_CORE_FACILITY_2,SEQUENCE_RIDGE_FULL,T194_0b40b8d7cbd0dcc1d9d1,PMC9633814_CORE_FACILITY_2,O00299,PMC9633814_CORE_FACILITY_2,0.761968085106383,0.5475820431632252
T194_OUTER_05,PMC9633814_CORE_FACILITY_2,SEQUENCE_RIDGE_FULL,T194_0ca5f345c1123870654e,PMC9633814_CORE_FACILITY_2,O15145,PMC9633814_CORE_FACILITY_2,0.5585106382978723,0.3641398222697528
T194_OUTER_05,PMC9633814_CORE_FACILITY_2,SEQUENCE_RIDGE_FULL,T194_0e495fc1be91cfed5480,PMC9633814_CORE_FACILITY_2,Q7L576,PMC9633814_CORE_FACILITY_2,0.7101063829787234,0.5994629143903921
T194_OUTER_05,PMC9633814_CORE_FACILITY_2,SEQUENCE_RIDGE_FULL,T194_0f763ce61fa0f7be13fa,PMC9633814_CORE_FACILITY_2,Q9Y2A7,PMC9633814_CORE_FACILITY_2,0.4148936170212766,0.49871982377752033
T194_OUTER_05,PMC9633814_CORE_FACILITY_2,SEQUENCE_RIDGE_FULL,T194_1860dc1b7af2b1da9b38,PMC9633814_CORE_FACILITY_2,Q15365,PMC9633814_CORE_FACILITY_2,0.5784574468085106,0.46437806176315566
T194_OUTER_05,PMC9633814_CORE_FACILITY_2,SEQUENCE_RIDGE_FULL,T194_1c9099b223927203ee66,PMC9633814_CORE_FACILITY_2,Q27J81,PMC9633814_CORE_FACILITY_2,0.6276595744680851,0.6056518376556265
T194_OUTER_05,PMC9633814_CORE_FACILITY_2,SEQUENCE_RIDGE_FULL,T194_1f58abc789cc50e9c485,PMC9633814_CORE_FACILITY_2,P55072,PMC9633814_CORE_FACILITY_2,0.8936170212765957,0.590144645795084
T194_OUTER_05,PMC9633814_CORE_FACILITY_2,SEQUENCE_RIDGE_FULL,T194_213c174caa386aae1c60,PMC9633814_CORE_FACILITY_2,Q16762,PMC9633814_CORE_FACILITY_2,0.5797872340425532,0.48968266479462824
T194_OUTER_05,PMC9633814_CORE_FACILITY_2,SEQUENCE_RIDGE_FULL,T194_21c87c2f798fe3ccb210,PMC9633814_CORE_FACILITY_2,P68366,PMC9633814_CORE_FACILITY_2,0.973404255319149,0.6702989556917
T194_OUTER_05,PMC9633814_CORE_FACILITY_2,SEQUENCE_RIDGE_FULL,T194_22c8daffd0a142a950dd,PMC9633814_CORE_FACILITY_2,P62805,PMC9633814_CORE_FACILITY_2,0.726063829787234,0.38489725207691683
T194_OUTER_05,PMC9633814_CORE_FACILITY_2,SEQUENCE_RIDGE_FULL,T194_23b8d84ce76dc8736c19,PMC9633814_CORE_FACILITY_2,P05023,PMC9633814_CORE_FACILITY_2,0.7074468085106383,0.6462853349825193
T194_OUTER_05,PMC9633814_CORE_FACILITY_2,SEQUENCE_RIDGE_FULL,T194_249b48d40ee89f3cec06,PMC9633814_CORE_FACILITY_2,Q86VP6,PMC9633814_CORE_FACILITY_2,0.1077127659574468,0.5349537245039798
T194_OUTER_05,PMC9633814_CORE_FACILITY_2,SEQUENCE_RIDGE_FULL,T194_26c77e6bd8e7b980e124,PMC9633814_CORE_FACILITY_2,P14868,PMC9633814_CORE_FACILITY_2,0.022606382978723406,0.5446269080957471
T194_OUTER_05,PMC9633814_CORE_FACILITY_2,SEQUENCE_RIDGE_FULL,T194_27ef67a473c55a74514c,PMC9633814_CORE_FACILITY_2,P19367,PMC9633814_CORE_FACILITY_2,0.0598404255319149,0.6514541137585638
T194_OUTER_05,PMC9633814_CORE_FACILITY_2,SEQUENCE_RIDGE_FULL,T194_30971bbbf224ae2450e0,PMC9633814_CORE_FACILITY_2,Q9BSJ8,PMC9633814_CORE_FACILITY_2,0.6409574468085106,0.5360774601944531
T194_OUTER_05,PMC9633814_CORE_FACILITY_2,SEQUENCE_RIDGE_FULL,T194_32512a91f29fbd8d6634,PMC9633814_CORE_FACILITY_2,P37802,PMC9633814_CORE_FACILITY_2,0.6037234042553191,0.4525435925525522
T194_OUTER_05,PMC9633814_CORE_FACILITY_2,SEQUENCE_RIDGE_FULL,T194_36bfb32ce98daf76f826,PMC9633814_CORE_FACILITY_2,P50991,PMC9633814_CORE_FACILITY_2,0.5664893617021277,0.36420783690592323
T194_OUTER_05,PMC9633814_CORE_FACILITY_2,SEQUENCE_RIDGE_FULL,T194_36ccf8c52a880975fdd8,PMC9633814_CORE_FACILITY_2,Q9NRW1,PMC9633814_CORE_FACILITY_2,0.4175531914893617,0.4197556073110062
T194_OUTER_05,PMC9633814_CORE_FACILITY_2,SEQUENCE_RIDGE_FULL,T194_422c06354fce5d428f60,PMC9633814_CORE_FACILITY_2,P52907,PMC9633814_CORE_FACILITY_2,0.7433510638297872,0.4567243918061636
T194_OUTER_05,PMC9633814_CORE_FACILITY_2,SEQUENCE_RIDGE_FULL,T194_49b99307b54e282805b4,PMC9633814_CORE_FACILITY_2,P38646,PMC9633814_CORE_FACILITY_2,0.6183510638297872,0.5002743378494521
T194_OUTER_05,PMC9633814_CORE_FACILITY_2,SEQUENCE_RIDGE_FULL,T194_4cd04b91bed07e68ea88,PMC9633814_CORE_FACILITY_2,P00403,PMC9633814_CORE_FACILITY_2,0.26595744680851063,0.5171271829692007
T194_OUTER_05,PMC9633814_CORE_FACILITY_2,SEQUENCE_RIDGE_FULL,T194_4eb551d0cfd7f2dd99c7,PMC9633814_CORE_FACILITY_2,Q99832,PMC9633814_CORE_FACILITY_2,0.44680851063829785,0.4168268130133683
T194_OUTER_05,PMC9633814_CORE_FACILITY_2,SEQUENCE_RIDGE_FULL,T194_4fc47a2ada4f51afaccb,PMC9633814_CORE_FACILITY_2,P04844,PMC9633814_CORE_FACILITY_2,0.5199468085106383,0.5227538344785142
T194_OUTER_05,PMC9633814_CORE_FACILITY_2,SEQUENCE_RIDGE_FULL,T194_5022ceb40078ad12bf4b,PMC9633814_CORE_FACILITY_2,Q9Y3F4,PMC9633814_CORE_FACILITY_2,0.007978723404255319,0.41579095731222293
T194_OUTER_05,PMC9633814_CORE_FACILITY_2,SEQUENCE_RIDGE_FULL,T194_511075fc0e18d405daf5,PMC9633814_CORE_FACILITY_2,P49411,PMC9633814_CORE_FACILITY_2,0.5638297872340425,0.5492570928987623
T194_OUTER_05,PMC9633814_CORE_FACILITY_2,SEQUENCE_RIDGE_FULL,T194_56af00e6143bb362914c,PMC9633814_CORE_FACILITY_2,P05556,PMC9633814_CORE_FACILITY_2,0.8404255319148937,0.7577400052839133
T194_OUTER_05,PMC9633814_CORE_FACILITY_2,SEQUENCE_RIDGE_FULL,T194_57849ebab331520489e9,PMC9633814_CORE_FACILITY_2,O75083,PMC9633814_CORE_FACILITY_2,0.7938829787234043,0.517912692962702
T194_OUTER_05,PMC9633814_CORE_FACILITY_2,SEQUENCE_RIDGE_FULL,T194_5fe64b3c679e0ed03ab9,PMC9633814_CORE_FACILITY_2,P53396,PMC9633814_CORE_FACILITY_2,0.5146276595744681,0.6674583888903954
T194_OUTER_05,PMC9633814_CORE_FACILITY_2,SEQUENCE_RIDGE_FULL,T194_67d2bf78f030511e13af,PMC9633814_CORE_FACILITY_2,P50990,PMC9633814_CORE_FACILITY_2,0.550531914893617,0.48767613284107436
T194_OUTER_05,PMC9633814_CORE_FACILITY_2,SEQUENCE_RIDGE_FULL,T194_68a4836e979be830e04e,PMC9633814_CORE_FACILITY_2,P27797,PMC9633814_CORE_FACILITY_2,0.5625,0.4712939689428934
T194_OUTER_05,PMC9633814_CORE_FACILITY_2,SEQUENCE_RIDGE_FULL,T194_69210108b478eb277cb5,PMC9633814_CORE_FACILITY_2,P11021,PMC9633814_CORE_FACILITY_2,0.7952127659574468,0.5616528390434806
T194_OUTER_05,PMC9633814_CORE_FACILITY_2,SEQUENCE_RIDGE_FULL,T194_6a20d97c3d125975c439,PMC9633814_CORE_FACILITY_2,Q16543,PMC9633814_CORE_FACILITY_2,0.06382978723404255,0.3559658467629909
T194_OUTER_05,PMC9633814_CORE_FACILITY_2,SEQUENCE_RIDGE_FULL,T194_6a728b6311f0ade8b59c,PMC9633814_CORE_FACILITY_2,Q15942,PMC9633814_CORE_FACILITY_2,0.785904255319149,0.6449755292584295
T194_OUTER_05,PMC9633814_CORE_FACILITY_2,SEQUENCE_RIDGE_FULL,T194_6b6f36e15e1dc8513159,PMC9633814_CORE_FACILITY_2,Q9NY65,PMC9633814_CORE_FACILITY_2,0.7978723404255319,0.6586327314260817
T194_OUTER_05,PMC9633814_CORE_FACILITY_2,SEQUENCE_RIDGE_FULL,T194_6c513164f4f7ee3dd1c9,PMC9633814_CORE_FACILITY_2,P78417,PMC9633814_CORE_FACILITY_2,0.41356382978723405,0.3410734690975641
T194_OUTER_05,PMC9633814_CORE_FACILITY_2,SEQUENCE_RIDGE_FULL,T194_6ca817dd11b96d0dadba,PMC9633814_CORE_FACILITY_2,Q7Z406,PMC9633814_CORE_FACILITY_2,0.15824468085106383,0.7270876907727506
T194_OUTER_05,PMC9633814_CORE_FACILITY_2,SEQUENCE_RIDGE_FULL,T194_6df16893f4c2485379b3,PMC9633814_CORE_FACILITY_2,P16615,PMC9633814_CORE_FACILITY_2,0.8018617021276596,0.6325273437437499
T194_OUTER_05,PMC9633814_CORE_FACILITY_2,SEQUENCE_RIDGE_FULL,T194_7853fcdd1f65e5d4863f,PMC9633814_CORE_FACILITY_2,Q9NQC3,PMC9633814_CORE_FACILITY_2,0.6422872340425532,0.5816185386227565
T194_OUTER_05,PMC9633814_CORE_FACILITY_2,SEQUENCE_RIDGE_FULL,T194_81edd0e8467f74990824,PMC9633814_CORE_FACILITY_2,P30044,PMC9633814_CORE_FACILITY_2,0.5159574468085106,0.40410144943402365
T194_OUTER_05,PMC9633814_CORE_FACILITY_2,SEQUENCE_RIDGE_FULL,T194_83eea877cdf5b7747ac8,PMC9633814_CORE_FACILITY_2,P60174,PMC9633814_CORE_FACILITY_2,0.37367021276595747,0.3802780821509484
T194_OUTER_05,PMC9633814_CORE_FACILITY_2,SEQUENCE_RIDGE_FULL,T194_878c88902bcbb2b36d77,PMC9633814_CORE_FACILITY_2,P26038,PMC9633814_CORE_FACILITY_2,0.8896276595744681,0.3116400206413156
T194_OUTER_05,PMC9633814_CORE_FACILITY_2,SEQUENCE_RIDGE_FULL,T194_8bac68d1331700ea1084,PMC9633814_CORE_FACILITY_2,P10644,PMC9633814_CORE_FACILITY_2,0.36436170212765956,0.48022884829296253
T194_OUTER_05,PMC9633814_CORE_FACILITY_2,SEQUENCE_RIDGE_FULL,T194_8dc16633e228011786f9,PMC9633814_CORE_FACILITY_2,P26641,PMC9633814_CORE_FACILITY_2,0.41888297872340424,0.4508368226734299
T194_OUTER_05,PMC9633814_CORE_FACILITY_2,SEQUENCE_RIDGE_FULL,T194_9086dc411c90800dfe0c,PMC9633814_CORE_FACILITY_2,P61026,PMC9633814_CORE_FACILITY_2,0.7925531914893617,0.3503333403960604
T194_OUTER_05,PMC9633814_CORE_FACILITY_2,SEQUENCE_RIDGE_FULL,T194_9436ce96e3816d527aa0,PMC9633814_CORE_FACILITY_2,P11413,PMC9633814_CORE_FACILITY_2,0.5212765957446809,0.5591537503598921
T194_OUTER_05,PMC9633814_CORE_FACILITY_2,SEQUENCE_RIDGE_FULL,T194_9cf452856075c76e8811,PMC9633814_CORE_FACILITY_2,P30041,PMC9633814_CORE_FACILITY_2,0.7273936170212766,0.38182071524515965
T194_OUTER_05,PMC9633814_CORE_FACILITY_2,SEQUENCE_RIDGE_FULL,T194_a1a86f578cdfb95d8b15,PMC9633814_CORE_FACILITY_2,Q99733,PMC9633814_CORE_FACILITY_2,0.041223404255319146,0.5719578500429711
T194_OUTER_05,PMC9633814_CORE_FACILITY_2,SEQUENCE_RIDGE_FULL,T194_a1c11e47fd2bfa7b19ed,PMC9633814_CORE_FACILITY_2,Q16643,PMC9633814_CORE_FACILITY_2,0.6263297872340425,0.6685623352687933
T194_OUTER_05,PMC9633814_CORE_FACILITY_2,SEQUENCE_RIDGE_FULL,T194_a4e4d1bd3f881723e9b8,PMC9633814_CORE_FACILITY_2,O00151,PMC9633814_CORE_FACILITY_2,0.8457446808510638,0.5127202999025537
T194_OUTER_05,PMC9633814_CORE_FACILITY_2,SEQUENCE_RIDGE_FULL,T194_a815561d8e12c7979b81,PMC9633814_CORE_FACILITY_2,P61981,PMC9633814_CORE_FACILITY_2,0.5691489361702128,0.38181926966772106
T194_OUTER_05,PMC9633814_CORE_FACILITY_2,SEQUENCE_RIDGE_FULL,T194_ab68d8138f8bfd23a49f,PMC9633814_CORE_FACILITY_2,P30101,PMC9633814_CORE_FACILITY_2,0.7672872340425532,0.4559150258985684
T194_OUTER_05,PMC9633814_CORE_FACILITY_2,SEQUENCE_RIDGE_FULL,T194_ae00f8f59f29306edff6,PMC9633814_CORE_FACILITY_2,P06396,PMC9633814_CORE_FACILITY_2,0.9707446808510638,0.5679158807904849
T194_OUTER_05,PMC9633814_CORE_FACILITY_2,SEQUENCE_RIDGE_FULL,T194_b0d3ea3f1f4e6305e79a,PMC9633814_CORE_FACILITY_2,P27348,PMC9633814_CORE_FACILITY_2,0.6223404255319149,0.36254318270451613
T194_OUTER_05,PMC9633814_CORE_FACILITY_2,SEQUENCE_RIDGE_FULL,T194_b21d7056314be381dad3,PMC9633814_CORE_FACILITY_2,P10809,PMC9633814_CORE_FACILITY_2,0.8444148936170213,0.44011339209172096
T194_OUTER_05,PMC9633814_CORE_FACILITY_2,SEQUENCE_RIDGE_FULL,T194_b3ef23fb253712e3e14a,PMC9633814_CORE_FACILITY_2,P13796,PMC9633814_CORE_FACILITY_2,0.48271276595744683,0.4831624385398789
T194_OUTER_05,PMC9633814_CORE_FACILITY_2,SEQUENCE_RIDGE_FULL,T194_b71704211b8aa2ce5c27,PMC9633814_CORE_FACILITY_2,P63000,PMC9633814_CORE_FACILITY_2,0.39893617021276595,0.3879658922788306
T194_OUTER_05,PMC9633814_CORE_FACILITY_2,SEQUENCE_RIDGE_FULL,T194_bed2a541aa229b9420f9,PMC9633814_CORE_FACILITY_2,P06576,PMC9633814_CORE_FACILITY_2,0.8550531914893617,0.5811932202175252
T194_OUTER_05,PMC9633814_CORE_FACILITY_2,SEQUENCE_RIDGE_FULL,T194_c05b7931f41098c64b35,PMC9633814_CORE_FACILITY_2,P24844,PMC9633814_CORE_FACILITY_2,0.5837765957446809,0.5225677856825148
T194_OUTER_05,PMC9633814_CORE_FACILITY_2,SEQUENCE_RIDGE_FULL,T194_ca7d773db56a1c7c50ba,PMC9633814_CORE_FACILITY_2,P00387,PMC9633814_CORE_FACILITY_2,0.800531914893617,0.4647309677668009
T194_OUTER_05,PMC9633814_CORE_FACILITY_2,SEQUENCE_RIDGE_FULL,T194_cb9e593cf119452006dc,PMC9633814_CORE_FACILITY_2,P28070,PMC9633814_CORE_FACILITY_2,0.05851063829787234,0.5245391033892244
T194_OUTER_05,PMC9633814_CORE_FACILITY_2,SEQUENCE_RIDGE_FULL,T194_ccad7d607fb745d4eb6e,PMC9633814_CORE_FACILITY_2,P11166,PMC9633814_CORE_FACILITY_2,0.9029255319148937,0.6003970382157002
T194_OUTER_05,PMC9633814_CORE_FACILITY_2,SEQUENCE_RIDGE_FULL,T194_d08e55dc4fc79f003604,PMC9633814_CORE_FACILITY_2,O00264,PMC9633814_CORE_FACILITY_2,0.5531914893617021,0.4882845728718062
T194_OUTER_05,PMC9633814_CORE_FACILITY_2,SEQUENCE_RIDGE_FULL,T194_d33d3f136d79d634fd2f,PMC9633814_CORE_FACILITY_2,O00187,PMC9633814_CORE_FACILITY_2,0.8829787234042553,0.7097696167457724
T194_OUTER_05,PMC9633814_CORE_FACILITY_2,SEQUENCE_RIDGE_FULL,T194_d416aca8b156a4998d78,PMC9633814_CORE_FACILITY_2,Q9HDC9,PMC9633814_CORE_FACILITY_2,0.8696808510638298,0.5468359310068792
T194_OUTER_05,PMC9633814_CORE_FACILITY_2,SEQUENCE_RIDGE_FULL,T194_d8566334527afaded435,PMC9633814_CORE_FACILITY_2,P07996,PMC9633814_CORE_FACILITY_2,0.9547872340425532,0.8335878125372267
T194_OUTER_05,PMC9633814_CORE_FACILITY_2,SEQUENCE_RIDGE_FULL,T194_df3e5b5e5c79255b5bee,PMC9633814_CORE_FACILITY_2,Q15084,PMC9633814_CORE_FACILITY_2,0.26063829787234044,0.41643165415886885
T194_OUTER_05,PMC9633814_CORE_FACILITY_2,SEQUENCE_RIDGE_FULL,T194_e2b7961c5361d21d5e50,PMC9633814_CORE_FACILITY_2,Q8TC12,PMC9633814_CORE_FACILITY_2,0.6662234042553191,0.3990528916170493
T194_OUTER_05,PMC9633814_CORE_FACILITY_2,SEQUENCE_RIDGE_FULL,T194_e4079ff33c50a52cf96d,PMC9633814_CORE_FACILITY_2,P61106,PMC9633814_CORE_FACILITY_2,0.651595744680851,0.5080883485841328
T194_OUTER_05,PMC9633814_CORE_FACILITY_2,SEQUENCE_RIDGE_FULL,T194_e4847bce5824b35fc22a,PMC9633814_CORE_FACILITY_2,P04004,PMC9633814_CORE_FACILITY_2,0.961436170212766,0.5831700569462952
T194_OUTER_05,PMC9633814_CORE_FACILITY_2,SEQUENCE_RIDGE_FULL,T194_e70626eb5102e4c69008,PMC9633814_CORE_FACILITY_2,P61006,PMC9633814_CORE_FACILITY_2,0.28191489361702127,0.3312570000665793
T194_OUTER_05,PMC9633814_CORE_FACILITY_2,SEQUENCE_RIDGE_FULL,T194_e73a5ee40f566317dff9,PMC9633814_CORE_FACILITY_2,Q15404,PMC9633814_CORE_FACILITY_2,0.8111702127659575,0.38268801389415036
T194_OUTER_05,PMC9633814_CORE_FACILITY_2,SEQUENCE_RIDGE_FULL,T194_efada832dd22711c9e9a,PMC9633814_CORE_FACILITY_2,P50995,PMC9633814_CORE_FACILITY_2,0.05319148936170213,0.6260139668211413
T194_OUTER_05,PMC9633814_CORE_FACILITY_2,SEQUENCE_RIDGE_FULL,T194_fd22ca66a2cb5ed60c1d,PMC9633814_CORE_FACILITY_2,Q14247,PMC9633814_CORE_FACILITY_2,0.6143617021276596,0.5224777021360902
T194_OUTER_05,PMC9633814_CORE_FACILITY_2,SEQUENCE_RIDGE_COMPOSITION_ONLY,T194_048c9ae644ddb0a227cf,PMC9633814_CORE_FACILITY_2,P28066,PMC9633814_CORE_FACILITY_2,0.1449468085106383,0.5734654350392475
T194_OUTER_05,PMC9633814_CORE_FACILITY_2,SEQUENCE_RIDGE_COMPOSITION_ONLY,T194_06f4ce746d7833b0baca,PMC9633814_CORE_FACILITY_2,Q9H4B7,PMC9633814_CORE_FACILITY_2,0.9587765957446809,0.6608461845265908
T194_OUTER_05,PMC9633814_CORE_FACILITY_2,SEQUENCE_RIDGE_COMPOSITION_ONLY,T194_0a4b6b2f00c31147a99d,PMC9633814_CORE_FACILITY_2,Q70J99,PMC9633814_CORE_FACILITY_2,0.6914893617021277,0.5342073995556652
T194_OUTER_05,PMC9633814_CORE_FACILITY_2,SEQUENCE_RIDGE_COMPOSITION_ONLY,T194_0a908172f286a8229fd4,PMC9633814_CORE_FACILITY_2,P30048,PMC9633814_CORE_FACILITY_2,0.5771276595744681,0.489156454839
T194_OUTER_05,PMC9633814_CORE_FACILITY_2,SEQUENCE_RIDGE_COMPOSITION_ONLY,T194_0b40b8d7cbd0dcc1d9d1,PMC9633814_CORE_FACILITY_2,O00299,PMC9633814_CORE_FACILITY_2,0.761968085106383,0.5830718860348032
T194_OUTER_05,PMC9633814_CORE_FACILITY_2,SEQUENCE_RIDGE_COMPOSITION_ONLY,T194_0ca5f345c1123870654e,PMC9633814_CORE_FACILITY_2,O15145,PMC9633814_CORE_FACILITY_2,0.5585106382978723,0.3383251871917497
T194_OUTER_05,PMC9633814_CORE_FACILITY_2,SEQUENCE_RIDGE_COMPOSITION_ONLY,T194_0e495fc1be91cfed5480,PMC9633814_CORE_FACILITY_2,Q7L576,PMC9633814_CORE_FACILITY_2,0.7101063829787234,0.4959170349355431
T194_OUTER_05,PMC9633814_CORE_FACILITY_2,SEQUENCE_RIDGE_COMPOSITION_ONLY,T194_0f763ce61fa0f7be13fa,PMC9633814_CORE_FACILITY_2,Q9Y2A7,PMC9633814_CORE_FACILITY_2,0.4148936170212766,0.40596676366093154
T194_OUTER_05,PMC9633814_CORE_FACILITY_2,SEQUENCE_RIDGE_COMPOSITION_ONLY,T194_1860dc1b7af2b1da9b38,PMC9633814_CORE_FACILITY_2,Q15365,PMC9633814_CORE_FACILITY_2,0.5784574468085106,0.5884885570363684
T194_OUTER_05,PMC9633814_CORE_FACILITY_2,SEQUENCE_RIDGE_COMPOSITION_ONLY,T194_1c9099b223927203ee66,PMC9633814_CORE_FACILITY_2,Q27J81,PMC9633814_CORE_FACILITY_2,0.6276595744680851,0.5005788793032876
T194_OUTER_05,PMC9633814_CORE_FACILITY_2,SEQUENCE_RIDGE_COMPOSITION_ONLY,T194_1f58abc789cc50e9c485,PMC9633814_CORE_FACILITY_2,P55072,PMC9633814_CORE_FACILITY_2,0.8936170212765957,0.5668092275861002
T194_OUTER_05,PMC9633814_CORE_FACILITY_2,SEQUENCE_RIDGE_COMPOSITION_ONLY,T194_213c174caa386aae1c60,PMC9633814_CORE_FACILITY_2,Q16762,PMC9633814_CORE_FACILITY_2,0.5797872340425532,0.5363312744577852
T194_OUTER_05,PMC9633814_CORE_FACILITY_2,SEQUENCE_RIDGE_COMPOSITION_ONLY,T194_21c87c2f798fe3ccb210,PMC9633814_CORE_FACILITY_2,P68366,PMC9633814_CORE_FACILITY_2,0.973404255319149,0.6738780849408736
T194_OUTER_05,PMC9633814_CORE_FACILITY_2,SEQUENCE_RIDGE_COMPOSITION_ONLY,T194_22c8daffd0a142a950dd,PMC9633814_CORE_FACILITY_2,P62805,PMC9633814_CORE_FACILITY_2,0.726063829787234,0.374888673574704
T194_OUTER_05,PMC9633814_CORE_FACILITY_2,SEQUENCE_RIDGE_COMPOSITION_ONLY,T194_23b8d84ce76dc8736c19,PMC9633814_CORE_FACILITY_2,P05023,PMC9633814_CORE_FACILITY_2,0.7074468085106383,0.5460958413929903
T194_OUTER_05,PMC9633814_CORE_FACILITY_2,SEQUENCE_RIDGE_COMPOSITION_ONLY,T194_249b48d40ee89f3cec06,PMC9633814_CORE_FACILITY_2,Q86VP6,PMC9633814_CORE_FACILITY_2,0.1077127659574468,0.4392668100400183
T194_OUTER_05,PMC9633814_CORE_FACILITY_2,SEQUENCE_RIDGE_COMPOSITION_ONLY,T194_26c77e6bd8e7b980e124,PMC9633814_CORE_FACILITY_2,P14868,PMC9633814_CORE_FACILITY_2,0.022606382978723406,0.554519836557902
T194_OUTER_05,PMC9633814_CORE_FACILITY_2,SEQUENCE_RIDGE_COMPOSITION_ONLY,T194_27ef67a473c55a74514c,PMC9633814_CORE_FACILITY_2,P19367,PMC9633814_CORE_FACILITY_2,0.0598404255319149,0.5588758618317966
T194_OUTER_05,PMC9633814_CORE_FACILITY_2,SEQUENCE_RIDGE_COMPOSITION_ONLY,T194_30971bbbf224ae2450e0,PMC9633814_CORE_FACILITY_2,Q9BSJ8,PMC9633814_CORE_FACILITY_2,0.6409574468085106,0.4978569386972243
T194_OUTER_05,PMC9633814_CORE_FACILITY_2,SEQUENCE_RIDGE_COMPOSITION_ONLY,T194_32512a91f29fbd8d6634,PMC9633814_CORE_FACILITY_2,P37802,PMC9633814_CORE_FACILITY_2,0.6037234042553191,0.5074752509859393
T194_OUTER_05,PMC9633814_CORE_FACILITY_2,SEQUENCE_RIDGE_COMPOSITION_ONLY,T194_36bfb32ce98daf76f826,PMC9633814_CORE_FACILITY_2,P50991,PMC9633814_CORE_FACILITY_2,0.5664893617021277,0.423896942611821
T194_OUTER_05,PMC9633814_CORE_FACILITY_2,SEQUENCE_RIDGE_COMPOSITION_ONLY,T194_36ccf8c52a880975fdd8,PMC9633814_CORE_FACILITY_2,Q9NRW1,PMC9633814_CORE_FACILITY_2,0.4175531914893617,0.5060313920125559
T194_OUTER_05,PMC9633814_CORE_FACILITY_2,SEQUENCE_RIDGE_COMPOSITION_ONLY,T194_422c06354fce5d428f60,PMC9633814_CORE_FACILITY_2,P52907,PMC9633814_CORE_FACILITY_2,0.7433510638297872,0.4881576699816498
T194_OUTER_05,PMC9633814_CORE_FACILITY_2,SEQUENCE_RIDGE_COMPOSITION_ONLY,T194_49b99307b54e282805b4,PMC9633814_CORE_FACILITY_2,P38646,PMC9633814_CORE_FACILITY_2,0.6183510638297872,0.46571252952565373
T194_OUTER_05,PMC9633814_CORE_FACILITY_2,SEQUENCE_RIDGE_COMPOSITION_ONLY,T194_4cd04b91bed07e68ea88,PMC9633814_CORE_FACILITY_2,P00403,PMC9633814_CORE_FACILITY_2,0.26595744680851063,0.563196291102023
T194_OUTER_05,PMC9633814_CORE_FACILITY_2,SEQUENCE_RIDGE_COMPOSITION_ONLY,T194_4eb551d0cfd7f2dd99c7,PMC9633814_CORE_FACILITY_2,Q99832,PMC9633814_CORE_FACILITY_2,0.44680851063829785,0.40483283268649944
T194_OUTER_05,PMC9633814_CORE_FACILITY_2,SEQUENCE_RIDGE_COMPOSITION_ONLY,T194_4fc47a2ada4f51afaccb,PMC9633814_CORE_FACILITY_2,P04844,PMC9633814_CORE_FACILITY_2,0.5199468085106383,0.5060952095648417
T194_OUTER_05,PMC9633814_CORE_FACILITY_2,SEQUENCE_RIDGE_COMPOSITION_ONLY,T194_5022ceb40078ad12bf4b,PMC9633814_CORE_FACILITY_2,Q9Y3F4,PMC9633814_CORE_FACILITY_2,0.007978723404255319,0.4316735240619387
T194_OUTER_05,PMC9633814_CORE_FACILITY_2,SEQUENCE_RIDGE_COMPOSITION_ONLY,T194_511075fc0e18d405daf5,PMC9633814_CORE_FACILITY_2,P49411,PMC9633814_CORE_FACILITY_2,0.5638297872340425,0.5292616381047949
T194_OUTER_05,PMC9633814_CORE_FACILITY_2,SEQUENCE_RIDGE_COMPOSITION_ONLY,T194_56af00e6143bb362914c,PMC9633814_CORE_FACILITY_2,P05556,PMC9633814_CORE_FACILITY_2,0.8404255319148937,0.7396109435245648
T194_OUTER_05,PMC9633814_CORE_FACILITY_2,SEQUENCE_RIDGE_COMPOSITION_ONLY,T194_57849ebab331520489e9,PMC9633814_CORE_FACILITY_2,O75083,PMC9633814_CORE_FACILITY_2,0.7938829787234043,0.5047991638609105
T194_OUTER_05,PMC9633814_CORE_FACILITY_2,SEQUENCE_RIDGE_COMPOSITION_ONLY,T194_5fe64b3c679e0ed03ab9,PMC9633814_CORE_FACILITY_2,P53396,PMC9633814_CORE_FACILITY_2,0.5146276595744681,0.48159587884020855
T194_OUTER_05,PMC9633814_CORE_FACILITY_2,SEQUENCE_RIDGE_COMPOSITION_ONLY,T194_67d2bf78f030511e13af,PMC9633814_CORE_FACILITY_2,P50990,PMC9633814_CORE_FACILITY_2,0.550531914893617,0.4700783537325601
T194_OUTER_05,PMC9633814_CORE_FACILITY_2,SEQUENCE_RIDGE_COMPOSITION_ONLY,T194_68a4836e979be830e04e,PMC9633814_CORE_FACILITY_2,P27797,PMC9633814_CORE_FACILITY_2,0.5625,0.5031530099133582
T194_OUTER_05,PMC9633814_CORE_FACILITY_2,SEQUENCE_RIDGE_COMPOSITION_ONLY,T194_69210108b478eb277cb5,PMC9633814_CORE_FACILITY_2,P11021,PMC9633814_CORE_FACILITY_2,0.7952127659574468,0.5227633025589743
T194_OUTER_05,PMC9633814_CORE_FACILITY_2,SEQUENCE_RIDGE_COMPOSITION_ONLY,T194_6a20d97c3d125975c439,PMC9633814_CORE_FACILITY_2,Q16543,PMC9633814_CORE_FACILITY_2,0.06382978723404255,0.3915790007415059
T194_OUTER_05,PMC9633814_CORE_FACILITY_2,SEQUENCE_RIDGE_COMPOSITION_ONLY,T194_6a728b6311f0ade8b59c,PMC9633814_CORE_FACILITY_2,Q15942,PMC9633814_CORE_FACILITY_2,0.785904255319149,0.6854329740188255
T194_OUTER_05,PMC9633814_CORE_FACILITY_2,SEQUENCE_RIDGE_COMPOSITION_ONLY,T194_6b6f36e15e1dc8513159,PMC9633814_CORE_FACILITY_2,Q9NY65,PMC9633814_CORE_FACILITY_2,0.7978723404255319,0.6648821106933113
T194_OUTER_05,PMC9633814_CORE_FACILITY_2,SEQUENCE_RIDGE_COMPOSITION_ONLY,T194_6c513164f4f7ee3dd1c9,PMC9633814_CORE_FACILITY_2,P78417,PMC9633814_CORE_FACILITY_2,0.41356382978723405,0.34658498018931444
T194_OUTER_05,PMC9633814_CORE_FACILITY_2,SEQUENCE_RIDGE_COMPOSITION_ONLY,T194_6ca817dd11b96d0dadba,PMC9633814_CORE_FACILITY_2,Q7Z406,PMC9633814_CORE_FACILITY_2,0.15824468085106383,0.5373679925499796
T194_OUTER_05,PMC9633814_CORE_FACILITY_2,SEQUENCE_RIDGE_COMPOSITION_ONLY,T194_6df16893f4c2485379b3,PMC9633814_CORE_FACILITY_2,P16615,PMC9633814_CORE_FACILITY_2,0.8018617021276596,0.5386400938881505
T194_OUTER_05,PMC9633814_CORE_FACILITY_2,SEQUENCE_RIDGE_COMPOSITION_ONLY,T194_7853fcdd1f65e5d4863f,PMC9633814_CORE_FACILITY_2,Q9NQC3,PMC9633814_CORE_FACILITY_2,0.6422872340425532,0.48579757904080817
T194_OUTER_05,PMC9633814_CORE_FACILITY_2,SEQUENCE_RIDGE_COMPOSITION_ONLY,T194_81edd0e8467f74990824,PMC9633814_CORE_FACILITY_2,P30044,PMC9633814_CORE_FACILITY_2,0.5159574468085106,0.5095331515549287
T194_OUTER_05,PMC9633814_CORE_FACILITY_2,SEQUENCE_RIDGE_COMPOSITION_ONLY,T194_83eea877cdf5b7747ac8,PMC9633814_CORE_FACILITY_2,P60174,PMC9633814_CORE_FACILITY_2,0.37367021276595747,0.46924825592329267
T194_OUTER_05,PMC9633814_CORE_FACILITY_2,SEQUENCE_RIDGE_COMPOSITION_ONLY,T194_878c88902bcbb2b36d77,PMC9633814_CORE_FACILITY_2,P26038,PMC9633814_CORE_FACILITY_2,0.8896276595744681,0.2864811391871762
T194_OUTER_05,PMC9633814_CORE_FACILITY_2,SEQUENCE_RIDGE_COMPOSITION_ONLY,T194_8bac68d1331700ea1084,PMC9633814_CORE_FACILITY_2,P10644,PMC9633814_CORE_FACILITY_2,0.36436170212765956,0.5539419793104522
T194_OUTER_05,PMC9633814_CORE_FACILITY_2,SEQUENCE_RIDGE_COMPOSITION_ONLY,T194_8dc16633e228011786f9,PMC9633814_CORE_FACILITY_2,P26641,PMC9633814_CORE_FACILITY_2,0.41888297872340424,0.41546250693279263
T194_OUTER_05,PMC9633814_CORE_FACILITY_2,SEQUENCE_RIDGE_COMPOSITION_ONLY,T194_9086dc411c90800dfe0c,PMC9633814_CORE_FACILITY_2,P61026,PMC9633814_CORE_FACILITY_2,0.7925531914893617,0.37192953155712327
T194_OUTER_05,PMC9633814_CORE_FACILITY_2,SEQUENCE_RIDGE_COMPOSITION_ONLY,T194_9436ce96e3816d527aa0,PMC9633814_CORE_FACILITY_2,P11413,PMC9633814_CORE_FACILITY_2,0.5212765957446809,0.5380857474727773
T194_OUTER_05,PMC9633814_CORE_FACILITY_2,SEQUENCE_RIDGE_COMPOSITION_ONLY,T194_9cf452856075c76e8811,PMC9633814_CORE_FACILITY_2,P30041,PMC9633814_CORE_FACILITY_2,0.7273936170212766,0.4361038411382521
T194_OUTER_05,PMC9633814_CORE_FACILITY_2,SEQUENCE_RIDGE_COMPOSITION_ONLY,T194_a1a86f578cdfb95d8b15,PMC9633814_CORE_FACILITY_2,Q99733,PMC9633814_CORE_FACILITY_2,0.041223404255319146,0.590640211431962
T194_OUTER_05,PMC9633814_CORE_FACILITY_2,SEQUENCE_RIDGE_COMPOSITION_ONLY,T194_a1c11e47fd2bfa7b19ed,PMC9633814_CORE_FACILITY_2,Q16643,PMC9633814_CORE_FACILITY_2,0.6263297872340425,0.712571911400256
T194_OUTER_05,PMC9633814_CORE_FACILITY_2,SEQUENCE_RIDGE_COMPOSITION_ONLY,T194_a4e4d1bd3f881723e9b8,PMC9633814_CORE_FACILITY_2,O00151,PMC9633814_CORE_FACILITY_2,0.8457446808510638,0.5830667486587044
T194_OUTER_05,PMC9633814_CORE_FACILITY_2,SEQUENCE_RIDGE_COMPOSITION_ONLY,T194_a815561d8e12c7979b81,PMC9633814_CORE_FACILITY_2,P61981,PMC9633814_CORE_FACILITY_2,0.5691489361702128,0.43732327660511094
T194_OUTER_05,PMC9633814_CORE_FACILITY_2,SEQUENCE_RIDGE_COMPOSITION_ONLY,T194_ab68d8138f8bfd23a49f,PMC9633814_CORE_FACILITY_2,P30101,PMC9633814_CORE_FACILITY_2,0.7672872340425532,0.4014223870213228
T194_OUTER_05,PMC9633814_CORE_FACILITY_2,SEQUENCE_RIDGE_COMPOSITION_ONLY,T194_ae00f8f59f29306edff6,PMC9633814_CORE_FACILITY_2,P06396,PMC9633814_CORE_FACILITY_2,0.9707446808510638,0.49651496252567806
T194_OUTER_05,PMC9633814_CORE_FACILITY_2,SEQUENCE_RIDGE_COMPOSITION_ONLY,T194_b0d3ea3f1f4e6305e79a,PMC9633814_CORE_FACILITY_2,P27348,PMC9633814_CORE_FACILITY_2,0.6223404255319149,0.4119691710694447
T194_OUTER_05,PMC9633814_CORE_FACILITY_2,SEQUENCE_RIDGE_COMPOSITION_ONLY,T194_b21d7056314be381dad3,PMC9633814_CORE_FACILITY_2,P10809,PMC9633814_CORE_FACILITY_2,0.8444148936170213,0.4270930775949294
T194_OUTER_05,PMC9633814_CORE_FACILITY_2,SEQUENCE_RIDGE_COMPOSITION_ONLY,T194_b3ef23fb253712e3e14a,PMC9633814_CORE_FACILITY_2,P13796,PMC9633814_CORE_FACILITY_2,0.48271276595744683,0.47198268933943777
T194_OUTER_05,PMC9633814_CORE_FACILITY_2,SEQUENCE_RIDGE_COMPOSITION_ONLY,T194_b71704211b8aa2ce5c27,PMC9633814_CORE_FACILITY_2,P63000,PMC9633814_CORE_FACILITY_2,0.39893617021276595,0.4479428001943661
T194_OUTER_05,PMC9633814_CORE_FACILITY_2,SEQUENCE_RIDGE_COMPOSITION_ONLY,T194_bed2a541aa229b9420f9,PMC9633814_CORE_FACILITY_2,P06576,PMC9633814_CORE_FACILITY_2,0.8550531914893617,0.5827076960782617
T194_OUTER_05,PMC9633814_CORE_FACILITY_2,SEQUENCE_RIDGE_COMPOSITION_ONLY,T194_c05b7931f41098c64b35,PMC9633814_CORE_FACILITY_2,P24844,PMC9633814_CORE_FACILITY_2,0.5837765957446809,0.47615490796670656
T194_OUTER_05,PMC9633814_CORE_FACILITY_2,SEQUENCE_RIDGE_COMPOSITION_ONLY,T194_ca7d773db56a1c7c50ba,PMC9633814_CORE_FACILITY_2,P00387,PMC9633814_CORE_FACILITY_2,0.800531914893617,0.4914654855401543
T194_OUTER_05,PMC9633814_CORE_FACILITY_2,SEQUENCE_RIDGE_COMPOSITION_ONLY,T194_cb9e593cf119452006dc,PMC9633814_CORE_FACILITY_2,P28070,PMC9633814_CORE_FACILITY_2,0.05851063829787234,0.557447701792053
T194_OUTER_05,PMC9633814_CORE_FACILITY_2,SEQUENCE_RIDGE_COMPOSITION_ONLY,T194_ccad7d607fb745d4eb6e,PMC9633814_CORE_FACILITY_2,P11166,PMC9633814_CORE_FACILITY_2,0.9029255319148937,0.5892145108354493
T194_OUTER_05,PMC9633814_CORE_FACILITY_2,SEQUENCE_RIDGE_COMPOSITION_ONLY,T194_d08e55dc4fc79f003604,PMC9633814_CORE_FACILITY_2,O00264,PMC9633814_CORE_FACILITY_2,0.5531914893617021,0.5722136245469072
T194_OUTER_05,PMC9633814_CORE_FACILITY_2,SEQUENCE_RIDGE_COMPOSITION_ONLY,T194_d33d3f136d79d634fd2f,PMC9633814_CORE_FACILITY_2,O00187,PMC9633814_CORE_FACILITY_2,0.8829787234042553,0.6531383221718343
T194_OUTER_05,PMC9633814_CORE_FACILITY_2,SEQUENCE_RIDGE_COMPOSITION_ONLY,T194_d416aca8b156a4998d78,PMC9633814_CORE_FACILITY_2,Q9HDC9,PMC9633814_CORE_FACILITY_2,0.8696808510638298,0.6042312351941649
T194_OUTER_05,PMC9633814_CORE_FACILITY_2,SEQUENCE_RIDGE_COMPOSITION_ONLY,T194_d8566334527afaded435,PMC9633814_CORE_FACILITY_2,P07996,PMC9633814_CORE_FACILITY_2,0.9547872340425532,0.7619079073270881
T194_OUTER_05,PMC9633814_CORE_FACILITY_2,SEQUENCE_RIDGE_COMPOSITION_ONLY,T194_df3e5b5e5c79255b5bee,PMC9633814_CORE_FACILITY_2,Q15084,PMC9633814_CORE_FACILITY_2,0.26063829787234044,0.4713167316794267
T194_OUTER_05,PMC9633814_CORE_FACILITY_2,SEQUENCE_RIDGE_COMPOSITION_ONLY,T194_e2b7961c5361d21d5e50,PMC9633814_CORE_FACILITY_2,Q8TC12,PMC9633814_CORE_FACILITY_2,0.6662234042553191,0.4309199486585549
T194_OUTER_05,PMC9633814_CORE_FACILITY_2,SEQUENCE_RIDGE_COMPOSITION_ONLY,T194_e4079ff33c50a52cf96d,PMC9633814_CORE_FACILITY_2,P61106,PMC9633814_CORE_FACILITY_2,0.651595744680851,0.5398926012066346
T194_OUTER_05,PMC9633814_CORE_FACILITY_2,SEQUENCE_RIDGE_COMPOSITION_ONLY,T194_e4847bce5824b35fc22a,PMC9633814_CORE_FACILITY_2,P04004,PMC9633814_CORE_FACILITY_2,0.961436170212766,0.6058050598453857
T194_OUTER_05,PMC9633814_CORE_FACILITY_2,SEQUENCE_RIDGE_COMPOSITION_ONLY,T194_e70626eb5102e4c69008,PMC9633814_CORE_FACILITY_2,P61006,PMC9633814_CORE_FACILITY_2,0.28191489361702127,0.3409573673496185
T194_OUTER_05,PMC9633814_CORE_FACILITY_2,SEQUENCE_RIDGE_COMPOSITION_ONLY,T194_e73a5ee40f566317dff9,PMC9633814_CORE_FACILITY_2,Q15404,PMC9633814_CORE_FACILITY_2,0.8111702127659575,0.4313201532377202
T194_OUTER_05,PMC9633814_CORE_FACILITY_2,SEQUENCE_RIDGE_COMPOSITION_ONLY,T194_efada832dd22711c9e9a,PMC9633814_CORE_FACILITY_2,P50995,PMC9633814_CORE_FACILITY_2,0.05319148936170213,0.5915673781197752
T194_OUTER_05,PMC9633814_CORE_FACILITY_2,SEQUENCE_RIDGE_COMPOSITION_ONLY,T194_fd22ca66a2cb5ed60c1d,PMC9633814_CORE_FACILITY_2,Q14247,PMC9633814_CORE_FACILITY_2,0.6143617021276596,0.47190435808005876
T194_OUTER_06,PMC9633814_CORE_FACILITY_3,CONSTANT_TRAINING_MEAN,T194_009cd68b29a30e710961,PMC9633814_CORE_FACILITY_3,P30044,PMC9633814_CORE_FACILITY_3,0.16194331983805668,0.5343756830361451
T194_OUTER_06,PMC9633814_CORE_FACILITY_3,CONSTANT_TRAINING_MEAN,T194_0189a2a84d329e4707a2,PMC9633814_CORE_FACILITY_3,P38646,PMC9633814_CORE_FACILITY_3,0.17813765182186234,0.5343756830361451
T194_OUTER_06,PMC9633814_CORE_FACILITY_3,CONSTANT_TRAINING_MEAN,T194_0be1e063c42cc3b27627,PMC9633814_CORE_FACILITY_3,O75083,PMC9633814_CORE_FACILITY_3,0.45951417004048584,0.5343756830361451
T194_OUTER_06,PMC9633814_CORE_FACILITY_3,CONSTANT_TRAINING_MEAN,T194_1470954bbf8667b17b61,PMC9633814_CORE_FACILITY_3,P16615,PMC9633814_CORE_FACILITY_3,0.611336032388664,0.5343756830361451
T194_OUTER_06,PMC9633814_CORE_FACILITY_3,CONSTANT_TRAINING_MEAN,T194_1559107f32320787c619,PMC9633814_CORE_FACILITY_3,P62805,PMC9633814_CORE_FACILITY_3,0.04251012145748988,0.5343756830361451
T194_OUTER_06,PMC9633814_CORE_FACILITY_3,CONSTANT_TRAINING_MEAN,T194_166ef7707b116ef76d50,PMC9633814_CORE_FACILITY_3,Q7Z406,PMC9633814_CORE_FACILITY_3,0.4574898785425101,0.5343756830361451
T194_OUTER_06,PMC9633814_CORE_FACILITY_3,CONSTANT_TRAINING_MEAN,T194_1e15605de2d01fd26bea,PMC9633814_CORE_FACILITY_3,P61981,PMC9633814_CORE_FACILITY_3,0.18218623481781376,0.5343756830361451
T194_OUTER_06,PMC9633814_CORE_FACILITY_3,CONSTANT_TRAINING_MEAN,T194_235d98f41573954e40af,PMC9633814_CORE_FACILITY_3,P11021,PMC9633814_CORE_FACILITY_3,0.4008097165991903,0.5343756830361451
T194_OUTER_06,PMC9633814_CORE_FACILITY_3,CONSTANT_TRAINING_MEAN,T194_238f350e7e8d8b90cff7,PMC9633814_CORE_FACILITY_3,P27797,PMC9633814_CORE_FACILITY_3,0.5384615384615384,0.5343756830361451
T194_OUTER_06,PMC9633814_CORE_FACILITY_3,CONSTANT_TRAINING_MEAN,T194_23b55dcae79c7fe082a7,PMC9633814_CORE_FACILITY_3,P00403,PMC9633814_CORE_FACILITY_3,0.10931174089068826,0.5343756830361451
T194_OUTER_06,PMC9633814_CORE_FACILITY_3,CONSTANT_TRAINING_MEAN,T194_23bbbd1c0fd6bc527e23,PMC9633814_CORE_FACILITY_3,Q9HDC9,PMC9633814_CORE_FACILITY_3,0.6821862348178138,0.5343756830361451
T194_OUTER_06,PMC9633814_CORE_FACILITY_3,CONSTANT_TRAINING_MEAN,T194_268b90eb0c099ac56de9,PMC9633814_CORE_FACILITY_3,Q15404,PMC9633814_CORE_FACILITY_3,0.19433198380566802,0.5343756830361451
T194_OUTER_06,PMC9633814_CORE_FACILITY_3,CONSTANT_TRAINING_MEAN,T194_2691705bc086540053d9,PMC9633814_CORE_FACILITY_3,Q16643,PMC9633814_CORE_FACILITY_3,0.4331983805668016,0.5343756830361451
T194_OUTER_06,PMC9633814_CORE_FACILITY_3,CONSTANT_TRAINING_MEAN,T194_3daa2de915cb8f551aee,PMC9633814_CORE_FACILITY_3,P30101,PMC9633814_CORE_FACILITY_3,0.3522267206477733,0.5343756830361451
T194_OUTER_06,PMC9633814_CORE_FACILITY_3,CONSTANT_TRAINING_MEAN,T194_3f0da41facbd9b8f433e,PMC9633814_CORE_FACILITY_3,Q9BSJ8,PMC9633814_CORE_FACILITY_3,0.21052631578947367,0.5343756830361451
T194_OUTER_06,PMC9633814_CORE_FACILITY_3,CONSTANT_TRAINING_MEAN,T194_3f562cef3efb4a049d64,PMC9633814_CORE_FACILITY_3,Q70J99,PMC9633814_CORE_FACILITY_3,0.0951417004048583,0.5343756830361451
T194_OUTER_06,PMC9633814_CORE_FACILITY_3,CONSTANT_TRAINING_MEAN,T194_3fdc3c818afa6f05db64,PMC9633814_CORE_FACILITY_3,P04264,PMC9633814_CORE_FACILITY_3,0.9817813765182186,0.5343756830361451
T194_OUTER_06,PMC9633814_CORE_FACILITY_3,CONSTANT_TRAINING_MEAN,T194_43535306f0135b83b899,PMC9633814_CORE_FACILITY_3,P49411,PMC9633814_CORE_FACILITY_3,0.4493927125506073,0.5343756830361451
T194_OUTER_06,PMC9633814_CORE_FACILITY_3,CONSTANT_TRAINING_MEAN,T194_43686e8e548e583cb51c,PMC9633814_CORE_FACILITY_3,Q7L576,PMC9633814_CORE_FACILITY_3,0.1659919028340081,0.5343756830361451
T194_OUTER_06,PMC9633814_CORE_FACILITY_3,CONSTANT_TRAINING_MEAN,T194_44d3638b6e8d706ec3c2,PMC9633814_CORE_FACILITY_3,P04844,PMC9633814_CORE_FACILITY_3,0.22267206477732793,0.5343756830361451
T194_OUTER_06,PMC9633814_CORE_FACILITY_3,CONSTANT_TRAINING_MEAN,T194_4815468862f27c23c0f7,PMC9633814_CORE_FACILITY_3,Q16762,PMC9633814_CORE_FACILITY_3,0.4473684210526316,0.5343756830361451
T194_OUTER_06,PMC9633814_CORE_FACILITY_3,CONSTANT_TRAINING_MEAN,T194_4ceb6bb1cb8bbb7ec70e,PMC9633814_CORE_FACILITY_3,O00187,PMC9633814_CORE_FACILITY_3,0.8461538461538461,0.5343756830361451
T194_OUTER_06,PMC9633814_CORE_FACILITY_3,CONSTANT_TRAINING_MEAN,T194_4ef4adfcf48bffd2ecc4,PMC9633814_CORE_FACILITY_3,Q9NY65,PMC9633814_CORE_FACILITY_3,0.6518218623481782,0.5343756830361451
T194_OUTER_06,PMC9633814_CORE_FACILITY_3,CONSTANT_TRAINING_MEAN,T194_5923195b315834a4c153,PMC9633814_CORE_FACILITY_3,Q9NS28,PMC9633814_CORE_FACILITY_3,0.07489878542510121,0.5343756830361451
T194_OUTER_06,PMC9633814_CORE_FACILITY_3,CONSTANT_TRAINING_MEAN,T194_62ac3c8595eba1ebaacd,PMC9633814_CORE_FACILITY_3,P61026,PMC9633814_CORE_FACILITY_3,0.402834008097166,0.5343756830361451
T194_OUTER_06,PMC9633814_CORE_FACILITY_3,CONSTANT_TRAINING_MEAN,T194_6b3da6e76d697d77fb11,PMC9633814_CORE_FACILITY_3,P30048,PMC9633814_CORE_FACILITY_3,0.10728744939271255,0.5343756830361451
T194_OUTER_06,PMC9633814_CORE_FACILITY_3,CONSTANT_TRAINING_MEAN,T194_7aaa32efaffaaefe6ab5,PMC9633814_CORE_FACILITY_3,P05023,PMC9633814_CORE_FACILITY_3,0.3076923076923077,0.5343756830361451
T194_OUTER_06,PMC9633814_CORE_FACILITY_3,CONSTANT_TRAINING_MEAN,T194_7e745a5da3d4c52fee7b,PMC9633814_CORE_FACILITY_3,O15145,PMC9633814_CORE_FACILITY_3,0.04048582995951417,0.5343756830361451
T194_OUTER_06,PMC9633814_CORE_FACILITY_3,CONSTANT_TRAINING_MEAN,T194_8c3e075193c00496dc93,PMC9633814_CORE_FACILITY_3,P52907,PMC9633814_CORE_FACILITY_3,0.4757085020242915,0.5343756830361451
T194_OUTER_06,PMC9633814_CORE_FACILITY_3,CONSTANT_TRAINING_MEAN,T194_8f6270636e9ea46e4454,PMC9633814_CORE_FACILITY_3,O00299,PMC9633814_CORE_FACILITY_3,0.5141700404858299,0.5343756830361451
T194_OUTER_06,PMC9633814_CORE_FACILITY_3,CONSTANT_TRAINING_MEAN,T194_928707c939e507b5d334,PMC9633814_CORE_FACILITY_3,P26038,PMC9633814_CORE_FACILITY_3,0.5708502024291497,0.5343756830361451
T194_OUTER_06,PMC9633814_CORE_FACILITY_3,CONSTANT_TRAINING_MEAN,T194_9a390e63ce758a325225,PMC9633814_CORE_FACILITY_3,P45880,PMC9633814_CORE_FACILITY_3,0.5121457489878543,0.5343756830361451
T194_OUTER_06,PMC9633814_CORE_FACILITY_3,CONSTANT_TRAINING_MEAN,T194_9af06cc0f2f056c5e0ea,PMC9633814_CORE_FACILITY_3,P04004,PMC9633814_CORE_FACILITY_3,0.9757085020242915,0.5343756830361451
T194_OUTER_06,PMC9633814_CORE_FACILITY_3,CONSTANT_TRAINING_MEAN,T194_a1c368ca7885680bcc9e,PMC9633814_CORE_FACILITY_3,P61106,PMC9633814_CORE_FACILITY_3,0.3582995951417004,0.5343756830361451
T194_OUTER_06,PMC9633814_CORE_FACILITY_3,CONSTANT_TRAINING_MEAN,T194_a41c0c09e13d2a17784a,PMC9633814_CORE_FACILITY_3,P26641,PMC9633814_CORE_FACILITY_3,0.41700404858299595,0.5343756830361451
T194_OUTER_06,PMC9633814_CORE_FACILITY_3,CONSTANT_TRAINING_MEAN,T194_a4d77877e040b6826382,PMC9633814_CORE_FACILITY_3,P21796,PMC9633814_CORE_FACILITY_3,0.5769230769230769,0.5343756830361451
T194_OUTER_06,PMC9633814_CORE_FACILITY_3,CONSTANT_TRAINING_MEAN,T194_a89c1b81fe626eccf45a,PMC9633814_CORE_FACILITY_3,Q04695,PMC9633814_CORE_FACILITY_3,0.451417004048583,0.5343756830361451
T194_OUTER_06,PMC9633814_CORE_FACILITY_3,CONSTANT_TRAINING_MEAN,T194_aa56565c7c8cb30e3925,PMC9633814_CORE_FACILITY_3,P30041,PMC9633814_CORE_FACILITY_3,0.5303643724696356,0.5343756830361451
T194_OUTER_06,PMC9633814_CORE_FACILITY_3,CONSTANT_TRAINING_MEAN,T194_af9c5cf3f407732715b6,PMC9633814_CORE_FACILITY_3,Q9H4B7,PMC9633814_CORE_FACILITY_3,0.9412955465587044,0.5343756830361451
T194_OUTER_06,PMC9633814_CORE_FACILITY_3,CONSTANT_TRAINING_MEAN,T194_b67fdf83e25cfa2e5265,PMC9633814_CORE_FACILITY_3,P68366,PMC9633814_CORE_FACILITY_3,0.937246963562753,0.5343756830361451
T194_OUTER_06,PMC9633814_CORE_FACILITY_3,CONSTANT_TRAINING_MEAN,T194_bbeb89f3e220e9a31ccf,PMC9633814_CORE_FACILITY_3,P05556,PMC9633814_CORE_FACILITY_3,0.7408906882591093,0.5343756830361451
T194_OUTER_06,PMC9633814_CORE_FACILITY_3,CONSTANT_TRAINING_MEAN,T194_c2ab5bbc8cbc33965cbf,PMC9633814_CORE_FACILITY_3,P10809,PMC9633814_CORE_FACILITY_3,0.645748987854251,0.5343756830361451
T194_OUTER_06,PMC9633814_CORE_FACILITY_3,CONSTANT_TRAINING_MEAN,T194_c45d36b892a70749197a,PMC9633814_CORE_FACILITY_3,P55072,PMC9633814_CORE_FACILITY_3,0.32793522267206476,0.5343756830361451
T194_OUTER_06,PMC9633814_CORE_FACILITY_3,CONSTANT_TRAINING_MEAN,T194_c5db94c7ce797b185f66,PMC9633814_CORE_FACILITY_3,P11166,PMC9633814_CORE_FACILITY_3,0.8603238866396761,0.5343756830361451
T194_OUTER_06,PMC9633814_CORE_FACILITY_3,CONSTANT_TRAINING_MEAN,T194_c7baffcaf9e921719ab3,PMC9633814_CORE_FACILITY_3,P78417,PMC9633814_CORE_FACILITY_3,0.09109311740890688,0.5343756830361451
T194_OUTER_06,PMC9633814_CORE_FACILITY_3,CONSTANT_TRAINING_MEAN,T194_d1c7cec3b85a9c132321,PMC9633814_CORE_FACILITY_3,P00387,PMC9633814_CORE_FACILITY_3,0.728744939271255,0.5343756830361451
T194_OUTER_06,PMC9633814_CORE_FACILITY_3,CONSTANT_TRAINING_MEAN,T194_d6cf866c8bf1620d5910,PMC9633814_CORE_FACILITY_3,P06396,PMC9633814_CORE_FACILITY_3,0.917004048582996,0.5343756830361451
T194_OUTER_06,PMC9633814_CORE_FACILITY_3,CONSTANT_TRAINING_MEAN,T194_d8adcc44af94d3ece2e6,PMC9633814_CORE_FACILITY_3,Q27J81,PMC9633814_CORE_FACILITY_3,0.20040485829959515,0.5343756830361451
T194_OUTER_06,PMC9633814_CORE_FACILITY_3,CONSTANT_TRAINING_MEAN,T194_dc03de97ca5ef8acb88e,PMC9633814_CORE_FACILITY_3,Q9NRW1,PMC9633814_CORE_FACILITY_3,0.242914979757085,0.5343756830361451
T194_OUTER_06,PMC9633814_CORE_FACILITY_3,CONSTANT_TRAINING_MEAN,T194_e15c062a89b42accc0e1,PMC9633814_CORE_FACILITY_3,Q93084,PMC9633814_CORE_FACILITY_3,0.8319838056680162,0.5343756830361451
T194_OUTER_06,PMC9633814_CORE_FACILITY_3,CONSTANT_TRAINING_MEAN,T194_e58c6b560364d09f3208,PMC9633814_CORE_FACILITY_3,P24844,PMC9633814_CORE_FACILITY_3,0.48380566801619435,0.5343756830361451
T194_OUTER_06,PMC9633814_CORE_FACILITY_3,CONSTANT_TRAINING_MEAN,T194_e6af10d90ff3ec555485,PMC9633814_CORE_FACILITY_3,Q15942,PMC9633814_CORE_FACILITY_3,0.5546558704453441,0.5343756830361451
T194_OUTER_06,PMC9633814_CORE_FACILITY_3,CONSTANT_TRAINING_MEAN,T194_ed975d3bcd5e4d37670e,PMC9633814_CORE_FACILITY_3,Q9NQC3,PMC9633814_CORE_FACILITY_3,0.680161943319838,0.5343756830361451
T194_OUTER_06,PMC9633814_CORE_FACILITY_3,CONSTANT_TRAINING_MEAN,T194_ef679bf944ea957c63a8,PMC9633814_CORE_FACILITY_3,P37802,PMC9633814_CORE_FACILITY_3,0.291497975708502,0.5343756830361451
T194_OUTER_06,PMC9633814_CORE_FACILITY_3,CONSTANT_TRAINING_MEAN,T194_f033121883e25d8c9832,PMC9633814_CORE_FACILITY_3,O00151,PMC9633814_CORE_FACILITY_3,0.39878542510121456,0.5343756830361451
T194_OUTER_06,PMC9633814_CORE_FACILITY_3,CONSTANT_TRAINING_MEAN,T194_f4ba234b71f1a85ea305,PMC9633814_CORE_FACILITY_3,P27348,PMC9633814_CORE_FACILITY_3,0.12348178137651822,0.5343756830361451
T194_OUTER_06,PMC9633814_CORE_FACILITY_3,CONSTANT_TRAINING_MEAN,T194_f5a830dd6bb2861c24f1,PMC9633814_CORE_FACILITY_3,P07996,PMC9633814_CORE_FACILITY_3,0.9595141700404858,0.5343756830361451
T194_OUTER_06,PMC9633814_CORE_FACILITY_3,CONSTANT_TRAINING_MEAN,T194_f7252497c3408a6738ae,PMC9633814_CORE_FACILITY_3,P06576,PMC9633814_CORE_FACILITY_3,0.7489878542510121,0.5343756830361451
T194_OUTER_06,PMC9633814_CORE_FACILITY_3,CONSTANT_TRAINING_MEAN,T194_f74c3111b73a962a5a26,PMC9633814_CORE_FACILITY_3,Q8TC12,PMC9633814_CORE_FACILITY_3,0.4939271255060729,0.5343756830361451
T194_OUTER_06,PMC9633814_CORE_FACILITY_3,SEQUENCE_RIDGE_FULL,T194_009cd68b29a30e710961,PMC9633814_CORE_FACILITY_3,P30044,PMC9633814_CORE_FACILITY_3,0.16194331983805668,0.38677401011071016
T194_OUTER_06,PMC9633814_CORE_FACILITY_3,SEQUENCE_RIDGE_FULL,T194_0189a2a84d329e4707a2,PMC9633814_CORE_FACILITY_3,P38646,PMC9633814_CORE_FACILITY_3,0.17813765182186234,0.5228079161135308
T194_OUTER_06,PMC9633814_CORE_FACILITY_3,SEQUENCE_RIDGE_FULL,T194_0be1e063c42cc3b27627,PMC9633814_CORE_FACILITY_3,O75083,PMC9633814_CORE_FACILITY_3,0.45951417004048584,0.5250039304255446
T194_OUTER_06,PMC9633814_CORE_FACILITY_3,SEQUENCE_RIDGE_FULL,T194_1470954bbf8667b17b61,PMC9633814_CORE_FACILITY_3,P16615,PMC9633814_CORE_FACILITY_3,0.611336032388664,0.6306557126953255
T194_OUTER_06,PMC9633814_CORE_FACILITY_3,SEQUENCE_RIDGE_FULL,T194_1559107f32320787c619,PMC9633814_CORE_FACILITY_3,P62805,PMC9633814_CORE_FACILITY_3,0.04251012145748988,0.4602565474470716
T194_OUTER_06,PMC9633814_CORE_FACILITY_3,SEQUENCE_RIDGE_FULL,T194_166ef7707b116ef76d50,PMC9633814_CORE_FACILITY_3,Q7Z406,PMC9633814_CORE_FACILITY_3,0.4574898785425101,0.6887313342954542
T194_OUTER_06,PMC9633814_CORE_FACILITY_3,SEQUENCE_RIDGE_FULL,T194_1e15605de2d01fd26bea,PMC9633814_CORE_FACILITY_3,P61981,PMC9633814_CORE_FACILITY_3,0.18218623481781376,0.4013499891933965
T194_OUTER_06,PMC9633814_CORE_FACILITY_3,SEQUENCE_RIDGE_FULL,T194_235d98f41573954e40af,PMC9633814_CORE_FACILITY_3,P11021,PMC9633814_CORE_FACILITY_3,0.4008097165991903,0.580666552401576
T194_OUTER_06,PMC9633814_CORE_FACILITY_3,SEQUENCE_RIDGE_FULL,T194_238f350e7e8d8b90cff7,PMC9633814_CORE_FACILITY_3,P27797,PMC9633814_CORE_FACILITY_3,0.5384615384615384,0.4410921937753388
T194_OUTER_06,PMC9633814_CORE_FACILITY_3,SEQUENCE_RIDGE_FULL,T194_23b55dcae79c7fe082a7,PMC9633814_CORE_FACILITY_3,P00403,PMC9633814_CORE_FACILITY_3,0.10931174089068826,0.513214322871949
T194_OUTER_06,PMC9633814_CORE_FACILITY_3,SEQUENCE_RIDGE_FULL,T194_23bbbd1c0fd6bc527e23,PMC9633814_CORE_FACILITY_3,Q9HDC9,PMC9633814_CORE_FACILITY_3,0.6821862348178138,0.5332277433524784
T194_OUTER_06,PMC9633814_CORE_FACILITY_3,SEQUENCE_RIDGE_FULL,T194_268b90eb0c099ac56de9,PMC9633814_CORE_FACILITY_3,Q15404,PMC9633814_CORE_FACILITY_3,0.19433198380566802,0.49715783820877435
T194_OUTER_06,PMC9633814_CORE_FACILITY_3,SEQUENCE_RIDGE_FULL,T194_2691705bc086540053d9,PMC9633814_CORE_FACILITY_3,Q16643,PMC9633814_CORE_FACILITY_3,0.4331983805668016,0.6561786832390094
T194_OUTER_06,PMC9633814_CORE_FACILITY_3,SEQUENCE_RIDGE_FULL,T194_3daa2de915cb8f551aee,PMC9633814_CORE_FACILITY_3,P30101,PMC9633814_CORE_FACILITY_3,0.3522267206477733,0.4841337567781152
T194_OUTER_06,PMC9633814_CORE_FACILITY_3,SEQUENCE_RIDGE_FULL,T194_3f0da41facbd9b8f433e,PMC9633814_CORE_FACILITY_3,Q9BSJ8,PMC9633814_CORE_FACILITY_3,0.21052631578947367,0.5561675804028143
T194_OUTER_06,PMC9633814_CORE_FACILITY_3,SEQUENCE_RIDGE_FULL,T194_3f562cef3efb4a049d64,PMC9633814_CORE_FACILITY_3,Q70J99,PMC9633814_CORE_FACILITY_3,0.0951417004048583,0.621179791797351
T194_OUTER_06,PMC9633814_CORE_FACILITY_3,SEQUENCE_RIDGE_FULL,T194_3fdc3c818afa6f05db64,PMC9633814_CORE_FACILITY_3,P04264,PMC9633814_CORE_FACILITY_3,0.9817813765182186,0.8360185432615098
T194_OUTER_06,PMC9633814_CORE_FACILITY_3,SEQUENCE_RIDGE_FULL,T194_43535306f0135b83b899,PMC9633814_CORE_FACILITY_3,P49411,PMC9633814_CORE_FACILITY_3,0.4493927125506073,0.5758478403811704
T194_OUTER_06,PMC9633814_CORE_FACILITY_3,SEQUENCE_RIDGE_FULL,T194_43686e8e548e583cb51c,PMC9633814_CORE_FACILITY_3,Q7L576,PMC9633814_CORE_FACILITY_3,0.1659919028340081,0.5512365499143578
T194_OUTER_06,PMC9633814_CORE_FACILITY_3,SEQUENCE_RIDGE_FULL,T194_44d3638b6e8d706ec3c2,PMC9633814_CORE_FACILITY_3,P04844,PMC9633814_CORE_FACILITY_3,0.22267206477732793,0.5673656603832488
T194_OUTER_06,PMC9633814_CORE_FACILITY_3,SEQUENCE_RIDGE_FULL,T194_4815468862f27c23c0f7,PMC9633814_CORE_FACILITY_3,Q16762,PMC9633814_CORE_FACILITY_3,0.4473684210526316,0.48604669546927576
T194_OUTER_06,PMC9633814_CORE_FACILITY_3,SEQUENCE_RIDGE_FULL,T194_4ceb6bb1cb8bbb7ec70e,PMC9633814_CORE_FACILITY_3,O00187,PMC9633814_CORE_FACILITY_3,0.8461538461538461,0.695043552090369
T194_OUTER_06,PMC9633814_CORE_FACILITY_3,SEQUENCE_RIDGE_FULL,T194_4ef4adfcf48bffd2ecc4,PMC9633814_CORE_FACILITY_3,Q9NY65,PMC9633814_CORE_FACILITY_3,0.6518218623481782,0.655066195970792
T194_OUTER_06,PMC9633814_CORE_FACILITY_3,SEQUENCE_RIDGE_FULL,T194_5923195b315834a4c153,PMC9633814_CORE_FACILITY_3,Q9NS28,PMC9633814_CORE_FACILITY_3,0.07489878542510121,0.4155030225158653
T194_OUTER_06,PMC9633814_CORE_FACILITY_3,SEQUENCE_RIDGE_FULL,T194_62ac3c8595eba1ebaacd,PMC9633814_CORE_FACILITY_3,P61026,PMC9633814_CORE_FACILITY_3,0.402834008097166,0.38601717361823407
T194_OUTER_06,PMC9633814_CORE_FACILITY_3,SEQUENCE_RIDGE_FULL,T194_6b3da6e76d697d77fb11,PMC9633814_CORE_FACILITY_3,P30048,PMC9633814_CORE_FACILITY_3,0.10728744939271255,0.43057672843202144
T194_OUTER_06,PMC9633814_CORE_FACILITY_3,SEQUENCE_RIDGE_FULL,T194_7aaa32efaffaaefe6ab5,PMC9633814_CORE_FACILITY_3,P05023,PMC9633814_CORE_FACILITY_3,0.3076923076923077,0.665436446191642
T194_OUTER_06,PMC9633814_CORE_FACILITY_3,SEQUENCE_RIDGE_FULL,T194_7e745a5da3d4c52fee7b,PMC9633814_CORE_FACILITY_3,O15145,PMC9633814_CORE_FACILITY_3,0.04048582995951417,0.40726472092688526
T194_OUTER_06,PMC9633814_CORE_FACILITY_3,SEQUENCE_RIDGE_FULL,T194_8c3e075193c00496dc93,PMC9633814_CORE_FACILITY_3,P52907,PMC9633814_CORE_FACILITY_3,0.4757085020242915,0.5210099061688258
T194_OUTER_06,PMC9633814_CORE_FACILITY_3,SEQUENCE_RIDGE_FULL,T194_8f6270636e9ea46e4454,PMC9633814_CORE_FACILITY_3,O00299,PMC9633814_CORE_FACILITY_3,0.5141700404858299,0.5985953150727987
T194_OUTER_06,PMC9633814_CORE_FACILITY_3,SEQUENCE_RIDGE_FULL,T194_928707c939e507b5d334,PMC9633814_CORE_FACILITY_3,P26038,PMC9633814_CORE_FACILITY_3,0.5708502024291497,0.33930477219574245
T194_OUTER_06,PMC9633814_CORE_FACILITY_3,SEQUENCE_RIDGE_FULL,T194_9a390e63ce758a325225,PMC9633814_CORE_FACILITY_3,P45880,PMC9633814_CORE_FACILITY_3,0.5121457489878543,0.5383038360797172
T194_OUTER_06,PMC9633814_CORE_FACILITY_3,SEQUENCE_RIDGE_FULL,T194_9af06cc0f2f056c5e0ea,PMC9633814_CORE_FACILITY_3,P04004,PMC9633814_CORE_FACILITY_3,0.9757085020242915,0.581729228100821
T194_OUTER_06,PMC9633814_CORE_FACILITY_3,SEQUENCE_RIDGE_FULL,T194_a1c368ca7885680bcc9e,PMC9633814_CORE_FACILITY_3,P61106,PMC9633814_CORE_FACILITY_3,0.3582995951417004,0.5405965010160712
T194_OUTER_06,PMC9633814_CORE_FACILITY_3,SEQUENCE_RIDGE_FULL,T194_a41c0c09e13d2a17784a,PMC9633814_CORE_FACILITY_3,P26641,PMC9633814_CORE_FACILITY_3,0.41700404858299595,0.46981333392618685
T194_OUTER_06,PMC9633814_CORE_FACILITY_3,SEQUENCE_RIDGE_FULL,T194_a4d77877e040b6826382,PMC9633814_CORE_FACILITY_3,P21796,PMC9633814_CORE_FACILITY_3,0.5769230769230769,0.5282796940229815
T194_OUTER_06,PMC9633814_CORE_FACILITY_3,SEQUENCE_RIDGE_FULL,T194_a89c1b81fe626eccf45a,PMC9633814_CORE_FACILITY_3,Q04695,PMC9633814_CORE_FACILITY_3,0.451417004048583,0.5600711991410239
T194_OUTER_06,PMC9633814_CORE_FACILITY_3,SEQUENCE_RIDGE_FULL,T194_aa56565c7c8cb30e3925,PMC9633814_CORE_FACILITY_3,P30041,PMC9633814_CORE_FACILITY_3,0.5303643724696356,0.40739308831041576
T194_OUTER_06,PMC9633814_CORE_FACILITY_3,SEQUENCE_RIDGE_FULL,T194_af9c5cf3f407732715b6,PMC9633814_CORE_FACILITY_3,Q9H4B7,PMC9633814_CORE_FACILITY_3,0.9412955465587044,0.6328578224743163
T194_OUTER_06,PMC9633814_CORE_FACILITY_3,SEQUENCE_RIDGE_FULL,T194_b67fdf83e25cfa2e5265,PMC9633814_CORE_FACILITY_3,P68366,PMC9633814_CORE_FACILITY_3,0.937246963562753,0.6602628922565353
T194_OUTER_06,PMC9633814_CORE_FACILITY_3,SEQUENCE_RIDGE_FULL,T194_bbeb89f3e220e9a31ccf,PMC9633814_CORE_FACILITY_3,P05556,PMC9633814_CORE_FACILITY_3,0.7408906882591093,0.7666564072232784
T194_OUTER_06,PMC9633814_CORE_FACILITY_3,SEQUENCE_RIDGE_FULL,T194_c2ab5bbc8cbc33965cbf,PMC9633814_CORE_FACILITY_3,P10809,PMC9633814_CORE_FACILITY_3,0.645748987854251,0.44784764740152705
T194_OUTER_06,PMC9633814_CORE_FACILITY_3,SEQUENCE_RIDGE_FULL,T194_c45d36b892a70749197a,PMC9633814_CORE_FACILITY_3,P55072,PMC9633814_CORE_FACILITY_3,0.32793522267206476,0.6095241278633582
T194_OUTER_06,PMC9633814_CORE_FACILITY_3,SEQUENCE_RIDGE_FULL,T194_c5db94c7ce797b185f66,PMC9633814_CORE_FACILITY_3,P11166,PMC9633814_CORE_FACILITY_3,0.8603238866396761,0.6045983819179889
T194_OUTER_06,PMC9633814_CORE_FACILITY_3,SEQUENCE_RIDGE_FULL,T194_c7baffcaf9e921719ab3,PMC9633814_CORE_FACILITY_3,P78417,PMC9633814_CORE_FACILITY_3,0.09109311740890688,0.3554478718983184
T194_OUTER_06,PMC9633814_CORE_FACILITY_3,SEQUENCE_RIDGE_FULL,T194_d1c7cec3b85a9c132321,PMC9633814_CORE_FACILITY_3,P00387,PMC9633814_CORE_FACILITY_3,0.728744939271255,0.4909060993340004
T194_OUTER_06,PMC9633814_CORE_FACILITY_3,SEQUENCE_RIDGE_FULL,T194_d6cf866c8bf1620d5910,PMC9633814_CORE_FACILITY_3,P06396,PMC9633814_CORE_FACILITY_3,0.917004048582996,0.5861417938901498
T194_OUTER_06,PMC9633814_CORE_FACILITY_3,SEQUENCE_RIDGE_FULL,T194_d8adcc44af94d3ece2e6,PMC9633814_CORE_FACILITY_3,Q27J81,PMC9633814_CORE_FACILITY_3,0.20040485829959515,0.6665664301894684
T194_OUTER_06,PMC9633814_CORE_FACILITY_3,SEQUENCE_RIDGE_FULL,T194_dc03de97ca5ef8acb88e,PMC9633814_CORE_FACILITY_3,Q9NRW1,PMC9633814_CORE_FACILITY_3,0.242914979757085,0.4111432674884755
T194_OUTER_06,PMC9633814_CORE_FACILITY_3,SEQUENCE_RIDGE_FULL,T194_e15c062a89b42accc0e1,PMC9633814_CORE_FACILITY_3,Q93084,PMC9633814_CORE_FACILITY_3,0.8319838056680162,0.6683936896452896
T194_OUTER_06,PMC9633814_CORE_FACILITY_3,SEQUENCE_RIDGE_FULL,T194_e58c6b560364d09f3208,PMC9633814_CORE_FACILITY_3,P24844,PMC9633814_CORE_FACILITY_3,0.48380566801619435,0.4987075689033165
T194_OUTER_06,PMC9633814_CORE_FACILITY_3,SEQUENCE_RIDGE_FULL,T194_e6af10d90ff3ec555485,PMC9633814_CORE_FACILITY_3,Q15942,PMC9633814_CORE_FACILITY_3,0.5546558704453441,0.6687126994636738
T194_OUTER_06,PMC9633814_CORE_FACILITY_3,SEQUENCE_RIDGE_FULL,T194_ed975d3bcd5e4d37670e,PMC9633814_CORE_FACILITY_3,Q9NQC3,PMC9633814_CORE_FACILITY_3,0.680161943319838,0.5819154031407135
T194_OUTER_06,PMC9633814_CORE_FACILITY_3,SEQUENCE_RIDGE_FULL,T194_ef679bf944ea957c63a8,PMC9633814_CORE_FACILITY_3,P37802,PMC9633814_CORE_FACILITY_3,0.291497975708502,0.48626126505654915
T194_OUTER_06,PMC9633814_CORE_FACILITY_3,SEQUENCE_RIDGE_FULL,T194_f033121883e25d8c9832,PMC9633814_CORE_FACILITY_3,O00151,PMC9633814_CORE_FACILITY_3,0.39878542510121456,0.5428668549696055
T194_OUTER_06,PMC9633814_CORE_FACILITY_3,SEQUENCE_RIDGE_FULL,T194_f4ba234b71f1a85ea305,PMC9633814_CORE_FACILITY_3,P27348,PMC9633814_CORE_FACILITY_3,0.12348178137651822,0.37752335948199045
T194_OUTER_06,PMC9633814_CORE_FACILITY_3,SEQUENCE_RIDGE_FULL,T194_f5a830dd6bb2861c24f1,PMC9633814_CORE_FACILITY_3,P07996,PMC9633814_CORE_FACILITY_3,0.9595141700404858,0.8372478400176836
T194_OUTER_06,PMC9633814_CORE_FACILITY_3,SEQUENCE_RIDGE_FULL,T194_f7252497c3408a6738ae,PMC9633814_CORE_FACILITY_3,P06576,PMC9633814_CORE_FACILITY_3,0.7489878542510121,0.5895559860502008
T194_OUTER_06,PMC9633814_CORE_FACILITY_3,SEQUENCE_RIDGE_FULL,T194_f74c3111b73a962a5a26,PMC9633814_CORE_FACILITY_3,Q8TC12,PMC9633814_CORE_FACILITY_3,0.4939271255060729,0.4611944185921054
T194_OUTER_06,PMC9633814_CORE_FACILITY_3,SEQUENCE_RIDGE_COMPOSITION_ONLY,T194_009cd68b29a30e710961,PMC9633814_CORE_FACILITY_3,P30044,PMC9633814_CORE_FACILITY_3,0.16194331983805668,0.5185751604822438
T194_OUTER_06,PMC9633814_CORE_FACILITY_3,SEQUENCE_RIDGE_COMPOSITION_ONLY,T194_0189a2a84d329e4707a2,PMC9633814_CORE_FACILITY_3,P38646,PMC9633814_CORE_FACILITY_3,0.17813765182186234,0.4844424779900591
T194_OUTER_06,PMC9633814_CORE_FACILITY_3,SEQUENCE_RIDGE_COMPOSITION_ONLY,T194_0be1e063c42cc3b27627,PMC9633814_CORE_FACILITY_3,O75083,PMC9633814_CORE_FACILITY_3,0.45951417004048584,0.5155131076568303
T194_OUTER_06,PMC9633814_CORE_FACILITY_3,SEQUENCE_RIDGE_COMPOSITION_ONLY,T194_1470954bbf8667b17b61,PMC9633814_CORE_FACILITY_3,P16615,PMC9633814_CORE_FACILITY_3,0.611336032388664,0.534728481939067
T194_OUTER_06,PMC9633814_CORE_FACILITY_3,SEQUENCE_RIDGE_COMPOSITION_ONLY,T194_1559107f32320787c619,PMC9633814_CORE_FACILITY_3,P62805,PMC9633814_CORE_FACILITY_3,0.04251012145748988,0.44175553790578453
T194_OUTER_06,PMC9633814_CORE_FACILITY_3,SEQUENCE_RIDGE_COMPOSITION_ONLY,T194_166ef7707b116ef76d50,PMC9633814_CORE_FACILITY_3,Q7Z406,PMC9633814_CORE_FACILITY_3,0.4574898785425101,0.5787671338936269
T194_OUTER_06,PMC9633814_CORE_FACILITY_3,SEQUENCE_RIDGE_COMPOSITION_ONLY,T194_1e15605de2d01fd26bea,PMC9633814_CORE_FACILITY_3,P61981,PMC9633814_CORE_FACILITY_3,0.18218623481781376,0.4474597972596903
T194_OUTER_06,PMC9633814_CORE_FACILITY_3,SEQUENCE_RIDGE_COMPOSITION_ONLY,T194_235d98f41573954e40af,PMC9633814_CORE_FACILITY_3,P11021,PMC9633814_CORE_FACILITY_3,0.4008097165991903,0.5471715330802441
T194_OUTER_06,PMC9633814_CORE_FACILITY_3,SEQUENCE_RIDGE_COMPOSITION_ONLY,T194_238f350e7e8d8b90cff7,PMC9633814_CORE_FACILITY_3,P27797,PMC9633814_CORE_FACILITY_3,0.5384615384615384,0.4831750940570017
T194_OUTER_06,PMC9633814_CORE_FACILITY_3,SEQUENCE_RIDGE_COMPOSITION_ONLY,T194_23b55dcae79c7fe082a7,PMC9633814_CORE_FACILITY_3,P00403,PMC9633814_CORE_FACILITY_3,0.10931174089068826,0.5555321797788582
T194_OUTER_06,PMC9633814_CORE_FACILITY_3,SEQUENCE_RIDGE_COMPOSITION_ONLY,T194_23bbbd1c0fd6bc527e23,PMC9633814_CORE_FACILITY_3,Q9HDC9,PMC9633814_CORE_FACILITY_3,0.6821862348178138,0.5982701804547716
T194_OUTER_06,PMC9633814_CORE_FACILITY_3,SEQUENCE_RIDGE_COMPOSITION_ONLY,T194_268b90eb0c099ac56de9,PMC9633814_CORE_FACILITY_3,Q15404,PMC9633814_CORE_FACILITY_3,0.19433198380566802,0.5406177784889284
T194_OUTER_06,PMC9633814_CORE_FACILITY_3,SEQUENCE_RIDGE_COMPOSITION_ONLY,T194_2691705bc086540053d9,PMC9633814_CORE_FACILITY_3,Q16643,PMC9633814_CORE_FACILITY_3,0.4331983805668016,0.6919298762311246
T194_OUTER_06,PMC9633814_CORE_FACILITY_3,SEQUENCE_RIDGE_COMPOSITION_ONLY,T194_3daa2de915cb8f551aee,PMC9633814_CORE_FACILITY_3,P30101,PMC9633814_CORE_FACILITY_3,0.3522267206477733,0.43953943450829913
T194_OUTER_06,PMC9633814_CORE_FACILITY_3,SEQUENCE_RIDGE_COMPOSITION_ONLY,T194_3f0da41facbd9b8f433e,PMC9633814_CORE_FACILITY_3,Q9BSJ8,PMC9633814_CORE_FACILITY_3,0.21052631578947367,0.5244315278188897
T194_OUTER_06,PMC9633814_CORE_FACILITY_3,SEQUENCE_RIDGE_COMPOSITION_ONLY,T194_3f562cef3efb4a049d64,PMC9633814_CORE_FACILITY_3,Q70J99,PMC9633814_CORE_FACILITY_3,0.0951417004048583,0.5842912005485653
T194_OUTER_06,PMC9633814_CORE_FACILITY_3,SEQUENCE_RIDGE_COMPOSITION_ONLY,T194_3fdc3c818afa6f05db64,PMC9633814_CORE_FACILITY_3,P04264,PMC9633814_CORE_FACILITY_3,0.9817813765182186,0.7741075278483651
T194_OUTER_06,PMC9633814_CORE_FACILITY_3,SEQUENCE_RIDGE_COMPOSITION_ONLY,T194_43535306f0135b83b899,PMC9633814_CORE_FACILITY_3,P49411,PMC9633814_CORE_FACILITY_3,0.4493927125506073,0.5480735642160142
T194_OUTER_06,PMC9633814_CORE_FACILITY_3,SEQUENCE_RIDGE_COMPOSITION_ONLY,T194_43686e8e548e583cb51c,PMC9633814_CORE_FACILITY_3,Q7L576,PMC9633814_CORE_FACILITY_3,0.1659919028340081,0.5234801854388026
T194_OUTER_06,PMC9633814_CORE_FACILITY_3,SEQUENCE_RIDGE_COMPOSITION_ONLY,T194_44d3638b6e8d706ec3c2,PMC9633814_CORE_FACILITY_3,P04844,PMC9633814_CORE_FACILITY_3,0.22267206477732793,0.5477650529521763
T194_OUTER_06,PMC9633814_CORE_FACILITY_3,SEQUENCE_RIDGE_COMPOSITION_ONLY,T194_4815468862f27c23c0f7,PMC9633814_CORE_FACILITY_3,Q16762,PMC9633814_CORE_FACILITY_3,0.4473684210526316,0.5245505144350013
T194_OUTER_06,PMC9633814_CORE_FACILITY_3,SEQUENCE_RIDGE_COMPOSITION_ONLY,T194_4ceb6bb1cb8bbb7ec70e,PMC9633814_CORE_FACILITY_3,O00187,PMC9633814_CORE_FACILITY_3,0.8461538461538461,0.6397393326184451
T194_OUTER_06,PMC9633814_CORE_FACILITY_3,SEQUENCE_RIDGE_COMPOSITION_ONLY,T194_4ef4adfcf48bffd2ecc4,PMC9633814_CORE_FACILITY_3,Q9NY65,PMC9633814_CORE_FACILITY_3,0.6518218623481782,0.6569849566081536
T194_OUTER_06,PMC9633814_CORE_FACILITY_3,SEQUENCE_RIDGE_COMPOSITION_ONLY,T194_5923195b315834a4c153,PMC9633814_CORE_FACILITY_3,Q9NS28,PMC9633814_CORE_FACILITY_3,0.07489878542510121,0.40798241271943364
T194_OUTER_06,PMC9633814_CORE_FACILITY_3,SEQUENCE_RIDGE_COMPOSITION_ONLY,T194_62ac3c8595eba1ebaacd,PMC9633814_CORE_FACILITY_3,P61026,PMC9633814_CORE_FACILITY_3,0.402834008097166,0.4035512053008239
T194_OUTER_06,PMC9633814_CORE_FACILITY_3,SEQUENCE_RIDGE_COMPOSITION_ONLY,T194_6b3da6e76d697d77fb11,PMC9633814_CORE_FACILITY_3,P30048,PMC9633814_CORE_FACILITY_3,0.10728744939271255,0.5330019526979394
T194_OUTER_06,PMC9633814_CORE_FACILITY_3,SEQUENCE_RIDGE_COMPOSITION_ONLY,T194_7aaa32efaffaaefe6ab5,PMC9633814_CORE_FACILITY_3,P05023,PMC9633814_CORE_FACILITY_3,0.3076923076923077,0.5603315918001673
T194_OUTER_06,PMC9633814_CORE_FACILITY_3,SEQUENCE_RIDGE_COMPOSITION_ONLY,T194_7e745a5da3d4c52fee7b,PMC9633814_CORE_FACILITY_3,O15145,PMC9633814_CORE_FACILITY_3,0.04048582995951417,0.3731951692668093
T194_OUTER_06,PMC9633814_CORE_FACILITY_3,SEQUENCE_RIDGE_COMPOSITION_ONLY,T194_8c3e075193c00496dc93,PMC9633814_CORE_FACILITY_3,P52907,PMC9633814_CORE_FACILITY_3,0.4757085020242915,0.5352522828378097
T194_OUTER_06,PMC9633814_CORE_FACILITY_3,SEQUENCE_RIDGE_COMPOSITION_ONLY,T194_8f6270636e9ea46e4454,PMC9633814_CORE_FACILITY_3,O00299,PMC9633814_CORE_FACILITY_3,0.5141700404858299,0.6229270679529707
T194_OUTER_06,PMC9633814_CORE_FACILITY_3,SEQUENCE_RIDGE_COMPOSITION_ONLY,T194_928707c939e507b5d334,PMC9633814_CORE_FACILITY_3,P26038,PMC9633814_CORE_FACILITY_3,0.5708502024291497,0.32344589664294937
T194_OUTER_06,PMC9633814_CORE_FACILITY_3,SEQUENCE_RIDGE_COMPOSITION_ONLY,T194_9a390e63ce758a325225,PMC9633814_CORE_FACILITY_3,P45880,PMC9633814_CORE_FACILITY_3,0.5121457489878543,0.5653703406201466
T194_OUTER_06,PMC9633814_CORE_FACILITY_3,SEQUENCE_RIDGE_COMPOSITION_ONLY,T194_9af06cc0f2f056c5e0ea,PMC9633814_CORE_FACILITY_3,P04004,PMC9633814_CORE_FACILITY_3,0.9757085020242915,0.6053482734816139
T194_OUTER_06,PMC9633814_CORE_FACILITY_3,SEQUENCE_RIDGE_COMPOSITION_ONLY,T194_a1c368ca7885680bcc9e,PMC9633814_CORE_FACILITY_3,P61106,PMC9633814_CORE_FACILITY_3,0.3582995951417004,0.564972876096769
T194_OUTER_06,PMC9633814_CORE_FACILITY_3,SEQUENCE_RIDGE_COMPOSITION_ONLY,T194_a41c0c09e13d2a17784a,PMC9633814_CORE_FACILITY_3,P26641,PMC9633814_CORE_FACILITY_3,0.41700404858299595,0.43189521496303307
T194_OUTER_06,PMC9633814_CORE_FACILITY_3,SEQUENCE_RIDGE_COMPOSITION_ONLY,T194_a4d77877e040b6826382,PMC9633814_CORE_FACILITY_3,P21796,PMC9633814_CORE_FACILITY_3,0.5769230769230769,0.5083038377023034
T194_OUTER_06,PMC9633814_CORE_FACILITY_3,SEQUENCE_RIDGE_COMPOSITION_ONLY,T194_a89c1b81fe626eccf45a,PMC9633814_CORE_FACILITY_3,Q04695,PMC9633814_CORE_FACILITY_3,0.451417004048583,0.6274324969747376
T194_OUTER_06,PMC9633814_CORE_FACILITY_3,SEQUENCE_RIDGE_COMPOSITION_ONLY,T194_aa56565c7c8cb30e3925,PMC9633814_CORE_FACILITY_3,P30041,PMC9633814_CORE_FACILITY_3,0.5303643724696356,0.4636910257450636
T194_OUTER_06,PMC9633814_CORE_FACILITY_3,SEQUENCE_RIDGE_COMPOSITION_ONLY,T194_af9c5cf3f407732715b6,PMC9633814_CORE_FACILITY_3,Q9H4B7,PMC9633814_CORE_FACILITY_3,0.9412955465587044,0.6531062434443521
T194_OUTER_06,PMC9633814_CORE_FACILITY_3,SEQUENCE_RIDGE_COMPOSITION_ONLY,T194_b67fdf83e25cfa2e5265,PMC9633814_CORE_FACILITY_3,P68366,PMC9633814_CORE_FACILITY_3,0.937246963562753,0.6604278278723592
T194_OUTER_06,PMC9633814_CORE_FACILITY_3,SEQUENCE_RIDGE_COMPOSITION_ONLY,T194_bbeb89f3e220e9a31ccf,PMC9633814_CORE_FACILITY_3,P05556,PMC9633814_CORE_FACILITY_3,0.7408906882591093,0.7465616341546881
T194_OUTER_06,PMC9633814_CORE_FACILITY_3,SEQUENCE_RIDGE_COMPOSITION_ONLY,T194_c2ab5bbc8cbc33965cbf,PMC9633814_CORE_FACILITY_3,P10809,PMC9633814_CORE_FACILITY_3,0.645748987854251,0.43455685260299975
T194_OUTER_06,PMC9633814_CORE_FACILITY_3,SEQUENCE_RIDGE_COMPOSITION_ONLY,T194_c45d36b892a70749197a,PMC9633814_CORE_FACILITY_3,P55072,PMC9633814_CORE_FACILITY_3,0.32793522267206476,0.5848941292473122
T194_OUTER_06,PMC9633814_CORE_FACILITY_3,SEQUENCE_RIDGE_COMPOSITION_ONLY,T194_c5db94c7ce797b185f66,PMC9633814_CORE_FACILITY_3,P11166,PMC9633814_CORE_FACILITY_3,0.8603238866396761,0.5881023013434031
T194_OUTER_06,PMC9633814_CORE_FACILITY_3,SEQUENCE_RIDGE_COMPOSITION_ONLY,T194_c7baffcaf9e921719ab3,PMC9633814_CORE_FACILITY_3,P78417,PMC9633814_CORE_FACILITY_3,0.09109311740890688,0.3556978641951792
T194_OUTER_06,PMC9633814_CORE_FACILITY_3,SEQUENCE_RIDGE_COMPOSITION_ONLY,T194_d1c7cec3b85a9c132321,PMC9633814_CORE_FACILITY_3,P00387,PMC9633814_CORE_FACILITY_3,0.728744939271255,0.5105228628415295
T194_OUTER_06,PMC9633814_CORE_FACILITY_3,SEQUENCE_RIDGE_COMPOSITION_ONLY,T194_d6cf866c8bf1620d5910,PMC9633814_CORE_FACILITY_3,P06396,PMC9633814_CORE_FACILITY_3,0.917004048582996,0.5102371356194596
T194_OUTER_06,PMC9633814_CORE_FACILITY_3,SEQUENCE_RIDGE_COMPOSITION_ONLY,T194_d8adcc44af94d3ece2e6,PMC9633814_CORE_FACILITY_3,Q27J81,PMC9633814_CORE_FACILITY_3,0.20040485829959515,0.531383795376242
T194_OUTER_06,PMC9633814_CORE_FACILITY_3,SEQUENCE_RIDGE_COMPOSITION_ONLY,T194_dc03de97ca5ef8acb88e,PMC9633814_CORE_FACILITY_3,Q9NRW1,PMC9633814_CORE_FACILITY_3,0.242914979757085,0.5011231380186142
T194_OUTER_06,PMC9633814_CORE_FACILITY_3,SEQUENCE_RIDGE_COMPOSITION_ONLY,T194_e15c062a89b42accc0e1,PMC9633814_CORE_FACILITY_3,Q93084,PMC9633814_CORE_FACILITY_3,0.8319838056680162,0.575280793301905
T194_OUTER_06,PMC9633814_CORE_FACILITY_3,SEQUENCE_RIDGE_COMPOSITION_ONLY,T194_e58c6b560364d09f3208,PMC9633814_CORE_FACILITY_3,P24844,PMC9633814_CORE_FACILITY_3,0.48380566801619435,0.45257224878682323
T194_OUTER_06,PMC9633814_CORE_FACILITY_3,SEQUENCE_RIDGE_COMPOSITION_ONLY,T194_e6af10d90ff3ec555485,PMC9633814_CORE_FACILITY_3,Q15942,PMC9633814_CORE_FACILITY_3,0.5546558704453441,0.7069041135132572
T194_OUTER_06,PMC9633814_CORE_FACILITY_3,SEQUENCE_RIDGE_COMPOSITION_ONLY,T194_ed975d3bcd5e4d37670e,PMC9633814_CORE_FACILITY_3,Q9NQC3,PMC9633814_CORE_FACILITY_3,0.680161943319838,0.4849267756697551
T194_OUTER_06,PMC9633814_CORE_FACILITY_3,SEQUENCE_RIDGE_COMPOSITION_ONLY,T194_ef679bf944ea957c63a8,PMC9633814_CORE_FACILITY_3,P37802,PMC9633814_CORE_FACILITY_3,0.291497975708502,0.5340497887638017
T194_OUTER_06,PMC9633814_CORE_FACILITY_3,SEQUENCE_RIDGE_COMPOSITION_ONLY,T194_f033121883e25d8c9832,PMC9633814_CORE_FACILITY_3,O00151,PMC9633814_CORE_FACILITY_3,0.39878542510121456,0.6188655212974634
T194_OUTER_06,PMC9633814_CORE_FACILITY_3,SEQUENCE_RIDGE_COMPOSITION_ONLY,T194_f4ba234b71f1a85ea305,PMC9633814_CORE_FACILITY_3,P27348,PMC9633814_CORE_FACILITY_3,0.12348178137651822,0.42278081511787285
T194_OUTER_06,PMC9633814_CORE_FACILITY_3,SEQUENCE_RIDGE_COMPOSITION_ONLY,T194_f5a830dd6bb2861c24f1,PMC9633814_CORE_FACILITY_3,P07996,PMC9633814_CORE_FACILITY_3,0.9595141700404858,0.7688502196275571
T194_OUTER_06,PMC9633814_CORE_FACILITY_3,SEQUENCE_RIDGE_COMPOSITION_ONLY,T194_f7252497c3408a6738ae,PMC9633814_CORE_FACILITY_3,P06576,PMC9633814_CORE_FACILITY_3,0.7489878542510121,0.5845823982799737
T194_OUTER_06,PMC9633814_CORE_FACILITY_3,SEQUENCE_RIDGE_COMPOSITION_ONLY,T194_f74c3111b73a962a5a26,PMC9633814_CORE_FACILITY_3,Q8TC12,PMC9633814_CORE_FACILITY_3,0.4939271255060729,0.4753482943473715
T194_OUTER_07,PMC9633814_CORE_FACILITY_4,CONSTANT_TRAINING_MEAN,T194_0139e4ba745bd9ecdb7e,PMC9633814_CORE_FACILITY_4,P10644,PMC9633814_CORE_FACILITY_4,0.39135135135135135,0.5227579082823536
T194_OUTER_07,PMC9633814_CORE_FACILITY_4,CONSTANT_TRAINING_MEAN,T194_02c448c6b85d80855bf5,PMC9633814_CORE_FACILITY_4,P19367,PMC9633814_CORE_FACILITY_4,0.05081081081081081,0.5227579082823536
T194_OUTER_07,PMC9633814_CORE_FACILITY_4,CONSTANT_TRAINING_MEAN,T194_033c0ca86834a5aa2bc6,PMC9633814_CORE_FACILITY_4,P61006,PMC9633814_CORE_FACILITY_4,0.016216216216216217,0.5227579082823536
T194_OUTER_07,PMC9633814_CORE_FACILITY_4,CONSTANT_TRAINING_MEAN,T194_05c255b797809d0e33e1,PMC9633814_CORE_FACILITY_4,Q70J99,PMC9633814_CORE_FACILITY_4,0.6227027027027027,0.5227579082823536
T194_OUTER_07,PMC9633814_CORE_FACILITY_4,CONSTANT_TRAINING_MEAN,T194_0b602eaa60b1c1162af0,PMC9633814_CORE_FACILITY_4,P11166,PMC9633814_CORE_FACILITY_4,0.9416216216216217,0.5227579082823536
T194_OUTER_07,PMC9633814_CORE_FACILITY_4,CONSTANT_TRAINING_MEAN,T194_120ee039618116614e3d,PMC9633814_CORE_FACILITY_4,P00403,PMC9633814_CORE_FACILITY_4,0.2691891891891892,0.5227579082823536
T194_OUTER_07,PMC9633814_CORE_FACILITY_4,CONSTANT_TRAINING_MEAN,T194_1a9a6e844286c4736939,PMC9633814_CORE_FACILITY_4,P09493,PMC9633814_CORE_FACILITY_4,0.8140540540540541,0.5227579082823536
T194_OUTER_07,PMC9633814_CORE_FACILITY_4,CONSTANT_TRAINING_MEAN,T194_1c66750cf9d5b71c5d7d,PMC9633814_CORE_FACILITY_4,P11413,PMC9633814_CORE_FACILITY_4,0.23675675675675675,0.5227579082823536
T194_OUTER_07,PMC9633814_CORE_FACILITY_4,CONSTANT_TRAINING_MEAN,T194_247c46a3ed973d1e7e92,PMC9633814_CORE_FACILITY_4,Q9H4B7,PMC9633814_CORE_FACILITY_4,0.9524324324324325,0.5227579082823536
T194_OUTER_07,PMC9633814_CORE_FACILITY_4,CONSTANT_TRAINING_MEAN,T194_25680f52ff5b8f7b79a9,PMC9633814_CORE_FACILITY_4,P05556,PMC9633814_CORE_FACILITY_4,0.8572972972972973,0.5227579082823536
T194_OUTER_07,PMC9633814_CORE_FACILITY_4,CONSTANT_TRAINING_MEAN,T194_256bdb3505ef8134bcf9,PMC9633814_CORE_FACILITY_4,P49411,PMC9633814_CORE_FACILITY_4,0.3989189189189189,0.5227579082823536
T194_OUTER_07,PMC9633814_CORE_FACILITY_4,CONSTANT_TRAINING_MEAN,T194_26609328b1b62cac5bfb,PMC9633814_CORE_FACILITY_4,P20645,PMC9633814_CORE_FACILITY_4,0.13297297297297297,0.5227579082823536
T194_OUTER_07,PMC9633814_CORE_FACILITY_4,CONSTANT_TRAINING_MEAN,T194_287be635e862ed7250d3,PMC9633814_CORE_FACILITY_4,Q7L576,PMC9633814_CORE_FACILITY_4,0.6854054054054054,0.5227579082823536
T194_OUTER_07,PMC9633814_CORE_FACILITY_4,CONSTANT_TRAINING_MEAN,T194_2cf46cb4df072efb44bb,PMC9633814_CORE_FACILITY_4,P30041,PMC9633814_CORE_FACILITY_4,0.7718918918918919,0.5227579082823536
T194_OUTER_07,PMC9633814_CORE_FACILITY_4,CONSTANT_TRAINING_MEAN,T194_2eed949eb1006ca5e408,PMC9633814_CORE_FACILITY_4,P30101,PMC9633814_CORE_FACILITY_4,0.6897297297297297,0.5227579082823536
T194_OUTER_07,PMC9633814_CORE_FACILITY_4,CONSTANT_TRAINING_MEAN,T194_3204dcc2a4de144639c5,PMC9633814_CORE_FACILITY_4,O00264,PMC9633814_CORE_FACILITY_4,0.4972972972972973,0.5227579082823536
T194_OUTER_07,PMC9633814_CORE_FACILITY_4,CONSTANT_TRAINING_MEAN,T194_3c77285e75fdce110958,PMC9633814_CORE_FACILITY_4,Q93084,PMC9633814_CORE_FACILITY_4,0.8648648648648649,0.5227579082823536
T194_OUTER_07,PMC9633814_CORE_FACILITY_4,CONSTANT_TRAINING_MEAN,T194_3ea714111d72a1322a41,PMC9633814_CORE_FACILITY_4,P28066,PMC9633814_CORE_FACILITY_4,0.19135135135135134,0.5227579082823536
T194_OUTER_07,PMC9633814_CORE_FACILITY_4,CONSTANT_TRAINING_MEAN,T194_4124eb53136a2701eeed,PMC9633814_CORE_FACILITY_4,O15145,PMC9633814_CORE_FACILITY_4,0.43135135135135133,0.5227579082823536
T194_OUTER_07,PMC9633814_CORE_FACILITY_4,CONSTANT_TRAINING_MEAN,T194_413045eae72cabf69001,PMC9633814_CORE_FACILITY_4,P26038,PMC9633814_CORE_FACILITY_4,0.8237837837837838,0.5227579082823536
T194_OUTER_07,PMC9633814_CORE_FACILITY_4,CONSTANT_TRAINING_MEAN,T194_4295640c7455e171e19d,PMC9633814_CORE_FACILITY_4,O75083,PMC9633814_CORE_FACILITY_4,0.7437837837837837,0.5227579082823536
T194_OUTER_07,PMC9633814_CORE_FACILITY_4,CONSTANT_TRAINING_MEAN,T194_436fedcfb69930ac2141,PMC9633814_CORE_FACILITY_4,P13796,PMC9633814_CORE_FACILITY_4,0.6043243243243244,0.5227579082823536
T194_OUTER_07,PMC9633814_CORE_FACILITY_4,CONSTANT_TRAINING_MEAN,T194_442196345d67d8afca57,PMC9633814_CORE_FACILITY_4,P50990,PMC9633814_CORE_FACILITY_4,0.15567567567567567,0.5227579082823536
T194_OUTER_07,PMC9633814_CORE_FACILITY_4,CONSTANT_TRAINING_MEAN,T194_45cf4fd10acd3764a555,PMC9633814_CORE_FACILITY_4,P04004,PMC9633814_CORE_FACILITY_4,0.9891891891891892,0.5227579082823536
T194_OUTER_07,PMC9633814_CORE_FACILITY_4,CONSTANT_TRAINING_MEAN,T194_4d0ea984f6f9b7a39981,PMC9633814_CORE_FACILITY_4,Q15365,PMC9633814_CORE_FACILITY_4,0.5740540540540541,0.5227579082823536
T194_OUTER_07,PMC9633814_CORE_FACILITY_4,CONSTANT_TRAINING_MEAN,T194_504c35792d37431d7979,PMC9633814_CORE_FACILITY_4,P10809,PMC9633814_CORE_FACILITY_4,0.7178378378378378,0.5227579082823536
T194_OUTER_07,PMC9633814_CORE_FACILITY_4,CONSTANT_TRAINING_MEAN,T194_52fac6e4bc8ab8a6566a,PMC9633814_CORE_FACILITY_4,P27797,PMC9633814_CORE_FACILITY_4,0.6637837837837838,0.5227579082823536
T194_OUTER_07,PMC9633814_CORE_FACILITY_4,CONSTANT_TRAINING_MEAN,T194_5965062ead6d0c51a663,PMC9633814_CORE_FACILITY_4,Q16762,PMC9633814_CORE_FACILITY_4,0.4983783783783784,0.5227579082823536
T194_OUTER_07,PMC9633814_CORE_FACILITY_4,CONSTANT_TRAINING_MEAN,T194_5c36b25e83bf6019d72f,PMC9633814_CORE_FACILITY_4,P10599,PMC9633814_CORE_FACILITY_4,0.47135135135135137,0.5227579082823536
T194_OUTER_07,PMC9633814_CORE_FACILITY_4,CONSTANT_TRAINING_MEAN,T194_5fb9a390f6d3a2af1149,PMC9633814_CORE_FACILITY_4,P07996,PMC9633814_CORE_FACILITY_4,0.9654054054054054,0.5227579082823536
T194_OUTER_07,PMC9633814_CORE_FACILITY_4,CONSTANT_TRAINING_MEAN,T194_60f7641f56f824104117,PMC9633814_CORE_FACILITY_4,Q9NRW1,PMC9633814_CORE_FACILITY_4,0.18702702702702703,0.5227579082823536
T194_OUTER_07,PMC9633814_CORE_FACILITY_4,CONSTANT_TRAINING_MEAN,T194_6218d0dd4ba78708bdf5,PMC9633814_CORE_FACILITY_4,Q27J81,PMC9633814_CORE_FACILITY_4,0.6356756756756756,0.5227579082823536
T194_OUTER_07,PMC9633814_CORE_FACILITY_4,CONSTANT_TRAINING_MEAN,T194_64b1bf10cbd1bd85f945,PMC9633814_CORE_FACILITY_4,P68366,PMC9633814_CORE_FACILITY_4,0.9178378378378378,0.5227579082823536
T194_OUTER_07,PMC9633814_CORE_FACILITY_4,CONSTANT_TRAINING_MEAN,T194_66aac5848e72d4c6dab3,PMC9633814_CORE_FACILITY_4,P16615,PMC9633814_CORE_FACILITY_4,0.6940540540540541,0.5227579082823536
T194_OUTER_07,PMC9633814_CORE_FACILITY_4,CONSTANT_TRAINING_MEAN,T194_6930dc4b389b16616fc3,PMC9633814_CORE_FACILITY_4,Q16643,PMC9633814_CORE_FACILITY_4,0.6097297297297297,0.5227579082823536
T194_OUTER_07,PMC9633814_CORE_FACILITY_4,CONSTANT_TRAINING_MEAN,T194_6f89b45689af215b71e4,PMC9633814_CORE_FACILITY_4,P27348,PMC9633814_CORE_FACILITY_4,0.6335135135135135,0.5227579082823536
T194_OUTER_07,PMC9633814_CORE_FACILITY_4,CONSTANT_TRAINING_MEAN,T194_707ab78623a3515f44b1,PMC9633814_CORE_FACILITY_4,O75531,PMC9633814_CORE_FACILITY_4,0.08864864864864865,0.5227579082823536
T194_OUTER_07,PMC9633814_CORE_FACILITY_4,CONSTANT_TRAINING_MEAN,T194_7453c9689eebcbc045ec,PMC9633814_CORE_FACILITY_4,O00151,PMC9633814_CORE_FACILITY_4,0.7524324324324324,0.5227579082823536
T194_OUTER_07,PMC9633814_CORE_FACILITY_4,CONSTANT_TRAINING_MEAN,T194_783226988c5dc088d77d,PMC9633814_CORE_FACILITY_4,P30048,PMC9633814_CORE_FACILITY_4,0.5383783783783784,0.5227579082823536
T194_OUTER_07,PMC9633814_CORE_FACILITY_4,CONSTANT_TRAINING_MEAN,T194_7df6eeba34773e1c5c08,PMC9633814_CORE_FACILITY_4,P26641,PMC9633814_CORE_FACILITY_4,0.3037837837837838,0.5227579082823536
T194_OUTER_07,PMC9633814_CORE_FACILITY_4,CONSTANT_TRAINING_MEAN,T194_7f217dacd72e542487d9,PMC9633814_CORE_FACILITY_4,O00187,PMC9633814_CORE_FACILITY_4,0.9232432432432433,0.5227579082823536
T194_OUTER_07,PMC9633814_CORE_FACILITY_4,CONSTANT_TRAINING_MEAN,T194_84f8b68c58404016cf5c,PMC9633814_CORE_FACILITY_4,P00387,PMC9633814_CORE_FACILITY_4,0.8216216216216217,0.5227579082823536
T194_OUTER_07,PMC9633814_CORE_FACILITY_4,CONSTANT_TRAINING_MEAN,T194_90cc7859b5be5979cde8,PMC9633814_CORE_FACILITY_4,P04844,PMC9633814_CORE_FACILITY_4,0.6648648648648648,0.5227579082823536
T194_OUTER_07,PMC9633814_CORE_FACILITY_4,CONSTANT_TRAINING_MEAN,T194_932c5628207ae8896a69,PMC9633814_CORE_FACILITY_4,Q58FF8,PMC9633814_CORE_FACILITY_4,0.4864864864864865,0.5227579082823536
T194_OUTER_07,PMC9633814_CORE_FACILITY_4,CONSTANT_TRAINING_MEAN,T194_99494e870520a50c8b0c,PMC9633814_CORE_FACILITY_4,P61106,PMC9633814_CORE_FACILITY_4,0.7048648648648649,0.5227579082823536
T194_OUTER_07,PMC9633814_CORE_FACILITY_4,CONSTANT_TRAINING_MEAN,T194_996908b9d4b7e2968e75,PMC9633814_CORE_FACILITY_4,Q14247,PMC9633814_CORE_FACILITY_4,0.5848648648648649,0.5227579082823536
T194_OUTER_07,PMC9633814_CORE_FACILITY_4,CONSTANT_TRAINING_MEAN,T194_99e594a66c667719840d,PMC9633814_CORE_FACILITY_4,P14868,PMC9633814_CORE_FACILITY_4,0.38972972972972975,0.5227579082823536
T194_OUTER_07,PMC9633814_CORE_FACILITY_4,CONSTANT_TRAINING_MEAN,T194_9a9a8aecbdb0a49c3234,PMC9633814_CORE_FACILITY_4,Q9NQC3,PMC9633814_CORE_FACILITY_4,0.8227027027027027,0.5227579082823536
T194_OUTER_07,PMC9633814_CORE_FACILITY_4,CONSTANT_TRAINING_MEAN,T194_9c408172c8678901eb33,PMC9633814_CORE_FACILITY_4,Q8TC12,PMC9633814_CORE_FACILITY_4,0.6756756756756757,0.5227579082823536
T194_OUTER_07,PMC9633814_CORE_FACILITY_4,CONSTANT_TRAINING_MEAN,T194_9f07225aaf66fc3f601f,PMC9633814_CORE_FACILITY_4,P15531,PMC9633814_CORE_FACILITY_4,0.005945945945945946,0.5227579082823536
T194_OUTER_07,PMC9633814_CORE_FACILITY_4,CONSTANT_TRAINING_MEAN,T194_a0c95adad485e1fa6e76,PMC9633814_CORE_FACILITY_4,Q99832,PMC9633814_CORE_FACILITY_4,0.43783783783783786,0.5227579082823536
T194_OUTER_07,PMC9633814_CORE_FACILITY_4,CONSTANT_TRAINING_MEAN,T194_a1f6a88b65320f30d027,PMC9633814_CORE_FACILITY_4,P30044,PMC9633814_CORE_FACILITY_4,0.7610810810810811,0.5227579082823536
T194_OUTER_07,PMC9633814_CORE_FACILITY_4,CONSTANT_TRAINING_MEAN,T194_a315f0792582ec054b0d,PMC9633814_CORE_FACILITY_4,P50991,PMC9633814_CORE_FACILITY_4,0.40216216216216216,0.5227579082823536
T194_OUTER_07,PMC9633814_CORE_FACILITY_4,CONSTANT_TRAINING_MEAN,T194_a65b2919cfd526700036,PMC9633814_CORE_FACILITY_4,P62330,PMC9633814_CORE_FACILITY_4,0.1281081081081081,0.5227579082823536
T194_OUTER_07,PMC9633814_CORE_FACILITY_4,CONSTANT_TRAINING_MEAN,T194_ad0501eb509abc82e285,PMC9633814_CORE_FACILITY_4,Q9HDC9,PMC9633814_CORE_FACILITY_4,0.8551351351351352,0.5227579082823536
T194_OUTER_07,PMC9633814_CORE_FACILITY_4,CONSTANT_TRAINING_MEAN,T194_b0e9483fbde5ae3f430e,PMC9633814_CORE_FACILITY_4,P37802,PMC9633814_CORE_FACILITY_4,0.6562162162162162,0.5227579082823536
T194_OUTER_07,PMC9633814_CORE_FACILITY_4,CONSTANT_TRAINING_MEAN,T194_b19e506d0ddfda2ef24d,PMC9633814_CORE_FACILITY_4,Q15404,PMC9633814_CORE_FACILITY_4,0.45837837837837836,0.5227579082823536
T194_OUTER_07,PMC9633814_CORE_FACILITY_4,CONSTANT_TRAINING_MEAN,T194_b65ef744e8161896abec,PMC9633814_CORE_FACILITY_4,P55072,PMC9633814_CORE_FACILITY_4,0.8594594594594595,0.5227579082823536
T194_OUTER_07,PMC9633814_CORE_FACILITY_4,CONSTANT_TRAINING_MEAN,T194_b7706459400513bb4c7c,PMC9633814_CORE_FACILITY_4,P62805,PMC9633814_CORE_FACILITY_4,0.5037837837837837,0.5227579082823536
T194_OUTER_07,PMC9633814_CORE_FACILITY_4,CONSTANT_TRAINING_MEAN,T194_b7cac84c2e9373990f24,PMC9633814_CORE_FACILITY_4,P53396,PMC9633814_CORE_FACILITY_4,0.48324324324324325,0.5227579082823536
T194_OUTER_07,PMC9633814_CORE_FACILITY_4,CONSTANT_TRAINING_MEAN,T194_bd4b59c11badf5154c39,PMC9633814_CORE_FACILITY_4,P06396,PMC9633814_CORE_FACILITY_4,0.9718918918918918,0.5227579082823536
T194_OUTER_07,PMC9633814_CORE_FACILITY_4,CONSTANT_TRAINING_MEAN,T194_c00cabf651b697e04d6f,PMC9633814_CORE_FACILITY_4,P28070,PMC9633814_CORE_FACILITY_4,0.42702702702702705,0.5227579082823536
T194_OUTER_07,PMC9633814_CORE_FACILITY_4,CONSTANT_TRAINING_MEAN,T194_c1ff4492a9dda7b246b5,PMC9633814_CORE_FACILITY_4,P61978,PMC9633814_CORE_FACILITY_4,0.20756756756756756,0.5227579082823536
T194_OUTER_07,PMC9633814_CORE_FACILITY_4,CONSTANT_TRAINING_MEAN,T194_c33e87bf43762cecd5da,PMC9633814_CORE_FACILITY_4,O00299,PMC9633814_CORE_FACILITY_4,0.7394594594594595,0.5227579082823536
T194_OUTER_07,PMC9633814_CORE_FACILITY_4,CONSTANT_TRAINING_MEAN,T194_d119f06aabfd105a5b3d,PMC9633814_CORE_FACILITY_4,Q9BSJ8,PMC9633814_CORE_FACILITY_4,0.76,0.5227579082823536
T194_OUTER_07,PMC9633814_CORE_FACILITY_4,CONSTANT_TRAINING_MEAN,T194_d715be3732de986b0a85,PMC9633814_CORE_FACILITY_4,P01275,PMC9633814_CORE_FACILITY_4,0.024324324324324326,0.5227579082823536
T194_OUTER_07,PMC9633814_CORE_FACILITY_4,CONSTANT_TRAINING_MEAN,T194_d780221226b55f4775ba,PMC9633814_CORE_FACILITY_4,P11021,PMC9633814_CORE_FACILITY_4,0.7945945945945946,0.5227579082823536
T194_OUTER_07,PMC9633814_CORE_FACILITY_4,CONSTANT_TRAINING_MEAN,T194_dd03786a54baf415e788,PMC9633814_CORE_FACILITY_4,P06576,PMC9633814_CORE_FACILITY_4,0.8605405405405405,0.5227579082823536
T194_OUTER_07,PMC9633814_CORE_FACILITY_4,CONSTANT_TRAINING_MEAN,T194_e1c5f7ca7c47d3809c9d,PMC9633814_CORE_FACILITY_4,P61026,PMC9633814_CORE_FACILITY_4,0.6324324324324324,0.5227579082823536
T194_OUTER_07,PMC9633814_CORE_FACILITY_4,CONSTANT_TRAINING_MEAN,T194_e34171e33110a3d8a5e0,PMC9633814_CORE_FACILITY_4,P05023,PMC9633814_CORE_FACILITY_4,0.6745945945945946,0.5227579082823536
T194_OUTER_07,PMC9633814_CORE_FACILITY_4,CONSTANT_TRAINING_MEAN,T194_ef7a4c4ef321486c61c7,PMC9633814_CORE_FACILITY_4,Q9NY65,PMC9633814_CORE_FACILITY_4,0.8324324324324325,0.5227579082823536
T194_OUTER_07,PMC9633814_CORE_FACILITY_4,CONSTANT_TRAINING_MEAN,T194_f08ecc90d73586c4d5ce,PMC9633814_CORE_FACILITY_4,P63000,PMC9633814_CORE_FACILITY_4,0.42162162162162165,0.5227579082823536
T194_OUTER_07,PMC9633814_CORE_FACILITY_4,CONSTANT_TRAINING_MEAN,T194_f132e5c669ee4080e130,PMC9633814_CORE_FACILITY_4,Q15942,PMC9633814_CORE_FACILITY_4,0.7383783783783784,0.5227579082823536
T194_OUTER_07,PMC9633814_CORE_FACILITY_4,CONSTANT_TRAINING_MEAN,T194_f7193eca037c91a686fd,PMC9633814_CORE_FACILITY_4,P24844,PMC9633814_CORE_FACILITY_4,0.6659459459459459,0.5227579082823536
T194_OUTER_07,PMC9633814_CORE_FACILITY_4,CONSTANT_TRAINING_MEAN,T194_fe1d024d0a4dad67b608,PMC9633814_CORE_FACILITY_4,P61981,PMC9633814_CORE_FACILITY_4,0.4875675675675676,0.5227579082823536
T194_OUTER_07,PMC9633814_CORE_FACILITY_4,CONSTANT_TRAINING_MEAN,T194_ff0e06b8e5a99ba3ee86,PMC9633814_CORE_FACILITY_4,P52907,PMC9633814_CORE_FACILITY_4,0.827027027027027,0.5227579082823536
T194_OUTER_07,PMC9633814_CORE_FACILITY_4,CONSTANT_TRAINING_MEAN,T194_ffa3b2e061aa60173052,PMC9633814_CORE_FACILITY_4,Q9Y3F4,PMC9633814_CORE_FACILITY_4,0.252972972972973,0.5227579082823536
T194_OUTER_07,PMC9633814_CORE_FACILITY_4,SEQUENCE_RIDGE_FULL,T194_0139e4ba745bd9ecdb7e,PMC9633814_CORE_FACILITY_4,P10644,PMC9633814_CORE_FACILITY_4,0.39135135135135135,0.4870870304148866
T194_OUTER_07,PMC9633814_CORE_FACILITY_4,SEQUENCE_RIDGE_FULL,T194_02c448c6b85d80855bf5,PMC9633814_CORE_FACILITY_4,P19367,PMC9633814_CORE_FACILITY_4,0.05081081081081081,0.6505362430082944
T194_OUTER_07,PMC9633814_CORE_FACILITY_4,SEQUENCE_RIDGE_FULL,T194_033c0ca86834a5aa2bc6,PMC9633814_CORE_FACILITY_4,P61006,PMC9633814_CORE_FACILITY_4,0.016216216216216217,0.3657831011744295
T194_OUTER_07,PMC9633814_CORE_FACILITY_4,SEQUENCE_RIDGE_FULL,T194_05c255b797809d0e33e1,PMC9633814_CORE_FACILITY_4,Q70J99,PMC9633814_CORE_FACILITY_4,0.6227027027027027,0.5655348408913241
T194_OUTER_07,PMC9633814_CORE_FACILITY_4,SEQUENCE_RIDGE_FULL,T194_0b602eaa60b1c1162af0,PMC9633814_CORE_FACILITY_4,P11166,PMC9633814_CORE_FACILITY_4,0.9416216216216217,0.617826224898147
T194_OUTER_07,PMC9633814_CORE_FACILITY_4,SEQUENCE_RIDGE_FULL,T194_120ee039618116614e3d,PMC9633814_CORE_FACILITY_4,P00403,PMC9633814_CORE_FACILITY_4,0.2691891891891892,0.5243631582144458
T194_OUTER_07,PMC9633814_CORE_FACILITY_4,SEQUENCE_RIDGE_FULL,T194_1a9a6e844286c4736939,PMC9633814_CORE_FACILITY_4,P09493,PMC9633814_CORE_FACILITY_4,0.8140540540540541,0.06885112592213413
T194_OUTER_07,PMC9633814_CORE_FACILITY_4,SEQUENCE_RIDGE_FULL,T194_1c66750cf9d5b71c5d7d,PMC9633814_CORE_FACILITY_4,P11413,PMC9633814_CORE_FACILITY_4,0.23675675675675675,0.5803912675974117
T194_OUTER_07,PMC9633814_CORE_FACILITY_4,SEQUENCE_RIDGE_FULL,T194_247c46a3ed973d1e7e92,PMC9633814_CORE_FACILITY_4,Q9H4B7,PMC9633814_CORE_FACILITY_4,0.9524324324324325,0.6446737524701147
T194_OUTER_07,PMC9633814_CORE_FACILITY_4,SEQUENCE_RIDGE_FULL,T194_25680f52ff5b8f7b79a9,PMC9633814_CORE_FACILITY_4,P05556,PMC9633814_CORE_FACILITY_4,0.8572972972972973,0.7729890243408077
T194_OUTER_07,PMC9633814_CORE_FACILITY_4,SEQUENCE_RIDGE_FULL,T194_256bdb3505ef8134bcf9,PMC9633814_CORE_FACILITY_4,P49411,PMC9633814_CORE_FACILITY_4,0.3989189189189189,0.5620757282702693
T194_OUTER_07,PMC9633814_CORE_FACILITY_4,SEQUENCE_RIDGE_FULL,T194_26609328b1b62cac5bfb,PMC9633814_CORE_FACILITY_4,P20645,PMC9633814_CORE_FACILITY_4,0.13297297297297297,0.6160093929456083
T194_OUTER_07,PMC9633814_CORE_FACILITY_4,SEQUENCE_RIDGE_FULL,T194_287be635e862ed7250d3,PMC9633814_CORE_FACILITY_4,Q7L576,PMC9633814_CORE_FACILITY_4,0.6854054054054054,0.5105038854515191
T194_OUTER_07,PMC9633814_CORE_FACILITY_4,SEQUENCE_RIDGE_FULL,T194_2cf46cb4df072efb44bb,PMC9633814_CORE_FACILITY_4,P30041,PMC9633814_CORE_FACILITY_4,0.7718918918918919,0.38875207732507866
T194_OUTER_07,PMC9633814_CORE_FACILITY_4,SEQUENCE_RIDGE_FULL,T194_2eed949eb1006ca5e408,PMC9633814_CORE_FACILITY_4,P30101,PMC9633814_CORE_FACILITY_4,0.6897297297297297,0.4418421859143836
T194_OUTER_07,PMC9633814_CORE_FACILITY_4,SEQUENCE_RIDGE_FULL,T194_3204dcc2a4de144639c5,PMC9633814_CORE_FACILITY_4,O00264,PMC9633814_CORE_FACILITY_4,0.4972972972972973,0.46176119330874776
T194_OUTER_07,PMC9633814_CORE_FACILITY_4,SEQUENCE_RIDGE_FULL,T194_3c77285e75fdce110958,PMC9633814_CORE_FACILITY_4,Q93084,PMC9633814_CORE_FACILITY_4,0.8648648648648649,0.6754106589480285
T194_OUTER_07,PMC9633814_CORE_FACILITY_4,SEQUENCE_RIDGE_FULL,T194_3ea714111d72a1322a41,PMC9633814_CORE_FACILITY_4,P28066,PMC9633814_CORE_FACILITY_4,0.19135135135135134,0.45726396071751013
T194_OUTER_07,PMC9633814_CORE_FACILITY_4,SEQUENCE_RIDGE_FULL,T194_4124eb53136a2701eeed,PMC9633814_CORE_FACILITY_4,O15145,PMC9633814_CORE_FACILITY_4,0.43135135135135133,0.3818299766157163
T194_OUTER_07,PMC9633814_CORE_FACILITY_4,SEQUENCE_RIDGE_FULL,T194_413045eae72cabf69001,PMC9633814_CORE_FACILITY_4,P26038,PMC9633814_CORE_FACILITY_4,0.8237837837837838,0.2898985075304455
T194_OUTER_07,PMC9633814_CORE_FACILITY_4,SEQUENCE_RIDGE_FULL,T194_4295640c7455e171e19d,PMC9633814_CORE_FACILITY_4,O75083,PMC9633814_CORE_FACILITY_4,0.7437837837837837,0.5295653671630568
T194_OUTER_07,PMC9633814_CORE_FACILITY_4,SEQUENCE_RIDGE_FULL,T194_436fedcfb69930ac2141,PMC9633814_CORE_FACILITY_4,P13796,PMC9633814_CORE_FACILITY_4,0.6043243243243244,0.49088813911413937
T194_OUTER_07,PMC9633814_CORE_FACILITY_4,SEQUENCE_RIDGE_FULL,T194_442196345d67d8afca57,PMC9633814_CORE_FACILITY_4,P50990,PMC9633814_CORE_FACILITY_4,0.15567567567567567,0.4814660998223996
T194_OUTER_07,PMC9633814_CORE_FACILITY_4,SEQUENCE_RIDGE_FULL,T194_45cf4fd10acd3764a555,PMC9633814_CORE_FACILITY_4,P04004,PMC9633814_CORE_FACILITY_4,0.9891891891891892,0.5816590020640294
T194_OUTER_07,PMC9633814_CORE_FACILITY_4,SEQUENCE_RIDGE_FULL,T194_4d0ea984f6f9b7a39981,PMC9633814_CORE_FACILITY_4,Q15365,PMC9633814_CORE_FACILITY_4,0.5740540540540541,0.4352414763654032
T194_OUTER_07,PMC9633814_CORE_FACILITY_4,SEQUENCE_RIDGE_FULL,T194_504c35792d37431d7979,PMC9633814_CORE_FACILITY_4,P10809,PMC9633814_CORE_FACILITY_4,0.7178378378378378,0.4376032217393179
T194_OUTER_07,PMC9633814_CORE_FACILITY_4,SEQUENCE_RIDGE_FULL,T194_52fac6e4bc8ab8a6566a,PMC9633814_CORE_FACILITY_4,P27797,PMC9633814_CORE_FACILITY_4,0.6637837837837838,0.4467232804700508
T194_OUTER_07,PMC9633814_CORE_FACILITY_4,SEQUENCE_RIDGE_FULL,T194_5965062ead6d0c51a663,PMC9633814_CORE_FACILITY_4,Q16762,PMC9633814_CORE_FACILITY_4,0.4983783783783784,0.5045162567280556
T194_OUTER_07,PMC9633814_CORE_FACILITY_4,SEQUENCE_RIDGE_FULL,T194_5c36b25e83bf6019d72f,PMC9633814_CORE_FACILITY_4,P10599,PMC9633814_CORE_FACILITY_4,0.47135135135135137,0.37996322915057323
T194_OUTER_07,PMC9633814_CORE_FACILITY_4,SEQUENCE_RIDGE_FULL,T194_5fb9a390f6d3a2af1149,PMC9633814_CORE_FACILITY_4,P07996,PMC9633814_CORE_FACILITY_4,0.9654054054054054,0.8561632909457682
T194_OUTER_07,PMC9633814_CORE_FACILITY_4,SEQUENCE_RIDGE_FULL,T194_60f7641f56f824104117,PMC9633814_CORE_FACILITY_4,Q9NRW1,PMC9633814_CORE_FACILITY_4,0.18702702702702703,0.4246307226765584
T194_OUTER_07,PMC9633814_CORE_FACILITY_4,SEQUENCE_RIDGE_FULL,T194_6218d0dd4ba78708bdf5,PMC9633814_CORE_FACILITY_4,Q27J81,PMC9633814_CORE_FACILITY_4,0.6356756756756756,0.6194213118865701
T194_OUTER_07,PMC9633814_CORE_FACILITY_4,SEQUENCE_RIDGE_FULL,T194_64b1bf10cbd1bd85f945,PMC9633814_CORE_FACILITY_4,P68366,PMC9633814_CORE_FACILITY_4,0.9178378378378378,0.6706736712536042
T194_OUTER_07,PMC9633814_CORE_FACILITY_4,SEQUENCE_RIDGE_FULL,T194_66aac5848e72d4c6dab3,PMC9633814_CORE_FACILITY_4,P16615,PMC9633814_CORE_FACILITY_4,0.6940540540540541,0.6385246396182261
T194_OUTER_07,PMC9633814_CORE_FACILITY_4,SEQUENCE_RIDGE_FULL,T194_6930dc4b389b16616fc3,PMC9633814_CORE_FACILITY_4,Q16643,PMC9633814_CORE_FACILITY_4,0.6097297297297297,0.6299990616773974
T194_OUTER_07,PMC9633814_CORE_FACILITY_4,SEQUENCE_RIDGE_FULL,T194_6f89b45689af215b71e4,PMC9633814_CORE_FACILITY_4,P27348,PMC9633814_CORE_FACILITY_4,0.6335135135135135,0.33770350782415065
T194_OUTER_07,PMC9633814_CORE_FACILITY_4,SEQUENCE_RIDGE_FULL,T194_707ab78623a3515f44b1,PMC9633814_CORE_FACILITY_4,O75531,PMC9633814_CORE_FACILITY_4,0.08864864864864865,0.4250556116043154
T194_OUTER_07,PMC9633814_CORE_FACILITY_4,SEQUENCE_RIDGE_FULL,T194_7453c9689eebcbc045ec,PMC9633814_CORE_FACILITY_4,O00151,PMC9633814_CORE_FACILITY_4,0.7524324324324324,0.5153799731551927
T194_OUTER_07,PMC9633814_CORE_FACILITY_4,SEQUENCE_RIDGE_FULL,T194_783226988c5dc088d77d,PMC9633814_CORE_FACILITY_4,P30048,PMC9633814_CORE_FACILITY_4,0.5383783783783784,0.38912768238071765
T194_OUTER_07,PMC9633814_CORE_FACILITY_4,SEQUENCE_RIDGE_FULL,T194_7df6eeba34773e1c5c08,PMC9633814_CORE_FACILITY_4,P26641,PMC9633814_CORE_FACILITY_4,0.3037837837837838,0.45290110596145017
T194_OUTER_07,PMC9633814_CORE_FACILITY_4,SEQUENCE_RIDGE_FULL,T194_7f217dacd72e542487d9,PMC9633814_CORE_FACILITY_4,O00187,PMC9633814_CORE_FACILITY_4,0.9232432432432433,0.7010556686161442
T194_OUTER_07,PMC9633814_CORE_FACILITY_4,SEQUENCE_RIDGE_FULL,T194_84f8b68c58404016cf5c,PMC9633814_CORE_FACILITY_4,P00387,PMC9633814_CORE_FACILITY_4,0.8216216216216217,0.48948557069689846
T194_OUTER_07,PMC9633814_CORE_FACILITY_4,SEQUENCE_RIDGE_FULL,T194_90cc7859b5be5979cde8,PMC9633814_CORE_FACILITY_4,P04844,PMC9633814_CORE_FACILITY_4,0.6648648648648648,0.5216384010323342
T194_OUTER_07,PMC9633814_CORE_FACILITY_4,SEQUENCE_RIDGE_FULL,T194_932c5628207ae8896a69,PMC9633814_CORE_FACILITY_4,Q58FF8,PMC9633814_CORE_FACILITY_4,0.4864864864864865,0.3664273704296463
T194_OUTER_07,PMC9633814_CORE_FACILITY_4,SEQUENCE_RIDGE_FULL,T194_99494e870520a50c8b0c,PMC9633814_CORE_FACILITY_4,P61106,PMC9633814_CORE_FACILITY_4,0.7048648648648649,0.5101993660281684
T194_OUTER_07,PMC9633814_CORE_FACILITY_4,SEQUENCE_RIDGE_FULL,T194_996908b9d4b7e2968e75,PMC9633814_CORE_FACILITY_4,Q14247,PMC9633814_CORE_FACILITY_4,0.5848648648648649,0.4926199406454218
T194_OUTER_07,PMC9633814_CORE_FACILITY_4,SEQUENCE_RIDGE_FULL,T194_99e594a66c667719840d,PMC9633814_CORE_FACILITY_4,P14868,PMC9633814_CORE_FACILITY_4,0.38972972972972975,0.5582008732781377
T194_OUTER_07,PMC9633814_CORE_FACILITY_4,SEQUENCE_RIDGE_FULL,T194_9a9a8aecbdb0a49c3234,PMC9633814_CORE_FACILITY_4,Q9NQC3,PMC9633814_CORE_FACILITY_4,0.8227027027027027,0.5403908987677333
T194_OUTER_07,PMC9633814_CORE_FACILITY_4,SEQUENCE_RIDGE_FULL,T194_9c408172c8678901eb33,PMC9633814_CORE_FACILITY_4,Q8TC12,PMC9633814_CORE_FACILITY_4,0.6756756756756757,0.43367101064905494
T194_OUTER_07,PMC9633814_CORE_FACILITY_4,SEQUENCE_RIDGE_FULL,T194_9f07225aaf66fc3f601f,PMC9633814_CORE_FACILITY_4,P15531,PMC9633814_CORE_FACILITY_4,0.005945945945945946,0.5514103481002299
T194_OUTER_07,PMC9633814_CORE_FACILITY_4,SEQUENCE_RIDGE_FULL,T194_a0c95adad485e1fa6e76,PMC9633814_CORE_FACILITY_4,Q99832,PMC9633814_CORE_FACILITY_4,0.43783783783783786,0.41592684312123157
T194_OUTER_07,PMC9633814_CORE_FACILITY_4,SEQUENCE_RIDGE_FULL,T194_a1f6a88b65320f30d027,PMC9633814_CORE_FACILITY_4,P30044,PMC9633814_CORE_FACILITY_4,0.7610810810810811,0.3566829800747936
T194_OUTER_07,PMC9633814_CORE_FACILITY_4,SEQUENCE_RIDGE_FULL,T194_a315f0792582ec054b0d,PMC9633814_CORE_FACILITY_4,P50991,PMC9633814_CORE_FACILITY_4,0.40216216216216216,0.36243512413205164
T194_OUTER_07,PMC9633814_CORE_FACILITY_4,SEQUENCE_RIDGE_FULL,T194_a65b2919cfd526700036,PMC9633814_CORE_FACILITY_4,P62330,PMC9633814_CORE_FACILITY_4,0.1281081081081081,0.43718475623948305
T194_OUTER_07,PMC9633814_CORE_FACILITY_4,SEQUENCE_RIDGE_FULL,T194_ad0501eb509abc82e285,PMC9633814_CORE_FACILITY_4,Q9HDC9,PMC9633814_CORE_FACILITY_4,0.8551351351351352,0.5523205296596402
T194_OUTER_07,PMC9633814_CORE_FACILITY_4,SEQUENCE_RIDGE_FULL,T194_b0e9483fbde5ae3f430e,PMC9633814_CORE_FACILITY_4,P37802,PMC9633814_CORE_FACILITY_4,0.6562162162162162,0.4861066320681373
T194_OUTER_07,PMC9633814_CORE_FACILITY_4,SEQUENCE_RIDGE_FULL,T194_b19e506d0ddfda2ef24d,PMC9633814_CORE_FACILITY_4,Q15404,PMC9633814_CORE_FACILITY_4,0.45837837837837836,0.4260847932759636
T194_OUTER_07,PMC9633814_CORE_FACILITY_4,SEQUENCE_RIDGE_FULL,T194_b65ef744e8161896abec,PMC9633814_CORE_FACILITY_4,P55072,PMC9633814_CORE_FACILITY_4,0.8594594594594595,0.5934969294671212
T194_OUTER_07,PMC9633814_CORE_FACILITY_4,SEQUENCE_RIDGE_FULL,T194_b7706459400513bb4c7c,PMC9633814_CORE_FACILITY_4,P62805,PMC9633814_CORE_FACILITY_4,0.5037837837837837,0.45019559322196734
T194_OUTER_07,PMC9633814_CORE_FACILITY_4,SEQUENCE_RIDGE_FULL,T194_b7cac84c2e9373990f24,PMC9633814_CORE_FACILITY_4,P53396,PMC9633814_CORE_FACILITY_4,0.48324324324324325,0.6726213794505825
T194_OUTER_07,PMC9633814_CORE_FACILITY_4,SEQUENCE_RIDGE_FULL,T194_bd4b59c11badf5154c39,PMC9633814_CORE_FACILITY_4,P06396,PMC9633814_CORE_FACILITY_4,0.9718918918918918,0.5748009915205519
T194_OUTER_07,PMC9633814_CORE_FACILITY_4,SEQUENCE_RIDGE_FULL,T194_c00cabf651b697e04d6f,PMC9633814_CORE_FACILITY_4,P28070,PMC9633814_CORE_FACILITY_4,0.42702702702702705,0.49210132094139364
T194_OUTER_07,PMC9633814_CORE_FACILITY_4,SEQUENCE_RIDGE_FULL,T194_c1ff4492a9dda7b246b5,PMC9633814_CORE_FACILITY_4,P61978,PMC9633814_CORE_FACILITY_4,0.20756756756756756,0.6016174969926997
T194_OUTER_07,PMC9633814_CORE_FACILITY_4,SEQUENCE_RIDGE_FULL,T194_c33e87bf43762cecd5da,PMC9633814_CORE_FACILITY_4,O00299,PMC9633814_CORE_FACILITY_4,0.7394594594594595,0.5581931185801345
T194_OUTER_07,PMC9633814_CORE_FACILITY_4,SEQUENCE_RIDGE_FULL,T194_d119f06aabfd105a5b3d,PMC9633814_CORE_FACILITY_4,Q9BSJ8,PMC9633814_CORE_FACILITY_4,0.76,0.5316297376745835
T194_OUTER_07,PMC9633814_CORE_FACILITY_4,SEQUENCE_RIDGE_FULL,T194_d715be3732de986b0a85,PMC9633814_CORE_FACILITY_4,P01275,PMC9633814_CORE_FACILITY_4,0.024324324324324326,0.3478885876084822
T194_OUTER_07,PMC9633814_CORE_FACILITY_4,SEQUENCE_RIDGE_FULL,T194_d780221226b55f4775ba,PMC9633814_CORE_FACILITY_4,P11021,PMC9633814_CORE_FACILITY_4,0.7945945945945946,0.5598860693589287
T194_OUTER_07,PMC9633814_CORE_FACILITY_4,SEQUENCE_RIDGE_FULL,T194_dd03786a54baf415e788,PMC9633814_CORE_FACILITY_4,P06576,PMC9633814_CORE_FACILITY_4,0.8605405405405405,0.5752354560415746
T194_OUTER_07,PMC9633814_CORE_FACILITY_4,SEQUENCE_RIDGE_FULL,T194_e1c5f7ca7c47d3809c9d,PMC9633814_CORE_FACILITY_4,P61026,PMC9633814_CORE_FACILITY_4,0.6324324324324324,0.3771060113265
T194_OUTER_07,PMC9633814_CORE_FACILITY_4,SEQUENCE_RIDGE_FULL,T194_e34171e33110a3d8a5e0,PMC9633814_CORE_FACILITY_4,P05023,PMC9633814_CORE_FACILITY_4,0.6745945945945946,0.6571016127042153
T194_OUTER_07,PMC9633814_CORE_FACILITY_4,SEQUENCE_RIDGE_FULL,T194_ef7a4c4ef321486c61c7,PMC9633814_CORE_FACILITY_4,Q9NY65,PMC9633814_CORE_FACILITY_4,0.8324324324324325,0.6607599341820306
T194_OUTER_07,PMC9633814_CORE_FACILITY_4,SEQUENCE_RIDGE_FULL,T194_f08ecc90d73586c4d5ce,PMC9633814_CORE_FACILITY_4,P63000,PMC9633814_CORE_FACILITY_4,0.42162162162162165,0.40475831143394614
T194_OUTER_07,PMC9633814_CORE_FACILITY_4,SEQUENCE_RIDGE_FULL,T194_f132e5c669ee4080e130,PMC9633814_CORE_FACILITY_4,Q15942,PMC9633814_CORE_FACILITY_4,0.7383783783783784,0.6318420941737761
T194_OUTER_07,PMC9633814_CORE_FACILITY_4,SEQUENCE_RIDGE_FULL,T194_f7193eca037c91a686fd,PMC9633814_CORE_FACILITY_4,P24844,PMC9633814_CORE_FACILITY_4,0.6659459459459459,0.5165150382888871
T194_OUTER_07,PMC9633814_CORE_FACILITY_4,SEQUENCE_RIDGE_FULL,T194_fe1d024d0a4dad67b608,PMC9633814_CORE_FACILITY_4,P61981,PMC9633814_CORE_FACILITY_4,0.4875675675675676,0.3739967462960483
T194_OUTER_07,PMC9633814_CORE_FACILITY_4,SEQUENCE_RIDGE_FULL,T194_ff0e06b8e5a99ba3ee86,PMC9633814_CORE_FACILITY_4,P52907,PMC9633814_CORE_FACILITY_4,0.827027027027027,0.4999204855294825
T194_OUTER_07,PMC9633814_CORE_FACILITY_4,SEQUENCE_RIDGE_FULL,T194_ffa3b2e061aa60173052,PMC9633814_CORE_FACILITY_4,Q9Y3F4,PMC9633814_CORE_FACILITY_4,0.252972972972973,0.37511636353889793
T194_OUTER_07,PMC9633814_CORE_FACILITY_4,SEQUENCE_RIDGE_COMPOSITION_ONLY,T194_0139e4ba745bd9ecdb7e,PMC9633814_CORE_FACILITY_4,P10644,PMC9633814_CORE_FACILITY_4,0.39135135135135135,0.5560895907374757
T194_OUTER_07,PMC9633814_CORE_FACILITY_4,SEQUENCE_RIDGE_COMPOSITION_ONLY,T194_02c448c6b85d80855bf5,PMC9633814_CORE_FACILITY_4,P19367,PMC9633814_CORE_FACILITY_4,0.05081081081081081,0.5745723481648968
T194_OUTER_07,PMC9633814_CORE_FACILITY_4,SEQUENCE_RIDGE_COMPOSITION_ONLY,T194_033c0ca86834a5aa2bc6,PMC9633814_CORE_FACILITY_4,P61006,PMC9633814_CORE_FACILITY_4,0.016216216216216217,0.3676114772846694
T194_OUTER_07,PMC9633814_CORE_FACILITY_4,SEQUENCE_RIDGE_COMPOSITION_ONLY,T194_05c255b797809d0e33e1,PMC9633814_CORE_FACILITY_4,Q70J99,PMC9633814_CORE_FACILITY_4,0.6227027027027027,0.5330093409780134
T194_OUTER_07,PMC9633814_CORE_FACILITY_4,SEQUENCE_RIDGE_COMPOSITION_ONLY,T194_0b602eaa60b1c1162af0,PMC9633814_CORE_FACILITY_4,P11166,PMC9633814_CORE_FACILITY_4,0.9416216216216217,0.602599546941555
T194_OUTER_07,PMC9633814_CORE_FACILITY_4,SEQUENCE_RIDGE_COMPOSITION_ONLY,T194_120ee039618116614e3d,PMC9633814_CORE_FACILITY_4,P00403,PMC9633814_CORE_FACILITY_4,0.2691891891891892,0.5632005466818315
T194_OUTER_07,PMC9633814_CORE_FACILITY_4,SEQUENCE_RIDGE_COMPOSITION_ONLY,T194_1a9a6e844286c4736939,PMC9633814_CORE_FACILITY_4,P09493,PMC9633814_CORE_FACILITY_4,0.8140540540540541,0.11006636130493788
T194_OUTER_07,PMC9633814_CORE_FACILITY_4,SEQUENCE_RIDGE_COMPOSITION_ONLY,T194_1c66750cf9d5b71c5d7d,PMC9633814_CORE_FACILITY_4,P11413,PMC9633814_CORE_FACILITY_4,0.23675675675675675,0.5581925292474328
T194_OUTER_07,PMC9633814_CORE_FACILITY_4,SEQUENCE_RIDGE_COMPOSITION_ONLY,T194_247c46a3ed973d1e7e92,PMC9633814_CORE_FACILITY_4,Q9H4B7,PMC9633814_CORE_FACILITY_4,0.9524324324324325,0.6647045900982719
T194_OUTER_07,PMC9633814_CORE_FACILITY_4,SEQUENCE_RIDGE_COMPOSITION_ONLY,T194_25680f52ff5b8f7b79a9,PMC9633814_CORE_FACILITY_4,P05556,PMC9633814_CORE_FACILITY_4,0.8572972972972973,0.7555548003899464
T194_OUTER_07,PMC9633814_CORE_FACILITY_4,SEQUENCE_RIDGE_COMPOSITION_ONLY,T194_256bdb3505ef8134bcf9,PMC9633814_CORE_FACILITY_4,P49411,PMC9633814_CORE_FACILITY_4,0.3989189189189189,0.529282663125794
T194_OUTER_07,PMC9633814_CORE_FACILITY_4,SEQUENCE_RIDGE_COMPOSITION_ONLY,T194_26609328b1b62cac5bfb,PMC9633814_CORE_FACILITY_4,P20645,PMC9633814_CORE_FACILITY_4,0.13297297297297297,0.6675267337244658
T194_OUTER_07,PMC9633814_CORE_FACILITY_4,SEQUENCE_RIDGE_COMPOSITION_ONLY,T194_287be635e862ed7250d3,PMC9633814_CORE_FACILITY_4,Q7L576,PMC9633814_CORE_FACILITY_4,0.6854054054054054,0.5027296177167345
T194_OUTER_07,PMC9633814_CORE_FACILITY_4,SEQUENCE_RIDGE_COMPOSITION_ONLY,T194_2cf46cb4df072efb44bb,PMC9633814_CORE_FACILITY_4,P30041,PMC9633814_CORE_FACILITY_4,0.7718918918918919,0.44601300765362356
T194_OUTER_07,PMC9633814_CORE_FACILITY_4,SEQUENCE_RIDGE_COMPOSITION_ONLY,T194_2eed949eb1006ca5e408,PMC9633814_CORE_FACILITY_4,P30101,PMC9633814_CORE_FACILITY_4,0.6897297297297297,0.39900511525151994
T194_OUTER_07,PMC9633814_CORE_FACILITY_4,SEQUENCE_RIDGE_COMPOSITION_ONLY,T194_3204dcc2a4de144639c5,PMC9633814_CORE_FACILITY_4,O00264,PMC9633814_CORE_FACILITY_4,0.4972972972972973,0.5491342893082609
T194_OUTER_07,PMC9633814_CORE_FACILITY_4,SEQUENCE_RIDGE_COMPOSITION_ONLY,T194_3c77285e75fdce110958,PMC9633814_CORE_FACILITY_4,Q93084,PMC9633814_CORE_FACILITY_4,0.8648648648648649,0.5808378622980169
T194_OUTER_07,PMC9633814_CORE_FACILITY_4,SEQUENCE_RIDGE_COMPOSITION_ONLY,T194_3ea714111d72a1322a41,PMC9633814_CORE_FACILITY_4,P28066,PMC9633814_CORE_FACILITY_4,0.19135135135135134,0.5530167292291852
T194_OUTER_07,PMC9633814_CORE_FACILITY_4,SEQUENCE_RIDGE_COMPOSITION_ONLY,T194_4124eb53136a2701eeed,PMC9633814_CORE_FACILITY_4,O15145,PMC9633814_CORE_FACILITY_4,0.43135135135135133,0.3434324879186366
T194_OUTER_07,PMC9633814_CORE_FACILITY_4,SEQUENCE_RIDGE_COMPOSITION_ONLY,T194_413045eae72cabf69001,PMC9633814_CORE_FACILITY_4,P26038,PMC9633814_CORE_FACILITY_4,0.8237837837837838,0.27908033247969466
T194_OUTER_07,PMC9633814_CORE_FACILITY_4,SEQUENCE_RIDGE_COMPOSITION_ONLY,T194_4295640c7455e171e19d,PMC9633814_CORE_FACILITY_4,O75083,PMC9633814_CORE_FACILITY_4,0.7437837837837837,0.5187798208198388
T194_OUTER_07,PMC9633814_CORE_FACILITY_4,SEQUENCE_RIDGE_COMPOSITION_ONLY,T194_436fedcfb69930ac2141,PMC9633814_CORE_FACILITY_4,P13796,PMC9633814_CORE_FACILITY_4,0.6043243243243244,0.48988525594698645
T194_OUTER_07,PMC9633814_CORE_FACILITY_4,SEQUENCE_RIDGE_COMPOSITION_ONLY,T194_442196345d67d8afca57,PMC9633814_CORE_FACILITY_4,P50990,PMC9633814_CORE_FACILITY_4,0.15567567567567567,0.46322388317004604
T194_OUTER_07,PMC9633814_CORE_FACILITY_4,SEQUENCE_RIDGE_COMPOSITION_ONLY,T194_45cf4fd10acd3764a555,PMC9633814_CORE_FACILITY_4,P04004,PMC9633814_CORE_FACILITY_4,0.9891891891891892,0.6077493662606492
T194_OUTER_07,PMC9633814_CORE_FACILITY_4,SEQUENCE_RIDGE_COMPOSITION_ONLY,T194_4d0ea984f6f9b7a39981,PMC9633814_CORE_FACILITY_4,Q15365,PMC9633814_CORE_FACILITY_4,0.5740540540540541,0.5843647775083318
T194_OUTER_07,PMC9633814_CORE_FACILITY_4,SEQUENCE_RIDGE_COMPOSITION_ONLY,T194_504c35792d37431d7979,PMC9633814_CORE_FACILITY_4,P10809,PMC9633814_CORE_FACILITY_4,0.7178378378378378,0.42527356278975054
T194_OUTER_07,PMC9633814_CORE_FACILITY_4,SEQUENCE_RIDGE_COMPOSITION_ONLY,T194_52fac6e4bc8ab8a6566a,PMC9633814_CORE_FACILITY_4,P27797,PMC9633814_CORE_FACILITY_4,0.6637837837837838,0.49237868384550826
T194_OUTER_07,PMC9633814_CORE_FACILITY_4,SEQUENCE_RIDGE_COMPOSITION_ONLY,T194_5965062ead6d0c51a663,PMC9633814_CORE_FACILITY_4,Q16762,PMC9633814_CORE_FACILITY_4,0.4983783783783784,0.5415842821479725
T194_OUTER_07,PMC9633814_CORE_FACILITY_4,SEQUENCE_RIDGE_COMPOSITION_ONLY,T194_5c36b25e83bf6019d72f,PMC9633814_CORE_FACILITY_4,P10599,PMC9633814_CORE_FACILITY_4,0.47135135135135137,0.4537677870813679
T194_OUTER_07,PMC9633814_CORE_FACILITY_4,SEQUENCE_RIDGE_COMPOSITION_ONLY,T194_5fb9a390f6d3a2af1149,PMC9633814_CORE_FACILITY_4,P07996,PMC9633814_CORE_FACILITY_4,0.9654054054054054,0.7892716737024136
T194_OUTER_07,PMC9633814_CORE_FACILITY_4,SEQUENCE_RIDGE_COMPOSITION_ONLY,T194_60f7641f56f824104117,PMC9633814_CORE_FACILITY_4,Q9NRW1,PMC9633814_CORE_FACILITY_4,0.18702702702702703,0.5203653428100573
T194_OUTER_07,PMC9633814_CORE_FACILITY_4,SEQUENCE_RIDGE_COMPOSITION_ONLY,T194_6218d0dd4ba78708bdf5,PMC9633814_CORE_FACILITY_4,Q27J81,PMC9633814_CORE_FACILITY_4,0.6356756756756756,0.48045897650703673
T194_OUTER_07,PMC9633814_CORE_FACILITY_4,SEQUENCE_RIDGE_COMPOSITION_ONLY,T194_64b1bf10cbd1bd85f945,PMC9633814_CORE_FACILITY_4,P68366,PMC9633814_CORE_FACILITY_4,0.9178378378378378,0.6693367495822611
T194_OUTER_07,PMC9633814_CORE_FACILITY_4,SEQUENCE_RIDGE_COMPOSITION_ONLY,T194_66aac5848e72d4c6dab3,PMC9633814_CORE_FACILITY_4,P16615,PMC9633814_CORE_FACILITY_4,0.6940540540540541,0.5448211559656728
T194_OUTER_07,PMC9633814_CORE_FACILITY_4,SEQUENCE_RIDGE_COMPOSITION_ONLY,T194_6930dc4b389b16616fc3,PMC9633814_CORE_FACILITY_4,Q16643,PMC9633814_CORE_FACILITY_4,0.6097297297297297,0.6694908406928847
T194_OUTER_07,PMC9633814_CORE_FACILITY_4,SEQUENCE_RIDGE_COMPOSITION_ONLY,T194_6f89b45689af215b71e4,PMC9633814_CORE_FACILITY_4,P27348,PMC9633814_CORE_FACILITY_4,0.6335135135135135,0.3836929960543758
T194_OUTER_07,PMC9633814_CORE_FACILITY_4,SEQUENCE_RIDGE_COMPOSITION_ONLY,T194_707ab78623a3515f44b1,PMC9633814_CORE_FACILITY_4,O75531,PMC9633814_CORE_FACILITY_4,0.08864864864864865,0.4463991586905185
T194_OUTER_07,PMC9633814_CORE_FACILITY_4,SEQUENCE_RIDGE_COMPOSITION_ONLY,T194_7453c9689eebcbc045ec,PMC9633814_CORE_FACILITY_4,O00151,PMC9633814_CORE_FACILITY_4,0.7524324324324324,0.5917551889171384
T194_OUTER_07,PMC9633814_CORE_FACILITY_4,SEQUENCE_RIDGE_COMPOSITION_ONLY,T194_783226988c5dc088d77d,PMC9633814_CORE_FACILITY_4,P30048,PMC9633814_CORE_FACILITY_4,0.5383783783783784,0.49369750320488337
T194_OUTER_07,PMC9633814_CORE_FACILITY_4,SEQUENCE_RIDGE_COMPOSITION_ONLY,T194_7df6eeba34773e1c5c08,PMC9633814_CORE_FACILITY_4,P26641,PMC9633814_CORE_FACILITY_4,0.3037837837837838,0.41556238084158664
T194_OUTER_07,PMC9633814_CORE_FACILITY_4,SEQUENCE_RIDGE_COMPOSITION_ONLY,T194_7f217dacd72e542487d9,PMC9633814_CORE_FACILITY_4,O00187,PMC9633814_CORE_FACILITY_4,0.9232432432432433,0.6467443132399958
T194_OUTER_07,PMC9633814_CORE_FACILITY_4,SEQUENCE_RIDGE_COMPOSITION_ONLY,T194_84f8b68c58404016cf5c,PMC9633814_CORE_FACILITY_4,P00387,PMC9633814_CORE_FACILITY_4,0.8216216216216217,0.5060508786808324
T194_OUTER_07,PMC9633814_CORE_FACILITY_4,SEQUENCE_RIDGE_COMPOSITION_ONLY,T194_90cc7859b5be5979cde8,PMC9633814_CORE_FACILITY_4,P04844,PMC9633814_CORE_FACILITY_4,0.6648648648648648,0.5000835589457611
T194_OUTER_07,PMC9633814_CORE_FACILITY_4,SEQUENCE_RIDGE_COMPOSITION_ONLY,T194_932c5628207ae8896a69,PMC9633814_CORE_FACILITY_4,Q58FF8,PMC9633814_CORE_FACILITY_4,0.4864864864864865,0.37106760744547435
T194_OUTER_07,PMC9633814_CORE_FACILITY_4,SEQUENCE_RIDGE_COMPOSITION_ONLY,T194_99494e870520a50c8b0c,PMC9633814_CORE_FACILITY_4,P61106,PMC9633814_CORE_FACILITY_4,0.7048648648648649,0.5338709757496083
T194_OUTER_07,PMC9633814_CORE_FACILITY_4,SEQUENCE_RIDGE_COMPOSITION_ONLY,T194_996908b9d4b7e2968e75,PMC9633814_CORE_FACILITY_4,Q14247,PMC9633814_CORE_FACILITY_4,0.5848648648648649,0.4517391706755309
T194_OUTER_07,PMC9633814_CORE_FACILITY_4,SEQUENCE_RIDGE_COMPOSITION_ONLY,T194_99e594a66c667719840d,PMC9633814_CORE_FACILITY_4,P14868,PMC9633814_CORE_FACILITY_4,0.38972972972972975,0.5629620487912916
T194_OUTER_07,PMC9633814_CORE_FACILITY_4,SEQUENCE_RIDGE_COMPOSITION_ONLY,T194_9a9a8aecbdb0a49c3234,PMC9633814_CORE_FACILITY_4,Q9NQC3,PMC9633814_CORE_FACILITY_4,0.8227027027027027,0.4474635109899576
T194_OUTER_07,PMC9633814_CORE_FACILITY_4,SEQUENCE_RIDGE_COMPOSITION_ONLY,T194_9c408172c8678901eb33,PMC9633814_CORE_FACILITY_4,Q8TC12,PMC9633814_CORE_FACILITY_4,0.6756756756756757,0.4414724434036464
T194_OUTER_07,PMC9633814_CORE_FACILITY_4,SEQUENCE_RIDGE_COMPOSITION_ONLY,T194_9f07225aaf66fc3f601f,PMC9633814_CORE_FACILITY_4,P15531,PMC9633814_CORE_FACILITY_4,0.005945945945945946,0.5895146219511456
T194_OUTER_07,PMC9633814_CORE_FACILITY_4,SEQUENCE_RIDGE_COMPOSITION_ONLY,T194_a0c95adad485e1fa6e76,PMC9633814_CORE_FACILITY_4,Q99832,PMC9633814_CORE_FACILITY_4,0.43783783783783786,0.40078732788919685
T194_OUTER_07,PMC9633814_CORE_FACILITY_4,SEQUENCE_RIDGE_COMPOSITION_ONLY,T194_a1f6a88b65320f30d027,PMC9633814_CORE_FACILITY_4,P30044,PMC9633814_CORE_FACILITY_4,0.7610810810810811,0.4999270932193341
T194_OUTER_07,PMC9633814_CORE_FACILITY_4,SEQUENCE_RIDGE_COMPOSITION_ONLY,T194_a315f0792582ec054b0d,PMC9633814_CORE_FACILITY_4,P50991,PMC9633814_CORE_FACILITY_4,0.40216216216216216,0.4241928731317429
T194_OUTER_07,PMC9633814_CORE_FACILITY_4,SEQUENCE_RIDGE_COMPOSITION_ONLY,T194_a65b2919cfd526700036,PMC9633814_CORE_FACILITY_4,P62330,PMC9633814_CORE_FACILITY_4,0.1281081081081081,0.44816097312676767
T194_OUTER_07,PMC9633814_CORE_FACILITY_4,SEQUENCE_RIDGE_COMPOSITION_ONLY,T194_ad0501eb509abc82e285,PMC9633814_CORE_FACILITY_4,Q9HDC9,PMC9633814_CORE_FACILITY_4,0.8551351351351352,0.6207935271703735
T194_OUTER_07,PMC9633814_CORE_FACILITY_4,SEQUENCE_RIDGE_COMPOSITION_ONLY,T194_b0e9483fbde5ae3f430e,PMC9633814_CORE_FACILITY_4,P37802,PMC9633814_CORE_FACILITY_4,0.6562162162162162,0.5320134725807174
T194_OUTER_07,PMC9633814_CORE_FACILITY_4,SEQUENCE_RIDGE_COMPOSITION_ONLY,T194_b19e506d0ddfda2ef24d,PMC9633814_CORE_FACILITY_4,Q15404,PMC9633814_CORE_FACILITY_4,0.45837837837837836,0.462246677126827
T194_OUTER_07,PMC9633814_CORE_FACILITY_4,SEQUENCE_RIDGE_COMPOSITION_ONLY,T194_b65ef744e8161896abec,PMC9633814_CORE_FACILITY_4,P55072,PMC9633814_CORE_FACILITY_4,0.8594594594594595,0.5731836907033031
T194_OUTER_07,PMC9633814_CORE_FACILITY_4,SEQUENCE_RIDGE_COMPOSITION_ONLY,T194_b7706459400513bb4c7c,PMC9633814_CORE_FACILITY_4,P62805,PMC9633814_CORE_FACILITY_4,0.5037837837837837,0.4281065085904441
T194_OUTER_07,PMC9633814_CORE_FACILITY_4,SEQUENCE_RIDGE_COMPOSITION_ONLY,T194_b7cac84c2e9373990f24,PMC9633814_CORE_FACILITY_4,P53396,PMC9633814_CORE_FACILITY_4,0.48324324324324325,0.4833247022882401
T194_OUTER_07,PMC9633814_CORE_FACILITY_4,SEQUENCE_RIDGE_COMPOSITION_ONLY,T194_bd4b59c11badf5154c39,PMC9633814_CORE_FACILITY_4,P06396,PMC9633814_CORE_FACILITY_4,0.9718918918918918,0.49732953265012125
T194_OUTER_07,PMC9633814_CORE_FACILITY_4,SEQUENCE_RIDGE_COMPOSITION_ONLY,T194_c00cabf651b697e04d6f,PMC9633814_CORE_FACILITY_4,P28070,PMC9633814_CORE_FACILITY_4,0.42702702702702705,0.5506632417893914
T194_OUTER_07,PMC9633814_CORE_FACILITY_4,SEQUENCE_RIDGE_COMPOSITION_ONLY,T194_c1ff4492a9dda7b246b5,PMC9633814_CORE_FACILITY_4,P61978,PMC9633814_CORE_FACILITY_4,0.20756756756756756,0.6583476110651353
T194_OUTER_07,PMC9633814_CORE_FACILITY_4,SEQUENCE_RIDGE_COMPOSITION_ONLY,T194_c33e87bf43762cecd5da,PMC9633814_CORE_FACILITY_4,O00299,PMC9633814_CORE_FACILITY_4,0.7394594594594595,0.5768774466077283
T194_OUTER_07,PMC9633814_CORE_FACILITY_4,SEQUENCE_RIDGE_COMPOSITION_ONLY,T194_d119f06aabfd105a5b3d,PMC9633814_CORE_FACILITY_4,Q9BSJ8,PMC9633814_CORE_FACILITY_4,0.76,0.5039403267853085
T194_OUTER_07,PMC9633814_CORE_FACILITY_4,SEQUENCE_RIDGE_COMPOSITION_ONLY,T194_d715be3732de986b0a85,PMC9633814_CORE_FACILITY_4,P01275,PMC9633814_CORE_FACILITY_4,0.024324324324324326,0.40779780683924755
T194_OUTER_07,PMC9633814_CORE_FACILITY_4,SEQUENCE_RIDGE_COMPOSITION_ONLY,T194_d780221226b55f4775ba,PMC9633814_CORE_FACILITY_4,P11021,PMC9633814_CORE_FACILITY_4,0.7945945945945946,0.5282717510453798
T194_OUTER_07,PMC9633814_CORE_FACILITY_4,SEQUENCE_RIDGE_COMPOSITION_ONLY,T194_dd03786a54baf415e788,PMC9633814_CORE_FACILITY_4,P06576,PMC9633814_CORE_FACILITY_4,0.8605405405405405,0.5690860463118368
T194_OUTER_07,PMC9633814_CORE_FACILITY_4,SEQUENCE_RIDGE_COMPOSITION_ONLY,T194_e1c5f7ca7c47d3809c9d,PMC9633814_CORE_FACILITY_4,P61026,PMC9633814_CORE_FACILITY_4,0.6324324324324324,0.39764719424773326
T194_OUTER_07,PMC9633814_CORE_FACILITY_4,SEQUENCE_RIDGE_COMPOSITION_ONLY,T194_e34171e33110a3d8a5e0,PMC9633814_CORE_FACILITY_4,P05023,PMC9633814_CORE_FACILITY_4,0.6745945945945946,0.5536497650988408
T194_OUTER_07,PMC9633814_CORE_FACILITY_4,SEQUENCE_RIDGE_COMPOSITION_ONLY,T194_ef7a4c4ef321486c61c7,PMC9633814_CORE_FACILITY_4,Q9NY65,PMC9633814_CORE_FACILITY_4,0.8324324324324325,0.6617095771163451
T194_OUTER_07,PMC9633814_CORE_FACILITY_4,SEQUENCE_RIDGE_COMPOSITION_ONLY,T194_f08ecc90d73586c4d5ce,PMC9633814_CORE_FACILITY_4,P63000,PMC9633814_CORE_FACILITY_4,0.42162162162162165,0.4584687370089642
T194_OUTER_07,PMC9633814_CORE_FACILITY_4,SEQUENCE_RIDGE_COMPOSITION_ONLY,T194_f132e5c669ee4080e130,PMC9633814_CORE_FACILITY_4,Q15942,PMC9633814_CORE_FACILITY_4,0.7383783783783784,0.6696544288811412
T194_OUTER_07,PMC9633814_CORE_FACILITY_4,SEQUENCE_RIDGE_COMPOSITION_ONLY,T194_f7193eca037c91a686fd,PMC9633814_CORE_FACILITY_4,P24844,PMC9633814_CORE_FACILITY_4,0.6659459459459459,0.470536416648977
T194_OUTER_07,PMC9633814_CORE_FACILITY_4,SEQUENCE_RIDGE_COMPOSITION_ONLY,T194_fe1d024d0a4dad67b608,PMC9633814_CORE_FACILITY_4,P61981,PMC9633814_CORE_FACILITY_4,0.4875675675675676,0.415226919528142
T194_OUTER_07,PMC9633814_CORE_FACILITY_4,SEQUENCE_RIDGE_COMPOSITION_ONLY,T194_ff0e06b8e5a99ba3ee86,PMC9633814_CORE_FACILITY_4,P52907,PMC9633814_CORE_FACILITY_4,0.827027027027027,0.5086728848233187
T194_OUTER_07,PMC9633814_CORE_FACILITY_4,SEQUENCE_RIDGE_COMPOSITION_ONLY,T194_ffa3b2e061aa60173052,PMC9633814_CORE_FACILITY_4,Q9Y3F4,PMC9633814_CORE_FACILITY_4,0.252972972972973,0.4102431014163075
T194_OUTER_08,PMC9633814_CORE_FACILITY_5,CONSTANT_TRAINING_MEAN,T194_00fe2ce00669689ddf02,PMC9633814_CORE_FACILITY_5,P62330,PMC9633814_CORE_FACILITY_5,0.08163265306122448,0.5255077687008838
T194_OUTER_08,PMC9633814_CORE_FACILITY_5,CONSTANT_TRAINING_MEAN,T194_09e3d98472207f00245d,PMC9633814_CORE_FACILITY_5,O00187,PMC9633814_CORE_FACILITY_5,0.85578231292517,0.5255077687008838
T194_OUTER_08,PMC9633814_CORE_FACILITY_5,CONSTANT_TRAINING_MEAN,T194_0aacf7daf5aa9feaf1bc,PMC9633814_CORE_FACILITY_5,Q70J99,PMC9633814_CORE_FACILITY_5,0.5619047619047619,0.5255077687008838
T194_OUTER_08,PMC9633814_CORE_FACILITY_5,CONSTANT_TRAINING_MEAN,T194_0f6e50e3821c7fd13af1,PMC9633814_CORE_FACILITY_5,P00387,PMC9633814_CORE_FACILITY_5,0.8122448979591836,0.5255077687008838
T194_OUTER_08,PMC9633814_CORE_FACILITY_5,CONSTANT_TRAINING_MEAN,T194_110bb400f9ae64ea523f,PMC9633814_CORE_FACILITY_5,P26641,PMC9633814_CORE_FACILITY_5,0.32789115646258504,0.5255077687008838
T194_OUTER_08,PMC9633814_CORE_FACILITY_5,CONSTANT_TRAINING_MEAN,T194_112184700dd98778f502,PMC9633814_CORE_FACILITY_5,P15531,PMC9633814_CORE_FACILITY_5,0.24489795918367346,0.5255077687008838
T194_OUTER_08,PMC9633814_CORE_FACILITY_5,CONSTANT_TRAINING_MEAN,T194_13283b2d4e410e18e923,PMC9633814_CORE_FACILITY_5,Q14247,PMC9633814_CORE_FACILITY_5,0.3142857142857143,0.5255077687008838
T194_OUTER_08,PMC9633814_CORE_FACILITY_5,CONSTANT_TRAINING_MEAN,T194_143fdccab3edf96cb996,PMC9633814_CORE_FACILITY_5,P61026,PMC9633814_CORE_FACILITY_5,0.7687074829931972,0.5255077687008838
T194_OUTER_08,PMC9633814_CORE_FACILITY_5,CONSTANT_TRAINING_MEAN,T194_14525c085e847a169233,PMC9633814_CORE_FACILITY_5,P30048,PMC9633814_CORE_FACILITY_5,0.6353741496598639,0.5255077687008838
T194_OUTER_08,PMC9633814_CORE_FACILITY_5,CONSTANT_TRAINING_MEAN,T194_145becdc5b26d0f1f788,PMC9633814_CORE_FACILITY_5,O75083,PMC9633814_CORE_FACILITY_5,0.7959183673469388,0.5255077687008838
T194_OUTER_08,PMC9633814_CORE_FACILITY_5,CONSTANT_TRAINING_MEAN,T194_15369186fb271a7a91b7,PMC9633814_CORE_FACILITY_5,Q27J81,PMC9633814_CORE_FACILITY_5,0.41496598639455784,0.5255077687008838
T194_OUTER_08,PMC9633814_CORE_FACILITY_5,CONSTANT_TRAINING_MEAN,T194_198920630e1680b42af2,PMC9633814_CORE_FACILITY_5,P05556,PMC9633814_CORE_FACILITY_5,0.8095238095238095,0.5255077687008838
T194_OUTER_08,PMC9633814_CORE_FACILITY_5,CONSTANT_TRAINING_MEAN,T194_1cd502a26f655fb27245,PMC9633814_CORE_FACILITY_5,P06396,PMC9633814_CORE_FACILITY_5,0.9469387755102041,0.5255077687008838
T194_OUTER_08,PMC9633814_CORE_FACILITY_5,CONSTANT_TRAINING_MEAN,T194_25f0ed2eb3bc00d0afcb,PMC9633814_CORE_FACILITY_5,P53396,PMC9633814_CORE_FACILITY_5,0.4435374149659864,0.5255077687008838
T194_OUTER_08,PMC9633814_CORE_FACILITY_5,CONSTANT_TRAINING_MEAN,T194_28885ab3ca204a9af57f,PMC9633814_CORE_FACILITY_5,P62805,PMC9633814_CORE_FACILITY_5,0.39591836734693875,0.5255077687008838
T194_OUTER_08,PMC9633814_CORE_FACILITY_5,CONSTANT_TRAINING_MEAN,T194_2d7da1f957684854c66e,PMC9633814_CORE_FACILITY_5,P26038,PMC9633814_CORE_FACILITY_5,0.8081632653061225,0.5255077687008838
T194_OUTER_08,PMC9633814_CORE_FACILITY_5,CONSTANT_TRAINING_MEAN,T194_30b6d1f043ebbc34a47d,PMC9633814_CORE_FACILITY_5,Q16643,PMC9633814_CORE_FACILITY_5,0.15374149659863945,0.5255077687008838
T194_OUTER_08,PMC9633814_CORE_FACILITY_5,CONSTANT_TRAINING_MEAN,T194_3524b72fde7177c5d0d9,PMC9633814_CORE_FACILITY_5,Q7Z406,PMC9633814_CORE_FACILITY_5,0.6979591836734694,0.5255077687008838
T194_OUTER_08,PMC9633814_CORE_FACILITY_5,CONSTANT_TRAINING_MEAN,T194_3667d6b12a110637b3d1,PMC9633814_CORE_FACILITY_5,O00151,PMC9633814_CORE_FACILITY_5,0.638095238095238,0.5255077687008838
T194_OUTER_08,PMC9633814_CORE_FACILITY_5,CONSTANT_TRAINING_MEAN,T194_3be452c118246719cc12,PMC9633814_CORE_FACILITY_5,P11021,PMC9633814_CORE_FACILITY_5,0.7074829931972789,0.5255077687008838
T194_OUTER_08,PMC9633814_CORE_FACILITY_5,CONSTANT_TRAINING_MEAN,T194_3cf979fd3c6ca38bfc7f,PMC9633814_CORE_FACILITY_5,P04004,PMC9633814_CORE_FACILITY_5,0.9795918367346939,0.5255077687008838
T194_OUTER_08,PMC9633814_CORE_FACILITY_5,CONSTANT_TRAINING_MEAN,T194_42c99acf3a0f24938432,PMC9633814_CORE_FACILITY_5,P63000,PMC9633814_CORE_FACILITY_5,0.2748299319727891,0.5255077687008838
T194_OUTER_08,PMC9633814_CORE_FACILITY_5,CONSTANT_TRAINING_MEAN,T194_43754a63cc901a2d224b,PMC9633814_CORE_FACILITY_5,Q9BSJ8,PMC9633814_CORE_FACILITY_5,0.5292517006802722,0.5255077687008838
T194_OUTER_08,PMC9633814_CORE_FACILITY_5,CONSTANT_TRAINING_MEAN,T194_43bc18c2f976d402b170,PMC9633814_CORE_FACILITY_5,P04844,PMC9633814_CORE_FACILITY_5,0.4965986394557823,0.5255077687008838
T194_OUTER_08,PMC9633814_CORE_FACILITY_5,CONSTANT_TRAINING_MEAN,T194_483391173c037f2a2a89,PMC9633814_CORE_FACILITY_5,P38646,PMC9633814_CORE_FACILITY_5,0.5523809523809524,0.5255077687008838
T194_OUTER_08,PMC9633814_CORE_FACILITY_5,CONSTANT_TRAINING_MEAN,T194_4e56a0f9c99f8b6b6475,PMC9633814_CORE_FACILITY_5,Q8TC12,PMC9633814_CORE_FACILITY_5,0.5319727891156463,0.5255077687008838
T194_OUTER_08,PMC9633814_CORE_FACILITY_5,CONSTANT_TRAINING_MEAN,T194_51e03e865ff5be29785c,PMC9633814_CORE_FACILITY_5,P24844,PMC9633814_CORE_FACILITY_5,0.6639455782312925,0.5255077687008838
T194_OUTER_08,PMC9633814_CORE_FACILITY_5,CONSTANT_TRAINING_MEAN,T194_545b99b6a4b912face7d,PMC9633814_CORE_FACILITY_5,P78417,PMC9633814_CORE_FACILITY_5,0.17959183673469387,0.5255077687008838
T194_OUTER_08,PMC9633814_CORE_FACILITY_5,CONSTANT_TRAINING_MEAN,T194_5e3e5d38dad7f37c50b1,PMC9633814_CORE_FACILITY_5,Q16762,PMC9633814_CORE_FACILITY_5,0.6081632653061224,0.5255077687008838
T194_OUTER_08,PMC9633814_CORE_FACILITY_5,CONSTANT_TRAINING_MEAN,T194_5f12230a9c7a6c13865b,PMC9633814_CORE_FACILITY_5,P61106,PMC9633814_CORE_FACILITY_5,0.3238095238095238,0.5255077687008838
T194_OUTER_08,PMC9633814_CORE_FACILITY_5,CONSTANT_TRAINING_MEAN,T194_6a9cf6330ec167d81e5e,PMC9633814_CORE_FACILITY_5,P27348,PMC9633814_CORE_FACILITY_5,0.4530612244897959,0.5255077687008838
T194_OUTER_08,PMC9633814_CORE_FACILITY_5,CONSTANT_TRAINING_MEAN,T194_72452fea99b17715d08a,PMC9633814_CORE_FACILITY_5,P00403,PMC9633814_CORE_FACILITY_5,0.47619047619047616,0.5255077687008838
T194_OUTER_08,PMC9633814_CORE_FACILITY_5,CONSTANT_TRAINING_MEAN,T194_76dfd1b03982eb14df34,PMC9633814_CORE_FACILITY_5,P10644,PMC9633814_CORE_FACILITY_5,0.1564625850340136,0.5255077687008838
T194_OUTER_08,PMC9633814_CORE_FACILITY_5,CONSTANT_TRAINING_MEAN,T194_78c7e8868c76e89489a7,PMC9633814_CORE_FACILITY_5,P11166,PMC9633814_CORE_FACILITY_5,0.8802721088435375,0.5255077687008838
T194_OUTER_08,PMC9633814_CORE_FACILITY_5,CONSTANT_TRAINING_MEAN,T194_797631c55bfba5527367,PMC9633814_CORE_FACILITY_5,P05023,PMC9633814_CORE_FACILITY_5,0.3945578231292517,0.5255077687008838
T194_OUTER_08,PMC9633814_CORE_FACILITY_5,CONSTANT_TRAINING_MEAN,T194_79dc195e8abb6e8934aa,PMC9633814_CORE_FACILITY_5,Q04695,PMC9633814_CORE_FACILITY_5,0.8639455782312925,0.5255077687008838
T194_OUTER_08,PMC9633814_CORE_FACILITY_5,CONSTANT_TRAINING_MEAN,T194_7f03e6f27fdfe18aa5c0,PMC9633814_CORE_FACILITY_5,Q9Y2A7,PMC9633814_CORE_FACILITY_5,0.08435374149659863,0.5255077687008838
T194_OUTER_08,PMC9633814_CORE_FACILITY_5,CONSTANT_TRAINING_MEAN,T194_80613ff3713859989cdc,PMC9633814_CORE_FACILITY_5,P07996,PMC9633814_CORE_FACILITY_5,0.9523809523809523,0.5255077687008838
T194_OUTER_08,PMC9633814_CORE_FACILITY_5,CONSTANT_TRAINING_MEAN,T194_8230ae75dbe999645809,PMC9633814_CORE_FACILITY_5,O00264,PMC9633814_CORE_FACILITY_5,0.5510204081632653,0.5255077687008838
T194_OUTER_08,PMC9633814_CORE_FACILITY_5,CONSTANT_TRAINING_MEAN,T194_8ec1f145f067c2decac4,PMC9633814_CORE_FACILITY_5,O00299,PMC9633814_CORE_FACILITY_5,0.7496598639455783,0.5255077687008838
T194_OUTER_08,PMC9633814_CORE_FACILITY_5,CONSTANT_TRAINING_MEAN,T194_93ac5238cab28c0037c6,PMC9633814_CORE_FACILITY_5,P55072,PMC9633814_CORE_FACILITY_5,0.6136054421768707,0.5255077687008838
T194_OUTER_08,PMC9633814_CORE_FACILITY_5,CONSTANT_TRAINING_MEAN,T194_9668940a3b4777a5d0e9,PMC9633814_CORE_FACILITY_5,P10809,PMC9633814_CORE_FACILITY_5,0.8054421768707483,0.5255077687008838
T194_OUTER_08,PMC9633814_CORE_FACILITY_5,CONSTANT_TRAINING_MEAN,T194_99d5569d490ad9ba1093,PMC9633814_CORE_FACILITY_5,P27797,PMC9633814_CORE_FACILITY_5,0.291156462585034,0.5255077687008838
T194_OUTER_08,PMC9633814_CORE_FACILITY_5,CONSTANT_TRAINING_MEAN,T194_a0d443afe3937a124746,PMC9633814_CORE_FACILITY_5,Q9H4B7,PMC9633814_CORE_FACILITY_5,0.9591836734693877,0.5255077687008838
T194_OUTER_08,PMC9633814_CORE_FACILITY_5,CONSTANT_TRAINING_MEAN,T194_a16dc663fc8bbc66d3e3,PMC9633814_CORE_FACILITY_5,Q7L576,PMC9633814_CORE_FACILITY_5,0.5414965986394558,0.5255077687008838
T194_OUTER_08,PMC9633814_CORE_FACILITY_5,CONSTANT_TRAINING_MEAN,T194_a536fe8a2a4d55fc728c,PMC9633814_CORE_FACILITY_5,P13796,PMC9633814_CORE_FACILITY_5,0.33741496598639453,0.5255077687008838
T194_OUTER_08,PMC9633814_CORE_FACILITY_5,CONSTANT_TRAINING_MEAN,T194_a7df3a9c2985dac7955e,PMC9633814_CORE_FACILITY_5,Q15404,PMC9633814_CORE_FACILITY_5,0.3891156462585034,0.5255077687008838
T194_OUTER_08,PMC9633814_CORE_FACILITY_5,CONSTANT_TRAINING_MEAN,T194_a7ebbe741e8a2706df9e,PMC9633814_CORE_FACILITY_5,Q15084,PMC9633814_CORE_FACILITY_5,0.17551020408163265,0.5255077687008838
T194_OUTER_08,PMC9633814_CORE_FACILITY_5,CONSTANT_TRAINING_MEAN,T194_ac34248bacf39b52ce10,PMC9633814_CORE_FACILITY_5,P50990,PMC9633814_CORE_FACILITY_5,0.19047619047619047,0.5255077687008838
T194_OUTER_08,PMC9633814_CORE_FACILITY_5,CONSTANT_TRAINING_MEAN,T194_b10b87ff1c0ba8628820,PMC9633814_CORE_FACILITY_5,P23284,PMC9633814_CORE_FACILITY_5,0.5782312925170068,0.5255077687008838
T194_OUTER_08,PMC9633814_CORE_FACILITY_5,CONSTANT_TRAINING_MEAN,T194_b5921a553593f354425c,PMC9633814_CORE_FACILITY_5,P50991,PMC9633814_CORE_FACILITY_5,0.23401360544217686,0.5255077687008838
T194_OUTER_08,PMC9633814_CORE_FACILITY_5,CONSTANT_TRAINING_MEAN,T194_b9fb5ceba0e34f317cf1,PMC9633814_CORE_FACILITY_5,P30041,PMC9633814_CORE_FACILITY_5,0.708843537414966,0.5255077687008838
T194_OUTER_08,PMC9633814_CORE_FACILITY_5,CONSTANT_TRAINING_MEAN,T194_c187b4ce5cc9c61e4096,PMC9633814_CORE_FACILITY_5,P30101,PMC9633814_CORE_FACILITY_5,0.726530612244898,0.5255077687008838
T194_OUTER_08,PMC9633814_CORE_FACILITY_5,CONSTANT_TRAINING_MEAN,T194_c691526ba4b2a69e4c0d,PMC9633814_CORE_FACILITY_5,Q93084,PMC9633814_CORE_FACILITY_5,0.8693877551020408,0.5255077687008838
T194_OUTER_08,PMC9633814_CORE_FACILITY_5,CONSTANT_TRAINING_MEAN,T194_c848415544c1cadfdf09,PMC9633814_CORE_FACILITY_5,Q15942,PMC9633814_CORE_FACILITY_5,0.7129251700680272,0.5255077687008838
T194_OUTER_08,PMC9633814_CORE_FACILITY_5,CONSTANT_TRAINING_MEAN,T194_c8aa931b4ae5534c4c53,PMC9633814_CORE_FACILITY_5,Q9HDC9,PMC9633814_CORE_FACILITY_5,0.8272108843537415,0.5255077687008838
T194_OUTER_08,PMC9633814_CORE_FACILITY_5,CONSTANT_TRAINING_MEAN,T194_c99a2b157586d6fa1f36,PMC9633814_CORE_FACILITY_5,P61981,PMC9633814_CORE_FACILITY_5,0.2707482993197279,0.5255077687008838
T194_OUTER_08,PMC9633814_CORE_FACILITY_5,CONSTANT_TRAINING_MEAN,T194_cb8785f61d12fb08585b,PMC9633814_CORE_FACILITY_5,P16615,PMC9633814_CORE_FACILITY_5,0.7387755102040816,0.5255077687008838
T194_OUTER_08,PMC9633814_CORE_FACILITY_5,CONSTANT_TRAINING_MEAN,T194_d10d10d50c9b53af6be4,PMC9633814_CORE_FACILITY_5,P52907,PMC9633814_CORE_FACILITY_5,0.7183673469387755,0.5255077687008838
T194_OUTER_08,PMC9633814_CORE_FACILITY_5,CONSTANT_TRAINING_MEAN,T194_d8eabe6ebdd31fd3eabf,PMC9633814_CORE_FACILITY_5,P30044,PMC9633814_CORE_FACILITY_5,0.4666666666666667,0.5255077687008838
T194_OUTER_08,PMC9633814_CORE_FACILITY_5,CONSTANT_TRAINING_MEAN,T194_e2f9ac38a6ac1739e607,PMC9633814_CORE_FACILITY_5,P68366,PMC9633814_CORE_FACILITY_5,0.9102040816326531,0.5255077687008838
T194_OUTER_08,PMC9633814_CORE_FACILITY_5,CONSTANT_TRAINING_MEAN,T194_e475797b2e48fc76d16b,PMC9633814_CORE_FACILITY_5,P04264,PMC9633814_CORE_FACILITY_5,0.9836734693877551,0.5255077687008838
T194_OUTER_08,PMC9633814_CORE_FACILITY_5,CONSTANT_TRAINING_MEAN,T194_e8e14e0d41149e161fc0,PMC9633814_CORE_FACILITY_5,P21796,PMC9633814_CORE_FACILITY_5,0.5006802721088436,0.5255077687008838
T194_OUTER_08,PMC9633814_CORE_FACILITY_5,CONSTANT_TRAINING_MEAN,T194_eddfef9cbfd3dd00ec40,PMC9633814_CORE_FACILITY_5,P06576,PMC9633814_CORE_FACILITY_5,0.8829931972789116,0.5255077687008838
T194_OUTER_08,PMC9633814_CORE_FACILITY_5,CONSTANT_TRAINING_MEAN,T194_f469d653b5554b956cef,PMC9633814_CORE_FACILITY_5,P49411,PMC9633814_CORE_FACILITY_5,0.5401360544217687,0.5255077687008838
T194_OUTER_08,PMC9633814_CORE_FACILITY_5,CONSTANT_TRAINING_MEAN,T194_f46e7196559e61312b8e,PMC9633814_CORE_FACILITY_5,P60174,PMC9633814_CORE_FACILITY_5,0.254421768707483,0.5255077687008838
T194_OUTER_08,PMC9633814_CORE_FACILITY_5,CONSTANT_TRAINING_MEAN,T194_f744bf06141bf8805829,PMC9633814_CORE_FACILITY_5,P10599,PMC9633814_CORE_FACILITY_5,0.3129251700680272,0.5255077687008838
T194_OUTER_08,PMC9633814_CORE_FACILITY_5,CONSTANT_TRAINING_MEAN,T194_fe1febc7ce1588e4d7a8,PMC9633814_CORE_FACILITY_5,P61006,PMC9633814_CORE_FACILITY_5,0.20952380952380953,0.5255077687008838
T194_OUTER_08,PMC9633814_CORE_FACILITY_5,SEQUENCE_RIDGE_FULL,T194_00fe2ce00669689ddf02,PMC9633814_CORE_FACILITY_5,P62330,PMC9633814_CORE_FACILITY_5,0.08163265306122448,0.3910074450400398
T194_OUTER_08,PMC9633814_CORE_FACILITY_5,SEQUENCE_RIDGE_FULL,T194_09e3d98472207f00245d,PMC9633814_CORE_FACILITY_5,O00187,PMC9633814_CORE_FACILITY_5,0.85578231292517,0.6896086135702163
T194_OUTER_08,PMC9633814_CORE_FACILITY_5,SEQUENCE_RIDGE_FULL,T194_0aacf7daf5aa9feaf1bc,PMC9633814_CORE_FACILITY_5,Q70J99,PMC9633814_CORE_FACILITY_5,0.5619047619047619,0.5773117612896211
T194_OUTER_08,PMC9633814_CORE_FACILITY_5,SEQUENCE_RIDGE_FULL,T194_0f6e50e3821c7fd13af1,PMC9633814_CORE_FACILITY_5,P00387,PMC9633814_CORE_FACILITY_5,0.8122448979591836,0.4652917637959704
T194_OUTER_08,PMC9633814_CORE_FACILITY_5,SEQUENCE_RIDGE_FULL,T194_110bb400f9ae64ea523f,PMC9633814_CORE_FACILITY_5,P26641,PMC9633814_CORE_FACILITY_5,0.32789115646258504,0.4526200923892063
T194_OUTER_08,PMC9633814_CORE_FACILITY_5,SEQUENCE_RIDGE_FULL,T194_112184700dd98778f502,PMC9633814_CORE_FACILITY_5,P15531,PMC9633814_CORE_FACILITY_5,0.24489795918367346,0.5123960283329477
T194_OUTER_08,PMC9633814_CORE_FACILITY_5,SEQUENCE_RIDGE_FULL,T194_13283b2d4e410e18e923,PMC9633814_CORE_FACILITY_5,Q14247,PMC9633814_CORE_FACILITY_5,0.3142857142857143,0.511086340336905
T194_OUTER_08,PMC9633814_CORE_FACILITY_5,SEQUENCE_RIDGE_FULL,T194_143fdccab3edf96cb996,PMC9633814_CORE_FACILITY_5,P61026,PMC9633814_CORE_FACILITY_5,0.7687074829931972,0.3701440736933937
T194_OUTER_08,PMC9633814_CORE_FACILITY_5,SEQUENCE_RIDGE_FULL,T194_14525c085e847a169233,PMC9633814_CORE_FACILITY_5,P30048,PMC9633814_CORE_FACILITY_5,0.6353741496598639,0.43164990893460714
T194_OUTER_08,PMC9633814_CORE_FACILITY_5,SEQUENCE_RIDGE_FULL,T194_145becdc5b26d0f1f788,PMC9633814_CORE_FACILITY_5,O75083,PMC9633814_CORE_FACILITY_5,0.7959183673469388,0.5353743559596615
T194_OUTER_08,PMC9633814_CORE_FACILITY_5,SEQUENCE_RIDGE_FULL,T194_15369186fb271a7a91b7,PMC9633814_CORE_FACILITY_5,Q27J81,PMC9633814_CORE_FACILITY_5,0.41496598639455784,0.5774078326143874
T194_OUTER_08,PMC9633814_CORE_FACILITY_5,SEQUENCE_RIDGE_FULL,T194_198920630e1680b42af2,PMC9633814_CORE_FACILITY_5,P05556,PMC9633814_CORE_FACILITY_5,0.8095238095238095,0.761389496572112
T194_OUTER_08,PMC9633814_CORE_FACILITY_5,SEQUENCE_RIDGE_FULL,T194_1cd502a26f655fb27245,PMC9633814_CORE_FACILITY_5,P06396,PMC9633814_CORE_FACILITY_5,0.9469387755102041,0.5649859675775554
T194_OUTER_08,PMC9633814_CORE_FACILITY_5,SEQUENCE_RIDGE_FULL,T194_25f0ed2eb3bc00d0afcb,PMC9633814_CORE_FACILITY_5,P53396,PMC9633814_CORE_FACILITY_5,0.4435374149659864,0.6403885725051456
T194_OUTER_08,PMC9633814_CORE_FACILITY_5,SEQUENCE_RIDGE_FULL,T194_28885ab3ca204a9af57f,PMC9633814_CORE_FACILITY_5,P62805,PMC9633814_CORE_FACILITY_5,0.39591836734693875,0.38946527160101774
T194_OUTER_08,PMC9633814_CORE_FACILITY_5,SEQUENCE_RIDGE_FULL,T194_2d7da1f957684854c66e,PMC9633814_CORE_FACILITY_5,P26038,PMC9633814_CORE_FACILITY_5,0.8081632653061225,0.3257943904279914
T194_OUTER_08,PMC9633814_CORE_FACILITY_5,SEQUENCE_RIDGE_FULL,T194_30b6d1f043ebbc34a47d,PMC9633814_CORE_FACILITY_5,Q16643,PMC9633814_CORE_FACILITY_5,0.15374149659863945,0.6625958491621445
T194_OUTER_08,PMC9633814_CORE_FACILITY_5,SEQUENCE_RIDGE_FULL,T194_3524b72fde7177c5d0d9,PMC9633814_CORE_FACILITY_5,Q7Z406,PMC9633814_CORE_FACILITY_5,0.6979591836734694,0.7474768621849441
T194_OUTER_08,PMC9633814_CORE_FACILITY_5,SEQUENCE_RIDGE_FULL,T194_3667d6b12a110637b3d1,PMC9633814_CORE_FACILITY_5,O00151,PMC9633814_CORE_FACILITY_5,0.638095238095238,0.5410708340537259
T194_OUTER_08,PMC9633814_CORE_FACILITY_5,SEQUENCE_RIDGE_FULL,T194_3be452c118246719cc12,PMC9633814_CORE_FACILITY_5,P11021,PMC9633814_CORE_FACILITY_5,0.7074829931972789,0.5676260880191313
T194_OUTER_08,PMC9633814_CORE_FACILITY_5,SEQUENCE_RIDGE_FULL,T194_3cf979fd3c6ca38bfc7f,PMC9633814_CORE_FACILITY_5,P04004,PMC9633814_CORE_FACILITY_5,0.9795918367346939,0.5878717702490079
T194_OUTER_08,PMC9633814_CORE_FACILITY_5,SEQUENCE_RIDGE_FULL,T194_42c99acf3a0f24938432,PMC9633814_CORE_FACILITY_5,P63000,PMC9633814_CORE_FACILITY_5,0.2748299319727891,0.41079193746984444
T194_OUTER_08,PMC9633814_CORE_FACILITY_5,SEQUENCE_RIDGE_FULL,T194_43754a63cc901a2d224b,PMC9633814_CORE_FACILITY_5,Q9BSJ8,PMC9633814_CORE_FACILITY_5,0.5292517006802722,0.5403196537507828
T194_OUTER_08,PMC9633814_CORE_FACILITY_5,SEQUENCE_RIDGE_FULL,T194_43bc18c2f976d402b170,PMC9633814_CORE_FACILITY_5,P04844,PMC9633814_CORE_FACILITY_5,0.4965986394557823,0.5209512417008005
T194_OUTER_08,PMC9633814_CORE_FACILITY_5,SEQUENCE_RIDGE_FULL,T194_483391173c037f2a2a89,PMC9633814_CORE_FACILITY_5,P38646,PMC9633814_CORE_FACILITY_5,0.5523809523809524,0.4978464779726103
T194_OUTER_08,PMC9633814_CORE_FACILITY_5,SEQUENCE_RIDGE_FULL,T194_4e56a0f9c99f8b6b6475,PMC9633814_CORE_FACILITY_5,Q8TC12,PMC9633814_CORE_FACILITY_5,0.5319727891156463,0.3995083127176784
T194_OUTER_08,PMC9633814_CORE_FACILITY_5,SEQUENCE_RIDGE_FULL,T194_51e03e865ff5be29785c,PMC9633814_CORE_FACILITY_5,P24844,PMC9633814_CORE_FACILITY_5,0.6639455782312925,0.4682268223908195
T194_OUTER_08,PMC9633814_CORE_FACILITY_5,SEQUENCE_RIDGE_FULL,T194_545b99b6a4b912face7d,PMC9633814_CORE_FACILITY_5,P78417,PMC9633814_CORE_FACILITY_5,0.17959183673469387,0.35244925562113066
T194_OUTER_08,PMC9633814_CORE_FACILITY_5,SEQUENCE_RIDGE_FULL,T194_5e3e5d38dad7f37c50b1,PMC9633814_CORE_FACILITY_5,Q16762,PMC9633814_CORE_FACILITY_5,0.6081632653061224,0.4806486004537832
T194_OUTER_08,PMC9633814_CORE_FACILITY_5,SEQUENCE_RIDGE_FULL,T194_5f12230a9c7a6c13865b,PMC9633814_CORE_FACILITY_5,P61106,PMC9633814_CORE_FACILITY_5,0.3238095238095238,0.5239146422873899
T194_OUTER_08,PMC9633814_CORE_FACILITY_5,SEQUENCE_RIDGE_FULL,T194_6a9cf6330ec167d81e5e,PMC9633814_CORE_FACILITY_5,P27348,PMC9633814_CORE_FACILITY_5,0.4530612244897959,0.3680718767844963
T194_OUTER_08,PMC9633814_CORE_FACILITY_5,SEQUENCE_RIDGE_FULL,T194_72452fea99b17715d08a,PMC9633814_CORE_FACILITY_5,P00403,PMC9633814_CORE_FACILITY_5,0.47619047619047616,0.5148920146415691
T194_OUTER_08,PMC9633814_CORE_FACILITY_5,SEQUENCE_RIDGE_FULL,T194_76dfd1b03982eb14df34,PMC9633814_CORE_FACILITY_5,P10644,PMC9633814_CORE_FACILITY_5,0.1564625850340136,0.4927916441137284
T194_OUTER_08,PMC9633814_CORE_FACILITY_5,SEQUENCE_RIDGE_FULL,T194_78c7e8868c76e89489a7,PMC9633814_CORE_FACILITY_5,P11166,PMC9633814_CORE_FACILITY_5,0.8802721088435375,0.5867438401604466
T194_OUTER_08,PMC9633814_CORE_FACILITY_5,SEQUENCE_RIDGE_FULL,T194_797631c55bfba5527367,PMC9633814_CORE_FACILITY_5,P05023,PMC9633814_CORE_FACILITY_5,0.3945578231292517,0.6414602604451554
T194_OUTER_08,PMC9633814_CORE_FACILITY_5,SEQUENCE_RIDGE_FULL,T194_79dc195e8abb6e8934aa,PMC9633814_CORE_FACILITY_5,Q04695,PMC9633814_CORE_FACILITY_5,0.8639455782312925,0.5350971002068317
T194_OUTER_08,PMC9633814_CORE_FACILITY_5,SEQUENCE_RIDGE_FULL,T194_7f03e6f27fdfe18aa5c0,PMC9633814_CORE_FACILITY_5,Q9Y2A7,PMC9633814_CORE_FACILITY_5,0.08435374149659863,0.5093585004963843
T194_OUTER_08,PMC9633814_CORE_FACILITY_5,SEQUENCE_RIDGE_FULL,T194_80613ff3713859989cdc,PMC9633814_CORE_FACILITY_5,P07996,PMC9633814_CORE_FACILITY_5,0.9523809523809523,0.8361785633436083
T194_OUTER_08,PMC9633814_CORE_FACILITY_5,SEQUENCE_RIDGE_FULL,T194_8230ae75dbe999645809,PMC9633814_CORE_FACILITY_5,O00264,PMC9633814_CORE_FACILITY_5,0.5510204081632653,0.4841485606354732
T194_OUTER_08,PMC9633814_CORE_FACILITY_5,SEQUENCE_RIDGE_FULL,T194_8ec1f145f067c2decac4,PMC9633814_CORE_FACILITY_5,O00299,PMC9633814_CORE_FACILITY_5,0.7496598639455783,0.5554791969918133
T194_OUTER_08,PMC9633814_CORE_FACILITY_5,SEQUENCE_RIDGE_FULL,T194_93ac5238cab28c0037c6,PMC9633814_CORE_FACILITY_5,P55072,PMC9633814_CORE_FACILITY_5,0.6136054421768707,0.598096396726596
T194_OUTER_08,PMC9633814_CORE_FACILITY_5,SEQUENCE_RIDGE_FULL,T194_9668940a3b4777a5d0e9,PMC9633814_CORE_FACILITY_5,P10809,PMC9633814_CORE_FACILITY_5,0.8054421768707483,0.45125400497545637
T194_OUTER_08,PMC9633814_CORE_FACILITY_5,SEQUENCE_RIDGE_FULL,T194_99d5569d490ad9ba1093,PMC9633814_CORE_FACILITY_5,P27797,PMC9633814_CORE_FACILITY_5,0.291156462585034,0.5007951221202831
T194_OUTER_08,PMC9633814_CORE_FACILITY_5,SEQUENCE_RIDGE_FULL,T194_a0d443afe3937a124746,PMC9633814_CORE_FACILITY_5,Q9H4B7,PMC9633814_CORE_FACILITY_5,0.9591836734693877,0.6321760939543696
T194_OUTER_08,PMC9633814_CORE_FACILITY_5,SEQUENCE_RIDGE_FULL,T194_a16dc663fc8bbc66d3e3,PMC9633814_CORE_FACILITY_5,Q7L576,PMC9633814_CORE_FACILITY_5,0.5414965986394558,0.6297278346320657
T194_OUTER_08,PMC9633814_CORE_FACILITY_5,SEQUENCE_RIDGE_FULL,T194_a536fe8a2a4d55fc728c,PMC9633814_CORE_FACILITY_5,P13796,PMC9633814_CORE_FACILITY_5,0.33741496598639453,0.5262283237471733
T194_OUTER_08,PMC9633814_CORE_FACILITY_5,SEQUENCE_RIDGE_FULL,T194_a7df3a9c2985dac7955e,PMC9633814_CORE_FACILITY_5,Q15404,PMC9633814_CORE_FACILITY_5,0.3891156462585034,0.4291636500307985
T194_OUTER_08,PMC9633814_CORE_FACILITY_5,SEQUENCE_RIDGE_FULL,T194_a7ebbe741e8a2706df9e,PMC9633814_CORE_FACILITY_5,Q15084,PMC9633814_CORE_FACILITY_5,0.17551020408163265,0.4436379546144395
T194_OUTER_08,PMC9633814_CORE_FACILITY_5,SEQUENCE_RIDGE_FULL,T194_ac34248bacf39b52ce10,PMC9633814_CORE_FACILITY_5,P50990,PMC9633814_CORE_FACILITY_5,0.19047619047619047,0.4949369575888743
T194_OUTER_08,PMC9633814_CORE_FACILITY_5,SEQUENCE_RIDGE_FULL,T194_b10b87ff1c0ba8628820,PMC9633814_CORE_FACILITY_5,P23284,PMC9633814_CORE_FACILITY_5,0.5782312925170068,0.39545389936798436
T194_OUTER_08,PMC9633814_CORE_FACILITY_5,SEQUENCE_RIDGE_FULL,T194_b5921a553593f354425c,PMC9633814_CORE_FACILITY_5,P50991,PMC9633814_CORE_FACILITY_5,0.23401360544217686,0.38800213506407844
T194_OUTER_08,PMC9633814_CORE_FACILITY_5,SEQUENCE_RIDGE_FULL,T194_b9fb5ceba0e34f317cf1,PMC9633814_CORE_FACILITY_5,P30041,PMC9633814_CORE_FACILITY_5,0.708843537414966,0.4057583703498305
T194_OUTER_08,PMC9633814_CORE_FACILITY_5,SEQUENCE_RIDGE_FULL,T194_c187b4ce5cc9c61e4096,PMC9633814_CORE_FACILITY_5,P30101,PMC9633814_CORE_FACILITY_5,0.726530612244898,0.4739450026940315
T194_OUTER_08,PMC9633814_CORE_FACILITY_5,SEQUENCE_RIDGE_FULL,T194_c691526ba4b2a69e4c0d,PMC9633814_CORE_FACILITY_5,Q93084,PMC9633814_CORE_FACILITY_5,0.8693877551020408,0.632723053019459
T194_OUTER_08,PMC9633814_CORE_FACILITY_5,SEQUENCE_RIDGE_FULL,T194_c848415544c1cadfdf09,PMC9633814_CORE_FACILITY_5,Q15942,PMC9633814_CORE_FACILITY_5,0.7129251700680272,0.655056845511094
T194_OUTER_08,PMC9633814_CORE_FACILITY_5,SEQUENCE_RIDGE_FULL,T194_c8aa931b4ae5534c4c53,PMC9633814_CORE_FACILITY_5,Q9HDC9,PMC9633814_CORE_FACILITY_5,0.8272108843537415,0.5322209795372232
T194_OUTER_08,PMC9633814_CORE_FACILITY_5,SEQUENCE_RIDGE_FULL,T194_c99a2b157586d6fa1f36,PMC9633814_CORE_FACILITY_5,P61981,PMC9633814_CORE_FACILITY_5,0.2707482993197279,0.3918700936050931
T194_OUTER_08,PMC9633814_CORE_FACILITY_5,SEQUENCE_RIDGE_FULL,T194_cb8785f61d12fb08585b,PMC9633814_CORE_FACILITY_5,P16615,PMC9633814_CORE_FACILITY_5,0.7387755102040816,0.6233981011724608
T194_OUTER_08,PMC9633814_CORE_FACILITY_5,SEQUENCE_RIDGE_FULL,T194_d10d10d50c9b53af6be4,PMC9633814_CORE_FACILITY_5,P52907,PMC9633814_CORE_FACILITY_5,0.7183673469387755,0.48314448308829844
T194_OUTER_08,PMC9633814_CORE_FACILITY_5,SEQUENCE_RIDGE_FULL,T194_d8eabe6ebdd31fd3eabf,PMC9633814_CORE_FACILITY_5,P30044,PMC9633814_CORE_FACILITY_5,0.4666666666666667,0.4520747276425413
T194_OUTER_08,PMC9633814_CORE_FACILITY_5,SEQUENCE_RIDGE_FULL,T194_e2f9ac38a6ac1739e607,PMC9633814_CORE_FACILITY_5,P68366,PMC9633814_CORE_FACILITY_5,0.9102040816326531,0.6613829421423709
T194_OUTER_08,PMC9633814_CORE_FACILITY_5,SEQUENCE_RIDGE_FULL,T194_e475797b2e48fc76d16b,PMC9633814_CORE_FACILITY_5,P04264,PMC9633814_CORE_FACILITY_5,0.9836734693877551,0.7838686066775987
T194_OUTER_08,PMC9633814_CORE_FACILITY_5,SEQUENCE_RIDGE_FULL,T194_e8e14e0d41149e161fc0,PMC9633814_CORE_FACILITY_5,P21796,PMC9633814_CORE_FACILITY_5,0.5006802721088436,0.5228664340623219
T194_OUTER_08,PMC9633814_CORE_FACILITY_5,SEQUENCE_RIDGE_FULL,T194_eddfef9cbfd3dd00ec40,PMC9633814_CORE_FACILITY_5,P06576,PMC9633814_CORE_FACILITY_5,0.8829931972789116,0.5747868757947782
T194_OUTER_08,PMC9633814_CORE_FACILITY_5,SEQUENCE_RIDGE_FULL,T194_f469d653b5554b956cef,PMC9633814_CORE_FACILITY_5,P49411,PMC9633814_CORE_FACILITY_5,0.5401360544217687,0.5402109296395131
T194_OUTER_08,PMC9633814_CORE_FACILITY_5,SEQUENCE_RIDGE_FULL,T194_f46e7196559e61312b8e,PMC9633814_CORE_FACILITY_5,P60174,PMC9633814_CORE_FACILITY_5,0.254421768707483,0.4334293699192638
T194_OUTER_08,PMC9633814_CORE_FACILITY_5,SEQUENCE_RIDGE_FULL,T194_f744bf06141bf8805829,PMC9633814_CORE_FACILITY_5,P10599,PMC9633814_CORE_FACILITY_5,0.3129251700680272,0.37993966478251295
T194_OUTER_08,PMC9633814_CORE_FACILITY_5,SEQUENCE_RIDGE_FULL,T194_fe1febc7ce1588e4d7a8,PMC9633814_CORE_FACILITY_5,P61006,PMC9633814_CORE_FACILITY_5,0.20952380952380953,0.3453317990274213
T194_OUTER_08,PMC9633814_CORE_FACILITY_5,SEQUENCE_RIDGE_COMPOSITION_ONLY,T194_00fe2ce00669689ddf02,PMC9633814_CORE_FACILITY_5,P62330,PMC9633814_CORE_FACILITY_5,0.08163265306122448,0.4315943742639102
T194_OUTER_08,PMC9633814_CORE_FACILITY_5,SEQUENCE_RIDGE_COMPOSITION_ONLY,T194_09e3d98472207f00245d,PMC9633814_CORE_FACILITY_5,O00187,PMC9633814_CORE_FACILITY_5,0.85578231292517,0.6402437467086745
T194_OUTER_08,PMC9633814_CORE_FACILITY_5,SEQUENCE_RIDGE_COMPOSITION_ONLY,T194_0aacf7daf5aa9feaf1bc,PMC9633814_CORE_FACILITY_5,Q70J99,PMC9633814_CORE_FACILITY_5,0.5619047619047619,0.5373385910417681
T194_OUTER_08,PMC9633814_CORE_FACILITY_5,SEQUENCE_RIDGE_COMPOSITION_ONLY,T194_0f6e50e3821c7fd13af1,PMC9633814_CORE_FACILITY_5,P00387,PMC9633814_CORE_FACILITY_5,0.8122448979591836,0.49492831707168533
T194_OUTER_08,PMC9633814_CORE_FACILITY_5,SEQUENCE_RIDGE_COMPOSITION_ONLY,T194_110bb400f9ae64ea523f,PMC9633814_CORE_FACILITY_5,P26641,PMC9633814_CORE_FACILITY_5,0.32789115646258504,0.4211988051939606
T194_OUTER_08,PMC9633814_CORE_FACILITY_5,SEQUENCE_RIDGE_COMPOSITION_ONLY,T194_112184700dd98778f502,PMC9633814_CORE_FACILITY_5,P15531,PMC9633814_CORE_FACILITY_5,0.24489795918367346,0.5770371550914698
T194_OUTER_08,PMC9633814_CORE_FACILITY_5,SEQUENCE_RIDGE_COMPOSITION_ONLY,T194_13283b2d4e410e18e923,PMC9633814_CORE_FACILITY_5,Q14247,PMC9633814_CORE_FACILITY_5,0.3142857142857143,0.46593904164818545
T194_OUTER_08,PMC9633814_CORE_FACILITY_5,SEQUENCE_RIDGE_COMPOSITION_ONLY,T194_143fdccab3edf96cb996,PMC9633814_CORE_FACILITY_5,P61026,PMC9633814_CORE_FACILITY_5,0.7687074829931972,0.38721238609308917
T194_OUTER_08,PMC9633814_CORE_FACILITY_5,SEQUENCE_RIDGE_COMPOSITION_ONLY,T194_14525c085e847a169233,PMC9633814_CORE_FACILITY_5,P30048,PMC9633814_CORE_FACILITY_5,0.6353741496598639,0.5083118373569585
T194_OUTER_08,PMC9633814_CORE_FACILITY_5,SEQUENCE_RIDGE_COMPOSITION_ONLY,T194_145becdc5b26d0f1f788,PMC9633814_CORE_FACILITY_5,O75083,PMC9633814_CORE_FACILITY_5,0.7959183673469388,0.5238340016097224
T194_OUTER_08,PMC9633814_CORE_FACILITY_5,SEQUENCE_RIDGE_COMPOSITION_ONLY,T194_15369186fb271a7a91b7,PMC9633814_CORE_FACILITY_5,Q27J81,PMC9633814_CORE_FACILITY_5,0.41496598639455784,0.5078136328318117
T194_OUTER_08,PMC9633814_CORE_FACILITY_5,SEQUENCE_RIDGE_COMPOSITION_ONLY,T194_198920630e1680b42af2,PMC9633814_CORE_FACILITY_5,P05556,PMC9633814_CORE_FACILITY_5,0.8095238095238095,0.7491768672223071
T194_OUTER_08,PMC9633814_CORE_FACILITY_5,SEQUENCE_RIDGE_COMPOSITION_ONLY,T194_1cd502a26f655fb27245,PMC9633814_CORE_FACILITY_5,P06396,PMC9633814_CORE_FACILITY_5,0.9469387755102041,0.5054819512927214
T194_OUTER_08,PMC9633814_CORE_FACILITY_5,SEQUENCE_RIDGE_COMPOSITION_ONLY,T194_25f0ed2eb3bc00d0afcb,PMC9633814_CORE_FACILITY_5,P53396,PMC9633814_CORE_FACILITY_5,0.4435374149659864,0.4866128291492528
T194_OUTER_08,PMC9633814_CORE_FACILITY_5,SEQUENCE_RIDGE_COMPOSITION_ONLY,T194_28885ab3ca204a9af57f,PMC9633814_CORE_FACILITY_5,P62805,PMC9633814_CORE_FACILITY_5,0.39591836734693875,0.3858803332759969
T194_OUTER_08,PMC9633814_CORE_FACILITY_5,SEQUENCE_RIDGE_COMPOSITION_ONLY,T194_2d7da1f957684854c66e,PMC9633814_CORE_FACILITY_5,P26038,PMC9633814_CORE_FACILITY_5,0.8081632653061225,0.29850004384373185
T194_OUTER_08,PMC9633814_CORE_FACILITY_5,SEQUENCE_RIDGE_COMPOSITION_ONLY,T194_30b6d1f043ebbc34a47d,PMC9633814_CORE_FACILITY_5,Q16643,PMC9633814_CORE_FACILITY_5,0.15374149659863945,0.6978285451992052
T194_OUTER_08,PMC9633814_CORE_FACILITY_5,SEQUENCE_RIDGE_COMPOSITION_ONLY,T194_3524b72fde7177c5d0d9,PMC9633814_CORE_FACILITY_5,Q7Z406,PMC9633814_CORE_FACILITY_5,0.6979591836734694,0.5377962074796026
T194_OUTER_08,PMC9633814_CORE_FACILITY_5,SEQUENCE_RIDGE_COMPOSITION_ONLY,T194_3667d6b12a110637b3d1,PMC9633814_CORE_FACILITY_5,O00151,PMC9633814_CORE_FACILITY_5,0.638095238095238,0.5953661566715526
T194_OUTER_08,PMC9633814_CORE_FACILITY_5,SEQUENCE_RIDGE_COMPOSITION_ONLY,T194_3be452c118246719cc12,PMC9633814_CORE_FACILITY_5,P11021,PMC9633814_CORE_FACILITY_5,0.7074829931972789,0.5311558184787818
T194_OUTER_08,PMC9633814_CORE_FACILITY_5,SEQUENCE_RIDGE_COMPOSITION_ONLY,T194_3cf979fd3c6ca38bfc7f,PMC9633814_CORE_FACILITY_5,P04004,PMC9633814_CORE_FACILITY_5,0.9795918367346939,0.6050548057455745
T194_OUTER_08,PMC9633814_CORE_FACILITY_5,SEQUENCE_RIDGE_COMPOSITION_ONLY,T194_42c99acf3a0f24938432,PMC9633814_CORE_FACILITY_5,P63000,PMC9633814_CORE_FACILITY_5,0.2748299319727891,0.46679871136781487
T194_OUTER_08,PMC9633814_CORE_FACILITY_5,SEQUENCE_RIDGE_COMPOSITION_ONLY,T194_43754a63cc901a2d224b,PMC9633814_CORE_FACILITY_5,Q9BSJ8,PMC9633814_CORE_FACILITY_5,0.5292517006802722,0.5055570737473671
T194_OUTER_08,PMC9633814_CORE_FACILITY_5,SEQUENCE_RIDGE_COMPOSITION_ONLY,T194_43bc18c2f976d402b170,PMC9633814_CORE_FACILITY_5,P04844,PMC9633814_CORE_FACILITY_5,0.4965986394557823,0.5094540555487452
T194_OUTER_08,PMC9633814_CORE_FACILITY_5,SEQUENCE_RIDGE_COMPOSITION_ONLY,T194_483391173c037f2a2a89,PMC9633814_CORE_FACILITY_5,P38646,PMC9633814_CORE_FACILITY_5,0.5523809523809524,0.4691493618532912
T194_OUTER_08,PMC9633814_CORE_FACILITY_5,SEQUENCE_RIDGE_COMPOSITION_ONLY,T194_4e56a0f9c99f8b6b6475,PMC9633814_CORE_FACILITY_5,Q8TC12,PMC9633814_CORE_FACILITY_5,0.5319727891156463,0.43809543038574905
T194_OUTER_08,PMC9633814_CORE_FACILITY_5,SEQUENCE_RIDGE_COMPOSITION_ONLY,T194_51e03e865ff5be29785c,PMC9633814_CORE_FACILITY_5,P24844,PMC9633814_CORE_FACILITY_5,0.6639455782312925,0.4303878906725211
T194_OUTER_08,PMC9633814_CORE_FACILITY_5,SEQUENCE_RIDGE_COMPOSITION_ONLY,T194_545b99b6a4b912face7d,PMC9633814_CORE_FACILITY_5,P78417,PMC9633814_CORE_FACILITY_5,0.17959183673469387,0.36065780147807835
T194_OUTER_08,PMC9633814_CORE_FACILITY_5,SEQUENCE_RIDGE_COMPOSITION_ONLY,T194_5e3e5d38dad7f37c50b1,PMC9633814_CORE_FACILITY_5,Q16762,PMC9633814_CORE_FACILITY_5,0.6081632653061224,0.5231573792882519
T194_OUTER_08,PMC9633814_CORE_FACILITY_5,SEQUENCE_RIDGE_COMPOSITION_ONLY,T194_5f12230a9c7a6c13865b,PMC9633814_CORE_FACILITY_5,P61106,PMC9633814_CORE_FACILITY_5,0.3238095238095238,0.5519650081479271
T194_OUTER_08,PMC9633814_CORE_FACILITY_5,SEQUENCE_RIDGE_COMPOSITION_ONLY,T194_6a9cf6330ec167d81e5e,PMC9633814_CORE_FACILITY_5,P27348,PMC9633814_CORE_FACILITY_5,0.4530612244897959,0.41227846589692846
T194_OUTER_08,PMC9633814_CORE_FACILITY_5,SEQUENCE_RIDGE_COMPOSITION_ONLY,T194_72452fea99b17715d08a,PMC9633814_CORE_FACILITY_5,P00403,PMC9633814_CORE_FACILITY_5,0.47619047619047616,0.5536321328602463
T194_OUTER_08,PMC9633814_CORE_FACILITY_5,SEQUENCE_RIDGE_COMPOSITION_ONLY,T194_76dfd1b03982eb14df34,PMC9633814_CORE_FACILITY_5,P10644,PMC9633814_CORE_FACILITY_5,0.1564625850340136,0.5585618911708142
T194_OUTER_08,PMC9633814_CORE_FACILITY_5,SEQUENCE_RIDGE_COMPOSITION_ONLY,T194_78c7e8868c76e89489a7,PMC9633814_CORE_FACILITY_5,P11166,PMC9633814_CORE_FACILITY_5,0.8802721088435375,0.5801899893301606
T194_OUTER_08,PMC9633814_CORE_FACILITY_5,SEQUENCE_RIDGE_COMPOSITION_ONLY,T194_797631c55bfba5527367,PMC9633814_CORE_FACILITY_5,P05023,PMC9633814_CORE_FACILITY_5,0.3945578231292517,0.5592236820452365
T194_OUTER_08,PMC9633814_CORE_FACILITY_5,SEQUENCE_RIDGE_COMPOSITION_ONLY,T194_79dc195e8abb6e8934aa,PMC9633814_CORE_FACILITY_5,Q04695,PMC9633814_CORE_FACILITY_5,0.8639455782312925,0.6001714901409259
T194_OUTER_08,PMC9633814_CORE_FACILITY_5,SEQUENCE_RIDGE_COMPOSITION_ONLY,T194_7f03e6f27fdfe18aa5c0,PMC9633814_CORE_FACILITY_5,Q9Y2A7,PMC9633814_CORE_FACILITY_5,0.08435374149659863,0.4032321619069272
T194_OUTER_08,PMC9633814_CORE_FACILITY_5,SEQUENCE_RIDGE_COMPOSITION_ONLY,T194_80613ff3713859989cdc,PMC9633814_CORE_FACILITY_5,P07996,PMC9633814_CORE_FACILITY_5,0.9523809523809523,0.7746128783635465
T194_OUTER_08,PMC9633814_CORE_FACILITY_5,SEQUENCE_RIDGE_COMPOSITION_ONLY,T194_8230ae75dbe999645809,PMC9633814_CORE_FACILITY_5,O00264,PMC9633814_CORE_FACILITY_5,0.5510204081632653,0.5566638956568785
T194_OUTER_08,PMC9633814_CORE_FACILITY_5,SEQUENCE_RIDGE_COMPOSITION_ONLY,T194_8ec1f145f067c2decac4,PMC9633814_CORE_FACILITY_5,O00299,PMC9633814_CORE_FACILITY_5,0.7496598639455783,0.5957652276007986
T194_OUTER_08,PMC9633814_CORE_FACILITY_5,SEQUENCE_RIDGE_COMPOSITION_ONLY,T194_93ac5238cab28c0037c6,PMC9633814_CORE_FACILITY_5,P55072,PMC9633814_CORE_FACILITY_5,0.6136054421768707,0.5786400370010075
T194_OUTER_08,PMC9633814_CORE_FACILITY_5,SEQUENCE_RIDGE_COMPOSITION_ONLY,T194_9668940a3b4777a5d0e9,PMC9633814_CORE_FACILITY_5,P10809,PMC9633814_CORE_FACILITY_5,0.8054421768707483,0.43946130391611066
T194_OUTER_08,PMC9633814_CORE_FACILITY_5,SEQUENCE_RIDGE_COMPOSITION_ONLY,T194_99d5569d490ad9ba1093,PMC9633814_CORE_FACILITY_5,P27797,PMC9633814_CORE_FACILITY_5,0.291156462585034,0.5209369489874736
T194_OUTER_08,PMC9633814_CORE_FACILITY_5,SEQUENCE_RIDGE_COMPOSITION_ONLY,T194_a0d443afe3937a124746,PMC9633814_CORE_FACILITY_5,Q9H4B7,PMC9633814_CORE_FACILITY_5,0.9591836734693877,0.651162643990104
T194_OUTER_08,PMC9633814_CORE_FACILITY_5,SEQUENCE_RIDGE_COMPOSITION_ONLY,T194_a16dc663fc8bbc66d3e3,PMC9633814_CORE_FACILITY_5,Q7L576,PMC9633814_CORE_FACILITY_5,0.5414965986394558,0.5022337774408228
T194_OUTER_08,PMC9633814_CORE_FACILITY_5,SEQUENCE_RIDGE_COMPOSITION_ONLY,T194_a536fe8a2a4d55fc728c,PMC9633814_CORE_FACILITY_5,P13796,PMC9633814_CORE_FACILITY_5,0.33741496598639453,0.5120456413732446
T194_OUTER_08,PMC9633814_CORE_FACILITY_5,SEQUENCE_RIDGE_COMPOSITION_ONLY,T194_a7df3a9c2985dac7955e,PMC9633814_CORE_FACILITY_5,Q15404,PMC9633814_CORE_FACILITY_5,0.3891156462585034,0.47828904164016056
T194_OUTER_08,PMC9633814_CORE_FACILITY_5,SEQUENCE_RIDGE_COMPOSITION_ONLY,T194_a7ebbe741e8a2706df9e,PMC9633814_CORE_FACILITY_5,Q15084,PMC9633814_CORE_FACILITY_5,0.17551020408163265,0.4871216683403344
T194_OUTER_08,PMC9633814_CORE_FACILITY_5,SEQUENCE_RIDGE_COMPOSITION_ONLY,T194_ac34248bacf39b52ce10,PMC9633814_CORE_FACILITY_5,P50990,PMC9633814_CORE_FACILITY_5,0.19047619047619047,0.4810804310873582
T194_OUTER_08,PMC9633814_CORE_FACILITY_5,SEQUENCE_RIDGE_COMPOSITION_ONLY,T194_b10b87ff1c0ba8628820,PMC9633814_CORE_FACILITY_5,P23284,PMC9633814_CORE_FACILITY_5,0.5782312925170068,0.36924074423650544
T194_OUTER_08,PMC9633814_CORE_FACILITY_5,SEQUENCE_RIDGE_COMPOSITION_ONLY,T194_b5921a553593f354425c,PMC9633814_CORE_FACILITY_5,P50991,PMC9633814_CORE_FACILITY_5,0.23401360544217686,0.43759968471295596
T194_OUTER_08,PMC9633814_CORE_FACILITY_5,SEQUENCE_RIDGE_COMPOSITION_ONLY,T194_b9fb5ceba0e34f317cf1,PMC9633814_CORE_FACILITY_5,P30041,PMC9633814_CORE_FACILITY_5,0.708843537414966,0.44927790722085315
T194_OUTER_08,PMC9633814_CORE_FACILITY_5,SEQUENCE_RIDGE_COMPOSITION_ONLY,T194_c187b4ce5cc9c61e4096,PMC9633814_CORE_FACILITY_5,P30101,PMC9633814_CORE_FACILITY_5,0.726530612244898,0.4253664341119821
T194_OUTER_08,PMC9633814_CORE_FACILITY_5,SEQUENCE_RIDGE_COMPOSITION_ONLY,T194_c691526ba4b2a69e4c0d,PMC9633814_CORE_FACILITY_5,Q93084,PMC9633814_CORE_FACILITY_5,0.8693877551020408,0.576210743904964
T194_OUTER_08,PMC9633814_CORE_FACILITY_5,SEQUENCE_RIDGE_COMPOSITION_ONLY,T194_c848415544c1cadfdf09,PMC9633814_CORE_FACILITY_5,Q15942,PMC9633814_CORE_FACILITY_5,0.7129251700680272,0.6905945879904285
T194_OUTER_08,PMC9633814_CORE_FACILITY_5,SEQUENCE_RIDGE_COMPOSITION_ONLY,T194_c8aa931b4ae5534c4c53,PMC9633814_CORE_FACILITY_5,Q9HDC9,PMC9633814_CORE_FACILITY_5,0.8272108843537415,0.5773125046376016
T194_OUTER_08,PMC9633814_CORE_FACILITY_5,SEQUENCE_RIDGE_COMPOSITION_ONLY,T194_c99a2b157586d6fa1f36,PMC9633814_CORE_FACILITY_5,P61981,PMC9633814_CORE_FACILITY_5,0.2707482993197279,0.44746455825653936
T194_OUTER_08,PMC9633814_CORE_FACILITY_5,SEQUENCE_RIDGE_COMPOSITION_ONLY,T194_cb8785f61d12fb08585b,PMC9633814_CORE_FACILITY_5,P16615,PMC9633814_CORE_FACILITY_5,0.7387755102040816,0.5438263056851973
T194_OUTER_08,PMC9633814_CORE_FACILITY_5,SEQUENCE_RIDGE_COMPOSITION_ONLY,T194_d10d10d50c9b53af6be4,PMC9633814_CORE_FACILITY_5,P52907,PMC9633814_CORE_FACILITY_5,0.7183673469387755,0.5186236778656907
T194_OUTER_08,PMC9633814_CORE_FACILITY_5,SEQUENCE_RIDGE_COMPOSITION_ONLY,T194_d8eabe6ebdd31fd3eabf,PMC9633814_CORE_FACILITY_5,P30044,PMC9633814_CORE_FACILITY_5,0.4666666666666667,0.5204894690517765
T194_OUTER_08,PMC9633814_CORE_FACILITY_5,SEQUENCE_RIDGE_COMPOSITION_ONLY,T194_e2f9ac38a6ac1739e607,PMC9633814_CORE_FACILITY_5,P68366,PMC9633814_CORE_FACILITY_5,0.9102040816326531,0.6670499128879372
T194_OUTER_08,PMC9633814_CORE_FACILITY_5,SEQUENCE_RIDGE_COMPOSITION_ONLY,T194_e475797b2e48fc76d16b,PMC9633814_CORE_FACILITY_5,P04264,PMC9633814_CORE_FACILITY_5,0.9836734693877551,0.7589854210789261
T194_OUTER_08,PMC9633814_CORE_FACILITY_5,SEQUENCE_RIDGE_COMPOSITION_ONLY,T194_e8e14e0d41149e161fc0,PMC9633814_CORE_FACILITY_5,P21796,PMC9633814_CORE_FACILITY_5,0.5006802721088436,0.4689296800338684
T194_OUTER_08,PMC9633814_CORE_FACILITY_5,SEQUENCE_RIDGE_COMPOSITION_ONLY,T194_eddfef9cbfd3dd00ec40,PMC9633814_CORE_FACILITY_5,P06576,PMC9633814_CORE_FACILITY_5,0.8829931972789116,0.5786326232147041
T194_OUTER_08,PMC9633814_CORE_FACILITY_5,SEQUENCE_RIDGE_COMPOSITION_ONLY,T194_f469d653b5554b956cef,PMC9633814_CORE_FACILITY_5,P49411,PMC9633814_CORE_FACILITY_5,0.5401360544217687,0.5286125536448448
T194_OUTER_08,PMC9633814_CORE_FACILITY_5,SEQUENCE_RIDGE_COMPOSITION_ONLY,T194_f46e7196559e61312b8e,PMC9633814_CORE_FACILITY_5,P60174,PMC9633814_CORE_FACILITY_5,0.254421768707483,0.497998880711883
T194_OUTER_08,PMC9633814_CORE_FACILITY_5,SEQUENCE_RIDGE_COMPOSITION_ONLY,T194_f744bf06141bf8805829,PMC9633814_CORE_FACILITY_5,P10599,PMC9633814_CORE_FACILITY_5,0.3129251700680272,0.45365234975785257
T194_OUTER_08,PMC9633814_CORE_FACILITY_5,SEQUENCE_RIDGE_COMPOSITION_ONLY,T194_fe1febc7ce1588e4d7a8,PMC9633814_CORE_FACILITY_5,P61006,PMC9633814_CORE_FACILITY_5,0.20952380952380953,0.35782631914814794
T194_OUTER_09,PMC9633814_CORE_FACILITY_6,CONSTANT_TRAINING_MEAN,T194_002a96c24978efe41bc1,PMC9633814_CORE_FACILITY_6,O00299,PMC9633814_CORE_FACILITY_6,0.673866090712743,0.5322934289601355
T194_OUTER_09,PMC9633814_CORE_FACILITY_6,CONSTANT_TRAINING_MEAN,T194_013516ec6394e5356da5,PMC9633814_CORE_FACILITY_6,P38646,PMC9633814_CORE_FACILITY_6,0.31101511879049676,0.5322934289601355
T194_OUTER_09,PMC9633814_CORE_FACILITY_6,CONSTANT_TRAINING_MEAN,T194_03ac7365c71ce787a83c,PMC9633814_CORE_FACILITY_6,P11413,PMC9633814_CORE_FACILITY_6,0.2203023758099352,0.5322934289601355
T194_OUTER_09,PMC9633814_CORE_FACILITY_6,CONSTANT_TRAINING_MEAN,T194_044643e652d913d59356,PMC9633814_CORE_FACILITY_6,P21796,PMC9633814_CORE_FACILITY_6,0.1101511879049676,0.5322934289601355
T194_OUTER_09,PMC9633814_CORE_FACILITY_6,CONSTANT_TRAINING_MEAN,T194_08fad80b73c64a6ffe03,PMC9633814_CORE_FACILITY_6,Q9HDC9,PMC9633814_CORE_FACILITY_6,0.7192224622030238,0.5322934289601355
T194_OUTER_09,PMC9633814_CORE_FACILITY_6,CONSTANT_TRAINING_MEAN,T194_0f2a14ce5419ccb81d6e,PMC9633814_CORE_FACILITY_6,P52907,PMC9633814_CORE_FACILITY_6,0.5248380129589633,0.5322934289601355
T194_OUTER_09,PMC9633814_CORE_FACILITY_6,CONSTANT_TRAINING_MEAN,T194_19e097549e28e4e0d089,PMC9633814_CORE_FACILITY_6,P05556,PMC9633814_CORE_FACILITY_6,0.6695464362850972,0.5322934289601355
T194_OUTER_09,PMC9633814_CORE_FACILITY_6,CONSTANT_TRAINING_MEAN,T194_1ae556704753f45ce8c7,PMC9633814_CORE_FACILITY_6,Q9NQC3,PMC9633814_CORE_FACILITY_6,0.7429805615550756,0.5322934289601355
T194_OUTER_09,PMC9633814_CORE_FACILITY_6,CONSTANT_TRAINING_MEAN,T194_1f0a8bdc565fe79db3fe,PMC9633814_CORE_FACILITY_6,P61981,PMC9633814_CORE_FACILITY_6,0.008639308855291577,0.5322934289601355
T194_OUTER_09,PMC9633814_CORE_FACILITY_6,CONSTANT_TRAINING_MEAN,T194_1f9f0bf16b0f9ae67c79,PMC9633814_CORE_FACILITY_6,P61026,PMC9633814_CORE_FACILITY_6,0.5658747300215983,0.5322934289601355
T194_OUTER_09,PMC9633814_CORE_FACILITY_6,CONSTANT_TRAINING_MEAN,T194_259a68c52af6cb849af0,PMC9633814_CORE_FACILITY_6,Q16762,PMC9633814_CORE_FACILITY_6,0.2159827213822894,0.5322934289601355
T194_OUTER_09,PMC9633814_CORE_FACILITY_6,CONSTANT_TRAINING_MEAN,T194_2bee0ac89ae3bf7135e4,PMC9633814_CORE_FACILITY_6,P10809,PMC9633814_CORE_FACILITY_6,0.7473002159827213,0.5322934289601355
T194_OUTER_09,PMC9633814_CORE_FACILITY_6,CONSTANT_TRAINING_MEAN,T194_2d6d2378120b43786420,PMC9633814_CORE_FACILITY_6,O00187,PMC9633814_CORE_FACILITY_6,0.8272138228941684,0.5322934289601355
T194_OUTER_09,PMC9633814_CORE_FACILITY_6,CONSTANT_TRAINING_MEAN,T194_371b94dac146bcbb6001,PMC9633814_CORE_FACILITY_6,P13796,PMC9633814_CORE_FACILITY_6,0.38876889848812096,0.5322934289601355
T194_OUTER_09,PMC9633814_CORE_FACILITY_6,CONSTANT_TRAINING_MEAN,T194_3aba89e7f02098ee121f,PMC9633814_CORE_FACILITY_6,Q15365,PMC9633814_CORE_FACILITY_6,0.4535637149028078,0.5322934289601355
T194_OUTER_09,PMC9633814_CORE_FACILITY_6,CONSTANT_TRAINING_MEAN,T194_3b8981afbbf3ae6ccfec,PMC9633814_CORE_FACILITY_6,P11166,PMC9633814_CORE_FACILITY_6,0.8315334773218143,0.5322934289601355
T194_OUTER_09,PMC9633814_CORE_FACILITY_6,CONSTANT_TRAINING_MEAN,T194_3d87d38b08c9c2cceb63,PMC9633814_CORE_FACILITY_6,Q7L576,PMC9633814_CORE_FACILITY_6,0.39956803455723544,0.5322934289601355
T194_OUTER_09,PMC9633814_CORE_FACILITY_6,CONSTANT_TRAINING_MEAN,T194_417c447b455b378cb5a3,PMC9633814_CORE_FACILITY_6,P10644,PMC9633814_CORE_FACILITY_6,0.13390928725701945,0.5322934289601355
T194_OUTER_09,PMC9633814_CORE_FACILITY_6,CONSTANT_TRAINING_MEAN,T194_51cd0a9fd56abc09f492,PMC9633814_CORE_FACILITY_6,Q93084,PMC9633814_CORE_FACILITY_6,0.7019438444924406,0.5322934289601355
T194_OUTER_09,PMC9633814_CORE_FACILITY_6,CONSTANT_TRAINING_MEAN,T194_5a9187770c373eaf752a,PMC9633814_CORE_FACILITY_6,P07996,PMC9633814_CORE_FACILITY_6,0.9438444924406048,0.5322934289601355
T194_OUTER_09,PMC9633814_CORE_FACILITY_6,CONSTANT_TRAINING_MEAN,T194_5b3a9d333cd868ce335b,PMC9633814_CORE_FACILITY_6,P04844,PMC9633814_CORE_FACILITY_6,0.27213822894168466,0.5322934289601355
T194_OUTER_09,PMC9633814_CORE_FACILITY_6,CONSTANT_TRAINING_MEAN,T194_61b5f4939a26b21f65ce,PMC9633814_CORE_FACILITY_6,Q9NY65,PMC9633814_CORE_FACILITY_6,0.5680345572354212,0.5322934289601355
T194_OUTER_09,PMC9633814_CORE_FACILITY_6,CONSTANT_TRAINING_MEAN,T194_65e27fb2574278f388fe,PMC9633814_CORE_FACILITY_6,P27797,PMC9633814_CORE_FACILITY_6,0.09287257019438445,0.5322934289601355
T194_OUTER_09,PMC9633814_CORE_FACILITY_6,CONSTANT_TRAINING_MEAN,T194_677c1e93c95a2a606d75,PMC9633814_CORE_FACILITY_6,P24844,PMC9633814_CORE_FACILITY_6,0.18142548596112312,0.5322934289601355
T194_OUTER_09,PMC9633814_CORE_FACILITY_6,CONSTANT_TRAINING_MEAN,T194_68fa03308b4a477ce8d1,PMC9633814_CORE_FACILITY_6,Q15942,PMC9633814_CORE_FACILITY_6,0.4794816414686825,0.5322934289601355
T194_OUTER_09,PMC9633814_CORE_FACILITY_6,CONSTANT_TRAINING_MEAN,T194_719d419be92b673f16f5,PMC9633814_CORE_FACILITY_6,P16615,PMC9633814_CORE_FACILITY_6,0.4319654427645788,0.5322934289601355
T194_OUTER_09,PMC9633814_CORE_FACILITY_6,CONSTANT_TRAINING_MEAN,T194_7704cc8720f59b8dbf3c,PMC9633814_CORE_FACILITY_6,P30048,PMC9633814_CORE_FACILITY_6,0.004319654427645789,0.5322934289601355
T194_OUTER_09,PMC9633814_CORE_FACILITY_6,CONSTANT_TRAINING_MEAN,T194_7f2e5bb7d49cd2af9f48,PMC9633814_CORE_FACILITY_6,Q27J81,PMC9633814_CORE_FACILITY_6,0.4406047516198704,0.5322934289601355
T194_OUTER_09,PMC9633814_CORE_FACILITY_6,CONSTANT_TRAINING_MEAN,T194_859b7a1673a02a109912,PMC9633814_CORE_FACILITY_6,O75083,PMC9633814_CORE_FACILITY_6,0.38228941684665224,0.5322934289601355
T194_OUTER_09,PMC9633814_CORE_FACILITY_6,CONSTANT_TRAINING_MEAN,T194_8711dffc282cf3ae1792,PMC9633814_CORE_FACILITY_6,P00387,PMC9633814_CORE_FACILITY_6,0.652267818574514,0.5322934289601355
T194_OUTER_09,PMC9633814_CORE_FACILITY_6,CONSTANT_TRAINING_MEAN,T194_8cec432f118ec88d344c,PMC9633814_CORE_FACILITY_6,P50991,PMC9633814_CORE_FACILITY_6,0.08207343412526998,0.5322934289601355
T194_OUTER_09,PMC9633814_CORE_FACILITY_6,CONSTANT_TRAINING_MEAN,T194_8da2b58b882f099b2fcd,PMC9633814_CORE_FACILITY_6,Q9BSJ8,PMC9633814_CORE_FACILITY_6,0.16846652267818574,0.5322934289601355
T194_OUTER_09,PMC9633814_CORE_FACILITY_6,CONSTANT_TRAINING_MEAN,T194_8ee30c46a93bc6ec2d6d,PMC9633814_CORE_FACILITY_6,P30101,PMC9633814_CORE_FACILITY_6,0.6004319654427646,0.5322934289601355
T194_OUTER_09,PMC9633814_CORE_FACILITY_6,CONSTANT_TRAINING_MEAN,T194_942867640c9bbde779c5,PMC9633814_CORE_FACILITY_6,P04004,PMC9633814_CORE_FACILITY_6,0.978401727861771,0.5322934289601355
T194_OUTER_09,PMC9633814_CORE_FACILITY_6,CONSTANT_TRAINING_MEAN,T194_9d3810bcf807bd843e26,PMC9633814_CORE_FACILITY_6,P27348,PMC9633814_CORE_FACILITY_6,0.12958963282937366,0.5322934289601355
T194_OUTER_09,PMC9633814_CORE_FACILITY_6,CONSTANT_TRAINING_MEAN,T194_9dbf3e1d6c0d704bd3c7,PMC9633814_CORE_FACILITY_6,Q15084,PMC9633814_CORE_FACILITY_6,0.03023758099352052,0.5322934289601355
T194_OUTER_09,PMC9633814_CORE_FACILITY_6,CONSTANT_TRAINING_MEAN,T194_a5d6d1f41ad0b0118c9c,PMC9633814_CORE_FACILITY_6,O00264,PMC9633814_CORE_FACILITY_6,0.02159827213822894,0.5322934289601355
T194_OUTER_09,PMC9633814_CORE_FACILITY_6,CONSTANT_TRAINING_MEAN,T194_ab53e7848433b25588ca,PMC9633814_CORE_FACILITY_6,P30044,PMC9633814_CORE_FACILITY_6,0.3542116630669546,0.5322934289601355
T194_OUTER_09,PMC9633814_CORE_FACILITY_6,CONSTANT_TRAINING_MEAN,T194_b6cd3ee57d52aca5b8d5,PMC9633814_CORE_FACILITY_6,O00151,PMC9633814_CORE_FACILITY_6,0.5140388768898488,0.5322934289601355
T194_OUTER_09,PMC9633814_CORE_FACILITY_6,CONSTANT_TRAINING_MEAN,T194_c16fa61a1efb63824df4,PMC9633814_CORE_FACILITY_6,P04264,PMC9633814_CORE_FACILITY_6,0.937365010799136,0.5322934289601355
T194_OUTER_09,PMC9633814_CORE_FACILITY_6,CONSTANT_TRAINING_MEAN,T194_c3bdf038413cc7fca3ca,PMC9633814_CORE_FACILITY_6,P45880,PMC9633814_CORE_FACILITY_6,0.3563714902807775,0.5322934289601355
T194_OUTER_09,PMC9633814_CORE_FACILITY_6,CONSTANT_TRAINING_MEAN,T194_c66704c4870122f9868d,PMC9633814_CORE_FACILITY_6,Q9H4B7,PMC9633814_CORE_FACILITY_6,0.9330453563714903,0.5322934289601355
T194_OUTER_09,PMC9633814_CORE_FACILITY_6,CONSTANT_TRAINING_MEAN,T194_ca55f8bf89010d8257be,PMC9633814_CORE_FACILITY_6,Q70J99,PMC9633814_CORE_FACILITY_6,0.4427645788336933,0.5322934289601355
T194_OUTER_09,PMC9633814_CORE_FACILITY_6,CONSTANT_TRAINING_MEAN,T194_d0f37b6a68fb464f309b,PMC9633814_CORE_FACILITY_6,P11021,PMC9633814_CORE_FACILITY_6,0.4816414686825054,0.5322934289601355
T194_OUTER_09,PMC9633814_CORE_FACILITY_6,CONSTANT_TRAINING_MEAN,T194_d6d5cdfcefc0717c75ad,PMC9633814_CORE_FACILITY_6,P26641,PMC9633814_CORE_FACILITY_6,0.39740820734341253,0.5322934289601355
T194_OUTER_09,PMC9633814_CORE_FACILITY_6,CONSTANT_TRAINING_MEAN,T194_debaf701ba8c5ce187fa,PMC9633814_CORE_FACILITY_6,P06396,PMC9633814_CORE_FACILITY_6,0.9200863930885529,0.5322934289601355
T194_OUTER_09,PMC9633814_CORE_FACILITY_6,CONSTANT_TRAINING_MEAN,T194_e5ee2f7f197f45561e5f,PMC9633814_CORE_FACILITY_6,Q8TC12,PMC9633814_CORE_FACILITY_6,0.46004319654427644,0.5322934289601355
T194_OUTER_09,PMC9633814_CORE_FACILITY_6,CONSTANT_TRAINING_MEAN,T194_f00f4646e9a6e75cb0da,PMC9633814_CORE_FACILITY_6,P30041,PMC9633814_CORE_FACILITY_6,0.6436285097192225,0.5322934289601355
T194_OUTER_09,PMC9633814_CORE_FACILITY_6,CONSTANT_TRAINING_MEAN,T194_f1eb2fb0b1e8548af170,PMC9633814_CORE_FACILITY_6,P26038,PMC9633814_CORE_FACILITY_6,0.7213822894168467,0.5322934289601355
T194_OUTER_09,PMC9633814_CORE_FACILITY_6,CONSTANT_TRAINING_MEAN,T194_f5750d9645f2a1608d85,PMC9633814_CORE_FACILITY_6,P06576,PMC9633814_CORE_FACILITY_6,0.8077753779697624,0.5322934289601355
T194_OUTER_09,PMC9633814_CORE_FACILITY_6,CONSTANT_TRAINING_MEAN,T194_f575b06df5824d94cb6c,PMC9633814_CORE_FACILITY_6,P68366,PMC9633814_CORE_FACILITY_6,0.8056155507559395,0.5322934289601355
T194_OUTER_09,PMC9633814_CORE_FACILITY_6,SEQUENCE_RIDGE_FULL,T194_002a96c24978efe41bc1,PMC9633814_CORE_FACILITY_6,O00299,PMC9633814_CORE_FACILITY_6,0.673866090712743,0.5843661648537363
T194_OUTER_09,PMC9633814_CORE_FACILITY_6,SEQUENCE_RIDGE_FULL,T194_013516ec6394e5356da5,PMC9633814_CORE_FACILITY_6,P38646,PMC9633814_CORE_FACILITY_6,0.31101511879049676,0.513616356594822
T194_OUTER_09,PMC9633814_CORE_FACILITY_6,SEQUENCE_RIDGE_FULL,T194_03ac7365c71ce787a83c,PMC9633814_CORE_FACILITY_6,P11413,PMC9633814_CORE_FACILITY_6,0.2203023758099352,0.5690437914585906
T194_OUTER_09,PMC9633814_CORE_FACILITY_6,SEQUENCE_RIDGE_FULL,T194_044643e652d913d59356,PMC9633814_CORE_FACILITY_6,P21796,PMC9633814_CORE_FACILITY_6,0.1101511879049676,0.5480207492902452
T194_OUTER_09,PMC9633814_CORE_FACILITY_6,SEQUENCE_RIDGE_FULL,T194_08fad80b73c64a6ffe03,PMC9633814_CORE_FACILITY_6,Q9HDC9,PMC9633814_CORE_FACILITY_6,0.7192224622030238,0.5533019585423415
T194_OUTER_09,PMC9633814_CORE_FACILITY_6,SEQUENCE_RIDGE_FULL,T194_0f2a14ce5419ccb81d6e,PMC9633814_CORE_FACILITY_6,P52907,PMC9633814_CORE_FACILITY_6,0.5248380129589633,0.5064245263340337
T194_OUTER_09,PMC9633814_CORE_FACILITY_6,SEQUENCE_RIDGE_FULL,T194_19e097549e28e4e0d089,PMC9633814_CORE_FACILITY_6,P05556,PMC9633814_CORE_FACILITY_6,0.6695464362850972,0.7578496994798272
T194_OUTER_09,PMC9633814_CORE_FACILITY_6,SEQUENCE_RIDGE_FULL,T194_1ae556704753f45ce8c7,PMC9633814_CORE_FACILITY_6,Q9NQC3,PMC9633814_CORE_FACILITY_6,0.7429805615550756,0.577554963089736
T194_OUTER_09,PMC9633814_CORE_FACILITY_6,SEQUENCE_RIDGE_FULL,T194_1f0a8bdc565fe79db3fe,PMC9633814_CORE_FACILITY_6,P61981,PMC9633814_CORE_FACILITY_6,0.008639308855291577,0.40722534056116416
T194_OUTER_09,PMC9633814_CORE_FACILITY_6,SEQUENCE_RIDGE_FULL,T194_1f9f0bf16b0f9ae67c79,PMC9633814_CORE_FACILITY_6,P61026,PMC9633814_CORE_FACILITY_6,0.5658747300215983,0.3780801301573996
T194_OUTER_09,PMC9633814_CORE_FACILITY_6,SEQUENCE_RIDGE_FULL,T194_259a68c52af6cb849af0,PMC9633814_CORE_FACILITY_6,Q16762,PMC9633814_CORE_FACILITY_6,0.2159827213822894,0.49476155288131246
T194_OUTER_09,PMC9633814_CORE_FACILITY_6,SEQUENCE_RIDGE_FULL,T194_2bee0ac89ae3bf7135e4,PMC9633814_CORE_FACILITY_6,P10809,PMC9633814_CORE_FACILITY_6,0.7473002159827213,0.45002932294745346
T194_OUTER_09,PMC9633814_CORE_FACILITY_6,SEQUENCE_RIDGE_FULL,T194_2d6d2378120b43786420,PMC9633814_CORE_FACILITY_6,O00187,PMC9633814_CORE_FACILITY_6,0.8272138228941684,0.700463509450584
T194_OUTER_09,PMC9633814_CORE_FACILITY_6,SEQUENCE_RIDGE_FULL,T194_371b94dac146bcbb6001,PMC9633814_CORE_FACILITY_6,P13796,PMC9633814_CORE_FACILITY_6,0.38876889848812096,0.5196147254406399
T194_OUTER_09,PMC9633814_CORE_FACILITY_6,SEQUENCE_RIDGE_FULL,T194_3aba89e7f02098ee121f,PMC9633814_CORE_FACILITY_6,Q15365,PMC9633814_CORE_FACILITY_6,0.4535637149028078,0.47192536989412875
T194_OUTER_09,PMC9633814_CORE_FACILITY_6,SEQUENCE_RIDGE_FULL,T194_3b8981afbbf3ae6ccfec,PMC9633814_CORE_FACILITY_6,P11166,PMC9633814_CORE_FACILITY_6,0.8315334773218143,0.5846611688869799
T194_OUTER_09,PMC9633814_CORE_FACILITY_6,SEQUENCE_RIDGE_FULL,T194_3d87d38b08c9c2cceb63,PMC9633814_CORE_FACILITY_6,Q7L576,PMC9633814_CORE_FACILITY_6,0.39956803455723544,0.5732399718916165
T194_OUTER_09,PMC9633814_CORE_FACILITY_6,SEQUENCE_RIDGE_FULL,T194_417c447b455b378cb5a3,PMC9633814_CORE_FACILITY_6,P10644,PMC9633814_CORE_FACILITY_6,0.13390928725701945,0.49314342618458035
T194_OUTER_09,PMC9633814_CORE_FACILITY_6,SEQUENCE_RIDGE_FULL,T194_51cd0a9fd56abc09f492,PMC9633814_CORE_FACILITY_6,Q93084,PMC9633814_CORE_FACILITY_6,0.7019438444924406,0.6479215589541513
T194_OUTER_09,PMC9633814_CORE_FACILITY_6,SEQUENCE_RIDGE_FULL,T194_5a9187770c373eaf752a,PMC9633814_CORE_FACILITY_6,P07996,PMC9633814_CORE_FACILITY_6,0.9438444924406048,0.8616816755325108
T194_OUTER_09,PMC9633814_CORE_FACILITY_6,SEQUENCE_RIDGE_FULL,T194_5b3a9d333cd868ce335b,PMC9633814_CORE_FACILITY_6,P04844,PMC9633814_CORE_FACILITY_6,0.27213822894168466,0.5599892149161438
T194_OUTER_09,PMC9633814_CORE_FACILITY_6,SEQUENCE_RIDGE_FULL,T194_61b5f4939a26b21f65ce,PMC9633814_CORE_FACILITY_6,Q9NY65,PMC9633814_CORE_FACILITY_6,0.5680345572354212,0.6605887878012906
T194_OUTER_09,PMC9633814_CORE_FACILITY_6,SEQUENCE_RIDGE_FULL,T194_65e27fb2574278f388fe,PMC9633814_CORE_FACILITY_6,P27797,PMC9633814_CORE_FACILITY_6,0.09287257019438445,0.489079876647969
T194_OUTER_09,PMC9633814_CORE_FACILITY_6,SEQUENCE_RIDGE_FULL,T194_677c1e93c95a2a606d75,PMC9633814_CORE_FACILITY_6,P24844,PMC9633814_CORE_FACILITY_6,0.18142548596112312,0.5109367295198697
T194_OUTER_09,PMC9633814_CORE_FACILITY_6,SEQUENCE_RIDGE_FULL,T194_68fa03308b4a477ce8d1,PMC9633814_CORE_FACILITY_6,Q15942,PMC9633814_CORE_FACILITY_6,0.4794816414686825,0.6512039347842595
T194_OUTER_09,PMC9633814_CORE_FACILITY_6,SEQUENCE_RIDGE_FULL,T194_719d419be92b673f16f5,PMC9633814_CORE_FACILITY_6,P16615,PMC9633814_CORE_FACILITY_6,0.4319654427645788,0.6190654473174372
T194_OUTER_09,PMC9633814_CORE_FACILITY_6,SEQUENCE_RIDGE_FULL,T194_7704cc8720f59b8dbf3c,PMC9633814_CORE_FACILITY_6,P30048,PMC9633814_CORE_FACILITY_6,0.004319654427645789,0.45685621971047385
T194_OUTER_09,PMC9633814_CORE_FACILITY_6,SEQUENCE_RIDGE_FULL,T194_7f2e5bb7d49cd2af9f48,PMC9633814_CORE_FACILITY_6,Q27J81,PMC9633814_CORE_FACILITY_6,0.4406047516198704,0.6181329222237819
T194_OUTER_09,PMC9633814_CORE_FACILITY_6,SEQUENCE_RIDGE_FULL,T194_859b7a1673a02a109912,PMC9633814_CORE_FACILITY_6,O75083,PMC9633814_CORE_FACILITY_6,0.38228941684665224,0.5517624566620378
T194_OUTER_09,PMC9633814_CORE_FACILITY_6,SEQUENCE_RIDGE_FULL,T194_8711dffc282cf3ae1792,PMC9633814_CORE_FACILITY_6,P00387,PMC9633814_CORE_FACILITY_6,0.652267818574514,0.4713674382598698
T194_OUTER_09,PMC9633814_CORE_FACILITY_6,SEQUENCE_RIDGE_FULL,T194_8cec432f118ec88d344c,PMC9633814_CORE_FACILITY_6,P50991,PMC9633814_CORE_FACILITY_6,0.08207343412526998,0.3949158091778507
T194_OUTER_09,PMC9633814_CORE_FACILITY_6,SEQUENCE_RIDGE_FULL,T194_8da2b58b882f099b2fcd,PMC9633814_CORE_FACILITY_6,Q9BSJ8,PMC9633814_CORE_FACILITY_6,0.16846652267818574,0.5544814896248369
T194_OUTER_09,PMC9633814_CORE_FACILITY_6,SEQUENCE_RIDGE_FULL,T194_8ee30c46a93bc6ec2d6d,PMC9633814_CORE_FACILITY_6,P30101,PMC9633814_CORE_FACILITY_6,0.6004319654427646,0.483773236232581
T194_OUTER_09,PMC9633814_CORE_FACILITY_6,SEQUENCE_RIDGE_FULL,T194_942867640c9bbde779c5,PMC9633814_CORE_FACILITY_6,P04004,PMC9633814_CORE_FACILITY_6,0.978401727861771,0.5899396769747994
T194_OUTER_09,PMC9633814_CORE_FACILITY_6,SEQUENCE_RIDGE_FULL,T194_9d3810bcf807bd843e26,PMC9633814_CORE_FACILITY_6,P27348,PMC9633814_CORE_FACILITY_6,0.12958963282937366,0.38535173661558697
T194_OUTER_09,PMC9633814_CORE_FACILITY_6,SEQUENCE_RIDGE_FULL,T194_9dbf3e1d6c0d704bd3c7,PMC9633814_CORE_FACILITY_6,Q15084,PMC9633814_CORE_FACILITY_6,0.03023758099352052,0.4498581655590154
T194_OUTER_09,PMC9633814_CORE_FACILITY_6,SEQUENCE_RIDGE_FULL,T194_a5d6d1f41ad0b0118c9c,PMC9633814_CORE_FACILITY_6,O00264,PMC9633814_CORE_FACILITY_6,0.02159827213822894,0.5228322790930605
T194_OUTER_09,PMC9633814_CORE_FACILITY_6,SEQUENCE_RIDGE_FULL,T194_ab53e7848433b25588ca,PMC9633814_CORE_FACILITY_6,P30044,PMC9633814_CORE_FACILITY_6,0.3542116630669546,0.435927554718156
T194_OUTER_09,PMC9633814_CORE_FACILITY_6,SEQUENCE_RIDGE_FULL,T194_b6cd3ee57d52aca5b8d5,PMC9633814_CORE_FACILITY_6,O00151,PMC9633814_CORE_FACILITY_6,0.5140388768898488,0.5446729261810913
T194_OUTER_09,PMC9633814_CORE_FACILITY_6,SEQUENCE_RIDGE_FULL,T194_c16fa61a1efb63824df4,PMC9633814_CORE_FACILITY_6,P04264,PMC9633814_CORE_FACILITY_6,0.937365010799136,0.8224892308540387
T194_OUTER_09,PMC9633814_CORE_FACILITY_6,SEQUENCE_RIDGE_FULL,T194_c3bdf038413cc7fca3ca,PMC9633814_CORE_FACILITY_6,P45880,PMC9633814_CORE_FACILITY_6,0.3563714902807775,0.5741021929092988
T194_OUTER_09,PMC9633814_CORE_FACILITY_6,SEQUENCE_RIDGE_FULL,T194_c66704c4870122f9868d,PMC9633814_CORE_FACILITY_6,Q9H4B7,PMC9633814_CORE_FACILITY_6,0.9330453563714903,0.6373414492948585
T194_OUTER_09,PMC9633814_CORE_FACILITY_6,SEQUENCE_RIDGE_FULL,T194_ca55f8bf89010d8257be,PMC9633814_CORE_FACILITY_6,Q70J99,PMC9633814_CORE_FACILITY_6,0.4427645788336933,0.591317188222077
T194_OUTER_09,PMC9633814_CORE_FACILITY_6,SEQUENCE_RIDGE_FULL,T194_d0f37b6a68fb464f309b,PMC9633814_CORE_FACILITY_6,P11021,PMC9633814_CORE_FACILITY_6,0.4816414686825054,0.5739138205977432
T194_OUTER_09,PMC9633814_CORE_FACILITY_6,SEQUENCE_RIDGE_FULL,T194_d6d5cdfcefc0717c75ad,PMC9633814_CORE_FACILITY_6,P26641,PMC9633814_CORE_FACILITY_6,0.39740820734341253,0.4596984505128101
T194_OUTER_09,PMC9633814_CORE_FACILITY_6,SEQUENCE_RIDGE_FULL,T194_debaf701ba8c5ce187fa,PMC9633814_CORE_FACILITY_6,P06396,PMC9633814_CORE_FACILITY_6,0.9200863930885529,0.5838303943171985
T194_OUTER_09,PMC9633814_CORE_FACILITY_6,SEQUENCE_RIDGE_FULL,T194_e5ee2f7f197f45561e5f,PMC9633814_CORE_FACILITY_6,Q8TC12,PMC9633814_CORE_FACILITY_6,0.46004319654427644,0.4351357155157392
T194_OUTER_09,PMC9633814_CORE_FACILITY_6,SEQUENCE_RIDGE_FULL,T194_f00f4646e9a6e75cb0da,PMC9633814_CORE_FACILITY_6,P30041,PMC9633814_CORE_FACILITY_6,0.6436285097192225,0.41480926432014514
T194_OUTER_09,PMC9633814_CORE_FACILITY_6,SEQUENCE_RIDGE_FULL,T194_f1eb2fb0b1e8548af170,PMC9633814_CORE_FACILITY_6,P26038,PMC9633814_CORE_FACILITY_6,0.7213822894168467,0.30764036813811746
T194_OUTER_09,PMC9633814_CORE_FACILITY_6,SEQUENCE_RIDGE_FULL,T194_f5750d9645f2a1608d85,PMC9633814_CORE_FACILITY_6,P06576,PMC9633814_CORE_FACILITY_6,0.8077753779697624,0.5815407308027614
T194_OUTER_09,PMC9633814_CORE_FACILITY_6,SEQUENCE_RIDGE_FULL,T194_f575b06df5824d94cb6c,PMC9633814_CORE_FACILITY_6,P68366,PMC9633814_CORE_FACILITY_6,0.8056155507559395,0.6661712224858044
T194_OUTER_09,PMC9633814_CORE_FACILITY_6,SEQUENCE_RIDGE_COMPOSITION_ONLY,T194_002a96c24978efe41bc1,PMC9633814_CORE_FACILITY_6,O00299,PMC9633814_CORE_FACILITY_6,0.673866090712743,0.61308390554795
T194_OUTER_09,PMC9633814_CORE_FACILITY_6,SEQUENCE_RIDGE_COMPOSITION_ONLY,T194_013516ec6394e5356da5,PMC9633814_CORE_FACILITY_6,P38646,PMC9633814_CORE_FACILITY_6,0.31101511879049676,0.4830162106135849
T194_OUTER_09,PMC9633814_CORE_FACILITY_6,SEQUENCE_RIDGE_COMPOSITION_ONLY,T194_03ac7365c71ce787a83c,PMC9633814_CORE_FACILITY_6,P11413,PMC9633814_CORE_FACILITY_6,0.2203023758099352,0.5523764978457798
T194_OUTER_09,PMC9633814_CORE_FACILITY_6,SEQUENCE_RIDGE_COMPOSITION_ONLY,T194_044643e652d913d59356,PMC9633814_CORE_FACILITY_6,P21796,PMC9633814_CORE_FACILITY_6,0.1101511879049676,0.5097142526392008
T194_OUTER_09,PMC9633814_CORE_FACILITY_6,SEQUENCE_RIDGE_COMPOSITION_ONLY,T194_08fad80b73c64a6ffe03,PMC9633814_CORE_FACILITY_6,Q9HDC9,PMC9633814_CORE_FACILITY_6,0.7192224622030238,0.6038346169038443
T194_OUTER_09,PMC9633814_CORE_FACILITY_6,SEQUENCE_RIDGE_COMPOSITION_ONLY,T194_0f2a14ce5419ccb81d6e,PMC9633814_CORE_FACILITY_6,P52907,PMC9633814_CORE_FACILITY_6,0.5248380129589633,0.5290854699449505
T194_OUTER_09,PMC9633814_CORE_FACILITY_6,SEQUENCE_RIDGE_COMPOSITION_ONLY,T194_19e097549e28e4e0d089,PMC9633814_CORE_FACILITY_6,P05556,PMC9633814_CORE_FACILITY_6,0.6695464362850972,0.7426310506120907
T194_OUTER_09,PMC9633814_CORE_FACILITY_6,SEQUENCE_RIDGE_COMPOSITION_ONLY,T194_1ae556704753f45ce8c7,PMC9633814_CORE_FACILITY_6,Q9NQC3,PMC9633814_CORE_FACILITY_6,0.7429805615550756,0.4933168605841173
T194_OUTER_09,PMC9633814_CORE_FACILITY_6,SEQUENCE_RIDGE_COMPOSITION_ONLY,T194_1f0a8bdc565fe79db3fe,PMC9633814_CORE_FACILITY_6,P61981,PMC9633814_CORE_FACILITY_6,0.008639308855291577,0.45398286540666144
T194_OUTER_09,PMC9633814_CORE_FACILITY_6,SEQUENCE_RIDGE_COMPOSITION_ONLY,T194_1f9f0bf16b0f9ae67c79,PMC9633814_CORE_FACILITY_6,P61026,PMC9633814_CORE_FACILITY_6,0.5658747300215983,0.39539727044470163
T194_OUTER_09,PMC9633814_CORE_FACILITY_6,SEQUENCE_RIDGE_COMPOSITION_ONLY,T194_259a68c52af6cb849af0,PMC9633814_CORE_FACILITY_6,Q16762,PMC9633814_CORE_FACILITY_6,0.2159827213822894,0.5325667179175444
T194_OUTER_09,PMC9633814_CORE_FACILITY_6,SEQUENCE_RIDGE_COMPOSITION_ONLY,T194_2bee0ac89ae3bf7135e4,PMC9633814_CORE_FACILITY_6,P10809,PMC9633814_CORE_FACILITY_6,0.7473002159827213,0.4381567064442817
T194_OUTER_09,PMC9633814_CORE_FACILITY_6,SEQUENCE_RIDGE_COMPOSITION_ONLY,T194_2d6d2378120b43786420,PMC9633814_CORE_FACILITY_6,O00187,PMC9633814_CORE_FACILITY_6,0.8272138228941684,0.6514492198377702
T194_OUTER_09,PMC9633814_CORE_FACILITY_6,SEQUENCE_RIDGE_COMPOSITION_ONLY,T194_371b94dac146bcbb6001,PMC9633814_CORE_FACILITY_6,P13796,PMC9633814_CORE_FACILITY_6,0.38876889848812096,0.5122032899557957
T194_OUTER_09,PMC9633814_CORE_FACILITY_6,SEQUENCE_RIDGE_COMPOSITION_ONLY,T194_3aba89e7f02098ee121f,PMC9633814_CORE_FACILITY_6,Q15365,PMC9633814_CORE_FACILITY_6,0.4535637149028078,0.5820650673392002
T194_OUTER_09,PMC9633814_CORE_FACILITY_6,SEQUENCE_RIDGE_COMPOSITION_ONLY,T194_3b8981afbbf3ae6ccfec,PMC9633814_CORE_FACILITY_6,P11166,PMC9633814_CORE_FACILITY_6,0.8315334773218143,0.5729955724746622
T194_OUTER_09,PMC9633814_CORE_FACILITY_6,SEQUENCE_RIDGE_COMPOSITION_ONLY,T194_3d87d38b08c9c2cceb63,PMC9633814_CORE_FACILITY_6,Q7L576,PMC9633814_CORE_FACILITY_6,0.39956803455723544,0.5027469385948665
T194_OUTER_09,PMC9633814_CORE_FACILITY_6,SEQUENCE_RIDGE_COMPOSITION_ONLY,T194_417c447b455b378cb5a3,PMC9633814_CORE_FACILITY_6,P10644,PMC9633814_CORE_FACILITY_6,0.13390928725701945,0.5572619125025666
T194_OUTER_09,PMC9633814_CORE_FACILITY_6,SEQUENCE_RIDGE_COMPOSITION_ONLY,T194_51cd0a9fd56abc09f492,PMC9633814_CORE_FACILITY_6,Q93084,PMC9633814_CORE_FACILITY_6,0.7019438444924406,0.5783691866919042
T194_OUTER_09,PMC9633814_CORE_FACILITY_6,SEQUENCE_RIDGE_COMPOSITION_ONLY,T194_5a9187770c373eaf752a,PMC9633814_CORE_FACILITY_6,P07996,PMC9633814_CORE_FACILITY_6,0.9438444924406048,0.8005115000689454
T194_OUTER_09,PMC9633814_CORE_FACILITY_6,SEQUENCE_RIDGE_COMPOSITION_ONLY,T194_5b3a9d333cd868ce335b,PMC9633814_CORE_FACILITY_6,P04844,PMC9633814_CORE_FACILITY_6,0.27213822894168466,0.5434518820094209
T194_OUTER_09,PMC9633814_CORE_FACILITY_6,SEQUENCE_RIDGE_COMPOSITION_ONLY,T194_61b5f4939a26b21f65ce,PMC9633814_CORE_FACILITY_6,Q9NY65,PMC9633814_CORE_FACILITY_6,0.5680345572354212,0.6660021741183587
T194_OUTER_09,PMC9633814_CORE_FACILITY_6,SEQUENCE_RIDGE_COMPOSITION_ONLY,T194_65e27fb2574278f388fe,PMC9633814_CORE_FACILITY_6,P27797,PMC9633814_CORE_FACILITY_6,0.09287257019438445,0.515810846257296
T194_OUTER_09,PMC9633814_CORE_FACILITY_6,SEQUENCE_RIDGE_COMPOSITION_ONLY,T194_677c1e93c95a2a606d75,PMC9633814_CORE_FACILITY_6,P24844,PMC9633814_CORE_FACILITY_6,0.18142548596112312,0.47137502598448405
T194_OUTER_09,PMC9633814_CORE_FACILITY_6,SEQUENCE_RIDGE_COMPOSITION_ONLY,T194_68fa03308b4a477ce8d1,PMC9633814_CORE_FACILITY_6,Q15942,PMC9633814_CORE_FACILITY_6,0.4794816414686825,0.6858932876193262
T194_OUTER_09,PMC9633814_CORE_FACILITY_6,SEQUENCE_RIDGE_COMPOSITION_ONLY,T194_719d419be92b673f16f5,PMC9633814_CORE_FACILITY_6,P16615,PMC9633814_CORE_FACILITY_6,0.4319654427645788,0.5363247867572271
T194_OUTER_09,PMC9633814_CORE_FACILITY_6,SEQUENCE_RIDGE_COMPOSITION_ONLY,T194_7704cc8720f59b8dbf3c,PMC9633814_CORE_FACILITY_6,P30048,PMC9633814_CORE_FACILITY_6,0.004319654427645789,0.5423839197564945
T194_OUTER_09,PMC9633814_CORE_FACILITY_6,SEQUENCE_RIDGE_COMPOSITION_ONLY,T194_7f2e5bb7d49cd2af9f48,PMC9633814_CORE_FACILITY_6,Q27J81,PMC9633814_CORE_FACILITY_6,0.4406047516198704,0.5232843257513882
T194_OUTER_09,PMC9633814_CORE_FACILITY_6,SEQUENCE_RIDGE_COMPOSITION_ONLY,T194_859b7a1673a02a109912,PMC9633814_CORE_FACILITY_6,O75083,PMC9633814_CORE_FACILITY_6,0.38228941684665224,0.540404513379785
T194_OUTER_09,PMC9633814_CORE_FACILITY_6,SEQUENCE_RIDGE_COMPOSITION_ONLY,T194_8711dffc282cf3ae1792,PMC9633814_CORE_FACILITY_6,P00387,PMC9633814_CORE_FACILITY_6,0.652267818574514,0.49568157509060184
T194_OUTER_09,PMC9633814_CORE_FACILITY_6,SEQUENCE_RIDGE_COMPOSITION_ONLY,T194_8cec432f118ec88d344c,PMC9633814_CORE_FACILITY_6,P50991,PMC9633814_CORE_FACILITY_6,0.08207343412526998,0.4478528055292365
T194_OUTER_09,PMC9633814_CORE_FACILITY_6,SEQUENCE_RIDGE_COMPOSITION_ONLY,T194_8da2b58b882f099b2fcd,PMC9633814_CORE_FACILITY_6,Q9BSJ8,PMC9633814_CORE_FACILITY_6,0.16846652267818574,0.5228901749360246
T194_OUTER_09,PMC9633814_CORE_FACILITY_6,SEQUENCE_RIDGE_COMPOSITION_ONLY,T194_8ee30c46a93bc6ec2d6d,PMC9633814_CORE_FACILITY_6,P30101,PMC9633814_CORE_FACILITY_6,0.6004319654427646,0.4413426664655231
T194_OUTER_09,PMC9633814_CORE_FACILITY_6,SEQUENCE_RIDGE_COMPOSITION_ONLY,T194_942867640c9bbde779c5,PMC9633814_CORE_FACILITY_6,P04004,PMC9633814_CORE_FACILITY_6,0.978401727861771,0.6105585015063508
T194_OUTER_09,PMC9633814_CORE_FACILITY_6,SEQUENCE_RIDGE_COMPOSITION_ONLY,T194_9d3810bcf807bd843e26,PMC9633814_CORE_FACILITY_6,P27348,PMC9633814_CORE_FACILITY_6,0.12958963282937366,0.42780421672991115
T194_OUTER_09,PMC9633814_CORE_FACILITY_6,SEQUENCE_RIDGE_COMPOSITION_ONLY,T194_9dbf3e1d6c0d704bd3c7,PMC9633814_CORE_FACILITY_6,Q15084,PMC9633814_CORE_FACILITY_6,0.03023758099352052,0.4972180421104714
T194_OUTER_09,PMC9633814_CORE_FACILITY_6,SEQUENCE_RIDGE_COMPOSITION_ONLY,T194_a5d6d1f41ad0b0118c9c,PMC9633814_CORE_FACILITY_6,O00264,PMC9633814_CORE_FACILITY_6,0.02159827213822894,0.5989434503086124
T194_OUTER_09,PMC9633814_CORE_FACILITY_6,SEQUENCE_RIDGE_COMPOSITION_ONLY,T194_ab53e7848433b25588ca,PMC9633814_CORE_FACILITY_6,P30044,PMC9633814_CORE_FACILITY_6,0.3542116630669546,0.5345256218375681
T194_OUTER_09,PMC9633814_CORE_FACILITY_6,SEQUENCE_RIDGE_COMPOSITION_ONLY,T194_b6cd3ee57d52aca5b8d5,PMC9633814_CORE_FACILITY_6,O00151,PMC9633814_CORE_FACILITY_6,0.5140388768898488,0.6048734632267009
T194_OUTER_09,PMC9633814_CORE_FACILITY_6,SEQUENCE_RIDGE_COMPOSITION_ONLY,T194_c16fa61a1efb63824df4,PMC9633814_CORE_FACILITY_6,P04264,PMC9633814_CORE_FACILITY_6,0.937365010799136,0.7829968491150987
T194_OUTER_09,PMC9633814_CORE_FACILITY_6,SEQUENCE_RIDGE_COMPOSITION_ONLY,T194_c3bdf038413cc7fca3ca,PMC9633814_CORE_FACILITY_6,P45880,PMC9633814_CORE_FACILITY_6,0.3563714902807775,0.5779829403672653
T194_OUTER_09,PMC9633814_CORE_FACILITY_6,SEQUENCE_RIDGE_COMPOSITION_ONLY,T194_c66704c4870122f9868d,PMC9633814_CORE_FACILITY_6,Q9H4B7,PMC9633814_CORE_FACILITY_6,0.9330453563714903,0.6561642330616027
T194_OUTER_09,PMC9633814_CORE_FACILITY_6,SEQUENCE_RIDGE_COMPOSITION_ONLY,T194_ca55f8bf89010d8257be,PMC9633814_CORE_FACILITY_6,Q70J99,PMC9633814_CORE_FACILITY_6,0.4427645788336933,0.5578546427704691
T194_OUTER_09,PMC9633814_CORE_FACILITY_6,SEQUENCE_RIDGE_COMPOSITION_ONLY,T194_d0f37b6a68fb464f309b,PMC9633814_CORE_FACILITY_6,P11021,PMC9633814_CORE_FACILITY_6,0.4816414686825054,0.5398482320101642
T194_OUTER_09,PMC9633814_CORE_FACILITY_6,SEQUENCE_RIDGE_COMPOSITION_ONLY,T194_d6d5cdfcefc0717c75ad,PMC9633814_CORE_FACILITY_6,P26641,PMC9633814_CORE_FACILITY_6,0.39740820734341253,0.4257197546957503
T194_OUTER_09,PMC9633814_CORE_FACILITY_6,SEQUENCE_RIDGE_COMPOSITION_ONLY,T194_debaf701ba8c5ce187fa,PMC9633814_CORE_FACILITY_6,P06396,PMC9633814_CORE_FACILITY_6,0.9200863930885529,0.5195619910460108
T194_OUTER_09,PMC9633814_CORE_FACILITY_6,SEQUENCE_RIDGE_COMPOSITION_ONLY,T194_e5ee2f7f197f45561e5f,PMC9633814_CORE_FACILITY_6,Q8TC12,PMC9633814_CORE_FACILITY_6,0.46004319654427644,0.46064162017141497
T194_OUTER_09,PMC9633814_CORE_FACILITY_6,SEQUENCE_RIDGE_COMPOSITION_ONLY,T194_f00f4646e9a6e75cb0da,PMC9633814_CORE_FACILITY_6,P30041,PMC9633814_CORE_FACILITY_6,0.6436285097192225,0.461673066920617
T194_OUTER_09,PMC9633814_CORE_FACILITY_6,SEQUENCE_RIDGE_COMPOSITION_ONLY,T194_f1eb2fb0b1e8548af170,PMC9633814_CORE_FACILITY_6,P26038,PMC9633814_CORE_FACILITY_6,0.7213822894168467,0.288925390716518
T194_OUTER_09,PMC9633814_CORE_FACILITY_6,SEQUENCE_RIDGE_COMPOSITION_ONLY,T194_f5750d9645f2a1608d85,PMC9633814_CORE_FACILITY_6,P06576,PMC9633814_CORE_FACILITY_6,0.8077753779697624,0.5825229606818529
T194_OUTER_09,PMC9633814_CORE_FACILITY_6,SEQUENCE_RIDGE_COMPOSITION_ONLY,T194_f575b06df5824d94cb6c,PMC9633814_CORE_FACILITY_6,P68366,PMC9633814_CORE_FACILITY_6,0.8056155507559395,0.6698550436650096
T194_OUTER_10,PMC9633814_CORE_FACILITY_7,CONSTANT_TRAINING_MEAN,T194_010df8e4cbdd01e8d341,PMC9633814_CORE_FACILITY_7,P68366,PMC9633814_CORE_FACILITY_7,0.841541755888651,0.5280040055709451
T194_OUTER_10,PMC9633814_CORE_FACILITY_7,CONSTANT_TRAINING_MEAN,T194_014a454824ab9017eb6f,PMC9633814_CORE_FACILITY_7,O15145,PMC9633814_CORE_FACILITY_7,0.430406852248394,0.5280040055709451
T194_OUTER_10,PMC9633814_CORE_FACILITY_7,CONSTANT_TRAINING_MEAN,T194_100ed1f02ed3ca74ed5a,PMC9633814_CORE_FACILITY_7,P11166,PMC9633814_CORE_FACILITY_7,0.7815845824411135,0.5280040055709451
T194_OUTER_10,PMC9633814_CORE_FACILITY_7,CONSTANT_TRAINING_MEAN,T194_10627b05cf09221ed2d1,PMC9633814_CORE_FACILITY_7,P61006,PMC9633814_CORE_FACILITY_7,0.11777301927194861,0.5280040055709451
T194_OUTER_10,PMC9633814_CORE_FACILITY_7,CONSTANT_TRAINING_MEAN,T194_1d849159806ef8472b80,PMC9633814_CORE_FACILITY_7,P38646,PMC9633814_CORE_FACILITY_7,0.3576017130620985,0.5280040055709451
T194_OUTER_10,PMC9633814_CORE_FACILITY_7,CONSTANT_TRAINING_MEAN,T194_237640849331665338bf,PMC9633814_CORE_FACILITY_7,P37802,PMC9633814_CORE_FACILITY_7,0.5653104925053534,0.5280040055709451
T194_OUTER_10,PMC9633814_CORE_FACILITY_7,CONSTANT_TRAINING_MEAN,T194_2778197df980c8a313f8,PMC9633814_CORE_FACILITY_7,Q70J99,PMC9633814_CORE_FACILITY_7,0.35974304068522484,0.5280040055709451
T194_OUTER_10,PMC9633814_CORE_FACILITY_7,CONSTANT_TRAINING_MEAN,T194_2842aedefad41fc230a4,PMC9633814_CORE_FACILITY_7,P61106,PMC9633814_CORE_FACILITY_7,0.41113490364025695,0.5280040055709451
T194_OUTER_10,PMC9633814_CORE_FACILITY_7,CONSTANT_TRAINING_MEAN,T194_2fd324f2b03a3f89bd08,PMC9633814_CORE_FACILITY_7,O00151,PMC9633814_CORE_FACILITY_7,0.582441113490364,0.5280040055709451
T194_OUTER_10,PMC9633814_CORE_FACILITY_7,CONSTANT_TRAINING_MEAN,T194_38e4c184cf1add698540,PMC9633814_CORE_FACILITY_7,O00299,PMC9633814_CORE_FACILITY_7,0.6723768736616702,0.5280040055709451
T194_OUTER_10,PMC9633814_CORE_FACILITY_7,CONSTANT_TRAINING_MEAN,T194_3f7244776f8a0db17b1c,PMC9633814_CORE_FACILITY_7,P52907,PMC9633814_CORE_FACILITY_7,0.278372591006424,0.5280040055709451
T194_OUTER_10,PMC9633814_CORE_FACILITY_7,CONSTANT_TRAINING_MEAN,T194_435ea67e1e0492b6912e,PMC9633814_CORE_FACILITY_7,Q27J81,PMC9633814_CORE_FACILITY_7,0.5353319057815846,0.5280040055709451
T194_OUTER_10,PMC9633814_CORE_FACILITY_7,CONSTANT_TRAINING_MEAN,T194_4958c13e270c79669ec6,PMC9633814_CORE_FACILITY_7,P61981,PMC9633814_CORE_FACILITY_7,0.15845824411134904,0.5280040055709451
T194_OUTER_10,PMC9633814_CORE_FACILITY_7,CONSTANT_TRAINING_MEAN,T194_4a8c1d210f3708f4ca1a,PMC9633814_CORE_FACILITY_7,P50995,PMC9633814_CORE_FACILITY_7,0.044967880085653104,0.5280040055709451
T194_OUTER_10,PMC9633814_CORE_FACILITY_7,CONSTANT_TRAINING_MEAN,T194_51e295af3b83052b90eb,PMC9633814_CORE_FACILITY_7,Q9HDC9,PMC9633814_CORE_FACILITY_7,0.7601713062098501,0.5280040055709451
T194_OUTER_10,PMC9633814_CORE_FACILITY_7,CONSTANT_TRAINING_MEAN,T194_564c469f119f54cd7c58,PMC9633814_CORE_FACILITY_7,P78417,PMC9633814_CORE_FACILITY_7,0.3811563169164882,0.5280040055709451
T194_OUTER_10,PMC9633814_CORE_FACILITY_7,CONSTANT_TRAINING_MEAN,T194_56c206380973b69bc2c0,PMC9633814_CORE_FACILITY_7,P06396,PMC9633814_CORE_FACILITY_7,0.7430406852248393,0.5280040055709451
T194_OUTER_10,PMC9633814_CORE_FACILITY_7,CONSTANT_TRAINING_MEAN,T194_57ee674b1665e078ea7e,PMC9633814_CORE_FACILITY_7,P05023,PMC9633814_CORE_FACILITY_7,0.08137044967880086,0.5280040055709451
T194_OUTER_10,PMC9633814_CORE_FACILITY_7,CONSTANT_TRAINING_MEAN,T194_619a2d3ed65b3b2ecdd1,PMC9633814_CORE_FACILITY_7,Q04695,PMC9633814_CORE_FACILITY_7,0.7109207708779444,0.5280040055709451
T194_OUTER_10,PMC9633814_CORE_FACILITY_7,CONSTANT_TRAINING_MEAN,T194_61aeafd383bffc13f998,PMC9633814_CORE_FACILITY_7,Q9NQC3,PMC9633814_CORE_FACILITY_7,0.6359743040685225,0.5280040055709451
T194_OUTER_10,PMC9633814_CORE_FACILITY_7,CONSTANT_TRAINING_MEAN,T194_642d55bda18e78b4fe1c,PMC9633814_CORE_FACILITY_7,P27348,PMC9633814_CORE_FACILITY_7,0.5974304068522484,0.5280040055709451
T194_OUTER_10,PMC9633814_CORE_FACILITY_7,CONSTANT_TRAINING_MEAN,T194_74091daba34c6e754c10,PMC9633814_CORE_FACILITY_7,P13796,PMC9633814_CORE_FACILITY_7,0.21199143468950749,0.5280040055709451
T194_OUTER_10,PMC9633814_CORE_FACILITY_7,CONSTANT_TRAINING_MEAN,T194_78a25784fb127a41e61c,PMC9633814_CORE_FACILITY_7,P07996,PMC9633814_CORE_FACILITY_7,0.9593147751605996,0.5280040055709451
T194_OUTER_10,PMC9633814_CORE_FACILITY_7,CONSTANT_TRAINING_MEAN,T194_86a3fe25f530cd71ff47,PMC9633814_CORE_FACILITY_7,Q93084,PMC9633814_CORE_FACILITY_7,0.7965738758029979,0.5280040055709451
T194_OUTER_10,PMC9633814_CORE_FACILITY_7,CONSTANT_TRAINING_MEAN,T194_9412990e76125da83b54,PMC9633814_CORE_FACILITY_7,P11021,PMC9633814_CORE_FACILITY_7,0.49678800856531047,0.5280040055709451
T194_OUTER_10,PMC9633814_CORE_FACILITY_7,CONSTANT_TRAINING_MEAN,T194_97ae43ff33b3205adabd,PMC9633814_CORE_FACILITY_7,Q15942,PMC9633814_CORE_FACILITY_7,0.7644539614561028,0.5280040055709451
T194_OUTER_10,PMC9633814_CORE_FACILITY_7,CONSTANT_TRAINING_MEAN,T194_98dcb70522d182bf89cb,PMC9633814_CORE_FACILITY_7,Q8TC12,PMC9633814_CORE_FACILITY_7,0.5952890792291221,0.5280040055709451
T194_OUTER_10,PMC9633814_CORE_FACILITY_7,CONSTANT_TRAINING_MEAN,T194_9c1cf44a5f1411951cd6,PMC9633814_CORE_FACILITY_7,Q9NY65,PMC9633814_CORE_FACILITY_7,0.6402569593147751,0.5280040055709451
T194_OUTER_10,PMC9633814_CORE_FACILITY_7,CONSTANT_TRAINING_MEAN,T194_9c9ce8af1299a60b3b2c,PMC9633814_CORE_FACILITY_7,O00187,PMC9633814_CORE_FACILITY_7,0.854389721627409,0.5280040055709451
T194_OUTER_10,PMC9633814_CORE_FACILITY_7,CONSTANT_TRAINING_MEAN,T194_9d663f5308645d4ab5a5,PMC9633814_CORE_FACILITY_7,Q9NR12,PMC9633814_CORE_FACILITY_7,0.26124197002141325,0.5280040055709451
T194_OUTER_10,PMC9633814_CORE_FACILITY_7,CONSTANT_TRAINING_MEAN,T194_9e78d27e6a5560db24a8,PMC9633814_CORE_FACILITY_7,P61026,PMC9633814_CORE_FACILITY_7,0.5738758029978587,0.5280040055709451
T194_OUTER_10,PMC9633814_CORE_FACILITY_7,CONSTANT_TRAINING_MEAN,T194_a90b61704c9e76f635e9,PMC9633814_CORE_FACILITY_7,P63000,PMC9633814_CORE_FACILITY_7,0.3897216274089936,0.5280040055709451
T194_OUTER_10,PMC9633814_CORE_FACILITY_7,CONSTANT_TRAINING_MEAN,T194_aaae7545935aa24ede4e,PMC9633814_CORE_FACILITY_7,P04264,PMC9633814_CORE_FACILITY_7,0.9850107066381156,0.5280040055709451
T194_OUTER_10,PMC9633814_CORE_FACILITY_7,CONSTANT_TRAINING_MEAN,T194_aac6722add516c62e8a8,PMC9633814_CORE_FACILITY_7,P10809,PMC9633814_CORE_FACILITY_7,0.21413276231263384,0.5280040055709451
T194_OUTER_10,PMC9633814_CORE_FACILITY_7,CONSTANT_TRAINING_MEAN,T194_af08387b5814b864a05d,PMC9633814_CORE_FACILITY_7,Q9BSJ8,PMC9633814_CORE_FACILITY_7,0.1841541755888651,0.5280040055709451
T194_OUTER_10,PMC9633814_CORE_FACILITY_7,CONSTANT_TRAINING_MEAN,T194_b67634d36aa25346c024,PMC9633814_CORE_FACILITY_7,P50990,PMC9633814_CORE_FACILITY_7,0.4475374732334047,0.5280040055709451
T194_OUTER_10,PMC9633814_CORE_FACILITY_7,CONSTANT_TRAINING_MEAN,T194_b9940dd1a8b9bca0e424,PMC9633814_CORE_FACILITY_7,O75083,PMC9633814_CORE_FACILITY_7,0.4261241970021413,0.5280040055709451
T194_OUTER_10,PMC9633814_CORE_FACILITY_7,CONSTANT_TRAINING_MEAN,T194_bca7f57feb4ed8687e05,PMC9633814_CORE_FACILITY_7,P00387,PMC9633814_CORE_FACILITY_7,0.6381156316916489,0.5280040055709451
T194_OUTER_10,PMC9633814_CORE_FACILITY_7,CONSTANT_TRAINING_MEAN,T194_c4401c05125ecf31c4bd,PMC9633814_CORE_FACILITY_7,P30041,PMC9633814_CORE_FACILITY_7,0.4197002141327623,0.5280040055709451
T194_OUTER_10,PMC9633814_CORE_FACILITY_7,CONSTANT_TRAINING_MEAN,T194_c53e1dbe0ad077244ad8,PMC9633814_CORE_FACILITY_7,Q15365,PMC9633814_CORE_FACILITY_7,0.5438972162740899,0.5280040055709451
T194_OUTER_10,PMC9633814_CORE_FACILITY_7,CONSTANT_TRAINING_MEAN,T194_c7bf8c97cffe00277587,PMC9633814_CORE_FACILITY_7,Q9H4B7,PMC9633814_CORE_FACILITY_7,0.9207708779443254,0.5280040055709451
T194_OUTER_10,PMC9633814_CORE_FACILITY_7,CONSTANT_TRAINING_MEAN,T194_cd07fd6d0324aa59c524,PMC9633814_CORE_FACILITY_7,P53396,PMC9633814_CORE_FACILITY_7,0.5246252676659529,0.5280040055709451
T194_OUTER_10,PMC9633814_CORE_FACILITY_7,CONSTANT_TRAINING_MEAN,T194_cfbb5dded7f656c5e6d7,PMC9633814_CORE_FACILITY_7,P04004,PMC9633814_CORE_FACILITY_7,0.9764453961456103,0.5280040055709451
T194_OUTER_10,PMC9633814_CORE_FACILITY_7,CONSTANT_TRAINING_MEAN,T194_d14ddf123efe8792fc19,PMC9633814_CORE_FACILITY_7,P05556,PMC9633814_CORE_FACILITY_7,0.6423982869379015,0.5280040055709451
T194_OUTER_10,PMC9633814_CORE_FACILITY_7,CONSTANT_TRAINING_MEAN,T194_d59c8373ccfe20ceb86e,PMC9633814_CORE_FACILITY_7,P06576,PMC9633814_CORE_FACILITY_7,0.734475374732334,0.5280040055709451
T194_OUTER_10,PMC9633814_CORE_FACILITY_7,CONSTANT_TRAINING_MEAN,T194_daf00cec5b36291f4123,PMC9633814_CORE_FACILITY_7,P30101,PMC9633814_CORE_FACILITY_7,0.5910064239828694,0.5280040055709451
T194_OUTER_10,PMC9633814_CORE_FACILITY_7,CONSTANT_TRAINING_MEAN,T194_db96b6745da3968190d9,PMC9633814_CORE_FACILITY_7,P16615,PMC9633814_CORE_FACILITY_7,0.702355460385439,0.5280040055709451
T194_OUTER_10,PMC9633814_CORE_FACILITY_7,CONSTANT_TRAINING_MEAN,T194_de883a809ffd2301d63f,PMC9633814_CORE_FACILITY_7,P09493,PMC9633814_CORE_FACILITY_7,0.5867237687366167,0.5280040055709451
T194_OUTER_10,PMC9633814_CORE_FACILITY_7,CONSTANT_TRAINING_MEAN,T194_eb175efeab54b0238d66,PMC9633814_CORE_FACILITY_7,P30048,PMC9633814_CORE_FACILITY_7,0.4282655246252677,0.5280040055709451
T194_OUTER_10,PMC9633814_CORE_FACILITY_7,CONSTANT_TRAINING_MEAN,T194_f45ba01886e64e5dcb84,PMC9633814_CORE_FACILITY_7,Q16762,PMC9633814_CORE_FACILITY_7,0.20985010706638116,0.5280040055709451
T194_OUTER_10,PMC9633814_CORE_FACILITY_7,CONSTANT_TRAINING_MEAN,T194_f555f8dff54e4b37f6d6,PMC9633814_CORE_FACILITY_7,P24844,PMC9633814_CORE_FACILITY_7,0.5289079229122056,0.5280040055709451
T194_OUTER_10,PMC9633814_CORE_FACILITY_7,SEQUENCE_RIDGE_FULL,T194_010df8e4cbdd01e8d341,PMC9633814_CORE_FACILITY_7,P68366,PMC9633814_CORE_FACILITY_7,0.841541755888651,0.6638529986070727
T194_OUTER_10,PMC9633814_CORE_FACILITY_7,SEQUENCE_RIDGE_FULL,T194_014a454824ab9017eb6f,PMC9633814_CORE_FACILITY_7,O15145,PMC9633814_CORE_FACILITY_7,0.430406852248394,0.3885868188067922
T194_OUTER_10,PMC9633814_CORE_FACILITY_7,SEQUENCE_RIDGE_FULL,T194_100ed1f02ed3ca74ed5a,PMC9633814_CORE_FACILITY_7,P11166,PMC9633814_CORE_FACILITY_7,0.7815845824411135,0.5967080331164827
T194_OUTER_10,PMC9633814_CORE_FACILITY_7,SEQUENCE_RIDGE_FULL,T194_10627b05cf09221ed2d1,PMC9633814_CORE_FACILITY_7,P61006,PMC9633814_CORE_FACILITY_7,0.11777301927194861,0.36049162722866945
T194_OUTER_10,PMC9633814_CORE_FACILITY_7,SEQUENCE_RIDGE_FULL,T194_1d849159806ef8472b80,PMC9633814_CORE_FACILITY_7,P38646,PMC9633814_CORE_FACILITY_7,0.3576017130620985,0.5158789321057733
T194_OUTER_10,PMC9633814_CORE_FACILITY_7,SEQUENCE_RIDGE_FULL,T194_237640849331665338bf,PMC9633814_CORE_FACILITY_7,P37802,PMC9633814_CORE_FACILITY_7,0.5653104925053534,0.4845098983876373
T194_OUTER_10,PMC9633814_CORE_FACILITY_7,SEQUENCE_RIDGE_FULL,T194_2778197df980c8a313f8,PMC9633814_CORE_FACILITY_7,Q70J99,PMC9633814_CORE_FACILITY_7,0.35974304068522484,0.5736835830297631
T194_OUTER_10,PMC9633814_CORE_FACILITY_7,SEQUENCE_RIDGE_FULL,T194_2842aedefad41fc230a4,PMC9633814_CORE_FACILITY_7,P61106,PMC9633814_CORE_FACILITY_7,0.41113490364025695,0.5194048350914583
T194_OUTER_10,PMC9633814_CORE_FACILITY_7,SEQUENCE_RIDGE_FULL,T194_2fd324f2b03a3f89bd08,PMC9633814_CORE_FACILITY_7,O00151,PMC9633814_CORE_FACILITY_7,0.582441113490364,0.5422128989429983
T194_OUTER_10,PMC9633814_CORE_FACILITY_7,SEQUENCE_RIDGE_FULL,T194_38e4c184cf1add698540,PMC9633814_CORE_FACILITY_7,O00299,PMC9633814_CORE_FACILITY_7,0.6723768736616702,0.5613598859219834
T194_OUTER_10,PMC9633814_CORE_FACILITY_7,SEQUENCE_RIDGE_FULL,T194_3f7244776f8a0db17b1c,PMC9633814_CORE_FACILITY_7,P52907,PMC9633814_CORE_FACILITY_7,0.278372591006424,0.5045677332653937
T194_OUTER_10,PMC9633814_CORE_FACILITY_7,SEQUENCE_RIDGE_FULL,T194_435ea67e1e0492b6912e,PMC9633814_CORE_FACILITY_7,Q27J81,PMC9633814_CORE_FACILITY_7,0.5353319057815846,0.6153407235145423
T194_OUTER_10,PMC9633814_CORE_FACILITY_7,SEQUENCE_RIDGE_FULL,T194_4958c13e270c79669ec6,PMC9633814_CORE_FACILITY_7,P61981,PMC9633814_CORE_FACILITY_7,0.15845824411134904,0.38248074367037527
T194_OUTER_10,PMC9633814_CORE_FACILITY_7,SEQUENCE_RIDGE_FULL,T194_4a8c1d210f3708f4ca1a,PMC9633814_CORE_FACILITY_7,P50995,PMC9633814_CORE_FACILITY_7,0.044967880085653104,0.6349190564821936
T194_OUTER_10,PMC9633814_CORE_FACILITY_7,SEQUENCE_RIDGE_FULL,T194_51e295af3b83052b90eb,PMC9633814_CORE_FACILITY_7,Q9HDC9,PMC9633814_CORE_FACILITY_7,0.7601713062098501,0.5398212581355822
T194_OUTER_10,PMC9633814_CORE_FACILITY_7,SEQUENCE_RIDGE_FULL,T194_564c469f119f54cd7c58,PMC9633814_CORE_FACILITY_7,P78417,PMC9633814_CORE_FACILITY_7,0.3811563169164882,0.34094316743135444
T194_OUTER_10,PMC9633814_CORE_FACILITY_7,SEQUENCE_RIDGE_FULL,T194_56c206380973b69bc2c0,PMC9633814_CORE_FACILITY_7,P06396,PMC9633814_CORE_FACILITY_7,0.7430406852248393,0.5900197474641439
T194_OUTER_10,PMC9633814_CORE_FACILITY_7,SEQUENCE_RIDGE_FULL,T194_57ee674b1665e078ea7e,PMC9633814_CORE_FACILITY_7,P05023,PMC9633814_CORE_FACILITY_7,0.08137044967880086,0.6581905510883349
T194_OUTER_10,PMC9633814_CORE_FACILITY_7,SEQUENCE_RIDGE_FULL,T194_619a2d3ed65b3b2ecdd1,PMC9633814_CORE_FACILITY_7,Q04695,PMC9633814_CORE_FACILITY_7,0.7109207708779444,0.5155127080587516
T194_OUTER_10,PMC9633814_CORE_FACILITY_7,SEQUENCE_RIDGE_FULL,T194_61aeafd383bffc13f998,PMC9633814_CORE_FACILITY_7,Q9NQC3,PMC9633814_CORE_FACILITY_7,0.6359743040685225,0.573642712040178
T194_OUTER_10,PMC9633814_CORE_FACILITY_7,SEQUENCE_RIDGE_FULL,T194_642d55bda18e78b4fe1c,PMC9633814_CORE_FACILITY_7,P27348,PMC9633814_CORE_FACILITY_7,0.5974304068522484,0.3456045381759702
T194_OUTER_10,PMC9633814_CORE_FACILITY_7,SEQUENCE_RIDGE_FULL,T194_74091daba34c6e754c10,PMC9633814_CORE_FACILITY_7,P13796,PMC9633814_CORE_FACILITY_7,0.21199143468950749,0.526275853349064
T194_OUTER_10,PMC9633814_CORE_FACILITY_7,SEQUENCE_RIDGE_FULL,T194_78a25784fb127a41e61c,PMC9633814_CORE_FACILITY_7,P07996,PMC9633814_CORE_FACILITY_7,0.9593147751605996,0.8570853511252295
T194_OUTER_10,PMC9633814_CORE_FACILITY_7,SEQUENCE_RIDGE_FULL,T194_86a3fe25f530cd71ff47,PMC9633814_CORE_FACILITY_7,Q93084,PMC9633814_CORE_FACILITY_7,0.7965738758029979,0.6566646183187497
T194_OUTER_10,PMC9633814_CORE_FACILITY_7,SEQUENCE_RIDGE_FULL,T194_9412990e76125da83b54,PMC9633814_CORE_FACILITY_7,P11021,PMC9633814_CORE_FACILITY_7,0.49678800856531047,0.5786469264279712
T194_OUTER_10,PMC9633814_CORE_FACILITY_7,SEQUENCE_RIDGE_FULL,T194_97ae43ff33b3205adabd,PMC9633814_CORE_FACILITY_7,Q15942,PMC9633814_CORE_FACILITY_7,0.7644539614561028,0.6706853280594343
T194_OUTER_10,PMC9633814_CORE_FACILITY_7,SEQUENCE_RIDGE_FULL,T194_98dcb70522d182bf89cb,PMC9633814_CORE_FACILITY_7,Q8TC12,PMC9633814_CORE_FACILITY_7,0.5952890792291221,0.41386498334911004
T194_OUTER_10,PMC9633814_CORE_FACILITY_7,SEQUENCE_RIDGE_FULL,T194_9c1cf44a5f1411951cd6,PMC9633814_CORE_FACILITY_7,Q9NY65,PMC9633814_CORE_FACILITY_7,0.6402569593147751,0.6509059071599377
T194_OUTER_10,PMC9633814_CORE_FACILITY_7,SEQUENCE_RIDGE_FULL,T194_9c9ce8af1299a60b3b2c,PMC9633814_CORE_FACILITY_7,O00187,PMC9633814_CORE_FACILITY_7,0.854389721627409,0.6921647114598637
T194_OUTER_10,PMC9633814_CORE_FACILITY_7,SEQUENCE_RIDGE_FULL,T194_9d663f5308645d4ab5a5,PMC9633814_CORE_FACILITY_7,Q9NR12,PMC9633814_CORE_FACILITY_7,0.26124197002141325,0.5166851162552603
T194_OUTER_10,PMC9633814_CORE_FACILITY_7,SEQUENCE_RIDGE_FULL,T194_9e78d27e6a5560db24a8,PMC9633814_CORE_FACILITY_7,P61026,PMC9633814_CORE_FACILITY_7,0.5738758029978587,0.3724818606963857
T194_OUTER_10,PMC9633814_CORE_FACILITY_7,SEQUENCE_RIDGE_FULL,T194_a90b61704c9e76f635e9,PMC9633814_CORE_FACILITY_7,P63000,PMC9633814_CORE_FACILITY_7,0.3897216274089936,0.4140849170700893
T194_OUTER_10,PMC9633814_CORE_FACILITY_7,SEQUENCE_RIDGE_FULL,T194_aaae7545935aa24ede4e,PMC9633814_CORE_FACILITY_7,P04264,PMC9633814_CORE_FACILITY_7,0.9850107066381156,0.8114506019746833
T194_OUTER_10,PMC9633814_CORE_FACILITY_7,SEQUENCE_RIDGE_FULL,T194_aac6722add516c62e8a8,PMC9633814_CORE_FACILITY_7,P10809,PMC9633814_CORE_FACILITY_7,0.21413276231263384,0.461495102580933
T194_OUTER_10,PMC9633814_CORE_FACILITY_7,SEQUENCE_RIDGE_FULL,T194_af08387b5814b864a05d,PMC9633814_CORE_FACILITY_7,Q9BSJ8,PMC9633814_CORE_FACILITY_7,0.1841541755888651,0.5451389179683892
T194_OUTER_10,PMC9633814_CORE_FACILITY_7,SEQUENCE_RIDGE_FULL,T194_b67634d36aa25346c024,PMC9633814_CORE_FACILITY_7,P50990,PMC9633814_CORE_FACILITY_7,0.4475374732334047,0.5009311194739253
T194_OUTER_10,PMC9633814_CORE_FACILITY_7,SEQUENCE_RIDGE_FULL,T194_b9940dd1a8b9bca0e424,PMC9633814_CORE_FACILITY_7,O75083,PMC9633814_CORE_FACILITY_7,0.4261241970021413,0.5494849825990914
T194_OUTER_10,PMC9633814_CORE_FACILITY_7,SEQUENCE_RIDGE_FULL,T194_bca7f57feb4ed8687e05,PMC9633814_CORE_FACILITY_7,P00387,PMC9633814_CORE_FACILITY_7,0.6381156316916489,0.48174258824007277
T194_OUTER_10,PMC9633814_CORE_FACILITY_7,SEQUENCE_RIDGE_FULL,T194_c4401c05125ecf31c4bd,PMC9633814_CORE_FACILITY_7,P30041,PMC9633814_CORE_FACILITY_7,0.4197002141327623,0.40969705203773765
T194_OUTER_10,PMC9633814_CORE_FACILITY_7,SEQUENCE_RIDGE_FULL,T194_c53e1dbe0ad077244ad8,PMC9633814_CORE_FACILITY_7,Q15365,PMC9633814_CORE_FACILITY_7,0.5438972162740899,0.46741708228297535
T194_OUTER_10,PMC9633814_CORE_FACILITY_7,SEQUENCE_RIDGE_FULL,T194_c7bf8c97cffe00277587,PMC9633814_CORE_FACILITY_7,Q9H4B7,PMC9633814_CORE_FACILITY_7,0.9207708779443254,0.6354407938707024
T194_OUTER_10,PMC9633814_CORE_FACILITY_7,SEQUENCE_RIDGE_FULL,T194_cd07fd6d0324aa59c524,PMC9633814_CORE_FACILITY_7,P53396,PMC9633814_CORE_FACILITY_7,0.5246252676659529,0.6779784017305122
T194_OUTER_10,PMC9633814_CORE_FACILITY_7,SEQUENCE_RIDGE_FULL,T194_cfbb5dded7f656c5e6d7,PMC9633814_CORE_FACILITY_7,P04004,PMC9633814_CORE_FACILITY_7,0.9764453961456103,0.5848408109105632
T194_OUTER_10,PMC9633814_CORE_FACILITY_7,SEQUENCE_RIDGE_FULL,T194_d14ddf123efe8792fc19,PMC9633814_CORE_FACILITY_7,P05556,PMC9633814_CORE_FACILITY_7,0.6423982869379015,0.7562142630374439
T194_OUTER_10,PMC9633814_CORE_FACILITY_7,SEQUENCE_RIDGE_FULL,T194_d59c8373ccfe20ceb86e,PMC9633814_CORE_FACILITY_7,P06576,PMC9633814_CORE_FACILITY_7,0.734475374732334,0.5885945236159369
T194_OUTER_10,PMC9633814_CORE_FACILITY_7,SEQUENCE_RIDGE_FULL,T194_daf00cec5b36291f4123,PMC9633814_CORE_FACILITY_7,P30101,PMC9633814_CORE_FACILITY_7,0.5910064239828694,0.48288746061461085
T194_OUTER_10,PMC9633814_CORE_FACILITY_7,SEQUENCE_RIDGE_FULL,T194_db96b6745da3968190d9,PMC9633814_CORE_FACILITY_7,P16615,PMC9633814_CORE_FACILITY_7,0.702355460385439,0.6362373118580691
T194_OUTER_10,PMC9633814_CORE_FACILITY_7,SEQUENCE_RIDGE_FULL,T194_de883a809ffd2301d63f,PMC9633814_CORE_FACILITY_7,P09493,PMC9633814_CORE_FACILITY_7,0.5867237687366167,0.07867793955223425
T194_OUTER_10,PMC9633814_CORE_FACILITY_7,SEQUENCE_RIDGE_FULL,T194_eb175efeab54b0238d66,PMC9633814_CORE_FACILITY_7,P30048,PMC9633814_CORE_FACILITY_7,0.4282655246252677,0.42758969451068907
T194_OUTER_10,PMC9633814_CORE_FACILITY_7,SEQUENCE_RIDGE_FULL,T194_f45ba01886e64e5dcb84,PMC9633814_CORE_FACILITY_7,Q16762,PMC9633814_CORE_FACILITY_7,0.20985010706638116,0.48676260385480125
T194_OUTER_10,PMC9633814_CORE_FACILITY_7,SEQUENCE_RIDGE_FULL,T194_f555f8dff54e4b37f6d6,PMC9633814_CORE_FACILITY_7,P24844,PMC9633814_CORE_FACILITY_7,0.5289079229122056,0.49642176682144407
T194_OUTER_10,PMC9633814_CORE_FACILITY_7,SEQUENCE_RIDGE_COMPOSITION_ONLY,T194_010df8e4cbdd01e8d341,PMC9633814_CORE_FACILITY_7,P68366,PMC9633814_CORE_FACILITY_7,0.841541755888651,0.6669081327356725
T194_OUTER_10,PMC9633814_CORE_FACILITY_7,SEQUENCE_RIDGE_COMPOSITION_ONLY,T194_014a454824ab9017eb6f,PMC9633814_CORE_FACILITY_7,O15145,PMC9633814_CORE_FACILITY_7,0.430406852248394,0.3623607863030775
T194_OUTER_10,PMC9633814_CORE_FACILITY_7,SEQUENCE_RIDGE_COMPOSITION_ONLY,T194_100ed1f02ed3ca74ed5a,PMC9633814_CORE_FACILITY_7,P11166,PMC9633814_CORE_FACILITY_7,0.7815845824411135,0.5816059843965816
T194_OUTER_10,PMC9633814_CORE_FACILITY_7,SEQUENCE_RIDGE_COMPOSITION_ONLY,T194_10627b05cf09221ed2d1,PMC9633814_CORE_FACILITY_7,P61006,PMC9633814_CORE_FACILITY_7,0.11777301927194861,0.3685558179395526
T194_OUTER_10,PMC9633814_CORE_FACILITY_7,SEQUENCE_RIDGE_COMPOSITION_ONLY,T194_1d849159806ef8472b80,PMC9633814_CORE_FACILITY_7,P38646,PMC9633814_CORE_FACILITY_7,0.3576017130620985,0.48031096225078584
T194_OUTER_10,PMC9633814_CORE_FACILITY_7,SEQUENCE_RIDGE_COMPOSITION_ONLY,T194_237640849331665338bf,PMC9633814_CORE_FACILITY_7,P37802,PMC9633814_CORE_FACILITY_7,0.5653104925053534,0.5352958541131101
T194_OUTER_10,PMC9633814_CORE_FACILITY_7,SEQUENCE_RIDGE_COMPOSITION_ONLY,T194_2778197df980c8a313f8,PMC9633814_CORE_FACILITY_7,Q70J99,PMC9633814_CORE_FACILITY_7,0.35974304068522484,0.5393311272433798
T194_OUTER_10,PMC9633814_CORE_FACILITY_7,SEQUENCE_RIDGE_COMPOSITION_ONLY,T194_2842aedefad41fc230a4,PMC9633814_CORE_FACILITY_7,P61106,PMC9633814_CORE_FACILITY_7,0.41113490364025695,0.5506275216674348
T194_OUTER_10,PMC9633814_CORE_FACILITY_7,SEQUENCE_RIDGE_COMPOSITION_ONLY,T194_2fd324f2b03a3f89bd08,PMC9633814_CORE_FACILITY_7,O00151,PMC9633814_CORE_FACILITY_7,0.582441113490364,0.6133826048415587
T194_OUTER_10,PMC9633814_CORE_FACILITY_7,SEQUENCE_RIDGE_COMPOSITION_ONLY,T194_38e4c184cf1add698540,PMC9633814_CORE_FACILITY_7,O00299,PMC9633814_CORE_FACILITY_7,0.6723768736616702,0.5964261925234717
T194_OUTER_10,PMC9633814_CORE_FACILITY_7,SEQUENCE_RIDGE_COMPOSITION_ONLY,T194_3f7244776f8a0db17b1c,PMC9633814_CORE_FACILITY_7,P52907,PMC9633814_CORE_FACILITY_7,0.278372591006424,0.532409647780784
T194_OUTER_10,PMC9633814_CORE_FACILITY_7,SEQUENCE_RIDGE_COMPOSITION_ONLY,T194_435ea67e1e0492b6912e,PMC9633814_CORE_FACILITY_7,Q27J81,PMC9633814_CORE_FACILITY_7,0.5353319057815846,0.5067685843252175
T194_OUTER_10,PMC9633814_CORE_FACILITY_7,SEQUENCE_RIDGE_COMPOSITION_ONLY,T194_4958c13e270c79669ec6,PMC9633814_CORE_FACILITY_7,P61981,PMC9633814_CORE_FACILITY_7,0.15845824411134904,0.4387611478051401
T194_OUTER_10,PMC9633814_CORE_FACILITY_7,SEQUENCE_RIDGE_COMPOSITION_ONLY,T194_4a8c1d210f3708f4ca1a,PMC9633814_CORE_FACILITY_7,P50995,PMC9633814_CORE_FACILITY_7,0.044967880085653104,0.6016387635965766
T194_OUTER_10,PMC9633814_CORE_FACILITY_7,SEQUENCE_RIDGE_COMPOSITION_ONLY,T194_51e295af3b83052b90eb,PMC9633814_CORE_FACILITY_7,Q9HDC9,PMC9633814_CORE_FACILITY_7,0.7601713062098501,0.5966254148319394
T194_OUTER_10,PMC9633814_CORE_FACILITY_7,SEQUENCE_RIDGE_COMPOSITION_ONLY,T194_564c469f119f54cd7c58,PMC9633814_CORE_FACILITY_7,P78417,PMC9633814_CORE_FACILITY_7,0.3811563169164882,0.34387922578972013
T194_OUTER_10,PMC9633814_CORE_FACILITY_7,SEQUENCE_RIDGE_COMPOSITION_ONLY,T194_56c206380973b69bc2c0,PMC9633814_CORE_FACILITY_7,P06396,PMC9633814_CORE_FACILITY_7,0.7430406852248393,0.5154430034547853
T194_OUTER_10,PMC9633814_CORE_FACILITY_7,SEQUENCE_RIDGE_COMPOSITION_ONLY,T194_57ee674b1665e078ea7e,PMC9633814_CORE_FACILITY_7,P05023,PMC9633814_CORE_FACILITY_7,0.08137044967880086,0.5570264746578577
T194_OUTER_10,PMC9633814_CORE_FACILITY_7,SEQUENCE_RIDGE_COMPOSITION_ONLY,T194_619a2d3ed65b3b2ecdd1,PMC9633814_CORE_FACILITY_7,Q04695,PMC9633814_CORE_FACILITY_7,0.7109207708779444,0.5931599269827192
T194_OUTER_10,PMC9633814_CORE_FACILITY_7,SEQUENCE_RIDGE_COMPOSITION_ONLY,T194_61aeafd383bffc13f998,PMC9633814_CORE_FACILITY_7,Q9NQC3,PMC9633814_CORE_FACILITY_7,0.6359743040685225,0.4761830304667308
T194_OUTER_10,PMC9633814_CORE_FACILITY_7,SEQUENCE_RIDGE_COMPOSITION_ONLY,T194_642d55bda18e78b4fe1c,PMC9633814_CORE_FACILITY_7,P27348,PMC9633814_CORE_FACILITY_7,0.5974304068522484,0.3962495181607389
T194_OUTER_10,PMC9633814_CORE_FACILITY_7,SEQUENCE_RIDGE_COMPOSITION_ONLY,T194_74091daba34c6e754c10,PMC9633814_CORE_FACILITY_7,P13796,PMC9633814_CORE_FACILITY_7,0.21199143468950749,0.5152894715874368
T194_OUTER_10,PMC9633814_CORE_FACILITY_7,SEQUENCE_RIDGE_COMPOSITION_ONLY,T194_78a25784fb127a41e61c,PMC9633814_CORE_FACILITY_7,P07996,PMC9633814_CORE_FACILITY_7,0.9593147751605996,0.785911194335265
T194_OUTER_10,PMC9633814_CORE_FACILITY_7,SEQUENCE_RIDGE_COMPOSITION_ONLY,T194_86a3fe25f530cd71ff47,PMC9633814_CORE_FACILITY_7,Q93084,PMC9633814_CORE_FACILITY_7,0.7965738758029979,0.5761856103985469
T194_OUTER_10,PMC9633814_CORE_FACILITY_7,SEQUENCE_RIDGE_COMPOSITION_ONLY,T194_9412990e76125da83b54,PMC9633814_CORE_FACILITY_7,P11021,PMC9633814_CORE_FACILITY_7,0.49678800856531047,0.5406200705943007
T194_OUTER_10,PMC9633814_CORE_FACILITY_7,SEQUENCE_RIDGE_COMPOSITION_ONLY,T194_97ae43ff33b3205adabd,PMC9633814_CORE_FACILITY_7,Q15942,PMC9633814_CORE_FACILITY_7,0.7644539614561028,0.709359853234539
T194_OUTER_10,PMC9633814_CORE_FACILITY_7,SEQUENCE_RIDGE_COMPOSITION_ONLY,T194_98dcb70522d182bf89cb,PMC9633814_CORE_FACILITY_7,Q8TC12,PMC9633814_CORE_FACILITY_7,0.5952890792291221,0.44529138006201896
T194_OUTER_10,PMC9633814_CORE_FACILITY_7,SEQUENCE_RIDGE_COMPOSITION_ONLY,T194_9c1cf44a5f1411951cd6,PMC9633814_CORE_FACILITY_7,Q9NY65,PMC9633814_CORE_FACILITY_7,0.6402569593147751,0.6567394363174287
T194_OUTER_10,PMC9633814_CORE_FACILITY_7,SEQUENCE_RIDGE_COMPOSITION_ONLY,T194_9c9ce8af1299a60b3b2c,PMC9633814_CORE_FACILITY_7,O00187,PMC9633814_CORE_FACILITY_7,0.854389721627409,0.6360937445308849
T194_OUTER_10,PMC9633814_CORE_FACILITY_7,SEQUENCE_RIDGE_COMPOSITION_ONLY,T194_9d663f5308645d4ab5a5,PMC9633814_CORE_FACILITY_7,Q9NR12,PMC9633814_CORE_FACILITY_7,0.26124197002141325,0.5297224393155893
T194_OUTER_10,PMC9633814_CORE_FACILITY_7,SEQUENCE_RIDGE_COMPOSITION_ONLY,T194_9e78d27e6a5560db24a8,PMC9633814_CORE_FACILITY_7,P61026,PMC9633814_CORE_FACILITY_7,0.5738758029978587,0.3916490285076018
T194_OUTER_10,PMC9633814_CORE_FACILITY_7,SEQUENCE_RIDGE_COMPOSITION_ONLY,T194_a90b61704c9e76f635e9,PMC9633814_CORE_FACILITY_7,P63000,PMC9633814_CORE_FACILITY_7,0.3897216274089936,0.4729804537470088
T194_OUTER_10,PMC9633814_CORE_FACILITY_7,SEQUENCE_RIDGE_COMPOSITION_ONLY,T194_aaae7545935aa24ede4e,PMC9633814_CORE_FACILITY_7,P04264,PMC9633814_CORE_FACILITY_7,0.9850107066381156,0.7648952500649344
T194_OUTER_10,PMC9633814_CORE_FACILITY_7,SEQUENCE_RIDGE_COMPOSITION_ONLY,T194_aac6722add516c62e8a8,PMC9633814_CORE_FACILITY_7,P10809,PMC9633814_CORE_FACILITY_7,0.21413276231263384,0.4444053683408817
T194_OUTER_10,PMC9633814_CORE_FACILITY_7,SEQUENCE_RIDGE_COMPOSITION_ONLY,T194_af08387b5814b864a05d,PMC9633814_CORE_FACILITY_7,Q9BSJ8,PMC9633814_CORE_FACILITY_7,0.1841541755888651,0.5088992915702191
T194_OUTER_10,PMC9633814_CORE_FACILITY_7,SEQUENCE_RIDGE_COMPOSITION_ONLY,T194_b67634d36aa25346c024,PMC9633814_CORE_FACILITY_7,P50990,PMC9633814_CORE_FACILITY_7,0.4475374732334047,0.4819286491630661
T194_OUTER_10,PMC9633814_CORE_FACILITY_7,SEQUENCE_RIDGE_COMPOSITION_ONLY,T194_b9940dd1a8b9bca0e424,PMC9633814_CORE_FACILITY_7,O75083,PMC9633814_CORE_FACILITY_7,0.4261241970021413,0.5337478038091071
T194_OUTER_10,PMC9633814_CORE_FACILITY_7,SEQUENCE_RIDGE_COMPOSITION_ONLY,T194_bca7f57feb4ed8687e05,PMC9633814_CORE_FACILITY_7,P00387,PMC9633814_CORE_FACILITY_7,0.6381156316916489,0.5073716659765757
T194_OUTER_10,PMC9633814_CORE_FACILITY_7,SEQUENCE_RIDGE_COMPOSITION_ONLY,T194_c4401c05125ecf31c4bd,PMC9633814_CORE_FACILITY_7,P30041,PMC9633814_CORE_FACILITY_7,0.4197002141327623,0.45996893887954404
T194_OUTER_10,PMC9633814_CORE_FACILITY_7,SEQUENCE_RIDGE_COMPOSITION_ONLY,T194_c53e1dbe0ad077244ad8,PMC9633814_CORE_FACILITY_7,Q15365,PMC9633814_CORE_FACILITY_7,0.5438972162740899,0.5912017268329569
T194_OUTER_10,PMC9633814_CORE_FACILITY_7,SEQUENCE_RIDGE_COMPOSITION_ONLY,T194_c7bf8c97cffe00277587,PMC9633814_CORE_FACILITY_7,Q9H4B7,PMC9633814_CORE_FACILITY_7,0.9207708779443254,0.656824689687236
T194_OUTER_10,PMC9633814_CORE_FACILITY_7,SEQUENCE_RIDGE_COMPOSITION_ONLY,T194_cd07fd6d0324aa59c524,PMC9633814_CORE_FACILITY_7,P53396,PMC9633814_CORE_FACILITY_7,0.5246252676659529,0.4922486256162119
T194_OUTER_10,PMC9633814_CORE_FACILITY_7,SEQUENCE_RIDGE_COMPOSITION_ONLY,T194_cfbb5dded7f656c5e6d7,PMC9633814_CORE_FACILITY_7,P04004,PMC9633814_CORE_FACILITY_7,0.9764453961456103,0.6076923083684294
T194_OUTER_10,PMC9633814_CORE_FACILITY_7,SEQUENCE_RIDGE_COMPOSITION_ONLY,T194_d14ddf123efe8792fc19,PMC9633814_CORE_FACILITY_7,P05556,PMC9633814_CORE_FACILITY_7,0.6423982869379015,0.7409911947953349
T194_OUTER_10,PMC9633814_CORE_FACILITY_7,SEQUENCE_RIDGE_COMPOSITION_ONLY,T194_d59c8373ccfe20ceb86e,PMC9633814_CORE_FACILITY_7,P06576,PMC9633814_CORE_FACILITY_7,0.734475374732334,0.5865400826240635
T194_OUTER_10,PMC9633814_CORE_FACILITY_7,SEQUENCE_RIDGE_COMPOSITION_ONLY,T194_daf00cec5b36291f4123,PMC9633814_CORE_FACILITY_7,P30101,PMC9633814_CORE_FACILITY_7,0.5910064239828694,0.4311804198483815
T194_OUTER_10,PMC9633814_CORE_FACILITY_7,SEQUENCE_RIDGE_COMPOSITION_ONLY,T194_db96b6745da3968190d9,PMC9633814_CORE_FACILITY_7,P16615,PMC9633814_CORE_FACILITY_7,0.702355460385439,0.5402709018247556
T194_OUTER_10,PMC9633814_CORE_FACILITY_7,SEQUENCE_RIDGE_COMPOSITION_ONLY,T194_de883a809ffd2301d63f,PMC9633814_CORE_FACILITY_7,P09493,PMC9633814_CORE_FACILITY_7,0.5867237687366167,0.1453627858734509
T194_OUTER_10,PMC9633814_CORE_FACILITY_7,SEQUENCE_RIDGE_COMPOSITION_ONLY,T194_eb175efeab54b0238d66,PMC9633814_CORE_FACILITY_7,P30048,PMC9633814_CORE_FACILITY_7,0.4282655246252677,0.5217955227018382
T194_OUTER_10,PMC9633814_CORE_FACILITY_7,SEQUENCE_RIDGE_COMPOSITION_ONLY,T194_f45ba01886e64e5dcb84,PMC9633814_CORE_FACILITY_7,Q16762,PMC9633814_CORE_FACILITY_7,0.20985010706638116,0.5298190725562735
T194_OUTER_10,PMC9633814_CORE_FACILITY_7,SEQUENCE_RIDGE_COMPOSITION_ONLY,T194_f555f8dff54e4b37f6d6,PMC9633814_CORE_FACILITY_7,P24844,PMC9633814_CORE_FACILITY_7,0.5289079229122056,0.45072362817525535
T194_OUTER_11,PMC9633814_CORE_FACILITY_8,CONSTANT_TRAINING_MEAN,T194_005a60e34bed8a6a1ce1,PMC9633814_CORE_FACILITY_8,P63000,PMC9633814_CORE_FACILITY_8,0.40162271805273836,0.5319636665326547
T194_OUTER_11,PMC9633814_CORE_FACILITY_8,CONSTANT_TRAINING_MEAN,T194_061cefa7f6f77aa28335,PMC9633814_CORE_FACILITY_8,P68363,PMC9633814_CORE_FACILITY_8,0.7768762677484787,0.5319636665326547
T194_OUTER_11,PMC9633814_CORE_FACILITY_8,CONSTANT_TRAINING_MEAN,T194_0d313f08fb744a49f774,PMC9633814_CORE_FACILITY_8,Q15365,PMC9633814_CORE_FACILITY_8,0.1440162271805274,0.5319636665326547
T194_OUTER_11,PMC9633814_CORE_FACILITY_8,CONSTANT_TRAINING_MEAN,T194_2728f11465ad3da7fd9d,PMC9633814_CORE_FACILITY_8,Q9NQC3,PMC9633814_CORE_FACILITY_8,0.4827586206896552,0.5319636665326547
T194_OUTER_11,PMC9633814_CORE_FACILITY_8,CONSTANT_TRAINING_MEAN,T194_2fc50864fb16241cccd5,PMC9633814_CORE_FACILITY_8,P04264,PMC9633814_CORE_FACILITY_8,0.5415821501014199,0.5319636665326547
T194_OUTER_11,PMC9633814_CORE_FACILITY_8,CONSTANT_TRAINING_MEAN,T194_38e18b7dbb6903c36b5b,PMC9633814_CORE_FACILITY_8,Q93084,PMC9633814_CORE_FACILITY_8,0.8093306288032455,0.5319636665326547
T194_OUTER_11,PMC9633814_CORE_FACILITY_8,CONSTANT_TRAINING_MEAN,T194_46f8843240c8161aa2c3,PMC9633814_CORE_FACILITY_8,Q9HDC9,PMC9633814_CORE_FACILITY_8,0.5598377281947262,0.5319636665326547
T194_OUTER_11,PMC9633814_CORE_FACILITY_8,CONSTANT_TRAINING_MEAN,T194_4af25824fccea8f0a309,PMC9633814_CORE_FACILITY_8,O00187,PMC9633814_CORE_FACILITY_8,0.8377281947261663,0.5319636665326547
T194_OUTER_11,PMC9633814_CORE_FACILITY_8,CONSTANT_TRAINING_MEAN,T194_4d77380dfc1059a92e32,PMC9633814_CORE_FACILITY_8,O15145,PMC9633814_CORE_FACILITY_8,0.3935091277890467,0.5319636665326547
T194_OUTER_11,PMC9633814_CORE_FACILITY_8,CONSTANT_TRAINING_MEAN,T194_5200c06954110c73c0d8,PMC9633814_CORE_FACILITY_8,P30101,PMC9633814_CORE_FACILITY_8,0.23732251521298176,0.5319636665326547
T194_OUTER_11,PMC9633814_CORE_FACILITY_8,CONSTANT_TRAINING_MEAN,T194_5a64b597a92b2f96b227,PMC9633814_CORE_FACILITY_8,P04004,PMC9633814_CORE_FACILITY_8,0.9776876267748479,0.5319636665326547
T194_OUTER_11,PMC9633814_CORE_FACILITY_8,CONSTANT_TRAINING_MEAN,T194_5dac09206a2c01d279b7,PMC9633814_CORE_FACILITY_8,P06576,PMC9633814_CORE_FACILITY_8,0.4482758620689655,0.5319636665326547
T194_OUTER_11,PMC9633814_CORE_FACILITY_8,CONSTANT_TRAINING_MEAN,T194_65719c4b420cd51d6d3d,PMC9633814_CORE_FACILITY_8,Q70J99,PMC9633814_CORE_FACILITY_8,0.1257606490872211,0.5319636665326547
T194_OUTER_11,PMC9633814_CORE_FACILITY_8,CONSTANT_TRAINING_MEAN,T194_731d990df8379a0bb779,PMC9633814_CORE_FACILITY_8,P10809,PMC9633814_CORE_FACILITY_8,0.35294117647058826,0.5319636665326547
T194_OUTER_11,PMC9633814_CORE_FACILITY_8,CONSTANT_TRAINING_MEAN,T194_7cf37b4e58650464ebf0,PMC9633814_CORE_FACILITY_8,Q9NY65,PMC9633814_CORE_FACILITY_8,0.40973630831643004,0.5319636665326547
T194_OUTER_11,PMC9633814_CORE_FACILITY_8,CONSTANT_TRAINING_MEAN,T194_7e4dd387604c93e6b659,PMC9633814_CORE_FACILITY_8,P52907,PMC9633814_CORE_FACILITY_8,0.5273833671399595,0.5319636665326547
T194_OUTER_11,PMC9633814_CORE_FACILITY_8,CONSTANT_TRAINING_MEAN,T194_8840deac4e93721dc3d1,PMC9633814_CORE_FACILITY_8,O00299,PMC9633814_CORE_FACILITY_8,0.15618661257606492,0.5319636665326547
T194_OUTER_11,PMC9633814_CORE_FACILITY_8,CONSTANT_TRAINING_MEAN,T194_8c8987b388cda345b3f2,PMC9633814_CORE_FACILITY_8,Q9H4B7,PMC9633814_CORE_FACILITY_8,0.8762677484787018,0.5319636665326547
T194_OUTER_11,PMC9633814_CORE_FACILITY_8,CONSTANT_TRAINING_MEAN,T194_8d2a8cf371e8fd64c99a,PMC9633814_CORE_FACILITY_8,P27348,PMC9633814_CORE_FACILITY_8,0.2961460446247465,0.5319636665326547
T194_OUTER_11,PMC9633814_CORE_FACILITY_8,CONSTANT_TRAINING_MEAN,T194_8f1028c0b939167c8544,PMC9633814_CORE_FACILITY_8,P68366,PMC9633814_CORE_FACILITY_8,0.9066937119675457,0.5319636665326547
T194_OUTER_11,PMC9633814_CORE_FACILITY_8,CONSTANT_TRAINING_MEAN,T194_9758a5c23ed289031415,PMC9633814_CORE_FACILITY_8,P53396,PMC9633814_CORE_FACILITY_8,0.07099391480730223,0.5319636665326547
T194_OUTER_11,PMC9633814_CORE_FACILITY_8,CONSTANT_TRAINING_MEAN,T194_990d98d00a3d0cea6798,PMC9633814_CORE_FACILITY_8,P05556,PMC9633814_CORE_FACILITY_8,0.7261663286004056,0.5319636665326547
T194_OUTER_11,PMC9633814_CORE_FACILITY_8,CONSTANT_TRAINING_MEAN,T194_9c88d0a95238b218ab12,PMC9633814_CORE_FACILITY_8,P37802,PMC9633814_CORE_FACILITY_8,0.08113590263691683,0.5319636665326547
T194_OUTER_11,PMC9633814_CORE_FACILITY_8,CONSTANT_TRAINING_MEAN,T194_9dda11ed58ee8f100756,PMC9633814_CORE_FACILITY_8,O75083,PMC9633814_CORE_FACILITY_8,0.3286004056795132,0.5319636665326547
T194_OUTER_11,PMC9633814_CORE_FACILITY_8,CONSTANT_TRAINING_MEAN,T194_9df4882ee8a6d8f1728a,PMC9633814_CORE_FACILITY_8,O00151,PMC9633814_CORE_FACILITY_8,0.6206896551724138,0.5319636665326547
T194_OUTER_11,PMC9633814_CORE_FACILITY_8,CONSTANT_TRAINING_MEAN,T194_ab6d40b242c89c115134,PMC9633814_CORE_FACILITY_8,P61026,PMC9633814_CORE_FACILITY_8,0.3022312373225152,0.5319636665326547
T194_OUTER_11,PMC9633814_CORE_FACILITY_8,CONSTANT_TRAINING_MEAN,T194_adc7e0fabfc963b1e4c4,PMC9633814_CORE_FACILITY_8,P30041,PMC9633814_CORE_FACILITY_8,0.35496957403651114,0.5319636665326547
T194_OUTER_11,PMC9633814_CORE_FACILITY_8,CONSTANT_TRAINING_MEAN,T194_b4a50c4c193925d9bd0f,PMC9633814_CORE_FACILITY_8,Q15942,PMC9633814_CORE_FACILITY_8,0.6876267748478702,0.5319636665326547
T194_OUTER_11,PMC9633814_CORE_FACILITY_8,CONSTANT_TRAINING_MEAN,T194_cac6b0905d2bbb7552d8,PMC9633814_CORE_FACILITY_8,Q7L576,PMC9633814_CORE_FACILITY_8,0.6795131845841785,0.5319636665326547
T194_OUTER_11,PMC9633814_CORE_FACILITY_8,CONSTANT_TRAINING_MEAN,T194_d01c24d7c098a9bf0b0b,PMC9633814_CORE_FACILITY_8,O00264,PMC9633814_CORE_FACILITY_8,0.15010141987829614,0.5319636665326547
T194_OUTER_11,PMC9633814_CORE_FACILITY_8,CONSTANT_TRAINING_MEAN,T194_d1d154fea69822ef9687,PMC9633814_CORE_FACILITY_8,P11166,PMC9633814_CORE_FACILITY_8,0.7099391480730223,0.5319636665326547
T194_OUTER_11,PMC9633814_CORE_FACILITY_8,CONSTANT_TRAINING_MEAN,T194_d23a5325587603d745b5,PMC9633814_CORE_FACILITY_8,P07996,PMC9633814_CORE_FACILITY_8,0.9533468559837728,0.5319636665326547
T194_OUTER_11,PMC9633814_CORE_FACILITY_8,CONSTANT_TRAINING_MEAN,T194_d627102dd3b2455ae269,PMC9633814_CORE_FACILITY_8,P24844,PMC9633814_CORE_FACILITY_8,0.4300202839756592,0.5319636665326547
T194_OUTER_11,PMC9633814_CORE_FACILITY_8,CONSTANT_TRAINING_MEAN,T194_db528fdce34597c87c55,PMC9633814_CORE_FACILITY_8,P26641,PMC9633814_CORE_FACILITY_8,0.06288032454361055,0.5319636665326547
T194_OUTER_11,PMC9633814_CORE_FACILITY_8,CONSTANT_TRAINING_MEAN,T194_e0265d3982dc8ced435d,PMC9633814_CORE_FACILITY_8,Q16643,PMC9633814_CORE_FACILITY_8,0.13184584178498987,0.5319636665326547
T194_OUTER_11,PMC9633814_CORE_FACILITY_8,CONSTANT_TRAINING_MEAN,T194_e3bc00f7c2fd2aafc4fc,PMC9633814_CORE_FACILITY_8,P05023,PMC9633814_CORE_FACILITY_8,0.2434077079107505,0.5319636665326547
T194_OUTER_11,PMC9633814_CORE_FACILITY_8,CONSTANT_TRAINING_MEAN,T194_efab3d2aafb42cb04a91,PMC9633814_CORE_FACILITY_8,P38646,PMC9633814_CORE_FACILITY_8,0.38742393509127787,0.5319636665326547
T194_OUTER_11,PMC9633814_CORE_FACILITY_8,CONSTANT_TRAINING_MEAN,T194_f2dc4c1f9c3b843db0a6,PMC9633814_CORE_FACILITY_8,Q27J81,PMC9633814_CORE_FACILITY_8,0.23123732251521298,0.5319636665326547
T194_OUTER_11,PMC9633814_CORE_FACILITY_8,CONSTANT_TRAINING_MEAN,T194_f61a784c857c10558ed8,PMC9633814_CORE_FACILITY_8,P06396,PMC9633814_CORE_FACILITY_8,0.9006085192697769,0.5319636665326547
T194_OUTER_11,PMC9633814_CORE_FACILITY_8,SEQUENCE_RIDGE_FULL,T194_005a60e34bed8a6a1ce1,PMC9633814_CORE_FACILITY_8,P63000,PMC9633814_CORE_FACILITY_8,0.40162271805273836,0.4020646069045954
T194_OUTER_11,PMC9633814_CORE_FACILITY_8,SEQUENCE_RIDGE_FULL,T194_061cefa7f6f77aa28335,PMC9633814_CORE_FACILITY_8,P68363,PMC9633814_CORE_FACILITY_8,0.7768762677484787,0.6899283020153895
T194_OUTER_11,PMC9633814_CORE_FACILITY_8,SEQUENCE_RIDGE_FULL,T194_0d313f08fb744a49f774,PMC9633814_CORE_FACILITY_8,Q15365,PMC9633814_CORE_FACILITY_8,0.1440162271805274,0.4818341157460388
T194_OUTER_11,PMC9633814_CORE_FACILITY_8,SEQUENCE_RIDGE_FULL,T194_2728f11465ad3da7fd9d,PMC9633814_CORE_FACILITY_8,Q9NQC3,PMC9633814_CORE_FACILITY_8,0.4827586206896552,0.5807782670240723
T194_OUTER_11,PMC9633814_CORE_FACILITY_8,SEQUENCE_RIDGE_FULL,T194_2fc50864fb16241cccd5,PMC9633814_CORE_FACILITY_8,P04264,PMC9633814_CORE_FACILITY_8,0.5415821501014199,0.8514599961711603
T194_OUTER_11,PMC9633814_CORE_FACILITY_8,SEQUENCE_RIDGE_FULL,T194_38e18b7dbb6903c36b5b,PMC9633814_CORE_FACILITY_8,Q93084,PMC9633814_CORE_FACILITY_8,0.8093306288032455,0.6571600526329358
T194_OUTER_11,PMC9633814_CORE_FACILITY_8,SEQUENCE_RIDGE_FULL,T194_46f8843240c8161aa2c3,PMC9633814_CORE_FACILITY_8,Q9HDC9,PMC9633814_CORE_FACILITY_8,0.5598377281947262,0.533587470680713
T194_OUTER_11,PMC9633814_CORE_FACILITY_8,SEQUENCE_RIDGE_FULL,T194_4af25824fccea8f0a309,PMC9633814_CORE_FACILITY_8,O00187,PMC9633814_CORE_FACILITY_8,0.8377281947261663,0.6994853610142758
T194_OUTER_11,PMC9633814_CORE_FACILITY_8,SEQUENCE_RIDGE_FULL,T194_4d77380dfc1059a92e32,PMC9633814_CORE_FACILITY_8,O15145,PMC9633814_CORE_FACILITY_8,0.3935091277890467,0.3854833453616051
T194_OUTER_11,PMC9633814_CORE_FACILITY_8,SEQUENCE_RIDGE_FULL,T194_5200c06954110c73c0d8,PMC9633814_CORE_FACILITY_8,P30101,PMC9633814_CORE_FACILITY_8,0.23732251521298176,0.479453476005065
T194_OUTER_11,PMC9633814_CORE_FACILITY_8,SEQUENCE_RIDGE_FULL,T194_5a64b597a92b2f96b227,PMC9633814_CORE_FACILITY_8,P04004,PMC9633814_CORE_FACILITY_8,0.9776876267748479,0.5811251871778094
T194_OUTER_11,PMC9633814_CORE_FACILITY_8,SEQUENCE_RIDGE_FULL,T194_5dac09206a2c01d279b7,PMC9633814_CORE_FACILITY_8,P06576,PMC9633814_CORE_FACILITY_8,0.4482758620689655,0.6014869693195044
T194_OUTER_11,PMC9633814_CORE_FACILITY_8,SEQUENCE_RIDGE_FULL,T194_65719c4b420cd51d6d3d,PMC9633814_CORE_FACILITY_8,Q70J99,PMC9633814_CORE_FACILITY_8,0.1257606490872211,0.6017591701655425
T194_OUTER_11,PMC9633814_CORE_FACILITY_8,SEQUENCE_RIDGE_FULL,T194_731d990df8379a0bb779,PMC9633814_CORE_FACILITY_8,P10809,PMC9633814_CORE_FACILITY_8,0.35294117647058826,0.46129170650952184
T194_OUTER_11,PMC9633814_CORE_FACILITY_8,SEQUENCE_RIDGE_FULL,T194_7cf37b4e58650464ebf0,PMC9633814_CORE_FACILITY_8,Q9NY65,PMC9633814_CORE_FACILITY_8,0.40973630831643004,0.6581306548839503
T194_OUTER_11,PMC9633814_CORE_FACILITY_8,SEQUENCE_RIDGE_FULL,T194_7e4dd387604c93e6b659,PMC9633814_CORE_FACILITY_8,P52907,PMC9633814_CORE_FACILITY_8,0.5273833671399595,0.5016209074192115
T194_OUTER_11,PMC9633814_CORE_FACILITY_8,SEQUENCE_RIDGE_FULL,T194_8840deac4e93721dc3d1,PMC9633814_CORE_FACILITY_8,O00299,PMC9633814_CORE_FACILITY_8,0.15618661257606492,0.5836995564126226
T194_OUTER_11,PMC9633814_CORE_FACILITY_8,SEQUENCE_RIDGE_FULL,T194_8c8987b388cda345b3f2,PMC9633814_CORE_FACILITY_8,Q9H4B7,PMC9633814_CORE_FACILITY_8,0.8762677484787018,0.6381379637262395
T194_OUTER_11,PMC9633814_CORE_FACILITY_8,SEQUENCE_RIDGE_FULL,T194_8d2a8cf371e8fd64c99a,PMC9633814_CORE_FACILITY_8,P27348,PMC9633814_CORE_FACILITY_8,0.2961460446247465,0.3662208264497654
T194_OUTER_11,PMC9633814_CORE_FACILITY_8,SEQUENCE_RIDGE_FULL,T194_8f1028c0b939167c8544,PMC9633814_CORE_FACILITY_8,P68366,PMC9633814_CORE_FACILITY_8,0.9066937119675457,0.6676314569498182
T194_OUTER_11,PMC9633814_CORE_FACILITY_8,SEQUENCE_RIDGE_FULL,T194_9758a5c23ed289031415,PMC9633814_CORE_FACILITY_8,P53396,PMC9633814_CORE_FACILITY_8,0.07099391480730223,0.6693655997996762
T194_OUTER_11,PMC9633814_CORE_FACILITY_8,SEQUENCE_RIDGE_FULL,T194_990d98d00a3d0cea6798,PMC9633814_CORE_FACILITY_8,P05556,PMC9633814_CORE_FACILITY_8,0.7261663286004056,0.759390567742891
T194_OUTER_11,PMC9633814_CORE_FACILITY_8,SEQUENCE_RIDGE_FULL,T194_9c88d0a95238b218ab12,PMC9633814_CORE_FACILITY_8,P37802,PMC9633814_CORE_FACILITY_8,0.08113590263691683,0.49098785316659566
T194_OUTER_11,PMC9633814_CORE_FACILITY_8,SEQUENCE_RIDGE_FULL,T194_9dda11ed58ee8f100756,PMC9633814_CORE_FACILITY_8,O75083,PMC9633814_CORE_FACILITY_8,0.3286004056795132,0.5264345134266823
T194_OUTER_11,PMC9633814_CORE_FACILITY_8,SEQUENCE_RIDGE_FULL,T194_9df4882ee8a6d8f1728a,PMC9633814_CORE_FACILITY_8,O00151,PMC9633814_CORE_FACILITY_8,0.6206896551724138,0.5371261380670245
T194_OUTER_11,PMC9633814_CORE_FACILITY_8,SEQUENCE_RIDGE_FULL,T194_ab6d40b242c89c115134,PMC9633814_CORE_FACILITY_8,P61026,PMC9633814_CORE_FACILITY_8,0.3022312373225152,0.3825842050269902
T194_OUTER_11,PMC9633814_CORE_FACILITY_8,SEQUENCE_RIDGE_FULL,T194_adc7e0fabfc963b1e4c4,PMC9633814_CORE_FACILITY_8,P30041,PMC9633814_CORE_FACILITY_8,0.35496957403651114,0.4100004454936381
T194_OUTER_11,PMC9633814_CORE_FACILITY_8,SEQUENCE_RIDGE_FULL,T194_b4a50c4c193925d9bd0f,PMC9633814_CORE_FACILITY_8,Q15942,PMC9633814_CORE_FACILITY_8,0.6876267748478702,0.6764534118717102
T194_OUTER_11,PMC9633814_CORE_FACILITY_8,SEQUENCE_RIDGE_FULL,T194_cac6b0905d2bbb7552d8,PMC9633814_CORE_FACILITY_8,Q7L576,PMC9633814_CORE_FACILITY_8,0.6795131845841785,0.5634183921661846
T194_OUTER_11,PMC9633814_CORE_FACILITY_8,SEQUENCE_RIDGE_FULL,T194_d01c24d7c098a9bf0b0b,PMC9633814_CORE_FACILITY_8,O00264,PMC9633814_CORE_FACILITY_8,0.15010141987829614,0.5068010371362335
T194_OUTER_11,PMC9633814_CORE_FACILITY_8,SEQUENCE_RIDGE_FULL,T194_d1d154fea69822ef9687,PMC9633814_CORE_FACILITY_8,P11166,PMC9633814_CORE_FACILITY_8,0.7099391480730223,0.608147930412498
T194_OUTER_11,PMC9633814_CORE_FACILITY_8,SEQUENCE_RIDGE_FULL,T194_d23a5325587603d745b5,PMC9633814_CORE_FACILITY_8,P07996,PMC9633814_CORE_FACILITY_8,0.9533468559837728,0.8408535482224515
T194_OUTER_11,PMC9633814_CORE_FACILITY_8,SEQUENCE_RIDGE_FULL,T194_d627102dd3b2455ae269,PMC9633814_CORE_FACILITY_8,P24844,PMC9633814_CORE_FACILITY_8,0.4300202839756592,0.5113435859046404
T194_OUTER_11,PMC9633814_CORE_FACILITY_8,SEQUENCE_RIDGE_FULL,T194_db528fdce34597c87c55,PMC9633814_CORE_FACILITY_8,P26641,PMC9633814_CORE_FACILITY_8,0.06288032454361055,0.46409893849153894
T194_OUTER_11,PMC9633814_CORE_FACILITY_8,SEQUENCE_RIDGE_FULL,T194_e0265d3982dc8ced435d,PMC9633814_CORE_FACILITY_8,Q16643,PMC9633814_CORE_FACILITY_8,0.13184584178498987,0.67884423959409
T194_OUTER_11,PMC9633814_CORE_FACILITY_8,SEQUENCE_RIDGE_FULL,T194_e3bc00f7c2fd2aafc4fc,PMC9633814_CORE_FACILITY_8,P05023,PMC9633814_CORE_FACILITY_8,0.2434077079107505,0.6631209069538626
T194_OUTER_11,PMC9633814_CORE_FACILITY_8,SEQUENCE_RIDGE_FULL,T194_efab3d2aafb42cb04a91,PMC9633814_CORE_FACILITY_8,P38646,PMC9633814_CORE_FACILITY_8,0.38742393509127787,0.5220360043598671
T194_OUTER_11,PMC9633814_CORE_FACILITY_8,SEQUENCE_RIDGE_FULL,T194_f2dc4c1f9c3b843db0a6,PMC9633814_CORE_FACILITY_8,Q27J81,PMC9633814_CORE_FACILITY_8,0.23123732251521298,0.6388942817118272
T194_OUTER_11,PMC9633814_CORE_FACILITY_8,SEQUENCE_RIDGE_FULL,T194_f61a784c857c10558ed8,PMC9633814_CORE_FACILITY_8,P06396,PMC9633814_CORE_FACILITY_8,0.9006085192697769,0.5876000124787067
T194_OUTER_11,PMC9633814_CORE_FACILITY_8,SEQUENCE_RIDGE_COMPOSITION_ONLY,T194_005a60e34bed8a6a1ce1,PMC9633814_CORE_FACILITY_8,P63000,PMC9633814_CORE_FACILITY_8,0.40162271805273836,0.4589159954561735
T194_OUTER_11,PMC9633814_CORE_FACILITY_8,SEQUENCE_RIDGE_COMPOSITION_ONLY,T194_061cefa7f6f77aa28335,PMC9633814_CORE_FACILITY_8,P68363,PMC9633814_CORE_FACILITY_8,0.7768762677484787,0.6890327137127513
T194_OUTER_11,PMC9633814_CORE_FACILITY_8,SEQUENCE_RIDGE_COMPOSITION_ONLY,T194_0d313f08fb744a49f774,PMC9633814_CORE_FACILITY_8,Q15365,PMC9633814_CORE_FACILITY_8,0.1440162271805274,0.6057622342007334
T194_OUTER_11,PMC9633814_CORE_FACILITY_8,SEQUENCE_RIDGE_COMPOSITION_ONLY,T194_2728f11465ad3da7fd9d,PMC9633814_CORE_FACILITY_8,Q9NQC3,PMC9633814_CORE_FACILITY_8,0.4827586206896552,0.4869303638645604
T194_OUTER_11,PMC9633814_CORE_FACILITY_8,SEQUENCE_RIDGE_COMPOSITION_ONLY,T194_2fc50864fb16241cccd5,PMC9633814_CORE_FACILITY_8,P04264,PMC9633814_CORE_FACILITY_8,0.5415821501014199,0.8012363006030754
T194_OUTER_11,PMC9633814_CORE_FACILITY_8,SEQUENCE_RIDGE_COMPOSITION_ONLY,T194_38e18b7dbb6903c36b5b,PMC9633814_CORE_FACILITY_8,Q93084,PMC9633814_CORE_FACILITY_8,0.8093306288032455,0.5764203025607206
T194_OUTER_11,PMC9633814_CORE_FACILITY_8,SEQUENCE_RIDGE_COMPOSITION_ONLY,T194_46f8843240c8161aa2c3,PMC9633814_CORE_FACILITY_8,Q9HDC9,PMC9633814_CORE_FACILITY_8,0.5598377281947262,0.5919771955178132
T194_OUTER_11,PMC9633814_CORE_FACILITY_8,SEQUENCE_RIDGE_COMPOSITION_ONLY,T194_4af25824fccea8f0a309,PMC9633814_CORE_FACILITY_8,O00187,PMC9633814_CORE_FACILITY_8,0.8377281947261663,0.6454034874860805
T194_OUTER_11,PMC9633814_CORE_FACILITY_8,SEQUENCE_RIDGE_COMPOSITION_ONLY,T194_4d77380dfc1059a92e32,PMC9633814_CORE_FACILITY_8,O15145,PMC9633814_CORE_FACILITY_8,0.3935091277890467,0.3560574897141088
T194_OUTER_11,PMC9633814_CORE_FACILITY_8,SEQUENCE_RIDGE_COMPOSITION_ONLY,T194_5200c06954110c73c0d8,PMC9633814_CORE_FACILITY_8,P30101,PMC9633814_CORE_FACILITY_8,0.23732251521298176,0.42956996231475497
T194_OUTER_11,PMC9633814_CORE_FACILITY_8,SEQUENCE_RIDGE_COMPOSITION_ONLY,T194_5a64b597a92b2f96b227,PMC9633814_CORE_FACILITY_8,P04004,PMC9633814_CORE_FACILITY_8,0.9776876267748479,0.6025624046283958
T194_OUTER_11,PMC9633814_CORE_FACILITY_8,SEQUENCE_RIDGE_COMPOSITION_ONLY,T194_5dac09206a2c01d279b7,PMC9633814_CORE_FACILITY_8,P06576,PMC9633814_CORE_FACILITY_8,0.4482758620689655,0.5997992019855323
T194_OUTER_11,PMC9633814_CORE_FACILITY_8,SEQUENCE_RIDGE_COMPOSITION_ONLY,T194_65719c4b420cd51d6d3d,PMC9633814_CORE_FACILITY_8,Q70J99,PMC9633814_CORE_FACILITY_8,0.1257606490872211,0.5671172905545915
T194_OUTER_11,PMC9633814_CORE_FACILITY_8,SEQUENCE_RIDGE_COMPOSITION_ONLY,T194_731d990df8379a0bb779,PMC9633814_CORE_FACILITY_8,P10809,PMC9633814_CORE_FACILITY_8,0.35294117647058826,0.44725022752113186
T194_OUTER_11,PMC9633814_CORE_FACILITY_8,SEQUENCE_RIDGE_COMPOSITION_ONLY,T194_7cf37b4e58650464ebf0,PMC9633814_CORE_FACILITY_8,Q9NY65,PMC9633814_CORE_FACILITY_8,0.40973630831643004,0.6624760601360411
T194_OUTER_11,PMC9633814_CORE_FACILITY_8,SEQUENCE_RIDGE_COMPOSITION_ONLY,T194_7e4dd387604c93e6b659,PMC9633814_CORE_FACILITY_8,P52907,PMC9633814_CORE_FACILITY_8,0.5273833671399595,0.5232370809270223
T194_OUTER_11,PMC9633814_CORE_FACILITY_8,SEQUENCE_RIDGE_COMPOSITION_ONLY,T194_8840deac4e93721dc3d1,PMC9633814_CORE_FACILITY_8,O00299,PMC9633814_CORE_FACILITY_8,0.15618661257606492,0.6148656291590766
T194_OUTER_11,PMC9633814_CORE_FACILITY_8,SEQUENCE_RIDGE_COMPOSITION_ONLY,T194_8c8987b388cda345b3f2,PMC9633814_CORE_FACILITY_8,Q9H4B7,PMC9633814_CORE_FACILITY_8,0.8762677484787018,0.6573819714689959
T194_OUTER_11,PMC9633814_CORE_FACILITY_8,SEQUENCE_RIDGE_COMPOSITION_ONLY,T194_8d2a8cf371e8fd64c99a,PMC9633814_CORE_FACILITY_8,P27348,PMC9633814_CORE_FACILITY_8,0.2961460446247465,0.4117831459813202
T194_OUTER_11,PMC9633814_CORE_FACILITY_8,SEQUENCE_RIDGE_COMPOSITION_ONLY,T194_8f1028c0b939167c8544,PMC9633814_CORE_FACILITY_8,P68366,PMC9633814_CORE_FACILITY_8,0.9066937119675457,0.6697054031431039
T194_OUTER_11,PMC9633814_CORE_FACILITY_8,SEQUENCE_RIDGE_COMPOSITION_ONLY,T194_9758a5c23ed289031415,PMC9633814_CORE_FACILITY_8,P53396,PMC9633814_CORE_FACILITY_8,0.07099391480730223,0.48884050045786626
T194_OUTER_11,PMC9633814_CORE_FACILITY_8,SEQUENCE_RIDGE_COMPOSITION_ONLY,T194_990d98d00a3d0cea6798,PMC9633814_CORE_FACILITY_8,P05556,PMC9633814_CORE_FACILITY_8,0.7261663286004056,0.7440442687216554
T194_OUTER_11,PMC9633814_CORE_FACILITY_8,SEQUENCE_RIDGE_COMPOSITION_ONLY,T194_9c88d0a95238b218ab12,PMC9633814_CORE_FACILITY_8,P37802,PMC9633814_CORE_FACILITY_8,0.08113590263691683,0.5398703914103343
T194_OUTER_11,PMC9633814_CORE_FACILITY_8,SEQUENCE_RIDGE_COMPOSITION_ONLY,T194_9dda11ed58ee8f100756,PMC9633814_CORE_FACILITY_8,O75083,PMC9633814_CORE_FACILITY_8,0.3286004056795132,0.5102827664441273
T194_OUTER_11,PMC9633814_CORE_FACILITY_8,SEQUENCE_RIDGE_COMPOSITION_ONLY,T194_9df4882ee8a6d8f1728a,PMC9633814_CORE_FACILITY_8,O00151,PMC9633814_CORE_FACILITY_8,0.6206896551724138,0.6069030135940228
T194_OUTER_11,PMC9633814_CORE_FACILITY_8,SEQUENCE_RIDGE_COMPOSITION_ONLY,T194_ab6d40b242c89c115134,PMC9633814_CORE_FACILITY_8,P61026,PMC9633814_CORE_FACILITY_8,0.3022312373225152,0.4007350069908427
T194_OUTER_11,PMC9633814_CORE_FACILITY_8,SEQUENCE_RIDGE_COMPOSITION_ONLY,T194_adc7e0fabfc963b1e4c4,PMC9633814_CORE_FACILITY_8,P30041,PMC9633814_CORE_FACILITY_8,0.35496957403651114,0.4622026731785778
T194_OUTER_11,PMC9633814_CORE_FACILITY_8,SEQUENCE_RIDGE_COMPOSITION_ONLY,T194_b4a50c4c193925d9bd0f,PMC9633814_CORE_FACILITY_8,Q15942,PMC9633814_CORE_FACILITY_8,0.6876267748478702,0.7155009319288743
T194_OUTER_11,PMC9633814_CORE_FACILITY_8,SEQUENCE_RIDGE_COMPOSITION_ONLY,T194_cac6b0905d2bbb7552d8,PMC9633814_CORE_FACILITY_8,Q7L576,PMC9633814_CORE_FACILITY_8,0.6795131845841785,0.499449670020754
T194_OUTER_11,PMC9633814_CORE_FACILITY_8,SEQUENCE_RIDGE_COMPOSITION_ONLY,T194_d01c24d7c098a9bf0b0b,PMC9633814_CORE_FACILITY_8,O00264,PMC9633814_CORE_FACILITY_8,0.15010141987829614,0.5885781470775507
T194_OUTER_11,PMC9633814_CORE_FACILITY_8,SEQUENCE_RIDGE_COMPOSITION_ONLY,T194_d1d154fea69822ef9687,PMC9633814_CORE_FACILITY_8,P11166,PMC9633814_CORE_FACILITY_8,0.7099391480730223,0.5928080641239956
T194_OUTER_11,PMC9633814_CORE_FACILITY_8,SEQUENCE_RIDGE_COMPOSITION_ONLY,T194_d23a5325587603d745b5,PMC9633814_CORE_FACILITY_8,P07996,PMC9633814_CORE_FACILITY_8,0.9533468559837728,0.7749089245821652
T194_OUTER_11,PMC9633814_CORE_FACILITY_8,SEQUENCE_RIDGE_COMPOSITION_ONLY,T194_d627102dd3b2455ae269,PMC9633814_CORE_FACILITY_8,P24844,PMC9633814_CORE_FACILITY_8,0.4300202839756592,0.46736812364471353
T194_OUTER_11,PMC9633814_CORE_FACILITY_8,SEQUENCE_RIDGE_COMPOSITION_ONLY,T194_db528fdce34597c87c55,PMC9633814_CORE_FACILITY_8,P26641,PMC9633814_CORE_FACILITY_8,0.06288032454361055,0.42667920125459324
T194_OUTER_11,PMC9633814_CORE_FACILITY_8,SEQUENCE_RIDGE_COMPOSITION_ONLY,T194_e0265d3982dc8ced435d,PMC9633814_CORE_FACILITY_8,Q16643,PMC9633814_CORE_FACILITY_8,0.13184584178498987,0.7198759844623468
T194_OUTER_11,PMC9633814_CORE_FACILITY_8,SEQUENCE_RIDGE_COMPOSITION_ONLY,T194_e3bc00f7c2fd2aafc4fc,PMC9633814_CORE_FACILITY_8,P05023,PMC9633814_CORE_FACILITY_8,0.2434077079107505,0.564973203718531
T194_OUTER_11,PMC9633814_CORE_FACILITY_8,SEQUENCE_RIDGE_COMPOSITION_ONLY,T194_efab3d2aafb42cb04a91,PMC9633814_CORE_FACILITY_8,P38646,PMC9633814_CORE_FACILITY_8,0.38742393509127787,0.487063497534281
T194_OUTER_11,PMC9633814_CORE_FACILITY_8,SEQUENCE_RIDGE_COMPOSITION_ONLY,T194_f2dc4c1f9c3b843db0a6,PMC9633814_CORE_FACILITY_8,Q27J81,PMC9633814_CORE_FACILITY_8,0.23123732251521298,0.5265063231304742
T194_OUTER_11,PMC9633814_CORE_FACILITY_8,SEQUENCE_RIDGE_COMPOSITION_ONLY,T194_f61a784c857c10558ed8,PMC9633814_CORE_FACILITY_8,P06396,PMC9633814_CORE_FACILITY_8,0.9006085192697769,0.5146280404274651
T194_OUTER_12,PMC9633814_CORE_FACILITY_9,CONSTANT_TRAINING_MEAN,T194_0aae641368cc2a25eaae,PMC9633814_CORE_FACILITY_9,P61981,PMC9633814_CORE_FACILITY_9,0.13752122241086587,0.5321238498610333
T194_OUTER_12,PMC9633814_CORE_FACILITY_9,CONSTANT_TRAINING_MEAN,T194_11cb495ca642ad3a97fb,PMC9633814_CORE_FACILITY_9,P30048,PMC9633814_CORE_FACILITY_9,0.18166383701188454,0.5321238498610333
T194_OUTER_12,PMC9633814_CORE_FACILITY_9,CONSTANT_TRAINING_MEAN,T194_13fdcfafe0ce7e605f9a,PMC9633814_CORE_FACILITY_9,P04264,PMC9633814_CORE_FACILITY_9,0.9949066213921901,0.5321238498610333
T194_OUTER_12,PMC9633814_CORE_FACILITY_9,CONSTANT_TRAINING_MEAN,T194_1814ffc2510ef901465f,PMC9633814_CORE_FACILITY_9,P61026,PMC9633814_CORE_FACILITY_9,0.6638370118845501,0.5321238498610333
T194_OUTER_12,PMC9633814_CORE_FACILITY_9,CONSTANT_TRAINING_MEAN,T194_20dc88bb13843c98aad5,PMC9633814_CORE_FACILITY_9,Q15942,PMC9633814_CORE_FACILITY_9,0.06960950764006792,0.5321238498610333
T194_OUTER_12,PMC9633814_CORE_FACILITY_9,CONSTANT_TRAINING_MEAN,T194_235cf11b869c8c099c4b,PMC9633814_CORE_FACILITY_9,P10809,PMC9633814_CORE_FACILITY_9,0.3633276740237691,0.5321238498610333
T194_OUTER_12,PMC9633814_CORE_FACILITY_9,CONSTANT_TRAINING_MEAN,T194_26697cd4ce0921bad009,PMC9633814_CORE_FACILITY_9,P07996,PMC9633814_CORE_FACILITY_9,0.7623089983022071,0.5321238498610333
T194_OUTER_12,PMC9633814_CORE_FACILITY_9,CONSTANT_TRAINING_MEAN,T194_2d0e4223da4e89ca8b73,PMC9633814_CORE_FACILITY_9,P52907,PMC9633814_CORE_FACILITY_9,0.4227504244482173,0.5321238498610333
T194_OUTER_12,PMC9633814_CORE_FACILITY_9,CONSTANT_TRAINING_MEAN,T194_2ef9c38025e5d9d8427f,PMC9633814_CORE_FACILITY_9,Q93084,PMC9633814_CORE_FACILITY_9,0.5942275042444821,0.5321238498610333
T194_OUTER_12,PMC9633814_CORE_FACILITY_9,CONSTANT_TRAINING_MEAN,T194_3f35a86a070ad4969bdd,PMC9633814_CORE_FACILITY_9,P11166,PMC9633814_CORE_FACILITY_9,0.8455008488964346,0.5321238498610333
T194_OUTER_12,PMC9633814_CORE_FACILITY_9,CONSTANT_TRAINING_MEAN,T194_4627d799a7e57baa3482,PMC9633814_CORE_FACILITY_9,P23284,PMC9633814_CORE_FACILITY_9,0.1731748726655348,0.5321238498610333
T194_OUTER_12,PMC9633814_CORE_FACILITY_9,CONSTANT_TRAINING_MEAN,T194_4d3941099adeee4812a5,PMC9633814_CORE_FACILITY_9,P45880,PMC9633814_CORE_FACILITY_9,0.35823429541595925,0.5321238498610333
T194_OUTER_12,PMC9633814_CORE_FACILITY_9,CONSTANT_TRAINING_MEAN,T194_500c0baf25c7b2f0aa24,PMC9633814_CORE_FACILITY_9,P38646,PMC9633814_CORE_FACILITY_9,0.22750424448217318,0.5321238498610333
T194_OUTER_12,PMC9633814_CORE_FACILITY_9,CONSTANT_TRAINING_MEAN,T194_58f723d419ac42d4456c,PMC9633814_CORE_FACILITY_9,P68366,PMC9633814_CORE_FACILITY_9,0.7147707979626485,0.5321238498610333
T194_OUTER_12,PMC9633814_CORE_FACILITY_9,CONSTANT_TRAINING_MEAN,T194_5df3ef121b0dffd0047e,PMC9633814_CORE_FACILITY_9,P21796,PMC9633814_CORE_FACILITY_9,0.14770797962648557,0.5321238498610333
T194_OUTER_12,PMC9633814_CORE_FACILITY_9,CONSTANT_TRAINING_MEAN,T194_65b9e9873c6d13766465,PMC9633814_CORE_FACILITY_9,P11021,PMC9633814_CORE_FACILITY_9,0.6230899830220713,0.5321238498610333
T194_OUTER_12,PMC9633814_CORE_FACILITY_9,CONSTANT_TRAINING_MEAN,T194_66944da517532ad24a2b,PMC9633814_CORE_FACILITY_9,P37802,PMC9633814_CORE_FACILITY_9,0.534804753820034,0.5321238498610333
T194_OUTER_12,PMC9633814_CORE_FACILITY_9,CONSTANT_TRAINING_MEAN,T194_66dbf7965f3222e4bc9c,PMC9633814_CORE_FACILITY_9,P27348,PMC9633814_CORE_FACILITY_9,0.37521222410865873,0.5321238498610333
T194_OUTER_12,PMC9633814_CORE_FACILITY_9,CONSTANT_TRAINING_MEAN,T194_681efb91415e3159a9e7,PMC9633814_CORE_FACILITY_9,P78417,PMC9633814_CORE_FACILITY_9,0.30220713073005095,0.5321238498610333
T194_OUTER_12,PMC9633814_CORE_FACILITY_9,CONSTANT_TRAINING_MEAN,T194_6dfcbf9105e749a63907,PMC9633814_CORE_FACILITY_9,Q9NQC3,PMC9633814_CORE_FACILITY_9,0.6112054329371817,0.5321238498610333
T194_OUTER_12,PMC9633814_CORE_FACILITY_9,CONSTANT_TRAINING_MEAN,T194_7771b82b691a6cace7a8,PMC9633814_CORE_FACILITY_9,P30101,PMC9633814_CORE_FACILITY_9,0.43463497453310695,0.5321238498610333
T194_OUTER_12,PMC9633814_CORE_FACILITY_9,CONSTANT_TRAINING_MEAN,T194_77d1ac8fd82a5d4eb7ec,PMC9633814_CORE_FACILITY_9,P68363,PMC9633814_CORE_FACILITY_9,0.49745331069609505,0.5321238498610333
T194_OUTER_12,PMC9633814_CORE_FACILITY_9,CONSTANT_TRAINING_MEAN,T194_8d58f6c57a8f06399638,PMC9633814_CORE_FACILITY_9,P20645,PMC9633814_CORE_FACILITY_9,0.1494057724957555,0.5321238498610333
T194_OUTER_12,PMC9633814_CORE_FACILITY_9,CONSTANT_TRAINING_MEAN,T194_8f57af0fc0284a7b645e,PMC9633814_CORE_FACILITY_9,P00403,PMC9633814_CORE_FACILITY_9,0.366723259762309,0.5321238498610333
T194_OUTER_12,PMC9633814_CORE_FACILITY_9,CONSTANT_TRAINING_MEAN,T194_8f9962ce5701a0aa725a,PMC9633814_CORE_FACILITY_9,O00264,PMC9633814_CORE_FACILITY_9,0.567062818336163,0.5321238498610333
T194_OUTER_12,PMC9633814_CORE_FACILITY_9,CONSTANT_TRAINING_MEAN,T194_96a6a1e2e9693fcb07b6,PMC9633814_CORE_FACILITY_9,O00299,PMC9633814_CORE_FACILITY_9,0.400679117147708,0.5321238498610333
T194_OUTER_12,PMC9633814_CORE_FACILITY_9,CONSTANT_TRAINING_MEAN,T194_9892b38e89163d872167,PMC9633814_CORE_FACILITY_9,P27797,PMC9633814_CORE_FACILITY_9,0.3463497453310696,0.5321238498610333
T194_OUTER_12,PMC9633814_CORE_FACILITY_9,CONSTANT_TRAINING_MEAN,T194_99f21e039fbb0ef151c3,PMC9633814_CORE_FACILITY_9,O00151,PMC9633814_CORE_FACILITY_9,0.6213921901528013,0.5321238498610333
T194_OUTER_12,PMC9633814_CORE_FACILITY_9,CONSTANT_TRAINING_MEAN,T194_9aaf10459069e7695c43,PMC9633814_CORE_FACILITY_9,P05023,PMC9633814_CORE_FACILITY_9,0.23089983022071306,0.5321238498610333
T194_OUTER_12,PMC9633814_CORE_FACILITY_9,CONSTANT_TRAINING_MEAN,T194_b371da5836c2e76bee7b,PMC9633814_CORE_FACILITY_9,Q9H4B7,PMC9633814_CORE_FACILITY_9,0.7419354838709677,0.5321238498610333
T194_OUTER_12,PMC9633814_CORE_FACILITY_9,CONSTANT_TRAINING_MEAN,T194_b6c070be6fc8a3309594,PMC9633814_CORE_FACILITY_9,P00387,PMC9633814_CORE_FACILITY_9,0.6146010186757216,0.5321238498610333
T194_OUTER_12,PMC9633814_CORE_FACILITY_9,CONSTANT_TRAINING_MEAN,T194_bfdae00ff9a31a6cd0d8,PMC9633814_CORE_FACILITY_9,P13796,PMC9633814_CORE_FACILITY_9,0.3378607809847199,0.5321238498610333
T194_OUTER_12,PMC9633814_CORE_FACILITY_9,CONSTANT_TRAINING_MEAN,T194_c58ab9b63e91c0f8d773,PMC9633814_CORE_FACILITY_9,Q9HDC9,PMC9633814_CORE_FACILITY_9,0.6791171477079796,0.5321238498610333
T194_OUTER_12,PMC9633814_CORE_FACILITY_9,CONSTANT_TRAINING_MEAN,T194_c99b27b6ad16d800dfe4,PMC9633814_CORE_FACILITY_9,P04004,PMC9633814_CORE_FACILITY_9,0.9813242784380306,0.5321238498610333
T194_OUTER_12,PMC9633814_CORE_FACILITY_9,CONSTANT_TRAINING_MEAN,T194_cd0749f1bfe8358563b2,PMC9633814_CORE_FACILITY_9,P30041,PMC9633814_CORE_FACILITY_9,0.47368421052631576,0.5321238498610333
T194_OUTER_12,PMC9633814_CORE_FACILITY_9,CONSTANT_TRAINING_MEAN,T194_e5a6e92afc7ce60b9d9c,PMC9633814_CORE_FACILITY_9,O15145,PMC9633814_CORE_FACILITY_9,0.06281833616298811,0.5321238498610333
T194_OUTER_12,PMC9633814_CORE_FACILITY_9,CONSTANT_TRAINING_MEAN,T194_e7383f9ab4a07ce079b7,PMC9633814_CORE_FACILITY_9,P55072,PMC9633814_CORE_FACILITY_9,0.41935483870967744,0.5321238498610333
T194_OUTER_12,PMC9633814_CORE_FACILITY_9,CONSTANT_TRAINING_MEAN,T194_e793d7b4c12d977dc9ff,PMC9633814_CORE_FACILITY_9,P06576,PMC9633814_CORE_FACILITY_9,0.7894736842105263,0.5321238498610333
T194_OUTER_12,PMC9633814_CORE_FACILITY_9,CONSTANT_TRAINING_MEAN,T194_ec8b9be6cf1b79c08a9a,PMC9633814_CORE_FACILITY_9,P61106,PMC9633814_CORE_FACILITY_9,0.008488964346349746,0.5321238498610333
T194_OUTER_12,PMC9633814_CORE_FACILITY_9,CONSTANT_TRAINING_MEAN,T194_f1a966d19c9a22caec67,PMC9633814_CORE_FACILITY_9,Q04695,PMC9633814_CORE_FACILITY_9,0.831918505942275,0.5321238498610333
T194_OUTER_12,PMC9633814_CORE_FACILITY_9,CONSTANT_TRAINING_MEAN,T194_fee4bfc949f16aa64554,PMC9633814_CORE_FACILITY_9,P26038,PMC9633814_CORE_FACILITY_9,0.6129032258064516,0.5321238498610333
T194_OUTER_12,PMC9633814_CORE_FACILITY_9,SEQUENCE_RIDGE_FULL,T194_0aae641368cc2a25eaae,PMC9633814_CORE_FACILITY_9,P61981,PMC9633814_CORE_FACILITY_9,0.13752122241086587,0.399581210048808
T194_OUTER_12,PMC9633814_CORE_FACILITY_9,SEQUENCE_RIDGE_FULL,T194_11cb495ca642ad3a97fb,PMC9633814_CORE_FACILITY_9,P30048,PMC9633814_CORE_FACILITY_9,0.18166383701188454,0.4278782875924329
T194_OUTER_12,PMC9633814_CORE_FACILITY_9,SEQUENCE_RIDGE_FULL,T194_13fdcfafe0ce7e605f9a,PMC9633814_CORE_FACILITY_9,P04264,PMC9633814_CORE_FACILITY_9,0.9949066213921901,0.8297231892170279
T194_OUTER_12,PMC9633814_CORE_FACILITY_9,SEQUENCE_RIDGE_FULL,T194_1814ffc2510ef901465f,PMC9633814_CORE_FACILITY_9,P61026,PMC9633814_CORE_FACILITY_9,0.6638370118845501,0.3728461497322118
T194_OUTER_12,PMC9633814_CORE_FACILITY_9,SEQUENCE_RIDGE_FULL,T194_20dc88bb13843c98aad5,PMC9633814_CORE_FACILITY_9,Q15942,PMC9633814_CORE_FACILITY_9,0.06960950764006792,0.6830426509159946
T194_OUTER_12,PMC9633814_CORE_FACILITY_9,SEQUENCE_RIDGE_FULL,T194_235cf11b869c8c099c4b,PMC9633814_CORE_FACILITY_9,P10809,PMC9633814_CORE_FACILITY_9,0.3633276740237691,0.45870952648330804
T194_OUTER_12,PMC9633814_CORE_FACILITY_9,SEQUENCE_RIDGE_FULL,T194_26697cd4ce0921bad009,PMC9633814_CORE_FACILITY_9,P07996,PMC9633814_CORE_FACILITY_9,0.7623089983022071,0.8608666263738936
T194_OUTER_12,PMC9633814_CORE_FACILITY_9,SEQUENCE_RIDGE_FULL,T194_2d0e4223da4e89ca8b73,PMC9633814_CORE_FACILITY_9,P52907,PMC9633814_CORE_FACILITY_9,0.4227504244482173,0.5177405027647403
T194_OUTER_12,PMC9633814_CORE_FACILITY_9,SEQUENCE_RIDGE_FULL,T194_2ef9c38025e5d9d8427f,PMC9633814_CORE_FACILITY_9,Q93084,PMC9633814_CORE_FACILITY_9,0.5942275042444821,0.6687339862168289
T194_OUTER_12,PMC9633814_CORE_FACILITY_9,SEQUENCE_RIDGE_FULL,T194_3f35a86a070ad4969bdd,PMC9633814_CORE_FACILITY_9,P11166,PMC9633814_CORE_FACILITY_9,0.8455008488964346,0.6008502168111659
T194_OUTER_12,PMC9633814_CORE_FACILITY_9,SEQUENCE_RIDGE_FULL,T194_4627d799a7e57baa3482,PMC9633814_CORE_FACILITY_9,P23284,PMC9633814_CORE_FACILITY_9,0.1731748726655348,0.40071915616690956
T194_OUTER_12,PMC9633814_CORE_FACILITY_9,SEQUENCE_RIDGE_FULL,T194_4d3941099adeee4812a5,PMC9633814_CORE_FACILITY_9,P45880,PMC9633814_CORE_FACILITY_9,0.35823429541595925,0.5456558507019649
T194_OUTER_12,PMC9633814_CORE_FACILITY_9,SEQUENCE_RIDGE_FULL,T194_500c0baf25c7b2f0aa24,PMC9633814_CORE_FACILITY_9,P38646,PMC9633814_CORE_FACILITY_9,0.22750424448217318,0.5193507842332405
T194_OUTER_12,PMC9633814_CORE_FACILITY_9,SEQUENCE_RIDGE_FULL,T194_58f723d419ac42d4456c,PMC9633814_CORE_FACILITY_9,P68366,PMC9633814_CORE_FACILITY_9,0.7147707979626485,0.6799269856808926
T194_OUTER_12,PMC9633814_CORE_FACILITY_9,SEQUENCE_RIDGE_FULL,T194_5df3ef121b0dffd0047e,PMC9633814_CORE_FACILITY_9,P21796,PMC9633814_CORE_FACILITY_9,0.14770797962648557,0.5319473595224534
T194_OUTER_12,PMC9633814_CORE_FACILITY_9,SEQUENCE_RIDGE_FULL,T194_65b9e9873c6d13766465,PMC9633814_CORE_FACILITY_9,P11021,PMC9633814_CORE_FACILITY_9,0.6230899830220713,0.5767109429873412
T194_OUTER_12,PMC9633814_CORE_FACILITY_9,SEQUENCE_RIDGE_FULL,T194_66944da517532ad24a2b,PMC9633814_CORE_FACILITY_9,P37802,PMC9633814_CORE_FACILITY_9,0.534804753820034,0.48686966972237944
T194_OUTER_12,PMC9633814_CORE_FACILITY_9,SEQUENCE_RIDGE_FULL,T194_66dbf7965f3222e4bc9c,PMC9633814_CORE_FACILITY_9,P27348,PMC9633814_CORE_FACILITY_9,0.37521222410865873,0.3671694267727536
T194_OUTER_12,PMC9633814_CORE_FACILITY_9,SEQUENCE_RIDGE_FULL,T194_681efb91415e3159a9e7,PMC9633814_CORE_FACILITY_9,P78417,PMC9633814_CORE_FACILITY_9,0.30220713073005095,0.3514356064203646
T194_OUTER_12,PMC9633814_CORE_FACILITY_9,SEQUENCE_RIDGE_FULL,T194_6dfcbf9105e749a63907,PMC9633814_CORE_FACILITY_9,Q9NQC3,PMC9633814_CORE_FACILITY_9,0.6112054329371817,0.5752869832082218
T194_OUTER_12,PMC9633814_CORE_FACILITY_9,SEQUENCE_RIDGE_FULL,T194_7771b82b691a6cace7a8,PMC9633814_CORE_FACILITY_9,P30101,PMC9633814_CORE_FACILITY_9,0.43463497453310695,0.4903742131911119
T194_OUTER_12,PMC9633814_CORE_FACILITY_9,SEQUENCE_RIDGE_FULL,T194_77d1ac8fd82a5d4eb7ec,PMC9633814_CORE_FACILITY_9,P68363,PMC9633814_CORE_FACILITY_9,0.49745331069609505,0.7019609208095484
T194_OUTER_12,PMC9633814_CORE_FACILITY_9,SEQUENCE_RIDGE_FULL,T194_8d58f6c57a8f06399638,PMC9633814_CORE_FACILITY_9,P20645,PMC9633814_CORE_FACILITY_9,0.1494057724957555,0.6047179353744075
T194_OUTER_12,PMC9633814_CORE_FACILITY_9,SEQUENCE_RIDGE_FULL,T194_8f57af0fc0284a7b645e,PMC9633814_CORE_FACILITY_9,P00403,PMC9633814_CORE_FACILITY_9,0.366723259762309,0.5144885153118395
T194_OUTER_12,PMC9633814_CORE_FACILITY_9,SEQUENCE_RIDGE_FULL,T194_8f9962ce5701a0aa725a,PMC9633814_CORE_FACILITY_9,O00264,PMC9633814_CORE_FACILITY_9,0.567062818336163,0.4832080786852423
T194_OUTER_12,PMC9633814_CORE_FACILITY_9,SEQUENCE_RIDGE_FULL,T194_96a6a1e2e9693fcb07b6,PMC9633814_CORE_FACILITY_9,O00299,PMC9633814_CORE_FACILITY_9,0.400679117147708,0.601518191223999
T194_OUTER_12,PMC9633814_CORE_FACILITY_9,SEQUENCE_RIDGE_FULL,T194_9892b38e89163d872167,PMC9633814_CORE_FACILITY_9,P27797,PMC9633814_CORE_FACILITY_9,0.3463497453310696,0.4633135354021712
T194_OUTER_12,PMC9633814_CORE_FACILITY_9,SEQUENCE_RIDGE_FULL,T194_99f21e039fbb0ef151c3,PMC9633814_CORE_FACILITY_9,O00151,PMC9633814_CORE_FACILITY_9,0.6213921901528013,0.5411651679140034
T194_OUTER_12,PMC9633814_CORE_FACILITY_9,SEQUENCE_RIDGE_FULL,T194_9aaf10459069e7695c43,PMC9633814_CORE_FACILITY_9,P05023,PMC9633814_CORE_FACILITY_9,0.23089983022071306,0.6647114276350733
T194_OUTER_12,PMC9633814_CORE_FACILITY_9,SEQUENCE_RIDGE_FULL,T194_b371da5836c2e76bee7b,PMC9633814_CORE_FACILITY_9,Q9H4B7,PMC9633814_CORE_FACILITY_9,0.7419354838709677,0.6417401965553694
T194_OUTER_12,PMC9633814_CORE_FACILITY_9,SEQUENCE_RIDGE_FULL,T194_b6c070be6fc8a3309594,PMC9633814_CORE_FACILITY_9,P00387,PMC9633814_CORE_FACILITY_9,0.6146010186757216,0.4808813253201152
T194_OUTER_12,PMC9633814_CORE_FACILITY_9,SEQUENCE_RIDGE_FULL,T194_bfdae00ff9a31a6cd0d8,PMC9633814_CORE_FACILITY_9,P13796,PMC9633814_CORE_FACILITY_9,0.3378607809847199,0.5192034253974214
T194_OUTER_12,PMC9633814_CORE_FACILITY_9,SEQUENCE_RIDGE_FULL,T194_c58ab9b63e91c0f8d773,PMC9633814_CORE_FACILITY_9,Q9HDC9,PMC9633814_CORE_FACILITY_9,0.6791171477079796,0.5161134247737352
T194_OUTER_12,PMC9633814_CORE_FACILITY_9,SEQUENCE_RIDGE_FULL,T194_c99b27b6ad16d800dfe4,PMC9633814_CORE_FACILITY_9,P04004,PMC9633814_CORE_FACILITY_9,0.9813242784380306,0.5823197135589271
T194_OUTER_12,PMC9633814_CORE_FACILITY_9,SEQUENCE_RIDGE_FULL,T194_cd0749f1bfe8358563b2,PMC9633814_CORE_FACILITY_9,P30041,PMC9633814_CORE_FACILITY_9,0.47368421052631576,0.40228110671175304
T194_OUTER_12,PMC9633814_CORE_FACILITY_9,SEQUENCE_RIDGE_FULL,T194_e5a6e92afc7ce60b9d9c,PMC9633814_CORE_FACILITY_9,O15145,PMC9633814_CORE_FACILITY_9,0.06281833616298811,0.4091530749035671
T194_OUTER_12,PMC9633814_CORE_FACILITY_9,SEQUENCE_RIDGE_FULL,T194_e7383f9ab4a07ce079b7,PMC9633814_CORE_FACILITY_9,P55072,PMC9633814_CORE_FACILITY_9,0.41935483870967744,0.599871289540846
T194_OUTER_12,PMC9633814_CORE_FACILITY_9,SEQUENCE_RIDGE_FULL,T194_e793d7b4c12d977dc9ff,PMC9633814_CORE_FACILITY_9,P06576,PMC9633814_CORE_FACILITY_9,0.7894736842105263,0.5959774661978405
T194_OUTER_12,PMC9633814_CORE_FACILITY_9,SEQUENCE_RIDGE_FULL,T194_ec8b9be6cf1b79c08a9a,PMC9633814_CORE_FACILITY_9,P61106,PMC9633814_CORE_FACILITY_9,0.008488964346349746,0.5402572116507073
T194_OUTER_12,PMC9633814_CORE_FACILITY_9,SEQUENCE_RIDGE_FULL,T194_f1a966d19c9a22caec67,PMC9633814_CORE_FACILITY_9,Q04695,PMC9633814_CORE_FACILITY_9,0.831918505942275,0.5231486761929286
T194_OUTER_12,PMC9633814_CORE_FACILITY_9,SEQUENCE_RIDGE_FULL,T194_fee4bfc949f16aa64554,PMC9633814_CORE_FACILITY_9,P26038,PMC9633814_CORE_FACILITY_9,0.6129032258064516,0.302624697812689
T194_OUTER_12,PMC9633814_CORE_FACILITY_9,SEQUENCE_RIDGE_COMPOSITION_ONLY,T194_0aae641368cc2a25eaae,PMC9633814_CORE_FACILITY_9,P61981,PMC9633814_CORE_FACILITY_9,0.13752122241086587,0.4447493020853174
T194_OUTER_12,PMC9633814_CORE_FACILITY_9,SEQUENCE_RIDGE_COMPOSITION_ONLY,T194_11cb495ca642ad3a97fb,PMC9633814_CORE_FACILITY_9,P30048,PMC9633814_CORE_FACILITY_9,0.18166383701188454,0.5309799540192752
T194_OUTER_12,PMC9633814_CORE_FACILITY_9,SEQUENCE_RIDGE_COMPOSITION_ONLY,T194_13fdcfafe0ce7e605f9a,PMC9633814_CORE_FACILITY_9,P04264,PMC9633814_CORE_FACILITY_9,0.9949066213921901,0.7650287380137302
T194_OUTER_12,PMC9633814_CORE_FACILITY_9,SEQUENCE_RIDGE_COMPOSITION_ONLY,T194_1814ffc2510ef901465f,PMC9633814_CORE_FACILITY_9,P61026,PMC9633814_CORE_FACILITY_9,0.6638370118845501,0.3901255303925567
T194_OUTER_12,PMC9633814_CORE_FACILITY_9,SEQUENCE_RIDGE_COMPOSITION_ONLY,T194_20dc88bb13843c98aad5,PMC9633814_CORE_FACILITY_9,Q15942,PMC9633814_CORE_FACILITY_9,0.06960950764006792,0.7224487311396958
T194_OUTER_12,PMC9633814_CORE_FACILITY_9,SEQUENCE_RIDGE_COMPOSITION_ONLY,T194_235cf11b869c8c099c4b,PMC9633814_CORE_FACILITY_9,P10809,PMC9633814_CORE_FACILITY_9,0.3633276740237691,0.44333963588291
T194_OUTER_12,PMC9633814_CORE_FACILITY_9,SEQUENCE_RIDGE_COMPOSITION_ONLY,T194_26697cd4ce0921bad009,PMC9633814_CORE_FACILITY_9,P07996,PMC9633814_CORE_FACILITY_9,0.7623089983022071,0.7952736440091001
T194_OUTER_12,PMC9633814_CORE_FACILITY_9,SEQUENCE_RIDGE_COMPOSITION_ONLY,T194_2d0e4223da4e89ca8b73,PMC9633814_CORE_FACILITY_9,P52907,PMC9633814_CORE_FACILITY_9,0.4227504244482173,0.5304289682076674
T194_OUTER_12,PMC9633814_CORE_FACILITY_9,SEQUENCE_RIDGE_COMPOSITION_ONLY,T194_2ef9c38025e5d9d8427f,PMC9633814_CORE_FACILITY_9,Q93084,PMC9633814_CORE_FACILITY_9,0.5942275042444821,0.5751046710878872
T194_OUTER_12,PMC9633814_CORE_FACILITY_9,SEQUENCE_RIDGE_COMPOSITION_ONLY,T194_3f35a86a070ad4969bdd,PMC9633814_CORE_FACILITY_9,P11166,PMC9633814_CORE_FACILITY_9,0.8455008488964346,0.5828855112178473
T194_OUTER_12,PMC9633814_CORE_FACILITY_9,SEQUENCE_RIDGE_COMPOSITION_ONLY,T194_4627d799a7e57baa3482,PMC9633814_CORE_FACILITY_9,P23284,PMC9633814_CORE_FACILITY_9,0.1731748726655348,0.3923346188965581
T194_OUTER_12,PMC9633814_CORE_FACILITY_9,SEQUENCE_RIDGE_COMPOSITION_ONLY,T194_4d3941099adeee4812a5,PMC9633814_CORE_FACILITY_9,P45880,PMC9633814_CORE_FACILITY_9,0.35823429541595925,0.5760934891665788
T194_OUTER_12,PMC9633814_CORE_FACILITY_9,SEQUENCE_RIDGE_COMPOSITION_ONLY,T194_500c0baf25c7b2f0aa24,PMC9633814_CORE_FACILITY_9,P38646,PMC9633814_CORE_FACILITY_9,0.22750424448217318,0.4799713017541322
T194_OUTER_12,PMC9633814_CORE_FACILITY_9,SEQUENCE_RIDGE_COMPOSITION_ONLY,T194_58f723d419ac42d4456c,PMC9633814_CORE_FACILITY_9,P68366,PMC9633814_CORE_FACILITY_9,0.7147707979626485,0.6811720365626474
T194_OUTER_12,PMC9633814_CORE_FACILITY_9,SEQUENCE_RIDGE_COMPOSITION_ONLY,T194_5df3ef121b0dffd0047e,PMC9633814_CORE_FACILITY_9,P21796,PMC9633814_CORE_FACILITY_9,0.14770797962648557,0.5140701695164615
T194_OUTER_12,PMC9633814_CORE_FACILITY_9,SEQUENCE_RIDGE_COMPOSITION_ONLY,T194_65b9e9873c6d13766465,PMC9633814_CORE_FACILITY_9,P11021,PMC9633814_CORE_FACILITY_9,0.6230899830220713,0.5442722841929756
T194_OUTER_12,PMC9633814_CORE_FACILITY_9,SEQUENCE_RIDGE_COMPOSITION_ONLY,T194_66944da517532ad24a2b,PMC9633814_CORE_FACILITY_9,P37802,PMC9633814_CORE_FACILITY_9,0.534804753820034,0.5340646038652513
T194_OUTER_12,PMC9633814_CORE_FACILITY_9,SEQUENCE_RIDGE_COMPOSITION_ONLY,T194_66dbf7965f3222e4bc9c,PMC9633814_CORE_FACILITY_9,P27348,PMC9633814_CORE_FACILITY_9,0.37521222410865873,0.41424202932850335
T194_OUTER_12,PMC9633814_CORE_FACILITY_9,SEQUENCE_RIDGE_COMPOSITION_ONLY,T194_681efb91415e3159a9e7,PMC9633814_CORE_FACILITY_9,P78417,PMC9633814_CORE_FACILITY_9,0.30220713073005095,0.35051724898995873
T194_OUTER_12,PMC9633814_CORE_FACILITY_9,SEQUENCE_RIDGE_COMPOSITION_ONLY,T194_6dfcbf9105e749a63907,PMC9633814_CORE_FACILITY_9,Q9NQC3,PMC9633814_CORE_FACILITY_9,0.6112054329371817,0.4771043820111958
T194_OUTER_12,PMC9633814_CORE_FACILITY_9,SEQUENCE_RIDGE_COMPOSITION_ONLY,T194_7771b82b691a6cace7a8,PMC9633814_CORE_FACILITY_9,P30101,PMC9633814_CORE_FACILITY_9,0.43463497453310695,0.4451905256857865
T194_OUTER_12,PMC9633814_CORE_FACILITY_9,SEQUENCE_RIDGE_COMPOSITION_ONLY,T194_77d1ac8fd82a5d4eb7ec,PMC9633814_CORE_FACILITY_9,P68363,PMC9633814_CORE_FACILITY_9,0.49745331069609505,0.6986307182113143
T194_OUTER_12,PMC9633814_CORE_FACILITY_9,SEQUENCE_RIDGE_COMPOSITION_ONLY,T194_8d58f6c57a8f06399638,PMC9633814_CORE_FACILITY_9,P20645,PMC9633814_CORE_FACILITY_9,0.1494057724957555,0.6603628460919052
T194_OUTER_12,PMC9633814_CORE_FACILITY_9,SEQUENCE_RIDGE_COMPOSITION_ONLY,T194_8f57af0fc0284a7b645e,PMC9633814_CORE_FACILITY_9,P00403,PMC9633814_CORE_FACILITY_9,0.366723259762309,0.558620596158497
T194_OUTER_12,PMC9633814_CORE_FACILITY_9,SEQUENCE_RIDGE_COMPOSITION_ONLY,T194_8f9962ce5701a0aa725a,PMC9633814_CORE_FACILITY_9,O00264,PMC9633814_CORE_FACILITY_9,0.567062818336163,0.5730351196224129
T194_OUTER_12,PMC9633814_CORE_FACILITY_9,SEQUENCE_RIDGE_COMPOSITION_ONLY,T194_96a6a1e2e9693fcb07b6,PMC9633814_CORE_FACILITY_9,O00299,PMC9633814_CORE_FACILITY_9,0.400679117147708,0.6275936721163519
T194_OUTER_12,PMC9633814_CORE_FACILITY_9,SEQUENCE_RIDGE_COMPOSITION_ONLY,T194_9892b38e89163d872167,PMC9633814_CORE_FACILITY_9,P27797,PMC9633814_CORE_FACILITY_9,0.3463497453310696,0.5079788487244651
T194_OUTER_12,PMC9633814_CORE_FACILITY_9,SEQUENCE_RIDGE_COMPOSITION_ONLY,T194_99f21e039fbb0ef151c3,PMC9633814_CORE_FACILITY_9,O00151,PMC9633814_CORE_FACILITY_9,0.6213921901528013,0.6178617740162679
T194_OUTER_12,PMC9633814_CORE_FACILITY_9,SEQUENCE_RIDGE_COMPOSITION_ONLY,T194_9aaf10459069e7695c43,PMC9633814_CORE_FACILITY_9,P05023,PMC9633814_CORE_FACILITY_9,0.23089983022071306,0.5592599317907353
T194_OUTER_12,PMC9633814_CORE_FACILITY_9,SEQUENCE_RIDGE_COMPOSITION_ONLY,T194_b371da5836c2e76bee7b,PMC9633814_CORE_FACILITY_9,Q9H4B7,PMC9633814_CORE_FACILITY_9,0.7419354838709677,0.6620853962592478
T194_OUTER_12,PMC9633814_CORE_FACILITY_9,SEQUENCE_RIDGE_COMPOSITION_ONLY,T194_b6c070be6fc8a3309594,PMC9633814_CORE_FACILITY_9,P00387,PMC9633814_CORE_FACILITY_9,0.6146010186757216,0.50105728508074
T194_OUTER_12,PMC9633814_CORE_FACILITY_9,SEQUENCE_RIDGE_COMPOSITION_ONLY,T194_bfdae00ff9a31a6cd0d8,PMC9633814_CORE_FACILITY_9,P13796,PMC9633814_CORE_FACILITY_9,0.3378607809847199,0.5169152926625736
T194_OUTER_12,PMC9633814_CORE_FACILITY_9,SEQUENCE_RIDGE_COMPOSITION_ONLY,T194_c58ab9b63e91c0f8d773,PMC9633814_CORE_FACILITY_9,Q9HDC9,PMC9633814_CORE_FACILITY_9,0.6791171477079796,0.5837204871172351
T194_OUTER_12,PMC9633814_CORE_FACILITY_9,SEQUENCE_RIDGE_COMPOSITION_ONLY,T194_c99b27b6ad16d800dfe4,PMC9633814_CORE_FACILITY_9,P04004,PMC9633814_CORE_FACILITY_9,0.9813242784380306,0.6083744439230945
T194_OUTER_12,PMC9633814_CORE_FACILITY_9,SEQUENCE_RIDGE_COMPOSITION_ONLY,T194_cd0749f1bfe8358563b2,PMC9633814_CORE_FACILITY_9,P30041,PMC9633814_CORE_FACILITY_9,0.47368421052631576,0.4603750680139346
T194_OUTER_12,PMC9633814_CORE_FACILITY_9,SEQUENCE_RIDGE_COMPOSITION_ONLY,T194_e5a6e92afc7ce60b9d9c,PMC9633814_CORE_FACILITY_9,O15145,PMC9633814_CORE_FACILITY_9,0.06281833616298811,0.37236651221127515
T194_OUTER_12,PMC9633814_CORE_FACILITY_9,SEQUENCE_RIDGE_COMPOSITION_ONLY,T194_e7383f9ab4a07ce079b7,PMC9633814_CORE_FACILITY_9,P55072,PMC9633814_CORE_FACILITY_9,0.41935483870967744,0.576554931048179
T194_OUTER_12,PMC9633814_CORE_FACILITY_9,SEQUENCE_RIDGE_COMPOSITION_ONLY,T194_e793d7b4c12d977dc9ff,PMC9633814_CORE_FACILITY_9,P06576,PMC9633814_CORE_FACILITY_9,0.7894736842105263,0.5906957881263482
T194_OUTER_12,PMC9633814_CORE_FACILITY_9,SEQUENCE_RIDGE_COMPOSITION_ONLY,T194_ec8b9be6cf1b79c08a9a,PMC9633814_CORE_FACILITY_9,P61106,PMC9633814_CORE_FACILITY_9,0.008488964346349746,0.5651022980264564
T194_OUTER_12,PMC9633814_CORE_FACILITY_9,SEQUENCE_RIDGE_COMPOSITION_ONLY,T194_f1a966d19c9a22caec67,PMC9633814_CORE_FACILITY_9,Q04695,PMC9633814_CORE_FACILITY_9,0.831918505942275,0.5938310127396442
T194_OUTER_12,PMC9633814_CORE_FACILITY_9,SEQUENCE_RIDGE_COMPOSITION_ONLY,T194_fee4bfc949f16aa64554,PMC9633814_CORE_FACILITY_9,P26038,PMC9633814_CORE_FACILITY_9,0.6129032258064516,0.2895907213545628
