outer_fold_id,held_out_source_id,model_id,alpha,held_out_inner_batch_id,spearman,selected_alpha
T238_OUTER_01,EDINBURGH_DS7545_HUMAN_PLASMA_NANOOMICS,SEQUENCE_RIDGE_FULL,0.01,PMC6592156:PH:pH 4.9:Rep1,0.7714285714285715,100.0
T238_OUTER_01,EDINBURGH_DS7545_HUMAN_PLASMA_NANOOMICS,SEQUENCE_RIDGE_FULL,0.01,PMC6592156:PH:pH 4.9:Rep2,0.8928571428571429,100.0
T238_OUTER_01,EDINBURGH_DS7545_HUMAN_PLASMA_NANOOMICS,SEQUENCE_RIDGE_FULL,0.01,PMC6592156:PH:pH 4.9:Rep3,0.7857142857142857,100.0
T238_OUTER_01,EDINBURGH_DS7545_HUMAN_PLASMA_NANOOMICS,SEQUENCE_RIDGE_FULL,0.01,PMC6592156:PH:pH 6.1:Rep1,0.8095238095238095,100.0
T238_OUTER_01,EDINBURGH_DS7545_HUMAN_PLASMA_NANOOMICS,SEQUENCE_RIDGE_FULL,0.01,PMC6592156:PH:pH 6.1:Rep2,0.8166666666666667,100.0
T238_OUTER_01,EDINBURGH_DS7545_HUMAN_PLASMA_NANOOMICS,SEQUENCE_RIDGE_FULL,0.01,PMC6592156:PH:pH 6.1:Rep3,0.7857142857142857,100.0
T238_OUTER_01,EDINBURGH_DS7545_HUMAN_PLASMA_NANOOMICS,SEQUENCE_RIDGE_FULL,0.01,PMC6592156:PH:pH 6.8:Rep1,0.7333333333333333,100.0
T238_OUTER_01,EDINBURGH_DS7545_HUMAN_PLASMA_NANOOMICS,SEQUENCE_RIDGE_FULL,0.01,PMC6592156:PH:pH 6.8:Rep2,0.8666666666666667,100.0
T238_OUTER_01,EDINBURGH_DS7545_HUMAN_PLASMA_NANOOMICS,SEQUENCE_RIDGE_FULL,0.01,PMC6592156:PH:pH 6.8:Rep3,0.75,100.0
T238_OUTER_01,EDINBURGH_DS7545_HUMAN_PLASMA_NANOOMICS,SEQUENCE_RIDGE_FULL,0.01,PMC6592156:PH:pH 7.7:Rep1,0.9047619047619048,100.0
T238_OUTER_01,EDINBURGH_DS7545_HUMAN_PLASMA_NANOOMICS,SEQUENCE_RIDGE_FULL,0.01,PMC6592156:PH:pH 7.7:Rep2,0.7833333333333333,100.0
T238_OUTER_01,EDINBURGH_DS7545_HUMAN_PLASMA_NANOOMICS,SEQUENCE_RIDGE_FULL,0.01,PMC6592156:PH:pH 7.7:Rep3,0.7833333333333333,100.0
T238_OUTER_01,EDINBURGH_DS7545_HUMAN_PLASMA_NANOOMICS,SEQUENCE_RIDGE_FULL,0.01,PMC6592156:PH:pH 8.9:Rep1,0.75,100.0
T238_OUTER_01,EDINBURGH_DS7545_HUMAN_PLASMA_NANOOMICS,SEQUENCE_RIDGE_FULL,0.01,PMC6592156:PH:pH 8.9:Rep2,0.6666666666666666,100.0
T238_OUTER_01,EDINBURGH_DS7545_HUMAN_PLASMA_NANOOMICS,SEQUENCE_RIDGE_FULL,0.01,PMC6592156:PH:pH 8.9:Rep3,0.7333333333333333,100.0
T238_OUTER_01,EDINBURGH_DS7545_HUMAN_PLASMA_NANOOMICS,SEQUENCE_RIDGE_FULL,0.01,PMC6592156:TEMPERATURE:17 °C:Rep1,0.8809523809523809,100.0
T238_OUTER_01,EDINBURGH_DS7545_HUMAN_PLASMA_NANOOMICS,SEQUENCE_RIDGE_FULL,0.01,PMC6592156:TEMPERATURE:17 °C:Rep2,0.8571428571428571,100.0
T238_OUTER_01,EDINBURGH_DS7545_HUMAN_PLASMA_NANOOMICS,SEQUENCE_RIDGE_FULL,0.01,PMC6592156:TEMPERATURE:17 °C:Rep3,0.8214285714285714,100.0
T238_OUTER_01,EDINBURGH_DS7545_HUMAN_PLASMA_NANOOMICS,SEQUENCE_RIDGE_FULL,0.01,PMC6592156:TEMPERATURE:30 °C:Rep1,0.7142857142857143,100.0
T238_OUTER_01,EDINBURGH_DS7545_HUMAN_PLASMA_NANOOMICS,SEQUENCE_RIDGE_FULL,0.01,PMC6592156:TEMPERATURE:30 °C:Rep2,0.8571428571428571,100.0
T238_OUTER_01,EDINBURGH_DS7545_HUMAN_PLASMA_NANOOMICS,SEQUENCE_RIDGE_FULL,0.01,PMC6592156:TEMPERATURE:30 °C:Rep3,0.8666666666666667,100.0
T238_OUTER_01,EDINBURGH_DS7545_HUMAN_PLASMA_NANOOMICS,SEQUENCE_RIDGE_FULL,0.01,PMC6592156:TEMPERATURE:4 °C:Rep1,0.9166666666666666,100.0
T238_OUTER_01,EDINBURGH_DS7545_HUMAN_PLASMA_NANOOMICS,SEQUENCE_RIDGE_FULL,0.01,PMC6592156:TEMPERATURE:4 °C:Rep2,0.9166666666666666,100.0
T238_OUTER_01,EDINBURGH_DS7545_HUMAN_PLASMA_NANOOMICS,SEQUENCE_RIDGE_FULL,0.01,PMC6592156:TEMPERATURE:4 °C:Rep3,0.8809523809523809,100.0
T238_OUTER_01,EDINBURGH_DS7545_HUMAN_PLASMA_NANOOMICS,SEQUENCE_RIDGE_FULL,0.01,PMC6592156:TEMPERATURE:41 °C:Rep1,0.8,100.0
T238_OUTER_01,EDINBURGH_DS7545_HUMAN_PLASMA_NANOOMICS,SEQUENCE_RIDGE_FULL,0.01,PMC6592156:TEMPERATURE:41 °C:Rep2,0.8833333333333333,100.0
T238_OUTER_01,EDINBURGH_DS7545_HUMAN_PLASMA_NANOOMICS,SEQUENCE_RIDGE_FULL,0.01,PMC6592156:TEMPERATURE:41 °C:Rep3,0.8166666666666667,100.0
T238_OUTER_01,EDINBURGH_DS7545_HUMAN_PLASMA_NANOOMICS,SEQUENCE_RIDGE_FULL,0.01,PMC6592156:TEMPERATURE:47 °C:Rep1,0.8214285714285714,100.0
T238_OUTER_01,EDINBURGH_DS7545_HUMAN_PLASMA_NANOOMICS,SEQUENCE_RIDGE_FULL,0.01,PMC6592156:TEMPERATURE:47 °C:Rep2,0.8809523809523809,100.0
T238_OUTER_01,EDINBURGH_DS7545_HUMAN_PLASMA_NANOOMICS,SEQUENCE_RIDGE_FULL,0.01,PMC6592156:TEMPERATURE:47 °C:Rep3,0.8809523809523809,100.0
T238_OUTER_01,EDINBURGH_DS7545_HUMAN_PLASMA_NANOOMICS,SEQUENCE_RIDGE_FULL,0.01,PT_D1_16,0.6329621044272916,100.0
T238_OUTER_01,EDINBURGH_DS7545_HUMAN_PLASMA_NANOOMICS,SEQUENCE_RIDGE_FULL,0.01,PT_D1_18,0.8365019125713041,100.0
T238_OUTER_01,EDINBURGH_DS7545_HUMAN_PLASMA_NANOOMICS,SEQUENCE_RIDGE_FULL,0.01,PT_D1_20,0.44136741475237473,100.0
T238_OUTER_01,EDINBURGH_DS7545_HUMAN_PLASMA_NANOOMICS,SEQUENCE_RIDGE_FULL,0.01,PT_D1_23,0.6666736168667458,100.0
T238_OUTER_01,EDINBURGH_DS7545_HUMAN_PLASMA_NANOOMICS,SEQUENCE_RIDGE_FULL,0.01,PT_D1_33,0.587180674734059,100.0
T238_OUTER_01,EDINBURGH_DS7545_HUMAN_PLASMA_NANOOMICS,SEQUENCE_RIDGE_FULL,0.01,PT_D1_34,0.7807200583588266,100.0
T238_OUTER_01,EDINBURGH_DS7545_HUMAN_PLASMA_NANOOMICS,SEQUENCE_RIDGE_FULL,0.01,PT_D1_48,0.5908391567007971,100.0
T238_OUTER_01,EDINBURGH_DS7545_HUMAN_PLASMA_NANOOMICS,SEQUENCE_RIDGE_FULL,0.01,PT_D1_51,0.9082951062292475,100.0
T238_OUTER_01,EDINBURGH_DS7545_HUMAN_PLASMA_NANOOMICS,SEQUENCE_RIDGE_FULL,0.01,PT_D1_73,0.7289182663923712,100.0
T238_OUTER_01,EDINBURGH_DS7545_HUMAN_PLASMA_NANOOMICS,SEQUENCE_RIDGE_FULL,0.01,PT_D1_81,0.9323373174786144,100.0
T238_OUTER_01,EDINBURGH_DS7545_HUMAN_PLASMA_NANOOMICS,SEQUENCE_RIDGE_FULL,0.01,PT_D3_06,0.5460533760344655,100.0
T238_OUTER_01,EDINBURGH_DS7545_HUMAN_PLASMA_NANOOMICS,SEQUENCE_RIDGE_FULL,0.01,PT_D3_14,0.587180674734059,100.0
T238_OUTER_01,EDINBURGH_DS7545_HUMAN_PLASMA_NANOOMICS,SEQUENCE_RIDGE_FULL,0.01,PT_D3_22,0.7637626158259733,100.0
T238_OUTER_01,EDINBURGH_DS7545_HUMAN_PLASMA_NANOOMICS,SEQUENCE_RIDGE_FULL,0.01,PT_D3_28,0.6546536707079771,100.0
T238_OUTER_01,EDINBURGH_DS7545_HUMAN_PLASMA_NANOOMICS,SEQUENCE_RIDGE_FULL,0.01,PT_D3_30,0.7342360411356583,100.0
T238_OUTER_01,EDINBURGH_DS7545_HUMAN_PLASMA_NANOOMICS,SEQUENCE_RIDGE_FULL,0.01,PT_D3_37,0.9271050693011066,100.0
T238_OUTER_01,EDINBURGH_DS7545_HUMAN_PLASMA_NANOOMICS,SEQUENCE_RIDGE_FULL,0.01,PT_D3_41,0.7770628278831779,100.0
T238_OUTER_01,EDINBURGH_DS7545_HUMAN_PLASMA_NANOOMICS,SEQUENCE_RIDGE_FULL,0.01,PT_D3_42,0.6343350474165466,100.0
T238_OUTER_01,EDINBURGH_DS7545_HUMAN_PLASMA_NANOOMICS,SEQUENCE_RIDGE_FULL,0.01,PT_D3_85,0.9456108576893003,100.0
T238_OUTER_01,EDINBURGH_DS7545_HUMAN_PLASMA_NANOOMICS,SEQUENCE_RIDGE_FULL,0.01,PT_D3_96,0.9759000729485332,100.0
T238_OUTER_01,EDINBURGH_DS7545_HUMAN_PLASMA_NANOOMICS,SEQUENCE_RIDGE_FULL,0.01,R4_PXD060795_F1,0.55,100.0
T238_OUTER_01,EDINBURGH_DS7545_HUMAN_PLASMA_NANOOMICS,SEQUENCE_RIDGE_FULL,0.01,R4_PXD060795_F2,0.7619047619047619,100.0
T238_OUTER_01,EDINBURGH_DS7545_HUMAN_PLASMA_NANOOMICS,SEQUENCE_RIDGE_FULL,0.01,R4_PXD060795_F3,0.5714285714285714,100.0
T238_OUTER_01,EDINBURGH_DS7545_HUMAN_PLASMA_NANOOMICS,SEQUENCE_RIDGE_FULL,0.01,R4_PXD060795_F7,0.7380952380952381,100.0
T238_OUTER_01,EDINBURGH_DS7545_HUMAN_PLASMA_NANOOMICS,SEQUENCE_RIDGE_FULL,0.01,R4_PXD060795_F8,0.8214285714285714,100.0
T238_OUTER_01,EDINBURGH_DS7545_HUMAN_PLASMA_NANOOMICS,SEQUENCE_RIDGE_FULL,0.01,R4_PXD060795_F9,0.9285714285714286,100.0
T238_OUTER_01,EDINBURGH_DS7545_HUMAN_PLASMA_NANOOMICS,SEQUENCE_RIDGE_FULL,0.01,T_D1_133,0.7289182663923712,100.0
T238_OUTER_01,EDINBURGH_DS7545_HUMAN_PLASMA_NANOOMICS,SEQUENCE_RIDGE_FULL,0.01,T_D1_138,0.5357142857142857,100.0
T238_OUTER_01,EDINBURGH_DS7545_HUMAN_PLASMA_NANOOMICS,SEQUENCE_RIDGE_FULL,0.01,T_D1_165,0.9323373174786144,100.0
T238_OUTER_01,EDINBURGH_DS7545_HUMAN_PLASMA_NANOOMICS,SEQUENCE_RIDGE_FULL,0.01,T_D1_173,0.8439494725697222,100.0
T238_OUTER_01,EDINBURGH_DS7545_HUMAN_PLASMA_NANOOMICS,SEQUENCE_RIDGE_FULL,0.01,T_D1_186,0.7119666788018509,100.0
T238_OUTER_01,EDINBURGH_DS7545_HUMAN_PLASMA_NANOOMICS,SEQUENCE_RIDGE_FULL,0.01,T_D3_119a,0.847579379526013,100.0
T238_OUTER_01,EDINBURGH_DS7545_HUMAN_PLASMA_NANOOMICS,SEQUENCE_RIDGE_FULL,0.01,T_D3_119b,0.7987953376480265,100.0
T238_OUTER_01,EDINBURGH_DS7545_HUMAN_PLASMA_NANOOMICS,SEQUENCE_RIDGE_FULL,0.01,T_D3_155,0.6154574548966636,100.0
T238_OUTER_01,EDINBURGH_DS7545_HUMAN_PLASMA_NANOOMICS,SEQUENCE_RIDGE_FULL,0.01,T_D3_178,0.9759000729485332,100.0
T238_OUTER_01,EDINBURGH_DS7545_HUMAN_PLASMA_NANOOMICS,SEQUENCE_RIDGE_FULL,0.01,T_D3_198,0.7134013512656113,100.0
T238_OUTER_01,EDINBURGH_DS7545_HUMAN_PLASMA_NANOOMICS,SEQUENCE_RIDGE_FULL,0.01,__MEAN__,0.7781169015065168,100.0
T238_OUTER_01,EDINBURGH_DS7545_HUMAN_PLASMA_NANOOMICS,SEQUENCE_RIDGE_FULL,0.1,PMC6592156:PH:pH 4.9:Rep1,0.7714285714285715,100.0
T238_OUTER_01,EDINBURGH_DS7545_HUMAN_PLASMA_NANOOMICS,SEQUENCE_RIDGE_FULL,0.1,PMC6592156:PH:pH 4.9:Rep2,0.8928571428571429,100.0
T238_OUTER_01,EDINBURGH_DS7545_HUMAN_PLASMA_NANOOMICS,SEQUENCE_RIDGE_FULL,0.1,PMC6592156:PH:pH 4.9:Rep3,0.7857142857142857,100.0
T238_OUTER_01,EDINBURGH_DS7545_HUMAN_PLASMA_NANOOMICS,SEQUENCE_RIDGE_FULL,0.1,PMC6592156:PH:pH 6.1:Rep1,0.8095238095238095,100.0
T238_OUTER_01,EDINBURGH_DS7545_HUMAN_PLASMA_NANOOMICS,SEQUENCE_RIDGE_FULL,0.1,PMC6592156:PH:pH 6.1:Rep2,0.8166666666666667,100.0
T238_OUTER_01,EDINBURGH_DS7545_HUMAN_PLASMA_NANOOMICS,SEQUENCE_RIDGE_FULL,0.1,PMC6592156:PH:pH 6.1:Rep3,0.7857142857142857,100.0
T238_OUTER_01,EDINBURGH_DS7545_HUMAN_PLASMA_NANOOMICS,SEQUENCE_RIDGE_FULL,0.1,PMC6592156:PH:pH 6.8:Rep1,0.7333333333333333,100.0
T238_OUTER_01,EDINBURGH_DS7545_HUMAN_PLASMA_NANOOMICS,SEQUENCE_RIDGE_FULL,0.1,PMC6592156:PH:pH 6.8:Rep2,0.8666666666666667,100.0
T238_OUTER_01,EDINBURGH_DS7545_HUMAN_PLASMA_NANOOMICS,SEQUENCE_RIDGE_FULL,0.1,PMC6592156:PH:pH 6.8:Rep3,0.75,100.0
T238_OUTER_01,EDINBURGH_DS7545_HUMAN_PLASMA_NANOOMICS,SEQUENCE_RIDGE_FULL,0.1,PMC6592156:PH:pH 7.7:Rep1,0.9047619047619048,100.0
T238_OUTER_01,EDINBURGH_DS7545_HUMAN_PLASMA_NANOOMICS,SEQUENCE_RIDGE_FULL,0.1,PMC6592156:PH:pH 7.7:Rep2,0.7833333333333333,100.0
T238_OUTER_01,EDINBURGH_DS7545_HUMAN_PLASMA_NANOOMICS,SEQUENCE_RIDGE_FULL,0.1,PMC6592156:PH:pH 7.7:Rep3,0.7833333333333333,100.0
T238_OUTER_01,EDINBURGH_DS7545_HUMAN_PLASMA_NANOOMICS,SEQUENCE_RIDGE_FULL,0.1,PMC6592156:PH:pH 8.9:Rep1,0.75,100.0
T238_OUTER_01,EDINBURGH_DS7545_HUMAN_PLASMA_NANOOMICS,SEQUENCE_RIDGE_FULL,0.1,PMC6592156:PH:pH 8.9:Rep2,0.6666666666666666,100.0
T238_OUTER_01,EDINBURGH_DS7545_HUMAN_PLASMA_NANOOMICS,SEQUENCE_RIDGE_FULL,0.1,PMC6592156:PH:pH 8.9:Rep3,0.7333333333333333,100.0
T238_OUTER_01,EDINBURGH_DS7545_HUMAN_PLASMA_NANOOMICS,SEQUENCE_RIDGE_FULL,0.1,PMC6592156:TEMPERATURE:17 °C:Rep1,0.8809523809523809,100.0
T238_OUTER_01,EDINBURGH_DS7545_HUMAN_PLASMA_NANOOMICS,SEQUENCE_RIDGE_FULL,0.1,PMC6592156:TEMPERATURE:17 °C:Rep2,0.8571428571428571,100.0
T238_OUTER_01,EDINBURGH_DS7545_HUMAN_PLASMA_NANOOMICS,SEQUENCE_RIDGE_FULL,0.1,PMC6592156:TEMPERATURE:17 °C:Rep3,0.8214285714285714,100.0
T238_OUTER_01,EDINBURGH_DS7545_HUMAN_PLASMA_NANOOMICS,SEQUENCE_RIDGE_FULL,0.1,PMC6592156:TEMPERATURE:30 °C:Rep1,0.7142857142857143,100.0
T238_OUTER_01,EDINBURGH_DS7545_HUMAN_PLASMA_NANOOMICS,SEQUENCE_RIDGE_FULL,0.1,PMC6592156:TEMPERATURE:30 °C:Rep2,0.8571428571428571,100.0
T238_OUTER_01,EDINBURGH_DS7545_HUMAN_PLASMA_NANOOMICS,SEQUENCE_RIDGE_FULL,0.1,PMC6592156:TEMPERATURE:30 °C:Rep3,0.8666666666666667,100.0
T238_OUTER_01,EDINBURGH_DS7545_HUMAN_PLASMA_NANOOMICS,SEQUENCE_RIDGE_FULL,0.1,PMC6592156:TEMPERATURE:4 °C:Rep1,0.9166666666666666,100.0
T238_OUTER_01,EDINBURGH_DS7545_HUMAN_PLASMA_NANOOMICS,SEQUENCE_RIDGE_FULL,0.1,PMC6592156:TEMPERATURE:4 °C:Rep2,0.9166666666666666,100.0
T238_OUTER_01,EDINBURGH_DS7545_HUMAN_PLASMA_NANOOMICS,SEQUENCE_RIDGE_FULL,0.1,PMC6592156:TEMPERATURE:4 °C:Rep3,0.8809523809523809,100.0
T238_OUTER_01,EDINBURGH_DS7545_HUMAN_PLASMA_NANOOMICS,SEQUENCE_RIDGE_FULL,0.1,PMC6592156:TEMPERATURE:41 °C:Rep1,0.8,100.0
T238_OUTER_01,EDINBURGH_DS7545_HUMAN_PLASMA_NANOOMICS,SEQUENCE_RIDGE_FULL,0.1,PMC6592156:TEMPERATURE:41 °C:Rep2,0.8833333333333333,100.0
T238_OUTER_01,EDINBURGH_DS7545_HUMAN_PLASMA_NANOOMICS,SEQUENCE_RIDGE_FULL,0.1,PMC6592156:TEMPERATURE:41 °C:Rep3,0.8166666666666667,100.0
T238_OUTER_01,EDINBURGH_DS7545_HUMAN_PLASMA_NANOOMICS,SEQUENCE_RIDGE_FULL,0.1,PMC6592156:TEMPERATURE:47 °C:Rep1,0.8214285714285714,100.0
T238_OUTER_01,EDINBURGH_DS7545_HUMAN_PLASMA_NANOOMICS,SEQUENCE_RIDGE_FULL,0.1,PMC6592156:TEMPERATURE:47 °C:Rep2,0.8809523809523809,100.0
T238_OUTER_01,EDINBURGH_DS7545_HUMAN_PLASMA_NANOOMICS,SEQUENCE_RIDGE_FULL,0.1,PMC6592156:TEMPERATURE:47 °C:Rep3,0.8809523809523809,100.0
T238_OUTER_01,EDINBURGH_DS7545_HUMAN_PLASMA_NANOOMICS,SEQUENCE_RIDGE_FULL,0.1,PT_D1_16,0.6329621044272916,100.0
T238_OUTER_01,EDINBURGH_DS7545_HUMAN_PLASMA_NANOOMICS,SEQUENCE_RIDGE_FULL,0.1,PT_D1_18,0.8365019125713041,100.0
T238_OUTER_01,EDINBURGH_DS7545_HUMAN_PLASMA_NANOOMICS,SEQUENCE_RIDGE_FULL,0.1,PT_D1_20,0.47809144373375745,100.0
T238_OUTER_01,EDINBURGH_DS7545_HUMAN_PLASMA_NANOOMICS,SEQUENCE_RIDGE_FULL,0.1,PT_D1_23,0.6636311986530792,100.0
T238_OUTER_01,EDINBURGH_DS7545_HUMAN_PLASMA_NANOOMICS,SEQUENCE_RIDGE_FULL,0.1,PT_D1_33,0.5994136054576852,100.0
T238_OUTER_01,EDINBURGH_DS7545_HUMAN_PLASMA_NANOOMICS,SEQUENCE_RIDGE_FULL,0.1,PT_D1_34,0.7807200583588266,100.0
T238_OUTER_01,EDINBURGH_DS7545_HUMAN_PLASMA_NANOOMICS,SEQUENCE_RIDGE_FULL,0.1,PT_D1_48,0.5908391567007971,100.0
T238_OUTER_01,EDINBURGH_DS7545_HUMAN_PLASMA_NANOOMICS,SEQUENCE_RIDGE_FULL,0.1,PT_D1_51,0.9012089601485377,100.0
T238_OUTER_01,EDINBURGH_DS7545_HUMAN_PLASMA_NANOOMICS,SEQUENCE_RIDGE_FULL,0.1,PT_D1_73,0.7289182663923712,100.0
T238_OUTER_01,EDINBURGH_DS7545_HUMAN_PLASMA_NANOOMICS,SEQUENCE_RIDGE_FULL,0.1,PT_D1_81,0.9199049251009972,100.0
T238_OUTER_01,EDINBURGH_DS7545_HUMAN_PLASMA_NANOOMICS,SEQUENCE_RIDGE_FULL,0.1,PT_D3_06,0.538248951839554,100.0
T238_OUTER_01,EDINBURGH_DS7545_HUMAN_PLASMA_NANOOMICS,SEQUENCE_RIDGE_FULL,0.1,PT_D3_14,0.587180674734059,100.0
T238_OUTER_01,EDINBURGH_DS7545_HUMAN_PLASMA_NANOOMICS,SEQUENCE_RIDGE_FULL,0.1,PT_D3_22,0.7637626158259733,100.0
T238_OUTER_01,EDINBURGH_DS7545_HUMAN_PLASMA_NANOOMICS,SEQUENCE_RIDGE_FULL,0.1,PT_D3_28,0.6546536707079771,100.0
T238_OUTER_01,EDINBURGH_DS7545_HUMAN_PLASMA_NANOOMICS,SEQUENCE_RIDGE_FULL,0.1,PT_D3_30,0.7342360411356583,100.0
T238_OUTER_01,EDINBURGH_DS7545_HUMAN_PLASMA_NANOOMICS,SEQUENCE_RIDGE_FULL,0.1,PT_D3_37,0.9271050693011066,100.0
T238_OUTER_01,EDINBURGH_DS7545_HUMAN_PLASMA_NANOOMICS,SEQUENCE_RIDGE_FULL,0.1,PT_D3_41,0.7770628278831779,100.0
T238_OUTER_01,EDINBURGH_DS7545_HUMAN_PLASMA_NANOOMICS,SEQUENCE_RIDGE_FULL,0.1,PT_D3_42,0.6343350474165466,100.0
T238_OUTER_01,EDINBURGH_DS7545_HUMAN_PLASMA_NANOOMICS,SEQUENCE_RIDGE_FULL,0.1,PT_D3_85,0.9549937104572925,100.0
T238_OUTER_01,EDINBURGH_DS7545_HUMAN_PLASMA_NANOOMICS,SEQUENCE_RIDGE_FULL,0.1,PT_D3_96,0.9759000729485332,100.0
T238_OUTER_01,EDINBURGH_DS7545_HUMAN_PLASMA_NANOOMICS,SEQUENCE_RIDGE_FULL,0.1,R4_PXD060795_F1,0.55,100.0
T238_OUTER_01,EDINBURGH_DS7545_HUMAN_PLASMA_NANOOMICS,SEQUENCE_RIDGE_FULL,0.1,R4_PXD060795_F2,0.7619047619047619,100.0
T238_OUTER_01,EDINBURGH_DS7545_HUMAN_PLASMA_NANOOMICS,SEQUENCE_RIDGE_FULL,0.1,R4_PXD060795_F3,0.5714285714285714,100.0
T238_OUTER_01,EDINBURGH_DS7545_HUMAN_PLASMA_NANOOMICS,SEQUENCE_RIDGE_FULL,0.1,R4_PXD060795_F7,0.7380952380952381,100.0
T238_OUTER_01,EDINBURGH_DS7545_HUMAN_PLASMA_NANOOMICS,SEQUENCE_RIDGE_FULL,0.1,R4_PXD060795_F8,0.8214285714285714,100.0
T238_OUTER_01,EDINBURGH_DS7545_HUMAN_PLASMA_NANOOMICS,SEQUENCE_RIDGE_FULL,0.1,R4_PXD060795_F9,0.9285714285714286,100.0
T238_OUTER_01,EDINBURGH_DS7545_HUMAN_PLASMA_NANOOMICS,SEQUENCE_RIDGE_FULL,0.1,T_D1_133,0.7173570516842639,100.0
T238_OUTER_01,EDINBURGH_DS7545_HUMAN_PLASMA_NANOOMICS,SEQUENCE_RIDGE_FULL,0.1,T_D1_138,0.5690229011161231,100.0
T238_OUTER_01,EDINBURGH_DS7545_HUMAN_PLASMA_NANOOMICS,SEQUENCE_RIDGE_FULL,0.1,T_D1_165,0.9323373174786144,100.0
T238_OUTER_01,EDINBURGH_DS7545_HUMAN_PLASMA_NANOOMICS,SEQUENCE_RIDGE_FULL,0.1,T_D1_173,0.8439494725697222,100.0
T238_OUTER_01,EDINBURGH_DS7545_HUMAN_PLASMA_NANOOMICS,SEQUENCE_RIDGE_FULL,0.1,T_D1_186,0.7119666788018509,100.0
T238_OUTER_01,EDINBURGH_DS7545_HUMAN_PLASMA_NANOOMICS,SEQUENCE_RIDGE_FULL,0.1,T_D3_119a,0.847579379526013,100.0
T238_OUTER_01,EDINBURGH_DS7545_HUMAN_PLASMA_NANOOMICS,SEQUENCE_RIDGE_FULL,0.1,T_D3_119b,0.7951404970357049,100.0
T238_OUTER_01,EDINBURGH_DS7545_HUMAN_PLASMA_NANOOMICS,SEQUENCE_RIDGE_FULL,0.1,T_D3_155,0.6154574548966636,100.0
T238_OUTER_01,EDINBURGH_DS7545_HUMAN_PLASMA_NANOOMICS,SEQUENCE_RIDGE_FULL,0.1,T_D3_178,0.9759000729485332,100.0
T238_OUTER_01,EDINBURGH_DS7545_HUMAN_PLASMA_NANOOMICS,SEQUENCE_RIDGE_FULL,0.1,T_D3_198,0.7109618382379144,100.0
T238_OUTER_01,EDINBURGH_DS7545_HUMAN_PLASMA_NANOOMICS,SEQUENCE_RIDGE_FULL,0.1,__MEAN__,0.7787779239104534,100.0
T238_OUTER_01,EDINBURGH_DS7545_HUMAN_PLASMA_NANOOMICS,SEQUENCE_RIDGE_FULL,1.0,PMC6592156:PH:pH 4.9:Rep1,0.7714285714285715,100.0
T238_OUTER_01,EDINBURGH_DS7545_HUMAN_PLASMA_NANOOMICS,SEQUENCE_RIDGE_FULL,1.0,PMC6592156:PH:pH 4.9:Rep2,0.8928571428571429,100.0
T238_OUTER_01,EDINBURGH_DS7545_HUMAN_PLASMA_NANOOMICS,SEQUENCE_RIDGE_FULL,1.0,PMC6592156:PH:pH 4.9:Rep3,0.7857142857142857,100.0
T238_OUTER_01,EDINBURGH_DS7545_HUMAN_PLASMA_NANOOMICS,SEQUENCE_RIDGE_FULL,1.0,PMC6592156:PH:pH 6.1:Rep1,0.8095238095238095,100.0
T238_OUTER_01,EDINBURGH_DS7545_HUMAN_PLASMA_NANOOMICS,SEQUENCE_RIDGE_FULL,1.0,PMC6592156:PH:pH 6.1:Rep2,0.8166666666666667,100.0
T238_OUTER_01,EDINBURGH_DS7545_HUMAN_PLASMA_NANOOMICS,SEQUENCE_RIDGE_FULL,1.0,PMC6592156:PH:pH 6.1:Rep3,0.7857142857142857,100.0
T238_OUTER_01,EDINBURGH_DS7545_HUMAN_PLASMA_NANOOMICS,SEQUENCE_RIDGE_FULL,1.0,PMC6592156:PH:pH 6.8:Rep1,0.7333333333333333,100.0
T238_OUTER_01,EDINBURGH_DS7545_HUMAN_PLASMA_NANOOMICS,SEQUENCE_RIDGE_FULL,1.0,PMC6592156:PH:pH 6.8:Rep2,0.8666666666666667,100.0
T238_OUTER_01,EDINBURGH_DS7545_HUMAN_PLASMA_NANOOMICS,SEQUENCE_RIDGE_FULL,1.0,PMC6592156:PH:pH 6.8:Rep3,0.75,100.0
T238_OUTER_01,EDINBURGH_DS7545_HUMAN_PLASMA_NANOOMICS,SEQUENCE_RIDGE_FULL,1.0,PMC6592156:PH:pH 7.7:Rep1,0.9047619047619048,100.0
T238_OUTER_01,EDINBURGH_DS7545_HUMAN_PLASMA_NANOOMICS,SEQUENCE_RIDGE_FULL,1.0,PMC6592156:PH:pH 7.7:Rep2,0.7833333333333333,100.0
T238_OUTER_01,EDINBURGH_DS7545_HUMAN_PLASMA_NANOOMICS,SEQUENCE_RIDGE_FULL,1.0,PMC6592156:PH:pH 7.7:Rep3,0.7833333333333333,100.0
T238_OUTER_01,EDINBURGH_DS7545_HUMAN_PLASMA_NANOOMICS,SEQUENCE_RIDGE_FULL,1.0,PMC6592156:PH:pH 8.9:Rep1,0.75,100.0
T238_OUTER_01,EDINBURGH_DS7545_HUMAN_PLASMA_NANOOMICS,SEQUENCE_RIDGE_FULL,1.0,PMC6592156:PH:pH 8.9:Rep2,0.6666666666666666,100.0
T238_OUTER_01,EDINBURGH_DS7545_HUMAN_PLASMA_NANOOMICS,SEQUENCE_RIDGE_FULL,1.0,PMC6592156:PH:pH 8.9:Rep3,0.7333333333333333,100.0
T238_OUTER_01,EDINBURGH_DS7545_HUMAN_PLASMA_NANOOMICS,SEQUENCE_RIDGE_FULL,1.0,PMC6592156:TEMPERATURE:17 °C:Rep1,0.8809523809523809,100.0
T238_OUTER_01,EDINBURGH_DS7545_HUMAN_PLASMA_NANOOMICS,SEQUENCE_RIDGE_FULL,1.0,PMC6592156:TEMPERATURE:17 °C:Rep2,0.8571428571428571,100.0
T238_OUTER_01,EDINBURGH_DS7545_HUMAN_PLASMA_NANOOMICS,SEQUENCE_RIDGE_FULL,1.0,PMC6592156:TEMPERATURE:17 °C:Rep3,0.8214285714285714,100.0
T238_OUTER_01,EDINBURGH_DS7545_HUMAN_PLASMA_NANOOMICS,SEQUENCE_RIDGE_FULL,1.0,PMC6592156:TEMPERATURE:30 °C:Rep1,0.7857142857142857,100.0
T238_OUTER_01,EDINBURGH_DS7545_HUMAN_PLASMA_NANOOMICS,SEQUENCE_RIDGE_FULL,1.0,PMC6592156:TEMPERATURE:30 °C:Rep2,0.8571428571428571,100.0
T238_OUTER_01,EDINBURGH_DS7545_HUMAN_PLASMA_NANOOMICS,SEQUENCE_RIDGE_FULL,1.0,PMC6592156:TEMPERATURE:30 °C:Rep3,0.8666666666666667,100.0
T238_OUTER_01,EDINBURGH_DS7545_HUMAN_PLASMA_NANOOMICS,SEQUENCE_RIDGE_FULL,1.0,PMC6592156:TEMPERATURE:4 °C:Rep1,0.9166666666666666,100.0
T238_OUTER_01,EDINBURGH_DS7545_HUMAN_PLASMA_NANOOMICS,SEQUENCE_RIDGE_FULL,1.0,PMC6592156:TEMPERATURE:4 °C:Rep2,0.9166666666666666,100.0
T238_OUTER_01,EDINBURGH_DS7545_HUMAN_PLASMA_NANOOMICS,SEQUENCE_RIDGE_FULL,1.0,PMC6592156:TEMPERATURE:4 °C:Rep3,0.8809523809523809,100.0
T238_OUTER_01,EDINBURGH_DS7545_HUMAN_PLASMA_NANOOMICS,SEQUENCE_RIDGE_FULL,1.0,PMC6592156:TEMPERATURE:41 °C:Rep1,0.8,100.0
T238_OUTER_01,EDINBURGH_DS7545_HUMAN_PLASMA_NANOOMICS,SEQUENCE_RIDGE_FULL,1.0,PMC6592156:TEMPERATURE:41 °C:Rep2,0.8833333333333333,100.0
T238_OUTER_01,EDINBURGH_DS7545_HUMAN_PLASMA_NANOOMICS,SEQUENCE_RIDGE_FULL,1.0,PMC6592156:TEMPERATURE:41 °C:Rep3,0.8166666666666667,100.0
T238_OUTER_01,EDINBURGH_DS7545_HUMAN_PLASMA_NANOOMICS,SEQUENCE_RIDGE_FULL,1.0,PMC6592156:TEMPERATURE:47 °C:Rep1,0.8214285714285714,100.0
T238_OUTER_01,EDINBURGH_DS7545_HUMAN_PLASMA_NANOOMICS,SEQUENCE_RIDGE_FULL,1.0,PMC6592156:TEMPERATURE:47 °C:Rep2,0.8809523809523809,100.0
T238_OUTER_01,EDINBURGH_DS7545_HUMAN_PLASMA_NANOOMICS,SEQUENCE_RIDGE_FULL,1.0,PMC6592156:TEMPERATURE:47 °C:Rep3,0.8809523809523809,100.0
T238_OUTER_01,EDINBURGH_DS7545_HUMAN_PLASMA_NANOOMICS,SEQUENCE_RIDGE_FULL,1.0,PT_D1_16,0.6329621044272916,100.0
T238_OUTER_01,EDINBURGH_DS7545_HUMAN_PLASMA_NANOOMICS,SEQUENCE_RIDGE_FULL,1.0,PT_D1_18,0.8365019125713041,100.0
T238_OUTER_01,EDINBURGH_DS7545_HUMAN_PLASMA_NANOOMICS,SEQUENCE_RIDGE_FULL,1.0,PT_D1_20,0.5217939320872036,100.0
T238_OUTER_01,EDINBURGH_DS7545_HUMAN_PLASMA_NANOOMICS,SEQUENCE_RIDGE_FULL,1.0,PT_D1_23,0.7156264473321343,100.0
T238_OUTER_01,EDINBURGH_DS7545_HUMAN_PLASMA_NANOOMICS,SEQUENCE_RIDGE_FULL,1.0,PT_D1_33,0.587180674734059,100.0
T238_OUTER_01,EDINBURGH_DS7545_HUMAN_PLASMA_NANOOMICS,SEQUENCE_RIDGE_FULL,1.0,PT_D1_34,0.7807200583588266,100.0
T238_OUTER_01,EDINBURGH_DS7545_HUMAN_PLASMA_NANOOMICS,SEQUENCE_RIDGE_FULL,1.0,PT_D1_48,0.5908391567007971,100.0
T238_OUTER_01,EDINBURGH_DS7545_HUMAN_PLASMA_NANOOMICS,SEQUENCE_RIDGE_FULL,1.0,PT_D1_51,0.9012089601485377,100.0
T238_OUTER_01,EDINBURGH_DS7545_HUMAN_PLASMA_NANOOMICS,SEQUENCE_RIDGE_FULL,1.0,PT_D1_73,0.7289182663923712,100.0
T238_OUTER_01,EDINBURGH_DS7545_HUMAN_PLASMA_NANOOMICS,SEQUENCE_RIDGE_FULL,1.0,PT_D1_81,0.9323373174786144,100.0
T238_OUTER_01,EDINBURGH_DS7545_HUMAN_PLASMA_NANOOMICS,SEQUENCE_RIDGE_FULL,1.0,PT_D3_06,0.5504818825631803,100.0
T238_OUTER_01,EDINBURGH_DS7545_HUMAN_PLASMA_NANOOMICS,SEQUENCE_RIDGE_FULL,1.0,PT_D3_14,0.587180674734059,100.0
T238_OUTER_01,EDINBURGH_DS7545_HUMAN_PLASMA_NANOOMICS,SEQUENCE_RIDGE_FULL,1.0,PT_D3_22,0.7637626158259733,100.0
T238_OUTER_01,EDINBURGH_DS7545_HUMAN_PLASMA_NANOOMICS,SEQUENCE_RIDGE_FULL,1.0,PT_D3_28,0.6546536707079771,100.0
T238_OUTER_01,EDINBURGH_DS7545_HUMAN_PLASMA_NANOOMICS,SEQUENCE_RIDGE_FULL,1.0,PT_D3_30,0.7227145938617754,100.0
T238_OUTER_01,EDINBURGH_DS7545_HUMAN_PLASMA_NANOOMICS,SEQUENCE_RIDGE_FULL,1.0,PT_D3_37,0.9271050693011066,100.0
T238_OUTER_01,EDINBURGH_DS7545_HUMAN_PLASMA_NANOOMICS,SEQUENCE_RIDGE_FULL,1.0,PT_D3_41,0.7770628278831779,100.0
T238_OUTER_01,EDINBURGH_DS7545_HUMAN_PLASMA_NANOOMICS,SEQUENCE_RIDGE_FULL,1.0,PT_D3_42,0.6343350474165466,100.0
T238_OUTER_01,EDINBURGH_DS7545_HUMAN_PLASMA_NANOOMICS,SEQUENCE_RIDGE_FULL,1.0,PT_D3_85,0.9177788727679405,100.0
T238_OUTER_01,EDINBURGH_DS7545_HUMAN_PLASMA_NANOOMICS,SEQUENCE_RIDGE_FULL,1.0,PT_D3_96,0.9759000729485332,100.0
T238_OUTER_01,EDINBURGH_DS7545_HUMAN_PLASMA_NANOOMICS,SEQUENCE_RIDGE_FULL,1.0,R4_PXD060795_F1,0.55,100.0
T238_OUTER_01,EDINBURGH_DS7545_HUMAN_PLASMA_NANOOMICS,SEQUENCE_RIDGE_FULL,1.0,R4_PXD060795_F2,0.7619047619047619,100.0
T238_OUTER_01,EDINBURGH_DS7545_HUMAN_PLASMA_NANOOMICS,SEQUENCE_RIDGE_FULL,1.0,R4_PXD060795_F3,0.5714285714285714,100.0
T238_OUTER_01,EDINBURGH_DS7545_HUMAN_PLASMA_NANOOMICS,SEQUENCE_RIDGE_FULL,1.0,R4_PXD060795_F7,0.7380952380952381,100.0
T238_OUTER_01,EDINBURGH_DS7545_HUMAN_PLASMA_NANOOMICS,SEQUENCE_RIDGE_FULL,1.0,R4_PXD060795_F8,0.8214285714285714,100.0
T238_OUTER_01,EDINBURGH_DS7545_HUMAN_PLASMA_NANOOMICS,SEQUENCE_RIDGE_FULL,1.0,R4_PXD060795_F9,0.9285714285714286,100.0
T238_OUTER_01,EDINBURGH_DS7545_HUMAN_PLASMA_NANOOMICS,SEQUENCE_RIDGE_FULL,1.0,T_D1_133,0.7289182663923712,100.0
T238_OUTER_01,EDINBURGH_DS7545_HUMAN_PLASMA_NANOOMICS,SEQUENCE_RIDGE_FULL,1.0,T_D1_138,0.5819143739626463,100.0
T238_OUTER_01,EDINBURGH_DS7545_HUMAN_PLASMA_NANOOMICS,SEQUENCE_RIDGE_FULL,1.0,T_D1_165,0.9199049251009972,100.0
T238_OUTER_01,EDINBURGH_DS7545_HUMAN_PLASMA_NANOOMICS,SEQUENCE_RIDGE_FULL,1.0,T_D1_173,0.8306277919354927,100.0
T238_OUTER_01,EDINBURGH_DS7545_HUMAN_PLASMA_NANOOMICS,SEQUENCE_RIDGE_FULL,1.0,T_D1_186,0.7119666788018509,100.0
T238_OUTER_01,EDINBURGH_DS7545_HUMAN_PLASMA_NANOOMICS,SEQUENCE_RIDGE_FULL,1.0,T_D3_119a,0.847579379526013,100.0
T238_OUTER_01,EDINBURGH_DS7545_HUMAN_PLASMA_NANOOMICS,SEQUENCE_RIDGE_FULL,1.0,T_D3_119b,0.8073734277593311,100.0
T238_OUTER_01,EDINBURGH_DS7545_HUMAN_PLASMA_NANOOMICS,SEQUENCE_RIDGE_FULL,1.0,T_D3_155,0.6154574548966636,100.0
T238_OUTER_01,EDINBURGH_DS7545_HUMAN_PLASMA_NANOOMICS,SEQUENCE_RIDGE_FULL,1.0,T_D3_178,0.9759000729485332,100.0
T238_OUTER_01,EDINBURGH_DS7545_HUMAN_PLASMA_NANOOMICS,SEQUENCE_RIDGE_FULL,1.0,T_D3_198,0.7031460832674918,100.0
T238_OUTER_01,EDINBURGH_DS7545_HUMAN_PLASMA_NANOOMICS,SEQUENCE_RIDGE_FULL,1.0,__MEAN__,0.7808072906706269,100.0
T238_OUTER_01,EDINBURGH_DS7545_HUMAN_PLASMA_NANOOMICS,SEQUENCE_RIDGE_FULL,10.0,PMC6592156:PH:pH 4.9:Rep1,0.8285714285714286,100.0
T238_OUTER_01,EDINBURGH_DS7545_HUMAN_PLASMA_NANOOMICS,SEQUENCE_RIDGE_FULL,10.0,PMC6592156:PH:pH 4.9:Rep2,0.9285714285714286,100.0
T238_OUTER_01,EDINBURGH_DS7545_HUMAN_PLASMA_NANOOMICS,SEQUENCE_RIDGE_FULL,10.0,PMC6592156:PH:pH 4.9:Rep3,0.8214285714285714,100.0
T238_OUTER_01,EDINBURGH_DS7545_HUMAN_PLASMA_NANOOMICS,SEQUENCE_RIDGE_FULL,10.0,PMC6592156:PH:pH 6.1:Rep1,0.8571428571428571,100.0
T238_OUTER_01,EDINBURGH_DS7545_HUMAN_PLASMA_NANOOMICS,SEQUENCE_RIDGE_FULL,10.0,PMC6592156:PH:pH 6.1:Rep2,0.7833333333333333,100.0
T238_OUTER_01,EDINBURGH_DS7545_HUMAN_PLASMA_NANOOMICS,SEQUENCE_RIDGE_FULL,10.0,PMC6592156:PH:pH 6.1:Rep3,0.7857142857142857,100.0
T238_OUTER_01,EDINBURGH_DS7545_HUMAN_PLASMA_NANOOMICS,SEQUENCE_RIDGE_FULL,10.0,PMC6592156:PH:pH 6.8:Rep1,0.75,100.0
T238_OUTER_01,EDINBURGH_DS7545_HUMAN_PLASMA_NANOOMICS,SEQUENCE_RIDGE_FULL,10.0,PMC6592156:PH:pH 6.8:Rep2,0.8166666666666667,100.0
T238_OUTER_01,EDINBURGH_DS7545_HUMAN_PLASMA_NANOOMICS,SEQUENCE_RIDGE_FULL,10.0,PMC6592156:PH:pH 6.8:Rep3,0.7833333333333333,100.0
T238_OUTER_01,EDINBURGH_DS7545_HUMAN_PLASMA_NANOOMICS,SEQUENCE_RIDGE_FULL,10.0,PMC6592156:PH:pH 7.7:Rep1,0.9285714285714286,100.0
T238_OUTER_01,EDINBURGH_DS7545_HUMAN_PLASMA_NANOOMICS,SEQUENCE_RIDGE_FULL,10.0,PMC6592156:PH:pH 7.7:Rep2,0.7833333333333333,100.0
T238_OUTER_01,EDINBURGH_DS7545_HUMAN_PLASMA_NANOOMICS,SEQUENCE_RIDGE_FULL,10.0,PMC6592156:PH:pH 7.7:Rep3,0.7833333333333333,100.0
T238_OUTER_01,EDINBURGH_DS7545_HUMAN_PLASMA_NANOOMICS,SEQUENCE_RIDGE_FULL,10.0,PMC6592156:PH:pH 8.9:Rep1,0.7666666666666667,100.0
T238_OUTER_01,EDINBURGH_DS7545_HUMAN_PLASMA_NANOOMICS,SEQUENCE_RIDGE_FULL,10.0,PMC6592156:PH:pH 8.9:Rep2,0.6904761904761905,100.0
T238_OUTER_01,EDINBURGH_DS7545_HUMAN_PLASMA_NANOOMICS,SEQUENCE_RIDGE_FULL,10.0,PMC6592156:PH:pH 8.9:Rep3,0.75,100.0
T238_OUTER_01,EDINBURGH_DS7545_HUMAN_PLASMA_NANOOMICS,SEQUENCE_RIDGE_FULL,10.0,PMC6592156:TEMPERATURE:17 °C:Rep1,0.9047619047619048,100.0
T238_OUTER_01,EDINBURGH_DS7545_HUMAN_PLASMA_NANOOMICS,SEQUENCE_RIDGE_FULL,10.0,PMC6592156:TEMPERATURE:17 °C:Rep2,0.8571428571428571,100.0
T238_OUTER_01,EDINBURGH_DS7545_HUMAN_PLASMA_NANOOMICS,SEQUENCE_RIDGE_FULL,10.0,PMC6592156:TEMPERATURE:17 °C:Rep3,0.8214285714285714,100.0
T238_OUTER_01,EDINBURGH_DS7545_HUMAN_PLASMA_NANOOMICS,SEQUENCE_RIDGE_FULL,10.0,PMC6592156:TEMPERATURE:30 °C:Rep1,0.8095238095238095,100.0
T238_OUTER_01,EDINBURGH_DS7545_HUMAN_PLASMA_NANOOMICS,SEQUENCE_RIDGE_FULL,10.0,PMC6592156:TEMPERATURE:30 °C:Rep2,0.9285714285714286,100.0
T238_OUTER_01,EDINBURGH_DS7545_HUMAN_PLASMA_NANOOMICS,SEQUENCE_RIDGE_FULL,10.0,PMC6592156:TEMPERATURE:30 °C:Rep3,0.8833333333333333,100.0
T238_OUTER_01,EDINBURGH_DS7545_HUMAN_PLASMA_NANOOMICS,SEQUENCE_RIDGE_FULL,10.0,PMC6592156:TEMPERATURE:4 °C:Rep1,0.9166666666666666,100.0
T238_OUTER_01,EDINBURGH_DS7545_HUMAN_PLASMA_NANOOMICS,SEQUENCE_RIDGE_FULL,10.0,PMC6592156:TEMPERATURE:4 °C:Rep2,0.9166666666666666,100.0
T238_OUTER_01,EDINBURGH_DS7545_HUMAN_PLASMA_NANOOMICS,SEQUENCE_RIDGE_FULL,10.0,PMC6592156:TEMPERATURE:4 °C:Rep3,0.8095238095238095,100.0
T238_OUTER_01,EDINBURGH_DS7545_HUMAN_PLASMA_NANOOMICS,SEQUENCE_RIDGE_FULL,10.0,PMC6592156:TEMPERATURE:41 °C:Rep1,0.8166666666666667,100.0
T238_OUTER_01,EDINBURGH_DS7545_HUMAN_PLASMA_NANOOMICS,SEQUENCE_RIDGE_FULL,10.0,PMC6592156:TEMPERATURE:41 °C:Rep2,0.9,100.0
T238_OUTER_01,EDINBURGH_DS7545_HUMAN_PLASMA_NANOOMICS,SEQUENCE_RIDGE_FULL,10.0,PMC6592156:TEMPERATURE:41 °C:Rep3,0.8333333333333334,100.0
T238_OUTER_01,EDINBURGH_DS7545_HUMAN_PLASMA_NANOOMICS,SEQUENCE_RIDGE_FULL,10.0,PMC6592156:TEMPERATURE:47 °C:Rep1,0.8928571428571429,100.0
T238_OUTER_01,EDINBURGH_DS7545_HUMAN_PLASMA_NANOOMICS,SEQUENCE_RIDGE_FULL,10.0,PMC6592156:TEMPERATURE:47 °C:Rep2,0.9285714285714286,100.0
T238_OUTER_01,EDINBURGH_DS7545_HUMAN_PLASMA_NANOOMICS,SEQUENCE_RIDGE_FULL,10.0,PMC6592156:TEMPERATURE:47 °C:Rep3,0.9285714285714286,100.0
T238_OUTER_01,EDINBURGH_DS7545_HUMAN_PLASMA_NANOOMICS,SEQUENCE_RIDGE_FULL,10.0,PT_D1_16,0.6329621044272916,100.0
T238_OUTER_01,EDINBURGH_DS7545_HUMAN_PLASMA_NANOOMICS,SEQUENCE_RIDGE_FULL,10.0,PT_D1_18,0.5697911578384245,100.0
T238_OUTER_01,EDINBURGH_DS7545_HUMAN_PLASMA_NANOOMICS,SEQUENCE_RIDGE_FULL,10.0,PT_D1_20,0.4058397249567139,100.0
T238_OUTER_01,EDINBURGH_DS7545_HUMAN_PLASMA_NANOOMICS,SEQUENCE_RIDGE_FULL,10.0,PT_D1_23,0.6210110403690234,100.0
T238_OUTER_01,EDINBURGH_DS7545_HUMAN_PLASMA_NANOOMICS,SEQUENCE_RIDGE_FULL,10.0,PT_D1_33,0.5460533760344655,100.0
T238_OUTER_01,EDINBURGH_DS7545_HUMAN_PLASMA_NANOOMICS,SEQUENCE_RIDGE_FULL,10.0,PT_D1_34,0.5855400437691199,100.0
T238_OUTER_01,EDINBURGH_DS7545_HUMAN_PLASMA_NANOOMICS,SEQUENCE_RIDGE_FULL,10.0,PT_D1_48,0.4923659639173309,100.0
T238_OUTER_01,EDINBURGH_DS7545_HUMAN_PLASMA_NANOOMICS,SEQUENCE_RIDGE_FULL,10.0,PT_D1_51,0.8348975218874901,100.0
T238_OUTER_01,EDINBURGH_DS7545_HUMAN_PLASMA_NANOOMICS,SEQUENCE_RIDGE_FULL,10.0,PT_D1_73,0.5933055656682091,100.0
T238_OUTER_01,EDINBURGH_DS7545_HUMAN_PLASMA_NANOOMICS,SEQUENCE_RIDGE_FULL,10.0,PT_D1_81,0.7967246167544523,100.0
T238_OUTER_01,EDINBURGH_DS7545_HUMAN_PLASMA_NANOOMICS,SEQUENCE_RIDGE_FULL,10.0,PT_D3_06,0.5504818825631803,100.0
T238_OUTER_01,EDINBURGH_DS7545_HUMAN_PLASMA_NANOOMICS,SEQUENCE_RIDGE_FULL,10.0,PT_D3_14,0.5015501596686753,100.0
T238_OUTER_01,EDINBURGH_DS7545_HUMAN_PLASMA_NANOOMICS,SEQUENCE_RIDGE_FULL,10.0,PT_D3_22,0.5697911578384245,100.0
T238_OUTER_01,EDINBURGH_DS7545_HUMAN_PLASMA_NANOOMICS,SEQUENCE_RIDGE_FULL,10.0,PT_D3_28,0.6306562238868912,100.0
T238_OUTER_01,EDINBURGH_DS7545_HUMAN_PLASMA_NANOOMICS,SEQUENCE_RIDGE_FULL,10.0,PT_D3_30,0.6667200833300805,100.0
T238_OUTER_01,EDINBURGH_DS7545_HUMAN_PLASMA_NANOOMICS,SEQUENCE_RIDGE_FULL,10.0,PT_D3_37,0.7319250547113999,100.0
T238_OUTER_01,EDINBURGH_DS7545_HUMAN_PLASMA_NANOOMICS,SEQUENCE_RIDGE_FULL,10.0,PT_D3_41,0.7034947495037054,100.0
T238_OUTER_01,EDINBURGH_DS7545_HUMAN_PLASMA_NANOOMICS,SEQUENCE_RIDGE_FULL,10.0,PT_D3_42,0.6343350474165466,100.0
T238_OUTER_01,EDINBURGH_DS7545_HUMAN_PLASMA_NANOOMICS,SEQUENCE_RIDGE_FULL,10.0,PT_D3_85,0.5819143739626463,100.0
T238_OUTER_01,EDINBURGH_DS7545_HUMAN_PLASMA_NANOOMICS,SEQUENCE_RIDGE_FULL,10.0,PT_D3_96,0.7807200583588266,100.0
T238_OUTER_01,EDINBURGH_DS7545_HUMAN_PLASMA_NANOOMICS,SEQUENCE_RIDGE_FULL,10.0,R4_PXD060795_F1,0.6333333333333333,100.0
T238_OUTER_01,EDINBURGH_DS7545_HUMAN_PLASMA_NANOOMICS,SEQUENCE_RIDGE_FULL,10.0,R4_PXD060795_F2,0.7857142857142857,100.0
T238_OUTER_01,EDINBURGH_DS7545_HUMAN_PLASMA_NANOOMICS,SEQUENCE_RIDGE_FULL,10.0,R4_PXD060795_F3,0.5952380952380952,100.0
T238_OUTER_01,EDINBURGH_DS7545_HUMAN_PLASMA_NANOOMICS,SEQUENCE_RIDGE_FULL,10.0,R4_PXD060795_F7,0.7142857142857143,100.0
T238_OUTER_01,EDINBURGH_DS7545_HUMAN_PLASMA_NANOOMICS,SEQUENCE_RIDGE_FULL,10.0,R4_PXD060795_F8,0.7857142857142857,100.0
T238_OUTER_01,EDINBURGH_DS7545_HUMAN_PLASMA_NANOOMICS,SEQUENCE_RIDGE_FULL,10.0,R4_PXD060795_F9,0.9285714285714286,100.0
T238_OUTER_01,EDINBURGH_DS7545_HUMAN_PLASMA_NANOOMICS,SEQUENCE_RIDGE_FULL,10.0,T_D1_133,0.5933055656682091,100.0
T238_OUTER_01,EDINBURGH_DS7545_HUMAN_PLASMA_NANOOMICS,SEQUENCE_RIDGE_FULL,10.0,T_D1_138,0.5225437283634242,100.0
T238_OUTER_01,EDINBURGH_DS7545_HUMAN_PLASMA_NANOOMICS,SEQUENCE_RIDGE_FULL,10.0,T_D1_165,0.7967246167544523,100.0
T238_OUTER_01,EDINBURGH_DS7545_HUMAN_PLASMA_NANOOMICS,SEQUENCE_RIDGE_FULL,10.0,T_D1_173,0.8306277919354927,100.0
T238_OUTER_01,EDINBURGH_DS7545_HUMAN_PLASMA_NANOOMICS,SEQUENCE_RIDGE_FULL,10.0,T_D1_186,0.7119666788018509,100.0
T238_OUTER_01,EDINBURGH_DS7545_HUMAN_PLASMA_NANOOMICS,SEQUENCE_RIDGE_FULL,10.0,T_D3_119a,0.7004780622328695,100.0
T238_OUTER_01,EDINBURGH_DS7545_HUMAN_PLASMA_NANOOMICS,SEQUENCE_RIDGE_FULL,10.0,T_D3_119b,0.7055745870108262,100.0
T238_OUTER_01,EDINBURGH_DS7545_HUMAN_PLASMA_NANOOMICS,SEQUENCE_RIDGE_FULL,10.0,T_D3_155,0.5169842621131975,100.0
T238_OUTER_01,EDINBURGH_DS7545_HUMAN_PLASMA_NANOOMICS,SEQUENCE_RIDGE_FULL,10.0,T_D3_178,0.7807200583588266,100.0
T238_OUTER_01,EDINBURGH_DS7545_HUMAN_PLASMA_NANOOMICS,SEQUENCE_RIDGE_FULL,10.0,T_D3_198,0.6313964829340742,100.0
T238_OUTER_01,EDINBURGH_DS7545_HUMAN_PLASMA_NANOOMICS,SEQUENCE_RIDGE_FULL,10.0,__MEAN__,0.7404245574038661,100.0
T238_OUTER_01,EDINBURGH_DS7545_HUMAN_PLASMA_NANOOMICS,SEQUENCE_RIDGE_FULL,100.0,PMC6592156:PH:pH 4.9:Rep1,0.9428571428571428,100.0
T238_OUTER_01,EDINBURGH_DS7545_HUMAN_PLASMA_NANOOMICS,SEQUENCE_RIDGE_FULL,100.0,PMC6592156:PH:pH 4.9:Rep2,0.9642857142857143,100.0
T238_OUTER_01,EDINBURGH_DS7545_HUMAN_PLASMA_NANOOMICS,SEQUENCE_RIDGE_FULL,100.0,PMC6592156:PH:pH 4.9:Rep3,0.8571428571428571,100.0
T238_OUTER_01,EDINBURGH_DS7545_HUMAN_PLASMA_NANOOMICS,SEQUENCE_RIDGE_FULL,100.0,PMC6592156:PH:pH 6.1:Rep1,0.8095238095238095,100.0
T238_OUTER_01,EDINBURGH_DS7545_HUMAN_PLASMA_NANOOMICS,SEQUENCE_RIDGE_FULL,100.0,PMC6592156:PH:pH 6.1:Rep2,0.7666666666666667,100.0
T238_OUTER_01,EDINBURGH_DS7545_HUMAN_PLASMA_NANOOMICS,SEQUENCE_RIDGE_FULL,100.0,PMC6592156:PH:pH 6.1:Rep3,0.8571428571428571,100.0
T238_OUTER_01,EDINBURGH_DS7545_HUMAN_PLASMA_NANOOMICS,SEQUENCE_RIDGE_FULL,100.0,PMC6592156:PH:pH 6.8:Rep1,0.7833333333333333,100.0
T238_OUTER_01,EDINBURGH_DS7545_HUMAN_PLASMA_NANOOMICS,SEQUENCE_RIDGE_FULL,100.0,PMC6592156:PH:pH 6.8:Rep2,0.7833333333333333,100.0
T238_OUTER_01,EDINBURGH_DS7545_HUMAN_PLASMA_NANOOMICS,SEQUENCE_RIDGE_FULL,100.0,PMC6592156:PH:pH 6.8:Rep3,0.7,100.0
T238_OUTER_01,EDINBURGH_DS7545_HUMAN_PLASMA_NANOOMICS,SEQUENCE_RIDGE_FULL,100.0,PMC6592156:PH:pH 7.7:Rep1,0.9047619047619048,100.0
T238_OUTER_01,EDINBURGH_DS7545_HUMAN_PLASMA_NANOOMICS,SEQUENCE_RIDGE_FULL,100.0,PMC6592156:PH:pH 7.7:Rep2,0.75,100.0
T238_OUTER_01,EDINBURGH_DS7545_HUMAN_PLASMA_NANOOMICS,SEQUENCE_RIDGE_FULL,100.0,PMC6592156:PH:pH 7.7:Rep3,0.75,100.0
T238_OUTER_01,EDINBURGH_DS7545_HUMAN_PLASMA_NANOOMICS,SEQUENCE_RIDGE_FULL,100.0,PMC6592156:PH:pH 8.9:Rep1,0.7833333333333333,100.0
T238_OUTER_01,EDINBURGH_DS7545_HUMAN_PLASMA_NANOOMICS,SEQUENCE_RIDGE_FULL,100.0,PMC6592156:PH:pH 8.9:Rep2,0.7857142857142857,100.0
T238_OUTER_01,EDINBURGH_DS7545_HUMAN_PLASMA_NANOOMICS,SEQUENCE_RIDGE_FULL,100.0,PMC6592156:PH:pH 8.9:Rep3,0.7833333333333333,100.0
T238_OUTER_01,EDINBURGH_DS7545_HUMAN_PLASMA_NANOOMICS,SEQUENCE_RIDGE_FULL,100.0,PMC6592156:TEMPERATURE:17 °C:Rep1,0.7380952380952381,100.0
T238_OUTER_01,EDINBURGH_DS7545_HUMAN_PLASMA_NANOOMICS,SEQUENCE_RIDGE_FULL,100.0,PMC6592156:TEMPERATURE:17 °C:Rep2,0.7857142857142857,100.0
T238_OUTER_01,EDINBURGH_DS7545_HUMAN_PLASMA_NANOOMICS,SEQUENCE_RIDGE_FULL,100.0,PMC6592156:TEMPERATURE:17 °C:Rep3,0.7857142857142857,100.0
T238_OUTER_01,EDINBURGH_DS7545_HUMAN_PLASMA_NANOOMICS,SEQUENCE_RIDGE_FULL,100.0,PMC6592156:TEMPERATURE:30 °C:Rep1,0.8095238095238095,100.0
T238_OUTER_01,EDINBURGH_DS7545_HUMAN_PLASMA_NANOOMICS,SEQUENCE_RIDGE_FULL,100.0,PMC6592156:TEMPERATURE:30 °C:Rep2,0.8571428571428571,100.0
T238_OUTER_01,EDINBURGH_DS7545_HUMAN_PLASMA_NANOOMICS,SEQUENCE_RIDGE_FULL,100.0,PMC6592156:TEMPERATURE:30 °C:Rep3,0.8833333333333333,100.0
T238_OUTER_01,EDINBURGH_DS7545_HUMAN_PLASMA_NANOOMICS,SEQUENCE_RIDGE_FULL,100.0,PMC6592156:TEMPERATURE:4 °C:Rep1,0.85,100.0
T238_OUTER_01,EDINBURGH_DS7545_HUMAN_PLASMA_NANOOMICS,SEQUENCE_RIDGE_FULL,100.0,PMC6592156:TEMPERATURE:4 °C:Rep2,0.85,100.0
T238_OUTER_01,EDINBURGH_DS7545_HUMAN_PLASMA_NANOOMICS,SEQUENCE_RIDGE_FULL,100.0,PMC6592156:TEMPERATURE:4 °C:Rep3,0.7857142857142857,100.0
T238_OUTER_01,EDINBURGH_DS7545_HUMAN_PLASMA_NANOOMICS,SEQUENCE_RIDGE_FULL,100.0,PMC6592156:TEMPERATURE:41 °C:Rep1,0.7333333333333333,100.0
T238_OUTER_01,EDINBURGH_DS7545_HUMAN_PLASMA_NANOOMICS,SEQUENCE_RIDGE_FULL,100.0,PMC6592156:TEMPERATURE:41 °C:Rep2,0.85,100.0
T238_OUTER_01,EDINBURGH_DS7545_HUMAN_PLASMA_NANOOMICS,SEQUENCE_RIDGE_FULL,100.0,PMC6592156:TEMPERATURE:41 °C:Rep3,0.7833333333333333,100.0
T238_OUTER_01,EDINBURGH_DS7545_HUMAN_PLASMA_NANOOMICS,SEQUENCE_RIDGE_FULL,100.0,PMC6592156:TEMPERATURE:47 °C:Rep1,0.9285714285714286,100.0
T238_OUTER_01,EDINBURGH_DS7545_HUMAN_PLASMA_NANOOMICS,SEQUENCE_RIDGE_FULL,100.0,PMC6592156:TEMPERATURE:47 °C:Rep2,0.9523809523809523,100.0
T238_OUTER_01,EDINBURGH_DS7545_HUMAN_PLASMA_NANOOMICS,SEQUENCE_RIDGE_FULL,100.0,PMC6592156:TEMPERATURE:47 °C:Rep3,0.9523809523809523,100.0
T238_OUTER_01,EDINBURGH_DS7545_HUMAN_PLASMA_NANOOMICS,SEQUENCE_RIDGE_FULL,100.0,PT_D1_16,0.801751998941236,100.0
T238_OUTER_01,EDINBURGH_DS7545_HUMAN_PLASMA_NANOOMICS,SEQUENCE_RIDGE_FULL,100.0,PT_D1_18,0.6425304545837554,100.0
T238_OUTER_01,EDINBURGH_DS7545_HUMAN_PLASMA_NANOOMICS,SEQUENCE_RIDGE_FULL,100.0,PT_D1_20,0.9276336570439175,100.0
T238_OUTER_01,EDINBURGH_DS7545_HUMAN_PLASMA_NANOOMICS,SEQUENCE_RIDGE_FULL,100.0,PT_D1_23,0.5812493946823521,100.0
T238_OUTER_01,EDINBURGH_DS7545_HUMAN_PLASMA_NANOOMICS,SEQUENCE_RIDGE_FULL,100.0,PT_D1_33,0.6361123976285639,100.0
T238_OUTER_01,EDINBURGH_DS7545_HUMAN_PLASMA_NANOOMICS,SEQUENCE_RIDGE_FULL,100.0,PT_D1_34,0.5855400437691199,100.0
T238_OUTER_01,EDINBURGH_DS7545_HUMAN_PLASMA_NANOOMICS,SEQUENCE_RIDGE_FULL,100.0,PT_D1_48,0.4923659639173309,100.0
T238_OUTER_01,EDINBURGH_DS7545_HUMAN_PLASMA_NANOOMICS,SEQUENCE_RIDGE_FULL,100.0,PT_D1_51,0.8736209307562355,100.0
T238_OUTER_01,EDINBURGH_DS7545_HUMAN_PLASMA_NANOOMICS,SEQUENCE_RIDGE_FULL,100.0,PT_D1_73,0.5933055656682091,100.0
T238_OUTER_01,EDINBURGH_DS7545_HUMAN_PLASMA_NANOOMICS,SEQUENCE_RIDGE_FULL,100.0,PT_D1_81,0.847579379526013,100.0
T238_OUTER_01,EDINBURGH_DS7545_HUMAN_PLASMA_NANOOMICS,SEQUENCE_RIDGE_FULL,100.0,PT_D3_06,0.6361123976285639,100.0
T238_OUTER_01,EDINBURGH_DS7545_HUMAN_PLASMA_NANOOMICS,SEQUENCE_RIDGE_FULL,100.0,PT_D3_14,0.5828659631828564,100.0
T238_OUTER_01,EDINBURGH_DS7545_HUMAN_PLASMA_NANOOMICS,SEQUENCE_RIDGE_FULL,100.0,PT_D3_22,0.6425304545837554,100.0
T238_OUTER_01,EDINBURGH_DS7545_HUMAN_PLASMA_NANOOMICS,SEQUENCE_RIDGE_FULL,100.0,PT_D3_28,0.8108437164260031,100.0
T238_OUTER_01,EDINBURGH_DS7545_HUMAN_PLASMA_NANOOMICS,SEQUENCE_RIDGE_FULL,100.0,PT_D3_30,0.7004780622328695,100.0
T238_OUTER_01,EDINBURGH_DS7545_HUMAN_PLASMA_NANOOMICS,SEQUENCE_RIDGE_FULL,100.0,PT_D3_37,0.7319250547113999,100.0
T238_OUTER_01,EDINBURGH_DS7545_HUMAN_PLASMA_NANOOMICS,SEQUENCE_RIDGE_FULL,100.0,PT_D3_41,0.6667107103139692,100.0
T238_OUTER_01,EDINBURGH_DS7545_HUMAN_PLASMA_NANOOMICS,SEQUENCE_RIDGE_FULL,100.0,PT_D3_42,0.8295150620062532,100.0
T238_OUTER_01,EDINBURGH_DS7545_HUMAN_PLASMA_NANOOMICS,SEQUENCE_RIDGE_FULL,100.0,PT_D3_85,0.6240896334821995,100.0
T238_OUTER_01,EDINBURGH_DS7545_HUMAN_PLASMA_NANOOMICS,SEQUENCE_RIDGE_FULL,100.0,PT_D3_96,0.7807200583588266,100.0
T238_OUTER_01,EDINBURGH_DS7545_HUMAN_PLASMA_NANOOMICS,SEQUENCE_RIDGE_FULL,100.0,R4_PXD060795_F1,0.7833333333333333,100.0
T238_OUTER_01,EDINBURGH_DS7545_HUMAN_PLASMA_NANOOMICS,SEQUENCE_RIDGE_FULL,100.0,R4_PXD060795_F2,0.9523809523809523,100.0
T238_OUTER_01,EDINBURGH_DS7545_HUMAN_PLASMA_NANOOMICS,SEQUENCE_RIDGE_FULL,100.0,R4_PXD060795_F3,0.7857142857142857,100.0
T238_OUTER_01,EDINBURGH_DS7545_HUMAN_PLASMA_NANOOMICS,SEQUENCE_RIDGE_FULL,100.0,R4_PXD060795_F7,0.9047619047619048,100.0
T238_OUTER_01,EDINBURGH_DS7545_HUMAN_PLASMA_NANOOMICS,SEQUENCE_RIDGE_FULL,100.0,R4_PXD060795_F8,0.8571428571428571,100.0
T238_OUTER_01,EDINBURGH_DS7545_HUMAN_PLASMA_NANOOMICS,SEQUENCE_RIDGE_FULL,100.0,R4_PXD060795_F9,0.9285714285714286,100.0
T238_OUTER_01,EDINBURGH_DS7545_HUMAN_PLASMA_NANOOMICS,SEQUENCE_RIDGE_FULL,100.0,T_D1_133,0.7119666788018509,100.0
T238_OUTER_01,EDINBURGH_DS7545_HUMAN_PLASMA_NANOOMICS,SEQUENCE_RIDGE_FULL,100.0,T_D1_138,0.8468812149338254,100.0
T238_OUTER_01,EDINBURGH_DS7545_HUMAN_PLASMA_NANOOMICS,SEQUENCE_RIDGE_FULL,100.0,T_D1_165,0.847579379526013,100.0
T238_OUTER_01,EDINBURGH_DS7545_HUMAN_PLASMA_NANOOMICS,SEQUENCE_RIDGE_FULL,100.0,T_D1_173,0.9492889050691345,100.0
T238_OUTER_01,EDINBURGH_DS7545_HUMAN_PLASMA_NANOOMICS,SEQUENCE_RIDGE_FULL,100.0,T_D1_186,0.847579379526013,100.0
T238_OUTER_01,EDINBURGH_DS7545_HUMAN_PLASMA_NANOOMICS,SEQUENCE_RIDGE_FULL,100.0,T_D3_119a,0.7119666788018509,100.0
T238_OUTER_01,EDINBURGH_DS7545_HUMAN_PLASMA_NANOOMICS,SEQUENCE_RIDGE_FULL,100.0,T_D3_119b,0.7829075663120786,100.0
T238_OUTER_01,EDINBURGH_DS7545_HUMAN_PLASMA_NANOOMICS,SEQUENCE_RIDGE_FULL,100.0,T_D3_155,0.5662208585049305,100.0
T238_OUTER_01,EDINBURGH_DS7545_HUMAN_PLASMA_NANOOMICS,SEQUENCE_RIDGE_FULL,100.0,T_D3_178,0.7807200583588266,100.0
T238_OUTER_01,EDINBURGH_DS7545_HUMAN_PLASMA_NANOOMICS,SEQUENCE_RIDGE_FULL,100.0,T_D3_198,0.6019885457782866,100.0
T238_OUTER_01,EDINBURGH_DS7545_HUMAN_PLASMA_NANOOMICS,SEQUENCE_RIDGE_FULL,100.0,__MEAN__,0.7820174483882979,100.0
T238_OUTER_01,EDINBURGH_DS7545_HUMAN_PLASMA_NANOOMICS,SEQUENCE_RIDGE_COMPOSITION_ONLY,0.01,PMC6592156:PH:pH 4.9:Rep1,0.7714285714285715,0.01
T238_OUTER_01,EDINBURGH_DS7545_HUMAN_PLASMA_NANOOMICS,SEQUENCE_RIDGE_COMPOSITION_ONLY,0.01,PMC6592156:PH:pH 4.9:Rep2,0.8928571428571429,0.01
T238_OUTER_01,EDINBURGH_DS7545_HUMAN_PLASMA_NANOOMICS,SEQUENCE_RIDGE_COMPOSITION_ONLY,0.01,PMC6592156:PH:pH 4.9:Rep3,0.7857142857142857,0.01
T238_OUTER_01,EDINBURGH_DS7545_HUMAN_PLASMA_NANOOMICS,SEQUENCE_RIDGE_COMPOSITION_ONLY,0.01,PMC6592156:PH:pH 6.1:Rep1,0.8095238095238095,0.01
T238_OUTER_01,EDINBURGH_DS7545_HUMAN_PLASMA_NANOOMICS,SEQUENCE_RIDGE_COMPOSITION_ONLY,0.01,PMC6592156:PH:pH 6.1:Rep2,0.8166666666666667,0.01
T238_OUTER_01,EDINBURGH_DS7545_HUMAN_PLASMA_NANOOMICS,SEQUENCE_RIDGE_COMPOSITION_ONLY,0.01,PMC6592156:PH:pH 6.1:Rep3,0.7857142857142857,0.01
T238_OUTER_01,EDINBURGH_DS7545_HUMAN_PLASMA_NANOOMICS,SEQUENCE_RIDGE_COMPOSITION_ONLY,0.01,PMC6592156:PH:pH 6.8:Rep1,0.7333333333333333,0.01
T238_OUTER_01,EDINBURGH_DS7545_HUMAN_PLASMA_NANOOMICS,SEQUENCE_RIDGE_COMPOSITION_ONLY,0.01,PMC6592156:PH:pH 6.8:Rep2,0.8666666666666667,0.01
T238_OUTER_01,EDINBURGH_DS7545_HUMAN_PLASMA_NANOOMICS,SEQUENCE_RIDGE_COMPOSITION_ONLY,0.01,PMC6592156:PH:pH 6.8:Rep3,0.75,0.01
T238_OUTER_01,EDINBURGH_DS7545_HUMAN_PLASMA_NANOOMICS,SEQUENCE_RIDGE_COMPOSITION_ONLY,0.01,PMC6592156:PH:pH 7.7:Rep1,0.9047619047619048,0.01
T238_OUTER_01,EDINBURGH_DS7545_HUMAN_PLASMA_NANOOMICS,SEQUENCE_RIDGE_COMPOSITION_ONLY,0.01,PMC6592156:PH:pH 7.7:Rep2,0.7833333333333333,0.01
T238_OUTER_01,EDINBURGH_DS7545_HUMAN_PLASMA_NANOOMICS,SEQUENCE_RIDGE_COMPOSITION_ONLY,0.01,PMC6592156:PH:pH 7.7:Rep3,0.7833333333333333,0.01
T238_OUTER_01,EDINBURGH_DS7545_HUMAN_PLASMA_NANOOMICS,SEQUENCE_RIDGE_COMPOSITION_ONLY,0.01,PMC6592156:PH:pH 8.9:Rep1,0.75,0.01
T238_OUTER_01,EDINBURGH_DS7545_HUMAN_PLASMA_NANOOMICS,SEQUENCE_RIDGE_COMPOSITION_ONLY,0.01,PMC6592156:PH:pH 8.9:Rep2,0.6666666666666666,0.01
T238_OUTER_01,EDINBURGH_DS7545_HUMAN_PLASMA_NANOOMICS,SEQUENCE_RIDGE_COMPOSITION_ONLY,0.01,PMC6592156:PH:pH 8.9:Rep3,0.7333333333333333,0.01
T238_OUTER_01,EDINBURGH_DS7545_HUMAN_PLASMA_NANOOMICS,SEQUENCE_RIDGE_COMPOSITION_ONLY,0.01,PMC6592156:TEMPERATURE:17 °C:Rep1,0.8809523809523809,0.01
T238_OUTER_01,EDINBURGH_DS7545_HUMAN_PLASMA_NANOOMICS,SEQUENCE_RIDGE_COMPOSITION_ONLY,0.01,PMC6592156:TEMPERATURE:17 °C:Rep2,0.8571428571428571,0.01
T238_OUTER_01,EDINBURGH_DS7545_HUMAN_PLASMA_NANOOMICS,SEQUENCE_RIDGE_COMPOSITION_ONLY,0.01,PMC6592156:TEMPERATURE:17 °C:Rep3,0.8214285714285714,0.01
T238_OUTER_01,EDINBURGH_DS7545_HUMAN_PLASMA_NANOOMICS,SEQUENCE_RIDGE_COMPOSITION_ONLY,0.01,PMC6592156:TEMPERATURE:30 °C:Rep1,0.7142857142857143,0.01
T238_OUTER_01,EDINBURGH_DS7545_HUMAN_PLASMA_NANOOMICS,SEQUENCE_RIDGE_COMPOSITION_ONLY,0.01,PMC6592156:TEMPERATURE:30 °C:Rep2,0.8571428571428571,0.01
T238_OUTER_01,EDINBURGH_DS7545_HUMAN_PLASMA_NANOOMICS,SEQUENCE_RIDGE_COMPOSITION_ONLY,0.01,PMC6592156:TEMPERATURE:30 °C:Rep3,0.8666666666666667,0.01
T238_OUTER_01,EDINBURGH_DS7545_HUMAN_PLASMA_NANOOMICS,SEQUENCE_RIDGE_COMPOSITION_ONLY,0.01,PMC6592156:TEMPERATURE:4 °C:Rep1,0.9166666666666666,0.01
T238_OUTER_01,EDINBURGH_DS7545_HUMAN_PLASMA_NANOOMICS,SEQUENCE_RIDGE_COMPOSITION_ONLY,0.01,PMC6592156:TEMPERATURE:4 °C:Rep2,0.9166666666666666,0.01
T238_OUTER_01,EDINBURGH_DS7545_HUMAN_PLASMA_NANOOMICS,SEQUENCE_RIDGE_COMPOSITION_ONLY,0.01,PMC6592156:TEMPERATURE:4 °C:Rep3,0.8809523809523809,0.01
T238_OUTER_01,EDINBURGH_DS7545_HUMAN_PLASMA_NANOOMICS,SEQUENCE_RIDGE_COMPOSITION_ONLY,0.01,PMC6592156:TEMPERATURE:41 °C:Rep1,0.8,0.01
T238_OUTER_01,EDINBURGH_DS7545_HUMAN_PLASMA_NANOOMICS,SEQUENCE_RIDGE_COMPOSITION_ONLY,0.01,PMC6592156:TEMPERATURE:41 °C:Rep2,0.8833333333333333,0.01
T238_OUTER_01,EDINBURGH_DS7545_HUMAN_PLASMA_NANOOMICS,SEQUENCE_RIDGE_COMPOSITION_ONLY,0.01,PMC6592156:TEMPERATURE:41 °C:Rep3,0.8166666666666667,0.01
T238_OUTER_01,EDINBURGH_DS7545_HUMAN_PLASMA_NANOOMICS,SEQUENCE_RIDGE_COMPOSITION_ONLY,0.01,PMC6592156:TEMPERATURE:47 °C:Rep1,0.8214285714285714,0.01
T238_OUTER_01,EDINBURGH_DS7545_HUMAN_PLASMA_NANOOMICS,SEQUENCE_RIDGE_COMPOSITION_ONLY,0.01,PMC6592156:TEMPERATURE:47 °C:Rep2,0.8809523809523809,0.01
T238_OUTER_01,EDINBURGH_DS7545_HUMAN_PLASMA_NANOOMICS,SEQUENCE_RIDGE_COMPOSITION_ONLY,0.01,PMC6592156:TEMPERATURE:47 °C:Rep3,0.8809523809523809,0.01
T238_OUTER_01,EDINBURGH_DS7545_HUMAN_PLASMA_NANOOMICS,SEQUENCE_RIDGE_COMPOSITION_ONLY,0.01,PT_D1_16,0.6329621044272916,0.01
T238_OUTER_01,EDINBURGH_DS7545_HUMAN_PLASMA_NANOOMICS,SEQUENCE_RIDGE_COMPOSITION_ONLY,0.01,PT_D1_18,0.8365019125713041,0.01
T238_OUTER_01,EDINBURGH_DS7545_HUMAN_PLASMA_NANOOMICS,SEQUENCE_RIDGE_COMPOSITION_ONLY,0.01,PT_D1_20,0.5002164033860247,0.01
T238_OUTER_01,EDINBURGH_DS7545_HUMAN_PLASMA_NANOOMICS,SEQUENCE_RIDGE_COMPOSITION_ONLY,0.01,PT_D1_23,0.6910917999766548,0.01
T238_OUTER_01,EDINBURGH_DS7545_HUMAN_PLASMA_NANOOMICS,SEQUENCE_RIDGE_COMPOSITION_ONLY,0.01,PT_D1_33,0.5994136054576852,0.01
T238_OUTER_01,EDINBURGH_DS7545_HUMAN_PLASMA_NANOOMICS,SEQUENCE_RIDGE_COMPOSITION_ONLY,0.01,PT_D1_34,0.7807200583588266,0.01
T238_OUTER_01,EDINBURGH_DS7545_HUMAN_PLASMA_NANOOMICS,SEQUENCE_RIDGE_COMPOSITION_ONLY,0.01,PT_D1_48,0.5908391567007971,0.01
T238_OUTER_01,EDINBURGH_DS7545_HUMAN_PLASMA_NANOOMICS,SEQUENCE_RIDGE_COMPOSITION_ONLY,0.01,PT_D1_51,0.9012089601485377,0.01
T238_OUTER_01,EDINBURGH_DS7545_HUMAN_PLASMA_NANOOMICS,SEQUENCE_RIDGE_COMPOSITION_ONLY,0.01,PT_D1_73,0.7289182663923712,0.01
T238_OUTER_01,EDINBURGH_DS7545_HUMAN_PLASMA_NANOOMICS,SEQUENCE_RIDGE_COMPOSITION_ONLY,0.01,PT_D1_81,0.9323373174786144,0.01
T238_OUTER_01,EDINBURGH_DS7545_HUMAN_PLASMA_NANOOMICS,SEQUENCE_RIDGE_COMPOSITION_ONLY,0.01,PT_D3_06,0.5337825136516685,0.01
T238_OUTER_01,EDINBURGH_DS7545_HUMAN_PLASMA_NANOOMICS,SEQUENCE_RIDGE_COMPOSITION_ONLY,0.01,PT_D3_14,0.5828659631828564,0.01
T238_OUTER_01,EDINBURGH_DS7545_HUMAN_PLASMA_NANOOMICS,SEQUENCE_RIDGE_COMPOSITION_ONLY,0.01,PT_D3_22,0.7637626158259733,0.01
T238_OUTER_01,EDINBURGH_DS7545_HUMAN_PLASMA_NANOOMICS,SEQUENCE_RIDGE_COMPOSITION_ONLY,0.01,PT_D3_28,0.6546536707079771,0.01
T238_OUTER_01,EDINBURGH_DS7545_HUMAN_PLASMA_NANOOMICS,SEQUENCE_RIDGE_COMPOSITION_ONLY,0.01,PT_D3_30,0.7342360411356583,0.01
T238_OUTER_01,EDINBURGH_DS7545_HUMAN_PLASMA_NANOOMICS,SEQUENCE_RIDGE_COMPOSITION_ONLY,0.01,PT_D3_37,0.9271050693011066,0.01
T238_OUTER_01,EDINBURGH_DS7545_HUMAN_PLASMA_NANOOMICS,SEQUENCE_RIDGE_COMPOSITION_ONLY,0.01,PT_D3_41,0.7770628278831779,0.01
T238_OUTER_01,EDINBURGH_DS7545_HUMAN_PLASMA_NANOOMICS,SEQUENCE_RIDGE_COMPOSITION_ONLY,0.01,PT_D3_42,0.6343350474165466,0.01
T238_OUTER_01,EDINBURGH_DS7545_HUMAN_PLASMA_NANOOMICS,SEQUENCE_RIDGE_COMPOSITION_ONLY,0.01,PT_D3_85,0.9456108576893003,0.01
T238_OUTER_01,EDINBURGH_DS7545_HUMAN_PLASMA_NANOOMICS,SEQUENCE_RIDGE_COMPOSITION_ONLY,0.01,PT_D3_96,0.9759000729485332,0.01
T238_OUTER_01,EDINBURGH_DS7545_HUMAN_PLASMA_NANOOMICS,SEQUENCE_RIDGE_COMPOSITION_ONLY,0.01,R4_PXD060795_F1,0.55,0.01
T238_OUTER_01,EDINBURGH_DS7545_HUMAN_PLASMA_NANOOMICS,SEQUENCE_RIDGE_COMPOSITION_ONLY,0.01,R4_PXD060795_F2,0.7619047619047619,0.01
T238_OUTER_01,EDINBURGH_DS7545_HUMAN_PLASMA_NANOOMICS,SEQUENCE_RIDGE_COMPOSITION_ONLY,0.01,R4_PXD060795_F3,0.5714285714285714,0.01
T238_OUTER_01,EDINBURGH_DS7545_HUMAN_PLASMA_NANOOMICS,SEQUENCE_RIDGE_COMPOSITION_ONLY,0.01,R4_PXD060795_F7,0.7380952380952381,0.01
T238_OUTER_01,EDINBURGH_DS7545_HUMAN_PLASMA_NANOOMICS,SEQUENCE_RIDGE_COMPOSITION_ONLY,0.01,R4_PXD060795_F8,0.8214285714285714,0.01
T238_OUTER_01,EDINBURGH_DS7545_HUMAN_PLASMA_NANOOMICS,SEQUENCE_RIDGE_COMPOSITION_ONLY,0.01,R4_PXD060795_F9,0.9285714285714286,0.01
T238_OUTER_01,EDINBURGH_DS7545_HUMAN_PLASMA_NANOOMICS,SEQUENCE_RIDGE_COMPOSITION_ONLY,0.01,T_D1_133,0.7289182663923712,0.01
T238_OUTER_01,EDINBURGH_DS7545_HUMAN_PLASMA_NANOOMICS,SEQUENCE_RIDGE_COMPOSITION_ONLY,0.01,T_D1_138,0.5819143739626463,0.01
T238_OUTER_01,EDINBURGH_DS7545_HUMAN_PLASMA_NANOOMICS,SEQUENCE_RIDGE_COMPOSITION_ONLY,0.01,T_D1_165,0.9323373174786144,0.01
T238_OUTER_01,EDINBURGH_DS7545_HUMAN_PLASMA_NANOOMICS,SEQUENCE_RIDGE_COMPOSITION_ONLY,0.01,T_D1_173,0.8306277919354927,0.01
T238_OUTER_01,EDINBURGH_DS7545_HUMAN_PLASMA_NANOOMICS,SEQUENCE_RIDGE_COMPOSITION_ONLY,0.01,T_D1_186,0.7119666788018509,0.01
T238_OUTER_01,EDINBURGH_DS7545_HUMAN_PLASMA_NANOOMICS,SEQUENCE_RIDGE_COMPOSITION_ONLY,0.01,T_D3_119a,0.847579379526013,0.01
T238_OUTER_01,EDINBURGH_DS7545_HUMAN_PLASMA_NANOOMICS,SEQUENCE_RIDGE_COMPOSITION_ONLY,0.01,T_D3_119b,0.8109906863144086,0.01
T238_OUTER_01,EDINBURGH_DS7545_HUMAN_PLASMA_NANOOMICS,SEQUENCE_RIDGE_COMPOSITION_ONLY,0.01,T_D3_155,0.6154574548966636,0.01
T238_OUTER_01,EDINBURGH_DS7545_HUMAN_PLASMA_NANOOMICS,SEQUENCE_RIDGE_COMPOSITION_ONLY,0.01,T_D3_178,0.9759000729485332,0.01
T238_OUTER_01,EDINBURGH_DS7545_HUMAN_PLASMA_NANOOMICS,SEQUENCE_RIDGE_COMPOSITION_ONLY,0.01,T_D3_198,0.6995586032508209,0.01
T238_OUTER_01,EDINBURGH_DS7545_HUMAN_PLASMA_NANOOMICS,SEQUENCE_RIDGE_COMPOSITION_ONLY,0.01,__MEAN__,0.7796784074264896,0.01
T238_OUTER_01,EDINBURGH_DS7545_HUMAN_PLASMA_NANOOMICS,SEQUENCE_RIDGE_COMPOSITION_ONLY,0.1,PMC6592156:PH:pH 4.9:Rep1,0.7714285714285715,0.01
T238_OUTER_01,EDINBURGH_DS7545_HUMAN_PLASMA_NANOOMICS,SEQUENCE_RIDGE_COMPOSITION_ONLY,0.1,PMC6592156:PH:pH 4.9:Rep2,0.8928571428571429,0.01
T238_OUTER_01,EDINBURGH_DS7545_HUMAN_PLASMA_NANOOMICS,SEQUENCE_RIDGE_COMPOSITION_ONLY,0.1,PMC6592156:PH:pH 4.9:Rep3,0.7857142857142857,0.01
T238_OUTER_01,EDINBURGH_DS7545_HUMAN_PLASMA_NANOOMICS,SEQUENCE_RIDGE_COMPOSITION_ONLY,0.1,PMC6592156:PH:pH 6.1:Rep1,0.8095238095238095,0.01
T238_OUTER_01,EDINBURGH_DS7545_HUMAN_PLASMA_NANOOMICS,SEQUENCE_RIDGE_COMPOSITION_ONLY,0.1,PMC6592156:PH:pH 6.1:Rep2,0.8166666666666667,0.01
T238_OUTER_01,EDINBURGH_DS7545_HUMAN_PLASMA_NANOOMICS,SEQUENCE_RIDGE_COMPOSITION_ONLY,0.1,PMC6592156:PH:pH 6.1:Rep3,0.7857142857142857,0.01
T238_OUTER_01,EDINBURGH_DS7545_HUMAN_PLASMA_NANOOMICS,SEQUENCE_RIDGE_COMPOSITION_ONLY,0.1,PMC6592156:PH:pH 6.8:Rep1,0.7333333333333333,0.01
T238_OUTER_01,EDINBURGH_DS7545_HUMAN_PLASMA_NANOOMICS,SEQUENCE_RIDGE_COMPOSITION_ONLY,0.1,PMC6592156:PH:pH 6.8:Rep2,0.8666666666666667,0.01
T238_OUTER_01,EDINBURGH_DS7545_HUMAN_PLASMA_NANOOMICS,SEQUENCE_RIDGE_COMPOSITION_ONLY,0.1,PMC6592156:PH:pH 6.8:Rep3,0.75,0.01
T238_OUTER_01,EDINBURGH_DS7545_HUMAN_PLASMA_NANOOMICS,SEQUENCE_RIDGE_COMPOSITION_ONLY,0.1,PMC6592156:PH:pH 7.7:Rep1,0.9047619047619048,0.01
T238_OUTER_01,EDINBURGH_DS7545_HUMAN_PLASMA_NANOOMICS,SEQUENCE_RIDGE_COMPOSITION_ONLY,0.1,PMC6592156:PH:pH 7.7:Rep2,0.7833333333333333,0.01
T238_OUTER_01,EDINBURGH_DS7545_HUMAN_PLASMA_NANOOMICS,SEQUENCE_RIDGE_COMPOSITION_ONLY,0.1,PMC6592156:PH:pH 7.7:Rep3,0.7833333333333333,0.01
T238_OUTER_01,EDINBURGH_DS7545_HUMAN_PLASMA_NANOOMICS,SEQUENCE_RIDGE_COMPOSITION_ONLY,0.1,PMC6592156:PH:pH 8.9:Rep1,0.75,0.01
T238_OUTER_01,EDINBURGH_DS7545_HUMAN_PLASMA_NANOOMICS,SEQUENCE_RIDGE_COMPOSITION_ONLY,0.1,PMC6592156:PH:pH 8.9:Rep2,0.6666666666666666,0.01
T238_OUTER_01,EDINBURGH_DS7545_HUMAN_PLASMA_NANOOMICS,SEQUENCE_RIDGE_COMPOSITION_ONLY,0.1,PMC6592156:PH:pH 8.9:Rep3,0.7333333333333333,0.01
T238_OUTER_01,EDINBURGH_DS7545_HUMAN_PLASMA_NANOOMICS,SEQUENCE_RIDGE_COMPOSITION_ONLY,0.1,PMC6592156:TEMPERATURE:17 °C:Rep1,0.8809523809523809,0.01
T238_OUTER_01,EDINBURGH_DS7545_HUMAN_PLASMA_NANOOMICS,SEQUENCE_RIDGE_COMPOSITION_ONLY,0.1,PMC6592156:TEMPERATURE:17 °C:Rep2,0.8571428571428571,0.01
T238_OUTER_01,EDINBURGH_DS7545_HUMAN_PLASMA_NANOOMICS,SEQUENCE_RIDGE_COMPOSITION_ONLY,0.1,PMC6592156:TEMPERATURE:17 °C:Rep3,0.8214285714285714,0.01
T238_OUTER_01,EDINBURGH_DS7545_HUMAN_PLASMA_NANOOMICS,SEQUENCE_RIDGE_COMPOSITION_ONLY,0.1,PMC6592156:TEMPERATURE:30 °C:Rep1,0.7142857142857143,0.01
T238_OUTER_01,EDINBURGH_DS7545_HUMAN_PLASMA_NANOOMICS,SEQUENCE_RIDGE_COMPOSITION_ONLY,0.1,PMC6592156:TEMPERATURE:30 °C:Rep2,0.8571428571428571,0.01
T238_OUTER_01,EDINBURGH_DS7545_HUMAN_PLASMA_NANOOMICS,SEQUENCE_RIDGE_COMPOSITION_ONLY,0.1,PMC6592156:TEMPERATURE:30 °C:Rep3,0.8666666666666667,0.01
T238_OUTER_01,EDINBURGH_DS7545_HUMAN_PLASMA_NANOOMICS,SEQUENCE_RIDGE_COMPOSITION_ONLY,0.1,PMC6592156:TEMPERATURE:4 °C:Rep1,0.9166666666666666,0.01
T238_OUTER_01,EDINBURGH_DS7545_HUMAN_PLASMA_NANOOMICS,SEQUENCE_RIDGE_COMPOSITION_ONLY,0.1,PMC6592156:TEMPERATURE:4 °C:Rep2,0.9166666666666666,0.01
T238_OUTER_01,EDINBURGH_DS7545_HUMAN_PLASMA_NANOOMICS,SEQUENCE_RIDGE_COMPOSITION_ONLY,0.1,PMC6592156:TEMPERATURE:4 °C:Rep3,0.8809523809523809,0.01
T238_OUTER_01,EDINBURGH_DS7545_HUMAN_PLASMA_NANOOMICS,SEQUENCE_RIDGE_COMPOSITION_ONLY,0.1,PMC6592156:TEMPERATURE:41 °C:Rep1,0.8,0.01
T238_OUTER_01,EDINBURGH_DS7545_HUMAN_PLASMA_NANOOMICS,SEQUENCE_RIDGE_COMPOSITION_ONLY,0.1,PMC6592156:TEMPERATURE:41 °C:Rep2,0.8833333333333333,0.01
T238_OUTER_01,EDINBURGH_DS7545_HUMAN_PLASMA_NANOOMICS,SEQUENCE_RIDGE_COMPOSITION_ONLY,0.1,PMC6592156:TEMPERATURE:41 °C:Rep3,0.8166666666666667,0.01
T238_OUTER_01,EDINBURGH_DS7545_HUMAN_PLASMA_NANOOMICS,SEQUENCE_RIDGE_COMPOSITION_ONLY,0.1,PMC6592156:TEMPERATURE:47 °C:Rep1,0.8214285714285714,0.01
T238_OUTER_01,EDINBURGH_DS7545_HUMAN_PLASMA_NANOOMICS,SEQUENCE_RIDGE_COMPOSITION_ONLY,0.1,PMC6592156:TEMPERATURE:47 °C:Rep2,0.8809523809523809,0.01
T238_OUTER_01,EDINBURGH_DS7545_HUMAN_PLASMA_NANOOMICS,SEQUENCE_RIDGE_COMPOSITION_ONLY,0.1,PMC6592156:TEMPERATURE:47 °C:Rep3,0.8809523809523809,0.01
T238_OUTER_01,EDINBURGH_DS7545_HUMAN_PLASMA_NANOOMICS,SEQUENCE_RIDGE_COMPOSITION_ONLY,0.1,PT_D1_16,0.6329621044272916,0.01
T238_OUTER_01,EDINBURGH_DS7545_HUMAN_PLASMA_NANOOMICS,SEQUENCE_RIDGE_COMPOSITION_ONLY,0.1,PT_D1_18,0.8365019125713041,0.01
T238_OUTER_01,EDINBURGH_DS7545_HUMAN_PLASMA_NANOOMICS,SEQUENCE_RIDGE_COMPOSITION_ONLY,0.1,PT_D1_20,0.44136741475237473,0.01
T238_OUTER_01,EDINBURGH_DS7545_HUMAN_PLASMA_NANOOMICS,SEQUENCE_RIDGE_COMPOSITION_ONLY,0.1,PT_D1_23,0.6881023532039754,0.01
T238_OUTER_01,EDINBURGH_DS7545_HUMAN_PLASMA_NANOOMICS,SEQUENCE_RIDGE_COMPOSITION_ONLY,0.1,PT_D1_33,0.5994136054576852,0.01
T238_OUTER_01,EDINBURGH_DS7545_HUMAN_PLASMA_NANOOMICS,SEQUENCE_RIDGE_COMPOSITION_ONLY,0.1,PT_D1_34,0.7807200583588266,0.01
T238_OUTER_01,EDINBURGH_DS7545_HUMAN_PLASMA_NANOOMICS,SEQUENCE_RIDGE_COMPOSITION_ONLY,0.1,PT_D1_48,0.5908391567007971,0.01
T238_OUTER_01,EDINBURGH_DS7545_HUMAN_PLASMA_NANOOMICS,SEQUENCE_RIDGE_COMPOSITION_ONLY,0.1,PT_D1_51,0.9012089601485377,0.01
T238_OUTER_01,EDINBURGH_DS7545_HUMAN_PLASMA_NANOOMICS,SEQUENCE_RIDGE_COMPOSITION_ONLY,0.1,PT_D1_73,0.7289182663923712,0.01
T238_OUTER_01,EDINBURGH_DS7545_HUMAN_PLASMA_NANOOMICS,SEQUENCE_RIDGE_COMPOSITION_ONLY,0.1,PT_D1_81,0.9323373174786144,0.01
T238_OUTER_01,EDINBURGH_DS7545_HUMAN_PLASMA_NANOOMICS,SEQUENCE_RIDGE_COMPOSITION_ONLY,0.1,PT_D3_06,0.541602560309064,0.01
T238_OUTER_01,EDINBURGH_DS7545_HUMAN_PLASMA_NANOOMICS,SEQUENCE_RIDGE_COMPOSITION_ONLY,0.1,PT_D3_14,0.587180674734059,0.01
T238_OUTER_01,EDINBURGH_DS7545_HUMAN_PLASMA_NANOOMICS,SEQUENCE_RIDGE_COMPOSITION_ONLY,0.1,PT_D3_22,0.7637626158259733,0.01
T238_OUTER_01,EDINBURGH_DS7545_HUMAN_PLASMA_NANOOMICS,SEQUENCE_RIDGE_COMPOSITION_ONLY,0.1,PT_D3_28,0.6546536707079771,0.01
T238_OUTER_01,EDINBURGH_DS7545_HUMAN_PLASMA_NANOOMICS,SEQUENCE_RIDGE_COMPOSITION_ONLY,0.1,PT_D3_30,0.7395219099980958,0.01
T238_OUTER_01,EDINBURGH_DS7545_HUMAN_PLASMA_NANOOMICS,SEQUENCE_RIDGE_COMPOSITION_ONLY,0.1,PT_D3_37,0.9271050693011066,0.01
T238_OUTER_01,EDINBURGH_DS7545_HUMAN_PLASMA_NANOOMICS,SEQUENCE_RIDGE_COMPOSITION_ONLY,0.1,PT_D3_41,0.779849333631172,0.01
T238_OUTER_01,EDINBURGH_DS7545_HUMAN_PLASMA_NANOOMICS,SEQUENCE_RIDGE_COMPOSITION_ONLY,0.1,PT_D3_42,0.6343350474165466,0.01
T238_OUTER_01,EDINBURGH_DS7545_HUMAN_PLASMA_NANOOMICS,SEQUENCE_RIDGE_COMPOSITION_ONLY,0.1,PT_D3_85,0.9274260335029676,0.01
T238_OUTER_01,EDINBURGH_DS7545_HUMAN_PLASMA_NANOOMICS,SEQUENCE_RIDGE_COMPOSITION_ONLY,0.1,PT_D3_96,0.9759000729485332,0.01
T238_OUTER_01,EDINBURGH_DS7545_HUMAN_PLASMA_NANOOMICS,SEQUENCE_RIDGE_COMPOSITION_ONLY,0.1,R4_PXD060795_F1,0.55,0.01
T238_OUTER_01,EDINBURGH_DS7545_HUMAN_PLASMA_NANOOMICS,SEQUENCE_RIDGE_COMPOSITION_ONLY,0.1,R4_PXD060795_F2,0.7619047619047619,0.01
T238_OUTER_01,EDINBURGH_DS7545_HUMAN_PLASMA_NANOOMICS,SEQUENCE_RIDGE_COMPOSITION_ONLY,0.1,R4_PXD060795_F3,0.5714285714285714,0.01
T238_OUTER_01,EDINBURGH_DS7545_HUMAN_PLASMA_NANOOMICS,SEQUENCE_RIDGE_COMPOSITION_ONLY,0.1,R4_PXD060795_F7,0.7380952380952381,0.01
T238_OUTER_01,EDINBURGH_DS7545_HUMAN_PLASMA_NANOOMICS,SEQUENCE_RIDGE_COMPOSITION_ONLY,0.1,R4_PXD060795_F8,0.8214285714285714,0.01
T238_OUTER_01,EDINBURGH_DS7545_HUMAN_PLASMA_NANOOMICS,SEQUENCE_RIDGE_COMPOSITION_ONLY,0.1,R4_PXD060795_F9,0.9285714285714286,0.01
T238_OUTER_01,EDINBURGH_DS7545_HUMAN_PLASMA_NANOOMICS,SEQUENCE_RIDGE_COMPOSITION_ONLY,0.1,T_D1_133,0.7289182663923712,0.01
T238_OUTER_01,EDINBURGH_DS7545_HUMAN_PLASMA_NANOOMICS,SEQUENCE_RIDGE_COMPOSITION_ONLY,0.1,T_D1_138,0.5690229011161231,0.01
T238_OUTER_01,EDINBURGH_DS7545_HUMAN_PLASMA_NANOOMICS,SEQUENCE_RIDGE_COMPOSITION_ONLY,0.1,T_D1_165,0.9367839145523916,0.01
T238_OUTER_01,EDINBURGH_DS7545_HUMAN_PLASMA_NANOOMICS,SEQUENCE_RIDGE_COMPOSITION_ONLY,0.1,T_D1_173,0.8306277919354927,0.01
T238_OUTER_01,EDINBURGH_DS7545_HUMAN_PLASMA_NANOOMICS,SEQUENCE_RIDGE_COMPOSITION_ONLY,0.1,T_D1_186,0.7119666788018509,0.01
T238_OUTER_01,EDINBURGH_DS7545_HUMAN_PLASMA_NANOOMICS,SEQUENCE_RIDGE_COMPOSITION_ONLY,0.1,T_D3_119a,0.847579379526013,0.01
T238_OUTER_01,EDINBURGH_DS7545_HUMAN_PLASMA_NANOOMICS,SEQUENCE_RIDGE_COMPOSITION_ONLY,0.1,T_D3_119b,0.803741486073202,0.01
T238_OUTER_01,EDINBURGH_DS7545_HUMAN_PLASMA_NANOOMICS,SEQUENCE_RIDGE_COMPOSITION_ONLY,0.1,T_D3_155,0.6154574548966636,0.01
T238_OUTER_01,EDINBURGH_DS7545_HUMAN_PLASMA_NANOOMICS,SEQUENCE_RIDGE_COMPOSITION_ONLY,0.1,T_D3_178,0.9759000729485332,0.01
T238_OUTER_01,EDINBURGH_DS7545_HUMAN_PLASMA_NANOOMICS,SEQUENCE_RIDGE_COMPOSITION_ONLY,0.1,T_D3_198,0.7134013512656113,0.01
T238_OUTER_01,EDINBURGH_DS7545_HUMAN_PLASMA_NANOOMICS,SEQUENCE_RIDGE_COMPOSITION_ONLY,0.1,__MEAN__,0.7787440520511443,0.01
T238_OUTER_01,EDINBURGH_DS7545_HUMAN_PLASMA_NANOOMICS,SEQUENCE_RIDGE_COMPOSITION_ONLY,1.0,PMC6592156:PH:pH 4.9:Rep1,0.7714285714285715,0.01
T238_OUTER_01,EDINBURGH_DS7545_HUMAN_PLASMA_NANOOMICS,SEQUENCE_RIDGE_COMPOSITION_ONLY,1.0,PMC6592156:PH:pH 4.9:Rep2,0.8928571428571429,0.01
T238_OUTER_01,EDINBURGH_DS7545_HUMAN_PLASMA_NANOOMICS,SEQUENCE_RIDGE_COMPOSITION_ONLY,1.0,PMC6592156:PH:pH 4.9:Rep3,0.7857142857142857,0.01
T238_OUTER_01,EDINBURGH_DS7545_HUMAN_PLASMA_NANOOMICS,SEQUENCE_RIDGE_COMPOSITION_ONLY,1.0,PMC6592156:PH:pH 6.1:Rep1,0.8095238095238095,0.01
T238_OUTER_01,EDINBURGH_DS7545_HUMAN_PLASMA_NANOOMICS,SEQUENCE_RIDGE_COMPOSITION_ONLY,1.0,PMC6592156:PH:pH 6.1:Rep2,0.8166666666666667,0.01
T238_OUTER_01,EDINBURGH_DS7545_HUMAN_PLASMA_NANOOMICS,SEQUENCE_RIDGE_COMPOSITION_ONLY,1.0,PMC6592156:PH:pH 6.1:Rep3,0.7857142857142857,0.01
T238_OUTER_01,EDINBURGH_DS7545_HUMAN_PLASMA_NANOOMICS,SEQUENCE_RIDGE_COMPOSITION_ONLY,1.0,PMC6592156:PH:pH 6.8:Rep1,0.7333333333333333,0.01
T238_OUTER_01,EDINBURGH_DS7545_HUMAN_PLASMA_NANOOMICS,SEQUENCE_RIDGE_COMPOSITION_ONLY,1.0,PMC6592156:PH:pH 6.8:Rep2,0.8666666666666667,0.01
T238_OUTER_01,EDINBURGH_DS7545_HUMAN_PLASMA_NANOOMICS,SEQUENCE_RIDGE_COMPOSITION_ONLY,1.0,PMC6592156:PH:pH 6.8:Rep3,0.75,0.01
T238_OUTER_01,EDINBURGH_DS7545_HUMAN_PLASMA_NANOOMICS,SEQUENCE_RIDGE_COMPOSITION_ONLY,1.0,PMC6592156:PH:pH 7.7:Rep1,0.9047619047619048,0.01
T238_OUTER_01,EDINBURGH_DS7545_HUMAN_PLASMA_NANOOMICS,SEQUENCE_RIDGE_COMPOSITION_ONLY,1.0,PMC6592156:PH:pH 7.7:Rep2,0.7833333333333333,0.01
T238_OUTER_01,EDINBURGH_DS7545_HUMAN_PLASMA_NANOOMICS,SEQUENCE_RIDGE_COMPOSITION_ONLY,1.0,PMC6592156:PH:pH 7.7:Rep3,0.7833333333333333,0.01
T238_OUTER_01,EDINBURGH_DS7545_HUMAN_PLASMA_NANOOMICS,SEQUENCE_RIDGE_COMPOSITION_ONLY,1.0,PMC6592156:PH:pH 8.9:Rep1,0.75,0.01
T238_OUTER_01,EDINBURGH_DS7545_HUMAN_PLASMA_NANOOMICS,SEQUENCE_RIDGE_COMPOSITION_ONLY,1.0,PMC6592156:PH:pH 8.9:Rep2,0.6666666666666666,0.01
T238_OUTER_01,EDINBURGH_DS7545_HUMAN_PLASMA_NANOOMICS,SEQUENCE_RIDGE_COMPOSITION_ONLY,1.0,PMC6592156:PH:pH 8.9:Rep3,0.7333333333333333,0.01
T238_OUTER_01,EDINBURGH_DS7545_HUMAN_PLASMA_NANOOMICS,SEQUENCE_RIDGE_COMPOSITION_ONLY,1.0,PMC6592156:TEMPERATURE:17 °C:Rep1,0.8809523809523809,0.01
T238_OUTER_01,EDINBURGH_DS7545_HUMAN_PLASMA_NANOOMICS,SEQUENCE_RIDGE_COMPOSITION_ONLY,1.0,PMC6592156:TEMPERATURE:17 °C:Rep2,0.8571428571428571,0.01
T238_OUTER_01,EDINBURGH_DS7545_HUMAN_PLASMA_NANOOMICS,SEQUENCE_RIDGE_COMPOSITION_ONLY,1.0,PMC6592156:TEMPERATURE:17 °C:Rep3,0.8214285714285714,0.01
T238_OUTER_01,EDINBURGH_DS7545_HUMAN_PLASMA_NANOOMICS,SEQUENCE_RIDGE_COMPOSITION_ONLY,1.0,PMC6592156:TEMPERATURE:30 °C:Rep1,0.7857142857142857,0.01
T238_OUTER_01,EDINBURGH_DS7545_HUMAN_PLASMA_NANOOMICS,SEQUENCE_RIDGE_COMPOSITION_ONLY,1.0,PMC6592156:TEMPERATURE:30 °C:Rep2,0.8571428571428571,0.01
T238_OUTER_01,EDINBURGH_DS7545_HUMAN_PLASMA_NANOOMICS,SEQUENCE_RIDGE_COMPOSITION_ONLY,1.0,PMC6592156:TEMPERATURE:30 °C:Rep3,0.8666666666666667,0.01
T238_OUTER_01,EDINBURGH_DS7545_HUMAN_PLASMA_NANOOMICS,SEQUENCE_RIDGE_COMPOSITION_ONLY,1.0,PMC6592156:TEMPERATURE:4 °C:Rep1,0.9166666666666666,0.01
T238_OUTER_01,EDINBURGH_DS7545_HUMAN_PLASMA_NANOOMICS,SEQUENCE_RIDGE_COMPOSITION_ONLY,1.0,PMC6592156:TEMPERATURE:4 °C:Rep2,0.9166666666666666,0.01
T238_OUTER_01,EDINBURGH_DS7545_HUMAN_PLASMA_NANOOMICS,SEQUENCE_RIDGE_COMPOSITION_ONLY,1.0,PMC6592156:TEMPERATURE:4 °C:Rep3,0.8809523809523809,0.01
T238_OUTER_01,EDINBURGH_DS7545_HUMAN_PLASMA_NANOOMICS,SEQUENCE_RIDGE_COMPOSITION_ONLY,1.0,PMC6592156:TEMPERATURE:41 °C:Rep1,0.8,0.01
T238_OUTER_01,EDINBURGH_DS7545_HUMAN_PLASMA_NANOOMICS,SEQUENCE_RIDGE_COMPOSITION_ONLY,1.0,PMC6592156:TEMPERATURE:41 °C:Rep2,0.8833333333333333,0.01
T238_OUTER_01,EDINBURGH_DS7545_HUMAN_PLASMA_NANOOMICS,SEQUENCE_RIDGE_COMPOSITION_ONLY,1.0,PMC6592156:TEMPERATURE:41 °C:Rep3,0.8166666666666667,0.01
T238_OUTER_01,EDINBURGH_DS7545_HUMAN_PLASMA_NANOOMICS,SEQUENCE_RIDGE_COMPOSITION_ONLY,1.0,PMC6592156:TEMPERATURE:47 °C:Rep1,0.8214285714285714,0.01
T238_OUTER_01,EDINBURGH_DS7545_HUMAN_PLASMA_NANOOMICS,SEQUENCE_RIDGE_COMPOSITION_ONLY,1.0,PMC6592156:TEMPERATURE:47 °C:Rep2,0.8809523809523809,0.01
T238_OUTER_01,EDINBURGH_DS7545_HUMAN_PLASMA_NANOOMICS,SEQUENCE_RIDGE_COMPOSITION_ONLY,1.0,PMC6592156:TEMPERATURE:47 °C:Rep3,0.9047619047619048,0.01
T238_OUTER_01,EDINBURGH_DS7545_HUMAN_PLASMA_NANOOMICS,SEQUENCE_RIDGE_COMPOSITION_ONLY,1.0,PT_D1_16,0.6329621044272916,0.01
T238_OUTER_01,EDINBURGH_DS7545_HUMAN_PLASMA_NANOOMICS,SEQUENCE_RIDGE_COMPOSITION_ONLY,1.0,PT_D1_18,0.6425304545837554,0.01
T238_OUTER_01,EDINBURGH_DS7545_HUMAN_PLASMA_NANOOMICS,SEQUENCE_RIDGE_COMPOSITION_ONLY,1.0,PT_D1_20,0.46381682852195877,0.01
T238_OUTER_01,EDINBURGH_DS7545_HUMAN_PLASMA_NANOOMICS,SEQUENCE_RIDGE_COMPOSITION_ONLY,1.0,PT_D1_23,0.6361705973295034,0.01
T238_OUTER_01,EDINBURGH_DS7545_HUMAN_PLASMA_NANOOMICS,SEQUENCE_RIDGE_COMPOSITION_ONLY,1.0,PT_D1_33,0.5994136054576852,0.01
T238_OUTER_01,EDINBURGH_DS7545_HUMAN_PLASMA_NANOOMICS,SEQUENCE_RIDGE_COMPOSITION_ONLY,1.0,PT_D1_34,0.5855400437691199,0.01
T238_OUTER_01,EDINBURGH_DS7545_HUMAN_PLASMA_NANOOMICS,SEQUENCE_RIDGE_COMPOSITION_ONLY,1.0,PT_D1_48,0.5908391567007971,0.01
T238_OUTER_01,EDINBURGH_DS7545_HUMAN_PLASMA_NANOOMICS,SEQUENCE_RIDGE_COMPOSITION_ONLY,1.0,PT_D1_51,0.9082951062292475,0.01
T238_OUTER_01,EDINBURGH_DS7545_HUMAN_PLASMA_NANOOMICS,SEQUENCE_RIDGE_COMPOSITION_ONLY,1.0,PT_D1_73,0.7289182663923712,0.01
T238_OUTER_01,EDINBURGH_DS7545_HUMAN_PLASMA_NANOOMICS,SEQUENCE_RIDGE_COMPOSITION_ONLY,1.0,PT_D1_81,0.7967246167544523,0.01
T238_OUTER_01,EDINBURGH_DS7545_HUMAN_PLASMA_NANOOMICS,SEQUENCE_RIDGE_COMPOSITION_ONLY,1.0,PT_D3_06,0.541602560309064,0.01
T238_OUTER_01,EDINBURGH_DS7545_HUMAN_PLASMA_NANOOMICS,SEQUENCE_RIDGE_COMPOSITION_ONLY,1.0,PT_D3_14,0.5828659631828564,0.01
T238_OUTER_01,EDINBURGH_DS7545_HUMAN_PLASMA_NANOOMICS,SEQUENCE_RIDGE_COMPOSITION_ONLY,1.0,PT_D3_22,0.5697911578384245,0.01
T238_OUTER_01,EDINBURGH_DS7545_HUMAN_PLASMA_NANOOMICS,SEQUENCE_RIDGE_COMPOSITION_ONLY,1.0,PT_D3_28,0.6546536707079771,0.01
T238_OUTER_01,EDINBURGH_DS7545_HUMAN_PLASMA_NANOOMICS,SEQUENCE_RIDGE_COMPOSITION_ONLY,1.0,PT_D3_30,0.7342360411356583,0.01
T238_OUTER_01,EDINBURGH_DS7545_HUMAN_PLASMA_NANOOMICS,SEQUENCE_RIDGE_COMPOSITION_ONLY,1.0,PT_D3_37,0.7319250547113999,0.01
T238_OUTER_01,EDINBURGH_DS7545_HUMAN_PLASMA_NANOOMICS,SEQUENCE_RIDGE_COMPOSITION_ONLY,1.0,PT_D3_41,0.7706746355884524,0.01
T238_OUTER_01,EDINBURGH_DS7545_HUMAN_PLASMA_NANOOMICS,SEQUENCE_RIDGE_COMPOSITION_ONLY,1.0,PT_D3_42,0.6343350474165466,0.01
T238_OUTER_01,EDINBURGH_DS7545_HUMAN_PLASMA_NANOOMICS,SEQUENCE_RIDGE_COMPOSITION_ONLY,1.0,PT_D3_85,0.5946187253790689,0.01
T238_OUTER_01,EDINBURGH_DS7545_HUMAN_PLASMA_NANOOMICS,SEQUENCE_RIDGE_COMPOSITION_ONLY,1.0,PT_D3_96,0.7807200583588266,0.01
T238_OUTER_01,EDINBURGH_DS7545_HUMAN_PLASMA_NANOOMICS,SEQUENCE_RIDGE_COMPOSITION_ONLY,1.0,R4_PXD060795_F1,0.55,0.01
T238_OUTER_01,EDINBURGH_DS7545_HUMAN_PLASMA_NANOOMICS,SEQUENCE_RIDGE_COMPOSITION_ONLY,1.0,R4_PXD060795_F2,0.7619047619047619,0.01
T238_OUTER_01,EDINBURGH_DS7545_HUMAN_PLASMA_NANOOMICS,SEQUENCE_RIDGE_COMPOSITION_ONLY,1.0,R4_PXD060795_F3,0.5714285714285714,0.01
T238_OUTER_01,EDINBURGH_DS7545_HUMAN_PLASMA_NANOOMICS,SEQUENCE_RIDGE_COMPOSITION_ONLY,1.0,R4_PXD060795_F7,0.7380952380952381,0.01
T238_OUTER_01,EDINBURGH_DS7545_HUMAN_PLASMA_NANOOMICS,SEQUENCE_RIDGE_COMPOSITION_ONLY,1.0,R4_PXD060795_F8,0.8214285714285714,0.01
T238_OUTER_01,EDINBURGH_DS7545_HUMAN_PLASMA_NANOOMICS,SEQUENCE_RIDGE_COMPOSITION_ONLY,1.0,R4_PXD060795_F9,0.9285714285714286,0.01
T238_OUTER_01,EDINBURGH_DS7545_HUMAN_PLASMA_NANOOMICS,SEQUENCE_RIDGE_COMPOSITION_ONLY,1.0,T_D1_133,0.7289182663923712,0.01
T238_OUTER_01,EDINBURGH_DS7545_HUMAN_PLASMA_NANOOMICS,SEQUENCE_RIDGE_COMPOSITION_ONLY,1.0,T_D1_138,0.5225437283634242,0.01
T238_OUTER_01,EDINBURGH_DS7545_HUMAN_PLASMA_NANOOMICS,SEQUENCE_RIDGE_COMPOSITION_ONLY,1.0,T_D1_165,0.7967246167544523,0.01
T238_OUTER_01,EDINBURGH_DS7545_HUMAN_PLASMA_NANOOMICS,SEQUENCE_RIDGE_COMPOSITION_ONLY,1.0,T_D1_173,0.8306277919354927,0.01
T238_OUTER_01,EDINBURGH_DS7545_HUMAN_PLASMA_NANOOMICS,SEQUENCE_RIDGE_COMPOSITION_ONLY,1.0,T_D1_186,0.7119666788018509,0.01
T238_OUTER_01,EDINBURGH_DS7545_HUMAN_PLASMA_NANOOMICS,SEQUENCE_RIDGE_COMPOSITION_ONLY,1.0,T_D3_119a,0.7119666788018509,0.01
T238_OUTER_01,EDINBURGH_DS7545_HUMAN_PLASMA_NANOOMICS,SEQUENCE_RIDGE_COMPOSITION_ONLY,1.0,T_D3_119b,0.7951404970357049,0.01
T238_OUTER_01,EDINBURGH_DS7545_HUMAN_PLASMA_NANOOMICS,SEQUENCE_RIDGE_COMPOSITION_ONLY,1.0,T_D3_155,0.5169842621131975,0.01
T238_OUTER_01,EDINBURGH_DS7545_HUMAN_PLASMA_NANOOMICS,SEQUENCE_RIDGE_COMPOSITION_ONLY,1.0,T_D3_178,0.7807200583588266,0.01
T238_OUTER_01,EDINBURGH_DS7545_HUMAN_PLASMA_NANOOMICS,SEQUENCE_RIDGE_COMPOSITION_ONLY,1.0,T_D3_198,0.7109618382379144,0.01
T238_OUTER_01,EDINBURGH_DS7545_HUMAN_PLASMA_NANOOMICS,SEQUENCE_RIDGE_COMPOSITION_ONLY,1.0,__MEAN__,0.7482185788913278,0.01
T238_OUTER_01,EDINBURGH_DS7545_HUMAN_PLASMA_NANOOMICS,SEQUENCE_RIDGE_COMPOSITION_ONLY,10.0,PMC6592156:PH:pH 4.9:Rep1,0.8285714285714286,0.01
T238_OUTER_01,EDINBURGH_DS7545_HUMAN_PLASMA_NANOOMICS,SEQUENCE_RIDGE_COMPOSITION_ONLY,10.0,PMC6592156:PH:pH 4.9:Rep2,0.9285714285714286,0.01
T238_OUTER_01,EDINBURGH_DS7545_HUMAN_PLASMA_NANOOMICS,SEQUENCE_RIDGE_COMPOSITION_ONLY,10.0,PMC6592156:PH:pH 4.9:Rep3,0.8214285714285714,0.01
T238_OUTER_01,EDINBURGH_DS7545_HUMAN_PLASMA_NANOOMICS,SEQUENCE_RIDGE_COMPOSITION_ONLY,10.0,PMC6592156:PH:pH 6.1:Rep1,0.8095238095238095,0.01
T238_OUTER_01,EDINBURGH_DS7545_HUMAN_PLASMA_NANOOMICS,SEQUENCE_RIDGE_COMPOSITION_ONLY,10.0,PMC6592156:PH:pH 6.1:Rep2,0.7833333333333333,0.01
T238_OUTER_01,EDINBURGH_DS7545_HUMAN_PLASMA_NANOOMICS,SEQUENCE_RIDGE_COMPOSITION_ONLY,10.0,PMC6592156:PH:pH 6.1:Rep3,0.8571428571428571,0.01
T238_OUTER_01,EDINBURGH_DS7545_HUMAN_PLASMA_NANOOMICS,SEQUENCE_RIDGE_COMPOSITION_ONLY,10.0,PMC6592156:PH:pH 6.8:Rep1,0.7333333333333333,0.01
T238_OUTER_01,EDINBURGH_DS7545_HUMAN_PLASMA_NANOOMICS,SEQUENCE_RIDGE_COMPOSITION_ONLY,10.0,PMC6592156:PH:pH 6.8:Rep2,0.8166666666666667,0.01
T238_OUTER_01,EDINBURGH_DS7545_HUMAN_PLASMA_NANOOMICS,SEQUENCE_RIDGE_COMPOSITION_ONLY,10.0,PMC6592156:PH:pH 6.8:Rep3,0.7333333333333333,0.01
T238_OUTER_01,EDINBURGH_DS7545_HUMAN_PLASMA_NANOOMICS,SEQUENCE_RIDGE_COMPOSITION_ONLY,10.0,PMC6592156:PH:pH 7.7:Rep1,0.9285714285714286,0.01
T238_OUTER_01,EDINBURGH_DS7545_HUMAN_PLASMA_NANOOMICS,SEQUENCE_RIDGE_COMPOSITION_ONLY,10.0,PMC6592156:PH:pH 7.7:Rep2,0.7666666666666667,0.01
T238_OUTER_01,EDINBURGH_DS7545_HUMAN_PLASMA_NANOOMICS,SEQUENCE_RIDGE_COMPOSITION_ONLY,10.0,PMC6592156:PH:pH 7.7:Rep3,0.7666666666666667,0.01
T238_OUTER_01,EDINBURGH_DS7545_HUMAN_PLASMA_NANOOMICS,SEQUENCE_RIDGE_COMPOSITION_ONLY,10.0,PMC6592156:PH:pH 8.9:Rep1,0.7333333333333333,0.01
T238_OUTER_01,EDINBURGH_DS7545_HUMAN_PLASMA_NANOOMICS,SEQUENCE_RIDGE_COMPOSITION_ONLY,10.0,PMC6592156:PH:pH 8.9:Rep2,0.7380952380952381,0.01
T238_OUTER_01,EDINBURGH_DS7545_HUMAN_PLASMA_NANOOMICS,SEQUENCE_RIDGE_COMPOSITION_ONLY,10.0,PMC6592156:PH:pH 8.9:Rep3,0.7333333333333333,0.01
T238_OUTER_01,EDINBURGH_DS7545_HUMAN_PLASMA_NANOOMICS,SEQUENCE_RIDGE_COMPOSITION_ONLY,10.0,PMC6592156:TEMPERATURE:17 °C:Rep1,0.8333333333333334,0.01
T238_OUTER_01,EDINBURGH_DS7545_HUMAN_PLASMA_NANOOMICS,SEQUENCE_RIDGE_COMPOSITION_ONLY,10.0,PMC6592156:TEMPERATURE:17 °C:Rep2,0.8571428571428571,0.01
T238_OUTER_01,EDINBURGH_DS7545_HUMAN_PLASMA_NANOOMICS,SEQUENCE_RIDGE_COMPOSITION_ONLY,10.0,PMC6592156:TEMPERATURE:17 °C:Rep3,0.8928571428571429,0.01
T238_OUTER_01,EDINBURGH_DS7545_HUMAN_PLASMA_NANOOMICS,SEQUENCE_RIDGE_COMPOSITION_ONLY,10.0,PMC6592156:TEMPERATURE:30 °C:Rep1,0.7619047619047619,0.01
T238_OUTER_01,EDINBURGH_DS7545_HUMAN_PLASMA_NANOOMICS,SEQUENCE_RIDGE_COMPOSITION_ONLY,10.0,PMC6592156:TEMPERATURE:30 °C:Rep2,0.9285714285714286,0.01
T238_OUTER_01,EDINBURGH_DS7545_HUMAN_PLASMA_NANOOMICS,SEQUENCE_RIDGE_COMPOSITION_ONLY,10.0,PMC6592156:TEMPERATURE:30 °C:Rep3,0.8833333333333333,0.01
T238_OUTER_01,EDINBURGH_DS7545_HUMAN_PLASMA_NANOOMICS,SEQUENCE_RIDGE_COMPOSITION_ONLY,10.0,PMC6592156:TEMPERATURE:4 °C:Rep1,0.8833333333333333,0.01
T238_OUTER_01,EDINBURGH_DS7545_HUMAN_PLASMA_NANOOMICS,SEQUENCE_RIDGE_COMPOSITION_ONLY,10.0,PMC6592156:TEMPERATURE:4 °C:Rep2,0.8833333333333333,0.01
T238_OUTER_01,EDINBURGH_DS7545_HUMAN_PLASMA_NANOOMICS,SEQUENCE_RIDGE_COMPOSITION_ONLY,10.0,PMC6592156:TEMPERATURE:4 °C:Rep3,0.8333333333333334,0.01
T238_OUTER_01,EDINBURGH_DS7545_HUMAN_PLASMA_NANOOMICS,SEQUENCE_RIDGE_COMPOSITION_ONLY,10.0,PMC6592156:TEMPERATURE:41 °C:Rep1,0.7833333333333333,0.01
T238_OUTER_01,EDINBURGH_DS7545_HUMAN_PLASMA_NANOOMICS,SEQUENCE_RIDGE_COMPOSITION_ONLY,10.0,PMC6592156:TEMPERATURE:41 °C:Rep2,0.8833333333333333,0.01
T238_OUTER_01,EDINBURGH_DS7545_HUMAN_PLASMA_NANOOMICS,SEQUENCE_RIDGE_COMPOSITION_ONLY,10.0,PMC6592156:TEMPERATURE:41 °C:Rep3,0.8166666666666667,0.01
T238_OUTER_01,EDINBURGH_DS7545_HUMAN_PLASMA_NANOOMICS,SEQUENCE_RIDGE_COMPOSITION_ONLY,10.0,PMC6592156:TEMPERATURE:47 °C:Rep1,0.8928571428571429,0.01
T238_OUTER_01,EDINBURGH_DS7545_HUMAN_PLASMA_NANOOMICS,SEQUENCE_RIDGE_COMPOSITION_ONLY,10.0,PMC6592156:TEMPERATURE:47 °C:Rep2,0.9285714285714286,0.01
T238_OUTER_01,EDINBURGH_DS7545_HUMAN_PLASMA_NANOOMICS,SEQUENCE_RIDGE_COMPOSITION_ONLY,10.0,PMC6592156:TEMPERATURE:47 °C:Rep3,0.9285714285714286,0.01
T238_OUTER_01,EDINBURGH_DS7545_HUMAN_PLASMA_NANOOMICS,SEQUENCE_RIDGE_COMPOSITION_ONLY,10.0,PT_D1_16,0.7679940200384472,0.01
T238_OUTER_01,EDINBURGH_DS7545_HUMAN_PLASMA_NANOOMICS,SEQUENCE_RIDGE_COMPOSITION_ONLY,10.0,PT_D1_18,0.5697911578384245,0.01
T238_OUTER_01,EDINBURGH_DS7545_HUMAN_PLASMA_NANOOMICS,SEQUENCE_RIDGE_COMPOSITION_ONLY,10.0,PT_D1_20,0.9121593238215745,0.01
T238_OUTER_01,EDINBURGH_DS7545_HUMAN_PLASMA_NANOOMICS,SEQUENCE_RIDGE_COMPOSITION_ONLY,10.0,PT_D1_23,0.5904029284568774,0.01
T238_OUTER_01,EDINBURGH_DS7545_HUMAN_PLASMA_NANOOMICS,SEQUENCE_RIDGE_COMPOSITION_ONLY,10.0,PT_D1_33,0.6361123976285639,0.01
T238_OUTER_01,EDINBURGH_DS7545_HUMAN_PLASMA_NANOOMICS,SEQUENCE_RIDGE_COMPOSITION_ONLY,10.0,PT_D1_34,0.5855400437691199,0.01
T238_OUTER_01,EDINBURGH_DS7545_HUMAN_PLASMA_NANOOMICS,SEQUENCE_RIDGE_COMPOSITION_ONLY,10.0,PT_D1_48,0.4923659639173309,0.01
T238_OUTER_01,EDINBURGH_DS7545_HUMAN_PLASMA_NANOOMICS,SEQUENCE_RIDGE_COMPOSITION_ONLY,10.0,PT_D1_51,0.8276408817690653,0.01
T238_OUTER_01,EDINBURGH_DS7545_HUMAN_PLASMA_NANOOMICS,SEQUENCE_RIDGE_COMPOSITION_ONLY,10.0,PT_D1_73,0.5933055656682091,0.01
T238_OUTER_01,EDINBURGH_DS7545_HUMAN_PLASMA_NANOOMICS,SEQUENCE_RIDGE_COMPOSITION_ONLY,10.0,PT_D1_81,0.7967246167544523,0.01
T238_OUTER_01,EDINBURGH_DS7545_HUMAN_PLASMA_NANOOMICS,SEQUENCE_RIDGE_COMPOSITION_ONLY,10.0,PT_D3_06,0.5337825136516685,0.01
T238_OUTER_01,EDINBURGH_DS7545_HUMAN_PLASMA_NANOOMICS,SEQUENCE_RIDGE_COMPOSITION_ONLY,10.0,PT_D3_14,0.4770842982214229,0.01
T238_OUTER_01,EDINBURGH_DS7545_HUMAN_PLASMA_NANOOMICS,SEQUENCE_RIDGE_COMPOSITION_ONLY,10.0,PT_D3_22,0.5697911578384245,0.01
T238_OUTER_01,EDINBURGH_DS7545_HUMAN_PLASMA_NANOOMICS,SEQUENCE_RIDGE_COMPOSITION_ONLY,10.0,PT_D3_28,0.8468812149338254,0.01
T238_OUTER_01,EDINBURGH_DS7545_HUMAN_PLASMA_NANOOMICS,SEQUENCE_RIDGE_COMPOSITION_ONLY,10.0,PT_D3_30,0.6667200833300805,0.01
T238_OUTER_01,EDINBURGH_DS7545_HUMAN_PLASMA_NANOOMICS,SEQUENCE_RIDGE_COMPOSITION_ONLY,10.0,PT_D3_37,0.7319250547113999,0.01
T238_OUTER_01,EDINBURGH_DS7545_HUMAN_PLASMA_NANOOMICS,SEQUENCE_RIDGE_COMPOSITION_ONLY,10.0,PT_D3_41,0.7048221006384428,0.01
T238_OUTER_01,EDINBURGH_DS7545_HUMAN_PLASMA_NANOOMICS,SEQUENCE_RIDGE_COMPOSITION_ONLY,10.0,PT_D3_42,0.8295150620062532,0.01
T238_OUTER_01,EDINBURGH_DS7545_HUMAN_PLASMA_NANOOMICS,SEQUENCE_RIDGE_COMPOSITION_ONLY,10.0,PT_D3_85,0.600099198148979,0.01
T238_OUTER_01,EDINBURGH_DS7545_HUMAN_PLASMA_NANOOMICS,SEQUENCE_RIDGE_COMPOSITION_ONLY,10.0,PT_D3_96,0.7807200583588266,0.01
T238_OUTER_01,EDINBURGH_DS7545_HUMAN_PLASMA_NANOOMICS,SEQUENCE_RIDGE_COMPOSITION_ONLY,10.0,R4_PXD060795_F1,0.7333333333333333,0.01
T238_OUTER_01,EDINBURGH_DS7545_HUMAN_PLASMA_NANOOMICS,SEQUENCE_RIDGE_COMPOSITION_ONLY,10.0,R4_PXD060795_F2,0.8809523809523809,0.01
T238_OUTER_01,EDINBURGH_DS7545_HUMAN_PLASMA_NANOOMICS,SEQUENCE_RIDGE_COMPOSITION_ONLY,10.0,R4_PXD060795_F3,0.6904761904761905,0.01
T238_OUTER_01,EDINBURGH_DS7545_HUMAN_PLASMA_NANOOMICS,SEQUENCE_RIDGE_COMPOSITION_ONLY,10.0,R4_PXD060795_F7,0.7857142857142857,0.01
T238_OUTER_01,EDINBURGH_DS7545_HUMAN_PLASMA_NANOOMICS,SEQUENCE_RIDGE_COMPOSITION_ONLY,10.0,R4_PXD060795_F8,0.7857142857142857,0.01
T238_OUTER_01,EDINBURGH_DS7545_HUMAN_PLASMA_NANOOMICS,SEQUENCE_RIDGE_COMPOSITION_ONLY,10.0,R4_PXD060795_F9,0.9285714285714286,0.01
T238_OUTER_01,EDINBURGH_DS7545_HUMAN_PLASMA_NANOOMICS,SEQUENCE_RIDGE_COMPOSITION_ONLY,10.0,T_D1_133,0.5933055656682091,0.01
T238_OUTER_01,EDINBURGH_DS7545_HUMAN_PLASMA_NANOOMICS,SEQUENCE_RIDGE_COMPOSITION_ONLY,10.0,T_D1_138,0.8728715609439694,0.01
T238_OUTER_01,EDINBURGH_DS7545_HUMAN_PLASMA_NANOOMICS,SEQUENCE_RIDGE_COMPOSITION_ONLY,10.0,T_D1_165,0.7848730094898416,0.01
T238_OUTER_01,EDINBURGH_DS7545_HUMAN_PLASMA_NANOOMICS,SEQUENCE_RIDGE_COMPOSITION_ONLY,10.0,T_D1_173,0.8984341422975738,0.01
T238_OUTER_01,EDINBURGH_DS7545_HUMAN_PLASMA_NANOOMICS,SEQUENCE_RIDGE_COMPOSITION_ONLY,10.0,T_D1_186,0.847579379526013,0.01
T238_OUTER_01,EDINBURGH_DS7545_HUMAN_PLASMA_NANOOMICS,SEQUENCE_RIDGE_COMPOSITION_ONLY,10.0,T_D3_119a,0.7119666788018509,0.01
T238_OUTER_01,EDINBURGH_DS7545_HUMAN_PLASMA_NANOOMICS,SEQUENCE_RIDGE_COMPOSITION_ONLY,10.0,T_D3_119b,0.7055745870108262,0.01
T238_OUTER_01,EDINBURGH_DS7545_HUMAN_PLASMA_NANOOMICS,SEQUENCE_RIDGE_COMPOSITION_ONLY,10.0,T_D3_155,0.5169842621131975,0.01
T238_OUTER_01,EDINBURGH_DS7545_HUMAN_PLASMA_NANOOMICS,SEQUENCE_RIDGE_COMPOSITION_ONLY,10.0,T_D3_178,0.7807200583588266,0.01
T238_OUTER_01,EDINBURGH_DS7545_HUMAN_PLASMA_NANOOMICS,SEQUENCE_RIDGE_COMPOSITION_ONLY,10.0,T_D3_198,0.6553057347394917,0.01
T238_OUTER_01,EDINBURGH_DS7545_HUMAN_PLASMA_NANOOMICS,SEQUENCE_RIDGE_COMPOSITION_ONLY,10.0,__MEAN__,0.7674970021857683,0.01
T238_OUTER_01,EDINBURGH_DS7545_HUMAN_PLASMA_NANOOMICS,SEQUENCE_RIDGE_COMPOSITION_ONLY,100.0,PMC6592156:PH:pH 4.9:Rep1,0.9428571428571428,0.01
T238_OUTER_01,EDINBURGH_DS7545_HUMAN_PLASMA_NANOOMICS,SEQUENCE_RIDGE_COMPOSITION_ONLY,100.0,PMC6592156:PH:pH 4.9:Rep2,1.0,0.01
T238_OUTER_01,EDINBURGH_DS7545_HUMAN_PLASMA_NANOOMICS,SEQUENCE_RIDGE_COMPOSITION_ONLY,100.0,PMC6592156:PH:pH 4.9:Rep3,0.8571428571428571,0.01
T238_OUTER_01,EDINBURGH_DS7545_HUMAN_PLASMA_NANOOMICS,SEQUENCE_RIDGE_COMPOSITION_ONLY,100.0,PMC6592156:PH:pH 6.1:Rep1,0.7619047619047619,0.01
T238_OUTER_01,EDINBURGH_DS7545_HUMAN_PLASMA_NANOOMICS,SEQUENCE_RIDGE_COMPOSITION_ONLY,100.0,PMC6592156:PH:pH 6.1:Rep2,0.7166666666666667,0.01
T238_OUTER_01,EDINBURGH_DS7545_HUMAN_PLASMA_NANOOMICS,SEQUENCE_RIDGE_COMPOSITION_ONLY,100.0,PMC6592156:PH:pH 6.1:Rep3,0.75,0.01
T238_OUTER_01,EDINBURGH_DS7545_HUMAN_PLASMA_NANOOMICS,SEQUENCE_RIDGE_COMPOSITION_ONLY,100.0,PMC6592156:PH:pH 6.8:Rep1,0.7166666666666667,0.01
T238_OUTER_01,EDINBURGH_DS7545_HUMAN_PLASMA_NANOOMICS,SEQUENCE_RIDGE_COMPOSITION_ONLY,100.0,PMC6592156:PH:pH 6.8:Rep2,0.75,0.01
T238_OUTER_01,EDINBURGH_DS7545_HUMAN_PLASMA_NANOOMICS,SEQUENCE_RIDGE_COMPOSITION_ONLY,100.0,PMC6592156:PH:pH 6.8:Rep3,0.6666666666666666,0.01
T238_OUTER_01,EDINBURGH_DS7545_HUMAN_PLASMA_NANOOMICS,SEQUENCE_RIDGE_COMPOSITION_ONLY,100.0,PMC6592156:PH:pH 7.7:Rep1,0.8333333333333334,0.01
T238_OUTER_01,EDINBURGH_DS7545_HUMAN_PLASMA_NANOOMICS,SEQUENCE_RIDGE_COMPOSITION_ONLY,100.0,PMC6592156:PH:pH 7.7:Rep2,0.7,0.01
T238_OUTER_01,EDINBURGH_DS7545_HUMAN_PLASMA_NANOOMICS,SEQUENCE_RIDGE_COMPOSITION_ONLY,100.0,PMC6592156:PH:pH 7.7:Rep3,0.7,0.01
T238_OUTER_01,EDINBURGH_DS7545_HUMAN_PLASMA_NANOOMICS,SEQUENCE_RIDGE_COMPOSITION_ONLY,100.0,PMC6592156:PH:pH 8.9:Rep1,0.75,0.01
T238_OUTER_01,EDINBURGH_DS7545_HUMAN_PLASMA_NANOOMICS,SEQUENCE_RIDGE_COMPOSITION_ONLY,100.0,PMC6592156:PH:pH 8.9:Rep2,0.7142857142857143,0.01
T238_OUTER_01,EDINBURGH_DS7545_HUMAN_PLASMA_NANOOMICS,SEQUENCE_RIDGE_COMPOSITION_ONLY,100.0,PMC6592156:PH:pH 8.9:Rep3,0.7166666666666667,0.01
T238_OUTER_01,EDINBURGH_DS7545_HUMAN_PLASMA_NANOOMICS,SEQUENCE_RIDGE_COMPOSITION_ONLY,100.0,PMC6592156:TEMPERATURE:17 °C:Rep1,0.7380952380952381,0.01
T238_OUTER_01,EDINBURGH_DS7545_HUMAN_PLASMA_NANOOMICS,SEQUENCE_RIDGE_COMPOSITION_ONLY,100.0,PMC6592156:TEMPERATURE:17 °C:Rep2,0.7857142857142857,0.01
T238_OUTER_01,EDINBURGH_DS7545_HUMAN_PLASMA_NANOOMICS,SEQUENCE_RIDGE_COMPOSITION_ONLY,100.0,PMC6592156:TEMPERATURE:17 °C:Rep3,0.7857142857142857,0.01
T238_OUTER_01,EDINBURGH_DS7545_HUMAN_PLASMA_NANOOMICS,SEQUENCE_RIDGE_COMPOSITION_ONLY,100.0,PMC6592156:TEMPERATURE:30 °C:Rep1,0.8095238095238095,0.01
T238_OUTER_01,EDINBURGH_DS7545_HUMAN_PLASMA_NANOOMICS,SEQUENCE_RIDGE_COMPOSITION_ONLY,100.0,PMC6592156:TEMPERATURE:30 °C:Rep2,0.8571428571428571,0.01
T238_OUTER_01,EDINBURGH_DS7545_HUMAN_PLASMA_NANOOMICS,SEQUENCE_RIDGE_COMPOSITION_ONLY,100.0,PMC6592156:TEMPERATURE:30 °C:Rep3,0.8166666666666667,0.01
T238_OUTER_01,EDINBURGH_DS7545_HUMAN_PLASMA_NANOOMICS,SEQUENCE_RIDGE_COMPOSITION_ONLY,100.0,PMC6592156:TEMPERATURE:4 °C:Rep1,0.8,0.01
T238_OUTER_01,EDINBURGH_DS7545_HUMAN_PLASMA_NANOOMICS,SEQUENCE_RIDGE_COMPOSITION_ONLY,100.0,PMC6592156:TEMPERATURE:4 °C:Rep2,0.8,0.01
T238_OUTER_01,EDINBURGH_DS7545_HUMAN_PLASMA_NANOOMICS,SEQUENCE_RIDGE_COMPOSITION_ONLY,100.0,PMC6592156:TEMPERATURE:4 °C:Rep3,0.7857142857142857,0.01
T238_OUTER_01,EDINBURGH_DS7545_HUMAN_PLASMA_NANOOMICS,SEQUENCE_RIDGE_COMPOSITION_ONLY,100.0,PMC6592156:TEMPERATURE:41 °C:Rep1,0.65,0.01
T238_OUTER_01,EDINBURGH_DS7545_HUMAN_PLASMA_NANOOMICS,SEQUENCE_RIDGE_COMPOSITION_ONLY,100.0,PMC6592156:TEMPERATURE:41 °C:Rep2,0.7833333333333333,0.01
T238_OUTER_01,EDINBURGH_DS7545_HUMAN_PLASMA_NANOOMICS,SEQUENCE_RIDGE_COMPOSITION_ONLY,100.0,PMC6592156:TEMPERATURE:41 °C:Rep3,0.7,0.01
T238_OUTER_01,EDINBURGH_DS7545_HUMAN_PLASMA_NANOOMICS,SEQUENCE_RIDGE_COMPOSITION_ONLY,100.0,PMC6592156:TEMPERATURE:47 °C:Rep1,0.9285714285714286,0.01
T238_OUTER_01,EDINBURGH_DS7545_HUMAN_PLASMA_NANOOMICS,SEQUENCE_RIDGE_COMPOSITION_ONLY,100.0,PMC6592156:TEMPERATURE:47 °C:Rep2,0.9285714285714286,0.01
T238_OUTER_01,EDINBURGH_DS7545_HUMAN_PLASMA_NANOOMICS,SEQUENCE_RIDGE_COMPOSITION_ONLY,100.0,PMC6592156:TEMPERATURE:47 °C:Rep3,0.9285714285714286,0.01
T238_OUTER_01,EDINBURGH_DS7545_HUMAN_PLASMA_NANOOMICS,SEQUENCE_RIDGE_COMPOSITION_ONLY,100.0,PT_D1_16,0.801751998941236,0.01
T238_OUTER_01,EDINBURGH_DS7545_HUMAN_PLASMA_NANOOMICS,SEQUENCE_RIDGE_COMPOSITION_ONLY,100.0,PT_D1_18,0.6425304545837554,0.01
T238_OUTER_01,EDINBURGH_DS7545_HUMAN_PLASMA_NANOOMICS,SEQUENCE_RIDGE_COMPOSITION_ONLY,100.0,PT_D1_20,0.9121593238215745,0.01
T238_OUTER_01,EDINBURGH_DS7545_HUMAN_PLASMA_NANOOMICS,SEQUENCE_RIDGE_COMPOSITION_ONLY,100.0,PT_D1_23,0.5812493946823521,0.01
T238_OUTER_01,EDINBURGH_DS7545_HUMAN_PLASMA_NANOOMICS,SEQUENCE_RIDGE_COMPOSITION_ONLY,100.0,PT_D1_33,0.6361123976285639,0.01
T238_OUTER_01,EDINBURGH_DS7545_HUMAN_PLASMA_NANOOMICS,SEQUENCE_RIDGE_COMPOSITION_ONLY,100.0,PT_D1_34,0.5855400437691199,0.01
T238_OUTER_01,EDINBURGH_DS7545_HUMAN_PLASMA_NANOOMICS,SEQUENCE_RIDGE_COMPOSITION_ONLY,100.0,PT_D1_48,0.4923659639173309,0.01
T238_OUTER_01,EDINBURGH_DS7545_HUMAN_PLASMA_NANOOMICS,SEQUENCE_RIDGE_COMPOSITION_ONLY,100.0,PT_D1_51,0.8624216160156492,0.01
T238_OUTER_01,EDINBURGH_DS7545_HUMAN_PLASMA_NANOOMICS,SEQUENCE_RIDGE_COMPOSITION_ONLY,100.0,PT_D1_73,0.5933055656682091,0.01
T238_OUTER_01,EDINBURGH_DS7545_HUMAN_PLASMA_NANOOMICS,SEQUENCE_RIDGE_COMPOSITION_ONLY,100.0,PT_D1_81,0.847579379526013,0.01
T238_OUTER_01,EDINBURGH_DS7545_HUMAN_PLASMA_NANOOMICS,SEQUENCE_RIDGE_COMPOSITION_ONLY,100.0,PT_D3_06,0.6442202750968413,0.01
T238_OUTER_01,EDINBURGH_DS7545_HUMAN_PLASMA_NANOOMICS,SEQUENCE_RIDGE_COMPOSITION_ONLY,100.0,PT_D3_14,0.5828659631828564,0.01
T238_OUTER_01,EDINBURGH_DS7545_HUMAN_PLASMA_NANOOMICS,SEQUENCE_RIDGE_COMPOSITION_ONLY,100.0,PT_D3_22,0.6425304545837554,0.01
T238_OUTER_01,EDINBURGH_DS7545_HUMAN_PLASMA_NANOOMICS,SEQUENCE_RIDGE_COMPOSITION_ONLY,100.0,PT_D3_28,0.8365019125713041,0.01
T238_OUTER_01,EDINBURGH_DS7545_HUMAN_PLASMA_NANOOMICS,SEQUENCE_RIDGE_COMPOSITION_ONLY,100.0,PT_D3_30,0.7004780622328695,0.01
T238_OUTER_01,EDINBURGH_DS7545_HUMAN_PLASMA_NANOOMICS,SEQUENCE_RIDGE_COMPOSITION_ONLY,100.0,PT_D3_37,0.7319250547113999,0.01
T238_OUTER_01,EDINBURGH_DS7545_HUMAN_PLASMA_NANOOMICS,SEQUENCE_RIDGE_COMPOSITION_ONLY,100.0,PT_D3_41,0.6743403061398958,0.01
T238_OUTER_01,EDINBURGH_DS7545_HUMAN_PLASMA_NANOOMICS,SEQUENCE_RIDGE_COMPOSITION_ONLY,100.0,PT_D3_42,0.8295150620062532,0.01
T238_OUTER_01,EDINBURGH_DS7545_HUMAN_PLASMA_NANOOMICS,SEQUENCE_RIDGE_COMPOSITION_ONLY,100.0,PT_D3_85,0.6240896334821995,0.01
T238_OUTER_01,EDINBURGH_DS7545_HUMAN_PLASMA_NANOOMICS,SEQUENCE_RIDGE_COMPOSITION_ONLY,100.0,PT_D3_96,0.7807200583588266,0.01
T238_OUTER_01,EDINBURGH_DS7545_HUMAN_PLASMA_NANOOMICS,SEQUENCE_RIDGE_COMPOSITION_ONLY,100.0,R4_PXD060795_F1,0.8166666666666667,0.01
T238_OUTER_01,EDINBURGH_DS7545_HUMAN_PLASMA_NANOOMICS,SEQUENCE_RIDGE_COMPOSITION_ONLY,100.0,R4_PXD060795_F2,0.9761904761904762,0.01
T238_OUTER_01,EDINBURGH_DS7545_HUMAN_PLASMA_NANOOMICS,SEQUENCE_RIDGE_COMPOSITION_ONLY,100.0,R4_PXD060795_F3,0.8333333333333334,0.01
T238_OUTER_01,EDINBURGH_DS7545_HUMAN_PLASMA_NANOOMICS,SEQUENCE_RIDGE_COMPOSITION_ONLY,100.0,R4_PXD060795_F7,0.9523809523809523,0.01
T238_OUTER_01,EDINBURGH_DS7545_HUMAN_PLASMA_NANOOMICS,SEQUENCE_RIDGE_COMPOSITION_ONLY,100.0,R4_PXD060795_F8,0.9285714285714286,0.01
T238_OUTER_01,EDINBURGH_DS7545_HUMAN_PLASMA_NANOOMICS,SEQUENCE_RIDGE_COMPOSITION_ONLY,100.0,R4_PXD060795_F9,0.9285714285714286,0.01
T238_OUTER_01,EDINBURGH_DS7545_HUMAN_PLASMA_NANOOMICS,SEQUENCE_RIDGE_COMPOSITION_ONLY,100.0,T_D1_133,0.7119666788018509,0.01
T238_OUTER_01,EDINBURGH_DS7545_HUMAN_PLASMA_NANOOMICS,SEQUENCE_RIDGE_COMPOSITION_ONLY,100.0,T_D1_138,0.8365019125713041,0.01
T238_OUTER_01,EDINBURGH_DS7545_HUMAN_PLASMA_NANOOMICS,SEQUENCE_RIDGE_COMPOSITION_ONLY,100.0,T_D1_165,0.8523889672954195,0.01
T238_OUTER_01,EDINBURGH_DS7545_HUMAN_PLASMA_NANOOMICS,SEQUENCE_RIDGE_COMPOSITION_ONLY,100.0,T_D1_173,0.9621023987294833,0.01
T238_OUTER_01,EDINBURGH_DS7545_HUMAN_PLASMA_NANOOMICS,SEQUENCE_RIDGE_COMPOSITION_ONLY,100.0,T_D1_186,0.847579379526013,0.01
T238_OUTER_01,EDINBURGH_DS7545_HUMAN_PLASMA_NANOOMICS,SEQUENCE_RIDGE_COMPOSITION_ONLY,100.0,T_D3_119a,0.7119666788018509,0.01
T238_OUTER_01,EDINBURGH_DS7545_HUMAN_PLASMA_NANOOMICS,SEQUENCE_RIDGE_COMPOSITION_ONLY,100.0,T_D3_119b,0.779199761307608,0.01
T238_OUTER_01,EDINBURGH_DS7545_HUMAN_PLASMA_NANOOMICS,SEQUENCE_RIDGE_COMPOSITION_ONLY,100.0,T_D3_155,0.5662208585049305,0.01
T238_OUTER_01,EDINBURGH_DS7545_HUMAN_PLASMA_NANOOMICS,SEQUENCE_RIDGE_COMPOSITION_ONLY,100.0,T_D3_178,0.7807200583588266,0.01
T238_OUTER_01,EDINBURGH_DS7545_HUMAN_PLASMA_NANOOMICS,SEQUENCE_RIDGE_COMPOSITION_ONLY,100.0,T_D3_198,0.6019885457782866,0.01
T238_OUTER_01,EDINBURGH_DS7545_HUMAN_PLASMA_NANOOMICS,SEQUENCE_RIDGE_COMPOSITION_ONLY,100.0,__MEAN__,0.7691266965169604,0.01
T238_OUTER_02,PMC6592156_SILVER_NANOPARTICLE_HUMAN_PLASMA,SEQUENCE_RIDGE_FULL,0.01,PT_D1_16,0.631417849060341,100.0
T238_OUTER_02,PMC6592156_SILVER_NANOPARTICLE_HUMAN_PLASMA,SEQUENCE_RIDGE_FULL,0.01,PT_D1_18,0.23034110636021418,100.0
T238_OUTER_02,PMC6592156_SILVER_NANOPARTICLE_HUMAN_PLASMA,SEQUENCE_RIDGE_FULL,0.01,PT_D1_20,0.7807200583588266,100.0
T238_OUTER_02,PMC6592156_SILVER_NANOPARTICLE_HUMAN_PLASMA,SEQUENCE_RIDGE_FULL,0.01,PT_D1_23,0.7026447416620998,100.0
T238_OUTER_02,PMC6592156_SILVER_NANOPARTICLE_HUMAN_PLASMA,SEQUENCE_RIDGE_FULL,0.01,PT_D1_33,0.772634461824062,100.0
T238_OUTER_02,PMC6592156_SILVER_NANOPARTICLE_HUMAN_PLASMA,SEQUENCE_RIDGE_FULL,0.01,PT_D1_34,0.5936729339017844,100.0
T238_OUTER_02,PMC6592156_SILVER_NANOPARTICLE_HUMAN_PLASMA,SEQUENCE_RIDGE_FULL,0.01,PT_D1_48,0.5331975850475652,100.0
T238_OUTER_02,PMC6592156_SILVER_NANOPARTICLE_HUMAN_PLASMA,SEQUENCE_RIDGE_FULL,0.01,PT_D1_51,0.6260603994785162,100.0
T238_OUTER_02,PMC6592156_SILVER_NANOPARTICLE_HUMAN_PLASMA,SEQUENCE_RIDGE_FULL,0.01,PT_D1_73,0.6205200419610072,100.0
T238_OUTER_02,PMC6592156_SILVER_NANOPARTICLE_HUMAN_PLASMA,SEQUENCE_RIDGE_FULL,0.01,PT_D1_81,0.270801280154532,100.0
T238_OUTER_02,PMC6592156_SILVER_NANOPARTICLE_HUMAN_PLASMA,SEQUENCE_RIDGE_FULL,0.01,PT_D3_06,0.650213213321002,100.0
T238_OUTER_02,PMC6592156_SILVER_NANOPARTICLE_HUMAN_PLASMA,SEQUENCE_RIDGE_FULL,0.01,PT_D3_14,0.650213213321002,100.0
T238_OUTER_02,PMC6592156_SILVER_NANOPARTICLE_HUMAN_PLASMA,SEQUENCE_RIDGE_FULL,0.01,PT_D3_22,0.5951368255656534,100.0
T238_OUTER_02,PMC6592156_SILVER_NANOPARTICLE_HUMAN_PLASMA,SEQUENCE_RIDGE_FULL,0.01,PT_D3_28,0.856305150653836,100.0
T238_OUTER_02,PMC6592156_SILVER_NANOPARTICLE_HUMAN_PLASMA,SEQUENCE_RIDGE_FULL,0.01,PT_D3_30,0.6596376411971161,100.0
T238_OUTER_02,PMC6592156_SILVER_NANOPARTICLE_HUMAN_PLASMA,SEQUENCE_RIDGE_FULL,0.01,PT_D3_37,0.6360781434661976,100.0
T238_OUTER_02,PMC6592156_SILVER_NANOPARTICLE_HUMAN_PLASMA,SEQUENCE_RIDGE_FULL,0.01,PT_D3_41,0.4897140569370998,100.0
T238_OUTER_02,PMC6592156_SILVER_NANOPARTICLE_HUMAN_PLASMA,SEQUENCE_RIDGE_FULL,0.01,PT_D3_42,0.720888562595024,100.0
T238_OUTER_02,PMC6592156_SILVER_NANOPARTICLE_HUMAN_PLASMA,SEQUENCE_RIDGE_FULL,0.01,PT_D3_85,0.5951368255656534,100.0
T238_OUTER_02,PMC6592156_SILVER_NANOPARTICLE_HUMAN_PLASMA,SEQUENCE_RIDGE_FULL,0.01,PT_D3_96,0.650213213321002,100.0
T238_OUTER_02,PMC6592156_SILVER_NANOPARTICLE_HUMAN_PLASMA,SEQUENCE_RIDGE_FULL,0.01,R4_EDINBURGH_SGO_20210324_6pm_KostarelosK_OkweloguE_EO10,0.8571428571428571,100.0
T238_OUTER_02,PMC6592156_SILVER_NANOPARTICLE_HUMAN_PLASMA,SEQUENCE_RIDGE_FULL,0.01,R4_EDINBURGH_SGO_20210324_6pm_KostarelosK_OkweloguE_EO103,0.7619047619047619,100.0
T238_OUTER_02,PMC6592156_SILVER_NANOPARTICLE_HUMAN_PLASMA,SEQUENCE_RIDGE_FULL,0.01,R4_EDINBURGH_SGO_20210324_6pm_KostarelosK_OkweloguE_EO105,0.7857142857142857,100.0
T238_OUTER_02,PMC6592156_SILVER_NANOPARTICLE_HUMAN_PLASMA,SEQUENCE_RIDGE_FULL,0.01,R4_EDINBURGH_SGO_20210324_6pm_KostarelosK_OkweloguE_EO107,0.7380952380952381,100.0
T238_OUTER_02,PMC6592156_SILVER_NANOPARTICLE_HUMAN_PLASMA,SEQUENCE_RIDGE_FULL,0.01,R4_EDINBURGH_SGO_20210324_6pm_KostarelosK_OkweloguE_EO113,0.8809523809523809,100.0
T238_OUTER_02,PMC6592156_SILVER_NANOPARTICLE_HUMAN_PLASMA,SEQUENCE_RIDGE_FULL,0.01,R4_EDINBURGH_SGO_20210324_6pm_KostarelosK_OkweloguE_EO116,0.5714285714285714,100.0
T238_OUTER_02,PMC6592156_SILVER_NANOPARTICLE_HUMAN_PLASMA,SEQUENCE_RIDGE_FULL,0.01,R4_EDINBURGH_SGO_20210324_6pm_KostarelosK_OkweloguE_EO12,0.7857142857142857,100.0
T238_OUTER_02,PMC6592156_SILVER_NANOPARTICLE_HUMAN_PLASMA,SEQUENCE_RIDGE_FULL,0.01,R4_EDINBURGH_SGO_20210324_6pm_KostarelosK_OkweloguE_EO16,0.8214285714285714,100.0
T238_OUTER_02,PMC6592156_SILVER_NANOPARTICLE_HUMAN_PLASMA,SEQUENCE_RIDGE_FULL,0.01,R4_EDINBURGH_SGO_20210324_6pm_KostarelosK_OkweloguE_EO21,0.5,100.0
T238_OUTER_02,PMC6592156_SILVER_NANOPARTICLE_HUMAN_PLASMA,SEQUENCE_RIDGE_FULL,0.01,R4_EDINBURGH_SGO_20210324_6pm_KostarelosK_OkweloguE_EO24,0.7857142857142857,100.0
T238_OUTER_02,PMC6592156_SILVER_NANOPARTICLE_HUMAN_PLASMA,SEQUENCE_RIDGE_FULL,0.01,R4_EDINBURGH_SGO_20210324_6pm_KostarelosK_OkweloguE_EO31,0.6666666666666666,100.0
T238_OUTER_02,PMC6592156_SILVER_NANOPARTICLE_HUMAN_PLASMA,SEQUENCE_RIDGE_FULL,0.01,R4_EDINBURGH_SGO_20210324_6pm_KostarelosK_OkweloguE_EO34,0.23809523809523808,100.0
T238_OUTER_02,PMC6592156_SILVER_NANOPARTICLE_HUMAN_PLASMA,SEQUENCE_RIDGE_FULL,0.01,R4_EDINBURGH_SGO_20210324_6pm_KostarelosK_OkweloguE_EO4,0.8571428571428571,100.0
T238_OUTER_02,PMC6592156_SILVER_NANOPARTICLE_HUMAN_PLASMA,SEQUENCE_RIDGE_FULL,0.01,R4_EDINBURGH_SGO_20210324_6pm_KostarelosK_OkweloguE_EO43,0.5,100.0
T238_OUTER_02,PMC6592156_SILVER_NANOPARTICLE_HUMAN_PLASMA,SEQUENCE_RIDGE_FULL,0.01,R4_EDINBURGH_SGO_20210324_6pm_KostarelosK_OkweloguE_EO52,0.7619047619047619,100.0
T238_OUTER_02,PMC6592156_SILVER_NANOPARTICLE_HUMAN_PLASMA,SEQUENCE_RIDGE_FULL,0.01,R4_EDINBURGH_SGO_20210324_6pm_KostarelosK_OkweloguE_EO64,0.8571428571428571,100.0
T238_OUTER_02,PMC6592156_SILVER_NANOPARTICLE_HUMAN_PLASMA,SEQUENCE_RIDGE_FULL,0.01,R4_EDINBURGH_SGO_20210324_6pm_KostarelosK_OkweloguE_EO66,0.7857142857142857,100.0
T238_OUTER_02,PMC6592156_SILVER_NANOPARTICLE_HUMAN_PLASMA,SEQUENCE_RIDGE_FULL,0.01,R4_EDINBURGH_SGO_20210324_6pm_KostarelosK_OkweloguE_EO73,0.8809523809523809,100.0
T238_OUTER_02,PMC6592156_SILVER_NANOPARTICLE_HUMAN_PLASMA,SEQUENCE_RIDGE_FULL,0.01,R4_EDINBURGH_SGO_20210324_6pm_KostarelosK_OkweloguE_EO83,0.8809523809523809,100.0
T238_OUTER_02,PMC6592156_SILVER_NANOPARTICLE_HUMAN_PLASMA,SEQUENCE_RIDGE_FULL,0.01,R4_EDINBURGH_SGO_20210324_6pm_KostarelosK_OkweloguE_EO88,0.5,100.0
T238_OUTER_02,PMC6592156_SILVER_NANOPARTICLE_HUMAN_PLASMA,SEQUENCE_RIDGE_FULL,0.01,R4_EDINBURGH_SGO_20210324_6pm_KostarelosK_OkweloguE_EO94,0.7619047619047619,100.0
T238_OUTER_02,PMC6592156_SILVER_NANOPARTICLE_HUMAN_PLASMA,SEQUENCE_RIDGE_FULL,0.01,R4_EDINBURGH_SGO_20210324_6pm_KostarelosK_OkweloguE_EO96,0.8809523809523809,100.0
T238_OUTER_02,PMC6592156_SILVER_NANOPARTICLE_HUMAN_PLASMA,SEQUENCE_RIDGE_FULL,0.01,R4_EDINBURGH_SGO_20210324_6pm_KostarelosK_OkweloguE_EO97,0.8095238095238095,100.0
T238_OUTER_02,PMC6592156_SILVER_NANOPARTICLE_HUMAN_PLASMA,SEQUENCE_RIDGE_FULL,0.01,R4_EDINBURGH_USGO_20210324_6pm_KostarelosK_OkweloguE_EO106,0.85,100.0
T238_OUTER_02,PMC6592156_SILVER_NANOPARTICLE_HUMAN_PLASMA,SEQUENCE_RIDGE_FULL,0.01,R4_EDINBURGH_USGO_20210324_6pm_KostarelosK_OkweloguE_EO11,0.6666666666666666,100.0
T238_OUTER_02,PMC6592156_SILVER_NANOPARTICLE_HUMAN_PLASMA,SEQUENCE_RIDGE_FULL,0.01,R4_EDINBURGH_USGO_20210324_6pm_KostarelosK_OkweloguE_EO111,0.8,100.0
T238_OUTER_02,PMC6592156_SILVER_NANOPARTICLE_HUMAN_PLASMA,SEQUENCE_RIDGE_FULL,0.01,R4_EDINBURGH_USGO_20210324_6pm_KostarelosK_OkweloguE_EO112,0.6166666666666667,100.0
T238_OUTER_02,PMC6592156_SILVER_NANOPARTICLE_HUMAN_PLASMA,SEQUENCE_RIDGE_FULL,0.01,R4_EDINBURGH_USGO_20210324_6pm_KostarelosK_OkweloguE_EO115,0.75,100.0
T238_OUTER_02,PMC6592156_SILVER_NANOPARTICLE_HUMAN_PLASMA,SEQUENCE_RIDGE_FULL,0.01,R4_EDINBURGH_USGO_20210324_6pm_KostarelosK_OkweloguE_EO120,0.9,100.0
T238_OUTER_02,PMC6592156_SILVER_NANOPARTICLE_HUMAN_PLASMA,SEQUENCE_RIDGE_FULL,0.01,R4_EDINBURGH_USGO_20210324_6pm_KostarelosK_OkweloguE_EO121,0.6166666666666667,100.0
T238_OUTER_02,PMC6592156_SILVER_NANOPARTICLE_HUMAN_PLASMA,SEQUENCE_RIDGE_FULL,0.01,R4_EDINBURGH_USGO_20210324_6pm_KostarelosK_OkweloguE_EO125,0.9,100.0
T238_OUTER_02,PMC6592156_SILVER_NANOPARTICLE_HUMAN_PLASMA,SEQUENCE_RIDGE_FULL,0.01,R4_EDINBURGH_USGO_20210324_6pm_KostarelosK_OkweloguE_EO126,0.8,100.0
T238_OUTER_02,PMC6592156_SILVER_NANOPARTICLE_HUMAN_PLASMA,SEQUENCE_RIDGE_FULL,0.01,R4_EDINBURGH_USGO_20210324_6pm_KostarelosK_OkweloguE_EO13,0.7857142857142857,100.0
T238_OUTER_02,PMC6592156_SILVER_NANOPARTICLE_HUMAN_PLASMA,SEQUENCE_RIDGE_FULL,0.01,R4_EDINBURGH_USGO_20210324_6pm_KostarelosK_OkweloguE_EO26,0.5952380952380952,100.0
T238_OUTER_02,PMC6592156_SILVER_NANOPARTICLE_HUMAN_PLASMA,SEQUENCE_RIDGE_FULL,0.01,R4_EDINBURGH_USGO_20210324_6pm_KostarelosK_OkweloguE_EO36,0.7142857142857143,100.0
T238_OUTER_02,PMC6592156_SILVER_NANOPARTICLE_HUMAN_PLASMA,SEQUENCE_RIDGE_FULL,0.01,R4_EDINBURGH_USGO_20210324_6pm_KostarelosK_OkweloguE_EO40,0.6666666666666666,100.0
T238_OUTER_02,PMC6592156_SILVER_NANOPARTICLE_HUMAN_PLASMA,SEQUENCE_RIDGE_FULL,0.01,R4_EDINBURGH_USGO_20210324_6pm_KostarelosK_OkweloguE_EO42,0.6666666666666666,100.0
T238_OUTER_02,PMC6592156_SILVER_NANOPARTICLE_HUMAN_PLASMA,SEQUENCE_RIDGE_FULL,0.01,R4_EDINBURGH_USGO_20210324_6pm_KostarelosK_OkweloguE_EO44,0.7857142857142857,100.0
T238_OUTER_02,PMC6592156_SILVER_NANOPARTICLE_HUMAN_PLASMA,SEQUENCE_RIDGE_FULL,0.01,R4_EDINBURGH_USGO_20210324_6pm_KostarelosK_OkweloguE_EO5,0.8833333333333333,100.0
T238_OUTER_02,PMC6592156_SILVER_NANOPARTICLE_HUMAN_PLASMA,SEQUENCE_RIDGE_FULL,0.01,R4_EDINBURGH_USGO_20210324_6pm_KostarelosK_OkweloguE_EO50,0.7666666666666667,100.0
T238_OUTER_02,PMC6592156_SILVER_NANOPARTICLE_HUMAN_PLASMA,SEQUENCE_RIDGE_FULL,0.01,R4_EDINBURGH_USGO_20210324_6pm_KostarelosK_OkweloguE_EO53,0.8095238095238095,100.0
T238_OUTER_02,PMC6592156_SILVER_NANOPARTICLE_HUMAN_PLASMA,SEQUENCE_RIDGE_FULL,0.01,R4_EDINBURGH_USGO_20210324_6pm_KostarelosK_OkweloguE_EO60,0.8571428571428571,100.0
T238_OUTER_02,PMC6592156_SILVER_NANOPARTICLE_HUMAN_PLASMA,SEQUENCE_RIDGE_FULL,0.01,R4_EDINBURGH_USGO_20210324_6pm_KostarelosK_OkweloguE_EO62,0.36666666666666664,100.0
T238_OUTER_02,PMC6592156_SILVER_NANOPARTICLE_HUMAN_PLASMA,SEQUENCE_RIDGE_FULL,0.01,R4_EDINBURGH_USGO_20210324_6pm_KostarelosK_OkweloguE_EO69,0.7833333333333333,100.0
T238_OUTER_02,PMC6592156_SILVER_NANOPARTICLE_HUMAN_PLASMA,SEQUENCE_RIDGE_FULL,0.01,R4_EDINBURGH_USGO_20210324_6pm_KostarelosK_OkweloguE_EO76,0.6166666666666667,100.0
T238_OUTER_02,PMC6592156_SILVER_NANOPARTICLE_HUMAN_PLASMA,SEQUENCE_RIDGE_FULL,0.01,R4_EDINBURGH_USGO_20210324_6pm_KostarelosK_OkweloguE_EO77,0.6904761904761905,100.0
T238_OUTER_02,PMC6592156_SILVER_NANOPARTICLE_HUMAN_PLASMA,SEQUENCE_RIDGE_FULL,0.01,R4_EDINBURGH_USGO_20210324_6pm_KostarelosK_OkweloguE_EO79,0.75,100.0
T238_OUTER_02,PMC6592156_SILVER_NANOPARTICLE_HUMAN_PLASMA,SEQUENCE_RIDGE_FULL,0.01,R4_EDINBURGH_USGO_20210324_6pm_KostarelosK_OkweloguE_EO86,0.8833333333333333,100.0
T238_OUTER_02,PMC6592156_SILVER_NANOPARTICLE_HUMAN_PLASMA,SEQUENCE_RIDGE_FULL,0.01,R4_EDINBURGH_USGO_20210324_6pm_KostarelosK_OkweloguE_EO87,0.7666666666666667,100.0
T238_OUTER_02,PMC6592156_SILVER_NANOPARTICLE_HUMAN_PLASMA,SEQUENCE_RIDGE_FULL,0.01,R4_PXD060795_F1,0.85,100.0
T238_OUTER_02,PMC6592156_SILVER_NANOPARTICLE_HUMAN_PLASMA,SEQUENCE_RIDGE_FULL,0.01,R4_PXD060795_F2,0.85,100.0
T238_OUTER_02,PMC6592156_SILVER_NANOPARTICLE_HUMAN_PLASMA,SEQUENCE_RIDGE_FULL,0.01,R4_PXD060795_F3,0.85,100.0
T238_OUTER_02,PMC6592156_SILVER_NANOPARTICLE_HUMAN_PLASMA,SEQUENCE_RIDGE_FULL,0.01,R4_PXD060795_F7,0.7833333333333333,100.0
T238_OUTER_02,PMC6592156_SILVER_NANOPARTICLE_HUMAN_PLASMA,SEQUENCE_RIDGE_FULL,0.01,R4_PXD060795_F8,0.8333333333333334,100.0
T238_OUTER_02,PMC6592156_SILVER_NANOPARTICLE_HUMAN_PLASMA,SEQUENCE_RIDGE_FULL,0.01,R4_PXD060795_F9,0.7142857142857143,100.0
T238_OUTER_02,PMC6592156_SILVER_NANOPARTICLE_HUMAN_PLASMA,SEQUENCE_RIDGE_FULL,0.01,T_D1_133,0.5936729339017844,100.0
T238_OUTER_02,PMC6592156_SILVER_NANOPARTICLE_HUMAN_PLASMA,SEQUENCE_RIDGE_FULL,0.01,T_D1_138,0.7494747984908757,100.0
T238_OUTER_02,PMC6592156_SILVER_NANOPARTICLE_HUMAN_PLASMA,SEQUENCE_RIDGE_FULL,0.01,T_D1_165,0.650213213321002,100.0
T238_OUTER_02,PMC6592156_SILVER_NANOPARTICLE_HUMAN_PLASMA,SEQUENCE_RIDGE_FULL,0.01,T_D1_173,0.5995564622314026,100.0
T238_OUTER_02,PMC6592156_SILVER_NANOPARTICLE_HUMAN_PLASMA,SEQUENCE_RIDGE_FULL,0.01,T_D1_186,0.6703832596185881,100.0
T238_OUTER_02,PMC6592156_SILVER_NANOPARTICLE_HUMAN_PLASMA,SEQUENCE_RIDGE_FULL,0.01,T_D3_119a,0.5817375393384442,100.0
T238_OUTER_02,PMC6592156_SILVER_NANOPARTICLE_HUMAN_PLASMA,SEQUENCE_RIDGE_FULL,0.01,T_D3_119b,0.5817375393384442,100.0
T238_OUTER_02,PMC6592156_SILVER_NANOPARTICLE_HUMAN_PLASMA,SEQUENCE_RIDGE_FULL,0.01,T_D3_155,0.44312936752559784,100.0
T238_OUTER_02,PMC6592156_SILVER_NANOPARTICLE_HUMAN_PLASMA,SEQUENCE_RIDGE_FULL,0.01,T_D3_178,0.650213213321002,100.0
T238_OUTER_02,PMC6592156_SILVER_NANOPARTICLE_HUMAN_PLASMA,SEQUENCE_RIDGE_FULL,0.01,T_D3_198,0.19526969068659972,100.0
T238_OUTER_02,PMC6592156_SILVER_NANOPARTICLE_HUMAN_PLASMA,SEQUENCE_RIDGE_FULL,0.01,__MEAN__,0.6943415359955472,100.0
T238_OUTER_02,PMC6592156_SILVER_NANOPARTICLE_HUMAN_PLASMA,SEQUENCE_RIDGE_FULL,0.1,PT_D1_16,0.631417849060341,100.0
T238_OUTER_02,PMC6592156_SILVER_NANOPARTICLE_HUMAN_PLASMA,SEQUENCE_RIDGE_FULL,0.1,PT_D1_18,0.23034110636021418,100.0
T238_OUTER_02,PMC6592156_SILVER_NANOPARTICLE_HUMAN_PLASMA,SEQUENCE_RIDGE_FULL,0.1,PT_D1_20,0.7807200583588266,100.0
T238_OUTER_02,PMC6592156_SILVER_NANOPARTICLE_HUMAN_PLASMA,SEQUENCE_RIDGE_FULL,0.1,PT_D1_23,0.7026447416620998,100.0
T238_OUTER_02,PMC6592156_SILVER_NANOPARTICLE_HUMAN_PLASMA,SEQUENCE_RIDGE_FULL,0.1,PT_D1_33,0.7734924681537619,100.0
T238_OUTER_02,PMC6592156_SILVER_NANOPARTICLE_HUMAN_PLASMA,SEQUENCE_RIDGE_FULL,0.1,PT_D1_34,0.5936729339017844,100.0
T238_OUTER_02,PMC6592156_SILVER_NANOPARTICLE_HUMAN_PLASMA,SEQUENCE_RIDGE_FULL,0.1,PT_D1_48,0.5303948353054367,100.0
T238_OUTER_02,PMC6592156_SILVER_NANOPARTICLE_HUMAN_PLASMA,SEQUENCE_RIDGE_FULL,0.1,PT_D1_51,0.6260603994785162,100.0
T238_OUTER_02,PMC6592156_SILVER_NANOPARTICLE_HUMAN_PLASMA,SEQUENCE_RIDGE_FULL,0.1,PT_D1_73,0.6205200419610072,100.0
T238_OUTER_02,PMC6592156_SILVER_NANOPARTICLE_HUMAN_PLASMA,SEQUENCE_RIDGE_FULL,0.1,PT_D1_81,0.27609440361293197,100.0
T238_OUTER_02,PMC6592156_SILVER_NANOPARTICLE_HUMAN_PLASMA,SEQUENCE_RIDGE_FULL,0.1,PT_D3_06,0.650213213321002,100.0
T238_OUTER_02,PMC6592156_SILVER_NANOPARTICLE_HUMAN_PLASMA,SEQUENCE_RIDGE_FULL,0.1,PT_D3_14,0.650213213321002,100.0
T238_OUTER_02,PMC6592156_SILVER_NANOPARTICLE_HUMAN_PLASMA,SEQUENCE_RIDGE_FULL,0.1,PT_D3_22,0.5951368255656534,100.0
T238_OUTER_02,PMC6592156_SILVER_NANOPARTICLE_HUMAN_PLASMA,SEQUENCE_RIDGE_FULL,0.1,PT_D3_28,0.8353813836471727,100.0
T238_OUTER_02,PMC6592156_SILVER_NANOPARTICLE_HUMAN_PLASMA,SEQUENCE_RIDGE_FULL,0.1,PT_D3_30,0.6596376411971161,100.0
T238_OUTER_02,PMC6592156_SILVER_NANOPARTICLE_HUMAN_PLASMA,SEQUENCE_RIDGE_FULL,0.1,PT_D3_37,0.6360781434661976,100.0
T238_OUTER_02,PMC6592156_SILVER_NANOPARTICLE_HUMAN_PLASMA,SEQUENCE_RIDGE_FULL,0.1,PT_D3_41,0.4805605231625746,100.0
T238_OUTER_02,PMC6592156_SILVER_NANOPARTICLE_HUMAN_PLASMA,SEQUENCE_RIDGE_FULL,0.1,PT_D3_42,0.720888562595024,100.0
T238_OUTER_02,PMC6592156_SILVER_NANOPARTICLE_HUMAN_PLASMA,SEQUENCE_RIDGE_FULL,0.1,PT_D3_85,0.587180674734059,100.0
T238_OUTER_02,PMC6592156_SILVER_NANOPARTICLE_HUMAN_PLASMA,SEQUENCE_RIDGE_FULL,0.1,PT_D3_96,0.650213213321002,100.0
T238_OUTER_02,PMC6592156_SILVER_NANOPARTICLE_HUMAN_PLASMA,SEQUENCE_RIDGE_FULL,0.1,R4_EDINBURGH_SGO_20210324_6pm_KostarelosK_OkweloguE_EO10,0.8571428571428571,100.0
T238_OUTER_02,PMC6592156_SILVER_NANOPARTICLE_HUMAN_PLASMA,SEQUENCE_RIDGE_FULL,0.1,R4_EDINBURGH_SGO_20210324_6pm_KostarelosK_OkweloguE_EO103,0.7619047619047619,100.0
T238_OUTER_02,PMC6592156_SILVER_NANOPARTICLE_HUMAN_PLASMA,SEQUENCE_RIDGE_FULL,0.1,R4_EDINBURGH_SGO_20210324_6pm_KostarelosK_OkweloguE_EO105,0.7857142857142857,100.0
T238_OUTER_02,PMC6592156_SILVER_NANOPARTICLE_HUMAN_PLASMA,SEQUENCE_RIDGE_FULL,0.1,R4_EDINBURGH_SGO_20210324_6pm_KostarelosK_OkweloguE_EO107,0.7380952380952381,100.0
T238_OUTER_02,PMC6592156_SILVER_NANOPARTICLE_HUMAN_PLASMA,SEQUENCE_RIDGE_FULL,0.1,R4_EDINBURGH_SGO_20210324_6pm_KostarelosK_OkweloguE_EO113,0.8809523809523809,100.0
T238_OUTER_02,PMC6592156_SILVER_NANOPARTICLE_HUMAN_PLASMA,SEQUENCE_RIDGE_FULL,0.1,R4_EDINBURGH_SGO_20210324_6pm_KostarelosK_OkweloguE_EO116,0.5714285714285714,100.0
T238_OUTER_02,PMC6592156_SILVER_NANOPARTICLE_HUMAN_PLASMA,SEQUENCE_RIDGE_FULL,0.1,R4_EDINBURGH_SGO_20210324_6pm_KostarelosK_OkweloguE_EO12,0.7857142857142857,100.0
T238_OUTER_02,PMC6592156_SILVER_NANOPARTICLE_HUMAN_PLASMA,SEQUENCE_RIDGE_FULL,0.1,R4_EDINBURGH_SGO_20210324_6pm_KostarelosK_OkweloguE_EO16,0.8214285714285714,100.0
T238_OUTER_02,PMC6592156_SILVER_NANOPARTICLE_HUMAN_PLASMA,SEQUENCE_RIDGE_FULL,0.1,R4_EDINBURGH_SGO_20210324_6pm_KostarelosK_OkweloguE_EO21,0.5,100.0
T238_OUTER_02,PMC6592156_SILVER_NANOPARTICLE_HUMAN_PLASMA,SEQUENCE_RIDGE_FULL,0.1,R4_EDINBURGH_SGO_20210324_6pm_KostarelosK_OkweloguE_EO24,0.7857142857142857,100.0
T238_OUTER_02,PMC6592156_SILVER_NANOPARTICLE_HUMAN_PLASMA,SEQUENCE_RIDGE_FULL,0.1,R4_EDINBURGH_SGO_20210324_6pm_KostarelosK_OkweloguE_EO31,0.6666666666666666,100.0
T238_OUTER_02,PMC6592156_SILVER_NANOPARTICLE_HUMAN_PLASMA,SEQUENCE_RIDGE_FULL,0.1,R4_EDINBURGH_SGO_20210324_6pm_KostarelosK_OkweloguE_EO34,0.23809523809523808,100.0
T238_OUTER_02,PMC6592156_SILVER_NANOPARTICLE_HUMAN_PLASMA,SEQUENCE_RIDGE_FULL,0.1,R4_EDINBURGH_SGO_20210324_6pm_KostarelosK_OkweloguE_EO4,0.8571428571428571,100.0
T238_OUTER_02,PMC6592156_SILVER_NANOPARTICLE_HUMAN_PLASMA,SEQUENCE_RIDGE_FULL,0.1,R4_EDINBURGH_SGO_20210324_6pm_KostarelosK_OkweloguE_EO43,0.5,100.0
T238_OUTER_02,PMC6592156_SILVER_NANOPARTICLE_HUMAN_PLASMA,SEQUENCE_RIDGE_FULL,0.1,R4_EDINBURGH_SGO_20210324_6pm_KostarelosK_OkweloguE_EO52,0.7619047619047619,100.0
T238_OUTER_02,PMC6592156_SILVER_NANOPARTICLE_HUMAN_PLASMA,SEQUENCE_RIDGE_FULL,0.1,R4_EDINBURGH_SGO_20210324_6pm_KostarelosK_OkweloguE_EO64,0.8571428571428571,100.0
T238_OUTER_02,PMC6592156_SILVER_NANOPARTICLE_HUMAN_PLASMA,SEQUENCE_RIDGE_FULL,0.1,R4_EDINBURGH_SGO_20210324_6pm_KostarelosK_OkweloguE_EO66,0.7857142857142857,100.0
T238_OUTER_02,PMC6592156_SILVER_NANOPARTICLE_HUMAN_PLASMA,SEQUENCE_RIDGE_FULL,0.1,R4_EDINBURGH_SGO_20210324_6pm_KostarelosK_OkweloguE_EO73,0.8809523809523809,100.0
T238_OUTER_02,PMC6592156_SILVER_NANOPARTICLE_HUMAN_PLASMA,SEQUENCE_RIDGE_FULL,0.1,R4_EDINBURGH_SGO_20210324_6pm_KostarelosK_OkweloguE_EO83,0.8809523809523809,100.0
T238_OUTER_02,PMC6592156_SILVER_NANOPARTICLE_HUMAN_PLASMA,SEQUENCE_RIDGE_FULL,0.1,R4_EDINBURGH_SGO_20210324_6pm_KostarelosK_OkweloguE_EO88,0.5,100.0
T238_OUTER_02,PMC6592156_SILVER_NANOPARTICLE_HUMAN_PLASMA,SEQUENCE_RIDGE_FULL,0.1,R4_EDINBURGH_SGO_20210324_6pm_KostarelosK_OkweloguE_EO94,0.7619047619047619,100.0
T238_OUTER_02,PMC6592156_SILVER_NANOPARTICLE_HUMAN_PLASMA,SEQUENCE_RIDGE_FULL,0.1,R4_EDINBURGH_SGO_20210324_6pm_KostarelosK_OkweloguE_EO96,0.8809523809523809,100.0
T238_OUTER_02,PMC6592156_SILVER_NANOPARTICLE_HUMAN_PLASMA,SEQUENCE_RIDGE_FULL,0.1,R4_EDINBURGH_SGO_20210324_6pm_KostarelosK_OkweloguE_EO97,0.8095238095238095,100.0
T238_OUTER_02,PMC6592156_SILVER_NANOPARTICLE_HUMAN_PLASMA,SEQUENCE_RIDGE_FULL,0.1,R4_EDINBURGH_USGO_20210324_6pm_KostarelosK_OkweloguE_EO106,0.85,100.0
T238_OUTER_02,PMC6592156_SILVER_NANOPARTICLE_HUMAN_PLASMA,SEQUENCE_RIDGE_FULL,0.1,R4_EDINBURGH_USGO_20210324_6pm_KostarelosK_OkweloguE_EO11,0.6666666666666666,100.0
T238_OUTER_02,PMC6592156_SILVER_NANOPARTICLE_HUMAN_PLASMA,SEQUENCE_RIDGE_FULL,0.1,R4_EDINBURGH_USGO_20210324_6pm_KostarelosK_OkweloguE_EO111,0.8,100.0
T238_OUTER_02,PMC6592156_SILVER_NANOPARTICLE_HUMAN_PLASMA,SEQUENCE_RIDGE_FULL,0.1,R4_EDINBURGH_USGO_20210324_6pm_KostarelosK_OkweloguE_EO112,0.6166666666666667,100.0
T238_OUTER_02,PMC6592156_SILVER_NANOPARTICLE_HUMAN_PLASMA,SEQUENCE_RIDGE_FULL,0.1,R4_EDINBURGH_USGO_20210324_6pm_KostarelosK_OkweloguE_EO115,0.75,100.0
T238_OUTER_02,PMC6592156_SILVER_NANOPARTICLE_HUMAN_PLASMA,SEQUENCE_RIDGE_FULL,0.1,R4_EDINBURGH_USGO_20210324_6pm_KostarelosK_OkweloguE_EO120,0.9,100.0
T238_OUTER_02,PMC6592156_SILVER_NANOPARTICLE_HUMAN_PLASMA,SEQUENCE_RIDGE_FULL,0.1,R4_EDINBURGH_USGO_20210324_6pm_KostarelosK_OkweloguE_EO121,0.6166666666666667,100.0
T238_OUTER_02,PMC6592156_SILVER_NANOPARTICLE_HUMAN_PLASMA,SEQUENCE_RIDGE_FULL,0.1,R4_EDINBURGH_USGO_20210324_6pm_KostarelosK_OkweloguE_EO125,0.9,100.0
T238_OUTER_02,PMC6592156_SILVER_NANOPARTICLE_HUMAN_PLASMA,SEQUENCE_RIDGE_FULL,0.1,R4_EDINBURGH_USGO_20210324_6pm_KostarelosK_OkweloguE_EO126,0.8,100.0
T238_OUTER_02,PMC6592156_SILVER_NANOPARTICLE_HUMAN_PLASMA,SEQUENCE_RIDGE_FULL,0.1,R4_EDINBURGH_USGO_20210324_6pm_KostarelosK_OkweloguE_EO13,0.7857142857142857,100.0
T238_OUTER_02,PMC6592156_SILVER_NANOPARTICLE_HUMAN_PLASMA,SEQUENCE_RIDGE_FULL,0.1,R4_EDINBURGH_USGO_20210324_6pm_KostarelosK_OkweloguE_EO26,0.5952380952380952,100.0
T238_OUTER_02,PMC6592156_SILVER_NANOPARTICLE_HUMAN_PLASMA,SEQUENCE_RIDGE_FULL,0.1,R4_EDINBURGH_USGO_20210324_6pm_KostarelosK_OkweloguE_EO36,0.7142857142857143,100.0
T238_OUTER_02,PMC6592156_SILVER_NANOPARTICLE_HUMAN_PLASMA,SEQUENCE_RIDGE_FULL,0.1,R4_EDINBURGH_USGO_20210324_6pm_KostarelosK_OkweloguE_EO40,0.6666666666666666,100.0
T238_OUTER_02,PMC6592156_SILVER_NANOPARTICLE_HUMAN_PLASMA,SEQUENCE_RIDGE_FULL,0.1,R4_EDINBURGH_USGO_20210324_6pm_KostarelosK_OkweloguE_EO42,0.6666666666666666,100.0
T238_OUTER_02,PMC6592156_SILVER_NANOPARTICLE_HUMAN_PLASMA,SEQUENCE_RIDGE_FULL,0.1,R4_EDINBURGH_USGO_20210324_6pm_KostarelosK_OkweloguE_EO44,0.7857142857142857,100.0
T238_OUTER_02,PMC6592156_SILVER_NANOPARTICLE_HUMAN_PLASMA,SEQUENCE_RIDGE_FULL,0.1,R4_EDINBURGH_USGO_20210324_6pm_KostarelosK_OkweloguE_EO5,0.8833333333333333,100.0
T238_OUTER_02,PMC6592156_SILVER_NANOPARTICLE_HUMAN_PLASMA,SEQUENCE_RIDGE_FULL,0.1,R4_EDINBURGH_USGO_20210324_6pm_KostarelosK_OkweloguE_EO50,0.7666666666666667,100.0
T238_OUTER_02,PMC6592156_SILVER_NANOPARTICLE_HUMAN_PLASMA,SEQUENCE_RIDGE_FULL,0.1,R4_EDINBURGH_USGO_20210324_6pm_KostarelosK_OkweloguE_EO53,0.8095238095238095,100.0
T238_OUTER_02,PMC6592156_SILVER_NANOPARTICLE_HUMAN_PLASMA,SEQUENCE_RIDGE_FULL,0.1,R4_EDINBURGH_USGO_20210324_6pm_KostarelosK_OkweloguE_EO60,0.8571428571428571,100.0
T238_OUTER_02,PMC6592156_SILVER_NANOPARTICLE_HUMAN_PLASMA,SEQUENCE_RIDGE_FULL,0.1,R4_EDINBURGH_USGO_20210324_6pm_KostarelosK_OkweloguE_EO62,0.36666666666666664,100.0
T238_OUTER_02,PMC6592156_SILVER_NANOPARTICLE_HUMAN_PLASMA,SEQUENCE_RIDGE_FULL,0.1,R4_EDINBURGH_USGO_20210324_6pm_KostarelosK_OkweloguE_EO69,0.7833333333333333,100.0
T238_OUTER_02,PMC6592156_SILVER_NANOPARTICLE_HUMAN_PLASMA,SEQUENCE_RIDGE_FULL,0.1,R4_EDINBURGH_USGO_20210324_6pm_KostarelosK_OkweloguE_EO76,0.6166666666666667,100.0
T238_OUTER_02,PMC6592156_SILVER_NANOPARTICLE_HUMAN_PLASMA,SEQUENCE_RIDGE_FULL,0.1,R4_EDINBURGH_USGO_20210324_6pm_KostarelosK_OkweloguE_EO77,0.6904761904761905,100.0
T238_OUTER_02,PMC6592156_SILVER_NANOPARTICLE_HUMAN_PLASMA,SEQUENCE_RIDGE_FULL,0.1,R4_EDINBURGH_USGO_20210324_6pm_KostarelosK_OkweloguE_EO79,0.75,100.0
T238_OUTER_02,PMC6592156_SILVER_NANOPARTICLE_HUMAN_PLASMA,SEQUENCE_RIDGE_FULL,0.1,R4_EDINBURGH_USGO_20210324_6pm_KostarelosK_OkweloguE_EO86,0.8833333333333333,100.0
T238_OUTER_02,PMC6592156_SILVER_NANOPARTICLE_HUMAN_PLASMA,SEQUENCE_RIDGE_FULL,0.1,R4_EDINBURGH_USGO_20210324_6pm_KostarelosK_OkweloguE_EO87,0.7666666666666667,100.0
T238_OUTER_02,PMC6592156_SILVER_NANOPARTICLE_HUMAN_PLASMA,SEQUENCE_RIDGE_FULL,0.1,R4_PXD060795_F1,0.85,100.0
T238_OUTER_02,PMC6592156_SILVER_NANOPARTICLE_HUMAN_PLASMA,SEQUENCE_RIDGE_FULL,0.1,R4_PXD060795_F2,0.85,100.0
T238_OUTER_02,PMC6592156_SILVER_NANOPARTICLE_HUMAN_PLASMA,SEQUENCE_RIDGE_FULL,0.1,R4_PXD060795_F3,0.85,100.0
T238_OUTER_02,PMC6592156_SILVER_NANOPARTICLE_HUMAN_PLASMA,SEQUENCE_RIDGE_FULL,0.1,R4_PXD060795_F7,0.7833333333333333,100.0
T238_OUTER_02,PMC6592156_SILVER_NANOPARTICLE_HUMAN_PLASMA,SEQUENCE_RIDGE_FULL,0.1,R4_PXD060795_F8,0.8333333333333334,100.0
T238_OUTER_02,PMC6592156_SILVER_NANOPARTICLE_HUMAN_PLASMA,SEQUENCE_RIDGE_FULL,0.1,R4_PXD060795_F9,0.7142857142857143,100.0
T238_OUTER_02,PMC6592156_SILVER_NANOPARTICLE_HUMAN_PLASMA,SEQUENCE_RIDGE_FULL,0.1,T_D1_133,0.5936729339017844,100.0
T238_OUTER_02,PMC6592156_SILVER_NANOPARTICLE_HUMAN_PLASMA,SEQUENCE_RIDGE_FULL,0.1,T_D1_138,0.7431505414602934,100.0
T238_OUTER_02,PMC6592156_SILVER_NANOPARTICLE_HUMAN_PLASMA,SEQUENCE_RIDGE_FULL,0.1,T_D1_165,0.650213213321002,100.0
T238_OUTER_02,PMC6592156_SILVER_NANOPARTICLE_HUMAN_PLASMA,SEQUENCE_RIDGE_FULL,0.1,T_D1_173,0.5981797521201623,100.0
T238_OUTER_02,PMC6592156_SILVER_NANOPARTICLE_HUMAN_PLASMA,SEQUENCE_RIDGE_FULL,0.1,T_D1_186,0.6703832596185881,100.0
T238_OUTER_02,PMC6592156_SILVER_NANOPARTICLE_HUMAN_PLASMA,SEQUENCE_RIDGE_FULL,0.1,T_D3_119a,0.5817375393384442,100.0
T238_OUTER_02,PMC6592156_SILVER_NANOPARTICLE_HUMAN_PLASMA,SEQUENCE_RIDGE_FULL,0.1,T_D3_119b,0.5817375393384442,100.0
T238_OUTER_02,PMC6592156_SILVER_NANOPARTICLE_HUMAN_PLASMA,SEQUENCE_RIDGE_FULL,0.1,T_D3_155,0.4601573393548866,100.0
T238_OUTER_02,PMC6592156_SILVER_NANOPARTICLE_HUMAN_PLASMA,SEQUENCE_RIDGE_FULL,0.1,T_D3_178,0.650213213321002,100.0
T238_OUTER_02,PMC6592156_SILVER_NANOPARTICLE_HUMAN_PLASMA,SEQUENCE_RIDGE_FULL,0.1,T_D3_198,0.19526969068659972,100.0
T238_OUTER_02,PMC6592156_SILVER_NANOPARTICLE_HUMAN_PLASMA,SEQUENCE_RIDGE_FULL,0.1,__MEAN__,0.6940432057969667,100.0
T238_OUTER_02,PMC6592156_SILVER_NANOPARTICLE_HUMAN_PLASMA,SEQUENCE_RIDGE_FULL,1.0,PT_D1_16,0.631417849060341,100.0
T238_OUTER_02,PMC6592156_SILVER_NANOPARTICLE_HUMAN_PLASMA,SEQUENCE_RIDGE_FULL,1.0,PT_D1_18,0.23034110636021418,100.0
T238_OUTER_02,PMC6592156_SILVER_NANOPARTICLE_HUMAN_PLASMA,SEQUENCE_RIDGE_FULL,1.0,PT_D1_20,0.7807200583588266,100.0
T238_OUTER_02,PMC6592156_SILVER_NANOPARTICLE_HUMAN_PLASMA,SEQUENCE_RIDGE_FULL,1.0,PT_D1_23,0.7026447416620998,100.0
T238_OUTER_02,PMC6592156_SILVER_NANOPARTICLE_HUMAN_PLASMA,SEQUENCE_RIDGE_FULL,1.0,PT_D1_33,0.7721409011684659,100.0
T238_OUTER_02,PMC6592156_SILVER_NANOPARTICLE_HUMAN_PLASMA,SEQUENCE_RIDGE_FULL,1.0,PT_D1_34,0.5936729339017844,100.0
T238_OUTER_02,PMC6592156_SILVER_NANOPARTICLE_HUMAN_PLASMA,SEQUENCE_RIDGE_FULL,1.0,PT_D1_48,0.5331975850475652,100.0
T238_OUTER_02,PMC6592156_SILVER_NANOPARTICLE_HUMAN_PLASMA,SEQUENCE_RIDGE_FULL,1.0,PT_D1_51,0.6260603994785162,100.0
T238_OUTER_02,PMC6592156_SILVER_NANOPARTICLE_HUMAN_PLASMA,SEQUENCE_RIDGE_FULL,1.0,PT_D1_73,0.6205200419610072,100.0
T238_OUTER_02,PMC6592156_SILVER_NANOPARTICLE_HUMAN_PLASMA,SEQUENCE_RIDGE_FULL,1.0,PT_D1_81,0.270801280154532,100.0
T238_OUTER_02,PMC6592156_SILVER_NANOPARTICLE_HUMAN_PLASMA,SEQUENCE_RIDGE_FULL,1.0,PT_D3_06,0.650213213321002,100.0
T238_OUTER_02,PMC6592156_SILVER_NANOPARTICLE_HUMAN_PLASMA,SEQUENCE_RIDGE_FULL,1.0,PT_D3_14,0.650213213321002,100.0
T238_OUTER_02,PMC6592156_SILVER_NANOPARTICLE_HUMAN_PLASMA,SEQUENCE_RIDGE_FULL,1.0,PT_D3_22,0.5951368255656534,100.0
T238_OUTER_02,PMC6592156_SILVER_NANOPARTICLE_HUMAN_PLASMA,SEQUENCE_RIDGE_FULL,1.0,PT_D3_28,0.8353813836471727,100.0
T238_OUTER_02,PMC6592156_SILVER_NANOPARTICLE_HUMAN_PLASMA,SEQUENCE_RIDGE_FULL,1.0,PT_D3_30,0.6596376411971161,100.0
T238_OUTER_02,PMC6592156_SILVER_NANOPARTICLE_HUMAN_PLASMA,SEQUENCE_RIDGE_FULL,1.0,PT_D3_37,0.6360781434661976,100.0
T238_OUTER_02,PMC6592156_SILVER_NANOPARTICLE_HUMAN_PLASMA,SEQUENCE_RIDGE_FULL,1.0,PT_D3_41,0.4862589962641426,100.0
T238_OUTER_02,PMC6592156_SILVER_NANOPARTICLE_HUMAN_PLASMA,SEQUENCE_RIDGE_FULL,1.0,PT_D3_42,0.720888562595024,100.0
T238_OUTER_02,PMC6592156_SILVER_NANOPARTICLE_HUMAN_PLASMA,SEQUENCE_RIDGE_FULL,1.0,PT_D3_85,0.5951368255656534,100.0
T238_OUTER_02,PMC6592156_SILVER_NANOPARTICLE_HUMAN_PLASMA,SEQUENCE_RIDGE_FULL,1.0,PT_D3_96,0.650213213321002,100.0
T238_OUTER_02,PMC6592156_SILVER_NANOPARTICLE_HUMAN_PLASMA,SEQUENCE_RIDGE_FULL,1.0,R4_EDINBURGH_SGO_20210324_6pm_KostarelosK_OkweloguE_EO10,0.8571428571428571,100.0
T238_OUTER_02,PMC6592156_SILVER_NANOPARTICLE_HUMAN_PLASMA,SEQUENCE_RIDGE_FULL,1.0,R4_EDINBURGH_SGO_20210324_6pm_KostarelosK_OkweloguE_EO103,0.7619047619047619,100.0
T238_OUTER_02,PMC6592156_SILVER_NANOPARTICLE_HUMAN_PLASMA,SEQUENCE_RIDGE_FULL,1.0,R4_EDINBURGH_SGO_20210324_6pm_KostarelosK_OkweloguE_EO105,0.7857142857142857,100.0
T238_OUTER_02,PMC6592156_SILVER_NANOPARTICLE_HUMAN_PLASMA,SEQUENCE_RIDGE_FULL,1.0,R4_EDINBURGH_SGO_20210324_6pm_KostarelosK_OkweloguE_EO107,0.7380952380952381,100.0
T238_OUTER_02,PMC6592156_SILVER_NANOPARTICLE_HUMAN_PLASMA,SEQUENCE_RIDGE_FULL,1.0,R4_EDINBURGH_SGO_20210324_6pm_KostarelosK_OkweloguE_EO113,0.8809523809523809,100.0
T238_OUTER_02,PMC6592156_SILVER_NANOPARTICLE_HUMAN_PLASMA,SEQUENCE_RIDGE_FULL,1.0,R4_EDINBURGH_SGO_20210324_6pm_KostarelosK_OkweloguE_EO116,0.5714285714285714,100.0
T238_OUTER_02,PMC6592156_SILVER_NANOPARTICLE_HUMAN_PLASMA,SEQUENCE_RIDGE_FULL,1.0,R4_EDINBURGH_SGO_20210324_6pm_KostarelosK_OkweloguE_EO12,0.7857142857142857,100.0
T238_OUTER_02,PMC6592156_SILVER_NANOPARTICLE_HUMAN_PLASMA,SEQUENCE_RIDGE_FULL,1.0,R4_EDINBURGH_SGO_20210324_6pm_KostarelosK_OkweloguE_EO16,0.8214285714285714,100.0
T238_OUTER_02,PMC6592156_SILVER_NANOPARTICLE_HUMAN_PLASMA,SEQUENCE_RIDGE_FULL,1.0,R4_EDINBURGH_SGO_20210324_6pm_KostarelosK_OkweloguE_EO21,0.5,100.0
T238_OUTER_02,PMC6592156_SILVER_NANOPARTICLE_HUMAN_PLASMA,SEQUENCE_RIDGE_FULL,1.0,R4_EDINBURGH_SGO_20210324_6pm_KostarelosK_OkweloguE_EO24,0.7857142857142857,100.0
T238_OUTER_02,PMC6592156_SILVER_NANOPARTICLE_HUMAN_PLASMA,SEQUENCE_RIDGE_FULL,1.0,R4_EDINBURGH_SGO_20210324_6pm_KostarelosK_OkweloguE_EO31,0.6666666666666666,100.0
T238_OUTER_02,PMC6592156_SILVER_NANOPARTICLE_HUMAN_PLASMA,SEQUENCE_RIDGE_FULL,1.0,R4_EDINBURGH_SGO_20210324_6pm_KostarelosK_OkweloguE_EO34,0.23809523809523808,100.0
T238_OUTER_02,PMC6592156_SILVER_NANOPARTICLE_HUMAN_PLASMA,SEQUENCE_RIDGE_FULL,1.0,R4_EDINBURGH_SGO_20210324_6pm_KostarelosK_OkweloguE_EO4,0.8571428571428571,100.0
T238_OUTER_02,PMC6592156_SILVER_NANOPARTICLE_HUMAN_PLASMA,SEQUENCE_RIDGE_FULL,1.0,R4_EDINBURGH_SGO_20210324_6pm_KostarelosK_OkweloguE_EO43,0.5,100.0
T238_OUTER_02,PMC6592156_SILVER_NANOPARTICLE_HUMAN_PLASMA,SEQUENCE_RIDGE_FULL,1.0,R4_EDINBURGH_SGO_20210324_6pm_KostarelosK_OkweloguE_EO52,0.7619047619047619,100.0
T238_OUTER_02,PMC6592156_SILVER_NANOPARTICLE_HUMAN_PLASMA,SEQUENCE_RIDGE_FULL,1.0,R4_EDINBURGH_SGO_20210324_6pm_KostarelosK_OkweloguE_EO64,0.8571428571428571,100.0
T238_OUTER_02,PMC6592156_SILVER_NANOPARTICLE_HUMAN_PLASMA,SEQUENCE_RIDGE_FULL,1.0,R4_EDINBURGH_SGO_20210324_6pm_KostarelosK_OkweloguE_EO66,0.7857142857142857,100.0
T238_OUTER_02,PMC6592156_SILVER_NANOPARTICLE_HUMAN_PLASMA,SEQUENCE_RIDGE_FULL,1.0,R4_EDINBURGH_SGO_20210324_6pm_KostarelosK_OkweloguE_EO73,0.8809523809523809,100.0
T238_OUTER_02,PMC6592156_SILVER_NANOPARTICLE_HUMAN_PLASMA,SEQUENCE_RIDGE_FULL,1.0,R4_EDINBURGH_SGO_20210324_6pm_KostarelosK_OkweloguE_EO83,0.8809523809523809,100.0
T238_OUTER_02,PMC6592156_SILVER_NANOPARTICLE_HUMAN_PLASMA,SEQUENCE_RIDGE_FULL,1.0,R4_EDINBURGH_SGO_20210324_6pm_KostarelosK_OkweloguE_EO88,0.5,100.0
T238_OUTER_02,PMC6592156_SILVER_NANOPARTICLE_HUMAN_PLASMA,SEQUENCE_RIDGE_FULL,1.0,R4_EDINBURGH_SGO_20210324_6pm_KostarelosK_OkweloguE_EO94,0.7619047619047619,100.0
T238_OUTER_02,PMC6592156_SILVER_NANOPARTICLE_HUMAN_PLASMA,SEQUENCE_RIDGE_FULL,1.0,R4_EDINBURGH_SGO_20210324_6pm_KostarelosK_OkweloguE_EO96,0.8809523809523809,100.0
T238_OUTER_02,PMC6592156_SILVER_NANOPARTICLE_HUMAN_PLASMA,SEQUENCE_RIDGE_FULL,1.0,R4_EDINBURGH_SGO_20210324_6pm_KostarelosK_OkweloguE_EO97,0.8095238095238095,100.0
T238_OUTER_02,PMC6592156_SILVER_NANOPARTICLE_HUMAN_PLASMA,SEQUENCE_RIDGE_FULL,1.0,R4_EDINBURGH_USGO_20210324_6pm_KostarelosK_OkweloguE_EO106,0.85,100.0
T238_OUTER_02,PMC6592156_SILVER_NANOPARTICLE_HUMAN_PLASMA,SEQUENCE_RIDGE_FULL,1.0,R4_EDINBURGH_USGO_20210324_6pm_KostarelosK_OkweloguE_EO11,0.6666666666666666,100.0
T238_OUTER_02,PMC6592156_SILVER_NANOPARTICLE_HUMAN_PLASMA,SEQUENCE_RIDGE_FULL,1.0,R4_EDINBURGH_USGO_20210324_6pm_KostarelosK_OkweloguE_EO111,0.8,100.0
T238_OUTER_02,PMC6592156_SILVER_NANOPARTICLE_HUMAN_PLASMA,SEQUENCE_RIDGE_FULL,1.0,R4_EDINBURGH_USGO_20210324_6pm_KostarelosK_OkweloguE_EO112,0.6166666666666667,100.0
T238_OUTER_02,PMC6592156_SILVER_NANOPARTICLE_HUMAN_PLASMA,SEQUENCE_RIDGE_FULL,1.0,R4_EDINBURGH_USGO_20210324_6pm_KostarelosK_OkweloguE_EO115,0.75,100.0
T238_OUTER_02,PMC6592156_SILVER_NANOPARTICLE_HUMAN_PLASMA,SEQUENCE_RIDGE_FULL,1.0,R4_EDINBURGH_USGO_20210324_6pm_KostarelosK_OkweloguE_EO120,0.9,100.0
T238_OUTER_02,PMC6592156_SILVER_NANOPARTICLE_HUMAN_PLASMA,SEQUENCE_RIDGE_FULL,1.0,R4_EDINBURGH_USGO_20210324_6pm_KostarelosK_OkweloguE_EO121,0.6166666666666667,100.0
T238_OUTER_02,PMC6592156_SILVER_NANOPARTICLE_HUMAN_PLASMA,SEQUENCE_RIDGE_FULL,1.0,R4_EDINBURGH_USGO_20210324_6pm_KostarelosK_OkweloguE_EO125,0.9,100.0
T238_OUTER_02,PMC6592156_SILVER_NANOPARTICLE_HUMAN_PLASMA,SEQUENCE_RIDGE_FULL,1.0,R4_EDINBURGH_USGO_20210324_6pm_KostarelosK_OkweloguE_EO126,0.8166666666666667,100.0
T238_OUTER_02,PMC6592156_SILVER_NANOPARTICLE_HUMAN_PLASMA,SEQUENCE_RIDGE_FULL,1.0,R4_EDINBURGH_USGO_20210324_6pm_KostarelosK_OkweloguE_EO13,0.7857142857142857,100.0
T238_OUTER_02,PMC6592156_SILVER_NANOPARTICLE_HUMAN_PLASMA,SEQUENCE_RIDGE_FULL,1.0,R4_EDINBURGH_USGO_20210324_6pm_KostarelosK_OkweloguE_EO26,0.5952380952380952,100.0
T238_OUTER_02,PMC6592156_SILVER_NANOPARTICLE_HUMAN_PLASMA,SEQUENCE_RIDGE_FULL,1.0,R4_EDINBURGH_USGO_20210324_6pm_KostarelosK_OkweloguE_EO36,0.7142857142857143,100.0
T238_OUTER_02,PMC6592156_SILVER_NANOPARTICLE_HUMAN_PLASMA,SEQUENCE_RIDGE_FULL,1.0,R4_EDINBURGH_USGO_20210324_6pm_KostarelosK_OkweloguE_EO40,0.6666666666666666,100.0
T238_OUTER_02,PMC6592156_SILVER_NANOPARTICLE_HUMAN_PLASMA,SEQUENCE_RIDGE_FULL,1.0,R4_EDINBURGH_USGO_20210324_6pm_KostarelosK_OkweloguE_EO42,0.6666666666666666,100.0
T238_OUTER_02,PMC6592156_SILVER_NANOPARTICLE_HUMAN_PLASMA,SEQUENCE_RIDGE_FULL,1.0,R4_EDINBURGH_USGO_20210324_6pm_KostarelosK_OkweloguE_EO44,0.7857142857142857,100.0
T238_OUTER_02,PMC6592156_SILVER_NANOPARTICLE_HUMAN_PLASMA,SEQUENCE_RIDGE_FULL,1.0,R4_EDINBURGH_USGO_20210324_6pm_KostarelosK_OkweloguE_EO5,0.8833333333333333,100.0
T238_OUTER_02,PMC6592156_SILVER_NANOPARTICLE_HUMAN_PLASMA,SEQUENCE_RIDGE_FULL,1.0,R4_EDINBURGH_USGO_20210324_6pm_KostarelosK_OkweloguE_EO50,0.7666666666666667,100.0
T238_OUTER_02,PMC6592156_SILVER_NANOPARTICLE_HUMAN_PLASMA,SEQUENCE_RIDGE_FULL,1.0,R4_EDINBURGH_USGO_20210324_6pm_KostarelosK_OkweloguE_EO53,0.8095238095238095,100.0
T238_OUTER_02,PMC6592156_SILVER_NANOPARTICLE_HUMAN_PLASMA,SEQUENCE_RIDGE_FULL,1.0,R4_EDINBURGH_USGO_20210324_6pm_KostarelosK_OkweloguE_EO60,0.8571428571428571,100.0
T238_OUTER_02,PMC6592156_SILVER_NANOPARTICLE_HUMAN_PLASMA,SEQUENCE_RIDGE_FULL,1.0,R4_EDINBURGH_USGO_20210324_6pm_KostarelosK_OkweloguE_EO62,0.36666666666666664,100.0
T238_OUTER_02,PMC6592156_SILVER_NANOPARTICLE_HUMAN_PLASMA,SEQUENCE_RIDGE_FULL,1.0,R4_EDINBURGH_USGO_20210324_6pm_KostarelosK_OkweloguE_EO69,0.7833333333333333,100.0
T238_OUTER_02,PMC6592156_SILVER_NANOPARTICLE_HUMAN_PLASMA,SEQUENCE_RIDGE_FULL,1.0,R4_EDINBURGH_USGO_20210324_6pm_KostarelosK_OkweloguE_EO76,0.6166666666666667,100.0
T238_OUTER_02,PMC6592156_SILVER_NANOPARTICLE_HUMAN_PLASMA,SEQUENCE_RIDGE_FULL,1.0,R4_EDINBURGH_USGO_20210324_6pm_KostarelosK_OkweloguE_EO77,0.6904761904761905,100.0
T238_OUTER_02,PMC6592156_SILVER_NANOPARTICLE_HUMAN_PLASMA,SEQUENCE_RIDGE_FULL,1.0,R4_EDINBURGH_USGO_20210324_6pm_KostarelosK_OkweloguE_EO79,0.75,100.0
T238_OUTER_02,PMC6592156_SILVER_NANOPARTICLE_HUMAN_PLASMA,SEQUENCE_RIDGE_FULL,1.0,R4_EDINBURGH_USGO_20210324_6pm_KostarelosK_OkweloguE_EO86,0.8833333333333333,100.0
T238_OUTER_02,PMC6592156_SILVER_NANOPARTICLE_HUMAN_PLASMA,SEQUENCE_RIDGE_FULL,1.0,R4_EDINBURGH_USGO_20210324_6pm_KostarelosK_OkweloguE_EO87,0.7666666666666667,100.0
T238_OUTER_02,PMC6592156_SILVER_NANOPARTICLE_HUMAN_PLASMA,SEQUENCE_RIDGE_FULL,1.0,R4_PXD060795_F1,0.85,100.0
T238_OUTER_02,PMC6592156_SILVER_NANOPARTICLE_HUMAN_PLASMA,SEQUENCE_RIDGE_FULL,1.0,R4_PXD060795_F2,0.85,100.0
T238_OUTER_02,PMC6592156_SILVER_NANOPARTICLE_HUMAN_PLASMA,SEQUENCE_RIDGE_FULL,1.0,R4_PXD060795_F3,0.85,100.0
T238_OUTER_02,PMC6592156_SILVER_NANOPARTICLE_HUMAN_PLASMA,SEQUENCE_RIDGE_FULL,1.0,R4_PXD060795_F7,0.7833333333333333,100.0
T238_OUTER_02,PMC6592156_SILVER_NANOPARTICLE_HUMAN_PLASMA,SEQUENCE_RIDGE_FULL,1.0,R4_PXD060795_F8,0.8333333333333334,100.0
T238_OUTER_02,PMC6592156_SILVER_NANOPARTICLE_HUMAN_PLASMA,SEQUENCE_RIDGE_FULL,1.0,R4_PXD060795_F9,0.7142857142857143,100.0
T238_OUTER_02,PMC6592156_SILVER_NANOPARTICLE_HUMAN_PLASMA,SEQUENCE_RIDGE_FULL,1.0,T_D1_133,0.5936729339017844,100.0
T238_OUTER_02,PMC6592156_SILVER_NANOPARTICLE_HUMAN_PLASMA,SEQUENCE_RIDGE_FULL,1.0,T_D1_138,0.7494747984908757,100.0
T238_OUTER_02,PMC6592156_SILVER_NANOPARTICLE_HUMAN_PLASMA,SEQUENCE_RIDGE_FULL,1.0,T_D1_165,0.650213213321002,100.0
T238_OUTER_02,PMC6592156_SILVER_NANOPARTICLE_HUMAN_PLASMA,SEQUENCE_RIDGE_FULL,1.0,T_D1_173,0.6055300708194983,100.0
T238_OUTER_02,PMC6592156_SILVER_NANOPARTICLE_HUMAN_PLASMA,SEQUENCE_RIDGE_FULL,1.0,T_D1_186,0.6703832596185881,100.0
T238_OUTER_02,PMC6592156_SILVER_NANOPARTICLE_HUMAN_PLASMA,SEQUENCE_RIDGE_FULL,1.0,T_D3_119a,0.5836930727980435,100.0
T238_OUTER_02,PMC6592156_SILVER_NANOPARTICLE_HUMAN_PLASMA,SEQUENCE_RIDGE_FULL,1.0,T_D3_119b,0.5817375393384442,100.0
T238_OUTER_02,PMC6592156_SILVER_NANOPARTICLE_HUMAN_PLASMA,SEQUENCE_RIDGE_FULL,1.0,T_D3_155,0.44312936752559784,100.0
T238_OUTER_02,PMC6592156_SILVER_NANOPARTICLE_HUMAN_PLASMA,SEQUENCE_RIDGE_FULL,1.0,T_D3_178,0.650213213321002,100.0
T238_OUTER_02,PMC6592156_SILVER_NANOPARTICLE_HUMAN_PLASMA,SEQUENCE_RIDGE_FULL,1.0,T_D3_198,0.19526969068659972,100.0
T238_OUTER_02,PMC6592156_SILVER_NANOPARTICLE_HUMAN_PLASMA,SEQUENCE_RIDGE_FULL,1.0,__MEAN__,0.6943382821176547,100.0
T238_OUTER_02,PMC6592156_SILVER_NANOPARTICLE_HUMAN_PLASMA,SEQUENCE_RIDGE_FULL,10.0,PT_D1_16,0.631417849060341,100.0
T238_OUTER_02,PMC6592156_SILVER_NANOPARTICLE_HUMAN_PLASMA,SEQUENCE_RIDGE_FULL,10.0,PT_D1_18,0.23034110636021418,100.0
T238_OUTER_02,PMC6592156_SILVER_NANOPARTICLE_HUMAN_PLASMA,SEQUENCE_RIDGE_FULL,10.0,PT_D1_20,0.7807200583588266,100.0
T238_OUTER_02,PMC6592156_SILVER_NANOPARTICLE_HUMAN_PLASMA,SEQUENCE_RIDGE_FULL,10.0,PT_D1_23,0.7026447416620998,100.0
T238_OUTER_02,PMC6592156_SILVER_NANOPARTICLE_HUMAN_PLASMA,SEQUENCE_RIDGE_FULL,10.0,PT_D1_33,0.766862532712444,100.0
T238_OUTER_02,PMC6592156_SILVER_NANOPARTICLE_HUMAN_PLASMA,SEQUENCE_RIDGE_FULL,10.0,PT_D1_34,0.650213213321002,100.0
T238_OUTER_02,PMC6592156_SILVER_NANOPARTICLE_HUMAN_PLASMA,SEQUENCE_RIDGE_FULL,10.0,PT_D1_48,0.5641717186187931,100.0
T238_OUTER_02,PMC6592156_SILVER_NANOPARTICLE_HUMAN_PLASMA,SEQUENCE_RIDGE_FULL,10.0,PT_D1_51,0.6260603994785162,100.0
T238_OUTER_02,PMC6592156_SILVER_NANOPARTICLE_HUMAN_PLASMA,SEQUENCE_RIDGE_FULL,10.0,PT_D1_73,0.6205200419610072,100.0
T238_OUTER_02,PMC6592156_SILVER_NANOPARTICLE_HUMAN_PLASMA,SEQUENCE_RIDGE_FULL,10.0,PT_D1_81,0.270801280154532,100.0
T238_OUTER_02,PMC6592156_SILVER_NANOPARTICLE_HUMAN_PLASMA,SEQUENCE_RIDGE_FULL,10.0,PT_D3_06,0.7067534927402196,100.0
T238_OUTER_02,PMC6592156_SILVER_NANOPARTICLE_HUMAN_PLASMA,SEQUENCE_RIDGE_FULL,10.0,PT_D3_14,0.650213213321002,100.0
T238_OUTER_02,PMC6592156_SILVER_NANOPARTICLE_HUMAN_PLASMA,SEQUENCE_RIDGE_FULL,10.0,PT_D3_22,0.5951368255656534,100.0
T238_OUTER_02,PMC6592156_SILVER_NANOPARTICLE_HUMAN_PLASMA,SEQUENCE_RIDGE_FULL,10.0,PT_D3_28,0.856305150653836,100.0
T238_OUTER_02,PMC6592156_SILVER_NANOPARTICLE_HUMAN_PLASMA,SEQUENCE_RIDGE_FULL,10.0,PT_D3_30,0.6596376411971161,100.0
T238_OUTER_02,PMC6592156_SILVER_NANOPARTICLE_HUMAN_PLASMA,SEQUENCE_RIDGE_FULL,10.0,PT_D3_37,0.6360781434661976,100.0
T238_OUTER_02,PMC6592156_SILVER_NANOPARTICLE_HUMAN_PLASMA,SEQUENCE_RIDGE_FULL,10.0,PT_D3_41,0.4919865241627221,100.0
T238_OUTER_02,PMC6592156_SILVER_NANOPARTICLE_HUMAN_PLASMA,SEQUENCE_RIDGE_FULL,10.0,PT_D3_42,0.720888562595024,100.0
T238_OUTER_02,PMC6592156_SILVER_NANOPARTICLE_HUMAN_PLASMA,SEQUENCE_RIDGE_FULL,10.0,PT_D3_85,0.5828659631828564,100.0
T238_OUTER_02,PMC6592156_SILVER_NANOPARTICLE_HUMAN_PLASMA,SEQUENCE_RIDGE_FULL,10.0,PT_D3_96,0.650213213321002,100.0
T238_OUTER_02,PMC6592156_SILVER_NANOPARTICLE_HUMAN_PLASMA,SEQUENCE_RIDGE_FULL,10.0,R4_EDINBURGH_SGO_20210324_6pm_KostarelosK_OkweloguE_EO10,0.8571428571428571,100.0
T238_OUTER_02,PMC6592156_SILVER_NANOPARTICLE_HUMAN_PLASMA,SEQUENCE_RIDGE_FULL,10.0,R4_EDINBURGH_SGO_20210324_6pm_KostarelosK_OkweloguE_EO103,0.7619047619047619,100.0
T238_OUTER_02,PMC6592156_SILVER_NANOPARTICLE_HUMAN_PLASMA,SEQUENCE_RIDGE_FULL,10.0,R4_EDINBURGH_SGO_20210324_6pm_KostarelosK_OkweloguE_EO105,0.7857142857142857,100.0
T238_OUTER_02,PMC6592156_SILVER_NANOPARTICLE_HUMAN_PLASMA,SEQUENCE_RIDGE_FULL,10.0,R4_EDINBURGH_SGO_20210324_6pm_KostarelosK_OkweloguE_EO107,0.7380952380952381,100.0
T238_OUTER_02,PMC6592156_SILVER_NANOPARTICLE_HUMAN_PLASMA,SEQUENCE_RIDGE_FULL,10.0,R4_EDINBURGH_SGO_20210324_6pm_KostarelosK_OkweloguE_EO113,0.8809523809523809,100.0
T238_OUTER_02,PMC6592156_SILVER_NANOPARTICLE_HUMAN_PLASMA,SEQUENCE_RIDGE_FULL,10.0,R4_EDINBURGH_SGO_20210324_6pm_KostarelosK_OkweloguE_EO116,0.5714285714285714,100.0
T238_OUTER_02,PMC6592156_SILVER_NANOPARTICLE_HUMAN_PLASMA,SEQUENCE_RIDGE_FULL,10.0,R4_EDINBURGH_SGO_20210324_6pm_KostarelosK_OkweloguE_EO12,0.7857142857142857,100.0
T238_OUTER_02,PMC6592156_SILVER_NANOPARTICLE_HUMAN_PLASMA,SEQUENCE_RIDGE_FULL,10.0,R4_EDINBURGH_SGO_20210324_6pm_KostarelosK_OkweloguE_EO16,0.8214285714285714,100.0
T238_OUTER_02,PMC6592156_SILVER_NANOPARTICLE_HUMAN_PLASMA,SEQUENCE_RIDGE_FULL,10.0,R4_EDINBURGH_SGO_20210324_6pm_KostarelosK_OkweloguE_EO21,0.5,100.0
T238_OUTER_02,PMC6592156_SILVER_NANOPARTICLE_HUMAN_PLASMA,SEQUENCE_RIDGE_FULL,10.0,R4_EDINBURGH_SGO_20210324_6pm_KostarelosK_OkweloguE_EO24,0.7857142857142857,100.0
T238_OUTER_02,PMC6592156_SILVER_NANOPARTICLE_HUMAN_PLASMA,SEQUENCE_RIDGE_FULL,10.0,R4_EDINBURGH_SGO_20210324_6pm_KostarelosK_OkweloguE_EO31,0.6666666666666666,100.0
T238_OUTER_02,PMC6592156_SILVER_NANOPARTICLE_HUMAN_PLASMA,SEQUENCE_RIDGE_FULL,10.0,R4_EDINBURGH_SGO_20210324_6pm_KostarelosK_OkweloguE_EO34,0.23809523809523808,100.0
T238_OUTER_02,PMC6592156_SILVER_NANOPARTICLE_HUMAN_PLASMA,SEQUENCE_RIDGE_FULL,10.0,R4_EDINBURGH_SGO_20210324_6pm_KostarelosK_OkweloguE_EO4,0.8571428571428571,100.0
T238_OUTER_02,PMC6592156_SILVER_NANOPARTICLE_HUMAN_PLASMA,SEQUENCE_RIDGE_FULL,10.0,R4_EDINBURGH_SGO_20210324_6pm_KostarelosK_OkweloguE_EO43,0.5,100.0
T238_OUTER_02,PMC6592156_SILVER_NANOPARTICLE_HUMAN_PLASMA,SEQUENCE_RIDGE_FULL,10.0,R4_EDINBURGH_SGO_20210324_6pm_KostarelosK_OkweloguE_EO52,0.7619047619047619,100.0
T238_OUTER_02,PMC6592156_SILVER_NANOPARTICLE_HUMAN_PLASMA,SEQUENCE_RIDGE_FULL,10.0,R4_EDINBURGH_SGO_20210324_6pm_KostarelosK_OkweloguE_EO64,0.8571428571428571,100.0
T238_OUTER_02,PMC6592156_SILVER_NANOPARTICLE_HUMAN_PLASMA,SEQUENCE_RIDGE_FULL,10.0,R4_EDINBURGH_SGO_20210324_6pm_KostarelosK_OkweloguE_EO66,0.7857142857142857,100.0
T238_OUTER_02,PMC6592156_SILVER_NANOPARTICLE_HUMAN_PLASMA,SEQUENCE_RIDGE_FULL,10.0,R4_EDINBURGH_SGO_20210324_6pm_KostarelosK_OkweloguE_EO73,0.8809523809523809,100.0
T238_OUTER_02,PMC6592156_SILVER_NANOPARTICLE_HUMAN_PLASMA,SEQUENCE_RIDGE_FULL,10.0,R4_EDINBURGH_SGO_20210324_6pm_KostarelosK_OkweloguE_EO83,0.8809523809523809,100.0
T238_OUTER_02,PMC6592156_SILVER_NANOPARTICLE_HUMAN_PLASMA,SEQUENCE_RIDGE_FULL,10.0,R4_EDINBURGH_SGO_20210324_6pm_KostarelosK_OkweloguE_EO88,0.5,100.0
T238_OUTER_02,PMC6592156_SILVER_NANOPARTICLE_HUMAN_PLASMA,SEQUENCE_RIDGE_FULL,10.0,R4_EDINBURGH_SGO_20210324_6pm_KostarelosK_OkweloguE_EO94,0.7619047619047619,100.0
T238_OUTER_02,PMC6592156_SILVER_NANOPARTICLE_HUMAN_PLASMA,SEQUENCE_RIDGE_FULL,10.0,R4_EDINBURGH_SGO_20210324_6pm_KostarelosK_OkweloguE_EO96,0.8809523809523809,100.0
T238_OUTER_02,PMC6592156_SILVER_NANOPARTICLE_HUMAN_PLASMA,SEQUENCE_RIDGE_FULL,10.0,R4_EDINBURGH_SGO_20210324_6pm_KostarelosK_OkweloguE_EO97,0.8095238095238095,100.0
T238_OUTER_02,PMC6592156_SILVER_NANOPARTICLE_HUMAN_PLASMA,SEQUENCE_RIDGE_FULL,10.0,R4_EDINBURGH_USGO_20210324_6pm_KostarelosK_OkweloguE_EO106,0.85,100.0
T238_OUTER_02,PMC6592156_SILVER_NANOPARTICLE_HUMAN_PLASMA,SEQUENCE_RIDGE_FULL,10.0,R4_EDINBURGH_USGO_20210324_6pm_KostarelosK_OkweloguE_EO11,0.6666666666666666,100.0
T238_OUTER_02,PMC6592156_SILVER_NANOPARTICLE_HUMAN_PLASMA,SEQUENCE_RIDGE_FULL,10.0,R4_EDINBURGH_USGO_20210324_6pm_KostarelosK_OkweloguE_EO111,0.8,100.0
T238_OUTER_02,PMC6592156_SILVER_NANOPARTICLE_HUMAN_PLASMA,SEQUENCE_RIDGE_FULL,10.0,R4_EDINBURGH_USGO_20210324_6pm_KostarelosK_OkweloguE_EO112,0.6166666666666667,100.0
T238_OUTER_02,PMC6592156_SILVER_NANOPARTICLE_HUMAN_PLASMA,SEQUENCE_RIDGE_FULL,10.0,R4_EDINBURGH_USGO_20210324_6pm_KostarelosK_OkweloguE_EO115,0.75,100.0
T238_OUTER_02,PMC6592156_SILVER_NANOPARTICLE_HUMAN_PLASMA,SEQUENCE_RIDGE_FULL,10.0,R4_EDINBURGH_USGO_20210324_6pm_KostarelosK_OkweloguE_EO120,0.9,100.0
T238_OUTER_02,PMC6592156_SILVER_NANOPARTICLE_HUMAN_PLASMA,SEQUENCE_RIDGE_FULL,10.0,R4_EDINBURGH_USGO_20210324_6pm_KostarelosK_OkweloguE_EO121,0.6666666666666666,100.0
T238_OUTER_02,PMC6592156_SILVER_NANOPARTICLE_HUMAN_PLASMA,SEQUENCE_RIDGE_FULL,10.0,R4_EDINBURGH_USGO_20210324_6pm_KostarelosK_OkweloguE_EO125,0.95,100.0
T238_OUTER_02,PMC6592156_SILVER_NANOPARTICLE_HUMAN_PLASMA,SEQUENCE_RIDGE_FULL,10.0,R4_EDINBURGH_USGO_20210324_6pm_KostarelosK_OkweloguE_EO126,0.8166666666666667,100.0
T238_OUTER_02,PMC6592156_SILVER_NANOPARTICLE_HUMAN_PLASMA,SEQUENCE_RIDGE_FULL,10.0,R4_EDINBURGH_USGO_20210324_6pm_KostarelosK_OkweloguE_EO13,0.7857142857142857,100.0
T238_OUTER_02,PMC6592156_SILVER_NANOPARTICLE_HUMAN_PLASMA,SEQUENCE_RIDGE_FULL,10.0,R4_EDINBURGH_USGO_20210324_6pm_KostarelosK_OkweloguE_EO26,0.5952380952380952,100.0
T238_OUTER_02,PMC6592156_SILVER_NANOPARTICLE_HUMAN_PLASMA,SEQUENCE_RIDGE_FULL,10.0,R4_EDINBURGH_USGO_20210324_6pm_KostarelosK_OkweloguE_EO36,0.7142857142857143,100.0
T238_OUTER_02,PMC6592156_SILVER_NANOPARTICLE_HUMAN_PLASMA,SEQUENCE_RIDGE_FULL,10.0,R4_EDINBURGH_USGO_20210324_6pm_KostarelosK_OkweloguE_EO40,0.6666666666666666,100.0
T238_OUTER_02,PMC6592156_SILVER_NANOPARTICLE_HUMAN_PLASMA,SEQUENCE_RIDGE_FULL,10.0,R4_EDINBURGH_USGO_20210324_6pm_KostarelosK_OkweloguE_EO42,0.6666666666666666,100.0
T238_OUTER_02,PMC6592156_SILVER_NANOPARTICLE_HUMAN_PLASMA,SEQUENCE_RIDGE_FULL,10.0,R4_EDINBURGH_USGO_20210324_6pm_KostarelosK_OkweloguE_EO44,0.7857142857142857,100.0
T238_OUTER_02,PMC6592156_SILVER_NANOPARTICLE_HUMAN_PLASMA,SEQUENCE_RIDGE_FULL,10.0,R4_EDINBURGH_USGO_20210324_6pm_KostarelosK_OkweloguE_EO5,0.8833333333333333,100.0
T238_OUTER_02,PMC6592156_SILVER_NANOPARTICLE_HUMAN_PLASMA,SEQUENCE_RIDGE_FULL,10.0,R4_EDINBURGH_USGO_20210324_6pm_KostarelosK_OkweloguE_EO50,0.7666666666666667,100.0
T238_OUTER_02,PMC6592156_SILVER_NANOPARTICLE_HUMAN_PLASMA,SEQUENCE_RIDGE_FULL,10.0,R4_EDINBURGH_USGO_20210324_6pm_KostarelosK_OkweloguE_EO53,0.8095238095238095,100.0
T238_OUTER_02,PMC6592156_SILVER_NANOPARTICLE_HUMAN_PLASMA,SEQUENCE_RIDGE_FULL,10.0,R4_EDINBURGH_USGO_20210324_6pm_KostarelosK_OkweloguE_EO60,0.8571428571428571,100.0
T238_OUTER_02,PMC6592156_SILVER_NANOPARTICLE_HUMAN_PLASMA,SEQUENCE_RIDGE_FULL,10.0,R4_EDINBURGH_USGO_20210324_6pm_KostarelosK_OkweloguE_EO62,0.36666666666666664,100.0
T238_OUTER_02,PMC6592156_SILVER_NANOPARTICLE_HUMAN_PLASMA,SEQUENCE_RIDGE_FULL,10.0,R4_EDINBURGH_USGO_20210324_6pm_KostarelosK_OkweloguE_EO69,0.7833333333333333,100.0
T238_OUTER_02,PMC6592156_SILVER_NANOPARTICLE_HUMAN_PLASMA,SEQUENCE_RIDGE_FULL,10.0,R4_EDINBURGH_USGO_20210324_6pm_KostarelosK_OkweloguE_EO76,0.6166666666666667,100.0
T238_OUTER_02,PMC6592156_SILVER_NANOPARTICLE_HUMAN_PLASMA,SEQUENCE_RIDGE_FULL,10.0,R4_EDINBURGH_USGO_20210324_6pm_KostarelosK_OkweloguE_EO77,0.6904761904761905,100.0
T238_OUTER_02,PMC6592156_SILVER_NANOPARTICLE_HUMAN_PLASMA,SEQUENCE_RIDGE_FULL,10.0,R4_EDINBURGH_USGO_20210324_6pm_KostarelosK_OkweloguE_EO79,0.75,100.0
T238_OUTER_02,PMC6592156_SILVER_NANOPARTICLE_HUMAN_PLASMA,SEQUENCE_RIDGE_FULL,10.0,R4_EDINBURGH_USGO_20210324_6pm_KostarelosK_OkweloguE_EO86,0.8833333333333333,100.0
T238_OUTER_02,PMC6592156_SILVER_NANOPARTICLE_HUMAN_PLASMA,SEQUENCE_RIDGE_FULL,10.0,R4_EDINBURGH_USGO_20210324_6pm_KostarelosK_OkweloguE_EO87,0.7666666666666667,100.0
T238_OUTER_02,PMC6592156_SILVER_NANOPARTICLE_HUMAN_PLASMA,SEQUENCE_RIDGE_FULL,10.0,R4_PXD060795_F1,0.85,100.0
T238_OUTER_02,PMC6592156_SILVER_NANOPARTICLE_HUMAN_PLASMA,SEQUENCE_RIDGE_FULL,10.0,R4_PXD060795_F2,0.85,100.0
T238_OUTER_02,PMC6592156_SILVER_NANOPARTICLE_HUMAN_PLASMA,SEQUENCE_RIDGE_FULL,10.0,R4_PXD060795_F3,0.85,100.0
T238_OUTER_02,PMC6592156_SILVER_NANOPARTICLE_HUMAN_PLASMA,SEQUENCE_RIDGE_FULL,10.0,R4_PXD060795_F7,0.8166666666666667,100.0
T238_OUTER_02,PMC6592156_SILVER_NANOPARTICLE_HUMAN_PLASMA,SEQUENCE_RIDGE_FULL,10.0,R4_PXD060795_F8,0.8809523809523809,100.0
T238_OUTER_02,PMC6592156_SILVER_NANOPARTICLE_HUMAN_PLASMA,SEQUENCE_RIDGE_FULL,10.0,R4_PXD060795_F9,0.7619047619047619,100.0
T238_OUTER_02,PMC6592156_SILVER_NANOPARTICLE_HUMAN_PLASMA,SEQUENCE_RIDGE_FULL,10.0,T_D1_133,0.5936729339017844,100.0
T238_OUTER_02,PMC6592156_SILVER_NANOPARTICLE_HUMAN_PLASMA,SEQUENCE_RIDGE_FULL,10.0,T_D1_138,0.7494747984908757,100.0
T238_OUTER_02,PMC6592156_SILVER_NANOPARTICLE_HUMAN_PLASMA,SEQUENCE_RIDGE_FULL,10.0,T_D1_165,0.650213213321002,100.0
T238_OUTER_02,PMC6592156_SILVER_NANOPARTICLE_HUMAN_PLASMA,SEQUENCE_RIDGE_FULL,10.0,T_D1_173,0.6023386417319307,100.0
T238_OUTER_02,PMC6592156_SILVER_NANOPARTICLE_HUMAN_PLASMA,SEQUENCE_RIDGE_FULL,10.0,T_D1_186,0.6703832596185881,100.0
T238_OUTER_02,PMC6592156_SILVER_NANOPARTICLE_HUMAN_PLASMA,SEQUENCE_RIDGE_FULL,10.0,T_D3_119a,0.5817375393384442,100.0
T238_OUTER_02,PMC6592156_SILVER_NANOPARTICLE_HUMAN_PLASMA,SEQUENCE_RIDGE_FULL,10.0,T_D3_119b,0.5817375393384442,100.0
T238_OUTER_02,PMC6592156_SILVER_NANOPARTICLE_HUMAN_PLASMA,SEQUENCE_RIDGE_FULL,10.0,T_D3_155,0.428152575326918,100.0
T238_OUTER_02,PMC6592156_SILVER_NANOPARTICLE_HUMAN_PLASMA,SEQUENCE_RIDGE_FULL,10.0,T_D3_178,0.650213213321002,100.0
T238_OUTER_02,PMC6592156_SILVER_NANOPARTICLE_HUMAN_PLASMA,SEQUENCE_RIDGE_FULL,10.0,T_D3_198,0.19526969068659972,100.0
T238_OUTER_02,PMC6592156_SILVER_NANOPARTICLE_HUMAN_PLASMA,SEQUENCE_RIDGE_FULL,10.0,__MEAN__,0.6985924518859096,100.0
T238_OUTER_02,PMC6592156_SILVER_NANOPARTICLE_HUMAN_PLASMA,SEQUENCE_RIDGE_FULL,100.0,PT_D1_16,0.6525826931629223,100.0
T238_OUTER_02,PMC6592156_SILVER_NANOPARTICLE_HUMAN_PLASMA,SEQUENCE_RIDGE_FULL,100.0,PT_D1_18,0.23034110636021418,100.0
T238_OUTER_02,PMC6592156_SILVER_NANOPARTICLE_HUMAN_PLASMA,SEQUENCE_RIDGE_FULL,100.0,PT_D1_20,0.7807200583588266,100.0
T238_OUTER_02,PMC6592156_SILVER_NANOPARTICLE_HUMAN_PLASMA,SEQUENCE_RIDGE_FULL,100.0,PT_D1_23,0.7026447416620998,100.0
T238_OUTER_02,PMC6592156_SILVER_NANOPARTICLE_HUMAN_PLASMA,SEQUENCE_RIDGE_FULL,100.0,PT_D1_33,0.7889623175168371,100.0
T238_OUTER_02,PMC6592156_SILVER_NANOPARTICLE_HUMAN_PLASMA,SEQUENCE_RIDGE_FULL,100.0,PT_D1_34,0.650213213321002,100.0
T238_OUTER_02,PMC6592156_SILVER_NANOPARTICLE_HUMAN_PLASMA,SEQUENCE_RIDGE_FULL,100.0,PT_D1_48,0.5670159295506672,100.0
T238_OUTER_02,PMC6592156_SILVER_NANOPARTICLE_HUMAN_PLASMA,SEQUENCE_RIDGE_FULL,100.0,PT_D1_51,0.7368675498286961,100.0
T238_OUTER_02,PMC6592156_SILVER_NANOPARTICLE_HUMAN_PLASMA,SEQUENCE_RIDGE_FULL,100.0,PT_D1_73,0.6648429021010791,100.0
T238_OUTER_02,PMC6592156_SILVER_NANOPARTICLE_HUMAN_PLASMA,SEQUENCE_RIDGE_FULL,100.0,PT_D1_81,0.270801280154532,100.0
T238_OUTER_02,PMC6592156_SILVER_NANOPARTICLE_HUMAN_PLASMA,SEQUENCE_RIDGE_FULL,100.0,PT_D3_06,0.7067534927402196,100.0
T238_OUTER_02,PMC6592156_SILVER_NANOPARTICLE_HUMAN_PLASMA,SEQUENCE_RIDGE_FULL,100.0,PT_D3_14,0.650213213321002,100.0
T238_OUTER_02,PMC6592156_SILVER_NANOPARTICLE_HUMAN_PLASMA,SEQUENCE_RIDGE_FULL,100.0,PT_D3_22,0.5951368255656534,100.0
T238_OUTER_02,PMC6592156_SILVER_NANOPARTICLE_HUMAN_PLASMA,SEQUENCE_RIDGE_FULL,100.0,PT_D3_28,0.8528249356043899,100.0
T238_OUTER_02,PMC6592156_SILVER_NANOPARTICLE_HUMAN_PLASMA,SEQUENCE_RIDGE_FULL,100.0,PT_D3_30,0.6808024852996973,100.0
T238_OUTER_02,PMC6592156_SILVER_NANOPARTICLE_HUMAN_PLASMA,SEQUENCE_RIDGE_FULL,100.0,PT_D3_37,0.7350236324498284,100.0
T238_OUTER_02,PMC6592156_SILVER_NANOPARTICLE_HUMAN_PLASMA,SEQUENCE_RIDGE_FULL,100.0,PT_D3_41,0.34485036740377717,100.0
T238_OUTER_02,PMC6592156_SILVER_NANOPARTICLE_HUMAN_PLASMA,SEQUENCE_RIDGE_FULL,100.0,PT_D3_42,0.791563911869046,100.0
T238_OUTER_02,PMC6592156_SILVER_NANOPARTICLE_HUMAN_PLASMA,SEQUENCE_RIDGE_FULL,100.0,PT_D3_85,0.587180674734059,100.0
T238_OUTER_02,PMC6592156_SILVER_NANOPARTICLE_HUMAN_PLASMA,SEQUENCE_RIDGE_FULL,100.0,PT_D3_96,0.7632937721594372,100.0
T238_OUTER_02,PMC6592156_SILVER_NANOPARTICLE_HUMAN_PLASMA,SEQUENCE_RIDGE_FULL,100.0,R4_EDINBURGH_SGO_20210324_6pm_KostarelosK_OkweloguE_EO10,0.8571428571428571,100.0
T238_OUTER_02,PMC6592156_SILVER_NANOPARTICLE_HUMAN_PLASMA,SEQUENCE_RIDGE_FULL,100.0,R4_EDINBURGH_SGO_20210324_6pm_KostarelosK_OkweloguE_EO103,0.7619047619047619,100.0
T238_OUTER_02,PMC6592156_SILVER_NANOPARTICLE_HUMAN_PLASMA,SEQUENCE_RIDGE_FULL,100.0,R4_EDINBURGH_SGO_20210324_6pm_KostarelosK_OkweloguE_EO105,0.7857142857142857,100.0
T238_OUTER_02,PMC6592156_SILVER_NANOPARTICLE_HUMAN_PLASMA,SEQUENCE_RIDGE_FULL,100.0,R4_EDINBURGH_SGO_20210324_6pm_KostarelosK_OkweloguE_EO107,0.7380952380952381,100.0
T238_OUTER_02,PMC6592156_SILVER_NANOPARTICLE_HUMAN_PLASMA,SEQUENCE_RIDGE_FULL,100.0,R4_EDINBURGH_SGO_20210324_6pm_KostarelosK_OkweloguE_EO113,0.8809523809523809,100.0
T238_OUTER_02,PMC6592156_SILVER_NANOPARTICLE_HUMAN_PLASMA,SEQUENCE_RIDGE_FULL,100.0,R4_EDINBURGH_SGO_20210324_6pm_KostarelosK_OkweloguE_EO116,0.5714285714285714,100.0
T238_OUTER_02,PMC6592156_SILVER_NANOPARTICLE_HUMAN_PLASMA,SEQUENCE_RIDGE_FULL,100.0,R4_EDINBURGH_SGO_20210324_6pm_KostarelosK_OkweloguE_EO12,0.7857142857142857,100.0
T238_OUTER_02,PMC6592156_SILVER_NANOPARTICLE_HUMAN_PLASMA,SEQUENCE_RIDGE_FULL,100.0,R4_EDINBURGH_SGO_20210324_6pm_KostarelosK_OkweloguE_EO16,0.8214285714285714,100.0
T238_OUTER_02,PMC6592156_SILVER_NANOPARTICLE_HUMAN_PLASMA,SEQUENCE_RIDGE_FULL,100.0,R4_EDINBURGH_SGO_20210324_6pm_KostarelosK_OkweloguE_EO21,0.5,100.0
T238_OUTER_02,PMC6592156_SILVER_NANOPARTICLE_HUMAN_PLASMA,SEQUENCE_RIDGE_FULL,100.0,R4_EDINBURGH_SGO_20210324_6pm_KostarelosK_OkweloguE_EO24,0.7857142857142857,100.0
T238_OUTER_02,PMC6592156_SILVER_NANOPARTICLE_HUMAN_PLASMA,SEQUENCE_RIDGE_FULL,100.0,R4_EDINBURGH_SGO_20210324_6pm_KostarelosK_OkweloguE_EO31,0.6666666666666666,100.0
T238_OUTER_02,PMC6592156_SILVER_NANOPARTICLE_HUMAN_PLASMA,SEQUENCE_RIDGE_FULL,100.0,R4_EDINBURGH_SGO_20210324_6pm_KostarelosK_OkweloguE_EO34,0.23809523809523808,100.0
T238_OUTER_02,PMC6592156_SILVER_NANOPARTICLE_HUMAN_PLASMA,SEQUENCE_RIDGE_FULL,100.0,R4_EDINBURGH_SGO_20210324_6pm_KostarelosK_OkweloguE_EO4,0.8571428571428571,100.0
T238_OUTER_02,PMC6592156_SILVER_NANOPARTICLE_HUMAN_PLASMA,SEQUENCE_RIDGE_FULL,100.0,R4_EDINBURGH_SGO_20210324_6pm_KostarelosK_OkweloguE_EO43,0.5,100.0
T238_OUTER_02,PMC6592156_SILVER_NANOPARTICLE_HUMAN_PLASMA,SEQUENCE_RIDGE_FULL,100.0,R4_EDINBURGH_SGO_20210324_6pm_KostarelosK_OkweloguE_EO52,0.7619047619047619,100.0
T238_OUTER_02,PMC6592156_SILVER_NANOPARTICLE_HUMAN_PLASMA,SEQUENCE_RIDGE_FULL,100.0,R4_EDINBURGH_SGO_20210324_6pm_KostarelosK_OkweloguE_EO64,0.8571428571428571,100.0
T238_OUTER_02,PMC6592156_SILVER_NANOPARTICLE_HUMAN_PLASMA,SEQUENCE_RIDGE_FULL,100.0,R4_EDINBURGH_SGO_20210324_6pm_KostarelosK_OkweloguE_EO66,0.7857142857142857,100.0
T238_OUTER_02,PMC6592156_SILVER_NANOPARTICLE_HUMAN_PLASMA,SEQUENCE_RIDGE_FULL,100.0,R4_EDINBURGH_SGO_20210324_6pm_KostarelosK_OkweloguE_EO73,0.8809523809523809,100.0
T238_OUTER_02,PMC6592156_SILVER_NANOPARTICLE_HUMAN_PLASMA,SEQUENCE_RIDGE_FULL,100.0,R4_EDINBURGH_SGO_20210324_6pm_KostarelosK_OkweloguE_EO83,0.8809523809523809,100.0
T238_OUTER_02,PMC6592156_SILVER_NANOPARTICLE_HUMAN_PLASMA,SEQUENCE_RIDGE_FULL,100.0,R4_EDINBURGH_SGO_20210324_6pm_KostarelosK_OkweloguE_EO88,0.5,100.0
T238_OUTER_02,PMC6592156_SILVER_NANOPARTICLE_HUMAN_PLASMA,SEQUENCE_RIDGE_FULL,100.0,R4_EDINBURGH_SGO_20210324_6pm_KostarelosK_OkweloguE_EO94,0.7619047619047619,100.0
T238_OUTER_02,PMC6592156_SILVER_NANOPARTICLE_HUMAN_PLASMA,SEQUENCE_RIDGE_FULL,100.0,R4_EDINBURGH_SGO_20210324_6pm_KostarelosK_OkweloguE_EO96,0.8809523809523809,100.0
T238_OUTER_02,PMC6592156_SILVER_NANOPARTICLE_HUMAN_PLASMA,SEQUENCE_RIDGE_FULL,100.0,R4_EDINBURGH_SGO_20210324_6pm_KostarelosK_OkweloguE_EO97,0.8095238095238095,100.0
T238_OUTER_02,PMC6592156_SILVER_NANOPARTICLE_HUMAN_PLASMA,SEQUENCE_RIDGE_FULL,100.0,R4_EDINBURGH_USGO_20210324_6pm_KostarelosK_OkweloguE_EO106,0.85,100.0
T238_OUTER_02,PMC6592156_SILVER_NANOPARTICLE_HUMAN_PLASMA,SEQUENCE_RIDGE_FULL,100.0,R4_EDINBURGH_USGO_20210324_6pm_KostarelosK_OkweloguE_EO11,0.6666666666666666,100.0
T238_OUTER_02,PMC6592156_SILVER_NANOPARTICLE_HUMAN_PLASMA,SEQUENCE_RIDGE_FULL,100.0,R4_EDINBURGH_USGO_20210324_6pm_KostarelosK_OkweloguE_EO111,0.8,100.0
T238_OUTER_02,PMC6592156_SILVER_NANOPARTICLE_HUMAN_PLASMA,SEQUENCE_RIDGE_FULL,100.0,R4_EDINBURGH_USGO_20210324_6pm_KostarelosK_OkweloguE_EO112,0.6166666666666667,100.0
T238_OUTER_02,PMC6592156_SILVER_NANOPARTICLE_HUMAN_PLASMA,SEQUENCE_RIDGE_FULL,100.0,R4_EDINBURGH_USGO_20210324_6pm_KostarelosK_OkweloguE_EO115,0.75,100.0
T238_OUTER_02,PMC6592156_SILVER_NANOPARTICLE_HUMAN_PLASMA,SEQUENCE_RIDGE_FULL,100.0,R4_EDINBURGH_USGO_20210324_6pm_KostarelosK_OkweloguE_EO120,0.9,100.0
T238_OUTER_02,PMC6592156_SILVER_NANOPARTICLE_HUMAN_PLASMA,SEQUENCE_RIDGE_FULL,100.0,R4_EDINBURGH_USGO_20210324_6pm_KostarelosK_OkweloguE_EO121,0.6666666666666666,100.0
T238_OUTER_02,PMC6592156_SILVER_NANOPARTICLE_HUMAN_PLASMA,SEQUENCE_RIDGE_FULL,100.0,R4_EDINBURGH_USGO_20210324_6pm_KostarelosK_OkweloguE_EO125,0.95,100.0
T238_OUTER_02,PMC6592156_SILVER_NANOPARTICLE_HUMAN_PLASMA,SEQUENCE_RIDGE_FULL,100.0,R4_EDINBURGH_USGO_20210324_6pm_KostarelosK_OkweloguE_EO126,0.8166666666666667,100.0
T238_OUTER_02,PMC6592156_SILVER_NANOPARTICLE_HUMAN_PLASMA,SEQUENCE_RIDGE_FULL,100.0,R4_EDINBURGH_USGO_20210324_6pm_KostarelosK_OkweloguE_EO13,0.7857142857142857,100.0
T238_OUTER_02,PMC6592156_SILVER_NANOPARTICLE_HUMAN_PLASMA,SEQUENCE_RIDGE_FULL,100.0,R4_EDINBURGH_USGO_20210324_6pm_KostarelosK_OkweloguE_EO26,0.5952380952380952,100.0
T238_OUTER_02,PMC6592156_SILVER_NANOPARTICLE_HUMAN_PLASMA,SEQUENCE_RIDGE_FULL,100.0,R4_EDINBURGH_USGO_20210324_6pm_KostarelosK_OkweloguE_EO36,0.7142857142857143,100.0
T238_OUTER_02,PMC6592156_SILVER_NANOPARTICLE_HUMAN_PLASMA,SEQUENCE_RIDGE_FULL,100.0,R4_EDINBURGH_USGO_20210324_6pm_KostarelosK_OkweloguE_EO40,0.6666666666666666,100.0
T238_OUTER_02,PMC6592156_SILVER_NANOPARTICLE_HUMAN_PLASMA,SEQUENCE_RIDGE_FULL,100.0,R4_EDINBURGH_USGO_20210324_6pm_KostarelosK_OkweloguE_EO42,0.6666666666666666,100.0
T238_OUTER_02,PMC6592156_SILVER_NANOPARTICLE_HUMAN_PLASMA,SEQUENCE_RIDGE_FULL,100.0,R4_EDINBURGH_USGO_20210324_6pm_KostarelosK_OkweloguE_EO44,0.7857142857142857,100.0
T238_OUTER_02,PMC6592156_SILVER_NANOPARTICLE_HUMAN_PLASMA,SEQUENCE_RIDGE_FULL,100.0,R4_EDINBURGH_USGO_20210324_6pm_KostarelosK_OkweloguE_EO5,0.8833333333333333,100.0
T238_OUTER_02,PMC6592156_SILVER_NANOPARTICLE_HUMAN_PLASMA,SEQUENCE_RIDGE_FULL,100.0,R4_EDINBURGH_USGO_20210324_6pm_KostarelosK_OkweloguE_EO50,0.7666666666666667,100.0
T238_OUTER_02,PMC6592156_SILVER_NANOPARTICLE_HUMAN_PLASMA,SEQUENCE_RIDGE_FULL,100.0,R4_EDINBURGH_USGO_20210324_6pm_KostarelosK_OkweloguE_EO53,0.8095238095238095,100.0
T238_OUTER_02,PMC6592156_SILVER_NANOPARTICLE_HUMAN_PLASMA,SEQUENCE_RIDGE_FULL,100.0,R4_EDINBURGH_USGO_20210324_6pm_KostarelosK_OkweloguE_EO60,0.8571428571428571,100.0
T238_OUTER_02,PMC6592156_SILVER_NANOPARTICLE_HUMAN_PLASMA,SEQUENCE_RIDGE_FULL,100.0,R4_EDINBURGH_USGO_20210324_6pm_KostarelosK_OkweloguE_EO62,0.36666666666666664,100.0
T238_OUTER_02,PMC6592156_SILVER_NANOPARTICLE_HUMAN_PLASMA,SEQUENCE_RIDGE_FULL,100.0,R4_EDINBURGH_USGO_20210324_6pm_KostarelosK_OkweloguE_EO69,0.7833333333333333,100.0
T238_OUTER_02,PMC6592156_SILVER_NANOPARTICLE_HUMAN_PLASMA,SEQUENCE_RIDGE_FULL,100.0,R4_EDINBURGH_USGO_20210324_6pm_KostarelosK_OkweloguE_EO76,0.6166666666666667,100.0
T238_OUTER_02,PMC6592156_SILVER_NANOPARTICLE_HUMAN_PLASMA,SEQUENCE_RIDGE_FULL,100.0,R4_EDINBURGH_USGO_20210324_6pm_KostarelosK_OkweloguE_EO77,0.6904761904761905,100.0
T238_OUTER_02,PMC6592156_SILVER_NANOPARTICLE_HUMAN_PLASMA,SEQUENCE_RIDGE_FULL,100.0,R4_EDINBURGH_USGO_20210324_6pm_KostarelosK_OkweloguE_EO79,0.75,100.0
T238_OUTER_02,PMC6592156_SILVER_NANOPARTICLE_HUMAN_PLASMA,SEQUENCE_RIDGE_FULL,100.0,R4_EDINBURGH_USGO_20210324_6pm_KostarelosK_OkweloguE_EO86,0.8833333333333333,100.0
T238_OUTER_02,PMC6592156_SILVER_NANOPARTICLE_HUMAN_PLASMA,SEQUENCE_RIDGE_FULL,100.0,R4_EDINBURGH_USGO_20210324_6pm_KostarelosK_OkweloguE_EO87,0.8333333333333334,100.0
T238_OUTER_02,PMC6592156_SILVER_NANOPARTICLE_HUMAN_PLASMA,SEQUENCE_RIDGE_FULL,100.0,R4_PXD060795_F1,0.85,100.0
T238_OUTER_02,PMC6592156_SILVER_NANOPARTICLE_HUMAN_PLASMA,SEQUENCE_RIDGE_FULL,100.0,R4_PXD060795_F2,0.85,100.0
T238_OUTER_02,PMC6592156_SILVER_NANOPARTICLE_HUMAN_PLASMA,SEQUENCE_RIDGE_FULL,100.0,R4_PXD060795_F3,0.85,100.0
T238_OUTER_02,PMC6592156_SILVER_NANOPARTICLE_HUMAN_PLASMA,SEQUENCE_RIDGE_FULL,100.0,R4_PXD060795_F7,0.8166666666666667,100.0
T238_OUTER_02,PMC6592156_SILVER_NANOPARTICLE_HUMAN_PLASMA,SEQUENCE_RIDGE_FULL,100.0,R4_PXD060795_F8,0.8809523809523809,100.0
T238_OUTER_02,PMC6592156_SILVER_NANOPARTICLE_HUMAN_PLASMA,SEQUENCE_RIDGE_FULL,100.0,R4_PXD060795_F9,0.7619047619047619,100.0
T238_OUTER_02,PMC6592156_SILVER_NANOPARTICLE_HUMAN_PLASMA,SEQUENCE_RIDGE_FULL,100.0,T_D1_133,0.650213213321002,100.0
T238_OUTER_02,PMC6592156_SILVER_NANOPARTICLE_HUMAN_PLASMA,SEQUENCE_RIDGE_FULL,100.0,T_D1_138,0.7770628278831779,100.0
T238_OUTER_02,PMC6592156_SILVER_NANOPARTICLE_HUMAN_PLASMA,SEQUENCE_RIDGE_FULL,100.0,T_D1_165,0.7632937721594372,100.0
T238_OUTER_02,PMC6592156_SILVER_NANOPARTICLE_HUMAN_PLASMA,SEQUENCE_RIDGE_FULL,100.0,T_D1_173,0.7034947495037054,100.0
T238_OUTER_02,PMC6592156_SILVER_NANOPARTICLE_HUMAN_PLASMA,SEQUENCE_RIDGE_FULL,100.0,T_D1_186,0.7368675498286961,100.0
T238_OUTER_02,PMC6592156_SILVER_NANOPARTICLE_HUMAN_PLASMA,SEQUENCE_RIDGE_FULL,100.0,T_D3_119a,0.6482218295485521,100.0
T238_OUTER_02,PMC6592156_SILVER_NANOPARTICLE_HUMAN_PLASMA,SEQUENCE_RIDGE_FULL,100.0,T_D3_119b,0.6482218295485521,100.0
T238_OUTER_02,PMC6592156_SILVER_NANOPARTICLE_HUMAN_PLASMA,SEQUENCE_RIDGE_FULL,100.0,T_D3_155,0.44312936752559784,100.0
T238_OUTER_02,PMC6592156_SILVER_NANOPARTICLE_HUMAN_PLASMA,SEQUENCE_RIDGE_FULL,100.0,T_D3_178,0.7632937721594372,100.0
T238_OUTER_02,PMC6592156_SILVER_NANOPARTICLE_HUMAN_PLASMA,SEQUENCE_RIDGE_FULL,100.0,T_D3_198,0.19526969068659972,100.0
T238_OUTER_02,PMC6592156_SILVER_NANOPARTICLE_HUMAN_PLASMA,SEQUENCE_RIDGE_FULL,100.0,__MEAN__,0.7109612200626911,100.0
T238_OUTER_02,PMC6592156_SILVER_NANOPARTICLE_HUMAN_PLASMA,SEQUENCE_RIDGE_COMPOSITION_ONLY,0.01,PT_D1_16,0.631417849060341,100.0
T238_OUTER_02,PMC6592156_SILVER_NANOPARTICLE_HUMAN_PLASMA,SEQUENCE_RIDGE_COMPOSITION_ONLY,0.01,PT_D1_18,0.23034110636021418,100.0
T238_OUTER_02,PMC6592156_SILVER_NANOPARTICLE_HUMAN_PLASMA,SEQUENCE_RIDGE_COMPOSITION_ONLY,0.01,PT_D1_20,0.7807200583588266,100.0
T238_OUTER_02,PMC6592156_SILVER_NANOPARTICLE_HUMAN_PLASMA,SEQUENCE_RIDGE_COMPOSITION_ONLY,0.01,PT_D1_23,0.7026447416620998,100.0
T238_OUTER_02,PMC6592156_SILVER_NANOPARTICLE_HUMAN_PLASMA,SEQUENCE_RIDGE_COMPOSITION_ONLY,0.01,PT_D1_33,0.7638043536889298,100.0
T238_OUTER_02,PMC6592156_SILVER_NANOPARTICLE_HUMAN_PLASMA,SEQUENCE_RIDGE_COMPOSITION_ONLY,0.01,PT_D1_34,0.5936729339017844,100.0
T238_OUTER_02,PMC6592156_SILVER_NANOPARTICLE_HUMAN_PLASMA,SEQUENCE_RIDGE_COMPOSITION_ONLY,0.01,PT_D1_48,0.5303948353054367,100.0
T238_OUTER_02,PMC6592156_SILVER_NANOPARTICLE_HUMAN_PLASMA,SEQUENCE_RIDGE_COMPOSITION_ONLY,0.01,PT_D1_51,0.6260603994785162,100.0
T238_OUTER_02,PMC6592156_SILVER_NANOPARTICLE_HUMAN_PLASMA,SEQUENCE_RIDGE_COMPOSITION_ONLY,0.01,PT_D1_73,0.6168888873647569,100.0
T238_OUTER_02,PMC6592156_SILVER_NANOPARTICLE_HUMAN_PLASMA,SEQUENCE_RIDGE_COMPOSITION_ONLY,0.01,PT_D1_81,0.263823541230135,100.0
T238_OUTER_02,PMC6592156_SILVER_NANOPARTICLE_HUMAN_PLASMA,SEQUENCE_RIDGE_COMPOSITION_ONLY,0.01,PT_D3_06,0.650213213321002,100.0
T238_OUTER_02,PMC6592156_SILVER_NANOPARTICLE_HUMAN_PLASMA,SEQUENCE_RIDGE_COMPOSITION_ONLY,0.01,PT_D3_14,0.650213213321002,100.0
T238_OUTER_02,PMC6592156_SILVER_NANOPARTICLE_HUMAN_PLASMA,SEQUENCE_RIDGE_COMPOSITION_ONLY,0.01,PT_D3_22,0.5951368255656534,100.0
T238_OUTER_02,PMC6592156_SILVER_NANOPARTICLE_HUMAN_PLASMA,SEQUENCE_RIDGE_COMPOSITION_ONLY,0.01,PT_D3_28,0.856305150653836,100.0
T238_OUTER_02,PMC6592156_SILVER_NANOPARTICLE_HUMAN_PLASMA,SEQUENCE_RIDGE_COMPOSITION_ONLY,0.01,PT_D3_30,0.6596376411971161,100.0
T238_OUTER_02,PMC6592156_SILVER_NANOPARTICLE_HUMAN_PLASMA,SEQUENCE_RIDGE_COMPOSITION_ONLY,0.01,PT_D3_37,0.6360781434661976,100.0
T238_OUTER_02,PMC6592156_SILVER_NANOPARTICLE_HUMAN_PLASMA,SEQUENCE_RIDGE_COMPOSITION_ONLY,0.01,PT_D3_41,0.4919865241627221,100.0
T238_OUTER_02,PMC6592156_SILVER_NANOPARTICLE_HUMAN_PLASMA,SEQUENCE_RIDGE_COMPOSITION_ONLY,0.01,PT_D3_42,0.720888562595024,100.0
T238_OUTER_02,PMC6592156_SILVER_NANOPARTICLE_HUMAN_PLASMA,SEQUENCE_RIDGE_COMPOSITION_ONLY,0.01,PT_D3_85,0.5951368255656534,100.0
T238_OUTER_02,PMC6592156_SILVER_NANOPARTICLE_HUMAN_PLASMA,SEQUENCE_RIDGE_COMPOSITION_ONLY,0.01,PT_D3_96,0.650213213321002,100.0
T238_OUTER_02,PMC6592156_SILVER_NANOPARTICLE_HUMAN_PLASMA,SEQUENCE_RIDGE_COMPOSITION_ONLY,0.01,R4_EDINBURGH_SGO_20210324_6pm_KostarelosK_OkweloguE_EO10,0.8571428571428571,100.0
T238_OUTER_02,PMC6592156_SILVER_NANOPARTICLE_HUMAN_PLASMA,SEQUENCE_RIDGE_COMPOSITION_ONLY,0.01,R4_EDINBURGH_SGO_20210324_6pm_KostarelosK_OkweloguE_EO103,0.7619047619047619,100.0
T238_OUTER_02,PMC6592156_SILVER_NANOPARTICLE_HUMAN_PLASMA,SEQUENCE_RIDGE_COMPOSITION_ONLY,0.01,R4_EDINBURGH_SGO_20210324_6pm_KostarelosK_OkweloguE_EO105,0.7857142857142857,100.0
T238_OUTER_02,PMC6592156_SILVER_NANOPARTICLE_HUMAN_PLASMA,SEQUENCE_RIDGE_COMPOSITION_ONLY,0.01,R4_EDINBURGH_SGO_20210324_6pm_KostarelosK_OkweloguE_EO107,0.7380952380952381,100.0
T238_OUTER_02,PMC6592156_SILVER_NANOPARTICLE_HUMAN_PLASMA,SEQUENCE_RIDGE_COMPOSITION_ONLY,0.01,R4_EDINBURGH_SGO_20210324_6pm_KostarelosK_OkweloguE_EO113,0.8809523809523809,100.0
T238_OUTER_02,PMC6592156_SILVER_NANOPARTICLE_HUMAN_PLASMA,SEQUENCE_RIDGE_COMPOSITION_ONLY,0.01,R4_EDINBURGH_SGO_20210324_6pm_KostarelosK_OkweloguE_EO116,0.5714285714285714,100.0
T238_OUTER_02,PMC6592156_SILVER_NANOPARTICLE_HUMAN_PLASMA,SEQUENCE_RIDGE_COMPOSITION_ONLY,0.01,R4_EDINBURGH_SGO_20210324_6pm_KostarelosK_OkweloguE_EO12,0.7857142857142857,100.0
T238_OUTER_02,PMC6592156_SILVER_NANOPARTICLE_HUMAN_PLASMA,SEQUENCE_RIDGE_COMPOSITION_ONLY,0.01,R4_EDINBURGH_SGO_20210324_6pm_KostarelosK_OkweloguE_EO16,0.8214285714285714,100.0
T238_OUTER_02,PMC6592156_SILVER_NANOPARTICLE_HUMAN_PLASMA,SEQUENCE_RIDGE_COMPOSITION_ONLY,0.01,R4_EDINBURGH_SGO_20210324_6pm_KostarelosK_OkweloguE_EO21,0.5,100.0
T238_OUTER_02,PMC6592156_SILVER_NANOPARTICLE_HUMAN_PLASMA,SEQUENCE_RIDGE_COMPOSITION_ONLY,0.01,R4_EDINBURGH_SGO_20210324_6pm_KostarelosK_OkweloguE_EO24,0.7857142857142857,100.0
T238_OUTER_02,PMC6592156_SILVER_NANOPARTICLE_HUMAN_PLASMA,SEQUENCE_RIDGE_COMPOSITION_ONLY,0.01,R4_EDINBURGH_SGO_20210324_6pm_KostarelosK_OkweloguE_EO31,0.6666666666666666,100.0
T238_OUTER_02,PMC6592156_SILVER_NANOPARTICLE_HUMAN_PLASMA,SEQUENCE_RIDGE_COMPOSITION_ONLY,0.01,R4_EDINBURGH_SGO_20210324_6pm_KostarelosK_OkweloguE_EO34,0.23809523809523808,100.0
T238_OUTER_02,PMC6592156_SILVER_NANOPARTICLE_HUMAN_PLASMA,SEQUENCE_RIDGE_COMPOSITION_ONLY,0.01,R4_EDINBURGH_SGO_20210324_6pm_KostarelosK_OkweloguE_EO4,0.8571428571428571,100.0
T238_OUTER_02,PMC6592156_SILVER_NANOPARTICLE_HUMAN_PLASMA,SEQUENCE_RIDGE_COMPOSITION_ONLY,0.01,R4_EDINBURGH_SGO_20210324_6pm_KostarelosK_OkweloguE_EO43,0.5,100.0
T238_OUTER_02,PMC6592156_SILVER_NANOPARTICLE_HUMAN_PLASMA,SEQUENCE_RIDGE_COMPOSITION_ONLY,0.01,R4_EDINBURGH_SGO_20210324_6pm_KostarelosK_OkweloguE_EO52,0.7619047619047619,100.0
T238_OUTER_02,PMC6592156_SILVER_NANOPARTICLE_HUMAN_PLASMA,SEQUENCE_RIDGE_COMPOSITION_ONLY,0.01,R4_EDINBURGH_SGO_20210324_6pm_KostarelosK_OkweloguE_EO64,0.8571428571428571,100.0
T238_OUTER_02,PMC6592156_SILVER_NANOPARTICLE_HUMAN_PLASMA,SEQUENCE_RIDGE_COMPOSITION_ONLY,0.01,R4_EDINBURGH_SGO_20210324_6pm_KostarelosK_OkweloguE_EO66,0.7857142857142857,100.0
T238_OUTER_02,PMC6592156_SILVER_NANOPARTICLE_HUMAN_PLASMA,SEQUENCE_RIDGE_COMPOSITION_ONLY,0.01,R4_EDINBURGH_SGO_20210324_6pm_KostarelosK_OkweloguE_EO73,0.8809523809523809,100.0
T238_OUTER_02,PMC6592156_SILVER_NANOPARTICLE_HUMAN_PLASMA,SEQUENCE_RIDGE_COMPOSITION_ONLY,0.01,R4_EDINBURGH_SGO_20210324_6pm_KostarelosK_OkweloguE_EO83,0.8809523809523809,100.0
T238_OUTER_02,PMC6592156_SILVER_NANOPARTICLE_HUMAN_PLASMA,SEQUENCE_RIDGE_COMPOSITION_ONLY,0.01,R4_EDINBURGH_SGO_20210324_6pm_KostarelosK_OkweloguE_EO88,0.5,100.0
T238_OUTER_02,PMC6592156_SILVER_NANOPARTICLE_HUMAN_PLASMA,SEQUENCE_RIDGE_COMPOSITION_ONLY,0.01,R4_EDINBURGH_SGO_20210324_6pm_KostarelosK_OkweloguE_EO94,0.7619047619047619,100.0
T238_OUTER_02,PMC6592156_SILVER_NANOPARTICLE_HUMAN_PLASMA,SEQUENCE_RIDGE_COMPOSITION_ONLY,0.01,R4_EDINBURGH_SGO_20210324_6pm_KostarelosK_OkweloguE_EO96,0.8809523809523809,100.0
T238_OUTER_02,PMC6592156_SILVER_NANOPARTICLE_HUMAN_PLASMA,SEQUENCE_RIDGE_COMPOSITION_ONLY,0.01,R4_EDINBURGH_SGO_20210324_6pm_KostarelosK_OkweloguE_EO97,0.8095238095238095,100.0
T238_OUTER_02,PMC6592156_SILVER_NANOPARTICLE_HUMAN_PLASMA,SEQUENCE_RIDGE_COMPOSITION_ONLY,0.01,R4_EDINBURGH_USGO_20210324_6pm_KostarelosK_OkweloguE_EO106,0.85,100.0
T238_OUTER_02,PMC6592156_SILVER_NANOPARTICLE_HUMAN_PLASMA,SEQUENCE_RIDGE_COMPOSITION_ONLY,0.01,R4_EDINBURGH_USGO_20210324_6pm_KostarelosK_OkweloguE_EO11,0.6666666666666666,100.0
T238_OUTER_02,PMC6592156_SILVER_NANOPARTICLE_HUMAN_PLASMA,SEQUENCE_RIDGE_COMPOSITION_ONLY,0.01,R4_EDINBURGH_USGO_20210324_6pm_KostarelosK_OkweloguE_EO111,0.8,100.0
T238_OUTER_02,PMC6592156_SILVER_NANOPARTICLE_HUMAN_PLASMA,SEQUENCE_RIDGE_COMPOSITION_ONLY,0.01,R4_EDINBURGH_USGO_20210324_6pm_KostarelosK_OkweloguE_EO112,0.6166666666666667,100.0
T238_OUTER_02,PMC6592156_SILVER_NANOPARTICLE_HUMAN_PLASMA,SEQUENCE_RIDGE_COMPOSITION_ONLY,0.01,R4_EDINBURGH_USGO_20210324_6pm_KostarelosK_OkweloguE_EO115,0.75,100.0
T238_OUTER_02,PMC6592156_SILVER_NANOPARTICLE_HUMAN_PLASMA,SEQUENCE_RIDGE_COMPOSITION_ONLY,0.01,R4_EDINBURGH_USGO_20210324_6pm_KostarelosK_OkweloguE_EO120,0.9,100.0
T238_OUTER_02,PMC6592156_SILVER_NANOPARTICLE_HUMAN_PLASMA,SEQUENCE_RIDGE_COMPOSITION_ONLY,0.01,R4_EDINBURGH_USGO_20210324_6pm_KostarelosK_OkweloguE_EO121,0.6166666666666667,100.0
T238_OUTER_02,PMC6592156_SILVER_NANOPARTICLE_HUMAN_PLASMA,SEQUENCE_RIDGE_COMPOSITION_ONLY,0.01,R4_EDINBURGH_USGO_20210324_6pm_KostarelosK_OkweloguE_EO125,0.9,100.0
T238_OUTER_02,PMC6592156_SILVER_NANOPARTICLE_HUMAN_PLASMA,SEQUENCE_RIDGE_COMPOSITION_ONLY,0.01,R4_EDINBURGH_USGO_20210324_6pm_KostarelosK_OkweloguE_EO126,0.8,100.0
T238_OUTER_02,PMC6592156_SILVER_NANOPARTICLE_HUMAN_PLASMA,SEQUENCE_RIDGE_COMPOSITION_ONLY,0.01,R4_EDINBURGH_USGO_20210324_6pm_KostarelosK_OkweloguE_EO13,0.7857142857142857,100.0
T238_OUTER_02,PMC6592156_SILVER_NANOPARTICLE_HUMAN_PLASMA,SEQUENCE_RIDGE_COMPOSITION_ONLY,0.01,R4_EDINBURGH_USGO_20210324_6pm_KostarelosK_OkweloguE_EO26,0.5952380952380952,100.0
T238_OUTER_02,PMC6592156_SILVER_NANOPARTICLE_HUMAN_PLASMA,SEQUENCE_RIDGE_COMPOSITION_ONLY,0.01,R4_EDINBURGH_USGO_20210324_6pm_KostarelosK_OkweloguE_EO36,0.7142857142857143,100.0
T238_OUTER_02,PMC6592156_SILVER_NANOPARTICLE_HUMAN_PLASMA,SEQUENCE_RIDGE_COMPOSITION_ONLY,0.01,R4_EDINBURGH_USGO_20210324_6pm_KostarelosK_OkweloguE_EO40,0.6666666666666666,100.0
T238_OUTER_02,PMC6592156_SILVER_NANOPARTICLE_HUMAN_PLASMA,SEQUENCE_RIDGE_COMPOSITION_ONLY,0.01,R4_EDINBURGH_USGO_20210324_6pm_KostarelosK_OkweloguE_EO42,0.6666666666666666,100.0
T238_OUTER_02,PMC6592156_SILVER_NANOPARTICLE_HUMAN_PLASMA,SEQUENCE_RIDGE_COMPOSITION_ONLY,0.01,R4_EDINBURGH_USGO_20210324_6pm_KostarelosK_OkweloguE_EO44,0.7857142857142857,100.0
T238_OUTER_02,PMC6592156_SILVER_NANOPARTICLE_HUMAN_PLASMA,SEQUENCE_RIDGE_COMPOSITION_ONLY,0.01,R4_EDINBURGH_USGO_20210324_6pm_KostarelosK_OkweloguE_EO5,0.8833333333333333,100.0
T238_OUTER_02,PMC6592156_SILVER_NANOPARTICLE_HUMAN_PLASMA,SEQUENCE_RIDGE_COMPOSITION_ONLY,0.01,R4_EDINBURGH_USGO_20210324_6pm_KostarelosK_OkweloguE_EO50,0.7666666666666667,100.0
T238_OUTER_02,PMC6592156_SILVER_NANOPARTICLE_HUMAN_PLASMA,SEQUENCE_RIDGE_COMPOSITION_ONLY,0.01,R4_EDINBURGH_USGO_20210324_6pm_KostarelosK_OkweloguE_EO53,0.8095238095238095,100.0
T238_OUTER_02,PMC6592156_SILVER_NANOPARTICLE_HUMAN_PLASMA,SEQUENCE_RIDGE_COMPOSITION_ONLY,0.01,R4_EDINBURGH_USGO_20210324_6pm_KostarelosK_OkweloguE_EO60,0.8571428571428571,100.0
T238_OUTER_02,PMC6592156_SILVER_NANOPARTICLE_HUMAN_PLASMA,SEQUENCE_RIDGE_COMPOSITION_ONLY,0.01,R4_EDINBURGH_USGO_20210324_6pm_KostarelosK_OkweloguE_EO62,0.36666666666666664,100.0
T238_OUTER_02,PMC6592156_SILVER_NANOPARTICLE_HUMAN_PLASMA,SEQUENCE_RIDGE_COMPOSITION_ONLY,0.01,R4_EDINBURGH_USGO_20210324_6pm_KostarelosK_OkweloguE_EO69,0.7833333333333333,100.0
T238_OUTER_02,PMC6592156_SILVER_NANOPARTICLE_HUMAN_PLASMA,SEQUENCE_RIDGE_COMPOSITION_ONLY,0.01,R4_EDINBURGH_USGO_20210324_6pm_KostarelosK_OkweloguE_EO76,0.6166666666666667,100.0
T238_OUTER_02,PMC6592156_SILVER_NANOPARTICLE_HUMAN_PLASMA,SEQUENCE_RIDGE_COMPOSITION_ONLY,0.01,R4_EDINBURGH_USGO_20210324_6pm_KostarelosK_OkweloguE_EO77,0.6904761904761905,100.0
T238_OUTER_02,PMC6592156_SILVER_NANOPARTICLE_HUMAN_PLASMA,SEQUENCE_RIDGE_COMPOSITION_ONLY,0.01,R4_EDINBURGH_USGO_20210324_6pm_KostarelosK_OkweloguE_EO79,0.75,100.0
T238_OUTER_02,PMC6592156_SILVER_NANOPARTICLE_HUMAN_PLASMA,SEQUENCE_RIDGE_COMPOSITION_ONLY,0.01,R4_EDINBURGH_USGO_20210324_6pm_KostarelosK_OkweloguE_EO86,0.8833333333333333,100.0
T238_OUTER_02,PMC6592156_SILVER_NANOPARTICLE_HUMAN_PLASMA,SEQUENCE_RIDGE_COMPOSITION_ONLY,0.01,R4_EDINBURGH_USGO_20210324_6pm_KostarelosK_OkweloguE_EO87,0.7666666666666667,100.0
T238_OUTER_02,PMC6592156_SILVER_NANOPARTICLE_HUMAN_PLASMA,SEQUENCE_RIDGE_COMPOSITION_ONLY,0.01,R4_PXD060795_F1,0.85,100.0
T238_OUTER_02,PMC6592156_SILVER_NANOPARTICLE_HUMAN_PLASMA,SEQUENCE_RIDGE_COMPOSITION_ONLY,0.01,R4_PXD060795_F2,0.85,100.0
T238_OUTER_02,PMC6592156_SILVER_NANOPARTICLE_HUMAN_PLASMA,SEQUENCE_RIDGE_COMPOSITION_ONLY,0.01,R4_PXD060795_F3,0.85,100.0
T238_OUTER_02,PMC6592156_SILVER_NANOPARTICLE_HUMAN_PLASMA,SEQUENCE_RIDGE_COMPOSITION_ONLY,0.01,R4_PXD060795_F7,0.7833333333333333,100.0
T238_OUTER_02,PMC6592156_SILVER_NANOPARTICLE_HUMAN_PLASMA,SEQUENCE_RIDGE_COMPOSITION_ONLY,0.01,R4_PXD060795_F8,0.8333333333333334,100.0
T238_OUTER_02,PMC6592156_SILVER_NANOPARTICLE_HUMAN_PLASMA,SEQUENCE_RIDGE_COMPOSITION_ONLY,0.01,R4_PXD060795_F9,0.7142857142857143,100.0
T238_OUTER_02,PMC6592156_SILVER_NANOPARTICLE_HUMAN_PLASMA,SEQUENCE_RIDGE_COMPOSITION_ONLY,0.01,T_D1_133,0.5936729339017844,100.0
T238_OUTER_02,PMC6592156_SILVER_NANOPARTICLE_HUMAN_PLASMA,SEQUENCE_RIDGE_COMPOSITION_ONLY,0.01,T_D1_138,0.7551665363983314,100.0
T238_OUTER_02,PMC6592156_SILVER_NANOPARTICLE_HUMAN_PLASMA,SEQUENCE_RIDGE_COMPOSITION_ONLY,0.01,T_D1_165,0.650213213321002,100.0
T238_OUTER_02,PMC6592156_SILVER_NANOPARTICLE_HUMAN_PLASMA,SEQUENCE_RIDGE_COMPOSITION_ONLY,0.01,T_D1_173,0.5963553727767786,100.0
T238_OUTER_02,PMC6592156_SILVER_NANOPARTICLE_HUMAN_PLASMA,SEQUENCE_RIDGE_COMPOSITION_ONLY,0.01,T_D1_186,0.6666826092148269,100.0
T238_OUTER_02,PMC6592156_SILVER_NANOPARTICLE_HUMAN_PLASMA,SEQUENCE_RIDGE_COMPOSITION_ONLY,0.01,T_D3_119a,0.5781604370369247,100.0
T238_OUTER_02,PMC6592156_SILVER_NANOPARTICLE_HUMAN_PLASMA,SEQUENCE_RIDGE_COMPOSITION_ONLY,0.01,T_D3_119b,0.5817375393384442,100.0
T238_OUTER_02,PMC6592156_SILVER_NANOPARTICLE_HUMAN_PLASMA,SEQUENCE_RIDGE_COMPOSITION_ONLY,0.01,T_D3_155,0.44788647697208966,100.0
T238_OUTER_02,PMC6592156_SILVER_NANOPARTICLE_HUMAN_PLASMA,SEQUENCE_RIDGE_COMPOSITION_ONLY,0.01,T_D3_178,0.650213213321002,100.0
T238_OUTER_02,PMC6592156_SILVER_NANOPARTICLE_HUMAN_PLASMA,SEQUENCE_RIDGE_COMPOSITION_ONLY,0.01,T_D3_198,0.19526969068659972,100.0
T238_OUTER_02,PMC6592156_SILVER_NANOPARTICLE_HUMAN_PLASMA,SEQUENCE_RIDGE_COMPOSITION_ONLY,0.01,__MEAN__,0.694106250360509,100.0
T238_OUTER_02,PMC6592156_SILVER_NANOPARTICLE_HUMAN_PLASMA,SEQUENCE_RIDGE_COMPOSITION_ONLY,0.1,PT_D1_16,0.631417849060341,100.0
T238_OUTER_02,PMC6592156_SILVER_NANOPARTICLE_HUMAN_PLASMA,SEQUENCE_RIDGE_COMPOSITION_ONLY,0.1,PT_D1_18,0.23034110636021418,100.0
T238_OUTER_02,PMC6592156_SILVER_NANOPARTICLE_HUMAN_PLASMA,SEQUENCE_RIDGE_COMPOSITION_ONLY,0.1,PT_D1_20,0.7807200583588266,100.0
T238_OUTER_02,PMC6592156_SILVER_NANOPARTICLE_HUMAN_PLASMA,SEQUENCE_RIDGE_COMPOSITION_ONLY,0.1,PT_D1_23,0.7026447416620998,100.0
T238_OUTER_02,PMC6592156_SILVER_NANOPARTICLE_HUMAN_PLASMA,SEQUENCE_RIDGE_COMPOSITION_ONLY,0.1,PT_D1_33,0.768219407756496,100.0
T238_OUTER_02,PMC6592156_SILVER_NANOPARTICLE_HUMAN_PLASMA,SEQUENCE_RIDGE_COMPOSITION_ONLY,0.1,PT_D1_34,0.5936729339017844,100.0
T238_OUTER_02,PMC6592156_SILVER_NANOPARTICLE_HUMAN_PLASMA,SEQUENCE_RIDGE_COMPOSITION_ONLY,0.1,PT_D1_48,0.5315774339537505,100.0
T238_OUTER_02,PMC6592156_SILVER_NANOPARTICLE_HUMAN_PLASMA,SEQUENCE_RIDGE_COMPOSITION_ONLY,0.1,PT_D1_51,0.6260603994785162,100.0
T238_OUTER_02,PMC6592156_SILVER_NANOPARTICLE_HUMAN_PLASMA,SEQUENCE_RIDGE_COMPOSITION_ONLY,0.1,PT_D1_73,0.6205200419610072,100.0
T238_OUTER_02,PMC6592156_SILVER_NANOPARTICLE_HUMAN_PLASMA,SEQUENCE_RIDGE_COMPOSITION_ONLY,0.1,PT_D1_81,0.270801280154532,100.0
T238_OUTER_02,PMC6592156_SILVER_NANOPARTICLE_HUMAN_PLASMA,SEQUENCE_RIDGE_COMPOSITION_ONLY,0.1,PT_D3_06,0.650213213321002,100.0
T238_OUTER_02,PMC6592156_SILVER_NANOPARTICLE_HUMAN_PLASMA,SEQUENCE_RIDGE_COMPOSITION_ONLY,0.1,PT_D3_14,0.650213213321002,100.0
T238_OUTER_02,PMC6592156_SILVER_NANOPARTICLE_HUMAN_PLASMA,SEQUENCE_RIDGE_COMPOSITION_ONLY,0.1,PT_D3_22,0.5951368255656534,100.0
T238_OUTER_02,PMC6592156_SILVER_NANOPARTICLE_HUMAN_PLASMA,SEQUENCE_RIDGE_COMPOSITION_ONLY,0.1,PT_D3_28,0.856305150653836,100.0
T238_OUTER_02,PMC6592156_SILVER_NANOPARTICLE_HUMAN_PLASMA,SEQUENCE_RIDGE_COMPOSITION_ONLY,0.1,PT_D3_30,0.6596376411971161,100.0
T238_OUTER_02,PMC6592156_SILVER_NANOPARTICLE_HUMAN_PLASMA,SEQUENCE_RIDGE_COMPOSITION_ONLY,0.1,PT_D3_37,0.6360781434661976,100.0
T238_OUTER_02,PMC6592156_SILVER_NANOPARTICLE_HUMAN_PLASMA,SEQUENCE_RIDGE_COMPOSITION_ONLY,0.1,PT_D3_41,0.4897140569370998,100.0
T238_OUTER_02,PMC6592156_SILVER_NANOPARTICLE_HUMAN_PLASMA,SEQUENCE_RIDGE_COMPOSITION_ONLY,0.1,PT_D3_42,0.720888562595024,100.0
T238_OUTER_02,PMC6592156_SILVER_NANOPARTICLE_HUMAN_PLASMA,SEQUENCE_RIDGE_COMPOSITION_ONLY,0.1,PT_D3_85,0.5908391567007971,100.0
T238_OUTER_02,PMC6592156_SILVER_NANOPARTICLE_HUMAN_PLASMA,SEQUENCE_RIDGE_COMPOSITION_ONLY,0.1,PT_D3_96,0.650213213321002,100.0
T238_OUTER_02,PMC6592156_SILVER_NANOPARTICLE_HUMAN_PLASMA,SEQUENCE_RIDGE_COMPOSITION_ONLY,0.1,R4_EDINBURGH_SGO_20210324_6pm_KostarelosK_OkweloguE_EO10,0.8571428571428571,100.0
T238_OUTER_02,PMC6592156_SILVER_NANOPARTICLE_HUMAN_PLASMA,SEQUENCE_RIDGE_COMPOSITION_ONLY,0.1,R4_EDINBURGH_SGO_20210324_6pm_KostarelosK_OkweloguE_EO103,0.7619047619047619,100.0
T238_OUTER_02,PMC6592156_SILVER_NANOPARTICLE_HUMAN_PLASMA,SEQUENCE_RIDGE_COMPOSITION_ONLY,0.1,R4_EDINBURGH_SGO_20210324_6pm_KostarelosK_OkweloguE_EO105,0.7857142857142857,100.0
T238_OUTER_02,PMC6592156_SILVER_NANOPARTICLE_HUMAN_PLASMA,SEQUENCE_RIDGE_COMPOSITION_ONLY,0.1,R4_EDINBURGH_SGO_20210324_6pm_KostarelosK_OkweloguE_EO107,0.7380952380952381,100.0
T238_OUTER_02,PMC6592156_SILVER_NANOPARTICLE_HUMAN_PLASMA,SEQUENCE_RIDGE_COMPOSITION_ONLY,0.1,R4_EDINBURGH_SGO_20210324_6pm_KostarelosK_OkweloguE_EO113,0.8809523809523809,100.0
T238_OUTER_02,PMC6592156_SILVER_NANOPARTICLE_HUMAN_PLASMA,SEQUENCE_RIDGE_COMPOSITION_ONLY,0.1,R4_EDINBURGH_SGO_20210324_6pm_KostarelosK_OkweloguE_EO116,0.5714285714285714,100.0
T238_OUTER_02,PMC6592156_SILVER_NANOPARTICLE_HUMAN_PLASMA,SEQUENCE_RIDGE_COMPOSITION_ONLY,0.1,R4_EDINBURGH_SGO_20210324_6pm_KostarelosK_OkweloguE_EO12,0.7857142857142857,100.0
T238_OUTER_02,PMC6592156_SILVER_NANOPARTICLE_HUMAN_PLASMA,SEQUENCE_RIDGE_COMPOSITION_ONLY,0.1,R4_EDINBURGH_SGO_20210324_6pm_KostarelosK_OkweloguE_EO16,0.8214285714285714,100.0
T238_OUTER_02,PMC6592156_SILVER_NANOPARTICLE_HUMAN_PLASMA,SEQUENCE_RIDGE_COMPOSITION_ONLY,0.1,R4_EDINBURGH_SGO_20210324_6pm_KostarelosK_OkweloguE_EO21,0.5,100.0
T238_OUTER_02,PMC6592156_SILVER_NANOPARTICLE_HUMAN_PLASMA,SEQUENCE_RIDGE_COMPOSITION_ONLY,0.1,R4_EDINBURGH_SGO_20210324_6pm_KostarelosK_OkweloguE_EO24,0.7857142857142857,100.0
T238_OUTER_02,PMC6592156_SILVER_NANOPARTICLE_HUMAN_PLASMA,SEQUENCE_RIDGE_COMPOSITION_ONLY,0.1,R4_EDINBURGH_SGO_20210324_6pm_KostarelosK_OkweloguE_EO31,0.6666666666666666,100.0
T238_OUTER_02,PMC6592156_SILVER_NANOPARTICLE_HUMAN_PLASMA,SEQUENCE_RIDGE_COMPOSITION_ONLY,0.1,R4_EDINBURGH_SGO_20210324_6pm_KostarelosK_OkweloguE_EO34,0.23809523809523808,100.0
T238_OUTER_02,PMC6592156_SILVER_NANOPARTICLE_HUMAN_PLASMA,SEQUENCE_RIDGE_COMPOSITION_ONLY,0.1,R4_EDINBURGH_SGO_20210324_6pm_KostarelosK_OkweloguE_EO4,0.8571428571428571,100.0
T238_OUTER_02,PMC6592156_SILVER_NANOPARTICLE_HUMAN_PLASMA,SEQUENCE_RIDGE_COMPOSITION_ONLY,0.1,R4_EDINBURGH_SGO_20210324_6pm_KostarelosK_OkweloguE_EO43,0.5,100.0
T238_OUTER_02,PMC6592156_SILVER_NANOPARTICLE_HUMAN_PLASMA,SEQUENCE_RIDGE_COMPOSITION_ONLY,0.1,R4_EDINBURGH_SGO_20210324_6pm_KostarelosK_OkweloguE_EO52,0.7619047619047619,100.0
T238_OUTER_02,PMC6592156_SILVER_NANOPARTICLE_HUMAN_PLASMA,SEQUENCE_RIDGE_COMPOSITION_ONLY,0.1,R4_EDINBURGH_SGO_20210324_6pm_KostarelosK_OkweloguE_EO64,0.8571428571428571,100.0
T238_OUTER_02,PMC6592156_SILVER_NANOPARTICLE_HUMAN_PLASMA,SEQUENCE_RIDGE_COMPOSITION_ONLY,0.1,R4_EDINBURGH_SGO_20210324_6pm_KostarelosK_OkweloguE_EO66,0.7857142857142857,100.0
T238_OUTER_02,PMC6592156_SILVER_NANOPARTICLE_HUMAN_PLASMA,SEQUENCE_RIDGE_COMPOSITION_ONLY,0.1,R4_EDINBURGH_SGO_20210324_6pm_KostarelosK_OkweloguE_EO73,0.8809523809523809,100.0
T238_OUTER_02,PMC6592156_SILVER_NANOPARTICLE_HUMAN_PLASMA,SEQUENCE_RIDGE_COMPOSITION_ONLY,0.1,R4_EDINBURGH_SGO_20210324_6pm_KostarelosK_OkweloguE_EO83,0.8809523809523809,100.0
T238_OUTER_02,PMC6592156_SILVER_NANOPARTICLE_HUMAN_PLASMA,SEQUENCE_RIDGE_COMPOSITION_ONLY,0.1,R4_EDINBURGH_SGO_20210324_6pm_KostarelosK_OkweloguE_EO88,0.5,100.0
T238_OUTER_02,PMC6592156_SILVER_NANOPARTICLE_HUMAN_PLASMA,SEQUENCE_RIDGE_COMPOSITION_ONLY,0.1,R4_EDINBURGH_SGO_20210324_6pm_KostarelosK_OkweloguE_EO94,0.7619047619047619,100.0
T238_OUTER_02,PMC6592156_SILVER_NANOPARTICLE_HUMAN_PLASMA,SEQUENCE_RIDGE_COMPOSITION_ONLY,0.1,R4_EDINBURGH_SGO_20210324_6pm_KostarelosK_OkweloguE_EO96,0.8809523809523809,100.0
T238_OUTER_02,PMC6592156_SILVER_NANOPARTICLE_HUMAN_PLASMA,SEQUENCE_RIDGE_COMPOSITION_ONLY,0.1,R4_EDINBURGH_SGO_20210324_6pm_KostarelosK_OkweloguE_EO97,0.8095238095238095,100.0
T238_OUTER_02,PMC6592156_SILVER_NANOPARTICLE_HUMAN_PLASMA,SEQUENCE_RIDGE_COMPOSITION_ONLY,0.1,R4_EDINBURGH_USGO_20210324_6pm_KostarelosK_OkweloguE_EO106,0.85,100.0
T238_OUTER_02,PMC6592156_SILVER_NANOPARTICLE_HUMAN_PLASMA,SEQUENCE_RIDGE_COMPOSITION_ONLY,0.1,R4_EDINBURGH_USGO_20210324_6pm_KostarelosK_OkweloguE_EO11,0.6666666666666666,100.0
T238_OUTER_02,PMC6592156_SILVER_NANOPARTICLE_HUMAN_PLASMA,SEQUENCE_RIDGE_COMPOSITION_ONLY,0.1,R4_EDINBURGH_USGO_20210324_6pm_KostarelosK_OkweloguE_EO111,0.8,100.0
T238_OUTER_02,PMC6592156_SILVER_NANOPARTICLE_HUMAN_PLASMA,SEQUENCE_RIDGE_COMPOSITION_ONLY,0.1,R4_EDINBURGH_USGO_20210324_6pm_KostarelosK_OkweloguE_EO112,0.6166666666666667,100.0
T238_OUTER_02,PMC6592156_SILVER_NANOPARTICLE_HUMAN_PLASMA,SEQUENCE_RIDGE_COMPOSITION_ONLY,0.1,R4_EDINBURGH_USGO_20210324_6pm_KostarelosK_OkweloguE_EO115,0.75,100.0
T238_OUTER_02,PMC6592156_SILVER_NANOPARTICLE_HUMAN_PLASMA,SEQUENCE_RIDGE_COMPOSITION_ONLY,0.1,R4_EDINBURGH_USGO_20210324_6pm_KostarelosK_OkweloguE_EO120,0.9,100.0
T238_OUTER_02,PMC6592156_SILVER_NANOPARTICLE_HUMAN_PLASMA,SEQUENCE_RIDGE_COMPOSITION_ONLY,0.1,R4_EDINBURGH_USGO_20210324_6pm_KostarelosK_OkweloguE_EO121,0.6166666666666667,100.0
T238_OUTER_02,PMC6592156_SILVER_NANOPARTICLE_HUMAN_PLASMA,SEQUENCE_RIDGE_COMPOSITION_ONLY,0.1,R4_EDINBURGH_USGO_20210324_6pm_KostarelosK_OkweloguE_EO125,0.9,100.0
T238_OUTER_02,PMC6592156_SILVER_NANOPARTICLE_HUMAN_PLASMA,SEQUENCE_RIDGE_COMPOSITION_ONLY,0.1,R4_EDINBURGH_USGO_20210324_6pm_KostarelosK_OkweloguE_EO126,0.8,100.0
T238_OUTER_02,PMC6592156_SILVER_NANOPARTICLE_HUMAN_PLASMA,SEQUENCE_RIDGE_COMPOSITION_ONLY,0.1,R4_EDINBURGH_USGO_20210324_6pm_KostarelosK_OkweloguE_EO13,0.7857142857142857,100.0
T238_OUTER_02,PMC6592156_SILVER_NANOPARTICLE_HUMAN_PLASMA,SEQUENCE_RIDGE_COMPOSITION_ONLY,0.1,R4_EDINBURGH_USGO_20210324_6pm_KostarelosK_OkweloguE_EO26,0.5952380952380952,100.0
T238_OUTER_02,PMC6592156_SILVER_NANOPARTICLE_HUMAN_PLASMA,SEQUENCE_RIDGE_COMPOSITION_ONLY,0.1,R4_EDINBURGH_USGO_20210324_6pm_KostarelosK_OkweloguE_EO36,0.7142857142857143,100.0
T238_OUTER_02,PMC6592156_SILVER_NANOPARTICLE_HUMAN_PLASMA,SEQUENCE_RIDGE_COMPOSITION_ONLY,0.1,R4_EDINBURGH_USGO_20210324_6pm_KostarelosK_OkweloguE_EO40,0.6666666666666666,100.0
T238_OUTER_02,PMC6592156_SILVER_NANOPARTICLE_HUMAN_PLASMA,SEQUENCE_RIDGE_COMPOSITION_ONLY,0.1,R4_EDINBURGH_USGO_20210324_6pm_KostarelosK_OkweloguE_EO42,0.6666666666666666,100.0
T238_OUTER_02,PMC6592156_SILVER_NANOPARTICLE_HUMAN_PLASMA,SEQUENCE_RIDGE_COMPOSITION_ONLY,0.1,R4_EDINBURGH_USGO_20210324_6pm_KostarelosK_OkweloguE_EO44,0.7857142857142857,100.0
T238_OUTER_02,PMC6592156_SILVER_NANOPARTICLE_HUMAN_PLASMA,SEQUENCE_RIDGE_COMPOSITION_ONLY,0.1,R4_EDINBURGH_USGO_20210324_6pm_KostarelosK_OkweloguE_EO5,0.8833333333333333,100.0
T238_OUTER_02,PMC6592156_SILVER_NANOPARTICLE_HUMAN_PLASMA,SEQUENCE_RIDGE_COMPOSITION_ONLY,0.1,R4_EDINBURGH_USGO_20210324_6pm_KostarelosK_OkweloguE_EO50,0.7666666666666667,100.0
T238_OUTER_02,PMC6592156_SILVER_NANOPARTICLE_HUMAN_PLASMA,SEQUENCE_RIDGE_COMPOSITION_ONLY,0.1,R4_EDINBURGH_USGO_20210324_6pm_KostarelosK_OkweloguE_EO53,0.8095238095238095,100.0
T238_OUTER_02,PMC6592156_SILVER_NANOPARTICLE_HUMAN_PLASMA,SEQUENCE_RIDGE_COMPOSITION_ONLY,0.1,R4_EDINBURGH_USGO_20210324_6pm_KostarelosK_OkweloguE_EO60,0.8571428571428571,100.0
T238_OUTER_02,PMC6592156_SILVER_NANOPARTICLE_HUMAN_PLASMA,SEQUENCE_RIDGE_COMPOSITION_ONLY,0.1,R4_EDINBURGH_USGO_20210324_6pm_KostarelosK_OkweloguE_EO62,0.36666666666666664,100.0
T238_OUTER_02,PMC6592156_SILVER_NANOPARTICLE_HUMAN_PLASMA,SEQUENCE_RIDGE_COMPOSITION_ONLY,0.1,R4_EDINBURGH_USGO_20210324_6pm_KostarelosK_OkweloguE_EO69,0.7833333333333333,100.0
T238_OUTER_02,PMC6592156_SILVER_NANOPARTICLE_HUMAN_PLASMA,SEQUENCE_RIDGE_COMPOSITION_ONLY,0.1,R4_EDINBURGH_USGO_20210324_6pm_KostarelosK_OkweloguE_EO76,0.6166666666666667,100.0
T238_OUTER_02,PMC6592156_SILVER_NANOPARTICLE_HUMAN_PLASMA,SEQUENCE_RIDGE_COMPOSITION_ONLY,0.1,R4_EDINBURGH_USGO_20210324_6pm_KostarelosK_OkweloguE_EO77,0.6904761904761905,100.0
T238_OUTER_02,PMC6592156_SILVER_NANOPARTICLE_HUMAN_PLASMA,SEQUENCE_RIDGE_COMPOSITION_ONLY,0.1,R4_EDINBURGH_USGO_20210324_6pm_KostarelosK_OkweloguE_EO79,0.75,100.0
T238_OUTER_02,PMC6592156_SILVER_NANOPARTICLE_HUMAN_PLASMA,SEQUENCE_RIDGE_COMPOSITION_ONLY,0.1,R4_EDINBURGH_USGO_20210324_6pm_KostarelosK_OkweloguE_EO86,0.8833333333333333,100.0
T238_OUTER_02,PMC6592156_SILVER_NANOPARTICLE_HUMAN_PLASMA,SEQUENCE_RIDGE_COMPOSITION_ONLY,0.1,R4_EDINBURGH_USGO_20210324_6pm_KostarelosK_OkweloguE_EO87,0.7666666666666667,100.0
T238_OUTER_02,PMC6592156_SILVER_NANOPARTICLE_HUMAN_PLASMA,SEQUENCE_RIDGE_COMPOSITION_ONLY,0.1,R4_PXD060795_F1,0.85,100.0
T238_OUTER_02,PMC6592156_SILVER_NANOPARTICLE_HUMAN_PLASMA,SEQUENCE_RIDGE_COMPOSITION_ONLY,0.1,R4_PXD060795_F2,0.85,100.0
T238_OUTER_02,PMC6592156_SILVER_NANOPARTICLE_HUMAN_PLASMA,SEQUENCE_RIDGE_COMPOSITION_ONLY,0.1,R4_PXD060795_F3,0.85,100.0
T238_OUTER_02,PMC6592156_SILVER_NANOPARTICLE_HUMAN_PLASMA,SEQUENCE_RIDGE_COMPOSITION_ONLY,0.1,R4_PXD060795_F7,0.7833333333333333,100.0
T238_OUTER_02,PMC6592156_SILVER_NANOPARTICLE_HUMAN_PLASMA,SEQUENCE_RIDGE_COMPOSITION_ONLY,0.1,R4_PXD060795_F8,0.8333333333333334,100.0
T238_OUTER_02,PMC6592156_SILVER_NANOPARTICLE_HUMAN_PLASMA,SEQUENCE_RIDGE_COMPOSITION_ONLY,0.1,R4_PXD060795_F9,0.7142857142857143,100.0
T238_OUTER_02,PMC6592156_SILVER_NANOPARTICLE_HUMAN_PLASMA,SEQUENCE_RIDGE_COMPOSITION_ONLY,0.1,T_D1_133,0.5936729339017844,100.0
T238_OUTER_02,PMC6592156_SILVER_NANOPARTICLE_HUMAN_PLASMA,SEQUENCE_RIDGE_COMPOSITION_ONLY,0.1,T_D1_138,0.7460130026238062,100.0
T238_OUTER_02,PMC6592156_SILVER_NANOPARTICLE_HUMAN_PLASMA,SEQUENCE_RIDGE_COMPOSITION_ONLY,0.1,T_D1_165,0.650213213321002,100.0
T238_OUTER_02,PMC6592156_SILVER_NANOPARTICLE_HUMAN_PLASMA,SEQUENCE_RIDGE_COMPOSITION_ONLY,0.1,T_D1_173,0.6055300708194983,100.0
T238_OUTER_02,PMC6592156_SILVER_NANOPARTICLE_HUMAN_PLASMA,SEQUENCE_RIDGE_COMPOSITION_ONLY,0.1,T_D1_186,0.6703832596185881,100.0
T238_OUTER_02,PMC6592156_SILVER_NANOPARTICLE_HUMAN_PLASMA,SEQUENCE_RIDGE_COMPOSITION_ONLY,0.1,T_D3_119a,0.5817375393384442,100.0
T238_OUTER_02,PMC6592156_SILVER_NANOPARTICLE_HUMAN_PLASMA,SEQUENCE_RIDGE_COMPOSITION_ONLY,0.1,T_D3_119b,0.5817375393384442,100.0
T238_OUTER_02,PMC6592156_SILVER_NANOPARTICLE_HUMAN_PLASMA,SEQUENCE_RIDGE_COMPOSITION_ONLY,0.1,T_D3_155,0.4648513674977967,100.0
T238_OUTER_02,PMC6592156_SILVER_NANOPARTICLE_HUMAN_PLASMA,SEQUENCE_RIDGE_COMPOSITION_ONLY,0.1,T_D3_178,0.650213213321002,100.0
T238_OUTER_02,PMC6592156_SILVER_NANOPARTICLE_HUMAN_PLASMA,SEQUENCE_RIDGE_COMPOSITION_ONLY,0.1,T_D3_198,0.19526969068659972,100.0
T238_OUTER_02,PMC6592156_SILVER_NANOPARTICLE_HUMAN_PLASMA,SEQUENCE_RIDGE_COMPOSITION_ONLY,0.1,__MEAN__,0.6945050764504528,100.0
T238_OUTER_02,PMC6592156_SILVER_NANOPARTICLE_HUMAN_PLASMA,SEQUENCE_RIDGE_COMPOSITION_ONLY,1.0,PT_D1_16,0.631417849060341,100.0
T238_OUTER_02,PMC6592156_SILVER_NANOPARTICLE_HUMAN_PLASMA,SEQUENCE_RIDGE_COMPOSITION_ONLY,1.0,PT_D1_18,0.23034110636021418,100.0
T238_OUTER_02,PMC6592156_SILVER_NANOPARTICLE_HUMAN_PLASMA,SEQUENCE_RIDGE_COMPOSITION_ONLY,1.0,PT_D1_20,0.7807200583588266,100.0
T238_OUTER_02,PMC6592156_SILVER_NANOPARTICLE_HUMAN_PLASMA,SEQUENCE_RIDGE_COMPOSITION_ONLY,1.0,PT_D1_23,0.7026447416620998,100.0
T238_OUTER_02,PMC6592156_SILVER_NANOPARTICLE_HUMAN_PLASMA,SEQUENCE_RIDGE_COMPOSITION_ONLY,1.0,PT_D1_33,0.7690725111928832,100.0
T238_OUTER_02,PMC6592156_SILVER_NANOPARTICLE_HUMAN_PLASMA,SEQUENCE_RIDGE_COMPOSITION_ONLY,1.0,PT_D1_34,0.5936729339017844,100.0
T238_OUTER_02,PMC6592156_SILVER_NANOPARTICLE_HUMAN_PLASMA,SEQUENCE_RIDGE_COMPOSITION_ONLY,1.0,PT_D1_48,0.5303948353054367,100.0
T238_OUTER_02,PMC6592156_SILVER_NANOPARTICLE_HUMAN_PLASMA,SEQUENCE_RIDGE_COMPOSITION_ONLY,1.0,PT_D1_51,0.6260603994785162,100.0
T238_OUTER_02,PMC6592156_SILVER_NANOPARTICLE_HUMAN_PLASMA,SEQUENCE_RIDGE_COMPOSITION_ONLY,1.0,PT_D1_73,0.6205200419610072,100.0
T238_OUTER_02,PMC6592156_SILVER_NANOPARTICLE_HUMAN_PLASMA,SEQUENCE_RIDGE_COMPOSITION_ONLY,1.0,PT_D1_81,0.263823541230135,100.0
T238_OUTER_02,PMC6592156_SILVER_NANOPARTICLE_HUMAN_PLASMA,SEQUENCE_RIDGE_COMPOSITION_ONLY,1.0,PT_D3_06,0.650213213321002,100.0
T238_OUTER_02,PMC6592156_SILVER_NANOPARTICLE_HUMAN_PLASMA,SEQUENCE_RIDGE_COMPOSITION_ONLY,1.0,PT_D3_14,0.650213213321002,100.0
T238_OUTER_02,PMC6592156_SILVER_NANOPARTICLE_HUMAN_PLASMA,SEQUENCE_RIDGE_COMPOSITION_ONLY,1.0,PT_D3_22,0.5951368255656534,100.0
T238_OUTER_02,PMC6592156_SILVER_NANOPARTICLE_HUMAN_PLASMA,SEQUENCE_RIDGE_COMPOSITION_ONLY,1.0,PT_D3_28,0.859772080979937,100.0
T238_OUTER_02,PMC6592156_SILVER_NANOPARTICLE_HUMAN_PLASMA,SEQUENCE_RIDGE_COMPOSITION_ONLY,1.0,PT_D3_30,0.6596376411971161,100.0
T238_OUTER_02,PMC6592156_SILVER_NANOPARTICLE_HUMAN_PLASMA,SEQUENCE_RIDGE_COMPOSITION_ONLY,1.0,PT_D3_37,0.6360781434661976,100.0
T238_OUTER_02,PMC6592156_SILVER_NANOPARTICLE_HUMAN_PLASMA,SEQUENCE_RIDGE_COMPOSITION_ONLY,1.0,PT_D3_41,0.4805605231625746,100.0
T238_OUTER_02,PMC6592156_SILVER_NANOPARTICLE_HUMAN_PLASMA,SEQUENCE_RIDGE_COMPOSITION_ONLY,1.0,PT_D3_42,0.720888562595024,100.0
T238_OUTER_02,PMC6592156_SILVER_NANOPARTICLE_HUMAN_PLASMA,SEQUENCE_RIDGE_COMPOSITION_ONLY,1.0,PT_D3_85,0.587180674734059,100.0
T238_OUTER_02,PMC6592156_SILVER_NANOPARTICLE_HUMAN_PLASMA,SEQUENCE_RIDGE_COMPOSITION_ONLY,1.0,PT_D3_96,0.650213213321002,100.0
T238_OUTER_02,PMC6592156_SILVER_NANOPARTICLE_HUMAN_PLASMA,SEQUENCE_RIDGE_COMPOSITION_ONLY,1.0,R4_EDINBURGH_SGO_20210324_6pm_KostarelosK_OkweloguE_EO10,0.8571428571428571,100.0
T238_OUTER_02,PMC6592156_SILVER_NANOPARTICLE_HUMAN_PLASMA,SEQUENCE_RIDGE_COMPOSITION_ONLY,1.0,R4_EDINBURGH_SGO_20210324_6pm_KostarelosK_OkweloguE_EO103,0.7619047619047619,100.0
T238_OUTER_02,PMC6592156_SILVER_NANOPARTICLE_HUMAN_PLASMA,SEQUENCE_RIDGE_COMPOSITION_ONLY,1.0,R4_EDINBURGH_SGO_20210324_6pm_KostarelosK_OkweloguE_EO105,0.7857142857142857,100.0
T238_OUTER_02,PMC6592156_SILVER_NANOPARTICLE_HUMAN_PLASMA,SEQUENCE_RIDGE_COMPOSITION_ONLY,1.0,R4_EDINBURGH_SGO_20210324_6pm_KostarelosK_OkweloguE_EO107,0.7380952380952381,100.0
T238_OUTER_02,PMC6592156_SILVER_NANOPARTICLE_HUMAN_PLASMA,SEQUENCE_RIDGE_COMPOSITION_ONLY,1.0,R4_EDINBURGH_SGO_20210324_6pm_KostarelosK_OkweloguE_EO113,0.8809523809523809,100.0
T238_OUTER_02,PMC6592156_SILVER_NANOPARTICLE_HUMAN_PLASMA,SEQUENCE_RIDGE_COMPOSITION_ONLY,1.0,R4_EDINBURGH_SGO_20210324_6pm_KostarelosK_OkweloguE_EO116,0.5714285714285714,100.0
T238_OUTER_02,PMC6592156_SILVER_NANOPARTICLE_HUMAN_PLASMA,SEQUENCE_RIDGE_COMPOSITION_ONLY,1.0,R4_EDINBURGH_SGO_20210324_6pm_KostarelosK_OkweloguE_EO12,0.7857142857142857,100.0
T238_OUTER_02,PMC6592156_SILVER_NANOPARTICLE_HUMAN_PLASMA,SEQUENCE_RIDGE_COMPOSITION_ONLY,1.0,R4_EDINBURGH_SGO_20210324_6pm_KostarelosK_OkweloguE_EO16,0.8214285714285714,100.0
T238_OUTER_02,PMC6592156_SILVER_NANOPARTICLE_HUMAN_PLASMA,SEQUENCE_RIDGE_COMPOSITION_ONLY,1.0,R4_EDINBURGH_SGO_20210324_6pm_KostarelosK_OkweloguE_EO21,0.5,100.0
T238_OUTER_02,PMC6592156_SILVER_NANOPARTICLE_HUMAN_PLASMA,SEQUENCE_RIDGE_COMPOSITION_ONLY,1.0,R4_EDINBURGH_SGO_20210324_6pm_KostarelosK_OkweloguE_EO24,0.7857142857142857,100.0
T238_OUTER_02,PMC6592156_SILVER_NANOPARTICLE_HUMAN_PLASMA,SEQUENCE_RIDGE_COMPOSITION_ONLY,1.0,R4_EDINBURGH_SGO_20210324_6pm_KostarelosK_OkweloguE_EO31,0.6666666666666666,100.0
T238_OUTER_02,PMC6592156_SILVER_NANOPARTICLE_HUMAN_PLASMA,SEQUENCE_RIDGE_COMPOSITION_ONLY,1.0,R4_EDINBURGH_SGO_20210324_6pm_KostarelosK_OkweloguE_EO34,0.23809523809523808,100.0
T238_OUTER_02,PMC6592156_SILVER_NANOPARTICLE_HUMAN_PLASMA,SEQUENCE_RIDGE_COMPOSITION_ONLY,1.0,R4_EDINBURGH_SGO_20210324_6pm_KostarelosK_OkweloguE_EO4,0.8571428571428571,100.0
T238_OUTER_02,PMC6592156_SILVER_NANOPARTICLE_HUMAN_PLASMA,SEQUENCE_RIDGE_COMPOSITION_ONLY,1.0,R4_EDINBURGH_SGO_20210324_6pm_KostarelosK_OkweloguE_EO43,0.5,100.0
T238_OUTER_02,PMC6592156_SILVER_NANOPARTICLE_HUMAN_PLASMA,SEQUENCE_RIDGE_COMPOSITION_ONLY,1.0,R4_EDINBURGH_SGO_20210324_6pm_KostarelosK_OkweloguE_EO52,0.7619047619047619,100.0
T238_OUTER_02,PMC6592156_SILVER_NANOPARTICLE_HUMAN_PLASMA,SEQUENCE_RIDGE_COMPOSITION_ONLY,1.0,R4_EDINBURGH_SGO_20210324_6pm_KostarelosK_OkweloguE_EO64,0.8571428571428571,100.0
T238_OUTER_02,PMC6592156_SILVER_NANOPARTICLE_HUMAN_PLASMA,SEQUENCE_RIDGE_COMPOSITION_ONLY,1.0,R4_EDINBURGH_SGO_20210324_6pm_KostarelosK_OkweloguE_EO66,0.7857142857142857,100.0
T238_OUTER_02,PMC6592156_SILVER_NANOPARTICLE_HUMAN_PLASMA,SEQUENCE_RIDGE_COMPOSITION_ONLY,1.0,R4_EDINBURGH_SGO_20210324_6pm_KostarelosK_OkweloguE_EO73,0.8809523809523809,100.0
T238_OUTER_02,PMC6592156_SILVER_NANOPARTICLE_HUMAN_PLASMA,SEQUENCE_RIDGE_COMPOSITION_ONLY,1.0,R4_EDINBURGH_SGO_20210324_6pm_KostarelosK_OkweloguE_EO83,0.8809523809523809,100.0
T238_OUTER_02,PMC6592156_SILVER_NANOPARTICLE_HUMAN_PLASMA,SEQUENCE_RIDGE_COMPOSITION_ONLY,1.0,R4_EDINBURGH_SGO_20210324_6pm_KostarelosK_OkweloguE_EO88,0.5,100.0
T238_OUTER_02,PMC6592156_SILVER_NANOPARTICLE_HUMAN_PLASMA,SEQUENCE_RIDGE_COMPOSITION_ONLY,1.0,R4_EDINBURGH_SGO_20210324_6pm_KostarelosK_OkweloguE_EO94,0.7619047619047619,100.0
T238_OUTER_02,PMC6592156_SILVER_NANOPARTICLE_HUMAN_PLASMA,SEQUENCE_RIDGE_COMPOSITION_ONLY,1.0,R4_EDINBURGH_SGO_20210324_6pm_KostarelosK_OkweloguE_EO96,0.8809523809523809,100.0
T238_OUTER_02,PMC6592156_SILVER_NANOPARTICLE_HUMAN_PLASMA,SEQUENCE_RIDGE_COMPOSITION_ONLY,1.0,R4_EDINBURGH_SGO_20210324_6pm_KostarelosK_OkweloguE_EO97,0.8095238095238095,100.0
T238_OUTER_02,PMC6592156_SILVER_NANOPARTICLE_HUMAN_PLASMA,SEQUENCE_RIDGE_COMPOSITION_ONLY,1.0,R4_EDINBURGH_USGO_20210324_6pm_KostarelosK_OkweloguE_EO106,0.85,100.0
T238_OUTER_02,PMC6592156_SILVER_NANOPARTICLE_HUMAN_PLASMA,SEQUENCE_RIDGE_COMPOSITION_ONLY,1.0,R4_EDINBURGH_USGO_20210324_6pm_KostarelosK_OkweloguE_EO11,0.6666666666666666,100.0
T238_OUTER_02,PMC6592156_SILVER_NANOPARTICLE_HUMAN_PLASMA,SEQUENCE_RIDGE_COMPOSITION_ONLY,1.0,R4_EDINBURGH_USGO_20210324_6pm_KostarelosK_OkweloguE_EO111,0.8,100.0
T238_OUTER_02,PMC6592156_SILVER_NANOPARTICLE_HUMAN_PLASMA,SEQUENCE_RIDGE_COMPOSITION_ONLY,1.0,R4_EDINBURGH_USGO_20210324_6pm_KostarelosK_OkweloguE_EO112,0.6166666666666667,100.0
T238_OUTER_02,PMC6592156_SILVER_NANOPARTICLE_HUMAN_PLASMA,SEQUENCE_RIDGE_COMPOSITION_ONLY,1.0,R4_EDINBURGH_USGO_20210324_6pm_KostarelosK_OkweloguE_EO115,0.75,100.0
T238_OUTER_02,PMC6592156_SILVER_NANOPARTICLE_HUMAN_PLASMA,SEQUENCE_RIDGE_COMPOSITION_ONLY,1.0,R4_EDINBURGH_USGO_20210324_6pm_KostarelosK_OkweloguE_EO120,0.9,100.0
T238_OUTER_02,PMC6592156_SILVER_NANOPARTICLE_HUMAN_PLASMA,SEQUENCE_RIDGE_COMPOSITION_ONLY,1.0,R4_EDINBURGH_USGO_20210324_6pm_KostarelosK_OkweloguE_EO121,0.6166666666666667,100.0
T238_OUTER_02,PMC6592156_SILVER_NANOPARTICLE_HUMAN_PLASMA,SEQUENCE_RIDGE_COMPOSITION_ONLY,1.0,R4_EDINBURGH_USGO_20210324_6pm_KostarelosK_OkweloguE_EO125,0.9,100.0
T238_OUTER_02,PMC6592156_SILVER_NANOPARTICLE_HUMAN_PLASMA,SEQUENCE_RIDGE_COMPOSITION_ONLY,1.0,R4_EDINBURGH_USGO_20210324_6pm_KostarelosK_OkweloguE_EO126,0.8,100.0
T238_OUTER_02,PMC6592156_SILVER_NANOPARTICLE_HUMAN_PLASMA,SEQUENCE_RIDGE_COMPOSITION_ONLY,1.0,R4_EDINBURGH_USGO_20210324_6pm_KostarelosK_OkweloguE_EO13,0.7857142857142857,100.0
T238_OUTER_02,PMC6592156_SILVER_NANOPARTICLE_HUMAN_PLASMA,SEQUENCE_RIDGE_COMPOSITION_ONLY,1.0,R4_EDINBURGH_USGO_20210324_6pm_KostarelosK_OkweloguE_EO26,0.5952380952380952,100.0
T238_OUTER_02,PMC6592156_SILVER_NANOPARTICLE_HUMAN_PLASMA,SEQUENCE_RIDGE_COMPOSITION_ONLY,1.0,R4_EDINBURGH_USGO_20210324_6pm_KostarelosK_OkweloguE_EO36,0.7142857142857143,100.0
T238_OUTER_02,PMC6592156_SILVER_NANOPARTICLE_HUMAN_PLASMA,SEQUENCE_RIDGE_COMPOSITION_ONLY,1.0,R4_EDINBURGH_USGO_20210324_6pm_KostarelosK_OkweloguE_EO40,0.6666666666666666,100.0
T238_OUTER_02,PMC6592156_SILVER_NANOPARTICLE_HUMAN_PLASMA,SEQUENCE_RIDGE_COMPOSITION_ONLY,1.0,R4_EDINBURGH_USGO_20210324_6pm_KostarelosK_OkweloguE_EO42,0.6666666666666666,100.0
T238_OUTER_02,PMC6592156_SILVER_NANOPARTICLE_HUMAN_PLASMA,SEQUENCE_RIDGE_COMPOSITION_ONLY,1.0,R4_EDINBURGH_USGO_20210324_6pm_KostarelosK_OkweloguE_EO44,0.7857142857142857,100.0
T238_OUTER_02,PMC6592156_SILVER_NANOPARTICLE_HUMAN_PLASMA,SEQUENCE_RIDGE_COMPOSITION_ONLY,1.0,R4_EDINBURGH_USGO_20210324_6pm_KostarelosK_OkweloguE_EO5,0.8833333333333333,100.0
T238_OUTER_02,PMC6592156_SILVER_NANOPARTICLE_HUMAN_PLASMA,SEQUENCE_RIDGE_COMPOSITION_ONLY,1.0,R4_EDINBURGH_USGO_20210324_6pm_KostarelosK_OkweloguE_EO50,0.7666666666666667,100.0
T238_OUTER_02,PMC6592156_SILVER_NANOPARTICLE_HUMAN_PLASMA,SEQUENCE_RIDGE_COMPOSITION_ONLY,1.0,R4_EDINBURGH_USGO_20210324_6pm_KostarelosK_OkweloguE_EO53,0.8095238095238095,100.0
T238_OUTER_02,PMC6592156_SILVER_NANOPARTICLE_HUMAN_PLASMA,SEQUENCE_RIDGE_COMPOSITION_ONLY,1.0,R4_EDINBURGH_USGO_20210324_6pm_KostarelosK_OkweloguE_EO60,0.8571428571428571,100.0
T238_OUTER_02,PMC6592156_SILVER_NANOPARTICLE_HUMAN_PLASMA,SEQUENCE_RIDGE_COMPOSITION_ONLY,1.0,R4_EDINBURGH_USGO_20210324_6pm_KostarelosK_OkweloguE_EO62,0.36666666666666664,100.0
T238_OUTER_02,PMC6592156_SILVER_NANOPARTICLE_HUMAN_PLASMA,SEQUENCE_RIDGE_COMPOSITION_ONLY,1.0,R4_EDINBURGH_USGO_20210324_6pm_KostarelosK_OkweloguE_EO69,0.7833333333333333,100.0
T238_OUTER_02,PMC6592156_SILVER_NANOPARTICLE_HUMAN_PLASMA,SEQUENCE_RIDGE_COMPOSITION_ONLY,1.0,R4_EDINBURGH_USGO_20210324_6pm_KostarelosK_OkweloguE_EO76,0.6166666666666667,100.0
T238_OUTER_02,PMC6592156_SILVER_NANOPARTICLE_HUMAN_PLASMA,SEQUENCE_RIDGE_COMPOSITION_ONLY,1.0,R4_EDINBURGH_USGO_20210324_6pm_KostarelosK_OkweloguE_EO77,0.6904761904761905,100.0
T238_OUTER_02,PMC6592156_SILVER_NANOPARTICLE_HUMAN_PLASMA,SEQUENCE_RIDGE_COMPOSITION_ONLY,1.0,R4_EDINBURGH_USGO_20210324_6pm_KostarelosK_OkweloguE_EO79,0.75,100.0
T238_OUTER_02,PMC6592156_SILVER_NANOPARTICLE_HUMAN_PLASMA,SEQUENCE_RIDGE_COMPOSITION_ONLY,1.0,R4_EDINBURGH_USGO_20210324_6pm_KostarelosK_OkweloguE_EO86,0.8833333333333333,100.0
T238_OUTER_02,PMC6592156_SILVER_NANOPARTICLE_HUMAN_PLASMA,SEQUENCE_RIDGE_COMPOSITION_ONLY,1.0,R4_EDINBURGH_USGO_20210324_6pm_KostarelosK_OkweloguE_EO87,0.7666666666666667,100.0
T238_OUTER_02,PMC6592156_SILVER_NANOPARTICLE_HUMAN_PLASMA,SEQUENCE_RIDGE_COMPOSITION_ONLY,1.0,R4_PXD060795_F1,0.85,100.0
T238_OUTER_02,PMC6592156_SILVER_NANOPARTICLE_HUMAN_PLASMA,SEQUENCE_RIDGE_COMPOSITION_ONLY,1.0,R4_PXD060795_F2,0.85,100.0
T238_OUTER_02,PMC6592156_SILVER_NANOPARTICLE_HUMAN_PLASMA,SEQUENCE_RIDGE_COMPOSITION_ONLY,1.0,R4_PXD060795_F3,0.85,100.0
T238_OUTER_02,PMC6592156_SILVER_NANOPARTICLE_HUMAN_PLASMA,SEQUENCE_RIDGE_COMPOSITION_ONLY,1.0,R4_PXD060795_F7,0.7833333333333333,100.0
T238_OUTER_02,PMC6592156_SILVER_NANOPARTICLE_HUMAN_PLASMA,SEQUENCE_RIDGE_COMPOSITION_ONLY,1.0,R4_PXD060795_F8,0.8333333333333334,100.0
T238_OUTER_02,PMC6592156_SILVER_NANOPARTICLE_HUMAN_PLASMA,SEQUENCE_RIDGE_COMPOSITION_ONLY,1.0,R4_PXD060795_F9,0.7142857142857143,100.0
T238_OUTER_02,PMC6592156_SILVER_NANOPARTICLE_HUMAN_PLASMA,SEQUENCE_RIDGE_COMPOSITION_ONLY,1.0,T_D1_133,0.5936729339017844,100.0
T238_OUTER_02,PMC6592156_SILVER_NANOPARTICLE_HUMAN_PLASMA,SEQUENCE_RIDGE_COMPOSITION_ONLY,1.0,T_D1_138,0.7494747984908757,100.0
T238_OUTER_02,PMC6592156_SILVER_NANOPARTICLE_HUMAN_PLASMA,SEQUENCE_RIDGE_COMPOSITION_ONLY,1.0,T_D1_165,0.650213213321002,100.0
T238_OUTER_02,PMC6592156_SILVER_NANOPARTICLE_HUMAN_PLASMA,SEQUENCE_RIDGE_COMPOSITION_ONLY,1.0,T_D1_173,0.6087099960059278,100.0
T238_OUTER_02,PMC6592156_SILVER_NANOPARTICLE_HUMAN_PLASMA,SEQUENCE_RIDGE_COMPOSITION_ONLY,1.0,T_D1_186,0.6703832596185881,100.0
T238_OUTER_02,PMC6592156_SILVER_NANOPARTICLE_HUMAN_PLASMA,SEQUENCE_RIDGE_COMPOSITION_ONLY,1.0,T_D3_119a,0.5817375393384442,100.0
T238_OUTER_02,PMC6592156_SILVER_NANOPARTICLE_HUMAN_PLASMA,SEQUENCE_RIDGE_COMPOSITION_ONLY,1.0,T_D3_119b,0.5836930727980435,100.0
T238_OUTER_02,PMC6592156_SILVER_NANOPARTICLE_HUMAN_PLASMA,SEQUENCE_RIDGE_COMPOSITION_ONLY,1.0,T_D3_155,0.44788647697208966,100.0
T238_OUTER_02,PMC6592156_SILVER_NANOPARTICLE_HUMAN_PLASMA,SEQUENCE_RIDGE_COMPOSITION_ONLY,1.0,T_D3_178,0.650213213321002,100.0
T238_OUTER_02,PMC6592156_SILVER_NANOPARTICLE_HUMAN_PLASMA,SEQUENCE_RIDGE_COMPOSITION_ONLY,1.0,T_D3_198,0.19526969068659972,100.0
T238_OUTER_02,PMC6592156_SILVER_NANOPARTICLE_HUMAN_PLASMA,SEQUENCE_RIDGE_COMPOSITION_ONLY,1.0,__MEAN__,0.6942107240320518,100.0
T238_OUTER_02,PMC6592156_SILVER_NANOPARTICLE_HUMAN_PLASMA,SEQUENCE_RIDGE_COMPOSITION_ONLY,10.0,PT_D1_16,0.631417849060341,100.0
T238_OUTER_02,PMC6592156_SILVER_NANOPARTICLE_HUMAN_PLASMA,SEQUENCE_RIDGE_COMPOSITION_ONLY,10.0,PT_D1_18,0.23034110636021418,100.0
T238_OUTER_02,PMC6592156_SILVER_NANOPARTICLE_HUMAN_PLASMA,SEQUENCE_RIDGE_COMPOSITION_ONLY,10.0,PT_D1_20,0.7807200583588266,100.0
T238_OUTER_02,PMC6592156_SILVER_NANOPARTICLE_HUMAN_PLASMA,SEQUENCE_RIDGE_COMPOSITION_ONLY,10.0,PT_D1_23,0.7026447416620998,100.0
T238_OUTER_02,PMC6592156_SILVER_NANOPARTICLE_HUMAN_PLASMA,SEQUENCE_RIDGE_COMPOSITION_ONLY,10.0,PT_D1_33,0.768219407756496,100.0
T238_OUTER_02,PMC6592156_SILVER_NANOPARTICLE_HUMAN_PLASMA,SEQUENCE_RIDGE_COMPOSITION_ONLY,10.0,PT_D1_34,0.5936729339017844,100.0
T238_OUTER_02,PMC6592156_SILVER_NANOPARTICLE_HUMAN_PLASMA,SEQUENCE_RIDGE_COMPOSITION_ONLY,10.0,PT_D1_48,0.5315774339537505,100.0
T238_OUTER_02,PMC6592156_SILVER_NANOPARTICLE_HUMAN_PLASMA,SEQUENCE_RIDGE_COMPOSITION_ONLY,10.0,PT_D1_51,0.6260603994785162,100.0
T238_OUTER_02,PMC6592156_SILVER_NANOPARTICLE_HUMAN_PLASMA,SEQUENCE_RIDGE_COMPOSITION_ONLY,10.0,PT_D1_73,0.6205200419610072,100.0
T238_OUTER_02,PMC6592156_SILVER_NANOPARTICLE_HUMAN_PLASMA,SEQUENCE_RIDGE_COMPOSITION_ONLY,10.0,PT_D1_81,0.263823541230135,100.0
T238_OUTER_02,PMC6592156_SILVER_NANOPARTICLE_HUMAN_PLASMA,SEQUENCE_RIDGE_COMPOSITION_ONLY,10.0,PT_D3_06,0.650213213321002,100.0
T238_OUTER_02,PMC6592156_SILVER_NANOPARTICLE_HUMAN_PLASMA,SEQUENCE_RIDGE_COMPOSITION_ONLY,10.0,PT_D3_14,0.650213213321002,100.0
T238_OUTER_02,PMC6592156_SILVER_NANOPARTICLE_HUMAN_PLASMA,SEQUENCE_RIDGE_COMPOSITION_ONLY,10.0,PT_D3_22,0.5951368255656534,100.0
T238_OUTER_02,PMC6592156_SILVER_NANOPARTICLE_HUMAN_PLASMA,SEQUENCE_RIDGE_COMPOSITION_ONLY,10.0,PT_D3_28,0.856305150653836,100.0
T238_OUTER_02,PMC6592156_SILVER_NANOPARTICLE_HUMAN_PLASMA,SEQUENCE_RIDGE_COMPOSITION_ONLY,10.0,PT_D3_30,0.6596376411971161,100.0
T238_OUTER_02,PMC6592156_SILVER_NANOPARTICLE_HUMAN_PLASMA,SEQUENCE_RIDGE_COMPOSITION_ONLY,10.0,PT_D3_37,0.6360781434661976,100.0
T238_OUTER_02,PMC6592156_SILVER_NANOPARTICLE_HUMAN_PLASMA,SEQUENCE_RIDGE_COMPOSITION_ONLY,10.0,PT_D3_41,0.4862589962641426,100.0
T238_OUTER_02,PMC6592156_SILVER_NANOPARTICLE_HUMAN_PLASMA,SEQUENCE_RIDGE_COMPOSITION_ONLY,10.0,PT_D3_42,0.720888562595024,100.0
T238_OUTER_02,PMC6592156_SILVER_NANOPARTICLE_HUMAN_PLASMA,SEQUENCE_RIDGE_COMPOSITION_ONLY,10.0,PT_D3_85,0.5908391567007971,100.0
T238_OUTER_02,PMC6592156_SILVER_NANOPARTICLE_HUMAN_PLASMA,SEQUENCE_RIDGE_COMPOSITION_ONLY,10.0,PT_D3_96,0.650213213321002,100.0
T238_OUTER_02,PMC6592156_SILVER_NANOPARTICLE_HUMAN_PLASMA,SEQUENCE_RIDGE_COMPOSITION_ONLY,10.0,R4_EDINBURGH_SGO_20210324_6pm_KostarelosK_OkweloguE_EO10,0.8571428571428571,100.0
T238_OUTER_02,PMC6592156_SILVER_NANOPARTICLE_HUMAN_PLASMA,SEQUENCE_RIDGE_COMPOSITION_ONLY,10.0,R4_EDINBURGH_SGO_20210324_6pm_KostarelosK_OkweloguE_EO103,0.7619047619047619,100.0
T238_OUTER_02,PMC6592156_SILVER_NANOPARTICLE_HUMAN_PLASMA,SEQUENCE_RIDGE_COMPOSITION_ONLY,10.0,R4_EDINBURGH_SGO_20210324_6pm_KostarelosK_OkweloguE_EO105,0.7857142857142857,100.0
T238_OUTER_02,PMC6592156_SILVER_NANOPARTICLE_HUMAN_PLASMA,SEQUENCE_RIDGE_COMPOSITION_ONLY,10.0,R4_EDINBURGH_SGO_20210324_6pm_KostarelosK_OkweloguE_EO107,0.7380952380952381,100.0
T238_OUTER_02,PMC6592156_SILVER_NANOPARTICLE_HUMAN_PLASMA,SEQUENCE_RIDGE_COMPOSITION_ONLY,10.0,R4_EDINBURGH_SGO_20210324_6pm_KostarelosK_OkweloguE_EO113,0.8809523809523809,100.0
T238_OUTER_02,PMC6592156_SILVER_NANOPARTICLE_HUMAN_PLASMA,SEQUENCE_RIDGE_COMPOSITION_ONLY,10.0,R4_EDINBURGH_SGO_20210324_6pm_KostarelosK_OkweloguE_EO116,0.5714285714285714,100.0
T238_OUTER_02,PMC6592156_SILVER_NANOPARTICLE_HUMAN_PLASMA,SEQUENCE_RIDGE_COMPOSITION_ONLY,10.0,R4_EDINBURGH_SGO_20210324_6pm_KostarelosK_OkweloguE_EO12,0.7857142857142857,100.0
T238_OUTER_02,PMC6592156_SILVER_NANOPARTICLE_HUMAN_PLASMA,SEQUENCE_RIDGE_COMPOSITION_ONLY,10.0,R4_EDINBURGH_SGO_20210324_6pm_KostarelosK_OkweloguE_EO16,0.8214285714285714,100.0
T238_OUTER_02,PMC6592156_SILVER_NANOPARTICLE_HUMAN_PLASMA,SEQUENCE_RIDGE_COMPOSITION_ONLY,10.0,R4_EDINBURGH_SGO_20210324_6pm_KostarelosK_OkweloguE_EO21,0.5,100.0
T238_OUTER_02,PMC6592156_SILVER_NANOPARTICLE_HUMAN_PLASMA,SEQUENCE_RIDGE_COMPOSITION_ONLY,10.0,R4_EDINBURGH_SGO_20210324_6pm_KostarelosK_OkweloguE_EO24,0.7857142857142857,100.0
T238_OUTER_02,PMC6592156_SILVER_NANOPARTICLE_HUMAN_PLASMA,SEQUENCE_RIDGE_COMPOSITION_ONLY,10.0,R4_EDINBURGH_SGO_20210324_6pm_KostarelosK_OkweloguE_EO31,0.6666666666666666,100.0
T238_OUTER_02,PMC6592156_SILVER_NANOPARTICLE_HUMAN_PLASMA,SEQUENCE_RIDGE_COMPOSITION_ONLY,10.0,R4_EDINBURGH_SGO_20210324_6pm_KostarelosK_OkweloguE_EO34,0.23809523809523808,100.0
T238_OUTER_02,PMC6592156_SILVER_NANOPARTICLE_HUMAN_PLASMA,SEQUENCE_RIDGE_COMPOSITION_ONLY,10.0,R4_EDINBURGH_SGO_20210324_6pm_KostarelosK_OkweloguE_EO4,0.8571428571428571,100.0
T238_OUTER_02,PMC6592156_SILVER_NANOPARTICLE_HUMAN_PLASMA,SEQUENCE_RIDGE_COMPOSITION_ONLY,10.0,R4_EDINBURGH_SGO_20210324_6pm_KostarelosK_OkweloguE_EO43,0.5,100.0
T238_OUTER_02,PMC6592156_SILVER_NANOPARTICLE_HUMAN_PLASMA,SEQUENCE_RIDGE_COMPOSITION_ONLY,10.0,R4_EDINBURGH_SGO_20210324_6pm_KostarelosK_OkweloguE_EO52,0.7619047619047619,100.0
T238_OUTER_02,PMC6592156_SILVER_NANOPARTICLE_HUMAN_PLASMA,SEQUENCE_RIDGE_COMPOSITION_ONLY,10.0,R4_EDINBURGH_SGO_20210324_6pm_KostarelosK_OkweloguE_EO64,0.8571428571428571,100.0
T238_OUTER_02,PMC6592156_SILVER_NANOPARTICLE_HUMAN_PLASMA,SEQUENCE_RIDGE_COMPOSITION_ONLY,10.0,R4_EDINBURGH_SGO_20210324_6pm_KostarelosK_OkweloguE_EO66,0.7857142857142857,100.0
T238_OUTER_02,PMC6592156_SILVER_NANOPARTICLE_HUMAN_PLASMA,SEQUENCE_RIDGE_COMPOSITION_ONLY,10.0,R4_EDINBURGH_SGO_20210324_6pm_KostarelosK_OkweloguE_EO73,0.8809523809523809,100.0
T238_OUTER_02,PMC6592156_SILVER_NANOPARTICLE_HUMAN_PLASMA,SEQUENCE_RIDGE_COMPOSITION_ONLY,10.0,R4_EDINBURGH_SGO_20210324_6pm_KostarelosK_OkweloguE_EO83,0.8809523809523809,100.0
T238_OUTER_02,PMC6592156_SILVER_NANOPARTICLE_HUMAN_PLASMA,SEQUENCE_RIDGE_COMPOSITION_ONLY,10.0,R4_EDINBURGH_SGO_20210324_6pm_KostarelosK_OkweloguE_EO88,0.5,100.0
T238_OUTER_02,PMC6592156_SILVER_NANOPARTICLE_HUMAN_PLASMA,SEQUENCE_RIDGE_COMPOSITION_ONLY,10.0,R4_EDINBURGH_SGO_20210324_6pm_KostarelosK_OkweloguE_EO94,0.7619047619047619,100.0
T238_OUTER_02,PMC6592156_SILVER_NANOPARTICLE_HUMAN_PLASMA,SEQUENCE_RIDGE_COMPOSITION_ONLY,10.0,R4_EDINBURGH_SGO_20210324_6pm_KostarelosK_OkweloguE_EO96,0.8809523809523809,100.0
T238_OUTER_02,PMC6592156_SILVER_NANOPARTICLE_HUMAN_PLASMA,SEQUENCE_RIDGE_COMPOSITION_ONLY,10.0,R4_EDINBURGH_SGO_20210324_6pm_KostarelosK_OkweloguE_EO97,0.8095238095238095,100.0
T238_OUTER_02,PMC6592156_SILVER_NANOPARTICLE_HUMAN_PLASMA,SEQUENCE_RIDGE_COMPOSITION_ONLY,10.0,R4_EDINBURGH_USGO_20210324_6pm_KostarelosK_OkweloguE_EO106,0.85,100.0
T238_OUTER_02,PMC6592156_SILVER_NANOPARTICLE_HUMAN_PLASMA,SEQUENCE_RIDGE_COMPOSITION_ONLY,10.0,R4_EDINBURGH_USGO_20210324_6pm_KostarelosK_OkweloguE_EO11,0.6666666666666666,100.0
T238_OUTER_02,PMC6592156_SILVER_NANOPARTICLE_HUMAN_PLASMA,SEQUENCE_RIDGE_COMPOSITION_ONLY,10.0,R4_EDINBURGH_USGO_20210324_6pm_KostarelosK_OkweloguE_EO111,0.8,100.0
T238_OUTER_02,PMC6592156_SILVER_NANOPARTICLE_HUMAN_PLASMA,SEQUENCE_RIDGE_COMPOSITION_ONLY,10.0,R4_EDINBURGH_USGO_20210324_6pm_KostarelosK_OkweloguE_EO112,0.6166666666666667,100.0
T238_OUTER_02,PMC6592156_SILVER_NANOPARTICLE_HUMAN_PLASMA,SEQUENCE_RIDGE_COMPOSITION_ONLY,10.0,R4_EDINBURGH_USGO_20210324_6pm_KostarelosK_OkweloguE_EO115,0.75,100.0
T238_OUTER_02,PMC6592156_SILVER_NANOPARTICLE_HUMAN_PLASMA,SEQUENCE_RIDGE_COMPOSITION_ONLY,10.0,R4_EDINBURGH_USGO_20210324_6pm_KostarelosK_OkweloguE_EO120,0.9,100.0
T238_OUTER_02,PMC6592156_SILVER_NANOPARTICLE_HUMAN_PLASMA,SEQUENCE_RIDGE_COMPOSITION_ONLY,10.0,R4_EDINBURGH_USGO_20210324_6pm_KostarelosK_OkweloguE_EO121,0.6166666666666667,100.0
T238_OUTER_02,PMC6592156_SILVER_NANOPARTICLE_HUMAN_PLASMA,SEQUENCE_RIDGE_COMPOSITION_ONLY,10.0,R4_EDINBURGH_USGO_20210324_6pm_KostarelosK_OkweloguE_EO125,0.9,100.0
T238_OUTER_02,PMC6592156_SILVER_NANOPARTICLE_HUMAN_PLASMA,SEQUENCE_RIDGE_COMPOSITION_ONLY,10.0,R4_EDINBURGH_USGO_20210324_6pm_KostarelosK_OkweloguE_EO126,0.8,100.0
T238_OUTER_02,PMC6592156_SILVER_NANOPARTICLE_HUMAN_PLASMA,SEQUENCE_RIDGE_COMPOSITION_ONLY,10.0,R4_EDINBURGH_USGO_20210324_6pm_KostarelosK_OkweloguE_EO13,0.7857142857142857,100.0
T238_OUTER_02,PMC6592156_SILVER_NANOPARTICLE_HUMAN_PLASMA,SEQUENCE_RIDGE_COMPOSITION_ONLY,10.0,R4_EDINBURGH_USGO_20210324_6pm_KostarelosK_OkweloguE_EO26,0.5952380952380952,100.0
T238_OUTER_02,PMC6592156_SILVER_NANOPARTICLE_HUMAN_PLASMA,SEQUENCE_RIDGE_COMPOSITION_ONLY,10.0,R4_EDINBURGH_USGO_20210324_6pm_KostarelosK_OkweloguE_EO36,0.7142857142857143,100.0
T238_OUTER_02,PMC6592156_SILVER_NANOPARTICLE_HUMAN_PLASMA,SEQUENCE_RIDGE_COMPOSITION_ONLY,10.0,R4_EDINBURGH_USGO_20210324_6pm_KostarelosK_OkweloguE_EO40,0.6666666666666666,100.0
T238_OUTER_02,PMC6592156_SILVER_NANOPARTICLE_HUMAN_PLASMA,SEQUENCE_RIDGE_COMPOSITION_ONLY,10.0,R4_EDINBURGH_USGO_20210324_6pm_KostarelosK_OkweloguE_EO42,0.6666666666666666,100.0
T238_OUTER_02,PMC6592156_SILVER_NANOPARTICLE_HUMAN_PLASMA,SEQUENCE_RIDGE_COMPOSITION_ONLY,10.0,R4_EDINBURGH_USGO_20210324_6pm_KostarelosK_OkweloguE_EO44,0.7857142857142857,100.0
T238_OUTER_02,PMC6592156_SILVER_NANOPARTICLE_HUMAN_PLASMA,SEQUENCE_RIDGE_COMPOSITION_ONLY,10.0,R4_EDINBURGH_USGO_20210324_6pm_KostarelosK_OkweloguE_EO5,0.8833333333333333,100.0
T238_OUTER_02,PMC6592156_SILVER_NANOPARTICLE_HUMAN_PLASMA,SEQUENCE_RIDGE_COMPOSITION_ONLY,10.0,R4_EDINBURGH_USGO_20210324_6pm_KostarelosK_OkweloguE_EO50,0.7666666666666667,100.0
T238_OUTER_02,PMC6592156_SILVER_NANOPARTICLE_HUMAN_PLASMA,SEQUENCE_RIDGE_COMPOSITION_ONLY,10.0,R4_EDINBURGH_USGO_20210324_6pm_KostarelosK_OkweloguE_EO53,0.8095238095238095,100.0
T238_OUTER_02,PMC6592156_SILVER_NANOPARTICLE_HUMAN_PLASMA,SEQUENCE_RIDGE_COMPOSITION_ONLY,10.0,R4_EDINBURGH_USGO_20210324_6pm_KostarelosK_OkweloguE_EO60,0.8571428571428571,100.0
T238_OUTER_02,PMC6592156_SILVER_NANOPARTICLE_HUMAN_PLASMA,SEQUENCE_RIDGE_COMPOSITION_ONLY,10.0,R4_EDINBURGH_USGO_20210324_6pm_KostarelosK_OkweloguE_EO62,0.36666666666666664,100.0
T238_OUTER_02,PMC6592156_SILVER_NANOPARTICLE_HUMAN_PLASMA,SEQUENCE_RIDGE_COMPOSITION_ONLY,10.0,R4_EDINBURGH_USGO_20210324_6pm_KostarelosK_OkweloguE_EO69,0.7833333333333333,100.0
T238_OUTER_02,PMC6592156_SILVER_NANOPARTICLE_HUMAN_PLASMA,SEQUENCE_RIDGE_COMPOSITION_ONLY,10.0,R4_EDINBURGH_USGO_20210324_6pm_KostarelosK_OkweloguE_EO76,0.6166666666666667,100.0
T238_OUTER_02,PMC6592156_SILVER_NANOPARTICLE_HUMAN_PLASMA,SEQUENCE_RIDGE_COMPOSITION_ONLY,10.0,R4_EDINBURGH_USGO_20210324_6pm_KostarelosK_OkweloguE_EO77,0.6904761904761905,100.0
T238_OUTER_02,PMC6592156_SILVER_NANOPARTICLE_HUMAN_PLASMA,SEQUENCE_RIDGE_COMPOSITION_ONLY,10.0,R4_EDINBURGH_USGO_20210324_6pm_KostarelosK_OkweloguE_EO79,0.75,100.0
T238_OUTER_02,PMC6592156_SILVER_NANOPARTICLE_HUMAN_PLASMA,SEQUENCE_RIDGE_COMPOSITION_ONLY,10.0,R4_EDINBURGH_USGO_20210324_6pm_KostarelosK_OkweloguE_EO86,0.8833333333333333,100.0
T238_OUTER_02,PMC6592156_SILVER_NANOPARTICLE_HUMAN_PLASMA,SEQUENCE_RIDGE_COMPOSITION_ONLY,10.0,R4_EDINBURGH_USGO_20210324_6pm_KostarelosK_OkweloguE_EO87,0.7666666666666667,100.0
T238_OUTER_02,PMC6592156_SILVER_NANOPARTICLE_HUMAN_PLASMA,SEQUENCE_RIDGE_COMPOSITION_ONLY,10.0,R4_PXD060795_F1,0.85,100.0
T238_OUTER_02,PMC6592156_SILVER_NANOPARTICLE_HUMAN_PLASMA,SEQUENCE_RIDGE_COMPOSITION_ONLY,10.0,R4_PXD060795_F2,0.85,100.0
T238_OUTER_02,PMC6592156_SILVER_NANOPARTICLE_HUMAN_PLASMA,SEQUENCE_RIDGE_COMPOSITION_ONLY,10.0,R4_PXD060795_F3,0.85,100.0
T238_OUTER_02,PMC6592156_SILVER_NANOPARTICLE_HUMAN_PLASMA,SEQUENCE_RIDGE_COMPOSITION_ONLY,10.0,R4_PXD060795_F7,0.7833333333333333,100.0
T238_OUTER_02,PMC6592156_SILVER_NANOPARTICLE_HUMAN_PLASMA,SEQUENCE_RIDGE_COMPOSITION_ONLY,10.0,R4_PXD060795_F8,0.8333333333333334,100.0
T238_OUTER_02,PMC6592156_SILVER_NANOPARTICLE_HUMAN_PLASMA,SEQUENCE_RIDGE_COMPOSITION_ONLY,10.0,R4_PXD060795_F9,0.7142857142857143,100.0
T238_OUTER_02,PMC6592156_SILVER_NANOPARTICLE_HUMAN_PLASMA,SEQUENCE_RIDGE_COMPOSITION_ONLY,10.0,T_D1_133,0.5936729339017844,100.0
T238_OUTER_02,PMC6592156_SILVER_NANOPARTICLE_HUMAN_PLASMA,SEQUENCE_RIDGE_COMPOSITION_ONLY,10.0,T_D1_138,0.7431505414602934,100.0
T238_OUTER_02,PMC6592156_SILVER_NANOPARTICLE_HUMAN_PLASMA,SEQUENCE_RIDGE_COMPOSITION_ONLY,10.0,T_D1_165,0.650213213321002,100.0
T238_OUTER_02,PMC6592156_SILVER_NANOPARTICLE_HUMAN_PLASMA,SEQUENCE_RIDGE_COMPOSITION_ONLY,10.0,T_D1_173,0.6023386417319307,100.0
T238_OUTER_02,PMC6592156_SILVER_NANOPARTICLE_HUMAN_PLASMA,SEQUENCE_RIDGE_COMPOSITION_ONLY,10.0,T_D1_186,0.6703832596185881,100.0
T238_OUTER_02,PMC6592156_SILVER_NANOPARTICLE_HUMAN_PLASMA,SEQUENCE_RIDGE_COMPOSITION_ONLY,10.0,T_D3_119a,0.5817375393384442,100.0
T238_OUTER_02,PMC6592156_SILVER_NANOPARTICLE_HUMAN_PLASMA,SEQUENCE_RIDGE_COMPOSITION_ONLY,10.0,T_D3_119b,0.5817375393384442,100.0
T238_OUTER_02,PMC6592156_SILVER_NANOPARTICLE_HUMAN_PLASMA,SEQUENCE_RIDGE_COMPOSITION_ONLY,10.0,T_D3_155,0.4601573393548866,100.0
T238_OUTER_02,PMC6592156_SILVER_NANOPARTICLE_HUMAN_PLASMA,SEQUENCE_RIDGE_COMPOSITION_ONLY,10.0,T_D3_178,0.650213213321002,100.0
T238_OUTER_02,PMC6592156_SILVER_NANOPARTICLE_HUMAN_PLASMA,SEQUENCE_RIDGE_COMPOSITION_ONLY,10.0,T_D3_198,0.19526969068659972,100.0
T238_OUTER_02,PMC6592156_SILVER_NANOPARTICLE_HUMAN_PLASMA,SEQUENCE_RIDGE_COMPOSITION_ONLY,10.0,__MEAN__,0.6942558915329077,100.0
T238_OUTER_02,PMC6592156_SILVER_NANOPARTICLE_HUMAN_PLASMA,SEQUENCE_RIDGE_COMPOSITION_ONLY,100.0,PT_D1_16,0.631417849060341,100.0
T238_OUTER_02,PMC6592156_SILVER_NANOPARTICLE_HUMAN_PLASMA,SEQUENCE_RIDGE_COMPOSITION_ONLY,100.0,PT_D1_18,0.23034110636021418,100.0
T238_OUTER_02,PMC6592156_SILVER_NANOPARTICLE_HUMAN_PLASMA,SEQUENCE_RIDGE_COMPOSITION_ONLY,100.0,PT_D1_20,0.7807200583588266,100.0
T238_OUTER_02,PMC6592156_SILVER_NANOPARTICLE_HUMAN_PLASMA,SEQUENCE_RIDGE_COMPOSITION_ONLY,100.0,PT_D1_23,0.6971121059009808,100.0
T238_OUTER_02,PMC6592156_SILVER_NANOPARTICLE_HUMAN_PLASMA,SEQUENCE_RIDGE_COMPOSITION_ONLY,100.0,PT_D1_33,0.7721409011684659,100.0
T238_OUTER_02,PMC6592156_SILVER_NANOPARTICLE_HUMAN_PLASMA,SEQUENCE_RIDGE_COMPOSITION_ONLY,100.0,PT_D1_34,0.5936729339017844,100.0
T238_OUTER_02,PMC6592156_SILVER_NANOPARTICLE_HUMAN_PLASMA,SEQUENCE_RIDGE_COMPOSITION_ONLY,100.0,PT_D1_48,0.5259748783445581,100.0
T238_OUTER_02,PMC6592156_SILVER_NANOPARTICLE_HUMAN_PLASMA,SEQUENCE_RIDGE_COMPOSITION_ONLY,100.0,PT_D1_51,0.6260603994785162,100.0
T238_OUTER_02,PMC6592156_SILVER_NANOPARTICLE_HUMAN_PLASMA,SEQUENCE_RIDGE_COMPOSITION_ONLY,100.0,PT_D1_73,0.6205200419610072,100.0
T238_OUTER_02,PMC6592156_SILVER_NANOPARTICLE_HUMAN_PLASMA,SEQUENCE_RIDGE_COMPOSITION_ONLY,100.0,PT_D1_81,0.2568915451961508,100.0
T238_OUTER_02,PMC6592156_SILVER_NANOPARTICLE_HUMAN_PLASMA,SEQUENCE_RIDGE_COMPOSITION_ONLY,100.0,PT_D3_06,0.650213213321002,100.0
T238_OUTER_02,PMC6592156_SILVER_NANOPARTICLE_HUMAN_PLASMA,SEQUENCE_RIDGE_COMPOSITION_ONLY,100.0,PT_D3_14,0.5936729339017844,100.0
T238_OUTER_02,PMC6592156_SILVER_NANOPARTICLE_HUMAN_PLASMA,SEQUENCE_RIDGE_COMPOSITION_ONLY,100.0,PT_D3_22,0.5828659631828564,100.0
T238_OUTER_02,PMC6592156_SILVER_NANOPARTICLE_HUMAN_PLASMA,SEQUENCE_RIDGE_COMPOSITION_ONLY,100.0,PT_D3_28,0.8440722199302098,100.0
T238_OUTER_02,PMC6592156_SILVER_NANOPARTICLE_HUMAN_PLASMA,SEQUENCE_RIDGE_COMPOSITION_ONLY,100.0,PT_D3_30,0.6596376411971161,100.0
T238_OUTER_02,PMC6592156_SILVER_NANOPARTICLE_HUMAN_PLASMA,SEQUENCE_RIDGE_COMPOSITION_ONLY,100.0,PT_D3_37,0.6360781434661976,100.0
T238_OUTER_02,PMC6592156_SILVER_NANOPARTICLE_HUMAN_PLASMA,SEQUENCE_RIDGE_COMPOSITION_ONLY,100.0,PT_D3_41,0.49543369430686224,100.0
T238_OUTER_02,PMC6592156_SILVER_NANOPARTICLE_HUMAN_PLASMA,SEQUENCE_RIDGE_COMPOSITION_ONLY,100.0,PT_D3_42,0.720888562595024,100.0
T238_OUTER_02,PMC6592156_SILVER_NANOPARTICLE_HUMAN_PLASMA,SEQUENCE_RIDGE_COMPOSITION_ONLY,100.0,PT_D3_85,0.5994136054576852,100.0
T238_OUTER_02,PMC6592156_SILVER_NANOPARTICLE_HUMAN_PLASMA,SEQUENCE_RIDGE_COMPOSITION_ONLY,100.0,PT_D3_96,0.650213213321002,100.0
T238_OUTER_02,PMC6592156_SILVER_NANOPARTICLE_HUMAN_PLASMA,SEQUENCE_RIDGE_COMPOSITION_ONLY,100.0,R4_EDINBURGH_SGO_20210324_6pm_KostarelosK_OkweloguE_EO10,0.8571428571428571,100.0
T238_OUTER_02,PMC6592156_SILVER_NANOPARTICLE_HUMAN_PLASMA,SEQUENCE_RIDGE_COMPOSITION_ONLY,100.0,R4_EDINBURGH_SGO_20210324_6pm_KostarelosK_OkweloguE_EO103,0.7619047619047619,100.0
T238_OUTER_02,PMC6592156_SILVER_NANOPARTICLE_HUMAN_PLASMA,SEQUENCE_RIDGE_COMPOSITION_ONLY,100.0,R4_EDINBURGH_SGO_20210324_6pm_KostarelosK_OkweloguE_EO105,0.7857142857142857,100.0
T238_OUTER_02,PMC6592156_SILVER_NANOPARTICLE_HUMAN_PLASMA,SEQUENCE_RIDGE_COMPOSITION_ONLY,100.0,R4_EDINBURGH_SGO_20210324_6pm_KostarelosK_OkweloguE_EO107,0.7380952380952381,100.0
T238_OUTER_02,PMC6592156_SILVER_NANOPARTICLE_HUMAN_PLASMA,SEQUENCE_RIDGE_COMPOSITION_ONLY,100.0,R4_EDINBURGH_SGO_20210324_6pm_KostarelosK_OkweloguE_EO113,0.8809523809523809,100.0
T238_OUTER_02,PMC6592156_SILVER_NANOPARTICLE_HUMAN_PLASMA,SEQUENCE_RIDGE_COMPOSITION_ONLY,100.0,R4_EDINBURGH_SGO_20210324_6pm_KostarelosK_OkweloguE_EO116,0.5714285714285714,100.0
T238_OUTER_02,PMC6592156_SILVER_NANOPARTICLE_HUMAN_PLASMA,SEQUENCE_RIDGE_COMPOSITION_ONLY,100.0,R4_EDINBURGH_SGO_20210324_6pm_KostarelosK_OkweloguE_EO12,0.7857142857142857,100.0
T238_OUTER_02,PMC6592156_SILVER_NANOPARTICLE_HUMAN_PLASMA,SEQUENCE_RIDGE_COMPOSITION_ONLY,100.0,R4_EDINBURGH_SGO_20210324_6pm_KostarelosK_OkweloguE_EO16,0.8214285714285714,100.0
T238_OUTER_02,PMC6592156_SILVER_NANOPARTICLE_HUMAN_PLASMA,SEQUENCE_RIDGE_COMPOSITION_ONLY,100.0,R4_EDINBURGH_SGO_20210324_6pm_KostarelosK_OkweloguE_EO21,0.5,100.0
T238_OUTER_02,PMC6592156_SILVER_NANOPARTICLE_HUMAN_PLASMA,SEQUENCE_RIDGE_COMPOSITION_ONLY,100.0,R4_EDINBURGH_SGO_20210324_6pm_KostarelosK_OkweloguE_EO24,0.7857142857142857,100.0
T238_OUTER_02,PMC6592156_SILVER_NANOPARTICLE_HUMAN_PLASMA,SEQUENCE_RIDGE_COMPOSITION_ONLY,100.0,R4_EDINBURGH_SGO_20210324_6pm_KostarelosK_OkweloguE_EO31,0.6666666666666666,100.0
T238_OUTER_02,PMC6592156_SILVER_NANOPARTICLE_HUMAN_PLASMA,SEQUENCE_RIDGE_COMPOSITION_ONLY,100.0,R4_EDINBURGH_SGO_20210324_6pm_KostarelosK_OkweloguE_EO34,0.23809523809523808,100.0
T238_OUTER_02,PMC6592156_SILVER_NANOPARTICLE_HUMAN_PLASMA,SEQUENCE_RIDGE_COMPOSITION_ONLY,100.0,R4_EDINBURGH_SGO_20210324_6pm_KostarelosK_OkweloguE_EO4,0.8571428571428571,100.0
T238_OUTER_02,PMC6592156_SILVER_NANOPARTICLE_HUMAN_PLASMA,SEQUENCE_RIDGE_COMPOSITION_ONLY,100.0,R4_EDINBURGH_SGO_20210324_6pm_KostarelosK_OkweloguE_EO43,0.5,100.0
T238_OUTER_02,PMC6592156_SILVER_NANOPARTICLE_HUMAN_PLASMA,SEQUENCE_RIDGE_COMPOSITION_ONLY,100.0,R4_EDINBURGH_SGO_20210324_6pm_KostarelosK_OkweloguE_EO52,0.7619047619047619,100.0
T238_OUTER_02,PMC6592156_SILVER_NANOPARTICLE_HUMAN_PLASMA,SEQUENCE_RIDGE_COMPOSITION_ONLY,100.0,R4_EDINBURGH_SGO_20210324_6pm_KostarelosK_OkweloguE_EO64,0.8571428571428571,100.0
T238_OUTER_02,PMC6592156_SILVER_NANOPARTICLE_HUMAN_PLASMA,SEQUENCE_RIDGE_COMPOSITION_ONLY,100.0,R4_EDINBURGH_SGO_20210324_6pm_KostarelosK_OkweloguE_EO66,0.7857142857142857,100.0
T238_OUTER_02,PMC6592156_SILVER_NANOPARTICLE_HUMAN_PLASMA,SEQUENCE_RIDGE_COMPOSITION_ONLY,100.0,R4_EDINBURGH_SGO_20210324_6pm_KostarelosK_OkweloguE_EO73,0.8809523809523809,100.0
T238_OUTER_02,PMC6592156_SILVER_NANOPARTICLE_HUMAN_PLASMA,SEQUENCE_RIDGE_COMPOSITION_ONLY,100.0,R4_EDINBURGH_SGO_20210324_6pm_KostarelosK_OkweloguE_EO83,0.8809523809523809,100.0
T238_OUTER_02,PMC6592156_SILVER_NANOPARTICLE_HUMAN_PLASMA,SEQUENCE_RIDGE_COMPOSITION_ONLY,100.0,R4_EDINBURGH_SGO_20210324_6pm_KostarelosK_OkweloguE_EO88,0.5,100.0
T238_OUTER_02,PMC6592156_SILVER_NANOPARTICLE_HUMAN_PLASMA,SEQUENCE_RIDGE_COMPOSITION_ONLY,100.0,R4_EDINBURGH_SGO_20210324_6pm_KostarelosK_OkweloguE_EO94,0.7619047619047619,100.0
T238_OUTER_02,PMC6592156_SILVER_NANOPARTICLE_HUMAN_PLASMA,SEQUENCE_RIDGE_COMPOSITION_ONLY,100.0,R4_EDINBURGH_SGO_20210324_6pm_KostarelosK_OkweloguE_EO96,0.8809523809523809,100.0
T238_OUTER_02,PMC6592156_SILVER_NANOPARTICLE_HUMAN_PLASMA,SEQUENCE_RIDGE_COMPOSITION_ONLY,100.0,R4_EDINBURGH_SGO_20210324_6pm_KostarelosK_OkweloguE_EO97,0.8095238095238095,100.0
T238_OUTER_02,PMC6592156_SILVER_NANOPARTICLE_HUMAN_PLASMA,SEQUENCE_RIDGE_COMPOSITION_ONLY,100.0,R4_EDINBURGH_USGO_20210324_6pm_KostarelosK_OkweloguE_EO106,0.8333333333333334,100.0
T238_OUTER_02,PMC6592156_SILVER_NANOPARTICLE_HUMAN_PLASMA,SEQUENCE_RIDGE_COMPOSITION_ONLY,100.0,R4_EDINBURGH_USGO_20210324_6pm_KostarelosK_OkweloguE_EO11,0.6666666666666666,100.0
T238_OUTER_02,PMC6592156_SILVER_NANOPARTICLE_HUMAN_PLASMA,SEQUENCE_RIDGE_COMPOSITION_ONLY,100.0,R4_EDINBURGH_USGO_20210324_6pm_KostarelosK_OkweloguE_EO111,0.8166666666666667,100.0
T238_OUTER_02,PMC6592156_SILVER_NANOPARTICLE_HUMAN_PLASMA,SEQUENCE_RIDGE_COMPOSITION_ONLY,100.0,R4_EDINBURGH_USGO_20210324_6pm_KostarelosK_OkweloguE_EO112,0.6166666666666667,100.0
T238_OUTER_02,PMC6592156_SILVER_NANOPARTICLE_HUMAN_PLASMA,SEQUENCE_RIDGE_COMPOSITION_ONLY,100.0,R4_EDINBURGH_USGO_20210324_6pm_KostarelosK_OkweloguE_EO115,0.75,100.0
T238_OUTER_02,PMC6592156_SILVER_NANOPARTICLE_HUMAN_PLASMA,SEQUENCE_RIDGE_COMPOSITION_ONLY,100.0,R4_EDINBURGH_USGO_20210324_6pm_KostarelosK_OkweloguE_EO120,0.9,100.0
T238_OUTER_02,PMC6592156_SILVER_NANOPARTICLE_HUMAN_PLASMA,SEQUENCE_RIDGE_COMPOSITION_ONLY,100.0,R4_EDINBURGH_USGO_20210324_6pm_KostarelosK_OkweloguE_EO121,0.6166666666666667,100.0
T238_OUTER_02,PMC6592156_SILVER_NANOPARTICLE_HUMAN_PLASMA,SEQUENCE_RIDGE_COMPOSITION_ONLY,100.0,R4_EDINBURGH_USGO_20210324_6pm_KostarelosK_OkweloguE_EO125,0.9,100.0
T238_OUTER_02,PMC6592156_SILVER_NANOPARTICLE_HUMAN_PLASMA,SEQUENCE_RIDGE_COMPOSITION_ONLY,100.0,R4_EDINBURGH_USGO_20210324_6pm_KostarelosK_OkweloguE_EO126,0.8,100.0
T238_OUTER_02,PMC6592156_SILVER_NANOPARTICLE_HUMAN_PLASMA,SEQUENCE_RIDGE_COMPOSITION_ONLY,100.0,R4_EDINBURGH_USGO_20210324_6pm_KostarelosK_OkweloguE_EO13,0.7619047619047619,100.0
T238_OUTER_02,PMC6592156_SILVER_NANOPARTICLE_HUMAN_PLASMA,SEQUENCE_RIDGE_COMPOSITION_ONLY,100.0,R4_EDINBURGH_USGO_20210324_6pm_KostarelosK_OkweloguE_EO26,0.5952380952380952,100.0
T238_OUTER_02,PMC6592156_SILVER_NANOPARTICLE_HUMAN_PLASMA,SEQUENCE_RIDGE_COMPOSITION_ONLY,100.0,R4_EDINBURGH_USGO_20210324_6pm_KostarelosK_OkweloguE_EO36,0.7142857142857143,100.0
T238_OUTER_02,PMC6592156_SILVER_NANOPARTICLE_HUMAN_PLASMA,SEQUENCE_RIDGE_COMPOSITION_ONLY,100.0,R4_EDINBURGH_USGO_20210324_6pm_KostarelosK_OkweloguE_EO40,0.6666666666666666,100.0
T238_OUTER_02,PMC6592156_SILVER_NANOPARTICLE_HUMAN_PLASMA,SEQUENCE_RIDGE_COMPOSITION_ONLY,100.0,R4_EDINBURGH_USGO_20210324_6pm_KostarelosK_OkweloguE_EO42,0.6666666666666666,100.0
T238_OUTER_02,PMC6592156_SILVER_NANOPARTICLE_HUMAN_PLASMA,SEQUENCE_RIDGE_COMPOSITION_ONLY,100.0,R4_EDINBURGH_USGO_20210324_6pm_KostarelosK_OkweloguE_EO44,0.7857142857142857,100.0
T238_OUTER_02,PMC6592156_SILVER_NANOPARTICLE_HUMAN_PLASMA,SEQUENCE_RIDGE_COMPOSITION_ONLY,100.0,R4_EDINBURGH_USGO_20210324_6pm_KostarelosK_OkweloguE_EO5,0.8666666666666667,100.0
T238_OUTER_02,PMC6592156_SILVER_NANOPARTICLE_HUMAN_PLASMA,SEQUENCE_RIDGE_COMPOSITION_ONLY,100.0,R4_EDINBURGH_USGO_20210324_6pm_KostarelosK_OkweloguE_EO50,0.7666666666666667,100.0
T238_OUTER_02,PMC6592156_SILVER_NANOPARTICLE_HUMAN_PLASMA,SEQUENCE_RIDGE_COMPOSITION_ONLY,100.0,R4_EDINBURGH_USGO_20210324_6pm_KostarelosK_OkweloguE_EO53,0.8095238095238095,100.0
T238_OUTER_02,PMC6592156_SILVER_NANOPARTICLE_HUMAN_PLASMA,SEQUENCE_RIDGE_COMPOSITION_ONLY,100.0,R4_EDINBURGH_USGO_20210324_6pm_KostarelosK_OkweloguE_EO60,0.8571428571428571,100.0
T238_OUTER_02,PMC6592156_SILVER_NANOPARTICLE_HUMAN_PLASMA,SEQUENCE_RIDGE_COMPOSITION_ONLY,100.0,R4_EDINBURGH_USGO_20210324_6pm_KostarelosK_OkweloguE_EO62,0.36666666666666664,100.0
T238_OUTER_02,PMC6592156_SILVER_NANOPARTICLE_HUMAN_PLASMA,SEQUENCE_RIDGE_COMPOSITION_ONLY,100.0,R4_EDINBURGH_USGO_20210324_6pm_KostarelosK_OkweloguE_EO69,0.7833333333333333,100.0
T238_OUTER_02,PMC6592156_SILVER_NANOPARTICLE_HUMAN_PLASMA,SEQUENCE_RIDGE_COMPOSITION_ONLY,100.0,R4_EDINBURGH_USGO_20210324_6pm_KostarelosK_OkweloguE_EO76,0.6166666666666667,100.0
T238_OUTER_02,PMC6592156_SILVER_NANOPARTICLE_HUMAN_PLASMA,SEQUENCE_RIDGE_COMPOSITION_ONLY,100.0,R4_EDINBURGH_USGO_20210324_6pm_KostarelosK_OkweloguE_EO77,0.7142857142857143,100.0
T238_OUTER_02,PMC6592156_SILVER_NANOPARTICLE_HUMAN_PLASMA,SEQUENCE_RIDGE_COMPOSITION_ONLY,100.0,R4_EDINBURGH_USGO_20210324_6pm_KostarelosK_OkweloguE_EO79,0.7333333333333333,100.0
T238_OUTER_02,PMC6592156_SILVER_NANOPARTICLE_HUMAN_PLASMA,SEQUENCE_RIDGE_COMPOSITION_ONLY,100.0,R4_EDINBURGH_USGO_20210324_6pm_KostarelosK_OkweloguE_EO86,0.8833333333333333,100.0
T238_OUTER_02,PMC6592156_SILVER_NANOPARTICLE_HUMAN_PLASMA,SEQUENCE_RIDGE_COMPOSITION_ONLY,100.0,R4_EDINBURGH_USGO_20210324_6pm_KostarelosK_OkweloguE_EO87,0.7666666666666667,100.0
T238_OUTER_02,PMC6592156_SILVER_NANOPARTICLE_HUMAN_PLASMA,SEQUENCE_RIDGE_COMPOSITION_ONLY,100.0,R4_PXD060795_F1,0.85,100.0
T238_OUTER_02,PMC6592156_SILVER_NANOPARTICLE_HUMAN_PLASMA,SEQUENCE_RIDGE_COMPOSITION_ONLY,100.0,R4_PXD060795_F2,0.85,100.0
T238_OUTER_02,PMC6592156_SILVER_NANOPARTICLE_HUMAN_PLASMA,SEQUENCE_RIDGE_COMPOSITION_ONLY,100.0,R4_PXD060795_F3,0.85,100.0
T238_OUTER_02,PMC6592156_SILVER_NANOPARTICLE_HUMAN_PLASMA,SEQUENCE_RIDGE_COMPOSITION_ONLY,100.0,R4_PXD060795_F7,0.7833333333333333,100.0
T238_OUTER_02,PMC6592156_SILVER_NANOPARTICLE_HUMAN_PLASMA,SEQUENCE_RIDGE_COMPOSITION_ONLY,100.0,R4_PXD060795_F8,0.8333333333333334,100.0
T238_OUTER_02,PMC6592156_SILVER_NANOPARTICLE_HUMAN_PLASMA,SEQUENCE_RIDGE_COMPOSITION_ONLY,100.0,R4_PXD060795_F9,0.7142857142857143,100.0
T238_OUTER_02,PMC6592156_SILVER_NANOPARTICLE_HUMAN_PLASMA,SEQUENCE_RIDGE_COMPOSITION_ONLY,100.0,T_D1_133,0.5936729339017844,100.0
T238_OUTER_02,PMC6592156_SILVER_NANOPARTICLE_HUMAN_PLASMA,SEQUENCE_RIDGE_COMPOSITION_ONLY,100.0,T_D1_138,0.7494747984908757,100.0
T238_OUTER_02,PMC6592156_SILVER_NANOPARTICLE_HUMAN_PLASMA,SEQUENCE_RIDGE_COMPOSITION_ONLY,100.0,T_D1_165,0.650213213321002,100.0
T238_OUTER_02,PMC6592156_SILVER_NANOPARTICLE_HUMAN_PLASMA,SEQUENCE_RIDGE_COMPOSITION_ONLY,100.0,T_D1_173,0.6055300708194983,100.0
T238_OUTER_02,PMC6592156_SILVER_NANOPARTICLE_HUMAN_PLASMA,SEQUENCE_RIDGE_COMPOSITION_ONLY,100.0,T_D1_186,0.6703832596185881,100.0
T238_OUTER_02,PMC6592156_SILVER_NANOPARTICLE_HUMAN_PLASMA,SEQUENCE_RIDGE_COMPOSITION_ONLY,100.0,T_D3_119a,0.5817375393384442,100.0
T238_OUTER_02,PMC6592156_SILVER_NANOPARTICLE_HUMAN_PLASMA,SEQUENCE_RIDGE_COMPOSITION_ONLY,100.0,T_D3_119b,0.5817375393384442,100.0
T238_OUTER_02,PMC6592156_SILVER_NANOPARTICLE_HUMAN_PLASMA,SEQUENCE_RIDGE_COMPOSITION_ONLY,100.0,T_D3_155,0.44312936752559784,100.0
T238_OUTER_02,PMC6592156_SILVER_NANOPARTICLE_HUMAN_PLASMA,SEQUENCE_RIDGE_COMPOSITION_ONLY,100.0,T_D3_178,0.650213213321002,100.0
T238_OUTER_02,PMC6592156_SILVER_NANOPARTICLE_HUMAN_PLASMA,SEQUENCE_RIDGE_COMPOSITION_ONLY,100.0,T_D3_198,0.337284011185945,100.0
T238_OUTER_02,PMC6592156_SILVER_NANOPARTICLE_HUMAN_PLASMA,SEQUENCE_RIDGE_COMPOSITION_ONLY,100.0,__MEAN__,0.6945350454356901,100.0
T238_OUTER_03,PXD060795_DALIAN_PLA_MICRO_NANOPLASTIC_HUMAN_PLASMA_CORONA,SEQUENCE_RIDGE_FULL,0.01,PMC6592156:PH:pH 4.9:Rep1,0.9428571428571428,100.0
T238_OUTER_03,PXD060795_DALIAN_PLA_MICRO_NANOPLASTIC_HUMAN_PLASMA_CORONA,SEQUENCE_RIDGE_FULL,0.01,PMC6592156:PH:pH 4.9:Rep2,0.9285714285714286,100.0
T238_OUTER_03,PXD060795_DALIAN_PLA_MICRO_NANOPLASTIC_HUMAN_PLASMA_CORONA,SEQUENCE_RIDGE_FULL,0.01,PMC6592156:PH:pH 4.9:Rep3,0.6428571428571429,100.0
T238_OUTER_03,PXD060795_DALIAN_PLA_MICRO_NANOPLASTIC_HUMAN_PLASMA_CORONA,SEQUENCE_RIDGE_FULL,0.01,PMC6592156:PH:pH 6.1:Rep1,0.8095238095238095,100.0
T238_OUTER_03,PXD060795_DALIAN_PLA_MICRO_NANOPLASTIC_HUMAN_PLASMA_CORONA,SEQUENCE_RIDGE_FULL,0.01,PMC6592156:PH:pH 6.1:Rep2,0.6333333333333333,100.0
T238_OUTER_03,PXD060795_DALIAN_PLA_MICRO_NANOPLASTIC_HUMAN_PLASMA_CORONA,SEQUENCE_RIDGE_FULL,0.01,PMC6592156:PH:pH 6.1:Rep3,0.7714285714285715,100.0
T238_OUTER_03,PXD060795_DALIAN_PLA_MICRO_NANOPLASTIC_HUMAN_PLASMA_CORONA,SEQUENCE_RIDGE_FULL,0.01,PMC6592156:PH:pH 6.8:Rep1,0.8833333333333333,100.0
T238_OUTER_03,PXD060795_DALIAN_PLA_MICRO_NANOPLASTIC_HUMAN_PLASMA_CORONA,SEQUENCE_RIDGE_FULL,0.01,PMC6592156:PH:pH 6.8:Rep2,0.6833333333333333,100.0
T238_OUTER_03,PXD060795_DALIAN_PLA_MICRO_NANOPLASTIC_HUMAN_PLASMA_CORONA,SEQUENCE_RIDGE_FULL,0.01,PMC6592156:PH:pH 6.8:Rep3,0.5666666666666667,100.0
T238_OUTER_03,PXD060795_DALIAN_PLA_MICRO_NANOPLASTIC_HUMAN_PLASMA_CORONA,SEQUENCE_RIDGE_FULL,0.01,PMC6592156:PH:pH 7.7:Rep1,0.7380952380952381,100.0
T238_OUTER_03,PXD060795_DALIAN_PLA_MICRO_NANOPLASTIC_HUMAN_PLASMA_CORONA,SEQUENCE_RIDGE_FULL,0.01,PMC6592156:PH:pH 7.7:Rep2,0.7212121212121212,100.0
T238_OUTER_03,PXD060795_DALIAN_PLA_MICRO_NANOPLASTIC_HUMAN_PLASMA_CORONA,SEQUENCE_RIDGE_FULL,0.01,PMC6592156:PH:pH 7.7:Rep3,0.6833333333333333,100.0
T238_OUTER_03,PXD060795_DALIAN_PLA_MICRO_NANOPLASTIC_HUMAN_PLASMA_CORONA,SEQUENCE_RIDGE_FULL,0.01,PMC6592156:PH:pH 8.9:Rep1,0.8571428571428571,100.0
T238_OUTER_03,PXD060795_DALIAN_PLA_MICRO_NANOPLASTIC_HUMAN_PLASMA_CORONA,SEQUENCE_RIDGE_FULL,0.01,PMC6592156:PH:pH 8.9:Rep2,0.9523809523809523,100.0
T238_OUTER_03,PXD060795_DALIAN_PLA_MICRO_NANOPLASTIC_HUMAN_PLASMA_CORONA,SEQUENCE_RIDGE_FULL,0.01,PMC6592156:PH:pH 8.9:Rep3,0.9272727272727272,100.0
T238_OUTER_03,PXD060795_DALIAN_PLA_MICRO_NANOPLASTIC_HUMAN_PLASMA_CORONA,SEQUENCE_RIDGE_FULL,0.01,PMC6592156:TEMPERATURE:17 °C:Rep1,0.47619047619047616,100.0
T238_OUTER_03,PXD060795_DALIAN_PLA_MICRO_NANOPLASTIC_HUMAN_PLASMA_CORONA,SEQUENCE_RIDGE_FULL,0.01,PMC6592156:TEMPERATURE:17 °C:Rep2,0.5952380952380952,100.0
T238_OUTER_03,PXD060795_DALIAN_PLA_MICRO_NANOPLASTIC_HUMAN_PLASMA_CORONA,SEQUENCE_RIDGE_FULL,0.01,PMC6592156:TEMPERATURE:17 °C:Rep3,0.5714285714285714,100.0
T238_OUTER_03,PXD060795_DALIAN_PLA_MICRO_NANOPLASTIC_HUMAN_PLASMA_CORONA,SEQUENCE_RIDGE_FULL,0.01,PMC6592156:TEMPERATURE:30 °C:Rep1,0.9047619047619048,100.0
T238_OUTER_03,PXD060795_DALIAN_PLA_MICRO_NANOPLASTIC_HUMAN_PLASMA_CORONA,SEQUENCE_RIDGE_FULL,0.01,PMC6592156:TEMPERATURE:30 °C:Rep2,0.5714285714285714,100.0
T238_OUTER_03,PXD060795_DALIAN_PLA_MICRO_NANOPLASTIC_HUMAN_PLASMA_CORONA,SEQUENCE_RIDGE_FULL,0.01,PMC6592156:TEMPERATURE:30 °C:Rep3,0.8,100.0
T238_OUTER_03,PXD060795_DALIAN_PLA_MICRO_NANOPLASTIC_HUMAN_PLASMA_CORONA,SEQUENCE_RIDGE_FULL,0.01,PMC6592156:TEMPERATURE:4 °C:Rep1,0.85,100.0
T238_OUTER_03,PXD060795_DALIAN_PLA_MICRO_NANOPLASTIC_HUMAN_PLASMA_CORONA,SEQUENCE_RIDGE_FULL,0.01,PMC6592156:TEMPERATURE:4 °C:Rep2,0.85,100.0
T238_OUTER_03,PXD060795_DALIAN_PLA_MICRO_NANOPLASTIC_HUMAN_PLASMA_CORONA,SEQUENCE_RIDGE_FULL,0.01,PMC6592156:TEMPERATURE:4 °C:Rep3,0.6666666666666666,100.0
T238_OUTER_03,PXD060795_DALIAN_PLA_MICRO_NANOPLASTIC_HUMAN_PLASMA_CORONA,SEQUENCE_RIDGE_FULL,0.01,PMC6592156:TEMPERATURE:41 °C:Rep1,0.6833333333333333,100.0
T238_OUTER_03,PXD060795_DALIAN_PLA_MICRO_NANOPLASTIC_HUMAN_PLASMA_CORONA,SEQUENCE_RIDGE_FULL,0.01,PMC6592156:TEMPERATURE:41 °C:Rep2,0.6666666666666666,100.0
T238_OUTER_03,PXD060795_DALIAN_PLA_MICRO_NANOPLASTIC_HUMAN_PLASMA_CORONA,SEQUENCE_RIDGE_FULL,0.01,PMC6592156:TEMPERATURE:41 °C:Rep3,0.7166666666666667,100.0
T238_OUTER_03,PXD060795_DALIAN_PLA_MICRO_NANOPLASTIC_HUMAN_PLASMA_CORONA,SEQUENCE_RIDGE_FULL,0.01,PMC6592156:TEMPERATURE:47 °C:Rep1,0.7142857142857143,100.0
T238_OUTER_03,PXD060795_DALIAN_PLA_MICRO_NANOPLASTIC_HUMAN_PLASMA_CORONA,SEQUENCE_RIDGE_FULL,0.01,PMC6592156:TEMPERATURE:47 °C:Rep2,0.8095238095238095,100.0
T238_OUTER_03,PXD060795_DALIAN_PLA_MICRO_NANOPLASTIC_HUMAN_PLASMA_CORONA,SEQUENCE_RIDGE_FULL,0.01,PMC6592156:TEMPERATURE:47 °C:Rep3,0.7857142857142857,100.0
T238_OUTER_03,PXD060795_DALIAN_PLA_MICRO_NANOPLASTIC_HUMAN_PLASMA_CORONA,SEQUENCE_RIDGE_FULL,0.01,PT_D1_16,0.8148464979493787,100.0
T238_OUTER_03,PXD060795_DALIAN_PLA_MICRO_NANOPLASTIC_HUMAN_PLASMA_CORONA,SEQUENCE_RIDGE_FULL,0.01,PT_D1_18,0.801751998941236,100.0
T238_OUTER_03,PXD060795_DALIAN_PLA_MICRO_NANOPLASTIC_HUMAN_PLASMA_CORONA,SEQUENCE_RIDGE_FULL,0.01,PT_D1_20,0.9153857298880941,100.0
T238_OUTER_03,PXD060795_DALIAN_PLA_MICRO_NANOPLASTIC_HUMAN_PLASMA_CORONA,SEQUENCE_RIDGE_FULL,0.01,PT_D1_23,0.713975634412968,100.0
T238_OUTER_03,PXD060795_DALIAN_PLA_MICRO_NANOPLASTIC_HUMAN_PLASMA_CORONA,SEQUENCE_RIDGE_FULL,0.01,PT_D1_33,0.8437269535706317,100.0
T238_OUTER_03,PXD060795_DALIAN_PLA_MICRO_NANOPLASTIC_HUMAN_PLASMA_CORONA,SEQUENCE_RIDGE_FULL,0.01,PT_D1_34,0.7173570516842639,100.0
T238_OUTER_03,PXD060795_DALIAN_PLA_MICRO_NANOPLASTIC_HUMAN_PLASMA_CORONA,SEQUENCE_RIDGE_FULL,0.01,PT_D1_48,0.3898234515660837,100.0
T238_OUTER_03,PXD060795_DALIAN_PLA_MICRO_NANOPLASTIC_HUMAN_PLASMA_CORONA,SEQUENCE_RIDGE_FULL,0.01,PT_D1_51,0.7156264473321343,100.0
T238_OUTER_03,PXD060795_DALIAN_PLA_MICRO_NANOPLASTIC_HUMAN_PLASMA_CORONA,SEQUENCE_RIDGE_FULL,0.01,PT_D1_73,0.7431505414602934,100.0
T238_OUTER_03,PXD060795_DALIAN_PLA_MICRO_NANOPLASTIC_HUMAN_PLASMA_CORONA,SEQUENCE_RIDGE_FULL,0.01,PT_D1_81,0.791563911869046,100.0
T238_OUTER_03,PXD060795_DALIAN_PLA_MICRO_NANOPLASTIC_HUMAN_PLASMA_CORONA,SEQUENCE_RIDGE_FULL,0.01,PT_D3_06,0.6831300510639733,100.0
T238_OUTER_03,PXD060795_DALIAN_PLA_MICRO_NANOPLASTIC_HUMAN_PLASMA_CORONA,SEQUENCE_RIDGE_FULL,0.01,PT_D3_14,0.5855400437691199,100.0
T238_OUTER_03,PXD060795_DALIAN_PLA_MICRO_NANOPLASTIC_HUMAN_PLASMA_CORONA,SEQUENCE_RIDGE_FULL,0.01,PT_D3_22,0.7152697513290861,100.0
T238_OUTER_03,PXD060795_DALIAN_PLA_MICRO_NANOPLASTIC_HUMAN_PLASMA_CORONA,SEQUENCE_RIDGE_FULL,0.01,PT_D3_28,0.9157291161525718,100.0
T238_OUTER_03,PXD060795_DALIAN_PLA_MICRO_NANOPLASTIC_HUMAN_PLASMA_CORONA,SEQUENCE_RIDGE_FULL,0.01,PT_D3_30,0.6160831149758972,100.0
T238_OUTER_03,PXD060795_DALIAN_PLA_MICRO_NANOPLASTIC_HUMAN_PLASMA_CORONA,SEQUENCE_RIDGE_FULL,0.01,PT_D3_37,0.859772080979937,100.0
T238_OUTER_03,PXD060795_DALIAN_PLA_MICRO_NANOPLASTIC_HUMAN_PLASMA_CORONA,SEQUENCE_RIDGE_FULL,0.01,PT_D3_41,0.531688167718925,100.0
T238_OUTER_03,PXD060795_DALIAN_PLA_MICRO_NANOPLASTIC_HUMAN_PLASMA_CORONA,SEQUENCE_RIDGE_FULL,0.01,PT_D3_42,0.8814825547070535,100.0
T238_OUTER_03,PXD060795_DALIAN_PLA_MICRO_NANOPLASTIC_HUMAN_PLASMA_CORONA,SEQUENCE_RIDGE_FULL,0.01,PT_D3_85,0.44136741475237473,100.0
T238_OUTER_03,PXD060795_DALIAN_PLA_MICRO_NANOPLASTIC_HUMAN_PLASMA_CORONA,SEQUENCE_RIDGE_FULL,0.01,PT_D3_96,0.847579379526013,100.0
T238_OUTER_03,PXD060795_DALIAN_PLA_MICRO_NANOPLASTIC_HUMAN_PLASMA_CORONA,SEQUENCE_RIDGE_FULL,0.01,R4_EDINBURGH_SGO_20210324_6pm_KostarelosK_OkweloguE_EO10,0.7142857142857143,100.0
T238_OUTER_03,PXD060795_DALIAN_PLA_MICRO_NANOPLASTIC_HUMAN_PLASMA_CORONA,SEQUENCE_RIDGE_FULL,0.01,R4_EDINBURGH_SGO_20210324_6pm_KostarelosK_OkweloguE_EO103,0.7857142857142857,100.0
T238_OUTER_03,PXD060795_DALIAN_PLA_MICRO_NANOPLASTIC_HUMAN_PLASMA_CORONA,SEQUENCE_RIDGE_FULL,0.01,R4_EDINBURGH_SGO_20210324_6pm_KostarelosK_OkweloguE_EO105,0.4523809523809524,100.0
T238_OUTER_03,PXD060795_DALIAN_PLA_MICRO_NANOPLASTIC_HUMAN_PLASMA_CORONA,SEQUENCE_RIDGE_FULL,0.01,R4_EDINBURGH_SGO_20210324_6pm_KostarelosK_OkweloguE_EO107,0.5952380952380952,100.0
T238_OUTER_03,PXD060795_DALIAN_PLA_MICRO_NANOPLASTIC_HUMAN_PLASMA_CORONA,SEQUENCE_RIDGE_FULL,0.01,R4_EDINBURGH_SGO_20210324_6pm_KostarelosK_OkweloguE_EO113,0.8333333333333334,100.0
T238_OUTER_03,PXD060795_DALIAN_PLA_MICRO_NANOPLASTIC_HUMAN_PLASMA_CORONA,SEQUENCE_RIDGE_FULL,0.01,R4_EDINBURGH_SGO_20210324_6pm_KostarelosK_OkweloguE_EO116,0.5,100.0
T238_OUTER_03,PXD060795_DALIAN_PLA_MICRO_NANOPLASTIC_HUMAN_PLASMA_CORONA,SEQUENCE_RIDGE_FULL,0.01,R4_EDINBURGH_SGO_20210324_6pm_KostarelosK_OkweloguE_EO12,0.7857142857142857,100.0
T238_OUTER_03,PXD060795_DALIAN_PLA_MICRO_NANOPLASTIC_HUMAN_PLASMA_CORONA,SEQUENCE_RIDGE_FULL,0.01,R4_EDINBURGH_SGO_20210324_6pm_KostarelosK_OkweloguE_EO16,0.8571428571428571,100.0
T238_OUTER_03,PXD060795_DALIAN_PLA_MICRO_NANOPLASTIC_HUMAN_PLASMA_CORONA,SEQUENCE_RIDGE_FULL,0.01,R4_EDINBURGH_SGO_20210324_6pm_KostarelosK_OkweloguE_EO21,0.047619047619047616,100.0
T238_OUTER_03,PXD060795_DALIAN_PLA_MICRO_NANOPLASTIC_HUMAN_PLASMA_CORONA,SEQUENCE_RIDGE_FULL,0.01,R4_EDINBURGH_SGO_20210324_6pm_KostarelosK_OkweloguE_EO24,0.6190476190476191,100.0
T238_OUTER_03,PXD060795_DALIAN_PLA_MICRO_NANOPLASTIC_HUMAN_PLASMA_CORONA,SEQUENCE_RIDGE_FULL,0.01,R4_EDINBURGH_SGO_20210324_6pm_KostarelosK_OkweloguE_EO31,0.6190476190476191,100.0
T238_OUTER_03,PXD060795_DALIAN_PLA_MICRO_NANOPLASTIC_HUMAN_PLASMA_CORONA,SEQUENCE_RIDGE_FULL,0.01,R4_EDINBURGH_SGO_20210324_6pm_KostarelosK_OkweloguE_EO34,-0.16666666666666666,100.0
T238_OUTER_03,PXD060795_DALIAN_PLA_MICRO_NANOPLASTIC_HUMAN_PLASMA_CORONA,SEQUENCE_RIDGE_FULL,0.01,R4_EDINBURGH_SGO_20210324_6pm_KostarelosK_OkweloguE_EO4,0.8571428571428571,100.0
T238_OUTER_03,PXD060795_DALIAN_PLA_MICRO_NANOPLASTIC_HUMAN_PLASMA_CORONA,SEQUENCE_RIDGE_FULL,0.01,R4_EDINBURGH_SGO_20210324_6pm_KostarelosK_OkweloguE_EO43,0.5357142857142857,100.0
T238_OUTER_03,PXD060795_DALIAN_PLA_MICRO_NANOPLASTIC_HUMAN_PLASMA_CORONA,SEQUENCE_RIDGE_FULL,0.01,R4_EDINBURGH_SGO_20210324_6pm_KostarelosK_OkweloguE_EO52,0.7142857142857143,100.0
T238_OUTER_03,PXD060795_DALIAN_PLA_MICRO_NANOPLASTIC_HUMAN_PLASMA_CORONA,SEQUENCE_RIDGE_FULL,0.01,R4_EDINBURGH_SGO_20210324_6pm_KostarelosK_OkweloguE_EO64,0.9285714285714286,100.0
T238_OUTER_03,PXD060795_DALIAN_PLA_MICRO_NANOPLASTIC_HUMAN_PLASMA_CORONA,SEQUENCE_RIDGE_FULL,0.01,R4_EDINBURGH_SGO_20210324_6pm_KostarelosK_OkweloguE_EO66,0.7380952380952381,100.0
T238_OUTER_03,PXD060795_DALIAN_PLA_MICRO_NANOPLASTIC_HUMAN_PLASMA_CORONA,SEQUENCE_RIDGE_FULL,0.01,R4_EDINBURGH_SGO_20210324_6pm_KostarelosK_OkweloguE_EO73,0.8333333333333334,100.0
T238_OUTER_03,PXD060795_DALIAN_PLA_MICRO_NANOPLASTIC_HUMAN_PLASMA_CORONA,SEQUENCE_RIDGE_FULL,0.01,R4_EDINBURGH_SGO_20210324_6pm_KostarelosK_OkweloguE_EO83,0.9047619047619048,100.0
T238_OUTER_03,PXD060795_DALIAN_PLA_MICRO_NANOPLASTIC_HUMAN_PLASMA_CORONA,SEQUENCE_RIDGE_FULL,0.01,R4_EDINBURGH_SGO_20210324_6pm_KostarelosK_OkweloguE_EO88,0.21428571428571427,100.0
T238_OUTER_03,PXD060795_DALIAN_PLA_MICRO_NANOPLASTIC_HUMAN_PLASMA_CORONA,SEQUENCE_RIDGE_FULL,0.01,R4_EDINBURGH_SGO_20210324_6pm_KostarelosK_OkweloguE_EO94,0.6190476190476191,100.0
T238_OUTER_03,PXD060795_DALIAN_PLA_MICRO_NANOPLASTIC_HUMAN_PLASMA_CORONA,SEQUENCE_RIDGE_FULL,0.01,R4_EDINBURGH_SGO_20210324_6pm_KostarelosK_OkweloguE_EO96,0.6428571428571429,100.0
T238_OUTER_03,PXD060795_DALIAN_PLA_MICRO_NANOPLASTIC_HUMAN_PLASMA_CORONA,SEQUENCE_RIDGE_FULL,0.01,R4_EDINBURGH_SGO_20210324_6pm_KostarelosK_OkweloguE_EO97,0.6190476190476191,100.0
T238_OUTER_03,PXD060795_DALIAN_PLA_MICRO_NANOPLASTIC_HUMAN_PLASMA_CORONA,SEQUENCE_RIDGE_FULL,0.01,R4_EDINBURGH_USGO_20210324_6pm_KostarelosK_OkweloguE_EO106,0.6666666666666666,100.0
T238_OUTER_03,PXD060795_DALIAN_PLA_MICRO_NANOPLASTIC_HUMAN_PLASMA_CORONA,SEQUENCE_RIDGE_FULL,0.01,R4_EDINBURGH_USGO_20210324_6pm_KostarelosK_OkweloguE_EO11,0.6363636363636364,100.0
T238_OUTER_03,PXD060795_DALIAN_PLA_MICRO_NANOPLASTIC_HUMAN_PLASMA_CORONA,SEQUENCE_RIDGE_FULL,0.01,R4_EDINBURGH_USGO_20210324_6pm_KostarelosK_OkweloguE_EO111,0.85,100.0
T238_OUTER_03,PXD060795_DALIAN_PLA_MICRO_NANOPLASTIC_HUMAN_PLASMA_CORONA,SEQUENCE_RIDGE_FULL,0.01,R4_EDINBURGH_USGO_20210324_6pm_KostarelosK_OkweloguE_EO112,0.6333333333333333,100.0
T238_OUTER_03,PXD060795_DALIAN_PLA_MICRO_NANOPLASTIC_HUMAN_PLASMA_CORONA,SEQUENCE_RIDGE_FULL,0.01,R4_EDINBURGH_USGO_20210324_6pm_KostarelosK_OkweloguE_EO115,0.9166666666666666,100.0
T238_OUTER_03,PXD060795_DALIAN_PLA_MICRO_NANOPLASTIC_HUMAN_PLASMA_CORONA,SEQUENCE_RIDGE_FULL,0.01,R4_EDINBURGH_USGO_20210324_6pm_KostarelosK_OkweloguE_EO120,0.85,100.0
T238_OUTER_03,PXD060795_DALIAN_PLA_MICRO_NANOPLASTIC_HUMAN_PLASMA_CORONA,SEQUENCE_RIDGE_FULL,0.01,R4_EDINBURGH_USGO_20210324_6pm_KostarelosK_OkweloguE_EO121,0.6166666666666667,100.0
T238_OUTER_03,PXD060795_DALIAN_PLA_MICRO_NANOPLASTIC_HUMAN_PLASMA_CORONA,SEQUENCE_RIDGE_FULL,0.01,R4_EDINBURGH_USGO_20210324_6pm_KostarelosK_OkweloguE_EO125,0.9,100.0
T238_OUTER_03,PXD060795_DALIAN_PLA_MICRO_NANOPLASTIC_HUMAN_PLASMA_CORONA,SEQUENCE_RIDGE_FULL,0.01,R4_EDINBURGH_USGO_20210324_6pm_KostarelosK_OkweloguE_EO126,0.7666666666666667,100.0
T238_OUTER_03,PXD060795_DALIAN_PLA_MICRO_NANOPLASTIC_HUMAN_PLASMA_CORONA,SEQUENCE_RIDGE_FULL,0.01,R4_EDINBURGH_USGO_20210324_6pm_KostarelosK_OkweloguE_EO13,0.95,100.0
T238_OUTER_03,PXD060795_DALIAN_PLA_MICRO_NANOPLASTIC_HUMAN_PLASMA_CORONA,SEQUENCE_RIDGE_FULL,0.01,R4_EDINBURGH_USGO_20210324_6pm_KostarelosK_OkweloguE_EO26,0.55,100.0
T238_OUTER_03,PXD060795_DALIAN_PLA_MICRO_NANOPLASTIC_HUMAN_PLASMA_CORONA,SEQUENCE_RIDGE_FULL,0.01,R4_EDINBURGH_USGO_20210324_6pm_KostarelosK_OkweloguE_EO36,0.7666666666666667,100.0
T238_OUTER_03,PXD060795_DALIAN_PLA_MICRO_NANOPLASTIC_HUMAN_PLASMA_CORONA,SEQUENCE_RIDGE_FULL,0.01,R4_EDINBURGH_USGO_20210324_6pm_KostarelosK_OkweloguE_EO40,0.55,100.0
T238_OUTER_03,PXD060795_DALIAN_PLA_MICRO_NANOPLASTIC_HUMAN_PLASMA_CORONA,SEQUENCE_RIDGE_FULL,0.01,R4_EDINBURGH_USGO_20210324_6pm_KostarelosK_OkweloguE_EO42,0.4666666666666667,100.0
T238_OUTER_03,PXD060795_DALIAN_PLA_MICRO_NANOPLASTIC_HUMAN_PLASMA_CORONA,SEQUENCE_RIDGE_FULL,0.01,R4_EDINBURGH_USGO_20210324_6pm_KostarelosK_OkweloguE_EO44,0.8809523809523809,100.0
T238_OUTER_03,PXD060795_DALIAN_PLA_MICRO_NANOPLASTIC_HUMAN_PLASMA_CORONA,SEQUENCE_RIDGE_FULL,0.01,R4_EDINBURGH_USGO_20210324_6pm_KostarelosK_OkweloguE_EO5,0.8303030303030303,100.0
T238_OUTER_03,PXD060795_DALIAN_PLA_MICRO_NANOPLASTIC_HUMAN_PLASMA_CORONA,SEQUENCE_RIDGE_FULL,0.01,R4_EDINBURGH_USGO_20210324_6pm_KostarelosK_OkweloguE_EO50,0.75,100.0
T238_OUTER_03,PXD060795_DALIAN_PLA_MICRO_NANOPLASTIC_HUMAN_PLASMA_CORONA,SEQUENCE_RIDGE_FULL,0.01,R4_EDINBURGH_USGO_20210324_6pm_KostarelosK_OkweloguE_EO53,0.6190476190476191,100.0
T238_OUTER_03,PXD060795_DALIAN_PLA_MICRO_NANOPLASTIC_HUMAN_PLASMA_CORONA,SEQUENCE_RIDGE_FULL,0.01,R4_EDINBURGH_USGO_20210324_6pm_KostarelosK_OkweloguE_EO60,0.7619047619047619,100.0
T238_OUTER_03,PXD060795_DALIAN_PLA_MICRO_NANOPLASTIC_HUMAN_PLASMA_CORONA,SEQUENCE_RIDGE_FULL,0.01,R4_EDINBURGH_USGO_20210324_6pm_KostarelosK_OkweloguE_EO62,0.11666666666666667,100.0
T238_OUTER_03,PXD060795_DALIAN_PLA_MICRO_NANOPLASTIC_HUMAN_PLASMA_CORONA,SEQUENCE_RIDGE_FULL,0.01,R4_EDINBURGH_USGO_20210324_6pm_KostarelosK_OkweloguE_EO69,0.6666666666666666,100.0
T238_OUTER_03,PXD060795_DALIAN_PLA_MICRO_NANOPLASTIC_HUMAN_PLASMA_CORONA,SEQUENCE_RIDGE_FULL,0.01,R4_EDINBURGH_USGO_20210324_6pm_KostarelosK_OkweloguE_EO76,0.21212121212121213,100.0
T238_OUTER_03,PXD060795_DALIAN_PLA_MICRO_NANOPLASTIC_HUMAN_PLASMA_CORONA,SEQUENCE_RIDGE_FULL,0.01,R4_EDINBURGH_USGO_20210324_6pm_KostarelosK_OkweloguE_EO77,0.7857142857142857,100.0
T238_OUTER_03,PXD060795_DALIAN_PLA_MICRO_NANOPLASTIC_HUMAN_PLASMA_CORONA,SEQUENCE_RIDGE_FULL,0.01,R4_EDINBURGH_USGO_20210324_6pm_KostarelosK_OkweloguE_EO79,0.6666666666666666,100.0
T238_OUTER_03,PXD060795_DALIAN_PLA_MICRO_NANOPLASTIC_HUMAN_PLASMA_CORONA,SEQUENCE_RIDGE_FULL,0.01,R4_EDINBURGH_USGO_20210324_6pm_KostarelosK_OkweloguE_EO86,0.8666666666666667,100.0
T238_OUTER_03,PXD060795_DALIAN_PLA_MICRO_NANOPLASTIC_HUMAN_PLASMA_CORONA,SEQUENCE_RIDGE_FULL,0.01,R4_EDINBURGH_USGO_20210324_6pm_KostarelosK_OkweloguE_EO87,0.806060606060606,100.0
T238_OUTER_03,PXD060795_DALIAN_PLA_MICRO_NANOPLASTIC_HUMAN_PLASMA_CORONA,SEQUENCE_RIDGE_FULL,0.01,T_D1_133,0.7119666788018509,100.0
T238_OUTER_03,PXD060795_DALIAN_PLA_MICRO_NANOPLASTIC_HUMAN_PLASMA_CORONA,SEQUENCE_RIDGE_FULL,0.01,T_D1_138,0.9141792475183748,100.0
T238_OUTER_03,PXD060795_DALIAN_PLA_MICRO_NANOPLASTIC_HUMAN_PLASMA_CORONA,SEQUENCE_RIDGE_FULL,0.01,T_D1_165,0.847579379526013,100.0
T238_OUTER_03,PXD060795_DALIAN_PLA_MICRO_NANOPLASTIC_HUMAN_PLASMA_CORONA,SEQUENCE_RIDGE_FULL,0.01,T_D1_173,0.9492889050691345,100.0
T238_OUTER_03,PXD060795_DALIAN_PLA_MICRO_NANOPLASTIC_HUMAN_PLASMA_CORONA,SEQUENCE_RIDGE_FULL,0.01,T_D1_186,0.7706746355884524,100.0
T238_OUTER_03,PXD060795_DALIAN_PLA_MICRO_NANOPLASTIC_HUMAN_PLASMA_CORONA,SEQUENCE_RIDGE_FULL,0.01,T_D3_119a,0.5933055656682091,100.0
T238_OUTER_03,PXD060795_DALIAN_PLA_MICRO_NANOPLASTIC_HUMAN_PLASMA_CORONA,SEQUENCE_RIDGE_FULL,0.01,T_D3_119b,0.7448767935921586,100.0
T238_OUTER_03,PXD060795_DALIAN_PLA_MICRO_NANOPLASTIC_HUMAN_PLASMA_CORONA,SEQUENCE_RIDGE_FULL,0.01,T_D3_155,0.5855400437691199,100.0
T238_OUTER_03,PXD060795_DALIAN_PLA_MICRO_NANOPLASTIC_HUMAN_PLASMA_CORONA,SEQUENCE_RIDGE_FULL,0.01,T_D3_178,0.9174698042719671,100.0
T238_OUTER_03,PXD060795_DALIAN_PLA_MICRO_NANOPLASTIC_HUMAN_PLASMA_CORONA,SEQUENCE_RIDGE_FULL,0.01,T_D3_198,0.34911853789422376,100.0
T238_OUTER_03,PXD060795_DALIAN_PLA_MICRO_NANOPLASTIC_HUMAN_PLASMA_CORONA,SEQUENCE_RIDGE_FULL,0.01,__MEAN__,0.7031611355143382,100.0
T238_OUTER_03,PXD060795_DALIAN_PLA_MICRO_NANOPLASTIC_HUMAN_PLASMA_CORONA,SEQUENCE_RIDGE_FULL,0.1,PMC6592156:PH:pH 4.9:Rep1,0.9428571428571428,100.0
T238_OUTER_03,PXD060795_DALIAN_PLA_MICRO_NANOPLASTIC_HUMAN_PLASMA_CORONA,SEQUENCE_RIDGE_FULL,0.1,PMC6592156:PH:pH 4.9:Rep2,0.9285714285714286,100.0
T238_OUTER_03,PXD060795_DALIAN_PLA_MICRO_NANOPLASTIC_HUMAN_PLASMA_CORONA,SEQUENCE_RIDGE_FULL,0.1,PMC6592156:PH:pH 4.9:Rep3,0.6428571428571429,100.0
T238_OUTER_03,PXD060795_DALIAN_PLA_MICRO_NANOPLASTIC_HUMAN_PLASMA_CORONA,SEQUENCE_RIDGE_FULL,0.1,PMC6592156:PH:pH 6.1:Rep1,0.8095238095238095,100.0
T238_OUTER_03,PXD060795_DALIAN_PLA_MICRO_NANOPLASTIC_HUMAN_PLASMA_CORONA,SEQUENCE_RIDGE_FULL,0.1,PMC6592156:PH:pH 6.1:Rep2,0.6333333333333333,100.0
T238_OUTER_03,PXD060795_DALIAN_PLA_MICRO_NANOPLASTIC_HUMAN_PLASMA_CORONA,SEQUENCE_RIDGE_FULL,0.1,PMC6592156:PH:pH 6.1:Rep3,0.7714285714285715,100.0
T238_OUTER_03,PXD060795_DALIAN_PLA_MICRO_NANOPLASTIC_HUMAN_PLASMA_CORONA,SEQUENCE_RIDGE_FULL,0.1,PMC6592156:PH:pH 6.8:Rep1,0.8833333333333333,100.0
T238_OUTER_03,PXD060795_DALIAN_PLA_MICRO_NANOPLASTIC_HUMAN_PLASMA_CORONA,SEQUENCE_RIDGE_FULL,0.1,PMC6592156:PH:pH 6.8:Rep2,0.6833333333333333,100.0
T238_OUTER_03,PXD060795_DALIAN_PLA_MICRO_NANOPLASTIC_HUMAN_PLASMA_CORONA,SEQUENCE_RIDGE_FULL,0.1,PMC6592156:PH:pH 6.8:Rep3,0.5666666666666667,100.0
T238_OUTER_03,PXD060795_DALIAN_PLA_MICRO_NANOPLASTIC_HUMAN_PLASMA_CORONA,SEQUENCE_RIDGE_FULL,0.1,PMC6592156:PH:pH 7.7:Rep1,0.7380952380952381,100.0
T238_OUTER_03,PXD060795_DALIAN_PLA_MICRO_NANOPLASTIC_HUMAN_PLASMA_CORONA,SEQUENCE_RIDGE_FULL,0.1,PMC6592156:PH:pH 7.7:Rep2,0.7212121212121212,100.0
T238_OUTER_03,PXD060795_DALIAN_PLA_MICRO_NANOPLASTIC_HUMAN_PLASMA_CORONA,SEQUENCE_RIDGE_FULL,0.1,PMC6592156:PH:pH 7.7:Rep3,0.6833333333333333,100.0
T238_OUTER_03,PXD060795_DALIAN_PLA_MICRO_NANOPLASTIC_HUMAN_PLASMA_CORONA,SEQUENCE_RIDGE_FULL,0.1,PMC6592156:PH:pH 8.9:Rep1,0.8571428571428571,100.0
T238_OUTER_03,PXD060795_DALIAN_PLA_MICRO_NANOPLASTIC_HUMAN_PLASMA_CORONA,SEQUENCE_RIDGE_FULL,0.1,PMC6592156:PH:pH 8.9:Rep2,0.9523809523809523,100.0
T238_OUTER_03,PXD060795_DALIAN_PLA_MICRO_NANOPLASTIC_HUMAN_PLASMA_CORONA,SEQUENCE_RIDGE_FULL,0.1,PMC6592156:PH:pH 8.9:Rep3,0.9272727272727272,100.0
T238_OUTER_03,PXD060795_DALIAN_PLA_MICRO_NANOPLASTIC_HUMAN_PLASMA_CORONA,SEQUENCE_RIDGE_FULL,0.1,PMC6592156:TEMPERATURE:17 °C:Rep1,0.47619047619047616,100.0
T238_OUTER_03,PXD060795_DALIAN_PLA_MICRO_NANOPLASTIC_HUMAN_PLASMA_CORONA,SEQUENCE_RIDGE_FULL,0.1,PMC6592156:TEMPERATURE:17 °C:Rep2,0.5952380952380952,100.0
T238_OUTER_03,PXD060795_DALIAN_PLA_MICRO_NANOPLASTIC_HUMAN_PLASMA_CORONA,SEQUENCE_RIDGE_FULL,0.1,PMC6592156:TEMPERATURE:17 °C:Rep3,0.5714285714285714,100.0
T238_OUTER_03,PXD060795_DALIAN_PLA_MICRO_NANOPLASTIC_HUMAN_PLASMA_CORONA,SEQUENCE_RIDGE_FULL,0.1,PMC6592156:TEMPERATURE:30 °C:Rep1,0.9047619047619048,100.0
T238_OUTER_03,PXD060795_DALIAN_PLA_MICRO_NANOPLASTIC_HUMAN_PLASMA_CORONA,SEQUENCE_RIDGE_FULL,0.1,PMC6592156:TEMPERATURE:30 °C:Rep2,0.5714285714285714,100.0
T238_OUTER_03,PXD060795_DALIAN_PLA_MICRO_NANOPLASTIC_HUMAN_PLASMA_CORONA,SEQUENCE_RIDGE_FULL,0.1,PMC6592156:TEMPERATURE:30 °C:Rep3,0.8,100.0
T238_OUTER_03,PXD060795_DALIAN_PLA_MICRO_NANOPLASTIC_HUMAN_PLASMA_CORONA,SEQUENCE_RIDGE_FULL,0.1,PMC6592156:TEMPERATURE:4 °C:Rep1,0.85,100.0
T238_OUTER_03,PXD060795_DALIAN_PLA_MICRO_NANOPLASTIC_HUMAN_PLASMA_CORONA,SEQUENCE_RIDGE_FULL,0.1,PMC6592156:TEMPERATURE:4 °C:Rep2,0.85,100.0
T238_OUTER_03,PXD060795_DALIAN_PLA_MICRO_NANOPLASTIC_HUMAN_PLASMA_CORONA,SEQUENCE_RIDGE_FULL,0.1,PMC6592156:TEMPERATURE:4 °C:Rep3,0.6666666666666666,100.0
T238_OUTER_03,PXD060795_DALIAN_PLA_MICRO_NANOPLASTIC_HUMAN_PLASMA_CORONA,SEQUENCE_RIDGE_FULL,0.1,PMC6592156:TEMPERATURE:41 °C:Rep1,0.6833333333333333,100.0
T238_OUTER_03,PXD060795_DALIAN_PLA_MICRO_NANOPLASTIC_HUMAN_PLASMA_CORONA,SEQUENCE_RIDGE_FULL,0.1,PMC6592156:TEMPERATURE:41 °C:Rep2,0.6666666666666666,100.0
T238_OUTER_03,PXD060795_DALIAN_PLA_MICRO_NANOPLASTIC_HUMAN_PLASMA_CORONA,SEQUENCE_RIDGE_FULL,0.1,PMC6592156:TEMPERATURE:41 °C:Rep3,0.7166666666666667,100.0
T238_OUTER_03,PXD060795_DALIAN_PLA_MICRO_NANOPLASTIC_HUMAN_PLASMA_CORONA,SEQUENCE_RIDGE_FULL,0.1,PMC6592156:TEMPERATURE:47 °C:Rep1,0.7142857142857143,100.0
T238_OUTER_03,PXD060795_DALIAN_PLA_MICRO_NANOPLASTIC_HUMAN_PLASMA_CORONA,SEQUENCE_RIDGE_FULL,0.1,PMC6592156:TEMPERATURE:47 °C:Rep2,0.8095238095238095,100.0
T238_OUTER_03,PXD060795_DALIAN_PLA_MICRO_NANOPLASTIC_HUMAN_PLASMA_CORONA,SEQUENCE_RIDGE_FULL,0.1,PMC6592156:TEMPERATURE:47 °C:Rep3,0.7857142857142857,100.0
T238_OUTER_03,PXD060795_DALIAN_PLA_MICRO_NANOPLASTIC_HUMAN_PLASMA_CORONA,SEQUENCE_RIDGE_FULL,0.1,PT_D1_16,0.8148464979493787,100.0
T238_OUTER_03,PXD060795_DALIAN_PLA_MICRO_NANOPLASTIC_HUMAN_PLASMA_CORONA,SEQUENCE_RIDGE_FULL,0.1,PT_D1_18,0.801751998941236,100.0
T238_OUTER_03,PXD060795_DALIAN_PLA_MICRO_NANOPLASTIC_HUMAN_PLASMA_CORONA,SEQUENCE_RIDGE_FULL,0.1,PT_D1_20,0.9153857298880941,100.0
T238_OUTER_03,PXD060795_DALIAN_PLA_MICRO_NANOPLASTIC_HUMAN_PLASMA_CORONA,SEQUENCE_RIDGE_FULL,0.1,PT_D1_23,0.7110390983107745,100.0
T238_OUTER_03,PXD060795_DALIAN_PLA_MICRO_NANOPLASTIC_HUMAN_PLASMA_CORONA,SEQUENCE_RIDGE_FULL,0.1,PT_D1_33,0.8437269535706317,100.0
T238_OUTER_03,PXD060795_DALIAN_PLA_MICRO_NANOPLASTIC_HUMAN_PLASMA_CORONA,SEQUENCE_RIDGE_FULL,0.1,PT_D1_34,0.7173570516842639,100.0
T238_OUTER_03,PXD060795_DALIAN_PLA_MICRO_NANOPLASTIC_HUMAN_PLASMA_CORONA,SEQUENCE_RIDGE_FULL,0.1,PT_D1_48,0.3898234515660837,100.0
T238_OUTER_03,PXD060795_DALIAN_PLA_MICRO_NANOPLASTIC_HUMAN_PLASMA_CORONA,SEQUENCE_RIDGE_FULL,0.1,PT_D1_51,0.7218867690985735,100.0
T238_OUTER_03,PXD060795_DALIAN_PLA_MICRO_NANOPLASTIC_HUMAN_PLASMA_CORONA,SEQUENCE_RIDGE_FULL,0.1,PT_D1_73,0.752325239503013,100.0
T238_OUTER_03,PXD060795_DALIAN_PLA_MICRO_NANOPLASTIC_HUMAN_PLASMA_CORONA,SEQUENCE_RIDGE_FULL,0.1,PT_D1_81,0.791563911869046,100.0
T238_OUTER_03,PXD060795_DALIAN_PLA_MICRO_NANOPLASTIC_HUMAN_PLASMA_CORONA,SEQUENCE_RIDGE_FULL,0.1,PT_D3_06,0.6831300510639733,100.0
T238_OUTER_03,PXD060795_DALIAN_PLA_MICRO_NANOPLASTIC_HUMAN_PLASMA_CORONA,SEQUENCE_RIDGE_FULL,0.1,PT_D3_14,0.5855400437691199,100.0
T238_OUTER_03,PXD060795_DALIAN_PLA_MICRO_NANOPLASTIC_HUMAN_PLASMA_CORONA,SEQUENCE_RIDGE_FULL,0.1,PT_D3_22,0.7152697513290861,100.0
T238_OUTER_03,PXD060795_DALIAN_PLA_MICRO_NANOPLASTIC_HUMAN_PLASMA_CORONA,SEQUENCE_RIDGE_FULL,0.1,PT_D3_28,0.9157291161525718,100.0
T238_OUTER_03,PXD060795_DALIAN_PLA_MICRO_NANOPLASTIC_HUMAN_PLASMA_CORONA,SEQUENCE_RIDGE_FULL,0.1,PT_D3_30,0.6160831149758972,100.0
T238_OUTER_03,PXD060795_DALIAN_PLA_MICRO_NANOPLASTIC_HUMAN_PLASMA_CORONA,SEQUENCE_RIDGE_FULL,0.1,PT_D3_37,0.8353813836471727,100.0
T238_OUTER_03,PXD060795_DALIAN_PLA_MICRO_NANOPLASTIC_HUMAN_PLASMA_CORONA,SEQUENCE_RIDGE_FULL,0.1,PT_D3_41,0.5424508028966484,100.0
T238_OUTER_03,PXD060795_DALIAN_PLA_MICRO_NANOPLASTIC_HUMAN_PLASMA_CORONA,SEQUENCE_RIDGE_FULL,0.1,PT_D3_42,0.8692679567468139,100.0
T238_OUTER_03,PXD060795_DALIAN_PLA_MICRO_NANOPLASTIC_HUMAN_PLASMA_CORONA,SEQUENCE_RIDGE_FULL,0.1,PT_D3_85,0.5002164033860247,100.0
T238_OUTER_03,PXD060795_DALIAN_PLA_MICRO_NANOPLASTIC_HUMAN_PLASMA_CORONA,SEQUENCE_RIDGE_FULL,0.1,PT_D3_96,0.847579379526013,100.0
T238_OUTER_03,PXD060795_DALIAN_PLA_MICRO_NANOPLASTIC_HUMAN_PLASMA_CORONA,SEQUENCE_RIDGE_FULL,0.1,R4_EDINBURGH_SGO_20210324_6pm_KostarelosK_OkweloguE_EO10,0.7142857142857143,100.0
T238_OUTER_03,PXD060795_DALIAN_PLA_MICRO_NANOPLASTIC_HUMAN_PLASMA_CORONA,SEQUENCE_RIDGE_FULL,0.1,R4_EDINBURGH_SGO_20210324_6pm_KostarelosK_OkweloguE_EO103,0.7857142857142857,100.0
T238_OUTER_03,PXD060795_DALIAN_PLA_MICRO_NANOPLASTIC_HUMAN_PLASMA_CORONA,SEQUENCE_RIDGE_FULL,0.1,R4_EDINBURGH_SGO_20210324_6pm_KostarelosK_OkweloguE_EO105,0.4523809523809524,100.0
T238_OUTER_03,PXD060795_DALIAN_PLA_MICRO_NANOPLASTIC_HUMAN_PLASMA_CORONA,SEQUENCE_RIDGE_FULL,0.1,R4_EDINBURGH_SGO_20210324_6pm_KostarelosK_OkweloguE_EO107,0.5952380952380952,100.0
T238_OUTER_03,PXD060795_DALIAN_PLA_MICRO_NANOPLASTIC_HUMAN_PLASMA_CORONA,SEQUENCE_RIDGE_FULL,0.1,R4_EDINBURGH_SGO_20210324_6pm_KostarelosK_OkweloguE_EO113,0.8333333333333334,100.0
T238_OUTER_03,PXD060795_DALIAN_PLA_MICRO_NANOPLASTIC_HUMAN_PLASMA_CORONA,SEQUENCE_RIDGE_FULL,0.1,R4_EDINBURGH_SGO_20210324_6pm_KostarelosK_OkweloguE_EO116,0.5,100.0
T238_OUTER_03,PXD060795_DALIAN_PLA_MICRO_NANOPLASTIC_HUMAN_PLASMA_CORONA,SEQUENCE_RIDGE_FULL,0.1,R4_EDINBURGH_SGO_20210324_6pm_KostarelosK_OkweloguE_EO12,0.7857142857142857,100.0
T238_OUTER_03,PXD060795_DALIAN_PLA_MICRO_NANOPLASTIC_HUMAN_PLASMA_CORONA,SEQUENCE_RIDGE_FULL,0.1,R4_EDINBURGH_SGO_20210324_6pm_KostarelosK_OkweloguE_EO16,0.8571428571428571,100.0
T238_OUTER_03,PXD060795_DALIAN_PLA_MICRO_NANOPLASTIC_HUMAN_PLASMA_CORONA,SEQUENCE_RIDGE_FULL,0.1,R4_EDINBURGH_SGO_20210324_6pm_KostarelosK_OkweloguE_EO21,0.047619047619047616,100.0
T238_OUTER_03,PXD060795_DALIAN_PLA_MICRO_NANOPLASTIC_HUMAN_PLASMA_CORONA,SEQUENCE_RIDGE_FULL,0.1,R4_EDINBURGH_SGO_20210324_6pm_KostarelosK_OkweloguE_EO24,0.6190476190476191,100.0
T238_OUTER_03,PXD060795_DALIAN_PLA_MICRO_NANOPLASTIC_HUMAN_PLASMA_CORONA,SEQUENCE_RIDGE_FULL,0.1,R4_EDINBURGH_SGO_20210324_6pm_KostarelosK_OkweloguE_EO31,0.6190476190476191,100.0
T238_OUTER_03,PXD060795_DALIAN_PLA_MICRO_NANOPLASTIC_HUMAN_PLASMA_CORONA,SEQUENCE_RIDGE_FULL,0.1,R4_EDINBURGH_SGO_20210324_6pm_KostarelosK_OkweloguE_EO34,-0.16666666666666666,100.0
T238_OUTER_03,PXD060795_DALIAN_PLA_MICRO_NANOPLASTIC_HUMAN_PLASMA_CORONA,SEQUENCE_RIDGE_FULL,0.1,R4_EDINBURGH_SGO_20210324_6pm_KostarelosK_OkweloguE_EO4,0.8571428571428571,100.0
T238_OUTER_03,PXD060795_DALIAN_PLA_MICRO_NANOPLASTIC_HUMAN_PLASMA_CORONA,SEQUENCE_RIDGE_FULL,0.1,R4_EDINBURGH_SGO_20210324_6pm_KostarelosK_OkweloguE_EO43,0.5357142857142857,100.0
T238_OUTER_03,PXD060795_DALIAN_PLA_MICRO_NANOPLASTIC_HUMAN_PLASMA_CORONA,SEQUENCE_RIDGE_FULL,0.1,R4_EDINBURGH_SGO_20210324_6pm_KostarelosK_OkweloguE_EO52,0.7142857142857143,100.0
T238_OUTER_03,PXD060795_DALIAN_PLA_MICRO_NANOPLASTIC_HUMAN_PLASMA_CORONA,SEQUENCE_RIDGE_FULL,0.1,R4_EDINBURGH_SGO_20210324_6pm_KostarelosK_OkweloguE_EO64,0.9285714285714286,100.0
T238_OUTER_03,PXD060795_DALIAN_PLA_MICRO_NANOPLASTIC_HUMAN_PLASMA_CORONA,SEQUENCE_RIDGE_FULL,0.1,R4_EDINBURGH_SGO_20210324_6pm_KostarelosK_OkweloguE_EO66,0.7380952380952381,100.0
T238_OUTER_03,PXD060795_DALIAN_PLA_MICRO_NANOPLASTIC_HUMAN_PLASMA_CORONA,SEQUENCE_RIDGE_FULL,0.1,R4_EDINBURGH_SGO_20210324_6pm_KostarelosK_OkweloguE_EO73,0.8333333333333334,100.0
T238_OUTER_03,PXD060795_DALIAN_PLA_MICRO_NANOPLASTIC_HUMAN_PLASMA_CORONA,SEQUENCE_RIDGE_FULL,0.1,R4_EDINBURGH_SGO_20210324_6pm_KostarelosK_OkweloguE_EO83,0.9047619047619048,100.0
T238_OUTER_03,PXD060795_DALIAN_PLA_MICRO_NANOPLASTIC_HUMAN_PLASMA_CORONA,SEQUENCE_RIDGE_FULL,0.1,R4_EDINBURGH_SGO_20210324_6pm_KostarelosK_OkweloguE_EO88,0.21428571428571427,100.0
T238_OUTER_03,PXD060795_DALIAN_PLA_MICRO_NANOPLASTIC_HUMAN_PLASMA_CORONA,SEQUENCE_RIDGE_FULL,0.1,R4_EDINBURGH_SGO_20210324_6pm_KostarelosK_OkweloguE_EO94,0.6190476190476191,100.0
T238_OUTER_03,PXD060795_DALIAN_PLA_MICRO_NANOPLASTIC_HUMAN_PLASMA_CORONA,SEQUENCE_RIDGE_FULL,0.1,R4_EDINBURGH_SGO_20210324_6pm_KostarelosK_OkweloguE_EO96,0.6428571428571429,100.0
T238_OUTER_03,PXD060795_DALIAN_PLA_MICRO_NANOPLASTIC_HUMAN_PLASMA_CORONA,SEQUENCE_RIDGE_FULL,0.1,R4_EDINBURGH_SGO_20210324_6pm_KostarelosK_OkweloguE_EO97,0.6190476190476191,100.0
T238_OUTER_03,PXD060795_DALIAN_PLA_MICRO_NANOPLASTIC_HUMAN_PLASMA_CORONA,SEQUENCE_RIDGE_FULL,0.1,R4_EDINBURGH_USGO_20210324_6pm_KostarelosK_OkweloguE_EO106,0.6666666666666666,100.0
T238_OUTER_03,PXD060795_DALIAN_PLA_MICRO_NANOPLASTIC_HUMAN_PLASMA_CORONA,SEQUENCE_RIDGE_FULL,0.1,R4_EDINBURGH_USGO_20210324_6pm_KostarelosK_OkweloguE_EO11,0.6363636363636364,100.0
T238_OUTER_03,PXD060795_DALIAN_PLA_MICRO_NANOPLASTIC_HUMAN_PLASMA_CORONA,SEQUENCE_RIDGE_FULL,0.1,R4_EDINBURGH_USGO_20210324_6pm_KostarelosK_OkweloguE_EO111,0.85,100.0
T238_OUTER_03,PXD060795_DALIAN_PLA_MICRO_NANOPLASTIC_HUMAN_PLASMA_CORONA,SEQUENCE_RIDGE_FULL,0.1,R4_EDINBURGH_USGO_20210324_6pm_KostarelosK_OkweloguE_EO112,0.6333333333333333,100.0
T238_OUTER_03,PXD060795_DALIAN_PLA_MICRO_NANOPLASTIC_HUMAN_PLASMA_CORONA,SEQUENCE_RIDGE_FULL,0.1,R4_EDINBURGH_USGO_20210324_6pm_KostarelosK_OkweloguE_EO115,0.9166666666666666,100.0
T238_OUTER_03,PXD060795_DALIAN_PLA_MICRO_NANOPLASTIC_HUMAN_PLASMA_CORONA,SEQUENCE_RIDGE_FULL,0.1,R4_EDINBURGH_USGO_20210324_6pm_KostarelosK_OkweloguE_EO120,0.85,100.0
T238_OUTER_03,PXD060795_DALIAN_PLA_MICRO_NANOPLASTIC_HUMAN_PLASMA_CORONA,SEQUENCE_RIDGE_FULL,0.1,R4_EDINBURGH_USGO_20210324_6pm_KostarelosK_OkweloguE_EO121,0.6166666666666667,100.0
T238_OUTER_03,PXD060795_DALIAN_PLA_MICRO_NANOPLASTIC_HUMAN_PLASMA_CORONA,SEQUENCE_RIDGE_FULL,0.1,R4_EDINBURGH_USGO_20210324_6pm_KostarelosK_OkweloguE_EO125,0.9,100.0
T238_OUTER_03,PXD060795_DALIAN_PLA_MICRO_NANOPLASTIC_HUMAN_PLASMA_CORONA,SEQUENCE_RIDGE_FULL,0.1,R4_EDINBURGH_USGO_20210324_6pm_KostarelosK_OkweloguE_EO126,0.7666666666666667,100.0
T238_OUTER_03,PXD060795_DALIAN_PLA_MICRO_NANOPLASTIC_HUMAN_PLASMA_CORONA,SEQUENCE_RIDGE_FULL,0.1,R4_EDINBURGH_USGO_20210324_6pm_KostarelosK_OkweloguE_EO13,0.95,100.0
T238_OUTER_03,PXD060795_DALIAN_PLA_MICRO_NANOPLASTIC_HUMAN_PLASMA_CORONA,SEQUENCE_RIDGE_FULL,0.1,R4_EDINBURGH_USGO_20210324_6pm_KostarelosK_OkweloguE_EO26,0.55,100.0
T238_OUTER_03,PXD060795_DALIAN_PLA_MICRO_NANOPLASTIC_HUMAN_PLASMA_CORONA,SEQUENCE_RIDGE_FULL,0.1,R4_EDINBURGH_USGO_20210324_6pm_KostarelosK_OkweloguE_EO36,0.7666666666666667,100.0
T238_OUTER_03,PXD060795_DALIAN_PLA_MICRO_NANOPLASTIC_HUMAN_PLASMA_CORONA,SEQUENCE_RIDGE_FULL,0.1,R4_EDINBURGH_USGO_20210324_6pm_KostarelosK_OkweloguE_EO40,0.55,100.0
T238_OUTER_03,PXD060795_DALIAN_PLA_MICRO_NANOPLASTIC_HUMAN_PLASMA_CORONA,SEQUENCE_RIDGE_FULL,0.1,R4_EDINBURGH_USGO_20210324_6pm_KostarelosK_OkweloguE_EO42,0.4666666666666667,100.0
T238_OUTER_03,PXD060795_DALIAN_PLA_MICRO_NANOPLASTIC_HUMAN_PLASMA_CORONA,SEQUENCE_RIDGE_FULL,0.1,R4_EDINBURGH_USGO_20210324_6pm_KostarelosK_OkweloguE_EO44,0.8809523809523809,100.0
T238_OUTER_03,PXD060795_DALIAN_PLA_MICRO_NANOPLASTIC_HUMAN_PLASMA_CORONA,SEQUENCE_RIDGE_FULL,0.1,R4_EDINBURGH_USGO_20210324_6pm_KostarelosK_OkweloguE_EO5,0.8303030303030303,100.0
T238_OUTER_03,PXD060795_DALIAN_PLA_MICRO_NANOPLASTIC_HUMAN_PLASMA_CORONA,SEQUENCE_RIDGE_FULL,0.1,R4_EDINBURGH_USGO_20210324_6pm_KostarelosK_OkweloguE_EO50,0.75,100.0
T238_OUTER_03,PXD060795_DALIAN_PLA_MICRO_NANOPLASTIC_HUMAN_PLASMA_CORONA,SEQUENCE_RIDGE_FULL,0.1,R4_EDINBURGH_USGO_20210324_6pm_KostarelosK_OkweloguE_EO53,0.6190476190476191,100.0
T238_OUTER_03,PXD060795_DALIAN_PLA_MICRO_NANOPLASTIC_HUMAN_PLASMA_CORONA,SEQUENCE_RIDGE_FULL,0.1,R4_EDINBURGH_USGO_20210324_6pm_KostarelosK_OkweloguE_EO60,0.7619047619047619,100.0
T238_OUTER_03,PXD060795_DALIAN_PLA_MICRO_NANOPLASTIC_HUMAN_PLASMA_CORONA,SEQUENCE_RIDGE_FULL,0.1,R4_EDINBURGH_USGO_20210324_6pm_KostarelosK_OkweloguE_EO62,0.11666666666666667,100.0
T238_OUTER_03,PXD060795_DALIAN_PLA_MICRO_NANOPLASTIC_HUMAN_PLASMA_CORONA,SEQUENCE_RIDGE_FULL,0.1,R4_EDINBURGH_USGO_20210324_6pm_KostarelosK_OkweloguE_EO69,0.6666666666666666,100.0
T238_OUTER_03,PXD060795_DALIAN_PLA_MICRO_NANOPLASTIC_HUMAN_PLASMA_CORONA,SEQUENCE_RIDGE_FULL,0.1,R4_EDINBURGH_USGO_20210324_6pm_KostarelosK_OkweloguE_EO76,0.21212121212121213,100.0
T238_OUTER_03,PXD060795_DALIAN_PLA_MICRO_NANOPLASTIC_HUMAN_PLASMA_CORONA,SEQUENCE_RIDGE_FULL,0.1,R4_EDINBURGH_USGO_20210324_6pm_KostarelosK_OkweloguE_EO77,0.7857142857142857,100.0
T238_OUTER_03,PXD060795_DALIAN_PLA_MICRO_NANOPLASTIC_HUMAN_PLASMA_CORONA,SEQUENCE_RIDGE_FULL,0.1,R4_EDINBURGH_USGO_20210324_6pm_KostarelosK_OkweloguE_EO79,0.6666666666666666,100.0
T238_OUTER_03,PXD060795_DALIAN_PLA_MICRO_NANOPLASTIC_HUMAN_PLASMA_CORONA,SEQUENCE_RIDGE_FULL,0.1,R4_EDINBURGH_USGO_20210324_6pm_KostarelosK_OkweloguE_EO86,0.8666666666666667,100.0
T238_OUTER_03,PXD060795_DALIAN_PLA_MICRO_NANOPLASTIC_HUMAN_PLASMA_CORONA,SEQUENCE_RIDGE_FULL,0.1,R4_EDINBURGH_USGO_20210324_6pm_KostarelosK_OkweloguE_EO87,0.806060606060606,100.0
T238_OUTER_03,PXD060795_DALIAN_PLA_MICRO_NANOPLASTIC_HUMAN_PLASMA_CORONA,SEQUENCE_RIDGE_FULL,0.1,T_D1_133,0.7119666788018509,100.0
T238_OUTER_03,PXD060795_DALIAN_PLA_MICRO_NANOPLASTIC_HUMAN_PLASMA_CORONA,SEQUENCE_RIDGE_FULL,0.1,T_D1_138,0.9141792475183748,100.0
T238_OUTER_03,PXD060795_DALIAN_PLA_MICRO_NANOPLASTIC_HUMAN_PLASMA_CORONA,SEQUENCE_RIDGE_FULL,0.1,T_D1_165,0.847579379526013,100.0
T238_OUTER_03,PXD060795_DALIAN_PLA_MICRO_NANOPLASTIC_HUMAN_PLASMA_CORONA,SEQUENCE_RIDGE_FULL,0.1,T_D1_173,0.9492889050691345,100.0
T238_OUTER_03,PXD060795_DALIAN_PLA_MICRO_NANOPLASTIC_HUMAN_PLASMA_CORONA,SEQUENCE_RIDGE_FULL,0.1,T_D1_186,0.7622092916488803,100.0
T238_OUTER_03,PXD060795_DALIAN_PLA_MICRO_NANOPLASTIC_HUMAN_PLASMA_CORONA,SEQUENCE_RIDGE_FULL,0.1,T_D3_119a,0.5933055656682091,100.0
T238_OUTER_03,PXD060795_DALIAN_PLA_MICRO_NANOPLASTIC_HUMAN_PLASMA_CORONA,SEQUENCE_RIDGE_FULL,0.1,T_D3_119b,0.7448767935921586,100.0
T238_OUTER_03,PXD060795_DALIAN_PLA_MICRO_NANOPLASTIC_HUMAN_PLASMA_CORONA,SEQUENCE_RIDGE_FULL,0.1,T_D3_155,0.5855400437691199,100.0
T238_OUTER_03,PXD060795_DALIAN_PLA_MICRO_NANOPLASTIC_HUMAN_PLASMA_CORONA,SEQUENCE_RIDGE_FULL,0.1,T_D3_178,0.9150029748446887,100.0
T238_OUTER_03,PXD060795_DALIAN_PLA_MICRO_NANOPLASTIC_HUMAN_PLASMA_CORONA,SEQUENCE_RIDGE_FULL,0.1,T_D3_198,0.34911853789422376,100.0
T238_OUTER_03,PXD060795_DALIAN_PLA_MICRO_NANOPLASTIC_HUMAN_PLASMA_CORONA,SEQUENCE_RIDGE_FULL,0.1,__MEAN__,0.7034783156873518,100.0
T238_OUTER_03,PXD060795_DALIAN_PLA_MICRO_NANOPLASTIC_HUMAN_PLASMA_CORONA,SEQUENCE_RIDGE_FULL,1.0,PMC6592156:PH:pH 4.9:Rep1,0.9428571428571428,100.0
T238_OUTER_03,PXD060795_DALIAN_PLA_MICRO_NANOPLASTIC_HUMAN_PLASMA_CORONA,SEQUENCE_RIDGE_FULL,1.0,PMC6592156:PH:pH 4.9:Rep2,0.9285714285714286,100.0
T238_OUTER_03,PXD060795_DALIAN_PLA_MICRO_NANOPLASTIC_HUMAN_PLASMA_CORONA,SEQUENCE_RIDGE_FULL,1.0,PMC6592156:PH:pH 4.9:Rep3,0.6428571428571429,100.0
T238_OUTER_03,PXD060795_DALIAN_PLA_MICRO_NANOPLASTIC_HUMAN_PLASMA_CORONA,SEQUENCE_RIDGE_FULL,1.0,PMC6592156:PH:pH 6.1:Rep1,0.8095238095238095,100.0
T238_OUTER_03,PXD060795_DALIAN_PLA_MICRO_NANOPLASTIC_HUMAN_PLASMA_CORONA,SEQUENCE_RIDGE_FULL,1.0,PMC6592156:PH:pH 6.1:Rep2,0.6333333333333333,100.0
T238_OUTER_03,PXD060795_DALIAN_PLA_MICRO_NANOPLASTIC_HUMAN_PLASMA_CORONA,SEQUENCE_RIDGE_FULL,1.0,PMC6592156:PH:pH 6.1:Rep3,0.7714285714285715,100.0
T238_OUTER_03,PXD060795_DALIAN_PLA_MICRO_NANOPLASTIC_HUMAN_PLASMA_CORONA,SEQUENCE_RIDGE_FULL,1.0,PMC6592156:PH:pH 6.8:Rep1,0.8833333333333333,100.0
T238_OUTER_03,PXD060795_DALIAN_PLA_MICRO_NANOPLASTIC_HUMAN_PLASMA_CORONA,SEQUENCE_RIDGE_FULL,1.0,PMC6592156:PH:pH 6.8:Rep2,0.6833333333333333,100.0
T238_OUTER_03,PXD060795_DALIAN_PLA_MICRO_NANOPLASTIC_HUMAN_PLASMA_CORONA,SEQUENCE_RIDGE_FULL,1.0,PMC6592156:PH:pH 6.8:Rep3,0.5666666666666667,100.0
T238_OUTER_03,PXD060795_DALIAN_PLA_MICRO_NANOPLASTIC_HUMAN_PLASMA_CORONA,SEQUENCE_RIDGE_FULL,1.0,PMC6592156:PH:pH 7.7:Rep1,0.7380952380952381,100.0
T238_OUTER_03,PXD060795_DALIAN_PLA_MICRO_NANOPLASTIC_HUMAN_PLASMA_CORONA,SEQUENCE_RIDGE_FULL,1.0,PMC6592156:PH:pH 7.7:Rep2,0.7212121212121212,100.0
T238_OUTER_03,PXD060795_DALIAN_PLA_MICRO_NANOPLASTIC_HUMAN_PLASMA_CORONA,SEQUENCE_RIDGE_FULL,1.0,PMC6592156:PH:pH 7.7:Rep3,0.6833333333333333,100.0
T238_OUTER_03,PXD060795_DALIAN_PLA_MICRO_NANOPLASTIC_HUMAN_PLASMA_CORONA,SEQUENCE_RIDGE_FULL,1.0,PMC6592156:PH:pH 8.9:Rep1,0.8571428571428571,100.0
T238_OUTER_03,PXD060795_DALIAN_PLA_MICRO_NANOPLASTIC_HUMAN_PLASMA_CORONA,SEQUENCE_RIDGE_FULL,1.0,PMC6592156:PH:pH 8.9:Rep2,0.9523809523809523,100.0
T238_OUTER_03,PXD060795_DALIAN_PLA_MICRO_NANOPLASTIC_HUMAN_PLASMA_CORONA,SEQUENCE_RIDGE_FULL,1.0,PMC6592156:PH:pH 8.9:Rep3,0.9272727272727272,100.0
T238_OUTER_03,PXD060795_DALIAN_PLA_MICRO_NANOPLASTIC_HUMAN_PLASMA_CORONA,SEQUENCE_RIDGE_FULL,1.0,PMC6592156:TEMPERATURE:17 °C:Rep1,0.47619047619047616,100.0
T238_OUTER_03,PXD060795_DALIAN_PLA_MICRO_NANOPLASTIC_HUMAN_PLASMA_CORONA,SEQUENCE_RIDGE_FULL,1.0,PMC6592156:TEMPERATURE:17 °C:Rep2,0.5952380952380952,100.0
T238_OUTER_03,PXD060795_DALIAN_PLA_MICRO_NANOPLASTIC_HUMAN_PLASMA_CORONA,SEQUENCE_RIDGE_FULL,1.0,PMC6592156:TEMPERATURE:17 °C:Rep3,0.5714285714285714,100.0
T238_OUTER_03,PXD060795_DALIAN_PLA_MICRO_NANOPLASTIC_HUMAN_PLASMA_CORONA,SEQUENCE_RIDGE_FULL,1.0,PMC6592156:TEMPERATURE:30 °C:Rep1,0.9047619047619048,100.0
T238_OUTER_03,PXD060795_DALIAN_PLA_MICRO_NANOPLASTIC_HUMAN_PLASMA_CORONA,SEQUENCE_RIDGE_FULL,1.0,PMC6592156:TEMPERATURE:30 °C:Rep2,0.5714285714285714,100.0
T238_OUTER_03,PXD060795_DALIAN_PLA_MICRO_NANOPLASTIC_HUMAN_PLASMA_CORONA,SEQUENCE_RIDGE_FULL,1.0,PMC6592156:TEMPERATURE:30 °C:Rep3,0.8,100.0
T238_OUTER_03,PXD060795_DALIAN_PLA_MICRO_NANOPLASTIC_HUMAN_PLASMA_CORONA,SEQUENCE_RIDGE_FULL,1.0,PMC6592156:TEMPERATURE:4 °C:Rep1,0.85,100.0
T238_OUTER_03,PXD060795_DALIAN_PLA_MICRO_NANOPLASTIC_HUMAN_PLASMA_CORONA,SEQUENCE_RIDGE_FULL,1.0,PMC6592156:TEMPERATURE:4 °C:Rep2,0.85,100.0
T238_OUTER_03,PXD060795_DALIAN_PLA_MICRO_NANOPLASTIC_HUMAN_PLASMA_CORONA,SEQUENCE_RIDGE_FULL,1.0,PMC6592156:TEMPERATURE:4 °C:Rep3,0.6666666666666666,100.0
T238_OUTER_03,PXD060795_DALIAN_PLA_MICRO_NANOPLASTIC_HUMAN_PLASMA_CORONA,SEQUENCE_RIDGE_FULL,1.0,PMC6592156:TEMPERATURE:41 °C:Rep1,0.6833333333333333,100.0
T238_OUTER_03,PXD060795_DALIAN_PLA_MICRO_NANOPLASTIC_HUMAN_PLASMA_CORONA,SEQUENCE_RIDGE_FULL,1.0,PMC6592156:TEMPERATURE:41 °C:Rep2,0.6666666666666666,100.0
T238_OUTER_03,PXD060795_DALIAN_PLA_MICRO_NANOPLASTIC_HUMAN_PLASMA_CORONA,SEQUENCE_RIDGE_FULL,1.0,PMC6592156:TEMPERATURE:41 °C:Rep3,0.7166666666666667,100.0
T238_OUTER_03,PXD060795_DALIAN_PLA_MICRO_NANOPLASTIC_HUMAN_PLASMA_CORONA,SEQUENCE_RIDGE_FULL,1.0,PMC6592156:TEMPERATURE:47 °C:Rep1,0.7142857142857143,100.0
T238_OUTER_03,PXD060795_DALIAN_PLA_MICRO_NANOPLASTIC_HUMAN_PLASMA_CORONA,SEQUENCE_RIDGE_FULL,1.0,PMC6592156:TEMPERATURE:47 °C:Rep2,0.8095238095238095,100.0
T238_OUTER_03,PXD060795_DALIAN_PLA_MICRO_NANOPLASTIC_HUMAN_PLASMA_CORONA,SEQUENCE_RIDGE_FULL,1.0,PMC6592156:TEMPERATURE:47 °C:Rep3,0.7857142857142857,100.0
T238_OUTER_03,PXD060795_DALIAN_PLA_MICRO_NANOPLASTIC_HUMAN_PLASMA_CORONA,SEQUENCE_RIDGE_FULL,1.0,PT_D1_16,0.8148464979493787,100.0
T238_OUTER_03,PXD060795_DALIAN_PLA_MICRO_NANOPLASTIC_HUMAN_PLASMA_CORONA,SEQUENCE_RIDGE_FULL,1.0,PT_D1_18,0.7899438584070568,100.0
T238_OUTER_03,PXD060795_DALIAN_PLA_MICRO_NANOPLASTIC_HUMAN_PLASMA_CORONA,SEQUENCE_RIDGE_FULL,1.0,PT_D1_20,0.9153857298880941,100.0
T238_OUTER_03,PXD060795_DALIAN_PLA_MICRO_NANOPLASTIC_HUMAN_PLASMA_CORONA,SEQUENCE_RIDGE_FULL,1.0,PT_D1_23,0.7048221006384428,100.0
T238_OUTER_03,PXD060795_DALIAN_PLA_MICRO_NANOPLASTIC_HUMAN_PLASMA_CORONA,SEQUENCE_RIDGE_FULL,1.0,PT_D1_33,0.8437269535706317,100.0
T238_OUTER_03,PXD060795_DALIAN_PLA_MICRO_NANOPLASTIC_HUMAN_PLASMA_CORONA,SEQUENCE_RIDGE_FULL,1.0,PT_D1_34,0.7173570516842639,100.0
T238_OUTER_03,PXD060795_DALIAN_PLA_MICRO_NANOPLASTIC_HUMAN_PLASMA_CORONA,SEQUENCE_RIDGE_FULL,1.0,PT_D1_48,0.3898234515660837,100.0
T238_OUTER_03,PXD060795_DALIAN_PLA_MICRO_NANOPLASTIC_HUMAN_PLASMA_CORONA,SEQUENCE_RIDGE_FULL,1.0,PT_D1_51,0.7218867690985735,100.0
T238_OUTER_03,PXD060795_DALIAN_PLA_MICRO_NANOPLASTIC_HUMAN_PLASMA_CORONA,SEQUENCE_RIDGE_FULL,1.0,PT_D1_73,0.7460130026238062,100.0
T238_OUTER_03,PXD060795_DALIAN_PLA_MICRO_NANOPLASTIC_HUMAN_PLASMA_CORONA,SEQUENCE_RIDGE_FULL,1.0,PT_D1_81,0.791563911869046,100.0
T238_OUTER_03,PXD060795_DALIAN_PLA_MICRO_NANOPLASTIC_HUMAN_PLASMA_CORONA,SEQUENCE_RIDGE_FULL,1.0,PT_D3_06,0.6831300510639733,100.0
T238_OUTER_03,PXD060795_DALIAN_PLA_MICRO_NANOPLASTIC_HUMAN_PLASMA_CORONA,SEQUENCE_RIDGE_FULL,1.0,PT_D3_14,0.5855400437691199,100.0
T238_OUTER_03,PXD060795_DALIAN_PLA_MICRO_NANOPLASTIC_HUMAN_PLASMA_CORONA,SEQUENCE_RIDGE_FULL,1.0,PT_D3_22,0.7152697513290861,100.0
T238_OUTER_03,PXD060795_DALIAN_PLA_MICRO_NANOPLASTIC_HUMAN_PLASMA_CORONA,SEQUENCE_RIDGE_FULL,1.0,PT_D3_28,0.9157291161525718,100.0
T238_OUTER_03,PXD060795_DALIAN_PLA_MICRO_NANOPLASTIC_HUMAN_PLASMA_CORONA,SEQUENCE_RIDGE_FULL,1.0,PT_D3_30,0.6160831149758972,100.0
T238_OUTER_03,PXD060795_DALIAN_PLA_MICRO_NANOPLASTIC_HUMAN_PLASMA_CORONA,SEQUENCE_RIDGE_FULL,1.0,PT_D3_37,0.859772080979937,100.0
T238_OUTER_03,PXD060795_DALIAN_PLA_MICRO_NANOPLASTIC_HUMAN_PLASMA_CORONA,SEQUENCE_RIDGE_FULL,1.0,PT_D3_41,0.531688167718925,100.0
T238_OUTER_03,PXD060795_DALIAN_PLA_MICRO_NANOPLASTIC_HUMAN_PLASMA_CORONA,SEQUENCE_RIDGE_FULL,1.0,PT_D3_42,0.8861469461982083,100.0
T238_OUTER_03,PXD060795_DALIAN_PLA_MICRO_NANOPLASTIC_HUMAN_PLASMA_CORONA,SEQUENCE_RIDGE_FULL,1.0,PT_D3_85,0.46381682852195877,100.0
T238_OUTER_03,PXD060795_DALIAN_PLA_MICRO_NANOPLASTIC_HUMAN_PLASMA_CORONA,SEQUENCE_RIDGE_FULL,1.0,PT_D3_96,0.847579379526013,100.0
T238_OUTER_03,PXD060795_DALIAN_PLA_MICRO_NANOPLASTIC_HUMAN_PLASMA_CORONA,SEQUENCE_RIDGE_FULL,1.0,R4_EDINBURGH_SGO_20210324_6pm_KostarelosK_OkweloguE_EO10,0.7142857142857143,100.0
T238_OUTER_03,PXD060795_DALIAN_PLA_MICRO_NANOPLASTIC_HUMAN_PLASMA_CORONA,SEQUENCE_RIDGE_FULL,1.0,R4_EDINBURGH_SGO_20210324_6pm_KostarelosK_OkweloguE_EO103,0.7857142857142857,100.0
T238_OUTER_03,PXD060795_DALIAN_PLA_MICRO_NANOPLASTIC_HUMAN_PLASMA_CORONA,SEQUENCE_RIDGE_FULL,1.0,R4_EDINBURGH_SGO_20210324_6pm_KostarelosK_OkweloguE_EO105,0.4523809523809524,100.0
T238_OUTER_03,PXD060795_DALIAN_PLA_MICRO_NANOPLASTIC_HUMAN_PLASMA_CORONA,SEQUENCE_RIDGE_FULL,1.0,R4_EDINBURGH_SGO_20210324_6pm_KostarelosK_OkweloguE_EO107,0.5952380952380952,100.0
T238_OUTER_03,PXD060795_DALIAN_PLA_MICRO_NANOPLASTIC_HUMAN_PLASMA_CORONA,SEQUENCE_RIDGE_FULL,1.0,R4_EDINBURGH_SGO_20210324_6pm_KostarelosK_OkweloguE_EO113,0.8333333333333334,100.0
T238_OUTER_03,PXD060795_DALIAN_PLA_MICRO_NANOPLASTIC_HUMAN_PLASMA_CORONA,SEQUENCE_RIDGE_FULL,1.0,R4_EDINBURGH_SGO_20210324_6pm_KostarelosK_OkweloguE_EO116,0.5,100.0
T238_OUTER_03,PXD060795_DALIAN_PLA_MICRO_NANOPLASTIC_HUMAN_PLASMA_CORONA,SEQUENCE_RIDGE_FULL,1.0,R4_EDINBURGH_SGO_20210324_6pm_KostarelosK_OkweloguE_EO12,0.7857142857142857,100.0
T238_OUTER_03,PXD060795_DALIAN_PLA_MICRO_NANOPLASTIC_HUMAN_PLASMA_CORONA,SEQUENCE_RIDGE_FULL,1.0,R4_EDINBURGH_SGO_20210324_6pm_KostarelosK_OkweloguE_EO16,0.8571428571428571,100.0
T238_OUTER_03,PXD060795_DALIAN_PLA_MICRO_NANOPLASTIC_HUMAN_PLASMA_CORONA,SEQUENCE_RIDGE_FULL,1.0,R4_EDINBURGH_SGO_20210324_6pm_KostarelosK_OkweloguE_EO21,0.047619047619047616,100.0
T238_OUTER_03,PXD060795_DALIAN_PLA_MICRO_NANOPLASTIC_HUMAN_PLASMA_CORONA,SEQUENCE_RIDGE_FULL,1.0,R4_EDINBURGH_SGO_20210324_6pm_KostarelosK_OkweloguE_EO24,0.6190476190476191,100.0
T238_OUTER_03,PXD060795_DALIAN_PLA_MICRO_NANOPLASTIC_HUMAN_PLASMA_CORONA,SEQUENCE_RIDGE_FULL,1.0,R4_EDINBURGH_SGO_20210324_6pm_KostarelosK_OkweloguE_EO31,0.6190476190476191,100.0
T238_OUTER_03,PXD060795_DALIAN_PLA_MICRO_NANOPLASTIC_HUMAN_PLASMA_CORONA,SEQUENCE_RIDGE_FULL,1.0,R4_EDINBURGH_SGO_20210324_6pm_KostarelosK_OkweloguE_EO34,-0.16666666666666666,100.0
T238_OUTER_03,PXD060795_DALIAN_PLA_MICRO_NANOPLASTIC_HUMAN_PLASMA_CORONA,SEQUENCE_RIDGE_FULL,1.0,R4_EDINBURGH_SGO_20210324_6pm_KostarelosK_OkweloguE_EO4,0.8571428571428571,100.0
T238_OUTER_03,PXD060795_DALIAN_PLA_MICRO_NANOPLASTIC_HUMAN_PLASMA_CORONA,SEQUENCE_RIDGE_FULL,1.0,R4_EDINBURGH_SGO_20210324_6pm_KostarelosK_OkweloguE_EO43,0.5357142857142857,100.0
T238_OUTER_03,PXD060795_DALIAN_PLA_MICRO_NANOPLASTIC_HUMAN_PLASMA_CORONA,SEQUENCE_RIDGE_FULL,1.0,R4_EDINBURGH_SGO_20210324_6pm_KostarelosK_OkweloguE_EO52,0.7142857142857143,100.0
T238_OUTER_03,PXD060795_DALIAN_PLA_MICRO_NANOPLASTIC_HUMAN_PLASMA_CORONA,SEQUENCE_RIDGE_FULL,1.0,R4_EDINBURGH_SGO_20210324_6pm_KostarelosK_OkweloguE_EO64,0.9285714285714286,100.0
T238_OUTER_03,PXD060795_DALIAN_PLA_MICRO_NANOPLASTIC_HUMAN_PLASMA_CORONA,SEQUENCE_RIDGE_FULL,1.0,R4_EDINBURGH_SGO_20210324_6pm_KostarelosK_OkweloguE_EO66,0.7380952380952381,100.0
T238_OUTER_03,PXD060795_DALIAN_PLA_MICRO_NANOPLASTIC_HUMAN_PLASMA_CORONA,SEQUENCE_RIDGE_FULL,1.0,R4_EDINBURGH_SGO_20210324_6pm_KostarelosK_OkweloguE_EO73,0.8333333333333334,100.0
T238_OUTER_03,PXD060795_DALIAN_PLA_MICRO_NANOPLASTIC_HUMAN_PLASMA_CORONA,SEQUENCE_RIDGE_FULL,1.0,R4_EDINBURGH_SGO_20210324_6pm_KostarelosK_OkweloguE_EO83,0.9047619047619048,100.0
T238_OUTER_03,PXD060795_DALIAN_PLA_MICRO_NANOPLASTIC_HUMAN_PLASMA_CORONA,SEQUENCE_RIDGE_FULL,1.0,R4_EDINBURGH_SGO_20210324_6pm_KostarelosK_OkweloguE_EO88,0.21428571428571427,100.0
T238_OUTER_03,PXD060795_DALIAN_PLA_MICRO_NANOPLASTIC_HUMAN_PLASMA_CORONA,SEQUENCE_RIDGE_FULL,1.0,R4_EDINBURGH_SGO_20210324_6pm_KostarelosK_OkweloguE_EO94,0.6190476190476191,100.0
T238_OUTER_03,PXD060795_DALIAN_PLA_MICRO_NANOPLASTIC_HUMAN_PLASMA_CORONA,SEQUENCE_RIDGE_FULL,1.0,R4_EDINBURGH_SGO_20210324_6pm_KostarelosK_OkweloguE_EO96,0.6428571428571429,100.0
T238_OUTER_03,PXD060795_DALIAN_PLA_MICRO_NANOPLASTIC_HUMAN_PLASMA_CORONA,SEQUENCE_RIDGE_FULL,1.0,R4_EDINBURGH_SGO_20210324_6pm_KostarelosK_OkweloguE_EO97,0.6190476190476191,100.0
T238_OUTER_03,PXD060795_DALIAN_PLA_MICRO_NANOPLASTIC_HUMAN_PLASMA_CORONA,SEQUENCE_RIDGE_FULL,1.0,R4_EDINBURGH_USGO_20210324_6pm_KostarelosK_OkweloguE_EO106,0.6666666666666666,100.0
T238_OUTER_03,PXD060795_DALIAN_PLA_MICRO_NANOPLASTIC_HUMAN_PLASMA_CORONA,SEQUENCE_RIDGE_FULL,1.0,R4_EDINBURGH_USGO_20210324_6pm_KostarelosK_OkweloguE_EO11,0.6363636363636364,100.0
T238_OUTER_03,PXD060795_DALIAN_PLA_MICRO_NANOPLASTIC_HUMAN_PLASMA_CORONA,SEQUENCE_RIDGE_FULL,1.0,R4_EDINBURGH_USGO_20210324_6pm_KostarelosK_OkweloguE_EO111,0.85,100.0
T238_OUTER_03,PXD060795_DALIAN_PLA_MICRO_NANOPLASTIC_HUMAN_PLASMA_CORONA,SEQUENCE_RIDGE_FULL,1.0,R4_EDINBURGH_USGO_20210324_6pm_KostarelosK_OkweloguE_EO112,0.6333333333333333,100.0
T238_OUTER_03,PXD060795_DALIAN_PLA_MICRO_NANOPLASTIC_HUMAN_PLASMA_CORONA,SEQUENCE_RIDGE_FULL,1.0,R4_EDINBURGH_USGO_20210324_6pm_KostarelosK_OkweloguE_EO115,0.9166666666666666,100.0
T238_OUTER_03,PXD060795_DALIAN_PLA_MICRO_NANOPLASTIC_HUMAN_PLASMA_CORONA,SEQUENCE_RIDGE_FULL,1.0,R4_EDINBURGH_USGO_20210324_6pm_KostarelosK_OkweloguE_EO120,0.85,100.0
T238_OUTER_03,PXD060795_DALIAN_PLA_MICRO_NANOPLASTIC_HUMAN_PLASMA_CORONA,SEQUENCE_RIDGE_FULL,1.0,R4_EDINBURGH_USGO_20210324_6pm_KostarelosK_OkweloguE_EO121,0.6166666666666667,100.0
T238_OUTER_03,PXD060795_DALIAN_PLA_MICRO_NANOPLASTIC_HUMAN_PLASMA_CORONA,SEQUENCE_RIDGE_FULL,1.0,R4_EDINBURGH_USGO_20210324_6pm_KostarelosK_OkweloguE_EO125,0.9,100.0
T238_OUTER_03,PXD060795_DALIAN_PLA_MICRO_NANOPLASTIC_HUMAN_PLASMA_CORONA,SEQUENCE_RIDGE_FULL,1.0,R4_EDINBURGH_USGO_20210324_6pm_KostarelosK_OkweloguE_EO126,0.7666666666666667,100.0
T238_OUTER_03,PXD060795_DALIAN_PLA_MICRO_NANOPLASTIC_HUMAN_PLASMA_CORONA,SEQUENCE_RIDGE_FULL,1.0,R4_EDINBURGH_USGO_20210324_6pm_KostarelosK_OkweloguE_EO13,0.95,100.0
T238_OUTER_03,PXD060795_DALIAN_PLA_MICRO_NANOPLASTIC_HUMAN_PLASMA_CORONA,SEQUENCE_RIDGE_FULL,1.0,R4_EDINBURGH_USGO_20210324_6pm_KostarelosK_OkweloguE_EO26,0.55,100.0
T238_OUTER_03,PXD060795_DALIAN_PLA_MICRO_NANOPLASTIC_HUMAN_PLASMA_CORONA,SEQUENCE_RIDGE_FULL,1.0,R4_EDINBURGH_USGO_20210324_6pm_KostarelosK_OkweloguE_EO36,0.7666666666666667,100.0
T238_OUTER_03,PXD060795_DALIAN_PLA_MICRO_NANOPLASTIC_HUMAN_PLASMA_CORONA,SEQUENCE_RIDGE_FULL,1.0,R4_EDINBURGH_USGO_20210324_6pm_KostarelosK_OkweloguE_EO40,0.55,100.0
T238_OUTER_03,PXD060795_DALIAN_PLA_MICRO_NANOPLASTIC_HUMAN_PLASMA_CORONA,SEQUENCE_RIDGE_FULL,1.0,R4_EDINBURGH_USGO_20210324_6pm_KostarelosK_OkweloguE_EO42,0.4666666666666667,100.0
T238_OUTER_03,PXD060795_DALIAN_PLA_MICRO_NANOPLASTIC_HUMAN_PLASMA_CORONA,SEQUENCE_RIDGE_FULL,1.0,R4_EDINBURGH_USGO_20210324_6pm_KostarelosK_OkweloguE_EO44,0.8809523809523809,100.0
T238_OUTER_03,PXD060795_DALIAN_PLA_MICRO_NANOPLASTIC_HUMAN_PLASMA_CORONA,SEQUENCE_RIDGE_FULL,1.0,R4_EDINBURGH_USGO_20210324_6pm_KostarelosK_OkweloguE_EO5,0.8303030303030303,100.0
T238_OUTER_03,PXD060795_DALIAN_PLA_MICRO_NANOPLASTIC_HUMAN_PLASMA_CORONA,SEQUENCE_RIDGE_FULL,1.0,R4_EDINBURGH_USGO_20210324_6pm_KostarelosK_OkweloguE_EO50,0.75,100.0
T238_OUTER_03,PXD060795_DALIAN_PLA_MICRO_NANOPLASTIC_HUMAN_PLASMA_CORONA,SEQUENCE_RIDGE_FULL,1.0,R4_EDINBURGH_USGO_20210324_6pm_KostarelosK_OkweloguE_EO53,0.6190476190476191,100.0
T238_OUTER_03,PXD060795_DALIAN_PLA_MICRO_NANOPLASTIC_HUMAN_PLASMA_CORONA,SEQUENCE_RIDGE_FULL,1.0,R4_EDINBURGH_USGO_20210324_6pm_KostarelosK_OkweloguE_EO60,0.7619047619047619,100.0
T238_OUTER_03,PXD060795_DALIAN_PLA_MICRO_NANOPLASTIC_HUMAN_PLASMA_CORONA,SEQUENCE_RIDGE_FULL,1.0,R4_EDINBURGH_USGO_20210324_6pm_KostarelosK_OkweloguE_EO62,0.11666666666666667,100.0
T238_OUTER_03,PXD060795_DALIAN_PLA_MICRO_NANOPLASTIC_HUMAN_PLASMA_CORONA,SEQUENCE_RIDGE_FULL,1.0,R4_EDINBURGH_USGO_20210324_6pm_KostarelosK_OkweloguE_EO69,0.6666666666666666,100.0
T238_OUTER_03,PXD060795_DALIAN_PLA_MICRO_NANOPLASTIC_HUMAN_PLASMA_CORONA,SEQUENCE_RIDGE_FULL,1.0,R4_EDINBURGH_USGO_20210324_6pm_KostarelosK_OkweloguE_EO76,0.21212121212121213,100.0
T238_OUTER_03,PXD060795_DALIAN_PLA_MICRO_NANOPLASTIC_HUMAN_PLASMA_CORONA,SEQUENCE_RIDGE_FULL,1.0,R4_EDINBURGH_USGO_20210324_6pm_KostarelosK_OkweloguE_EO77,0.7857142857142857,100.0
T238_OUTER_03,PXD060795_DALIAN_PLA_MICRO_NANOPLASTIC_HUMAN_PLASMA_CORONA,SEQUENCE_RIDGE_FULL,1.0,R4_EDINBURGH_USGO_20210324_6pm_KostarelosK_OkweloguE_EO79,0.6666666666666666,100.0
T238_OUTER_03,PXD060795_DALIAN_PLA_MICRO_NANOPLASTIC_HUMAN_PLASMA_CORONA,SEQUENCE_RIDGE_FULL,1.0,R4_EDINBURGH_USGO_20210324_6pm_KostarelosK_OkweloguE_EO86,0.8666666666666667,100.0
T238_OUTER_03,PXD060795_DALIAN_PLA_MICRO_NANOPLASTIC_HUMAN_PLASMA_CORONA,SEQUENCE_RIDGE_FULL,1.0,R4_EDINBURGH_USGO_20210324_6pm_KostarelosK_OkweloguE_EO87,0.806060606060606,100.0
T238_OUTER_03,PXD060795_DALIAN_PLA_MICRO_NANOPLASTIC_HUMAN_PLASMA_CORONA,SEQUENCE_RIDGE_FULL,1.0,T_D1_133,0.7119666788018509,100.0
T238_OUTER_03,PXD060795_DALIAN_PLA_MICRO_NANOPLASTIC_HUMAN_PLASMA_CORONA,SEQUENCE_RIDGE_FULL,1.0,T_D1_138,0.9141792475183748,100.0
T238_OUTER_03,PXD060795_DALIAN_PLA_MICRO_NANOPLASTIC_HUMAN_PLASMA_CORONA,SEQUENCE_RIDGE_FULL,1.0,T_D1_165,0.8523889672954195,100.0
T238_OUTER_03,PXD060795_DALIAN_PLA_MICRO_NANOPLASTIC_HUMAN_PLASMA_CORONA,SEQUENCE_RIDGE_FULL,1.0,T_D1_173,0.9492889050691345,100.0
T238_OUTER_03,PXD060795_DALIAN_PLA_MICRO_NANOPLASTIC_HUMAN_PLASMA_CORONA,SEQUENCE_RIDGE_FULL,1.0,T_D1_186,0.7584417048648262,100.0
T238_OUTER_03,PXD060795_DALIAN_PLA_MICRO_NANOPLASTIC_HUMAN_PLASMA_CORONA,SEQUENCE_RIDGE_FULL,1.0,T_D3_119a,0.5992041255245028,100.0
T238_OUTER_03,PXD060795_DALIAN_PLA_MICRO_NANOPLASTIC_HUMAN_PLASMA_CORONA,SEQUENCE_RIDGE_FULL,1.0,T_D3_119b,0.7448767935921586,100.0
T238_OUTER_03,PXD060795_DALIAN_PLA_MICRO_NANOPLASTIC_HUMAN_PLASMA_CORONA,SEQUENCE_RIDGE_FULL,1.0,T_D3_155,0.5855400437691199,100.0
T238_OUTER_03,PXD060795_DALIAN_PLA_MICRO_NANOPLASTIC_HUMAN_PLASMA_CORONA,SEQUENCE_RIDGE_FULL,1.0,T_D3_178,0.9150029748446887,100.0
T238_OUTER_03,PXD060795_DALIAN_PLA_MICRO_NANOPLASTIC_HUMAN_PLASMA_CORONA,SEQUENCE_RIDGE_FULL,1.0,T_D3_198,0.34911853789422376,100.0
T238_OUTER_03,PXD060795_DALIAN_PLA_MICRO_NANOPLASTIC_HUMAN_PLASMA_CORONA,SEQUENCE_RIDGE_FULL,1.0,__MEAN__,0.7032646520405472,100.0
T238_OUTER_03,PXD060795_DALIAN_PLA_MICRO_NANOPLASTIC_HUMAN_PLASMA_CORONA,SEQUENCE_RIDGE_FULL,10.0,PMC6592156:PH:pH 4.9:Rep1,0.9428571428571428,100.0
T238_OUTER_03,PXD060795_DALIAN_PLA_MICRO_NANOPLASTIC_HUMAN_PLASMA_CORONA,SEQUENCE_RIDGE_FULL,10.0,PMC6592156:PH:pH 4.9:Rep2,0.9285714285714286,100.0
T238_OUTER_03,PXD060795_DALIAN_PLA_MICRO_NANOPLASTIC_HUMAN_PLASMA_CORONA,SEQUENCE_RIDGE_FULL,10.0,PMC6592156:PH:pH 4.9:Rep3,0.6428571428571429,100.0
T238_OUTER_03,PXD060795_DALIAN_PLA_MICRO_NANOPLASTIC_HUMAN_PLASMA_CORONA,SEQUENCE_RIDGE_FULL,10.0,PMC6592156:PH:pH 6.1:Rep1,0.8095238095238095,100.0
T238_OUTER_03,PXD060795_DALIAN_PLA_MICRO_NANOPLASTIC_HUMAN_PLASMA_CORONA,SEQUENCE_RIDGE_FULL,10.0,PMC6592156:PH:pH 6.1:Rep2,0.6333333333333333,100.0
T238_OUTER_03,PXD060795_DALIAN_PLA_MICRO_NANOPLASTIC_HUMAN_PLASMA_CORONA,SEQUENCE_RIDGE_FULL,10.0,PMC6592156:PH:pH 6.1:Rep3,0.7714285714285715,100.0
T238_OUTER_03,PXD060795_DALIAN_PLA_MICRO_NANOPLASTIC_HUMAN_PLASMA_CORONA,SEQUENCE_RIDGE_FULL,10.0,PMC6592156:PH:pH 6.8:Rep1,0.9,100.0
T238_OUTER_03,PXD060795_DALIAN_PLA_MICRO_NANOPLASTIC_HUMAN_PLASMA_CORONA,SEQUENCE_RIDGE_FULL,10.0,PMC6592156:PH:pH 6.8:Rep2,0.7333333333333333,100.0
T238_OUTER_03,PXD060795_DALIAN_PLA_MICRO_NANOPLASTIC_HUMAN_PLASMA_CORONA,SEQUENCE_RIDGE_FULL,10.0,PMC6592156:PH:pH 6.8:Rep3,0.5666666666666667,100.0
T238_OUTER_03,PXD060795_DALIAN_PLA_MICRO_NANOPLASTIC_HUMAN_PLASMA_CORONA,SEQUENCE_RIDGE_FULL,10.0,PMC6592156:PH:pH 7.7:Rep1,0.7857142857142857,100.0
T238_OUTER_03,PXD060795_DALIAN_PLA_MICRO_NANOPLASTIC_HUMAN_PLASMA_CORONA,SEQUENCE_RIDGE_FULL,10.0,PMC6592156:PH:pH 7.7:Rep2,0.7212121212121212,100.0
T238_OUTER_03,PXD060795_DALIAN_PLA_MICRO_NANOPLASTIC_HUMAN_PLASMA_CORONA,SEQUENCE_RIDGE_FULL,10.0,PMC6592156:PH:pH 7.7:Rep3,0.6833333333333333,100.0
T238_OUTER_03,PXD060795_DALIAN_PLA_MICRO_NANOPLASTIC_HUMAN_PLASMA_CORONA,SEQUENCE_RIDGE_FULL,10.0,PMC6592156:PH:pH 8.9:Rep1,0.8571428571428571,100.0
T238_OUTER_03,PXD060795_DALIAN_PLA_MICRO_NANOPLASTIC_HUMAN_PLASMA_CORONA,SEQUENCE_RIDGE_FULL,10.0,PMC6592156:PH:pH 8.9:Rep2,0.9523809523809523,100.0
T238_OUTER_03,PXD060795_DALIAN_PLA_MICRO_NANOPLASTIC_HUMAN_PLASMA_CORONA,SEQUENCE_RIDGE_FULL,10.0,PMC6592156:PH:pH 8.9:Rep3,0.9272727272727272,100.0
T238_OUTER_03,PXD060795_DALIAN_PLA_MICRO_NANOPLASTIC_HUMAN_PLASMA_CORONA,SEQUENCE_RIDGE_FULL,10.0,PMC6592156:TEMPERATURE:17 °C:Rep1,0.47619047619047616,100.0
T238_OUTER_03,PXD060795_DALIAN_PLA_MICRO_NANOPLASTIC_HUMAN_PLASMA_CORONA,SEQUENCE_RIDGE_FULL,10.0,PMC6592156:TEMPERATURE:17 °C:Rep2,0.5952380952380952,100.0
T238_OUTER_03,PXD060795_DALIAN_PLA_MICRO_NANOPLASTIC_HUMAN_PLASMA_CORONA,SEQUENCE_RIDGE_FULL,10.0,PMC6592156:TEMPERATURE:17 °C:Rep3,0.5714285714285714,100.0
T238_OUTER_03,PXD060795_DALIAN_PLA_MICRO_NANOPLASTIC_HUMAN_PLASMA_CORONA,SEQUENCE_RIDGE_FULL,10.0,PMC6592156:TEMPERATURE:30 °C:Rep1,0.9047619047619048,100.0
T238_OUTER_03,PXD060795_DALIAN_PLA_MICRO_NANOPLASTIC_HUMAN_PLASMA_CORONA,SEQUENCE_RIDGE_FULL,10.0,PMC6592156:TEMPERATURE:30 °C:Rep2,0.6785714285714286,100.0
T238_OUTER_03,PXD060795_DALIAN_PLA_MICRO_NANOPLASTIC_HUMAN_PLASMA_CORONA,SEQUENCE_RIDGE_FULL,10.0,PMC6592156:TEMPERATURE:30 °C:Rep3,0.85,100.0
T238_OUTER_03,PXD060795_DALIAN_PLA_MICRO_NANOPLASTIC_HUMAN_PLASMA_CORONA,SEQUENCE_RIDGE_FULL,10.0,PMC6592156:TEMPERATURE:4 °C:Rep1,0.85,100.0
T238_OUTER_03,PXD060795_DALIAN_PLA_MICRO_NANOPLASTIC_HUMAN_PLASMA_CORONA,SEQUENCE_RIDGE_FULL,10.0,PMC6592156:TEMPERATURE:4 °C:Rep2,0.8833333333333333,100.0
T238_OUTER_03,PXD060795_DALIAN_PLA_MICRO_NANOPLASTIC_HUMAN_PLASMA_CORONA,SEQUENCE_RIDGE_FULL,10.0,PMC6592156:TEMPERATURE:4 °C:Rep3,0.6666666666666666,100.0
T238_OUTER_03,PXD060795_DALIAN_PLA_MICRO_NANOPLASTIC_HUMAN_PLASMA_CORONA,SEQUENCE_RIDGE_FULL,10.0,PMC6592156:TEMPERATURE:41 °C:Rep1,0.6833333333333333,100.0
T238_OUTER_03,PXD060795_DALIAN_PLA_MICRO_NANOPLASTIC_HUMAN_PLASMA_CORONA,SEQUENCE_RIDGE_FULL,10.0,PMC6592156:TEMPERATURE:41 °C:Rep2,0.6666666666666666,100.0
T238_OUTER_03,PXD060795_DALIAN_PLA_MICRO_NANOPLASTIC_HUMAN_PLASMA_CORONA,SEQUENCE_RIDGE_FULL,10.0,PMC6592156:TEMPERATURE:41 °C:Rep3,0.7166666666666667,100.0
T238_OUTER_03,PXD060795_DALIAN_PLA_MICRO_NANOPLASTIC_HUMAN_PLASMA_CORONA,SEQUENCE_RIDGE_FULL,10.0,PMC6592156:TEMPERATURE:47 °C:Rep1,0.7142857142857143,100.0
T238_OUTER_03,PXD060795_DALIAN_PLA_MICRO_NANOPLASTIC_HUMAN_PLASMA_CORONA,SEQUENCE_RIDGE_FULL,10.0,PMC6592156:TEMPERATURE:47 °C:Rep2,0.8095238095238095,100.0
T238_OUTER_03,PXD060795_DALIAN_PLA_MICRO_NANOPLASTIC_HUMAN_PLASMA_CORONA,SEQUENCE_RIDGE_FULL,10.0,PMC6592156:TEMPERATURE:47 °C:Rep3,0.8095238095238095,100.0
T238_OUTER_03,PXD060795_DALIAN_PLA_MICRO_NANOPLASTIC_HUMAN_PLASMA_CORONA,SEQUENCE_RIDGE_FULL,10.0,PT_D1_16,0.7019673294022786,100.0
T238_OUTER_03,PXD060795_DALIAN_PLA_MICRO_NANOPLASTIC_HUMAN_PLASMA_CORONA,SEQUENCE_RIDGE_FULL,10.0,PT_D1_18,0.801751998941236,100.0
T238_OUTER_03,PXD060795_DALIAN_PLA_MICRO_NANOPLASTIC_HUMAN_PLASMA_CORONA,SEQUENCE_RIDGE_FULL,10.0,PT_D1_20,0.9153857298880941,100.0
T238_OUTER_03,PXD060795_DALIAN_PLA_MICRO_NANOPLASTIC_HUMAN_PLASMA_CORONA,SEQUENCE_RIDGE_FULL,10.0,PT_D1_23,0.713975634412968,100.0
T238_OUTER_03,PXD060795_DALIAN_PLA_MICRO_NANOPLASTIC_HUMAN_PLASMA_CORONA,SEQUENCE_RIDGE_FULL,10.0,PT_D1_33,0.8437269535706317,100.0
T238_OUTER_03,PXD060795_DALIAN_PLA_MICRO_NANOPLASTIC_HUMAN_PLASMA_CORONA,SEQUENCE_RIDGE_FULL,10.0,PT_D1_34,0.7119666788018509,100.0
T238_OUTER_03,PXD060795_DALIAN_PLA_MICRO_NANOPLASTIC_HUMAN_PLASMA_CORONA,SEQUENCE_RIDGE_FULL,10.0,PT_D1_48,0.3898234515660837,100.0
T238_OUTER_03,PXD060795_DALIAN_PLA_MICRO_NANOPLASTIC_HUMAN_PLASMA_CORONA,SEQUENCE_RIDGE_FULL,10.0,PT_D1_51,0.7248011453748541,100.0
T238_OUTER_03,PXD060795_DALIAN_PLA_MICRO_NANOPLASTIC_HUMAN_PLASMA_CORONA,SEQUENCE_RIDGE_FULL,10.0,PT_D1_73,0.752325239503013,100.0
T238_OUTER_03,PXD060795_DALIAN_PLA_MICRO_NANOPLASTIC_HUMAN_PLASMA_CORONA,SEQUENCE_RIDGE_FULL,10.0,PT_D1_81,0.791563911869046,100.0
T238_OUTER_03,PXD060795_DALIAN_PLA_MICRO_NANOPLASTIC_HUMAN_PLASMA_CORONA,SEQUENCE_RIDGE_FULL,10.0,PT_D3_06,0.6831300510639733,100.0
T238_OUTER_03,PXD060795_DALIAN_PLA_MICRO_NANOPLASTIC_HUMAN_PLASMA_CORONA,SEQUENCE_RIDGE_FULL,10.0,PT_D3_14,0.5855400437691199,100.0
T238_OUTER_03,PXD060795_DALIAN_PLA_MICRO_NANOPLASTIC_HUMAN_PLASMA_CORONA,SEQUENCE_RIDGE_FULL,10.0,PT_D3_22,0.7152697513290861,100.0
T238_OUTER_03,PXD060795_DALIAN_PLA_MICRO_NANOPLASTIC_HUMAN_PLASMA_CORONA,SEQUENCE_RIDGE_FULL,10.0,PT_D3_28,0.9157291161525718,100.0
T238_OUTER_03,PXD060795_DALIAN_PLA_MICRO_NANOPLASTIC_HUMAN_PLASMA_CORONA,SEQUENCE_RIDGE_FULL,10.0,PT_D3_30,0.6160831149758972,100.0
T238_OUTER_03,PXD060795_DALIAN_PLA_MICRO_NANOPLASTIC_HUMAN_PLASMA_CORONA,SEQUENCE_RIDGE_FULL,10.0,PT_D3_37,0.8501886852920228,100.0
T238_OUTER_03,PXD060795_DALIAN_PLA_MICRO_NANOPLASTIC_HUMAN_PLASMA_CORONA,SEQUENCE_RIDGE_FULL,10.0,PT_D3_41,0.531688167718925,100.0
T238_OUTER_03,PXD060795_DALIAN_PLA_MICRO_NANOPLASTIC_HUMAN_PLASMA_CORONA,SEQUENCE_RIDGE_FULL,10.0,PT_D3_42,0.8814825547070535,100.0
T238_OUTER_03,PXD060795_DALIAN_PLA_MICRO_NANOPLASTIC_HUMAN_PLASMA_CORONA,SEQUENCE_RIDGE_FULL,10.0,PT_D3_85,0.47809144373375745,100.0
T238_OUTER_03,PXD060795_DALIAN_PLA_MICRO_NANOPLASTIC_HUMAN_PLASMA_CORONA,SEQUENCE_RIDGE_FULL,10.0,PT_D3_96,0.847579379526013,100.0
T238_OUTER_03,PXD060795_DALIAN_PLA_MICRO_NANOPLASTIC_HUMAN_PLASMA_CORONA,SEQUENCE_RIDGE_FULL,10.0,R4_EDINBURGH_SGO_20210324_6pm_KostarelosK_OkweloguE_EO10,0.7142857142857143,100.0
T238_OUTER_03,PXD060795_DALIAN_PLA_MICRO_NANOPLASTIC_HUMAN_PLASMA_CORONA,SEQUENCE_RIDGE_FULL,10.0,R4_EDINBURGH_SGO_20210324_6pm_KostarelosK_OkweloguE_EO103,0.7857142857142857,100.0
T238_OUTER_03,PXD060795_DALIAN_PLA_MICRO_NANOPLASTIC_HUMAN_PLASMA_CORONA,SEQUENCE_RIDGE_FULL,10.0,R4_EDINBURGH_SGO_20210324_6pm_KostarelosK_OkweloguE_EO105,0.4523809523809524,100.0
T238_OUTER_03,PXD060795_DALIAN_PLA_MICRO_NANOPLASTIC_HUMAN_PLASMA_CORONA,SEQUENCE_RIDGE_FULL,10.0,R4_EDINBURGH_SGO_20210324_6pm_KostarelosK_OkweloguE_EO107,0.5952380952380952,100.0
T238_OUTER_03,PXD060795_DALIAN_PLA_MICRO_NANOPLASTIC_HUMAN_PLASMA_CORONA,SEQUENCE_RIDGE_FULL,10.0,R4_EDINBURGH_SGO_20210324_6pm_KostarelosK_OkweloguE_EO113,0.8333333333333334,100.0
T238_OUTER_03,PXD060795_DALIAN_PLA_MICRO_NANOPLASTIC_HUMAN_PLASMA_CORONA,SEQUENCE_RIDGE_FULL,10.0,R4_EDINBURGH_SGO_20210324_6pm_KostarelosK_OkweloguE_EO116,0.5,100.0
T238_OUTER_03,PXD060795_DALIAN_PLA_MICRO_NANOPLASTIC_HUMAN_PLASMA_CORONA,SEQUENCE_RIDGE_FULL,10.0,R4_EDINBURGH_SGO_20210324_6pm_KostarelosK_OkweloguE_EO12,0.7857142857142857,100.0
T238_OUTER_03,PXD060795_DALIAN_PLA_MICRO_NANOPLASTIC_HUMAN_PLASMA_CORONA,SEQUENCE_RIDGE_FULL,10.0,R4_EDINBURGH_SGO_20210324_6pm_KostarelosK_OkweloguE_EO16,0.8571428571428571,100.0
T238_OUTER_03,PXD060795_DALIAN_PLA_MICRO_NANOPLASTIC_HUMAN_PLASMA_CORONA,SEQUENCE_RIDGE_FULL,10.0,R4_EDINBURGH_SGO_20210324_6pm_KostarelosK_OkweloguE_EO21,0.047619047619047616,100.0
T238_OUTER_03,PXD060795_DALIAN_PLA_MICRO_NANOPLASTIC_HUMAN_PLASMA_CORONA,SEQUENCE_RIDGE_FULL,10.0,R4_EDINBURGH_SGO_20210324_6pm_KostarelosK_OkweloguE_EO24,0.6190476190476191,100.0
T238_OUTER_03,PXD060795_DALIAN_PLA_MICRO_NANOPLASTIC_HUMAN_PLASMA_CORONA,SEQUENCE_RIDGE_FULL,10.0,R4_EDINBURGH_SGO_20210324_6pm_KostarelosK_OkweloguE_EO31,0.6190476190476191,100.0
T238_OUTER_03,PXD060795_DALIAN_PLA_MICRO_NANOPLASTIC_HUMAN_PLASMA_CORONA,SEQUENCE_RIDGE_FULL,10.0,R4_EDINBURGH_SGO_20210324_6pm_KostarelosK_OkweloguE_EO34,-0.16666666666666666,100.0
T238_OUTER_03,PXD060795_DALIAN_PLA_MICRO_NANOPLASTIC_HUMAN_PLASMA_CORONA,SEQUENCE_RIDGE_FULL,10.0,R4_EDINBURGH_SGO_20210324_6pm_KostarelosK_OkweloguE_EO4,0.8571428571428571,100.0
T238_OUTER_03,PXD060795_DALIAN_PLA_MICRO_NANOPLASTIC_HUMAN_PLASMA_CORONA,SEQUENCE_RIDGE_FULL,10.0,R4_EDINBURGH_SGO_20210324_6pm_KostarelosK_OkweloguE_EO43,0.5357142857142857,100.0
T238_OUTER_03,PXD060795_DALIAN_PLA_MICRO_NANOPLASTIC_HUMAN_PLASMA_CORONA,SEQUENCE_RIDGE_FULL,10.0,R4_EDINBURGH_SGO_20210324_6pm_KostarelosK_OkweloguE_EO52,0.7142857142857143,100.0
T238_OUTER_03,PXD060795_DALIAN_PLA_MICRO_NANOPLASTIC_HUMAN_PLASMA_CORONA,SEQUENCE_RIDGE_FULL,10.0,R4_EDINBURGH_SGO_20210324_6pm_KostarelosK_OkweloguE_EO64,0.9285714285714286,100.0
T238_OUTER_03,PXD060795_DALIAN_PLA_MICRO_NANOPLASTIC_HUMAN_PLASMA_CORONA,SEQUENCE_RIDGE_FULL,10.0,R4_EDINBURGH_SGO_20210324_6pm_KostarelosK_OkweloguE_EO66,0.7380952380952381,100.0
T238_OUTER_03,PXD060795_DALIAN_PLA_MICRO_NANOPLASTIC_HUMAN_PLASMA_CORONA,SEQUENCE_RIDGE_FULL,10.0,R4_EDINBURGH_SGO_20210324_6pm_KostarelosK_OkweloguE_EO73,0.8333333333333334,100.0
T238_OUTER_03,PXD060795_DALIAN_PLA_MICRO_NANOPLASTIC_HUMAN_PLASMA_CORONA,SEQUENCE_RIDGE_FULL,10.0,R4_EDINBURGH_SGO_20210324_6pm_KostarelosK_OkweloguE_EO83,0.9047619047619048,100.0
T238_OUTER_03,PXD060795_DALIAN_PLA_MICRO_NANOPLASTIC_HUMAN_PLASMA_CORONA,SEQUENCE_RIDGE_FULL,10.0,R4_EDINBURGH_SGO_20210324_6pm_KostarelosK_OkweloguE_EO88,0.21428571428571427,100.0
T238_OUTER_03,PXD060795_DALIAN_PLA_MICRO_NANOPLASTIC_HUMAN_PLASMA_CORONA,SEQUENCE_RIDGE_FULL,10.0,R4_EDINBURGH_SGO_20210324_6pm_KostarelosK_OkweloguE_EO94,0.6190476190476191,100.0
T238_OUTER_03,PXD060795_DALIAN_PLA_MICRO_NANOPLASTIC_HUMAN_PLASMA_CORONA,SEQUENCE_RIDGE_FULL,10.0,R4_EDINBURGH_SGO_20210324_6pm_KostarelosK_OkweloguE_EO96,0.6428571428571429,100.0
T238_OUTER_03,PXD060795_DALIAN_PLA_MICRO_NANOPLASTIC_HUMAN_PLASMA_CORONA,SEQUENCE_RIDGE_FULL,10.0,R4_EDINBURGH_SGO_20210324_6pm_KostarelosK_OkweloguE_EO97,0.6190476190476191,100.0
T238_OUTER_03,PXD060795_DALIAN_PLA_MICRO_NANOPLASTIC_HUMAN_PLASMA_CORONA,SEQUENCE_RIDGE_FULL,10.0,R4_EDINBURGH_USGO_20210324_6pm_KostarelosK_OkweloguE_EO106,0.6666666666666666,100.0
T238_OUTER_03,PXD060795_DALIAN_PLA_MICRO_NANOPLASTIC_HUMAN_PLASMA_CORONA,SEQUENCE_RIDGE_FULL,10.0,R4_EDINBURGH_USGO_20210324_6pm_KostarelosK_OkweloguE_EO11,0.6363636363636364,100.0
T238_OUTER_03,PXD060795_DALIAN_PLA_MICRO_NANOPLASTIC_HUMAN_PLASMA_CORONA,SEQUENCE_RIDGE_FULL,10.0,R4_EDINBURGH_USGO_20210324_6pm_KostarelosK_OkweloguE_EO111,0.85,100.0
T238_OUTER_03,PXD060795_DALIAN_PLA_MICRO_NANOPLASTIC_HUMAN_PLASMA_CORONA,SEQUENCE_RIDGE_FULL,10.0,R4_EDINBURGH_USGO_20210324_6pm_KostarelosK_OkweloguE_EO112,0.6333333333333333,100.0
T238_OUTER_03,PXD060795_DALIAN_PLA_MICRO_NANOPLASTIC_HUMAN_PLASMA_CORONA,SEQUENCE_RIDGE_FULL,10.0,R4_EDINBURGH_USGO_20210324_6pm_KostarelosK_OkweloguE_EO115,0.9166666666666666,100.0
T238_OUTER_03,PXD060795_DALIAN_PLA_MICRO_NANOPLASTIC_HUMAN_PLASMA_CORONA,SEQUENCE_RIDGE_FULL,10.0,R4_EDINBURGH_USGO_20210324_6pm_KostarelosK_OkweloguE_EO120,0.85,100.0
T238_OUTER_03,PXD060795_DALIAN_PLA_MICRO_NANOPLASTIC_HUMAN_PLASMA_CORONA,SEQUENCE_RIDGE_FULL,10.0,R4_EDINBURGH_USGO_20210324_6pm_KostarelosK_OkweloguE_EO121,0.6166666666666667,100.0
T238_OUTER_03,PXD060795_DALIAN_PLA_MICRO_NANOPLASTIC_HUMAN_PLASMA_CORONA,SEQUENCE_RIDGE_FULL,10.0,R4_EDINBURGH_USGO_20210324_6pm_KostarelosK_OkweloguE_EO125,0.9,100.0
T238_OUTER_03,PXD060795_DALIAN_PLA_MICRO_NANOPLASTIC_HUMAN_PLASMA_CORONA,SEQUENCE_RIDGE_FULL,10.0,R4_EDINBURGH_USGO_20210324_6pm_KostarelosK_OkweloguE_EO126,0.7666666666666667,100.0
T238_OUTER_03,PXD060795_DALIAN_PLA_MICRO_NANOPLASTIC_HUMAN_PLASMA_CORONA,SEQUENCE_RIDGE_FULL,10.0,R4_EDINBURGH_USGO_20210324_6pm_KostarelosK_OkweloguE_EO13,0.95,100.0
T238_OUTER_03,PXD060795_DALIAN_PLA_MICRO_NANOPLASTIC_HUMAN_PLASMA_CORONA,SEQUENCE_RIDGE_FULL,10.0,R4_EDINBURGH_USGO_20210324_6pm_KostarelosK_OkweloguE_EO26,0.55,100.0
T238_OUTER_03,PXD060795_DALIAN_PLA_MICRO_NANOPLASTIC_HUMAN_PLASMA_CORONA,SEQUENCE_RIDGE_FULL,10.0,R4_EDINBURGH_USGO_20210324_6pm_KostarelosK_OkweloguE_EO36,0.7666666666666667,100.0
T238_OUTER_03,PXD060795_DALIAN_PLA_MICRO_NANOPLASTIC_HUMAN_PLASMA_CORONA,SEQUENCE_RIDGE_FULL,10.0,R4_EDINBURGH_USGO_20210324_6pm_KostarelosK_OkweloguE_EO40,0.55,100.0
T238_OUTER_03,PXD060795_DALIAN_PLA_MICRO_NANOPLASTIC_HUMAN_PLASMA_CORONA,SEQUENCE_RIDGE_FULL,10.0,R4_EDINBURGH_USGO_20210324_6pm_KostarelosK_OkweloguE_EO42,0.4666666666666667,100.0
T238_OUTER_03,PXD060795_DALIAN_PLA_MICRO_NANOPLASTIC_HUMAN_PLASMA_CORONA,SEQUENCE_RIDGE_FULL,10.0,R4_EDINBURGH_USGO_20210324_6pm_KostarelosK_OkweloguE_EO44,0.8809523809523809,100.0
T238_OUTER_03,PXD060795_DALIAN_PLA_MICRO_NANOPLASTIC_HUMAN_PLASMA_CORONA,SEQUENCE_RIDGE_FULL,10.0,R4_EDINBURGH_USGO_20210324_6pm_KostarelosK_OkweloguE_EO5,0.8303030303030303,100.0
T238_OUTER_03,PXD060795_DALIAN_PLA_MICRO_NANOPLASTIC_HUMAN_PLASMA_CORONA,SEQUENCE_RIDGE_FULL,10.0,R4_EDINBURGH_USGO_20210324_6pm_KostarelosK_OkweloguE_EO50,0.75,100.0
T238_OUTER_03,PXD060795_DALIAN_PLA_MICRO_NANOPLASTIC_HUMAN_PLASMA_CORONA,SEQUENCE_RIDGE_FULL,10.0,R4_EDINBURGH_USGO_20210324_6pm_KostarelosK_OkweloguE_EO53,0.6190476190476191,100.0
T238_OUTER_03,PXD060795_DALIAN_PLA_MICRO_NANOPLASTIC_HUMAN_PLASMA_CORONA,SEQUENCE_RIDGE_FULL,10.0,R4_EDINBURGH_USGO_20210324_6pm_KostarelosK_OkweloguE_EO60,0.7619047619047619,100.0
T238_OUTER_03,PXD060795_DALIAN_PLA_MICRO_NANOPLASTIC_HUMAN_PLASMA_CORONA,SEQUENCE_RIDGE_FULL,10.0,R4_EDINBURGH_USGO_20210324_6pm_KostarelosK_OkweloguE_EO62,0.11666666666666667,100.0
T238_OUTER_03,PXD060795_DALIAN_PLA_MICRO_NANOPLASTIC_HUMAN_PLASMA_CORONA,SEQUENCE_RIDGE_FULL,10.0,R4_EDINBURGH_USGO_20210324_6pm_KostarelosK_OkweloguE_EO69,0.6666666666666666,100.0
T238_OUTER_03,PXD060795_DALIAN_PLA_MICRO_NANOPLASTIC_HUMAN_PLASMA_CORONA,SEQUENCE_RIDGE_FULL,10.0,R4_EDINBURGH_USGO_20210324_6pm_KostarelosK_OkweloguE_EO76,0.21212121212121213,100.0
T238_OUTER_03,PXD060795_DALIAN_PLA_MICRO_NANOPLASTIC_HUMAN_PLASMA_CORONA,SEQUENCE_RIDGE_FULL,10.0,R4_EDINBURGH_USGO_20210324_6pm_KostarelosK_OkweloguE_EO77,0.7857142857142857,100.0
T238_OUTER_03,PXD060795_DALIAN_PLA_MICRO_NANOPLASTIC_HUMAN_PLASMA_CORONA,SEQUENCE_RIDGE_FULL,10.0,R4_EDINBURGH_USGO_20210324_6pm_KostarelosK_OkweloguE_EO79,0.6666666666666666,100.0
T238_OUTER_03,PXD060795_DALIAN_PLA_MICRO_NANOPLASTIC_HUMAN_PLASMA_CORONA,SEQUENCE_RIDGE_FULL,10.0,R4_EDINBURGH_USGO_20210324_6pm_KostarelosK_OkweloguE_EO86,0.8666666666666667,100.0
T238_OUTER_03,PXD060795_DALIAN_PLA_MICRO_NANOPLASTIC_HUMAN_PLASMA_CORONA,SEQUENCE_RIDGE_FULL,10.0,R4_EDINBURGH_USGO_20210324_6pm_KostarelosK_OkweloguE_EO87,0.806060606060606,100.0
T238_OUTER_03,PXD060795_DALIAN_PLA_MICRO_NANOPLASTIC_HUMAN_PLASMA_CORONA,SEQUENCE_RIDGE_FULL,10.0,T_D1_133,0.7119666788018509,100.0
T238_OUTER_03,PXD060795_DALIAN_PLA_MICRO_NANOPLASTIC_HUMAN_PLASMA_CORONA,SEQUENCE_RIDGE_FULL,10.0,T_D1_138,0.9141792475183748,100.0
T238_OUTER_03,PXD060795_DALIAN_PLA_MICRO_NANOPLASTIC_HUMAN_PLASMA_CORONA,SEQUENCE_RIDGE_FULL,10.0,T_D1_165,0.847579379526013,100.0
T238_OUTER_03,PXD060795_DALIAN_PLA_MICRO_NANOPLASTIC_HUMAN_PLASMA_CORONA,SEQUENCE_RIDGE_FULL,10.0,T_D1_173,0.9492889050691345,100.0
T238_OUTER_03,PXD060795_DALIAN_PLA_MICRO_NANOPLASTIC_HUMAN_PLASMA_CORONA,SEQUENCE_RIDGE_FULL,10.0,T_D1_186,0.7500139429824981,100.0
T238_OUTER_03,PXD060795_DALIAN_PLA_MICRO_NANOPLASTIC_HUMAN_PLASMA_CORONA,SEQUENCE_RIDGE_FULL,10.0,T_D3_119a,0.5933055656682091,100.0
T238_OUTER_03,PXD060795_DALIAN_PLA_MICRO_NANOPLASTIC_HUMAN_PLASMA_CORONA,SEQUENCE_RIDGE_FULL,10.0,T_D3_119b,0.7448767935921586,100.0
T238_OUTER_03,PXD060795_DALIAN_PLA_MICRO_NANOPLASTIC_HUMAN_PLASMA_CORONA,SEQUENCE_RIDGE_FULL,10.0,T_D3_155,0.5855400437691199,100.0
T238_OUTER_03,PXD060795_DALIAN_PLA_MICRO_NANOPLASTIC_HUMAN_PLASMA_CORONA,SEQUENCE_RIDGE_FULL,10.0,T_D3_178,0.9174698042719671,100.0
T238_OUTER_03,PXD060795_DALIAN_PLA_MICRO_NANOPLASTIC_HUMAN_PLASMA_CORONA,SEQUENCE_RIDGE_FULL,10.0,T_D3_198,0.38462211801906004,100.0
T238_OUTER_03,PXD060795_DALIAN_PLA_MICRO_NANOPLASTIC_HUMAN_PLASMA_CORONA,SEQUENCE_RIDGE_FULL,10.0,__MEAN__,0.7056440236247943,100.0
T238_OUTER_03,PXD060795_DALIAN_PLA_MICRO_NANOPLASTIC_HUMAN_PLASMA_CORONA,SEQUENCE_RIDGE_FULL,100.0,PMC6592156:PH:pH 4.9:Rep1,0.9428571428571428,100.0
T238_OUTER_03,PXD060795_DALIAN_PLA_MICRO_NANOPLASTIC_HUMAN_PLASMA_CORONA,SEQUENCE_RIDGE_FULL,100.0,PMC6592156:PH:pH 4.9:Rep2,0.9285714285714286,100.0
T238_OUTER_03,PXD060795_DALIAN_PLA_MICRO_NANOPLASTIC_HUMAN_PLASMA_CORONA,SEQUENCE_RIDGE_FULL,100.0,PMC6592156:PH:pH 4.9:Rep3,0.7857142857142857,100.0
T238_OUTER_03,PXD060795_DALIAN_PLA_MICRO_NANOPLASTIC_HUMAN_PLASMA_CORONA,SEQUENCE_RIDGE_FULL,100.0,PMC6592156:PH:pH 6.1:Rep1,0.8095238095238095,100.0
T238_OUTER_03,PXD060795_DALIAN_PLA_MICRO_NANOPLASTIC_HUMAN_PLASMA_CORONA,SEQUENCE_RIDGE_FULL,100.0,PMC6592156:PH:pH 6.1:Rep2,0.6833333333333333,100.0
T238_OUTER_03,PXD060795_DALIAN_PLA_MICRO_NANOPLASTIC_HUMAN_PLASMA_CORONA,SEQUENCE_RIDGE_FULL,100.0,PMC6592156:PH:pH 6.1:Rep3,0.7714285714285715,100.0
T238_OUTER_03,PXD060795_DALIAN_PLA_MICRO_NANOPLASTIC_HUMAN_PLASMA_CORONA,SEQUENCE_RIDGE_FULL,100.0,PMC6592156:PH:pH 6.8:Rep1,0.9,100.0
T238_OUTER_03,PXD060795_DALIAN_PLA_MICRO_NANOPLASTIC_HUMAN_PLASMA_CORONA,SEQUENCE_RIDGE_FULL,100.0,PMC6592156:PH:pH 6.8:Rep2,0.7333333333333333,100.0
T238_OUTER_03,PXD060795_DALIAN_PLA_MICRO_NANOPLASTIC_HUMAN_PLASMA_CORONA,SEQUENCE_RIDGE_FULL,100.0,PMC6592156:PH:pH 6.8:Rep3,0.6333333333333333,100.0
T238_OUTER_03,PXD060795_DALIAN_PLA_MICRO_NANOPLASTIC_HUMAN_PLASMA_CORONA,SEQUENCE_RIDGE_FULL,100.0,PMC6592156:PH:pH 7.7:Rep1,0.7857142857142857,100.0
T238_OUTER_03,PXD060795_DALIAN_PLA_MICRO_NANOPLASTIC_HUMAN_PLASMA_CORONA,SEQUENCE_RIDGE_FULL,100.0,PMC6592156:PH:pH 7.7:Rep2,0.7454545454545455,100.0
T238_OUTER_03,PXD060795_DALIAN_PLA_MICRO_NANOPLASTIC_HUMAN_PLASMA_CORONA,SEQUENCE_RIDGE_FULL,100.0,PMC6592156:PH:pH 7.7:Rep3,0.7333333333333333,100.0
T238_OUTER_03,PXD060795_DALIAN_PLA_MICRO_NANOPLASTIC_HUMAN_PLASMA_CORONA,SEQUENCE_RIDGE_FULL,100.0,PMC6592156:PH:pH 8.9:Rep1,0.8571428571428571,100.0
T238_OUTER_03,PXD060795_DALIAN_PLA_MICRO_NANOPLASTIC_HUMAN_PLASMA_CORONA,SEQUENCE_RIDGE_FULL,100.0,PMC6592156:PH:pH 8.9:Rep2,0.9523809523809523,100.0
T238_OUTER_03,PXD060795_DALIAN_PLA_MICRO_NANOPLASTIC_HUMAN_PLASMA_CORONA,SEQUENCE_RIDGE_FULL,100.0,PMC6592156:PH:pH 8.9:Rep3,0.9030303030303031,100.0
T238_OUTER_03,PXD060795_DALIAN_PLA_MICRO_NANOPLASTIC_HUMAN_PLASMA_CORONA,SEQUENCE_RIDGE_FULL,100.0,PMC6592156:TEMPERATURE:17 °C:Rep1,0.5714285714285714,100.0
T238_OUTER_03,PXD060795_DALIAN_PLA_MICRO_NANOPLASTIC_HUMAN_PLASMA_CORONA,SEQUENCE_RIDGE_FULL,100.0,PMC6592156:TEMPERATURE:17 °C:Rep2,0.6904761904761905,100.0
T238_OUTER_03,PXD060795_DALIAN_PLA_MICRO_NANOPLASTIC_HUMAN_PLASMA_CORONA,SEQUENCE_RIDGE_FULL,100.0,PMC6592156:TEMPERATURE:17 °C:Rep3,0.6785714285714286,100.0
T238_OUTER_03,PXD060795_DALIAN_PLA_MICRO_NANOPLASTIC_HUMAN_PLASMA_CORONA,SEQUENCE_RIDGE_FULL,100.0,PMC6592156:TEMPERATURE:30 °C:Rep1,0.9047619047619048,100.0
T238_OUTER_03,PXD060795_DALIAN_PLA_MICRO_NANOPLASTIC_HUMAN_PLASMA_CORONA,SEQUENCE_RIDGE_FULL,100.0,PMC6592156:TEMPERATURE:30 °C:Rep2,0.6785714285714286,100.0
T238_OUTER_03,PXD060795_DALIAN_PLA_MICRO_NANOPLASTIC_HUMAN_PLASMA_CORONA,SEQUENCE_RIDGE_FULL,100.0,PMC6592156:TEMPERATURE:30 °C:Rep3,0.85,100.0
T238_OUTER_03,PXD060795_DALIAN_PLA_MICRO_NANOPLASTIC_HUMAN_PLASMA_CORONA,SEQUENCE_RIDGE_FULL,100.0,PMC6592156:TEMPERATURE:4 °C:Rep1,0.8833333333333333,100.0
T238_OUTER_03,PXD060795_DALIAN_PLA_MICRO_NANOPLASTIC_HUMAN_PLASMA_CORONA,SEQUENCE_RIDGE_FULL,100.0,PMC6592156:TEMPERATURE:4 °C:Rep2,0.8833333333333333,100.0
T238_OUTER_03,PXD060795_DALIAN_PLA_MICRO_NANOPLASTIC_HUMAN_PLASMA_CORONA,SEQUENCE_RIDGE_FULL,100.0,PMC6592156:TEMPERATURE:4 °C:Rep3,0.7142857142857143,100.0
T238_OUTER_03,PXD060795_DALIAN_PLA_MICRO_NANOPLASTIC_HUMAN_PLASMA_CORONA,SEQUENCE_RIDGE_FULL,100.0,PMC6592156:TEMPERATURE:41 °C:Rep1,0.75,100.0
T238_OUTER_03,PXD060795_DALIAN_PLA_MICRO_NANOPLASTIC_HUMAN_PLASMA_CORONA,SEQUENCE_RIDGE_FULL,100.0,PMC6592156:TEMPERATURE:41 °C:Rep2,0.7333333333333333,100.0
T238_OUTER_03,PXD060795_DALIAN_PLA_MICRO_NANOPLASTIC_HUMAN_PLASMA_CORONA,SEQUENCE_RIDGE_FULL,100.0,PMC6592156:TEMPERATURE:41 °C:Rep3,0.7833333333333333,100.0
T238_OUTER_03,PXD060795_DALIAN_PLA_MICRO_NANOPLASTIC_HUMAN_PLASMA_CORONA,SEQUENCE_RIDGE_FULL,100.0,PMC6592156:TEMPERATURE:47 °C:Rep1,0.7142857142857143,100.0
T238_OUTER_03,PXD060795_DALIAN_PLA_MICRO_NANOPLASTIC_HUMAN_PLASMA_CORONA,SEQUENCE_RIDGE_FULL,100.0,PMC6592156:TEMPERATURE:47 °C:Rep2,0.8095238095238095,100.0
T238_OUTER_03,PXD060795_DALIAN_PLA_MICRO_NANOPLASTIC_HUMAN_PLASMA_CORONA,SEQUENCE_RIDGE_FULL,100.0,PMC6592156:TEMPERATURE:47 °C:Rep3,0.8095238095238095,100.0
T238_OUTER_03,PXD060795_DALIAN_PLA_MICRO_NANOPLASTIC_HUMAN_PLASMA_CORONA,SEQUENCE_RIDGE_FULL,100.0,PT_D1_16,0.7019673294022786,100.0
T238_OUTER_03,PXD060795_DALIAN_PLA_MICRO_NANOPLASTIC_HUMAN_PLASMA_CORONA,SEQUENCE_RIDGE_FULL,100.0,PT_D1_18,0.7227145938617754,100.0
T238_OUTER_03,PXD060795_DALIAN_PLA_MICRO_NANOPLASTIC_HUMAN_PLASMA_CORONA,SEQUENCE_RIDGE_FULL,100.0,PT_D1_20,0.8306277919354927,100.0
T238_OUTER_03,PXD060795_DALIAN_PLA_MICRO_NANOPLASTIC_HUMAN_PLASMA_CORONA,SEQUENCE_RIDGE_FULL,100.0,PT_D1_23,0.7110390983107745,100.0
T238_OUTER_03,PXD060795_DALIAN_PLA_MICRO_NANOPLASTIC_HUMAN_PLASMA_CORONA,SEQUENCE_RIDGE_FULL,100.0,PT_D1_33,0.8160637747650371,100.0
T238_OUTER_03,PXD060795_DALIAN_PLA_MICRO_NANOPLASTIC_HUMAN_PLASMA_CORONA,SEQUENCE_RIDGE_FULL,100.0,PT_D1_34,0.7119666788018509,100.0
T238_OUTER_03,PXD060795_DALIAN_PLA_MICRO_NANOPLASTIC_HUMAN_PLASMA_CORONA,SEQUENCE_RIDGE_FULL,100.0,PT_D1_48,0.3898234515660837,100.0
T238_OUTER_03,PXD060795_DALIAN_PLA_MICRO_NANOPLASTIC_HUMAN_PLASMA_CORONA,SEQUENCE_RIDGE_FULL,100.0,PT_D1_51,0.8165481258020507,100.0
T238_OUTER_03,PXD060795_DALIAN_PLA_MICRO_NANOPLASTIC_HUMAN_PLASMA_CORONA,SEQUENCE_RIDGE_FULL,100.0,PT_D1_73,0.752325239503013,100.0
T238_OUTER_03,PXD060795_DALIAN_PLA_MICRO_NANOPLASTIC_HUMAN_PLASMA_CORONA,SEQUENCE_RIDGE_FULL,100.0,PT_D1_81,0.791563911869046,100.0
T238_OUTER_03,PXD060795_DALIAN_PLA_MICRO_NANOPLASTIC_HUMAN_PLASMA_CORONA,SEQUENCE_RIDGE_FULL,100.0,PT_D3_06,0.6831300510639733,100.0
T238_OUTER_03,PXD060795_DALIAN_PLA_MICRO_NANOPLASTIC_HUMAN_PLASMA_CORONA,SEQUENCE_RIDGE_FULL,100.0,PT_D3_14,0.5855400437691199,100.0
T238_OUTER_03,PXD060795_DALIAN_PLA_MICRO_NANOPLASTIC_HUMAN_PLASMA_CORONA,SEQUENCE_RIDGE_FULL,100.0,PT_D3_22,0.7152697513290861,100.0
T238_OUTER_03,PXD060795_DALIAN_PLA_MICRO_NANOPLASTIC_HUMAN_PLASMA_CORONA,SEQUENCE_RIDGE_FULL,100.0,PT_D3_28,0.8434347122457898,100.0
T238_OUTER_03,PXD060795_DALIAN_PLA_MICRO_NANOPLASTIC_HUMAN_PLASMA_CORONA,SEQUENCE_RIDGE_FULL,100.0,PT_D3_30,0.6160831149758972,100.0
T238_OUTER_03,PXD060795_DALIAN_PLA_MICRO_NANOPLASTIC_HUMAN_PLASMA_CORONA,SEQUENCE_RIDGE_FULL,100.0,PT_D3_37,0.8528249356043899,100.0
T238_OUTER_03,PXD060795_DALIAN_PLA_MICRO_NANOPLASTIC_HUMAN_PLASMA_CORONA,SEQUENCE_RIDGE_FULL,100.0,PT_D3_41,0.5485671571703195,100.0
T238_OUTER_03,PXD060795_DALIAN_PLA_MICRO_NANOPLASTIC_HUMAN_PLASMA_CORONA,SEQUENCE_RIDGE_FULL,100.0,PT_D3_42,0.8814825547070535,100.0
T238_OUTER_03,PXD060795_DALIAN_PLA_MICRO_NANOPLASTIC_HUMAN_PLASMA_CORONA,SEQUENCE_RIDGE_FULL,100.0,PT_D3_85,0.47809144373375745,100.0
T238_OUTER_03,PXD060795_DALIAN_PLA_MICRO_NANOPLASTIC_HUMAN_PLASMA_CORONA,SEQUENCE_RIDGE_FULL,100.0,PT_D3_96,0.847579379526013,100.0
T238_OUTER_03,PXD060795_DALIAN_PLA_MICRO_NANOPLASTIC_HUMAN_PLASMA_CORONA,SEQUENCE_RIDGE_FULL,100.0,R4_EDINBURGH_SGO_20210324_6pm_KostarelosK_OkweloguE_EO10,0.7142857142857143,100.0
T238_OUTER_03,PXD060795_DALIAN_PLA_MICRO_NANOPLASTIC_HUMAN_PLASMA_CORONA,SEQUENCE_RIDGE_FULL,100.0,R4_EDINBURGH_SGO_20210324_6pm_KostarelosK_OkweloguE_EO103,0.7857142857142857,100.0
T238_OUTER_03,PXD060795_DALIAN_PLA_MICRO_NANOPLASTIC_HUMAN_PLASMA_CORONA,SEQUENCE_RIDGE_FULL,100.0,R4_EDINBURGH_SGO_20210324_6pm_KostarelosK_OkweloguE_EO105,0.4523809523809524,100.0
T238_OUTER_03,PXD060795_DALIAN_PLA_MICRO_NANOPLASTIC_HUMAN_PLASMA_CORONA,SEQUENCE_RIDGE_FULL,100.0,R4_EDINBURGH_SGO_20210324_6pm_KostarelosK_OkweloguE_EO107,0.5952380952380952,100.0
T238_OUTER_03,PXD060795_DALIAN_PLA_MICRO_NANOPLASTIC_HUMAN_PLASMA_CORONA,SEQUENCE_RIDGE_FULL,100.0,R4_EDINBURGH_SGO_20210324_6pm_KostarelosK_OkweloguE_EO113,0.8333333333333334,100.0
T238_OUTER_03,PXD060795_DALIAN_PLA_MICRO_NANOPLASTIC_HUMAN_PLASMA_CORONA,SEQUENCE_RIDGE_FULL,100.0,R4_EDINBURGH_SGO_20210324_6pm_KostarelosK_OkweloguE_EO116,0.5,100.0
T238_OUTER_03,PXD060795_DALIAN_PLA_MICRO_NANOPLASTIC_HUMAN_PLASMA_CORONA,SEQUENCE_RIDGE_FULL,100.0,R4_EDINBURGH_SGO_20210324_6pm_KostarelosK_OkweloguE_EO12,0.7857142857142857,100.0
T238_OUTER_03,PXD060795_DALIAN_PLA_MICRO_NANOPLASTIC_HUMAN_PLASMA_CORONA,SEQUENCE_RIDGE_FULL,100.0,R4_EDINBURGH_SGO_20210324_6pm_KostarelosK_OkweloguE_EO16,0.8571428571428571,100.0
T238_OUTER_03,PXD060795_DALIAN_PLA_MICRO_NANOPLASTIC_HUMAN_PLASMA_CORONA,SEQUENCE_RIDGE_FULL,100.0,R4_EDINBURGH_SGO_20210324_6pm_KostarelosK_OkweloguE_EO21,0.047619047619047616,100.0
T238_OUTER_03,PXD060795_DALIAN_PLA_MICRO_NANOPLASTIC_HUMAN_PLASMA_CORONA,SEQUENCE_RIDGE_FULL,100.0,R4_EDINBURGH_SGO_20210324_6pm_KostarelosK_OkweloguE_EO24,0.6190476190476191,100.0
T238_OUTER_03,PXD060795_DALIAN_PLA_MICRO_NANOPLASTIC_HUMAN_PLASMA_CORONA,SEQUENCE_RIDGE_FULL,100.0,R4_EDINBURGH_SGO_20210324_6pm_KostarelosK_OkweloguE_EO31,0.6190476190476191,100.0
T238_OUTER_03,PXD060795_DALIAN_PLA_MICRO_NANOPLASTIC_HUMAN_PLASMA_CORONA,SEQUENCE_RIDGE_FULL,100.0,R4_EDINBURGH_SGO_20210324_6pm_KostarelosK_OkweloguE_EO34,-0.16666666666666666,100.0
T238_OUTER_03,PXD060795_DALIAN_PLA_MICRO_NANOPLASTIC_HUMAN_PLASMA_CORONA,SEQUENCE_RIDGE_FULL,100.0,R4_EDINBURGH_SGO_20210324_6pm_KostarelosK_OkweloguE_EO4,0.8571428571428571,100.0
T238_OUTER_03,PXD060795_DALIAN_PLA_MICRO_NANOPLASTIC_HUMAN_PLASMA_CORONA,SEQUENCE_RIDGE_FULL,100.0,R4_EDINBURGH_SGO_20210324_6pm_KostarelosK_OkweloguE_EO43,0.5357142857142857,100.0
T238_OUTER_03,PXD060795_DALIAN_PLA_MICRO_NANOPLASTIC_HUMAN_PLASMA_CORONA,SEQUENCE_RIDGE_FULL,100.0,R4_EDINBURGH_SGO_20210324_6pm_KostarelosK_OkweloguE_EO52,0.7142857142857143,100.0
T238_OUTER_03,PXD060795_DALIAN_PLA_MICRO_NANOPLASTIC_HUMAN_PLASMA_CORONA,SEQUENCE_RIDGE_FULL,100.0,R4_EDINBURGH_SGO_20210324_6pm_KostarelosK_OkweloguE_EO64,0.9285714285714286,100.0
T238_OUTER_03,PXD060795_DALIAN_PLA_MICRO_NANOPLASTIC_HUMAN_PLASMA_CORONA,SEQUENCE_RIDGE_FULL,100.0,R4_EDINBURGH_SGO_20210324_6pm_KostarelosK_OkweloguE_EO66,0.7380952380952381,100.0
T238_OUTER_03,PXD060795_DALIAN_PLA_MICRO_NANOPLASTIC_HUMAN_PLASMA_CORONA,SEQUENCE_RIDGE_FULL,100.0,R4_EDINBURGH_SGO_20210324_6pm_KostarelosK_OkweloguE_EO73,0.8333333333333334,100.0
T238_OUTER_03,PXD060795_DALIAN_PLA_MICRO_NANOPLASTIC_HUMAN_PLASMA_CORONA,SEQUENCE_RIDGE_FULL,100.0,R4_EDINBURGH_SGO_20210324_6pm_KostarelosK_OkweloguE_EO83,0.9047619047619048,100.0
T238_OUTER_03,PXD060795_DALIAN_PLA_MICRO_NANOPLASTIC_HUMAN_PLASMA_CORONA,SEQUENCE_RIDGE_FULL,100.0,R4_EDINBURGH_SGO_20210324_6pm_KostarelosK_OkweloguE_EO88,0.21428571428571427,100.0
T238_OUTER_03,PXD060795_DALIAN_PLA_MICRO_NANOPLASTIC_HUMAN_PLASMA_CORONA,SEQUENCE_RIDGE_FULL,100.0,R4_EDINBURGH_SGO_20210324_6pm_KostarelosK_OkweloguE_EO94,0.6190476190476191,100.0
T238_OUTER_03,PXD060795_DALIAN_PLA_MICRO_NANOPLASTIC_HUMAN_PLASMA_CORONA,SEQUENCE_RIDGE_FULL,100.0,R4_EDINBURGH_SGO_20210324_6pm_KostarelosK_OkweloguE_EO96,0.6428571428571429,100.0
T238_OUTER_03,PXD060795_DALIAN_PLA_MICRO_NANOPLASTIC_HUMAN_PLASMA_CORONA,SEQUENCE_RIDGE_FULL,100.0,R4_EDINBURGH_SGO_20210324_6pm_KostarelosK_OkweloguE_EO97,0.6190476190476191,100.0
T238_OUTER_03,PXD060795_DALIAN_PLA_MICRO_NANOPLASTIC_HUMAN_PLASMA_CORONA,SEQUENCE_RIDGE_FULL,100.0,R4_EDINBURGH_USGO_20210324_6pm_KostarelosK_OkweloguE_EO106,0.6666666666666666,100.0
T238_OUTER_03,PXD060795_DALIAN_PLA_MICRO_NANOPLASTIC_HUMAN_PLASMA_CORONA,SEQUENCE_RIDGE_FULL,100.0,R4_EDINBURGH_USGO_20210324_6pm_KostarelosK_OkweloguE_EO11,0.6363636363636364,100.0
T238_OUTER_03,PXD060795_DALIAN_PLA_MICRO_NANOPLASTIC_HUMAN_PLASMA_CORONA,SEQUENCE_RIDGE_FULL,100.0,R4_EDINBURGH_USGO_20210324_6pm_KostarelosK_OkweloguE_EO111,0.85,100.0
T238_OUTER_03,PXD060795_DALIAN_PLA_MICRO_NANOPLASTIC_HUMAN_PLASMA_CORONA,SEQUENCE_RIDGE_FULL,100.0,R4_EDINBURGH_USGO_20210324_6pm_KostarelosK_OkweloguE_EO112,0.6333333333333333,100.0
T238_OUTER_03,PXD060795_DALIAN_PLA_MICRO_NANOPLASTIC_HUMAN_PLASMA_CORONA,SEQUENCE_RIDGE_FULL,100.0,R4_EDINBURGH_USGO_20210324_6pm_KostarelosK_OkweloguE_EO115,0.9166666666666666,100.0
T238_OUTER_03,PXD060795_DALIAN_PLA_MICRO_NANOPLASTIC_HUMAN_PLASMA_CORONA,SEQUENCE_RIDGE_FULL,100.0,R4_EDINBURGH_USGO_20210324_6pm_KostarelosK_OkweloguE_EO120,0.85,100.0
T238_OUTER_03,PXD060795_DALIAN_PLA_MICRO_NANOPLASTIC_HUMAN_PLASMA_CORONA,SEQUENCE_RIDGE_FULL,100.0,R4_EDINBURGH_USGO_20210324_6pm_KostarelosK_OkweloguE_EO121,0.6166666666666667,100.0
T238_OUTER_03,PXD060795_DALIAN_PLA_MICRO_NANOPLASTIC_HUMAN_PLASMA_CORONA,SEQUENCE_RIDGE_FULL,100.0,R4_EDINBURGH_USGO_20210324_6pm_KostarelosK_OkweloguE_EO125,0.9,100.0
T238_OUTER_03,PXD060795_DALIAN_PLA_MICRO_NANOPLASTIC_HUMAN_PLASMA_CORONA,SEQUENCE_RIDGE_FULL,100.0,R4_EDINBURGH_USGO_20210324_6pm_KostarelosK_OkweloguE_EO126,0.7666666666666667,100.0
T238_OUTER_03,PXD060795_DALIAN_PLA_MICRO_NANOPLASTIC_HUMAN_PLASMA_CORONA,SEQUENCE_RIDGE_FULL,100.0,R4_EDINBURGH_USGO_20210324_6pm_KostarelosK_OkweloguE_EO13,0.9666666666666667,100.0
T238_OUTER_03,PXD060795_DALIAN_PLA_MICRO_NANOPLASTIC_HUMAN_PLASMA_CORONA,SEQUENCE_RIDGE_FULL,100.0,R4_EDINBURGH_USGO_20210324_6pm_KostarelosK_OkweloguE_EO26,0.55,100.0
T238_OUTER_03,PXD060795_DALIAN_PLA_MICRO_NANOPLASTIC_HUMAN_PLASMA_CORONA,SEQUENCE_RIDGE_FULL,100.0,R4_EDINBURGH_USGO_20210324_6pm_KostarelosK_OkweloguE_EO36,0.8,100.0
T238_OUTER_03,PXD060795_DALIAN_PLA_MICRO_NANOPLASTIC_HUMAN_PLASMA_CORONA,SEQUENCE_RIDGE_FULL,100.0,R4_EDINBURGH_USGO_20210324_6pm_KostarelosK_OkweloguE_EO40,0.5,100.0
T238_OUTER_03,PXD060795_DALIAN_PLA_MICRO_NANOPLASTIC_HUMAN_PLASMA_CORONA,SEQUENCE_RIDGE_FULL,100.0,R4_EDINBURGH_USGO_20210324_6pm_KostarelosK_OkweloguE_EO42,0.48333333333333334,100.0
T238_OUTER_03,PXD060795_DALIAN_PLA_MICRO_NANOPLASTIC_HUMAN_PLASMA_CORONA,SEQUENCE_RIDGE_FULL,100.0,R4_EDINBURGH_USGO_20210324_6pm_KostarelosK_OkweloguE_EO44,0.8333333333333334,100.0
T238_OUTER_03,PXD060795_DALIAN_PLA_MICRO_NANOPLASTIC_HUMAN_PLASMA_CORONA,SEQUENCE_RIDGE_FULL,100.0,R4_EDINBURGH_USGO_20210324_6pm_KostarelosK_OkweloguE_EO5,0.8545454545454545,100.0
T238_OUTER_03,PXD060795_DALIAN_PLA_MICRO_NANOPLASTIC_HUMAN_PLASMA_CORONA,SEQUENCE_RIDGE_FULL,100.0,R4_EDINBURGH_USGO_20210324_6pm_KostarelosK_OkweloguE_EO50,0.75,100.0
T238_OUTER_03,PXD060795_DALIAN_PLA_MICRO_NANOPLASTIC_HUMAN_PLASMA_CORONA,SEQUENCE_RIDGE_FULL,100.0,R4_EDINBURGH_USGO_20210324_6pm_KostarelosK_OkweloguE_EO53,0.6190476190476191,100.0
T238_OUTER_03,PXD060795_DALIAN_PLA_MICRO_NANOPLASTIC_HUMAN_PLASMA_CORONA,SEQUENCE_RIDGE_FULL,100.0,R4_EDINBURGH_USGO_20210324_6pm_KostarelosK_OkweloguE_EO60,0.7619047619047619,100.0
T238_OUTER_03,PXD060795_DALIAN_PLA_MICRO_NANOPLASTIC_HUMAN_PLASMA_CORONA,SEQUENCE_RIDGE_FULL,100.0,R4_EDINBURGH_USGO_20210324_6pm_KostarelosK_OkweloguE_EO62,0.11666666666666667,100.0
T238_OUTER_03,PXD060795_DALIAN_PLA_MICRO_NANOPLASTIC_HUMAN_PLASMA_CORONA,SEQUENCE_RIDGE_FULL,100.0,R4_EDINBURGH_USGO_20210324_6pm_KostarelosK_OkweloguE_EO69,0.6666666666666666,100.0
T238_OUTER_03,PXD060795_DALIAN_PLA_MICRO_NANOPLASTIC_HUMAN_PLASMA_CORONA,SEQUENCE_RIDGE_FULL,100.0,R4_EDINBURGH_USGO_20210324_6pm_KostarelosK_OkweloguE_EO76,0.21212121212121213,100.0
T238_OUTER_03,PXD060795_DALIAN_PLA_MICRO_NANOPLASTIC_HUMAN_PLASMA_CORONA,SEQUENCE_RIDGE_FULL,100.0,R4_EDINBURGH_USGO_20210324_6pm_KostarelosK_OkweloguE_EO77,0.7857142857142857,100.0
T238_OUTER_03,PXD060795_DALIAN_PLA_MICRO_NANOPLASTIC_HUMAN_PLASMA_CORONA,SEQUENCE_RIDGE_FULL,100.0,R4_EDINBURGH_USGO_20210324_6pm_KostarelosK_OkweloguE_EO79,0.6666666666666666,100.0
T238_OUTER_03,PXD060795_DALIAN_PLA_MICRO_NANOPLASTIC_HUMAN_PLASMA_CORONA,SEQUENCE_RIDGE_FULL,100.0,R4_EDINBURGH_USGO_20210324_6pm_KostarelosK_OkweloguE_EO86,0.8666666666666667,100.0
T238_OUTER_03,PXD060795_DALIAN_PLA_MICRO_NANOPLASTIC_HUMAN_PLASMA_CORONA,SEQUENCE_RIDGE_FULL,100.0,R4_EDINBURGH_USGO_20210324_6pm_KostarelosK_OkweloguE_EO87,0.8424242424242424,100.0
T238_OUTER_03,PXD060795_DALIAN_PLA_MICRO_NANOPLASTIC_HUMAN_PLASMA_CORONA,SEQUENCE_RIDGE_FULL,100.0,T_D1_133,0.7119666788018509,100.0
T238_OUTER_03,PXD060795_DALIAN_PLA_MICRO_NANOPLASTIC_HUMAN_PLASMA_CORONA,SEQUENCE_RIDGE_FULL,100.0,T_D1_138,0.8528249356043899,100.0
T238_OUTER_03,PXD060795_DALIAN_PLA_MICRO_NANOPLASTIC_HUMAN_PLASMA_CORONA,SEQUENCE_RIDGE_FULL,100.0,T_D1_165,0.847579379526013,100.0
T238_OUTER_03,PXD060795_DALIAN_PLA_MICRO_NANOPLASTIC_HUMAN_PLASMA_CORONA,SEQUENCE_RIDGE_FULL,100.0,T_D1_173,0.9492889050691345,100.0
T238_OUTER_03,PXD060795_DALIAN_PLA_MICRO_NANOPLASTIC_HUMAN_PLASMA_CORONA,SEQUENCE_RIDGE_FULL,100.0,T_D1_186,0.7584417048648262,100.0
T238_OUTER_03,PXD060795_DALIAN_PLA_MICRO_NANOPLASTIC_HUMAN_PLASMA_CORONA,SEQUENCE_RIDGE_FULL,100.0,T_D3_119a,0.5933055656682091,100.0
T238_OUTER_03,PXD060795_DALIAN_PLA_MICRO_NANOPLASTIC_HUMAN_PLASMA_CORONA,SEQUENCE_RIDGE_FULL,100.0,T_D3_119b,0.7448767935921586,100.0
T238_OUTER_03,PXD060795_DALIAN_PLA_MICRO_NANOPLASTIC_HUMAN_PLASMA_CORONA,SEQUENCE_RIDGE_FULL,100.0,T_D3_155,0.5855400437691199,100.0
T238_OUTER_03,PXD060795_DALIAN_PLA_MICRO_NANOPLASTIC_HUMAN_PLASMA_CORONA,SEQUENCE_RIDGE_FULL,100.0,T_D3_178,0.8874149454523865,100.0
T238_OUTER_03,PXD060795_DALIAN_PLA_MICRO_NANOPLASTIC_HUMAN_PLASMA_CORONA,SEQUENCE_RIDGE_FULL,100.0,T_D3_198,0.38462211801906004,100.0
T238_OUTER_03,PXD060795_DALIAN_PLA_MICRO_NANOPLASTIC_HUMAN_PLASMA_CORONA,SEQUENCE_RIDGE_FULL,100.0,__MEAN__,0.7118765031407759,100.0
T238_OUTER_03,PXD060795_DALIAN_PLA_MICRO_NANOPLASTIC_HUMAN_PLASMA_CORONA,SEQUENCE_RIDGE_COMPOSITION_ONLY,0.01,PMC6592156:PH:pH 4.9:Rep1,0.9428571428571428,100.0
T238_OUTER_03,PXD060795_DALIAN_PLA_MICRO_NANOPLASTIC_HUMAN_PLASMA_CORONA,SEQUENCE_RIDGE_COMPOSITION_ONLY,0.01,PMC6592156:PH:pH 4.9:Rep2,0.9285714285714286,100.0
T238_OUTER_03,PXD060795_DALIAN_PLA_MICRO_NANOPLASTIC_HUMAN_PLASMA_CORONA,SEQUENCE_RIDGE_COMPOSITION_ONLY,0.01,PMC6592156:PH:pH 4.9:Rep3,0.6428571428571429,100.0
T238_OUTER_03,PXD060795_DALIAN_PLA_MICRO_NANOPLASTIC_HUMAN_PLASMA_CORONA,SEQUENCE_RIDGE_COMPOSITION_ONLY,0.01,PMC6592156:PH:pH 6.1:Rep1,0.8095238095238095,100.0
T238_OUTER_03,PXD060795_DALIAN_PLA_MICRO_NANOPLASTIC_HUMAN_PLASMA_CORONA,SEQUENCE_RIDGE_COMPOSITION_ONLY,0.01,PMC6592156:PH:pH 6.1:Rep2,0.6333333333333333,100.0
T238_OUTER_03,PXD060795_DALIAN_PLA_MICRO_NANOPLASTIC_HUMAN_PLASMA_CORONA,SEQUENCE_RIDGE_COMPOSITION_ONLY,0.01,PMC6592156:PH:pH 6.1:Rep3,0.7714285714285715,100.0
T238_OUTER_03,PXD060795_DALIAN_PLA_MICRO_NANOPLASTIC_HUMAN_PLASMA_CORONA,SEQUENCE_RIDGE_COMPOSITION_ONLY,0.01,PMC6592156:PH:pH 6.8:Rep1,0.8833333333333333,100.0
T238_OUTER_03,PXD060795_DALIAN_PLA_MICRO_NANOPLASTIC_HUMAN_PLASMA_CORONA,SEQUENCE_RIDGE_COMPOSITION_ONLY,0.01,PMC6592156:PH:pH 6.8:Rep2,0.6833333333333333,100.0
T238_OUTER_03,PXD060795_DALIAN_PLA_MICRO_NANOPLASTIC_HUMAN_PLASMA_CORONA,SEQUENCE_RIDGE_COMPOSITION_ONLY,0.01,PMC6592156:PH:pH 6.8:Rep3,0.5666666666666667,100.0
T238_OUTER_03,PXD060795_DALIAN_PLA_MICRO_NANOPLASTIC_HUMAN_PLASMA_CORONA,SEQUENCE_RIDGE_COMPOSITION_ONLY,0.01,PMC6592156:PH:pH 7.7:Rep1,0.7380952380952381,100.0
T238_OUTER_03,PXD060795_DALIAN_PLA_MICRO_NANOPLASTIC_HUMAN_PLASMA_CORONA,SEQUENCE_RIDGE_COMPOSITION_ONLY,0.01,PMC6592156:PH:pH 7.7:Rep2,0.7212121212121212,100.0
T238_OUTER_03,PXD060795_DALIAN_PLA_MICRO_NANOPLASTIC_HUMAN_PLASMA_CORONA,SEQUENCE_RIDGE_COMPOSITION_ONLY,0.01,PMC6592156:PH:pH 7.7:Rep3,0.6833333333333333,100.0
T238_OUTER_03,PXD060795_DALIAN_PLA_MICRO_NANOPLASTIC_HUMAN_PLASMA_CORONA,SEQUENCE_RIDGE_COMPOSITION_ONLY,0.01,PMC6592156:PH:pH 8.9:Rep1,0.8571428571428571,100.0
T238_OUTER_03,PXD060795_DALIAN_PLA_MICRO_NANOPLASTIC_HUMAN_PLASMA_CORONA,SEQUENCE_RIDGE_COMPOSITION_ONLY,0.01,PMC6592156:PH:pH 8.9:Rep2,0.9523809523809523,100.0
T238_OUTER_03,PXD060795_DALIAN_PLA_MICRO_NANOPLASTIC_HUMAN_PLASMA_CORONA,SEQUENCE_RIDGE_COMPOSITION_ONLY,0.01,PMC6592156:PH:pH 8.9:Rep3,0.9272727272727272,100.0
T238_OUTER_03,PXD060795_DALIAN_PLA_MICRO_NANOPLASTIC_HUMAN_PLASMA_CORONA,SEQUENCE_RIDGE_COMPOSITION_ONLY,0.01,PMC6592156:TEMPERATURE:17 °C:Rep1,0.47619047619047616,100.0
T238_OUTER_03,PXD060795_DALIAN_PLA_MICRO_NANOPLASTIC_HUMAN_PLASMA_CORONA,SEQUENCE_RIDGE_COMPOSITION_ONLY,0.01,PMC6592156:TEMPERATURE:17 °C:Rep2,0.5952380952380952,100.0
T238_OUTER_03,PXD060795_DALIAN_PLA_MICRO_NANOPLASTIC_HUMAN_PLASMA_CORONA,SEQUENCE_RIDGE_COMPOSITION_ONLY,0.01,PMC6592156:TEMPERATURE:17 °C:Rep3,0.5714285714285714,100.0
T238_OUTER_03,PXD060795_DALIAN_PLA_MICRO_NANOPLASTIC_HUMAN_PLASMA_CORONA,SEQUENCE_RIDGE_COMPOSITION_ONLY,0.01,PMC6592156:TEMPERATURE:30 °C:Rep1,0.9047619047619048,100.0
T238_OUTER_03,PXD060795_DALIAN_PLA_MICRO_NANOPLASTIC_HUMAN_PLASMA_CORONA,SEQUENCE_RIDGE_COMPOSITION_ONLY,0.01,PMC6592156:TEMPERATURE:30 °C:Rep2,0.5714285714285714,100.0
T238_OUTER_03,PXD060795_DALIAN_PLA_MICRO_NANOPLASTIC_HUMAN_PLASMA_CORONA,SEQUENCE_RIDGE_COMPOSITION_ONLY,0.01,PMC6592156:TEMPERATURE:30 °C:Rep3,0.8,100.0
T238_OUTER_03,PXD060795_DALIAN_PLA_MICRO_NANOPLASTIC_HUMAN_PLASMA_CORONA,SEQUENCE_RIDGE_COMPOSITION_ONLY,0.01,PMC6592156:TEMPERATURE:4 °C:Rep1,0.85,100.0
T238_OUTER_03,PXD060795_DALIAN_PLA_MICRO_NANOPLASTIC_HUMAN_PLASMA_CORONA,SEQUENCE_RIDGE_COMPOSITION_ONLY,0.01,PMC6592156:TEMPERATURE:4 °C:Rep2,0.85,100.0
T238_OUTER_03,PXD060795_DALIAN_PLA_MICRO_NANOPLASTIC_HUMAN_PLASMA_CORONA,SEQUENCE_RIDGE_COMPOSITION_ONLY,0.01,PMC6592156:TEMPERATURE:4 °C:Rep3,0.6666666666666666,100.0
T238_OUTER_03,PXD060795_DALIAN_PLA_MICRO_NANOPLASTIC_HUMAN_PLASMA_CORONA,SEQUENCE_RIDGE_COMPOSITION_ONLY,0.01,PMC6592156:TEMPERATURE:41 °C:Rep1,0.6833333333333333,100.0
T238_OUTER_03,PXD060795_DALIAN_PLA_MICRO_NANOPLASTIC_HUMAN_PLASMA_CORONA,SEQUENCE_RIDGE_COMPOSITION_ONLY,0.01,PMC6592156:TEMPERATURE:41 °C:Rep2,0.6666666666666666,100.0
T238_OUTER_03,PXD060795_DALIAN_PLA_MICRO_NANOPLASTIC_HUMAN_PLASMA_CORONA,SEQUENCE_RIDGE_COMPOSITION_ONLY,0.01,PMC6592156:TEMPERATURE:41 °C:Rep3,0.7166666666666667,100.0
T238_OUTER_03,PXD060795_DALIAN_PLA_MICRO_NANOPLASTIC_HUMAN_PLASMA_CORONA,SEQUENCE_RIDGE_COMPOSITION_ONLY,0.01,PMC6592156:TEMPERATURE:47 °C:Rep1,0.7142857142857143,100.0
T238_OUTER_03,PXD060795_DALIAN_PLA_MICRO_NANOPLASTIC_HUMAN_PLASMA_CORONA,SEQUENCE_RIDGE_COMPOSITION_ONLY,0.01,PMC6592156:TEMPERATURE:47 °C:Rep2,0.8095238095238095,100.0
T238_OUTER_03,PXD060795_DALIAN_PLA_MICRO_NANOPLASTIC_HUMAN_PLASMA_CORONA,SEQUENCE_RIDGE_COMPOSITION_ONLY,0.01,PMC6592156:TEMPERATURE:47 °C:Rep3,0.7857142857142857,100.0
T238_OUTER_03,PXD060795_DALIAN_PLA_MICRO_NANOPLASTIC_HUMAN_PLASMA_CORONA,SEQUENCE_RIDGE_COMPOSITION_ONLY,0.01,PT_D1_16,0.8148464979493787,100.0
T238_OUTER_03,PXD060795_DALIAN_PLA_MICRO_NANOPLASTIC_HUMAN_PLASMA_CORONA,SEQUENCE_RIDGE_COMPOSITION_ONLY,0.01,PT_D1_18,0.801751998941236,100.0
T238_OUTER_03,PXD060795_DALIAN_PLA_MICRO_NANOPLASTIC_HUMAN_PLASMA_CORONA,SEQUENCE_RIDGE_COMPOSITION_ONLY,0.01,PT_D1_20,0.9153857298880941,100.0
T238_OUTER_03,PXD060795_DALIAN_PLA_MICRO_NANOPLASTIC_HUMAN_PLASMA_CORONA,SEQUENCE_RIDGE_COMPOSITION_ONLY,0.01,PT_D1_23,0.713975634412968,100.0
T238_OUTER_03,PXD060795_DALIAN_PLA_MICRO_NANOPLASTIC_HUMAN_PLASMA_CORONA,SEQUENCE_RIDGE_COMPOSITION_ONLY,0.01,PT_D1_33,0.8437269535706317,100.0
T238_OUTER_03,PXD060795_DALIAN_PLA_MICRO_NANOPLASTIC_HUMAN_PLASMA_CORONA,SEQUENCE_RIDGE_COMPOSITION_ONLY,0.01,PT_D1_34,0.7119666788018509,100.0
T238_OUTER_03,PXD060795_DALIAN_PLA_MICRO_NANOPLASTIC_HUMAN_PLASMA_CORONA,SEQUENCE_RIDGE_COMPOSITION_ONLY,0.01,PT_D1_48,0.3898234515660837,100.0
T238_OUTER_03,PXD060795_DALIAN_PLA_MICRO_NANOPLASTIC_HUMAN_PLASMA_CORONA,SEQUENCE_RIDGE_COMPOSITION_ONLY,0.01,PT_D1_51,0.7156264473321343,100.0
T238_OUTER_03,PXD060795_DALIAN_PLA_MICRO_NANOPLASTIC_HUMAN_PLASMA_CORONA,SEQUENCE_RIDGE_COMPOSITION_ONLY,0.01,PT_D1_73,0.736859468849281,100.0
T238_OUTER_03,PXD060795_DALIAN_PLA_MICRO_NANOPLASTIC_HUMAN_PLASMA_CORONA,SEQUENCE_RIDGE_COMPOSITION_ONLY,0.01,PT_D1_81,0.791563911869046,100.0
T238_OUTER_03,PXD060795_DALIAN_PLA_MICRO_NANOPLASTIC_HUMAN_PLASMA_CORONA,SEQUENCE_RIDGE_COMPOSITION_ONLY,0.01,PT_D3_06,0.6831300510639733,100.0
T238_OUTER_03,PXD060795_DALIAN_PLA_MICRO_NANOPLASTIC_HUMAN_PLASMA_CORONA,SEQUENCE_RIDGE_COMPOSITION_ONLY,0.01,PT_D3_14,0.5855400437691199,100.0
T238_OUTER_03,PXD060795_DALIAN_PLA_MICRO_NANOPLASTIC_HUMAN_PLASMA_CORONA,SEQUENCE_RIDGE_COMPOSITION_ONLY,0.01,PT_D3_22,0.7152697513290861,100.0
T238_OUTER_03,PXD060795_DALIAN_PLA_MICRO_NANOPLASTIC_HUMAN_PLASMA_CORONA,SEQUENCE_RIDGE_COMPOSITION_ONLY,0.01,PT_D3_28,0.9157291161525718,100.0
T238_OUTER_03,PXD060795_DALIAN_PLA_MICRO_NANOPLASTIC_HUMAN_PLASMA_CORONA,SEQUENCE_RIDGE_COMPOSITION_ONLY,0.01,PT_D3_30,0.6160831149758972,100.0
T238_OUTER_03,PXD060795_DALIAN_PLA_MICRO_NANOPLASTIC_HUMAN_PLASMA_CORONA,SEQUENCE_RIDGE_COMPOSITION_ONLY,0.01,PT_D3_37,0.8650957979871868,100.0
T238_OUTER_03,PXD060795_DALIAN_PLA_MICRO_NANOPLASTIC_HUMAN_PLASMA_CORONA,SEQUENCE_RIDGE_COMPOSITION_ONLY,0.01,PT_D3_41,0.5424508028966484,100.0
T238_OUTER_03,PXD060795_DALIAN_PLA_MICRO_NANOPLASTIC_HUMAN_PLASMA_CORONA,SEQUENCE_RIDGE_COMPOSITION_ONLY,0.01,PT_D3_42,0.8814825547070535,100.0
T238_OUTER_03,PXD060795_DALIAN_PLA_MICRO_NANOPLASTIC_HUMAN_PLASMA_CORONA,SEQUENCE_RIDGE_COMPOSITION_ONLY,0.01,PT_D3_85,0.5217939320872036,100.0
T238_OUTER_03,PXD060795_DALIAN_PLA_MICRO_NANOPLASTIC_HUMAN_PLASMA_CORONA,SEQUENCE_RIDGE_COMPOSITION_ONLY,0.01,PT_D3_96,0.847579379526013,100.0
T238_OUTER_03,PXD060795_DALIAN_PLA_MICRO_NANOPLASTIC_HUMAN_PLASMA_CORONA,SEQUENCE_RIDGE_COMPOSITION_ONLY,0.01,R4_EDINBURGH_SGO_20210324_6pm_KostarelosK_OkweloguE_EO10,0.7142857142857143,100.0
T238_OUTER_03,PXD060795_DALIAN_PLA_MICRO_NANOPLASTIC_HUMAN_PLASMA_CORONA,SEQUENCE_RIDGE_COMPOSITION_ONLY,0.01,R4_EDINBURGH_SGO_20210324_6pm_KostarelosK_OkweloguE_EO103,0.7857142857142857,100.0
T238_OUTER_03,PXD060795_DALIAN_PLA_MICRO_NANOPLASTIC_HUMAN_PLASMA_CORONA,SEQUENCE_RIDGE_COMPOSITION_ONLY,0.01,R4_EDINBURGH_SGO_20210324_6pm_KostarelosK_OkweloguE_EO105,0.4523809523809524,100.0
T238_OUTER_03,PXD060795_DALIAN_PLA_MICRO_NANOPLASTIC_HUMAN_PLASMA_CORONA,SEQUENCE_RIDGE_COMPOSITION_ONLY,0.01,R4_EDINBURGH_SGO_20210324_6pm_KostarelosK_OkweloguE_EO107,0.5952380952380952,100.0
T238_OUTER_03,PXD060795_DALIAN_PLA_MICRO_NANOPLASTIC_HUMAN_PLASMA_CORONA,SEQUENCE_RIDGE_COMPOSITION_ONLY,0.01,R4_EDINBURGH_SGO_20210324_6pm_KostarelosK_OkweloguE_EO113,0.8333333333333334,100.0
T238_OUTER_03,PXD060795_DALIAN_PLA_MICRO_NANOPLASTIC_HUMAN_PLASMA_CORONA,SEQUENCE_RIDGE_COMPOSITION_ONLY,0.01,R4_EDINBURGH_SGO_20210324_6pm_KostarelosK_OkweloguE_EO116,0.5,100.0
T238_OUTER_03,PXD060795_DALIAN_PLA_MICRO_NANOPLASTIC_HUMAN_PLASMA_CORONA,SEQUENCE_RIDGE_COMPOSITION_ONLY,0.01,R4_EDINBURGH_SGO_20210324_6pm_KostarelosK_OkweloguE_EO12,0.7857142857142857,100.0
T238_OUTER_03,PXD060795_DALIAN_PLA_MICRO_NANOPLASTIC_HUMAN_PLASMA_CORONA,SEQUENCE_RIDGE_COMPOSITION_ONLY,0.01,R4_EDINBURGH_SGO_20210324_6pm_KostarelosK_OkweloguE_EO16,0.8571428571428571,100.0
T238_OUTER_03,PXD060795_DALIAN_PLA_MICRO_NANOPLASTIC_HUMAN_PLASMA_CORONA,SEQUENCE_RIDGE_COMPOSITION_ONLY,0.01,R4_EDINBURGH_SGO_20210324_6pm_KostarelosK_OkweloguE_EO21,0.047619047619047616,100.0
T238_OUTER_03,PXD060795_DALIAN_PLA_MICRO_NANOPLASTIC_HUMAN_PLASMA_CORONA,SEQUENCE_RIDGE_COMPOSITION_ONLY,0.01,R4_EDINBURGH_SGO_20210324_6pm_KostarelosK_OkweloguE_EO24,0.6190476190476191,100.0
T238_OUTER_03,PXD060795_DALIAN_PLA_MICRO_NANOPLASTIC_HUMAN_PLASMA_CORONA,SEQUENCE_RIDGE_COMPOSITION_ONLY,0.01,R4_EDINBURGH_SGO_20210324_6pm_KostarelosK_OkweloguE_EO31,0.6190476190476191,100.0
T238_OUTER_03,PXD060795_DALIAN_PLA_MICRO_NANOPLASTIC_HUMAN_PLASMA_CORONA,SEQUENCE_RIDGE_COMPOSITION_ONLY,0.01,R4_EDINBURGH_SGO_20210324_6pm_KostarelosK_OkweloguE_EO34,-0.16666666666666666,100.0
T238_OUTER_03,PXD060795_DALIAN_PLA_MICRO_NANOPLASTIC_HUMAN_PLASMA_CORONA,SEQUENCE_RIDGE_COMPOSITION_ONLY,0.01,R4_EDINBURGH_SGO_20210324_6pm_KostarelosK_OkweloguE_EO4,0.8571428571428571,100.0
T238_OUTER_03,PXD060795_DALIAN_PLA_MICRO_NANOPLASTIC_HUMAN_PLASMA_CORONA,SEQUENCE_RIDGE_COMPOSITION_ONLY,0.01,R4_EDINBURGH_SGO_20210324_6pm_KostarelosK_OkweloguE_EO43,0.5357142857142857,100.0
T238_OUTER_03,PXD060795_DALIAN_PLA_MICRO_NANOPLASTIC_HUMAN_PLASMA_CORONA,SEQUENCE_RIDGE_COMPOSITION_ONLY,0.01,R4_EDINBURGH_SGO_20210324_6pm_KostarelosK_OkweloguE_EO52,0.7142857142857143,100.0
T238_OUTER_03,PXD060795_DALIAN_PLA_MICRO_NANOPLASTIC_HUMAN_PLASMA_CORONA,SEQUENCE_RIDGE_COMPOSITION_ONLY,0.01,R4_EDINBURGH_SGO_20210324_6pm_KostarelosK_OkweloguE_EO64,0.9285714285714286,100.0
T238_OUTER_03,PXD060795_DALIAN_PLA_MICRO_NANOPLASTIC_HUMAN_PLASMA_CORONA,SEQUENCE_RIDGE_COMPOSITION_ONLY,0.01,R4_EDINBURGH_SGO_20210324_6pm_KostarelosK_OkweloguE_EO66,0.7380952380952381,100.0
T238_OUTER_03,PXD060795_DALIAN_PLA_MICRO_NANOPLASTIC_HUMAN_PLASMA_CORONA,SEQUENCE_RIDGE_COMPOSITION_ONLY,0.01,R4_EDINBURGH_SGO_20210324_6pm_KostarelosK_OkweloguE_EO73,0.8333333333333334,100.0
T238_OUTER_03,PXD060795_DALIAN_PLA_MICRO_NANOPLASTIC_HUMAN_PLASMA_CORONA,SEQUENCE_RIDGE_COMPOSITION_ONLY,0.01,R4_EDINBURGH_SGO_20210324_6pm_KostarelosK_OkweloguE_EO83,0.9047619047619048,100.0
T238_OUTER_03,PXD060795_DALIAN_PLA_MICRO_NANOPLASTIC_HUMAN_PLASMA_CORONA,SEQUENCE_RIDGE_COMPOSITION_ONLY,0.01,R4_EDINBURGH_SGO_20210324_6pm_KostarelosK_OkweloguE_EO88,0.21428571428571427,100.0
T238_OUTER_03,PXD060795_DALIAN_PLA_MICRO_NANOPLASTIC_HUMAN_PLASMA_CORONA,SEQUENCE_RIDGE_COMPOSITION_ONLY,0.01,R4_EDINBURGH_SGO_20210324_6pm_KostarelosK_OkweloguE_EO94,0.6190476190476191,100.0
T238_OUTER_03,PXD060795_DALIAN_PLA_MICRO_NANOPLASTIC_HUMAN_PLASMA_CORONA,SEQUENCE_RIDGE_COMPOSITION_ONLY,0.01,R4_EDINBURGH_SGO_20210324_6pm_KostarelosK_OkweloguE_EO96,0.6428571428571429,100.0
T238_OUTER_03,PXD060795_DALIAN_PLA_MICRO_NANOPLASTIC_HUMAN_PLASMA_CORONA,SEQUENCE_RIDGE_COMPOSITION_ONLY,0.01,R4_EDINBURGH_SGO_20210324_6pm_KostarelosK_OkweloguE_EO97,0.6190476190476191,100.0
T238_OUTER_03,PXD060795_DALIAN_PLA_MICRO_NANOPLASTIC_HUMAN_PLASMA_CORONA,SEQUENCE_RIDGE_COMPOSITION_ONLY,0.01,R4_EDINBURGH_USGO_20210324_6pm_KostarelosK_OkweloguE_EO106,0.6666666666666666,100.0
T238_OUTER_03,PXD060795_DALIAN_PLA_MICRO_NANOPLASTIC_HUMAN_PLASMA_CORONA,SEQUENCE_RIDGE_COMPOSITION_ONLY,0.01,R4_EDINBURGH_USGO_20210324_6pm_KostarelosK_OkweloguE_EO11,0.6363636363636364,100.0
T238_OUTER_03,PXD060795_DALIAN_PLA_MICRO_NANOPLASTIC_HUMAN_PLASMA_CORONA,SEQUENCE_RIDGE_COMPOSITION_ONLY,0.01,R4_EDINBURGH_USGO_20210324_6pm_KostarelosK_OkweloguE_EO111,0.85,100.0
T238_OUTER_03,PXD060795_DALIAN_PLA_MICRO_NANOPLASTIC_HUMAN_PLASMA_CORONA,SEQUENCE_RIDGE_COMPOSITION_ONLY,0.01,R4_EDINBURGH_USGO_20210324_6pm_KostarelosK_OkweloguE_EO112,0.6333333333333333,100.0
T238_OUTER_03,PXD060795_DALIAN_PLA_MICRO_NANOPLASTIC_HUMAN_PLASMA_CORONA,SEQUENCE_RIDGE_COMPOSITION_ONLY,0.01,R4_EDINBURGH_USGO_20210324_6pm_KostarelosK_OkweloguE_EO115,0.9166666666666666,100.0
T238_OUTER_03,PXD060795_DALIAN_PLA_MICRO_NANOPLASTIC_HUMAN_PLASMA_CORONA,SEQUENCE_RIDGE_COMPOSITION_ONLY,0.01,R4_EDINBURGH_USGO_20210324_6pm_KostarelosK_OkweloguE_EO120,0.85,100.0
T238_OUTER_03,PXD060795_DALIAN_PLA_MICRO_NANOPLASTIC_HUMAN_PLASMA_CORONA,SEQUENCE_RIDGE_COMPOSITION_ONLY,0.01,R4_EDINBURGH_USGO_20210324_6pm_KostarelosK_OkweloguE_EO121,0.6166666666666667,100.0
T238_OUTER_03,PXD060795_DALIAN_PLA_MICRO_NANOPLASTIC_HUMAN_PLASMA_CORONA,SEQUENCE_RIDGE_COMPOSITION_ONLY,0.01,R4_EDINBURGH_USGO_20210324_6pm_KostarelosK_OkweloguE_EO125,0.9,100.0
T238_OUTER_03,PXD060795_DALIAN_PLA_MICRO_NANOPLASTIC_HUMAN_PLASMA_CORONA,SEQUENCE_RIDGE_COMPOSITION_ONLY,0.01,R4_EDINBURGH_USGO_20210324_6pm_KostarelosK_OkweloguE_EO126,0.7666666666666667,100.0
T238_OUTER_03,PXD060795_DALIAN_PLA_MICRO_NANOPLASTIC_HUMAN_PLASMA_CORONA,SEQUENCE_RIDGE_COMPOSITION_ONLY,0.01,R4_EDINBURGH_USGO_20210324_6pm_KostarelosK_OkweloguE_EO13,0.95,100.0
T238_OUTER_03,PXD060795_DALIAN_PLA_MICRO_NANOPLASTIC_HUMAN_PLASMA_CORONA,SEQUENCE_RIDGE_COMPOSITION_ONLY,0.01,R4_EDINBURGH_USGO_20210324_6pm_KostarelosK_OkweloguE_EO26,0.55,100.0
T238_OUTER_03,PXD060795_DALIAN_PLA_MICRO_NANOPLASTIC_HUMAN_PLASMA_CORONA,SEQUENCE_RIDGE_COMPOSITION_ONLY,0.01,R4_EDINBURGH_USGO_20210324_6pm_KostarelosK_OkweloguE_EO36,0.7666666666666667,100.0
T238_OUTER_03,PXD060795_DALIAN_PLA_MICRO_NANOPLASTIC_HUMAN_PLASMA_CORONA,SEQUENCE_RIDGE_COMPOSITION_ONLY,0.01,R4_EDINBURGH_USGO_20210324_6pm_KostarelosK_OkweloguE_EO40,0.55,100.0
T238_OUTER_03,PXD060795_DALIAN_PLA_MICRO_NANOPLASTIC_HUMAN_PLASMA_CORONA,SEQUENCE_RIDGE_COMPOSITION_ONLY,0.01,R4_EDINBURGH_USGO_20210324_6pm_KostarelosK_OkweloguE_EO42,0.4666666666666667,100.0
T238_OUTER_03,PXD060795_DALIAN_PLA_MICRO_NANOPLASTIC_HUMAN_PLASMA_CORONA,SEQUENCE_RIDGE_COMPOSITION_ONLY,0.01,R4_EDINBURGH_USGO_20210324_6pm_KostarelosK_OkweloguE_EO44,0.8809523809523809,100.0
T238_OUTER_03,PXD060795_DALIAN_PLA_MICRO_NANOPLASTIC_HUMAN_PLASMA_CORONA,SEQUENCE_RIDGE_COMPOSITION_ONLY,0.01,R4_EDINBURGH_USGO_20210324_6pm_KostarelosK_OkweloguE_EO5,0.8303030303030303,100.0
T238_OUTER_03,PXD060795_DALIAN_PLA_MICRO_NANOPLASTIC_HUMAN_PLASMA_CORONA,SEQUENCE_RIDGE_COMPOSITION_ONLY,0.01,R4_EDINBURGH_USGO_20210324_6pm_KostarelosK_OkweloguE_EO50,0.75,100.0
T238_OUTER_03,PXD060795_DALIAN_PLA_MICRO_NANOPLASTIC_HUMAN_PLASMA_CORONA,SEQUENCE_RIDGE_COMPOSITION_ONLY,0.01,R4_EDINBURGH_USGO_20210324_6pm_KostarelosK_OkweloguE_EO53,0.6190476190476191,100.0
T238_OUTER_03,PXD060795_DALIAN_PLA_MICRO_NANOPLASTIC_HUMAN_PLASMA_CORONA,SEQUENCE_RIDGE_COMPOSITION_ONLY,0.01,R4_EDINBURGH_USGO_20210324_6pm_KostarelosK_OkweloguE_EO60,0.7619047619047619,100.0
T238_OUTER_03,PXD060795_DALIAN_PLA_MICRO_NANOPLASTIC_HUMAN_PLASMA_CORONA,SEQUENCE_RIDGE_COMPOSITION_ONLY,0.01,R4_EDINBURGH_USGO_20210324_6pm_KostarelosK_OkweloguE_EO62,0.11666666666666667,100.0
T238_OUTER_03,PXD060795_DALIAN_PLA_MICRO_NANOPLASTIC_HUMAN_PLASMA_CORONA,SEQUENCE_RIDGE_COMPOSITION_ONLY,0.01,R4_EDINBURGH_USGO_20210324_6pm_KostarelosK_OkweloguE_EO69,0.6666666666666666,100.0
T238_OUTER_03,PXD060795_DALIAN_PLA_MICRO_NANOPLASTIC_HUMAN_PLASMA_CORONA,SEQUENCE_RIDGE_COMPOSITION_ONLY,0.01,R4_EDINBURGH_USGO_20210324_6pm_KostarelosK_OkweloguE_EO76,0.21212121212121213,100.0
T238_OUTER_03,PXD060795_DALIAN_PLA_MICRO_NANOPLASTIC_HUMAN_PLASMA_CORONA,SEQUENCE_RIDGE_COMPOSITION_ONLY,0.01,R4_EDINBURGH_USGO_20210324_6pm_KostarelosK_OkweloguE_EO77,0.7857142857142857,100.0
T238_OUTER_03,PXD060795_DALIAN_PLA_MICRO_NANOPLASTIC_HUMAN_PLASMA_CORONA,SEQUENCE_RIDGE_COMPOSITION_ONLY,0.01,R4_EDINBURGH_USGO_20210324_6pm_KostarelosK_OkweloguE_EO79,0.6666666666666666,100.0
T238_OUTER_03,PXD060795_DALIAN_PLA_MICRO_NANOPLASTIC_HUMAN_PLASMA_CORONA,SEQUENCE_RIDGE_COMPOSITION_ONLY,0.01,R4_EDINBURGH_USGO_20210324_6pm_KostarelosK_OkweloguE_EO86,0.8666666666666667,100.0
T238_OUTER_03,PXD060795_DALIAN_PLA_MICRO_NANOPLASTIC_HUMAN_PLASMA_CORONA,SEQUENCE_RIDGE_COMPOSITION_ONLY,0.01,R4_EDINBURGH_USGO_20210324_6pm_KostarelosK_OkweloguE_EO87,0.806060606060606,100.0
T238_OUTER_03,PXD060795_DALIAN_PLA_MICRO_NANOPLASTIC_HUMAN_PLASMA_CORONA,SEQUENCE_RIDGE_COMPOSITION_ONLY,0.01,T_D1_133,0.7119666788018509,100.0
T238_OUTER_03,PXD060795_DALIAN_PLA_MICRO_NANOPLASTIC_HUMAN_PLASMA_CORONA,SEQUENCE_RIDGE_COMPOSITION_ONLY,0.01,T_D1_138,0.9141792475183748,100.0
T238_OUTER_03,PXD060795_DALIAN_PLA_MICRO_NANOPLASTIC_HUMAN_PLASMA_CORONA,SEQUENCE_RIDGE_COMPOSITION_ONLY,0.01,T_D1_165,0.8355099778440249,100.0
T238_OUTER_03,PXD060795_DALIAN_PLA_MICRO_NANOPLASTIC_HUMAN_PLASMA_CORONA,SEQUENCE_RIDGE_COMPOSITION_ONLY,0.01,T_D1_173,0.9492889050691345,100.0
T238_OUTER_03,PXD060795_DALIAN_PLA_MICRO_NANOPLASTIC_HUMAN_PLASMA_CORONA,SEQUENCE_RIDGE_COMPOSITION_ONLY,0.01,T_D1_186,0.7584417048648262,100.0
T238_OUTER_03,PXD060795_DALIAN_PLA_MICRO_NANOPLASTIC_HUMAN_PLASMA_CORONA,SEQUENCE_RIDGE_COMPOSITION_ONLY,0.01,T_D3_119a,0.5933055656682091,100.0
T238_OUTER_03,PXD060795_DALIAN_PLA_MICRO_NANOPLASTIC_HUMAN_PLASMA_CORONA,SEQUENCE_RIDGE_COMPOSITION_ONLY,0.01,T_D3_119b,0.7477378904816532,100.0
T238_OUTER_03,PXD060795_DALIAN_PLA_MICRO_NANOPLASTIC_HUMAN_PLASMA_CORONA,SEQUENCE_RIDGE_COMPOSITION_ONLY,0.01,T_D3_155,0.5855400437691199,100.0
T238_OUTER_03,PXD060795_DALIAN_PLA_MICRO_NANOPLASTIC_HUMAN_PLASMA_CORONA,SEQUENCE_RIDGE_COMPOSITION_ONLY,0.01,T_D3_178,0.9174698042719671,100.0
T238_OUTER_03,PXD060795_DALIAN_PLA_MICRO_NANOPLASTIC_HUMAN_PLASMA_CORONA,SEQUENCE_RIDGE_COMPOSITION_ONLY,0.01,T_D3_198,0.34911853789422376,100.0
T238_OUTER_03,PXD060795_DALIAN_PLA_MICRO_NANOPLASTIC_HUMAN_PLASMA_CORONA,SEQUENCE_RIDGE_COMPOSITION_ONLY,0.01,__MEAN__,0.7037426968768177,100.0
T238_OUTER_03,PXD060795_DALIAN_PLA_MICRO_NANOPLASTIC_HUMAN_PLASMA_CORONA,SEQUENCE_RIDGE_COMPOSITION_ONLY,0.1,PMC6592156:PH:pH 4.9:Rep1,0.9428571428571428,100.0
T238_OUTER_03,PXD060795_DALIAN_PLA_MICRO_NANOPLASTIC_HUMAN_PLASMA_CORONA,SEQUENCE_RIDGE_COMPOSITION_ONLY,0.1,PMC6592156:PH:pH 4.9:Rep2,0.9285714285714286,100.0
T238_OUTER_03,PXD060795_DALIAN_PLA_MICRO_NANOPLASTIC_HUMAN_PLASMA_CORONA,SEQUENCE_RIDGE_COMPOSITION_ONLY,0.1,PMC6592156:PH:pH 4.9:Rep3,0.6428571428571429,100.0
T238_OUTER_03,PXD060795_DALIAN_PLA_MICRO_NANOPLASTIC_HUMAN_PLASMA_CORONA,SEQUENCE_RIDGE_COMPOSITION_ONLY,0.1,PMC6592156:PH:pH 6.1:Rep1,0.8095238095238095,100.0
T238_OUTER_03,PXD060795_DALIAN_PLA_MICRO_NANOPLASTIC_HUMAN_PLASMA_CORONA,SEQUENCE_RIDGE_COMPOSITION_ONLY,0.1,PMC6592156:PH:pH 6.1:Rep2,0.6333333333333333,100.0
T238_OUTER_03,PXD060795_DALIAN_PLA_MICRO_NANOPLASTIC_HUMAN_PLASMA_CORONA,SEQUENCE_RIDGE_COMPOSITION_ONLY,0.1,PMC6592156:PH:pH 6.1:Rep3,0.7714285714285715,100.0
T238_OUTER_03,PXD060795_DALIAN_PLA_MICRO_NANOPLASTIC_HUMAN_PLASMA_CORONA,SEQUENCE_RIDGE_COMPOSITION_ONLY,0.1,PMC6592156:PH:pH 6.8:Rep1,0.8833333333333333,100.0
T238_OUTER_03,PXD060795_DALIAN_PLA_MICRO_NANOPLASTIC_HUMAN_PLASMA_CORONA,SEQUENCE_RIDGE_COMPOSITION_ONLY,0.1,PMC6592156:PH:pH 6.8:Rep2,0.6833333333333333,100.0
T238_OUTER_03,PXD060795_DALIAN_PLA_MICRO_NANOPLASTIC_HUMAN_PLASMA_CORONA,SEQUENCE_RIDGE_COMPOSITION_ONLY,0.1,PMC6592156:PH:pH 6.8:Rep3,0.5666666666666667,100.0
T238_OUTER_03,PXD060795_DALIAN_PLA_MICRO_NANOPLASTIC_HUMAN_PLASMA_CORONA,SEQUENCE_RIDGE_COMPOSITION_ONLY,0.1,PMC6592156:PH:pH 7.7:Rep1,0.7380952380952381,100.0
T238_OUTER_03,PXD060795_DALIAN_PLA_MICRO_NANOPLASTIC_HUMAN_PLASMA_CORONA,SEQUENCE_RIDGE_COMPOSITION_ONLY,0.1,PMC6592156:PH:pH 7.7:Rep2,0.7212121212121212,100.0
T238_OUTER_03,PXD060795_DALIAN_PLA_MICRO_NANOPLASTIC_HUMAN_PLASMA_CORONA,SEQUENCE_RIDGE_COMPOSITION_ONLY,0.1,PMC6592156:PH:pH 7.7:Rep3,0.6833333333333333,100.0
T238_OUTER_03,PXD060795_DALIAN_PLA_MICRO_NANOPLASTIC_HUMAN_PLASMA_CORONA,SEQUENCE_RIDGE_COMPOSITION_ONLY,0.1,PMC6592156:PH:pH 8.9:Rep1,0.8571428571428571,100.0
T238_OUTER_03,PXD060795_DALIAN_PLA_MICRO_NANOPLASTIC_HUMAN_PLASMA_CORONA,SEQUENCE_RIDGE_COMPOSITION_ONLY,0.1,PMC6592156:PH:pH 8.9:Rep2,0.9523809523809523,100.0
T238_OUTER_03,PXD060795_DALIAN_PLA_MICRO_NANOPLASTIC_HUMAN_PLASMA_CORONA,SEQUENCE_RIDGE_COMPOSITION_ONLY,0.1,PMC6592156:PH:pH 8.9:Rep3,0.9272727272727272,100.0
T238_OUTER_03,PXD060795_DALIAN_PLA_MICRO_NANOPLASTIC_HUMAN_PLASMA_CORONA,SEQUENCE_RIDGE_COMPOSITION_ONLY,0.1,PMC6592156:TEMPERATURE:17 °C:Rep1,0.47619047619047616,100.0
T238_OUTER_03,PXD060795_DALIAN_PLA_MICRO_NANOPLASTIC_HUMAN_PLASMA_CORONA,SEQUENCE_RIDGE_COMPOSITION_ONLY,0.1,PMC6592156:TEMPERATURE:17 °C:Rep2,0.5952380952380952,100.0
T238_OUTER_03,PXD060795_DALIAN_PLA_MICRO_NANOPLASTIC_HUMAN_PLASMA_CORONA,SEQUENCE_RIDGE_COMPOSITION_ONLY,0.1,PMC6592156:TEMPERATURE:17 °C:Rep3,0.5714285714285714,100.0
T238_OUTER_03,PXD060795_DALIAN_PLA_MICRO_NANOPLASTIC_HUMAN_PLASMA_CORONA,SEQUENCE_RIDGE_COMPOSITION_ONLY,0.1,PMC6592156:TEMPERATURE:30 °C:Rep1,0.9047619047619048,100.0
T238_OUTER_03,PXD060795_DALIAN_PLA_MICRO_NANOPLASTIC_HUMAN_PLASMA_CORONA,SEQUENCE_RIDGE_COMPOSITION_ONLY,0.1,PMC6592156:TEMPERATURE:30 °C:Rep2,0.5714285714285714,100.0
T238_OUTER_03,PXD060795_DALIAN_PLA_MICRO_NANOPLASTIC_HUMAN_PLASMA_CORONA,SEQUENCE_RIDGE_COMPOSITION_ONLY,0.1,PMC6592156:TEMPERATURE:30 °C:Rep3,0.8,100.0
T238_OUTER_03,PXD060795_DALIAN_PLA_MICRO_NANOPLASTIC_HUMAN_PLASMA_CORONA,SEQUENCE_RIDGE_COMPOSITION_ONLY,0.1,PMC6592156:TEMPERATURE:4 °C:Rep1,0.85,100.0
T238_OUTER_03,PXD060795_DALIAN_PLA_MICRO_NANOPLASTIC_HUMAN_PLASMA_CORONA,SEQUENCE_RIDGE_COMPOSITION_ONLY,0.1,PMC6592156:TEMPERATURE:4 °C:Rep2,0.85,100.0
T238_OUTER_03,PXD060795_DALIAN_PLA_MICRO_NANOPLASTIC_HUMAN_PLASMA_CORONA,SEQUENCE_RIDGE_COMPOSITION_ONLY,0.1,PMC6592156:TEMPERATURE:4 °C:Rep3,0.6666666666666666,100.0
T238_OUTER_03,PXD060795_DALIAN_PLA_MICRO_NANOPLASTIC_HUMAN_PLASMA_CORONA,SEQUENCE_RIDGE_COMPOSITION_ONLY,0.1,PMC6592156:TEMPERATURE:41 °C:Rep1,0.6833333333333333,100.0
T238_OUTER_03,PXD060795_DALIAN_PLA_MICRO_NANOPLASTIC_HUMAN_PLASMA_CORONA,SEQUENCE_RIDGE_COMPOSITION_ONLY,0.1,PMC6592156:TEMPERATURE:41 °C:Rep2,0.6666666666666666,100.0
T238_OUTER_03,PXD060795_DALIAN_PLA_MICRO_NANOPLASTIC_HUMAN_PLASMA_CORONA,SEQUENCE_RIDGE_COMPOSITION_ONLY,0.1,PMC6592156:TEMPERATURE:41 °C:Rep3,0.7166666666666667,100.0
T238_OUTER_03,PXD060795_DALIAN_PLA_MICRO_NANOPLASTIC_HUMAN_PLASMA_CORONA,SEQUENCE_RIDGE_COMPOSITION_ONLY,0.1,PMC6592156:TEMPERATURE:47 °C:Rep1,0.7142857142857143,100.0
T238_OUTER_03,PXD060795_DALIAN_PLA_MICRO_NANOPLASTIC_HUMAN_PLASMA_CORONA,SEQUENCE_RIDGE_COMPOSITION_ONLY,0.1,PMC6592156:TEMPERATURE:47 °C:Rep2,0.8095238095238095,100.0
T238_OUTER_03,PXD060795_DALIAN_PLA_MICRO_NANOPLASTIC_HUMAN_PLASMA_CORONA,SEQUENCE_RIDGE_COMPOSITION_ONLY,0.1,PMC6592156:TEMPERATURE:47 °C:Rep3,0.7857142857142857,100.0
T238_OUTER_03,PXD060795_DALIAN_PLA_MICRO_NANOPLASTIC_HUMAN_PLASMA_CORONA,SEQUENCE_RIDGE_COMPOSITION_ONLY,0.1,PT_D1_16,0.8148464979493787,100.0
T238_OUTER_03,PXD060795_DALIAN_PLA_MICRO_NANOPLASTIC_HUMAN_PLASMA_CORONA,SEQUENCE_RIDGE_COMPOSITION_ONLY,0.1,PT_D1_18,0.801751998941236,100.0
T238_OUTER_03,PXD060795_DALIAN_PLA_MICRO_NANOPLASTIC_HUMAN_PLASMA_CORONA,SEQUENCE_RIDGE_COMPOSITION_ONLY,0.1,PT_D1_20,0.9153857298880941,100.0
T238_OUTER_03,PXD060795_DALIAN_PLA_MICRO_NANOPLASTIC_HUMAN_PLASMA_CORONA,SEQUENCE_RIDGE_COMPOSITION_ONLY,0.1,PT_D1_23,0.7110390983107745,100.0
T238_OUTER_03,PXD060795_DALIAN_PLA_MICRO_NANOPLASTIC_HUMAN_PLASMA_CORONA,SEQUENCE_RIDGE_COMPOSITION_ONLY,0.1,PT_D1_33,0.8437269535706317,100.0
T238_OUTER_03,PXD060795_DALIAN_PLA_MICRO_NANOPLASTIC_HUMAN_PLASMA_CORONA,SEQUENCE_RIDGE_COMPOSITION_ONLY,0.1,PT_D1_34,0.7004780622328695,100.0
T238_OUTER_03,PXD060795_DALIAN_PLA_MICRO_NANOPLASTIC_HUMAN_PLASMA_CORONA,SEQUENCE_RIDGE_COMPOSITION_ONLY,0.1,PT_D1_48,0.3898234515660837,100.0
T238_OUTER_03,PXD060795_DALIAN_PLA_MICRO_NANOPLASTIC_HUMAN_PLASMA_CORONA,SEQUENCE_RIDGE_COMPOSITION_ONLY,0.1,PT_D1_51,0.7248011453748541,100.0
T238_OUTER_03,PXD060795_DALIAN_PLA_MICRO_NANOPLASTIC_HUMAN_PLASMA_CORONA,SEQUENCE_RIDGE_COMPOSITION_ONLY,0.1,PT_D1_73,0.752325239503013,100.0
T238_OUTER_03,PXD060795_DALIAN_PLA_MICRO_NANOPLASTIC_HUMAN_PLASMA_CORONA,SEQUENCE_RIDGE_COMPOSITION_ONLY,0.1,PT_D1_81,0.791563911869046,100.0
T238_OUTER_03,PXD060795_DALIAN_PLA_MICRO_NANOPLASTIC_HUMAN_PLASMA_CORONA,SEQUENCE_RIDGE_COMPOSITION_ONLY,0.1,PT_D3_06,0.6831300510639733,100.0
T238_OUTER_03,PXD060795_DALIAN_PLA_MICRO_NANOPLASTIC_HUMAN_PLASMA_CORONA,SEQUENCE_RIDGE_COMPOSITION_ONLY,0.1,PT_D3_14,0.5855400437691199,100.0
T238_OUTER_03,PXD060795_DALIAN_PLA_MICRO_NANOPLASTIC_HUMAN_PLASMA_CORONA,SEQUENCE_RIDGE_COMPOSITION_ONLY,0.1,PT_D3_22,0.7152697513290861,100.0
T238_OUTER_03,PXD060795_DALIAN_PLA_MICRO_NANOPLASTIC_HUMAN_PLASMA_CORONA,SEQUENCE_RIDGE_COMPOSITION_ONLY,0.1,PT_D3_28,0.9157291161525718,100.0
T238_OUTER_03,PXD060795_DALIAN_PLA_MICRO_NANOPLASTIC_HUMAN_PLASMA_CORONA,SEQUENCE_RIDGE_COMPOSITION_ONLY,0.1,PT_D3_30,0.6160831149758972,100.0
T238_OUTER_03,PXD060795_DALIAN_PLA_MICRO_NANOPLASTIC_HUMAN_PLASMA_CORONA,SEQUENCE_RIDGE_COMPOSITION_ONLY,0.1,PT_D3_37,0.8501886852920228,100.0
T238_OUTER_03,PXD060795_DALIAN_PLA_MICRO_NANOPLASTIC_HUMAN_PLASMA_CORONA,SEQUENCE_RIDGE_COMPOSITION_ONLY,0.1,PT_D3_41,0.5424508028966484,100.0
T238_OUTER_03,PXD060795_DALIAN_PLA_MICRO_NANOPLASTIC_HUMAN_PLASMA_CORONA,SEQUENCE_RIDGE_COMPOSITION_ONLY,0.1,PT_D3_42,0.8692679567468139,100.0
T238_OUTER_03,PXD060795_DALIAN_PLA_MICRO_NANOPLASTIC_HUMAN_PLASMA_CORONA,SEQUENCE_RIDGE_COMPOSITION_ONLY,0.1,PT_D3_85,0.44136741475237473,100.0
T238_OUTER_03,PXD060795_DALIAN_PLA_MICRO_NANOPLASTIC_HUMAN_PLASMA_CORONA,SEQUENCE_RIDGE_COMPOSITION_ONLY,0.1,PT_D3_96,0.847579379526013,100.0
T238_OUTER_03,PXD060795_DALIAN_PLA_MICRO_NANOPLASTIC_HUMAN_PLASMA_CORONA,SEQUENCE_RIDGE_COMPOSITION_ONLY,0.1,R4_EDINBURGH_SGO_20210324_6pm_KostarelosK_OkweloguE_EO10,0.7142857142857143,100.0
T238_OUTER_03,PXD060795_DALIAN_PLA_MICRO_NANOPLASTIC_HUMAN_PLASMA_CORONA,SEQUENCE_RIDGE_COMPOSITION_ONLY,0.1,R4_EDINBURGH_SGO_20210324_6pm_KostarelosK_OkweloguE_EO103,0.7857142857142857,100.0
T238_OUTER_03,PXD060795_DALIAN_PLA_MICRO_NANOPLASTIC_HUMAN_PLASMA_CORONA,SEQUENCE_RIDGE_COMPOSITION_ONLY,0.1,R4_EDINBURGH_SGO_20210324_6pm_KostarelosK_OkweloguE_EO105,0.4523809523809524,100.0
T238_OUTER_03,PXD060795_DALIAN_PLA_MICRO_NANOPLASTIC_HUMAN_PLASMA_CORONA,SEQUENCE_RIDGE_COMPOSITION_ONLY,0.1,R4_EDINBURGH_SGO_20210324_6pm_KostarelosK_OkweloguE_EO107,0.5952380952380952,100.0
T238_OUTER_03,PXD060795_DALIAN_PLA_MICRO_NANOPLASTIC_HUMAN_PLASMA_CORONA,SEQUENCE_RIDGE_COMPOSITION_ONLY,0.1,R4_EDINBURGH_SGO_20210324_6pm_KostarelosK_OkweloguE_EO113,0.8333333333333334,100.0
T238_OUTER_03,PXD060795_DALIAN_PLA_MICRO_NANOPLASTIC_HUMAN_PLASMA_CORONA,SEQUENCE_RIDGE_COMPOSITION_ONLY,0.1,R4_EDINBURGH_SGO_20210324_6pm_KostarelosK_OkweloguE_EO116,0.5,100.0
T238_OUTER_03,PXD060795_DALIAN_PLA_MICRO_NANOPLASTIC_HUMAN_PLASMA_CORONA,SEQUENCE_RIDGE_COMPOSITION_ONLY,0.1,R4_EDINBURGH_SGO_20210324_6pm_KostarelosK_OkweloguE_EO12,0.7857142857142857,100.0
T238_OUTER_03,PXD060795_DALIAN_PLA_MICRO_NANOPLASTIC_HUMAN_PLASMA_CORONA,SEQUENCE_RIDGE_COMPOSITION_ONLY,0.1,R4_EDINBURGH_SGO_20210324_6pm_KostarelosK_OkweloguE_EO16,0.8571428571428571,100.0
T238_OUTER_03,PXD060795_DALIAN_PLA_MICRO_NANOPLASTIC_HUMAN_PLASMA_CORONA,SEQUENCE_RIDGE_COMPOSITION_ONLY,0.1,R4_EDINBURGH_SGO_20210324_6pm_KostarelosK_OkweloguE_EO21,0.047619047619047616,100.0
T238_OUTER_03,PXD060795_DALIAN_PLA_MICRO_NANOPLASTIC_HUMAN_PLASMA_CORONA,SEQUENCE_RIDGE_COMPOSITION_ONLY,0.1,R4_EDINBURGH_SGO_20210324_6pm_KostarelosK_OkweloguE_EO24,0.6190476190476191,100.0
T238_OUTER_03,PXD060795_DALIAN_PLA_MICRO_NANOPLASTIC_HUMAN_PLASMA_CORONA,SEQUENCE_RIDGE_COMPOSITION_ONLY,0.1,R4_EDINBURGH_SGO_20210324_6pm_KostarelosK_OkweloguE_EO31,0.6190476190476191,100.0
T238_OUTER_03,PXD060795_DALIAN_PLA_MICRO_NANOPLASTIC_HUMAN_PLASMA_CORONA,SEQUENCE_RIDGE_COMPOSITION_ONLY,0.1,R4_EDINBURGH_SGO_20210324_6pm_KostarelosK_OkweloguE_EO34,-0.16666666666666666,100.0
T238_OUTER_03,PXD060795_DALIAN_PLA_MICRO_NANOPLASTIC_HUMAN_PLASMA_CORONA,SEQUENCE_RIDGE_COMPOSITION_ONLY,0.1,R4_EDINBURGH_SGO_20210324_6pm_KostarelosK_OkweloguE_EO4,0.8571428571428571,100.0
T238_OUTER_03,PXD060795_DALIAN_PLA_MICRO_NANOPLASTIC_HUMAN_PLASMA_CORONA,SEQUENCE_RIDGE_COMPOSITION_ONLY,0.1,R4_EDINBURGH_SGO_20210324_6pm_KostarelosK_OkweloguE_EO43,0.5357142857142857,100.0
T238_OUTER_03,PXD060795_DALIAN_PLA_MICRO_NANOPLASTIC_HUMAN_PLASMA_CORONA,SEQUENCE_RIDGE_COMPOSITION_ONLY,0.1,R4_EDINBURGH_SGO_20210324_6pm_KostarelosK_OkweloguE_EO52,0.7142857142857143,100.0
T238_OUTER_03,PXD060795_DALIAN_PLA_MICRO_NANOPLASTIC_HUMAN_PLASMA_CORONA,SEQUENCE_RIDGE_COMPOSITION_ONLY,0.1,R4_EDINBURGH_SGO_20210324_6pm_KostarelosK_OkweloguE_EO64,0.9285714285714286,100.0
T238_OUTER_03,PXD060795_DALIAN_PLA_MICRO_NANOPLASTIC_HUMAN_PLASMA_CORONA,SEQUENCE_RIDGE_COMPOSITION_ONLY,0.1,R4_EDINBURGH_SGO_20210324_6pm_KostarelosK_OkweloguE_EO66,0.7380952380952381,100.0
T238_OUTER_03,PXD060795_DALIAN_PLA_MICRO_NANOPLASTIC_HUMAN_PLASMA_CORONA,SEQUENCE_RIDGE_COMPOSITION_ONLY,0.1,R4_EDINBURGH_SGO_20210324_6pm_KostarelosK_OkweloguE_EO73,0.8333333333333334,100.0
T238_OUTER_03,PXD060795_DALIAN_PLA_MICRO_NANOPLASTIC_HUMAN_PLASMA_CORONA,SEQUENCE_RIDGE_COMPOSITION_ONLY,0.1,R4_EDINBURGH_SGO_20210324_6pm_KostarelosK_OkweloguE_EO83,0.9047619047619048,100.0
T238_OUTER_03,PXD060795_DALIAN_PLA_MICRO_NANOPLASTIC_HUMAN_PLASMA_CORONA,SEQUENCE_RIDGE_COMPOSITION_ONLY,0.1,R4_EDINBURGH_SGO_20210324_6pm_KostarelosK_OkweloguE_EO88,0.21428571428571427,100.0
T238_OUTER_03,PXD060795_DALIAN_PLA_MICRO_NANOPLASTIC_HUMAN_PLASMA_CORONA,SEQUENCE_RIDGE_COMPOSITION_ONLY,0.1,R4_EDINBURGH_SGO_20210324_6pm_KostarelosK_OkweloguE_EO94,0.6190476190476191,100.0
T238_OUTER_03,PXD060795_DALIAN_PLA_MICRO_NANOPLASTIC_HUMAN_PLASMA_CORONA,SEQUENCE_RIDGE_COMPOSITION_ONLY,0.1,R4_EDINBURGH_SGO_20210324_6pm_KostarelosK_OkweloguE_EO96,0.6428571428571429,100.0
T238_OUTER_03,PXD060795_DALIAN_PLA_MICRO_NANOPLASTIC_HUMAN_PLASMA_CORONA,SEQUENCE_RIDGE_COMPOSITION_ONLY,0.1,R4_EDINBURGH_SGO_20210324_6pm_KostarelosK_OkweloguE_EO97,0.6190476190476191,100.0
T238_OUTER_03,PXD060795_DALIAN_PLA_MICRO_NANOPLASTIC_HUMAN_PLASMA_CORONA,SEQUENCE_RIDGE_COMPOSITION_ONLY,0.1,R4_EDINBURGH_USGO_20210324_6pm_KostarelosK_OkweloguE_EO106,0.6666666666666666,100.0
T238_OUTER_03,PXD060795_DALIAN_PLA_MICRO_NANOPLASTIC_HUMAN_PLASMA_CORONA,SEQUENCE_RIDGE_COMPOSITION_ONLY,0.1,R4_EDINBURGH_USGO_20210324_6pm_KostarelosK_OkweloguE_EO11,0.6363636363636364,100.0
T238_OUTER_03,PXD060795_DALIAN_PLA_MICRO_NANOPLASTIC_HUMAN_PLASMA_CORONA,SEQUENCE_RIDGE_COMPOSITION_ONLY,0.1,R4_EDINBURGH_USGO_20210324_6pm_KostarelosK_OkweloguE_EO111,0.85,100.0
T238_OUTER_03,PXD060795_DALIAN_PLA_MICRO_NANOPLASTIC_HUMAN_PLASMA_CORONA,SEQUENCE_RIDGE_COMPOSITION_ONLY,0.1,R4_EDINBURGH_USGO_20210324_6pm_KostarelosK_OkweloguE_EO112,0.6333333333333333,100.0
T238_OUTER_03,PXD060795_DALIAN_PLA_MICRO_NANOPLASTIC_HUMAN_PLASMA_CORONA,SEQUENCE_RIDGE_COMPOSITION_ONLY,0.1,R4_EDINBURGH_USGO_20210324_6pm_KostarelosK_OkweloguE_EO115,0.9166666666666666,100.0
T238_OUTER_03,PXD060795_DALIAN_PLA_MICRO_NANOPLASTIC_HUMAN_PLASMA_CORONA,SEQUENCE_RIDGE_COMPOSITION_ONLY,0.1,R4_EDINBURGH_USGO_20210324_6pm_KostarelosK_OkweloguE_EO120,0.85,100.0
T238_OUTER_03,PXD060795_DALIAN_PLA_MICRO_NANOPLASTIC_HUMAN_PLASMA_CORONA,SEQUENCE_RIDGE_COMPOSITION_ONLY,0.1,R4_EDINBURGH_USGO_20210324_6pm_KostarelosK_OkweloguE_EO121,0.6166666666666667,100.0
T238_OUTER_03,PXD060795_DALIAN_PLA_MICRO_NANOPLASTIC_HUMAN_PLASMA_CORONA,SEQUENCE_RIDGE_COMPOSITION_ONLY,0.1,R4_EDINBURGH_USGO_20210324_6pm_KostarelosK_OkweloguE_EO125,0.9,100.0
T238_OUTER_03,PXD060795_DALIAN_PLA_MICRO_NANOPLASTIC_HUMAN_PLASMA_CORONA,SEQUENCE_RIDGE_COMPOSITION_ONLY,0.1,R4_EDINBURGH_USGO_20210324_6pm_KostarelosK_OkweloguE_EO126,0.7666666666666667,100.0
T238_OUTER_03,PXD060795_DALIAN_PLA_MICRO_NANOPLASTIC_HUMAN_PLASMA_CORONA,SEQUENCE_RIDGE_COMPOSITION_ONLY,0.1,R4_EDINBURGH_USGO_20210324_6pm_KostarelosK_OkweloguE_EO13,0.95,100.0
T238_OUTER_03,PXD060795_DALIAN_PLA_MICRO_NANOPLASTIC_HUMAN_PLASMA_CORONA,SEQUENCE_RIDGE_COMPOSITION_ONLY,0.1,R4_EDINBURGH_USGO_20210324_6pm_KostarelosK_OkweloguE_EO26,0.55,100.0
T238_OUTER_03,PXD060795_DALIAN_PLA_MICRO_NANOPLASTIC_HUMAN_PLASMA_CORONA,SEQUENCE_RIDGE_COMPOSITION_ONLY,0.1,R4_EDINBURGH_USGO_20210324_6pm_KostarelosK_OkweloguE_EO36,0.7666666666666667,100.0
T238_OUTER_03,PXD060795_DALIAN_PLA_MICRO_NANOPLASTIC_HUMAN_PLASMA_CORONA,SEQUENCE_RIDGE_COMPOSITION_ONLY,0.1,R4_EDINBURGH_USGO_20210324_6pm_KostarelosK_OkweloguE_EO40,0.55,100.0
T238_OUTER_03,PXD060795_DALIAN_PLA_MICRO_NANOPLASTIC_HUMAN_PLASMA_CORONA,SEQUENCE_RIDGE_COMPOSITION_ONLY,0.1,R4_EDINBURGH_USGO_20210324_6pm_KostarelosK_OkweloguE_EO42,0.4666666666666667,100.0
T238_OUTER_03,PXD060795_DALIAN_PLA_MICRO_NANOPLASTIC_HUMAN_PLASMA_CORONA,SEQUENCE_RIDGE_COMPOSITION_ONLY,0.1,R4_EDINBURGH_USGO_20210324_6pm_KostarelosK_OkweloguE_EO44,0.8809523809523809,100.0
T238_OUTER_03,PXD060795_DALIAN_PLA_MICRO_NANOPLASTIC_HUMAN_PLASMA_CORONA,SEQUENCE_RIDGE_COMPOSITION_ONLY,0.1,R4_EDINBURGH_USGO_20210324_6pm_KostarelosK_OkweloguE_EO5,0.8303030303030303,100.0
T238_OUTER_03,PXD060795_DALIAN_PLA_MICRO_NANOPLASTIC_HUMAN_PLASMA_CORONA,SEQUENCE_RIDGE_COMPOSITION_ONLY,0.1,R4_EDINBURGH_USGO_20210324_6pm_KostarelosK_OkweloguE_EO50,0.75,100.0
T238_OUTER_03,PXD060795_DALIAN_PLA_MICRO_NANOPLASTIC_HUMAN_PLASMA_CORONA,SEQUENCE_RIDGE_COMPOSITION_ONLY,0.1,R4_EDINBURGH_USGO_20210324_6pm_KostarelosK_OkweloguE_EO53,0.6190476190476191,100.0
T238_OUTER_03,PXD060795_DALIAN_PLA_MICRO_NANOPLASTIC_HUMAN_PLASMA_CORONA,SEQUENCE_RIDGE_COMPOSITION_ONLY,0.1,R4_EDINBURGH_USGO_20210324_6pm_KostarelosK_OkweloguE_EO60,0.7619047619047619,100.0
T238_OUTER_03,PXD060795_DALIAN_PLA_MICRO_NANOPLASTIC_HUMAN_PLASMA_CORONA,SEQUENCE_RIDGE_COMPOSITION_ONLY,0.1,R4_EDINBURGH_USGO_20210324_6pm_KostarelosK_OkweloguE_EO62,0.11666666666666667,100.0
T238_OUTER_03,PXD060795_DALIAN_PLA_MICRO_NANOPLASTIC_HUMAN_PLASMA_CORONA,SEQUENCE_RIDGE_COMPOSITION_ONLY,0.1,R4_EDINBURGH_USGO_20210324_6pm_KostarelosK_OkweloguE_EO69,0.6666666666666666,100.0
T238_OUTER_03,PXD060795_DALIAN_PLA_MICRO_NANOPLASTIC_HUMAN_PLASMA_CORONA,SEQUENCE_RIDGE_COMPOSITION_ONLY,0.1,R4_EDINBURGH_USGO_20210324_6pm_KostarelosK_OkweloguE_EO76,0.21212121212121213,100.0
T238_OUTER_03,PXD060795_DALIAN_PLA_MICRO_NANOPLASTIC_HUMAN_PLASMA_CORONA,SEQUENCE_RIDGE_COMPOSITION_ONLY,0.1,R4_EDINBURGH_USGO_20210324_6pm_KostarelosK_OkweloguE_EO77,0.7857142857142857,100.0
T238_OUTER_03,PXD060795_DALIAN_PLA_MICRO_NANOPLASTIC_HUMAN_PLASMA_CORONA,SEQUENCE_RIDGE_COMPOSITION_ONLY,0.1,R4_EDINBURGH_USGO_20210324_6pm_KostarelosK_OkweloguE_EO79,0.6666666666666666,100.0
T238_OUTER_03,PXD060795_DALIAN_PLA_MICRO_NANOPLASTIC_HUMAN_PLASMA_CORONA,SEQUENCE_RIDGE_COMPOSITION_ONLY,0.1,R4_EDINBURGH_USGO_20210324_6pm_KostarelosK_OkweloguE_EO86,0.8666666666666667,100.0
T238_OUTER_03,PXD060795_DALIAN_PLA_MICRO_NANOPLASTIC_HUMAN_PLASMA_CORONA,SEQUENCE_RIDGE_COMPOSITION_ONLY,0.1,R4_EDINBURGH_USGO_20210324_6pm_KostarelosK_OkweloguE_EO87,0.806060606060606,100.0
T238_OUTER_03,PXD060795_DALIAN_PLA_MICRO_NANOPLASTIC_HUMAN_PLASMA_CORONA,SEQUENCE_RIDGE_COMPOSITION_ONLY,0.1,T_D1_133,0.7173570516842639,100.0
T238_OUTER_03,PXD060795_DALIAN_PLA_MICRO_NANOPLASTIC_HUMAN_PLASMA_CORONA,SEQUENCE_RIDGE_COMPOSITION_ONLY,0.1,T_D1_138,0.9141792475183748,100.0
T238_OUTER_03,PXD060795_DALIAN_PLA_MICRO_NANOPLASTIC_HUMAN_PLASMA_CORONA,SEQUENCE_RIDGE_COMPOSITION_ONLY,0.1,T_D1_165,0.847579379526013,100.0
T238_OUTER_03,PXD060795_DALIAN_PLA_MICRO_NANOPLASTIC_HUMAN_PLASMA_CORONA,SEQUENCE_RIDGE_COMPOSITION_ONLY,0.1,T_D1_173,0.9536629040037861,100.0
T238_OUTER_03,PXD060795_DALIAN_PLA_MICRO_NANOPLASTIC_HUMAN_PLASMA_CORONA,SEQUENCE_RIDGE_COMPOSITION_ONLY,0.1,T_D1_186,0.7706746355884524,100.0
T238_OUTER_03,PXD060795_DALIAN_PLA_MICRO_NANOPLASTIC_HUMAN_PLASMA_CORONA,SEQUENCE_RIDGE_COMPOSITION_ONLY,0.1,T_D3_119a,0.5933055656682091,100.0
T238_OUTER_03,PXD060795_DALIAN_PLA_MICRO_NANOPLASTIC_HUMAN_PLASMA_CORONA,SEQUENCE_RIDGE_COMPOSITION_ONLY,0.1,T_D3_119b,0.7448767935921586,100.0
T238_OUTER_03,PXD060795_DALIAN_PLA_MICRO_NANOPLASTIC_HUMAN_PLASMA_CORONA,SEQUENCE_RIDGE_COMPOSITION_ONLY,0.1,T_D3_155,0.5855400437691199,100.0
T238_OUTER_03,PXD060795_DALIAN_PLA_MICRO_NANOPLASTIC_HUMAN_PLASMA_CORONA,SEQUENCE_RIDGE_COMPOSITION_ONLY,0.1,T_D3_178,0.9174698042719671,100.0
T238_OUTER_03,PXD060795_DALIAN_PLA_MICRO_NANOPLASTIC_HUMAN_PLASMA_CORONA,SEQUENCE_RIDGE_COMPOSITION_ONLY,0.1,T_D3_198,0.34911853789422376,100.0
T238_OUTER_03,PXD060795_DALIAN_PLA_MICRO_NANOPLASTIC_HUMAN_PLASMA_CORONA,SEQUENCE_RIDGE_COMPOSITION_ONLY,0.1,__MEAN__,0.7031360243572601,100.0
T238_OUTER_03,PXD060795_DALIAN_PLA_MICRO_NANOPLASTIC_HUMAN_PLASMA_CORONA,SEQUENCE_RIDGE_COMPOSITION_ONLY,1.0,PMC6592156:PH:pH 4.9:Rep1,0.9428571428571428,100.0
T238_OUTER_03,PXD060795_DALIAN_PLA_MICRO_NANOPLASTIC_HUMAN_PLASMA_CORONA,SEQUENCE_RIDGE_COMPOSITION_ONLY,1.0,PMC6592156:PH:pH 4.9:Rep2,0.9285714285714286,100.0
T238_OUTER_03,PXD060795_DALIAN_PLA_MICRO_NANOPLASTIC_HUMAN_PLASMA_CORONA,SEQUENCE_RIDGE_COMPOSITION_ONLY,1.0,PMC6592156:PH:pH 4.9:Rep3,0.6428571428571429,100.0
T238_OUTER_03,PXD060795_DALIAN_PLA_MICRO_NANOPLASTIC_HUMAN_PLASMA_CORONA,SEQUENCE_RIDGE_COMPOSITION_ONLY,1.0,PMC6592156:PH:pH 6.1:Rep1,0.8095238095238095,100.0
T238_OUTER_03,PXD060795_DALIAN_PLA_MICRO_NANOPLASTIC_HUMAN_PLASMA_CORONA,SEQUENCE_RIDGE_COMPOSITION_ONLY,1.0,PMC6592156:PH:pH 6.1:Rep2,0.6333333333333333,100.0
T238_OUTER_03,PXD060795_DALIAN_PLA_MICRO_NANOPLASTIC_HUMAN_PLASMA_CORONA,SEQUENCE_RIDGE_COMPOSITION_ONLY,1.0,PMC6592156:PH:pH 6.1:Rep3,0.7714285714285715,100.0
T238_OUTER_03,PXD060795_DALIAN_PLA_MICRO_NANOPLASTIC_HUMAN_PLASMA_CORONA,SEQUENCE_RIDGE_COMPOSITION_ONLY,1.0,PMC6592156:PH:pH 6.8:Rep1,0.8833333333333333,100.0
T238_OUTER_03,PXD060795_DALIAN_PLA_MICRO_NANOPLASTIC_HUMAN_PLASMA_CORONA,SEQUENCE_RIDGE_COMPOSITION_ONLY,1.0,PMC6592156:PH:pH 6.8:Rep2,0.6833333333333333,100.0
T238_OUTER_03,PXD060795_DALIAN_PLA_MICRO_NANOPLASTIC_HUMAN_PLASMA_CORONA,SEQUENCE_RIDGE_COMPOSITION_ONLY,1.0,PMC6592156:PH:pH 6.8:Rep3,0.5666666666666667,100.0
T238_OUTER_03,PXD060795_DALIAN_PLA_MICRO_NANOPLASTIC_HUMAN_PLASMA_CORONA,SEQUENCE_RIDGE_COMPOSITION_ONLY,1.0,PMC6592156:PH:pH 7.7:Rep1,0.7380952380952381,100.0
T238_OUTER_03,PXD060795_DALIAN_PLA_MICRO_NANOPLASTIC_HUMAN_PLASMA_CORONA,SEQUENCE_RIDGE_COMPOSITION_ONLY,1.0,PMC6592156:PH:pH 7.7:Rep2,0.7212121212121212,100.0
T238_OUTER_03,PXD060795_DALIAN_PLA_MICRO_NANOPLASTIC_HUMAN_PLASMA_CORONA,SEQUENCE_RIDGE_COMPOSITION_ONLY,1.0,PMC6592156:PH:pH 7.7:Rep3,0.6833333333333333,100.0
T238_OUTER_03,PXD060795_DALIAN_PLA_MICRO_NANOPLASTIC_HUMAN_PLASMA_CORONA,SEQUENCE_RIDGE_COMPOSITION_ONLY,1.0,PMC6592156:PH:pH 8.9:Rep1,0.8571428571428571,100.0
T238_OUTER_03,PXD060795_DALIAN_PLA_MICRO_NANOPLASTIC_HUMAN_PLASMA_CORONA,SEQUENCE_RIDGE_COMPOSITION_ONLY,1.0,PMC6592156:PH:pH 8.9:Rep2,0.9523809523809523,100.0
T238_OUTER_03,PXD060795_DALIAN_PLA_MICRO_NANOPLASTIC_HUMAN_PLASMA_CORONA,SEQUENCE_RIDGE_COMPOSITION_ONLY,1.0,PMC6592156:PH:pH 8.9:Rep3,0.9272727272727272,100.0
T238_OUTER_03,PXD060795_DALIAN_PLA_MICRO_NANOPLASTIC_HUMAN_PLASMA_CORONA,SEQUENCE_RIDGE_COMPOSITION_ONLY,1.0,PMC6592156:TEMPERATURE:17 °C:Rep1,0.47619047619047616,100.0
T238_OUTER_03,PXD060795_DALIAN_PLA_MICRO_NANOPLASTIC_HUMAN_PLASMA_CORONA,SEQUENCE_RIDGE_COMPOSITION_ONLY,1.0,PMC6592156:TEMPERATURE:17 °C:Rep2,0.5952380952380952,100.0
T238_OUTER_03,PXD060795_DALIAN_PLA_MICRO_NANOPLASTIC_HUMAN_PLASMA_CORONA,SEQUENCE_RIDGE_COMPOSITION_ONLY,1.0,PMC6592156:TEMPERATURE:17 °C:Rep3,0.5714285714285714,100.0
T238_OUTER_03,PXD060795_DALIAN_PLA_MICRO_NANOPLASTIC_HUMAN_PLASMA_CORONA,SEQUENCE_RIDGE_COMPOSITION_ONLY,1.0,PMC6592156:TEMPERATURE:30 °C:Rep1,0.9047619047619048,100.0
T238_OUTER_03,PXD060795_DALIAN_PLA_MICRO_NANOPLASTIC_HUMAN_PLASMA_CORONA,SEQUENCE_RIDGE_COMPOSITION_ONLY,1.0,PMC6592156:TEMPERATURE:30 °C:Rep2,0.5714285714285714,100.0
T238_OUTER_03,PXD060795_DALIAN_PLA_MICRO_NANOPLASTIC_HUMAN_PLASMA_CORONA,SEQUENCE_RIDGE_COMPOSITION_ONLY,1.0,PMC6592156:TEMPERATURE:30 °C:Rep3,0.8,100.0
T238_OUTER_03,PXD060795_DALIAN_PLA_MICRO_NANOPLASTIC_HUMAN_PLASMA_CORONA,SEQUENCE_RIDGE_COMPOSITION_ONLY,1.0,PMC6592156:TEMPERATURE:4 °C:Rep1,0.85,100.0
T238_OUTER_03,PXD060795_DALIAN_PLA_MICRO_NANOPLASTIC_HUMAN_PLASMA_CORONA,SEQUENCE_RIDGE_COMPOSITION_ONLY,1.0,PMC6592156:TEMPERATURE:4 °C:Rep2,0.85,100.0
T238_OUTER_03,PXD060795_DALIAN_PLA_MICRO_NANOPLASTIC_HUMAN_PLASMA_CORONA,SEQUENCE_RIDGE_COMPOSITION_ONLY,1.0,PMC6592156:TEMPERATURE:4 °C:Rep3,0.6666666666666666,100.0
T238_OUTER_03,PXD060795_DALIAN_PLA_MICRO_NANOPLASTIC_HUMAN_PLASMA_CORONA,SEQUENCE_RIDGE_COMPOSITION_ONLY,1.0,PMC6592156:TEMPERATURE:41 °C:Rep1,0.6833333333333333,100.0
T238_OUTER_03,PXD060795_DALIAN_PLA_MICRO_NANOPLASTIC_HUMAN_PLASMA_CORONA,SEQUENCE_RIDGE_COMPOSITION_ONLY,1.0,PMC6592156:TEMPERATURE:41 °C:Rep2,0.6666666666666666,100.0
T238_OUTER_03,PXD060795_DALIAN_PLA_MICRO_NANOPLASTIC_HUMAN_PLASMA_CORONA,SEQUENCE_RIDGE_COMPOSITION_ONLY,1.0,PMC6592156:TEMPERATURE:41 °C:Rep3,0.7166666666666667,100.0
T238_OUTER_03,PXD060795_DALIAN_PLA_MICRO_NANOPLASTIC_HUMAN_PLASMA_CORONA,SEQUENCE_RIDGE_COMPOSITION_ONLY,1.0,PMC6592156:TEMPERATURE:47 °C:Rep1,0.7142857142857143,100.0
T238_OUTER_03,PXD060795_DALIAN_PLA_MICRO_NANOPLASTIC_HUMAN_PLASMA_CORONA,SEQUENCE_RIDGE_COMPOSITION_ONLY,1.0,PMC6592156:TEMPERATURE:47 °C:Rep2,0.8095238095238095,100.0
T238_OUTER_03,PXD060795_DALIAN_PLA_MICRO_NANOPLASTIC_HUMAN_PLASMA_CORONA,SEQUENCE_RIDGE_COMPOSITION_ONLY,1.0,PMC6592156:TEMPERATURE:47 °C:Rep3,0.7857142857142857,100.0
T238_OUTER_03,PXD060795_DALIAN_PLA_MICRO_NANOPLASTIC_HUMAN_PLASMA_CORONA,SEQUENCE_RIDGE_COMPOSITION_ONLY,1.0,PT_D1_16,0.8148464979493787,100.0
T238_OUTER_03,PXD060795_DALIAN_PLA_MICRO_NANOPLASTIC_HUMAN_PLASMA_CORONA,SEQUENCE_RIDGE_COMPOSITION_ONLY,1.0,PT_D1_18,0.801751998941236,100.0
T238_OUTER_03,PXD060795_DALIAN_PLA_MICRO_NANOPLASTIC_HUMAN_PLASMA_CORONA,SEQUENCE_RIDGE_COMPOSITION_ONLY,1.0,PT_D1_20,0.9153857298880941,100.0
T238_OUTER_03,PXD060795_DALIAN_PLA_MICRO_NANOPLASTIC_HUMAN_PLASMA_CORONA,SEQUENCE_RIDGE_COMPOSITION_ONLY,1.0,PT_D1_23,0.7110390983107745,100.0
T238_OUTER_03,PXD060795_DALIAN_PLA_MICRO_NANOPLASTIC_HUMAN_PLASMA_CORONA,SEQUENCE_RIDGE_COMPOSITION_ONLY,1.0,PT_D1_33,0.8437269535706317,100.0
T238_OUTER_03,PXD060795_DALIAN_PLA_MICRO_NANOPLASTIC_HUMAN_PLASMA_CORONA,SEQUENCE_RIDGE_COMPOSITION_ONLY,1.0,PT_D1_34,0.7119666788018509,100.0
T238_OUTER_03,PXD060795_DALIAN_PLA_MICRO_NANOPLASTIC_HUMAN_PLASMA_CORONA,SEQUENCE_RIDGE_COMPOSITION_ONLY,1.0,PT_D1_48,0.3898234515660837,100.0
T238_OUTER_03,PXD060795_DALIAN_PLA_MICRO_NANOPLASTIC_HUMAN_PLASMA_CORONA,SEQUENCE_RIDGE_COMPOSITION_ONLY,1.0,PT_D1_51,0.7156264473321343,100.0
T238_OUTER_03,PXD060795_DALIAN_PLA_MICRO_NANOPLASTIC_HUMAN_PLASMA_CORONA,SEQUENCE_RIDGE_COMPOSITION_ONLY,1.0,PT_D1_73,0.752325239503013,100.0
T238_OUTER_03,PXD060795_DALIAN_PLA_MICRO_NANOPLASTIC_HUMAN_PLASMA_CORONA,SEQUENCE_RIDGE_COMPOSITION_ONLY,1.0,PT_D1_81,0.791563911869046,100.0
T238_OUTER_03,PXD060795_DALIAN_PLA_MICRO_NANOPLASTIC_HUMAN_PLASMA_CORONA,SEQUENCE_RIDGE_COMPOSITION_ONLY,1.0,PT_D3_06,0.6831300510639733,100.0
T238_OUTER_03,PXD060795_DALIAN_PLA_MICRO_NANOPLASTIC_HUMAN_PLASMA_CORONA,SEQUENCE_RIDGE_COMPOSITION_ONLY,1.0,PT_D3_14,0.5855400437691199,100.0
T238_OUTER_03,PXD060795_DALIAN_PLA_MICRO_NANOPLASTIC_HUMAN_PLASMA_CORONA,SEQUENCE_RIDGE_COMPOSITION_ONLY,1.0,PT_D3_22,0.7152697513290861,100.0
T238_OUTER_03,PXD060795_DALIAN_PLA_MICRO_NANOPLASTIC_HUMAN_PLASMA_CORONA,SEQUENCE_RIDGE_COMPOSITION_ONLY,1.0,PT_D3_28,0.9157291161525718,100.0
T238_OUTER_03,PXD060795_DALIAN_PLA_MICRO_NANOPLASTIC_HUMAN_PLASMA_CORONA,SEQUENCE_RIDGE_COMPOSITION_ONLY,1.0,PT_D3_30,0.6160831149758972,100.0
T238_OUTER_03,PXD060795_DALIAN_PLA_MICRO_NANOPLASTIC_HUMAN_PLASMA_CORONA,SEQUENCE_RIDGE_COMPOSITION_ONLY,1.0,PT_D3_37,0.8650957979871868,100.0
T238_OUTER_03,PXD060795_DALIAN_PLA_MICRO_NANOPLASTIC_HUMAN_PLASMA_CORONA,SEQUENCE_RIDGE_COMPOSITION_ONLY,1.0,PT_D3_41,0.5424508028966484,100.0
T238_OUTER_03,PXD060795_DALIAN_PLA_MICRO_NANOPLASTIC_HUMAN_PLASMA_CORONA,SEQUENCE_RIDGE_COMPOSITION_ONLY,1.0,PT_D3_42,0.8861469461982083,100.0
T238_OUTER_03,PXD060795_DALIAN_PLA_MICRO_NANOPLASTIC_HUMAN_PLASMA_CORONA,SEQUENCE_RIDGE_COMPOSITION_ONLY,1.0,PT_D3_85,0.46381682852195877,100.0
T238_OUTER_03,PXD060795_DALIAN_PLA_MICRO_NANOPLASTIC_HUMAN_PLASMA_CORONA,SEQUENCE_RIDGE_COMPOSITION_ONLY,1.0,PT_D3_96,0.847579379526013,100.0
T238_OUTER_03,PXD060795_DALIAN_PLA_MICRO_NANOPLASTIC_HUMAN_PLASMA_CORONA,SEQUENCE_RIDGE_COMPOSITION_ONLY,1.0,R4_EDINBURGH_SGO_20210324_6pm_KostarelosK_OkweloguE_EO10,0.7142857142857143,100.0
T238_OUTER_03,PXD060795_DALIAN_PLA_MICRO_NANOPLASTIC_HUMAN_PLASMA_CORONA,SEQUENCE_RIDGE_COMPOSITION_ONLY,1.0,R4_EDINBURGH_SGO_20210324_6pm_KostarelosK_OkweloguE_EO103,0.7857142857142857,100.0
T238_OUTER_03,PXD060795_DALIAN_PLA_MICRO_NANOPLASTIC_HUMAN_PLASMA_CORONA,SEQUENCE_RIDGE_COMPOSITION_ONLY,1.0,R4_EDINBURGH_SGO_20210324_6pm_KostarelosK_OkweloguE_EO105,0.4523809523809524,100.0
T238_OUTER_03,PXD060795_DALIAN_PLA_MICRO_NANOPLASTIC_HUMAN_PLASMA_CORONA,SEQUENCE_RIDGE_COMPOSITION_ONLY,1.0,R4_EDINBURGH_SGO_20210324_6pm_KostarelosK_OkweloguE_EO107,0.5952380952380952,100.0
T238_OUTER_03,PXD060795_DALIAN_PLA_MICRO_NANOPLASTIC_HUMAN_PLASMA_CORONA,SEQUENCE_RIDGE_COMPOSITION_ONLY,1.0,R4_EDINBURGH_SGO_20210324_6pm_KostarelosK_OkweloguE_EO113,0.8333333333333334,100.0
T238_OUTER_03,PXD060795_DALIAN_PLA_MICRO_NANOPLASTIC_HUMAN_PLASMA_CORONA,SEQUENCE_RIDGE_COMPOSITION_ONLY,1.0,R4_EDINBURGH_SGO_20210324_6pm_KostarelosK_OkweloguE_EO116,0.5,100.0
T238_OUTER_03,PXD060795_DALIAN_PLA_MICRO_NANOPLASTIC_HUMAN_PLASMA_CORONA,SEQUENCE_RIDGE_COMPOSITION_ONLY,1.0,R4_EDINBURGH_SGO_20210324_6pm_KostarelosK_OkweloguE_EO12,0.7857142857142857,100.0
T238_OUTER_03,PXD060795_DALIAN_PLA_MICRO_NANOPLASTIC_HUMAN_PLASMA_CORONA,SEQUENCE_RIDGE_COMPOSITION_ONLY,1.0,R4_EDINBURGH_SGO_20210324_6pm_KostarelosK_OkweloguE_EO16,0.8571428571428571,100.0
T238_OUTER_03,PXD060795_DALIAN_PLA_MICRO_NANOPLASTIC_HUMAN_PLASMA_CORONA,SEQUENCE_RIDGE_COMPOSITION_ONLY,1.0,R4_EDINBURGH_SGO_20210324_6pm_KostarelosK_OkweloguE_EO21,0.047619047619047616,100.0
T238_OUTER_03,PXD060795_DALIAN_PLA_MICRO_NANOPLASTIC_HUMAN_PLASMA_CORONA,SEQUENCE_RIDGE_COMPOSITION_ONLY,1.0,R4_EDINBURGH_SGO_20210324_6pm_KostarelosK_OkweloguE_EO24,0.6190476190476191,100.0
T238_OUTER_03,PXD060795_DALIAN_PLA_MICRO_NANOPLASTIC_HUMAN_PLASMA_CORONA,SEQUENCE_RIDGE_COMPOSITION_ONLY,1.0,R4_EDINBURGH_SGO_20210324_6pm_KostarelosK_OkweloguE_EO31,0.6190476190476191,100.0
T238_OUTER_03,PXD060795_DALIAN_PLA_MICRO_NANOPLASTIC_HUMAN_PLASMA_CORONA,SEQUENCE_RIDGE_COMPOSITION_ONLY,1.0,R4_EDINBURGH_SGO_20210324_6pm_KostarelosK_OkweloguE_EO34,-0.16666666666666666,100.0
T238_OUTER_03,PXD060795_DALIAN_PLA_MICRO_NANOPLASTIC_HUMAN_PLASMA_CORONA,SEQUENCE_RIDGE_COMPOSITION_ONLY,1.0,R4_EDINBURGH_SGO_20210324_6pm_KostarelosK_OkweloguE_EO4,0.8571428571428571,100.0
T238_OUTER_03,PXD060795_DALIAN_PLA_MICRO_NANOPLASTIC_HUMAN_PLASMA_CORONA,SEQUENCE_RIDGE_COMPOSITION_ONLY,1.0,R4_EDINBURGH_SGO_20210324_6pm_KostarelosK_OkweloguE_EO43,0.5357142857142857,100.0
T238_OUTER_03,PXD060795_DALIAN_PLA_MICRO_NANOPLASTIC_HUMAN_PLASMA_CORONA,SEQUENCE_RIDGE_COMPOSITION_ONLY,1.0,R4_EDINBURGH_SGO_20210324_6pm_KostarelosK_OkweloguE_EO52,0.7142857142857143,100.0
T238_OUTER_03,PXD060795_DALIAN_PLA_MICRO_NANOPLASTIC_HUMAN_PLASMA_CORONA,SEQUENCE_RIDGE_COMPOSITION_ONLY,1.0,R4_EDINBURGH_SGO_20210324_6pm_KostarelosK_OkweloguE_EO64,0.9285714285714286,100.0
T238_OUTER_03,PXD060795_DALIAN_PLA_MICRO_NANOPLASTIC_HUMAN_PLASMA_CORONA,SEQUENCE_RIDGE_COMPOSITION_ONLY,1.0,R4_EDINBURGH_SGO_20210324_6pm_KostarelosK_OkweloguE_EO66,0.7380952380952381,100.0
T238_OUTER_03,PXD060795_DALIAN_PLA_MICRO_NANOPLASTIC_HUMAN_PLASMA_CORONA,SEQUENCE_RIDGE_COMPOSITION_ONLY,1.0,R4_EDINBURGH_SGO_20210324_6pm_KostarelosK_OkweloguE_EO73,0.8333333333333334,100.0
T238_OUTER_03,PXD060795_DALIAN_PLA_MICRO_NANOPLASTIC_HUMAN_PLASMA_CORONA,SEQUENCE_RIDGE_COMPOSITION_ONLY,1.0,R4_EDINBURGH_SGO_20210324_6pm_KostarelosK_OkweloguE_EO83,0.9047619047619048,100.0
T238_OUTER_03,PXD060795_DALIAN_PLA_MICRO_NANOPLASTIC_HUMAN_PLASMA_CORONA,SEQUENCE_RIDGE_COMPOSITION_ONLY,1.0,R4_EDINBURGH_SGO_20210324_6pm_KostarelosK_OkweloguE_EO88,0.21428571428571427,100.0
T238_OUTER_03,PXD060795_DALIAN_PLA_MICRO_NANOPLASTIC_HUMAN_PLASMA_CORONA,SEQUENCE_RIDGE_COMPOSITION_ONLY,1.0,R4_EDINBURGH_SGO_20210324_6pm_KostarelosK_OkweloguE_EO94,0.6190476190476191,100.0
T238_OUTER_03,PXD060795_DALIAN_PLA_MICRO_NANOPLASTIC_HUMAN_PLASMA_CORONA,SEQUENCE_RIDGE_COMPOSITION_ONLY,1.0,R4_EDINBURGH_SGO_20210324_6pm_KostarelosK_OkweloguE_EO96,0.6428571428571429,100.0
T238_OUTER_03,PXD060795_DALIAN_PLA_MICRO_NANOPLASTIC_HUMAN_PLASMA_CORONA,SEQUENCE_RIDGE_COMPOSITION_ONLY,1.0,R4_EDINBURGH_SGO_20210324_6pm_KostarelosK_OkweloguE_EO97,0.6190476190476191,100.0
T238_OUTER_03,PXD060795_DALIAN_PLA_MICRO_NANOPLASTIC_HUMAN_PLASMA_CORONA,SEQUENCE_RIDGE_COMPOSITION_ONLY,1.0,R4_EDINBURGH_USGO_20210324_6pm_KostarelosK_OkweloguE_EO106,0.6666666666666666,100.0
T238_OUTER_03,PXD060795_DALIAN_PLA_MICRO_NANOPLASTIC_HUMAN_PLASMA_CORONA,SEQUENCE_RIDGE_COMPOSITION_ONLY,1.0,R4_EDINBURGH_USGO_20210324_6pm_KostarelosK_OkweloguE_EO11,0.6363636363636364,100.0
T238_OUTER_03,PXD060795_DALIAN_PLA_MICRO_NANOPLASTIC_HUMAN_PLASMA_CORONA,SEQUENCE_RIDGE_COMPOSITION_ONLY,1.0,R4_EDINBURGH_USGO_20210324_6pm_KostarelosK_OkweloguE_EO111,0.85,100.0
T238_OUTER_03,PXD060795_DALIAN_PLA_MICRO_NANOPLASTIC_HUMAN_PLASMA_CORONA,SEQUENCE_RIDGE_COMPOSITION_ONLY,1.0,R4_EDINBURGH_USGO_20210324_6pm_KostarelosK_OkweloguE_EO112,0.6333333333333333,100.0
T238_OUTER_03,PXD060795_DALIAN_PLA_MICRO_NANOPLASTIC_HUMAN_PLASMA_CORONA,SEQUENCE_RIDGE_COMPOSITION_ONLY,1.0,R4_EDINBURGH_USGO_20210324_6pm_KostarelosK_OkweloguE_EO115,0.9166666666666666,100.0
T238_OUTER_03,PXD060795_DALIAN_PLA_MICRO_NANOPLASTIC_HUMAN_PLASMA_CORONA,SEQUENCE_RIDGE_COMPOSITION_ONLY,1.0,R4_EDINBURGH_USGO_20210324_6pm_KostarelosK_OkweloguE_EO120,0.85,100.0
T238_OUTER_03,PXD060795_DALIAN_PLA_MICRO_NANOPLASTIC_HUMAN_PLASMA_CORONA,SEQUENCE_RIDGE_COMPOSITION_ONLY,1.0,R4_EDINBURGH_USGO_20210324_6pm_KostarelosK_OkweloguE_EO121,0.6166666666666667,100.0
T238_OUTER_03,PXD060795_DALIAN_PLA_MICRO_NANOPLASTIC_HUMAN_PLASMA_CORONA,SEQUENCE_RIDGE_COMPOSITION_ONLY,1.0,R4_EDINBURGH_USGO_20210324_6pm_KostarelosK_OkweloguE_EO125,0.9,100.0
T238_OUTER_03,PXD060795_DALIAN_PLA_MICRO_NANOPLASTIC_HUMAN_PLASMA_CORONA,SEQUENCE_RIDGE_COMPOSITION_ONLY,1.0,R4_EDINBURGH_USGO_20210324_6pm_KostarelosK_OkweloguE_EO126,0.7666666666666667,100.0
T238_OUTER_03,PXD060795_DALIAN_PLA_MICRO_NANOPLASTIC_HUMAN_PLASMA_CORONA,SEQUENCE_RIDGE_COMPOSITION_ONLY,1.0,R4_EDINBURGH_USGO_20210324_6pm_KostarelosK_OkweloguE_EO13,0.95,100.0
T238_OUTER_03,PXD060795_DALIAN_PLA_MICRO_NANOPLASTIC_HUMAN_PLASMA_CORONA,SEQUENCE_RIDGE_COMPOSITION_ONLY,1.0,R4_EDINBURGH_USGO_20210324_6pm_KostarelosK_OkweloguE_EO26,0.55,100.0
T238_OUTER_03,PXD060795_DALIAN_PLA_MICRO_NANOPLASTIC_HUMAN_PLASMA_CORONA,SEQUENCE_RIDGE_COMPOSITION_ONLY,1.0,R4_EDINBURGH_USGO_20210324_6pm_KostarelosK_OkweloguE_EO36,0.7666666666666667,100.0
T238_OUTER_03,PXD060795_DALIAN_PLA_MICRO_NANOPLASTIC_HUMAN_PLASMA_CORONA,SEQUENCE_RIDGE_COMPOSITION_ONLY,1.0,R4_EDINBURGH_USGO_20210324_6pm_KostarelosK_OkweloguE_EO40,0.55,100.0
T238_OUTER_03,PXD060795_DALIAN_PLA_MICRO_NANOPLASTIC_HUMAN_PLASMA_CORONA,SEQUENCE_RIDGE_COMPOSITION_ONLY,1.0,R4_EDINBURGH_USGO_20210324_6pm_KostarelosK_OkweloguE_EO42,0.4666666666666667,100.0
T238_OUTER_03,PXD060795_DALIAN_PLA_MICRO_NANOPLASTIC_HUMAN_PLASMA_CORONA,SEQUENCE_RIDGE_COMPOSITION_ONLY,1.0,R4_EDINBURGH_USGO_20210324_6pm_KostarelosK_OkweloguE_EO44,0.8809523809523809,100.0
T238_OUTER_03,PXD060795_DALIAN_PLA_MICRO_NANOPLASTIC_HUMAN_PLASMA_CORONA,SEQUENCE_RIDGE_COMPOSITION_ONLY,1.0,R4_EDINBURGH_USGO_20210324_6pm_KostarelosK_OkweloguE_EO5,0.8303030303030303,100.0
T238_OUTER_03,PXD060795_DALIAN_PLA_MICRO_NANOPLASTIC_HUMAN_PLASMA_CORONA,SEQUENCE_RIDGE_COMPOSITION_ONLY,1.0,R4_EDINBURGH_USGO_20210324_6pm_KostarelosK_OkweloguE_EO50,0.75,100.0
T238_OUTER_03,PXD060795_DALIAN_PLA_MICRO_NANOPLASTIC_HUMAN_PLASMA_CORONA,SEQUENCE_RIDGE_COMPOSITION_ONLY,1.0,R4_EDINBURGH_USGO_20210324_6pm_KostarelosK_OkweloguE_EO53,0.6190476190476191,100.0
T238_OUTER_03,PXD060795_DALIAN_PLA_MICRO_NANOPLASTIC_HUMAN_PLASMA_CORONA,SEQUENCE_RIDGE_COMPOSITION_ONLY,1.0,R4_EDINBURGH_USGO_20210324_6pm_KostarelosK_OkweloguE_EO60,0.7619047619047619,100.0
T238_OUTER_03,PXD060795_DALIAN_PLA_MICRO_NANOPLASTIC_HUMAN_PLASMA_CORONA,SEQUENCE_RIDGE_COMPOSITION_ONLY,1.0,R4_EDINBURGH_USGO_20210324_6pm_KostarelosK_OkweloguE_EO62,0.11666666666666667,100.0
T238_OUTER_03,PXD060795_DALIAN_PLA_MICRO_NANOPLASTIC_HUMAN_PLASMA_CORONA,SEQUENCE_RIDGE_COMPOSITION_ONLY,1.0,R4_EDINBURGH_USGO_20210324_6pm_KostarelosK_OkweloguE_EO69,0.6666666666666666,100.0
T238_OUTER_03,PXD060795_DALIAN_PLA_MICRO_NANOPLASTIC_HUMAN_PLASMA_CORONA,SEQUENCE_RIDGE_COMPOSITION_ONLY,1.0,R4_EDINBURGH_USGO_20210324_6pm_KostarelosK_OkweloguE_EO76,0.21212121212121213,100.0
T238_OUTER_03,PXD060795_DALIAN_PLA_MICRO_NANOPLASTIC_HUMAN_PLASMA_CORONA,SEQUENCE_RIDGE_COMPOSITION_ONLY,1.0,R4_EDINBURGH_USGO_20210324_6pm_KostarelosK_OkweloguE_EO77,0.7857142857142857,100.0
T238_OUTER_03,PXD060795_DALIAN_PLA_MICRO_NANOPLASTIC_HUMAN_PLASMA_CORONA,SEQUENCE_RIDGE_COMPOSITION_ONLY,1.0,R4_EDINBURGH_USGO_20210324_6pm_KostarelosK_OkweloguE_EO79,0.6666666666666666,100.0
T238_OUTER_03,PXD060795_DALIAN_PLA_MICRO_NANOPLASTIC_HUMAN_PLASMA_CORONA,SEQUENCE_RIDGE_COMPOSITION_ONLY,1.0,R4_EDINBURGH_USGO_20210324_6pm_KostarelosK_OkweloguE_EO86,0.8666666666666667,100.0
T238_OUTER_03,PXD060795_DALIAN_PLA_MICRO_NANOPLASTIC_HUMAN_PLASMA_CORONA,SEQUENCE_RIDGE_COMPOSITION_ONLY,1.0,R4_EDINBURGH_USGO_20210324_6pm_KostarelosK_OkweloguE_EO87,0.806060606060606,100.0
T238_OUTER_03,PXD060795_DALIAN_PLA_MICRO_NANOPLASTIC_HUMAN_PLASMA_CORONA,SEQUENCE_RIDGE_COMPOSITION_ONLY,1.0,T_D1_133,0.7119666788018509,100.0
T238_OUTER_03,PXD060795_DALIAN_PLA_MICRO_NANOPLASTIC_HUMAN_PLASMA_CORONA,SEQUENCE_RIDGE_COMPOSITION_ONLY,1.0,T_D1_138,0.9141792475183748,100.0
T238_OUTER_03,PXD060795_DALIAN_PLA_MICRO_NANOPLASTIC_HUMAN_PLASMA_CORONA,SEQUENCE_RIDGE_COMPOSITION_ONLY,1.0,T_D1_165,0.847579379526013,100.0
T238_OUTER_03,PXD060795_DALIAN_PLA_MICRO_NANOPLASTIC_HUMAN_PLASMA_CORONA,SEQUENCE_RIDGE_COMPOSITION_ONLY,1.0,T_D1_173,0.9492889050691345,100.0
T238_OUTER_03,PXD060795_DALIAN_PLA_MICRO_NANOPLASTIC_HUMAN_PLASMA_CORONA,SEQUENCE_RIDGE_COMPOSITION_ONLY,1.0,T_D1_186,0.7669288989248111,100.0
T238_OUTER_03,PXD060795_DALIAN_PLA_MICRO_NANOPLASTIC_HUMAN_PLASMA_CORONA,SEQUENCE_RIDGE_COMPOSITION_ONLY,1.0,T_D3_119a,0.5933055656682091,100.0
T238_OUTER_03,PXD060795_DALIAN_PLA_MICRO_NANOPLASTIC_HUMAN_PLASMA_CORONA,SEQUENCE_RIDGE_COMPOSITION_ONLY,1.0,T_D3_119b,0.7448767935921586,100.0
T238_OUTER_03,PXD060795_DALIAN_PLA_MICRO_NANOPLASTIC_HUMAN_PLASMA_CORONA,SEQUENCE_RIDGE_COMPOSITION_ONLY,1.0,T_D3_155,0.5855400437691199,100.0
T238_OUTER_03,PXD060795_DALIAN_PLA_MICRO_NANOPLASTIC_HUMAN_PLASMA_CORONA,SEQUENCE_RIDGE_COMPOSITION_ONLY,1.0,T_D3_178,0.9082951062292475,100.0
T238_OUTER_03,PXD060795_DALIAN_PLA_MICRO_NANOPLASTIC_HUMAN_PLASMA_CORONA,SEQUENCE_RIDGE_COMPOSITION_ONLY,1.0,T_D3_198,0.34911853789422376,100.0
T238_OUTER_03,PXD060795_DALIAN_PLA_MICRO_NANOPLASTIC_HUMAN_PLASMA_CORONA,SEQUENCE_RIDGE_COMPOSITION_ONLY,1.0,__MEAN__,0.7034467090170672,100.0
T238_OUTER_03,PXD060795_DALIAN_PLA_MICRO_NANOPLASTIC_HUMAN_PLASMA_CORONA,SEQUENCE_RIDGE_COMPOSITION_ONLY,10.0,PMC6592156:PH:pH 4.9:Rep1,0.9428571428571428,100.0
T238_OUTER_03,PXD060795_DALIAN_PLA_MICRO_NANOPLASTIC_HUMAN_PLASMA_CORONA,SEQUENCE_RIDGE_COMPOSITION_ONLY,10.0,PMC6592156:PH:pH 4.9:Rep2,0.9285714285714286,100.0
T238_OUTER_03,PXD060795_DALIAN_PLA_MICRO_NANOPLASTIC_HUMAN_PLASMA_CORONA,SEQUENCE_RIDGE_COMPOSITION_ONLY,10.0,PMC6592156:PH:pH 4.9:Rep3,0.6428571428571429,100.0
T238_OUTER_03,PXD060795_DALIAN_PLA_MICRO_NANOPLASTIC_HUMAN_PLASMA_CORONA,SEQUENCE_RIDGE_COMPOSITION_ONLY,10.0,PMC6592156:PH:pH 6.1:Rep1,0.8095238095238095,100.0
T238_OUTER_03,PXD060795_DALIAN_PLA_MICRO_NANOPLASTIC_HUMAN_PLASMA_CORONA,SEQUENCE_RIDGE_COMPOSITION_ONLY,10.0,PMC6592156:PH:pH 6.1:Rep2,0.6333333333333333,100.0
T238_OUTER_03,PXD060795_DALIAN_PLA_MICRO_NANOPLASTIC_HUMAN_PLASMA_CORONA,SEQUENCE_RIDGE_COMPOSITION_ONLY,10.0,PMC6592156:PH:pH 6.1:Rep3,0.7714285714285715,100.0
T238_OUTER_03,PXD060795_DALIAN_PLA_MICRO_NANOPLASTIC_HUMAN_PLASMA_CORONA,SEQUENCE_RIDGE_COMPOSITION_ONLY,10.0,PMC6592156:PH:pH 6.8:Rep1,0.9,100.0
T238_OUTER_03,PXD060795_DALIAN_PLA_MICRO_NANOPLASTIC_HUMAN_PLASMA_CORONA,SEQUENCE_RIDGE_COMPOSITION_ONLY,10.0,PMC6592156:PH:pH 6.8:Rep2,0.7333333333333333,100.0
T238_OUTER_03,PXD060795_DALIAN_PLA_MICRO_NANOPLASTIC_HUMAN_PLASMA_CORONA,SEQUENCE_RIDGE_COMPOSITION_ONLY,10.0,PMC6592156:PH:pH 6.8:Rep3,0.5666666666666667,100.0
T238_OUTER_03,PXD060795_DALIAN_PLA_MICRO_NANOPLASTIC_HUMAN_PLASMA_CORONA,SEQUENCE_RIDGE_COMPOSITION_ONLY,10.0,PMC6592156:PH:pH 7.7:Rep1,0.7857142857142857,100.0
T238_OUTER_03,PXD060795_DALIAN_PLA_MICRO_NANOPLASTIC_HUMAN_PLASMA_CORONA,SEQUENCE_RIDGE_COMPOSITION_ONLY,10.0,PMC6592156:PH:pH 7.7:Rep2,0.7212121212121212,100.0
T238_OUTER_03,PXD060795_DALIAN_PLA_MICRO_NANOPLASTIC_HUMAN_PLASMA_CORONA,SEQUENCE_RIDGE_COMPOSITION_ONLY,10.0,PMC6592156:PH:pH 7.7:Rep3,0.6833333333333333,100.0
T238_OUTER_03,PXD060795_DALIAN_PLA_MICRO_NANOPLASTIC_HUMAN_PLASMA_CORONA,SEQUENCE_RIDGE_COMPOSITION_ONLY,10.0,PMC6592156:PH:pH 8.9:Rep1,0.8571428571428571,100.0
T238_OUTER_03,PXD060795_DALIAN_PLA_MICRO_NANOPLASTIC_HUMAN_PLASMA_CORONA,SEQUENCE_RIDGE_COMPOSITION_ONLY,10.0,PMC6592156:PH:pH 8.9:Rep2,0.9523809523809523,100.0
T238_OUTER_03,PXD060795_DALIAN_PLA_MICRO_NANOPLASTIC_HUMAN_PLASMA_CORONA,SEQUENCE_RIDGE_COMPOSITION_ONLY,10.0,PMC6592156:PH:pH 8.9:Rep3,0.9272727272727272,100.0
T238_OUTER_03,PXD060795_DALIAN_PLA_MICRO_NANOPLASTIC_HUMAN_PLASMA_CORONA,SEQUENCE_RIDGE_COMPOSITION_ONLY,10.0,PMC6592156:TEMPERATURE:17 °C:Rep1,0.47619047619047616,100.0
T238_OUTER_03,PXD060795_DALIAN_PLA_MICRO_NANOPLASTIC_HUMAN_PLASMA_CORONA,SEQUENCE_RIDGE_COMPOSITION_ONLY,10.0,PMC6592156:TEMPERATURE:17 °C:Rep2,0.5952380952380952,100.0
T238_OUTER_03,PXD060795_DALIAN_PLA_MICRO_NANOPLASTIC_HUMAN_PLASMA_CORONA,SEQUENCE_RIDGE_COMPOSITION_ONLY,10.0,PMC6592156:TEMPERATURE:17 °C:Rep3,0.5714285714285714,100.0
T238_OUTER_03,PXD060795_DALIAN_PLA_MICRO_NANOPLASTIC_HUMAN_PLASMA_CORONA,SEQUENCE_RIDGE_COMPOSITION_ONLY,10.0,PMC6592156:TEMPERATURE:30 °C:Rep1,0.9047619047619048,100.0
T238_OUTER_03,PXD060795_DALIAN_PLA_MICRO_NANOPLASTIC_HUMAN_PLASMA_CORONA,SEQUENCE_RIDGE_COMPOSITION_ONLY,10.0,PMC6592156:TEMPERATURE:30 °C:Rep2,0.6785714285714286,100.0
T238_OUTER_03,PXD060795_DALIAN_PLA_MICRO_NANOPLASTIC_HUMAN_PLASMA_CORONA,SEQUENCE_RIDGE_COMPOSITION_ONLY,10.0,PMC6592156:TEMPERATURE:30 °C:Rep3,0.85,100.0
T238_OUTER_03,PXD060795_DALIAN_PLA_MICRO_NANOPLASTIC_HUMAN_PLASMA_CORONA,SEQUENCE_RIDGE_COMPOSITION_ONLY,10.0,PMC6592156:TEMPERATURE:4 °C:Rep1,0.8833333333333333,100.0
T238_OUTER_03,PXD060795_DALIAN_PLA_MICRO_NANOPLASTIC_HUMAN_PLASMA_CORONA,SEQUENCE_RIDGE_COMPOSITION_ONLY,10.0,PMC6592156:TEMPERATURE:4 °C:Rep2,0.8833333333333333,100.0
T238_OUTER_03,PXD060795_DALIAN_PLA_MICRO_NANOPLASTIC_HUMAN_PLASMA_CORONA,SEQUENCE_RIDGE_COMPOSITION_ONLY,10.0,PMC6592156:TEMPERATURE:4 °C:Rep3,0.7142857142857143,100.0
T238_OUTER_03,PXD060795_DALIAN_PLA_MICRO_NANOPLASTIC_HUMAN_PLASMA_CORONA,SEQUENCE_RIDGE_COMPOSITION_ONLY,10.0,PMC6592156:TEMPERATURE:41 °C:Rep1,0.6833333333333333,100.0
T238_OUTER_03,PXD060795_DALIAN_PLA_MICRO_NANOPLASTIC_HUMAN_PLASMA_CORONA,SEQUENCE_RIDGE_COMPOSITION_ONLY,10.0,PMC6592156:TEMPERATURE:41 °C:Rep2,0.6666666666666666,100.0
T238_OUTER_03,PXD060795_DALIAN_PLA_MICRO_NANOPLASTIC_HUMAN_PLASMA_CORONA,SEQUENCE_RIDGE_COMPOSITION_ONLY,10.0,PMC6592156:TEMPERATURE:41 °C:Rep3,0.7166666666666667,100.0
T238_OUTER_03,PXD060795_DALIAN_PLA_MICRO_NANOPLASTIC_HUMAN_PLASMA_CORONA,SEQUENCE_RIDGE_COMPOSITION_ONLY,10.0,PMC6592156:TEMPERATURE:47 °C:Rep1,0.7142857142857143,100.0
T238_OUTER_03,PXD060795_DALIAN_PLA_MICRO_NANOPLASTIC_HUMAN_PLASMA_CORONA,SEQUENCE_RIDGE_COMPOSITION_ONLY,10.0,PMC6592156:TEMPERATURE:47 °C:Rep2,0.8095238095238095,100.0
T238_OUTER_03,PXD060795_DALIAN_PLA_MICRO_NANOPLASTIC_HUMAN_PLASMA_CORONA,SEQUENCE_RIDGE_COMPOSITION_ONLY,10.0,PMC6592156:TEMPERATURE:47 °C:Rep3,0.8095238095238095,100.0
T238_OUTER_03,PXD060795_DALIAN_PLA_MICRO_NANOPLASTIC_HUMAN_PLASMA_CORONA,SEQUENCE_RIDGE_COMPOSITION_ONLY,10.0,PT_D1_16,0.7019673294022786,100.0
T238_OUTER_03,PXD060795_DALIAN_PLA_MICRO_NANOPLASTIC_HUMAN_PLASMA_CORONA,SEQUENCE_RIDGE_COMPOSITION_ONLY,10.0,PT_D1_18,0.801751998941236,100.0
T238_OUTER_03,PXD060795_DALIAN_PLA_MICRO_NANOPLASTIC_HUMAN_PLASMA_CORONA,SEQUENCE_RIDGE_COMPOSITION_ONLY,10.0,PT_D1_20,0.9153857298880941,100.0
T238_OUTER_03,PXD060795_DALIAN_PLA_MICRO_NANOPLASTIC_HUMAN_PLASMA_CORONA,SEQUENCE_RIDGE_COMPOSITION_ONLY,10.0,PT_D1_23,0.7110390983107745,100.0
T238_OUTER_03,PXD060795_DALIAN_PLA_MICRO_NANOPLASTIC_HUMAN_PLASMA_CORONA,SEQUENCE_RIDGE_COMPOSITION_ONLY,10.0,PT_D1_33,0.8437269535706317,100.0
T238_OUTER_03,PXD060795_DALIAN_PLA_MICRO_NANOPLASTIC_HUMAN_PLASMA_CORONA,SEQUENCE_RIDGE_COMPOSITION_ONLY,10.0,PT_D1_34,0.7119666788018509,100.0
T238_OUTER_03,PXD060795_DALIAN_PLA_MICRO_NANOPLASTIC_HUMAN_PLASMA_CORONA,SEQUENCE_RIDGE_COMPOSITION_ONLY,10.0,PT_D1_48,0.3898234515660837,100.0
T238_OUTER_03,PXD060795_DALIAN_PLA_MICRO_NANOPLASTIC_HUMAN_PLASMA_CORONA,SEQUENCE_RIDGE_COMPOSITION_ONLY,10.0,PT_D1_51,0.7156264473321343,100.0
T238_OUTER_03,PXD060795_DALIAN_PLA_MICRO_NANOPLASTIC_HUMAN_PLASMA_CORONA,SEQUENCE_RIDGE_COMPOSITION_ONLY,10.0,PT_D1_73,0.752325239503013,100.0
T238_OUTER_03,PXD060795_DALIAN_PLA_MICRO_NANOPLASTIC_HUMAN_PLASMA_CORONA,SEQUENCE_RIDGE_COMPOSITION_ONLY,10.0,PT_D1_81,0.791563911869046,100.0
T238_OUTER_03,PXD060795_DALIAN_PLA_MICRO_NANOPLASTIC_HUMAN_PLASMA_CORONA,SEQUENCE_RIDGE_COMPOSITION_ONLY,10.0,PT_D3_06,0.6831300510639733,100.0
T238_OUTER_03,PXD060795_DALIAN_PLA_MICRO_NANOPLASTIC_HUMAN_PLASMA_CORONA,SEQUENCE_RIDGE_COMPOSITION_ONLY,10.0,PT_D3_14,0.5855400437691199,100.0
T238_OUTER_03,PXD060795_DALIAN_PLA_MICRO_NANOPLASTIC_HUMAN_PLASMA_CORONA,SEQUENCE_RIDGE_COMPOSITION_ONLY,10.0,PT_D3_22,0.7152697513290861,100.0
T238_OUTER_03,PXD060795_DALIAN_PLA_MICRO_NANOPLASTIC_HUMAN_PLASMA_CORONA,SEQUENCE_RIDGE_COMPOSITION_ONLY,10.0,PT_D3_28,0.9157291161525718,100.0
T238_OUTER_03,PXD060795_DALIAN_PLA_MICRO_NANOPLASTIC_HUMAN_PLASMA_CORONA,SEQUENCE_RIDGE_COMPOSITION_ONLY,10.0,PT_D3_30,0.6160831149758972,100.0
T238_OUTER_03,PXD060795_DALIAN_PLA_MICRO_NANOPLASTIC_HUMAN_PLASMA_CORONA,SEQUENCE_RIDGE_COMPOSITION_ONLY,10.0,PT_D3_37,0.8650957979871868,100.0
T238_OUTER_03,PXD060795_DALIAN_PLA_MICRO_NANOPLASTIC_HUMAN_PLASMA_CORONA,SEQUENCE_RIDGE_COMPOSITION_ONLY,10.0,PT_D3_41,0.5424508028966484,100.0
T238_OUTER_03,PXD060795_DALIAN_PLA_MICRO_NANOPLASTIC_HUMAN_PLASMA_CORONA,SEQUENCE_RIDGE_COMPOSITION_ONLY,10.0,PT_D3_42,0.8814825547070535,100.0
T238_OUTER_03,PXD060795_DALIAN_PLA_MICRO_NANOPLASTIC_HUMAN_PLASMA_CORONA,SEQUENCE_RIDGE_COMPOSITION_ONLY,10.0,PT_D3_85,0.47809144373375745,100.0
T238_OUTER_03,PXD060795_DALIAN_PLA_MICRO_NANOPLASTIC_HUMAN_PLASMA_CORONA,SEQUENCE_RIDGE_COMPOSITION_ONLY,10.0,PT_D3_96,0.847579379526013,100.0
T238_OUTER_03,PXD060795_DALIAN_PLA_MICRO_NANOPLASTIC_HUMAN_PLASMA_CORONA,SEQUENCE_RIDGE_COMPOSITION_ONLY,10.0,R4_EDINBURGH_SGO_20210324_6pm_KostarelosK_OkweloguE_EO10,0.7142857142857143,100.0
T238_OUTER_03,PXD060795_DALIAN_PLA_MICRO_NANOPLASTIC_HUMAN_PLASMA_CORONA,SEQUENCE_RIDGE_COMPOSITION_ONLY,10.0,R4_EDINBURGH_SGO_20210324_6pm_KostarelosK_OkweloguE_EO103,0.7857142857142857,100.0
T238_OUTER_03,PXD060795_DALIAN_PLA_MICRO_NANOPLASTIC_HUMAN_PLASMA_CORONA,SEQUENCE_RIDGE_COMPOSITION_ONLY,10.0,R4_EDINBURGH_SGO_20210324_6pm_KostarelosK_OkweloguE_EO105,0.4523809523809524,100.0
T238_OUTER_03,PXD060795_DALIAN_PLA_MICRO_NANOPLASTIC_HUMAN_PLASMA_CORONA,SEQUENCE_RIDGE_COMPOSITION_ONLY,10.0,R4_EDINBURGH_SGO_20210324_6pm_KostarelosK_OkweloguE_EO107,0.5952380952380952,100.0
T238_OUTER_03,PXD060795_DALIAN_PLA_MICRO_NANOPLASTIC_HUMAN_PLASMA_CORONA,SEQUENCE_RIDGE_COMPOSITION_ONLY,10.0,R4_EDINBURGH_SGO_20210324_6pm_KostarelosK_OkweloguE_EO113,0.8333333333333334,100.0
T238_OUTER_03,PXD060795_DALIAN_PLA_MICRO_NANOPLASTIC_HUMAN_PLASMA_CORONA,SEQUENCE_RIDGE_COMPOSITION_ONLY,10.0,R4_EDINBURGH_SGO_20210324_6pm_KostarelosK_OkweloguE_EO116,0.5,100.0
T238_OUTER_03,PXD060795_DALIAN_PLA_MICRO_NANOPLASTIC_HUMAN_PLASMA_CORONA,SEQUENCE_RIDGE_COMPOSITION_ONLY,10.0,R4_EDINBURGH_SGO_20210324_6pm_KostarelosK_OkweloguE_EO12,0.7857142857142857,100.0
T238_OUTER_03,PXD060795_DALIAN_PLA_MICRO_NANOPLASTIC_HUMAN_PLASMA_CORONA,SEQUENCE_RIDGE_COMPOSITION_ONLY,10.0,R4_EDINBURGH_SGO_20210324_6pm_KostarelosK_OkweloguE_EO16,0.8571428571428571,100.0
T238_OUTER_03,PXD060795_DALIAN_PLA_MICRO_NANOPLASTIC_HUMAN_PLASMA_CORONA,SEQUENCE_RIDGE_COMPOSITION_ONLY,10.0,R4_EDINBURGH_SGO_20210324_6pm_KostarelosK_OkweloguE_EO21,0.047619047619047616,100.0
T238_OUTER_03,PXD060795_DALIAN_PLA_MICRO_NANOPLASTIC_HUMAN_PLASMA_CORONA,SEQUENCE_RIDGE_COMPOSITION_ONLY,10.0,R4_EDINBURGH_SGO_20210324_6pm_KostarelosK_OkweloguE_EO24,0.6190476190476191,100.0
T238_OUTER_03,PXD060795_DALIAN_PLA_MICRO_NANOPLASTIC_HUMAN_PLASMA_CORONA,SEQUENCE_RIDGE_COMPOSITION_ONLY,10.0,R4_EDINBURGH_SGO_20210324_6pm_KostarelosK_OkweloguE_EO31,0.6190476190476191,100.0
T238_OUTER_03,PXD060795_DALIAN_PLA_MICRO_NANOPLASTIC_HUMAN_PLASMA_CORONA,SEQUENCE_RIDGE_COMPOSITION_ONLY,10.0,R4_EDINBURGH_SGO_20210324_6pm_KostarelosK_OkweloguE_EO34,-0.16666666666666666,100.0
T238_OUTER_03,PXD060795_DALIAN_PLA_MICRO_NANOPLASTIC_HUMAN_PLASMA_CORONA,SEQUENCE_RIDGE_COMPOSITION_ONLY,10.0,R4_EDINBURGH_SGO_20210324_6pm_KostarelosK_OkweloguE_EO4,0.8571428571428571,100.0
T238_OUTER_03,PXD060795_DALIAN_PLA_MICRO_NANOPLASTIC_HUMAN_PLASMA_CORONA,SEQUENCE_RIDGE_COMPOSITION_ONLY,10.0,R4_EDINBURGH_SGO_20210324_6pm_KostarelosK_OkweloguE_EO43,0.5357142857142857,100.0
T238_OUTER_03,PXD060795_DALIAN_PLA_MICRO_NANOPLASTIC_HUMAN_PLASMA_CORONA,SEQUENCE_RIDGE_COMPOSITION_ONLY,10.0,R4_EDINBURGH_SGO_20210324_6pm_KostarelosK_OkweloguE_EO52,0.7142857142857143,100.0
T238_OUTER_03,PXD060795_DALIAN_PLA_MICRO_NANOPLASTIC_HUMAN_PLASMA_CORONA,SEQUENCE_RIDGE_COMPOSITION_ONLY,10.0,R4_EDINBURGH_SGO_20210324_6pm_KostarelosK_OkweloguE_EO64,0.9285714285714286,100.0
T238_OUTER_03,PXD060795_DALIAN_PLA_MICRO_NANOPLASTIC_HUMAN_PLASMA_CORONA,SEQUENCE_RIDGE_COMPOSITION_ONLY,10.0,R4_EDINBURGH_SGO_20210324_6pm_KostarelosK_OkweloguE_EO66,0.7380952380952381,100.0
T238_OUTER_03,PXD060795_DALIAN_PLA_MICRO_NANOPLASTIC_HUMAN_PLASMA_CORONA,SEQUENCE_RIDGE_COMPOSITION_ONLY,10.0,R4_EDINBURGH_SGO_20210324_6pm_KostarelosK_OkweloguE_EO73,0.8333333333333334,100.0
T238_OUTER_03,PXD060795_DALIAN_PLA_MICRO_NANOPLASTIC_HUMAN_PLASMA_CORONA,SEQUENCE_RIDGE_COMPOSITION_ONLY,10.0,R4_EDINBURGH_SGO_20210324_6pm_KostarelosK_OkweloguE_EO83,0.9047619047619048,100.0
T238_OUTER_03,PXD060795_DALIAN_PLA_MICRO_NANOPLASTIC_HUMAN_PLASMA_CORONA,SEQUENCE_RIDGE_COMPOSITION_ONLY,10.0,R4_EDINBURGH_SGO_20210324_6pm_KostarelosK_OkweloguE_EO88,0.21428571428571427,100.0
T238_OUTER_03,PXD060795_DALIAN_PLA_MICRO_NANOPLASTIC_HUMAN_PLASMA_CORONA,SEQUENCE_RIDGE_COMPOSITION_ONLY,10.0,R4_EDINBURGH_SGO_20210324_6pm_KostarelosK_OkweloguE_EO94,0.6190476190476191,100.0
T238_OUTER_03,PXD060795_DALIAN_PLA_MICRO_NANOPLASTIC_HUMAN_PLASMA_CORONA,SEQUENCE_RIDGE_COMPOSITION_ONLY,10.0,R4_EDINBURGH_SGO_20210324_6pm_KostarelosK_OkweloguE_EO96,0.6428571428571429,100.0
T238_OUTER_03,PXD060795_DALIAN_PLA_MICRO_NANOPLASTIC_HUMAN_PLASMA_CORONA,SEQUENCE_RIDGE_COMPOSITION_ONLY,10.0,R4_EDINBURGH_SGO_20210324_6pm_KostarelosK_OkweloguE_EO97,0.6190476190476191,100.0
T238_OUTER_03,PXD060795_DALIAN_PLA_MICRO_NANOPLASTIC_HUMAN_PLASMA_CORONA,SEQUENCE_RIDGE_COMPOSITION_ONLY,10.0,R4_EDINBURGH_USGO_20210324_6pm_KostarelosK_OkweloguE_EO106,0.6666666666666666,100.0
T238_OUTER_03,PXD060795_DALIAN_PLA_MICRO_NANOPLASTIC_HUMAN_PLASMA_CORONA,SEQUENCE_RIDGE_COMPOSITION_ONLY,10.0,R4_EDINBURGH_USGO_20210324_6pm_KostarelosK_OkweloguE_EO11,0.6363636363636364,100.0
T238_OUTER_03,PXD060795_DALIAN_PLA_MICRO_NANOPLASTIC_HUMAN_PLASMA_CORONA,SEQUENCE_RIDGE_COMPOSITION_ONLY,10.0,R4_EDINBURGH_USGO_20210324_6pm_KostarelosK_OkweloguE_EO111,0.85,100.0
T238_OUTER_03,PXD060795_DALIAN_PLA_MICRO_NANOPLASTIC_HUMAN_PLASMA_CORONA,SEQUENCE_RIDGE_COMPOSITION_ONLY,10.0,R4_EDINBURGH_USGO_20210324_6pm_KostarelosK_OkweloguE_EO112,0.6333333333333333,100.0
T238_OUTER_03,PXD060795_DALIAN_PLA_MICRO_NANOPLASTIC_HUMAN_PLASMA_CORONA,SEQUENCE_RIDGE_COMPOSITION_ONLY,10.0,R4_EDINBURGH_USGO_20210324_6pm_KostarelosK_OkweloguE_EO115,0.9166666666666666,100.0
T238_OUTER_03,PXD060795_DALIAN_PLA_MICRO_NANOPLASTIC_HUMAN_PLASMA_CORONA,SEQUENCE_RIDGE_COMPOSITION_ONLY,10.0,R4_EDINBURGH_USGO_20210324_6pm_KostarelosK_OkweloguE_EO120,0.85,100.0
T238_OUTER_03,PXD060795_DALIAN_PLA_MICRO_NANOPLASTIC_HUMAN_PLASMA_CORONA,SEQUENCE_RIDGE_COMPOSITION_ONLY,10.0,R4_EDINBURGH_USGO_20210324_6pm_KostarelosK_OkweloguE_EO121,0.6166666666666667,100.0
T238_OUTER_03,PXD060795_DALIAN_PLA_MICRO_NANOPLASTIC_HUMAN_PLASMA_CORONA,SEQUENCE_RIDGE_COMPOSITION_ONLY,10.0,R4_EDINBURGH_USGO_20210324_6pm_KostarelosK_OkweloguE_EO125,0.9,100.0
T238_OUTER_03,PXD060795_DALIAN_PLA_MICRO_NANOPLASTIC_HUMAN_PLASMA_CORONA,SEQUENCE_RIDGE_COMPOSITION_ONLY,10.0,R4_EDINBURGH_USGO_20210324_6pm_KostarelosK_OkweloguE_EO126,0.7666666666666667,100.0
T238_OUTER_03,PXD060795_DALIAN_PLA_MICRO_NANOPLASTIC_HUMAN_PLASMA_CORONA,SEQUENCE_RIDGE_COMPOSITION_ONLY,10.0,R4_EDINBURGH_USGO_20210324_6pm_KostarelosK_OkweloguE_EO13,0.95,100.0
T238_OUTER_03,PXD060795_DALIAN_PLA_MICRO_NANOPLASTIC_HUMAN_PLASMA_CORONA,SEQUENCE_RIDGE_COMPOSITION_ONLY,10.0,R4_EDINBURGH_USGO_20210324_6pm_KostarelosK_OkweloguE_EO26,0.55,100.0
T238_OUTER_03,PXD060795_DALIAN_PLA_MICRO_NANOPLASTIC_HUMAN_PLASMA_CORONA,SEQUENCE_RIDGE_COMPOSITION_ONLY,10.0,R4_EDINBURGH_USGO_20210324_6pm_KostarelosK_OkweloguE_EO36,0.7666666666666667,100.0
T238_OUTER_03,PXD060795_DALIAN_PLA_MICRO_NANOPLASTIC_HUMAN_PLASMA_CORONA,SEQUENCE_RIDGE_COMPOSITION_ONLY,10.0,R4_EDINBURGH_USGO_20210324_6pm_KostarelosK_OkweloguE_EO40,0.55,100.0
T238_OUTER_03,PXD060795_DALIAN_PLA_MICRO_NANOPLASTIC_HUMAN_PLASMA_CORONA,SEQUENCE_RIDGE_COMPOSITION_ONLY,10.0,R4_EDINBURGH_USGO_20210324_6pm_KostarelosK_OkweloguE_EO42,0.4666666666666667,100.0
T238_OUTER_03,PXD060795_DALIAN_PLA_MICRO_NANOPLASTIC_HUMAN_PLASMA_CORONA,SEQUENCE_RIDGE_COMPOSITION_ONLY,10.0,R4_EDINBURGH_USGO_20210324_6pm_KostarelosK_OkweloguE_EO44,0.8809523809523809,100.0
T238_OUTER_03,PXD060795_DALIAN_PLA_MICRO_NANOPLASTIC_HUMAN_PLASMA_CORONA,SEQUENCE_RIDGE_COMPOSITION_ONLY,10.0,R4_EDINBURGH_USGO_20210324_6pm_KostarelosK_OkweloguE_EO5,0.8303030303030303,100.0
T238_OUTER_03,PXD060795_DALIAN_PLA_MICRO_NANOPLASTIC_HUMAN_PLASMA_CORONA,SEQUENCE_RIDGE_COMPOSITION_ONLY,10.0,R4_EDINBURGH_USGO_20210324_6pm_KostarelosK_OkweloguE_EO50,0.75,100.0
T238_OUTER_03,PXD060795_DALIAN_PLA_MICRO_NANOPLASTIC_HUMAN_PLASMA_CORONA,SEQUENCE_RIDGE_COMPOSITION_ONLY,10.0,R4_EDINBURGH_USGO_20210324_6pm_KostarelosK_OkweloguE_EO53,0.6190476190476191,100.0
T238_OUTER_03,PXD060795_DALIAN_PLA_MICRO_NANOPLASTIC_HUMAN_PLASMA_CORONA,SEQUENCE_RIDGE_COMPOSITION_ONLY,10.0,R4_EDINBURGH_USGO_20210324_6pm_KostarelosK_OkweloguE_EO60,0.7619047619047619,100.0
T238_OUTER_03,PXD060795_DALIAN_PLA_MICRO_NANOPLASTIC_HUMAN_PLASMA_CORONA,SEQUENCE_RIDGE_COMPOSITION_ONLY,10.0,R4_EDINBURGH_USGO_20210324_6pm_KostarelosK_OkweloguE_EO62,0.11666666666666667,100.0
T238_OUTER_03,PXD060795_DALIAN_PLA_MICRO_NANOPLASTIC_HUMAN_PLASMA_CORONA,SEQUENCE_RIDGE_COMPOSITION_ONLY,10.0,R4_EDINBURGH_USGO_20210324_6pm_KostarelosK_OkweloguE_EO69,0.6666666666666666,100.0
T238_OUTER_03,PXD060795_DALIAN_PLA_MICRO_NANOPLASTIC_HUMAN_PLASMA_CORONA,SEQUENCE_RIDGE_COMPOSITION_ONLY,10.0,R4_EDINBURGH_USGO_20210324_6pm_KostarelosK_OkweloguE_EO76,0.21212121212121213,100.0
T238_OUTER_03,PXD060795_DALIAN_PLA_MICRO_NANOPLASTIC_HUMAN_PLASMA_CORONA,SEQUENCE_RIDGE_COMPOSITION_ONLY,10.0,R4_EDINBURGH_USGO_20210324_6pm_KostarelosK_OkweloguE_EO77,0.7857142857142857,100.0
T238_OUTER_03,PXD060795_DALIAN_PLA_MICRO_NANOPLASTIC_HUMAN_PLASMA_CORONA,SEQUENCE_RIDGE_COMPOSITION_ONLY,10.0,R4_EDINBURGH_USGO_20210324_6pm_KostarelosK_OkweloguE_EO79,0.6666666666666666,100.0
T238_OUTER_03,PXD060795_DALIAN_PLA_MICRO_NANOPLASTIC_HUMAN_PLASMA_CORONA,SEQUENCE_RIDGE_COMPOSITION_ONLY,10.0,R4_EDINBURGH_USGO_20210324_6pm_KostarelosK_OkweloguE_EO86,0.8666666666666667,100.0
T238_OUTER_03,PXD060795_DALIAN_PLA_MICRO_NANOPLASTIC_HUMAN_PLASMA_CORONA,SEQUENCE_RIDGE_COMPOSITION_ONLY,10.0,R4_EDINBURGH_USGO_20210324_6pm_KostarelosK_OkweloguE_EO87,0.806060606060606,100.0
T238_OUTER_03,PXD060795_DALIAN_PLA_MICRO_NANOPLASTIC_HUMAN_PLASMA_CORONA,SEQUENCE_RIDGE_COMPOSITION_ONLY,10.0,T_D1_133,0.7119666788018509,100.0
T238_OUTER_03,PXD060795_DALIAN_PLA_MICRO_NANOPLASTIC_HUMAN_PLASMA_CORONA,SEQUENCE_RIDGE_COMPOSITION_ONLY,10.0,T_D1_138,0.9141792475183748,100.0
T238_OUTER_03,PXD060795_DALIAN_PLA_MICRO_NANOPLASTIC_HUMAN_PLASMA_CORONA,SEQUENCE_RIDGE_COMPOSITION_ONLY,10.0,T_D1_165,0.8355099778440249,100.0
T238_OUTER_03,PXD060795_DALIAN_PLA_MICRO_NANOPLASTIC_HUMAN_PLASMA_CORONA,SEQUENCE_RIDGE_COMPOSITION_ONLY,10.0,T_D1_173,0.9492889050691345,100.0
T238_OUTER_03,PXD060795_DALIAN_PLA_MICRO_NANOPLASTIC_HUMAN_PLASMA_CORONA,SEQUENCE_RIDGE_COMPOSITION_ONLY,10.0,T_D1_186,0.7744046403152623,100.0
T238_OUTER_03,PXD060795_DALIAN_PLA_MICRO_NANOPLASTIC_HUMAN_PLASMA_CORONA,SEQUENCE_RIDGE_COMPOSITION_ONLY,10.0,T_D3_119a,0.5823251360731083,100.0
T238_OUTER_03,PXD060795_DALIAN_PLA_MICRO_NANOPLASTIC_HUMAN_PLASMA_CORONA,SEQUENCE_RIDGE_COMPOSITION_ONLY,10.0,T_D3_119b,0.7477378904816532,100.0
T238_OUTER_03,PXD060795_DALIAN_PLA_MICRO_NANOPLASTIC_HUMAN_PLASMA_CORONA,SEQUENCE_RIDGE_COMPOSITION_ONLY,10.0,T_D3_155,0.5855400437691199,100.0
T238_OUTER_03,PXD060795_DALIAN_PLA_MICRO_NANOPLASTIC_HUMAN_PLASMA_CORONA,SEQUENCE_RIDGE_COMPOSITION_ONLY,10.0,T_D3_178,0.9150029748446887,100.0
T238_OUTER_03,PXD060795_DALIAN_PLA_MICRO_NANOPLASTIC_HUMAN_PLASMA_CORONA,SEQUENCE_RIDGE_COMPOSITION_ONLY,10.0,T_D3_198,0.38462211801906004,100.0
T238_OUTER_03,PXD060795_DALIAN_PLA_MICRO_NANOPLASTIC_HUMAN_PLASMA_CORONA,SEQUENCE_RIDGE_COMPOSITION_ONLY,10.0,__MEAN__,0.7065270147091819,100.0
T238_OUTER_03,PXD060795_DALIAN_PLA_MICRO_NANOPLASTIC_HUMAN_PLASMA_CORONA,SEQUENCE_RIDGE_COMPOSITION_ONLY,100.0,PMC6592156:PH:pH 4.9:Rep1,0.9428571428571428,100.0
T238_OUTER_03,PXD060795_DALIAN_PLA_MICRO_NANOPLASTIC_HUMAN_PLASMA_CORONA,SEQUENCE_RIDGE_COMPOSITION_ONLY,100.0,PMC6592156:PH:pH 4.9:Rep2,0.9285714285714286,100.0
T238_OUTER_03,PXD060795_DALIAN_PLA_MICRO_NANOPLASTIC_HUMAN_PLASMA_CORONA,SEQUENCE_RIDGE_COMPOSITION_ONLY,100.0,PMC6592156:PH:pH 4.9:Rep3,0.7857142857142857,100.0
T238_OUTER_03,PXD060795_DALIAN_PLA_MICRO_NANOPLASTIC_HUMAN_PLASMA_CORONA,SEQUENCE_RIDGE_COMPOSITION_ONLY,100.0,PMC6592156:PH:pH 6.1:Rep1,0.8095238095238095,100.0
T238_OUTER_03,PXD060795_DALIAN_PLA_MICRO_NANOPLASTIC_HUMAN_PLASMA_CORONA,SEQUENCE_RIDGE_COMPOSITION_ONLY,100.0,PMC6592156:PH:pH 6.1:Rep2,0.6833333333333333,100.0
T238_OUTER_03,PXD060795_DALIAN_PLA_MICRO_NANOPLASTIC_HUMAN_PLASMA_CORONA,SEQUENCE_RIDGE_COMPOSITION_ONLY,100.0,PMC6592156:PH:pH 6.1:Rep3,0.7714285714285715,100.0
T238_OUTER_03,PXD060795_DALIAN_PLA_MICRO_NANOPLASTIC_HUMAN_PLASMA_CORONA,SEQUENCE_RIDGE_COMPOSITION_ONLY,100.0,PMC6592156:PH:pH 6.8:Rep1,0.9,100.0
T238_OUTER_03,PXD060795_DALIAN_PLA_MICRO_NANOPLASTIC_HUMAN_PLASMA_CORONA,SEQUENCE_RIDGE_COMPOSITION_ONLY,100.0,PMC6592156:PH:pH 6.8:Rep2,0.7333333333333333,100.0
T238_OUTER_03,PXD060795_DALIAN_PLA_MICRO_NANOPLASTIC_HUMAN_PLASMA_CORONA,SEQUENCE_RIDGE_COMPOSITION_ONLY,100.0,PMC6592156:PH:pH 6.8:Rep3,0.6333333333333333,100.0
T238_OUTER_03,PXD060795_DALIAN_PLA_MICRO_NANOPLASTIC_HUMAN_PLASMA_CORONA,SEQUENCE_RIDGE_COMPOSITION_ONLY,100.0,PMC6592156:PH:pH 7.7:Rep1,0.7857142857142857,100.0
T238_OUTER_03,PXD060795_DALIAN_PLA_MICRO_NANOPLASTIC_HUMAN_PLASMA_CORONA,SEQUENCE_RIDGE_COMPOSITION_ONLY,100.0,PMC6592156:PH:pH 7.7:Rep2,0.7454545454545455,100.0
T238_OUTER_03,PXD060795_DALIAN_PLA_MICRO_NANOPLASTIC_HUMAN_PLASMA_CORONA,SEQUENCE_RIDGE_COMPOSITION_ONLY,100.0,PMC6592156:PH:pH 7.7:Rep3,0.7333333333333333,100.0
T238_OUTER_03,PXD060795_DALIAN_PLA_MICRO_NANOPLASTIC_HUMAN_PLASMA_CORONA,SEQUENCE_RIDGE_COMPOSITION_ONLY,100.0,PMC6592156:PH:pH 8.9:Rep1,0.8571428571428571,100.0
T238_OUTER_03,PXD060795_DALIAN_PLA_MICRO_NANOPLASTIC_HUMAN_PLASMA_CORONA,SEQUENCE_RIDGE_COMPOSITION_ONLY,100.0,PMC6592156:PH:pH 8.9:Rep2,0.9523809523809523,100.0
T238_OUTER_03,PXD060795_DALIAN_PLA_MICRO_NANOPLASTIC_HUMAN_PLASMA_CORONA,SEQUENCE_RIDGE_COMPOSITION_ONLY,100.0,PMC6592156:PH:pH 8.9:Rep3,0.9030303030303031,100.0
T238_OUTER_03,PXD060795_DALIAN_PLA_MICRO_NANOPLASTIC_HUMAN_PLASMA_CORONA,SEQUENCE_RIDGE_COMPOSITION_ONLY,100.0,PMC6592156:TEMPERATURE:17 °C:Rep1,0.5714285714285714,100.0
T238_OUTER_03,PXD060795_DALIAN_PLA_MICRO_NANOPLASTIC_HUMAN_PLASMA_CORONA,SEQUENCE_RIDGE_COMPOSITION_ONLY,100.0,PMC6592156:TEMPERATURE:17 °C:Rep2,0.6904761904761905,100.0
T238_OUTER_03,PXD060795_DALIAN_PLA_MICRO_NANOPLASTIC_HUMAN_PLASMA_CORONA,SEQUENCE_RIDGE_COMPOSITION_ONLY,100.0,PMC6592156:TEMPERATURE:17 °C:Rep3,0.6785714285714286,100.0
T238_OUTER_03,PXD060795_DALIAN_PLA_MICRO_NANOPLASTIC_HUMAN_PLASMA_CORONA,SEQUENCE_RIDGE_COMPOSITION_ONLY,100.0,PMC6592156:TEMPERATURE:30 °C:Rep1,0.9047619047619048,100.0
T238_OUTER_03,PXD060795_DALIAN_PLA_MICRO_NANOPLASTIC_HUMAN_PLASMA_CORONA,SEQUENCE_RIDGE_COMPOSITION_ONLY,100.0,PMC6592156:TEMPERATURE:30 °C:Rep2,0.6785714285714286,100.0
T238_OUTER_03,PXD060795_DALIAN_PLA_MICRO_NANOPLASTIC_HUMAN_PLASMA_CORONA,SEQUENCE_RIDGE_COMPOSITION_ONLY,100.0,PMC6592156:TEMPERATURE:30 °C:Rep3,0.85,100.0
T238_OUTER_03,PXD060795_DALIAN_PLA_MICRO_NANOPLASTIC_HUMAN_PLASMA_CORONA,SEQUENCE_RIDGE_COMPOSITION_ONLY,100.0,PMC6592156:TEMPERATURE:4 °C:Rep1,0.8833333333333333,100.0
T238_OUTER_03,PXD060795_DALIAN_PLA_MICRO_NANOPLASTIC_HUMAN_PLASMA_CORONA,SEQUENCE_RIDGE_COMPOSITION_ONLY,100.0,PMC6592156:TEMPERATURE:4 °C:Rep2,0.8833333333333333,100.0
T238_OUTER_03,PXD060795_DALIAN_PLA_MICRO_NANOPLASTIC_HUMAN_PLASMA_CORONA,SEQUENCE_RIDGE_COMPOSITION_ONLY,100.0,PMC6592156:TEMPERATURE:4 °C:Rep3,0.7142857142857143,100.0
T238_OUTER_03,PXD060795_DALIAN_PLA_MICRO_NANOPLASTIC_HUMAN_PLASMA_CORONA,SEQUENCE_RIDGE_COMPOSITION_ONLY,100.0,PMC6592156:TEMPERATURE:41 °C:Rep1,0.75,100.0
T238_OUTER_03,PXD060795_DALIAN_PLA_MICRO_NANOPLASTIC_HUMAN_PLASMA_CORONA,SEQUENCE_RIDGE_COMPOSITION_ONLY,100.0,PMC6592156:TEMPERATURE:41 °C:Rep2,0.7333333333333333,100.0
T238_OUTER_03,PXD060795_DALIAN_PLA_MICRO_NANOPLASTIC_HUMAN_PLASMA_CORONA,SEQUENCE_RIDGE_COMPOSITION_ONLY,100.0,PMC6592156:TEMPERATURE:41 °C:Rep3,0.7833333333333333,100.0
T238_OUTER_03,PXD060795_DALIAN_PLA_MICRO_NANOPLASTIC_HUMAN_PLASMA_CORONA,SEQUENCE_RIDGE_COMPOSITION_ONLY,100.0,PMC6592156:TEMPERATURE:47 °C:Rep1,0.7142857142857143,100.0
T238_OUTER_03,PXD060795_DALIAN_PLA_MICRO_NANOPLASTIC_HUMAN_PLASMA_CORONA,SEQUENCE_RIDGE_COMPOSITION_ONLY,100.0,PMC6592156:TEMPERATURE:47 °C:Rep2,0.8095238095238095,100.0
T238_OUTER_03,PXD060795_DALIAN_PLA_MICRO_NANOPLASTIC_HUMAN_PLASMA_CORONA,SEQUENCE_RIDGE_COMPOSITION_ONLY,100.0,PMC6592156:TEMPERATURE:47 °C:Rep3,0.8095238095238095,100.0
T238_OUTER_03,PXD060795_DALIAN_PLA_MICRO_NANOPLASTIC_HUMAN_PLASMA_CORONA,SEQUENCE_RIDGE_COMPOSITION_ONLY,100.0,PT_D1_16,0.7019673294022786,100.0
T238_OUTER_03,PXD060795_DALIAN_PLA_MICRO_NANOPLASTIC_HUMAN_PLASMA_CORONA,SEQUENCE_RIDGE_COMPOSITION_ONLY,100.0,PT_D1_18,0.7173570516842639,100.0
T238_OUTER_03,PXD060795_DALIAN_PLA_MICRO_NANOPLASTIC_HUMAN_PLASMA_CORONA,SEQUENCE_RIDGE_COMPOSITION_ONLY,100.0,PT_D1_20,0.8306277919354927,100.0
T238_OUTER_03,PXD060795_DALIAN_PLA_MICRO_NANOPLASTIC_HUMAN_PLASMA_CORONA,SEQUENCE_RIDGE_COMPOSITION_ONLY,100.0,PT_D1_23,0.7110390983107745,100.0
T238_OUTER_03,PXD060795_DALIAN_PLA_MICRO_NANOPLASTIC_HUMAN_PLASMA_CORONA,SEQUENCE_RIDGE_COMPOSITION_ONLY,100.0,PT_D1_33,0.8160637747650371,100.0
T238_OUTER_03,PXD060795_DALIAN_PLA_MICRO_NANOPLASTIC_HUMAN_PLASMA_CORONA,SEQUENCE_RIDGE_COMPOSITION_ONLY,100.0,PT_D1_34,0.7119666788018509,100.0
T238_OUTER_03,PXD060795_DALIAN_PLA_MICRO_NANOPLASTIC_HUMAN_PLASMA_CORONA,SEQUENCE_RIDGE_COMPOSITION_ONLY,100.0,PT_D1_48,0.3898234515660837,100.0
T238_OUTER_03,PXD060795_DALIAN_PLA_MICRO_NANOPLASTIC_HUMAN_PLASMA_CORONA,SEQUENCE_RIDGE_COMPOSITION_ONLY,100.0,PT_D1_51,0.8257228238447705,100.0
T238_OUTER_03,PXD060795_DALIAN_PLA_MICRO_NANOPLASTIC_HUMAN_PLASMA_CORONA,SEQUENCE_RIDGE_COMPOSITION_ONLY,100.0,PT_D1_73,0.752325239503013,100.0
T238_OUTER_03,PXD060795_DALIAN_PLA_MICRO_NANOPLASTIC_HUMAN_PLASMA_CORONA,SEQUENCE_RIDGE_COMPOSITION_ONLY,100.0,PT_D1_81,0.791563911869046,100.0
T238_OUTER_03,PXD060795_DALIAN_PLA_MICRO_NANOPLASTIC_HUMAN_PLASMA_CORONA,SEQUENCE_RIDGE_COMPOSITION_ONLY,100.0,PT_D3_06,0.6831300510639733,100.0
T238_OUTER_03,PXD060795_DALIAN_PLA_MICRO_NANOPLASTIC_HUMAN_PLASMA_CORONA,SEQUENCE_RIDGE_COMPOSITION_ONLY,100.0,PT_D3_14,0.5855400437691199,100.0
T238_OUTER_03,PXD060795_DALIAN_PLA_MICRO_NANOPLASTIC_HUMAN_PLASMA_CORONA,SEQUENCE_RIDGE_COMPOSITION_ONLY,100.0,PT_D3_22,0.7152697513290861,100.0
T238_OUTER_03,PXD060795_DALIAN_PLA_MICRO_NANOPLASTIC_HUMAN_PLASMA_CORONA,SEQUENCE_RIDGE_COMPOSITION_ONLY,100.0,PT_D3_28,0.8434347122457898,100.0
T238_OUTER_03,PXD060795_DALIAN_PLA_MICRO_NANOPLASTIC_HUMAN_PLASMA_CORONA,SEQUENCE_RIDGE_COMPOSITION_ONLY,100.0,PT_D3_30,0.6160831149758972,100.0
T238_OUTER_03,PXD060795_DALIAN_PLA_MICRO_NANOPLASTIC_HUMAN_PLASMA_CORONA,SEQUENCE_RIDGE_COMPOSITION_ONLY,100.0,PT_D3_37,0.8379557545683967,100.0
T238_OUTER_03,PXD060795_DALIAN_PLA_MICRO_NANOPLASTIC_HUMAN_PLASMA_CORONA,SEQUENCE_RIDGE_COMPOSITION_ONLY,100.0,PT_D3_41,0.5424508028966484,100.0
T238_OUTER_03,PXD060795_DALIAN_PLA_MICRO_NANOPLASTIC_HUMAN_PLASMA_CORONA,SEQUENCE_RIDGE_COMPOSITION_ONLY,100.0,PT_D3_42,0.8814825547070535,100.0
T238_OUTER_03,PXD060795_DALIAN_PLA_MICRO_NANOPLASTIC_HUMAN_PLASMA_CORONA,SEQUENCE_RIDGE_COMPOSITION_ONLY,100.0,PT_D3_85,0.5002164033860247,100.0
T238_OUTER_03,PXD060795_DALIAN_PLA_MICRO_NANOPLASTIC_HUMAN_PLASMA_CORONA,SEQUENCE_RIDGE_COMPOSITION_ONLY,100.0,PT_D3_96,0.847579379526013,100.0
T238_OUTER_03,PXD060795_DALIAN_PLA_MICRO_NANOPLASTIC_HUMAN_PLASMA_CORONA,SEQUENCE_RIDGE_COMPOSITION_ONLY,100.0,R4_EDINBURGH_SGO_20210324_6pm_KostarelosK_OkweloguE_EO10,0.7142857142857143,100.0
T238_OUTER_03,PXD060795_DALIAN_PLA_MICRO_NANOPLASTIC_HUMAN_PLASMA_CORONA,SEQUENCE_RIDGE_COMPOSITION_ONLY,100.0,R4_EDINBURGH_SGO_20210324_6pm_KostarelosK_OkweloguE_EO103,0.7857142857142857,100.0
T238_OUTER_03,PXD060795_DALIAN_PLA_MICRO_NANOPLASTIC_HUMAN_PLASMA_CORONA,SEQUENCE_RIDGE_COMPOSITION_ONLY,100.0,R4_EDINBURGH_SGO_20210324_6pm_KostarelosK_OkweloguE_EO105,0.4523809523809524,100.0
T238_OUTER_03,PXD060795_DALIAN_PLA_MICRO_NANOPLASTIC_HUMAN_PLASMA_CORONA,SEQUENCE_RIDGE_COMPOSITION_ONLY,100.0,R4_EDINBURGH_SGO_20210324_6pm_KostarelosK_OkweloguE_EO107,0.5952380952380952,100.0
T238_OUTER_03,PXD060795_DALIAN_PLA_MICRO_NANOPLASTIC_HUMAN_PLASMA_CORONA,SEQUENCE_RIDGE_COMPOSITION_ONLY,100.0,R4_EDINBURGH_SGO_20210324_6pm_KostarelosK_OkweloguE_EO113,0.8333333333333334,100.0
T238_OUTER_03,PXD060795_DALIAN_PLA_MICRO_NANOPLASTIC_HUMAN_PLASMA_CORONA,SEQUENCE_RIDGE_COMPOSITION_ONLY,100.0,R4_EDINBURGH_SGO_20210324_6pm_KostarelosK_OkweloguE_EO116,0.5,100.0
T238_OUTER_03,PXD060795_DALIAN_PLA_MICRO_NANOPLASTIC_HUMAN_PLASMA_CORONA,SEQUENCE_RIDGE_COMPOSITION_ONLY,100.0,R4_EDINBURGH_SGO_20210324_6pm_KostarelosK_OkweloguE_EO12,0.7857142857142857,100.0
T238_OUTER_03,PXD060795_DALIAN_PLA_MICRO_NANOPLASTIC_HUMAN_PLASMA_CORONA,SEQUENCE_RIDGE_COMPOSITION_ONLY,100.0,R4_EDINBURGH_SGO_20210324_6pm_KostarelosK_OkweloguE_EO16,0.8571428571428571,100.0
T238_OUTER_03,PXD060795_DALIAN_PLA_MICRO_NANOPLASTIC_HUMAN_PLASMA_CORONA,SEQUENCE_RIDGE_COMPOSITION_ONLY,100.0,R4_EDINBURGH_SGO_20210324_6pm_KostarelosK_OkweloguE_EO21,0.047619047619047616,100.0
T238_OUTER_03,PXD060795_DALIAN_PLA_MICRO_NANOPLASTIC_HUMAN_PLASMA_CORONA,SEQUENCE_RIDGE_COMPOSITION_ONLY,100.0,R4_EDINBURGH_SGO_20210324_6pm_KostarelosK_OkweloguE_EO24,0.6190476190476191,100.0
T238_OUTER_03,PXD060795_DALIAN_PLA_MICRO_NANOPLASTIC_HUMAN_PLASMA_CORONA,SEQUENCE_RIDGE_COMPOSITION_ONLY,100.0,R4_EDINBURGH_SGO_20210324_6pm_KostarelosK_OkweloguE_EO31,0.6190476190476191,100.0
T238_OUTER_03,PXD060795_DALIAN_PLA_MICRO_NANOPLASTIC_HUMAN_PLASMA_CORONA,SEQUENCE_RIDGE_COMPOSITION_ONLY,100.0,R4_EDINBURGH_SGO_20210324_6pm_KostarelosK_OkweloguE_EO34,-0.16666666666666666,100.0
T238_OUTER_03,PXD060795_DALIAN_PLA_MICRO_NANOPLASTIC_HUMAN_PLASMA_CORONA,SEQUENCE_RIDGE_COMPOSITION_ONLY,100.0,R4_EDINBURGH_SGO_20210324_6pm_KostarelosK_OkweloguE_EO4,0.8571428571428571,100.0
T238_OUTER_03,PXD060795_DALIAN_PLA_MICRO_NANOPLASTIC_HUMAN_PLASMA_CORONA,SEQUENCE_RIDGE_COMPOSITION_ONLY,100.0,R4_EDINBURGH_SGO_20210324_6pm_KostarelosK_OkweloguE_EO43,0.5357142857142857,100.0
T238_OUTER_03,PXD060795_DALIAN_PLA_MICRO_NANOPLASTIC_HUMAN_PLASMA_CORONA,SEQUENCE_RIDGE_COMPOSITION_ONLY,100.0,R4_EDINBURGH_SGO_20210324_6pm_KostarelosK_OkweloguE_EO52,0.7142857142857143,100.0
T238_OUTER_03,PXD060795_DALIAN_PLA_MICRO_NANOPLASTIC_HUMAN_PLASMA_CORONA,SEQUENCE_RIDGE_COMPOSITION_ONLY,100.0,R4_EDINBURGH_SGO_20210324_6pm_KostarelosK_OkweloguE_EO64,0.9285714285714286,100.0
T238_OUTER_03,PXD060795_DALIAN_PLA_MICRO_NANOPLASTIC_HUMAN_PLASMA_CORONA,SEQUENCE_RIDGE_COMPOSITION_ONLY,100.0,R4_EDINBURGH_SGO_20210324_6pm_KostarelosK_OkweloguE_EO66,0.7380952380952381,100.0
T238_OUTER_03,PXD060795_DALIAN_PLA_MICRO_NANOPLASTIC_HUMAN_PLASMA_CORONA,SEQUENCE_RIDGE_COMPOSITION_ONLY,100.0,R4_EDINBURGH_SGO_20210324_6pm_KostarelosK_OkweloguE_EO73,0.8333333333333334,100.0
T238_OUTER_03,PXD060795_DALIAN_PLA_MICRO_NANOPLASTIC_HUMAN_PLASMA_CORONA,SEQUENCE_RIDGE_COMPOSITION_ONLY,100.0,R4_EDINBURGH_SGO_20210324_6pm_KostarelosK_OkweloguE_EO83,0.9047619047619048,100.0
T238_OUTER_03,PXD060795_DALIAN_PLA_MICRO_NANOPLASTIC_HUMAN_PLASMA_CORONA,SEQUENCE_RIDGE_COMPOSITION_ONLY,100.0,R4_EDINBURGH_SGO_20210324_6pm_KostarelosK_OkweloguE_EO88,0.21428571428571427,100.0
T238_OUTER_03,PXD060795_DALIAN_PLA_MICRO_NANOPLASTIC_HUMAN_PLASMA_CORONA,SEQUENCE_RIDGE_COMPOSITION_ONLY,100.0,R4_EDINBURGH_SGO_20210324_6pm_KostarelosK_OkweloguE_EO94,0.6190476190476191,100.0
T238_OUTER_03,PXD060795_DALIAN_PLA_MICRO_NANOPLASTIC_HUMAN_PLASMA_CORONA,SEQUENCE_RIDGE_COMPOSITION_ONLY,100.0,R4_EDINBURGH_SGO_20210324_6pm_KostarelosK_OkweloguE_EO96,0.6428571428571429,100.0
T238_OUTER_03,PXD060795_DALIAN_PLA_MICRO_NANOPLASTIC_HUMAN_PLASMA_CORONA,SEQUENCE_RIDGE_COMPOSITION_ONLY,100.0,R4_EDINBURGH_SGO_20210324_6pm_KostarelosK_OkweloguE_EO97,0.6190476190476191,100.0
T238_OUTER_03,PXD060795_DALIAN_PLA_MICRO_NANOPLASTIC_HUMAN_PLASMA_CORONA,SEQUENCE_RIDGE_COMPOSITION_ONLY,100.0,R4_EDINBURGH_USGO_20210324_6pm_KostarelosK_OkweloguE_EO106,0.6666666666666666,100.0
T238_OUTER_03,PXD060795_DALIAN_PLA_MICRO_NANOPLASTIC_HUMAN_PLASMA_CORONA,SEQUENCE_RIDGE_COMPOSITION_ONLY,100.0,R4_EDINBURGH_USGO_20210324_6pm_KostarelosK_OkweloguE_EO11,0.696969696969697,100.0
T238_OUTER_03,PXD060795_DALIAN_PLA_MICRO_NANOPLASTIC_HUMAN_PLASMA_CORONA,SEQUENCE_RIDGE_COMPOSITION_ONLY,100.0,R4_EDINBURGH_USGO_20210324_6pm_KostarelosK_OkweloguE_EO111,0.85,100.0
T238_OUTER_03,PXD060795_DALIAN_PLA_MICRO_NANOPLASTIC_HUMAN_PLASMA_CORONA,SEQUENCE_RIDGE_COMPOSITION_ONLY,100.0,R4_EDINBURGH_USGO_20210324_6pm_KostarelosK_OkweloguE_EO112,0.6333333333333333,100.0
T238_OUTER_03,PXD060795_DALIAN_PLA_MICRO_NANOPLASTIC_HUMAN_PLASMA_CORONA,SEQUENCE_RIDGE_COMPOSITION_ONLY,100.0,R4_EDINBURGH_USGO_20210324_6pm_KostarelosK_OkweloguE_EO115,0.9166666666666666,100.0
T238_OUTER_03,PXD060795_DALIAN_PLA_MICRO_NANOPLASTIC_HUMAN_PLASMA_CORONA,SEQUENCE_RIDGE_COMPOSITION_ONLY,100.0,R4_EDINBURGH_USGO_20210324_6pm_KostarelosK_OkweloguE_EO120,0.85,100.0
T238_OUTER_03,PXD060795_DALIAN_PLA_MICRO_NANOPLASTIC_HUMAN_PLASMA_CORONA,SEQUENCE_RIDGE_COMPOSITION_ONLY,100.0,R4_EDINBURGH_USGO_20210324_6pm_KostarelosK_OkweloguE_EO121,0.6166666666666667,100.0
T238_OUTER_03,PXD060795_DALIAN_PLA_MICRO_NANOPLASTIC_HUMAN_PLASMA_CORONA,SEQUENCE_RIDGE_COMPOSITION_ONLY,100.0,R4_EDINBURGH_USGO_20210324_6pm_KostarelosK_OkweloguE_EO125,0.9,100.0
T238_OUTER_03,PXD060795_DALIAN_PLA_MICRO_NANOPLASTIC_HUMAN_PLASMA_CORONA,SEQUENCE_RIDGE_COMPOSITION_ONLY,100.0,R4_EDINBURGH_USGO_20210324_6pm_KostarelosK_OkweloguE_EO126,0.7666666666666667,100.0
T238_OUTER_03,PXD060795_DALIAN_PLA_MICRO_NANOPLASTIC_HUMAN_PLASMA_CORONA,SEQUENCE_RIDGE_COMPOSITION_ONLY,100.0,R4_EDINBURGH_USGO_20210324_6pm_KostarelosK_OkweloguE_EO13,0.9666666666666667,100.0
T238_OUTER_03,PXD060795_DALIAN_PLA_MICRO_NANOPLASTIC_HUMAN_PLASMA_CORONA,SEQUENCE_RIDGE_COMPOSITION_ONLY,100.0,R4_EDINBURGH_USGO_20210324_6pm_KostarelosK_OkweloguE_EO26,0.6333333333333333,100.0
T238_OUTER_03,PXD060795_DALIAN_PLA_MICRO_NANOPLASTIC_HUMAN_PLASMA_CORONA,SEQUENCE_RIDGE_COMPOSITION_ONLY,100.0,R4_EDINBURGH_USGO_20210324_6pm_KostarelosK_OkweloguE_EO36,0.8,100.0
T238_OUTER_03,PXD060795_DALIAN_PLA_MICRO_NANOPLASTIC_HUMAN_PLASMA_CORONA,SEQUENCE_RIDGE_COMPOSITION_ONLY,100.0,R4_EDINBURGH_USGO_20210324_6pm_KostarelosK_OkweloguE_EO40,0.5,100.0
T238_OUTER_03,PXD060795_DALIAN_PLA_MICRO_NANOPLASTIC_HUMAN_PLASMA_CORONA,SEQUENCE_RIDGE_COMPOSITION_ONLY,100.0,R4_EDINBURGH_USGO_20210324_6pm_KostarelosK_OkweloguE_EO42,0.48333333333333334,100.0
T238_OUTER_03,PXD060795_DALIAN_PLA_MICRO_NANOPLASTIC_HUMAN_PLASMA_CORONA,SEQUENCE_RIDGE_COMPOSITION_ONLY,100.0,R4_EDINBURGH_USGO_20210324_6pm_KostarelosK_OkweloguE_EO44,0.8333333333333334,100.0
T238_OUTER_03,PXD060795_DALIAN_PLA_MICRO_NANOPLASTIC_HUMAN_PLASMA_CORONA,SEQUENCE_RIDGE_COMPOSITION_ONLY,100.0,R4_EDINBURGH_USGO_20210324_6pm_KostarelosK_OkweloguE_EO5,0.8545454545454545,100.0
T238_OUTER_03,PXD060795_DALIAN_PLA_MICRO_NANOPLASTIC_HUMAN_PLASMA_CORONA,SEQUENCE_RIDGE_COMPOSITION_ONLY,100.0,R4_EDINBURGH_USGO_20210324_6pm_KostarelosK_OkweloguE_EO50,0.75,100.0
T238_OUTER_03,PXD060795_DALIAN_PLA_MICRO_NANOPLASTIC_HUMAN_PLASMA_CORONA,SEQUENCE_RIDGE_COMPOSITION_ONLY,100.0,R4_EDINBURGH_USGO_20210324_6pm_KostarelosK_OkweloguE_EO53,0.6190476190476191,100.0
T238_OUTER_03,PXD060795_DALIAN_PLA_MICRO_NANOPLASTIC_HUMAN_PLASMA_CORONA,SEQUENCE_RIDGE_COMPOSITION_ONLY,100.0,R4_EDINBURGH_USGO_20210324_6pm_KostarelosK_OkweloguE_EO60,0.7619047619047619,100.0
T238_OUTER_03,PXD060795_DALIAN_PLA_MICRO_NANOPLASTIC_HUMAN_PLASMA_CORONA,SEQUENCE_RIDGE_COMPOSITION_ONLY,100.0,R4_EDINBURGH_USGO_20210324_6pm_KostarelosK_OkweloguE_EO62,0.11666666666666667,100.0
T238_OUTER_03,PXD060795_DALIAN_PLA_MICRO_NANOPLASTIC_HUMAN_PLASMA_CORONA,SEQUENCE_RIDGE_COMPOSITION_ONLY,100.0,R4_EDINBURGH_USGO_20210324_6pm_KostarelosK_OkweloguE_EO69,0.6666666666666666,100.0
T238_OUTER_03,PXD060795_DALIAN_PLA_MICRO_NANOPLASTIC_HUMAN_PLASMA_CORONA,SEQUENCE_RIDGE_COMPOSITION_ONLY,100.0,R4_EDINBURGH_USGO_20210324_6pm_KostarelosK_OkweloguE_EO76,0.21212121212121213,100.0
T238_OUTER_03,PXD060795_DALIAN_PLA_MICRO_NANOPLASTIC_HUMAN_PLASMA_CORONA,SEQUENCE_RIDGE_COMPOSITION_ONLY,100.0,R4_EDINBURGH_USGO_20210324_6pm_KostarelosK_OkweloguE_EO77,0.7857142857142857,100.0
T238_OUTER_03,PXD060795_DALIAN_PLA_MICRO_NANOPLASTIC_HUMAN_PLASMA_CORONA,SEQUENCE_RIDGE_COMPOSITION_ONLY,100.0,R4_EDINBURGH_USGO_20210324_6pm_KostarelosK_OkweloguE_EO79,0.6666666666666666,100.0
T238_OUTER_03,PXD060795_DALIAN_PLA_MICRO_NANOPLASTIC_HUMAN_PLASMA_CORONA,SEQUENCE_RIDGE_COMPOSITION_ONLY,100.0,R4_EDINBURGH_USGO_20210324_6pm_KostarelosK_OkweloguE_EO86,0.8666666666666667,100.0
T238_OUTER_03,PXD060795_DALIAN_PLA_MICRO_NANOPLASTIC_HUMAN_PLASMA_CORONA,SEQUENCE_RIDGE_COMPOSITION_ONLY,100.0,R4_EDINBURGH_USGO_20210324_6pm_KostarelosK_OkweloguE_EO87,0.8424242424242424,100.0
T238_OUTER_03,PXD060795_DALIAN_PLA_MICRO_NANOPLASTIC_HUMAN_PLASMA_CORONA,SEQUENCE_RIDGE_COMPOSITION_ONLY,100.0,T_D1_133,0.7119666788018509,100.0
T238_OUTER_03,PXD060795_DALIAN_PLA_MICRO_NANOPLASTIC_HUMAN_PLASMA_CORONA,SEQUENCE_RIDGE_COMPOSITION_ONLY,100.0,T_D1_138,0.8528249356043899,100.0
T238_OUTER_03,PXD060795_DALIAN_PLA_MICRO_NANOPLASTIC_HUMAN_PLASMA_CORONA,SEQUENCE_RIDGE_COMPOSITION_ONLY,100.0,T_D1_165,0.847579379526013,100.0
T238_OUTER_03,PXD060795_DALIAN_PLA_MICRO_NANOPLASTIC_HUMAN_PLASMA_CORONA,SEQUENCE_RIDGE_COMPOSITION_ONLY,100.0,T_D1_173,0.9492889050691345,100.0
T238_OUTER_03,PXD060795_DALIAN_PLA_MICRO_NANOPLASTIC_HUMAN_PLASMA_CORONA,SEQUENCE_RIDGE_COMPOSITION_ONLY,100.0,T_D1_186,0.7669288989248111,100.0
T238_OUTER_03,PXD060795_DALIAN_PLA_MICRO_NANOPLASTIC_HUMAN_PLASMA_CORONA,SEQUENCE_RIDGE_COMPOSITION_ONLY,100.0,T_D3_119a,0.5933055656682091,100.0
T238_OUTER_03,PXD060795_DALIAN_PLA_MICRO_NANOPLASTIC_HUMAN_PLASMA_CORONA,SEQUENCE_RIDGE_COMPOSITION_ONLY,100.0,T_D3_119b,0.7448767935921586,100.0
T238_OUTER_03,PXD060795_DALIAN_PLA_MICRO_NANOPLASTIC_HUMAN_PLASMA_CORONA,SEQUENCE_RIDGE_COMPOSITION_ONLY,100.0,T_D3_155,0.5855400437691199,100.0
T238_OUTER_03,PXD060795_DALIAN_PLA_MICRO_NANOPLASTIC_HUMAN_PLASMA_CORONA,SEQUENCE_RIDGE_COMPOSITION_ONLY,100.0,T_D3_178,0.8899457101438081,100.0
T238_OUTER_03,PXD060795_DALIAN_PLA_MICRO_NANOPLASTIC_HUMAN_PLASMA_CORONA,SEQUENCE_RIDGE_COMPOSITION_ONLY,100.0,T_D3_198,0.38462211801906004,100.0
T238_OUTER_03,PXD060795_DALIAN_PLA_MICRO_NANOPLASTIC_HUMAN_PLASMA_CORONA,SEQUENCE_RIDGE_COMPOSITION_ONLY,100.0,__MEAN__,0.713343603442598,100.0
T238_OUTER_04,PXD064962_UCD_EVENT,SEQUENCE_RIDGE_FULL,0.01,PMC6592156:PH:pH 4.9:Rep1,0.8928571428571429,0.01
T238_OUTER_04,PXD064962_UCD_EVENT,SEQUENCE_RIDGE_FULL,0.01,PMC6592156:PH:pH 4.9:Rep2,0.8571428571428571,0.01
T238_OUTER_04,PXD064962_UCD_EVENT,SEQUENCE_RIDGE_FULL,0.01,PMC6592156:PH:pH 4.9:Rep3,0.6190476190476191,0.01
T238_OUTER_04,PXD064962_UCD_EVENT,SEQUENCE_RIDGE_FULL,0.01,PMC6592156:PH:pH 6.1:Rep1,0.8666666666666667,0.01
T238_OUTER_04,PXD064962_UCD_EVENT,SEQUENCE_RIDGE_FULL,0.01,PMC6592156:PH:pH 6.1:Rep2,0.7818181818181819,0.01
T238_OUTER_04,PXD064962_UCD_EVENT,SEQUENCE_RIDGE_FULL,0.01,PMC6592156:PH:pH 6.1:Rep3,0.9523809523809523,0.01
T238_OUTER_04,PXD064962_UCD_EVENT,SEQUENCE_RIDGE_FULL,0.01,PMC6592156:PH:pH 6.8:Rep1,0.9272727272727272,0.01
T238_OUTER_04,PXD064962_UCD_EVENT,SEQUENCE_RIDGE_FULL,0.01,PMC6592156:PH:pH 6.8:Rep2,0.806060606060606,0.01
T238_OUTER_04,PXD064962_UCD_EVENT,SEQUENCE_RIDGE_FULL,0.01,PMC6592156:PH:pH 6.8:Rep3,0.6606060606060606,0.01
T238_OUTER_04,PXD064962_UCD_EVENT,SEQUENCE_RIDGE_FULL,0.01,PMC6592156:PH:pH 7.7:Rep1,0.9166666666666666,0.01
T238_OUTER_04,PXD064962_UCD_EVENT,SEQUENCE_RIDGE_FULL,0.01,PMC6592156:PH:pH 7.7:Rep2,0.7575757575757576,0.01
T238_OUTER_04,PXD064962_UCD_EVENT,SEQUENCE_RIDGE_FULL,0.01,PMC6592156:PH:pH 7.7:Rep3,0.8303030303030303,0.01
T238_OUTER_04,PXD064962_UCD_EVENT,SEQUENCE_RIDGE_FULL,0.01,PMC6592156:PH:pH 8.9:Rep1,0.8909090909090909,0.01
T238_OUTER_04,PXD064962_UCD_EVENT,SEQUENCE_RIDGE_FULL,0.01,PMC6592156:PH:pH 8.9:Rep2,0.9393939393939394,0.01
T238_OUTER_04,PXD064962_UCD_EVENT,SEQUENCE_RIDGE_FULL,0.01,PMC6592156:PH:pH 8.9:Rep3,0.9030303030303031,0.01
T238_OUTER_04,PXD064962_UCD_EVENT,SEQUENCE_RIDGE_FULL,0.01,PMC6592156:TEMPERATURE:17 °C:Rep1,0.6904761904761905,0.01
T238_OUTER_04,PXD064962_UCD_EVENT,SEQUENCE_RIDGE_FULL,0.01,PMC6592156:TEMPERATURE:17 °C:Rep2,0.5476190476190477,0.01
T238_OUTER_04,PXD064962_UCD_EVENT,SEQUENCE_RIDGE_FULL,0.01,PMC6592156:TEMPERATURE:17 °C:Rep3,0.7142857142857143,0.01
T238_OUTER_04,PXD064962_UCD_EVENT,SEQUENCE_RIDGE_FULL,0.01,PMC6592156:TEMPERATURE:30 °C:Rep1,0.9,0.01
T238_OUTER_04,PXD064962_UCD_EVENT,SEQUENCE_RIDGE_FULL,0.01,PMC6592156:TEMPERATURE:30 °C:Rep2,0.6785714285714286,0.01
T238_OUTER_04,PXD064962_UCD_EVENT,SEQUENCE_RIDGE_FULL,0.01,PMC6592156:TEMPERATURE:30 °C:Rep3,0.7818181818181819,0.01
T238_OUTER_04,PXD064962_UCD_EVENT,SEQUENCE_RIDGE_FULL,0.01,PMC6592156:TEMPERATURE:4 °C:Rep1,0.9030303030303031,0.01
T238_OUTER_04,PXD064962_UCD_EVENT,SEQUENCE_RIDGE_FULL,0.01,PMC6592156:TEMPERATURE:4 °C:Rep2,0.8787878787878788,0.01
T238_OUTER_04,PXD064962_UCD_EVENT,SEQUENCE_RIDGE_FULL,0.01,PMC6592156:TEMPERATURE:4 °C:Rep3,0.8666666666666667,0.01
T238_OUTER_04,PXD064962_UCD_EVENT,SEQUENCE_RIDGE_FULL,0.01,PMC6592156:TEMPERATURE:41 °C:Rep1,0.8545454545454545,0.01
T238_OUTER_04,PXD064962_UCD_EVENT,SEQUENCE_RIDGE_FULL,0.01,PMC6592156:TEMPERATURE:41 °C:Rep2,0.8303030303030303,0.01
T238_OUTER_04,PXD064962_UCD_EVENT,SEQUENCE_RIDGE_FULL,0.01,PMC6592156:TEMPERATURE:41 °C:Rep3,0.8545454545454545,0.01
T238_OUTER_04,PXD064962_UCD_EVENT,SEQUENCE_RIDGE_FULL,0.01,PMC6592156:TEMPERATURE:47 °C:Rep1,0.6190476190476191,0.01
T238_OUTER_04,PXD064962_UCD_EVENT,SEQUENCE_RIDGE_FULL,0.01,PMC6592156:TEMPERATURE:47 °C:Rep2,0.7333333333333333,0.01
T238_OUTER_04,PXD064962_UCD_EVENT,SEQUENCE_RIDGE_FULL,0.01,PMC6592156:TEMPERATURE:47 °C:Rep3,0.7333333333333333,0.01
T238_OUTER_04,PXD064962_UCD_EVENT,SEQUENCE_RIDGE_FULL,0.01,R4_EDINBURGH_SGO_20210324_6pm_KostarelosK_OkweloguE_EO10,0.8166666666666667,0.01
T238_OUTER_04,PXD064962_UCD_EVENT,SEQUENCE_RIDGE_FULL,0.01,R4_EDINBURGH_SGO_20210324_6pm_KostarelosK_OkweloguE_EO103,0.6833333333333333,0.01
T238_OUTER_04,PXD064962_UCD_EVENT,SEQUENCE_RIDGE_FULL,0.01,R4_EDINBURGH_SGO_20210324_6pm_KostarelosK_OkweloguE_EO105,0.6666666666666666,0.01
T238_OUTER_04,PXD064962_UCD_EVENT,SEQUENCE_RIDGE_FULL,0.01,R4_EDINBURGH_SGO_20210324_6pm_KostarelosK_OkweloguE_EO107,0.6333333333333333,0.01
T238_OUTER_04,PXD064962_UCD_EVENT,SEQUENCE_RIDGE_FULL,0.01,R4_EDINBURGH_SGO_20210324_6pm_KostarelosK_OkweloguE_EO113,0.8,0.01
T238_OUTER_04,PXD064962_UCD_EVENT,SEQUENCE_RIDGE_FULL,0.01,R4_EDINBURGH_SGO_20210324_6pm_KostarelosK_OkweloguE_EO116,0.2619047619047619,0.01
T238_OUTER_04,PXD064962_UCD_EVENT,SEQUENCE_RIDGE_FULL,0.01,R4_EDINBURGH_SGO_20210324_6pm_KostarelosK_OkweloguE_EO12,0.47619047619047616,0.01
T238_OUTER_04,PXD064962_UCD_EVENT,SEQUENCE_RIDGE_FULL,0.01,R4_EDINBURGH_SGO_20210324_6pm_KostarelosK_OkweloguE_EO16,0.2619047619047619,0.01
T238_OUTER_04,PXD064962_UCD_EVENT,SEQUENCE_RIDGE_FULL,0.01,R4_EDINBURGH_SGO_20210324_6pm_KostarelosK_OkweloguE_EO21,-0.08333333333333333,0.01
T238_OUTER_04,PXD064962_UCD_EVENT,SEQUENCE_RIDGE_FULL,0.01,R4_EDINBURGH_SGO_20210324_6pm_KostarelosK_OkweloguE_EO24,0.9047619047619048,0.01
T238_OUTER_04,PXD064962_UCD_EVENT,SEQUENCE_RIDGE_FULL,0.01,R4_EDINBURGH_SGO_20210324_6pm_KostarelosK_OkweloguE_EO31,0.8,0.01
T238_OUTER_04,PXD064962_UCD_EVENT,SEQUENCE_RIDGE_FULL,0.01,R4_EDINBURGH_SGO_20210324_6pm_KostarelosK_OkweloguE_EO34,0.3333333333333333,0.01
T238_OUTER_04,PXD064962_UCD_EVENT,SEQUENCE_RIDGE_FULL,0.01,R4_EDINBURGH_SGO_20210324_6pm_KostarelosK_OkweloguE_EO4,0.85,0.01
T238_OUTER_04,PXD064962_UCD_EVENT,SEQUENCE_RIDGE_FULL,0.01,R4_EDINBURGH_SGO_20210324_6pm_KostarelosK_OkweloguE_EO43,0.14285714285714285,0.01
T238_OUTER_04,PXD064962_UCD_EVENT,SEQUENCE_RIDGE_FULL,0.01,R4_EDINBURGH_SGO_20210324_6pm_KostarelosK_OkweloguE_EO52,0.5714285714285714,0.01
T238_OUTER_04,PXD064962_UCD_EVENT,SEQUENCE_RIDGE_FULL,0.01,R4_EDINBURGH_SGO_20210324_6pm_KostarelosK_OkweloguE_EO64,0.8,0.01
T238_OUTER_04,PXD064962_UCD_EVENT,SEQUENCE_RIDGE_FULL,0.01,R4_EDINBURGH_SGO_20210324_6pm_KostarelosK_OkweloguE_EO66,0.7,0.01
T238_OUTER_04,PXD064962_UCD_EVENT,SEQUENCE_RIDGE_FULL,0.01,R4_EDINBURGH_SGO_20210324_6pm_KostarelosK_OkweloguE_EO73,0.9166666666666666,0.01
T238_OUTER_04,PXD064962_UCD_EVENT,SEQUENCE_RIDGE_FULL,0.01,R4_EDINBURGH_SGO_20210324_6pm_KostarelosK_OkweloguE_EO83,0.9833333333333333,0.01
T238_OUTER_04,PXD064962_UCD_EVENT,SEQUENCE_RIDGE_FULL,0.01,R4_EDINBURGH_SGO_20210324_6pm_KostarelosK_OkweloguE_EO88,-0.07142857142857142,0.01
T238_OUTER_04,PXD064962_UCD_EVENT,SEQUENCE_RIDGE_FULL,0.01,R4_EDINBURGH_SGO_20210324_6pm_KostarelosK_OkweloguE_EO94,0.8333333333333334,0.01
T238_OUTER_04,PXD064962_UCD_EVENT,SEQUENCE_RIDGE_FULL,0.01,R4_EDINBURGH_SGO_20210324_6pm_KostarelosK_OkweloguE_EO96,0.8666666666666667,0.01
T238_OUTER_04,PXD064962_UCD_EVENT,SEQUENCE_RIDGE_FULL,0.01,R4_EDINBURGH_SGO_20210324_6pm_KostarelosK_OkweloguE_EO97,0.5166666666666667,0.01
T238_OUTER_04,PXD064962_UCD_EVENT,SEQUENCE_RIDGE_FULL,0.01,R4_EDINBURGH_USGO_20210324_6pm_KostarelosK_OkweloguE_EO106,0.6904761904761905,0.01
T238_OUTER_04,PXD064962_UCD_EVENT,SEQUENCE_RIDGE_FULL,0.01,R4_EDINBURGH_USGO_20210324_6pm_KostarelosK_OkweloguE_EO11,0.7380952380952381,0.01
T238_OUTER_04,PXD064962_UCD_EVENT,SEQUENCE_RIDGE_FULL,0.01,R4_EDINBURGH_USGO_20210324_6pm_KostarelosK_OkweloguE_EO111,0.8095238095238095,0.01
T238_OUTER_04,PXD064962_UCD_EVENT,SEQUENCE_RIDGE_FULL,0.01,R4_EDINBURGH_USGO_20210324_6pm_KostarelosK_OkweloguE_EO112,0.5833333333333334,0.01
T238_OUTER_04,PXD064962_UCD_EVENT,SEQUENCE_RIDGE_FULL,0.01,R4_EDINBURGH_USGO_20210324_6pm_KostarelosK_OkweloguE_EO115,0.5333333333333333,0.01
T238_OUTER_04,PXD064962_UCD_EVENT,SEQUENCE_RIDGE_FULL,0.01,R4_EDINBURGH_USGO_20210324_6pm_KostarelosK_OkweloguE_EO120,0.8,0.01
T238_OUTER_04,PXD064962_UCD_EVENT,SEQUENCE_RIDGE_FULL,0.01,R4_EDINBURGH_USGO_20210324_6pm_KostarelosK_OkweloguE_EO121,0.5238095238095238,0.01
T238_OUTER_04,PXD064962_UCD_EVENT,SEQUENCE_RIDGE_FULL,0.01,R4_EDINBURGH_USGO_20210324_6pm_KostarelosK_OkweloguE_EO125,0.9761904761904762,0.01
T238_OUTER_04,PXD064962_UCD_EVENT,SEQUENCE_RIDGE_FULL,0.01,R4_EDINBURGH_USGO_20210324_6pm_KostarelosK_OkweloguE_EO126,0.85,0.01
T238_OUTER_04,PXD064962_UCD_EVENT,SEQUENCE_RIDGE_FULL,0.01,R4_EDINBURGH_USGO_20210324_6pm_KostarelosK_OkweloguE_EO13,0.8571428571428571,0.01
T238_OUTER_04,PXD064962_UCD_EVENT,SEQUENCE_RIDGE_FULL,0.01,R4_EDINBURGH_USGO_20210324_6pm_KostarelosK_OkweloguE_EO26,0.6071428571428571,0.01
T238_OUTER_04,PXD064962_UCD_EVENT,SEQUENCE_RIDGE_FULL,0.01,R4_EDINBURGH_USGO_20210324_6pm_KostarelosK_OkweloguE_EO36,0.9642857142857143,0.01
T238_OUTER_04,PXD064962_UCD_EVENT,SEQUENCE_RIDGE_FULL,0.01,R4_EDINBURGH_USGO_20210324_6pm_KostarelosK_OkweloguE_EO40,0.8571428571428571,0.01
T238_OUTER_04,PXD064962_UCD_EVENT,SEQUENCE_RIDGE_FULL,0.01,R4_EDINBURGH_USGO_20210324_6pm_KostarelosK_OkweloguE_EO42,0.7857142857142857,0.01
T238_OUTER_04,PXD064962_UCD_EVENT,SEQUENCE_RIDGE_FULL,0.01,R4_EDINBURGH_USGO_20210324_6pm_KostarelosK_OkweloguE_EO44,0.75,0.01
T238_OUTER_04,PXD064962_UCD_EVENT,SEQUENCE_RIDGE_FULL,0.01,R4_EDINBURGH_USGO_20210324_6pm_KostarelosK_OkweloguE_EO5,0.8095238095238095,0.01
T238_OUTER_04,PXD064962_UCD_EVENT,SEQUENCE_RIDGE_FULL,0.01,R4_EDINBURGH_USGO_20210324_6pm_KostarelosK_OkweloguE_EO50,0.5,0.01
T238_OUTER_04,PXD064962_UCD_EVENT,SEQUENCE_RIDGE_FULL,0.01,R4_EDINBURGH_USGO_20210324_6pm_KostarelosK_OkweloguE_EO53,0.42857142857142855,0.01
T238_OUTER_04,PXD064962_UCD_EVENT,SEQUENCE_RIDGE_FULL,0.01,R4_EDINBURGH_USGO_20210324_6pm_KostarelosK_OkweloguE_EO60,0.8095238095238095,0.01
T238_OUTER_04,PXD064962_UCD_EVENT,SEQUENCE_RIDGE_FULL,0.01,R4_EDINBURGH_USGO_20210324_6pm_KostarelosK_OkweloguE_EO62,0.0,0.01
T238_OUTER_04,PXD064962_UCD_EVENT,SEQUENCE_RIDGE_FULL,0.01,R4_EDINBURGH_USGO_20210324_6pm_KostarelosK_OkweloguE_EO69,0.6190476190476191,0.01
T238_OUTER_04,PXD064962_UCD_EVENT,SEQUENCE_RIDGE_FULL,0.01,R4_EDINBURGH_USGO_20210324_6pm_KostarelosK_OkweloguE_EO76,0.4166666666666667,0.01
T238_OUTER_04,PXD064962_UCD_EVENT,SEQUENCE_RIDGE_FULL,0.01,R4_EDINBURGH_USGO_20210324_6pm_KostarelosK_OkweloguE_EO77,0.6190476190476191,0.01
T238_OUTER_04,PXD064962_UCD_EVENT,SEQUENCE_RIDGE_FULL,0.01,R4_EDINBURGH_USGO_20210324_6pm_KostarelosK_OkweloguE_EO79,0.7142857142857143,0.01
T238_OUTER_04,PXD064962_UCD_EVENT,SEQUENCE_RIDGE_FULL,0.01,R4_EDINBURGH_USGO_20210324_6pm_KostarelosK_OkweloguE_EO86,0.9,0.01
T238_OUTER_04,PXD064962_UCD_EVENT,SEQUENCE_RIDGE_FULL,0.01,R4_EDINBURGH_USGO_20210324_6pm_KostarelosK_OkweloguE_EO87,0.8333333333333334,0.01
T238_OUTER_04,PXD064962_UCD_EVENT,SEQUENCE_RIDGE_FULL,0.01,R4_PXD060795_F1,0.85,0.01
T238_OUTER_04,PXD064962_UCD_EVENT,SEQUENCE_RIDGE_FULL,0.01,R4_PXD060795_F2,0.806060606060606,0.01
T238_OUTER_04,PXD064962_UCD_EVENT,SEQUENCE_RIDGE_FULL,0.01,R4_PXD060795_F3,0.9333333333333333,0.01
T238_OUTER_04,PXD064962_UCD_EVENT,SEQUENCE_RIDGE_FULL,0.01,R4_PXD060795_F7,0.8809523809523809,0.01
T238_OUTER_04,PXD064962_UCD_EVENT,SEQUENCE_RIDGE_FULL,0.01,R4_PXD060795_F8,0.9285714285714286,0.01
T238_OUTER_04,PXD064962_UCD_EVENT,SEQUENCE_RIDGE_FULL,0.01,R4_PXD060795_F9,0.8571428571428571,0.01
T238_OUTER_04,PXD064962_UCD_EVENT,SEQUENCE_RIDGE_FULL,0.01,__MEAN__,0.7186427298192003,0.01
T238_OUTER_04,PXD064962_UCD_EVENT,SEQUENCE_RIDGE_FULL,0.1,PMC6592156:PH:pH 4.9:Rep1,0.8928571428571429,0.01
T238_OUTER_04,PXD064962_UCD_EVENT,SEQUENCE_RIDGE_FULL,0.1,PMC6592156:PH:pH 4.9:Rep2,0.8571428571428571,0.01
T238_OUTER_04,PXD064962_UCD_EVENT,SEQUENCE_RIDGE_FULL,0.1,PMC6592156:PH:pH 4.9:Rep3,0.6190476190476191,0.01
T238_OUTER_04,PXD064962_UCD_EVENT,SEQUENCE_RIDGE_FULL,0.1,PMC6592156:PH:pH 6.1:Rep1,0.8666666666666667,0.01
T238_OUTER_04,PXD064962_UCD_EVENT,SEQUENCE_RIDGE_FULL,0.1,PMC6592156:PH:pH 6.1:Rep2,0.7818181818181819,0.01
T238_OUTER_04,PXD064962_UCD_EVENT,SEQUENCE_RIDGE_FULL,0.1,PMC6592156:PH:pH 6.1:Rep3,0.9523809523809523,0.01
T238_OUTER_04,PXD064962_UCD_EVENT,SEQUENCE_RIDGE_FULL,0.1,PMC6592156:PH:pH 6.8:Rep1,0.9272727272727272,0.01
T238_OUTER_04,PXD064962_UCD_EVENT,SEQUENCE_RIDGE_FULL,0.1,PMC6592156:PH:pH 6.8:Rep2,0.806060606060606,0.01
T238_OUTER_04,PXD064962_UCD_EVENT,SEQUENCE_RIDGE_FULL,0.1,PMC6592156:PH:pH 6.8:Rep3,0.6606060606060606,0.01
T238_OUTER_04,PXD064962_UCD_EVENT,SEQUENCE_RIDGE_FULL,0.1,PMC6592156:PH:pH 7.7:Rep1,0.9166666666666666,0.01
T238_OUTER_04,PXD064962_UCD_EVENT,SEQUENCE_RIDGE_FULL,0.1,PMC6592156:PH:pH 7.7:Rep2,0.7575757575757576,0.01
T238_OUTER_04,PXD064962_UCD_EVENT,SEQUENCE_RIDGE_FULL,0.1,PMC6592156:PH:pH 7.7:Rep3,0.8303030303030303,0.01
T238_OUTER_04,PXD064962_UCD_EVENT,SEQUENCE_RIDGE_FULL,0.1,PMC6592156:PH:pH 8.9:Rep1,0.8909090909090909,0.01
T238_OUTER_04,PXD064962_UCD_EVENT,SEQUENCE_RIDGE_FULL,0.1,PMC6592156:PH:pH 8.9:Rep2,0.9393939393939394,0.01
T238_OUTER_04,PXD064962_UCD_EVENT,SEQUENCE_RIDGE_FULL,0.1,PMC6592156:PH:pH 8.9:Rep3,0.9030303030303031,0.01
T238_OUTER_04,PXD064962_UCD_EVENT,SEQUENCE_RIDGE_FULL,0.1,PMC6592156:TEMPERATURE:17 °C:Rep1,0.6904761904761905,0.01
T238_OUTER_04,PXD064962_UCD_EVENT,SEQUENCE_RIDGE_FULL,0.1,PMC6592156:TEMPERATURE:17 °C:Rep2,0.5476190476190477,0.01
T238_OUTER_04,PXD064962_UCD_EVENT,SEQUENCE_RIDGE_FULL,0.1,PMC6592156:TEMPERATURE:17 °C:Rep3,0.7142857142857143,0.01
T238_OUTER_04,PXD064962_UCD_EVENT,SEQUENCE_RIDGE_FULL,0.1,PMC6592156:TEMPERATURE:30 °C:Rep1,0.9,0.01
T238_OUTER_04,PXD064962_UCD_EVENT,SEQUENCE_RIDGE_FULL,0.1,PMC6592156:TEMPERATURE:30 °C:Rep2,0.6785714285714286,0.01
T238_OUTER_04,PXD064962_UCD_EVENT,SEQUENCE_RIDGE_FULL,0.1,PMC6592156:TEMPERATURE:30 °C:Rep3,0.7818181818181819,0.01
T238_OUTER_04,PXD064962_UCD_EVENT,SEQUENCE_RIDGE_FULL,0.1,PMC6592156:TEMPERATURE:4 °C:Rep1,0.9030303030303031,0.01
T238_OUTER_04,PXD064962_UCD_EVENT,SEQUENCE_RIDGE_FULL,0.1,PMC6592156:TEMPERATURE:4 °C:Rep2,0.8787878787878788,0.01
T238_OUTER_04,PXD064962_UCD_EVENT,SEQUENCE_RIDGE_FULL,0.1,PMC6592156:TEMPERATURE:4 °C:Rep3,0.8666666666666667,0.01
T238_OUTER_04,PXD064962_UCD_EVENT,SEQUENCE_RIDGE_FULL,0.1,PMC6592156:TEMPERATURE:41 °C:Rep1,0.8545454545454545,0.01
T238_OUTER_04,PXD064962_UCD_EVENT,SEQUENCE_RIDGE_FULL,0.1,PMC6592156:TEMPERATURE:41 °C:Rep2,0.8303030303030303,0.01
T238_OUTER_04,PXD064962_UCD_EVENT,SEQUENCE_RIDGE_FULL,0.1,PMC6592156:TEMPERATURE:41 °C:Rep3,0.8545454545454545,0.01
T238_OUTER_04,PXD064962_UCD_EVENT,SEQUENCE_RIDGE_FULL,0.1,PMC6592156:TEMPERATURE:47 °C:Rep1,0.6190476190476191,0.01
T238_OUTER_04,PXD064962_UCD_EVENT,SEQUENCE_RIDGE_FULL,0.1,PMC6592156:TEMPERATURE:47 °C:Rep2,0.7333333333333333,0.01
T238_OUTER_04,PXD064962_UCD_EVENT,SEQUENCE_RIDGE_FULL,0.1,PMC6592156:TEMPERATURE:47 °C:Rep3,0.7333333333333333,0.01
T238_OUTER_04,PXD064962_UCD_EVENT,SEQUENCE_RIDGE_FULL,0.1,R4_EDINBURGH_SGO_20210324_6pm_KostarelosK_OkweloguE_EO10,0.8166666666666667,0.01
T238_OUTER_04,PXD064962_UCD_EVENT,SEQUENCE_RIDGE_FULL,0.1,R4_EDINBURGH_SGO_20210324_6pm_KostarelosK_OkweloguE_EO103,0.6833333333333333,0.01
T238_OUTER_04,PXD064962_UCD_EVENT,SEQUENCE_RIDGE_FULL,0.1,R4_EDINBURGH_SGO_20210324_6pm_KostarelosK_OkweloguE_EO105,0.6666666666666666,0.01
T238_OUTER_04,PXD064962_UCD_EVENT,SEQUENCE_RIDGE_FULL,0.1,R4_EDINBURGH_SGO_20210324_6pm_KostarelosK_OkweloguE_EO107,0.6333333333333333,0.01
T238_OUTER_04,PXD064962_UCD_EVENT,SEQUENCE_RIDGE_FULL,0.1,R4_EDINBURGH_SGO_20210324_6pm_KostarelosK_OkweloguE_EO113,0.8,0.01
T238_OUTER_04,PXD064962_UCD_EVENT,SEQUENCE_RIDGE_FULL,0.1,R4_EDINBURGH_SGO_20210324_6pm_KostarelosK_OkweloguE_EO116,0.2619047619047619,0.01
T238_OUTER_04,PXD064962_UCD_EVENT,SEQUENCE_RIDGE_FULL,0.1,R4_EDINBURGH_SGO_20210324_6pm_KostarelosK_OkweloguE_EO12,0.47619047619047616,0.01
T238_OUTER_04,PXD064962_UCD_EVENT,SEQUENCE_RIDGE_FULL,0.1,R4_EDINBURGH_SGO_20210324_6pm_KostarelosK_OkweloguE_EO16,0.2619047619047619,0.01
T238_OUTER_04,PXD064962_UCD_EVENT,SEQUENCE_RIDGE_FULL,0.1,R4_EDINBURGH_SGO_20210324_6pm_KostarelosK_OkweloguE_EO21,-0.08333333333333333,0.01
T238_OUTER_04,PXD064962_UCD_EVENT,SEQUENCE_RIDGE_FULL,0.1,R4_EDINBURGH_SGO_20210324_6pm_KostarelosK_OkweloguE_EO24,0.9047619047619048,0.01
T238_OUTER_04,PXD064962_UCD_EVENT,SEQUENCE_RIDGE_FULL,0.1,R4_EDINBURGH_SGO_20210324_6pm_KostarelosK_OkweloguE_EO31,0.8,0.01
T238_OUTER_04,PXD064962_UCD_EVENT,SEQUENCE_RIDGE_FULL,0.1,R4_EDINBURGH_SGO_20210324_6pm_KostarelosK_OkweloguE_EO34,0.3333333333333333,0.01
T238_OUTER_04,PXD064962_UCD_EVENT,SEQUENCE_RIDGE_FULL,0.1,R4_EDINBURGH_SGO_20210324_6pm_KostarelosK_OkweloguE_EO4,0.85,0.01
T238_OUTER_04,PXD064962_UCD_EVENT,SEQUENCE_RIDGE_FULL,0.1,R4_EDINBURGH_SGO_20210324_6pm_KostarelosK_OkweloguE_EO43,0.14285714285714285,0.01
T238_OUTER_04,PXD064962_UCD_EVENT,SEQUENCE_RIDGE_FULL,0.1,R4_EDINBURGH_SGO_20210324_6pm_KostarelosK_OkweloguE_EO52,0.5714285714285714,0.01
T238_OUTER_04,PXD064962_UCD_EVENT,SEQUENCE_RIDGE_FULL,0.1,R4_EDINBURGH_SGO_20210324_6pm_KostarelosK_OkweloguE_EO64,0.8,0.01
T238_OUTER_04,PXD064962_UCD_EVENT,SEQUENCE_RIDGE_FULL,0.1,R4_EDINBURGH_SGO_20210324_6pm_KostarelosK_OkweloguE_EO66,0.7,0.01
T238_OUTER_04,PXD064962_UCD_EVENT,SEQUENCE_RIDGE_FULL,0.1,R4_EDINBURGH_SGO_20210324_6pm_KostarelosK_OkweloguE_EO73,0.9166666666666666,0.01
T238_OUTER_04,PXD064962_UCD_EVENT,SEQUENCE_RIDGE_FULL,0.1,R4_EDINBURGH_SGO_20210324_6pm_KostarelosK_OkweloguE_EO83,0.9833333333333333,0.01
T238_OUTER_04,PXD064962_UCD_EVENT,SEQUENCE_RIDGE_FULL,0.1,R4_EDINBURGH_SGO_20210324_6pm_KostarelosK_OkweloguE_EO88,-0.07142857142857142,0.01
T238_OUTER_04,PXD064962_UCD_EVENT,SEQUENCE_RIDGE_FULL,0.1,R4_EDINBURGH_SGO_20210324_6pm_KostarelosK_OkweloguE_EO94,0.8333333333333334,0.01
T238_OUTER_04,PXD064962_UCD_EVENT,SEQUENCE_RIDGE_FULL,0.1,R4_EDINBURGH_SGO_20210324_6pm_KostarelosK_OkweloguE_EO96,0.8666666666666667,0.01
T238_OUTER_04,PXD064962_UCD_EVENT,SEQUENCE_RIDGE_FULL,0.1,R4_EDINBURGH_SGO_20210324_6pm_KostarelosK_OkweloguE_EO97,0.5166666666666667,0.01
T238_OUTER_04,PXD064962_UCD_EVENT,SEQUENCE_RIDGE_FULL,0.1,R4_EDINBURGH_USGO_20210324_6pm_KostarelosK_OkweloguE_EO106,0.6904761904761905,0.01
T238_OUTER_04,PXD064962_UCD_EVENT,SEQUENCE_RIDGE_FULL,0.1,R4_EDINBURGH_USGO_20210324_6pm_KostarelosK_OkweloguE_EO11,0.7380952380952381,0.01
T238_OUTER_04,PXD064962_UCD_EVENT,SEQUENCE_RIDGE_FULL,0.1,R4_EDINBURGH_USGO_20210324_6pm_KostarelosK_OkweloguE_EO111,0.8095238095238095,0.01
T238_OUTER_04,PXD064962_UCD_EVENT,SEQUENCE_RIDGE_FULL,0.1,R4_EDINBURGH_USGO_20210324_6pm_KostarelosK_OkweloguE_EO112,0.5833333333333334,0.01
T238_OUTER_04,PXD064962_UCD_EVENT,SEQUENCE_RIDGE_FULL,0.1,R4_EDINBURGH_USGO_20210324_6pm_KostarelosK_OkweloguE_EO115,0.5333333333333333,0.01
T238_OUTER_04,PXD064962_UCD_EVENT,SEQUENCE_RIDGE_FULL,0.1,R4_EDINBURGH_USGO_20210324_6pm_KostarelosK_OkweloguE_EO120,0.8,0.01
T238_OUTER_04,PXD064962_UCD_EVENT,SEQUENCE_RIDGE_FULL,0.1,R4_EDINBURGH_USGO_20210324_6pm_KostarelosK_OkweloguE_EO121,0.5238095238095238,0.01
T238_OUTER_04,PXD064962_UCD_EVENT,SEQUENCE_RIDGE_FULL,0.1,R4_EDINBURGH_USGO_20210324_6pm_KostarelosK_OkweloguE_EO125,0.9761904761904762,0.01
T238_OUTER_04,PXD064962_UCD_EVENT,SEQUENCE_RIDGE_FULL,0.1,R4_EDINBURGH_USGO_20210324_6pm_KostarelosK_OkweloguE_EO126,0.85,0.01
T238_OUTER_04,PXD064962_UCD_EVENT,SEQUENCE_RIDGE_FULL,0.1,R4_EDINBURGH_USGO_20210324_6pm_KostarelosK_OkweloguE_EO13,0.8571428571428571,0.01
T238_OUTER_04,PXD064962_UCD_EVENT,SEQUENCE_RIDGE_FULL,0.1,R4_EDINBURGH_USGO_20210324_6pm_KostarelosK_OkweloguE_EO26,0.6071428571428571,0.01
T238_OUTER_04,PXD064962_UCD_EVENT,SEQUENCE_RIDGE_FULL,0.1,R4_EDINBURGH_USGO_20210324_6pm_KostarelosK_OkweloguE_EO36,0.9642857142857143,0.01
T238_OUTER_04,PXD064962_UCD_EVENT,SEQUENCE_RIDGE_FULL,0.1,R4_EDINBURGH_USGO_20210324_6pm_KostarelosK_OkweloguE_EO40,0.8571428571428571,0.01
T238_OUTER_04,PXD064962_UCD_EVENT,SEQUENCE_RIDGE_FULL,0.1,R4_EDINBURGH_USGO_20210324_6pm_KostarelosK_OkweloguE_EO42,0.7857142857142857,0.01
T238_OUTER_04,PXD064962_UCD_EVENT,SEQUENCE_RIDGE_FULL,0.1,R4_EDINBURGH_USGO_20210324_6pm_KostarelosK_OkweloguE_EO44,0.75,0.01
T238_OUTER_04,PXD064962_UCD_EVENT,SEQUENCE_RIDGE_FULL,0.1,R4_EDINBURGH_USGO_20210324_6pm_KostarelosK_OkweloguE_EO5,0.8095238095238095,0.01
T238_OUTER_04,PXD064962_UCD_EVENT,SEQUENCE_RIDGE_FULL,0.1,R4_EDINBURGH_USGO_20210324_6pm_KostarelosK_OkweloguE_EO50,0.5,0.01
T238_OUTER_04,PXD064962_UCD_EVENT,SEQUENCE_RIDGE_FULL,0.1,R4_EDINBURGH_USGO_20210324_6pm_KostarelosK_OkweloguE_EO53,0.42857142857142855,0.01
T238_OUTER_04,PXD064962_UCD_EVENT,SEQUENCE_RIDGE_FULL,0.1,R4_EDINBURGH_USGO_20210324_6pm_KostarelosK_OkweloguE_EO60,0.8095238095238095,0.01
T238_OUTER_04,PXD064962_UCD_EVENT,SEQUENCE_RIDGE_FULL,0.1,R4_EDINBURGH_USGO_20210324_6pm_KostarelosK_OkweloguE_EO62,0.0,0.01
T238_OUTER_04,PXD064962_UCD_EVENT,SEQUENCE_RIDGE_FULL,0.1,R4_EDINBURGH_USGO_20210324_6pm_KostarelosK_OkweloguE_EO69,0.6190476190476191,0.01
T238_OUTER_04,PXD064962_UCD_EVENT,SEQUENCE_RIDGE_FULL,0.1,R4_EDINBURGH_USGO_20210324_6pm_KostarelosK_OkweloguE_EO76,0.4166666666666667,0.01
T238_OUTER_04,PXD064962_UCD_EVENT,SEQUENCE_RIDGE_FULL,0.1,R4_EDINBURGH_USGO_20210324_6pm_KostarelosK_OkweloguE_EO77,0.6190476190476191,0.01
T238_OUTER_04,PXD064962_UCD_EVENT,SEQUENCE_RIDGE_FULL,0.1,R4_EDINBURGH_USGO_20210324_6pm_KostarelosK_OkweloguE_EO79,0.7142857142857143,0.01
T238_OUTER_04,PXD064962_UCD_EVENT,SEQUENCE_RIDGE_FULL,0.1,R4_EDINBURGH_USGO_20210324_6pm_KostarelosK_OkweloguE_EO86,0.9,0.01
T238_OUTER_04,PXD064962_UCD_EVENT,SEQUENCE_RIDGE_FULL,0.1,R4_EDINBURGH_USGO_20210324_6pm_KostarelosK_OkweloguE_EO87,0.8333333333333334,0.01
T238_OUTER_04,PXD064962_UCD_EVENT,SEQUENCE_RIDGE_FULL,0.1,R4_PXD060795_F1,0.85,0.01
T238_OUTER_04,PXD064962_UCD_EVENT,SEQUENCE_RIDGE_FULL,0.1,R4_PXD060795_F2,0.806060606060606,0.01
T238_OUTER_04,PXD064962_UCD_EVENT,SEQUENCE_RIDGE_FULL,0.1,R4_PXD060795_F3,0.9333333333333333,0.01
T238_OUTER_04,PXD064962_UCD_EVENT,SEQUENCE_RIDGE_FULL,0.1,R4_PXD060795_F7,0.8809523809523809,0.01
T238_OUTER_04,PXD064962_UCD_EVENT,SEQUENCE_RIDGE_FULL,0.1,R4_PXD060795_F8,0.9285714285714286,0.01
T238_OUTER_04,PXD064962_UCD_EVENT,SEQUENCE_RIDGE_FULL,0.1,R4_PXD060795_F9,0.8571428571428571,0.01
T238_OUTER_04,PXD064962_UCD_EVENT,SEQUENCE_RIDGE_FULL,0.1,__MEAN__,0.7186427298192003,0.01
T238_OUTER_04,PXD064962_UCD_EVENT,SEQUENCE_RIDGE_FULL,1.0,PMC6592156:PH:pH 4.9:Rep1,0.8928571428571429,0.01
T238_OUTER_04,PXD064962_UCD_EVENT,SEQUENCE_RIDGE_FULL,1.0,PMC6592156:PH:pH 4.9:Rep2,0.8571428571428571,0.01
T238_OUTER_04,PXD064962_UCD_EVENT,SEQUENCE_RIDGE_FULL,1.0,PMC6592156:PH:pH 4.9:Rep3,0.6190476190476191,0.01
T238_OUTER_04,PXD064962_UCD_EVENT,SEQUENCE_RIDGE_FULL,1.0,PMC6592156:PH:pH 6.1:Rep1,0.8666666666666667,0.01
T238_OUTER_04,PXD064962_UCD_EVENT,SEQUENCE_RIDGE_FULL,1.0,PMC6592156:PH:pH 6.1:Rep2,0.7818181818181819,0.01
T238_OUTER_04,PXD064962_UCD_EVENT,SEQUENCE_RIDGE_FULL,1.0,PMC6592156:PH:pH 6.1:Rep3,0.9523809523809523,0.01
T238_OUTER_04,PXD064962_UCD_EVENT,SEQUENCE_RIDGE_FULL,1.0,PMC6592156:PH:pH 6.8:Rep1,0.9272727272727272,0.01
T238_OUTER_04,PXD064962_UCD_EVENT,SEQUENCE_RIDGE_FULL,1.0,PMC6592156:PH:pH 6.8:Rep2,0.806060606060606,0.01
T238_OUTER_04,PXD064962_UCD_EVENT,SEQUENCE_RIDGE_FULL,1.0,PMC6592156:PH:pH 6.8:Rep3,0.6606060606060606,0.01
T238_OUTER_04,PXD064962_UCD_EVENT,SEQUENCE_RIDGE_FULL,1.0,PMC6592156:PH:pH 7.7:Rep1,0.9166666666666666,0.01
T238_OUTER_04,PXD064962_UCD_EVENT,SEQUENCE_RIDGE_FULL,1.0,PMC6592156:PH:pH 7.7:Rep2,0.7575757575757576,0.01
T238_OUTER_04,PXD064962_UCD_EVENT,SEQUENCE_RIDGE_FULL,1.0,PMC6592156:PH:pH 7.7:Rep3,0.8303030303030303,0.01
T238_OUTER_04,PXD064962_UCD_EVENT,SEQUENCE_RIDGE_FULL,1.0,PMC6592156:PH:pH 8.9:Rep1,0.8909090909090909,0.01
T238_OUTER_04,PXD064962_UCD_EVENT,SEQUENCE_RIDGE_FULL,1.0,PMC6592156:PH:pH 8.9:Rep2,0.9393939393939394,0.01
T238_OUTER_04,PXD064962_UCD_EVENT,SEQUENCE_RIDGE_FULL,1.0,PMC6592156:PH:pH 8.9:Rep3,0.9030303030303031,0.01
T238_OUTER_04,PXD064962_UCD_EVENT,SEQUENCE_RIDGE_FULL,1.0,PMC6592156:TEMPERATURE:17 °C:Rep1,0.6904761904761905,0.01
T238_OUTER_04,PXD064962_UCD_EVENT,SEQUENCE_RIDGE_FULL,1.0,PMC6592156:TEMPERATURE:17 °C:Rep2,0.5476190476190477,0.01
T238_OUTER_04,PXD064962_UCD_EVENT,SEQUENCE_RIDGE_FULL,1.0,PMC6592156:TEMPERATURE:17 °C:Rep3,0.7142857142857143,0.01
T238_OUTER_04,PXD064962_UCD_EVENT,SEQUENCE_RIDGE_FULL,1.0,PMC6592156:TEMPERATURE:30 °C:Rep1,0.9,0.01
T238_OUTER_04,PXD064962_UCD_EVENT,SEQUENCE_RIDGE_FULL,1.0,PMC6592156:TEMPERATURE:30 °C:Rep2,0.6785714285714286,0.01
T238_OUTER_04,PXD064962_UCD_EVENT,SEQUENCE_RIDGE_FULL,1.0,PMC6592156:TEMPERATURE:30 °C:Rep3,0.7818181818181819,0.01
T238_OUTER_04,PXD064962_UCD_EVENT,SEQUENCE_RIDGE_FULL,1.0,PMC6592156:TEMPERATURE:4 °C:Rep1,0.9030303030303031,0.01
T238_OUTER_04,PXD064962_UCD_EVENT,SEQUENCE_RIDGE_FULL,1.0,PMC6592156:TEMPERATURE:4 °C:Rep2,0.8787878787878788,0.01
T238_OUTER_04,PXD064962_UCD_EVENT,SEQUENCE_RIDGE_FULL,1.0,PMC6592156:TEMPERATURE:4 °C:Rep3,0.8666666666666667,0.01
T238_OUTER_04,PXD064962_UCD_EVENT,SEQUENCE_RIDGE_FULL,1.0,PMC6592156:TEMPERATURE:41 °C:Rep1,0.8545454545454545,0.01
T238_OUTER_04,PXD064962_UCD_EVENT,SEQUENCE_RIDGE_FULL,1.0,PMC6592156:TEMPERATURE:41 °C:Rep2,0.8303030303030303,0.01
T238_OUTER_04,PXD064962_UCD_EVENT,SEQUENCE_RIDGE_FULL,1.0,PMC6592156:TEMPERATURE:41 °C:Rep3,0.8545454545454545,0.01
T238_OUTER_04,PXD064962_UCD_EVENT,SEQUENCE_RIDGE_FULL,1.0,PMC6592156:TEMPERATURE:47 °C:Rep1,0.6190476190476191,0.01
T238_OUTER_04,PXD064962_UCD_EVENT,SEQUENCE_RIDGE_FULL,1.0,PMC6592156:TEMPERATURE:47 °C:Rep2,0.7333333333333333,0.01
T238_OUTER_04,PXD064962_UCD_EVENT,SEQUENCE_RIDGE_FULL,1.0,PMC6592156:TEMPERATURE:47 °C:Rep3,0.7333333333333333,0.01
T238_OUTER_04,PXD064962_UCD_EVENT,SEQUENCE_RIDGE_FULL,1.0,R4_EDINBURGH_SGO_20210324_6pm_KostarelosK_OkweloguE_EO10,0.8166666666666667,0.01
T238_OUTER_04,PXD064962_UCD_EVENT,SEQUENCE_RIDGE_FULL,1.0,R4_EDINBURGH_SGO_20210324_6pm_KostarelosK_OkweloguE_EO103,0.6833333333333333,0.01
T238_OUTER_04,PXD064962_UCD_EVENT,SEQUENCE_RIDGE_FULL,1.0,R4_EDINBURGH_SGO_20210324_6pm_KostarelosK_OkweloguE_EO105,0.6666666666666666,0.01
T238_OUTER_04,PXD064962_UCD_EVENT,SEQUENCE_RIDGE_FULL,1.0,R4_EDINBURGH_SGO_20210324_6pm_KostarelosK_OkweloguE_EO107,0.6333333333333333,0.01
T238_OUTER_04,PXD064962_UCD_EVENT,SEQUENCE_RIDGE_FULL,1.0,R4_EDINBURGH_SGO_20210324_6pm_KostarelosK_OkweloguE_EO113,0.8,0.01
T238_OUTER_04,PXD064962_UCD_EVENT,SEQUENCE_RIDGE_FULL,1.0,R4_EDINBURGH_SGO_20210324_6pm_KostarelosK_OkweloguE_EO116,0.2619047619047619,0.01
T238_OUTER_04,PXD064962_UCD_EVENT,SEQUENCE_RIDGE_FULL,1.0,R4_EDINBURGH_SGO_20210324_6pm_KostarelosK_OkweloguE_EO12,0.47619047619047616,0.01
T238_OUTER_04,PXD064962_UCD_EVENT,SEQUENCE_RIDGE_FULL,1.0,R4_EDINBURGH_SGO_20210324_6pm_KostarelosK_OkweloguE_EO16,0.2619047619047619,0.01
T238_OUTER_04,PXD064962_UCD_EVENT,SEQUENCE_RIDGE_FULL,1.0,R4_EDINBURGH_SGO_20210324_6pm_KostarelosK_OkweloguE_EO21,-0.08333333333333333,0.01
T238_OUTER_04,PXD064962_UCD_EVENT,SEQUENCE_RIDGE_FULL,1.0,R4_EDINBURGH_SGO_20210324_6pm_KostarelosK_OkweloguE_EO24,0.9047619047619048,0.01
T238_OUTER_04,PXD064962_UCD_EVENT,SEQUENCE_RIDGE_FULL,1.0,R4_EDINBURGH_SGO_20210324_6pm_KostarelosK_OkweloguE_EO31,0.8,0.01
T238_OUTER_04,PXD064962_UCD_EVENT,SEQUENCE_RIDGE_FULL,1.0,R4_EDINBURGH_SGO_20210324_6pm_KostarelosK_OkweloguE_EO34,0.3333333333333333,0.01
T238_OUTER_04,PXD064962_UCD_EVENT,SEQUENCE_RIDGE_FULL,1.0,R4_EDINBURGH_SGO_20210324_6pm_KostarelosK_OkweloguE_EO4,0.85,0.01
T238_OUTER_04,PXD064962_UCD_EVENT,SEQUENCE_RIDGE_FULL,1.0,R4_EDINBURGH_SGO_20210324_6pm_KostarelosK_OkweloguE_EO43,0.14285714285714285,0.01
T238_OUTER_04,PXD064962_UCD_EVENT,SEQUENCE_RIDGE_FULL,1.0,R4_EDINBURGH_SGO_20210324_6pm_KostarelosK_OkweloguE_EO52,0.5714285714285714,0.01
T238_OUTER_04,PXD064962_UCD_EVENT,SEQUENCE_RIDGE_FULL,1.0,R4_EDINBURGH_SGO_20210324_6pm_KostarelosK_OkweloguE_EO64,0.8,0.01
T238_OUTER_04,PXD064962_UCD_EVENT,SEQUENCE_RIDGE_FULL,1.0,R4_EDINBURGH_SGO_20210324_6pm_KostarelosK_OkweloguE_EO66,0.7,0.01
T238_OUTER_04,PXD064962_UCD_EVENT,SEQUENCE_RIDGE_FULL,1.0,R4_EDINBURGH_SGO_20210324_6pm_KostarelosK_OkweloguE_EO73,0.9166666666666666,0.01
T238_OUTER_04,PXD064962_UCD_EVENT,SEQUENCE_RIDGE_FULL,1.0,R4_EDINBURGH_SGO_20210324_6pm_KostarelosK_OkweloguE_EO83,0.9833333333333333,0.01
T238_OUTER_04,PXD064962_UCD_EVENT,SEQUENCE_RIDGE_FULL,1.0,R4_EDINBURGH_SGO_20210324_6pm_KostarelosK_OkweloguE_EO88,-0.07142857142857142,0.01
T238_OUTER_04,PXD064962_UCD_EVENT,SEQUENCE_RIDGE_FULL,1.0,R4_EDINBURGH_SGO_20210324_6pm_KostarelosK_OkweloguE_EO94,0.8333333333333334,0.01
T238_OUTER_04,PXD064962_UCD_EVENT,SEQUENCE_RIDGE_FULL,1.0,R4_EDINBURGH_SGO_20210324_6pm_KostarelosK_OkweloguE_EO96,0.8666666666666667,0.01
T238_OUTER_04,PXD064962_UCD_EVENT,SEQUENCE_RIDGE_FULL,1.0,R4_EDINBURGH_SGO_20210324_6pm_KostarelosK_OkweloguE_EO97,0.5166666666666667,0.01
T238_OUTER_04,PXD064962_UCD_EVENT,SEQUENCE_RIDGE_FULL,1.0,R4_EDINBURGH_USGO_20210324_6pm_KostarelosK_OkweloguE_EO106,0.6904761904761905,0.01
T238_OUTER_04,PXD064962_UCD_EVENT,SEQUENCE_RIDGE_FULL,1.0,R4_EDINBURGH_USGO_20210324_6pm_KostarelosK_OkweloguE_EO11,0.7380952380952381,0.01
T238_OUTER_04,PXD064962_UCD_EVENT,SEQUENCE_RIDGE_FULL,1.0,R4_EDINBURGH_USGO_20210324_6pm_KostarelosK_OkweloguE_EO111,0.8095238095238095,0.01
T238_OUTER_04,PXD064962_UCD_EVENT,SEQUENCE_RIDGE_FULL,1.0,R4_EDINBURGH_USGO_20210324_6pm_KostarelosK_OkweloguE_EO112,0.5833333333333334,0.01
T238_OUTER_04,PXD064962_UCD_EVENT,SEQUENCE_RIDGE_FULL,1.0,R4_EDINBURGH_USGO_20210324_6pm_KostarelosK_OkweloguE_EO115,0.5333333333333333,0.01
T238_OUTER_04,PXD064962_UCD_EVENT,SEQUENCE_RIDGE_FULL,1.0,R4_EDINBURGH_USGO_20210324_6pm_KostarelosK_OkweloguE_EO120,0.8,0.01
T238_OUTER_04,PXD064962_UCD_EVENT,SEQUENCE_RIDGE_FULL,1.0,R4_EDINBURGH_USGO_20210324_6pm_KostarelosK_OkweloguE_EO121,0.5238095238095238,0.01
T238_OUTER_04,PXD064962_UCD_EVENT,SEQUENCE_RIDGE_FULL,1.0,R4_EDINBURGH_USGO_20210324_6pm_KostarelosK_OkweloguE_EO125,0.9761904761904762,0.01
T238_OUTER_04,PXD064962_UCD_EVENT,SEQUENCE_RIDGE_FULL,1.0,R4_EDINBURGH_USGO_20210324_6pm_KostarelosK_OkweloguE_EO126,0.85,0.01
T238_OUTER_04,PXD064962_UCD_EVENT,SEQUENCE_RIDGE_FULL,1.0,R4_EDINBURGH_USGO_20210324_6pm_KostarelosK_OkweloguE_EO13,0.8571428571428571,0.01
T238_OUTER_04,PXD064962_UCD_EVENT,SEQUENCE_RIDGE_FULL,1.0,R4_EDINBURGH_USGO_20210324_6pm_KostarelosK_OkweloguE_EO26,0.6071428571428571,0.01
T238_OUTER_04,PXD064962_UCD_EVENT,SEQUENCE_RIDGE_FULL,1.0,R4_EDINBURGH_USGO_20210324_6pm_KostarelosK_OkweloguE_EO36,0.9642857142857143,0.01
T238_OUTER_04,PXD064962_UCD_EVENT,SEQUENCE_RIDGE_FULL,1.0,R4_EDINBURGH_USGO_20210324_6pm_KostarelosK_OkweloguE_EO40,0.8571428571428571,0.01
T238_OUTER_04,PXD064962_UCD_EVENT,SEQUENCE_RIDGE_FULL,1.0,R4_EDINBURGH_USGO_20210324_6pm_KostarelosK_OkweloguE_EO42,0.7857142857142857,0.01
T238_OUTER_04,PXD064962_UCD_EVENT,SEQUENCE_RIDGE_FULL,1.0,R4_EDINBURGH_USGO_20210324_6pm_KostarelosK_OkweloguE_EO44,0.75,0.01
T238_OUTER_04,PXD064962_UCD_EVENT,SEQUENCE_RIDGE_FULL,1.0,R4_EDINBURGH_USGO_20210324_6pm_KostarelosK_OkweloguE_EO5,0.8095238095238095,0.01
T238_OUTER_04,PXD064962_UCD_EVENT,SEQUENCE_RIDGE_FULL,1.0,R4_EDINBURGH_USGO_20210324_6pm_KostarelosK_OkweloguE_EO50,0.5,0.01
T238_OUTER_04,PXD064962_UCD_EVENT,SEQUENCE_RIDGE_FULL,1.0,R4_EDINBURGH_USGO_20210324_6pm_KostarelosK_OkweloguE_EO53,0.42857142857142855,0.01
T238_OUTER_04,PXD064962_UCD_EVENT,SEQUENCE_RIDGE_FULL,1.0,R4_EDINBURGH_USGO_20210324_6pm_KostarelosK_OkweloguE_EO60,0.8095238095238095,0.01
T238_OUTER_04,PXD064962_UCD_EVENT,SEQUENCE_RIDGE_FULL,1.0,R4_EDINBURGH_USGO_20210324_6pm_KostarelosK_OkweloguE_EO62,0.0,0.01
T238_OUTER_04,PXD064962_UCD_EVENT,SEQUENCE_RIDGE_FULL,1.0,R4_EDINBURGH_USGO_20210324_6pm_KostarelosK_OkweloguE_EO69,0.6190476190476191,0.01
T238_OUTER_04,PXD064962_UCD_EVENT,SEQUENCE_RIDGE_FULL,1.0,R4_EDINBURGH_USGO_20210324_6pm_KostarelosK_OkweloguE_EO76,0.4166666666666667,0.01
T238_OUTER_04,PXD064962_UCD_EVENT,SEQUENCE_RIDGE_FULL,1.0,R4_EDINBURGH_USGO_20210324_6pm_KostarelosK_OkweloguE_EO77,0.6190476190476191,0.01
T238_OUTER_04,PXD064962_UCD_EVENT,SEQUENCE_RIDGE_FULL,1.0,R4_EDINBURGH_USGO_20210324_6pm_KostarelosK_OkweloguE_EO79,0.7142857142857143,0.01
T238_OUTER_04,PXD064962_UCD_EVENT,SEQUENCE_RIDGE_FULL,1.0,R4_EDINBURGH_USGO_20210324_6pm_KostarelosK_OkweloguE_EO86,0.9,0.01
T238_OUTER_04,PXD064962_UCD_EVENT,SEQUENCE_RIDGE_FULL,1.0,R4_EDINBURGH_USGO_20210324_6pm_KostarelosK_OkweloguE_EO87,0.8333333333333334,0.01
T238_OUTER_04,PXD064962_UCD_EVENT,SEQUENCE_RIDGE_FULL,1.0,R4_PXD060795_F1,0.85,0.01
T238_OUTER_04,PXD064962_UCD_EVENT,SEQUENCE_RIDGE_FULL,1.0,R4_PXD060795_F2,0.806060606060606,0.01
T238_OUTER_04,PXD064962_UCD_EVENT,SEQUENCE_RIDGE_FULL,1.0,R4_PXD060795_F3,0.9333333333333333,0.01
T238_OUTER_04,PXD064962_UCD_EVENT,SEQUENCE_RIDGE_FULL,1.0,R4_PXD060795_F7,0.8809523809523809,0.01
T238_OUTER_04,PXD064962_UCD_EVENT,SEQUENCE_RIDGE_FULL,1.0,R4_PXD060795_F8,0.9285714285714286,0.01
T238_OUTER_04,PXD064962_UCD_EVENT,SEQUENCE_RIDGE_FULL,1.0,R4_PXD060795_F9,0.8571428571428571,0.01
T238_OUTER_04,PXD064962_UCD_EVENT,SEQUENCE_RIDGE_FULL,1.0,__MEAN__,0.7186427298192003,0.01
T238_OUTER_04,PXD064962_UCD_EVENT,SEQUENCE_RIDGE_FULL,10.0,PMC6592156:PH:pH 4.9:Rep1,0.8928571428571429,0.01
T238_OUTER_04,PXD064962_UCD_EVENT,SEQUENCE_RIDGE_FULL,10.0,PMC6592156:PH:pH 4.9:Rep2,0.8571428571428571,0.01
T238_OUTER_04,PXD064962_UCD_EVENT,SEQUENCE_RIDGE_FULL,10.0,PMC6592156:PH:pH 4.9:Rep3,0.6190476190476191,0.01
T238_OUTER_04,PXD064962_UCD_EVENT,SEQUENCE_RIDGE_FULL,10.0,PMC6592156:PH:pH 6.1:Rep1,0.8666666666666667,0.01
T238_OUTER_04,PXD064962_UCD_EVENT,SEQUENCE_RIDGE_FULL,10.0,PMC6592156:PH:pH 6.1:Rep2,0.7818181818181819,0.01
T238_OUTER_04,PXD064962_UCD_EVENT,SEQUENCE_RIDGE_FULL,10.0,PMC6592156:PH:pH 6.1:Rep3,0.9523809523809523,0.01
T238_OUTER_04,PXD064962_UCD_EVENT,SEQUENCE_RIDGE_FULL,10.0,PMC6592156:PH:pH 6.8:Rep1,0.9272727272727272,0.01
T238_OUTER_04,PXD064962_UCD_EVENT,SEQUENCE_RIDGE_FULL,10.0,PMC6592156:PH:pH 6.8:Rep2,0.806060606060606,0.01
T238_OUTER_04,PXD064962_UCD_EVENT,SEQUENCE_RIDGE_FULL,10.0,PMC6592156:PH:pH 6.8:Rep3,0.6606060606060606,0.01
T238_OUTER_04,PXD064962_UCD_EVENT,SEQUENCE_RIDGE_FULL,10.0,PMC6592156:PH:pH 7.7:Rep1,0.9166666666666666,0.01
T238_OUTER_04,PXD064962_UCD_EVENT,SEQUENCE_RIDGE_FULL,10.0,PMC6592156:PH:pH 7.7:Rep2,0.7575757575757576,0.01
T238_OUTER_04,PXD064962_UCD_EVENT,SEQUENCE_RIDGE_FULL,10.0,PMC6592156:PH:pH 7.7:Rep3,0.8303030303030303,0.01
T238_OUTER_04,PXD064962_UCD_EVENT,SEQUENCE_RIDGE_FULL,10.0,PMC6592156:PH:pH 8.9:Rep1,0.8909090909090909,0.01
T238_OUTER_04,PXD064962_UCD_EVENT,SEQUENCE_RIDGE_FULL,10.0,PMC6592156:PH:pH 8.9:Rep2,0.9393939393939394,0.01
T238_OUTER_04,PXD064962_UCD_EVENT,SEQUENCE_RIDGE_FULL,10.0,PMC6592156:PH:pH 8.9:Rep3,0.9030303030303031,0.01
T238_OUTER_04,PXD064962_UCD_EVENT,SEQUENCE_RIDGE_FULL,10.0,PMC6592156:TEMPERATURE:17 °C:Rep1,0.6904761904761905,0.01
T238_OUTER_04,PXD064962_UCD_EVENT,SEQUENCE_RIDGE_FULL,10.0,PMC6592156:TEMPERATURE:17 °C:Rep2,0.5476190476190477,0.01
T238_OUTER_04,PXD064962_UCD_EVENT,SEQUENCE_RIDGE_FULL,10.0,PMC6592156:TEMPERATURE:17 °C:Rep3,0.7142857142857143,0.01
T238_OUTER_04,PXD064962_UCD_EVENT,SEQUENCE_RIDGE_FULL,10.0,PMC6592156:TEMPERATURE:30 °C:Rep1,0.9,0.01
T238_OUTER_04,PXD064962_UCD_EVENT,SEQUENCE_RIDGE_FULL,10.0,PMC6592156:TEMPERATURE:30 °C:Rep2,0.6785714285714286,0.01
T238_OUTER_04,PXD064962_UCD_EVENT,SEQUENCE_RIDGE_FULL,10.0,PMC6592156:TEMPERATURE:30 °C:Rep3,0.7818181818181819,0.01
T238_OUTER_04,PXD064962_UCD_EVENT,SEQUENCE_RIDGE_FULL,10.0,PMC6592156:TEMPERATURE:4 °C:Rep1,0.9030303030303031,0.01
T238_OUTER_04,PXD064962_UCD_EVENT,SEQUENCE_RIDGE_FULL,10.0,PMC6592156:TEMPERATURE:4 °C:Rep2,0.8787878787878788,0.01
T238_OUTER_04,PXD064962_UCD_EVENT,SEQUENCE_RIDGE_FULL,10.0,PMC6592156:TEMPERATURE:4 °C:Rep3,0.8666666666666667,0.01
T238_OUTER_04,PXD064962_UCD_EVENT,SEQUENCE_RIDGE_FULL,10.0,PMC6592156:TEMPERATURE:41 °C:Rep1,0.8545454545454545,0.01
T238_OUTER_04,PXD064962_UCD_EVENT,SEQUENCE_RIDGE_FULL,10.0,PMC6592156:TEMPERATURE:41 °C:Rep2,0.8303030303030303,0.01
T238_OUTER_04,PXD064962_UCD_EVENT,SEQUENCE_RIDGE_FULL,10.0,PMC6592156:TEMPERATURE:41 °C:Rep3,0.8545454545454545,0.01
T238_OUTER_04,PXD064962_UCD_EVENT,SEQUENCE_RIDGE_FULL,10.0,PMC6592156:TEMPERATURE:47 °C:Rep1,0.6190476190476191,0.01
T238_OUTER_04,PXD064962_UCD_EVENT,SEQUENCE_RIDGE_FULL,10.0,PMC6592156:TEMPERATURE:47 °C:Rep2,0.7333333333333333,0.01
T238_OUTER_04,PXD064962_UCD_EVENT,SEQUENCE_RIDGE_FULL,10.0,PMC6592156:TEMPERATURE:47 °C:Rep3,0.7333333333333333,0.01
T238_OUTER_04,PXD064962_UCD_EVENT,SEQUENCE_RIDGE_FULL,10.0,R4_EDINBURGH_SGO_20210324_6pm_KostarelosK_OkweloguE_EO10,0.8166666666666667,0.01
T238_OUTER_04,PXD064962_UCD_EVENT,SEQUENCE_RIDGE_FULL,10.0,R4_EDINBURGH_SGO_20210324_6pm_KostarelosK_OkweloguE_EO103,0.6833333333333333,0.01
T238_OUTER_04,PXD064962_UCD_EVENT,SEQUENCE_RIDGE_FULL,10.0,R4_EDINBURGH_SGO_20210324_6pm_KostarelosK_OkweloguE_EO105,0.6666666666666666,0.01
T238_OUTER_04,PXD064962_UCD_EVENT,SEQUENCE_RIDGE_FULL,10.0,R4_EDINBURGH_SGO_20210324_6pm_KostarelosK_OkweloguE_EO107,0.6333333333333333,0.01
T238_OUTER_04,PXD064962_UCD_EVENT,SEQUENCE_RIDGE_FULL,10.0,R4_EDINBURGH_SGO_20210324_6pm_KostarelosK_OkweloguE_EO113,0.8,0.01
T238_OUTER_04,PXD064962_UCD_EVENT,SEQUENCE_RIDGE_FULL,10.0,R4_EDINBURGH_SGO_20210324_6pm_KostarelosK_OkweloguE_EO116,0.2619047619047619,0.01
T238_OUTER_04,PXD064962_UCD_EVENT,SEQUENCE_RIDGE_FULL,10.0,R4_EDINBURGH_SGO_20210324_6pm_KostarelosK_OkweloguE_EO12,0.47619047619047616,0.01
T238_OUTER_04,PXD064962_UCD_EVENT,SEQUENCE_RIDGE_FULL,10.0,R4_EDINBURGH_SGO_20210324_6pm_KostarelosK_OkweloguE_EO16,0.2619047619047619,0.01
T238_OUTER_04,PXD064962_UCD_EVENT,SEQUENCE_RIDGE_FULL,10.0,R4_EDINBURGH_SGO_20210324_6pm_KostarelosK_OkweloguE_EO21,-0.08333333333333333,0.01
T238_OUTER_04,PXD064962_UCD_EVENT,SEQUENCE_RIDGE_FULL,10.0,R4_EDINBURGH_SGO_20210324_6pm_KostarelosK_OkweloguE_EO24,0.9047619047619048,0.01
T238_OUTER_04,PXD064962_UCD_EVENT,SEQUENCE_RIDGE_FULL,10.0,R4_EDINBURGH_SGO_20210324_6pm_KostarelosK_OkweloguE_EO31,0.8,0.01
T238_OUTER_04,PXD064962_UCD_EVENT,SEQUENCE_RIDGE_FULL,10.0,R4_EDINBURGH_SGO_20210324_6pm_KostarelosK_OkweloguE_EO34,0.3333333333333333,0.01
T238_OUTER_04,PXD064962_UCD_EVENT,SEQUENCE_RIDGE_FULL,10.0,R4_EDINBURGH_SGO_20210324_6pm_KostarelosK_OkweloguE_EO4,0.85,0.01
T238_OUTER_04,PXD064962_UCD_EVENT,SEQUENCE_RIDGE_FULL,10.0,R4_EDINBURGH_SGO_20210324_6pm_KostarelosK_OkweloguE_EO43,0.14285714285714285,0.01
T238_OUTER_04,PXD064962_UCD_EVENT,SEQUENCE_RIDGE_FULL,10.0,R4_EDINBURGH_SGO_20210324_6pm_KostarelosK_OkweloguE_EO52,0.5714285714285714,0.01
T238_OUTER_04,PXD064962_UCD_EVENT,SEQUENCE_RIDGE_FULL,10.0,R4_EDINBURGH_SGO_20210324_6pm_KostarelosK_OkweloguE_EO64,0.8,0.01
T238_OUTER_04,PXD064962_UCD_EVENT,SEQUENCE_RIDGE_FULL,10.0,R4_EDINBURGH_SGO_20210324_6pm_KostarelosK_OkweloguE_EO66,0.7,0.01
T238_OUTER_04,PXD064962_UCD_EVENT,SEQUENCE_RIDGE_FULL,10.0,R4_EDINBURGH_SGO_20210324_6pm_KostarelosK_OkweloguE_EO73,0.9166666666666666,0.01
T238_OUTER_04,PXD064962_UCD_EVENT,SEQUENCE_RIDGE_FULL,10.0,R4_EDINBURGH_SGO_20210324_6pm_KostarelosK_OkweloguE_EO83,0.9833333333333333,0.01
T238_OUTER_04,PXD064962_UCD_EVENT,SEQUENCE_RIDGE_FULL,10.0,R4_EDINBURGH_SGO_20210324_6pm_KostarelosK_OkweloguE_EO88,-0.07142857142857142,0.01
T238_OUTER_04,PXD064962_UCD_EVENT,SEQUENCE_RIDGE_FULL,10.0,R4_EDINBURGH_SGO_20210324_6pm_KostarelosK_OkweloguE_EO94,0.8333333333333334,0.01
T238_OUTER_04,PXD064962_UCD_EVENT,SEQUENCE_RIDGE_FULL,10.0,R4_EDINBURGH_SGO_20210324_6pm_KostarelosK_OkweloguE_EO96,0.8666666666666667,0.01
T238_OUTER_04,PXD064962_UCD_EVENT,SEQUENCE_RIDGE_FULL,10.0,R4_EDINBURGH_SGO_20210324_6pm_KostarelosK_OkweloguE_EO97,0.5166666666666667,0.01
T238_OUTER_04,PXD064962_UCD_EVENT,SEQUENCE_RIDGE_FULL,10.0,R4_EDINBURGH_USGO_20210324_6pm_KostarelosK_OkweloguE_EO106,0.6904761904761905,0.01
T238_OUTER_04,PXD064962_UCD_EVENT,SEQUENCE_RIDGE_FULL,10.0,R4_EDINBURGH_USGO_20210324_6pm_KostarelosK_OkweloguE_EO11,0.7380952380952381,0.01
T238_OUTER_04,PXD064962_UCD_EVENT,SEQUENCE_RIDGE_FULL,10.0,R4_EDINBURGH_USGO_20210324_6pm_KostarelosK_OkweloguE_EO111,0.8095238095238095,0.01
T238_OUTER_04,PXD064962_UCD_EVENT,SEQUENCE_RIDGE_FULL,10.0,R4_EDINBURGH_USGO_20210324_6pm_KostarelosK_OkweloguE_EO112,0.5833333333333334,0.01
T238_OUTER_04,PXD064962_UCD_EVENT,SEQUENCE_RIDGE_FULL,10.0,R4_EDINBURGH_USGO_20210324_6pm_KostarelosK_OkweloguE_EO115,0.5333333333333333,0.01
T238_OUTER_04,PXD064962_UCD_EVENT,SEQUENCE_RIDGE_FULL,10.0,R4_EDINBURGH_USGO_20210324_6pm_KostarelosK_OkweloguE_EO120,0.8,0.01
T238_OUTER_04,PXD064962_UCD_EVENT,SEQUENCE_RIDGE_FULL,10.0,R4_EDINBURGH_USGO_20210324_6pm_KostarelosK_OkweloguE_EO121,0.5238095238095238,0.01
T238_OUTER_04,PXD064962_UCD_EVENT,SEQUENCE_RIDGE_FULL,10.0,R4_EDINBURGH_USGO_20210324_6pm_KostarelosK_OkweloguE_EO125,0.9761904761904762,0.01
T238_OUTER_04,PXD064962_UCD_EVENT,SEQUENCE_RIDGE_FULL,10.0,R4_EDINBURGH_USGO_20210324_6pm_KostarelosK_OkweloguE_EO126,0.85,0.01
T238_OUTER_04,PXD064962_UCD_EVENT,SEQUENCE_RIDGE_FULL,10.0,R4_EDINBURGH_USGO_20210324_6pm_KostarelosK_OkweloguE_EO13,0.8571428571428571,0.01
T238_OUTER_04,PXD064962_UCD_EVENT,SEQUENCE_RIDGE_FULL,10.0,R4_EDINBURGH_USGO_20210324_6pm_KostarelosK_OkweloguE_EO26,0.6071428571428571,0.01
T238_OUTER_04,PXD064962_UCD_EVENT,SEQUENCE_RIDGE_FULL,10.0,R4_EDINBURGH_USGO_20210324_6pm_KostarelosK_OkweloguE_EO36,0.9642857142857143,0.01
T238_OUTER_04,PXD064962_UCD_EVENT,SEQUENCE_RIDGE_FULL,10.0,R4_EDINBURGH_USGO_20210324_6pm_KostarelosK_OkweloguE_EO40,0.8571428571428571,0.01
T238_OUTER_04,PXD064962_UCD_EVENT,SEQUENCE_RIDGE_FULL,10.0,R4_EDINBURGH_USGO_20210324_6pm_KostarelosK_OkweloguE_EO42,0.7857142857142857,0.01
T238_OUTER_04,PXD064962_UCD_EVENT,SEQUENCE_RIDGE_FULL,10.0,R4_EDINBURGH_USGO_20210324_6pm_KostarelosK_OkweloguE_EO44,0.75,0.01
T238_OUTER_04,PXD064962_UCD_EVENT,SEQUENCE_RIDGE_FULL,10.0,R4_EDINBURGH_USGO_20210324_6pm_KostarelosK_OkweloguE_EO5,0.8095238095238095,0.01
T238_OUTER_04,PXD064962_UCD_EVENT,SEQUENCE_RIDGE_FULL,10.0,R4_EDINBURGH_USGO_20210324_6pm_KostarelosK_OkweloguE_EO50,0.5,0.01
T238_OUTER_04,PXD064962_UCD_EVENT,SEQUENCE_RIDGE_FULL,10.0,R4_EDINBURGH_USGO_20210324_6pm_KostarelosK_OkweloguE_EO53,0.42857142857142855,0.01
T238_OUTER_04,PXD064962_UCD_EVENT,SEQUENCE_RIDGE_FULL,10.0,R4_EDINBURGH_USGO_20210324_6pm_KostarelosK_OkweloguE_EO60,0.8095238095238095,0.01
T238_OUTER_04,PXD064962_UCD_EVENT,SEQUENCE_RIDGE_FULL,10.0,R4_EDINBURGH_USGO_20210324_6pm_KostarelosK_OkweloguE_EO62,0.0,0.01
T238_OUTER_04,PXD064962_UCD_EVENT,SEQUENCE_RIDGE_FULL,10.0,R4_EDINBURGH_USGO_20210324_6pm_KostarelosK_OkweloguE_EO69,0.6190476190476191,0.01
T238_OUTER_04,PXD064962_UCD_EVENT,SEQUENCE_RIDGE_FULL,10.0,R4_EDINBURGH_USGO_20210324_6pm_KostarelosK_OkweloguE_EO76,0.4166666666666667,0.01
T238_OUTER_04,PXD064962_UCD_EVENT,SEQUENCE_RIDGE_FULL,10.0,R4_EDINBURGH_USGO_20210324_6pm_KostarelosK_OkweloguE_EO77,0.6190476190476191,0.01
T238_OUTER_04,PXD064962_UCD_EVENT,SEQUENCE_RIDGE_FULL,10.0,R4_EDINBURGH_USGO_20210324_6pm_KostarelosK_OkweloguE_EO79,0.7142857142857143,0.01
T238_OUTER_04,PXD064962_UCD_EVENT,SEQUENCE_RIDGE_FULL,10.0,R4_EDINBURGH_USGO_20210324_6pm_KostarelosK_OkweloguE_EO86,0.9,0.01
T238_OUTER_04,PXD064962_UCD_EVENT,SEQUENCE_RIDGE_FULL,10.0,R4_EDINBURGH_USGO_20210324_6pm_KostarelosK_OkweloguE_EO87,0.8333333333333334,0.01
T238_OUTER_04,PXD064962_UCD_EVENT,SEQUENCE_RIDGE_FULL,10.0,R4_PXD060795_F1,0.85,0.01
T238_OUTER_04,PXD064962_UCD_EVENT,SEQUENCE_RIDGE_FULL,10.0,R4_PXD060795_F2,0.806060606060606,0.01
T238_OUTER_04,PXD064962_UCD_EVENT,SEQUENCE_RIDGE_FULL,10.0,R4_PXD060795_F3,0.9333333333333333,0.01
T238_OUTER_04,PXD064962_UCD_EVENT,SEQUENCE_RIDGE_FULL,10.0,R4_PXD060795_F7,0.8809523809523809,0.01
T238_OUTER_04,PXD064962_UCD_EVENT,SEQUENCE_RIDGE_FULL,10.0,R4_PXD060795_F8,0.9285714285714286,0.01
T238_OUTER_04,PXD064962_UCD_EVENT,SEQUENCE_RIDGE_FULL,10.0,R4_PXD060795_F9,0.8571428571428571,0.01
T238_OUTER_04,PXD064962_UCD_EVENT,SEQUENCE_RIDGE_FULL,10.0,__MEAN__,0.7186427298192003,0.01
T238_OUTER_04,PXD064962_UCD_EVENT,SEQUENCE_RIDGE_FULL,100.0,PMC6592156:PH:pH 4.9:Rep1,0.8214285714285714,0.01
T238_OUTER_04,PXD064962_UCD_EVENT,SEQUENCE_RIDGE_FULL,100.0,PMC6592156:PH:pH 4.9:Rep2,0.8095238095238095,0.01
T238_OUTER_04,PXD064962_UCD_EVENT,SEQUENCE_RIDGE_FULL,100.0,PMC6592156:PH:pH 4.9:Rep3,0.5714285714285714,0.01
T238_OUTER_04,PXD064962_UCD_EVENT,SEQUENCE_RIDGE_FULL,100.0,PMC6592156:PH:pH 6.1:Rep1,0.8833333333333333,0.01
T238_OUTER_04,PXD064962_UCD_EVENT,SEQUENCE_RIDGE_FULL,100.0,PMC6592156:PH:pH 6.1:Rep2,0.7696969696969697,0.01
T238_OUTER_04,PXD064962_UCD_EVENT,SEQUENCE_RIDGE_FULL,100.0,PMC6592156:PH:pH 6.1:Rep3,0.9761904761904762,0.01
T238_OUTER_04,PXD064962_UCD_EVENT,SEQUENCE_RIDGE_FULL,100.0,PMC6592156:PH:pH 6.8:Rep1,0.9151515151515152,0.01
T238_OUTER_04,PXD064962_UCD_EVENT,SEQUENCE_RIDGE_FULL,100.0,PMC6592156:PH:pH 6.8:Rep2,0.7818181818181819,0.01
T238_OUTER_04,PXD064962_UCD_EVENT,SEQUENCE_RIDGE_FULL,100.0,PMC6592156:PH:pH 6.8:Rep3,0.6848484848484848,0.01
T238_OUTER_04,PXD064962_UCD_EVENT,SEQUENCE_RIDGE_FULL,100.0,PMC6592156:PH:pH 7.7:Rep1,0.9,0.01
T238_OUTER_04,PXD064962_UCD_EVENT,SEQUENCE_RIDGE_FULL,100.0,PMC6592156:PH:pH 7.7:Rep2,0.7818181818181819,0.01
T238_OUTER_04,PXD064962_UCD_EVENT,SEQUENCE_RIDGE_FULL,100.0,PMC6592156:PH:pH 7.7:Rep3,0.8424242424242424,0.01
T238_OUTER_04,PXD064962_UCD_EVENT,SEQUENCE_RIDGE_FULL,100.0,PMC6592156:PH:pH 8.9:Rep1,0.8787878787878788,0.01
T238_OUTER_04,PXD064962_UCD_EVENT,SEQUENCE_RIDGE_FULL,100.0,PMC6592156:PH:pH 8.9:Rep2,0.9151515151515152,0.01
T238_OUTER_04,PXD064962_UCD_EVENT,SEQUENCE_RIDGE_FULL,100.0,PMC6592156:PH:pH 8.9:Rep3,0.8787878787878788,0.01
T238_OUTER_04,PXD064962_UCD_EVENT,SEQUENCE_RIDGE_FULL,100.0,PMC6592156:TEMPERATURE:17 °C:Rep1,0.6666666666666666,0.01
T238_OUTER_04,PXD064962_UCD_EVENT,SEQUENCE_RIDGE_FULL,100.0,PMC6592156:TEMPERATURE:17 °C:Rep2,0.5714285714285714,0.01
T238_OUTER_04,PXD064962_UCD_EVENT,SEQUENCE_RIDGE_FULL,100.0,PMC6592156:TEMPERATURE:17 °C:Rep3,0.75,0.01
T238_OUTER_04,PXD064962_UCD_EVENT,SEQUENCE_RIDGE_FULL,100.0,PMC6592156:TEMPERATURE:30 °C:Rep1,0.8666666666666667,0.01
T238_OUTER_04,PXD064962_UCD_EVENT,SEQUENCE_RIDGE_FULL,100.0,PMC6592156:TEMPERATURE:30 °C:Rep2,0.75,0.01
T238_OUTER_04,PXD064962_UCD_EVENT,SEQUENCE_RIDGE_FULL,100.0,PMC6592156:TEMPERATURE:30 °C:Rep3,0.7696969696969697,0.01
T238_OUTER_04,PXD064962_UCD_EVENT,SEQUENCE_RIDGE_FULL,100.0,PMC6592156:TEMPERATURE:4 °C:Rep1,0.8909090909090909,0.01
T238_OUTER_04,PXD064962_UCD_EVENT,SEQUENCE_RIDGE_FULL,100.0,PMC6592156:TEMPERATURE:4 °C:Rep2,0.8545454545454545,0.01
T238_OUTER_04,PXD064962_UCD_EVENT,SEQUENCE_RIDGE_FULL,100.0,PMC6592156:TEMPERATURE:4 °C:Rep3,0.85,0.01
T238_OUTER_04,PXD064962_UCD_EVENT,SEQUENCE_RIDGE_FULL,100.0,PMC6592156:TEMPERATURE:41 °C:Rep1,0.8424242424242424,0.01
T238_OUTER_04,PXD064962_UCD_EVENT,SEQUENCE_RIDGE_FULL,100.0,PMC6592156:TEMPERATURE:41 °C:Rep2,0.8181818181818182,0.01
T238_OUTER_04,PXD064962_UCD_EVENT,SEQUENCE_RIDGE_FULL,100.0,PMC6592156:TEMPERATURE:41 °C:Rep3,0.8424242424242424,0.01
T238_OUTER_04,PXD064962_UCD_EVENT,SEQUENCE_RIDGE_FULL,100.0,PMC6592156:TEMPERATURE:47 °C:Rep1,0.5476190476190477,0.01
T238_OUTER_04,PXD064962_UCD_EVENT,SEQUENCE_RIDGE_FULL,100.0,PMC6592156:TEMPERATURE:47 °C:Rep2,0.6833333333333333,0.01
T238_OUTER_04,PXD064962_UCD_EVENT,SEQUENCE_RIDGE_FULL,100.0,PMC6592156:TEMPERATURE:47 °C:Rep3,0.6833333333333333,0.01
T238_OUTER_04,PXD064962_UCD_EVENT,SEQUENCE_RIDGE_FULL,100.0,R4_EDINBURGH_SGO_20210324_6pm_KostarelosK_OkweloguE_EO10,0.8166666666666667,0.01
T238_OUTER_04,PXD064962_UCD_EVENT,SEQUENCE_RIDGE_FULL,100.0,R4_EDINBURGH_SGO_20210324_6pm_KostarelosK_OkweloguE_EO103,0.6833333333333333,0.01
T238_OUTER_04,PXD064962_UCD_EVENT,SEQUENCE_RIDGE_FULL,100.0,R4_EDINBURGH_SGO_20210324_6pm_KostarelosK_OkweloguE_EO105,0.6666666666666666,0.01
T238_OUTER_04,PXD064962_UCD_EVENT,SEQUENCE_RIDGE_FULL,100.0,R4_EDINBURGH_SGO_20210324_6pm_KostarelosK_OkweloguE_EO107,0.6333333333333333,0.01
T238_OUTER_04,PXD064962_UCD_EVENT,SEQUENCE_RIDGE_FULL,100.0,R4_EDINBURGH_SGO_20210324_6pm_KostarelosK_OkweloguE_EO113,0.8,0.01
T238_OUTER_04,PXD064962_UCD_EVENT,SEQUENCE_RIDGE_FULL,100.0,R4_EDINBURGH_SGO_20210324_6pm_KostarelosK_OkweloguE_EO116,0.2619047619047619,0.01
T238_OUTER_04,PXD064962_UCD_EVENT,SEQUENCE_RIDGE_FULL,100.0,R4_EDINBURGH_SGO_20210324_6pm_KostarelosK_OkweloguE_EO12,0.47619047619047616,0.01
T238_OUTER_04,PXD064962_UCD_EVENT,SEQUENCE_RIDGE_FULL,100.0,R4_EDINBURGH_SGO_20210324_6pm_KostarelosK_OkweloguE_EO16,0.2619047619047619,0.01
T238_OUTER_04,PXD064962_UCD_EVENT,SEQUENCE_RIDGE_FULL,100.0,R4_EDINBURGH_SGO_20210324_6pm_KostarelosK_OkweloguE_EO21,-0.08333333333333333,0.01
T238_OUTER_04,PXD064962_UCD_EVENT,SEQUENCE_RIDGE_FULL,100.0,R4_EDINBURGH_SGO_20210324_6pm_KostarelosK_OkweloguE_EO24,0.9047619047619048,0.01
T238_OUTER_04,PXD064962_UCD_EVENT,SEQUENCE_RIDGE_FULL,100.0,R4_EDINBURGH_SGO_20210324_6pm_KostarelosK_OkweloguE_EO31,0.8,0.01
T238_OUTER_04,PXD064962_UCD_EVENT,SEQUENCE_RIDGE_FULL,100.0,R4_EDINBURGH_SGO_20210324_6pm_KostarelosK_OkweloguE_EO34,0.3333333333333333,0.01
T238_OUTER_04,PXD064962_UCD_EVENT,SEQUENCE_RIDGE_FULL,100.0,R4_EDINBURGH_SGO_20210324_6pm_KostarelosK_OkweloguE_EO4,0.85,0.01
T238_OUTER_04,PXD064962_UCD_EVENT,SEQUENCE_RIDGE_FULL,100.0,R4_EDINBURGH_SGO_20210324_6pm_KostarelosK_OkweloguE_EO43,0.14285714285714285,0.01
T238_OUTER_04,PXD064962_UCD_EVENT,SEQUENCE_RIDGE_FULL,100.0,R4_EDINBURGH_SGO_20210324_6pm_KostarelosK_OkweloguE_EO52,0.5714285714285714,0.01
T238_OUTER_04,PXD064962_UCD_EVENT,SEQUENCE_RIDGE_FULL,100.0,R4_EDINBURGH_SGO_20210324_6pm_KostarelosK_OkweloguE_EO64,0.8,0.01
T238_OUTER_04,PXD064962_UCD_EVENT,SEQUENCE_RIDGE_FULL,100.0,R4_EDINBURGH_SGO_20210324_6pm_KostarelosK_OkweloguE_EO66,0.7,0.01
T238_OUTER_04,PXD064962_UCD_EVENT,SEQUENCE_RIDGE_FULL,100.0,R4_EDINBURGH_SGO_20210324_6pm_KostarelosK_OkweloguE_EO73,0.9166666666666666,0.01
T238_OUTER_04,PXD064962_UCD_EVENT,SEQUENCE_RIDGE_FULL,100.0,R4_EDINBURGH_SGO_20210324_6pm_KostarelosK_OkweloguE_EO83,0.9833333333333333,0.01
T238_OUTER_04,PXD064962_UCD_EVENT,SEQUENCE_RIDGE_FULL,100.0,R4_EDINBURGH_SGO_20210324_6pm_KostarelosK_OkweloguE_EO88,-0.07142857142857142,0.01
T238_OUTER_04,PXD064962_UCD_EVENT,SEQUENCE_RIDGE_FULL,100.0,R4_EDINBURGH_SGO_20210324_6pm_KostarelosK_OkweloguE_EO94,0.8333333333333334,0.01
T238_OUTER_04,PXD064962_UCD_EVENT,SEQUENCE_RIDGE_FULL,100.0,R4_EDINBURGH_SGO_20210324_6pm_KostarelosK_OkweloguE_EO96,0.8666666666666667,0.01
T238_OUTER_04,PXD064962_UCD_EVENT,SEQUENCE_RIDGE_FULL,100.0,R4_EDINBURGH_SGO_20210324_6pm_KostarelosK_OkweloguE_EO97,0.5166666666666667,0.01
T238_OUTER_04,PXD064962_UCD_EVENT,SEQUENCE_RIDGE_FULL,100.0,R4_EDINBURGH_USGO_20210324_6pm_KostarelosK_OkweloguE_EO106,0.6666666666666666,0.01
T238_OUTER_04,PXD064962_UCD_EVENT,SEQUENCE_RIDGE_FULL,100.0,R4_EDINBURGH_USGO_20210324_6pm_KostarelosK_OkweloguE_EO11,0.6666666666666666,0.01
T238_OUTER_04,PXD064962_UCD_EVENT,SEQUENCE_RIDGE_FULL,100.0,R4_EDINBURGH_USGO_20210324_6pm_KostarelosK_OkweloguE_EO111,0.7857142857142857,0.01
T238_OUTER_04,PXD064962_UCD_EVENT,SEQUENCE_RIDGE_FULL,100.0,R4_EDINBURGH_USGO_20210324_6pm_KostarelosK_OkweloguE_EO112,0.55,0.01
T238_OUTER_04,PXD064962_UCD_EVENT,SEQUENCE_RIDGE_FULL,100.0,R4_EDINBURGH_USGO_20210324_6pm_KostarelosK_OkweloguE_EO115,0.55,0.01
T238_OUTER_04,PXD064962_UCD_EVENT,SEQUENCE_RIDGE_FULL,100.0,R4_EDINBURGH_USGO_20210324_6pm_KostarelosK_OkweloguE_EO120,0.75,0.01
T238_OUTER_04,PXD064962_UCD_EVENT,SEQUENCE_RIDGE_FULL,100.0,R4_EDINBURGH_USGO_20210324_6pm_KostarelosK_OkweloguE_EO121,0.5476190476190477,0.01
T238_OUTER_04,PXD064962_UCD_EVENT,SEQUENCE_RIDGE_FULL,100.0,R4_EDINBURGH_USGO_20210324_6pm_KostarelosK_OkweloguE_EO125,0.9523809523809523,0.01
T238_OUTER_04,PXD064962_UCD_EVENT,SEQUENCE_RIDGE_FULL,100.0,R4_EDINBURGH_USGO_20210324_6pm_KostarelosK_OkweloguE_EO126,0.8833333333333333,0.01
T238_OUTER_04,PXD064962_UCD_EVENT,SEQUENCE_RIDGE_FULL,100.0,R4_EDINBURGH_USGO_20210324_6pm_KostarelosK_OkweloguE_EO13,0.8928571428571429,0.01
T238_OUTER_04,PXD064962_UCD_EVENT,SEQUENCE_RIDGE_FULL,100.0,R4_EDINBURGH_USGO_20210324_6pm_KostarelosK_OkweloguE_EO26,0.5357142857142857,0.01
T238_OUTER_04,PXD064962_UCD_EVENT,SEQUENCE_RIDGE_FULL,100.0,R4_EDINBURGH_USGO_20210324_6pm_KostarelosK_OkweloguE_EO36,0.8928571428571429,0.01
T238_OUTER_04,PXD064962_UCD_EVENT,SEQUENCE_RIDGE_FULL,100.0,R4_EDINBURGH_USGO_20210324_6pm_KostarelosK_OkweloguE_EO40,0.7857142857142857,0.01
T238_OUTER_04,PXD064962_UCD_EVENT,SEQUENCE_RIDGE_FULL,100.0,R4_EDINBURGH_USGO_20210324_6pm_KostarelosK_OkweloguE_EO42,0.6428571428571429,0.01
T238_OUTER_04,PXD064962_UCD_EVENT,SEQUENCE_RIDGE_FULL,100.0,R4_EDINBURGH_USGO_20210324_6pm_KostarelosK_OkweloguE_EO44,0.6428571428571429,0.01
T238_OUTER_04,PXD064962_UCD_EVENT,SEQUENCE_RIDGE_FULL,100.0,R4_EDINBURGH_USGO_20210324_6pm_KostarelosK_OkweloguE_EO5,0.7380952380952381,0.01
T238_OUTER_04,PXD064962_UCD_EVENT,SEQUENCE_RIDGE_FULL,100.0,R4_EDINBURGH_USGO_20210324_6pm_KostarelosK_OkweloguE_EO50,0.4666666666666667,0.01
T238_OUTER_04,PXD064962_UCD_EVENT,SEQUENCE_RIDGE_FULL,100.0,R4_EDINBURGH_USGO_20210324_6pm_KostarelosK_OkweloguE_EO53,0.30952380952380953,0.01
T238_OUTER_04,PXD064962_UCD_EVENT,SEQUENCE_RIDGE_FULL,100.0,R4_EDINBURGH_USGO_20210324_6pm_KostarelosK_OkweloguE_EO60,0.7857142857142857,0.01
T238_OUTER_04,PXD064962_UCD_EVENT,SEQUENCE_RIDGE_FULL,100.0,R4_EDINBURGH_USGO_20210324_6pm_KostarelosK_OkweloguE_EO62,-0.05,0.01
T238_OUTER_04,PXD064962_UCD_EVENT,SEQUENCE_RIDGE_FULL,100.0,R4_EDINBURGH_USGO_20210324_6pm_KostarelosK_OkweloguE_EO69,0.5952380952380952,0.01
T238_OUTER_04,PXD064962_UCD_EVENT,SEQUENCE_RIDGE_FULL,100.0,R4_EDINBURGH_USGO_20210324_6pm_KostarelosK_OkweloguE_EO76,0.38333333333333336,0.01
T238_OUTER_04,PXD064962_UCD_EVENT,SEQUENCE_RIDGE_FULL,100.0,R4_EDINBURGH_USGO_20210324_6pm_KostarelosK_OkweloguE_EO77,0.6428571428571429,0.01
T238_OUTER_04,PXD064962_UCD_EVENT,SEQUENCE_RIDGE_FULL,100.0,R4_EDINBURGH_USGO_20210324_6pm_KostarelosK_OkweloguE_EO79,0.8095238095238095,0.01
T238_OUTER_04,PXD064962_UCD_EVENT,SEQUENCE_RIDGE_FULL,100.0,R4_EDINBURGH_USGO_20210324_6pm_KostarelosK_OkweloguE_EO86,0.8833333333333333,0.01
T238_OUTER_04,PXD064962_UCD_EVENT,SEQUENCE_RIDGE_FULL,100.0,R4_EDINBURGH_USGO_20210324_6pm_KostarelosK_OkweloguE_EO87,0.8095238095238095,0.01
T238_OUTER_04,PXD064962_UCD_EVENT,SEQUENCE_RIDGE_FULL,100.0,R4_PXD060795_F1,0.8333333333333334,0.01
T238_OUTER_04,PXD064962_UCD_EVENT,SEQUENCE_RIDGE_FULL,100.0,R4_PXD060795_F2,0.793939393939394,0.01
T238_OUTER_04,PXD064962_UCD_EVENT,SEQUENCE_RIDGE_FULL,100.0,R4_PXD060795_F3,0.9166666666666666,0.01
T238_OUTER_04,PXD064962_UCD_EVENT,SEQUENCE_RIDGE_FULL,100.0,R4_PXD060795_F7,0.8333333333333334,0.01
T238_OUTER_04,PXD064962_UCD_EVENT,SEQUENCE_RIDGE_FULL,100.0,R4_PXD060795_F8,0.8571428571428571,0.01
T238_OUTER_04,PXD064962_UCD_EVENT,SEQUENCE_RIDGE_FULL,100.0,R4_PXD060795_F9,0.7857142857142857,0.01
T238_OUTER_04,PXD064962_UCD_EVENT,SEQUENCE_RIDGE_FULL,100.0,__MEAN__,0.7011892029539087,0.01
T238_OUTER_04,PXD064962_UCD_EVENT,SEQUENCE_RIDGE_COMPOSITION_ONLY,0.01,PMC6592156:PH:pH 4.9:Rep1,0.8928571428571429,0.01
T238_OUTER_04,PXD064962_UCD_EVENT,SEQUENCE_RIDGE_COMPOSITION_ONLY,0.01,PMC6592156:PH:pH 4.9:Rep2,0.8571428571428571,0.01
T238_OUTER_04,PXD064962_UCD_EVENT,SEQUENCE_RIDGE_COMPOSITION_ONLY,0.01,PMC6592156:PH:pH 4.9:Rep3,0.6190476190476191,0.01
T238_OUTER_04,PXD064962_UCD_EVENT,SEQUENCE_RIDGE_COMPOSITION_ONLY,0.01,PMC6592156:PH:pH 6.1:Rep1,0.8666666666666667,0.01
T238_OUTER_04,PXD064962_UCD_EVENT,SEQUENCE_RIDGE_COMPOSITION_ONLY,0.01,PMC6592156:PH:pH 6.1:Rep2,0.7818181818181819,0.01
T238_OUTER_04,PXD064962_UCD_EVENT,SEQUENCE_RIDGE_COMPOSITION_ONLY,0.01,PMC6592156:PH:pH 6.1:Rep3,0.9523809523809523,0.01
T238_OUTER_04,PXD064962_UCD_EVENT,SEQUENCE_RIDGE_COMPOSITION_ONLY,0.01,PMC6592156:PH:pH 6.8:Rep1,0.9272727272727272,0.01
T238_OUTER_04,PXD064962_UCD_EVENT,SEQUENCE_RIDGE_COMPOSITION_ONLY,0.01,PMC6592156:PH:pH 6.8:Rep2,0.806060606060606,0.01
T238_OUTER_04,PXD064962_UCD_EVENT,SEQUENCE_RIDGE_COMPOSITION_ONLY,0.01,PMC6592156:PH:pH 6.8:Rep3,0.6606060606060606,0.01
T238_OUTER_04,PXD064962_UCD_EVENT,SEQUENCE_RIDGE_COMPOSITION_ONLY,0.01,PMC6592156:PH:pH 7.7:Rep1,0.9166666666666666,0.01
T238_OUTER_04,PXD064962_UCD_EVENT,SEQUENCE_RIDGE_COMPOSITION_ONLY,0.01,PMC6592156:PH:pH 7.7:Rep2,0.7575757575757576,0.01
T238_OUTER_04,PXD064962_UCD_EVENT,SEQUENCE_RIDGE_COMPOSITION_ONLY,0.01,PMC6592156:PH:pH 7.7:Rep3,0.8303030303030303,0.01
T238_OUTER_04,PXD064962_UCD_EVENT,SEQUENCE_RIDGE_COMPOSITION_ONLY,0.01,PMC6592156:PH:pH 8.9:Rep1,0.8909090909090909,0.01
T238_OUTER_04,PXD064962_UCD_EVENT,SEQUENCE_RIDGE_COMPOSITION_ONLY,0.01,PMC6592156:PH:pH 8.9:Rep2,0.9393939393939394,0.01
T238_OUTER_04,PXD064962_UCD_EVENT,SEQUENCE_RIDGE_COMPOSITION_ONLY,0.01,PMC6592156:PH:pH 8.9:Rep3,0.9030303030303031,0.01
T238_OUTER_04,PXD064962_UCD_EVENT,SEQUENCE_RIDGE_COMPOSITION_ONLY,0.01,PMC6592156:TEMPERATURE:17 °C:Rep1,0.6904761904761905,0.01
T238_OUTER_04,PXD064962_UCD_EVENT,SEQUENCE_RIDGE_COMPOSITION_ONLY,0.01,PMC6592156:TEMPERATURE:17 °C:Rep2,0.5476190476190477,0.01
T238_OUTER_04,PXD064962_UCD_EVENT,SEQUENCE_RIDGE_COMPOSITION_ONLY,0.01,PMC6592156:TEMPERATURE:17 °C:Rep3,0.7142857142857143,0.01
T238_OUTER_04,PXD064962_UCD_EVENT,SEQUENCE_RIDGE_COMPOSITION_ONLY,0.01,PMC6592156:TEMPERATURE:30 °C:Rep1,0.9,0.01
T238_OUTER_04,PXD064962_UCD_EVENT,SEQUENCE_RIDGE_COMPOSITION_ONLY,0.01,PMC6592156:TEMPERATURE:30 °C:Rep2,0.6785714285714286,0.01
T238_OUTER_04,PXD064962_UCD_EVENT,SEQUENCE_RIDGE_COMPOSITION_ONLY,0.01,PMC6592156:TEMPERATURE:30 °C:Rep3,0.7818181818181819,0.01
T238_OUTER_04,PXD064962_UCD_EVENT,SEQUENCE_RIDGE_COMPOSITION_ONLY,0.01,PMC6592156:TEMPERATURE:4 °C:Rep1,0.9030303030303031,0.01
T238_OUTER_04,PXD064962_UCD_EVENT,SEQUENCE_RIDGE_COMPOSITION_ONLY,0.01,PMC6592156:TEMPERATURE:4 °C:Rep2,0.8787878787878788,0.01
T238_OUTER_04,PXD064962_UCD_EVENT,SEQUENCE_RIDGE_COMPOSITION_ONLY,0.01,PMC6592156:TEMPERATURE:4 °C:Rep3,0.8666666666666667,0.01
T238_OUTER_04,PXD064962_UCD_EVENT,SEQUENCE_RIDGE_COMPOSITION_ONLY,0.01,PMC6592156:TEMPERATURE:41 °C:Rep1,0.8545454545454545,0.01
T238_OUTER_04,PXD064962_UCD_EVENT,SEQUENCE_RIDGE_COMPOSITION_ONLY,0.01,PMC6592156:TEMPERATURE:41 °C:Rep2,0.8303030303030303,0.01
T238_OUTER_04,PXD064962_UCD_EVENT,SEQUENCE_RIDGE_COMPOSITION_ONLY,0.01,PMC6592156:TEMPERATURE:41 °C:Rep3,0.8545454545454545,0.01
T238_OUTER_04,PXD064962_UCD_EVENT,SEQUENCE_RIDGE_COMPOSITION_ONLY,0.01,PMC6592156:TEMPERATURE:47 °C:Rep1,0.6190476190476191,0.01
T238_OUTER_04,PXD064962_UCD_EVENT,SEQUENCE_RIDGE_COMPOSITION_ONLY,0.01,PMC6592156:TEMPERATURE:47 °C:Rep2,0.7333333333333333,0.01
T238_OUTER_04,PXD064962_UCD_EVENT,SEQUENCE_RIDGE_COMPOSITION_ONLY,0.01,PMC6592156:TEMPERATURE:47 °C:Rep3,0.7333333333333333,0.01
T238_OUTER_04,PXD064962_UCD_EVENT,SEQUENCE_RIDGE_COMPOSITION_ONLY,0.01,R4_EDINBURGH_SGO_20210324_6pm_KostarelosK_OkweloguE_EO10,0.8166666666666667,0.01
T238_OUTER_04,PXD064962_UCD_EVENT,SEQUENCE_RIDGE_COMPOSITION_ONLY,0.01,R4_EDINBURGH_SGO_20210324_6pm_KostarelosK_OkweloguE_EO103,0.6833333333333333,0.01
T238_OUTER_04,PXD064962_UCD_EVENT,SEQUENCE_RIDGE_COMPOSITION_ONLY,0.01,R4_EDINBURGH_SGO_20210324_6pm_KostarelosK_OkweloguE_EO105,0.6666666666666666,0.01
T238_OUTER_04,PXD064962_UCD_EVENT,SEQUENCE_RIDGE_COMPOSITION_ONLY,0.01,R4_EDINBURGH_SGO_20210324_6pm_KostarelosK_OkweloguE_EO107,0.6333333333333333,0.01
T238_OUTER_04,PXD064962_UCD_EVENT,SEQUENCE_RIDGE_COMPOSITION_ONLY,0.01,R4_EDINBURGH_SGO_20210324_6pm_KostarelosK_OkweloguE_EO113,0.8,0.01
T238_OUTER_04,PXD064962_UCD_EVENT,SEQUENCE_RIDGE_COMPOSITION_ONLY,0.01,R4_EDINBURGH_SGO_20210324_6pm_KostarelosK_OkweloguE_EO116,0.2619047619047619,0.01
T238_OUTER_04,PXD064962_UCD_EVENT,SEQUENCE_RIDGE_COMPOSITION_ONLY,0.01,R4_EDINBURGH_SGO_20210324_6pm_KostarelosK_OkweloguE_EO12,0.47619047619047616,0.01
T238_OUTER_04,PXD064962_UCD_EVENT,SEQUENCE_RIDGE_COMPOSITION_ONLY,0.01,R4_EDINBURGH_SGO_20210324_6pm_KostarelosK_OkweloguE_EO16,0.2619047619047619,0.01
T238_OUTER_04,PXD064962_UCD_EVENT,SEQUENCE_RIDGE_COMPOSITION_ONLY,0.01,R4_EDINBURGH_SGO_20210324_6pm_KostarelosK_OkweloguE_EO21,-0.08333333333333333,0.01
T238_OUTER_04,PXD064962_UCD_EVENT,SEQUENCE_RIDGE_COMPOSITION_ONLY,0.01,R4_EDINBURGH_SGO_20210324_6pm_KostarelosK_OkweloguE_EO24,0.9047619047619048,0.01
T238_OUTER_04,PXD064962_UCD_EVENT,SEQUENCE_RIDGE_COMPOSITION_ONLY,0.01,R4_EDINBURGH_SGO_20210324_6pm_KostarelosK_OkweloguE_EO31,0.8,0.01
T238_OUTER_04,PXD064962_UCD_EVENT,SEQUENCE_RIDGE_COMPOSITION_ONLY,0.01,R4_EDINBURGH_SGO_20210324_6pm_KostarelosK_OkweloguE_EO34,0.3333333333333333,0.01
T238_OUTER_04,PXD064962_UCD_EVENT,SEQUENCE_RIDGE_COMPOSITION_ONLY,0.01,R4_EDINBURGH_SGO_20210324_6pm_KostarelosK_OkweloguE_EO4,0.85,0.01
T238_OUTER_04,PXD064962_UCD_EVENT,SEQUENCE_RIDGE_COMPOSITION_ONLY,0.01,R4_EDINBURGH_SGO_20210324_6pm_KostarelosK_OkweloguE_EO43,0.14285714285714285,0.01
T238_OUTER_04,PXD064962_UCD_EVENT,SEQUENCE_RIDGE_COMPOSITION_ONLY,0.01,R4_EDINBURGH_SGO_20210324_6pm_KostarelosK_OkweloguE_EO52,0.5714285714285714,0.01
T238_OUTER_04,PXD064962_UCD_EVENT,SEQUENCE_RIDGE_COMPOSITION_ONLY,0.01,R4_EDINBURGH_SGO_20210324_6pm_KostarelosK_OkweloguE_EO64,0.8,0.01
T238_OUTER_04,PXD064962_UCD_EVENT,SEQUENCE_RIDGE_COMPOSITION_ONLY,0.01,R4_EDINBURGH_SGO_20210324_6pm_KostarelosK_OkweloguE_EO66,0.7,0.01
T238_OUTER_04,PXD064962_UCD_EVENT,SEQUENCE_RIDGE_COMPOSITION_ONLY,0.01,R4_EDINBURGH_SGO_20210324_6pm_KostarelosK_OkweloguE_EO73,0.9166666666666666,0.01
T238_OUTER_04,PXD064962_UCD_EVENT,SEQUENCE_RIDGE_COMPOSITION_ONLY,0.01,R4_EDINBURGH_SGO_20210324_6pm_KostarelosK_OkweloguE_EO83,0.9833333333333333,0.01
T238_OUTER_04,PXD064962_UCD_EVENT,SEQUENCE_RIDGE_COMPOSITION_ONLY,0.01,R4_EDINBURGH_SGO_20210324_6pm_KostarelosK_OkweloguE_EO88,-0.07142857142857142,0.01
T238_OUTER_04,PXD064962_UCD_EVENT,SEQUENCE_RIDGE_COMPOSITION_ONLY,0.01,R4_EDINBURGH_SGO_20210324_6pm_KostarelosK_OkweloguE_EO94,0.8333333333333334,0.01
T238_OUTER_04,PXD064962_UCD_EVENT,SEQUENCE_RIDGE_COMPOSITION_ONLY,0.01,R4_EDINBURGH_SGO_20210324_6pm_KostarelosK_OkweloguE_EO96,0.8666666666666667,0.01
T238_OUTER_04,PXD064962_UCD_EVENT,SEQUENCE_RIDGE_COMPOSITION_ONLY,0.01,R4_EDINBURGH_SGO_20210324_6pm_KostarelosK_OkweloguE_EO97,0.5166666666666667,0.01
T238_OUTER_04,PXD064962_UCD_EVENT,SEQUENCE_RIDGE_COMPOSITION_ONLY,0.01,R4_EDINBURGH_USGO_20210324_6pm_KostarelosK_OkweloguE_EO106,0.6904761904761905,0.01
T238_OUTER_04,PXD064962_UCD_EVENT,SEQUENCE_RIDGE_COMPOSITION_ONLY,0.01,R4_EDINBURGH_USGO_20210324_6pm_KostarelosK_OkweloguE_EO11,0.7380952380952381,0.01
T238_OUTER_04,PXD064962_UCD_EVENT,SEQUENCE_RIDGE_COMPOSITION_ONLY,0.01,R4_EDINBURGH_USGO_20210324_6pm_KostarelosK_OkweloguE_EO111,0.8095238095238095,0.01
T238_OUTER_04,PXD064962_UCD_EVENT,SEQUENCE_RIDGE_COMPOSITION_ONLY,0.01,R4_EDINBURGH_USGO_20210324_6pm_KostarelosK_OkweloguE_EO112,0.5833333333333334,0.01
T238_OUTER_04,PXD064962_UCD_EVENT,SEQUENCE_RIDGE_COMPOSITION_ONLY,0.01,R4_EDINBURGH_USGO_20210324_6pm_KostarelosK_OkweloguE_EO115,0.5333333333333333,0.01
T238_OUTER_04,PXD064962_UCD_EVENT,SEQUENCE_RIDGE_COMPOSITION_ONLY,0.01,R4_EDINBURGH_USGO_20210324_6pm_KostarelosK_OkweloguE_EO120,0.8,0.01
T238_OUTER_04,PXD064962_UCD_EVENT,SEQUENCE_RIDGE_COMPOSITION_ONLY,0.01,R4_EDINBURGH_USGO_20210324_6pm_KostarelosK_OkweloguE_EO121,0.5238095238095238,0.01
T238_OUTER_04,PXD064962_UCD_EVENT,SEQUENCE_RIDGE_COMPOSITION_ONLY,0.01,R4_EDINBURGH_USGO_20210324_6pm_KostarelosK_OkweloguE_EO125,0.9761904761904762,0.01
T238_OUTER_04,PXD064962_UCD_EVENT,SEQUENCE_RIDGE_COMPOSITION_ONLY,0.01,R4_EDINBURGH_USGO_20210324_6pm_KostarelosK_OkweloguE_EO126,0.85,0.01
T238_OUTER_04,PXD064962_UCD_EVENT,SEQUENCE_RIDGE_COMPOSITION_ONLY,0.01,R4_EDINBURGH_USGO_20210324_6pm_KostarelosK_OkweloguE_EO13,0.8571428571428571,0.01
T238_OUTER_04,PXD064962_UCD_EVENT,SEQUENCE_RIDGE_COMPOSITION_ONLY,0.01,R4_EDINBURGH_USGO_20210324_6pm_KostarelosK_OkweloguE_EO26,0.6071428571428571,0.01
T238_OUTER_04,PXD064962_UCD_EVENT,SEQUENCE_RIDGE_COMPOSITION_ONLY,0.01,R4_EDINBURGH_USGO_20210324_6pm_KostarelosK_OkweloguE_EO36,0.9642857142857143,0.01
T238_OUTER_04,PXD064962_UCD_EVENT,SEQUENCE_RIDGE_COMPOSITION_ONLY,0.01,R4_EDINBURGH_USGO_20210324_6pm_KostarelosK_OkweloguE_EO40,0.8571428571428571,0.01
T238_OUTER_04,PXD064962_UCD_EVENT,SEQUENCE_RIDGE_COMPOSITION_ONLY,0.01,R4_EDINBURGH_USGO_20210324_6pm_KostarelosK_OkweloguE_EO42,0.7857142857142857,0.01
T238_OUTER_04,PXD064962_UCD_EVENT,SEQUENCE_RIDGE_COMPOSITION_ONLY,0.01,R4_EDINBURGH_USGO_20210324_6pm_KostarelosK_OkweloguE_EO44,0.75,0.01
T238_OUTER_04,PXD064962_UCD_EVENT,SEQUENCE_RIDGE_COMPOSITION_ONLY,0.01,R4_EDINBURGH_USGO_20210324_6pm_KostarelosK_OkweloguE_EO5,0.8095238095238095,0.01
T238_OUTER_04,PXD064962_UCD_EVENT,SEQUENCE_RIDGE_COMPOSITION_ONLY,0.01,R4_EDINBURGH_USGO_20210324_6pm_KostarelosK_OkweloguE_EO50,0.5,0.01
T238_OUTER_04,PXD064962_UCD_EVENT,SEQUENCE_RIDGE_COMPOSITION_ONLY,0.01,R4_EDINBURGH_USGO_20210324_6pm_KostarelosK_OkweloguE_EO53,0.42857142857142855,0.01
T238_OUTER_04,PXD064962_UCD_EVENT,SEQUENCE_RIDGE_COMPOSITION_ONLY,0.01,R4_EDINBURGH_USGO_20210324_6pm_KostarelosK_OkweloguE_EO60,0.8095238095238095,0.01
T238_OUTER_04,PXD064962_UCD_EVENT,SEQUENCE_RIDGE_COMPOSITION_ONLY,0.01,R4_EDINBURGH_USGO_20210324_6pm_KostarelosK_OkweloguE_EO62,0.0,0.01
T238_OUTER_04,PXD064962_UCD_EVENT,SEQUENCE_RIDGE_COMPOSITION_ONLY,0.01,R4_EDINBURGH_USGO_20210324_6pm_KostarelosK_OkweloguE_EO69,0.6190476190476191,0.01
T238_OUTER_04,PXD064962_UCD_EVENT,SEQUENCE_RIDGE_COMPOSITION_ONLY,0.01,R4_EDINBURGH_USGO_20210324_6pm_KostarelosK_OkweloguE_EO76,0.4166666666666667,0.01
T238_OUTER_04,PXD064962_UCD_EVENT,SEQUENCE_RIDGE_COMPOSITION_ONLY,0.01,R4_EDINBURGH_USGO_20210324_6pm_KostarelosK_OkweloguE_EO77,0.6190476190476191,0.01
T238_OUTER_04,PXD064962_UCD_EVENT,SEQUENCE_RIDGE_COMPOSITION_ONLY,0.01,R4_EDINBURGH_USGO_20210324_6pm_KostarelosK_OkweloguE_EO79,0.7142857142857143,0.01
T238_OUTER_04,PXD064962_UCD_EVENT,SEQUENCE_RIDGE_COMPOSITION_ONLY,0.01,R4_EDINBURGH_USGO_20210324_6pm_KostarelosK_OkweloguE_EO86,0.9,0.01
T238_OUTER_04,PXD064962_UCD_EVENT,SEQUENCE_RIDGE_COMPOSITION_ONLY,0.01,R4_EDINBURGH_USGO_20210324_6pm_KostarelosK_OkweloguE_EO87,0.8333333333333334,0.01
T238_OUTER_04,PXD064962_UCD_EVENT,SEQUENCE_RIDGE_COMPOSITION_ONLY,0.01,R4_PXD060795_F1,0.85,0.01
T238_OUTER_04,PXD064962_UCD_EVENT,SEQUENCE_RIDGE_COMPOSITION_ONLY,0.01,R4_PXD060795_F2,0.806060606060606,0.01
T238_OUTER_04,PXD064962_UCD_EVENT,SEQUENCE_RIDGE_COMPOSITION_ONLY,0.01,R4_PXD060795_F3,0.9333333333333333,0.01
T238_OUTER_04,PXD064962_UCD_EVENT,SEQUENCE_RIDGE_COMPOSITION_ONLY,0.01,R4_PXD060795_F7,0.8809523809523809,0.01
T238_OUTER_04,PXD064962_UCD_EVENT,SEQUENCE_RIDGE_COMPOSITION_ONLY,0.01,R4_PXD060795_F8,0.9285714285714286,0.01
T238_OUTER_04,PXD064962_UCD_EVENT,SEQUENCE_RIDGE_COMPOSITION_ONLY,0.01,R4_PXD060795_F9,0.8571428571428571,0.01
T238_OUTER_04,PXD064962_UCD_EVENT,SEQUENCE_RIDGE_COMPOSITION_ONLY,0.01,__MEAN__,0.7186427298192003,0.01
T238_OUTER_04,PXD064962_UCD_EVENT,SEQUENCE_RIDGE_COMPOSITION_ONLY,0.1,PMC6592156:PH:pH 4.9:Rep1,0.8928571428571429,0.01
T238_OUTER_04,PXD064962_UCD_EVENT,SEQUENCE_RIDGE_COMPOSITION_ONLY,0.1,PMC6592156:PH:pH 4.9:Rep2,0.8571428571428571,0.01
T238_OUTER_04,PXD064962_UCD_EVENT,SEQUENCE_RIDGE_COMPOSITION_ONLY,0.1,PMC6592156:PH:pH 4.9:Rep3,0.6190476190476191,0.01
T238_OUTER_04,PXD064962_UCD_EVENT,SEQUENCE_RIDGE_COMPOSITION_ONLY,0.1,PMC6592156:PH:pH 6.1:Rep1,0.8666666666666667,0.01
T238_OUTER_04,PXD064962_UCD_EVENT,SEQUENCE_RIDGE_COMPOSITION_ONLY,0.1,PMC6592156:PH:pH 6.1:Rep2,0.7818181818181819,0.01
T238_OUTER_04,PXD064962_UCD_EVENT,SEQUENCE_RIDGE_COMPOSITION_ONLY,0.1,PMC6592156:PH:pH 6.1:Rep3,0.9523809523809523,0.01
T238_OUTER_04,PXD064962_UCD_EVENT,SEQUENCE_RIDGE_COMPOSITION_ONLY,0.1,PMC6592156:PH:pH 6.8:Rep1,0.9272727272727272,0.01
T238_OUTER_04,PXD064962_UCD_EVENT,SEQUENCE_RIDGE_COMPOSITION_ONLY,0.1,PMC6592156:PH:pH 6.8:Rep2,0.806060606060606,0.01
T238_OUTER_04,PXD064962_UCD_EVENT,SEQUENCE_RIDGE_COMPOSITION_ONLY,0.1,PMC6592156:PH:pH 6.8:Rep3,0.6606060606060606,0.01
T238_OUTER_04,PXD064962_UCD_EVENT,SEQUENCE_RIDGE_COMPOSITION_ONLY,0.1,PMC6592156:PH:pH 7.7:Rep1,0.9166666666666666,0.01
T238_OUTER_04,PXD064962_UCD_EVENT,SEQUENCE_RIDGE_COMPOSITION_ONLY,0.1,PMC6592156:PH:pH 7.7:Rep2,0.7575757575757576,0.01
T238_OUTER_04,PXD064962_UCD_EVENT,SEQUENCE_RIDGE_COMPOSITION_ONLY,0.1,PMC6592156:PH:pH 7.7:Rep3,0.8303030303030303,0.01
T238_OUTER_04,PXD064962_UCD_EVENT,SEQUENCE_RIDGE_COMPOSITION_ONLY,0.1,PMC6592156:PH:pH 8.9:Rep1,0.8909090909090909,0.01
T238_OUTER_04,PXD064962_UCD_EVENT,SEQUENCE_RIDGE_COMPOSITION_ONLY,0.1,PMC6592156:PH:pH 8.9:Rep2,0.9393939393939394,0.01
T238_OUTER_04,PXD064962_UCD_EVENT,SEQUENCE_RIDGE_COMPOSITION_ONLY,0.1,PMC6592156:PH:pH 8.9:Rep3,0.9030303030303031,0.01
T238_OUTER_04,PXD064962_UCD_EVENT,SEQUENCE_RIDGE_COMPOSITION_ONLY,0.1,PMC6592156:TEMPERATURE:17 °C:Rep1,0.6904761904761905,0.01
T238_OUTER_04,PXD064962_UCD_EVENT,SEQUENCE_RIDGE_COMPOSITION_ONLY,0.1,PMC6592156:TEMPERATURE:17 °C:Rep2,0.5476190476190477,0.01
T238_OUTER_04,PXD064962_UCD_EVENT,SEQUENCE_RIDGE_COMPOSITION_ONLY,0.1,PMC6592156:TEMPERATURE:17 °C:Rep3,0.7142857142857143,0.01
T238_OUTER_04,PXD064962_UCD_EVENT,SEQUENCE_RIDGE_COMPOSITION_ONLY,0.1,PMC6592156:TEMPERATURE:30 °C:Rep1,0.9,0.01
T238_OUTER_04,PXD064962_UCD_EVENT,SEQUENCE_RIDGE_COMPOSITION_ONLY,0.1,PMC6592156:TEMPERATURE:30 °C:Rep2,0.6785714285714286,0.01
T238_OUTER_04,PXD064962_UCD_EVENT,SEQUENCE_RIDGE_COMPOSITION_ONLY,0.1,PMC6592156:TEMPERATURE:30 °C:Rep3,0.7818181818181819,0.01
T238_OUTER_04,PXD064962_UCD_EVENT,SEQUENCE_RIDGE_COMPOSITION_ONLY,0.1,PMC6592156:TEMPERATURE:4 °C:Rep1,0.9030303030303031,0.01
T238_OUTER_04,PXD064962_UCD_EVENT,SEQUENCE_RIDGE_COMPOSITION_ONLY,0.1,PMC6592156:TEMPERATURE:4 °C:Rep2,0.8787878787878788,0.01
T238_OUTER_04,PXD064962_UCD_EVENT,SEQUENCE_RIDGE_COMPOSITION_ONLY,0.1,PMC6592156:TEMPERATURE:4 °C:Rep3,0.8666666666666667,0.01
T238_OUTER_04,PXD064962_UCD_EVENT,SEQUENCE_RIDGE_COMPOSITION_ONLY,0.1,PMC6592156:TEMPERATURE:41 °C:Rep1,0.8545454545454545,0.01
T238_OUTER_04,PXD064962_UCD_EVENT,SEQUENCE_RIDGE_COMPOSITION_ONLY,0.1,PMC6592156:TEMPERATURE:41 °C:Rep2,0.8303030303030303,0.01
T238_OUTER_04,PXD064962_UCD_EVENT,SEQUENCE_RIDGE_COMPOSITION_ONLY,0.1,PMC6592156:TEMPERATURE:41 °C:Rep3,0.8545454545454545,0.01
T238_OUTER_04,PXD064962_UCD_EVENT,SEQUENCE_RIDGE_COMPOSITION_ONLY,0.1,PMC6592156:TEMPERATURE:47 °C:Rep1,0.6190476190476191,0.01
T238_OUTER_04,PXD064962_UCD_EVENT,SEQUENCE_RIDGE_COMPOSITION_ONLY,0.1,PMC6592156:TEMPERATURE:47 °C:Rep2,0.7333333333333333,0.01
T238_OUTER_04,PXD064962_UCD_EVENT,SEQUENCE_RIDGE_COMPOSITION_ONLY,0.1,PMC6592156:TEMPERATURE:47 °C:Rep3,0.7333333333333333,0.01
T238_OUTER_04,PXD064962_UCD_EVENT,SEQUENCE_RIDGE_COMPOSITION_ONLY,0.1,R4_EDINBURGH_SGO_20210324_6pm_KostarelosK_OkweloguE_EO10,0.8166666666666667,0.01
T238_OUTER_04,PXD064962_UCD_EVENT,SEQUENCE_RIDGE_COMPOSITION_ONLY,0.1,R4_EDINBURGH_SGO_20210324_6pm_KostarelosK_OkweloguE_EO103,0.6833333333333333,0.01
T238_OUTER_04,PXD064962_UCD_EVENT,SEQUENCE_RIDGE_COMPOSITION_ONLY,0.1,R4_EDINBURGH_SGO_20210324_6pm_KostarelosK_OkweloguE_EO105,0.6666666666666666,0.01
T238_OUTER_04,PXD064962_UCD_EVENT,SEQUENCE_RIDGE_COMPOSITION_ONLY,0.1,R4_EDINBURGH_SGO_20210324_6pm_KostarelosK_OkweloguE_EO107,0.6333333333333333,0.01
T238_OUTER_04,PXD064962_UCD_EVENT,SEQUENCE_RIDGE_COMPOSITION_ONLY,0.1,R4_EDINBURGH_SGO_20210324_6pm_KostarelosK_OkweloguE_EO113,0.8,0.01
T238_OUTER_04,PXD064962_UCD_EVENT,SEQUENCE_RIDGE_COMPOSITION_ONLY,0.1,R4_EDINBURGH_SGO_20210324_6pm_KostarelosK_OkweloguE_EO116,0.2619047619047619,0.01
T238_OUTER_04,PXD064962_UCD_EVENT,SEQUENCE_RIDGE_COMPOSITION_ONLY,0.1,R4_EDINBURGH_SGO_20210324_6pm_KostarelosK_OkweloguE_EO12,0.47619047619047616,0.01
T238_OUTER_04,PXD064962_UCD_EVENT,SEQUENCE_RIDGE_COMPOSITION_ONLY,0.1,R4_EDINBURGH_SGO_20210324_6pm_KostarelosK_OkweloguE_EO16,0.2619047619047619,0.01
T238_OUTER_04,PXD064962_UCD_EVENT,SEQUENCE_RIDGE_COMPOSITION_ONLY,0.1,R4_EDINBURGH_SGO_20210324_6pm_KostarelosK_OkweloguE_EO21,-0.08333333333333333,0.01
T238_OUTER_04,PXD064962_UCD_EVENT,SEQUENCE_RIDGE_COMPOSITION_ONLY,0.1,R4_EDINBURGH_SGO_20210324_6pm_KostarelosK_OkweloguE_EO24,0.9047619047619048,0.01
T238_OUTER_04,PXD064962_UCD_EVENT,SEQUENCE_RIDGE_COMPOSITION_ONLY,0.1,R4_EDINBURGH_SGO_20210324_6pm_KostarelosK_OkweloguE_EO31,0.8,0.01
T238_OUTER_04,PXD064962_UCD_EVENT,SEQUENCE_RIDGE_COMPOSITION_ONLY,0.1,R4_EDINBURGH_SGO_20210324_6pm_KostarelosK_OkweloguE_EO34,0.3333333333333333,0.01
T238_OUTER_04,PXD064962_UCD_EVENT,SEQUENCE_RIDGE_COMPOSITION_ONLY,0.1,R4_EDINBURGH_SGO_20210324_6pm_KostarelosK_OkweloguE_EO4,0.85,0.01
T238_OUTER_04,PXD064962_UCD_EVENT,SEQUENCE_RIDGE_COMPOSITION_ONLY,0.1,R4_EDINBURGH_SGO_20210324_6pm_KostarelosK_OkweloguE_EO43,0.14285714285714285,0.01
T238_OUTER_04,PXD064962_UCD_EVENT,SEQUENCE_RIDGE_COMPOSITION_ONLY,0.1,R4_EDINBURGH_SGO_20210324_6pm_KostarelosK_OkweloguE_EO52,0.5714285714285714,0.01
T238_OUTER_04,PXD064962_UCD_EVENT,SEQUENCE_RIDGE_COMPOSITION_ONLY,0.1,R4_EDINBURGH_SGO_20210324_6pm_KostarelosK_OkweloguE_EO64,0.8,0.01
T238_OUTER_04,PXD064962_UCD_EVENT,SEQUENCE_RIDGE_COMPOSITION_ONLY,0.1,R4_EDINBURGH_SGO_20210324_6pm_KostarelosK_OkweloguE_EO66,0.7,0.01
T238_OUTER_04,PXD064962_UCD_EVENT,SEQUENCE_RIDGE_COMPOSITION_ONLY,0.1,R4_EDINBURGH_SGO_20210324_6pm_KostarelosK_OkweloguE_EO73,0.9166666666666666,0.01
T238_OUTER_04,PXD064962_UCD_EVENT,SEQUENCE_RIDGE_COMPOSITION_ONLY,0.1,R4_EDINBURGH_SGO_20210324_6pm_KostarelosK_OkweloguE_EO83,0.9833333333333333,0.01
T238_OUTER_04,PXD064962_UCD_EVENT,SEQUENCE_RIDGE_COMPOSITION_ONLY,0.1,R4_EDINBURGH_SGO_20210324_6pm_KostarelosK_OkweloguE_EO88,-0.07142857142857142,0.01
T238_OUTER_04,PXD064962_UCD_EVENT,SEQUENCE_RIDGE_COMPOSITION_ONLY,0.1,R4_EDINBURGH_SGO_20210324_6pm_KostarelosK_OkweloguE_EO94,0.8333333333333334,0.01
T238_OUTER_04,PXD064962_UCD_EVENT,SEQUENCE_RIDGE_COMPOSITION_ONLY,0.1,R4_EDINBURGH_SGO_20210324_6pm_KostarelosK_OkweloguE_EO96,0.8666666666666667,0.01
T238_OUTER_04,PXD064962_UCD_EVENT,SEQUENCE_RIDGE_COMPOSITION_ONLY,0.1,R4_EDINBURGH_SGO_20210324_6pm_KostarelosK_OkweloguE_EO97,0.5166666666666667,0.01
T238_OUTER_04,PXD064962_UCD_EVENT,SEQUENCE_RIDGE_COMPOSITION_ONLY,0.1,R4_EDINBURGH_USGO_20210324_6pm_KostarelosK_OkweloguE_EO106,0.6904761904761905,0.01
T238_OUTER_04,PXD064962_UCD_EVENT,SEQUENCE_RIDGE_COMPOSITION_ONLY,0.1,R4_EDINBURGH_USGO_20210324_6pm_KostarelosK_OkweloguE_EO11,0.7380952380952381,0.01
T238_OUTER_04,PXD064962_UCD_EVENT,SEQUENCE_RIDGE_COMPOSITION_ONLY,0.1,R4_EDINBURGH_USGO_20210324_6pm_KostarelosK_OkweloguE_EO111,0.8095238095238095,0.01
T238_OUTER_04,PXD064962_UCD_EVENT,SEQUENCE_RIDGE_COMPOSITION_ONLY,0.1,R4_EDINBURGH_USGO_20210324_6pm_KostarelosK_OkweloguE_EO112,0.5833333333333334,0.01
T238_OUTER_04,PXD064962_UCD_EVENT,SEQUENCE_RIDGE_COMPOSITION_ONLY,0.1,R4_EDINBURGH_USGO_20210324_6pm_KostarelosK_OkweloguE_EO115,0.5333333333333333,0.01
T238_OUTER_04,PXD064962_UCD_EVENT,SEQUENCE_RIDGE_COMPOSITION_ONLY,0.1,R4_EDINBURGH_USGO_20210324_6pm_KostarelosK_OkweloguE_EO120,0.8,0.01
T238_OUTER_04,PXD064962_UCD_EVENT,SEQUENCE_RIDGE_COMPOSITION_ONLY,0.1,R4_EDINBURGH_USGO_20210324_6pm_KostarelosK_OkweloguE_EO121,0.5238095238095238,0.01
T238_OUTER_04,PXD064962_UCD_EVENT,SEQUENCE_RIDGE_COMPOSITION_ONLY,0.1,R4_EDINBURGH_USGO_20210324_6pm_KostarelosK_OkweloguE_EO125,0.9761904761904762,0.01
T238_OUTER_04,PXD064962_UCD_EVENT,SEQUENCE_RIDGE_COMPOSITION_ONLY,0.1,R4_EDINBURGH_USGO_20210324_6pm_KostarelosK_OkweloguE_EO126,0.85,0.01
T238_OUTER_04,PXD064962_UCD_EVENT,SEQUENCE_RIDGE_COMPOSITION_ONLY,0.1,R4_EDINBURGH_USGO_20210324_6pm_KostarelosK_OkweloguE_EO13,0.8571428571428571,0.01
T238_OUTER_04,PXD064962_UCD_EVENT,SEQUENCE_RIDGE_COMPOSITION_ONLY,0.1,R4_EDINBURGH_USGO_20210324_6pm_KostarelosK_OkweloguE_EO26,0.6071428571428571,0.01
T238_OUTER_04,PXD064962_UCD_EVENT,SEQUENCE_RIDGE_COMPOSITION_ONLY,0.1,R4_EDINBURGH_USGO_20210324_6pm_KostarelosK_OkweloguE_EO36,0.9642857142857143,0.01
T238_OUTER_04,PXD064962_UCD_EVENT,SEQUENCE_RIDGE_COMPOSITION_ONLY,0.1,R4_EDINBURGH_USGO_20210324_6pm_KostarelosK_OkweloguE_EO40,0.8571428571428571,0.01
T238_OUTER_04,PXD064962_UCD_EVENT,SEQUENCE_RIDGE_COMPOSITION_ONLY,0.1,R4_EDINBURGH_USGO_20210324_6pm_KostarelosK_OkweloguE_EO42,0.7857142857142857,0.01
T238_OUTER_04,PXD064962_UCD_EVENT,SEQUENCE_RIDGE_COMPOSITION_ONLY,0.1,R4_EDINBURGH_USGO_20210324_6pm_KostarelosK_OkweloguE_EO44,0.75,0.01
T238_OUTER_04,PXD064962_UCD_EVENT,SEQUENCE_RIDGE_COMPOSITION_ONLY,0.1,R4_EDINBURGH_USGO_20210324_6pm_KostarelosK_OkweloguE_EO5,0.8095238095238095,0.01
T238_OUTER_04,PXD064962_UCD_EVENT,SEQUENCE_RIDGE_COMPOSITION_ONLY,0.1,R4_EDINBURGH_USGO_20210324_6pm_KostarelosK_OkweloguE_EO50,0.5,0.01
T238_OUTER_04,PXD064962_UCD_EVENT,SEQUENCE_RIDGE_COMPOSITION_ONLY,0.1,R4_EDINBURGH_USGO_20210324_6pm_KostarelosK_OkweloguE_EO53,0.42857142857142855,0.01
T238_OUTER_04,PXD064962_UCD_EVENT,SEQUENCE_RIDGE_COMPOSITION_ONLY,0.1,R4_EDINBURGH_USGO_20210324_6pm_KostarelosK_OkweloguE_EO60,0.8095238095238095,0.01
T238_OUTER_04,PXD064962_UCD_EVENT,SEQUENCE_RIDGE_COMPOSITION_ONLY,0.1,R4_EDINBURGH_USGO_20210324_6pm_KostarelosK_OkweloguE_EO62,0.0,0.01
T238_OUTER_04,PXD064962_UCD_EVENT,SEQUENCE_RIDGE_COMPOSITION_ONLY,0.1,R4_EDINBURGH_USGO_20210324_6pm_KostarelosK_OkweloguE_EO69,0.6190476190476191,0.01
T238_OUTER_04,PXD064962_UCD_EVENT,SEQUENCE_RIDGE_COMPOSITION_ONLY,0.1,R4_EDINBURGH_USGO_20210324_6pm_KostarelosK_OkweloguE_EO76,0.4166666666666667,0.01
T238_OUTER_04,PXD064962_UCD_EVENT,SEQUENCE_RIDGE_COMPOSITION_ONLY,0.1,R4_EDINBURGH_USGO_20210324_6pm_KostarelosK_OkweloguE_EO77,0.6190476190476191,0.01
T238_OUTER_04,PXD064962_UCD_EVENT,SEQUENCE_RIDGE_COMPOSITION_ONLY,0.1,R4_EDINBURGH_USGO_20210324_6pm_KostarelosK_OkweloguE_EO79,0.7142857142857143,0.01
T238_OUTER_04,PXD064962_UCD_EVENT,SEQUENCE_RIDGE_COMPOSITION_ONLY,0.1,R4_EDINBURGH_USGO_20210324_6pm_KostarelosK_OkweloguE_EO86,0.9,0.01
T238_OUTER_04,PXD064962_UCD_EVENT,SEQUENCE_RIDGE_COMPOSITION_ONLY,0.1,R4_EDINBURGH_USGO_20210324_6pm_KostarelosK_OkweloguE_EO87,0.8333333333333334,0.01
T238_OUTER_04,PXD064962_UCD_EVENT,SEQUENCE_RIDGE_COMPOSITION_ONLY,0.1,R4_PXD060795_F1,0.85,0.01
T238_OUTER_04,PXD064962_UCD_EVENT,SEQUENCE_RIDGE_COMPOSITION_ONLY,0.1,R4_PXD060795_F2,0.806060606060606,0.01
T238_OUTER_04,PXD064962_UCD_EVENT,SEQUENCE_RIDGE_COMPOSITION_ONLY,0.1,R4_PXD060795_F3,0.9333333333333333,0.01
T238_OUTER_04,PXD064962_UCD_EVENT,SEQUENCE_RIDGE_COMPOSITION_ONLY,0.1,R4_PXD060795_F7,0.8809523809523809,0.01
T238_OUTER_04,PXD064962_UCD_EVENT,SEQUENCE_RIDGE_COMPOSITION_ONLY,0.1,R4_PXD060795_F8,0.9285714285714286,0.01
T238_OUTER_04,PXD064962_UCD_EVENT,SEQUENCE_RIDGE_COMPOSITION_ONLY,0.1,R4_PXD060795_F9,0.8571428571428571,0.01
T238_OUTER_04,PXD064962_UCD_EVENT,SEQUENCE_RIDGE_COMPOSITION_ONLY,0.1,__MEAN__,0.7186427298192003,0.01
T238_OUTER_04,PXD064962_UCD_EVENT,SEQUENCE_RIDGE_COMPOSITION_ONLY,1.0,PMC6592156:PH:pH 4.9:Rep1,0.8928571428571429,0.01
T238_OUTER_04,PXD064962_UCD_EVENT,SEQUENCE_RIDGE_COMPOSITION_ONLY,1.0,PMC6592156:PH:pH 4.9:Rep2,0.8571428571428571,0.01
T238_OUTER_04,PXD064962_UCD_EVENT,SEQUENCE_RIDGE_COMPOSITION_ONLY,1.0,PMC6592156:PH:pH 4.9:Rep3,0.6190476190476191,0.01
T238_OUTER_04,PXD064962_UCD_EVENT,SEQUENCE_RIDGE_COMPOSITION_ONLY,1.0,PMC6592156:PH:pH 6.1:Rep1,0.8666666666666667,0.01
T238_OUTER_04,PXD064962_UCD_EVENT,SEQUENCE_RIDGE_COMPOSITION_ONLY,1.0,PMC6592156:PH:pH 6.1:Rep2,0.7818181818181819,0.01
T238_OUTER_04,PXD064962_UCD_EVENT,SEQUENCE_RIDGE_COMPOSITION_ONLY,1.0,PMC6592156:PH:pH 6.1:Rep3,0.9523809523809523,0.01
T238_OUTER_04,PXD064962_UCD_EVENT,SEQUENCE_RIDGE_COMPOSITION_ONLY,1.0,PMC6592156:PH:pH 6.8:Rep1,0.9272727272727272,0.01
T238_OUTER_04,PXD064962_UCD_EVENT,SEQUENCE_RIDGE_COMPOSITION_ONLY,1.0,PMC6592156:PH:pH 6.8:Rep2,0.806060606060606,0.01
T238_OUTER_04,PXD064962_UCD_EVENT,SEQUENCE_RIDGE_COMPOSITION_ONLY,1.0,PMC6592156:PH:pH 6.8:Rep3,0.6606060606060606,0.01
T238_OUTER_04,PXD064962_UCD_EVENT,SEQUENCE_RIDGE_COMPOSITION_ONLY,1.0,PMC6592156:PH:pH 7.7:Rep1,0.9166666666666666,0.01
T238_OUTER_04,PXD064962_UCD_EVENT,SEQUENCE_RIDGE_COMPOSITION_ONLY,1.0,PMC6592156:PH:pH 7.7:Rep2,0.7575757575757576,0.01
T238_OUTER_04,PXD064962_UCD_EVENT,SEQUENCE_RIDGE_COMPOSITION_ONLY,1.0,PMC6592156:PH:pH 7.7:Rep3,0.8303030303030303,0.01
T238_OUTER_04,PXD064962_UCD_EVENT,SEQUENCE_RIDGE_COMPOSITION_ONLY,1.0,PMC6592156:PH:pH 8.9:Rep1,0.8909090909090909,0.01
T238_OUTER_04,PXD064962_UCD_EVENT,SEQUENCE_RIDGE_COMPOSITION_ONLY,1.0,PMC6592156:PH:pH 8.9:Rep2,0.9393939393939394,0.01
T238_OUTER_04,PXD064962_UCD_EVENT,SEQUENCE_RIDGE_COMPOSITION_ONLY,1.0,PMC6592156:PH:pH 8.9:Rep3,0.9030303030303031,0.01
T238_OUTER_04,PXD064962_UCD_EVENT,SEQUENCE_RIDGE_COMPOSITION_ONLY,1.0,PMC6592156:TEMPERATURE:17 °C:Rep1,0.6904761904761905,0.01
T238_OUTER_04,PXD064962_UCD_EVENT,SEQUENCE_RIDGE_COMPOSITION_ONLY,1.0,PMC6592156:TEMPERATURE:17 °C:Rep2,0.5476190476190477,0.01
T238_OUTER_04,PXD064962_UCD_EVENT,SEQUENCE_RIDGE_COMPOSITION_ONLY,1.0,PMC6592156:TEMPERATURE:17 °C:Rep3,0.7142857142857143,0.01
T238_OUTER_04,PXD064962_UCD_EVENT,SEQUENCE_RIDGE_COMPOSITION_ONLY,1.0,PMC6592156:TEMPERATURE:30 °C:Rep1,0.9,0.01
T238_OUTER_04,PXD064962_UCD_EVENT,SEQUENCE_RIDGE_COMPOSITION_ONLY,1.0,PMC6592156:TEMPERATURE:30 °C:Rep2,0.6785714285714286,0.01
T238_OUTER_04,PXD064962_UCD_EVENT,SEQUENCE_RIDGE_COMPOSITION_ONLY,1.0,PMC6592156:TEMPERATURE:30 °C:Rep3,0.7818181818181819,0.01
T238_OUTER_04,PXD064962_UCD_EVENT,SEQUENCE_RIDGE_COMPOSITION_ONLY,1.0,PMC6592156:TEMPERATURE:4 °C:Rep1,0.9030303030303031,0.01
T238_OUTER_04,PXD064962_UCD_EVENT,SEQUENCE_RIDGE_COMPOSITION_ONLY,1.0,PMC6592156:TEMPERATURE:4 °C:Rep2,0.8787878787878788,0.01
T238_OUTER_04,PXD064962_UCD_EVENT,SEQUENCE_RIDGE_COMPOSITION_ONLY,1.0,PMC6592156:TEMPERATURE:4 °C:Rep3,0.8666666666666667,0.01
T238_OUTER_04,PXD064962_UCD_EVENT,SEQUENCE_RIDGE_COMPOSITION_ONLY,1.0,PMC6592156:TEMPERATURE:41 °C:Rep1,0.8545454545454545,0.01
T238_OUTER_04,PXD064962_UCD_EVENT,SEQUENCE_RIDGE_COMPOSITION_ONLY,1.0,PMC6592156:TEMPERATURE:41 °C:Rep2,0.8303030303030303,0.01
T238_OUTER_04,PXD064962_UCD_EVENT,SEQUENCE_RIDGE_COMPOSITION_ONLY,1.0,PMC6592156:TEMPERATURE:41 °C:Rep3,0.8545454545454545,0.01
T238_OUTER_04,PXD064962_UCD_EVENT,SEQUENCE_RIDGE_COMPOSITION_ONLY,1.0,PMC6592156:TEMPERATURE:47 °C:Rep1,0.6190476190476191,0.01
T238_OUTER_04,PXD064962_UCD_EVENT,SEQUENCE_RIDGE_COMPOSITION_ONLY,1.0,PMC6592156:TEMPERATURE:47 °C:Rep2,0.7333333333333333,0.01
T238_OUTER_04,PXD064962_UCD_EVENT,SEQUENCE_RIDGE_COMPOSITION_ONLY,1.0,PMC6592156:TEMPERATURE:47 °C:Rep3,0.7333333333333333,0.01
T238_OUTER_04,PXD064962_UCD_EVENT,SEQUENCE_RIDGE_COMPOSITION_ONLY,1.0,R4_EDINBURGH_SGO_20210324_6pm_KostarelosK_OkweloguE_EO10,0.8166666666666667,0.01
T238_OUTER_04,PXD064962_UCD_EVENT,SEQUENCE_RIDGE_COMPOSITION_ONLY,1.0,R4_EDINBURGH_SGO_20210324_6pm_KostarelosK_OkweloguE_EO103,0.6833333333333333,0.01
T238_OUTER_04,PXD064962_UCD_EVENT,SEQUENCE_RIDGE_COMPOSITION_ONLY,1.0,R4_EDINBURGH_SGO_20210324_6pm_KostarelosK_OkweloguE_EO105,0.6666666666666666,0.01
T238_OUTER_04,PXD064962_UCD_EVENT,SEQUENCE_RIDGE_COMPOSITION_ONLY,1.0,R4_EDINBURGH_SGO_20210324_6pm_KostarelosK_OkweloguE_EO107,0.6333333333333333,0.01
T238_OUTER_04,PXD064962_UCD_EVENT,SEQUENCE_RIDGE_COMPOSITION_ONLY,1.0,R4_EDINBURGH_SGO_20210324_6pm_KostarelosK_OkweloguE_EO113,0.8,0.01
T238_OUTER_04,PXD064962_UCD_EVENT,SEQUENCE_RIDGE_COMPOSITION_ONLY,1.0,R4_EDINBURGH_SGO_20210324_6pm_KostarelosK_OkweloguE_EO116,0.2619047619047619,0.01
T238_OUTER_04,PXD064962_UCD_EVENT,SEQUENCE_RIDGE_COMPOSITION_ONLY,1.0,R4_EDINBURGH_SGO_20210324_6pm_KostarelosK_OkweloguE_EO12,0.47619047619047616,0.01
T238_OUTER_04,PXD064962_UCD_EVENT,SEQUENCE_RIDGE_COMPOSITION_ONLY,1.0,R4_EDINBURGH_SGO_20210324_6pm_KostarelosK_OkweloguE_EO16,0.2619047619047619,0.01
T238_OUTER_04,PXD064962_UCD_EVENT,SEQUENCE_RIDGE_COMPOSITION_ONLY,1.0,R4_EDINBURGH_SGO_20210324_6pm_KostarelosK_OkweloguE_EO21,-0.08333333333333333,0.01
T238_OUTER_04,PXD064962_UCD_EVENT,SEQUENCE_RIDGE_COMPOSITION_ONLY,1.0,R4_EDINBURGH_SGO_20210324_6pm_KostarelosK_OkweloguE_EO24,0.9047619047619048,0.01
T238_OUTER_04,PXD064962_UCD_EVENT,SEQUENCE_RIDGE_COMPOSITION_ONLY,1.0,R4_EDINBURGH_SGO_20210324_6pm_KostarelosK_OkweloguE_EO31,0.8,0.01
T238_OUTER_04,PXD064962_UCD_EVENT,SEQUENCE_RIDGE_COMPOSITION_ONLY,1.0,R4_EDINBURGH_SGO_20210324_6pm_KostarelosK_OkweloguE_EO34,0.3333333333333333,0.01
T238_OUTER_04,PXD064962_UCD_EVENT,SEQUENCE_RIDGE_COMPOSITION_ONLY,1.0,R4_EDINBURGH_SGO_20210324_6pm_KostarelosK_OkweloguE_EO4,0.85,0.01
T238_OUTER_04,PXD064962_UCD_EVENT,SEQUENCE_RIDGE_COMPOSITION_ONLY,1.0,R4_EDINBURGH_SGO_20210324_6pm_KostarelosK_OkweloguE_EO43,0.14285714285714285,0.01
T238_OUTER_04,PXD064962_UCD_EVENT,SEQUENCE_RIDGE_COMPOSITION_ONLY,1.0,R4_EDINBURGH_SGO_20210324_6pm_KostarelosK_OkweloguE_EO52,0.5714285714285714,0.01
T238_OUTER_04,PXD064962_UCD_EVENT,SEQUENCE_RIDGE_COMPOSITION_ONLY,1.0,R4_EDINBURGH_SGO_20210324_6pm_KostarelosK_OkweloguE_EO64,0.8,0.01
T238_OUTER_04,PXD064962_UCD_EVENT,SEQUENCE_RIDGE_COMPOSITION_ONLY,1.0,R4_EDINBURGH_SGO_20210324_6pm_KostarelosK_OkweloguE_EO66,0.7,0.01
T238_OUTER_04,PXD064962_UCD_EVENT,SEQUENCE_RIDGE_COMPOSITION_ONLY,1.0,R4_EDINBURGH_SGO_20210324_6pm_KostarelosK_OkweloguE_EO73,0.9166666666666666,0.01
T238_OUTER_04,PXD064962_UCD_EVENT,SEQUENCE_RIDGE_COMPOSITION_ONLY,1.0,R4_EDINBURGH_SGO_20210324_6pm_KostarelosK_OkweloguE_EO83,0.9833333333333333,0.01
T238_OUTER_04,PXD064962_UCD_EVENT,SEQUENCE_RIDGE_COMPOSITION_ONLY,1.0,R4_EDINBURGH_SGO_20210324_6pm_KostarelosK_OkweloguE_EO88,-0.07142857142857142,0.01
T238_OUTER_04,PXD064962_UCD_EVENT,SEQUENCE_RIDGE_COMPOSITION_ONLY,1.0,R4_EDINBURGH_SGO_20210324_6pm_KostarelosK_OkweloguE_EO94,0.8333333333333334,0.01
T238_OUTER_04,PXD064962_UCD_EVENT,SEQUENCE_RIDGE_COMPOSITION_ONLY,1.0,R4_EDINBURGH_SGO_20210324_6pm_KostarelosK_OkweloguE_EO96,0.8666666666666667,0.01
T238_OUTER_04,PXD064962_UCD_EVENT,SEQUENCE_RIDGE_COMPOSITION_ONLY,1.0,R4_EDINBURGH_SGO_20210324_6pm_KostarelosK_OkweloguE_EO97,0.5166666666666667,0.01
T238_OUTER_04,PXD064962_UCD_EVENT,SEQUENCE_RIDGE_COMPOSITION_ONLY,1.0,R4_EDINBURGH_USGO_20210324_6pm_KostarelosK_OkweloguE_EO106,0.6904761904761905,0.01
T238_OUTER_04,PXD064962_UCD_EVENT,SEQUENCE_RIDGE_COMPOSITION_ONLY,1.0,R4_EDINBURGH_USGO_20210324_6pm_KostarelosK_OkweloguE_EO11,0.7380952380952381,0.01
T238_OUTER_04,PXD064962_UCD_EVENT,SEQUENCE_RIDGE_COMPOSITION_ONLY,1.0,R4_EDINBURGH_USGO_20210324_6pm_KostarelosK_OkweloguE_EO111,0.8095238095238095,0.01
T238_OUTER_04,PXD064962_UCD_EVENT,SEQUENCE_RIDGE_COMPOSITION_ONLY,1.0,R4_EDINBURGH_USGO_20210324_6pm_KostarelosK_OkweloguE_EO112,0.5833333333333334,0.01
T238_OUTER_04,PXD064962_UCD_EVENT,SEQUENCE_RIDGE_COMPOSITION_ONLY,1.0,R4_EDINBURGH_USGO_20210324_6pm_KostarelosK_OkweloguE_EO115,0.5333333333333333,0.01
T238_OUTER_04,PXD064962_UCD_EVENT,SEQUENCE_RIDGE_COMPOSITION_ONLY,1.0,R4_EDINBURGH_USGO_20210324_6pm_KostarelosK_OkweloguE_EO120,0.8,0.01
T238_OUTER_04,PXD064962_UCD_EVENT,SEQUENCE_RIDGE_COMPOSITION_ONLY,1.0,R4_EDINBURGH_USGO_20210324_6pm_KostarelosK_OkweloguE_EO121,0.5238095238095238,0.01
T238_OUTER_04,PXD064962_UCD_EVENT,SEQUENCE_RIDGE_COMPOSITION_ONLY,1.0,R4_EDINBURGH_USGO_20210324_6pm_KostarelosK_OkweloguE_EO125,0.9761904761904762,0.01
T238_OUTER_04,PXD064962_UCD_EVENT,SEQUENCE_RIDGE_COMPOSITION_ONLY,1.0,R4_EDINBURGH_USGO_20210324_6pm_KostarelosK_OkweloguE_EO126,0.85,0.01
T238_OUTER_04,PXD064962_UCD_EVENT,SEQUENCE_RIDGE_COMPOSITION_ONLY,1.0,R4_EDINBURGH_USGO_20210324_6pm_KostarelosK_OkweloguE_EO13,0.8571428571428571,0.01
T238_OUTER_04,PXD064962_UCD_EVENT,SEQUENCE_RIDGE_COMPOSITION_ONLY,1.0,R4_EDINBURGH_USGO_20210324_6pm_KostarelosK_OkweloguE_EO26,0.6071428571428571,0.01
T238_OUTER_04,PXD064962_UCD_EVENT,SEQUENCE_RIDGE_COMPOSITION_ONLY,1.0,R4_EDINBURGH_USGO_20210324_6pm_KostarelosK_OkweloguE_EO36,0.9642857142857143,0.01
T238_OUTER_04,PXD064962_UCD_EVENT,SEQUENCE_RIDGE_COMPOSITION_ONLY,1.0,R4_EDINBURGH_USGO_20210324_6pm_KostarelosK_OkweloguE_EO40,0.8571428571428571,0.01
T238_OUTER_04,PXD064962_UCD_EVENT,SEQUENCE_RIDGE_COMPOSITION_ONLY,1.0,R4_EDINBURGH_USGO_20210324_6pm_KostarelosK_OkweloguE_EO42,0.7857142857142857,0.01
T238_OUTER_04,PXD064962_UCD_EVENT,SEQUENCE_RIDGE_COMPOSITION_ONLY,1.0,R4_EDINBURGH_USGO_20210324_6pm_KostarelosK_OkweloguE_EO44,0.75,0.01
T238_OUTER_04,PXD064962_UCD_EVENT,SEQUENCE_RIDGE_COMPOSITION_ONLY,1.0,R4_EDINBURGH_USGO_20210324_6pm_KostarelosK_OkweloguE_EO5,0.8095238095238095,0.01
T238_OUTER_04,PXD064962_UCD_EVENT,SEQUENCE_RIDGE_COMPOSITION_ONLY,1.0,R4_EDINBURGH_USGO_20210324_6pm_KostarelosK_OkweloguE_EO50,0.5,0.01
T238_OUTER_04,PXD064962_UCD_EVENT,SEQUENCE_RIDGE_COMPOSITION_ONLY,1.0,R4_EDINBURGH_USGO_20210324_6pm_KostarelosK_OkweloguE_EO53,0.42857142857142855,0.01
T238_OUTER_04,PXD064962_UCD_EVENT,SEQUENCE_RIDGE_COMPOSITION_ONLY,1.0,R4_EDINBURGH_USGO_20210324_6pm_KostarelosK_OkweloguE_EO60,0.8095238095238095,0.01
T238_OUTER_04,PXD064962_UCD_EVENT,SEQUENCE_RIDGE_COMPOSITION_ONLY,1.0,R4_EDINBURGH_USGO_20210324_6pm_KostarelosK_OkweloguE_EO62,0.0,0.01
T238_OUTER_04,PXD064962_UCD_EVENT,SEQUENCE_RIDGE_COMPOSITION_ONLY,1.0,R4_EDINBURGH_USGO_20210324_6pm_KostarelosK_OkweloguE_EO69,0.6190476190476191,0.01
T238_OUTER_04,PXD064962_UCD_EVENT,SEQUENCE_RIDGE_COMPOSITION_ONLY,1.0,R4_EDINBURGH_USGO_20210324_6pm_KostarelosK_OkweloguE_EO76,0.4166666666666667,0.01
T238_OUTER_04,PXD064962_UCD_EVENT,SEQUENCE_RIDGE_COMPOSITION_ONLY,1.0,R4_EDINBURGH_USGO_20210324_6pm_KostarelosK_OkweloguE_EO77,0.6190476190476191,0.01
T238_OUTER_04,PXD064962_UCD_EVENT,SEQUENCE_RIDGE_COMPOSITION_ONLY,1.0,R4_EDINBURGH_USGO_20210324_6pm_KostarelosK_OkweloguE_EO79,0.7142857142857143,0.01
T238_OUTER_04,PXD064962_UCD_EVENT,SEQUENCE_RIDGE_COMPOSITION_ONLY,1.0,R4_EDINBURGH_USGO_20210324_6pm_KostarelosK_OkweloguE_EO86,0.9,0.01
T238_OUTER_04,PXD064962_UCD_EVENT,SEQUENCE_RIDGE_COMPOSITION_ONLY,1.0,R4_EDINBURGH_USGO_20210324_6pm_KostarelosK_OkweloguE_EO87,0.8333333333333334,0.01
T238_OUTER_04,PXD064962_UCD_EVENT,SEQUENCE_RIDGE_COMPOSITION_ONLY,1.0,R4_PXD060795_F1,0.85,0.01
T238_OUTER_04,PXD064962_UCD_EVENT,SEQUENCE_RIDGE_COMPOSITION_ONLY,1.0,R4_PXD060795_F2,0.806060606060606,0.01
T238_OUTER_04,PXD064962_UCD_EVENT,SEQUENCE_RIDGE_COMPOSITION_ONLY,1.0,R4_PXD060795_F3,0.9333333333333333,0.01
T238_OUTER_04,PXD064962_UCD_EVENT,SEQUENCE_RIDGE_COMPOSITION_ONLY,1.0,R4_PXD060795_F7,0.8809523809523809,0.01
T238_OUTER_04,PXD064962_UCD_EVENT,SEQUENCE_RIDGE_COMPOSITION_ONLY,1.0,R4_PXD060795_F8,0.9285714285714286,0.01
T238_OUTER_04,PXD064962_UCD_EVENT,SEQUENCE_RIDGE_COMPOSITION_ONLY,1.0,R4_PXD060795_F9,0.8571428571428571,0.01
T238_OUTER_04,PXD064962_UCD_EVENT,SEQUENCE_RIDGE_COMPOSITION_ONLY,1.0,__MEAN__,0.7186427298192003,0.01
T238_OUTER_04,PXD064962_UCD_EVENT,SEQUENCE_RIDGE_COMPOSITION_ONLY,10.0,PMC6592156:PH:pH 4.9:Rep1,0.8928571428571429,0.01
T238_OUTER_04,PXD064962_UCD_EVENT,SEQUENCE_RIDGE_COMPOSITION_ONLY,10.0,PMC6592156:PH:pH 4.9:Rep2,0.8571428571428571,0.01
T238_OUTER_04,PXD064962_UCD_EVENT,SEQUENCE_RIDGE_COMPOSITION_ONLY,10.0,PMC6592156:PH:pH 4.9:Rep3,0.6190476190476191,0.01
T238_OUTER_04,PXD064962_UCD_EVENT,SEQUENCE_RIDGE_COMPOSITION_ONLY,10.0,PMC6592156:PH:pH 6.1:Rep1,0.8666666666666667,0.01
T238_OUTER_04,PXD064962_UCD_EVENT,SEQUENCE_RIDGE_COMPOSITION_ONLY,10.0,PMC6592156:PH:pH 6.1:Rep2,0.7818181818181819,0.01
T238_OUTER_04,PXD064962_UCD_EVENT,SEQUENCE_RIDGE_COMPOSITION_ONLY,10.0,PMC6592156:PH:pH 6.1:Rep3,0.9523809523809523,0.01
T238_OUTER_04,PXD064962_UCD_EVENT,SEQUENCE_RIDGE_COMPOSITION_ONLY,10.0,PMC6592156:PH:pH 6.8:Rep1,0.9272727272727272,0.01
T238_OUTER_04,PXD064962_UCD_EVENT,SEQUENCE_RIDGE_COMPOSITION_ONLY,10.0,PMC6592156:PH:pH 6.8:Rep2,0.806060606060606,0.01
T238_OUTER_04,PXD064962_UCD_EVENT,SEQUENCE_RIDGE_COMPOSITION_ONLY,10.0,PMC6592156:PH:pH 6.8:Rep3,0.6606060606060606,0.01
T238_OUTER_04,PXD064962_UCD_EVENT,SEQUENCE_RIDGE_COMPOSITION_ONLY,10.0,PMC6592156:PH:pH 7.7:Rep1,0.9166666666666666,0.01
T238_OUTER_04,PXD064962_UCD_EVENT,SEQUENCE_RIDGE_COMPOSITION_ONLY,10.0,PMC6592156:PH:pH 7.7:Rep2,0.7575757575757576,0.01
T238_OUTER_04,PXD064962_UCD_EVENT,SEQUENCE_RIDGE_COMPOSITION_ONLY,10.0,PMC6592156:PH:pH 7.7:Rep3,0.8303030303030303,0.01
T238_OUTER_04,PXD064962_UCD_EVENT,SEQUENCE_RIDGE_COMPOSITION_ONLY,10.0,PMC6592156:PH:pH 8.9:Rep1,0.8909090909090909,0.01
T238_OUTER_04,PXD064962_UCD_EVENT,SEQUENCE_RIDGE_COMPOSITION_ONLY,10.0,PMC6592156:PH:pH 8.9:Rep2,0.9393939393939394,0.01
T238_OUTER_04,PXD064962_UCD_EVENT,SEQUENCE_RIDGE_COMPOSITION_ONLY,10.0,PMC6592156:PH:pH 8.9:Rep3,0.9030303030303031,0.01
T238_OUTER_04,PXD064962_UCD_EVENT,SEQUENCE_RIDGE_COMPOSITION_ONLY,10.0,PMC6592156:TEMPERATURE:17 °C:Rep1,0.6904761904761905,0.01
T238_OUTER_04,PXD064962_UCD_EVENT,SEQUENCE_RIDGE_COMPOSITION_ONLY,10.0,PMC6592156:TEMPERATURE:17 °C:Rep2,0.5476190476190477,0.01
T238_OUTER_04,PXD064962_UCD_EVENT,SEQUENCE_RIDGE_COMPOSITION_ONLY,10.0,PMC6592156:TEMPERATURE:17 °C:Rep3,0.7142857142857143,0.01
T238_OUTER_04,PXD064962_UCD_EVENT,SEQUENCE_RIDGE_COMPOSITION_ONLY,10.0,PMC6592156:TEMPERATURE:30 °C:Rep1,0.9,0.01
T238_OUTER_04,PXD064962_UCD_EVENT,SEQUENCE_RIDGE_COMPOSITION_ONLY,10.0,PMC6592156:TEMPERATURE:30 °C:Rep2,0.6785714285714286,0.01
T238_OUTER_04,PXD064962_UCD_EVENT,SEQUENCE_RIDGE_COMPOSITION_ONLY,10.0,PMC6592156:TEMPERATURE:30 °C:Rep3,0.7818181818181819,0.01
T238_OUTER_04,PXD064962_UCD_EVENT,SEQUENCE_RIDGE_COMPOSITION_ONLY,10.0,PMC6592156:TEMPERATURE:4 °C:Rep1,0.9030303030303031,0.01
T238_OUTER_04,PXD064962_UCD_EVENT,SEQUENCE_RIDGE_COMPOSITION_ONLY,10.0,PMC6592156:TEMPERATURE:4 °C:Rep2,0.8787878787878788,0.01
T238_OUTER_04,PXD064962_UCD_EVENT,SEQUENCE_RIDGE_COMPOSITION_ONLY,10.0,PMC6592156:TEMPERATURE:4 °C:Rep3,0.8666666666666667,0.01
T238_OUTER_04,PXD064962_UCD_EVENT,SEQUENCE_RIDGE_COMPOSITION_ONLY,10.0,PMC6592156:TEMPERATURE:41 °C:Rep1,0.8545454545454545,0.01
T238_OUTER_04,PXD064962_UCD_EVENT,SEQUENCE_RIDGE_COMPOSITION_ONLY,10.0,PMC6592156:TEMPERATURE:41 °C:Rep2,0.8303030303030303,0.01
T238_OUTER_04,PXD064962_UCD_EVENT,SEQUENCE_RIDGE_COMPOSITION_ONLY,10.0,PMC6592156:TEMPERATURE:41 °C:Rep3,0.8545454545454545,0.01
T238_OUTER_04,PXD064962_UCD_EVENT,SEQUENCE_RIDGE_COMPOSITION_ONLY,10.0,PMC6592156:TEMPERATURE:47 °C:Rep1,0.6190476190476191,0.01
T238_OUTER_04,PXD064962_UCD_EVENT,SEQUENCE_RIDGE_COMPOSITION_ONLY,10.0,PMC6592156:TEMPERATURE:47 °C:Rep2,0.7333333333333333,0.01
T238_OUTER_04,PXD064962_UCD_EVENT,SEQUENCE_RIDGE_COMPOSITION_ONLY,10.0,PMC6592156:TEMPERATURE:47 °C:Rep3,0.7333333333333333,0.01
T238_OUTER_04,PXD064962_UCD_EVENT,SEQUENCE_RIDGE_COMPOSITION_ONLY,10.0,R4_EDINBURGH_SGO_20210324_6pm_KostarelosK_OkweloguE_EO10,0.8166666666666667,0.01
T238_OUTER_04,PXD064962_UCD_EVENT,SEQUENCE_RIDGE_COMPOSITION_ONLY,10.0,R4_EDINBURGH_SGO_20210324_6pm_KostarelosK_OkweloguE_EO103,0.6833333333333333,0.01
T238_OUTER_04,PXD064962_UCD_EVENT,SEQUENCE_RIDGE_COMPOSITION_ONLY,10.0,R4_EDINBURGH_SGO_20210324_6pm_KostarelosK_OkweloguE_EO105,0.6666666666666666,0.01
T238_OUTER_04,PXD064962_UCD_EVENT,SEQUENCE_RIDGE_COMPOSITION_ONLY,10.0,R4_EDINBURGH_SGO_20210324_6pm_KostarelosK_OkweloguE_EO107,0.6333333333333333,0.01
T238_OUTER_04,PXD064962_UCD_EVENT,SEQUENCE_RIDGE_COMPOSITION_ONLY,10.0,R4_EDINBURGH_SGO_20210324_6pm_KostarelosK_OkweloguE_EO113,0.8,0.01
T238_OUTER_04,PXD064962_UCD_EVENT,SEQUENCE_RIDGE_COMPOSITION_ONLY,10.0,R4_EDINBURGH_SGO_20210324_6pm_KostarelosK_OkweloguE_EO116,0.2619047619047619,0.01
T238_OUTER_04,PXD064962_UCD_EVENT,SEQUENCE_RIDGE_COMPOSITION_ONLY,10.0,R4_EDINBURGH_SGO_20210324_6pm_KostarelosK_OkweloguE_EO12,0.47619047619047616,0.01
T238_OUTER_04,PXD064962_UCD_EVENT,SEQUENCE_RIDGE_COMPOSITION_ONLY,10.0,R4_EDINBURGH_SGO_20210324_6pm_KostarelosK_OkweloguE_EO16,0.2619047619047619,0.01
T238_OUTER_04,PXD064962_UCD_EVENT,SEQUENCE_RIDGE_COMPOSITION_ONLY,10.0,R4_EDINBURGH_SGO_20210324_6pm_KostarelosK_OkweloguE_EO21,-0.08333333333333333,0.01
T238_OUTER_04,PXD064962_UCD_EVENT,SEQUENCE_RIDGE_COMPOSITION_ONLY,10.0,R4_EDINBURGH_SGO_20210324_6pm_KostarelosK_OkweloguE_EO24,0.9047619047619048,0.01
T238_OUTER_04,PXD064962_UCD_EVENT,SEQUENCE_RIDGE_COMPOSITION_ONLY,10.0,R4_EDINBURGH_SGO_20210324_6pm_KostarelosK_OkweloguE_EO31,0.8,0.01
T238_OUTER_04,PXD064962_UCD_EVENT,SEQUENCE_RIDGE_COMPOSITION_ONLY,10.0,R4_EDINBURGH_SGO_20210324_6pm_KostarelosK_OkweloguE_EO34,0.3333333333333333,0.01
T238_OUTER_04,PXD064962_UCD_EVENT,SEQUENCE_RIDGE_COMPOSITION_ONLY,10.0,R4_EDINBURGH_SGO_20210324_6pm_KostarelosK_OkweloguE_EO4,0.85,0.01
T238_OUTER_04,PXD064962_UCD_EVENT,SEQUENCE_RIDGE_COMPOSITION_ONLY,10.0,R4_EDINBURGH_SGO_20210324_6pm_KostarelosK_OkweloguE_EO43,0.14285714285714285,0.01
T238_OUTER_04,PXD064962_UCD_EVENT,SEQUENCE_RIDGE_COMPOSITION_ONLY,10.0,R4_EDINBURGH_SGO_20210324_6pm_KostarelosK_OkweloguE_EO52,0.5714285714285714,0.01
T238_OUTER_04,PXD064962_UCD_EVENT,SEQUENCE_RIDGE_COMPOSITION_ONLY,10.0,R4_EDINBURGH_SGO_20210324_6pm_KostarelosK_OkweloguE_EO64,0.8,0.01
T238_OUTER_04,PXD064962_UCD_EVENT,SEQUENCE_RIDGE_COMPOSITION_ONLY,10.0,R4_EDINBURGH_SGO_20210324_6pm_KostarelosK_OkweloguE_EO66,0.7,0.01
T238_OUTER_04,PXD064962_UCD_EVENT,SEQUENCE_RIDGE_COMPOSITION_ONLY,10.0,R4_EDINBURGH_SGO_20210324_6pm_KostarelosK_OkweloguE_EO73,0.9166666666666666,0.01
T238_OUTER_04,PXD064962_UCD_EVENT,SEQUENCE_RIDGE_COMPOSITION_ONLY,10.0,R4_EDINBURGH_SGO_20210324_6pm_KostarelosK_OkweloguE_EO83,0.9833333333333333,0.01
T238_OUTER_04,PXD064962_UCD_EVENT,SEQUENCE_RIDGE_COMPOSITION_ONLY,10.0,R4_EDINBURGH_SGO_20210324_6pm_KostarelosK_OkweloguE_EO88,-0.07142857142857142,0.01
T238_OUTER_04,PXD064962_UCD_EVENT,SEQUENCE_RIDGE_COMPOSITION_ONLY,10.0,R4_EDINBURGH_SGO_20210324_6pm_KostarelosK_OkweloguE_EO94,0.8333333333333334,0.01
T238_OUTER_04,PXD064962_UCD_EVENT,SEQUENCE_RIDGE_COMPOSITION_ONLY,10.0,R4_EDINBURGH_SGO_20210324_6pm_KostarelosK_OkweloguE_EO96,0.8666666666666667,0.01
T238_OUTER_04,PXD064962_UCD_EVENT,SEQUENCE_RIDGE_COMPOSITION_ONLY,10.0,R4_EDINBURGH_SGO_20210324_6pm_KostarelosK_OkweloguE_EO97,0.5166666666666667,0.01
T238_OUTER_04,PXD064962_UCD_EVENT,SEQUENCE_RIDGE_COMPOSITION_ONLY,10.0,R4_EDINBURGH_USGO_20210324_6pm_KostarelosK_OkweloguE_EO106,0.6904761904761905,0.01
T238_OUTER_04,PXD064962_UCD_EVENT,SEQUENCE_RIDGE_COMPOSITION_ONLY,10.0,R4_EDINBURGH_USGO_20210324_6pm_KostarelosK_OkweloguE_EO11,0.7380952380952381,0.01
T238_OUTER_04,PXD064962_UCD_EVENT,SEQUENCE_RIDGE_COMPOSITION_ONLY,10.0,R4_EDINBURGH_USGO_20210324_6pm_KostarelosK_OkweloguE_EO111,0.8095238095238095,0.01
T238_OUTER_04,PXD064962_UCD_EVENT,SEQUENCE_RIDGE_COMPOSITION_ONLY,10.0,R4_EDINBURGH_USGO_20210324_6pm_KostarelosK_OkweloguE_EO112,0.5833333333333334,0.01
T238_OUTER_04,PXD064962_UCD_EVENT,SEQUENCE_RIDGE_COMPOSITION_ONLY,10.0,R4_EDINBURGH_USGO_20210324_6pm_KostarelosK_OkweloguE_EO115,0.5333333333333333,0.01
T238_OUTER_04,PXD064962_UCD_EVENT,SEQUENCE_RIDGE_COMPOSITION_ONLY,10.0,R4_EDINBURGH_USGO_20210324_6pm_KostarelosK_OkweloguE_EO120,0.8,0.01
T238_OUTER_04,PXD064962_UCD_EVENT,SEQUENCE_RIDGE_COMPOSITION_ONLY,10.0,R4_EDINBURGH_USGO_20210324_6pm_KostarelosK_OkweloguE_EO121,0.5238095238095238,0.01
T238_OUTER_04,PXD064962_UCD_EVENT,SEQUENCE_RIDGE_COMPOSITION_ONLY,10.0,R4_EDINBURGH_USGO_20210324_6pm_KostarelosK_OkweloguE_EO125,0.9761904761904762,0.01
T238_OUTER_04,PXD064962_UCD_EVENT,SEQUENCE_RIDGE_COMPOSITION_ONLY,10.0,R4_EDINBURGH_USGO_20210324_6pm_KostarelosK_OkweloguE_EO126,0.85,0.01
T238_OUTER_04,PXD064962_UCD_EVENT,SEQUENCE_RIDGE_COMPOSITION_ONLY,10.0,R4_EDINBURGH_USGO_20210324_6pm_KostarelosK_OkweloguE_EO13,0.8571428571428571,0.01
T238_OUTER_04,PXD064962_UCD_EVENT,SEQUENCE_RIDGE_COMPOSITION_ONLY,10.0,R4_EDINBURGH_USGO_20210324_6pm_KostarelosK_OkweloguE_EO26,0.6071428571428571,0.01
T238_OUTER_04,PXD064962_UCD_EVENT,SEQUENCE_RIDGE_COMPOSITION_ONLY,10.0,R4_EDINBURGH_USGO_20210324_6pm_KostarelosK_OkweloguE_EO36,0.9642857142857143,0.01
T238_OUTER_04,PXD064962_UCD_EVENT,SEQUENCE_RIDGE_COMPOSITION_ONLY,10.0,R4_EDINBURGH_USGO_20210324_6pm_KostarelosK_OkweloguE_EO40,0.8571428571428571,0.01
T238_OUTER_04,PXD064962_UCD_EVENT,SEQUENCE_RIDGE_COMPOSITION_ONLY,10.0,R4_EDINBURGH_USGO_20210324_6pm_KostarelosK_OkweloguE_EO42,0.7857142857142857,0.01
T238_OUTER_04,PXD064962_UCD_EVENT,SEQUENCE_RIDGE_COMPOSITION_ONLY,10.0,R4_EDINBURGH_USGO_20210324_6pm_KostarelosK_OkweloguE_EO44,0.75,0.01
T238_OUTER_04,PXD064962_UCD_EVENT,SEQUENCE_RIDGE_COMPOSITION_ONLY,10.0,R4_EDINBURGH_USGO_20210324_6pm_KostarelosK_OkweloguE_EO5,0.8095238095238095,0.01
T238_OUTER_04,PXD064962_UCD_EVENT,SEQUENCE_RIDGE_COMPOSITION_ONLY,10.0,R4_EDINBURGH_USGO_20210324_6pm_KostarelosK_OkweloguE_EO50,0.5,0.01
T238_OUTER_04,PXD064962_UCD_EVENT,SEQUENCE_RIDGE_COMPOSITION_ONLY,10.0,R4_EDINBURGH_USGO_20210324_6pm_KostarelosK_OkweloguE_EO53,0.42857142857142855,0.01
T238_OUTER_04,PXD064962_UCD_EVENT,SEQUENCE_RIDGE_COMPOSITION_ONLY,10.0,R4_EDINBURGH_USGO_20210324_6pm_KostarelosK_OkweloguE_EO60,0.8095238095238095,0.01
T238_OUTER_04,PXD064962_UCD_EVENT,SEQUENCE_RIDGE_COMPOSITION_ONLY,10.0,R4_EDINBURGH_USGO_20210324_6pm_KostarelosK_OkweloguE_EO62,0.0,0.01
T238_OUTER_04,PXD064962_UCD_EVENT,SEQUENCE_RIDGE_COMPOSITION_ONLY,10.0,R4_EDINBURGH_USGO_20210324_6pm_KostarelosK_OkweloguE_EO69,0.6190476190476191,0.01
T238_OUTER_04,PXD064962_UCD_EVENT,SEQUENCE_RIDGE_COMPOSITION_ONLY,10.0,R4_EDINBURGH_USGO_20210324_6pm_KostarelosK_OkweloguE_EO76,0.4166666666666667,0.01
T238_OUTER_04,PXD064962_UCD_EVENT,SEQUENCE_RIDGE_COMPOSITION_ONLY,10.0,R4_EDINBURGH_USGO_20210324_6pm_KostarelosK_OkweloguE_EO77,0.6190476190476191,0.01
T238_OUTER_04,PXD064962_UCD_EVENT,SEQUENCE_RIDGE_COMPOSITION_ONLY,10.0,R4_EDINBURGH_USGO_20210324_6pm_KostarelosK_OkweloguE_EO79,0.7142857142857143,0.01
T238_OUTER_04,PXD064962_UCD_EVENT,SEQUENCE_RIDGE_COMPOSITION_ONLY,10.0,R4_EDINBURGH_USGO_20210324_6pm_KostarelosK_OkweloguE_EO86,0.9,0.01
T238_OUTER_04,PXD064962_UCD_EVENT,SEQUENCE_RIDGE_COMPOSITION_ONLY,10.0,R4_EDINBURGH_USGO_20210324_6pm_KostarelosK_OkweloguE_EO87,0.8333333333333334,0.01
T238_OUTER_04,PXD064962_UCD_EVENT,SEQUENCE_RIDGE_COMPOSITION_ONLY,10.0,R4_PXD060795_F1,0.85,0.01
T238_OUTER_04,PXD064962_UCD_EVENT,SEQUENCE_RIDGE_COMPOSITION_ONLY,10.0,R4_PXD060795_F2,0.806060606060606,0.01
T238_OUTER_04,PXD064962_UCD_EVENT,SEQUENCE_RIDGE_COMPOSITION_ONLY,10.0,R4_PXD060795_F3,0.9333333333333333,0.01
T238_OUTER_04,PXD064962_UCD_EVENT,SEQUENCE_RIDGE_COMPOSITION_ONLY,10.0,R4_PXD060795_F7,0.8809523809523809,0.01
T238_OUTER_04,PXD064962_UCD_EVENT,SEQUENCE_RIDGE_COMPOSITION_ONLY,10.0,R4_PXD060795_F8,0.9285714285714286,0.01
T238_OUTER_04,PXD064962_UCD_EVENT,SEQUENCE_RIDGE_COMPOSITION_ONLY,10.0,R4_PXD060795_F9,0.8571428571428571,0.01
T238_OUTER_04,PXD064962_UCD_EVENT,SEQUENCE_RIDGE_COMPOSITION_ONLY,10.0,__MEAN__,0.7186427298192003,0.01
T238_OUTER_04,PXD064962_UCD_EVENT,SEQUENCE_RIDGE_COMPOSITION_ONLY,100.0,PMC6592156:PH:pH 4.9:Rep1,0.8214285714285714,0.01
T238_OUTER_04,PXD064962_UCD_EVENT,SEQUENCE_RIDGE_COMPOSITION_ONLY,100.0,PMC6592156:PH:pH 4.9:Rep2,0.8095238095238095,0.01
T238_OUTER_04,PXD064962_UCD_EVENT,SEQUENCE_RIDGE_COMPOSITION_ONLY,100.0,PMC6592156:PH:pH 4.9:Rep3,0.5714285714285714,0.01
T238_OUTER_04,PXD064962_UCD_EVENT,SEQUENCE_RIDGE_COMPOSITION_ONLY,100.0,PMC6592156:PH:pH 6.1:Rep1,0.8833333333333333,0.01
T238_OUTER_04,PXD064962_UCD_EVENT,SEQUENCE_RIDGE_COMPOSITION_ONLY,100.0,PMC6592156:PH:pH 6.1:Rep2,0.7696969696969697,0.01
T238_OUTER_04,PXD064962_UCD_EVENT,SEQUENCE_RIDGE_COMPOSITION_ONLY,100.0,PMC6592156:PH:pH 6.1:Rep3,0.9761904761904762,0.01
T238_OUTER_04,PXD064962_UCD_EVENT,SEQUENCE_RIDGE_COMPOSITION_ONLY,100.0,PMC6592156:PH:pH 6.8:Rep1,0.9151515151515152,0.01
T238_OUTER_04,PXD064962_UCD_EVENT,SEQUENCE_RIDGE_COMPOSITION_ONLY,100.0,PMC6592156:PH:pH 6.8:Rep2,0.7818181818181819,0.01
T238_OUTER_04,PXD064962_UCD_EVENT,SEQUENCE_RIDGE_COMPOSITION_ONLY,100.0,PMC6592156:PH:pH 6.8:Rep3,0.6848484848484848,0.01
T238_OUTER_04,PXD064962_UCD_EVENT,SEQUENCE_RIDGE_COMPOSITION_ONLY,100.0,PMC6592156:PH:pH 7.7:Rep1,0.9,0.01
T238_OUTER_04,PXD064962_UCD_EVENT,SEQUENCE_RIDGE_COMPOSITION_ONLY,100.0,PMC6592156:PH:pH 7.7:Rep2,0.7818181818181819,0.01
T238_OUTER_04,PXD064962_UCD_EVENT,SEQUENCE_RIDGE_COMPOSITION_ONLY,100.0,PMC6592156:PH:pH 7.7:Rep3,0.8424242424242424,0.01
T238_OUTER_04,PXD064962_UCD_EVENT,SEQUENCE_RIDGE_COMPOSITION_ONLY,100.0,PMC6592156:PH:pH 8.9:Rep1,0.8787878787878788,0.01
T238_OUTER_04,PXD064962_UCD_EVENT,SEQUENCE_RIDGE_COMPOSITION_ONLY,100.0,PMC6592156:PH:pH 8.9:Rep2,0.9151515151515152,0.01
T238_OUTER_04,PXD064962_UCD_EVENT,SEQUENCE_RIDGE_COMPOSITION_ONLY,100.0,PMC6592156:PH:pH 8.9:Rep3,0.8787878787878788,0.01
T238_OUTER_04,PXD064962_UCD_EVENT,SEQUENCE_RIDGE_COMPOSITION_ONLY,100.0,PMC6592156:TEMPERATURE:17 °C:Rep1,0.6666666666666666,0.01
T238_OUTER_04,PXD064962_UCD_EVENT,SEQUENCE_RIDGE_COMPOSITION_ONLY,100.0,PMC6592156:TEMPERATURE:17 °C:Rep2,0.5714285714285714,0.01
T238_OUTER_04,PXD064962_UCD_EVENT,SEQUENCE_RIDGE_COMPOSITION_ONLY,100.0,PMC6592156:TEMPERATURE:17 °C:Rep3,0.75,0.01
T238_OUTER_04,PXD064962_UCD_EVENT,SEQUENCE_RIDGE_COMPOSITION_ONLY,100.0,PMC6592156:TEMPERATURE:30 °C:Rep1,0.8666666666666667,0.01
T238_OUTER_04,PXD064962_UCD_EVENT,SEQUENCE_RIDGE_COMPOSITION_ONLY,100.0,PMC6592156:TEMPERATURE:30 °C:Rep2,0.75,0.01
T238_OUTER_04,PXD064962_UCD_EVENT,SEQUENCE_RIDGE_COMPOSITION_ONLY,100.0,PMC6592156:TEMPERATURE:30 °C:Rep3,0.7696969696969697,0.01
T238_OUTER_04,PXD064962_UCD_EVENT,SEQUENCE_RIDGE_COMPOSITION_ONLY,100.0,PMC6592156:TEMPERATURE:4 °C:Rep1,0.8909090909090909,0.01
T238_OUTER_04,PXD064962_UCD_EVENT,SEQUENCE_RIDGE_COMPOSITION_ONLY,100.0,PMC6592156:TEMPERATURE:4 °C:Rep2,0.8545454545454545,0.01
T238_OUTER_04,PXD064962_UCD_EVENT,SEQUENCE_RIDGE_COMPOSITION_ONLY,100.0,PMC6592156:TEMPERATURE:4 °C:Rep3,0.85,0.01
T238_OUTER_04,PXD064962_UCD_EVENT,SEQUENCE_RIDGE_COMPOSITION_ONLY,100.0,PMC6592156:TEMPERATURE:41 °C:Rep1,0.793939393939394,0.01
T238_OUTER_04,PXD064962_UCD_EVENT,SEQUENCE_RIDGE_COMPOSITION_ONLY,100.0,PMC6592156:TEMPERATURE:41 °C:Rep2,0.7696969696969697,0.01
T238_OUTER_04,PXD064962_UCD_EVENT,SEQUENCE_RIDGE_COMPOSITION_ONLY,100.0,PMC6592156:TEMPERATURE:41 °C:Rep3,0.793939393939394,0.01
T238_OUTER_04,PXD064962_UCD_EVENT,SEQUENCE_RIDGE_COMPOSITION_ONLY,100.0,PMC6592156:TEMPERATURE:47 °C:Rep1,0.5476190476190477,0.01
T238_OUTER_04,PXD064962_UCD_EVENT,SEQUENCE_RIDGE_COMPOSITION_ONLY,100.0,PMC6592156:TEMPERATURE:47 °C:Rep2,0.6833333333333333,0.01
T238_OUTER_04,PXD064962_UCD_EVENT,SEQUENCE_RIDGE_COMPOSITION_ONLY,100.0,PMC6592156:TEMPERATURE:47 °C:Rep3,0.6833333333333333,0.01
T238_OUTER_04,PXD064962_UCD_EVENT,SEQUENCE_RIDGE_COMPOSITION_ONLY,100.0,R4_EDINBURGH_SGO_20210324_6pm_KostarelosK_OkweloguE_EO10,0.8166666666666667,0.01
T238_OUTER_04,PXD064962_UCD_EVENT,SEQUENCE_RIDGE_COMPOSITION_ONLY,100.0,R4_EDINBURGH_SGO_20210324_6pm_KostarelosK_OkweloguE_EO103,0.6833333333333333,0.01
T238_OUTER_04,PXD064962_UCD_EVENT,SEQUENCE_RIDGE_COMPOSITION_ONLY,100.0,R4_EDINBURGH_SGO_20210324_6pm_KostarelosK_OkweloguE_EO105,0.6666666666666666,0.01
T238_OUTER_04,PXD064962_UCD_EVENT,SEQUENCE_RIDGE_COMPOSITION_ONLY,100.0,R4_EDINBURGH_SGO_20210324_6pm_KostarelosK_OkweloguE_EO107,0.6333333333333333,0.01
T238_OUTER_04,PXD064962_UCD_EVENT,SEQUENCE_RIDGE_COMPOSITION_ONLY,100.0,R4_EDINBURGH_SGO_20210324_6pm_KostarelosK_OkweloguE_EO113,0.8,0.01
T238_OUTER_04,PXD064962_UCD_EVENT,SEQUENCE_RIDGE_COMPOSITION_ONLY,100.0,R4_EDINBURGH_SGO_20210324_6pm_KostarelosK_OkweloguE_EO116,0.2619047619047619,0.01
T238_OUTER_04,PXD064962_UCD_EVENT,SEQUENCE_RIDGE_COMPOSITION_ONLY,100.0,R4_EDINBURGH_SGO_20210324_6pm_KostarelosK_OkweloguE_EO12,0.47619047619047616,0.01
T238_OUTER_04,PXD064962_UCD_EVENT,SEQUENCE_RIDGE_COMPOSITION_ONLY,100.0,R4_EDINBURGH_SGO_20210324_6pm_KostarelosK_OkweloguE_EO16,0.2619047619047619,0.01
T238_OUTER_04,PXD064962_UCD_EVENT,SEQUENCE_RIDGE_COMPOSITION_ONLY,100.0,R4_EDINBURGH_SGO_20210324_6pm_KostarelosK_OkweloguE_EO21,-0.08333333333333333,0.01
T238_OUTER_04,PXD064962_UCD_EVENT,SEQUENCE_RIDGE_COMPOSITION_ONLY,100.0,R4_EDINBURGH_SGO_20210324_6pm_KostarelosK_OkweloguE_EO24,0.9047619047619048,0.01
T238_OUTER_04,PXD064962_UCD_EVENT,SEQUENCE_RIDGE_COMPOSITION_ONLY,100.0,R4_EDINBURGH_SGO_20210324_6pm_KostarelosK_OkweloguE_EO31,0.8,0.01
T238_OUTER_04,PXD064962_UCD_EVENT,SEQUENCE_RIDGE_COMPOSITION_ONLY,100.0,R4_EDINBURGH_SGO_20210324_6pm_KostarelosK_OkweloguE_EO34,0.3333333333333333,0.01
T238_OUTER_04,PXD064962_UCD_EVENT,SEQUENCE_RIDGE_COMPOSITION_ONLY,100.0,R4_EDINBURGH_SGO_20210324_6pm_KostarelosK_OkweloguE_EO4,0.85,0.01
T238_OUTER_04,PXD064962_UCD_EVENT,SEQUENCE_RIDGE_COMPOSITION_ONLY,100.0,R4_EDINBURGH_SGO_20210324_6pm_KostarelosK_OkweloguE_EO43,0.14285714285714285,0.01
T238_OUTER_04,PXD064962_UCD_EVENT,SEQUENCE_RIDGE_COMPOSITION_ONLY,100.0,R4_EDINBURGH_SGO_20210324_6pm_KostarelosK_OkweloguE_EO52,0.5714285714285714,0.01
T238_OUTER_04,PXD064962_UCD_EVENT,SEQUENCE_RIDGE_COMPOSITION_ONLY,100.0,R4_EDINBURGH_SGO_20210324_6pm_KostarelosK_OkweloguE_EO64,0.8,0.01
T238_OUTER_04,PXD064962_UCD_EVENT,SEQUENCE_RIDGE_COMPOSITION_ONLY,100.0,R4_EDINBURGH_SGO_20210324_6pm_KostarelosK_OkweloguE_EO66,0.7,0.01
T238_OUTER_04,PXD064962_UCD_EVENT,SEQUENCE_RIDGE_COMPOSITION_ONLY,100.0,R4_EDINBURGH_SGO_20210324_6pm_KostarelosK_OkweloguE_EO73,0.9166666666666666,0.01
T238_OUTER_04,PXD064962_UCD_EVENT,SEQUENCE_RIDGE_COMPOSITION_ONLY,100.0,R4_EDINBURGH_SGO_20210324_6pm_KostarelosK_OkweloguE_EO83,0.9833333333333333,0.01
T238_OUTER_04,PXD064962_UCD_EVENT,SEQUENCE_RIDGE_COMPOSITION_ONLY,100.0,R4_EDINBURGH_SGO_20210324_6pm_KostarelosK_OkweloguE_EO88,-0.07142857142857142,0.01
T238_OUTER_04,PXD064962_UCD_EVENT,SEQUENCE_RIDGE_COMPOSITION_ONLY,100.0,R4_EDINBURGH_SGO_20210324_6pm_KostarelosK_OkweloguE_EO94,0.8333333333333334,0.01
T238_OUTER_04,PXD064962_UCD_EVENT,SEQUENCE_RIDGE_COMPOSITION_ONLY,100.0,R4_EDINBURGH_SGO_20210324_6pm_KostarelosK_OkweloguE_EO96,0.8666666666666667,0.01
T238_OUTER_04,PXD064962_UCD_EVENT,SEQUENCE_RIDGE_COMPOSITION_ONLY,100.0,R4_EDINBURGH_SGO_20210324_6pm_KostarelosK_OkweloguE_EO97,0.5166666666666667,0.01
T238_OUTER_04,PXD064962_UCD_EVENT,SEQUENCE_RIDGE_COMPOSITION_ONLY,100.0,R4_EDINBURGH_USGO_20210324_6pm_KostarelosK_OkweloguE_EO106,0.6666666666666666,0.01
T238_OUTER_04,PXD064962_UCD_EVENT,SEQUENCE_RIDGE_COMPOSITION_ONLY,100.0,R4_EDINBURGH_USGO_20210324_6pm_KostarelosK_OkweloguE_EO11,0.6666666666666666,0.01
T238_OUTER_04,PXD064962_UCD_EVENT,SEQUENCE_RIDGE_COMPOSITION_ONLY,100.0,R4_EDINBURGH_USGO_20210324_6pm_KostarelosK_OkweloguE_EO111,0.7857142857142857,0.01
T238_OUTER_04,PXD064962_UCD_EVENT,SEQUENCE_RIDGE_COMPOSITION_ONLY,100.0,R4_EDINBURGH_USGO_20210324_6pm_KostarelosK_OkweloguE_EO112,0.55,0.01
T238_OUTER_04,PXD064962_UCD_EVENT,SEQUENCE_RIDGE_COMPOSITION_ONLY,100.0,R4_EDINBURGH_USGO_20210324_6pm_KostarelosK_OkweloguE_EO115,0.55,0.01
T238_OUTER_04,PXD064962_UCD_EVENT,SEQUENCE_RIDGE_COMPOSITION_ONLY,100.0,R4_EDINBURGH_USGO_20210324_6pm_KostarelosK_OkweloguE_EO120,0.75,0.01
T238_OUTER_04,PXD064962_UCD_EVENT,SEQUENCE_RIDGE_COMPOSITION_ONLY,100.0,R4_EDINBURGH_USGO_20210324_6pm_KostarelosK_OkweloguE_EO121,0.5476190476190477,0.01
T238_OUTER_04,PXD064962_UCD_EVENT,SEQUENCE_RIDGE_COMPOSITION_ONLY,100.0,R4_EDINBURGH_USGO_20210324_6pm_KostarelosK_OkweloguE_EO125,0.9523809523809523,0.01
T238_OUTER_04,PXD064962_UCD_EVENT,SEQUENCE_RIDGE_COMPOSITION_ONLY,100.0,R4_EDINBURGH_USGO_20210324_6pm_KostarelosK_OkweloguE_EO126,0.8833333333333333,0.01
T238_OUTER_04,PXD064962_UCD_EVENT,SEQUENCE_RIDGE_COMPOSITION_ONLY,100.0,R4_EDINBURGH_USGO_20210324_6pm_KostarelosK_OkweloguE_EO13,0.8928571428571429,0.01
T238_OUTER_04,PXD064962_UCD_EVENT,SEQUENCE_RIDGE_COMPOSITION_ONLY,100.0,R4_EDINBURGH_USGO_20210324_6pm_KostarelosK_OkweloguE_EO26,0.5357142857142857,0.01
T238_OUTER_04,PXD064962_UCD_EVENT,SEQUENCE_RIDGE_COMPOSITION_ONLY,100.0,R4_EDINBURGH_USGO_20210324_6pm_KostarelosK_OkweloguE_EO36,0.8928571428571429,0.01
T238_OUTER_04,PXD064962_UCD_EVENT,SEQUENCE_RIDGE_COMPOSITION_ONLY,100.0,R4_EDINBURGH_USGO_20210324_6pm_KostarelosK_OkweloguE_EO40,0.7857142857142857,0.01
T238_OUTER_04,PXD064962_UCD_EVENT,SEQUENCE_RIDGE_COMPOSITION_ONLY,100.0,R4_EDINBURGH_USGO_20210324_6pm_KostarelosK_OkweloguE_EO42,0.6428571428571429,0.01
T238_OUTER_04,PXD064962_UCD_EVENT,SEQUENCE_RIDGE_COMPOSITION_ONLY,100.0,R4_EDINBURGH_USGO_20210324_6pm_KostarelosK_OkweloguE_EO44,0.6428571428571429,0.01
T238_OUTER_04,PXD064962_UCD_EVENT,SEQUENCE_RIDGE_COMPOSITION_ONLY,100.0,R4_EDINBURGH_USGO_20210324_6pm_KostarelosK_OkweloguE_EO5,0.7380952380952381,0.01
T238_OUTER_04,PXD064962_UCD_EVENT,SEQUENCE_RIDGE_COMPOSITION_ONLY,100.0,R4_EDINBURGH_USGO_20210324_6pm_KostarelosK_OkweloguE_EO50,0.4666666666666667,0.01
T238_OUTER_04,PXD064962_UCD_EVENT,SEQUENCE_RIDGE_COMPOSITION_ONLY,100.0,R4_EDINBURGH_USGO_20210324_6pm_KostarelosK_OkweloguE_EO53,0.30952380952380953,0.01
T238_OUTER_04,PXD064962_UCD_EVENT,SEQUENCE_RIDGE_COMPOSITION_ONLY,100.0,R4_EDINBURGH_USGO_20210324_6pm_KostarelosK_OkweloguE_EO60,0.7857142857142857,0.01
T238_OUTER_04,PXD064962_UCD_EVENT,SEQUENCE_RIDGE_COMPOSITION_ONLY,100.0,R4_EDINBURGH_USGO_20210324_6pm_KostarelosK_OkweloguE_EO62,-0.05,0.01
T238_OUTER_04,PXD064962_UCD_EVENT,SEQUENCE_RIDGE_COMPOSITION_ONLY,100.0,R4_EDINBURGH_USGO_20210324_6pm_KostarelosK_OkweloguE_EO69,0.5952380952380952,0.01
T238_OUTER_04,PXD064962_UCD_EVENT,SEQUENCE_RIDGE_COMPOSITION_ONLY,100.0,R4_EDINBURGH_USGO_20210324_6pm_KostarelosK_OkweloguE_EO76,0.38333333333333336,0.01
T238_OUTER_04,PXD064962_UCD_EVENT,SEQUENCE_RIDGE_COMPOSITION_ONLY,100.0,R4_EDINBURGH_USGO_20210324_6pm_KostarelosK_OkweloguE_EO77,0.6428571428571429,0.01
T238_OUTER_04,PXD064962_UCD_EVENT,SEQUENCE_RIDGE_COMPOSITION_ONLY,100.0,R4_EDINBURGH_USGO_20210324_6pm_KostarelosK_OkweloguE_EO79,0.8095238095238095,0.01
T238_OUTER_04,PXD064962_UCD_EVENT,SEQUENCE_RIDGE_COMPOSITION_ONLY,100.0,R4_EDINBURGH_USGO_20210324_6pm_KostarelosK_OkweloguE_EO86,0.8833333333333333,0.01
T238_OUTER_04,PXD064962_UCD_EVENT,SEQUENCE_RIDGE_COMPOSITION_ONLY,100.0,R4_EDINBURGH_USGO_20210324_6pm_KostarelosK_OkweloguE_EO87,0.8095238095238095,0.01
T238_OUTER_04,PXD064962_UCD_EVENT,SEQUENCE_RIDGE_COMPOSITION_ONLY,100.0,R4_PXD060795_F1,0.8333333333333334,0.01
T238_OUTER_04,PXD064962_UCD_EVENT,SEQUENCE_RIDGE_COMPOSITION_ONLY,100.0,R4_PXD060795_F2,0.793939393939394,0.01
T238_OUTER_04,PXD064962_UCD_EVENT,SEQUENCE_RIDGE_COMPOSITION_ONLY,100.0,R4_PXD060795_F3,0.9166666666666666,0.01
T238_OUTER_04,PXD064962_UCD_EVENT,SEQUENCE_RIDGE_COMPOSITION_ONLY,100.0,R4_PXD060795_F7,0.8333333333333334,0.01
T238_OUTER_04,PXD064962_UCD_EVENT,SEQUENCE_RIDGE_COMPOSITION_ONLY,100.0,R4_PXD060795_F8,0.8571428571428571,0.01
T238_OUTER_04,PXD064962_UCD_EVENT,SEQUENCE_RIDGE_COMPOSITION_ONLY,100.0,R4_PXD060795_F9,0.7857142857142857,0.01
T238_OUTER_04,PXD064962_UCD_EVENT,SEQUENCE_RIDGE_COMPOSITION_ONLY,100.0,__MEAN__,0.6994779730073848,0.01
